date,temperature_2m,wind_speed_10m,wind_gusts_10m,cloud_cover_low,precipitation,visibility,wind_speed_850hPa,wind_speed_700hPa
2025-12-31 23:00:00+01:00,-4.2155004,3.219938,6.12,0.0,0.0,71260.0,10.391472,20.41682
2026-01-01 00:00:00+01:00,-4.7155004,1.835647,4.68,0.0,0.0,65360.0,6.9559,20.66067
2026-01-01 01:00:00+01:00,-6.5655003,1.0182338,3.2399998,0.0,0.0,37400.0,4.323114,23.7652
2026-01-01 02:00:00+01:00,-6.8155003,0.8049845,1.4399999,0.0,0.0,36660.0,1.3670886,23.422297
2026-01-01 03:00:00+01:00,-7.5655003,1.5273507,1.8,0.0,0.0,11500.0,2.0379353,23.397612
2026-01-01 04:00:00+01:00,-8.6655,3.319036,4.68,57.0,0.0,2160.0,4.907998,25.71933
2026-01-01 05:00:00+01:00,-8.565499,3.8268526,6.12,0.0,0.0,5920.0,5.7641516,28.102919
2026-01-01 06:00:00+01:00,-9.0155,3.6,6.8399997,22.0,0.0,2760.0,5.506198,27.958607
2026-01-01 07:00:00+01:00,-8.9155,4.3349743,6.8399997,70.0,0.0,1840.0,9.227144,28.266945
2026-01-01 08:00:00+01:00,-8.6655,4.198285,6.8399997,66.0,0.0,2140.0,14.155951,30.204062
2026-01-01 09:00:00+01:00,-9.1154995,4.072935,6.4799995,100.0,0.0,220.0,22.75289,35.919647
2026-01-01 10:00:00+01:00,-7.3655,3.319036,7.92,60.0,0.0,1040.0,31.495829,42.302624
2026-01-01 11:00:00+01:00,-4.9655004,7.8954163,12.599999,6.0,0.0,11400.0,38.357063,52.714787
2026-01-01 12:00:00+01:00,-3.2654998,11.090103,18.72,33.0,0.0,14240.0,45.446415,58.91649
2026-01-01 13:00:00+01:00,-1.5155001,11.090103,19.8,0.0,0.0,21680.0,55.437836,63.206802
2026-01-01 14:00:00+01:00,-0.065500006,12.979984,21.599998,0.0,0.0,48900.0,50.29408,69.851715
2026-01-01 15:00:00+01:00,0.6345,10.464797,21.599998,0.0,0.0,60420.0,45.980175,74.524124
2026-01-01 16:00:00+01:00,1.0345,6.193674,16.919998,0.0,0.0,51620.0,54.821976,73.90378
2026-01-01 17:00:00+01:00,0.0345,5.3999996,10.08,0.0,0.0,30600.0,57.937965,70.80216
2026-01-01 18:00:00+01:00,-1.4155,5.154415,9.36,0.0,0.0,9980.0,58.53169,71.382
2026-01-01 19:00:00+01:00,-2.4155,5.315336,9.0,11.0,0.0,5940.0,65.70248,68.27868
2026-01-01 20:00:00+01:00,-2.7154999,5.8048253,9.36,0.0,0.0,7980.0,71.94373,68.504005
2026-01-01 21:00:00+01:00,-2.9155,5.4477882,9.36,12.0,0.0,4180.0,63.59697,70.223015
2026-01-01 22:00:00+01:00,-0.8655,6.193674,12.959999,0.0,0.0,50160.0,68.30124,73.619125
2026-01-01 23:00:00+01:00,-0.56549996,9.686609,15.4800005,0.0,0.0,51740.0,67.13752,78.40614
2026-01-02 00:00:00+01:00,-0.7155,10.144082,16.56,0.0,0.0,55400.0,59.10013,80.222786
2026-01-02 01:00:00+01:00,-1.1655,7.729527,15.84,0.0,0.0,51940.0,61.69426,78.98382
2026-01-02 02:00:00+01:00,-2.3155,5.506941,12.24,0.0,0.0,25540.0,61.69426,78.26844
2026-01-02 03:00:00+01:00,-2.1155,8.4042845,13.32,0.0,0.0,25600.0,55.00349,80.72783
2026-01-02 04:00:00+01:00,-0.96549994,9.290511,16.56,0.0,0.0,48780.0,57.45749,83.25574
2026-01-02 05:00:00+01:00,-0.81549996,8.854829,16.199999,0.0,0.0,52660.0,53.08029,82.572716
2026-01-02 06:00:00+01:00,-0.4655,11.119281,17.64,0.0,0.0,53360.0,49.073635,75.978096
2026-01-02 07:00:00+01:00,-0.31550002,13.217443,18.359999,0.0,0.0,59640.0,59.52027,70.93263
2026-01-02 08:00:00+01:00,-0.4655,11.885453,20.880001,41.0,0.0,57700.0,46.750523,59.7444
2026-01-02 09:00:00+01:00,-0.1155,11.681987,20.519999,0.0,0.0,55700.0,47.368298,55.297142
2026-01-02 10:00:00+01:00,0.1345,10.685391,19.44,0.0,0.0,54200.0,46.13572,54.174507
2026-01-02 11:00:00+01:00,0.7845,12.096214,20.880001,39.0,0.0,55700.0,45.753803,60.840244
2026-01-02 12:00:00+01:00,2.1345,14.4,23.4,56.0,0.0,58720.0,42.124176,54.51125
2026-01-02 13:00:00+01:00,3.3845,15.782622,28.44,38.0,0.0,63900.0,37.04897,57.587154
2026-01-02 14:00:00+01:00,3.8345,16.071491,26.64,61.0,0.0,66620.0,40.23568,67.680786
2026-01-02 15:00:00+01:00,3.2345002,17.418196,31.68,7.0,0.0,63840.0,47.10453,60.235687
2026-01-02 16:00:00+01:00,3.0345001,16.75064,28.8,0.0,0.0,65800.0,50.63972,55.917213
2026-01-02 17:00:00+01:00,2.0845,15.978484,27.0,6.0,0.0,60320.0,53.28334,58.374535
2026-01-02 18:00:00+01:00,1.5345,16.42247,27.72,0.0,0.0,53880.0,58.00244,57.2685
2026-01-02 19:00:00+01:00,1.2344999,16.42247,27.72,0.0,0.0,48700.0,54.988388,54.634792
2026-01-02 20:00:00+01:00,0.8845,15.629971,26.28,0.0,0.0,43760.0,55.70874,61.476475
2026-01-02 21:00:00+01:00,0.8345,14.8257065,25.56,81.0,0.0,44520.0,55.003494,57.51017
2026-01-02 22:00:00+01:00,0.8345,15.349684,23.4,78.0,0.2,36980.0,54.25847,50.9306
2026-01-02 23:00:00+01:00,0.3345,13.324863,25.199999,66.0,0.1,19740.0,46.297478,40.349598
2026-01-03 00:00:00+01:00,0.2345,11.090103,20.880001,56.0,0.1,2760.0,35.053078,37.943382
2026-01-03 01:00:00+01:00,0.2345,5.904439,17.28,89.0,0.1,1000.0,25.06743,47.319187
2026-01-03 02:00:00+01:00,-0.015500002,5.2416787,8.64,89.0,0.1,340.0,23.27622,55.550854
2026-01-03 03:00:00+01:00,-0.36549997,5.2416787,8.28,71.0,0.0,2760.0,30.859755,52.145317
2026-01-03 04:00:00+01:00,-0.8655,6.379216,12.24,92.0,0.0,37200.0,36.594986,57.24495
2026-01-03 05:00:00+01:00,-0.4155,7.208994,11.5199995,61.0,0.0,62580.0,37.690784,50.82459
2026-01-03 06:00:00+01:00,-1.3155,6.4096174,11.5199995,0.0,0.0,64560.0,29.857664,44.728428
2026-01-03 07:00:00+01:00,-1.2155,7.5685663,10.799999,0.0,0.0,65120.0,33.45257,42.755558
2026-01-03 08:00:00+01:00,-2.3155,5.3517847,12.959999,0.0,0.0,61960.0,30.013744,42.046856
2026-01-03 09:00:00+01:00,-3.1155,5.3517847,7.92,0.0,0.0,60480.0,25.388453,45.208195
2026-01-03 10:00:00+01:00,-1.3155,8.049845,10.799999,48.0,0.0,74200.0,26.746687,49.081596
2026-01-03 11:00:00+01:00,-0.015500002,12.24,19.44,0.0,0.0,76740.0,28.245811,55.862064
2026-01-03 12:00:00+01:00,0.5345,13.089354,21.599998,0.0,0.0,75860.0,33.872055,55.126183
2026-01-03 13:00:00+01:00,0.5345,11.212135,21.599998,0.0,0.0,74260.0,35.31278,55.328484
2026-01-03 14:00:00+01:00,0.8845,13.044722,21.24,0.0,0.0,72120.0,31.915,52.141624
2026-01-03 15:00:00+01:00,1.2845,15.876775,27.0,0.0,0.0,76640.0,31.443035,51.651672
2026-01-03 16:00:00+01:00,0.1345,10.97262,24.48,0.0,0.0,74100.0,32.838593,48.556816
2026-01-03 17:00:00+01:00,-0.5155,7.2805495,16.199999,5.0,0.0,69520.0,33.315723,45.968758
2026-01-03 18:00:00+01:00,-1.1155001,9.957108,15.119999,0.0,0.0,64720.0,45.42813,43.731094
2026-01-03 19:00:00+01:00,-2.0655,8.14587,15.84,0.0,0.0,50960.0,35.327477,44.50392
2026-01-03 20:00:00+01:00,-2.7154999,7.5685663,13.32,0.0,0.0,46320.0,35.450703,46.381756
2026-01-03 21:00:00+01:00,-3.3155,7.145796,11.5199995,0.0,0.0,39800.0,34.374115,42.046856
2026-01-03 22:00:00+01:00,-2.7654998,7.491114,12.599999,0.0,0.0,47200.0,32.892303,31.679502
2026-01-03 23:00:00+01:00,-3.6155,5.4119864,11.159999,0.0,0.0,40100.0,23.696201,27.48611
2026-01-04 00:00:00+01:00,-4.2155004,1.484318,8.28,0.0,0.0,33040.0,14.878324,23.17426
2026-01-04 01:00:00+01:00,-5.0655003,2.9024127,4.68,0.0,0.0,27960.0,13.270073,19.390963
2026-01-04 02:00:00+01:00,-4.7655,0.35999998,4.32,0.0,0.0,41280.0,10.725815,13.711481
2026-01-04 03:00:00+01:00,-4.2655,0.5091169,0.71999997,0.0,0.0,54620.0,11.171529,11.189642
2026-01-04 04:00:00+01:00,-5.5655003,3.319036,3.96,0.0,0.0,49840.0,7.418196,20.217718
2026-01-04 05:00:00+01:00,-5.4655004,3.6,6.12,0.0,0.0,60140.0,8.36547,17.290411
2026-01-04 06:00:00+01:00,-5.7655,3.4152596,5.04,0.0,0.0,53940.0,5.993747,13.556066
2026-01-04 07:00:00+01:00,-6.8155003,3.8939953,5.04,0.0,0.0,50760.0,4.0758705,7.8511715
2026-01-04 08:00:00+01:00,-7.4655004,3.096837,6.8399997,0.0,0.0,46540.0,4.323114,5.855574
2026-01-04 09:00:00+01:00,-7.7655,2.8799999,4.68,0.0,0.0,33140.0,5.094838,7.4740934
2026-01-04 10:00:00+01:00,-6.4155,4.32,5.3999996,0.0,0.0,25080.0,5.8357587,7.499821
2026-01-04 11:00:00+01:00,-5.0155,3.219938,6.8399997,0.0,0.0,28320.0,7.840093,9.813965
2026-01-04 12:00:00+01:00,-3.7654998,4.452954,7.92,0.0,0.0,34060.0,8.36547,12.413793
2026-01-04 13:00:00+01:00,-2.8655,5.1544156,8.28,0.0,0.0,45320.0,6.9559,10.998648
2026-01-04 14:00:00+01:00,-2.3155,5.815978,10.08,0.0,0.0,44120.0,6.3960004,11.172413
2026-01-04 15:00:00+01:00,-2.1155,6.489992,10.799999,17.0,0.0,45980.0,4.2990294,12.795845
2026-01-04 16:00:00+01:00,-1.8655001,8.759178,11.879999,6.0,0.0,53440.0,5.562481,16.433628
2026-01-04 17:00:00+01:00,-2.8155,5.95906,14.04,0.0,0.0,45800.0,5.487309,18.98945
2026-01-04 18:00:00+01:00,-4.0655003,3.319036,8.64,0.0,0.0,46500.0,9.079681,19.400894
2026-01-04 19:00:00+01:00,-5.2655,2.7416782,5.04,0.0,0.0,41200.0,8.476439,20.208189
2026-01-04 20:00:00+01:00,-5.9155,3.096837,4.68,0.0,0.0,28060.0,10.520563,20.632679
2026-01-04 21:00:00+01:00,-6.4655004,2.3051248,5.04,3.0,0.0,18020.0,11.171529,20.716534
2026-01-04 22:00:00+01:00,-6.3155003,2.5455842,3.6,64.0,0.0,29440.0,9.784211,20.208189
2026-01-04 23:00:00+01:00,-6.1655,1.2979984,4.32,64.0,0.0,31680.0,7.78694,22.284399
2026-01-05 00:00:00+01:00,-6.4655004,2.0364676,2.52,64.0,0.0,32460.0,5.6366506,22.593443
2026-01-05 01:00:00+01:00,-5.7155004,2.16,2.8799999,84.0,0.0,46360.0,5.941551,20.293798
2026-01-05 02:00:00+01:00,-5.4655004,1.1384199,3.6,98.0,0.0,48700.0,5.709857,22.82248
2026-01-05 03:00:00+01:00,-5.5655003,1.1384199,1.4399999,79.0,0.0,42600.0,6.7744107,23.17426
2026-01-05 04:00:00+01:00,-4.7155004,1.2979984,2.16,100.0,0.0,36580.0,5.9240503,19.832952
2026-01-05 05:00:00+01:00,-4.9655004,1.484318,2.16,100.0,0.0,29580.0,5.0333285,20.035875
2026-01-05 06:00:00+01:00,-5.0655003,1.609969,2.8799999,100.0,0.0,27980.0,8.402622,20.482758
2026-01-05 07:00:00+01:00,-4.7155004,0.71999997,2.8799999,100.0,0.0,39620.0,4.907998,18.631031
2026-01-05 08:00:00+01:00,-5.0155,1.835647,2.52,94.0,0.0,36500.0,8.513107,14.609298
2026-01-05 09:00:00+01:00,-5.2655,1.08,4.32,75.0,0.0,39100.0,9.666777,14.153901
2026-01-05 10:00:00+01:00,-4.7155004,1.835647,2.16,68.0,0.0,45380.0,10.280973,13.739551
2026-01-05 11:00:00+01:00,-4.1155,1.609969,3.6,61.0,0.0,40740.0,8.402622,12.226168
2026-01-05 12:00:00+01:00,-3.6655,3.0547013,6.12,50.0,0.0,52380.0,7.291139,11.661699
2026-01-05 13:00:00+01:00,-3.2154999,4.6102495,7.92,62.0,0.0,59820.0,11.474137,12.780782
2026-01-05 14:00:00+01:00,-2.9155,5.1919937,9.0,62.0,0.0,61140.0,10.725815,16.77011
2026-01-05 15:00:00+01:00,-2.7654998,1.8,8.28,61.0,0.0,61380.0,8.253009,16.77011
2026-01-05 16:00:00+01:00,-2.9155,6.28713,5.7599998,29.0,0.0,61000.0,9.784211,20.141356
2026-01-05 17:00:00+01:00,-3.5655,4.896529,11.5199995,47.0,0.0,59200.0,6.572144,19.251387
2026-01-05 18:00:00+01:00,-4.2655,5.04,8.28,0.0,0.0,49260.0,4.844117,22.430868
2026-01-05 19:00:00+01:00,-5.6655,3.4152596,7.2,0.0,0.0,57940.0,9.65603,18.662022
2026-01-05 20:00:00+01:00,-6.0655003,3.6,4.68,0.0,0.0,44840.0,8.062088,17.654228
2026-01-05 21:00:00+01:00,-6.1655,3.319036,6.12,0.0,0.0,34920.0,6.7744107,22.15436
2026-01-05 22:00:00+01:00,-6.8155003,2.5959969,5.04,59.0,0.0,37640.0,6.347113,32.42472
2026-01-05 23:00:00+01:00,-7.5155,2.1897945,4.32,0.0,0.0,27160.0,6.1138062,26.348255
2026-01-06 00:00:00+01:00,-7.8155003,1.9386592,2.8799999,0.0,0.0,25600.0,4.323114,21.935911
2026-01-06 01:00:00+01:00,-9.2155,2.0991426,3.96,59.0,0.0,15700.0,1.8788835,17.566723
2026-01-06 02:00:00+01:00,-9.4155,3.0547013,3.96,65.0,0.0,16580.0,3.67394,18.91831
2026-01-06 03:00:00+01:00,-10.1154995,1.8,4.68,79.0,0.0,3000.0,6.198138,16.77011
2026-01-06 04:00:00+01:00,-10.5155,1.1384199,4.68,61.0,0.0,16660.0,7.34788,19.171173
2026-01-06 05:00:00+01:00,-10.065499,1.9386592,3.6,61.0,0.0,23820.0,6.330734,18.25503
2026-01-06 06:00:00+01:00,-10.065499,2.4149535,4.68,68.0,0.0,3020.0,8.36547,20.41682
2026-01-06 07:00:00+01:00,-10.0155,3.096837,3.96,60.0,0.0,14180.0,6.9559,16.77011
2026-01-06 08:00:00+01:00,-9.6154995,2.968636,5.3999996,83.0,0.0,28100.0,5.9240503,17.390388
2026-01-06 09:00:00+01:00,-9.6154995,2.7416782,5.04,83.0,0.0,29800.0,5.094838,15.529648
2026-01-06 10:00:00+01:00,-9.3654995,2.1897945,5.04,81.0,0.0,1720.0,9.65603,14.753624
2026-01-06 11:00:00+01:00,-8.1655,1.5273507,4.32,45.0,0.1,16800.0,10.087265,14.003396
2026-01-06 12:00:00+01:00,-6.8155003,2.3051248,5.3999996,26.0,0.0,27840.0,9.079681,10.678748
2026-01-06 13:00:00+01:00,-6.1155,2.968636,5.7599998,87.0,0.0,30700.0,9.515216,10.839878
2026-01-06 14:00:00+01:00,-4.8655,5.1544156,8.28,75.0,0.0,25560.0,13.402427,11.809426
2026-01-06 15:00:00+01:00,-4.2655,6.151683,11.159999,68.0,0.0,26320.0,19.144665,16.185604
2026-01-06 16:00:00+01:00,-4.0155,9.511088,10.08,73.0,0.0,30560.0,23.244972,12.795845
2026-01-06 17:00:00+01:00,-4.7155004,7.2,15.4800005,69.0,0.0,26440.0,22.445059,19.871763
2026-01-06 18:00:00+01:00,-5.7655,3.7064266,11.159999,21.0,0.0,18140.0,24.318981,24.405024
2026-01-06 19:00:00+01:00,-5.8155003,4.198285,6.12,61.0,0.0,12040.0,16.91609,27.758083
2026-01-06 20:00:00+01:00,-6.3655,3.396233,6.8399997,77.0,0.0,5920.0,13.949067,26.948227
2026-01-06 21:00:00+01:00,-6.3655,1.484318,4.32,64.0,0.0,13220.0,12.312233,27.48611
2026-01-06 22:00:00+01:00,-5.7155004,1.8,1.8,99.0,0.0,12520.0,13.881914,27.267992
2026-01-06 23:00:00+01:00,-5.8655,1.835647,3.2399998,78.0,0.0,6580.0,12.44643,26.9768
2026-01-07 00:00:00+01:00,-5.9655004,1.2979984,2.52,70.0,0.0,12100.0,10.599223,25.816511
2026-01-07 01:00:00+01:00,-6.2155004,1.0182338,1.8,67.0,0.0,14820.0,7.866535,23.04088
2026-01-07 02:00:00+01:00,-6.3155003,2.16,2.8799999,40.0,0.0,29580.0,5.506198,21.112572
2026-01-07 03:00:00+01:00,-6.0155,2.7416782,4.32,89.0,0.0,15720.0,5.195736,19.440569
2026-01-07 04:00:00+01:00,-6.9155,1.1384199,3.96,63.0,0.0,33280.0,4.57969,19.490047
2026-01-07 05:00:00+01:00,-7.4155,0.0,1.08,61.0,0.0,29860.0,1.0189676,19.120867
2026-01-07 06:00:00+01:00,-8.0155,1.609969,2.52,16.0,0.0,18840.0,2.8820758,20.331732
2026-01-07 07:00:00+01:00,-8.4155,2.16,3.96,11.0,0.0,26160.0,1.643036,18.042753
2026-01-07 08:00:00+01:00,-8.565499,2.9024127,4.32,6.0,0.0,25180.0,4.511162,16.185604
2026-01-07 09:00:00+01:00,-9.4655,2.5455842,5.04,63.0,0.0,1000.0,6.835443,12.568007
2026-01-07 10:00:00+01:00,-8.4655,2.6208394,4.32,59.0,0.0,1340.0,6.9559,13.711481
2026-01-07 11:00:00+01:00,-7.8155003,4.1046314,7.2,62.0,0.0,1180.0,14.947947,15.266946
2026-01-07 12:00:00+01:00,-6.2655,5.0911684,9.0,61.0,0.0,1200.0,18.788836,18.0
2026-01-07 13:00:00+01:00,-4.2655,10.739832,16.919998,47.0,0.0,25760.0,22.898449,21.617472
2026-01-07 14:00:00+01:00,-3.7654998,11.792404,19.44,54.0,0.0,28500.0,26.668936,25.994967
2026-01-07 15:00:00+01:00,-3.3155,13.684735,23.039999,64.0,0.0,28300.0,34.446533,28.907082
2026-01-07 16:00:00+01:00,-3.5154998,10.464797,21.24,51.0,0.0,39620.0,39.395985,33.12413
2026-01-07 17:00:00+01:00,-3.5154998,8.049845,16.56,22.0,0.0,45360.0,48.665707,46.323578
2026-01-07 18:00:00+01:00,-3.4155,6.3690495,13.32,74.0,0.0,42680.0,57.83034,56.27776
2026-01-07 19:00:00+01:00,-3.5154998,10.990322,15.119999,100.0,0.1,3660.0,57.641514,54.03209
2026-01-07 20:00:00+01:00,-3.3155,12.904882,20.16,89.0,0.3,8560.0,59.13525,50.210682
2026-01-07 21:00:00+01:00,-3.2154999,13.324863,20.519999,96.0,0.3,4640.0,45.76288,48.81399
2026-01-07 22:00:00+01:00,-2.9654999,7.8954163,20.880001,86.0,0.3,9360.0,44.32451,50.40978
2026-01-07 23:00:00+01:00,-2.5154998,7.8954163,12.959999,100.0,0.1,22840.0,39.340595,45.530872
2026-01-08 00:00:00+01:00,-2.0655,10.144082,15.84,100.0,0.0,32020.0,37.33651,42.502514
2026-01-08 01:00:00+01:00,-1.0655,16.704155,22.319998,100.0,0.0,39500.0,39.68745,42.179504
2026-01-08 02:00:00+01:00,-1.4655,20.188908,32.760002,85.0,0.0,25400.0,46.6438,45.276318
2026-01-08 03:00:00+01:00,-1.4155,20.674156,35.28,81.0,0.0,9520.0,50.54737,65.46731
2026-01-08 04:00:00+01:00,-0.5155,19.164717,32.399998,93.0,0.0,16020.0,55.501472,76.84779
2026-01-08 05:00:00+01:00,-0.5155,20.326454,32.399998,100.0,0.1,9920.0,59.17913,79.02527
2026-01-08 06:00:00+01:00,-0.7655,19.164717,32.760002,91.0,0.5,4680.0,59.94613,68.672516
2026-01-08 07:00:00+01:00,-0.56549996,18.681883,30.599998,91.0,0.5,7400.0,54.713913,84.49133
2026-01-08 08:00:00+01:00,-0.36549997,15.509274,29.16,100.0,0.1,24240.0,53.193623,78.16747
2026-01-08 09:00:00+01:00,-0.96549994,13.891522,25.56,100.0,0.3,2620.0,52.172737,61.124535
2026-01-08 10:00:00+01:00,-0.7655,15.575981,21.96,88.0,1.0,1520.0,56.36651,71.122475
2026-01-08 11:00:00+01:00,-0.1655,17.10284,27.0,100.0,0.2,1340.0,60.969696,72.048134
2026-01-08 12:00:00+01:00,0.6345,16.394829,28.44,100.0,0.4,4440.0,56.925556,71.65942
2026-01-08 13:00:00+01:00,1.1845,17.974781,30.960001,100.0,0.0,8440.0,49.689693,75.5739
2026-01-08 14:00:00+01:00,1.7845,17.551615,28.8,100.0,0.0,10840.0,52.770325,82.243126
2026-01-08 15:00:00+01:00,2.6845,17.654686,30.239998,87.0,0.0,20280.0,60.817944,79.789406
2026-01-08 16:00:00+01:00,2.5345001,15.7908325,28.08,100.0,0.1,12320.0,55.05444,86.01424
2026-01-08 17:00:00+01:00,2.2345002,22.89611,37.8,100.0,1.8,9280.0,62.365482,85.41419
2026-01-08 18:00:00+01:00,2.3845,20.268991,34.2,100.0,2.0,9340.0,61.94284,96.32694
2026-01-08 19:00:00+01:00,2.7345002,18.057508,32.399998,100.0,1.2,4720.0,66.04452,88.934235
2026-01-08 20:00:00+01:00,3.2845001,16.520823,33.48,100.0,1.2,7560.0,72.843,80.80654
2026-01-08 21:00:00+01:00,4.0845,18.899143,30.599998,100.0,1.7,10760.0,80.57451,94.01143
2026-01-08 22:00:00+01:00,4.3345,19.161337,31.319998,95.0,1.0,5740.0,80.813835,79.92207
2026-01-08 23:00:00+01:00,4.5845,20.326454,36.0,87.0,1.0,4360.0,78.50945,85.962715
2026-01-09 00:00:00+01:00,4.8845,17.782688,32.760002,86.0,1.1,3740.0,81.27888,86.719025
2026-01-09 01:00:00+01:00,5.7844996,26.64,37.8,100.0,1.7,8020.0,101.856,95.60434
2026-01-09 02:00:00+01:00,6.1345,29.830078,48.6,100.0,1.9,16480.0,104.78337,107.93934
2026-01-09 03:00:00+01:00,6.2345,27.558228,52.56,100.0,1.1,17380.0,111.27295,103.42448
2026-01-09 04:00:00+01:00,6.0344996,23.990698,46.44,100.0,2.0,4240.0,93.5288,115.82141
2026-01-09 05:00:00+01:00,6.6345,30.918108,55.8,100.0,1.4,14460.0,93.61313,107.257256
2026-01-09 06:00:00+01:00,6.3345,24.94413,49.68,100.0,2.1,19440.0,78.6812,100.08319
2026-01-09 07:00:00+01:00,5.9845,21.794127,47.16,100.0,0.3,24680.0,72.1455,95.747284
2026-01-09 08:00:00+01:00,5.3345,20.00512,41.760002,87.0,0.3,16780.0,67.62906,84.066216
2026-01-09 09:00:00+01:00,5.2844996,24.315327,45.0,93.0,1.0,21480.0,78.71418,80.832756
2026-01-09 10:00:00+01:00,5.1844997,30.599998,51.839996,100.0,1.8,12540.0,79.07215,88.308235
2026-01-09 11:00:00+01:00,5.0344996,30.7542,50.76,100.0,0.9,10520.0,66.03193,87.4666
2026-01-09 12:00:00+01:00,5.7844996,25.7041,55.079998,75.0,1.4,28000.0,70.60791,90.77572
2026-01-09 13:00:00+01:00,5.8345,31.122826,65.88,82.0,0.2,35080.0,75.20091,90.9538
2026-01-09 14:00:00+01:00,5.4344997,32.44996,61.920002,100.0,0.2,36440.0,77.25495,86.83667
2026-01-09 15:00:00+01:00,5.4845,29.671074,59.76,77.0,0.0,50560.0,73.37275,85.71811
2026-01-09 16:00:00+01:00,5.1345,28.075384,56.88,82.0,0.5,46100.0,69.536606,85.93582
2026-01-09 17:00:00+01:00,4.1844997,22.104116,53.28,84.0,0.3,29760.0,67.45843,86.54559
2026-01-09 18:00:00+01:00,3.5845,24.962307,42.48,87.0,0.4,27840.0,70.51521,77.88603
2026-01-09 19:00:00+01:00,3.0845,24.216522,38.519997,66.0,0.0,21080.0,63.909668,73.68451
2026-01-09 20:00:00+01:00,2.3345,14.904173,38.519997,55.0,0.0,11960.0,60.845257,80.74931
2026-01-09 21:00:00+01:00,2.1345,16.87398,28.08,90.0,0.0,14140.0,60.86062,78.071304
2026-01-09 22:00:00+01:00,2.2345002,16.870138,37.44,95.0,0.1,14360.0,56.596294,73.28345
2026-01-09 23:00:00+01:00,2.1345,20.746122,34.92,90.0,0.1,10760.0,55.411606,71.3901
2026-01-10 00:00:00+01:00,1.6344999,21.252197,38.88,100.0,0.4,3520.0,51.76717,76.83777
2026-01-10 01:00:00+01:00,1.3844999,19.228851,35.28,100.0,1.4,2140.0,51.013557,75.3595
2026-01-10 02:00:00+01:00,1.4345,25.076267,42.12,100.0,0.7,5620.0,58.373592,74.64809
2026-01-10 03:00:00+01:00,0.7845,21.385939,43.199997,96.0,0.7,1780.0,56.36651,77.78705
2026-01-10 04:00:00+01:00,0.93450004,20.523157,41.760002,99.0,1.0,1760.0,55.319714,76.98803
2026-01-10 05:00:00+01:00,0.5345,20.972897,36.36,91.0,0.8,420.0,57.67753,71.02219
2026-01-10 06:00:00+01:00,0.6345,20.570463,36.0,100.0,0.5,1140.0,56.495304,76.83777
2026-01-10 07:00:00+01:00,0.8345,20.633371,35.64,91.0,1.4,1760.0,58.336235,69.08641
2026-01-10 08:00:00+01:00,0.7345,18.584509,37.44,99.0,0.3,2060.0,56.59629,70.15715
2026-01-10 09:00:00+01:00,0.5345,18.668005,46.079998,100.0,0.4,740.0,50.022907,63.979225
2026-01-10 10:00:00+01:00,0.6345,20.929594,36.0,94.0,0.8,700.0,54.321583,59.291294
2026-01-10 11:00:00+01:00,0.8845,20.88,49.32,90.0,0.3,3220.0,53.69679,60.74202
2026-01-10 12:00:00+01:00,0.8345,22.493519,47.88,94.0,0.5,740.0,54.09749,59.183987
2026-01-10 13:00:00+01:00,1.2344999,23.1774,52.56,89.0,0.7,4280.0,63.877167,59.795967
2026-01-10 14:00:00+01:00,1.6344999,17.566378,50.039997,77.0,0.2,7600.0,55.714336,55.045757
2026-01-10 15:00:00+01:00,1.5345,17.826363,41.399998,90.0,0.1,4600.0,44.08728,58.795395
2026-01-10 16:00:00+01:00,1.3844999,15.192682,35.64,70.0,0.2,29140.0,49.773205,51.51724
2026-01-10 17:00:00+01:00,0.7345,16.563911,28.08,59.0,0.1,19640.0,54.39417,54.666515
2026-01-10 18:00:00+01:00,0.2845,15.021105,27.72,81.0,0.1,8800.0,50.62126,56.017025
2026-01-10 19:00:00+01:00,0.1345,14.480773,25.56,94.0,0.2,600.0,43.444366,53.02448
2026-01-10 20:00:00+01:00,0.1345,13.979872,33.48,99.0,0.4,660.0,42.484962,50.70316
2026-01-10 21:00:00+01:00,0.0845,13.830749,24.48,94.0,0.3,660.0,41.410725,41.10165
2026-01-10 22:00:00+01:00,0.1345,13.281023,21.96,90.0,0.3,1340.0,36.891697,35.341175
2026-01-10 23:00:00+01:00,0.0845,12.313894,21.24,73.0,0.1,24260.0,38.734173,27.563091
2026-01-11 00:00:00+01:00,-0.36549997,8.714677,18.72,68.0,0.0,27460.0,33.424625,26.340944
2026-01-11 01:00:00+01:00,-0.1155,6.989936,13.679999,63.0,0.0,32020.0,24.539991,23.04088
2026-01-11 02:00:00+01:00,-0.31550002,8.217153,13.32,70.0,0.0,29840.0,22.509731,22.490902
2026-01-11 03:00:00+01:00,-0.7655,5.692099,12.24,79.0,0.0,23380.0,22.417288,24.238705
2026-01-11 04:00:00+01:00,-0.6155,4.896529,8.28,74.0,0.0,14200.0,16.104847,27.653793
2026-01-11 05:00:00+01:00,-0.7655,4.896529,7.5599995,79.0,0.0,8280.0,14.482251,27.563091
2026-01-11 06:00:00+01:00,-1.1655,2.9024127,7.2,83.0,0.0,2320.0,12.897088,27.549112
2026-01-11 07:00:00+01:00,-0.6655,1.08,4.32,77.0,0.0,9580.0,9.125309,28.612377
2026-01-11 08:00:00+01:00,-1.2655001,3.096837,5.3999996,76.0,0.0,25940.0,6.347113,23.716516
2026-01-11 09:00:00+01:00,-1.8655001,1.2979984,3.96,65.0,0.0,23420.0,7.0743074,22.15436
2026-01-11 10:00:00+01:00,-0.31550002,2.9024127,4.68,73.0,0.0,29020.0,3.67394,24.405024
2026-01-11 11:00:00+01:00,0.3345,3.2599385,5.3999996,46.0,0.0,12780.0,5.094838,21.139927
2026-01-11 12:00:00+01:00,0.7345,3.8939953,7.2,50.0,0.0,23080.0,7.4739733,21.185438
2026-01-11 13:00:00+01:00,0.7845,4.6800003,7.2,68.0,0.0,15640.0,7.543114,19.871763
2026-01-11 14:00:00+01:00,0.8345,4.452954,9.0,69.0,0.0,19400.0,8.765491,17.478779
2026-01-11 15:00:00+01:00,0.8845,2.0991426,7.92,100.0,0.0,27220.0,13.246578,15.216393
2026-01-11 16:00:00+01:00,0.2845,4.6938252,6.8399997,57.0,0.0,28880.0,10.677303,16.952896
2026-01-11 17:00:00+01:00,-0.6655,6.0347,10.440001,39.0,0.0,28000.0,14.41038,27.097918
2026-01-11 18:00:00+01:00,-1.1155001,3.96,9.0,42.0,0.0,29220.0,12.636843,30.622086
2026-01-11 19:00:00+01:00,-1.2155,4.3498964,6.12,83.0,0.0,22560.0,19.035887,36.32493
2026-01-11 20:00:00+01:00,-0.96549994,3.396233,7.5599995,81.0,0.0,22080.0,22.78481,34.00224
2026-01-11 21:00:00+01:00,-1.2655001,3.9763298,6.8399997,78.0,0.0,21740.0,28.820757,33.228638
2026-01-11 22:00:00+01:00,-1.0155001,5.991594,9.0,100.0,0.0,24760.0,34.815308,36.15484
2026-01-11 23:00:00+01:00,-0.8655,7.208994,11.159999,92.0,0.0,24040.0,42.288994,36.494225
2026-01-12 00:00:00+01:00,-1.0655,6.4096174,11.159999,95.0,0.0,14680.0,42.905678,37.199974
2026-01-12 01:00:00+01:00,-1.0655,5.991594,9.0,96.0,0.0,17980.0,39.927414,40.68714
2026-01-12 02:00:00+01:00,-0.96549994,7.6367526,12.24,94.0,0.0,16380.0,42.052635,40.578102
2026-01-12 03:00:00+01:00,-1.0655,7.5942082,13.32,89.0,0.0,9760.0,41.20713,55.516167
2026-01-12 04:00:00+01:00,-0.7655,8.669949,14.04,100.0,0.0,9040.0,47.53678,45.649178
2026-01-12 05:00:00+01:00,-0.4655,9.422101,15.4800005,97.0,0.0,9080.0,53.209236,55.879303
2026-01-12 06:00:00+01:00,-0.4155,9.957108,16.56,90.0,0.0,5860.0,68.98344,61.736
2026-01-12 07:00:00+01:00,0.2345,11.966953,16.199999,100.0,0.2,10900.0,74.447426,60.107628
2026-01-12 08:00:00+01:00,0.2345,7.5942082,18.0,100.0,0.0,9020.0,67.77016,62.20846
2026-01-12 09:00:00+01:00,0.5345,7.729527,12.959999,75.0,0.0,10980.0,68.85236,60.669044
2026-01-12 10:00:00+01:00,1.4345,9.931042,14.04,79.0,0.1,27300.0,64.2677,56.737957
2026-01-12 11:00:00+01:00,1.4844999,9.178235,15.4800005,28.0,0.0,23220.0,62.23215,48.33813
2026-01-12 12:00:00+01:00,1.4844999,9.0,14.04,60.0,0.0,19420.0,56.4953,57.31893
2026-01-12 13:00:00+01:00,1.9844999,8.654986,13.679999,56.0,0.3,20100.0,54.83523,54.003563
2026-01-12 14:00:00+01:00,2.0345001,6.297428,12.959999,63.0,0.2,10940.0,49.927338,45.6534
2026-01-12 15:00:00+01:00,2.0845,4.5536795,10.799999,25.0,0.1,11320.0,42.670296,50.65755
2026-01-12 16:00:00+01:00,2.4345,3.319036,7.5599995,70.0,0.0,9900.0,46.27729,49.705578
2026-01-12 17:00:00+01:00,2.0845,4.5536795,7.5599995,63.0,0.4,9840.0,41.889366,57.093323
2026-01-12 18:00:00+01:00,1.5345,3.4152596,6.8399997,72.0,0.1,10820.0,50.436325,59.43407
2026-01-12 19:00:00+01:00,1.2845,3.8268526,7.2,43.0,0.0,6100.0,54.47428,65.31118
2026-01-12 20:00:00+01:00,1.1344999,4.198285,5.3999996,0.0,0.0,7860.0,53.617455,66.97986
2026-01-12 21:00:00+01:00,0.93450004,3.0547013,4.68,33.0,0.0,7820.0,57.77286,60.995193
2026-01-12 22:00:00+01:00,0.93450004,6.193674,8.28,10.0,0.0,5140.0,68.69534,60.973083
2026-01-12 23:00:00+01:00,0.5345,5.315336,9.36,36.0,0.0,4360.0,60.257103,56.782078
2026-01-13 00:00:00+01:00,0.2345,4.8433046,9.0,78.0,0.0,3180.0,53.39429,56.59519
2026-01-13 01:00:00+01:00,-0.6655,3.0758414,7.5599995,91.0,0.0,460.0,45.71521,60.465492
2026-01-13 02:00:00+01:00,-0.31550002,3.319036,5.3999996,61.0,0.0,2120.0,43.06992,63.289036
2026-01-13 03:00:00+01:00,-0.6655,2.5959969,5.04,78.0,0.0,1000.0,44.223667,58.056885
2026-01-13 04:00:00+01:00,-1.5155001,2.3051248,3.96,99.0,0.0,260.0,44.63264,56.496395
2026-01-13 05:00:00+01:00,-2.4155,2.2768397,3.6,100.0,0.0,80.0,44.88087,47.188744
2026-01-13 06:00:00+01:00,-2.3155,1.8,4.68,100.0,0.0,80.0,51.188293,46.634407
2026-01-13 07:00:00+01:00,-2.4155,2.52,3.96,100.0,0.0,60.0,58.26678,45.208195
2026-01-13 08:00:00+01:00,-2.7654998,1.9386592,3.2399998,100.0,0.0,60.0,58.64865,48.81399
2026-01-13 09:00:00+01:00,-2.9155,1.2979984,2.8799999,100.0,0.0,60.0,55.252106,55.307587
2026-01-13 10:00:00+01:00,-2.2654998,0.5091169,3.96,100.0,0.0,40.0,59.335075,54.344913
2026-01-13 11:00:00+01:00,-0.065500006,1.835647,3.2399998,100.0,0.0,80.0,60.35179,48.69151
2026-01-13 12:00:00+01:00,1.2845,2.5455842,5.04,100.0,0.0,140.0,58.357582,42.193203
2026-01-13 13:00:00+01:00,2.2845001,3.319036,5.3999996,83.0,0.0,420.0,62.031616,41.36327
2026-01-13 14:00:00+01:00,4.1844997,4.3349743,6.8399997,51.0,0.0,4280.0,64.162605,40.344826
2026-01-13 15:00:00+01:00,4.7844996,4.452954,7.5599995,0.0,0.0,6060.0,69.36918,42.206898
2026-01-13 16:00:00+01:00,6.1345,6.792466,6.8399997,0.0,0.0,27500.0,75.22438,42.87703
2026-01-13 17:00:00+01:00,4.4845,4.5820518,10.440001,0.0,0.0,14460.0,73.82419,37.70402
2026-01-13 18:00:00+01:00,2.7345002,3.8773184,7.2,0.0,0.0,6400.0,72.67319,35.56936
2026-01-13 19:00:00+01:00,1.5345,3.8939953,5.7599998,50.0,0.0,2860.0,71.30444,37.499107
2026-01-13 20:00:00+01:00,1.4345,3.8268526,6.12,40.0,0.0,3540.0,67.87426,36.55751
2026-01-13 21:00:00+01:00,0.7845,2.968636,5.7599998,52.0,0.0,2400.0,55.51644,42.755558
2026-01-13 22:00:00+01:00,-0.2655,1.08,4.32,100.0,0.0,160.0,51.495686,45.075916
2026-01-13 23:00:00+01:00,-0.21550001,0.71999997,1.8,80.0,0.0,600.0,43.183075,50.58144
2026-01-14 00:00:00+01:00,-1.4655,0.8049845,1.8,100.0,0.0,260.0,52.20059,51.67777
2026-01-14 01:00:00+01:00,-0.81549996,1.08,1.08,75.0,0.0,680.0,62.8547,55.283207
2026-01-14 02:00:00+01:00,0.1345,2.8116899,3.96,50.0,0.0,2780.0,80.28534,54.986233
2026-01-14 03:00:00+01:00,0.18450001,4.6800003,7.2,50.0,0.0,2780.0,85.854904,55.045757
2026-01-14 04:00:00+01:00,0.3345,4.3498964,7.92,46.0,0.0,3000.0,85.501045,61.63295
2026-01-14 05:00:00+01:00,-0.1655,4.39436,7.2,55.0,0.0,2180.0,65.96429,61.95092
2026-01-14 06:00:00+01:00,-1.0655,3.396233,6.4799995,73.0,0.0,920.0,53.804962,64.98298
2026-01-14 07:00:00+01:00,-2.2654998,0.8049845,5.3999996,100.0,0.0,80.0,53.33787,58.440487
2026-01-14 08:00:00+01:00,-2.8655,0.35999998,1.4399999,100.0,0.0,40.0,59.319317,51.90836
2026-01-14 09:00:00+01:00,-3.4654999,0.5091169,1.08,100.0,0.0,20.0,61.172016,47.176495
2026-01-14 10:00:00+01:00,-3.9655,1.0182338,3.2399998,100.0,0.0,40.0,58.081158,51.520973
2026-01-14 11:00:00+01:00,-3.2654998,1.484318,4.32,100.0,0.0,40.0,51.111156,57.002155
2026-01-14 12:00:00+01:00,-1.6155001,1.9386592,3.96,100.0,0.0,40.0,49.929413,57.76083
2026-01-14 13:00:00+01:00,0.2345,1.609969,4.68,100.0,0.0,100.0,42.796642,42.615665
2026-01-14 14:00:00+01:00,0.7845,1.08,3.2399998,100.0,0.0,80.0,40.359352,41.80795
2026-01-14 15:00:00+01:00,1.5845,1.1384199,3.96,100.0,0.0,140.0,35.20382,40.0429
2026-01-14 16:00:00+01:00,4.1345,1.2979984,1.8,0.0,0.0,5980.0,31.79767,36.9558
2026-01-14 17:00:00+01:00,3.9845002,1.0182338,1.4399999,0.0,0.0,13960.0,35.869976,34.725353
2026-01-14 18:00:00+01:00,4.2345,1.8,3.2399998,0.0,0.0,20080.0,42.604546,38.342346
2026-01-14 19:00:00+01:00,4.4845,2.3051248,2.52,0.0,0.0,30400.0,38.56493,37.897663
2026-01-14 20:00:00+01:00,2.5845,4.32,6.12,0.0,0.0,11420.0,42.845135,37.882412
2026-01-14 21:00:00+01:00,1.1845,1.609969,6.8399997,67.0,0.0,1080.0,45.40527,39.476055
2026-01-14 22:00:00+01:00,1.4345,4.0249224,5.7599998,59.0,0.0,1640.0,45.844486,44.24346
2026-01-14 23:00:00+01:00,1.1845,3.396233,5.3999996,60.0,0.0,1560.0,48.159565,47.42085
2026-01-15 00:00:00+01:00,0.7345,2.5959969,5.04,65.0,0.0,1260.0,52.956917,43.946407
2026-01-15 01:00:00+01:00,0.5345,1.835647,4.68,99.0,0.0,140.0,46.48101,39.182186
2026-01-15 02:00:00+01:00,0.93450004,2.968636,4.32,74.0,0.0,1000.0,50.96061,44.981804
2026-01-15 03:00:00+01:00,0.8845,2.5455842,4.68,77.0,0.0,1080.0,50.96061,52.056583
2026-01-15 04:00:00+01:00,1.1845,2.9024127,4.32,85.0,0.0,1000.0,48.952885,63.71372
2026-01-15 05:00:00+01:00,1.0845,1.609969,4.68,79.0,0.0,900.0,46.766064,66.309296
2026-01-15 06:00:00+01:00,0.9845,2.7416782,3.6,80.0,0.0,980.0,45.76288,65.85748
2026-01-15 07:00:00+01:00,0.9845,4.3498964,7.92,92.0,0.1,1000.0,49.802402,56.649616
2026-01-15 08:00:00+01:00,1.6845,1.9386592,6.8399997,91.0,2.0,2000.0,48.68064,44.73273
2026-01-15 09:00:00+01:00,1.5845,2.8799999,7.2,84.0,0.1,1480.0,46.207684,37.246548
2026-01-15 10:00:00+01:00,2.1845,1.484318,5.3999996,88.0,0.0,980.0,48.03868,45.947807
2026-01-15 11:00:00+01:00,2.8345,2.7416782,4.32,86.0,0.0,460.0,48.03868,53.02448
2026-01-15 12:00:00+01:00,4.6844997,3.7585104,5.7599998,86.0,0.0,1300.0,43.255146,49.82943
2026-01-15 13:00:00+01:00,7.1345,3.8939953,6.4799995,73.0,0.0,19300.0,36.583633,52.889893
2026-01-15 14:00:00+01:00,8.2345,6.5693827,10.799999,55.0,0.0,28980.0,28.37418,48.556816
2026-01-15 15:00:00+01:00,8.2345,5.00128,11.159999,33.0,0.0,31220.0,21.920834,52.52809
2026-01-15 16:00:00+01:00,7.9344997,3.0758414,7.2,0.0,0.0,31220.0,17.081009,56.86005
2026-01-15 17:00:00+01:00,6.3345,2.7416782,4.32,0.0,0.0,28220.0,19.225843,65.64361
2026-01-15 18:00:00+01:00,5.0344996,1.2979984,3.6,0.0,0.0,28860.0,17.292456,66.34414
2026-01-15 19:00:00+01:00,4.4344997,2.3051248,1.8,11.0,0.0,29500.0,16.63135,71.15226
2026-01-15 20:00:00+01:00,3.8345,2.4149535,3.6,60.0,0.0,21920.0,15.500371,75.126526
2026-01-15 21:00:00+01:00,1.8345,2.8799999,5.3999996,100.0,0.0,140.0,27.55361,68.51806
2026-01-15 22:00:00+01:00,2.3845,3.8773184,5.04,82.0,0.0,1200.0,37.66874,71.98395
2026-01-15 23:00:00+01:00,1.6845,3.671294,5.7599998,84.0,0.0,2740.0,38.462486,83.839066
2026-01-16 00:00:00+01:00,1.1344999,3.7064266,5.7599998,100.0,0.0,180.0,41.26504,82.530716
2026-01-16 01:00:00+01:00,1.1845,2.8799999,5.7599998,100.0,0.0,160.0,37.383755,81.33876
2026-01-16 02:00:00+01:00,1.5345,3.319036,5.04,94.0,0.0,360.0,48.25433,68.19964
2026-01-16 03:00:00+01:00,1.7344999,3.7064266,5.7599998,100.0,0.0,320.0,60.63499,62.566624
2026-01-16 04:00:00+01:00,0.8845,2.8116899,7.2,93.0,0.0,340.0,50.764633,62.62509
2026-01-16 05:00:00+01:00,1.0345,3.6,5.3999996,96.0,0.0,860.0,51.76717,59.7444
2026-01-16 06:00:00+01:00,1.1344999,4.198285,7.2,87.0,0.0,1180.0,40.620914,57.5905
2026-01-16 07:00:00+01:00,0.0845,1.5273507,6.8399997,100.0,0.0,80.0,32.622883,62.821636
2026-01-16 08:00:00+01:00,0.3345,1.0182338,2.8799999,100.0,0.0,80.0,35.39208,53.853542
2026-01-16 09:00:00+01:00,0.3345,2.1897945,3.6,100.0,0.0,40.0,33.268944,42.87703
2026-01-16 10:00:00+01:00,0.1345,1.9386592,4.32,100.0,0.0,40.0,37.66874,43.660564
2026-01-16 11:00:00+01:00,0.6345,1.4399999,2.8799999,100.0,0.0,40.0,32.622883,44.143208
2026-01-16 12:00:00+01:00,0.93450004,2.0991426,4.32,100.0,0.0,60.0,27.189447,38.59272
2026-01-16 13:00:00+01:00,1.8844999,3.2399998,4.32,100.0,0.0,100.0,19.679535,40.989017
2026-01-16 14:00:00+01:00,3.3345,5.3999996,9.36,94.0,0.0,140.0,6.895935,36.192112
2026-01-16 15:00:00+01:00,3.4345,3.6179552,9.36,89.0,0.0,180.0,9.394418,34.89689
2026-01-16 16:00:00+01:00,2.9345,2.7416782,6.12,100.0,0.0,60.0,12.269996,32.495934
2026-01-16 17:00:00+01:00,2.2845001,2.5959969,6.12,74.0,0.0,900.0,20.343658,40.663464
2026-01-16 18:00:00+01:00,1.8345,2.1897945,5.04,76.0,0.0,740.0,19.573729,34.957558
2026-01-16 19:00:00+01:00,1.1845,1.1384199,2.52,100.0,0.0,60.0,16.959,32.32953
2026-01-16 20:00:00+01:00,1.8345,1.484318,3.2399998,68.0,0.0,1000.0,10.831774,34.228092
2026-01-16 21:00:00+01:00,0.6345,2.2768397,6.8399997,100.0,0.0,60.0,3.286072,41.04068
2026-01-16 22:00:00+01:00,0.7345,3.396233,5.3999996,100.0,0.0,80.0,10.035667,42.370876
2026-01-16 23:00:00+01:00,0.5345,2.9024127,4.68,100.0,0.0,40.0,10.087265,50.763912
2026-01-17 00:00:00+01:00,0.0845,1.2979984,3.2399998,100.0,0.0,60.0,7.205189,50.291183
2026-01-17 01:00:00+01:00,0.3345,1.2979984,2.8799999,100.0,0.0,60.0,4.9291077,38.186287
2026-01-17 02:00:00+01:00,0.0345,0.35999998,2.52,100.0,0.0,60.0,2.3236039,33.522987
2026-01-17 03:00:00+01:00,0.0345,3.4152596,5.3999996,100.0,0.0,60.0,3.6455696,38.80179
2026-01-17 04:00:00+01:00,0.9845,2.5455842,4.32,100.0,0.0,100.0,5.3142853,37.637547
2026-01-17 05:00:00+01:00,1.7845,3.8773184,9.72,56.0,0.0,2640.0,16.959,40.83364
2026-01-17 06:00:00+01:00,0.68450004,2.9024127,5.7599998,81.0,0.0,1000.0,22.104788,33.176426
2026-01-17 07:00:00+01:00,1.3345,4.0249224,3.96,43.0,0.0,2580.0,29.295984,33.597603
2026-01-17 08:00:00+01:00,1.1344999,4.6938252,8.28,75.0,0.0,700.0,25.47419,30.432787
2026-01-17 09:00:00+01:00,0.5345,4.1046314,8.28,96.0,0.0,340.0,17.865383,25.59169
2026-01-17 10:00:00+01:00,2.9345,6.489992,9.0,0.0,0.0,8840.0,21.495148,19.871763
2026-01-17 11:00:00+01:00,4.4845,8.049845,13.679999,0.0,0.0,21720.0,19.642567,19.871763
2026-01-17 12:00:00+01:00,5.0344996,6.519877,14.4,0.0,0.0,15880.0,16.411392,19.900824
2026-01-17 13:00:00+01:00,6.5845,9.449572,14.4,0.0,0.0,31960.0,21.495148,14.909477
2026-01-17 14:00:00+01:00,7.1844997,8.12197,15.84,0.0,0.0,30940.0,19.188004,21.724136
2026-01-17 15:00:00+01:00,7.4344997,7.771331,14.04,0.0,0.0,32540.0,13.215189,23.618853
2026-01-17 16:00:00+01:00,7.1345,8.311245,13.32,0.0,0.0,38460.0,15.5538645,23.03252
2026-01-17 17:00:00+01:00,5.7345,5.4119864,12.599999,0.0,0.0,34680.0,11.92671,23.878408
2026-01-17 18:00:00+01:00,3.6345,4.6938252,7.92,0.0,0.0,18740.0,10.9461975,24.238705
2026-01-17 19:00:00+01:00,3.7845001,5.634891,7.5599995,0.0,0.0,26540.0,13.495072,20.632679
2026-01-17 20:00:00+01:00,3.5345001,7.208994,11.5199995,0.0,0.0,30620.0,16.053188,16.77011
2026-01-17 21:00:00+01:00,2.7845001,7.2359104,11.879999,0.0,0.0,23200.0,16.461926,16.71258
2026-01-17 22:00:00+01:00,2.7845001,5.04,11.159999,0.0,0.0,22320.0,19.225843,17.245792
2026-01-17 23:00:00+01:00,2.3345,5.7599998,10.440001,0.0,0.0,20040.0,17.795506,17.577684
2026-01-18 00:00:00+01:00,1.9844999,6.87779,10.799999,0.0,0.0,16740.0,15.50037,18.516953
2026-01-18 01:00:00+01:00,1.9844999,7.072878,10.440001,0.0,0.0,19800.0,18.6891,13.093462
2026-01-18 02:00:00+01:00,1.6344999,7.342588,12.24,0.0,0.0,17480.0,12.537857,9.950412
2026-01-18 03:00:00+01:00,0.7845,9.028754,14.04,61.0,0.0,6900.0,7.543114,2.2379284
2026-01-18 04:00:00+01:00,0.0345,9.007196,14.759999,100.0,0.0,420.0,5.941551,3.1034482
2026-01-18 05:00:00+01:00,-0.56549996,8.12197,16.919998,100.0,0.0,180.0,3.8667102,7.499821
2026-01-18 06:00:00+01:00,-0.31550002,6.9899354,13.32,100.0,0.0,580.0,6.0797453,8.622896
2026-01-18 07:00:00+01:00,-0.21550001,6.8399997,13.32,100.0,0.0,740.0,4.1265044,11.809426
2026-01-18 08:00:00+01:00,-0.015500002,5.0911684,10.440001,100.0,0.0,2360.0,5.487309,11.41124
2026-01-18 09:00:00+01:00,-0.065500006,4.32,9.0,100.0,0.0,400.0,9.56962,11.858258
2026-01-18 10:00:00+01:00,-0.4155,4.510787,10.08,100.0,0.0,260.0,11.760141,8.6452055
2026-01-18 11:00:00+01:00,-0.1655,2.7416782,8.28,100.0,0.0,320.0,12.694226,10.008319
2026-01-18 12:00:00+01:00,-0.1655,2.52,5.04,100.0,0.0,220.0,11.830561,10.857635
2026-01-18 13:00:00+01:00,-0.4655,2.7416782,5.04,100.0,0.0,120.0,12.961332,12.795844
2026-01-18 14:00:00+01:00,0.1345,1.9386592,6.12,100.0,0.0,220.0,20.097183,13.283339
2026-01-18 15:00:00+01:00,0.68450004,3.6179552,6.8399997,100.0,0.0,1120.0,28.245813,13.283339
2026-01-18 16:00:00+01:00,-0.6155,2.4149535,6.4799995,100.0,0.0,60.0,31.849873,11.41124
2026-01-18 17:00:00+01:00,-1.0655,1.484318,3.6,100.0,0.0,60.0,13.057107,9.454063
2026-01-18 18:00:00+01:00,-1.1155001,1.08,3.6,100.0,0.0,80.0,8.765491,10.4046545
2026-01-18 19:00:00+01:00,-1.2655001,1.2979984,2.16,100.0,0.0,80.0,13.594724,9.6356945
2026-01-18 20:00:00+01:00,-1.4655,1.2979984,2.8799999,100.0,0.0,60.0,14.64622,8.281033
2026-01-18 21:00:00+01:00,-1.4655,1.5273507,2.8799999,100.0,0.0,60.0,15.148044,7.4740934
2026-01-18 22:00:00+01:00,-1.1155001,2.3051248,4.32,100.0,0.0,60.0,22.934696,6.8275857
2026-01-18 23:00:00+01:00,-1.2655001,1.8,4.32,100.0,0.0,60.0,18.31876,8.327425
2026-01-19 00:00:00+01:00,-1.4655,3.096837,5.3999996,100.0,0.0,60.0,14.309151,7.677507
2026-01-19 01:00:00+01:00,-1.4155,3.563818,7.92,100.0,0.0,60.0,14.610731,8.092802
2026-01-19 02:00:00+01:00,-1.6655,4.39436,7.2,100.0,0.0,40.0,10.677303,7.8511715
2026-01-19 03:00:00+01:00,-1.8655001,4.896529,7.92,100.0,0.0,60.0,13.548821,7.2649856
2026-01-19 04:00:00+01:00,-2.0655,4.198285,8.28,100.0,0.0,40.0,15.480263,9.227214
2026-01-19 05:00:00+01:00,-1.9155,3.8939953,6.8399997,100.0,0.0,40.0,16.111294,7.5764823
2026-01-19 06:00:00+01:00,-1.6655,5.3517847,8.64,100.0,0.0,40.0,15.148044,7.0769506
2026-01-19 07:00:00+01:00,-1.9655,4.6102495,9.0,100.0,0.0,60.0,17.400198,5.855574
2026-01-19 08:00:00+01:00,-1.9655,3.396233,8.28,100.0,0.0,60.0,21.110098,3.1034482
2026-01-19 09:00:00+01:00,-1.7655001,4.0249224,7.2,100.0,0.0,60.0,19.338923,3.3425157
2026-01-19 10:00:00+01:00,-1.7655001,3.8268526,8.28,100.0,0.0,40.0,23.42296,3.9255857
2026-01-19 11:00:00+01:00,-1.4155,3.396233,6.4799995,100.0,0.0,60.0,21.354607,4.1637125
2026-01-19 12:00:00+01:00,-0.9155,4.510787,7.5599995,100.0,0.0,60.0,22.42192,7.4740934
2026-01-19 13:00:00+01:00,-1.1655,1.484318,7.5599995,100.0,0.0,60.0,14.47508,10.236675
2026-01-19 14:00:00+01:00,-0.5155,1.609969,4.32,100.0,0.0,100.0,12.269996,14.529971
2026-01-19 15:00:00+01:00,-0.4655,1.609969,4.68,100.0,0.0,100.0,8.753638,16.492132
2026-01-19 16:00:00+01:00,-0.7655,1.1384199,3.6,100.0,0.0,100.0,2.734177,16.433628
2026-01-19 17:00:00+01:00,-0.21550001,3.396233,5.3999996,100.0,0.0,540.0,4.757608,17.773846
2026-01-19 18:00:00+01:00,-0.81549996,1.8,5.3999996,100.0,0.0,80.0,5.012658,16.77011
2026-01-19 19:00:00+01:00,-1.1155001,1.8,3.6,100.0,0.0,80.0,6.524576,19.251385
2026-01-19 20:00:00+01:00,-1.3655001,3.5455887,6.12,100.0,0.0,60.0,8.706063,18.381218
2026-01-19 21:00:00+01:00,-1.9155,3.9763298,7.5599995,100.0,0.0,40.0,10.118097,12.4911375
2026-01-19 22:00:00+01:00,-1.5155001,2.3051248,5.7599998,100.0,0.0,60.0,9.394418,11.776757
2026-01-19 23:00:00+01:00,-1.6655,2.8799999,5.04,100.0,0.0,60.0,8.476439,11.103232
2026-01-20 00:00:00+01:00,-1.9155,3.8773184,7.2,100.0,0.0,40.0,11.848101,9.310345
2026-01-20 01:00:00+01:00,-2.5655,2.8116899,6.12,100.0,0.0,40.0,9.952556,10.714764
2026-01-20 02:00:00+01:00,-2.6655,3.319036,5.3999996,100.0,0.0,40.0,13.594724,11.241167
2026-01-20 03:00:00+01:00,-2.5655,4.6938257,8.28,100.0,0.0,40.0,16.303482,9.392738
2026-01-20 04:00:00+01:00,-3.1655,2.5959969,8.64,100.0,0.0,60.0,14.075039,6.2068963
2026-01-20 05:00:00+01:00,-3.3655,2.1897945,4.68,100.0,0.0,40.0,13.057107,6.329817
2026-01-20 06:00:00+01:00,-3.4155,2.16,5.04,100.0,0.0,60.0,11.012396,5.551616
2026-01-20 07:00:00+01:00,-3.8155,2.5455842,5.7599998,100.0,0.0,60.0,11.254866,10.569963
2026-01-20 08:00:00+01:00,-3.6655,2.7416782,6.12,100.0,0.0,60.0,13.120569,12.4911375
2026-01-20 09:00:00+01:00,-3.2654998,0.8049845,5.3999996,100.0,0.0,60.0,11.02182,12.475707
2026-01-20 10:00:00+01:00,-3.1155,2.0364676,3.96,100.0,0.0,60.0,8.561753,11.189642
2026-01-20 11:00:00+01:00,-2.5154998,1.4399999,3.96,100.0,0.0,60.0,5.941551,15.41761
2026-01-20 12:00:00+01:00,-2.3655,3.0758414,6.8399997,100.0,0.0,60.0,6.7744107,16.018122
2026-01-20 13:00:00+01:00,-1.2155,1.2979984,6.8399997,100.0,0.0,140.0,6.9559,16.398428
2026-01-20 14:00:00+01:00,-0.4655,2.0991426,5.04,100.0,0.0,640.0,8.753638,16.398428
2026-01-20 15:00:00+01:00,-0.065500006,2.4149535,5.04,93.0,0.0,800.0,7.840093,17.290411
2026-01-20 16:00:00+01:00,-0.6655,0.8049845,6.4799995,100.0,0.0,60.0,5.562481,18.096056
2026-01-20 17:00:00+01:00,-0.7655,1.835647,3.96,100.0,0.0,180.0,6.835443,17.78468
2026-01-20 18:00:00+01:00,-1.4155,2.0364676,3.96,100.0,0.0,100.0,6.444517,16.884583
2026-01-20 19:00:00+01:00,-2.2654998,0.8049845,3.6,100.0,0.0,60.0,7.958391,11.858258
2026-01-20 20:00:00+01:00,-2.2654998,2.9024127,4.32,100.0,0.0,80.0,10.831774,13.612786
2026-01-20 21:00:00+01:00,-2.4654999,2.3051248,5.3999996,100.0,0.0,60.0,12.669665,11.858258
2026-01-20 22:00:00+01:00,-3.0655,1.9386592,5.04,100.0,0.0,40.0,13.402427,12.735487
2026-01-20 23:00:00+01:00,-3.7154999,2.9024127,4.68,100.0,0.0,40.0,18.504856,18.127962
2026-01-21 00:00:00+01:00,-4.1155,2.2768397,6.12,100.0,0.0,40.0,21.359468,19.171173
2026-01-21 01:00:00+01:00,-3.5655,4.6800003,9.72,100.0,0.0,40.0,22.825785,15.909525
2026-01-21 02:00:00+01:00,-3.7154999,3.8939953,7.92,100.0,0.0,40.0,15.318443,18.672342
2026-01-21 03:00:00+01:00,-4.0155,4.510787,8.64,100.0,0.0,40.0,16.687443,16.804535
2026-01-21 04:00:00+01:00,-4.0655003,3.0547013,9.0,100.0,0.0,40.0,12.261531,19.28138
2026-01-21 05:00:00+01:00,-3.9655,3.6,6.4799995,100.0,0.0,60.0,13.057107,13.093462
2026-01-21 06:00:00+01:00,-4.2155004,3.8773184,7.2,100.0,0.0,40.0,13.215189,6.8275857
2026-01-21 07:00:00+01:00,-4.6655,3.096837,7.5599995,100.0,0.0,40.0,12.396276,8.886923
2026-01-21 08:00:00+01:00,-5.1155,1.609969,6.12,100.0,0.0,40.0,8.561753,6.7137847
2026-01-21 09:00:00+01:00,-4.9155,1.5273507,3.96,100.0,0.0,40.0,8.21518,8.777877
2026-01-21 10:00:00+01:00,-4.7155004,2.0991426,5.3999996,100.0,0.0,40.0,9.580463,5.855574
2026-01-21 11:00:00+01:00,-4.1155,2.0991426,6.12,100.0,0.0,40.0,10.118097,7.499821
2026-01-21 12:00:00+01:00,-3.3655,3.7064266,7.5599995,100.0,0.0,60.0,11.618018,5.551616
2026-01-21 13:00:00+01:00,-1.7655001,2.0991426,7.5599995,100.0,0.0,160.0,7.7468357,9.037377
2026-01-21 14:00:00+01:00,-0.7155,2.8116899,6.12,98.0,0.0,500.0,9.227144,10.236675
2026-01-21 15:00:00+01:00,-0.065500006,2.3051248,6.4799995,79.0,0.0,3300.0,8.36547,8.327425
2026-01-21 16:00:00+01:00,0.38450003,0.5091169,4.32,63.0,0.0,5540.0,11.821781,8.622896
2026-01-21 17:00:00+01:00,0.18450001,1.484318,4.68,71.0,0.0,4100.0,14.038106,9.164372
2026-01-21 18:00:00+01:00,-0.36549997,2.0991426,2.8799999,0.0,0.0,4340.0,13.949067,6.939521
2026-01-21 19:00:00+01:00,-1.0155001,0.8049845,3.96,71.0,0.0,6380.0,15.553866,4.475857
2026-01-21 20:00:00+01:00,-2.1655,1.484318,2.52,100.0,0.0,80.0,9.994197,5.339374
2026-01-21 21:00:00+01:00,-2.6155,1.2979984,4.32,100.0,0.0,60.0,7.958391,8.092802
2026-01-21 22:00:00+01:00,-2.5154998,1.2979984,5.04,100.0,0.0,80.0,6.3797464,8.442291
2026-01-21 23:00:00+01:00,-2.8155,2.52,3.96,100.0,0.0,60.0,6.970812,7.948705
2026-01-22 00:00:00+01:00,-3.7654998,2.968636,5.3999996,100.0,0.0,40.0,9.688234,7.499821
2026-01-22 01:00:00+01:00,-3.7154999,2.968636,7.5599995,100.0,0.0,40.0,8.476439,7.677507
2026-01-22 02:00:00+01:00,-4.1155,5.1165614,8.28,100.0,0.0,40.0,13.594724,6.939521
2026-01-22 03:00:00+01:00,-4.0155,5.8048253,11.879999,100.0,0.0,40.0,18.250618,5.7224755
2026-01-22 04:00:00+01:00,-4.1155,2.16,9.72,100.0,0.0,60.0,16.360699,8.442291
2026-01-22 05:00:00+01:00,-4.0155,3.096837,5.04,100.0,0.0,60.0,7.1327734,10.533453
2026-01-22 06:00:00+01:00,-3.8655,1.9386592,5.7599998,100.0,0.0,80.0,2.9178793,19.803793
2026-01-22 07:00:00+01:00,-4.6155,2.3051248,5.3999996,100.0,0.0,60.0,8.800955,21.085184
2026-01-22 08:00:00+01:00,-4.5155,2.52,5.04,100.0,0.0,60.0,8.706063,18.096056
2026-01-22 09:00:00+01:00,-4.2655,3.8939953,7.5599995,100.0,0.0,60.0,11.618018,21.86555
2026-01-22 10:00:00+01:00,-4.0155,4.3349743,9.36,100.0,0.0,60.0,8.95301,23.757093
2026-01-22 11:00:00+01:00,-3.0154998,6.489992,11.5199995,100.0,0.0,100.0,18.056154,24.175043
2026-01-22 12:00:00+01:00,-2.0655,5.1165614,11.159999,100.0,0.0,140.0,16.111294,28.693052
2026-01-22 13:00:00+01:00,-1.3155,3.096837,9.0,100.0,0.0,100.0,11.031237,28.558466
2026-01-22 14:00:00+01:00,-0.065500006,2.8116899,6.8399997,90.0,0.0,980.0,12.889034,31.612547
2026-01-22 15:00:00+01:00,0.5845,3.096837,8.28,96.0,0.0,360.0,16.436678,30.735107
2026-01-22 16:00:00+01:00,0.3345,3.5455887,7.92,94.0,0.0,240.0,12.261531,31.312546
2026-01-22 17:00:00+01:00,0.6345,2.5959969,5.7599998,81.0,0.0,2100.0,18.454288,25.20489
2026-01-22 18:00:00+01:00,0.0345,2.0364676,3.96,100.0,0.0,1000.0,27.051624,21.002802
2026-01-22 19:00:00+01:00,0.3345,1.2979984,2.52,100.0,0.0,1000.0,25.90664,21.510277
2026-01-22 20:00:00+01:00,0.4845,2.3051248,4.68,94.0,0.0,2900.0,26.804853,25.561563
2026-01-22 21:00:00+01:00,0.2845,1.2979984,4.68,86.0,0.0,1980.0,23.101595,27.204338
2026-01-22 22:00:00+01:00,0.38450003,1.1384199,2.8799999,92.0,0.0,2560.0,19.71643,30.533892
2026-01-22 23:00:00+01:00,-0.1155,0.8049845,2.8799999,93.0,0.0,1000.0,18.504856,34.244972
2026-01-23 00:00:00+01:00,0.2845,0.35999998,2.16,94.0,0.0,1640.0,18.147924,30.991003
2026-01-23 01:00:00+01:00,0.4845,0.71999997,1.4399999,100.0,0.0,1000.0,17.590109,31.722036
2026-01-23 02:00:00+01:00,0.43449998,1.1384199,2.52,100.0,0.0,640.0,19.504648,32.89655
2026-01-23 03:00:00+01:00,0.0345,0.8049845,1.08,100.0,0.0,100.0,22.884842,36.72574
2026-01-23 04:00:00+01:00,-0.36549997,1.835647,2.8799999,100.0,0.0,100.0,18.6891,44.844555
2026-01-23 05:00:00+01:00,-0.31550002,0.5091169,2.8799999,100.0,0.0,80.0,16.43036,45.64496
2026-01-23 06:00:00+01:00,-0.21550001,1.08,1.08,100.0,0.0,80.0,14.133929,47.400536
2026-01-23 07:00:00+01:00,-0.065500006,2.9024127,5.3999996,100.0,0.0,160.0,17.32245,50.979744
2026-01-23 08:00:00+01:00,-0.1655,1.835647,4.68,100.0,0.0,160.0,14.836392,47.40866
2026-01-23 09:00:00+01:00,-0.21550001,3.0547013,5.04,100.0,0.0,100.0,11.926711,45.225235
2026-01-23 10:00:00+01:00,0.1345,1.484318,5.04,100.0,0.0,200.0,10.118097,43.92448
2026-01-23 11:00:00+01:00,-0.2655,2.2768397,3.96,100.0,0.0,140.0,9.383359,32.84967
2026-01-23 12:00:00+01:00,0.18450001,3.5455887,7.92,100.0,0.0,100.0,5.993747,32.25795
2026-01-23 13:00:00+01:00,0.2845,3.6,7.92,100.0,0.0,120.0,7.6388597,27.112131
2026-01-23 14:00:00+01:00,0.68450004,1.9386592,6.4799995,100.0,0.0,140.0,11.012396,19.120867
2026-01-23 15:00:00+01:00,0.9845,3.8773184,7.92,100.0,0.0,540.0,17.316454,11.444951
2026-01-23 16:00:00+01:00,0.8845,0.35999998,7.92,100.0,0.0,340.0,20.551847,18.26558
2026-01-23 17:00:00+01:00,0.5345,3.8268526,5.7599998,100.0,0.0,200.0,8.21518,18.662022
2026-01-23 18:00:00+01:00,0.4845,1.835647,6.4799995,72.0,0.0,1000.0,5.941551,17.78468
2026-01-23 19:00:00+01:00,0.0845,3.8773184,6.12,100.0,0.0,420.0,6.47666,25.816511
2026-01-23 20:00:00+01:00,-0.4155,2.9024127,8.28,100.0,0.0,140.0,3.286072,34.160492
2026-01-23 21:00:00+01:00,-0.5155,2.5455842,4.32,100.0,0.0,120.0,5.333787,42.48438
2026-01-23 22:00:00+01:00,-0.4655,6.3690495,8.64,100.0,0.0,80.0,7.515534,44.900364
2026-01-23 23:00:00+01:00,-0.2655,4.0249224,10.440001,100.0,0.0,100.0,17.69604,45.91845
2026-01-24 00:00:00+01:00,-0.065500006,2.8116899,6.4799995,100.0,0.3,160.0,15.148044,43.88938
2026-01-24 01:00:00+01:00,0.93450004,4.6800003,5.3999996,89.0,0.6,1400.0,40.87318,40.663464
2026-01-24 02:00:00+01:00,0.7345,3.0758414,9.36,100.0,0.0,1000.0,35.017517,54.19939
2026-01-24 03:00:00+01:00,0.4845,2.6208394,5.3999996,100.0,0.0,1000.0,33.536266,44.417274
2026-01-24 04:00:00+01:00,0.68450004,1.9386592,2.52,95.0,0.0,940.0,24.913708,33.597603
2026-01-24 05:00:00+01:00,0.7345,2.0991426,4.32,98.0,0.0,2300.0,16.316214,28.362186
2026-01-24 06:00:00+01:00,0.6345,3.6179552,6.12,85.0,0.0,2200.0,8.95301,21.002802
2026-01-24 07:00:00+01:00,1.2845,2.5959969,4.68,100.0,0.0,6400.0,9.045312,8.777877
2026-01-24 08:00:00+01:00,0.8845,0.8049845,4.68,100.0,0.0,4240.0,6.524576,2.4827583
2026-01-24 09:00:00+01:00,1.2845,3.8773184,6.12,100.0,0.0,9180.0,7.418196,1.387904
2026-01-24 10:00:00+01:00,1.2845,4.829907,6.12,92.0,0.0,3620.0,10.189676,9.227215
2026-01-24 11:00:00+01:00,1.6344999,8.427383,18.0,100.0,0.0,660.0,17.026215,8.350525
2026-01-24 12:00:00+01:00,2.1845,9.605998,16.199999,90.0,0.0,2440.0,15.031068,8.068965
2026-01-24 13:00:00+01:00,1.7344999,6.151683,15.84,93.0,0.0,1160.0,16.411392,7.777219
2026-01-24 14:00:00+01:00,2.1345,9.255571,16.199999,94.0,0.0,1960.0,17.69604,5.339374
2026-01-24 15:00:00+01:00,1.9345,2.16,14.4,100.0,0.0,5340.0,11.883102,13.268828
2026-01-24 16:00:00+01:00,1.5345,2.52,5.04,100.0,0.0,960.0,10.9461975,18.98945
2026-01-24 17:00:00+01:00,1.4844999,1.2979984,4.32,100.0,0.0,3240.0,4.323114,20.265303
2026-01-24 18:00:00+01:00,1.0845,5.6233797,7.92,100.0,0.0,2240.0,3.5591009,19.311329
2026-01-24 19:00:00+01:00,1.1845,3.319036,6.4799995,100.0,0.0,780.0,5.9240503,22.387888
2026-01-24 20:00:00+01:00,1.0845,2.16,6.4799995,100.0,0.0,460.0,3.2222586,20.47335
2026-01-24 21:00:00+01:00,0.7345,6.5693827,9.36,100.0,0.0,180.0,3.9200466,25.51631
2026-01-24 22:00:00+01:00,0.8345,1.5273507,6.4799995,100.0,0.0,820.0,6.850616,25.935617
2026-01-24 23:00:00+01:00,0.7845,4.3349743,7.92,100.0,0.0,1000.0,3.3175182,19.832952
2026-01-25 00:00:00+01:00,0.5345,4.39436,10.440001,100.0,0.0,2220.0,8.706063,21.230852
2026-01-25 01:00:00+01:00,0.3345,1.2979984,7.5599995,100.0,0.0,360.0,12.84061,15.800178
2026-01-25 02:00:00+01:00,0.5845,4.198285,6.12,100.0,0.0,1000.0,16.91609,13.152178
2026-01-25 03:00:00+01:00,0.68450004,2.16,7.5599995,100.0,0.0,1000.0,20.647614,10.330335
2026-01-25 04:00:00+01:00,0.5345,5.506941,7.92,100.0,0.0,740.0,19.467348,13.166815
2026-01-25 05:00:00+01:00,0.7345,0.8049845,10.799999,100.0,0.0,960.0,14.989566,11.41124
2026-01-25 06:00:00+01:00,0.68450004,2.8116899,6.8399997,100.0,0.0,1020.0,10.974618,15.861018
2026-01-25 07:00:00+01:00,0.4845,2.4149535,6.4799995,100.0,0.0,420.0,11.618018,22.499464
2026-01-25 08:00:00+01:00,0.43449998,3.7064266,7.5599995,100.0,0.0,240.0,12.337506,26.392084
2026-01-25 09:00:00+01:00,0.2845,3.6179552,5.3999996,100.0,0.0,120.0,13.270073,23.17426
2026-01-25 10:00:00+01:00,1.5345,4.510787,6.8399997,100.0,0.0,1940.0,10.087265,20.716534
2026-01-25 11:00:00+01:00,2.0845,5.904439,8.64,100.0,0.0,4700.0,7.3053656,15.714606
2026-01-25 12:00:00+01:00,2.7345002,5.8048253,9.72,92.0,0.0,7400.0,6.347113,18.096056
2026-01-25 13:00:00+01:00,3.3845,7.289445,9.36,87.0,0.0,7260.0,7.5842957,23.099327
2026-01-25 14:00:00+01:00,4.4344997,8.287822,14.4,100.0,0.0,27600.0,11.392405,32.525555
2026-01-25 15:00:00+01:00,4.5845,5.3999996,14.04,100.0,0.0,23780.0,13.525812,30.83522
2026-01-25 16:00:00+01:00,4.6345,3.2599385,9.36,74.0,0.0,23700.0,20.947159,17.167427
2026-01-25 17:00:00+01:00,3.9845002,2.1897945,5.3999996,72.0,0.0,18320.0,23.879524,19.862066
2026-01-25 18:00:00+01:00,2.7345002,5.4119864,8.64,63.0,0.0,9180.0,27.979897,18.713562
2026-01-25 19:00:00+01:00,2.2845001,4.452954,9.0,42.0,0.0,13920.0,24.216297,18.074755
2026-01-25 20:00:00+01:00,1.4844999,3.9763298,6.4799995,40.0,0.0,10600.0,28.150078,18.672342
2026-01-25 21:00:00+01:00,0.7345,0.8049845,5.7599998,56.0,0.0,2600.0,31.234308,21.438515
2026-01-25 22:00:00+01:00,1.1344999,1.8,2.16,60.0,0.0,8720.0,27.116795,22.379282
2026-01-25 23:00:00+01:00,0.93450004,1.8,4.68,91.0,0.0,5760.0,28.538372,23.553514
2026-01-26 00:00:00+01:00,0.68450004,4.0249224,6.12,94.0,0.1,1680.0,24.497644,27.253859
2026-01-26 01:00:00+01:00,1.4844999,5.315336,7.2,89.0,0.4,3140.0,16.718523,29.356714
2026-01-26 02:00:00+01:00,1.3345,3.7064266,8.64,90.0,0.2,2200.0,18.821962,28.980291
2026-01-26 03:00:00+01:00,1.1845,4.6102495,7.5599995,96.0,0.1,1100.0,21.878162,31.25713
2026-01-26 04:00:00+01:00,1.8345,7.145796,12.959999,86.0,0.2,2340.0,27.197084,26.71851
2026-01-26 05:00:00+01:00,1.7845,7.10031,11.879999,100.0,0.3,3180.0,32.32553,34.137928
2026-01-26 06:00:00+01:00,2.1345,7.42159,12.599999,86.0,0.0,3560.0,34.055477,30.420122
2026-01-26 07:00:00+01:00,1.9844999,8.209263,12.599999,88.0,0.0,2720.0,32.05783,26.754532
2026-01-26 08:00:00+01:00,2.0845,10.182337,17.28,74.0,0.0,5820.0,34.422405,28.753408
2026-01-26 09:00:00+01:00,2.2845001,9.1641035,16.56,77.0,0.0,6880.0,33.012035,26.754532
2026-01-26 10:00:00+01:00,3.2345002,10.948973,17.28,70.0,0.0,5540.0,32.613335,23.618853
2026-01-26 11:00:00+01:00,4.1844997,13.276144,21.599998,85.0,0.0,7860.0,35.27748,26.194279
2026-01-26 12:00:00+01:00,5.4344997,18.35647,30.599998,89.0,0.0,27160.0,32.96483,22.422277
2026-01-26 13:00:00+01:00,6.0845,18.075441,30.960001,84.0,0.0,32900.0,30.80587,27.549112
2026-01-26 14:00:00+01:00,6.4845,16.135872,31.68,55.0,0.0,44560.0,29.068275,28.880415
2026-01-26 15:00:00+01:00,6.7345,16.595179,28.08,0.0,0.0,61400.0,31.901989,38.960327
2026-01-26 16:00:00+01:00,6.5344996,14.05845,28.08,0.0,0.0,59860.0,29.114672,37.47341
2026-01-26 17:00:00+01:00,5.2844996,8.759178,22.68,54.0,0.0,52180.0,30.21716,26.164846
2026-01-26 18:00:00+01:00,3.9345,5.4119864,13.32,16.0,0.0,60460.0,28.333897,24.554531
2026-01-26 19:00:00+01:00,3.4845002,5.0911684,7.2,0.0,0.0,54380.0,32.740433,29.179018
2026-01-26 20:00:00+01:00,2.0845,5.0528407,7.5599995,0.0,0.0,42800.0,39.05452,20.47335
2026-01-26 21:00:00+01:00,1.5845,4.802999,8.28,0.0,0.0,40620.0,43.73022,22.430868
2026-01-26 22:00:00+01:00,-0.4655,2.7416782,8.28,0.0,0.0,18560.0,38.551468,22.041037
2026-01-26 23:00:00+01:00,-0.8655,2.1897945,3.2399998,0.0,0.0,13640.0,31.833569,28.551722
2026-01-27 00:00:00+01:00,-0.4655,2.2768397,3.6,0.0,0.0,28560.0,28.256838,33.269196
2026-01-27 01:00:00+01:00,-0.4655,1.9386592,2.8799999,52.0,0.0,26200.0,34.16202,32.22808
2026-01-27 02:00:00+01:00,-1.5155001,3.219938,4.68,52.0,0.0,10120.0,37.732082,26.660769
2026-01-27 03:00:00+01:00,-2.4654999,3.396233,5.3999996,69.0,0.0,2140.0,43.701714,28.659466
2026-01-27 04:00:00+01:00,-2.6655,1.0182338,4.68,75.0,0.0,2280.0,38.41116,31.25713
2026-01-27 05:00:00+01:00,-2.9155,1.9386592,2.52,94.0,0.0,720.0,37.090984,25.151335
2026-01-27 06:00:00+01:00,-3.3155,2.3051248,3.6,100.0,0.0,100.0,36.089294,27.681644
2026-01-27 07:00:00+01:00,-4.1155,1.484318,6.4799995,100.0,0.0,80.0,38.667107,34.18304
2026-01-27 08:00:00+01:00,-3.7154999,1.2979984,3.6,100.0,0.0,80.0,37.383755,36.74671
2026-01-27 09:00:00+01:00,-3.3655,2.7416782,4.68,100.0,0.0,60.0,33.908817,41.49346
2026-01-27 10:00:00+01:00,-3.6655,1.484318,4.32,100.0,0.0,100.0,36.874805,40.47829
2026-01-27 11:00:00+01:00,-2.1655,1.2979984,6.12,100.0,0.0,120.0,39.311558,43.889385
2026-01-27 12:00:00+01:00,-0.81549996,4.6800003,7.92,100.0,0.0,120.0,37.71282,61.36043
2026-01-27 13:00:00+01:00,1.0845,6.8777895,11.879999,0.0,0.0,7100.0,47.77861,74.15617
2026-01-27 14:00:00+01:00,1.6344999,6.151683,12.599999,0.0,0.0,13720.0,51.388714,73.755066
2026-01-27 15:00:00+01:00,1.8345,5.495161,9.72,100.0,0.0,15340.0,58.64865,66.97123
2026-01-27 16:00:00+01:00,2.2845001,4.5820518,12.599999,57.0,1.0,16980.0,51.572247,80.071365
2026-01-27 17:00:00+01:00,2.1345,3.0758414,8.28,61.0,0.4,12740.0,46.297478,80.832756
2026-01-27 18:00:00+01:00,1.5845,2.0991426,6.12,100.0,1.0,7360.0,30.199974,73.989746
2026-01-27 19:00:00+01:00,1.8844999,1.8,3.96,95.0,0.8,9420.0,25.814295,80.41465
2026-01-27 20:00:00+01:00,1.0345,3.396233,5.04,100.0,0.6,2460.0,19.573729,61.272472
2026-01-27 21:00:00+01:00,0.93450004,4.8433046,7.5599995,100.0,0.8,2760.0,19.784773,72.29102
2026-01-27 22:00:00+01:00,1.8844999,2.968636,7.5599995,100.0,1.2,9920.0,14.41038,51.871235
2026-01-27 23:00:00+01:00,1.3844999,4.0249224,6.4799995,99.0,0.8,5160.0,17.865383,45.186886
2026-01-28 00:00:00+01:00,0.8345,2.3051248,6.12,100.0,1.1,2140.0,23.98365,37.51451
2026-01-28 01:00:00+01:00,1.4844999,3.0758414,3.6,100.0,1.1,3820.0,18.437403,23.323399
2026-01-28 02:00:00+01:00,1.0845,0.35999998,2.52,100.0,1.7,1540.0,10.411436,29.494188
2026-01-28 03:00:00+01:00,0.4845,1.484318,6.12,100.0,0.8,320.0,2.7718916,42.005604
2026-01-28 04:00:00+01:00,0.4845,1.1384199,7.2,100.0,1.0,480.0,9.688234,41.34464
2026-01-28 05:00:00+01:00,0.4845,0.8049845,6.12,96.0,0.1,420.0,4.844117,36.430832
2026-01-28 06:00:00+01:00,0.2845,1.9386592,7.5599995,100.0,0.1,160.0,2.577807,28.368979
2026-01-28 07:00:00+01:00,0.7845,3.319036,4.32,100.0,0.1,240.0,6.850616,18.516953
2026-01-28 08:00:00+01:00,0.7845,3.5455887,6.4799995,100.0,0.0,140.0,3.3175182,23.618853
2026-01-28 09:00:00+01:00,0.7345,2.4149535,4.68,100.0,0.4,120.0,6.0797453,20.482758
2026-01-28 10:00:00+01:00,1.3345,3.6,5.3999996,100.0,0.9,300.0,4.9291077,11.858258
2026-01-28 11:00:00+01:00,2.1845,4.1046314,6.8399997,100.0,0.7,240.0,4.556962,6.8557405
2026-01-28 12:00:00+01:00,2.8845,6.489992,10.440001,99.0,0.8,420.0,5.0333285,13.0492525
2026-01-28 13:00:00+01:00,2.7845001,7.8625183,12.599999,100.0,0.7,1660.0,4.0758705,8.622896
2026-01-28 14:00:00+01:00,2.3345,7.0911775,12.599999,99.0,0.9,2980.0,2.577807,10.236675
2026-01-28 15:00:00+01:00,1.7344999,8.78872,11.5199995,99.0,0.8,760.0,4.9291077,12.915714
2026-01-28 16:00:00+01:00,1.3844999,7.289445,14.4,95.0,0.8,420.0,6.330734,10.1040945
2026-01-28 17:00:00+01:00,1.2344999,7.8954163,12.959999,95.0,0.3,640.0,13.144288,12.795844
2026-01-28 18:00:00+01:00,1.0845,7.5685663,12.959999,92.0,0.2,680.0,12.864844,12.226168
2026-01-28 19:00:00+01:00,1.1344999,4.2136917,11.5199995,93.0,0.3,760.0,12.767627,9.813965
2026-01-28 20:00:00+01:00,0.93450004,2.7416782,6.12,89.0,0.3,560.0,14.272824,8.442291
2026-01-28 21:00:00+01:00,0.8845,1.2979984,3.2399998,95.0,0.2,360.0,14.899244,12.320337
2026-01-28 22:00:00+01:00,0.9845,3.396233,5.04,92.0,0.1,1000.0,16.587591,11.103232
2026-01-28 23:00:00+01:00,0.8845,1.2979984,4.68,91.0,0.1,1000.0,15.851416,13.370063
2026-01-29 00:00:00+01:00,0.8345,4.1046314,6.4799995,92.0,0.0,1000.0,16.885372,15.909525
2026-01-29 01:00:00+01:00,1.2344999,7.145796,7.2,91.0,0.0,2120.0,23.311878,17.390388
2026-01-29 02:00:00+01:00,1.6344999,8.587338,13.679999,74.0,0.0,5820.0,28.618301,16.94153
2026-01-29 03:00:00+01:00,1.7344999,8.654987,13.679999,93.0,0.0,4900.0,30.419212,20.716534
2026-01-29 04:00:00+01:00,2.0345001,9.793059,15.4800005,83.0,0.4,6440.0,33.303257,19.987747
2026-01-29 05:00:00+01:00,1.9844999,8.587338,16.56,86.0,0.2,3040.0,29.281805,24.333883
2026-01-29 06:00:00+01:00,1.9844999,10.514218,16.919998,86.0,0.1,6240.0,31.38685,30.286854
2026-01-29 07:00:00+01:00,2.1345,10.587918,16.56,89.0,0.2,4640.0,24.078703,33.367477
2026-01-29 08:00:00+01:00,2.2845001,11.457958,20.519999,98.0,0.4,4540.0,21.878162,33.153194
2026-01-29 09:00:00+01:00,2.2845001,8.404285,18.0,84.0,0.4,5320.0,21.222921,23.7652
2026-01-29 10:00:00+01:00,2.9845002,9.693296,14.04,85.0,0.1,1000.0,18.34142,21.510277
2026-01-29 11:00:00+01:00,3.8345,12.496718,21.24,84.0,0.0,6700.0,14.148615,20.74441
2026-01-29 12:00:00+01:00,4.7345,11.183201,20.880001,88.0,0.0,20220.0,11.087566,16.386677
2026-01-29 13:00:00+01:00,5.3345,10.97262,18.72,77.0,0.0,26820.0,9.666777,16.677967
2026-01-29 14:00:00+01:00,5.8345,9.422101,15.84,54.0,0.0,34220.0,9.125309,15.367554
2026-01-29 15:00:00+01:00,6.3845,5.7599998,12.959999,82.0,0.0,54040.0,9.515216,11.189642
2026-01-29 16:00:00+01:00,6.2844996,5.1919937,11.879999,17.0,0.0,55040.0,12.897088,8.886923
2026-01-29 17:00:00+01:00,5.1345,2.968636,8.64,0.0,0.0,50820.0,13.678478,3.3425157
2026-01-29 18:00:00+01:00,3.2345002,3.671294,5.3999996,0.0,0.0,37000.0,13.456546,6.8557405
2026-01-29 19:00:00+01:00,2.9345,3.2399998,5.04,39.0,0.0,39860.0,10.035667,6.1445136
2026-01-29 20:00:00+01:00,1.9345,3.7585104,6.12,57.0,0.0,25700.0,11.618018,7.0769506
2026-01-29 21:00:00+01:00,1.5845,4.0249224,6.12,58.0,0.0,19320.0,15.792356,9.474416
2026-01-29 22:00:00+01:00,1.7845,2.8799999,6.12,87.0,0.0,12240.0,15.480263,13.093462
2026-01-29 23:00:00+01:00,1.6845,1.8,3.2399998,86.0,0.0,10360.0,12.396276,18.25503
2026-01-30 00:00:00+01:00,1.0345,3.096837,5.04,78.0,0.0,8180.0,11.02182,19.716057
2026-01-30 01:00:00+01:00,0.5345,1.08,3.96,6.0,0.0,4840.0,16.316214,16.327795
2026-01-30 02:00:00+01:00,0.0845,1.1384199,2.52,77.0,0.0,2480.0,19.600233,15.95788
2026-01-30 03:00:00+01:00,-0.2655,2.0364676,4.68,100.0,0.0,300.0,23.542343,19.251387
2026-01-30 04:00:00+01:00,-0.1655,3.671294,6.4799995,100.0,0.0,260.0,26.260914,23.878407
2026-01-30 05:00:00+01:00,0.2345,1.9386592,5.7599998,100.0,0.0,880.0,30.18622,25.69685
2026-01-30 06:00:00+01:00,-0.21550001,2.8116899,3.96,100.0,0.0,860.0,39.181923,34.513916
2026-01-30 07:00:00+01:00,0.5345,2.9024127,5.04,98.0,0.0,4040.0,38.99066,29.702448
2026-01-30 08:00:00+01:00,0.5345,2.4149535,5.04,95.0,0.1,1580.0,32.86072,32.40095
2026-01-30 09:00:00+01:00,0.5845,1.9386592,3.2399998,94.0,0.0,640.0,31.472742,37.570953
2026-01-30 10:00:00+01:00,1.2845,5.634891,7.5599995,98.0,0.8,820.0,39.961205,41.143806
2026-01-30 11:00:00+01:00,1.7344999,8.217153,14.04,88.0,0.6,1880.0,49.995914,43.060833
2026-01-30 12:00:00+01:00,1.9345,9.885262,17.28,98.0,0.2,1780.0,55.596798,39.083733
2026-01-30 13:00:00+01:00,1.7845,11.183201,19.44,94.0,0.4,4600.0,48.91045,43.48815
2026-01-30 14:00:00+01:00,2.3845,12.096214,20.519999,95.0,0.4,5200.0,50.746227,41.752625
2026-01-30 15:00:00+01:00,2.9345,10.163227,21.599998,90.0,0.5,7680.0,49.005882,36.048122
2026-01-30 16:00:00+01:00,3.7845001,10.636766,16.919998,85.0,0.3,5060.0,46.48101,32.995945
2026-01-30 17:00:00+01:00,3.9845002,9.255571,17.64,96.0,0.0,10380.0,43.865345,30.822723
2026-01-30 18:00:00+01:00,3.5345001,7.172949,14.759999,96.0,0.0,11720.0,45.39841,32.490005
2026-01-30 19:00:00+01:00,3.7345002,8.209263,12.24,60.0,0.0,12580.0,45.753803,29.198812
2026-01-30 20:00:00+01:00,2.7845001,4.1046314,12.24,68.0,0.0,6660.0,40.194366,27.373749
2026-01-30 21:00:00+01:00,2.1345,2.2768397,5.7599998,82.0,0.0,4480.0,36.583633,27.373749
2026-01-30 22:00:00+01:00,2.6845,1.9386592,3.2399998,93.0,0.0,3840.0,32.26445,25.816511
2026-01-30 23:00:00+01:00,2.4345,3.319036,5.3999996,97.0,0.0,7240.0,34.542854,25.538944
2026-01-31 00:00:00+01:00,2.0345001,2.0991426,5.04,92.0,0.0,3000.0,31.390156,20.864775
2026-01-31 01:00:00+01:00,2.4345,1.2979984,2.16,100.0,0.0,920.0,20.907467,20.293798
2026-01-31 02:00:00+01:00,2.5345001,2.5455842,2.8799999,100.0,0.0,1820.0,17.123507,16.71258
2026-01-31 03:00:00+01:00,2.3345,1.484318,3.96,100.0,0.0,4660.0,14.265547,14.167504
2026-01-31 04:00:00+01:00,2.1845,3.8939953,3.6,100.0,0.0,7000.0,9.994197,11.394346
2026-01-31 05:00:00+01:00,2.1345,2.1897945,4.68,100.0,0.0,3760.0,7.7334204,5.339374
2026-01-31 06:00:00+01:00,2.1345,1.9386592,2.8799999,100.0,0.0,5860.0,7.7468357,3.1034482
2026-01-31 07:00:00+01:00,1.9345,3.8773184,2.8799999,100.0,0.0,2740.0,4.323114,5.339374
2026-01-31 08:00:00+01:00,2.3345,4.896529,10.08,97.0,0.0,4100.0,5.0333285,1.387904
2026-01-31 09:00:00+01:00,2.1845,3.8268526,6.4799995,99.0,0.0,1660.0,6.3960004,0.6206896
2026-01-31 10:00:00+01:00,2.0845,2.0991426,5.3999996,100.0,0.0,220.0,3.67394,3.1034482
2026-01-31 11:00:00+01:00,2.5345001,1.1384199,6.4799995,100.0,0.0,620.0,3.89347,5.855574
2026-01-31 12:00:00+01:00,3.0845,0.8049845,3.96,100.0,0.0,5560.0,3.4704785,3.6192114
2026-01-31 13:00:00+01:00,3.3845,3.319036,8.28,98.0,0.0,8760.0,6.1307654,0.87778765
2026-01-31 14:00:00+01:00,3.5845,5.904439,9.36,100.0,0.0,9600.0,2.9178793,1.2413791
2026-01-31 15:00:00+01:00,3.7845001,6.28713,10.08,100.0,0.0,13200.0,6.1307654,1.2413791
2026-01-31 16:00:00+01:00,3.2845001,6.6087217,12.599999,100.0,0.0,12380.0,5.709857,1.387904
2026-01-31 17:00:00+01:00,3.2345002,5.1544156,10.440001,100.0,0.0,11300.0,9.784211,1.8620689
2026-01-31 18:00:00+01:00,3.0345001,2.5959969,7.5599995,100.0,0.0,9920.0,11.961482,1.8620689
2026-01-31 19:00:00+01:00,2.6845,2.9024127,5.7599998,100.0,0.0,7720.0,7.20519,3.1034482
2026-01-31 20:00:00+01:00,2.4345,2.9024127,3.96,100.0,0.0,7120.0,1.643036,7.0769506
2026-01-31 21:00:00+01:00,2.3345,1.2979984,4.68,100.0,0.0,8160.0,1.643036,6.2378535
2026-01-31 22:00:00+01:00,2.6345,2.0991426,1.8,100.0,0.0,8860.0,2.278481,4.3889384
2026-01-31 23:00:00+01:00,2.4845002,2.5959969,4.32,100.0,0.0,7480.0,4.556962,5.5862064
2026-02-01 00:00:00+01:00,2.2845001,0.5091169,3.6,100.0,0.0,3900.0,4.0758705,4.9655166
2026-02-01 01:00:00+01:00,2.4345,2.3051248,2.8799999,100.0,0.0,9380.0,3.67394,3.9255857
2026-02-01 02:00:00+01:00,2.1345,1.835647,3.96,100.0,0.0,5500.0,5.709857,3.7755077
2026-02-01 03:00:00+01:00,1.9844999,3.0547013,3.96,100.0,0.0,4000.0,6.0797453,5.339374
2026-02-01 04:00:00+01:00,1.9345,2.5455842,5.3999996,100.0,0.0,3300.0,5.7641516,3.1034482
2026-02-01 05:00:00+01:00,1.9844999,2.5959969,3.6,100.0,0.0,2720.0,6.444517,5.2667265
2026-02-01 06:00:00+01:00,1.6845,2.5959969,6.12,100.0,0.0,2380.0,7.3053656,7.5764823
2026-02-01 07:00:00+01:00,1.7845,1.835647,4.32,100.0,0.0,2280.0,8.706063,8.777877
2026-02-01 08:00:00+01:00,1.9345,1.0182338,3.6,100.0,0.0,2880.0,10.638334,12.320337
2026-02-01 09:00:00+01:00,2.0345001,1.9386592,2.52,98.0,0.0,1400.0,15.09311,12.795844
2026-02-01 10:00:00+01:00,2.1845,1.8,5.7599998,95.0,0.0,3880.0,14.503743,17.256958
2026-02-01 11:00:00+01:00,2.9345,3.319036,5.7599998,94.0,0.0,5220.0,16.512306,15.702343
2026-02-01 12:00:00+01:00,3.8845,7.289445,12.599999,80.0,0.0,6000.0,20.143627,20.632679
2026-02-01 13:00:00+01:00,4.5845,2.9024127,13.679999,75.0,0.0,10100.0,15.311664,17.78468
2026-02-01 14:00:00+01:00,5.2844996,6.1305785,11.5199995,83.0,0.0,19040.0,17.08101,20.265303
2026-02-01 15:00:00+01:00,5.4344997,4.39436,13.679999,70.0,0.0,23940.0,17.748766,24.333883
2026-02-01 16:00:00+01:00,5.3345,6.9899354,10.799999,63.0,0.0,26220.0,22.347704,25.994967
2026-02-01 17:00:00+01:00,4.7844996,4.6938252,12.959999,56.0,0.0,23840.0,22.880306,27.931032
2026-02-01 18:00:00+01:00,3.8345,5.00128,8.64,55.0,0.0,18540.0,23.42296,29.14599
2026-02-01 19:00:00+01:00,3.0345001,3.6,7.92,57.0,0.0,23360.0,25.47419,24.341797
2026-02-01 20:00:00+01:00,2.2345002,4.510787,6.8399997,90.0,0.0,18860.0,30.626717,26.653542
2026-02-01 21:00:00+01:00,1.9844999,2.9024127,6.8399997,70.0,0.0,9780.0,36.455696,29.721897
2026-02-01 22:00:00+01:00,2.3345,1.8,5.3999996,74.0,0.0,7820.0,45.123127,27.549112
2026-02-01 23:00:00+01:00,2.2845001,3.319036,5.3999996,88.0,0.0,5220.0,53.681324,30.816475
2026-02-02 00:00:00+01:00,2.3345,3.7064266,6.8399997,92.0,0.2,3500.0,46.12222,35.98394
2026-02-02 01:00:00+01:00,2.4845002,1.8,5.7599998,89.0,0.1,2820.0,46.440784,37.882412
2026-02-02 02:00:00+01:00,1.9345,2.1897945,3.6,94.0,0.0,1000.0,39.09969,47.69627
2026-02-02 03:00:00+01:00,1.9844999,1.1384199,3.6,100.0,0.1,1940.0,40.646465,45.577385
2026-02-02 04:00:00+01:00,1.7845,1.5273507,3.2399998,97.0,0.2,1000.0,48.742455,40.344826
2026-02-02 05:00:00+01:00,1.6344999,3.096837,3.96,95.0,0.0,1000.0,47.728603,40.587597
2026-02-02 06:00:00+01:00,1.7344999,1.484318,3.96,97.0,0.0,2520.0,41.56839,47.270313
2026-02-02 07:00:00+01:00,2.1345,1.835647,3.2399998,92.0,0.3,2400.0,52.94319,51.123127
2026-02-02 08:00:00+01:00,2.2845001,3.563818,6.4799995,94.0,0.0,3080.0,48.14231,52.586735
2026-02-02 09:00:00+01:00,2.3345,2.8799999,6.8399997,100.0,0.0,600.0,40.984802,49.472504
2026-02-02 10:00:00+01:00,2.6845,1.8,7.2,100.0,0.0,120.0,40.824883,60.865574
2026-02-02 11:00:00+01:00,3.4345,2.9024127,8.28,100.0,0.0,240.0,32.122543,61.473347
2026-02-02 12:00:00+01:00,4.3845,2.8116899,6.8399997,94.0,0.0,460.0,22.638515,63.50781
2026-02-02 13:00:00+01:00,7.0344996,5.315336,5.7599998,41.0,0.0,42820.0,29.895893,58.575474
2026-02-02 14:00:00+01:00,7.3345,0.8049845,9.0,51.0,0.0,39960.0,21.257141,51.621826
2026-02-02 15:00:00+01:00,7.4845,6.725354,11.879999,65.0,0.0,38400.0,15.680186,54.57835
2026-02-02 16:00:00+01:00,7.4344997,4.3349743,11.879999,17.0,0.0,40440.0,20.947159,55.54739
2026-02-02 17:00:00+01:00,6.7844996,5.3517847,8.64,16.0,0.0,33600.0,12.396276,50.37155
2026-02-02 18:00:00+01:00,5.3845,5.1919937,10.440001,31.0,0.0,36040.0,13.049152,41.419117
2026-02-02 19:00:00+01:00,4.7844996,6.12,9.0,31.0,0.0,27020.0,9.612922,42.370876
2026-02-02 20:00:00+01:00,4.6345,6.696387,11.879999,50.0,0.0,25460.0,8.561753,52.17117
2026-02-02 21:00:00+01:00,4.7844996,5.815978,9.72,60.0,0.0,30320.0,16.22688,51.796913
2026-02-02 22:00:00+01:00,5.1345,2.16,12.599999,100.0,0.4,36420.0,14.723995,72.410835
2026-02-02 23:00:00+01:00,4.9845,6.1305785,12.599999,100.0,0.6,24740.0,15.311664,71.53835
2026-02-03 00:00:00+01:00,4.3845,7.4128532,12.599999,30.0,0.4,20040.0,12.84061,69.79654
2026-02-03 01:00:00+01:00,3.8345,10.195057,15.84,60.0,0.0,10040.0,19.030432,68.53774
2026-02-03 02:00:00+01:00,3.8845,8.587338,16.919998,46.0,0.0,17140.0,31.446339,60.142868
2026-02-03 03:00:00+01:00,3.9845002,9.107359,16.919998,18.0,0.0,24460.0,36.072033,44.317413
2026-02-03 04:00:00+01:00,4.6844997,14.84318,18.359999,0.0,0.0,31380.0,39.68745,35.860607
2026-02-03 05:00:00+01:00,3.8345,14.529915,26.28,0.0,0.0,19940.0,45.89655,38.52778
2026-02-03 06:00:00+01:00,3.5845,9.114471,21.24,0.0,0.0,25520.0,36.484165,44.96467
2026-02-03 07:00:00+01:00,3.3845,1.609969,13.32,0.0,0.0,28880.0,20.822872,42.49798
2026-02-03 08:00:00+01:00,2.4345,3.219938,12.599999,87.0,0.0,7440.0,40.248577,63.99127
2026-02-03 09:00:00+01:00,1.8844999,4.5536795,9.0,79.0,0.0,920.0,58.89774,48.118458
2026-02-03 10:00:00+01:00,3.9345,4.510787,14.04,41.0,0.0,5940.0,71.20098,53.853542
2026-02-03 11:00:00+01:00,5.6345,15.94601,26.64,94.0,0.0,17360.0,92.546715,73.02012
2026-02-03 12:00:00+01:00,6.9344997,30.500309,57.96,66.0,0.2,24280.0,84.83786,75.739395
2026-02-03 13:00:00+01:00,6.4845,22.7057,49.32,89.0,0.6,18440.0,61.73969,69.08641
2026-02-03 14:00:00+01:00,6.5845,19.469975,39.6,65.0,0.5,21300.0,66.23133,68.90773
2026-02-03 15:00:00+01:00,7.4344997,14.973576,30.599998,35.0,0.0,31660.0,69.38863,67.472694
2026-02-03 16:00:00+01:00,8.434501,14.345898,26.64,0.0,0.0,39500.0,59.335075,73.78117
2026-02-03 17:00:00+01:00,7.6345,8.28,22.319998,0.0,0.0,36040.0,42.750523,68.436485
2026-02-03 18:00:00+01:00,5.8845,4.5820518,12.24,0.0,0.0,32040.0,30.967232,61.545376
2026-02-03 19:00:00+01:00,4.6345,2.6208394,6.4799995,20.0,0.0,20980.0,27.53099,50.156944
2026-02-03 20:00:00+01:00,4.5845,3.9763298,5.7599998,53.0,0.0,30280.0,26.668936,48.73501
2026-02-03 21:00:00+01:00,4.1345,3.319036,4.68,57.0,0.0,27920.0,23.258368,55.411976
2026-02-03 22:00:00+01:00,3.9345,4.5536795,4.68,81.0,0.0,8380.0,16.411392,43.89816
2026-02-03 23:00:00+01:00,3.4345,2.8116899,6.8399997,78.0,0.0,5300.0,15.419778,33.153194
2026-02-04 00:00:00+01:00,2.2845001,3.2599385,5.3999996,77.0,0.0,1620.0,13.548821,28.853722
2026-02-04 01:00:00+01:00,1.4844999,4.6800003,5.7599998,88.0,0.0,380.0,16.162766,27.875805
2026-02-04 02:00:00+01:00,1.2845,4.379589,7.2,98.0,0.0,200.0,11.392405,23.364658
2026-02-04 03:00:00+01:00,1.0845,4.896529,7.5599995,98.0,0.0,220.0,6.970812,23.17426
2026-02-04 04:00:00+01:00,1.2344999,5.1544156,7.5599995,49.0,0.0,2580.0,16.91609,25.561563
2026-02-04 05:00:00+01:00,1.2845,4.6938252,8.64,0.0,0.0,11300.0,18.953892,24.554531
2026-02-04 06:00:00+01:00,0.68450004,4.0249224,7.2,0.0,0.0,5980.0,19.784773,20.208189
2026-02-04 07:00:00+01:00,0.7845,6.924738,6.8399997,0.0,0.0,9840.0,21.615568,9.931033
2026-02-04 08:00:00+01:00,0.7345,6.2145634,9.72,52.0,0.0,7520.0,21.725767,13.152178
2026-02-04 09:00:00+01:00,1.2344999,5.634891,10.440001,11.0,0.0,5640.0,21.13959,14.181093
2026-02-04 10:00:00+01:00,2.0345001,5.5887027,10.440001,55.0,0.0,10080.0,18.6891,13.398848
2026-02-04 11:00:00+01:00,2.7845001,4.198285,9.36,15.0,0.0,15080.0,18.454288,18.98945
2026-02-04 12:00:00+01:00,3.4845002,7.42159,12.959999,63.0,0.0,10120.0,13.708807,24.897316
2026-02-04 13:00:00+01:00,3.5345001,4.1046314,12.24,64.0,0.0,6860.0,10.9461975,24.8586
2026-02-04 14:00:00+01:00,4.2345,7.9932966,13.679999,80.0,0.0,10420.0,15.372571,23.190878
2026-02-04 15:00:00+01:00,5.0845,5.771239,13.679999,55.0,0.0,16380.0,14.589397,23.331656
2026-02-04 16:00:00+01:00,5.3845,5.6920996,9.72,56.0,0.0,17500.0,12.889034,12.194616
2026-02-04 17:00:00+01:00,4.9845,5.3517847,10.08,44.0,0.0,26480.0,9.113924,14.003396
2026-02-04 18:00:00+01:00,3.3845,3.319036,8.64,50.0,0.0,13320.0,6.524576,11.189642
2026-02-04 19:00:00+01:00,2.1345,1.4399999,3.6,52.0,0.0,8800.0,2.3236039,10.998648
2026-02-04 20:00:00+01:00,1.2845,2.0364676,2.52,95.0,0.0,3680.0,4.488087,13.268828
2026-02-04 21:00:00+01:00,0.8845,0.35999998,2.16,100.0,0.0,2220.0,7.958392,13.781546
2026-02-04 22:00:00+01:00,0.4845,2.5959969,3.6,98.0,0.0,2200.0,10.599223,9.331011
2026-02-04 23:00:00+01:00,0.0345,2.4149535,3.2399998,100.0,0.0,3040.0,13.881914,6.6850314
2026-02-05 00:00:00+01:00,-0.6155,2.8116899,5.7599998,100.0,0.0,300.0,16.91609,8.442291
2026-02-05 01:00:00+01:00,-0.8655,2.9024127,6.12,100.0,0.0,160.0,18.301748,10.1040945
2026-02-05 02:00:00+01:00,-1.0655,1.8,4.32,100.0,0.0,140.0,17.917614,13.781546
2026-02-05 03:00:00+01:00,-0.96549994,3.8939953,6.4799995,100.0,0.0,140.0,21.42257,18.25503
2026-02-05 04:00:00+01:00,-0.4655,2.5959969,6.8399997,100.0,0.0,120.0,26.700062,19.480164
2026-02-05 05:00:00+01:00,-0.4155,5.1919937,8.64,100.0,0.0,120.0,36.914207,24.710932
2026-02-05 06:00:00+01:00,-0.36549997,6.638072,10.799999,100.0,0.0,120.0,48.047325,30.816475
2026-02-05 07:00:00+01:00,-0.5155,4.0249224,11.5199995,99.0,0.0,460.0,51.927376,35.504314
2026-02-05 08:00:00+01:00,-0.56549996,3.671294,5.7599998,100.0,0.0,240.0,46.75052,31.649084
2026-02-05 09:00:00+01:00,-0.31550002,5.2416787,8.28,91.0,0.0,380.0,46.812664,27.57008
2026-02-05 10:00:00+01:00,0.8345,2.5455842,9.36,89.0,0.0,800.0,34.47967,28.531475
2026-02-05 11:00:00+01:00,2.1845,4.3498964,10.08,93.0,0.0,4380.0,39.097034,32.042255
2026-02-05 12:00:00+01:00,3.7345002,4.0249224,10.799999,74.0,0.0,10300.0,25.701426,29.954306
2026-02-05 13:00:00+01:00,3.6345,1.484318,11.159999,100.0,0.0,680.0,20.404812,27.820469
2026-02-05 14:00:00+01:00,4.8845,1.0182338,7.2,60.0,0.0,9480.0,13.594724,31.312546
2026-02-05 15:00:00+01:00,6.1345,1.1384199,6.4799995,0.0,0.0,27080.0,8.706063,33.93419
2026-02-05 16:00:00+01:00,5.9845,0.71999997,5.04,37.0,0.0,9680.0,9.7416725,40.057327
2026-02-05 17:00:00+01:00,6.0344996,5.904439,10.08,0.0,0.0,32460.0,13.464261,41.71108
2026-02-05 18:00:00+01:00,3.9345,7.42159,11.879999,0.0,0.0,14560.0,19.679535,35.769176
2026-02-05 19:00:00+01:00,3.0845,5.634891,12.24,0.0,0.0,20480.0,23.683054,29.857687
2026-02-05 20:00:00+01:00,2.4345,6.9247384,14.4,0.0,0.0,16700.0,25.112953,24.593725
2026-02-05 21:00:00+01:00,1.9345,3.6179552,11.159999,0.0,0.0,11080.0,22.546602,14.609298
2026-02-05 22:00:00+01:00,1.6845,1.609969,7.2,67.0,0.0,1680.0,16.43036,9.494725
2026-02-05 23:00:00+01:00,1.6845,0.5091169,4.68,90.0,0.0,1540.0,12.51299,22.041039
2026-02-06 00:00:00+01:00,1.2845,3.219938,6.4799995,73.0,0.0,1000.0,36.278683,23.95894
2026-02-06 01:00:00+01:00,1.7344999,3.6179552,7.92,99.0,0.0,780.0,31.535362,19.490047
2026-02-06 02:00:00+01:00,2.3845,1.484318,5.7599998,78.0,0.6,4360.0,24.27197,38.871227
2026-02-06 03:00:00+01:00,2.1845,3.396233,6.8399997,83.0,0.3,1000.0,33.20334,37.61707
2026-02-06 04:00:00+01:00,2.3345,4.198285,7.5599995,87.0,0.1,1620.0,38.37871,42.579487
2026-02-06 05:00:00+01:00,3.5345001,7.5170207,12.599999,86.0,0.3,7680.0,60.792336,43.805916
2026-02-06 06:00:00+01:00,3.8845,8.587338,14.04,100.0,0.2,5740.0,62.700882,41.752625
2026-02-06 07:00:00+01:00,3.9345,6.763786,14.04,92.0,0.3,4680.0,56.623802,49.670685
2026-02-06 08:00:00+01:00,4.1345,7.072878,12.599999,100.0,0.2,3600.0,48.303795,46.7458
2026-02-06 09:00:00+01:00,4.3345,7.7043357,11.879999,100.0,0.6,2940.0,53.473965,44.19118
2026-02-06 10:00:00+01:00,5.4344997,9.255571,14.04,95.0,0.9,5340.0,48.952885,45.412262
2026-02-06 11:00:00+01:00,5.9845,10.799999,19.08,87.0,0.5,640.0,44.518505,54.652416
2026-02-06 12:00:00+01:00,7.0344996,14.118243,25.56,100.0,0.1,9980.0,44.392387,52.152706
2026-02-06 13:00:00+01:00,7.4344997,16.418526,29.519999,100.0,0.0,8840.0,40.165943,47.37208
2026-02-06 14:00:00+01:00,7.7345,15.408671,28.8,85.0,0.4,9660.0,42.005695,43.190365
2026-02-06 15:00:00+01:00,8.0845,8.699793,25.199999,89.0,0.0,16820.0,40.77144,43.664974
2026-02-06 16:00:00+01:00,8.3845005,8.373386,15.119999,68.0,0.0,18920.0,39.791958,42.302624
2026-02-06 17:00:00+01:00,8.0845,10.483357,17.28,89.0,0.2,19140.0,42.281635,41.618618
2026-02-06 18:00:00+01:00,7.2844996,8.4042845,17.64,97.0,0.4,22780.0,46.079422,40.30661
2026-02-06 19:00:00+01:00,7.0344996,9.36,15.84,60.0,1.0,17400.0,44.63264,42.24795
2026-02-06 20:00:00+01:00,6.5344996,11.792404,18.359999,79.0,0.5,17460.0,43.465866,35.98394
2026-02-06 21:00:00+01:00,6.0845,7.42159,20.519999,86.0,0.8,18100.0,41.889366,37.943382
2026-02-06 22:00:00+01:00,5.7345,6.638072,10.799999,50.0,0.2,13900.0,44.518505,38.065025
2026-02-06 23:00:00+01:00,5.0845,4.6938257,12.599999,37.0,0.5,5680.0,39.48549,37.637547
2026-02-07 00:00:00+01:00,4.5344996,3.8773184,7.92,45.0,0.0,7120.0,34.611916,28.484177
2026-02-07 01:00:00+01:00,4.3345,4.0249224,8.64,89.0,0.0,460.0,22.254591,28.484177
2026-02-07 02:00:00+01:00,3.8845,2.5959969,7.2,76.0,0.1,2360.0,21.461308,24.734306
2026-02-07 03:00:00+01:00,3.8345,1.9386592,6.4799995,76.0,0.0,6920.0,20.133314,20.016638
2026-02-07 04:00:00+01:00,3.9845002,1.4399999,2.8799999,100.0,0.0,4680.0,12.792001,18.908127
2026-02-07 05:00:00+01:00,4.2844996,0.71999997,3.2399998,68.0,0.0,15260.0,8.21518,17.290411
2026-02-07 06:00:00+01:00,4.0845,1.1384199,1.8,100.0,0.0,5460.0,5.0333285,15.566816
2026-02-07 07:00:00+01:00,3.5345001,1.08,1.4399999,100.0,0.0,3300.0,4.323114,6.8557405
2026-02-07 08:00:00+01:00,3.2845001,0.8049845,2.16,76.0,0.0,3780.0,6.444517,4.3889384
2026-02-07 09:00:00+01:00,3.1345,0.0,1.08,92.0,0.0,260.0,5.487309,2.2379284
2026-02-07 10:00:00+01:00,4.4344997,2.3051248,2.52,100.0,0.0,380.0,4.757608,5.339374
2026-02-07 11:00:00+01:00,5.8845,1.8,5.3999996,93.0,0.0,8400.0,2.3236039,5.6205835
2026-02-07 12:00:00+01:00,7.0845,7.145796,8.64,96.0,0.0,18020.0,4.323114,7.5510154
2026-02-07 13:00:00+01:00,5.8345,4.0249224,9.0,100.0,0.0,700.0,5.487309,5.551616
2026-02-07 14:00:00+01:00,5.4845,3.8268526,7.5599995,100.0,0.0,340.0,1.4410379,6.2068963
2026-02-07 15:00:00+01:00,6.8345,2.4149535,4.68,39.0,0.0,19140.0,0.4556962,6.6850314
2026-02-07 16:00:00+01:00,5.4845,3.563818,6.8399997,100.0,0.0,260.0,4.1265044,8.068965
2026-02-07 17:00:00+01:00,5.8345,3.6179552,7.92,77.0,0.0,9840.0,8.658227,5.6205835
2026-02-07 18:00:00+01:00,4.8345,4.1046314,6.12,91.0,0.0,2860.0,5.094838,7.2649856
2026-02-07 19:00:00+01:00,4.2844996,2.5455842,5.3999996,100.0,0.0,1000.0,6.524576,7.0769506
2026-02-07 20:00:00+01:00,4.0345,1.2979984,3.2399998,70.0,0.0,1120.0,8.95301,7.4740934
2026-02-07 21:00:00+01:00,3.6345,1.609969,2.16,81.0,0.0,980.0,12.4380865,8.622896
2026-02-07 22:00:00+01:00,3.6345,1.08,5.3999996,87.0,0.0,2280.0,16.182028,4.1637125
2026-02-07 23:00:00+01:00,3.9345,0.5091169,3.2399998,87.0,0.0,1460.0,13.670886,5.3031745
2026-02-08 00:00:00+01:00,3.2345002,1.8,4.68,100.0,0.0,100.0,9.837129,5.551616
2026-02-08 01:00:00+01:00,2.5845,0.71999997,3.6,100.0,0.0,240.0,10.569795,6.2068963
2026-02-08 02:00:00+01:00,2.5845,1.1384199,1.08,100.0,0.0,680.0,11.883102,3.9743526
2026-02-08 03:00:00+01:00,2.5845,1.4399999,2.52,100.0,0.0,120.0,8.476439,3.9743526
2026-02-08 04:00:00+01:00,2.7345002,1.609969,3.2399998,100.0,0.0,1740.0,6.1138062,3.9255857
2026-02-08 05:00:00+01:00,2.5845,2.2768397,3.96,100.0,0.0,900.0,6.7744107,6.598021
2026-02-08 06:00:00+01:00,2.4845002,1.2979984,2.52,100.0,0.0,360.0,5.709857,4.5186887
2026-02-08 07:00:00+01:00,2.4345,1.484318,5.04,100.0,0.0,460.0,8.21518,3.9743526
2026-02-08 08:00:00+01:00,2.9345,3.7064266,6.8399997,100.0,0.0,5220.0,10.974618,7.499821
2026-02-08 09:00:00+01:00,2.9845002,3.0547013,5.04,100.0,0.0,1100.0,11.85686,9.392738
2026-02-08 10:00:00+01:00,3.1345,3.7585104,5.3999996,100.0,0.0,5580.0,16.265226,13.655171
2026-02-08 11:00:00+01:00,3.8845,4.68,9.72,100.0,0.0,9040.0,17.15985,14.396789
2026-02-08 12:00:00+01:00,4.8845,5.0528407,9.0,95.0,0.0,15580.0,17.177994,14.999642
2026-02-08 13:00:00+01:00,3.7845001,1.484318,9.0,100.0,0.0,600.0,15.916782,20.01664
2026-02-08 14:00:00+01:00,4.4845,4.6938252,7.92,100.0,0.0,4720.0,15.318443,17.773846
2026-02-08 15:00:00+01:00,4.5344996,5.1544156,10.08,100.0,0.0,4140.0,13.144288,16.65485
2026-02-08 16:00:00+01:00,4.0845,4.896529,8.64,100.0,0.0,4680.0,12.603934,16.386677
2026-02-08 17:00:00+01:00,4.1345,6.830519,11.159999,100.0,0.0,9020.0,9.994198,16.952896
2026-02-08 18:00:00+01:00,3.7345002,5.315336,10.799999,100.0,0.0,4540.0,8.753638,17.290411
2026-02-08 19:00:00+01:00,3.4845002,4.39436,8.64,90.0,0.0,3740.0,15.553866,20.055098
2026-02-08 20:00:00+01:00,3.5345001,1.2979984,6.12,85.0,0.0,9680.0,13.402427,14.289349
2026-02-08 21:00:00+01:00,3.2345002,2.7416782,3.96,98.0,0.0,5320.0,11.961482,9.813965
2026-02-08 22:00:00+01:00,3.3345,3.096837,7.2,100.0,0.0,2360.0,10.189676,11.0510645
2026-02-08 23:00:00+01:00,3.3345,3.671294,5.3999996,100.0,0.0,2400.0,6.0797453,7.8511715
2026-02-09 00:00:00+01:00,3.3345,4.0249224,7.5599995,96.0,0.0,4940.0,0.64445174,8.689655
2026-02-09 01:00:00+01:00,3.2345002,2.968636,6.4799995,100.0,0.0,3520.0,3.4704785,9.950412
2026-02-09 02:00:00+01:00,3.1345,2.9024127,4.68,100.0,0.0,5680.0,7.78694,10.027549
2026-02-09 03:00:00+01:00,3.0845,1.9386592,3.96,100.0,0.0,6680.0,12.792001,8.951714
2026-02-09 04:00:00+01:00,2.9845002,2.5455842,4.32,100.0,0.0,6920.0,12.759493,5.6205835
2026-02-09 05:00:00+01:00,2.8845,3.4152596,5.3999996,100.0,0.0,2580.0,11.401515,5.7224755
2026-02-09 06:00:00+01:00,2.8845,5.3517847,8.28,100.0,0.0,1740.0,10.974618,6.8557405
2026-02-09 07:00:00+01:00,2.7345002,6.193674,9.0,100.0,0.0,2400.0,10.569795,7.2649856
2026-02-09 08:00:00+01:00,2.6345,5.3999996,10.440001,100.0,0.0,3220.0,8.95301,6.48019
2026-02-09 09:00:00+01:00,2.6845,6.696387,12.24,100.0,0.0,2660.0,12.512989,11.711148
2026-02-09 10:00:00+01:00,3.0845,8.669949,14.4,100.0,0.0,9600.0,14.272824,14.289349
2026-02-09 11:00:00+01:00,3.5345001,9.449572,16.199999,100.0,0.0,14020.0,11.474137,20.66999
2026-02-09 12:00:00+01:00,4.0345,9.19939,16.199999,100.0,0.0,15920.0,9.994197,24.827585
2026-02-09 13:00:00+01:00,4.1345,6.696387,16.56,99.0,0.0,14520.0,10.974618,19.987747
2026-02-09 14:00:00+01:00,4.9344997,6.989936,12.24,77.0,0.0,19200.0,15.798928,25.113012
2026-02-09 15:00:00+01:00,5.3845,8.404285,14.04,79.0,0.0,24600.0,16.866917,31.312546
2026-02-09 16:00:00+01:00,5.0344996,6.4096174,14.04,61.0,0.0,26080.0,21.706642,30.659805
2026-02-09 17:00:00+01:00,4.7345,5.154415,10.440001,19.0,0.0,26140.0,23.542343,31.722036
2026-02-09 18:00:00+01:00,3.9345,2.0364676,7.92,0.0,0.0,20680.0,27.258099,35.133446
2026-02-09 19:00:00+01:00,3.0845,1.609969,3.2399998,0.0,0.0,19340.0,24.169086,36.414967
2026-02-09 20:00:00+01:00,2.1845,2.6208394,3.6,0.0,0.0,13480.0,28.896315,47.692234
2026-02-09 21:00:00+01:00,1.5845,1.2979984,3.6,0.0,0.0,4160.0,33.51149,49.226597
2026-02-09 22:00:00+01:00,1.5345,1.08,2.16,47.0,0.0,6840.0,37.466988,46.53103
2026-02-09 23:00:00+01:00,0.9845,1.1384199,1.4399999,50.0,0.0,2980.0,37.06858,45.96876
2026-02-10 00:00:00+01:00,0.38450003,1.484318,1.8,94.0,0.0,400.0,36.583633,44.434616
2026-02-10 01:00:00+01:00,-0.1155,0.35999998,2.52,88.0,0.0,760.0,34.392235,43.33285
2026-02-10 02:00:00+01:00,0.0845,2.0991426,2.52,53.0,0.0,2200.0,39.21371,43.22603
2026-02-10 03:00:00+01:00,-0.1155,1.9386592,2.8799999,68.0,0.0,1340.0,46.972084,40.663464
2026-02-10 04:00:00+01:00,0.0345,2.9024127,4.68,90.0,0.0,2800.0,62.874516,36.32493
2026-02-10 05:00:00+01:00,0.18450001,2.8799999,4.32,88.0,0.1,1660.0,54.873085,39.845184
2026-02-10 06:00:00+01:00,0.38450003,4.0249224,6.4799995,92.0,0.1,2140.0,54.195286,43.85865
2026-02-10 07:00:00+01:00,2.1845,6.6185193,8.28,82.0,0.6,6700.0,50.574066,52.52809
2026-02-10 08:00:00+01:00,2.7345002,10.931203,16.919998,100.0,0.9,9760.0,51.83131,54.634792
2026-02-10 09:00:00+01:00,2.8345,9.028754,19.08,100.0,0.9,8460.0,61.20765,65.59664
2026-02-10 10:00:00+01:00,3.3345,10.495713,16.199999,100.0,1.0,8360.0,65.169334,59.63791
2026-02-10 11:00:00+01:00,4.0345,7.968939,19.44,88.0,1.0,8360.0,74.39162,60.62457
2026-02-10 12:00:00+01:00,4.3845,6.6185193,14.4,98.0,0.1,1400.0,70.38551,55.550854
2026-02-10 13:00:00+01:00,5.3845,11.090103,16.199999,85.0,0.0,6680.0,73.00532,57.707443
2026-02-10 14:00:00+01:00,5.9845,9.983106,19.44,100.0,0.6,6360.0,70.632904,53.321537
2026-02-10 15:00:00+01:00,6.0845,11.91812,19.8,81.0,0.5,5160.0,77.0167,56.157833
2026-02-10 16:00:00+01:00,7.0344996,10.703569,19.8,44.0,0.0,10680.0,77.20656,50.809425
2026-02-10 17:00:00+01:00,6.7345,8.287822,17.64,61.0,0.0,8280.0,73.47033,44.173744
2026-02-10 18:00:00+01:00,6.4344997,8.78872,14.4,65.0,0.0,11100.0,82.209915,47.506077
2026-02-10 19:00:00+01:00,7.2345,19.353138,25.199999,100.0,0.8,14860.0,75.46967,51.352455
2026-02-10 20:00:00+01:00,6.9344997,16.981165,29.88,100.0,1.2,13060.0,64.768196,65.44377
2026-02-10 21:00:00+01:00,7.0845,16.746773,34.56,94.0,1.1,16320.0,63.42204,64.73349
2026-02-10 22:00:00+01:00,7.1345,15.463244,24.84,100.0,0.6,21880.0,70.19053,70.058235
2026-02-10 23:00:00+01:00,6.8845,19.008547,30.960001,100.0,1.9,10040.0,83.472046,79.30509
2026-02-11 00:00:00+01:00,6.4344997,14.84318,30.599998,100.0,2.8,2220.0,79.9354,89.71703
2026-02-11 01:00:00+01:00,6.8845,20.291357,23.759998,100.0,3.2,1420.0,83.54292,94.93305
2026-02-11 02:00:00+01:00,7.1844997,20.991426,32.399998,85.0,1.9,3540.0,77.03827,96.55665
2026-02-11 03:00:00+01:00,7.5845,20.150354,33.839996,92.0,0.1,10000.0,73.30479,80.932785
2026-02-11 04:00:00+01:00,7.9344997,22.476227,37.8,91.0,0.0,4940.0,60.935627,71.14955
2026-02-11 05:00:00+01:00,7.6345,19.969458,32.039997,100.0,0.1,5080.0,66.19526,74.86711
2026-02-11 06:00:00+01:00,7.6345,24.627789,43.56,100.0,2.2,5400.0,66.03822,75.41315
2026-02-11 07:00:00+01:00,7.4344997,21.129885,40.32,100.0,0.5,6300.0,63.203934,78.94723
2026-02-11 08:00:00+01:00,7.1844997,21.817902,35.28,91.0,0.8,5100.0,58.218647,75.12652
2026-02-11 09:00:00+01:00,7.2844996,18.837322,33.48,88.0,0.2,5800.0,61.363518,73.8725
2026-02-11 10:00:00+01:00,7.7844996,19.67195,33.48,100.0,0.3,7580.0,71.11781,72.631294
2026-02-11 11:00:00+01:00,8.3345,28.51282,46.079998,100.0,0.2,18120.0,71.73561,69.234024
2026-02-11 12:00:00+01:00,8.0845,31.39233,59.399998,100.0,0.1,31300.0,69.08571,79.615395
2026-02-11 13:00:00+01:00,7.8845,28.394392,49.32,100.0,0.1,17280.0,66.451996,77.44953
2026-02-11 14:00:00+01:00,8.2845,26.574244,46.079998,100.0,0.1,20940.0,60.730812,69.793785
2026-02-11 15:00:00+01:00,7.8845,25.582806,58.32,100.0,1.1,8540.0,56.05804,81.96864
2026-02-11 16:00:00+01:00,8.2845,21.252197,36.0,97.0,1.4,8460.0,61.273773,73.265045
2026-02-11 17:00:00+01:00,8.434501,16.870138,34.92,90.0,0.2,18420.0,61.1822,66.53839
2026-02-11 18:00:00+01:00,7.5845,12.6462,25.199999,88.0,0.0,19880.0,64.5289,58.285366
2026-02-11 19:00:00+01:00,7.6844997,12.979984,20.16,100.0,0.0,17020.0,73.80871,54.652416
2026-02-11 20:00:00+01:00,7.2345,11.726277,20.880001,100.0,0.0,12740.0,65.50781,57.587154
2026-02-11 21:00:00+01:00,6.7345,7.172949,18.0,62.0,0.0,13800.0,62.90093,60.818085
2026-02-11 22:00:00+01:00,6.9845,10.931203,14.759999,9.0,0.0,22080.0,65.118324,65.24626
2026-02-11 23:00:00+01:00,6.6345,15.137133,21.96,29.0,0.1,21860.0,75.1125,75.41059
2026-02-12 00:00:00+01:00,6.8345,19.386593,29.88,65.0,0.2,19580.0,78.33336,92.184425
2026-02-12 01:00:00+01:00,7.4344997,20.418695,28.8,100.0,1.9,11160.0,78.633675,106.048965
2026-02-12 02:00:00+01:00,7.2844996,20.380579,33.839996,92.0,2.2,13820.0,96.35038,103.39468
2026-02-12 03:00:00+01:00,7.1844997,16.516901,31.68,80.0,0.1,14500.0,86.779915,90.552635
2026-02-12 04:00:00+01:00,7.0845,14.05845,24.48,100.0,2.1,7160.0,89.91545,93.27088
2026-02-12 05:00:00+01:00,7.0845,17.551615,28.44,98.0,1.2,8300.0,88.97169,85.973915
2026-02-12 06:00:00+01:00,7.4845,22.238562,35.28,77.0,0.7,12980.0,79.14435,75.454
2026-02-12 07:00:00+01:00,7.2345,17.22742,34.56,100.0,0.2,9800.0,79.82491,65.69934
2026-02-12 08:00:00+01:00,7.2345,21.924562,36.0,82.0,1.7,12220.0,87.76145,66.53839
2026-02-12 09:00:00+01:00,7.0344996,31.722925,51.12,85.0,1.0,15540.0,95.52244,75.61467
2026-02-12 10:00:00+01:00,7.0845,32.86861,56.88,100.0,1.2,6180.0,92.16561,84.450294
2026-02-12 11:00:00+01:00,7.0344996,34.524357,65.88,100.0,2.1,8680.0,69.02707,99.65307
2026-02-12 12:00:00+01:00,7.7345,24.27265,51.12,85.0,2.5,18140.0,71.28842,88.19255
2026-02-12 13:00:00+01:00,8.2845,29.179993,43.92,74.0,0.7,39220.0,59.793514,75.14191
2026-02-12 14:00:00+01:00,8.0845,27.567635,54.719997,86.0,0.2,30000.0,52.90788,81.156204
2026-02-12 15:00:00+01:00,7.4845,26.302181,46.079998,100.0,1.1,8780.0,60.196762,82.68928
2026-02-12 16:00:00+01:00,7.7844996,30.886656,51.48,60.0,1.3,19560.0,57.38878,74.485344
2026-02-12 17:00:00+01:00,7.4344997,28.075384,48.239998,74.0,0.2,16940.0,58.687584,75.81566
2026-02-12 18:00:00+01:00,6.6844997,19.67195,43.92,0.0,0.0,21720.0,61.520676,75.316025
2026-02-12 19:00:00+01:00,5.8845,15.7908325,29.16,55.0,0.1,15340.0,54.350246,65.33477
2026-02-12 20:00:00+01:00,6.0344996,16.434305,25.56,98.0,0.1,13200.0,52.031246,70.13793
2026-02-12 21:00:00+01:00,5.9344997,27.217524,45.0,87.0,0.8,12160.0,50.343605,60.84658
2026-02-12 22:00:00+01:00,5.2844996,27.497026,48.96,65.0,0.7,9600.0,60.771835,61.124542
2026-02-12 23:00:00+01:00,4.9845,24.122686,44.639996,69.0,0.0,11260.0,55.602406,73.6139
2026-02-13 00:00:00+01:00,5.1844997,24.079666,38.88,100.0,0.1,13560.0,50.764637,67.95347
2026-02-13 01:00:00+01:00,5.4845,24.344624,45.36,97.0,1.6,9280.0,51.398815,65.62013
2026-02-13 02:00:00+01:00,5.2345,24.066206,38.88,85.0,0.1,12840.0,51.20249,58.81833
2026-02-13 03:00:00+01:00,4.9344997,18.472595,37.44,75.0,0.3,11080.0,52.94319,54.666515
2026-02-13 04:00:00+01:00,4.7844996,18.892282,33.48,79.0,0.3,12580.0,43.63514,61.13084
2026-02-13 05:00:00+01:00,4.6345,17.49615,32.039997,82.0,0.0,6940.0,44.023647,53.43702
2026-02-13 06:00:00+01:00,4.7345,19.386593,31.68,97.0,0.3,6920.0,52.90984,46.136074
2026-02-13 07:00:00+01:00,4.9344997,14.512064,30.239998,100.0,0.1,7680.0,54.24507,43.664974
2026-02-13 08:00:00+01:00,4.7844996,13.0447235,24.119999,83.0,0.0,6720.0,54.516197,44.844555
2026-02-13 09:00:00+01:00,5.2844996,11.252519,21.24,42.0,0.0,13600.0,44.846153,45.91845
2026-02-13 10:00:00+01:00,6.4344997,15.617529,19.44,25.0,0.0,25880.0,54.321587,36.809563
2026-02-13 11:00:00+01:00,7.7844996,16.055355,28.8,0.0,0.0,41320.0,50.401318,35.682907
2026-02-13 12:00:00+01:00,8.184501,12.599998,25.919998,39.0,0.0,35340.0,39.46708,36.64172
2026-02-13 13:00:00+01:00,9.0345,13.755579,21.599998,0.0,0.0,54140.0,35.406742,44.204258
2026-02-13 14:00:00+01:00,9.434501,12.475961,22.68,0.0,0.0,57220.0,34.44352,46.597214
2026-02-13 15:00:00+01:00,9.7345,10.97262,20.519999,0.0,0.0,61700.0,27.5875,43.71788
2026-02-13 16:00:00+01:00,9.4845,6.8777895,18.359999,7.0,0.0,60200.0,20.241323,46.435715
2026-02-13 17:00:00+01:00,8.7345,5.904439,11.159999,0.0,0.0,53180.0,16.866917,43.452705
2026-02-13 18:00:00+01:00,7.6844997,5.0911684,12.599999,0.0,0.0,57300.0,12.661468,40.72027
2026-02-13 19:00:00+01:00,6.7345,1.835647,7.2,0.0,0.0,49560.0,6.835443,29.093067
2026-02-13 20:00:00+01:00,6.5845,2.3051248,3.6,0.0,0.0,53960.0,0.64445174,21.438515
2026-02-13 21:00:00+01:00,5.8345,4.829907,8.28,0.0,0.0,46700.0,7.840093,11.394346
2026-02-13 22:00:00+01:00,5.5845,5.3517847,9.36,0.0,0.0,35920.0,11.618018,18.0
2026-02-13 23:00:00+01:00,5.1844997,3.8939953,7.2,0.0,0.0,25740.0,17.507277,19.725824
2026-02-14 00:00:00+01:00,5.3345,4.6102495,8.28,0.0,0.0,29780.0,20.727915,24.341797
2026-02-14 01:00:00+01:00,4.4344997,2.8799999,7.5599995,61.0,0.0,17340.0,23.683052,21.679756
2026-02-14 02:00:00+01:00,4.7345,3.8773184,5.7599998,7.0,0.0,25140.0,26.03856,15.012479
2026-02-14 03:00:00+01:00,4.4845,4.0249224,7.5599995,0.0,0.0,21980.0,24.980299,8.442291
2026-02-14 04:00:00+01:00,4.2345,4.1046314,6.8399997,0.0,0.0,12760.0,26.42252,10.180067
2026-02-14 05:00:00+01:00,3.8345,3.8268526,7.2,0.0,0.0,7740.0,21.065786,7.2649856
2026-02-14 06:00:00+01:00,3.5845,3.563818,5.7599998,0.0,0.0,6080.0,16.461926,4.3889384
2026-02-14 07:00:00+01:00,4.3345,3.6179552,5.7599998,11.0,0.0,19940.0,17.441916,8.092802
2026-02-14 08:00:00+01:00,4.0345,3.8773184,6.12,48.0,0.0,15320.0,13.678478,12.194616
2026-02-14 09:00:00+01:00,4.3345,3.563818,5.7599998,58.0,0.0,6400.0,11.254866,13.879042
2026-02-14 10:00:00+01:00,6.1345,3.5455887,6.12,81.0,0.0,24200.0,12.84061,21.112572
2026-02-14 11:00:00+01:00,6.8845,6.1305785,10.440001,87.0,0.0,42500.0,15.419778,21.103449
2026-02-14 12:00:00+01:00,7.5845,6.4096174,11.159999,73.0,0.0,50920.0,17.584206,21.653082
2026-02-14 13:00:00+01:00,7.6844997,6.6185193,11.5199995,73.0,0.0,53380.0,22.273243,23.190878
2026-02-14 14:00:00+01:00,7.7844996,4.1046314,10.799999,88.0,0.0,52520.0,16.562534,21.830282
2026-02-14 15:00:00+01:00,7.1345,7.5685663,12.959999,78.0,0.1,50680.0,16.284365,18.785477
2026-02-14 16:00:00+01:00,6.4344997,10.1376915,18.359999,84.0,0.1,49140.0,12.396276,20.632679
2026-02-14 17:00:00+01:00,5.2345,15.484185,24.84,96.0,0.1,36000.0,6.524576,23.3729
2026-02-14 18:00:00+01:00,4.1844997,19.416653,32.039997,100.0,0.4,48800.0,6.7744107,16.327795
2026-02-14 19:00:00+01:00,3.9345,9.659814,31.319998,96.0,0.4,42860.0,30.842924,22.482334
2026-02-14 20:00:00+01:00,3.4345,6.5693827,15.84,75.0,0.5,44620.0,29.968739,17.478779
2026-02-14 21:00:00+01:00,2.6345,4.0249224,10.440001,83.0,0.1,16000.0,18.733492,19.251385
2026-02-14 22:00:00+01:00,2.8845,3.96,10.799999,100.0,0.0,50440.0,14.148615,21.24899
2026-02-14 23:00:00+01:00,1.9844999,5.3517847,10.440001,100.0,0.0,12720.0,16.91609,21.679756
2026-02-15 00:00:00+01:00,1.8345,3.671294,7.92,100.0,0.0,4360.0,19.13924,14.289349
2026-02-15 01:00:00+01:00,2.2345002,3.5455887,9.0,93.0,0.0,16300.0,10.391472,12.780782
2026-02-15 02:00:00+01:00,1.9844999,2.3051248,4.32,70.0,0.0,31960.0,5.9240503,14.543223
2026-02-15 03:00:00+01:00,1.7845,2.3051248,4.68,100.0,0.0,39760.0,4.556962,18.764957
2026-02-15 04:00:00+01:00,1.5345,3.2599385,9.36,68.0,0.0,10860.0,3.67394,18.127962
2026-02-15 05:00:00+01:00,1.6845,1.08,3.6,85.0,0.0,32760.0,8.377872,23.59437
2026-02-15 06:00:00+01:00,1.2845,4.2136917,6.4799995,90.0,0.0,2940.0,6.47666,26.776121
2026-02-15 07:00:00+01:00,1.3844999,2.2768397,8.28,83.0,0.0,6740.0,4.907998,28.531475
2026-02-15 08:00:00+01:00,1.0845,2.968636,6.8399997,92.0,0.0,5960.0,5.543783,33.4021
2026-02-15 09:00:00+01:00,1.2845,5.904439,10.08,89.0,0.0,5360.0,8.800955,33.269196
2026-02-15 10:00:00+01:00,1.8345,3.319036,10.08,92.0,0.0,16680.0,12.261531,32.06629
2026-02-15 11:00:00+01:00,2.4345,2.8799999,6.12,84.0,0.0,26340.0,16.053188,34.244972
2026-02-15 12:00:00+01:00,2.9345,1.8,6.8399997,93.0,0.0,31520.0,21.996487,31.170736
2026-02-15 13:00:00+01:00,3.4845002,4.0249224,7.92,98.0,0.0,37520.0,24.34032,33.08922
2026-02-15 14:00:00+01:00,3.9845002,9.659814,15.119999,69.0,0.0,43340.0,34.80636,38.587734
2026-02-15 15:00:00+01:00,4.3345,12.261157,21.24,70.0,0.0,49240.0,37.66874,40.363914
2026-02-15 16:00:00+01:00,4.5344996,13.891522,23.4,65.0,0.0,54540.0,43.59705,47.245853
2026-02-15 17:00:00+01:00,4.1844997,12.864649,25.56,32.0,0.0,48740.0,57.641514,55.307587
2026-02-15 18:00:00+01:00,3.6845,9.983106,21.24,57.0,0.0,41380.0,67.91555,62.76335
2026-02-15 19:00:00+01:00,2.9845002,27.333935,35.28,100.0,0.1,14740.0,71.71969,78.03182
2026-02-15 20:00:00+01:00,1.7845,27.25559,47.519997,100.0,1.0,8120.0,84.48464,90.72478
2026-02-15 21:00:00+01:00,1.3844999,24.280659,45.36,100.0,1.8,2840.0,94.69384,95.15802
2026-02-15 22:00:00+01:00,1.4844999,18.998316,39.6,100.0,2.0,2680.0,94.578636,98.392525
2026-02-15 23:00:00+01:00,2.9345,24.162947,39.6,100.0,0.6,7100.0,78.24849,99.676254
2026-02-16 00:00:00+01:00,4.0845,20.326454,38.519997,100.0,0.1,13460.0,75.416,102.26508
2026-02-16 01:00:00+01:00,4.5344996,21.629978,36.0,100.0,0.7,9680.0,74.03205,95.92617
2026-02-16 02:00:00+01:00,4.9845,21.897945,37.44,98.0,0.2,6060.0,60.3518,107.42414
2026-02-16 03:00:00+01:00,5.3845,18.671474,34.56,100.0,1.1,7220.0,68.89307,89.86291
2026-02-16 04:00:00+01:00,5.5845,17.826363,29.16,100.0,4.9,3460.0,59.363064,103.303345
2026-02-16 05:00:00+01:00,5.8345,20.466246,33.12,100.0,4.0,21240.0,63.668762,90.512215
2026-02-16 06:00:00+01:00,5.4344997,18.089775,33.839996,100.0,0.8,11920.0,55.156185,85.01635
2026-02-16 07:00:00+01:00,5.6844997,17.283749,33.839996,39.0,0.8,38520.0,73.18004,87.27038
2026-02-16 08:00:00+01:00,5.0344996,11.304229,29.16,62.0,0.1,11220.0,44.741844,79.64442
2026-02-16 09:00:00+01:00,5.1345,13.755579,20.880001,94.0,0.0,14000.0,30.653826,76.81771
2026-02-16 10:00:00+01:00,5.0344996,17.10284,43.56,100.0,1.8,12180.0,45.681126,58.742954
2026-02-16 11:00:00+01:00,5.1345,25.41763,42.839996,89.0,0.8,13460.0,55.041233,63.613873
2026-02-16 12:00:00+01:00,5.7345,25.199997,46.44,89.0,0.3,22740.0,46.13572,69.144936
2026-02-16 13:00:00+01:00,6.6844997,27.103003,43.92,100.0,0.0,42880.0,51.743095,74.06781
2026-02-16 14:00:00+01:00,5.4845,30.385365,63.0,86.0,0.5,23100.0,50.401318,71.403595
2026-02-16 15:00:00+01:00,5.5845,22.493519,50.399998,89.0,0.5,14520.0,59.038597,81.5965
2026-02-16 16:00:00+01:00,5.4344997,19.13426,38.88,100.0,0.6,4740.0,64.254776,84.76221
2026-02-16 17:00:00+01:00,5.1844997,14.4,32.039997,42.0,0.3,21900.0,66.83682,82.875435
2026-02-16 18:00:00+01:00,4.6844997,18.35647,30.239998,100.0,0.0,22780.0,67.12978,67.95347
2026-02-16 19:00:00+01:00,4.1844997,15.496736,33.48,94.0,0.4,15960.0,48.625153,64.00632
2026-02-16 20:00:00+01:00,4.0345,7.9932966,24.48,78.0,0.0,14040.0,44.26121,55.43978
2026-02-16 21:00:00+01:00,4.1844997,13.570615,21.96,95.0,0.1,20340.0,47.902317,60.06274
2026-02-16 22:00:00+01:00,3.9845002,14.021525,24.119999,56.0,0.0,23320.0,51.111156,56.359844
2026-02-16 23:00:00+01:00,3.1345,16.676977,31.319998,83.0,0.4,6820.0,53.493378,58.782284
2026-02-17 00:00:00+01:00,3.2345002,13.779114,29.519999,91.0,0.3,5680.0,57.506256,58.782284
2026-02-17 01:00:00+01:00,4.0845,16.311613,33.12,60.0,0.1,35200.0,55.084602,69.766174
2026-02-17 02:00:00+01:00,3.9345,16.299694,28.8,75.0,0.0,36160.0,58.814827,74.81821
2026-02-17 03:00:00+01:00,3.6845,17.373497,29.519999,67.0,0.2,29680.0,72.804504,71.624466
2026-02-17 04:00:00+01:00,3.3845,18.472595,31.319998,53.0,0.2,18140.0,66.33159,75.07266
2026-02-17 05:00:00+01:00,3.1345,16.485485,33.12,100.0,1.3,10280.0,57.385162,64.7335
2026-02-17 06:00:00+01:00,3.1345,14.20062,29.519999,76.0,0.4,11820.0,54.508575,64.303566
2026-02-17 07:00:00+01:00,3.1345,14.973577,25.199999,94.0,0.2,14420.0,56.524696,61.13084
2026-02-17 08:00:00+01:00,3.2345002,14.4,26.64,86.0,0.1,15460.0,52.72111,62.068962
2026-02-17 09:00:00+01:00,3.0845,15.629971,27.0,97.0,0.3,10960.0,51.16192,58.374535
2026-02-17 10:00:00+01:00,3.5845,17.072504,25.919998,94.0,0.2,9340.0,46.56359,50.531914
2026-02-17 11:00:00+01:00,4.1345,16.800856,41.760002,100.0,0.2,15340.0,46.916794,64.159615
2026-02-17 12:00:00+01:00,5.5845,17.057314,34.56,41.0,0.1,31640.0,51.927372,69.766174
2026-02-17 13:00:00+01:00,5.7345,21.897945,37.8,89.0,0.0,29380.0,48.357506,68.20246
2026-02-17 14:00:00+01:00,5.9845,21.178896,46.8,87.0,0.1,45600.0,55.68637,60.408123
2026-02-17 15:00:00+01:00,6.8345,24.248613,40.32,4.0,0.0,67660.0,59.26854,69.45071
2026-02-17 16:00:00+01:00,5.9845,22.007162,43.92,47.0,0.2,24760.0,58.09009,67.56114
2026-02-17 17:00:00+01:00,4.6844997,14.408997,33.839996,0.0,0.2,50720.0,61.35844,72.861664
2026-02-17 18:00:00+01:00,3.7345002,11.841756,25.919998,0.0,0.0,41280.0,46.83927,75.520355
2026-02-17 19:00:00+01:00,2.8345,8.287822,17.28,73.0,0.0,42940.0,47.42744,54.497116
2026-02-17 20:00:00+01:00,2.2845001,6.6185193,12.24,0.0,0.0,42900.0,45.65157,51.07035
2026-02-17 21:00:00+01:00,2.1345,6.6087217,15.4800005,0.0,0.0,45680.0,48.98257,48.31023
2026-02-17 22:00:00+01:00,2.3845,4.6102495,11.879999,26.0,0.0,35300.0,40.13491,45.82186
2026-02-17 23:00:00+01:00,2.1345,5.495161,11.5199995,0.0,0.0,42380.0,36.478474,42.005604
2026-02-18 00:00:00+01:00,1.2344999,5.1165614,9.72,0.0,0.0,32560.0,35.591007,45.41226
2026-02-18 01:00:00+01:00,0.8345,4.6938257,7.5599995,0.0,0.0,31100.0,37.034954,48.69151
2026-02-18 02:00:00+01:00,0.0845,3.096837,7.5599995,0.0,0.0,16120.0,37.71557,51.819218
2026-02-18 03:00:00+01:00,-0.1155,0.71999997,4.32,0.0,0.0,15680.0,34.25914,53.39374
2026-02-18 04:00:00+01:00,0.2845,1.8,3.2399998,60.0,0.0,31700.0,37.57767,50.900333
2026-02-18 05:00:00+01:00,0.0845,0.71999997,3.6,67.0,0.0,19060.0,35.649307,45.779804
2026-02-18 06:00:00+01:00,-0.1655,1.484318,2.52,84.0,0.0,4580.0,40.374786,44.30872
2026-02-18 07:00:00+01:00,-0.1655,1.8,2.8799999,99.0,0.0,360.0,36.583633,54.535984
2026-02-18 08:00:00+01:00,0.2345,1.1384199,4.32,96.0,0.2,1840.0,32.248352,55.21347
2026-02-18 09:00:00+01:00,0.8845,1.484318,3.2399998,100.0,0.5,1460.0,44.541824,57.84415
2026-02-18 10:00:00+01:00,1.8345,4.802999,3.2399998,100.0,0.9,1140.0,57.88059,67.680786
2026-02-18 11:00:00+01:00,1.2845,6.28713,10.440001,100.0,1.2,820.0,66.690636,75.26742
2026-02-18 12:00:00+01:00,1.0845,5.6002855,13.32,100.0,1.2,320.0,70.656425,73.8725
2026-02-18 13:00:00+01:00,0.8345,4.896529,8.64,100.0,1.0,780.0,75.97017,68.966415
2026-02-18 14:00:00+01:00,1.2845,7.24486,11.5199995,100.0,1.1,1200.0,78.142265,65.83993
2026-02-18 15:00:00+01:00,2.0345001,6.9153743,11.879999,100.0,1.1,3680.0,75.38295,63.613873
2026-02-18 16:00:00+01:00,2.0845,3.5455887,10.799999,98.0,0.5,2200.0,75.581024,59.7444
2026-02-18 17:00:00+01:00,2.2845001,3.2599385,7.92,93.0,0.3,10420.0,64.5289,54.51125
2026-02-18 18:00:00+01:00,1.8844999,4.6102495,7.92,88.0,0.0,2220.0,49.70641,49.65905
2026-02-18 19:00:00+01:00,2.0345001,3.7585104,7.92,98.0,0.0,1460.0,53.588398,49.226593
2026-02-18 20:00:00+01:00,1.9345,4.896529,7.5599995,94.0,0.0,1700.0,46.68607,55.14016
2026-02-18 21:00:00+01:00,1.8844999,4.198285,7.2,100.0,0.0,1040.0,39.697914,61.37613
2026-02-18 22:00:00+01:00,2.1845,1.08,6.8399997,100.0,0.0,460.0,30.987343,64.12659
2026-02-18 23:00:00+01:00,1.8844999,1.0182338,2.8799999,100.0,0.0,160.0,31.181076,61.435738
2026-02-19 00:00:00+01:00,1.8345,2.0364676,5.7599998,100.0,0.0,140.0,50.61511,70.14067
2026-02-19 01:00:00+01:00,1.8345,1.0182338,10.799999,100.0,0.0,320.0,56.159817,75.57135
2026-02-19 02:00:00+01:00,1.8345,3.0547013,4.68,100.0,0.8,1060.0,50.958572,75.23414
2026-02-19 03:00:00+01:00,2.1345,2.2768397,8.64,98.0,1.6,1060.0,55.48276,79.04477
2026-02-19 04:00:00+01:00,3.0345001,7.9526596,5.7599998,100.0,1.0,18660.0,56.84342,50.489964
2026-02-19 05:00:00+01:00,3.1845,5.4833565,12.599999,98.0,1.0,17000.0,52.602818,49.468613
2026-02-19 06:00:00+01:00,3.3345,6.763786,11.5199995,87.0,0.6,16880.0,56.715412,58.12652
2026-02-19 07:00:00+01:00,3.5845,11.659777,15.84,84.0,0.3,20920.0,60.901543,46.423267
2026-02-19 08:00:00+01:00,3.7345002,8.311245,19.8,91.0,0.0,19600.0,60.263992,42.206898
2026-02-19 09:00:00+01:00,4.1345,5.0911684,11.5199995,80.0,0.0,17980.0,66.428566,48.022285
2026-02-19 10:00:00+01:00,4.9344997,5.8048253,18.359999,76.0,0.0,20740.0,73.14598,49.933697
2026-02-19 11:00:00+01:00,6.0845,14.658676,25.199999,91.0,0.0,27580.0,72.92563,48.529037
2026-02-19 12:00:00+01:00,6.1844997,18.171976,29.16,100.0,0.6,12060.0,56.366505,55.765434
2026-02-19 13:00:00+01:00,6.1345,23.469128,39.6,100.0,0.8,24920.0,65.11993,53.555843
2026-02-19 14:00:00+01:00,5.8845,28.503725,46.8,97.0,0.5,13060.0,63.62309,53.382915
2026-02-19 15:00:00+01:00,6.1844997,26.407907,46.8,97.0,0.7,31120.0,46.883583,48.050358
2026-02-19 16:00:00+01:00,6.2345,22.226902,43.199997,83.0,0.7,28680.0,50.19282,50.99108
2026-02-19 17:00:00+01:00,6.1345,22.104116,35.28,74.0,0.0,32260.0,56.59813,45.998085
2026-02-19 18:00:00+01:00,5.2844996,23.132626,39.96,98.0,0.1,27300.0,55.86322,38.52778
2026-02-19 19:00:00+01:00,4.8345,14.578888,36.36,55.0,0.6,28520.0,58.38782,30.267769
2026-02-19 20:00:00+01:00,4.9344997,15.39184,26.28,100.0,1.2,23520.0,53.588398,38.72725
2026-02-19 21:00:00+01:00,4.6844997,10.365251,27.0,90.0,0.3,18820.0,40.279522,24.405024
2026-02-19 22:00:00+01:00,4.6844997,9.220499,16.199999,96.0,0.1,16040.0,27.812405,13.427569
2026-02-19 23:00:00+01:00,4.2844996,8.669949,14.4,59.0,0.0,12120.0,17.731209,19.716057
2026-02-20 00:00:00+01:00,3.2845001,5.1165614,13.679999,69.0,0.0,10740.0,13.033229,23.03252
2026-02-20 01:00:00+01:00,3.8845,3.8268526,7.92,81.0,0.0,9480.0,9.045312,27.716415
2026-02-20 02:00:00+01:00,3.8345,5.1165614,7.92,93.0,0.0,2420.0,13.859459,35.21012
2026-02-20 03:00:00+01:00,3.7845001,4.1046314,7.5599995,88.0,0.0,3060.0,14.155951,32.943363
2026-02-20 04:00:00+01:00,3.8845,5.1165614,8.28,93.0,0.1,480.0,21.610764,29.960732
2026-02-20 05:00:00+01:00,3.7845001,4.8433046,8.64,94.0,0.1,520.0,23.700583,24.593725
2026-02-20 06:00:00+01:00,3.6845,4.8965297,8.28,100.0,0.0,2180.0,24.078703,28.612377
2026-02-20 07:00:00+01:00,4.2345,5.3517847,9.36,88.0,0.2,1640.0,29.256975,23.950901
2026-02-20 08:00:00+01:00,3.9345,5.692099,11.879999,79.0,0.0,580.0,24.425486,26.406677
2026-02-20 09:00:00+01:00,4.3845,5.634891,8.64,89.0,0.0,2600.0,28.432667,21.935911
2026-02-20 10:00:00+01:00,6.0845,8.534353,13.679999,80.0,0.0,740.0,28.267859,21.357496
2026-02-20 11:00:00+01:00,7.6345,10.44,18.359999,68.0,0.0,27800.0,22.347704,25.113012
2026-02-20 12:00:00+01:00,8.1345005,13.910169,22.68,97.0,0.0,38020.0,22.333761,26.776121
2026-02-20 13:00:00+01:00,8.1345005,12.144331,26.28,93.0,0.0,37500.0,24.813482,24.718725
2026-02-20 14:00:00+01:00,8.2345,11.885453,20.880001,95.0,0.0,38760.0,21.183746,29.27787
2026-02-20 15:00:00+01:00,7.8345,10.661107,20.16,82.0,0.0,38820.0,18.599998,33.0601
2026-02-20 16:00:00+01:00,8.3345,13.217443,21.24,62.0,0.0,39460.0,23.643562,29.487658
2026-02-20 17:00:00+01:00,7.6345,12.594856,21.599998,78.0,0.0,38780.0,25.322935,32.114315
2026-02-20 18:00:00+01:00,6.8845,11.384198,20.880001,69.0,0.0,39000.0,29.854185,35.87672
2026-02-20 19:00:00+01:00,6.5845,7.771331,17.28,90.0,0.0,37920.0,33.002598,39.94175
2026-02-20 20:00:00+01:00,6.0845,6.638072,12.24,80.0,0.0,37460.0,27.8236,36.74671
2026-02-20 21:00:00+01:00,5.0344996,6.638072,10.799999,36.0,0.0,32380.0,30.80587,42.683414
2026-02-20 22:00:00+01:00,5.7345,7.5685663,11.5199995,11.0,0.0,36440.0,36.387276,46.435715
2026-02-20 23:00:00+01:00,5.2345,9.085988,14.4,75.0,0.0,32860.0,32.07402,48.87709
2026-02-21 00:00:00+01:00,4.8345,9.021574,15.119999,100.0,0.0,28340.0,34.854057,53.024483
2026-02-21 01:00:00+01:00,5.1844997,9.021574,17.64,98.0,0.0,29200.0,43.34866,55.43978
2026-02-21 02:00:00+01:00,4.5845,9.028754,14.759999,90.0,0.0,26740.0,43.884274,48.33813
2026-02-21 03:00:00+01:00,4.8845,10.661107,16.919998,100.0,0.0,28280.0,46.322136,54.525383
2026-02-21 04:00:00+01:00,4.9344997,11.435313,21.599998,100.0,0.3,22300.0,48.56319,57.120308
2026-02-21 05:00:00+01:00,4.8345,13.746156,23.4,91.0,0.2,20280.0,60.609306,59.670193
2026-02-21 06:00:00+01:00,5.2844996,18.39878,30.239998,81.0,0.2,27140.0,56.978428,52.24496
2026-02-21 07:00:00+01:00,5.2844996,17.566378,34.2,83.0,0.1,20460.0,54.502865,52.329693
2026-02-21 08:00:00+01:00,5.4845,15.683774,27.72,95.0,0.1,19200.0,46.972084,58.358036
2026-02-21 09:00:00+01:00,5.6844997,17.388409,29.16,85.0,0.6,21900.0,50.633568,62.594322
2026-02-21 10:00:00+01:00,5.6844997,18.79255,29.88,88.0,0.3,21280.0,54.685444,69.78551
2026-02-21 11:00:00+01:00,6.1844997,21.566973,36.0,83.0,0.5,23940.0,57.027603,69.350784
2026-02-21 12:00:00+01:00,7.4344997,24.387178,40.68,90.0,0.0,30940.0,55.746006,78.24629
2026-02-21 13:00:00+01:00,7.5344996,23.78453,42.839996,83.0,0.1,28100.0,60.98161,68.60797
2026-02-21 14:00:00+01:00,8.0845,21.9718,41.039997,87.0,0.0,31180.0,51.927372,68.65007
2026-02-21 15:00:00+01:00,8.2345,18.374111,36.719997,88.0,0.0,33020.0,48.27154,72.87753
2026-02-21 16:00:00+01:00,8.434501,16.279802,30.239998,99.0,0.0,30840.0,44.772003,72.02407
2026-02-21 17:00:00+01:00,8.1345005,13.392774,26.64,90.0,0.0,29260.0,44.66055,70.01424
2026-02-21 18:00:00+01:00,7.6345,9.83268,21.96,66.0,0.0,26560.0,40.5979,68.86019
2026-02-21 19:00:00+01:00,7.4845,11.620809,18.72,89.0,0.0,24240.0,38.2839,63.84359
2026-02-21 20:00:00+01:00,7.2844996,7.8954163,18.359999,92.0,0.0,26420.0,32.92385,57.469963
2026-02-21 21:00:00+01:00,6.6345,6.12,12.24,32.0,0.0,26620.0,27.890692,51.91949
2026-02-21 22:00:00+01:00,6.6844997,6.8777895,11.159999,62.0,0.0,26160.0,27.79747,50.095463
2026-02-21 23:00:00+01:00,5.6345,6.193674,10.799999,69.0,0.0,22560.0,24.476442,39.510197
2026-02-22 00:00:00+01:00,4.4344997,6.193674,10.440001,41.0,0.0,7120.0,21.27667,39.10837
2026-02-22 01:00:00+01:00,3.3345,5.315336,10.08,50.0,0.0,2940.0,20.63252,36.64172
2026-02-22 02:00:00+01:00,2.8345,4.5820518,9.72,59.0,0.0,2140.0,20.225931,41.80795
2026-02-22 03:00:00+01:00,2.5845,3.7064266,7.5599995,59.0,0.0,2520.0,19.679535,53.252853
2026-02-22 04:00:00+01:00,2.8845,5.3999996,7.2,69.0,0.0,13100.0,16.63135,57.469963
2026-02-22 05:00:00+01:00,3.5845,7.10031,11.159999,77.0,0.0,16660.0,20.822872,54.708782
2026-02-22 06:00:00+01:00,3.4845002,6.638072,11.879999,50.0,0.0,16820.0,21.198446,53.9536
2026-02-22 07:00:00+01:00,2.0845,5.3517847,10.440001,64.0,0.0,3240.0,23.542343,47.42085
2026-02-22 08:00:00+01:00,1.2344999,2.5455842,6.8399997,100.0,0.0,140.0,19.209635,49.91055
2026-02-22 09:00:00+01:00,1.7344999,3.8773184,6.4799995,100.0,0.0,140.0,23.857775,56.537296
2026-02-22 10:00:00+01:00,3.8845,4.198285,7.2,46.0,0.0,2820.0,30.172457,58.99491
2026-02-22 11:00:00+01:00,6.3845,7.289445,12.599999,11.0,0.0,26540.0,31.426521,59.702473
2026-02-22 12:00:00+01:00,7.6345,9.178235,15.84,18.0,0.0,27200.0,37.75684,59.63791
2026-02-22 13:00:00+01:00,9.184501,11.113451,16.919998,2.0,0.0,31540.0,33.749218,54.003563
2026-02-22 14:00:00+01:00,10.6345005,9.983106,20.16,14.0,0.0,36260.0,31.101055,50.89655
2026-02-22 15:00:00+01:00,11.184501,9.290511,16.919998,0.0,0.0,36720.0,32.613335,49.65905
2026-02-22 16:00:00+01:00,11.434501,9.107359,16.199999,0.0,0.0,37180.0,30.616545,45.348587
2026-02-22 17:00:00+01:00,10.7845,7.2,15.4800005,0.0,0.0,34060.0,37.613575,47.893757
2026-02-22 18:00:00+01:00,9.184501,4.0249224,10.799999,0.0,0.0,26600.0,37.690784,50.900333
2026-02-22 19:00:00+01:00,8.0845,6.4096174,7.92,0.0,0.0,29780.0,44.78128,48.556816
2026-02-22 20:00:00+01:00,7.0845,5.6002855,9.72,0.0,0.0,25280.0,43.566082,52.84982
2026-02-22 21:00:00+01:00,7.1345,7.7043357,11.879999,0.0,0.0,27320.0,37.49469,52.758617
2026-02-22 22:00:00+01:00,7.0845,7.653705,14.04,0.0,0.0,23620.0,47.04939,57.31893
2026-02-22 23:00:00+01:00,7.0845,6.989936,12.24,0.0,0.0,22740.0,47.04939,63.289036
2026-02-23 00:00:00+01:00,6.8345,8.225035,14.4,0.0,0.0,23180.0,41.075897,62.76335
2026-02-23 01:00:00+01:00,7.8845,9.931042,15.119999,52.0,0.1,32160.0,43.37739,60.465492
2026-02-23 02:00:00+01:00,7.3345,10.163227,20.880001,83.0,1.1,23580.0,43.291138,47.10703
2026-02-23 03:00:00+01:00,6.8845,7.9932966,15.119999,71.0,0.1,19680.0,30.20685,42.647293
2026-02-23 04:00:00+01:00,6.5344996,5.0911684,13.32,100.0,0.0,13600.0,38.044495,47.599243
2026-02-23 05:00:00+01:00,6.3845,6.297428,9.72,83.0,0.1,6880.0,39.791958,56.301712
2026-02-23 06:00:00+01:00,6.6844997,7.928177,12.599999,100.0,0.1,18020.0,42.406685,54.80377
2026-02-23 07:00:00+01:00,7.1345,9.290511,17.64,100.0,0.0,22160.0,38.905354,52.714787
2026-02-23 08:00:00+01:00,7.2345,8.557102,15.119999,100.0,0.0,22420.0,40.579994,50.06084
2026-02-23 09:00:00+01:00,8.0345,11.183201,19.08,72.0,0.0,24560.0,40.579994,51.741096
2026-02-23 10:00:00+01:00,9.1345005,16.135872,28.08,100.0,0.0,29480.0,46.169468,46.885696
2026-02-23 11:00:00+01:00,10.434501,20.12461,33.12,66.0,0.0,31360.0,47.392403,49.87966
2026-02-23 12:00:00+01:00,11.3845005,23.166216,39.239998,65.0,0.0,35720.0,41.508396,47.57901
2026-02-23 13:00:00+01:00,11.934501,22.657131,41.399998,52.0,0.0,36780.0,41.478367,51.640484
2026-02-23 14:00:00+01:00,12.5345,23.441502,39.96,0.0,0.0,37540.0,52.04721,46.819916
2026-02-23 15:00:00+01:00,12.7345,24.063513,40.68,2.0,0.0,37500.0,51.04611,47.245853
2026-02-23 16:00:00+01:00,13.0845,18.59845,38.88,82.0,0.0,38260.0,40.60557,49.91055
2026-02-23 17:00:00+01:00,12.3345,18.58451,32.760002,55.0,0.0,36960.0,50.729855,55.948204
2026-02-23 18:00:00+01:00,11.0845,16.418526,30.599998,0.0,0.0,36180.0,51.556137,55.63055
2026-02-23 19:00:00+01:00,10.9845,13.684735,27.359999,11.0,0.0,36100.0,54.418976,51.352455
2026-02-23 20:00:00+01:00,10.2845,14.480773,24.84,37.0,0.2,33600.0,57.269245,49.798496
2026-02-23 21:00:00+01:00,10.184501,12.783802,24.48,0.0,0.0,34960.0,49.735645,51.42742
2026-02-23 22:00:00+01:00,10.0345,13.18308,21.599998,0.0,0.0,35060.0,44.21192,46.323578
2026-02-23 23:00:00+01:00,9.684501,12.819235,22.68,0.0,0.0,32340.0,44.31748,40.416378
2026-02-24 00:00:00+01:00,9.1345005,12.682018,23.039999,0.0,0.0,29140.0,39.509148,53.194946
2026-02-24 01:00:00+01:00,9.4845,10.182337,20.16,37.0,0.0,32980.0,33.798405,56.205833
2026-02-24 02:00:00+01:00,9.2345,8.209263,16.199999,39.0,0.0,32480.0,30.842924,57.10682
2026-02-24 03:00:00+01:00,8.3845005,7.24486,13.679999,59.0,0.0,24380.0,31.653667,61.501537
2026-02-24 04:00:00+01:00,8.5845,8.225035,12.24,65.0,0.0,25680.0,30.531643,53.609764
2026-02-24 05:00:00+01:00,8.5345,8.557102,13.679999,80.0,0.0,26420.0,32.5113,51.975113
2026-02-24 06:00:00+01:00,7.7844996,5.3517847,13.679999,74.0,0.0,17220.0,25.665043,46.68395
2026-02-24 07:00:00+01:00,8.1345005,6.830519,10.440001,100.0,0.0,17220.0,27.074642,45.79663
2026-02-24 08:00:00+01:00,8.0845,7.928177,12.959999,73.0,0.0,18280.0,27.436543,45.884876
2026-02-24 09:00:00+01:00,8.2345,7.42159,12.959999,77.0,0.0,16600.0,27.299965,34.97959
2026-02-24 10:00:00+01:00,9.7345,6.9527545,12.959999,28.0,0.0,26680.0,17.412127,33.106678
2026-02-24 11:00:00+01:00,11.7345,8.854829,15.119999,48.0,0.0,34600.0,15.09311,33.036785
2026-02-24 12:00:00+01:00,13.0345,7.2,16.56,58.0,0.0,36920.0,14.560902,30.816475
2026-02-24 13:00:00+01:00,13.8845005,4.2136917,11.5199995,75.0,0.0,39180.0,7.291139,35.292084
2026-02-24 14:00:00+01:00,14.684501,2.0991426,6.12,20.0,0.0,39620.0,5.094838,27.792759
2026-02-24 15:00:00+01:00,15.1345005,3.8939953,7.2,0.0,0.0,39340.0,5.195736,32.89655
2026-02-24 16:00:00+01:00,15.684501,7.289445,11.879999,0.0,0.0,40120.0,7.34788,38.10549
2026-02-24 17:00:00+01:00,15.2345,8.217153,13.679999,0.0,0.0,40240.0,2.9178793,31.679502
2026-02-24 18:00:00+01:00,13.6345005,8.714677,14.04,0.0,0.0,37880.0,2.278481,23.586206
2026-02-24 19:00:00+01:00,12.5845,7.9932966,14.4,0.0,0.0,37720.0,6.6350365,25.455843
2026-02-24 20:00:00+01:00,11.5845,8.78872,14.04,0.0,0.0,36980.0,13.285712,21.803795
2026-02-24 21:00:00+01:00,11.2345,9.387651,15.84,0.0,0.0,35280.0,14.301892,22.041037
2026-02-24 22:00:00+01:00,10.9845,10.1887,15.119999,0.0,0.0,35920.0,13.120569,15.517241
2026-02-24 23:00:00+01:00,10.2345,8.287822,16.56,0.0,0.0,35400.0,13.881914,10.236675
2026-02-25 00:00:00+01:00,9.434501,6.618519,13.32,0.0,0.0,33640.0,11.419714,12.795844
2026-02-25 01:00:00+01:00,8.2845,6.3690495,10.440001,0.0,0.0,29020.0,10.520563,9.227214
2026-02-25 02:00:00+01:00,7.5845,4.39436,10.08,0.0,0.0,26800.0,6.330734,5.00416
2026-02-25 03:00:00+01:00,6.9344997,4.8965297,7.92,0.0,0.0,24760.0,7.4739733,3.3425157
2026-02-25 04:00:00+01:00,5.9845,1.1384199,6.8399997,0.0,0.0,17800.0,6.1138062,2.775808
2026-02-25 05:00:00+01:00,3.9845002,1.9386592,2.8799999,77.0,0.0,700.0,5.195736,0.6206896
2026-02-25 06:00:00+01:00,4.0345,1.835647,2.8799999,100.0,0.0,140.0,6.444517,1.7555753
2026-02-25 07:00:00+01:00,5.4845,2.1897945,3.6,100.0,0.0,260.0,4.1265044,3.9743526
2026-02-25 08:00:00+01:00,5.3845,3.4152596,5.3999996,100.0,0.0,100.0,3.89347,3.6192114
2026-02-25 09:00:00+01:00,5.3845,3.8939953,7.2,100.0,0.0,80.0,7.515534,7.022301
2026-02-25 10:00:00+01:00,5.7844996,1.8,7.2,100.0,0.0,80.0,9.383359,7.4740934
2026-02-25 11:00:00+01:00,6.0344996,2.6208394,6.12,100.0,0.0,100.0,13.859459,8.777877
2026-02-25 12:00:00+01:00,7.2345,5.495161,10.440001,100.0,0.0,120.0,19.46735,8.777877
2026-02-25 13:00:00+01:00,9.684501,4.3349743,11.159999,63.0,0.0,18660.0,18.788836,7.4740934
2026-02-25 14:00:00+01:00,12.184501,5.6233797,11.5199995,0.0,0.0,33700.0,14.243696,8.350525
2026-02-25 15:00:00+01:00,13.5345,6.1094027,11.5199995,0.0,0.0,38080.0,12.512989,7.948705
2026-02-25 16:00:00+01:00,14.434501,4.1046314,11.159999,0.0,0.0,39720.0,10.066657,7.238423
2026-02-25 17:00:00+01:00,14.0845,1.2979984,6.4799995,0.0,0.0,39040.0,8.402622,7.4740934
2026-02-25 18:00:00+01:00,12.8345,3.0758414,4.68,0.0,0.0,37300.0,7.515534,7.0769506
2026-02-25 19:00:00+01:00,11.4845,1.08,4.68,0.0,0.0,34120.0,8.074956,5.7224755
2026-02-25 20:00:00+01:00,10.7845,1.2979984,1.8,0.0,0.0,36340.0,10.401459,6.2068963
2026-02-25 21:00:00+01:00,10.2345,2.8116899,3.96,0.0,0.0,39520.0,12.039351,6.7137847
2026-02-25 22:00:00+01:00,8.934501,1.1384199,3.96,0.0,0.0,37060.0,12.396276,6.598021
2026-02-25 23:00:00+01:00,7.3845,2.5455842,3.6,0.0,0.0,29140.0,18.21075,7.948705
2026-02-26 00:00:00+01:00,6.3345,2.5455842,5.04,0.0,0.0,12740.0,18.750113,7.5764823
2026-02-26 01:00:00+01:00,4.7844996,2.9024127,5.04,75.0,0.0,1020.0,12.337506,8.092802
2026-02-26 02:00:00+01:00,4.4845,2.9024127,6.4799995,100.0,0.0,40.0,11.4288025,8.442291
2026-02-26 03:00:00+01:00,3.8345,3.5455887,6.12,100.0,0.0,20.0,14.133929,10.551724
2026-02-26 04:00:00+01:00,3.0345001,2.6208394,6.12,100.0,0.0,40.0,12.759493,11.987508
2026-02-26 05:00:00+01:00,3.0345001,3.5455887,6.4799995,100.0,0.0,40.0,14.272824,9.227215
2026-02-26 06:00:00+01:00,2.3845,3.8939953,6.8399997,100.0,0.0,20.0,16.805244,8.442291
2026-02-26 07:00:00+01:00,2.1345,4.1046314,6.8399997,100.0,0.0,40.0,17.250372,9.813965
2026-02-26 08:00:00+01:00,2.1345,4.6102495,7.92,100.0,0.0,40.0,16.909952,9.6356945
2026-02-26 09:00:00+01:00,2.2845001,4.8433046,9.0,100.0,0.0,40.0,16.860758,9.813965
2026-02-26 10:00:00+01:00,4.4344997,4.6102495,8.28,100.0,0.0,80.0,17.352394,8.886923
2026-02-26 11:00:00+01:00,7.2345,4.39436,9.72,58.0,0.0,1700.0,16.00136,11.444951
2026-02-26 12:00:00+01:00,10.7845,7.2,13.679999,0.0,0.0,27320.0,16.43036,13.6692705
2026-02-26 13:00:00+01:00,13.3845005,8.78872,16.56,0.0,0.0,37480.0,16.73094,9.392738
2026-02-26 14:00:00+01:00,15.1345005,7.145796,15.84,0.0,0.0,39700.0,12.44643,8.442291
2026-02-26 15:00:00+01:00,16.0845,8.287822,14.4,0.0,0.0,40960.0,11.02182,10.180067
2026-02-26 16:00:00+01:00,16.4345,8.714677,16.199999,0.0,0.0,42040.0,10.035667,14.8057575
2026-02-26 17:00:00+01:00,15.684501,5.3999996,14.759999,0.0,0.0,41460.0,9.952556,16.185604
2026-02-26 18:00:00+01:00,13.8845005,2.8799999,7.92,0.0,0.0,39780.0,11.821781,16.65485
2026-02-26 19:00:00+01:00,12.4845,2.5455842,3.96,0.0,0.0,39020.0,9.394418,14.529971
2026-02-26 20:00:00+01:00,12.0345,2.5455842,3.6,0.0,0.0,40160.0,9.022324,14.329733
2026-02-26 21:00:00+01:00,10.5845,3.096837,3.96,0.0,0.0,39720.0,11.282507,15.11478
2026-02-26 22:00:00+01:00,8.2345,1.835647,5.04,0.0,0.0,35260.0,13.215189,12.367153
2026-02-26 23:00:00+01:00,7.7345,2.7416782,3.2399998,0.0,0.0,28860.0,14.836392,11.661699
2026-02-27 00:00:00+01:00,7.2345,3.2599385,5.04,0.0,0.0,22060.0,15.419778,15.517241
2026-02-27 01:00:00+01:00,5.6345,3.319036,5.3999996,0.0,0.0,18300.0,17.958132,19.390963
2026-02-27 02:00:00+01:00,4.2345,3.6,5.04,0.0,0.0,7140.0,20.34876,23.59437
2026-02-27 03:00:00+01:00,3.3345,3.319036,6.12,100.0,0.0,80.0,22.702635,23.757093
2026-02-27 04:00:00+01:00,2.9345,2.5455842,6.12,100.0,0.0,80.0,18.700209,21.24899
2026-02-27 05:00:00+01:00,2.6845,3.6,6.4799995,100.0,0.0,40.0,20.364061,18.381218
2026-02-27 06:00:00+01:00,2.4345,2.968636,6.4799995,100.0,0.0,40.0,22.702635,18.8469
2026-02-27 07:00:00+01:00,2.3345,3.96,5.04,100.0,0.0,40.0,28.050312,21.402544
2026-02-27 08:00:00+01:00,2.8845,4.2136917,6.4799995,100.0,0.0,60.0,31.337189,17.043554
2026-02-27 09:00:00+01:00,3.2845001,4.39436,8.64,100.0,0.0,40.0,32.26445,18.0
2026-02-27 10:00:00+01:00,5.9845,5.8048253,9.0,89.0,0.0,160.0,30.967232,19.400894
2026-02-27 11:00:00+01:00,10.0845,7.653705,13.32,0.0,0.0,26720.0,30.337183,22.430868
2026-02-27 12:00:00+01:00,12.6345005,11.480557,20.16,0.0,0.0,38480.0,31.181076,23.635157
2026-02-27 13:00:00+01:00,14.2845,11.988594,21.24,0.0,0.0,40400.0,28.531094,18.672342
2026-02-27 14:00:00+01:00,15.7345,13.551501,23.759998,0.0,0.0,41960.0,27.34557,20.217718
2026-02-27 15:00:00+01:00,16.0845,13.684735,24.119999,0.0,0.0,42920.0,23.542343,20.01664
2026-02-27 16:00:00+01:00,16.1845,11.119281,23.4,0.0,0.0,43080.0,23.700583,22.422277
2026-02-27 17:00:00+01:00,15.184501,8.217153,18.72,0.0,0.0,42040.0,25.273685,24.593725
2026-02-27 18:00:00+01:00,12.9845,4.3349743,12.24,0.0,0.0,41040.0,23.489357,27.681644
2026-02-27 19:00:00+01:00,10.434501,4.8965297,6.12,0.0,0.0,41260.0,20.404812,27.204338
2026-02-27 20:00:00+01:00,9.3345,3.319036,6.8399997,0.0,0.0,41240.0,20.34876,27.204338
2026-02-27 21:00:00+01:00,8.8345,3.219938,4.32,0.0,0.0,41380.0,25.207869,27.89653
2026-02-27 22:00:00+01:00,6.0845,3.2599385,4.68,0.0,0.0,35820.0,34.274292,28.753408
2026-02-27 23:00:00+01:00,4.7345,2.8799999,5.7599998,0.0,0.0,33900.0,41.963654,31.170736
2026-02-28 00:00:00+01:00,4.1345,2.1897945,3.6,0.0,0.0,23880.0,40.641354,31.903688
2026-02-28 01:00:00+01:00,3.6845,3.671294,4.32,0.0,0.0,23300.0,42.311092,30.36308
2026-02-28 02:00:00+01:00,2.5345001,3.2399998,3.96,0.0,0.0,13260.0,23.85342,28.232851
2026-02-28 03:00:00+01:00,2.9845002,3.7064266,5.3999996,0.0,0.0,14020.0,15.099987,29.980017
2026-02-28 04:00:00+01:00,1.3345,3.0547013,6.4799995,60.0,0.0,1660.0,16.562534,34.697605
2026-02-28 05:00:00+01:00,0.7845,3.0547013,6.12,100.0,0.0,100.0,25.97868,35.133446
2026-02-28 06:00:00+01:00,0.43449998,2.3051248,5.7599998,100.0,0.0,60.0,20.981829,34.725353
2026-02-28 07:00:00+01:00,0.18450001,1.8,5.3999996,100.0,0.0,40.0,19.274387,39.45165
2026-02-28 08:00:00+01:00,0.9845,2.8799999,5.3999996,100.0,0.0,140.0,18.788836,42.87703
2026-02-28 09:00:00+01:00,2.5845,1.609969,4.32,97.0,0.0,560.0,16.506018,44.73273
2026-02-28 10:00:00+01:00,5.3845,3.6,6.8399997,85.0,0.0,5840.0,18.347078,43.612003
2026-02-28 11:00:00+01:00,8.8345,5.6233797,9.72,66.0,0.0,23860.0,19.674257,44.082077
2026-02-28 12:00:00+01:00,10.5345,7.491114,13.32,80.0,0.0,30480.0,21.110098,47.79713
2026-02-28 13:00:00+01:00,10.1345005,8.587338,16.56,100.0,0.0,29020.0,19.905111,53.411777
2026-02-28 14:00:00+01:00,10.5345,7.9036193,15.119999,100.0,0.0,32120.0,13.941624,49.15611
2026-02-28 15:00:00+01:00,10.4845,6.151683,13.32,100.0,0.0,31020.0,14.038106,45.72086
2026-02-28 16:00:00+01:00,10.8345,10.296251,9.0,100.0,0.0,39200.0,18.504856,42.216022
2026-02-28 17:00:00+01:00,10.184501,10.009036,18.359999,81.0,0.0,38780.0,22.624752,41.752625
2026-02-28 18:00:00+01:00,9.434501,6.489992,16.919998,82.0,0.1,38660.0,23.240505,43.04741
2026-02-28 19:00:00+01:00,9.3845005,7.653705,9.72,100.0,0.1,39240.0,20.236195,38.241734
2026-02-28 20:00:00+01:00,9.0845,3.319036,11.5199995,89.0,0.0,38800.0,19.71643,34.08711
2026-02-28 21:00:00+01:00,8.7845,3.096837,5.3999996,89.0,0.0,39140.0,14.47508,33.820465
2026-02-28 22:00:00+01:00,8.434501,2.52,4.68,100.0,0.2,39500.0,12.969341,32.042255
2026-02-28 23:00:00+01:00,6.9845,2.6208394,4.32,100.0,0.0,30160.0,12.337506,34.137928
2026-03-01 00:00:00+01:00,6.3345,1.835647,4.68,90.0,0.0,22240.0,8.987734,35.682907
2026-03-01 01:00:00+01:00,6.2844996,0.71999997,2.8799999,77.0,0.0,25580.0,1.643036,36.877533
2026-03-01 02:00:00+01:00,6.3345,1.609969,2.16,78.0,0.0,32280.0,1.9333551,36.03209
2026-03-01 03:00:00+01:00,6.1345,1.0182338,1.4399999,93.0,0.0,28540.0,6.3960004,36.430832
2026-03-01 04:00:00+01:00,5.7844996,0.71999997,1.4399999,88.0,0.2,23100.0,7.418196,36.96101
2026-03-01 05:00:00+01:00,5.4845,1.2979984,1.4399999,76.0,0.0,21020.0,5.709857,36.451977
2026-03-01 06:00:00+01:00,5.6844997,2.4149535,3.96,70.0,0.0,27240.0,4.511162,32.990105
2026-03-01 07:00:00+01:00,5.1844997,3.7064266,2.8799999,80.0,0.0,20640.0,1.3670886,29.487658
2026-03-01 08:00:00+01:00,5.4344997,5.2416787,8.64,19.0,0.0,23500.0,3.5591009,27.737257
2026-03-01 09:00:00+01:00,6.6345,2.7416782,8.28,9.0,0.0,21920.0,4.488087,30.470741
2026-03-01 10:00:00+01:00,8.2345,2.5959969,7.5599995,0.0,0.0,33740.0,3.9200466,28.423246
2026-03-01 11:00:00+01:00,9.5345,4.5536795,8.64,0.0,0.0,38060.0,5.012658,28.753408
2026-03-01 12:00:00+01:00,10.4845,3.0758414,8.64,3.0,0.0,39620.0,3.0569031,28.61238
2026-03-01 13:00:00+01:00,11.0845,4.32,7.2,0.0,0.0,40160.0,1.0189676,27.225573
2026-03-01 14:00:00+01:00,11.7845,6.2145634,11.879999,0.0,0.0,40760.0,2.6571426,26.948225
2026-03-01 15:00:00+01:00,12.0345,6.12,11.5199995,0.0,0.0,41060.0,1.0189676,27.89653
2026-03-01 16:00:00+01:00,11.8845005,9.793058,12.24,10.0,0.0,41180.0,6.444517,26.098505
2026-03-01 17:00:00+01:00,11.2345,7.5685663,16.199999,21.0,0.0,40760.0,3.9200466,23.757093
2026-03-01 18:00:00+01:00,9.3845005,6.696387,12.24,0.0,0.0,37940.0,7.3619976,20.217718
2026-03-01 19:00:00+01:00,8.0845,9.885262,14.4,3.0,0.0,37340.0,11.926711,11.326523
2026-03-01 20:00:00+01:00,7.3845,10.144082,16.199999,6.0,0.0,35720.0,13.033229,7.777219
2026-03-01 21:00:00+01:00,6.7844996,7.8954163,15.84,0.0,0.0,33680.0,14.539494,10.00832
2026-03-01 22:00:00+01:00,6.1844997,5.0142193,11.5199995,0.0,0.0,32200.0,18.147924,9.655664
2026-03-01 23:00:00+01:00,5.0344996,2.8116899,6.8399997,0.0,0.0,28640.0,21.266907,11.858258
2026-03-02 00:00:00+01:00,4.1345,1.609969,3.6,0.0,0.0,26560.0,21.203342,15.41761
2026-03-02 01:00:00+01:00,2.8845,1.484318,1.8,0.0,0.0,16900.0,21.335148,19.871765
2026-03-02 02:00:00+01:00,2.0845,1.8,2.52,0.0,0.0,11420.0,20.752947,20.864775
2026-03-02 03:00:00+01:00,0.68450004,1.9386592,2.8799999,100.0,0.0,100.0,18.027378,20.818563
2026-03-02 04:00:00+01:00,1.1845,1.9386592,2.8799999,100.0,0.0,140.0,15.473553,20.265303
2026-03-02 05:00:00+01:00,1.0845,1.835647,3.2399998,100.0,0.0,60.0,11.618018,20.864775
2026-03-02 06:00:00+01:00,0.7845,2.0991426,3.6,100.0,0.0,40.0,10.401459,18.62069
2026-03-02 07:00:00+01:00,-0.015500002,2.1897945,3.2399998,100.0,0.0,60.0,7.958392,14.948187
2026-03-02 08:00:00+01:00,0.2345,1.9386592,3.96,100.0,0.0,40.0,7.205189,12.735487
2026-03-02 09:00:00+01:00,0.38450003,1.5273507,4.32,100.0,0.0,40.0,6.330734,11.444951
2026-03-02 10:00:00+01:00,2.6845,1.609969,5.3999996,100.0,0.0,200.0,3.9200466,9.227214
2026-03-02 11:00:00+01:00,5.5344996,2.1897945,5.3999996,31.0,0.0,15340.0,1.643036,7.777219
2026-03-02 12:00:00+01:00,9.0345,1.484318,5.7599998,0.0,0.0,35060.0,1.4410379,7.4482756
2026-03-02 13:00:00+01:00,11.2345,3.6179552,7.92,0.0,0.0,38020.0,6.835443,8.092802
2026-03-02 14:00:00+01:00,12.7845,6.28713,12.24,0.0,0.0,40560.0,8.598059,8.886923
2026-03-02 15:00:00+01:00,13.6345005,7.5170207,13.32,0.0,0.0,41120.0,12.710575,10.624495
2026-03-02 16:00:00+01:00,14.2845,9.360001,17.28,0.0,0.0,42460.0,18.733492,10.569963
2026-03-02 17:00:00+01:00,13.7845,9.360001,16.56,0.0,0.0,42540.0,20.055809,11.595439
2026-03-02 18:00:00+01:00,11.934501,6.193674,14.04,0.0,0.0,41080.0,18.31876,11.0510645
2026-03-02 19:00:00+01:00,10.1345005,8.049845,11.159999,0.0,0.0,40940.0,15.975386,11.711148
2026-03-02 20:00:00+01:00,8.934501,7.0911775,12.24,0.0,0.0,40640.0,15.4936695,9.695481
2026-03-02 21:00:00+01:00,8.2345,4.829907,10.440001,0.0,0.0,40420.0,11.401515,7.900089
2026-03-02 22:00:00+01:00,7.3345,5.315336,7.2,0.0,0.0,38340.0,9.837129,10.180067
2026-03-02 23:00:00+01:00,6.2345,4.3349743,7.92,0.0,0.0,36060.0,6.7744107,10.00832
2026-03-03 00:00:00+01:00,4.5845,2.9024127,5.7599998,0.0,0.0,29700.0,4.488087,7.2649856
2026-03-03 01:00:00+01:00,3.5345001,1.2979984,3.96,0.0,0.0,20420.0,4.201311,5.8883786
2026-03-03 02:00:00+01:00,2.0845,1.2979984,1.4399999,79.0,0.0,840.0,2.734177,5.00416
2026-03-03 03:00:00+01:00,0.8845,0.5091169,1.4399999,100.0,0.0,100.0,2.453999,3.9255857
2026-03-03 04:00:00+01:00,1.3844999,1.2979984,1.4399999,81.0,0.0,780.0,2.7718916,5.0041595
2026-03-03 05:00:00+01:00,0.93450004,1.1384199,3.2399998,69.0,0.0,1320.0,3.4704785,5.1183376
2026-03-03 06:00:00+01:00,1.4345,1.2979984,2.16,74.0,0.0,6380.0,5.094838,5.3031745
2026-03-03 07:00:00+01:00,0.9845,2.5455842,2.8799999,66.0,0.0,2500.0,8.36547,5.5862064
2026-03-03 08:00:00+01:00,0.7845,2.968636,5.04,100.0,0.0,100.0,9.952556,5.7224755
2026-03-03 09:00:00+01:00,1.1845,1.8,5.04,100.0,0.0,80.0,16.468233,6.2378535
2026-03-03 10:00:00+01:00,4.2844996,2.4149535,5.7599998,0.0,0.0,8940.0,19.128386,5.7224755
2026-03-03 11:00:00+01:00,7.2345,1.609969,5.7599998,0.0,0.0,25680.0,20.097183,7.4740934
2026-03-03 12:00:00+01:00,10.6345005,2.52,6.8399997,0.0,0.0,38840.0,19.616121,7.948705
2026-03-03 13:00:00+01:00,13.184501,6.9247384,11.159999,0.0,0.0,41620.0,21.538576,10.533453
2026-03-03 14:00:00+01:00,14.5845,9.504273,15.84,0.0,0.0,43100.0,18.347078,9.474416
2026-03-03 15:00:00+01:00,15.1345005,14.332341,23.4,0.0,0.0,42480.0,18.3697,9.310345
2026-03-03 16:00:00+01:00,15.1345005,14.561099,25.199999,0.0,0.0,43560.0,17.412127,8.442291
2026-03-03 17:00:00+01:00,14.434501,9.346143,23.039999,0.0,0.0,43060.0,15.1685915,7.499821
2026-03-03 18:00:00+01:00,12.3845005,8.373386,14.4,0.0,0.0,41220.0,18.788836,3.9743526
2026-03-03 19:00:00+01:00,11.2345,10.661107,14.759999,0.0,0.0,41780.0,23.524694,3.6192114
2026-03-03 20:00:00+01:00,10.6345005,9.346143,16.199999,0.0,0.0,41460.0,25.100548,3.3425157
2026-03-03 21:00:00+01:00,8.9845,5.692099,13.679999,0.0,0.0,40660.0,25.025978,1.9627929
2026-03-03 22:00:00+01:00,8.184501,7.42159,9.36,0.0,0.0,39700.0,21.203342,1.9627929
2026-03-03 23:00:00+01:00,7.5845,7.145796,12.599999,0.0,0.0,38500.0,19.726961,1.387904
2026-03-04 00:00:00+01:00,6.8845,5.8603754,10.799999,0.0,0.0,37760.0,15.5538645,2.775808
2026-03-04 01:00:00+01:00,6.3345,5.3517847,8.64,0.0,0.0,36460.0,12.396276,4.3889384
2026-03-04 02:00:00+01:00,5.6345,3.8268526,7.92,0.0,0.0,35360.0,9.294415,3.7755077
2026-03-04 03:00:00+01:00,4.6345,3.396233,5.04,0.0,0.0,32880.0,8.706063,1.7555753
2026-03-04 04:00:00+01:00,3.8345,4.39436,5.7599998,0.0,0.0,28520.0,11.537306,2.5591688
2026-03-04 05:00:00+01:00,2.5845,2.6208394,6.4799995,0.0,0.0,20900.0,8.315675,3.1034482
2026-03-04 06:00:00+01:00,1.7344999,2.5455842,3.2399998,0.0,0.0,14460.0,7.958392,3.9743526
2026-03-04 07:00:00+01:00,1.5345,3.5455887,5.04,0.0,0.0,18620.0,5.941551,5.551616
2026-03-04 08:00:00+01:00,1.5845,2.968636,5.3999996,0.0,0.0,17680.0,5.195736,5.7224755
2026-03-04 09:00:00+01:00,3.4845002,1.835647,5.04,0.0,0.0,16400.0,5.012658,5.855574
2026-03-04 10:00:00+01:00,6.7345,3.2399998,6.4799995,0.0,0.0,30860.0,3.3175182,4.475857
2026-03-04 11:00:00+01:00,9.3845005,5.1544156,10.440001,0.0,0.0,36980.0,6.572144,5.339374
2026-03-04 12:00:00+01:00,11.4845,5.3517847,11.159999,0.0,0.0,39340.0,9.688234,5.00416
2026-03-04 13:00:00+01:00,12.7345,7.342588,12.599999,0.0,0.0,40760.0,7.4739733,6.598021
2026-03-04 14:00:00+01:00,13.7345,9.028754,15.4800005,0.0,0.0,41480.0,7.205189,6.48019
2026-03-04 15:00:00+01:00,14.2345,8.825508,15.4800005,0.0,0.0,42000.0,7.7468357,5.3031745
2026-03-04 16:00:00+01:00,14.3345,11.367109,16.56,0.0,0.0,42460.0,4.488087,7.238423
2026-03-04 17:00:00+01:00,13.6345005,12.181625,20.519999,0.0,0.0,41680.0,1.2889035,6.8557405
2026-03-04 18:00:00+01:00,11.6345005,10.514218,18.359999,0.0,0.0,40520.0,2.8820758,6.329817
2026-03-04 19:00:00+01:00,10.2845,12.24,17.28,0.0,0.0,40740.0,5.195736,7.4482756
2026-03-04 20:00:00+01:00,9.3845005,10.495713,18.72,0.0,0.0,40940.0,6.330734,8.092802
2026-03-04 21:00:00+01:00,8.0345,7.2,15.4800005,0.0,0.0,40240.0,8.598059,7.5510154
2026-03-04 22:00:00+01:00,7.0344996,5.692099,10.799999,0.0,0.0,39320.0,8.987734,10.1040945
2026-03-04 23:00:00+01:00,6.1345,4.1046314,8.28,0.0,0.0,38780.0,11.171529,13.0492525
2026-03-05 00:00:00+01:00,4.7844996,3.219938,5.7599998,0.0,0.0,37080.0,12.379514,13.196042
2026-03-05 01:00:00+01:00,4.2345,3.096837,4.32,0.0,0.0,33960.0,9.7416725,16.386677
2026-03-05 02:00:00+01:00,3.1845,2.6208394,5.3999996,0.0,0.0,24640.0,7.515534,18.042753
2026-03-05 03:00:00+01:00,2.1845,1.609969,4.68,0.0,0.0,15060.0,7.866535,17.643314
2026-03-05 04:00:00+01:00,1.7344999,2.1897945,2.8799999,0.0,0.0,12840.0,6.3960004,16.527136
2026-03-05 05:00:00+01:00,0.8845,1.609969,2.16,40.0,0.0,4660.0,6.444517,16.102081
2026-03-05 06:00:00+01:00,0.0845,1.609969,2.16,100.0,0.0,160.0,8.402622,18.096056
2026-03-05 07:00:00+01:00,0.6345,1.484318,2.16,100.0,0.0,180.0,5.333787,18.096056
2026-03-05 08:00:00+01:00,0.0845,1.8,2.8799999,100.0,0.0,60.0,6.835443,20.632677
2026-03-05 09:00:00+01:00,1.4345,2.8116899,4.32,100.0,0.0,100.0,8.670211,22.249796
2026-03-05 10:00:00+01:00,5.3845,1.08,6.12,70.0,0.0,9360.0,7.958392,26.804882
2026-03-05 11:00:00+01:00,8.0345,1.8,5.3999996,0.0,0.0,24280.0,10.087265,32.943363
2026-03-05 12:00:00+01:00,10.434501,1.835647,5.7599998,0.0,0.0,35840.0,9.215885,34.430096
2026-03-05 13:00:00+01:00,12.0345,1.2979984,6.12,0.0,0.0,39440.0,8.202532,28.953691
2026-03-05 14:00:00+01:00,13.5345,2.0364676,6.4799995,0.0,0.0,41000.0,5.3142853,28.423246
2026-03-05 15:00:00+01:00,14.684501,2.1897945,5.7599998,0.0,0.0,41940.0,4.757608,26.718508
2026-03-05 16:00:00+01:00,14.684501,3.7064266,9.36,0.0,0.0,41600.0,4.0758705,21.402544
2026-03-05 17:00:00+01:00,14.2845,3.396233,6.8399997,0.0,0.0,41340.0,2.3236039,19.62793
2026-03-05 18:00:00+01:00,12.7845,4.379589,6.4799995,0.0,0.0,39860.0,2.3236039,20.360134
2026-03-05 19:00:00+01:00,10.5845,2.9024127,6.12,0.0,0.0,38460.0,7.866535,21.002802
2026-03-05 20:00:00+01:00,9.434501,1.8,3.6,0.0,0.0,39620.0,7.6388597,17.245792
2026-03-05 21:00:00+01:00,8.7845,1.5273507,2.52,0.0,0.0,39720.0,7.840093,12.735487
2026-03-05 22:00:00+01:00,7.4845,3.096837,3.2399998,0.0,0.0,37080.0,8.598059,11.776757
2026-03-05 23:00:00+01:00,5.9845,2.5959969,4.68,0.0,0.0,33100.0,9.394418,10.624495
2026-03-06 00:00:00+01:00,4.6345,0.71999997,5.3999996,0.0,0.0,17500.0,5.9240503,8.711794
2026-03-06 01:00:00+01:00,4.0845,2.16,4.68,0.0,0.0,16920.0,1.4410379,8.281033
2026-03-06 02:00:00+01:00,3.5845,1.8,2.8799999,0.0,0.0,13960.0,3.5591009,9.164372
2026-03-06 03:00:00+01:00,2.6845,1.2979984,3.2399998,18.0,0.0,4960.0,8.253009,10.027549
2026-03-06 04:00:00+01:00,1.8345,2.2768397,3.6,66.0,0.0,1700.0,14.309151,8.777877
2026-03-06 05:00:00+01:00,3.8845,2.968636,5.04,16.0,0.0,9660.0,14.133929,8.327425
2026-03-06 06:00:00+01:00,3.5845,1.9386592,3.6,74.0,0.0,6660.0,15.318443,6.6850314
2026-03-06 07:00:00+01:00,3.0845,3.671294,7.2,72.0,0.0,3760.0,17.958132,6.939521
2026-03-06 08:00:00+01:00,3.4345,4.6938257,7.5599995,91.0,0.0,580.0,20.78794,8.777877
2026-03-06 09:00:00+01:00,3.7345002,3.219938,7.92,100.0,0.0,120.0,20.592224,11.189642
2026-03-06 10:00:00+01:00,5.2345,2.5455842,7.5599995,25.0,0.0,6380.0,24.293348,17.256958
2026-03-06 11:00:00+01:00,8.0845,1.835647,7.5599995,0.0,0.0,17960.0,26.328043,19.716057
2026-03-06 12:00:00+01:00,10.6345005,2.0991426,5.7599998,0.0,0.0,36340.0,24.455225,20.055098
2026-03-06 13:00:00+01:00,12.6345005,1.1384199,5.7599998,0.0,0.0,40220.0,27.34557,20.632677
2026-03-06 14:00:00+01:00,13.8345,2.52,8.64,0.0,0.0,39840.0,27.116795,21.944693
2026-03-06 15:00:00+01:00,14.9845,1.4399999,5.04,0.0,0.0,40040.0,25.494562,23.594372
2026-03-06 16:00:00+01:00,15.5845,2.1897945,5.04,0.0,0.0,40760.0,25.166645,22.422277
2026-03-06 17:00:00+01:00,15.7345,3.6,6.12,0.0,0.0,41560.0,24.0485,23.659594
2026-03-06 18:00:00+01:00,13.7845,4.1046314,8.28,0.0,0.0,39520.0,27.93161,22.353445
2026-03-06 19:00:00+01:00,12.0345,5.3517847,6.8399997,0.0,0.0,41820.0,33.64137,24.206896
2026-03-06 20:00:00+01:00,9.684501,3.8773184,7.5599995,0.0,0.0,38980.0,35.48876,23.594372
2026-03-06 21:00:00+01:00,8.3345,0.8049845,6.12,0.0,0.0,36300.0,34.88383,22.344826
2026-03-06 22:00:00+01:00,7.6844997,3.096837,4.68,0.0,0.0,37880.0,32.73726,19.871763
2026-03-06 23:00:00+01:00,8.2845,3.8939953,6.4799995,0.0,0.0,39220.0,28.964502,16.185604
2026-03-07 00:00:00+01:00,8.5845,1.9386592,5.3999996,0.0,0.0,39460.0,24.666595,13.398848
2026-03-07 01:00:00+01:00,6.8845,3.563818,2.8799999,0.0,0.0,36700.0,20.827858,13.398848
2026-03-07 02:00:00+01:00,5.9344997,0.71999997,4.68,0.0,0.0,30220.0,16.411392,10.4046545
2026-03-07 03:00:00+01:00,5.1345,1.1384199,1.8,0.0,0.0,22520.0,12.767627,9.310345
2026-03-07 04:00:00+01:00,3.2345002,0.35999998,1.08,0.0,0.0,14320.0,12.337506,10.236675
2026-03-07 05:00:00+01:00,2.7845001,0.8049845,1.8,10.0,0.0,6800.0,10.520564,12.367153
2026-03-07 06:00:00+01:00,2.0345001,0.0,1.08,97.0,0.0,240.0,9.515216,13.556066
2026-03-07 07:00:00+01:00,1.2845,0.35999998,0.71999997,100.0,0.0,80.0,10.520563,20.938503
2026-03-07 08:00:00+01:00,0.7845,1.1384199,2.52,100.0,0.0,40.0,12.694226,21.944693
2026-03-07 09:00:00+01:00,3.0345001,2.1897945,4.68,77.0,0.0,320.0,11.087566,22.965515
2026-03-07 10:00:00+01:00,4.5845,1.2979984,4.32,64.0,0.0,760.0,12.603934,26.804884
2026-03-07 11:00:00+01:00,8.434501,1.1384199,4.68,0.0,0.0,26620.0,10.391472,25.151335
2026-03-07 12:00:00+01:00,11.7845,1.5273507,5.04,0.0,0.0,38400.0,8.151741,22.82248
2026-03-07 13:00:00+01:00,13.5845,3.319036,7.5599995,0.0,0.0,39940.0,4.1265044,20.265303
2026-03-07 14:00:00+01:00,14.934501,3.8773184,8.64,0.0,0.0,40700.0,2.453999,15.367554
2026-03-07 15:00:00+01:00,15.684501,2.4149535,7.92,0.0,0.0,40980.0,5.543783,12.795844
2026-03-07 16:00:00+01:00,15.934501,2.5455842,5.04,0.0,0.0,41360.0,4.6916795,8.622896
2026-03-07 17:00:00+01:00,15.3845005,1.835647,5.04,0.0,0.0,41200.0,3.2222586,6.2068963
2026-03-07 18:00:00+01:00,13.7845,2.9024127,4.68,0.0,0.0,39700.0,4.556962,5.855574
2026-03-07 19:00:00+01:00,11.2345,5.8603754,7.92,0.0,0.0,35180.0,3.0569031,6.329817
2026-03-07 20:00:00+01:00,10.0845,5.04,10.08,0.0,0.0,33360.0,2.6571426,5.0041595
2026-03-07 21:00:00+01:00,10.0845,4.32,7.2,0.0,0.0,36040.0,4.1265044,6.113084
2026-03-07 22:00:00+01:00,9.5845,2.9024127,6.12,0.0,0.0,34260.0,0.4556962,6.2068963
2026-03-07 23:00:00+01:00,8.7345,1.2979984,2.8799999,0.0,0.0,32380.0,1.4410379,8.092802
2026-03-08 00:00:00+01:00,6.4344997,2.968636,3.2399998,0.0,0.0,14740.0,4.0758705,7.5764823
2026-03-08 01:00:00+01:00,5.8345,1.835647,5.04,41.0,0.0,7580.0,5.487309,10.551724
2026-03-08 02:00:00+01:00,5.3345,0.8049845,2.8799999,0.0,0.0,9160.0,5.562481,9.655664
2026-03-08 03:00:00+01:00,3.6845,1.609969,2.16,100.0,0.0,60.0,7.205189,9.474416
2026-03-08 04:00:00+01:00,3.8845,2.1897945,2.8799999,100.0,0.0,60.0,7.418196,7.900089
2026-03-08 05:00:00+01:00,3.7345002,1.2979984,2.52,100.0,0.0,60.0,6.3960004,8.350525
2026-03-08 06:00:00+01:00,2.7345002,1.609969,2.8799999,100.0,0.0,40.0,6.7744107,9.310345
2026-03-08 07:00:00+01:00,2.0845,1.609969,3.6,100.0,0.0,40.0,6.1138062,10.839878
2026-03-08 08:00:00+01:00,1.8844999,1.609969,3.6,100.0,0.0,20.0,4.757608,10.027549
2026-03-08 09:00:00+01:00,2.4845002,1.609969,3.96,100.0,0.0,40.0,4.2990294,10.00832
2026-03-08 10:00:00+01:00,4.5845,1.5273507,4.32,100.0,0.0,80.0,3.1898732,11.189642
2026-03-08 11:00:00+01:00,8.434501,1.1384199,5.04,0.0,0.0,20520.0,2.8820758,11.9230585
2026-03-08 12:00:00+01:00,12.1345005,3.319036,7.5599995,0.0,0.0,35860.0,3.5591009,11.394346
2026-03-08 13:00:00+01:00,14.2345,4.198285,8.64,8.0,0.0,39700.0,3.757767,10.180067
2026-03-08 14:00:00+01:00,15.3345,3.319036,6.12,12.0,0.0,40620.0,1.8227848,10.678748
2026-03-08 15:00:00+01:00,15.934501,2.7416782,5.3999996,29.0,0.0,40820.0,3.2222586,9.813965
2026-03-08 16:00:00+01:00,16.0345,2.5959969,5.3999996,0.0,0.0,40860.0,4.201311,9.813965
2026-03-08 17:00:00+01:00,15.684501,0.8049845,4.68,0.0,0.0,40400.0,3.89347,10.624495
2026-03-08 18:00:00+01:00,13.8345,3.671294,6.8399997,5.0,0.0,36880.0,6.444517,14.490146
2026-03-08 19:00:00+01:00,11.7345,7.69592,10.440001,47.0,0.0,37100.0,3.67394,8.442291
2026-03-08 20:00:00+01:00,10.684501,6.162207,11.879999,0.0,0.0,36580.0,4.757608,8.821657
2026-03-08 21:00:00+01:00,10.1345005,5.3517847,7.5599995,0.0,0.0,37740.0,4.201311,13.0492525
2026-03-08 22:00:00+01:00,9.9845,2.1897945,7.2,0.0,0.0,37580.0,5.333787,12.367153
2026-03-08 23:00:00+01:00,9.3845005,1.9386592,2.16,0.0,0.0,36360.0,5.8000655,15.329903
2026-03-09 00:00:00+01:00,8.6345005,0.71999997,2.8799999,0.0,0.0,32740.0,5.506198,18.339252
2026-03-09 01:00:00+01:00,5.9344997,0.8049845,2.52,0.0,0.0,14860.0,3.1898732,17.390388
2026-03-09 02:00:00+01:00,5.0845,0.8049845,1.08,100.0,0.0,140.0,4.201311,15.628565
2026-03-09 03:00:00+01:00,3.6345,1.609969,2.52,100.0,0.0,20.0,5.195736,12.568007
2026-03-09 04:00:00+01:00,2.7845001,1.4399999,3.2399998,100.0,0.0,40.0,5.094838,9.494725
2026-03-09 05:00:00+01:00,2.7345002,1.8,2.8799999,100.0,0.0,40.0,5.543783,5.8883786
2026-03-09 06:00:00+01:00,2.2845001,2.7416782,4.68,100.0,0.0,20.0,8.151741,7.4740934
2026-03-09 07:00:00+01:00,2.0845,1.9386592,4.68,100.0,0.0,20.0,6.1138062,7.777219
2026-03-09 08:00:00+01:00,2.1345,2.5959969,4.32,100.0,0.0,20.0,3.89347,3.1649084
2026-03-09 09:00:00+01:00,3.1345,1.609969,5.3999996,100.0,0.0,20.0,2.6571426,1.8620689
2026-03-09 10:00:00+01:00,5.4344997,0.8049845,5.3999996,100.0,0.0,60.0,1.643036,0.6206896
2026-03-09 11:00:00+01:00,9.3345,1.835647,6.12,0.0,0.0,25300.0,1.4410379,2.775808
2026-03-09 12:00:00+01:00,12.3845005,2.0364676,6.12,0.0,0.0,36100.0,3.89347,3.1649084
2026-03-09 13:00:00+01:00,13.934501,2.16,6.8399997,0.0,0.0,39120.0,4.556962,7.238423
2026-03-09 14:00:00+01:00,15.1345005,4.68,9.72,0.0,0.0,40320.0,5.8357587,10.551724
2026-03-09 15:00:00+01:00,15.7845,6.924738,11.159999,0.0,0.0,41120.0,5.468354,13.196042
2026-03-09 16:00:00+01:00,15.934501,6.439876,9.36,0.0,0.0,41940.0,6.47666,12.735487
2026-03-09 17:00:00+01:00,15.5345,4.6102495,9.0,0.0,0.0,42140.0,3.6455696,15.41761
2026-03-09 18:00:00+01:00,13.5345,5.1165614,7.92,0.0,0.0,40020.0,1.0189676,17.043554
2026-03-09 19:00:00+01:00,11.8345,8.905908,11.879999,0.0,0.0,40080.0,6.198138,14.714402
2026-03-09 20:00:00+01:00,10.7845,6.638072,13.679999,0.0,0.0,39440.0,6.3960004,12.795844
2026-03-09 21:00:00+01:00,10.0345,6.6185193,10.799999,0.0,0.0,38020.0,6.524576,12.568007
2026-03-09 22:00:00+01:00,9.3845005,4.0249224,9.72,0.0,0.0,37400.0,4.201311,16.71258
2026-03-09 23:00:00+01:00,8.2345,3.319036,6.12,0.0,0.0,36100.0,5.9240503,18.096056
2026-03-10 00:00:00+01:00,6.3345,1.609969,3.96,0.0,0.0,30580.0,5.7641516,16.952896
2026-03-10 01:00:00+01:00,5.7345,1.1384199,1.8,0.0,0.0,25940.0,7.543114,13.612786
2026-03-10 02:00:00+01:00,3.6845,1.835647,3.96,64.0,0.0,2100.0,8.202532,11.189642
2026-03-10 03:00:00+01:00,5.3345,3.096837,5.3999996,0.0,0.0,19000.0,7.34788,15.861018
2026-03-10 04:00:00+01:00,5.7345,1.9386592,3.2399998,0.0,0.0,26260.0,0.64445174,12.795844
2026-03-10 05:00:00+01:00,3.5845,1.2979984,6.12,0.0,0.0,12560.0,3.89347,9.655664
2026-03-10 06:00:00+01:00,2.2345002,1.609969,2.52,100.0,0.0,120.0,4.511162,7.238423
2026-03-10 07:00:00+01:00,1.7344999,2.3051248,3.2399998,100.0,0.0,120.0,4.511162,6.939521
2026-03-10 08:00:00+01:00,1.8844999,0.8049845,3.2399998,100.0,0.0,80.0,2.8820758,9.6356945
2026-03-10 09:00:00+01:00,4.0345,0.5091169,3.6,66.0,0.0,1040.0,3.5591009,16.327795
2026-03-10 10:00:00+01:00,8.4845,2.16,3.6,0.0,0.0,31040.0,3.6455696,20.103062
2026-03-10 11:00:00+01:00,10.684501,2.16,6.4799995,3.0,0.0,35060.0,2.453999,18.672342
2026-03-10 12:00:00+01:00,12.7845,3.8773184,8.28,45.0,0.0,40500.0,3.757767,19.251387
2026-03-10 13:00:00+01:00,13.934501,7.653705,12.24,43.0,0.0,40740.0,4.101266,20.265303
2026-03-10 14:00:00+01:00,14.2345,10.97262,13.32,14.0,0.0,40560.0,5.709857,22.249796
2026-03-10 15:00:00+01:00,14.2845,11.113451,17.28,0.0,0.0,41680.0,10.599223,28.150856
2026-03-10 16:00:00+01:00,13.8845005,12.261157,17.28,0.0,0.0,40820.0,18.142204,33.199642
2026-03-10 17:00:00+01:00,12.4845,11.966953,24.48,45.0,0.1,38620.0,27.93161,31.921795
2026-03-10 18:00:00+01:00,11.3345,13.049689,23.759998,49.0,0.0,35240.0,31.833569,34.00224
2026-03-10 19:00:00+01:00,10.684501,10.829958,20.519999,58.0,0.0,33160.0,39.43286,33.64344
2026-03-10 20:00:00+01:00,9.7845,13.627795,24.119999,46.0,0.1,33060.0,39.15011,32.400948
2026-03-10 21:00:00+01:00,8.8845005,9.904906,20.880001,42.0,0.2,29540.0,44.929424,37.744873
2026-03-10 22:00:00+01:00,8.8345,9.565437,15.4800005,70.0,0.0,24440.0,44.78128,34.491585
2026-03-10 23:00:00+01:00,8.2345,6.151683,14.759999,59.0,0.0,18300.0,46.422897,32.84967
2026-03-11 00:00:00+01:00,7.3345,4.6800003,9.72,55.0,0.0,13620.0,43.642277,34.4245
2026-03-11 01:00:00+01:00,7.7844996,4.1046314,7.5599995,86.0,0.0,9400.0,39.171318,38.322243
2026-03-11 02:00:00+01:00,7.9344997,5.0142193,8.28,86.0,0.0,8420.0,44.11083,40.530605
2026-03-11 03:00:00+01:00,7.9344997,5.904439,10.440001,77.0,0.0,3340.0,39.968998,46.35683
2026-03-11 04:00:00+01:00,7.8345,5.95906,10.799999,81.0,0.0,9980.0,41.33041,43.310616
2026-03-11 05:00:00+01:00,7.6844997,7.4128532,11.879999,83.0,0.0,2500.0,43.61848,44.138844
2026-03-11 06:00:00+01:00,7.5344996,7.9036193,13.32,89.0,0.0,7640.0,43.211918,43.594334
2026-03-11 07:00:00+01:00,7.4845,7.5942082,13.32,85.0,0.1,9860.0,42.597233,37.760178
2026-03-11 08:00:00+01:00,7.7345,9.504273,15.119999,82.0,0.0,2680.0,46.518967,39.432114
2026-03-11 09:00:00+01:00,8.6345005,13.779114,21.24,88.0,0.0,15540.0,46.518967,39.69503
2026-03-11 10:00:00+01:00,10.184501,19.969458,32.039997,56.0,0.0,31320.0,52.405064,33.407864
2026-03-11 11:00:00+01:00,11.434501,22.415602,37.44,41.0,0.0,35500.0,65.40788,40.28271
2026-03-11 12:00:00+01:00,12.5845,26.260265,45.0,17.0,0.0,38880.0,71.46153,49.285255
2026-03-11 13:00:00+01:00,13.184501,23.664352,47.16,10.0,0.0,40360.0,58.931225,51.42742
2026-03-11 14:00:00+01:00,13.3845005,28.856194,50.039997,4.0,0.0,40880.0,65.34912,53.660046
2026-03-11 15:00:00+01:00,13.1345005,25.809765,48.6,0.0,0.0,40720.0,62.569923,61.476482
2026-03-11 16:00:00+01:00,12.6345005,22.7057,43.199997,0.0,0.0,40760.0,70.43418,63.90692
2026-03-11 17:00:00+01:00,12.0345,21.53089,36.36,55.0,0.0,40500.0,75.42564,60.45912
2026-03-11 18:00:00+01:00,11.2345,29.370352,48.6,92.0,0.0,40440.0,78.49226,65.51143
2026-03-11 19:00:00+01:00,9.3845005,20.291357,50.76,80.0,1.0,32460.0,78.93548,65.03927
2026-03-11 20:00:00+01:00,8.7345,18.39878,31.319998,100.0,0.5,24500.0,64.007065,51.889805
2026-03-11 21:00:00+01:00,8.434501,19.174856,33.12,100.0,1.3,17780.0,55.770214,49.038406
2026-03-11 22:00:00+01:00,8.0845,15.379206,36.719997,94.0,0.5,17660.0,53.191673,42.755558
2026-03-11 23:00:00+01:00,7.9344997,16.08761,27.72,99.0,0.9,13420.0,46.750523,41.66025
2026-03-12 00:00:00+01:00,7.5845,15.9134655,31.319998,91.0,0.5,19640.0,37.538967,38.20646
2026-03-12 01:00:00+01:00,7.1345,10.30883,25.919998,86.0,0.2,11140.0,34.47967,32.14429
2026-03-12 02:00:00+01:00,7.0344996,11.019764,19.08,91.0,0.1,3820.0,27.681433,29.851236
2026-03-12 03:00:00+01:00,6.7844996,7.386582,18.359999,71.0,0.0,11320.0,24.565363,32.566986
2026-03-12 04:00:00+01:00,6.3845,6.1305785,11.159999,81.0,0.0,11820.0,23.236036,25.020798
2026-03-12 05:00:00+01:00,5.3845,2.3051248,9.72,67.0,0.0,2680.0,15.148044,26.253044
2026-03-12 06:00:00+01:00,4.7844996,1.484318,2.8799999,43.0,0.0,26400.0,14.1559515,18.042755
2026-03-12 07:00:00+01:00,3.7845001,1.484318,1.4399999,6.0,0.0,16360.0,11.012396,14.044602
2026-03-12 08:00:00+01:00,4.1345,2.2768397,3.2399998,27.0,0.0,16740.0,9.580463,12.051613
2026-03-12 09:00:00+01:00,5.5344996,2.5959969,5.04,80.0,0.0,460.0,10.677303,14.529971
2026-03-12 10:00:00+01:00,7.2345,3.319036,5.7599998,0.0,0.0,24560.0,8.062088,15.824542
2026-03-12 11:00:00+01:00,9.184501,1.609969,6.8399997,0.0,0.0,39020.0,7.4739733,20.016638
2026-03-12 12:00:00+01:00,10.3845005,4.6938252,9.0,0.0,0.0,40780.0,5.195736,21.185438
2026-03-12 13:00:00+01:00,11.0345,4.73506,8.28,5.0,0.0,40860.0,2.9178793,17.478779
2026-03-12 14:00:00+01:00,11.5345,3.2599385,9.0,0.0,0.0,41000.0,4.488087,16.433628
2026-03-12 15:00:00+01:00,11.9845,3.319036,8.28,24.0,0.0,42300.0,3.67394,13.152178
2026-03-12 16:00:00+01:00,12.1345005,5.4119864,7.5599995,38.0,0.0,42800.0,5.993747,8.689655
2026-03-12 17:00:00+01:00,11.5845,3.6,9.72,0.0,0.0,43040.0,4.757608,8.092802
2026-03-12 18:00:00+01:00,9.9845,5.0142193,8.28,0.0,0.0,41380.0,10.677303,8.777877
2026-03-12 19:00:00+01:00,7.3845,6.193674,9.36,0.0,0.0,37880.0,15.949366,12.226168
2026-03-12 20:00:00+01:00,6.6345,3.219938,9.0,0.0,0.0,38000.0,9.994197,13.556066
2026-03-12 21:00:00+01:00,6.1345,2.6208394,5.3999996,0.0,0.0,39680.0,12.669665,15.102031
2026-03-12 22:00:00+01:00,5.1345,4.6102495,4.68,0.0,0.0,38860.0,21.878162,15.517241
2026-03-12 23:00:00+01:00,3.9345,3.4152596,7.2,0.0,0.0,36580.0,27.189447,17.478779
2026-03-13 00:00:00+01:00,3.2845001,2.9024127,7.2,0.0,0.0,32800.0,30.107004,18.45443
2026-03-13 01:00:00+01:00,2.2345002,3.5455887,3.96,0.0,0.0,27740.0,31.683176,23.17426
2026-03-13 02:00:00+01:00,1.4844999,4.0249224,6.4799995,0.0,0.0,15340.0,37.92969,26.740126
2026-03-13 03:00:00+01:00,0.38450003,1.5273507,6.12,56.0,0.0,2960.0,36.28441,32.042255
2026-03-13 04:00:00+01:00,0.0345,1.2979984,2.52,63.0,0.0,2060.0,32.200024,34.273087
2026-03-13 05:00:00+01:00,-0.36549997,2.7416782,3.6,81.0,0.0,780.0,37.67701,38.226624
2026-03-13 06:00:00+01:00,-1.5655,2.968636,5.04,100.0,0.0,80.0,44.492847,43.346184
2026-03-13 07:00:00+01:00,-1.7155,3.7585104,5.7599998,100.0,0.0,40.0,52.46051,46.08176
2026-03-13 08:00:00+01:00,-0.36549997,3.7064266,6.12,100.0,0.0,80.0,56.324123,45.41226
2026-03-13 09:00:00+01:00,0.93450004,5.0911684,9.0,100.0,0.0,100.0,63.4335,47.518238
2026-03-13 10:00:00+01:00,5.9344997,9.220499,15.4800005,0.0,0.0,24660.0,68.35443,48.65589
2026-03-13 11:00:00+01:00,8.4845,13.979872,24.48,0.0,0.0,36640.0,70.632904,50.245197
2026-03-13 12:00:00+01:00,10.5345,16.075521,27.72,0.0,0.0,38460.0,65.53317,50.24903
2026-03-13 13:00:00+01:00,12.6345005,19.770523,34.2,0.0,0.0,41620.0,65.221886,48.33813
2026-03-13 14:00:00+01:00,13.5845,22.238562,37.44,0.0,0.0,43180.0,64.62858,47.469566
2026-03-13 15:00:00+01:00,14.0345,20.46941,37.44,0.0,0.0,43440.0,60.669235,46.198654
2026-03-13 16:00:00+01:00,14.0845,19.319628,34.92,0.0,0.0,46060.0,63.727444,49.937557
2026-03-13 17:00:00+01:00,13.3845005,16.267857,31.319998,0.0,0.0,44300.0,65.71196,55.992947
2026-03-13 18:00:00+01:00,11.8345,12.904882,26.64,0.0,0.0,42340.0,67.396835,56.86005
2026-03-13 19:00:00+01:00,10.8345,11.966954,19.8,0.0,0.0,41860.0,66.28304,60.770557
2026-03-13 20:00:00+01:00,9.8845005,8.854829,19.44,0.0,0.0,40340.0,75.19539,65.30233
2026-03-13 21:00:00+01:00,8.5345,6.439876,13.32,0.0,0.0,38360.0,79.6426,74.0678
2026-03-13 22:00:00+01:00,9.6345005,10.315115,10.799999,0.0,0.0,39940.0,79.36182,78.16747
2026-03-13 23:00:00+01:00,9.7345,14.168641,22.319998,0.0,0.0,39980.0,90.30606,79.71211
2026-03-14 00:00:00+01:00,9.8345,17.10284,28.08,0.0,0.0,39940.0,90.22554,86.95194
2026-03-14 01:00:00+01:00,10.5345,15.463244,28.44,26.0,0.0,39700.0,92.19264,91.275154
2026-03-14 02:00:00+01:00,9.9845,15.141414,25.199999,0.0,0.0,38020.0,91.14379,90.56327
2026-03-14 03:00:00+01:00,10.184501,19.171478,31.319998,7.0,0.0,40120.0,79.21515,91.99826
2026-03-14 04:00:00+01:00,10.5845,38.723015,49.68,100.0,0.1,19020.0,72.5588,94.07083
2026-03-14 05:00:00+01:00,9.184501,31.222609,60.479996,100.0,1.4,20900.0,91.599464,85.98959
2026-03-14 06:00:00+01:00,8.2345,33.1845,55.8,95.0,1.6,35160.0,98.80204,79.54762
2026-03-14 07:00:00+01:00,7.2844996,28.988384,49.68,100.0,1.3,14140.0,74.24632,69.677765
2026-03-14 08:00:00+01:00,5.8845,30.319178,50.76,56.0,2.6,5440.0,52.37533,68.320984
2026-03-14 09:00:00+01:00,4.8345,14.917212,47.16,100.0,3.1,9460.0,43.183075,70.14067
2026-03-14 10:00:00+01:00,5.4845,8.699793,20.880001,100.0,1.0,35780.0,34.374115,65.88673
2026-03-14 11:00:00+01:00,4.7345,6.6087217,14.04,100.0,0.7,17480.0,24.901201,49.081596
2026-03-14 12:00:00+01:00,3.8845,6.725354,11.879999,100.0,1.3,12520.0,25.65695,36.15484
2026-03-14 13:00:00+01:00,4.0845,7.9036193,11.159999,100.0,1.1,22880.0,25.162518,20.632677
2026-03-14 14:00:00+01:00,4.4344997,8.373386,13.32,100.0,0.5,25760.0,22.010645,14.8057575
2026-03-14 15:00:00+01:00,4.1844997,10.685391,19.8,100.0,0.5,26360.0,21.591537,12.241913
2026-03-14 16:00:00+01:00,3.3845,10.805998,15.84,99.0,0.5,17500.0,18.6891,14.4368725
2026-03-14 17:00:00+01:00,3.2345002,9.9571085,17.28,83.0,0.5,20100.0,22.370924,11.189641
2026-03-14 18:00:00+01:00,2.7845001,7.42159,15.84,69.0,0.3,21360.0,17.123507,7.8511715
2026-03-14 19:00:00+01:00,2.7845001,6.9899354,11.5199995,96.0,0.1,24460.0,15.8972025,8.442291
2026-03-14 20:00:00+01:00,2.5845,6.489992,13.32,89.0,0.1,17200.0,16.587591,6.390391
2026-03-14 21:00:00+01:00,2.2845001,5.2416787,10.08,79.0,0.3,16740.0,17.60781,7.0769506
2026-03-14 22:00:00+01:00,2.1845,5.8048253,8.64,86.0,0.3,4800.0,17.370333,15.824544
2026-03-14 23:00:00+01:00,2.0845,5.3999996,12.24,91.0,0.3,16560.0,20.51139,20.74441
2026-03-15 00:00:00+01:00,2.0345001,4.39436,8.28,78.0,0.2,15840.0,23.683054,17.043554
2026-03-15 01:00:00+01:00,2.1845,4.6102495,7.92,80.0,0.0,17120.0,24.361639,16.102081
2026-03-15 02:00:00+01:00,2.2345002,6.1094027,11.159999,72.0,0.1,20620.0,25.559643,18.042753
2026-03-15 03:00:00+01:00,1.8345,7.289445,11.159999,46.0,0.0,16320.0,26.402866,18.999592
2026-03-15 04:00:00+01:00,1.6845,6.792466,11.159999,34.0,0.0,17360.0,29.39152,20.189116
2026-03-15 05:00:00+01:00,1.5345,6.9527545,11.879999,0.0,0.0,17740.0,28.69439,21.230852
2026-03-15 06:00:00+01:00,1.3844999,7.2805495,11.879999,72.0,0.0,13900.0,26.149973,23.975016
2026-03-15 07:00:00+01:00,1.4844999,7.5942073,12.24,22.0,0.0,17100.0,28.996748,28.612377
2026-03-15 08:00:00+01:00,1.9345,9.9571085,15.4800005,38.0,0.0,16020.0,33.62593,22.999043
2026-03-15 09:00:00+01:00,3.0345001,14.264361,22.319998,54.0,0.0,19060.0,36.68284,10.00832
2026-03-15 10:00:00+01:00,5.1345,18.359999,25.56,18.0,0.0,37820.0,35.67842,8.622896
2026-03-15 11:00:00+01:00,6.1345,18.723461,31.319998,69.0,0.0,39240.0,29.39152,21.24899
2026-03-15 12:00:00+01:00,6.6844997,18.864824,30.960001,75.0,0.0,39940.0,27.177988,29.27787
2026-03-15 13:00:00+01:00,6.8345,14.76439,30.960001,76.0,0.0,40020.0,24.306171,20.938503
2026-03-15 14:00:00+01:00,6.6345,12.984975,23.759998,100.0,0.0,39460.0,18.056154,25.273579
2026-03-15 15:00:00+01:00,7.1345,10.464797,20.880001,84.0,0.0,40080.0,16.316214,25.516308
2026-03-15 16:00:00+01:00,6.8345,7.24486,18.0,90.0,0.0,39780.0,14.503743,30.312284
2026-03-15 17:00:00+01:00,6.6844997,5.154415,11.159999,100.0,0.0,40220.0,7.840093,33.367477
2026-03-15 18:00:00+01:00,6.0845,7.5685663,10.799999,100.0,0.0,39340.0,6.0797453,28.592175
2026-03-15 19:00:00+01:00,5.0845,3.7064266,11.5199995,100.0,0.0,33420.0,4.556962,32.620174
2026-03-15 20:00:00+01:00,4.6345,2.5455842,5.04,100.0,0.0,26460.0,4.511162,47.583057
2026-03-15 21:00:00+01:00,4.3845,2.9024127,4.68,100.0,0.0,20240.0,4.57969,41.516666
2026-03-15 22:00:00+01:00,3.9845002,2.0991426,5.3999996,60.0,0.0,22000.0,5.6366506,36.64172
2026-03-15 23:00:00+01:00,3.3345,3.671294,6.12,71.0,0.0,25460.0,9.482423,35.74224
2026-03-16 00:00:00+01:00,2.8845,3.8773184,6.8399997,20.0,0.0,29840.0,15.175435,32.042255
2026-03-16 01:00:00+01:00,1.9844999,3.8939953,6.8399997,36.0,0.0,23220.0,14.927093,25.455843
2026-03-16 02:00:00+01:00,0.8345,5.0142193,9.36,53.0,0.0,4180.0,13.708808,39.06402
2026-03-16 03:00:00+01:00,1.4844999,4.8965297,11.5199995,39.0,0.0,25240.0,20.782944,42.593056
2026-03-16 04:00:00+01:00,-0.1655,6.1305785,9.0,75.0,0.0,2420.0,23.80549,37.375618
2026-03-16 05:00:00+01:00,-0.96549994,5.95906,10.799999,98.0,0.0,340.0,30.107002,28.531475
2026-03-16 06:00:00+01:00,-0.96549994,6.9247384,10.440001,74.0,0.0,1040.0,35.11523,29.428804
2026-03-16 07:00:00+01:00,-0.5155,6.28713,9.72,64.0,0.0,17740.0,35.194973,34.474827
2026-03-16 08:00:00+01:00,-0.015500002,6.3690495,12.959999,100.0,0.0,1300.0,38.281193,33.51724
2026-03-16 09:00:00+01:00,2.0345001,8.435069,13.679999,92.0,0.0,21620.0,38.7449,44.951813
2026-03-16 10:00:00+01:00,3.8345,13.53236,16.199999,73.0,0.0,29720.0,40.230515,58.60178
2026-03-16 11:00:00+01:00,6.1345,19.376562,31.319998,63.0,0.0,37200.0,40.84268,61.74536
2026-03-16 12:00:00+01:00,7.5845,20.456745,34.92,63.0,0.0,39980.0,38.688576,50.37155
2026-03-16 13:00:00+01:00,7.7844996,19.406637,35.28,80.0,0.0,39760.0,37.17766,57.0562
2026-03-16 14:00:00+01:00,8.7345,18.35647,33.839996,72.0,0.0,39620.0,31.390156,63.858685
2026-03-16 15:00:00+01:00,9.4845,15.03835,30.239998,83.0,0.0,39280.0,33.293903,56.017025
2026-03-16 16:00:00+01:00,9.1345005,10.464797,27.0,83.0,0.0,39720.0,26.229265,57.295403
2026-03-16 17:00:00+01:00,8.1345005,12.397806,20.880001,100.0,0.0,39540.0,27.763828,51.871235
2026-03-16 18:00:00+01:00,7.4845,10.195057,21.24,44.0,0.0,39800.0,27.254288,47.514187
2026-03-16 19:00:00+01:00,7.1844997,3.4152596,15.4800005,56.0,0.0,40280.0,25.978682,43.581074
2026-03-16 20:00:00+01:00,6.4344997,1.08,5.3999996,0.0,0.0,39940.0,18.43177,39.06402
2026-03-16 21:00:00+01:00,4.8345,2.5455842,4.32,0.0,0.0,30560.0,20.727915,27.681644
2026-03-16 22:00:00+01:00,4.5845,4.0249224,4.68,37.0,0.0,29280.0,18.090624,16.245003
2026-03-16 23:00:00+01:00,4.9344997,1.08,5.3999996,0.0,0.0,33700.0,9.752324,20.632679
2026-03-17 00:00:00+01:00,4.5344996,3.6179552,5.04,0.0,0.0,35920.0,4.9291077,33.93419
2026-03-17 01:00:00+01:00,3.9345,3.7585104,6.4799995,0.0,0.0,34620.0,3.757767,39.74353
2026-03-17 02:00:00+01:00,3.1845,3.8939953,6.8399997,0.0,0.0,31100.0,5.993747,46.918552
2026-03-17 03:00:00+01:00,2.7845001,3.396233,5.3999996,0.0,0.0,32440.0,5.7641516,49.109062
2026-03-17 04:00:00+01:00,2.0345001,3.6,5.3999996,25.0,0.0,29240.0,5.543783,49.468613
2026-03-17 05:00:00+01:00,1.7845,3.319036,5.04,11.0,0.0,28800.0,4.0758705,54.41222
2026-03-17 06:00:00+01:00,2.0345001,3.0547013,5.04,0.0,0.0,30100.0,4.101266,50.99108
2026-03-17 07:00:00+01:00,1.2344999,4.6102495,5.04,0.0,0.0,25160.0,9.580464,47.433033
2026-03-17 08:00:00+01:00,2.1345,5.5887027,8.64,0.0,0.0,23540.0,12.337506,43.27502
2026-03-17 09:00:00+01:00,3.8345,5.0142193,10.08,0.0,0.0,25640.0,13.223043,44.568798
2026-03-17 10:00:00+01:00,7.1844997,7.289444,11.5199995,0.0,0.0,34760.0,13.97881,39.476055
2026-03-17 11:00:00+01:00,9.2845,9.9571085,16.919998,0.0,0.0,38100.0,14.709885,44.173744
2026-03-17 12:00:00+01:00,10.8845005,12.144331,20.880001,0.0,0.0,40780.0,17.014015,45.07164
2026-03-17 13:00:00+01:00,12.2845,16.56,28.08,0.0,0.0,42160.0,22.75289,43.88938
2026-03-17 14:00:00+01:00,12.9845,18.374111,29.16,0.0,0.0,42520.0,24.151897,46.131897
2026-03-17 15:00:00+01:00,13.0845,19.083395,32.399998,0.0,0.0,42840.0,23.853422,43.22603
2026-03-17 16:00:00+01:00,13.2345,18.374111,32.399998,0.0,0.0,44220.0,24.186266,44.19118
2026-03-17 17:00:00+01:00,12.6345005,16.215992,30.599998,0.0,0.0,42980.0,21.706642,43.981453
2026-03-17 18:00:00+01:00,11.7345,15.379206,27.0,0.0,0.0,42240.0,23.524694,46.522743
2026-03-17 19:00:00+01:00,9.934501,11.592894,24.84,0.0,0.0,41240.0,21.653961,46.914444
2026-03-17 20:00:00+01:00,8.684501,14.003028,23.039999,0.0,0.0,40160.0,18.733494,49.332138
2026-03-17 21:00:00+01:00,7.6345,10.464797,21.96,0.0,0.0,38920.0,19.61612,49.109062
2026-03-17 22:00:00+01:00,7.0845,11.808878,19.08,0.0,0.0,38360.0,23.28068,48.892853
2026-03-17 23:00:00+01:00,6.5344996,10.739832,19.44,0.0,0.0,38080.0,26.571424,45.564705
2026-03-18 00:00:00+01:00,5.8345,10.30883,16.919998,0.0,0.0,35600.0,33.240845,43.805916
2026-03-18 01:00:00+01:00,5.4344997,9.826088,17.28,0.0,0.0,35360.0,28.538372,47.02927
2026-03-18 02:00:00+01:00,5.0344996,11.792404,18.72,0.0,0.0,34080.0,32.901768,49.16003
2026-03-18 03:00:00+01:00,4.7844996,12.879752,21.96,0.0,0.0,34580.0,37.7018,54.919632
2026-03-18 04:00:00+01:00,4.8345,15.141414,20.519999,0.0,0.0,39020.0,39.94561,66.899284
2026-03-18 05:00:00+01:00,4.5845,18.079027,32.760002,0.0,0.0,40560.0,42.311092,61.133984
2026-03-18 06:00:00+01:00,4.1844997,18.671474,30.599998,0.0,0.0,40960.0,47.700314,47.127472
2026-03-18 07:00:00+01:00,3.6345,25.501621,38.519997,0.0,0.0,40540.0,53.71806,50.10315
2026-03-18 08:00:00+01:00,4.4344997,26.712873,47.88,0.0,0.0,41080.0,53.183865,54.525383
2026-03-18 09:00:00+01:00,5.2844996,30.319181,53.28,0.0,0.0,41200.0,52.602818,67.07182
2026-03-18 10:00:00+01:00,6.5344996,29.88217,51.839996,0.0,0.0,41140.0,62.7373,76.22614
2026-03-18 11:00:00+01:00,8.684501,34.137413,60.120003,0.0,0.0,42080.0,70.78416,82.952095
2026-03-18 12:00:00+01:00,10.684501,30.75209,58.679996,0.0,0.0,43860.0,55.22955,71.53296
2026-03-18 13:00:00+01:00,11.7845,34.08042,54.36,0.0,0.0,44640.0,50.793266,61.898037
2026-03-18 14:00:00+01:00,12.4845,34.477398,61.199997,0.0,0.0,44260.0,54.227844,55.533516
2026-03-18 15:00:00+01:00,12.8345,28.503725,59.399998,0.0,0.0,43500.0,44.08728,45.79663
2026-03-18 16:00:00+01:00,12.684501,25.809765,47.16,0.0,0.0,43600.0,41.67067,38.342346
2026-03-18 17:00:00+01:00,11.6345005,26.7565,45.719997,0.0,0.0,42340.0,43.08197,37.882412
2026-03-18 18:00:00+01:00,10.3345,24.633049,45.36,0.0,0.0,41680.0,42.718937,39.84518
2026-03-18 19:00:00+01:00,8.934501,22.039528,40.68,0.0,0.0,40840.0,39.906605,41.19528
2026-03-18 20:00:00+01:00,8.0345,17.873556,36.719997,0.0,0.0,40300.0,39.635094,39.417454
2026-03-18 21:00:00+01:00,7.1844997,13.18308,29.16,0.0,0.0,39380.0,40.7638,39.69503
2026-03-18 22:00:00+01:00,6.7844996,13.237038,20.16,0.0,0.0,39120.0,37.998066,37.044304
2026-03-18 23:00:00+01:00,6.0344996,8.942214,20.880001,0.0,0.0,37660.0,37.84748,33.042614
2026-03-19 00:00:00+01:00,5.0845,5.8603754,13.679999,0.0,0.0,35280.0,32.81329,28.612377
2026-03-19 01:00:00+01:00,4.4845,4.829907,9.0,0.0,0.0,33680.0,28.867552,28.719894
2026-03-19 02:00:00+01:00,3.9845002,5.6233797,8.28,0.0,0.0,32040.0,26.45394,25.20489
2026-03-19 03:00:00+01:00,3.8345,5.3999996,9.72,0.0,0.0,32780.0,17.530981,29.179014
2026-03-19 04:00:00+01:00,2.3345,3.219938,9.0,0.0,0.0,26480.0,9.022324,29.818954
2026-03-19 05:00:00+01:00,2.4345,2.5455842,5.3999996,0.0,0.0,29220.0,5.195736,28.558468
2026-03-19 06:00:00+01:00,1.2845,2.968636,6.8399997,0.0,0.0,22660.0,4.556962,32.383106
2026-03-19 07:00:00+01:00,0.5345,2.5959969,4.68,8.0,0.0,17920.0,6.850616,40.033276
2026-03-19 08:00:00+01:00,1.3844999,2.9024127,4.68,3.0,0.0,20960.0,10.118097,44.711197
2026-03-19 09:00:00+01:00,3.8345,4.1046314,7.2,3.0,0.0,30720.0,12.792001,43.77072
2026-03-19 10:00:00+01:00,6.5845,8.473393,13.32,0.0,0.0,34660.0,10.638335,39.59299
2026-03-19 11:00:00+01:00,8.5845,10.1376915,18.359999,0.0,0.0,37260.0,13.270073,39.142838
2026-03-19 12:00:00+01:00,10.5345,11.659777,20.16,0.0,0.0,39640.0,15.693425,37.6938
2026-03-19 13:00:00+01:00,12.3845005,13.722565,23.759998,0.0,0.0,40960.0,20.607346,37.514515
2026-03-19 14:00:00+01:00,13.4845,14.081478,24.48,0.0,0.0,41560.0,25.33933,37.78568
2026-03-19 15:00:00+01:00,14.184501,15.683776,27.72,3.0,0.0,41860.0,24.863644,36.340836
2026-03-19 16:00:00+01:00,14.6345005,19.011953,32.399998,0.0,0.0,44040.0,28.385155,36.751953
2026-03-19 17:00:00+01:00,13.8345,18.214718,33.12,0.0,0.0,46280.0,33.268944,31.649084
2026-03-19 18:00:00+01:00,12.8345,15.141414,30.599998,0.0,0.0,46540.0,38.607986,25.838884
2026-03-19 19:00:00+01:00,10.434501,10.829958,24.119999,0.0,0.0,42040.0,35.896015,25.898457
2026-03-19 20:00:00+01:00,9.4845,12.287555,20.16,0.0,0.0,42300.0,37.525135,29.297602
2026-03-19 21:00:00+01:00,8.434501,11.480557,21.599998,0.0,0.0,41720.0,37.33929,34.74199
2026-03-19 22:00:00+01:00,7.6345,11.457958,18.72,0.0,0.0,40600.0,37.33651,37.370464
2026-03-19 23:00:00+01:00,6.9344997,10.182337,18.72,0.0,0.0,40080.0,35.371536,40.464012
2026-03-20 00:00:00+01:00,6.0344996,7.7043357,16.199999,0.0,0.0,39940.0,32.405735,40.134197
2026-03-20 01:00:00+01:00,5.8345,8.14587,12.599999,0.0,0.0,40700.0,30.56903,38.342346
2026-03-20 02:00:00+01:00,4.8845,6.4096174,12.599999,0.0,0.0,40380.0,27.920458,39.9755
2026-03-20 03:00:00+01:00,4.1345,5.495161,10.08,0.0,0.0,39820.0,25.494562,37.47341
2026-03-20 04:00:00+01:00,3.3845,5.8603754,9.36,0.0,0.0,38160.0,22.347704,36.515335
2026-03-20 05:00:00+01:00,2.2845001,4.32,10.08,0.0,0.0,35080.0,20.802917,33.42516
2026-03-20 06:00:00+01:00,1.6845,2.1897945,6.4799995,0.0,0.0,35180.0,20.607346,27.062351
2026-03-20 07:00:00+01:00,1.9844999,3.0547013,5.3999996,0.0,0.0,36500.0,20.055809,32.90241
2026-03-20 08:00:00+01:00,1.9345,2.1897945,5.04,0.0,0.0,33720.0,20.17453,30.165771
2026-03-20 09:00:00+01:00,3.8845,0.0,3.2399998,0.0,0.0,35140.0,16.461926,27.204338
2026-03-20 10:00:00+01:00,7.0845,3.671294,7.92,0.0,0.0,39480.0,13.859459,23.950901
2026-03-20 11:00:00+01:00,9.2345,6.8399997,14.04,0.0,0.0,40980.0,14.301892,21.185438
2026-03-20 12:00:00+01:00,11.0345,6.28713,14.4,0.0,0.0,41300.0,14.301892,19.49005
2026-03-20 13:00:00+01:00,12.5845,10.446206,16.199999,0.0,0.0,42400.0,15.086228,20.189116
2026-03-20 14:00:00+01:00,13.434501,11.525623,20.519999,0.0,0.0,44300.0,17.507277,17.256958
2026-03-20 15:00:00+01:00,13.7345,12.979984,22.319998,0.0,0.0,47780.0,16.687443,14.072007
2026-03-20 16:00:00+01:00,13.7845,12.599999,24.119999,0.0,0.0,51740.0,17.196117,11.9230585
2026-03-20 17:00:00+01:00,13.2845,12.261158,21.96,0.0,0.0,51720.0,19.225843,11.0510645
2026-03-20 18:00:00+01:00,12.2845,10.787993,20.880001,0.0,0.0,49020.0,20.071335,11.9230585
2026-03-20 19:00:00+01:00,9.8845005,12.224107,19.8,0.0,0.0,44400.0,26.746687,11.661699
2026-03-20 20:00:00+01:00,9.0845,12.641076,21.24,0.0,0.0,45480.0,28.82076,12.795844
2026-03-20 21:00:00+01:00,7.9344997,8.891343,19.8,0.0,0.0,43520.0,27.299967,15.554438
2026-03-20 22:00:00+01:00,6.9845,8.854829,13.679999,0.0,0.0,41700.0,21.42257,14.181093
2026-03-20 23:00:00+01:00,6.1345,6.696387,14.759999,0.0,0.0,41220.0,22.509731,10.027549
2026-03-21 00:00:00+01:00,5.1345,5.8603754,10.799999,0.0,0.0,40920.0,22.775694,8.6452055
2026-03-21 01:00:00+01:00,3.8345,5.1165614,9.0,0.0,0.0,39640.0,20.822872,5.5862064
2026-03-21 02:00:00+01:00,2.7845001,4.0249224,7.2,0.0,0.0,38080.0,22.440435,7.4740934
2026-03-21 03:00:00+01:00,2.6345,4.198285,6.12,0.0,0.0,38660.0,26.102283,9.931033
2026-03-21 04:00:00+01:00,1.7344999,3.319036,6.4799995,0.0,0.0,36060.0,22.440435,14.289349
2026-03-21 05:00:00+01:00,1.3844999,3.6,4.68,0.0,0.0,34740.0,19.403242,17.167427
2026-03-21 06:00:00+01:00,1.1344999,1.609969,4.32,0.0,0.0,34020.0,16.866917,21.002802
2026-03-21 07:00:00+01:00,0.8345,2.5455842,2.8799999,0.0,0.0,33020.0,15.031068,21.002802
2026-03-21 08:00:00+01:00,1.6344999,1.8,4.32,0.0,0.0,27480.0,14.309151,24.103226
2026-03-21 09:00:00+01:00,2.3345,0.8049845,3.96,0.0,0.0,22120.0,12.337506,21.733002
2026-03-21 10:00:00+01:00,6.2844996,2.0364676,4.32,0.0,0.0,33420.0,13.049152,19.331268
2026-03-21 11:00:00+01:00,9.3345,2.52,6.8399997,0.0,0.0,38340.0,12.51299,14.609298
2026-03-21 12:00:00+01:00,11.1345005,7.9932976,14.759999,0.0,0.0,40760.0,18.504856,13.781546
2026-03-21 13:00:00+01:00,12.7345,12.245294,18.359999,28.0,0.0,42240.0,16.587591,10.00832
2026-03-21 14:00:00+01:00,12.8845005,13.698934,21.96,3.0,0.0,43500.0,16.512306,9.310345
2026-03-21 15:00:00+01:00,13.2345,12.24,22.319998,0.0,0.0,42840.0,17.536903,8.092802
2026-03-21 16:00:00+01:00,13.1345005,9.726665,21.599998,16.0,0.0,42720.0,12.244582,6.6850314
2026-03-21 17:00:00+01:00,12.0845,12.0694,23.4,0.0,0.0,41940.0,16.335293,7.4740934
2026-03-21 18:00:00+01:00,10.9845,5.991594,18.0,41.0,0.0,40700.0,14.878324,11.394346
2026-03-21 19:00:00+01:00,9.5845,8.161764,11.5199995,3.0,0.0,39860.0,10.677303,10.839878
2026-03-21 20:00:00+01:00,8.8845005,8.39657,14.4,34.0,0.0,40000.0,15.949366,11.189641
2026-03-21 21:00:00+01:00,8.0845,13.18308,21.24,67.0,0.0,38720.0,12.661468,15.517241
2026-03-21 22:00:00+01:00,8.7345,8.14587,21.24,48.0,0.2,39860.0,17.958132,12.4911375
2026-03-21 23:00:00+01:00,7.8845,10.009036,16.919998,45.0,0.2,37980.0,17.917614,7.777219
2026-03-22 00:00:00+01:00,6.8345,9.793059,17.28,31.0,0.2,34900.0,14.126582,2.4827583
2026-03-22 01:00:00+01:00,6.6844997,8.699793,15.84,30.0,0.1,33780.0,10.035667,3.1034482
2026-03-22 02:00:00+01:00,6.1844997,5.154415,13.679999,39.0,0.0,32380.0,9.815996,2.2379284
2026-03-22 03:00:00+01:00,5.4344997,3.8268526,8.28,80.0,0.0,27580.0,7.543114,4.1637125
2026-03-22 04:00:00+01:00,6.1844997,7.0911775,6.4799995,100.0,0.3,26780.0,17.777994,10.569963
2026-03-22 05:00:00+01:00,5.6345,9.028754,15.119999,100.0,4.7,10500.0,24.0485,18.454428
2026-03-22 06:00:00+01:00,4.8345,10.144082,18.72,100.0,4.1,16380.0,16.335293,16.77011
2026-03-22 07:00:00+01:00,4.5344996,8.4042845,16.919998,89.0,1.2,20360.0,17.871193,19.281382
2026-03-22 08:00:00+01:00,5.2844996,5.634891,14.4,93.0,0.4,26980.0,21.222921,31.776642
2026-03-22 09:00:00+01:00,5.4344997,10.495713,18.359999,100.0,0.2,15540.0,16.959,40.11499
2026-03-22 10:00:00+01:00,5.8345,9.0,19.8,100.0,0.1,19040.0,15.50037,35.919647
2026-03-22 11:00:00+01:00,6.8845,5.0911684,16.56,96.0,0.0,28080.0,11.273301,36.03209
2026-03-22 12:00:00+01:00,8.7845,1.2979984,8.28,72.0,0.0,37740.0,8.151741,28.307802
2026-03-22 13:00:00+01:00,9.8845005,4.32,6.8399997,27.0,0.0,39120.0,6.970812,19.161121
2026-03-22 14:00:00+01:00,11.0345,4.829907,11.159999,0.0,0.0,40480.0,6.940957,13.948265
2026-03-22 15:00:00+01:00,11.5845,4.0249224,9.72,0.0,0.0,40920.0,11.273301,13.034482
2026-03-22 16:00:00+01:00,11.7345,3.319036,8.28,0.0,0.0,40620.0,15.086228,16.327795
2026-03-22 17:00:00+01:00,11.4845,4.6938257,9.0,0.0,0.0,41020.0,14.899244,16.71258
2026-03-22 18:00:00+01:00,10.5845,2.4149535,8.64,3.0,0.0,40560.0,14.192577,14.529971
2026-03-22 19:00:00+01:00,8.4845,3.6,7.92,0.0,0.0,37820.0,11.987494,11.241167
2026-03-22 20:00:00+01:00,7.2345,2.0991426,6.4799995,30.0,0.0,37980.0,8.976174,9.6356945
2026-03-22 21:00:00+01:00,5.5845,1.8,3.2399998,0.0,0.0,32840.0,9.65603,8.1638975
2026-03-22 22:00:00+01:00,4.6345,2.3051248,3.2399998,11.0,0.0,25220.0,6.728273,10.5517235
2026-03-22 23:00:00+01:00,3.5345001,3.2599385,4.32,39.0,0.0,13880.0,7.7468357,9.037377
2026-03-23 00:00:00+01:00,3.8345,3.4152596,5.04,63.0,0.0,16260.0,5.9240503,12.915714
2026-03-23 01:00:00+01:00,4.0845,2.7416782,5.7599998,77.0,0.0,10600.0,4.2990294,14.999642
2026-03-23 02:00:00+01:00,3.4345,2.4149535,3.96,93.0,0.0,480.0,4.757608,12.795844
2026-03-23 03:00:00+01:00,3.3845,2.5959969,4.68,86.0,0.0,500.0,5.468354,15.266946
2026-03-23 04:00:00+01:00,2.8345,1.8,4.32,69.0,0.0,2120.0,5.941551,19.832952
2026-03-23 05:00:00+01:00,2.5345001,2.0991426,2.8799999,100.0,0.0,340.0,5.941551,21.076046
2026-03-23 06:00:00+01:00,2.1845,1.8,3.6,100.0,0.0,220.0,7.800262,22.014801
2026-03-23 07:00:00+01:00,1.8345,0.8049845,1.8,100.0,0.0,360.0,8.202532,23.789505
2026-03-23 08:00:00+01:00,2.2845001,2.8116899,5.7599998,100.0,0.0,100.0,11.087566,22.77178
2026-03-23 09:00:00+01:00,4.3345,0.35999998,5.3999996,100.0,0.0,320.0,10.066657,23.496197
2026-03-23 10:00:00+01:00,7.2345,3.671294,5.7599998,6.0,0.0,25060.0,9.227144,23.099329
2026-03-23 11:00:00+01:00,9.8345,5.1544156,10.440001,0.0,0.0,37660.0,14.41038,18.042755
2026-03-23 12:00:00+01:00,11.2345,5.4119864,10.799999,37.0,0.0,38800.0,15.739669,14.909477
2026-03-23 13:00:00+01:00,12.184501,5.8603754,12.959999,54.0,0.0,39760.0,10.831775,15.012479
2026-03-23 14:00:00+01:00,12.684501,2.4149535,10.799999,52.0,0.0,40660.0,7.866535,14.948187
2026-03-23 15:00:00+01:00,13.0345,5.00128,9.36,52.0,0.0,41160.0,12.396276,19.871763
2026-03-23 16:00:00+01:00,12.934501,6.439876,9.36,0.0,0.0,42740.0,12.961332,13.655171
2026-03-23 17:00:00+01:00,12.3345,6.9153743,11.5199995,12.0,0.0,42140.0,13.246578,12.659634
2026-03-23 18:00:00+01:00,10.8845005,5.95906,15.119999,0.0,0.0,40300.0,18.3697,14.948187
2026-03-23 19:00:00+01:00,9.184501,6.12,9.72,0.0,0.0,39500.0,12.269996,13.034482
2026-03-23 20:00:00+01:00,7.5344996,3.9763298,10.440001,0.0,0.0,35980.0,9.350104,13.283339
2026-03-23 21:00:00+01:00,6.2844996,6.162207,9.72,0.0,0.0,36660.0,10.311228,13.196042
2026-03-23 22:00:00+01:00,5.2345,5.0528407,9.72,0.0,0.0,36800.0,7.7602262,28.558466
2026-03-23 23:00:00+01:00,4.5344996,4.32,7.5599995,0.0,0.0,35660.0,8.706063,38.307163
2026-03-24 00:00:00+01:00,3.9845002,3.319036,8.28,0.0,0.0,35200.0,11.618018,33.66061
2026-03-24 01:00:00+01:00,3.0845,3.8773184,5.04,0.0,0.0,30680.0,7.3619976,30.082644
2026-03-24 02:00:00+01:00,2.8845,5.1919937,8.28,0.0,0.0,30940.0,8.765491,26.46497
2026-03-24 03:00:00+01:00,2.4845002,4.1046314,7.5599995,0.0,0.0,29400.0,6.895935,22.422277
2026-03-24 04:00:00+01:00,1.8345,3.6,5.7599998,0.0,0.0,20480.0,7.34788,26.194277
2026-03-24 05:00:00+01:00,1.2344999,4.2136917,6.4799995,0.0,0.0,13380.0,4.757608,29.27787
2026-03-24 06:00:00+01:00,1.5345,4.5536795,6.8399997,54.0,0.0,3320.0,4.101266,35.682907
2026-03-24 07:00:00+01:00,1.3345,4.5536795,8.28,89.0,0.0,280.0,7.1327734,41.62787
2026-03-24 08:00:00+01:00,0.93450004,2.0991426,7.2,100.0,0.0,60.0,2.453999,38.886093
2026-03-24 09:00:00+01:00,2.0845,1.0182338,3.96,100.0,0.0,100.0,2.278481,33.153194
2026-03-24 10:00:00+01:00,6.1844997,1.5273507,5.7599998,39.0,0.0,22100.0,0.9113924,29.409164
2026-03-24 11:00:00+01:00,8.9845,0.8049845,4.68,0.0,0.0,34880.0,1.3670886,24.640675
2026-03-24 12:00:00+01:00,11.2345,2.5455842,6.8399997,57.0,0.0,40600.0,8.513107,20.66999
2026-03-24 13:00:00+01:00,12.6345005,6.9527545,9.0,7.0,0.0,41200.0,10.831774,14.543223
2026-03-24 14:00:00+01:00,13.4845,7.628263,14.04,31.0,0.0,41500.0,15.318443,10.839878
2026-03-24 15:00:00+01:00,13.9845,6.6185193,13.32,7.0,0.0,42100.0,14.41038,11.809426
2026-03-24 16:00:00+01:00,14.1345005,7.7879906,12.24,0.0,0.0,42800.0,11.618018,16.149862
2026-03-24 17:00:00+01:00,13.6345005,8.891343,15.119999,0.0,0.0,42340.0,13.949067,16.77011
2026-03-24 18:00:00+01:00,12.3845005,6.5693827,14.4,0.0,0.0,40460.0,11.474137,18.042755
2026-03-24 19:00:00+01:00,10.0345,7.127636,11.5199995,0.0,0.0,40360.0,13.9118,16.562065
2026-03-24 20:00:00+01:00,8.2345,6.3690495,11.159999,0.0,0.0,39760.0,22.78481,11.444951
2026-03-24 21:00:00+01:00,6.9845,3.6179552,9.72,0.0,0.0,37340.0,27.617594,8.092802
2026-03-24 22:00:00+01:00,5.7345,4.802999,6.4799995,0.0,0.0,27660.0,33.638283,9.695481
2026-03-24 23:00:00+01:00,5.9344997,5.771239,9.36,0.0,0.0,30280.0,42.382195,14.529971
2026-03-25 00:00:00+01:00,5.3845,5.4833565,9.0,0.0,0.0,27980.0,47.67636,21.103447
2026-03-25 01:00:00+01:00,4.1844997,5.0911684,9.36,0.0,0.0,16120.0,44.268253,21.830282
2026-03-25 02:00:00+01:00,3.7345002,6.2145634,9.72,0.0,0.0,20000.0,49.400494,29.507248
2026-03-25 03:00:00+01:00,3.4345,6.763786,10.440001,0.0,0.0,17500.0,57.144012,33.88306
2026-03-25 04:00:00+01:00,3.8845,7.172949,12.24,0.0,0.0,24300.0,57.540554,43.221573
2026-03-25 05:00:00+01:00,3.9345,7.729527,12.24,0.0,0.0,26080.0,59.973843,54.295265
2026-03-25 06:00:00+01:00,3.8345,8.217153,13.679999,0.0,0.0,24560.0,60.67779,64.60541
2026-03-25 07:00:00+01:00,2.9845002,6.3690495,12.959999,9.0,0.0,14740.0,69.77362,72.83257
2026-03-25 08:00:00+01:00,5.8345,8.669949,13.679999,0.0,0.0,25800.0,75.21335,80.91374
2026-03-25 09:00:00+01:00,8.9845,15.124284,25.199999,0.0,0.0,35360.0,65.721436,85.59217
2026-03-25 10:00:00+01:00,12.3845005,34.417206,51.12,0.0,0.0,40980.0,74.46694,92.09035
2026-03-25 11:00:00+01:00,12.9845,39.439312,69.12,83.0,0.0,41860.0,75.10144,94.29785
2026-03-25 12:00:00+01:00,10.934501,36.445442,69.479996,70.0,0.1,40780.0,82.82145,96.60849
2026-03-25 13:00:00+01:00,9.8845005,28.802248,61.56,89.0,0.0,19460.0,73.570595,87.3498
2026-03-25 14:00:00+01:00,9.0345,27.834309,51.48,0.0,0.5,35980.0,80.28534,85.502106
2026-03-25 15:00:00+01:00,6.7345,44.25072,79.56,0.0,1.8,25120.0,92.594955,83.34131
2026-03-25 16:00:00+01:00,7.2844996,43.333294,87.12,0.0,0.6,40820.0,80.71484,81.232124
2026-03-25 17:00:00+01:00,6.2844996,20.620806,68.03999,0.0,0.7,40400.0,74.58955,55.67209
2026-03-25 18:00:00+01:00,5.7844996,20.304129,35.64,58.0,0.0,38240.0,48.097,57.96723
2026-03-25 19:00:00+01:00,4.8345,15.696165,32.039997,100.0,0.0,37440.0,49.518055,55.588985
2026-03-25 20:00:00+01:00,3.6345,16.039202,28.44,50.0,0.4,32720.0,48.853096,51.819218
2026-03-25 21:00:00+01:00,2.9345,14.618837,25.199999,92.0,0.0,28540.0,49.503372,48.373985
2026-03-25 22:00:00+01:00,2.2845001,16.78156,25.199999,91.0,0.1,2200.0,42.796642,48.03432
2026-03-25 23:00:00+01:00,1.9844999,17.148247,30.599998,73.0,0.5,14840.0,48.409008,35.111507
2026-03-26 00:00:00+01:00,1.2845,14.654254,27.72,59.0,0.2,16340.0,47.06263,34.675392
2026-03-26 01:00:00+01:00,0.9845,13.797913,23.4,82.0,0.1,940.0,60.44291,45.037434
2026-03-26 02:00:00+01:00,0.5845,9.449572,21.24,39.0,1.0,4240.0,55.10722,36.14951
2026-03-26 03:00:00+01:00,0.2345,9.693296,16.56,66.0,1.1,360.0,52.84504,32.867256
2026-03-26 04:00:00+01:00,0.3345,10.086427,15.4800005,49.0,0.8,3940.0,58.91889,39.59299
2026-03-26 05:00:00+01:00,0.43449998,8.287822,16.199999,43.0,0.8,9560.0,52.848972,24.989985
2026-03-26 06:00:00+01:00,0.93450004,4.6800003,12.959999,51.0,0.2,18400.0,47.934822,19.120867
2026-03-26 07:00:00+01:00,1.6845,5.0528407,11.879999,23.0,0.1,37000.0,48.00408,18.631031
2026-03-26 08:00:00+01:00,1.8844999,6.849467,11.879999,49.0,0.0,18720.0,38.129,23.716516
2026-03-26 09:00:00+01:00,2.6845,4.0249224,9.36,71.0,0.0,37180.0,30.296087,28.558468
2026-03-26 10:00:00+01:00,3.0845,4.39436,10.440001,15.0,0.2,13260.0,24.800928,27.338541
2026-03-26 11:00:00+01:00,3.5845,3.671294,12.959999,86.0,0.2,28720.0,20.11784,29.851236
2026-03-26 12:00:00+01:00,3.8345,5.1165614,15.119999,86.0,0.1,33820.0,24.712854,41.62787
2026-03-26 13:00:00+01:00,4.3345,2.5455842,31.319998,52.0,0.5,33980.0,27.086145,40.206123
2026-03-26 14:00:00+01:00,5.2345,7.5599995,16.199999,66.0,0.0,38920.0,30.535046,40.435436
2026-03-26 15:00:00+01:00,5.5344996,9.3876505,23.039999,93.0,0.0,40120.0,38.806484,40.668198
2026-03-26 16:00:00+01:00,4.3845,12.0694,32.399998,87.0,0.0,31840.0,24.306171,39.743526
2026-03-26 17:00:00+01:00,2.7845001,11.720751,32.760002,72.0,0.1,22940.0,29.676287,42.868042
2026-03-26 18:00:00+01:00,2.8345,7.729527,29.88,63.0,0.0,29260.0,29.338484,38.48776
2026-03-26 19:00:00+01:00,1.7845,7.628263,25.919998,78.0,0.3,26180.0,24.361639,36.00535
2026-03-26 20:00:00+01:00,1.3345,5.937272,21.599998,85.0,0.0,11580.0,26.54406,35.828365
2026-03-26 21:00:00+01:00,0.7845,3.6,13.679999,62.0,0.1,13200.0,23.875175,38.472748
2026-03-26 22:00:00+01:00,0.18450001,6.638072,8.64,89.0,0.0,400.0,27.797468,32.042255
2026-03-26 23:00:00+01:00,-0.1155,5.4119864,10.440001,92.0,0.1,340.0,34.17721,33.036785
2026-03-27 00:00:00+01:00,-0.015500002,4.379589,9.72,86.0,0.3,640.0,39.690067,34.4245
2026-03-27 01:00:00+01:00,0.0845,6.1305785,7.2,69.0,0.0,3520.0,34.87788,26.696869
2026-03-27 02:00:00+01:00,-0.36549997,5.3517847,9.36,33.0,0.0,11140.0,32.299824,26.46497
2026-03-27 03:00:00+01:00,-0.5155,2.6208394,8.64,69.0,0.0,16920.0,30.18622,26.948225
2026-03-27 04:00:00+01:00,-0.4655,5.2416787,7.5599995,5.0,0.0,18460.0,28.447271,30.22956
2026-03-27 05:00:00+01:00,-0.31550002,4.0249224,8.28,20.0,0.0,26180.0,26.493156,30.024958
2026-03-27 06:00:00+01:00,-0.31550002,3.7585104,6.8399997,91.0,0.0,27040.0,24.497643,31.410818
2026-03-27 07:00:00+01:00,0.1345,6.439876,8.28,73.0,0.0,32820.0,28.212711,31.312546
2026-03-27 08:00:00+01:00,0.8845,6.9899354,11.879999,73.0,0.0,31140.0,29.82983,31.70989
2026-03-27 09:00:00+01:00,1.8844999,10.883676,20.16,72.0,0.0,36060.0,27.812405,37.739765
2026-03-27 10:00:00+01:00,2.6845,14.512064,25.919998,66.0,0.0,39000.0,28.3632,36.72574
2026-03-27 11:00:00+01:00,3.7845001,14.255272,29.519999,38.0,0.0,40100.0,26.33987,37.897663
2026-03-27 12:00:00+01:00,4.6844997,15.696165,28.08,40.0,0.0,40580.0,27.341772,37.199974
2026-03-27 13:00:00+01:00,4.6345,14.693999,29.88,55.0,0.0,39940.0,28.3632,33.08922
2026-03-27 14:00:00+01:00,5.1844997,15.876775,28.08,38.0,0.0,40540.0,28.076212,30.337694
2026-03-27 15:00:00+01:00,5.1844997,14.48972,27.72,89.0,0.0,40260.0,23.78804,30.30593
2026-03-27 16:00:00+01:00,5.2345,10.931203,27.72,33.0,0.0,40840.0,22.347704,22.387888
2026-03-27 17:00:00+01:00,4.9344997,10.24578,19.44,64.0,0.0,40520.0,24.792553,25.831429
2026-03-27 18:00:00+01:00,4.2844996,10.829958,19.44,15.0,0.0,40720.0,23.204739,31.022066
2026-03-27 19:00:00+01:00,3.3345,11.212135,19.08,36.0,0.0,40480.0,24.065763,34.362892
2026-03-27 20:00:00+01:00,2.5845,12.599999,21.96,35.0,0.0,40360.0,23.922964,39.25586
2026-03-27 21:00:00+01:00,2.1845,11.885453,20.880001,0.0,0.0,40640.0,23.542343,44.260868
2026-03-27 22:00:00+01:00,1.8345,9.36,19.44,0.0,0.0,40180.0,23.329687,45.82186
2026-03-27 23:00:00+01:00,1.4844999,6.28713,15.119999,0.0,0.0,40180.0,21.110098,46.08176
2026-03-28 00:00:00+01:00,0.2845,4.3349743,9.72,0.0,0.0,37880.0,21.110098,45.82186
2026-03-28 01:00:00+01:00,-0.8655,4.2136917,6.12,45.0,0.0,36300.0,21.538576,49.16003
2026-03-28 02:00:00+01:00,-0.36549997,4.3498964,7.2,39.0,0.0,38140.0,16.63135,47.270313
2026-03-28 03:00:00+01:00,-0.4655,4.896529,9.72,0.0,0.0,38620.0,17.69604,41.66025
2026-03-28 04:00:00+01:00,-1.3655001,3.7585104,7.2,29.0,0.0,36600.0,14.133929,35.531433
2026-03-28 05:00:00+01:00,-1.0155001,5.3517847,9.36,12.0,0.0,37140.0,13.049152,32.84967
2026-03-28 06:00:00+01:00,-1.9655,3.319036,8.64,0.0,0.0,33940.0,11.124962,32.995945
2026-03-28 07:00:00+01:00,-1.5655,1.8,5.04,28.0,0.0,37060.0,8.561753,44.260868
2026-03-28 08:00:00+01:00,-1.7655001,1.609969,3.6,9.0,0.0,27480.0,5.993747,42.033108
2026-03-28 09:00:00+01:00,0.1345,3.219938,6.8399997,0.0,0.0,33320.0,8.800955,39.06402
2026-03-28 10:00:00+01:00,2.6345,6.6185193,10.440001,0.0,0.0,37920.0,10.955679,35.74224
2026-03-28 11:00:00+01:00,4.1844997,10.315115,18.72,43.0,0.0,38540.0,11.644798,28.307802
2026-03-28 12:00:00+01:00,5.0845,10.948973,19.08,59.0,0.0,39680.0,9.394418,26.69687
2026-03-28 13:00:00+01:00,5.5344996,11.4862,20.519999,78.0,0.0,40900.0,10.391472,21.590723
2026-03-28 14:00:00+01:00,5.8345,10.703569,20.519999,77.0,0.0,41040.0,12.537857,22.22381
2026-03-28 15:00:00+01:00,5.2844996,11.183201,19.8,100.0,0.0,33720.0,15.587208,21.617472
2026-03-28 16:00:00+01:00,3.5345001,12.783802,19.8,98.0,0.7,19680.0,28.333897,24.734306
2026-03-28 17:00:00+01:00,3.0345001,11.592895,22.319998,95.0,0.7,17960.0,26.703953,25.928188
2026-03-28 18:00:00+01:00,2.5845,9.511088,19.44,97.0,1.1,6240.0,21.740099,24.333883
2026-03-28 19:00:00+01:00,2.1345,10.24578,15.4800005,86.0,0.7,2240.0,35.59101,19.390963
2026-03-28 20:00:00+01:00,1.8844999,8.4042845,16.56,81.0,0.1,1960.0,36.9367,19.120867
2026-03-28 21:00:00+01:00,1.7344999,5.0142193,13.679999,85.0,0.1,3460.0,32.3833,12.795845
2026-03-28 22:00:00+01:00,1.8844999,5.4477882,7.5599995,90.0,0.0,440.0,31.00074,6.939521
2026-03-28 23:00:00+01:00,1.5845,5.8048253,9.0,90.0,0.0,880.0,31.604427,20.632679
2026-03-29 00:00:00+01:00,1.5345,2.9024127,9.0,91.0,0.2,580.0,40.127148,21.94469
2026-03-29 01:00:00+01:00,1.7344999,7.386582,7.5599995,38.0,0.5,20420.0,46.545746,12.735487
2026-03-29 03:00:00+02:00,1.7845,6.8777895,12.24,21.0,0.1,18380.0,40.495476,22.422277
2026-03-29 04:00:00+02:00,1.6344999,6.4096174,11.159999,46.0,0.3,20080.0,43.255142,27.225573
2026-03-29 05:00:00+02:00,1.7845,6.792466,9.72,73.0,0.3,21820.0,41.388153,28.612377
2026-03-29 06:00:00+02:00,1.7845,6.519877,10.440001,60.0,0.1,27840.0,40.279522,30.286854
2026-03-29 07:00:00+02:00,1.6344999,6.28713,11.159999,71.0,0.1,27760.0,38.830555,31.238638
2026-03-29 08:00:00+02:00,2.4345,10.587918,11.159999,3.0,0.1,35100.0,39.968998,25.994967
2026-03-29 09:00:00+02:00,3.6345,10.009036,17.64,46.0,0.0,35440.0,40.99493,31.849302
2026-03-29 10:00:00+02:00,4.4845,10.799999,18.72,86.0,0.0,36360.0,34.247013,34.08711
2026-03-29 11:00:00+02:00,4.9344997,13.708391,22.68,65.0,0.0,38600.0,33.424625,33.269196
2026-03-29 12:00:00+02:00,5.6345,15.978486,28.44,67.0,0.0,38920.0,31.14776,31.70989
2026-03-29 13:00:00+02:00,6.0344996,17.873556,30.960001,82.0,0.0,39320.0,31.813992,31.410818
2026-03-29 14:00:00+02:00,6.8845,14.003028,28.44,35.0,0.0,40480.0,26.241138,25.69685
2026-03-29 15:00:00+02:00,7.0845,14.707222,26.64,14.0,0.0,40400.0,26.618277,24.593725
2026-03-29 16:00:00+02:00,7.4845,15.03835,27.359999,92.0,0.0,41100.0,23.78804,24.175043
2026-03-29 17:00:00+02:00,7.2844996,12.7279215,26.64,56.0,0.0,40740.0,24.220585,20.265303
2026-03-29 18:00:00+02:00,6.8345,8.217153,21.599998,0.0,0.0,40580.0,18.599998,17.643314
2026-03-29 19:00:00+02:00,6.3845,6.792466,16.56,9.0,0.0,40900.0,10.599223,18.672342
2026-03-29 20:00:00+02:00,4.7844996,3.4152596,10.799999,0.0,0.0,37300.0,5.3142853,15.714606
2026-03-29 21:00:00+02:00,3.0845,4.802999,7.92,0.0,0.0,37720.0,3.1898732,15.529648
2026-03-29 22:00:00+02:00,2.6345,3.219938,5.7599998,0.0,0.0,38340.0,2.9178793,20.52034
2026-03-29 23:00:00+02:00,1.7344999,4.8965297,7.5599995,0.0,0.0,34120.0,5.993747,16.292364
2026-03-30 00:00:00+02:00,1.7344999,1.4399999,6.12,0.0,0.0,34300.0,10.520564,24.389233
2026-03-30 01:00:00+02:00,1.1845,1.9386592,2.8799999,0.0,0.0,28880.0,13.246579,27.549112
2026-03-30 02:00:00+02:00,0.3345,3.4152596,5.7599998,55.0,0.0,2940.0,15.73307,30.31864
2026-03-30 03:00:00+02:00,0.8845,5.5887027,9.0,43.0,0.0,5760.0,21.991768,30.36308
2026-03-30 04:00:00+02:00,1.4345,7.24486,11.879999,0.0,0.0,23120.0,29.409178,56.030777
2026-03-30 05:00:00+02:00,2.0845,9.19939,12.959999,0.0,0.0,22900.0,39.147457,60.130062
2026-03-30 06:00:00+02:00,2.3845,11.885453,19.08,68.0,0.0,22520.0,43.93866,56.659817
2026-03-30 07:00:00+02:00,2.4345,10.97262,21.96,87.0,0.0,28060.0,46.13572,68.69775
2026-03-30 08:00:00+02:00,2.8845,14.512064,20.519999,81.0,0.0,29240.0,54.804928,71.45483
2026-03-30 09:00:00+02:00,3.4345,20.696087,33.839996,98.0,0.2,29600.0,52.986317,71.382
2026-03-30 10:00:00+02:00,3.6345,23.363974,40.32,100.0,0.3,21980.0,46.501114,74.6197
2026-03-30 11:00:00+02:00,4.0845,25.277023,48.239998,100.0,0.2,31380.0,42.04523,71.0981
2026-03-30 12:00:00+02:00,5.0845,28.056913,47.16,94.0,0.0,36120.0,46.945553,77.16798
2026-03-30 13:00:00+02:00,6.9344997,28.657898,50.039997,94.0,0.0,38600.0,47.401165,65.43199
2026-03-30 14:00:00+02:00,7.6345,25.277025,48.239998,82.0,0.3,38600.0,47.61098,67.13785
2026-03-30 15:00:00+02:00,7.7345,26.999998,48.239998,100.0,0.1,35240.0,47.53241,64.29458
2026-03-30 16:00:00+02:00,5.8345,20.696085,48.6,52.0,0.8,7340.0,62.569923,58.040283
2026-03-30 17:00:00+02:00,7.2844996,8.311245,34.92,0.0,0.7,38220.0,45.77422,44.693966
2026-03-30 18:00:00+02:00,6.0845,7.208994,13.679999,88.0,1.0,7700.0,36.874805,50.653748
2026-03-30 19:00:00+02:00,4.4845,9.605998,18.72,56.0,1.1,22280.0,41.287685,50.809425
2026-03-30 20:00:00+02:00,3.3845,9.346143,15.84,40.0,1.0,15980.0,50.203163,51.28113
2026-03-30 21:00:00+02:00,2.3845,6.9899354,13.679999,56.0,0.1,5480.0,47.00965,48.683594
2026-03-30 22:00:00+02:00,1.6344999,4.6938252,12.599999,65.0,0.6,3280.0,51.566208,46.381756
2026-03-30 23:00:00+02:00,2.0345001,6.162207,9.72,71.0,0.1,8540.0,35.194973,50.763912
2026-03-31 00:00:00+02:00,1.7845,5.0911684,10.440001,87.0,0.1,1820.0,37.502995,56.205837
2026-03-31 01:00:00+02:00,1.7845,3.4152596,14.4,93.0,0.3,1300.0,34.500744,51.532196
2026-03-31 02:00:00+02:00,1.6845,5.5887027,6.8399997,75.0,1.1,1740.0,34.874905,34.18304
2026-03-31 03:00:00+02:00,1.7845,6.151683,10.440001,84.0,0.0,20300.0,39.25605,34.430096
2026-03-31 04:00:00+02:00,1.7344999,4.0249224,9.36,85.0,0.1,23260.0,40.41334,36.430832
2026-03-31 05:00:00+02:00,1.3844999,6.28713,7.5599995,79.0,0.1,15840.0,38.2839,31.170732
2026-03-31 06:00:00+02:00,1.2845,5.154415,10.440001,84.0,0.1,18640.0,38.35706,34.62536
2026-03-31 07:00:00+02:00,1.1344999,3.219938,7.92,58.0,0.0,20040.0,40.02092,37.47341
2026-03-31 08:00:00+02:00,1.9844999,6.9153743,6.4799995,74.0,0.0,29580.0,32.277317,33.228638
2026-03-31 09:00:00+02:00,2.9845002,4.39436,10.08,37.0,0.0,31700.0,36.184113,38.04478
2026-03-31 10:00:00+02:00,4.2345,10.041354,16.919998,2.0,0.0,38060.0,33.62593,37.262062
2026-03-31 11:00:00+02:00,4.9845,12.015589,21.96,74.0,0.0,39060.0,26.03856,38.04478
2026-03-31 12:00:00+02:00,5.1844997,12.620554,21.96,12.0,0.0,38780.0,27.763828,35.138927
2026-03-31 13:00:00+02:00,5.6345,15.815435,29.16,12.0,0.1,38620.0,27.097643,37.529915
2026-03-31 14:00:00+02:00,6.3845,19.134262,36.719997,0.0,0.0,40420.0,23.002504,33.75205
2026-03-31 15:00:00+02:00,6.7345,16.700275,32.399998,0.0,0.0,39760.0,29.707758,28.212376
2026-03-31 16:00:00+02:00,6.1844997,14.471821,28.8,7.0,0.1,39680.0,30.81598,30.36308
2026-03-31 17:00:00+02:00,6.0845,9.904906,27.359999,3.0,0.0,39560.0,28.109476,32.58473
2026-03-31 18:00:00+02:00,6.0845,9.114471,16.56,0.0,0.0,39720.0,32.431355,38.20646
2026-03-31 19:00:00+02:00,5.5845,9.178235,16.919998,0.0,0.0,40520.0,35.678417,39.06402
2026-03-31 20:00:00+02:00,4.2844996,11.928989,14.4,44.0,0.0,37180.0,27.53099,50.35243
2026-03-31 21:00:00+02:00,2.7345002,5.1544156,19.44,68.0,0.0,28880.0,29.153875,50.35243
2026-03-31 22:00:00+02:00,2.0345001,3.4152596,7.92,44.0,0.0,23820.0,25.7982,48.20645
2026-03-31 23:00:00+02:00,1.8345,3.5455887,5.7599998,51.0,0.0,21560.0,21.591537,48.290287
2026-04-01 00:00:00+02:00,1.3345,3.6,6.8399997,68.0,0.0,20200.0,22.702635,45.075916
2026-04-01 01:00:00+02:00,1.1845,3.8773184,5.7599998,41.0,0.0,21640.0,26.197577,43.968315
2026-04-01 02:00:00+02:00,0.4845,2.8116899,5.3999996,10.0,0.0,14160.0,25.09641,42.005604
2026-04-01 03:00:00+02:00,0.3345,2.2768397,5.04,33.0,0.0,20740.0,24.013935,42.579487
2026-04-01 04:00:00+02:00,-0.1155,2.0364676,3.96,10.0,0.0,16460.0,22.235918,45.577385
2026-04-01 05:00:00+02:00,-0.2655,2.968636,2.8799999,69.0,0.0,21440.0,23.879524,49.13259
2026-04-01 06:00:00+02:00,-0.2655,2.6208394,4.32,50.0,0.0,20500.0,23.5776,50.991077
2026-04-01 07:00:00+02:00,-0.8655,1.484318,4.68,33.0,0.0,9780.0,25.133617,49.16003
2026-04-01 08:00:00+02:00,-0.7655,4.1046314,4.68,66.0,0.0,980.0,31.604427,47.433033
2026-04-01 09:00:00+02:00,1.1344999,6.9899354,12.24,31.0,0.0,14440.0,31.604427,44.330452
2026-04-01 10:00:00+02:00,2.9345,7.2359104,14.04,47.0,0.0,26720.0,29.986055,40.838356
2026-04-01 11:00:00+02:00,4.6345,12.964998,20.519999,69.0,0.0,33260.0,26.430378,42.755558
2026-04-01 12:00:00+02:00,6.0845,14.917212,30.239998,72.0,0.0,36180.0,26.762213,37.184437
2026-04-01 13:00:00+02:00,6.9845,15.815435,32.399998,83.0,0.0,38640.0,27.391094,42.87703
2026-04-01 14:00:00+02:00,6.9845,18.671474,34.2,51.0,0.0,39500.0,32.584667,41.36327
2026-04-01 15:00:00+02:00,7.8845,17.782688,32.039997,49.0,0.0,41420.0,30.244637,40.843075
2026-04-01 16:00:00+02:00,7.8345,19.809813,34.2,95.0,0.0,41900.0,35.39208,38.10549
2026-04-01 17:00:00+02:00,7.4845,20.275385,37.079998,38.0,0.0,41560.0,35.794636,28.612377
2026-04-01 18:00:00+02:00,6.9344997,16.800856,37.8,0.0,0.0,40580.0,35.748196,20.331732
2026-04-01 19:00:00+02:00,6.5845,12.819235,30.960001,19.0,0.0,40680.0,39.501263,21.185438
2026-04-01 20:00:00+02:00,5.5845,9.793059,20.16,0.0,0.0,40320.0,33.872055,23.98305
2026-04-01 21:00:00+02:00,4.5845,14.618837,24.119999,0.0,0.0,39680.0,36.798702,31.951952
2026-04-01 22:00:00+02:00,4.4845,15.575981,27.0,43.0,0.0,39040.0,40.395355,32.65559
2026-04-01 23:00:00+02:00,4.5845,15.072783,24.84,84.0,0.0,39500.0,47.70902,34.941025
2026-04-02 00:00:00+02:00,4.5344996,13.493999,24.84,39.0,0.0,38800.0,43.12774,38.846447
2026-04-02 01:00:00+02:00,4.4845,12.538134,21.599998,79.0,0.0,38740.0,45.699306,44.30872
2026-04-02 02:00:00+02:00,3.7345002,11.246759,20.16,24.0,0.0,37880.0,43.69221,48.513157
2026-04-02 03:00:00+02:00,3.1345,10.514218,19.08,39.0,0.0,36140.0,43.09884,42.302624
2026-04-02 04:00:00+02:00,2.2845001,8.534353,16.56,33.0,0.0,32620.0,46.721638,41.922977
2026-04-02 05:00:00+02:00,2.3845,8.161764,13.679999,69.0,0.0,33360.0,44.429794,42.755558
2026-04-02 06:00:00+02:00,2.1345,6.439876,13.679999,77.0,0.0,32540.0,44.855415,46.08176
2026-04-02 07:00:00+02:00,1.8844999,5.04,10.440001,80.0,0.0,30160.0,42.808773,48.022285
2026-04-02 08:00:00+02:00,1.9345,5.3999996,8.28,49.0,0.0,28660.0,43.4085,46.11937
2026-04-02 09:00:00+02:00,3.4845002,8.311245,14.04,16.0,0.0,33980.0,45.242622,49.19528
2026-04-02 10:00:00+02:00,5.0845,10.239453,18.359999,32.0,0.0,36620.0,42.80877,48.892853
2026-04-02 11:00:00+02:00,7.5344996,15.978484,19.8,38.0,0.0,40180.0,41.7901,51.989933
2026-04-02 12:00:00+02:00,8.8345,15.725037,28.8,12.0,0.0,40640.0,36.663017,50.226025
2026-04-02 13:00:00+02:00,10.0345,15.596767,28.08,38.0,0.0,40980.0,24.489164,45.31034
2026-04-02 14:00:00+02:00,10.5345,13.722565,27.0,69.0,0.0,41140.0,21.30593,40.134197
2026-04-02 15:00:00+02:00,11.184501,12.819235,24.119999,96.0,0.0,41780.0,16.805244,39.975494
2026-04-02 16:00:00+02:00,11.2845,13.207634,23.759998,48.0,0.0,41940.0,14.532351,37.24138
2026-04-02 17:00:00+02:00,11.3345,9.83268,23.759998,0.0,0.0,42320.0,14.5893955,32.37121
2026-04-02 18:00:00+02:00,11.184501,8.350138,17.64,0.0,0.0,42840.0,14.133929,30.267769
2026-04-02 19:00:00+02:00,10.6345005,5.991594,14.759999,0.0,0.0,43880.0,18.964846,31.133633
2026-04-02 20:00:00+02:00,9.2845,2.8799999,9.72,0.0,0.0,42400.0,14.82239,27.48611
2026-04-02 21:00:00+02:00,7.1345,3.2399998,5.7599998,0.0,0.0,41460.0,18.838505,30.533892
2026-04-02 22:00:00+02:00,6.0845,3.2599385,4.32,0.0,0.0,40820.0,18.733494,32.042255
2026-04-02 23:00:00+02:00,3.9345,2.3051248,5.3999996,37.0,0.0,37860.0,16.182028,25.659342
2026-04-03 00:00:00+02:00,3.3345,1.2979984,2.52,15.0,0.0,36180.0,19.674257,21.724138
2026-04-03 01:00:00+02:00,2.4345,1.9386592,2.16,0.0,0.0,32820.0,19.166344,22.014801
2026-04-03 02:00:00+02:00,0.7845,3.096837,2.52,3.0,0.0,23680.0,12.570939,18.096056
2026-04-03 03:00:00+02:00,1.1344999,1.835647,4.68,59.0,0.0,28380.0,11.961482,17.077427
2026-04-03 04:00:00+02:00,0.8845,1.5273507,2.8799999,15.0,0.0,27140.0,8.987734,17.914183
2026-04-03 05:00:00+02:00,0.5345,2.0991426,2.16,0.0,0.0,21580.0,5.9240503,23.040882
2026-04-03 06:00:00+02:00,0.8845,1.1384199,2.52,0.0,0.0,27040.0,1.4410379,33.042614
2026-04-03 07:00:00+02:00,-0.1155,2.1897945,2.52,0.0,0.0,16900.0,3.3175182,34.813995
2026-04-03 08:00:00+02:00,-1.2655001,2.2768397,3.2399998,100.0,0.0,80.0,3.757767,31.806936
2026-04-03 09:00:00+02:00,0.68450004,1.4399999,3.96,72.0,0.0,560.0,4.9291077,30.413792
2026-04-03 10:00:00+02:00,2.7845001,2.9024127,6.12,0.0,0.0,15100.0,8.800955,29.494188
2026-04-03 11:00:00+02:00,7.3345,5.8603754,10.440001,0.0,0.0,33760.0,9.666777,24.710932
2026-04-03 12:00:00+02:00,9.9845,11.592894,17.28,0.0,0.0,40200.0,13.120569,20.41682
2026-04-03 13:00:00+02:00,11.5345,13.479583,24.48,14.0,0.0,41140.0,19.504648,22.593443
2026-04-03 14:00:00+02:00,12.8845005,13.53236,24.48,40.0,0.0,41800.0,16.335293,21.944693
2026-04-03 15:00:00+02:00,13.5845,13.584932,23.759998,8.0,0.0,42360.0,13.678478,22.4909
2026-04-03 16:00:00+02:00,13.8345,12.594856,22.319998,9.0,0.0,42440.0,13.340306,27.317396
2026-04-03 17:00:00+02:00,13.8845005,13.237038,23.4,77.0,0.0,42820.0,18.465538,25.935617
2026-04-03 18:00:00+02:00,13.934501,11.269782,22.68,0.0,0.0,43060.0,19.616121,30.816475
2026-04-03 19:00:00+02:00,13.0845,9.531505,21.96,5.0,0.0,42880.0,21.359468,32.620174
2026-04-03 20:00:00+02:00,11.7345,8.12197,14.759999,0.0,0.0,42500.0,18.54969,32.47814
2026-04-03 21:00:00+02:00,10.434501,8.825508,14.4,0.0,0.0,41540.0,26.544058,37.184437
2026-04-03 22:00:00+02:00,8.8845005,4.8433046,14.04,0.0,0.0,42020.0,30.977287,33.93419
2026-04-03 23:00:00+02:00,9.3345,6.8777895,9.0,62.0,0.0,40900.0,29.352638,33.0601
2026-04-04 00:00:00+02:00,8.184501,5.8603754,10.799999,74.0,0.0,37340.0,29.550064,37.785675
2026-04-04 01:00:00+02:00,8.434501,7.2,11.879999,68.0,0.0,38160.0,29.760136,30.735107
2026-04-04 02:00:00+02:00,9.184501,6.638072,12.24,68.0,0.0,39060.0,31.14776,36.51006
2026-04-04 03:00:00+02:00,8.5845,6.489992,11.159999,97.0,0.0,36280.0,29.854185,32.114315
2026-04-04 04:00:00+02:00,8.434501,6.6087217,10.440001,100.0,0.0,35200.0,31.840088,24.143152
2026-04-04 05:00:00+02:00,8.1345005,6.9247384,11.159999,100.0,0.0,30720.0,25.559643,27.43701
2026-04-04 06:00:00+02:00,7.9344997,7.968939,12.599999,100.0,0.3,27960.0,25.327036,24.593725
2026-04-04 07:00:00+02:00,7.6844997,5.495161,13.679999,71.0,0.1,27240.0,25.753891,25.455843
2026-04-04 08:00:00+02:00,7.7844996,2.968636,10.08,92.0,0.1,22100.0,21.878162,33.4021
2026-04-04 09:00:00+02:00,7.8845,4.198285,7.5599995,100.0,0.2,20080.0,19.13924,28.966991
2026-04-04 10:00:00+02:00,8.3845005,2.9024127,6.8399997,100.0,0.0,24640.0,15.284514,24.593725
2026-04-04 11:00:00+02:00,10.9845,8.587338,7.5599995,90.0,0.0,34860.0,16.909952,29.954306
2026-04-04 12:00:00+02:00,12.2345,6.8777895,15.119999,82.0,0.0,37640.0,15.031068,30.267769
2026-04-04 13:00:00+02:00,14.184501,7.0911775,13.679999,45.0,0.0,39020.0,15.4936695,24.341797
2026-04-04 14:00:00+02:00,15.3845005,7.5685663,14.759999,46.0,0.0,39540.0,17.412127,22.041037
2026-04-04 15:00:00+02:00,16.5845,7.342588,14.4,49.0,0.0,40020.0,14.1559515,20.47335
2026-04-04 16:00:00+02:00,17.484499,7.2,14.4,39.0,0.0,40620.0,17.590109,15.824542
2026-04-04 17:00:00+02:00,17.5845,5.692099,13.32,5.0,0.0,40780.0,13.708808,14.543223
2026-04-04 18:00:00+02:00,17.634499,4.6938257,9.72,0.0,0.0,40920.0,10.411436,13.152178
2026-04-04 19:00:00+02:00,17.3345,1.1384199,7.5599995,0.0,0.0,41120.0,10.391472,18.877537
2026-04-04 20:00:00+02:00,15.434501,5.4477882,8.64,0.0,0.0,39800.0,13.215189,20.632679
2026-04-04 21:00:00+02:00,13.4845,4.3349743,10.08,0.0,0.0,38560.0,14.503743,21.185438
2026-04-04 22:00:00+02:00,11.5345,3.319036,6.4799995,0.0,0.0,34360.0,19.376469,21.759575
2026-04-04 23:00:00+02:00,11.0345,2.5455842,3.96,0.0,0.0,32640.0,24.151897,25.478535
2026-04-05 00:00:00+02:00,10.934501,1.1384199,3.2399998,0.0,0.0,31600.0,28.69439,29.179014
2026-04-05 01:00:00+02:00,9.934501,1.1384199,2.16,0.0,0.0,28200.0,32.61015,31.090292
2026-04-05 02:00:00+02:00,9.3845005,3.4152596,4.68,0.0,0.0,25880.0,34.851078,31.661255
2026-04-05 03:00:00+02:00,7.4344997,3.5455887,7.2,0.0,0.0,13140.0,38.519135,37.882412
2026-04-05 04:00:00+02:00,6.2844996,3.8268526,5.7599998,56.0,0.0,2120.0,41.410725,44.693962
2026-04-05 05:00:00+02:00,5.3345,3.0758414,6.12,70.0,0.0,780.0,40.99493,50.89655
2026-04-05 06:00:00+02:00,5.3845,4.0249224,6.4799995,57.0,0.0,1680.0,43.20471,51.651672
2026-04-05 07:00:00+02:00,4.8845,4.39436,7.2,66.0,0.0,1540.0,46.133472,53.053535
2026-04-05 08:00:00+02:00,5.2844996,4.3498964,7.5599995,63.0,0.0,940.0,48.537525,60.745193
2026-04-05 09:00:00+02:00,6.4344997,5.3999996,9.36,81.0,0.0,280.0,45.71521,61.36043
2026-04-05 10:00:00+02:00,9.7845,7.653705,12.599999,0.0,0.0,14600.0,49.729378,58.61164
2026-04-05 11:00:00+02:00,13.7845,10.44,19.08,0.0,0.0,36800.0,48.50971,51.43866
2026-04-05 12:00:00+02:00,16.4345,13.493999,23.039999,0.0,0.0,39900.0,46.545746,51.97882
2026-04-05 13:00:00+02:00,19.134499,15.9134655,27.0,0.0,0.0,41400.0,39.184574,50.8549
2026-04-05 14:00:00+02:00,21.1845,20.466246,31.68,0.0,0.0,42680.0,40.98733,56.01702
2026-04-05 15:00:00+02:00,22.134499,21.67786,36.36,0.0,0.0,42700.0,37.17766,53.985725
2026-04-05 16:00:00+02:00,22.5845,23.928492,42.12,0.0,0.0,43340.0,39.11827,53.627728
2026-04-05 17:00:00+02:00,22.1845,23.000591,39.239998,0.0,0.0,43120.0,36.560925,53.031746
2026-04-05 18:00:00+02:00,21.2845,14.332341,35.28,0.0,0.0,42520.0,28.95016,62.24561
2026-04-05 19:00:00+02:00,20.234499,17.388409,29.88,0.0,0.0,42180.0,38.607986,65.22263
2026-04-05 20:00:00+02:00,18.6845,15.580141,32.399998,0.0,0.0,41440.0,43.37739,63.093945
2026-04-05 21:00:00+02:00,17.734499,14.512064,24.84,0.0,0.0,43280.0,46.972084,66.11146
2026-04-05 22:00:00+02:00,15.684501,2.5455842,21.96,0.0,0.0,41440.0,45.672035,69.85171
2026-04-05 23:00:00+02:00,16.134499,6.618519,18.0,0.0,0.0,41720.0,38.008995,62.332203
2026-04-06 00:00:00+02:00,15.8345,9.931042,24.119999,24.0,0.0,41560.0,33.024616,67.07182
2026-04-06 01:00:00+02:00,13.2345,3.8773184,11.5199995,49.0,0.1,38060.0,37.921482,69.44238
2026-04-06 02:00:00+02:00,12.2345,4.39436,6.4799995,50.0,0.0,37920.0,31.996231,66.76381
2026-04-06 03:00:00+02:00,11.7845,4.1046314,5.7599998,17.0,0.0,38260.0,29.168114,68.92171
2026-04-06 04:00:00+02:00,10.5345,2.968636,6.8399997,26.0,0.0,32580.0,26.540146,63.67743
2026-04-06 05:00:00+02:00,10.184501,2.1897945,4.32,47.0,0.0,27840.0,26.828085,67.106285
2026-04-06 06:00:00+02:00,9.3345,3.2599385,4.68,27.0,0.0,30240.0,24.93037,63.822468
2026-04-06 07:00:00+02:00,9.3845005,2.0991426,3.96,11.0,0.0,36360.0,22.825785,61.020454
2026-04-06 08:00:00+02:00,8.2845,2.9024127,3.2399998,41.0,0.0,28160.0,21.605959,52.773224
2026-04-06 09:00:00+02:00,10.2345,4.8965297,7.5599995,0.0,0.0,32300.0,23.06111,43.51915
2026-04-06 10:00:00+02:00,11.9845,5.00128,10.440001,0.0,0.0,36560.0,26.913092,37.49397
2026-04-06 11:00:00+02:00,14.184501,2.1897945,9.72,0.0,0.0,39320.0,30.296087,30.640951
2026-04-06 12:00:00+02:00,16.1845,2.3051248,8.28,0.0,0.0,40960.0,29.857664,27.48611
2026-04-06 13:00:00+02:00,18.0345,3.2399998,8.64,0.0,0.0,41700.0,22.78481,21.944693
2026-04-06 14:00:00+02:00,19.234499,6.130579,9.0,0.0,0.0,41880.0,18.733494,18.672342
2026-04-06 15:00:00+02:00,19.984499,6.0347,14.4,0.0,0.0,42100.0,14.038106,18.672342
2026-04-06 16:00:00+02:00,20.3345,2.968636,11.879999,35.0,0.0,42260.0,11.124962,21.944693
2026-04-06 17:00:00+02:00,20.484499,0.71999997,15.4800005,13.0,0.0,42280.0,8.765491,20.49216
2026-04-06 18:00:00+02:00,20.234499,1.5273507,3.96,8.0,0.0,42180.0,9.612922,23.586206
2026-04-06 19:00:00+02:00,19.6845,5.8603754,9.36,0.0,0.0,42040.0,4.844117,27.338541
2026-04-06 20:00:00+02:00,17.0345,5.634891,15.119999,0.0,0.0,40420.0,15.916784,24.14315
2026-04-06 21:00:00+02:00,14.684501,7.2805495,13.32,0.0,0.0,39640.0,16.934494,22.4909
2026-04-06 22:00:00+02:00,13.684501,3.396233,10.440001,0.0,0.0,38980.0,18.97032,22.379282
2026-04-06 23:00:00+02:00,12.3345,3.8939953,5.7599998,0.0,0.0,36480.0,19.225843,23.635157
2026-04-07 00:00:00+02:00,12.0845,0.8049845,5.3999996,0.0,0.0,37120.0,21.615568,22.56785
2026-04-07 01:00:00+02:00,11.0845,1.9386592,2.52,0.0,0.0,36300.0,19.972805,22.249796
2026-04-07 02:00:00+02:00,8.7845,2.4149535,4.32,0.0,0.0,28080.0,18.369701,19.490047
2026-04-07 03:00:00+02:00,8.0345,1.8,2.8799999,0.0,0.0,25060.0,18.369701,20.52034
2026-04-07 04:00:00+02:00,7.2345,0.71999997,2.16,0.0,0.0,16860.0,20.480995,21.139927
2026-04-07 05:00:00+02:00,7.6844997,0.35999998,1.08,0.0,0.0,18060.0,21.110098,21.24899
2026-04-07 06:00:00+02:00,7.4344997,0.8049845,1.08,0.0,0.0,15040.0,21.840164,21.185438
2026-04-07 07:00:00+02:00,6.5344996,1.5273507,1.4399999,0.0,0.0,11780.0,19.166346,18.381218
2026-04-07 08:00:00+02:00,5.1345,0.35999998,2.52,100.0,0.0,60.0,19.403242,17.31268
2026-04-07 09:00:00+02:00,5.6345,0.8049845,3.2399998,100.0,0.0,80.0,18.70576,16.13793
2026-04-07 10:00:00+02:00,8.7345,0.35999998,2.16,76.0,0.0,900.0,15.955876,13.781546
2026-04-07 11:00:00+02:00,13.8345,4.0249224,4.68,0.0,0.0,35440.0,17.795506,7.499821
2026-04-07 12:00:00+02:00,16.7845,4.829907,10.799999,0.0,0.0,39180.0,15.148044,9.164372
2026-04-07 13:00:00+02:00,19.0845,7.8954163,14.759999,0.0,0.0,40620.0,13.708807,11.394346
2026-04-07 14:00:00+02:00,20.2845,10.383987,16.919998,0.0,0.0,41740.0,15.818631,9.813965
2026-04-07 15:00:00+02:00,21.6845,10.30883,18.72,0.0,0.0,42740.0,16.718523,11.545494
2026-04-07 16:00:00+02:00,22.384499,6.28713,16.919998,13.0,0.0,43020.0,13.049152,13.612786
2026-04-07 17:00:00+02:00,22.734499,6.924738,11.159999,31.0,0.0,44200.0,9.394418,10.98112
2026-04-07 18:00:00+02:00,22.384499,3.096837,11.159999,6.0,0.0,43740.0,6.0797453,9.227214
2026-04-07 19:00:00+02:00,21.484499,7.5599995,10.799999,0.0,0.0,42200.0,3.9200466,11.444951
2026-04-07 20:00:00+02:00,19.0845,12.074766,18.72,0.0,0.0,41580.0,4.556962,13.879042
2026-04-07 21:00:00+02:00,16.3345,9.826088,18.359999,0.0,0.0,41120.0,5.094838,13.948265
2026-04-07 22:00:00+02:00,14.184501,4.896529,14.04,0.0,0.0,40080.0,5.333787,14.529971
2026-04-07 23:00:00+02:00,13.8845005,5.0911684,7.2,0.0,0.0,39960.0,3.67394,17.077427
2026-04-08 00:00:00+02:00,13.7845,4.2136917,8.64,0.0,0.0,39900.0,2.9178793,16.492132
2026-04-08 01:00:00+02:00,12.2845,3.6,6.12,0.0,0.0,36440.0,1.2889035,15.11478
2026-04-08 02:00:00+02:00,10.934501,4.6102495,6.12,0.0,0.0,33400.0,1.4410379,21.330421
2026-04-08 03:00:00+02:00,9.7845,3.5455887,7.2,0.0,0.0,30520.0,5.333787,16.952896
2026-04-08 04:00:00+02:00,9.2345,2.6208394,5.3999996,0.0,0.0,29920.0,7.6388597,13.093462
2026-04-08 05:00:00+02:00,8.2845,3.4152596,4.68,0.0,0.0,25460.0,4.488087,12.5680065
2026-04-08 06:00:00+02:00,7.9344997,3.7585104,5.3999996,0.0,0.0,22660.0,2.8820758,10.857635
2026-04-08 07:00:00+02:00,7.6345,3.0758414,5.3999996,0.0,0.0,21520.0,1.643036,11.444951
2026-04-08 08:00:00+02:00,7.2844996,3.319036,7.2,0.0,0.0,16360.0,0.9113924,18.877537
2026-04-08 09:00:00+02:00,10.0845,3.6,5.7599998,0.0,0.0,22960.0,3.1898732,19.62793
2026-04-08 10:00:00+02:00,12.4845,6.5693827,11.159999,0.0,0.0,37940.0,2.3236039,20.864775
2026-04-08 11:00:00+02:00,14.8345,7.69592,15.84,0.0,0.0,40240.0,3.3175182,21.653082
2026-04-08 12:00:00+02:00,17.234499,9.531505,16.56,0.0,0.0,41020.0,5.094838,19.725824
2026-04-08 13:00:00+02:00,19.3345,10.594036,16.56,0.0,0.0,41500.0,5.155614,16.952896
2026-04-08 14:00:00+02:00,20.634499,14.77755,18.0,0.0,0.0,41580.0,6.572144,14.476846
2026-04-08 15:00:00+02:00,21.484499,16.954432,24.119999,0.0,0.0,42400.0,9.113924,11.9230585
2026-04-08 16:00:00+02:00,21.884499,16.919998,26.28,0.0,0.0,42280.0,16.335293,10.98112
2026-04-08 17:00:00+02:00,22.134499,15.941944,27.72,0.0,0.0,42840.0,17.90602,11.444951
2026-04-08 18:00:00+02:00,21.634499,14.081478,26.28,0.0,0.0,42700.0,14.482251,9.227215
2026-04-08 19:00:00+02:00,20.8345,10.495713,22.68,0.0,0.0,42740.0,6.198138,10.624495
2026-04-08 20:00:00+02:00,18.5845,8.4042845,16.199999,0.0,0.0,41660.0,7.5842957,11.793103
2026-04-08 21:00:00+02:00,16.234499,9.3669195,14.759999,0.0,0.0,41200.0,8.706063,13.6692705
2026-04-08 22:00:00+02:00,15.5845,7.628263,15.119999,0.0,0.0,41060.0,10.599223,14.329733
2026-04-08 23:00:00+02:00,13.934501,5.815978,11.5199995,0.0,0.0,40080.0,12.44643,11.172413
2026-04-09 00:00:00+02:00,13.0845,5.1919937,9.0,0.0,0.0,39760.0,12.379514,7.0769506
2026-04-09 01:00:00+02:00,12.0845,4.6102495,7.92,0.0,0.0,39360.0,5.9240503,7.4740934
2026-04-09 02:00:00+02:00,11.1345005,4.6938257,6.4799995,0.0,0.0,37980.0,2.453999,11.394346
2026-04-09 03:00:00+02:00,9.4845,4.3349743,6.8399997,0.0,0.0,35600.0,5.094838,14.999642
2026-04-09 04:00:00+02:00,8.0345,2.4149535,6.12,0.0,0.0,30680.0,6.970812,20.331732
2026-04-09 05:00:00+02:00,5.5845,0.8049845,2.52,0.0,0.0,12060.0,9.580463,23.099327
2026-04-09 06:00:00+02:00,6.2345,0.8049845,1.08,0.0,0.0,16680.0,12.269996,22.898315
2026-04-09 07:00:00+02:00,6.5344996,0.71999997,1.08,0.0,0.0,15200.0,14.589397,20.360134
2026-04-09 08:00:00+02:00,5.7844996,1.609969,1.4399999,0.0,0.0,13200.0,10.725815,22.379284
2026-04-09 09:00:00+02:00,7.3845,2.0364676,4.32,25.0,0.0,4700.0,14.126582,21.402544
2026-04-09 10:00:00+02:00,10.8845005,1.9386592,5.3999996,0.0,0.0,19920.0,16.805244,18.096056
2026-04-09 11:00:00+02:00,14.4845,4.0249224,7.2,0.0,0.0,37860.0,21.335148,17.043554
2026-04-09 12:00:00+02:00,17.234499,3.6,9.0,0.0,0.0,40560.0,15.175435,17.752157
2026-04-09 13:00:00+02:00,19.3345,3.8268526,8.64,6.0,0.0,41620.0,11.600131,15.824544
2026-04-09 14:00:00+02:00,20.484499,5.4833565,10.799999,36.0,0.0,41720.0,9.394418,15.89741
2026-04-09 15:00:00+02:00,21.5845,8.534353,14.4,45.0,0.0,42060.0,12.661468,15.824542
2026-04-09 16:00:00+02:00,21.9345,9.659814,16.56,5.0,0.0,41960.0,15.175435,21.002802
2026-04-09 17:00:00+02:00,22.2845,10.390226,16.56,0.0,0.0,42780.0,9.7416725,20.265303
2026-04-09 18:00:00+02:00,22.0845,7.289445,17.28,0.0,0.0,43060.0,9.7416725,25.020798
2026-04-09 19:00:00+02:00,21.5845,7.5685663,11.879999,0.0,0.0,45900.0,12.2276125,27.709465
2026-04-09 20:00:00+02:00,19.1845,12.682018,20.880001,0.0,0.0,46200.0,15.148044,25.92076
2026-04-09 21:00:00+02:00,17.984499,13.684735,21.96,0.0,0.0,44440.0,19.225843,26.797695
2026-04-09 22:00:00+02:00,16.734499,3.6179552,21.24,0.0,0.0,43620.0,20.480995,24.734306
2026-04-09 23:00:00+02:00,14.2345,2.1897945,4.32,0.0,0.0,41420.0,21.45163,22.344826
2026-04-10 00:00:00+02:00,11.2845,2.6208394,5.3999996,0.0,0.0,39060.0,20.225931,26.89098
2026-04-10 01:00:00+02:00,8.5345,3.219938,5.04,0.0,0.0,27320.0,24.318981,28.800266
2026-04-10 02:00:00+02:00,8.8845005,2.968636,5.04,0.0,0.0,28220.0,24.0485,26.46497
2026-04-10 03:00:00+02:00,7.6844997,2.968636,5.3999996,0.0,0.0,14240.0,25.207869,27.716415
2026-04-10 04:00:00+02:00,6.6345,3.7585104,6.12,53.0,0.0,2380.0,27.681435,27.563091
2026-04-10 05:00:00+02:00,6.3345,3.096837,6.4799995,71.0,0.0,640.0,26.086369,39.69503
2026-04-10 06:00:00+02:00,8.2345,2.4149535,6.8399997,0.0,0.0,19860.0,14.1559515,47.10703
2026-04-10 07:00:00+02:00,9.0345,3.096837,4.32,0.0,0.0,22220.0,16.512306,48.85738
2026-04-10 08:00:00+02:00,9.1345005,3.6,5.3999996,0.0,0.0,18600.0,22.249924,46.08176
2026-04-10 09:00:00+02:00,9.4845,3.6,6.4799995,0.0,0.0,13080.0,26.098305,40.435436
2026-04-10 10:00:00+02:00,12.8345,7.42159,12.599999,0.0,0.0,30440.0,26.804853,43.22603
2026-04-10 11:00:00+02:00,13.5345,6.5693827,12.959999,63.0,0.0,37480.0,26.680613,43.660564
2026-04-10 12:00:00+02:00,16.134499,6.489992,11.5199995,37.0,0.0,39220.0,27.375927,46.96369
2026-04-10 13:00:00+02:00,17.984499,3.9763298,12.959999,40.0,0.0,40440.0,20.752945,50.82459
2026-04-10 14:00:00+02:00,17.7845,10.799999,15.4800005,2.0,0.0,39180.0,27.763828,53.194946
2026-04-10 15:00:00+02:00,18.1845,8.0899935,28.8,82.0,0.0,39720.0,17.177994,49.285255
2026-04-10 16:00:00+02:00,18.234499,9.0,15.119999,71.0,0.0,40540.0,13.836966,50.89655
2026-04-10 17:00:00+02:00,18.384499,10.703569,14.759999,48.0,0.0,40920.0,26.668936,51.1382
2026-04-10 18:00:00+02:00,17.9345,7.42159,16.199999,62.0,0.0,40840.0,20.425156,54.014263
2026-04-10 19:00:00+02:00,17.0845,5.0528407,12.24,52.0,0.0,40480.0,12.261531,54.014263
2026-04-10 20:00:00+02:00,15.0345,12.413476,16.56,66.0,0.0,33300.0,12.710575,53.053535
2026-04-10 21:00:00+02:00,13.3845005,9.726664,22.319998,49.0,0.0,30360.0,15.175435,48.892853
2026-04-10 22:00:00+02:00,12.5845,7.289445,14.4,41.0,0.0,32220.0,15.480263,46.38591
2026-04-10 23:00:00+02:00,12.1345005,7.289444,11.159999,36.0,0.0,33940.0,16.512306,42.660843
2026-04-11 00:00:00+02:00,10.8345,4.510787,11.159999,8.0,0.0,29440.0,22.898449,41.0829
2026-04-11 01:00:00+02:00,9.9845,2.2768397,6.4799995,0.0,0.0,28020.0,30.162132,39.103443
2026-04-11 02:00:00+02:00,8.7845,2.9024127,2.8799999,0.0,0.0,24240.0,30.398726,44.1781
2026-04-11 03:00:00+02:00,8.3345,0.35999998,3.96,0.0,0.0,20300.0,30.172457,45.31034
2026-04-11 04:00:00+02:00,7.2844996,1.2979984,1.4399999,11.0,0.0,7020.0,32.161304,44.728428
2026-04-11 05:00:00+02:00,7.0845,0.35999998,1.08,74.0,0.0,3260.0,31.270855,44.068962
2026-04-11 06:00:00+02:00,6.4344997,0.8049845,0.71999997,100.0,0.0,120.0,29.200134,43.51915
2026-04-11 07:00:00+02:00,6.2345,2.2768397,3.2399998,100.0,0.0,40.0,27.311375,41.66025
2026-04-11 08:00:00+02:00,6.3845,1.4399999,5.04,100.0,0.0,40.0,30.48059,40.578102
2026-04-11 09:00:00+02:00,6.9344997,1.2979984,3.6,100.0,0.0,40.0,34.6449,35.515167
2026-04-11 10:00:00+02:00,8.6345005,3.5455887,7.5599995,100.0,0.0,160.0,42.340527,32.990105
2026-04-11 11:00:00+02:00,12.0345,4.6102495,12.599999,20.0,0.0,20000.0,44.408756,36.51006
2026-04-11 12:00:00+02:00,15.6345005,6.8777895,13.32,0.0,0.0,37340.0,47.203617,36.192112
2026-04-11 13:00:00+02:00,17.384499,9.726664,17.28,0.0,0.0,38780.0,48.116425,33.367477
2026-04-11 14:00:00+02:00,18.6845,9.686609,17.28,0.0,0.0,39860.0,50.136936,33.568924
2026-04-11 15:00:00+02:00,20.234499,12.261157,20.519999,0.0,0.0,41640.0,40.809624,38.241734
2026-04-11 16:00:00+02:00,20.484499,11.681987,24.48,12.0,0.1,41340.0,43.03133,39.665905
2026-04-11 17:00:00+02:00,17.5345,6.489992,35.28,0.0,0.2,36060.0,36.798702,28.006792
2026-04-11 18:00:00+02:00,17.5345,3.563818,25.56,0.0,0.0,35280.0,35.55599,46.33605
2026-04-11 19:00:00+02:00,16.884499,5.3999996,15.4800005,0.0,0.0,35460.0,34.551872,57.536953
2026-04-11 20:00:00+02:00,16.6845,8.4042845,15.4800005,0.0,0.0,37680.0,34.043278,44.3869
2026-04-11 21:00:00+02:00,15.3845005,5.1165614,14.4,0.0,0.0,37820.0,28.065113,46.733433
2026-04-11 22:00:00+02:00,14.3345,2.16,6.4799995,0.0,0.0,36860.0,11.254866,56.615604
2026-04-11 23:00:00+02:00,15.8345,12.7279215,5.04,16.0,0.0,38120.0,14.836392,62.421753
2026-04-12 00:00:00+02:00,15.5845,15.807239,27.359999,56.0,0.0,39200.0,19.144663,52.674576
2026-04-12 01:00:00+02:00,15.1345005,15.629971,30.960001,100.0,0.0,38220.0,22.624752,48.766617
2026-04-12 02:00:00+02:00,14.934501,26.785547,23.4,71.0,1.6,40040.0,24.863646,54.003563
2026-04-12 03:00:00+02:00,14.3345,14.4,41.760002,94.0,0.0,39820.0,17.44787,47.77294
2026-04-12 04:00:00+02:00,13.184501,17.566378,28.08,100.0,0.6,39280.0,23.489357,36.58385
2026-04-12 05:00:00+02:00,12.0845,3.6179552,31.319998,84.0,0.4,24440.0,17.777994,34.278706
2026-04-12 06:00:00+02:00,10.3345,5.315336,9.72,88.0,1.8,20720.0,11.961482,31.65517
2026-04-12 07:00:00+02:00,9.8345,4.3349743,6.8399997,65.0,1.0,19200.0,4.1265044,42.805088
2026-04-12 08:00:00+02:00,10.0345,1.8,6.12,86.0,0.5,21480.0,4.556962,42.24795
2026-04-12 09:00:00+02:00,10.3845005,4.198285,6.8399997,68.0,1.3,6980.0,3.4704785,47.469566
2026-04-12 10:00:00+02:00,10.5345,4.0249224,8.64,71.0,1.2,12440.0,1.9333551,44.758568
2026-04-12 11:00:00+02:00,10.8845005,6.28713,11.879999,66.0,0.8,23220.0,4.323114,64.85241
2026-04-12 12:00:00+02:00,11.0345,5.1165614,11.159999,100.0,0.3,37280.0,12.379514,57.630623
2026-04-12 13:00:00+02:00,10.934501,6.725354,10.440001,100.0,0.1,35860.0,17.014015,55.89309
2026-04-12 14:00:00+02:00,9.5345,12.429127,18.0,100.0,0.1,34200.0,19.188004,52.509754
2026-04-12 15:00:00+02:00,9.5345,9.826088,23.4,100.0,0.1,35720.0,22.370922,48.30624
2026-04-12 16:00:00+02:00,9.4845,7.0911775,15.4800005,100.0,0.1,34980.0,20.379353,44.835964
2026-04-12 17:00:00+02:00,9.1345005,10.805999,11.879999,100.0,0.0,36340.0,26.169819,44.49959
2026-04-12 18:00:00+02:00,9.0845,10.24578,18.0,100.0,0.1,34960.0,26.430378,40.530605
2026-04-12 19:00:00+02:00,8.7845,9.686609,17.28,100.0,0.1,33700.0,25.555576,36.767677
2026-04-12 20:00:00+02:00,8.5345,9.085988,15.4800005,100.0,0.0,31340.0,22.333761,31.951952
2026-04-12 21:00:00+02:00,8.2845,8.0899935,15.119999,100.0,0.0,31000.0,17.412127,31.91576
2026-04-12 22:00:00+02:00,8.1345005,7.9036193,12.959999,100.0,0.0,29000.0,12.969341,33.66061
2026-04-12 23:00:00+02:00,8.434501,9.6932955,12.24,100.0,0.0,32280.0,13.402427,36.641724
2026-04-13 00:00:00+02:00,8.2345,9.178235,15.119999,100.0,0.0,29760.0,12.969341,38.56276
2026-04-13 01:00:00+02:00,8.0345,6.8399997,14.04,100.0,0.0,25600.0,11.208644,28.659466
2026-04-13 02:00:00+02:00,7.9344997,4.452954,11.879999,100.0,0.0,23840.0,4.6916795,27.48611
2026-04-13 03:00:00+02:00,7.5845,4.73506,9.72,97.0,0.1,18680.0,6.850616,28.578697
2026-04-13 04:00:00+02:00,7.2345,4.39436,7.92,96.0,0.0,11740.0,2.0379353,26.428555
2026-04-13 05:00:00+02:00,7.3345,2.5455842,7.5599995,95.0,0.0,10080.0,4.0758705,33.106678
2026-04-13 06:00:00+02:00,7.2345,3.6,5.3999996,95.0,0.0,3960.0,2.278481,36.08551
2026-04-13 07:00:00+02:00,7.0845,3.7064266,6.12,87.0,0.0,2020.0,4.907998,27.479101
2026-04-13 08:00:00+02:00,7.6345,1.2979984,5.7599998,98.0,0.0,21460.0,3.2222586,18.042753
2026-04-13 09:00:00+02:00,8.0845,2.0364676,3.6,86.0,0.0,31280.0,2.0379353,18.339252
2026-04-13 10:00:00+02:00,8.8845005,2.3051248,4.32,92.0,0.0,30700.0,3.2222586,18.713562
2026-04-13 11:00:00+02:00,9.1345005,0.8049845,4.68,98.0,0.0,30240.0,2.6571426,19.598463
2026-04-13 12:00:00+02:00,9.5845,4.802999,7.5599995,98.0,0.0,34540.0,1.0189676,16.71258
2026-04-13 13:00:00+02:00,10.2345,3.2599385,6.8399997,100.0,0.0,35500.0,1.643036,14.329733
2026-04-13 14:00:00+02:00,10.1345005,4.379589,9.72,100.0,0.0,32780.0,1.8227848,10.569963
2026-04-13 15:00:00+02:00,10.0845,8.654986,13.32,100.0,0.0,34180.0,1.3670886,10.00832
2026-04-13 16:00:00+02:00,9.6345005,11.043261,20.16,100.0,0.0,32160.0,3.3175182,12.475707
2026-04-13 17:00:00+02:00,9.0345,12.641076,20.519999,100.0,0.0,34800.0,3.2222586,11.189641
2026-04-13 18:00:00+02:00,8.934501,11.165805,21.599998,100.0,0.0,38140.0,4.907998,10.839878
2026-04-13 19:00:00+02:00,8.3345,7.42159,18.72,100.0,0.4,20860.0,6.198138,13.166815
2026-04-13 20:00:00+02:00,7.9845,6.9527545,12.24,100.0,0.2,36980.0,3.6455696,10.569963
2026-04-13 21:00:00+02:00,7.7345,8.049845,13.679999,100.0,0.1,37340.0,4.488087,12.413793
2026-04-13 22:00:00+02:00,7.4845,5.95906,14.04,100.0,0.1,37320.0,6.524576,13.6692705
2026-04-13 23:00:00+02:00,7.2844996,4.6800003,9.0,96.0,0.1,38020.0,4.9291077,11.103232
2026-04-14 00:00:00+02:00,7.1345,0.8049845,6.4799995,93.0,0.0,37000.0,4.2990294,11.776757
2026-04-14 01:00:00+02:00,6.5344996,1.9386592,2.8799999,88.0,0.0,30420.0,6.850616,13.0492525
2026-04-14 02:00:00+02:00,6.2844996,0.5091169,5.3999996,83.0,0.0,30740.0,3.5591009,16.292364
2026-04-14 03:00:00+02:00,6.5845,1.1384199,2.52,82.0,0.0,36600.0,4.2990294,16.185604
2026-04-14 04:00:00+02:00,6.1844997,1.0182338,1.08,78.0,0.0,33720.0,5.9240503,15.329903
2026-04-14 05:00:00+02:00,6.5344996,1.8,1.8,89.0,0.0,35720.0,5.094838,10.1040945
2026-04-14 06:00:00+02:00,6.1345,1.484318,3.2399998,97.0,0.0,28520.0,8.476439,7.4740934
2026-04-14 07:00:00+02:00,5.7345,2.0991426,3.6,100.0,0.0,5440.0,9.666777,7.8511715
2026-04-14 08:00:00+02:00,5.9344997,3.0547013,4.32,76.0,0.0,900.0,9.752324,9.392738
2026-04-14 09:00:00+02:00,7.3345,5.495161,9.72,53.0,0.0,21140.0,10.391472,9.813965
2026-04-14 10:00:00+02:00,8.2845,7.729527,13.679999,78.0,0.0,28160.0,12.889034,10.714764
2026-04-14 11:00:00+02:00,9.0845,8.350138,16.199999,91.0,0.0,33160.0,14.482251,9.227215
2026-04-14 12:00:00+02:00,9.3345,9.360001,17.64,100.0,0.0,34300.0,15.419778,10.1040945
2026-04-14 13:00:00+02:00,10.1345005,9.290511,16.919998,98.0,0.0,36320.0,13.246578,10.330335
2026-04-14 14:00:00+02:00,10.9845,8.427383,16.56,78.0,0.0,38700.0,14.038106,8.821657
2026-04-14 15:00:00+02:00,11.5845,7.729527,14.759999,88.0,0.0,39360.0,10.831774,9.310345
2026-04-14 16:00:00+02:00,11.684501,7.42159,17.64,59.0,0.0,39280.0,15.148044,8.442291
2026-04-14 17:00:00+02:00,11.3345,8.64,13.679999,76.0,0.0,38780.0,10.974618,8.622896
2026-04-14 18:00:00+02:00,10.7345,8.766573,16.56,100.0,0.0,36480.0,16.430359,9.227214
2026-04-14 19:00:00+02:00,10.4845,5.95906,15.4800005,100.0,0.0,35020.0,13.525812,9.227214
2026-04-14 20:00:00+02:00,10.3845005,5.4833565,11.159999,100.0,0.0,38640.0,17.014015,9.310345
2026-04-14 21:00:00+02:00,9.8345,5.1165614,9.0,77.0,0.0,37020.0,22.624754,9.310345
2026-04-14 22:00:00+02:00,9.2845,5.8048253,9.36,100.0,0.0,34680.0,22.934696,8.886923
2026-04-14 23:00:00+02:00,9.6345005,5.1165614,9.36,74.0,0.0,35960.0,22.624752,10.678748
2026-04-15 00:00:00+02:00,9.2845,8.161764,12.959999,77.0,0.0,35720.0,24.64554,11.0510645
2026-04-15 01:00:00+02:00,9.0345,9.220499,16.199999,97.0,0.0,33860.0,22.221907,10.857635
2026-04-15 02:00:00+02:00,9.0845,7.42159,15.119999,79.0,0.0,30360.0,17.795504,8.777877
2026-04-15 03:00:00+02:00,8.5345,5.00128,12.24,91.0,0.0,28540.0,15.73307,7.948705
2026-04-15 04:00:00+02:00,7.9344997,3.8773184,7.92,55.0,0.0,25820.0,14.927093,7.948705
2026-04-15 05:00:00+02:00,8.434501,6.6087217,9.36,88.0,0.0,29440.0,19.160929,3.9743526
2026-04-15 06:00:00+02:00,8.434501,7.145796,11.879999,89.0,0.0,30680.0,18.821962,1.9627929
2026-04-15 07:00:00+02:00,8.184501,6.151683,11.879999,92.0,0.0,27140.0,17.69604,1.9627929
2026-04-15 08:00:00+02:00,8.4845,6.12,11.879999,100.0,0.0,24300.0,22.04364,2.5591688
2026-04-15 09:00:00+02:00,9.0345,6.519877,11.5199995,91.0,0.0,25220.0,18.683542,3.9255857
2026-04-15 10:00:00+02:00,9.8845005,8.473393,15.119999,71.0,0.0,26900.0,17.777994,4.1637125
2026-04-15 11:00:00+02:00,10.5845,11.542478,20.16,85.0,0.0,30060.0,17.370333,3.1649084
2026-04-15 12:00:00+02:00,11.3845005,9.826088,21.599998,76.0,0.0,32720.0,12.159491,3.1034482
2026-04-15 13:00:00+02:00,12.5845,8.707238,16.919998,58.0,0.0,35520.0,8.11344,2.4827583
2026-04-15 14:00:00+02:00,12.434501,9.9571085,15.84,100.0,0.0,36600.0,8.215179,6.8275857
2026-04-15 15:00:00+02:00,12.5345,9.0,14.04,94.0,0.0,37540.0,6.835443,8.1638975
2026-04-15 16:00:00+02:00,12.8845005,5.8603754,13.32,98.0,0.0,37780.0,5.941551,10.236675
2026-04-15 17:00:00+02:00,12.4845,8.905908,12.599999,74.0,0.0,37120.0,9.837129,11.776757
2026-04-15 18:00:00+02:00,12.6345005,5.3517847,15.84,88.0,0.0,38140.0,11.171529,16.492132
2026-04-15 19:00:00+02:00,12.434501,4.73506,9.72,72.0,0.0,37820.0,13.548821,21.679756
2026-04-15 20:00:00+02:00,11.3345,5.495161,7.5599995,60.0,0.0,34480.0,14.878324,24.710932
2026-04-15 21:00:00+02:00,9.7345,2.8116899,9.0,43.0,0.0,29800.0,12.537857,24.593725
2026-04-15 22:00:00+02:00,9.5345,0.8049845,3.6,38.0,0.0,31300.0,17.934988,20.47335
2026-04-15 23:00:00+02:00,7.1844997,1.8,1.4399999,62.0,0.0,9600.0,15.739669,23.659594
2026-04-16 00:00:00+02:00,7.4344997,0.8049845,2.52,16.0,0.0,20260.0,15.284514,21.139927
2026-04-16 01:00:00+02:00,8.4845,1.609969,2.16,75.0,0.0,30840.0,15.148044,20.217718
2026-04-16 02:00:00+02:00,7.8345,1.9386592,2.16,51.0,0.0,24680.0,11.987494,20.141356
2026-04-16 03:00:00+02:00,7.0344996,0.8049845,2.16,43.0,0.0,18560.0,11.830561,17.043554
2026-04-16 04:00:00+02:00,5.7844996,0.5091169,0.71999997,81.0,0.0,9680.0,12.261531,14.714402
2026-04-16 05:00:00+02:00,4.6345,0.8049845,1.4399999,100.0,0.0,180.0,10.240498,15.355014
2026-04-16 06:00:00+02:00,4.9845,1.1384199,2.52,100.0,0.0,60.0,13.402427,14.329733
2026-04-16 07:00:00+02:00,5.2844996,0.8049845,2.52,100.0,0.0,40.0,14.309151,13.739551
2026-04-16 08:00:00+02:00,5.4845,2.1897945,3.6,100.0,0.0,20.0,14.192577,14.753624
2026-04-16 09:00:00+02:00,6.4845,1.0182338,3.96,100.0,0.0,40.0,12.832521,15.152965
2026-04-16 10:00:00+02:00,7.9344997,1.08,3.2399998,100.0,0.0,80.0,9.350104,10.1040945
2026-04-16 11:00:00+02:00,12.0845,0.0,3.96,38.0,0.0,25880.0,10.490913,11.103232
2026-04-16 12:00:00+02:00,14.684501,1.609969,4.68,0.0,0.0,36120.0,12.244582,9.454063
2026-04-16 13:00:00+02:00,16.2845,6.379216,11.879999,73.0,0.0,40320.0,10.754816,9.715329
2026-04-16 14:00:00+02:00,17.134499,7.5942073,13.32,41.0,0.0,41500.0,12.864844,8.777877
2026-04-16 15:00:00+02:00,17.6845,7.42159,14.04,49.0,0.0,41380.0,13.776805,9.227215
2026-04-16 16:00:00+02:00,18.0845,3.9763298,13.679999,65.0,0.0,41760.0,12.438086,11.189642
2026-04-16 17:00:00+02:00,18.1845,5.0528407,9.72,34.0,0.0,42040.0,11.848101,11.444951
2026-04-16 18:00:00+02:00,18.0845,7.42159,12.959999,9.0,0.0,42300.0,11.319258,13.781546
2026-04-16 19:00:00+02:00,17.4345,6.4096174,12.599999,0.0,0.0,41780.0,11.618018,17.390388
2026-04-16 20:00:00+02:00,15.6345005,6.489992,11.159999,0.0,0.0,41040.0,10.725815,18.042753
2026-04-16 21:00:00+02:00,13.8345,7.2805495,12.24,0.0,0.0,41140.0,14.836392,19.331268
2026-04-16 22:00:00+02:00,12.3345,6.6185193,11.879999,0.0,0.0,40500.0,16.182028,18.631031
2026-04-16 23:00:00+02:00,11.184501,5.315336,10.08,0.0,0.0,39280.0,15.284514,18.042755
2026-04-17 00:00:00+02:00,10.684501,4.3498964,7.5599995,0.0,0.0,39400.0,12.303797,17.390388
2026-04-17 01:00:00+02:00,10.184501,4.1046314,7.2,0.0,0.0,38000.0,13.246579,16.149862
2026-04-17 02:00:00+02:00,8.7845,3.319036,5.7599998,0.0,0.0,35060.0,11.961482,16.77011
2026-04-17 03:00:00+02:00,8.2845,2.5455842,4.32,0.0,0.0,36300.0,9.666777,18.713562
2026-04-17 04:00:00+02:00,7.3345,1.2979984,2.8799999,0.0,0.0,33460.0,7.0743074,17.654228
2026-04-17 05:00:00+02:00,6.1345,1.2979984,1.4399999,0.0,0.0,29140.0,6.9559,17.478779
2026-04-17 06:00:00+02:00,5.4845,2.0991426,2.16,0.0,0.0,23440.0,7.0743074,16.884583
2026-04-17 07:00:00+02:00,5.0845,1.2979984,2.16,0.0,0.0,15020.0,5.487309,16.71258
2026-04-17 08:00:00+02:00,7.1844997,1.835647,1.4399999,18.0,0.0,18260.0,8.315675,15.702343
2026-04-17 09:00:00+02:00,8.5345,1.0182338,3.96,29.0,0.0,7440.0,9.612922,16.185604
2026-04-17 10:00:00+02:00,11.3845005,1.5273507,4.32,0.0,0.0,22140.0,9.113924,15.102031
2026-04-17 11:00:00+02:00,14.434501,4.3349743,7.2,0.0,0.0,35440.0,8.670211,15.566816
2026-04-17 12:00:00+02:00,16.384499,5.4477882,10.799999,0.0,0.0,39500.0,4.6472077,14.329733
2026-04-17 13:00:00+02:00,17.484499,5.0911684,11.159999,0.0,0.0,41040.0,1.0189676,13.739551
2026-04-17 14:00:00+02:00,18.4345,8.759178,10.440001,0.0,0.0,41880.0,2.8820758,11.858258
2026-04-17 15:00:00+02:00,19.2845,7.628263,14.04,0.0,0.0,42640.0,13.285713,10.624495
2026-04-17 16:00:00+02:00,19.7845,4.829907,12.959999,0.0,0.0,42640.0,15.955876,10.714764
2026-04-17 17:00:00+02:00,19.884499,7.7879906,11.5199995,7.0,0.0,43020.0,11.392405,14.153901
2026-04-17 18:00:00+02:00,19.384499,9.178235,15.4800005,10.0,0.0,42460.0,12.832521,16.562065
2026-04-17 19:00:00+02:00,18.5845,5.3999996,15.4800005,12.0,0.0,41340.0,12.570939,17.555754
2026-04-17 20:00:00+02:00,17.0345,4.39436,7.92,0.0,0.0,40840.0,9.045312,15.517241
2026-04-17 21:00:00+02:00,14.184501,7.42159,11.879999,0.0,0.0,41460.0,6.330734,16.245003
2026-04-17 22:00:00+02:00,12.3345,5.506941,11.5199995,0.0,0.0,40560.0,4.1265044,17.555754
2026-04-17 23:00:00+02:00,11.2345,4.68,8.28,0.0,0.0,39240.0,3.4704785,17.654228
2026-04-18 00:00:00+02:00,10.5845,3.2599385,6.8399997,0.0,0.0,39180.0,2.9178793,17.654228
2026-04-18 01:00:00+02:00,10.8345,3.8773184,4.68,0.0,0.0,40920.0,0.4556962,19.040104
2026-04-18 02:00:00+02:00,9.7345,3.7064266,3.96,0.0,0.0,40040.0,3.8667102,16.398428
2026-04-18 03:00:00+02:00,8.934501,2.0991426,4.32,0.0,0.0,28780.0,2.577807,19.251387
2026-04-18 04:00:00+02:00,6.1345,1.8,2.52,0.0,0.0,15000.0,0.64445174,19.251387
2026-04-18 05:00:00+02:00,3.4845002,1.1384199,1.8,100.0,0.0,60.0,3.4704785,14.753624
2026-04-18 06:00:00+02:00,4.4344997,0.8049845,1.4399999,0.0,0.0,9720.0,4.556962,16.13793
2026-04-18 07:00:00+02:00,4.6345,1.2979984,1.08,6.0,0.0,4880.0,1.4410379,14.8057575
2026-04-18 08:00:00+02:00,5.4344997,1.2979984,3.2399998,100.0,0.0,80.0,2.0379353,16.94153
2026-04-18 09:00:00+02:00,6.5845,1.0182338,3.2399998,100.0,0.0,60.0,1.4410379,15.554438
2026-04-18 10:00:00+02:00,9.5845,1.08,3.6,67.0,0.0,560.0,0.9113924,17.489796
2026-04-18 11:00:00+02:00,14.684501,2.5959969,5.7599998,0.0,0.0,39280.0,3.757767,19.430658
2026-04-18 12:00:00+02:00,17.3345,3.8268526,8.28,0.0,0.0,41100.0,5.8000655,22.014801
2026-04-18 13:00:00+02:00,19.484499,7.289444,13.32,0.0,0.0,41880.0,9.688234,22.014801
2026-04-18 14:00:00+02:00,20.634499,9.028754,13.32,0.0,0.0,44140.0,15.044876,19.62793
2026-04-18 15:00:00+02:00,20.9345,9.028754,16.199999,27.0,0.0,43740.0,13.889393,22.559313
2026-04-18 16:00:00+02:00,21.3345,7.6367526,15.119999,0.0,0.0,42720.0,13.049152,19.862066
2026-04-18 17:00:00+02:00,21.234499,10.446206,14.4,0.0,0.0,42800.0,13.495072,23.3729
2026-04-18 18:00:00+02:00,20.9345,8.12197,17.28,0.0,0.0,42580.0,10.189676,20.482758
2026-04-18 19:00:00+02:00,20.234499,3.671294,13.32,16.0,0.0,41880.0,7.3619976,20.016638
2026-04-18 20:00:00+02:00,18.2845,8.4042845,14.4,17.0,0.0,41760.0,3.3175182,17.390388
2026-04-18 21:00:00+02:00,17.234499,10.137692,16.919998,22.0,0.0,42180.0,5.941551,19.331268
2026-04-18 22:00:00+02:00,15.8345,2.9024127,15.119999,21.0,0.0,41300.0,7.840093,22.889902
2026-04-18 23:00:00+02:00,14.8845005,2.0991426,3.2399998,40.0,0.0,40780.0,10.311228,25.538944
2026-04-19 00:00:00+02:00,13.4845,0.8049845,1.8,47.0,0.0,39400.0,12.767628,31.133633
2026-04-19 01:00:00+02:00,12.5345,2.0364676,2.16,73.0,0.0,38020.0,14.301892,37.943382
2026-04-19 02:00:00+02:00,11.7845,0.5091169,2.52,69.0,0.0,35780.0,14.148615,42.24795
2026-04-19 03:00:00+02:00,10.8345,2.1897945,2.52,60.0,0.0,30520.0,17.1538,46.568268
2026-04-19 04:00:00+02:00,9.5345,2.3051248,3.2399998,23.0,0.0,16960.0,22.789364,44.1781
2026-04-19 05:00:00+02:00,8.8345,2.2768397,3.6,55.0,0.0,1840.0,23.766205,43.452705
2026-04-19 06:00:00+02:00,8.434501,3.219938,4.32,63.0,0.0,1060.0,23.28068,36.62595
2026-04-19 07:00:00+02:00,7.9845,3.219938,4.68,82.0,0.0,400.0,25.166643,35.384754
2026-04-19 08:00:00+02:00,8.6345005,4.1046314,6.12,100.0,0.0,80.0,29.451515,33.597603
2026-04-19 09:00:00+02:00,11.7845,5.8603754,10.08,49.0,0.0,1760.0,27.375927,34.62536
2026-04-19 10:00:00+02:00,15.3845005,8.217153,16.56,0.0,0.0,35060.0,27.402464,36.704754
2026-04-19 11:00:00+02:00,17.134499,12.538134,20.16,0.0,0.0,37260.0,28.98242,42.370876
2026-04-19 12:00:00+02:00,17.3345,19.319628,32.760002,47.0,0.0,40380.0,25.620502,41.66025
2026-04-19 13:00:00+02:00,17.634499,20.364674,33.839996,63.0,0.0,40420.0,26.181717,44.086445
2026-04-19 14:00:00+02:00,17.734499,23.1774,37.079998,34.0,0.0,40540.0,33.024616,42.84557
2026-04-19 15:00:00+02:00,17.5845,28.820242,49.68,11.0,0.0,41040.0,34.88681,37.246548
2026-04-19 16:00:00+02:00,17.6845,25.189713,49.68,69.0,0.0,41820.0,35.061962,38.48776
2026-04-19 17:00:00+02:00,17.1845,23.507753,46.44,60.0,0.0,41660.0,27.979897,34.08711
2026-04-19 18:00:00+02:00,16.484499,23.358425,40.32,0.0,0.0,42020.0,20.241323,32.490005
2026-04-19 19:00:00+02:00,15.7845,22.545315,40.32,0.0,0.0,43820.0,15.230073,30.108244
2026-04-19 20:00:00+02:00,14.5345,16.24394,37.079998,0.0,0.0,43880.0,10.004581,29.093067
2026-04-19 21:00:00+02:00,13.184501,7.342588,26.28,38.0,0.0,42240.0,8.513107,29.591993
2026-04-19 22:00:00+02:00,10.0345,4.1046314,8.28,52.0,0.0,39240.0,1.0189676,32.490005
2026-04-19 23:00:00+02:00,11.7345,10.08,11.159999,60.0,0.0,41600.0,15.739669,33.723503
2026-04-20 00:00:00+02:00,9.8345,5.3517847,15.119999,43.0,0.0,40140.0,16.027294,39.103443
2026-04-20 01:00:00+02:00,8.5845,5.315336,8.28,67.0,0.0,38720.0,16.587591,40.516342
2026-04-20 02:00:00+02:00,9.2845,7.5685663,11.5199995,58.0,0.0,40060.0,6.7744107,39.767754
2026-04-20 03:00:00+02:00,8.8845005,6.638072,11.879999,70.0,0.0,40040.0,5.9240503,42.868042
2026-04-20 04:00:00+02:00,6.8345,4.0249224,9.72,8.0,0.0,37420.0,6.850616,44.844555
2026-04-20 05:00:00+02:00,6.4344997,4.3349743,5.7599998,32.0,0.0,38460.0,3.757767,41.752625
2026-04-20 06:00:00+02:00,6.0344996,3.6,6.4799995,35.0,0.0,39240.0,4.6916795,42.660843
2026-04-20 07:00:00+02:00,5.6844997,2.2768397,4.32,3.0,0.0,39500.0,5.094838,44.082073
2026-04-20 08:00:00+02:00,5.4344997,1.8,2.8799999,0.0,0.0,31380.0,5.543783,39.500443
2026-04-20 09:00:00+02:00,8.8345,2.16,5.3999996,2.0,0.0,37060.0,3.89347,40.819485
2026-04-20 10:00:00+02:00,10.7845,6.725354,12.599999,0.0,0.0,39520.0,4.101266,40.918465
2026-04-20 11:00:00+02:00,12.7345,11.525623,15.4800005,0.0,0.0,41260.0,5.094838,36.9558
2026-04-20 12:00:00+02:00,14.2345,12.371645,18.359999,0.0,0.0,41900.0,10.118097,37.86207
2026-04-20 13:00:00+02:00,15.4845,12.429127,21.96,6.0,0.0,42580.0,18.027378,32.990105
2026-04-20 14:00:00+02:00,15.8845005,11.966953,21.24,26.0,0.0,42840.0,13.270073,26.869482
2026-04-20 15:00:00+02:00,16.484499,12.0694,21.599998,10.0,0.0,42980.0,13.525812,26.428555
2026-04-20 16:00:00+02:00,16.134499,14.654254,21.599998,3.0,0.0,42780.0,6.330734,25.151335
2026-04-20 17:00:00+02:00,15.934501,12.43434,21.599998,24.0,0.0,42940.0,4.511162,21.112574
2026-04-20 18:00:00+02:00,15.3845005,12.496719,22.68,16.0,0.0,43540.0,3.2222586,24.593725
2026-04-20 19:00:00+02:00,14.5845,8.905908,21.599998,21.0,0.0,43740.0,5.094838,27.48611
2026-04-20 20:00:00+02:00,13.0345,8.311245,15.119999,0.0,0.0,43100.0,0.64445174,29.337025
2026-04-20 21:00:00+02:00,11.184501,7.42159,12.959999,12.0,0.0,41540.0,5.094838,29.793102
2026-04-20 22:00:00+02:00,10.2345,5.6920996,11.5199995,0.0,0.0,41560.0,8.21518,31.70989
2026-04-20 23:00:00+02:00,10.9845,14.113653,13.679999,0.0,0.0,42220.0,17.865383,29.799566
2026-04-21 00:00:00+02:00,8.6345005,5.8603754,21.599998,0.0,0.0,40400.0,25.31063,34.813995
2026-04-21 01:00:00+02:00,7.6345,5.3517847,10.440001,0.0,0.0,38960.0,23.431826,32.867256
2026-04-21 02:00:00+02:00,8.2345,7.653705,10.08,2.0,0.0,40220.0,18.142204,36.28779
2026-04-21 03:00:00+02:00,7.1345,7.2,12.599999,0.0,0.0,40180.0,18.454288,36.430836
2026-04-21 04:00:00+02:00,5.8345,5.3517847,11.159999,0.0,0.0,39660.0,14.236403,37.00268
2026-04-21 05:00:00+02:00,5.2844996,6.489992,8.64,0.0,0.0,39200.0,12.269996,31.410818
2026-04-21 06:00:00+02:00,4.8345,6.4096174,10.440001,0.0,0.0,37960.0,12.133847,28.578697
2026-04-21 07:00:00+02:00,4.5344996,6.439876,10.440001,0.0,0.0,36940.0,13.246578,25.69685
2026-04-21 08:00:00+02:00,6.2345,7.9932976,13.32,0.0,0.0,37460.0,17.507277,18.62069
2026-04-21 09:00:00+02:00,8.0845,13.722565,23.4,0.0,0.0,38600.0,17.123507,15.329903
2026-04-21 10:00:00+02:00,10.0345,16.954432,29.16,0.0,0.0,39880.0,17.352394,16.386677
2026-04-21 11:00:00+02:00,12.0345,19.881649,34.56,0.0,0.0,41240.0,19.852879,17.167427
2026-04-21 12:00:00+02:00,13.2845,20.929596,34.56,0.0,0.0,41820.0,18.3697,17.478779
2026-04-21 13:00:00+02:00,14.3845005,22.007162,35.28,0.0,0.0,42540.0,23.5776,18.672342
2026-04-21 14:00:00+02:00,15.1345005,22.751316,37.44,13.0,0.0,42700.0,25.141878,14.490146
2026-04-21 15:00:00+02:00,15.8345,21.24305,36.719997,4.0,0.0,43740.0,26.493156,13.556066
2026-04-21 16:00:00+02:00,16.1845,16.87398,33.12,12.0,0.0,44520.0,21.949236,16.102081
2026-04-21 17:00:00+02:00,15.6345005,15.5843,29.16,9.0,0.0,44180.0,19.376469,20.632677
2026-04-21 18:00:00+02:00,14.934501,15.725037,28.08,3.0,0.0,44140.0,22.370924,21.438515
2026-04-21 19:00:00+02:00,13.7345,15.072783,28.8,0.0,0.0,42380.0,29.958344,17.043554
2026-04-21 20:00:00+02:00,12.2345,14.986553,29.519999,0.0,0.0,41700.0,33.377995,18.096056
2026-04-21 21:00:00+02:00,10.684501,16.563911,27.359999,0.0,0.0,42680.0,34.47967,18.096056
2026-04-21 22:00:00+02:00,9.8345,21.437386,35.64,0.0,0.0,41460.0,43.900833,17.654228
2026-04-21 23:00:00+02:00,9.3845005,19.914215,36.719997,0.0,0.0,41200.0,38.801132,12.475707
2026-04-22 00:00:00+02:00,8.5845,19.296135,33.839996,0.0,0.0,40640.0,42.663,9.331011
2026-04-22 01:00:00+02:00,7.8345,15.575981,32.760002,0.0,0.0,40120.0,39.63509,10.236675
2026-04-22 02:00:00+02:00,7.0845,14.186923,25.56,0.0,0.0,39000.0,33.175182,14.490146
2026-04-22 03:00:00+02:00,6.4845,13.392774,24.119999,0.0,0.0,38520.0,34.355988,14.329733
2026-04-22 04:00:00+02:00,5.5845,10.966713,21.599998,0.0,0.0,37080.0,33.68763,12.051613
2026-04-22 05:00:00+02:00,5.1844997,9.585739,18.0,0.0,0.0,36220.0,24.89286,13.427569
2026-04-22 06:00:00+02:00,4.6844997,11.384198,19.08,0.0,0.0,35540.0,27.299967,12.226168
2026-04-22 07:00:00+02:00,4.4845,10.966713,18.72,0.0,0.0,33980.0,28.545649,12.289027
2026-04-22 08:00:00+02:00,6.0845,15.509274,25.919998,4.0,0.0,36040.0,32.277317,10.839878
2026-04-22 09:00:00+02:00,7.4344997,19.829433,35.28,0.0,0.0,37460.0,36.03459,15.702343
2026-04-22 10:00:00+02:00,8.934501,19.559633,34.56,0.0,0.0,38780.0,30.940393,21.830282
2026-04-22 11:00:00+02:00,10.7345,21.188072,37.079998,0.0,0.0,40040.0,31.637262,22.999043
2026-04-22 12:00:00+02:00,12.3845005,22.26477,41.039997,0.0,0.0,41020.0,32.277317,25.455843
2026-04-22 13:00:00+02:00,14.0845,24.033876,42.839996,0.0,0.0,41580.0,33.437046,26.869482
2026-04-22 14:00:00+02:00,15.1345005,24.590923,43.92,0.0,0.0,42180.0,35.617252,25.020798
2026-04-22 15:00:00+02:00,15.934501,25.842384,46.8,0.0,0.0,43220.0,37.99807,22.353445
2026-04-22 16:00:00+02:00,16.1845,26.758923,48.239998,0.0,0.0,43760.0,38.248634,19.28138
2026-04-22 17:00:00+02:00,16.3345,23.683512,47.16,0.0,0.0,45760.0,36.506924,17.478779
2026-04-22 18:00:00+02:00,15.684501,23.068108,42.839996,0.0,0.0,45580.0,36.054756,17.478779
2026-04-22 19:00:00+02:00,14.7845,20.94507,40.68,0.0,0.0,45960.0,37.62461,18.381218
2026-04-22 20:00:00+02:00,13.434501,16.375053,37.079998,0.0,0.0,48440.0,36.025944,14.909477
2026-04-22 21:00:00+02:00,11.8345,16.363178,28.08,0.0,0.0,44780.0,37.367085,16.94153
2026-04-22 22:00:00+02:00,11.184501,15.782622,28.44,0.0,0.0,43340.0,34.993786,21.375526
2026-04-22 23:00:00+02:00,10.8845005,17.377226,26.28,0.0,0.0,44280.0,35.7482,20.265303
2026-04-23 00:00:00+02:00,10.3845005,17.610588,30.599998,0.0,0.0,44100.0,35.930714,22.965515
2026-04-23 01:00:00+02:00,9.4845,13.104198,30.239998,0.0,0.0,43280.0,35.25687,26.948225
2026-04-23 02:00:00+02:00,8.3845005,11.304229,21.599998,0.0,0.0,42540.0,27.239048,25.92819
2026-04-23 03:00:00+02:00,7.6844997,11.304229,19.8,0.0,0.0,42000.0,26.197577,28.612377
2026-04-23 04:00:00+02:00,7.1844997,9.504273,19.08,0.0,0.0,41760.0,25.112953,32.042255
2026-04-23 05:00:00+02:00,5.8345,5.991594,16.199999,0.0,0.0,41080.0,25.47419,31.806936
2026-04-23 06:00:00+02:00,5.0845,5.6920996,9.72,0.0,0.0,40820.0,25.84645,26.135382
2026-04-23 07:00:00+02:00,4.7844996,4.896529,9.36,0.0,0.0,40660.0,28.245813,26.797695
2026-04-23 08:00:00+02:00,6.3845,5.154415,8.28,0.0,0.0,40540.0,29.143185,29.059942
2026-04-23 09:00:00+02:00,8.0345,9.107359,18.0,0.0,0.0,40460.0,31.771534,30.22956
2026-04-23 10:00:00+02:00,10.3845005,12.9249525,24.119999,0.0,0.0,41120.0,33.712276,28.659466
2026-04-23 11:00:00+02:00,13.1345005,13.039754,25.919998,0.0,0.0,43560.0,34.931423,26.304356
2026-04-23 12:00:00+02:00,15.2345,15.188415,28.44,0.0,0.0,45320.0,31.46614,28.307802
2026-04-23 13:00:00+02:00,17.234499,15.84409,29.519999,0.0,0.0,49380.0,32.05459,29.67
2026-04-23 14:00:00+02:00,18.634499,16.563911,30.599998,0.0,0.0,53080.0,29.44799,28.907082
2026-04-23 15:00:00+02:00,19.634499,18.751125,34.56,0.0,0.0,53060.0,32.86072,26.537657
2026-04-23 16:00:00+02:00,19.984499,18.228943,34.92,0.0,0.0,56480.0,30.81598,23.98305
2026-04-23 17:00:00+02:00,19.9345,18.079027,33.48,0.0,0.0,60320.0,30.206846,19.62793
2026-04-23 18:00:00+02:00,19.3345,16.516901,32.399998,0.0,0.0,61620.0,29.954878,15.329903
2026-04-23 19:00:00+02:00,18.634499,12.758432,29.16,0.0,0.0,59240.0,27.831066,16.398428
2026-04-23 20:00:00+02:00,16.0845,7.7043357,21.24,0.0,0.0,51700.0,29.954878,19.430658
2026-04-23 21:00:00+02:00,15.0345,11.27553,19.44,0.0,0.0,55340.0,30.80587,20.66067
2026-04-23 22:00:00+02:00,13.8345,8.049845,18.359999,0.0,0.0,46700.0,28.781101,18.948832
2026-04-23 23:00:00+02:00,13.434501,8.557102,13.32,0.0,0.0,47140.0,27.311375,20.66067
2026-04-24 00:00:00+02:00,11.1345005,7.6367526,13.32,0.0,0.0,47020.0,29.986055,18.672342
2026-04-24 01:00:00+02:00,9.4845,5.8048253,12.24,0.0,0.0,44840.0,32.613335,18.516953
2026-04-24 02:00:00+02:00,8.5345,6.9153743,10.08,0.0,0.0,42080.0,31.561691,16.861752
2026-04-24 03:00:00+02:00,8.0345,6.193674,11.879999,0.0,0.0,41740.0,28.694387,15.824542
2026-04-24 04:00:00+02:00,7.2844996,5.154415,10.08,0.0,0.0,41260.0,29.281805,14.153901
2026-04-24 05:00:00+02:00,6.0845,4.6102495,7.92,0.0,0.0,40640.0,26.668936,12.795844
2026-04-24 06:00:00+02:00,5.2345,5.315336,8.28,0.0,0.0,38640.0,24.357378,8.281033
2026-04-24 07:00:00+02:00,4.9344997,4.1046314,7.92,0.0,0.0,38260.0,25.559643,6.8275857
2026-04-24 08:00:00+02:00,7.0344996,2.9024127,5.7599998,0.0,0.0,37120.0,22.555809,3.7755077
2026-04-24 09:00:00+02:00,10.1345005,3.9763298,7.2,0.0,0.0,38820.0,20.179676,1.387904
2026-04-24 10:00:00+02:00,12.2845,3.7585104,8.28,0.0,0.0,40500.0,17.340422,1.7555753
2026-04-24 11:00:00+02:00,14.684501,4.802999,10.08,0.0,0.0,41960.0,15.818631,2.6333632
2026-04-24 12:00:00+02:00,16.8345,6.4799995,13.32,0.0,0.0,43440.0,13.402427,3.1034482
2026-04-24 13:00:00+02:00,18.6845,7.208994,14.4,0.0,0.0,48000.0,10.189676,3.6192114
2026-04-24 14:00:00+02:00,19.984499,9.0645685,13.679999,0.0,0.0,51220.0,7.3619976,5.855574
2026-04-24 15:00:00+02:00,20.734499,8.089993,16.919998,0.0,0.0,51120.0,11.85686,3.9255857
2026-04-24 16:00:00+02:00,21.234499,7.9932976,15.119999,0.0,0.0,52160.0,11.830561,5.7224755
2026-04-24 17:00:00+02:00,21.4345,9.0,15.119999,0.0,0.0,57160.0,17.292456,8.6452055
2026-04-24 18:00:00+02:00,21.0845,7.968939,16.56,0.0,0.0,53640.0,14.155951,8.092802
2026-04-24 19:00:00+02:00,20.5845,6.4096174,14.4,0.0,0.0,45960.0,6.524576,10.180067
2026-04-24 20:00:00+02:00,18.0345,9.178235,15.4800005,0.0,0.0,46580.0,3.0569031,11.444951
2026-04-24 21:00:00+02:00,15.8845005,7.9526596,16.919998,0.0,0.0,47160.0,3.8667102,12.735487
2026-04-24 22:00:00+02:00,12.6345005,3.671294,11.879999,0.0,0.0,44160.0,2.9178793,14.153901
2026-04-24 23:00:00+02:00,11.0845,3.7585104,5.3999996,0.0,0.0,47160.0,2.9178793,15.824542
2026-04-25 00:00:00+02:00,11.2345,1.1384199,4.68,0.0,0.0,41860.0,5.3142853,13.739551
2026-04-25 01:00:00+02:00,9.8845005,1.0182338,1.08,0.0,0.0,32340.0,5.941551,18.0
2026-04-25 02:00:00+02:00,6.7844996,1.835647,1.4399999,0.0,0.0,28500.0,8.84802,15.714606
2026-04-25 03:00:00+02:00,2.7845001,1.835647,3.6,0.0,0.0,22700.0,8.21518,22.379284
2026-04-25 04:00:00+02:00,2.4845002,0.35999998,2.52,0.0,0.0,22460.0,9.688234,21.112574
2026-04-25 05:00:00+02:00,1.9345,0.71999997,1.4399999,0.0,0.0,15840.0,11.4288025,16.75862
2026-04-25 06:00:00+02:00,1.8844999,1.2979984,1.4399999,0.0,0.0,15100.0,12.603934,15.529648
2026-04-25 07:00:00+02:00,1.4844999,2.5455842,3.2399998,0.0,0.0,11280.0,14.038106,18.662022
2026-04-25 08:00:00+02:00,4.7844996,1.835647,3.2399998,0.0,0.0,13860.0,15.284514,11.326523
2026-04-25 09:00:00+02:00,6.9845,1.5273507,4.32,0.0,0.0,17020.0,15.916784,11.661699
2026-04-25 10:00:00+02:00,11.3345,2.4149535,6.4799995,0.0,0.0,31100.0,17.12957,13.370063
2026-04-25 11:00:00+02:00,15.434501,6.8777895,11.159999,0.0,0.0,41660.0,19.568422,15.95788
2026-04-25 12:00:00+02:00,18.0845,9.511088,17.28,0.0,0.0,43720.0,18.882545,17.423588
2026-04-25 13:00:00+02:00,20.1845,11.792404,20.880001,0.0,0.0,45720.0,17.69604,18.877537
2026-04-25 14:00:00+02:00,21.484499,13.049689,22.319998,2.0,0.0,46820.0,18.733494,18.662022
2026-04-25 15:00:00+02:00,22.4345,12.979984,23.759998,19.0,0.0,46980.0,9.65603,20.016638
2026-04-25 16:00:00+02:00,23.0345,3.9763298,22.319998,38.0,0.0,48720.0,7.543114,19.598463
2026-04-25 17:00:00+02:00,22.9345,9.659814,23.4,0.0,0.0,50840.0,13.655687,13.398848
2026-04-25 18:00:00+02:00,21.7845,12.979984,23.4,0.0,0.0,49800.0,23.634779,11.189642
2026-04-25 19:00:00+02:00,20.7845,14.707222,25.199999,0.0,0.0,49360.0,15.284515,15.714606
2026-04-25 20:00:00+02:00,19.0345,15.256526,24.84,0.0,0.0,48580.0,12.261531,18.713562
2026-04-25 21:00:00+02:00,17.7845,7.69592,24.84,0.0,0.0,58600.0,11.926711,16.861752
2026-04-25 22:00:00+02:00,12.0345,1.4399999,8.64,0.0,0.0,42880.0,5.543783,15.329903
2026-04-25 23:00:00+02:00,13.2345,2.8116899,2.52,0.0,0.0,43340.0,0.9113924,13.427569
2026-04-26 00:00:00+02:00,10.9845,2.7416782,3.2399998,0.0,0.0,42360.0,1.8788835,11.0510645
2026-04-26 01:00:00+02:00,10.0345,1.2979984,3.6,0.0,0.0,41640.0,2.9178793,8.350525
2026-04-26 02:00:00+02:00,8.8345,4.198285,3.2399998,40.0,0.0,41040.0,9.7416725,12.241913
2026-04-26 03:00:00+02:00,9.7845,1.484318,5.3999996,0.0,0.0,41000.0,3.9200466,12.780782
2026-04-26 04:00:00+02:00,8.0345,1.9386592,1.8,0.0,0.0,40240.0,6.3797464,9.715329
2026-04-26 05:00:00+02:00,7.2345,2.0991426,2.8799999,0.0,0.0,37700.0,11.031237,10.839878
2026-04-26 06:00:00+02:00,6.4845,1.8,2.8799999,0.0,0.0,36620.0,8.765491,11.172413
2026-04-26 07:00:00+02:00,6.0845,2.968636,3.2399998,0.0,0.0,37440.0,10.831774,11.444951
2026-04-26 08:00:00+02:00,7.9845,4.452954,5.3999996,0.0,0.0,32100.0,19.742744,10.839878
2026-04-26 09:00:00+02:00,12.5345,6.2145634,10.799999,0.0,0.0,39920.0,23.489357,10.569963
2026-04-26 10:00:00+02:00,14.3345,8.209263,14.04,0.0,0.0,40280.0,20.17453,11.444951
2026-04-26 11:00:00+02:00,17.5845,16.954432,25.56,0.0,0.0,46160.0,19.387182,10.00832
2026-04-26 12:00:00+02:00,18.8345,22.065973,37.44,0.0,0.0,49180.0,18.369701,5.339374
2026-04-26 13:00:00+02:00,19.734499,22.461807,38.88,0.0,0.0,52220.0,18.090624,3.1649084
2026-04-26 14:00:00+02:00,20.884499,20.883104,38.16,0.0,0.0,54620.0,23.056606,0.87778765
2026-04-26 15:00:00+02:00,21.634499,21.03152,33.48,0.0,0.0,54500.0,26.700062,5.339374
2026-04-26 16:00:00+02:00,22.0345,19.110542,34.56,0.0,0.0,52180.0,24.489164,9.474416
2026-04-26 17:00:00+02:00,22.0845,13.70839,30.239998,0.0,0.0,52880.0,18.090624,11.0510645
2026-04-26 18:00:00+02:00,21.0345,12.783802,23.4,0.0,0.0,47680.0,14.878324,14.609298
2026-04-26 19:00:00+02:00,19.984499,10.1887,21.599998,0.0,0.0,46020.0,17.952349,15.628565
2026-04-26 20:00:00+02:00,17.984499,8.669949,16.919998,0.0,0.0,43420.0,17.46571,13.879042
2026-04-26 21:00:00+02:00,16.5345,9.726665,15.4800005,0.0,0.0,44380.0,20.133314,12.367153
2026-04-26 22:00:00+02:00,15.934501,7.42159,15.84,0.0,0.0,45540.0,20.11784,11.444951
2026-04-26 23:00:00+02:00,16.1845,9.0,11.159999,0.0,0.0,44960.0,24.100254,11.444951
2026-04-27 00:00:00+02:00,12.0345,5.3999996,13.32,0.0,0.0,41360.0,23.774942,11.776757
2026-04-27 01:00:00+02:00,10.3845005,4.829907,8.64,0.0,0.0,41120.0,21.996489,10.180067
2026-04-27 02:00:00+02:00,9.6345005,5.3999996,7.5599995,0.0,0.0,40420.0,17.725351,12.5680065
2026-04-27 03:00:00+02:00,9.1345005,4.6938257,8.64,0.0,0.0,41020.0,13.049152,13.326771
2026-04-27 04:00:00+02:00,8.2345,3.7064266,7.2,0.0,0.0,40720.0,11.254866,15.025306
2026-04-27 05:00:00+02:00,6.6345,2.7416782,5.04,0.0,0.0,38820.0,14.482251,11.0510645
2026-04-27 06:00:00+02:00,6.2345,1.8,2.8799999,0.0,0.0,33440.0,15.148044,10.330335
2026-04-27 07:00:00+02:00,5.6844997,1.8,2.16,0.0,0.0,29680.0,14.148615,9.310345
2026-04-27 08:00:00+02:00,6.2345,2.0991426,4.32,0.0,0.0,20320.0,18.142204,7.4740934
2026-04-27 09:00:00+02:00,10.9845,3.319036,6.4799995,0.0,0.0,33820.0,19.274387,5.8883786
2026-04-27 10:00:00+02:00,13.934501,4.6938252,9.72,0.0,0.0,40160.0,18.6891,6.598021
2026-04-27 11:00:00+02:00,16.484499,8.049845,15.119999,0.0,0.0,41740.0,17.795506,7.948705
2026-04-27 12:00:00+02:00,18.984499,11.013882,19.44,0.0,0.0,44780.0,16.885372,5.7224755
2026-04-27 13:00:00+02:00,20.734499,11.966953,21.599998,0.0,0.0,48600.0,13.941624,3.9743526
2026-04-27 14:00:00+02:00,21.8345,15.158522,21.599998,0.0,0.0,53120.0,9.227144,3.9743526
2026-04-27 15:00:00+02:00,22.5345,14.205182,21.599998,0.0,0.0,55880.0,12.2276125,9.695481
2026-04-27 16:00:00+02:00,22.884499,13.722565,19.8,0.0,0.0,58160.0,16.182028,11.858258
2026-04-27 17:00:00+02:00,22.884499,11.874544,19.8,0.0,0.0,57580.0,14.82239,15.89741
2026-04-27 18:00:00+02:00,22.0345,11.753876,20.519999,0.0,0.0,47860.0,16.265226,19.987747
2026-04-27 19:00:00+02:00,20.6845,12.324414,23.4,0.0,0.0,45780.0,17.081009,26.40668
2026-04-27 20:00:00+02:00,18.8345,10.086427,19.8,0.0,0.0,44980.0,14.69576,24.238705
2026-04-27 21:00:00+02:00,17.7845,13.363711,22.319998,0.0,0.0,46460.0,13.246579,18.62069
2026-04-27 22:00:00+02:00,16.7845,8.12197,21.24,0.0,0.0,46740.0,9.15938,15.909525
2026-04-27 23:00:00+02:00,15.434501,5.4833565,11.879999,0.0,0.0,43600.0,11.474137,18.877537
2026-04-28 00:00:00+02:00,12.5845,3.096837,7.5599995,0.0,0.0,41760.0,11.821781,21.724138
2026-04-28 01:00:00+02:00,12.0345,2.3051248,2.8799999,0.0,0.0,41880.0,7.205189,23.59437
2026-04-28 02:00:00+02:00,10.3845005,2.0364676,2.52,0.0,0.0,39820.0,4.907998,26.69687
2026-04-28 03:00:00+02:00,9.684501,1.4399999,2.8799999,0.0,0.0,39300.0,4.0758705,27.147633
2026-04-28 04:00:00+02:00,8.3845005,1.1384199,2.52,0.0,0.0,36060.0,8.36547,23.397612
2026-04-28 05:00:00+02:00,8.2845,1.2979984,1.4399999,0.0,0.0,34900.0,9.350104,25.994967
2026-04-28 06:00:00+02:00,8.184501,1.1384199,2.16,0.0,0.0,32540.0,8.753638,26.105885
2026-04-28 07:00:00+02:00,7.8345,0.5091169,2.16,0.0,0.0,27340.0,10.490913,24.175043
2026-04-28 08:00:00+02:00,8.434501,0.35999998,2.52,4.0,0.0,18060.0,10.638334,25.136013
2026-04-28 09:00:00+02:00,11.934501,3.4152596,6.8399997,0.0,0.0,34460.0,10.035667,22.593443
2026-04-28 10:00:00+02:00,13.934501,2.16,7.5599995,0.0,0.0,37960.0,15.871056,23.298607
2026-04-28 11:00:00+02:00,15.6345005,3.096837,8.28,0.0,0.0,40320.0,18.700209,23.95894
2026-04-28 12:00:00+02:00,17.5345,3.0758414,7.5599995,0.0,0.0,41120.0,19.231243,24.827585
2026-04-28 13:00:00+02:00,18.984499,10.948973,19.08,0.0,0.0,41780.0,17.250372,21.510277
2026-04-28 14:00:00+02:00,18.484499,12.229406,20.880001,0.0,0.0,41740.0,17.465712,19.987747
2026-04-28 15:00:00+02:00,19.1845,8.707237,20.880001,0.0,0.0,42440.0,13.79187,17.752157
2026-04-28 16:00:00+02:00,19.634499,6.489992,13.679999,0.0,0.0,42420.0,8.21518,17.914183
2026-04-28 17:00:00+02:00,17.2845,2.968636,11.159999,0.0,0.0,41100.0,7.78694,13.6692705
2026-04-28 18:00:00+02:00,16.884499,4.1046314,14.04,0.0,0.0,39900.0,3.89347,11.711148
2026-04-28 19:00:00+02:00,16.3345,6.489992,10.799999,21.0,0.1,39460.0,17.795506,24.843096
2026-04-28 20:00:00+02:00,16.484499,9.504272,12.599999,17.0,0.0,38800.0,18.454288,14.609298
2026-04-28 21:00:00+02:00,15.0845,10.948973,21.599998,28.0,0.0,39140.0,17.795506,10.330335
2026-04-28 22:00:00+02:00,14.2845,7.9036193,16.919998,25.0,0.0,39360.0,21.461308,6.48019
2026-04-28 23:00:00+02:00,13.8345,3.563818,11.5199995,12.0,0.0,38840.0,26.540146,7.677507
2026-04-29 00:00:00+02:00,12.2345,2.0364676,5.7599998,0.0,0.0,34000.0,21.026318,9.310345
2026-04-29 01:00:00+02:00,11.3845005,1.1384199,3.2399998,0.0,0.0,30100.0,26.197577,13.626929
2026-04-29 02:00:00+02:00,12.9845,5.315336,4.32,47.0,0.0,35220.0,37.436485,15.89741
2026-04-29 03:00:00+02:00,13.184501,6.9153743,12.24,40.0,0.0,37060.0,33.724598,19.241377
2026-04-29 04:00:00+02:00,12.7845,6.8777895,13.32,38.0,0.2,35360.0,28.267859,15.329903
2026-04-29 05:00:00+02:00,12.3345,4.3498964,10.440001,42.0,0.1,31720.0,26.006641,25.326874
2026-04-29 06:00:00+02:00,11.9845,5.0911684,7.92,33.0,0.0,28400.0,23.222628,30.891392
2026-04-29 07:00:00+02:00,11.9845,5.04,8.28,32.0,0.0,29080.0,21.663548,28.307802
2026-04-29 08:00:00+02:00,12.4845,9.826088,15.4800005,49.0,0.0,29000.0,29.707758,30.108244
2026-04-29 09:00:00+02:00,13.2845,14.24163,23.4,54.0,0.0,38540.0,34.87788,24.897316
2026-04-29 10:00:00+02:00,13.7845,19.930477,33.12,23.0,0.0,39100.0,41.103695,24.238705
2026-04-29 11:00:00+02:00,14.5345,20.037485,34.56,42.0,0.0,40180.0,40.124557,14.609298
2026-04-29 12:00:00+02:00,15.934501,20.523157,36.0,37.0,0.0,40460.0,42.84514,8.711794
2026-04-29 13:00:00+02:00,17.0845,18.59845,34.2,0.0,0.0,40460.0,39.35907,8.777877
2026-04-29 14:00:00+02:00,17.8345,23.000591,36.719997,0.0,0.0,41460.0,35.27748,5.00416
2026-04-29 15:00:00+02:00,18.634499,22.314192,41.039997,0.0,0.0,41560.0,38.060863,6.8557405
2026-04-29 16:00:00+02:00,19.4345,22.253124,38.16,0.0,0.0,42040.0,43.23354,9.392738
2026-04-29 17:00:00+02:00,20.0345,25.277023,41.399998,2.0,0.0,43180.0,38.321854,8.442291
2026-04-29 18:00:00+02:00,19.634499,23.006226,43.199997,0.0,0.0,43480.0,39.01462,7.677507
2026-04-29 19:00:00+02:00,18.8345,23.34455,39.239998,0.0,0.0,43980.0,44.595406,8.327425
2026-04-29 20:00:00+02:00,17.5345,22.366402,44.28,0.0,0.0,46280.0,44.277634,9.695481
2026-04-29 21:00:00+02:00,15.6345005,19.881649,35.28,0.0,0.0,44680.0,49.97099,11.189642
2026-04-29 22:00:00+02:00,14.7345,21.203358,34.56,0.0,0.0,44740.0,52.07314,13.370063
2026-04-29 23:00:00+02:00,14.3845005,21.533897,36.0,0.0,0.0,44600.0,48.56319,13.879042
2026-04-30 00:00:00+02:00,13.684501,22.473343,37.079998,0.0,0.0,43920.0,45.774223,14.922391
2026-04-30 01:00:00+02:00,12.7845,20.63023,37.8,0.0,0.0,43840.0,42.330715,12.568007
2026-04-30 02:00:00+02:00,12.1345005,20.808498,33.48,0.0,0.0,43580.0,31.057625,10.008319
2026-04-30 03:00:00+02:00,11.2845,18.079027,34.56,0.0,0.0,43740.0,29.760136,6.2068963
2026-04-30 04:00:00+02:00,10.184501,15.2947035,29.519999,0.0,0.0,43260.0,30.569029,5.7224755
2026-04-30 05:00:00+02:00,9.0845,13.089354,23.759998,0.0,0.0,42420.0,26.947794,2.4827583
2026-04-30 06:00:00+02:00,8.3345,13.479583,21.96,0.0,0.0,41960.0,27.34557,5.7224755
2026-04-30 07:00:00+02:00,7.7844996,13.1041975,21.599998,0.0,0.0,41520.0,26.074425,6.8557405
2026-04-30 08:00:00+02:00,8.934501,15.463244,27.72,0.0,0.0,41940.0,24.675013,8.711794
2026-04-30 09:00:00+02:00,9.8845005,16.808569,29.519999,0.0,0.0,41940.0,27.375927,9.715329
2026-04-30 10:00:00+02:00,11.4845,19.959719,34.2,0.0,0.0,42160.0,31.040905,12.5680065
2026-04-30 11:00:00+02:00,13.2845,18.782204,33.839996,0.0,0.0,42360.0,27.402464,11.444951
2026-04-30 12:00:00+02:00,15.2345,21.38897,37.44,0.0,0.0,42560.0,25.100548,12.051613
2026-04-30 13:00:00+02:00,16.7845,21.03152,37.079998,0.0,0.0,42800.0,21.653961,10.4046545
2026-04-30 14:00:00+02:00,17.7845,23.675303,41.039997,0.0,0.0,43740.0,18.683542,8.689655
2026-04-30 15:00:00+02:00,18.734499,22.805367,39.239998,0.0,0.0,45120.0,14.41038,5.6205835
2026-04-30 16:00:00+02:00,19.1845,22.881956,40.68,0.0,0.0,45660.0,15.318443,4.475857
2026-04-30 17:00:00+02:00,19.234499,21.96,39.96,0.0,0.0,46860.0,20.34876,2.6333632
2026-04-30 18:00:00+02:00,18.5845,22.702845,39.96,0.0,0.0,46880.0,24.455225,2.775808
2026-04-30 19:00:00+02:00,17.384499,21.659916,39.239998,0.0,0.0,47120.0,27.097643,1.2413791
2026-04-30 20:00:00+02:00,16.0345,18.043148,36.719997,0.0,0.0,48660.0,20.40481,2.5591688
2026-04-30 21:00:00+02:00,14.1345005,17.072504,29.519999,0.0,0.0,47500.0,19.467348,0.6206896
2026-04-30 22:00:00+02:00,13.0845,14.021525,28.8,0.0,0.0,47700.0,15.66031,3.9255857
2026-04-30 23:00:00+02:00,12.2845,12.984975,22.319998,0.0,0.0,47700.0,10.087265,0.6206896
2026-05-01 00:00:00+02:00,11.0845,11.200571,21.24,0.0,0.0,45860.0,3.286072,1.9627929
2026-05-01 01:00:00+02:00,10.0345,9.085988,18.72,0.0,0.0,44920.0,2.453999,3.9255857
2026-05-01 02:00:00+02:00,9.0845,8.669949,14.4,0.0,0.0,44160.0,3.9200466,6.390391
2026-05-01 03:00:00+02:00,8.2345,6.1305785,14.04,0.0,0.0,42900.0,6.524576,7.0769506
2026-05-01 04:00:00+02:00,6.8345,3.4152596,9.36,0.0,0.0,41680.0,9.612922,6.8557405
2026-05-01 05:00:00+02:00,5.6844997,2.2768397,7.2,0.0,0.0,36060.0,10.035667,6.2068963
2026-05-01 06:00:00+02:00,4.7345,1.8,4.32,0.0,0.0,31640.0,11.273301,6.8557405
2026-05-01 07:00:00+02:00,4.3845,4.5820518,7.2,0.0,0.0,32000.0,9.580463,5.0041595
2026-05-01 08:00:00+02:00,6.3345,1.609969,6.8399997,0.0,0.0,32660.0,8.987734,12.475707
2026-05-01 09:00:00+02:00,8.3345,1.8,5.7599998,0.0,0.0,32460.0,7.515534,15.517241
2026-05-01 10:00:00+02:00,11.0345,2.1897945,6.12,0.0,0.0,42060.0,7.7602262,16.71258
2026-05-01 11:00:00+02:00,13.7345,1.2979984,7.2,0.0,0.0,44300.0,7.34788,16.018122
2026-05-01 12:00:00+02:00,16.3345,2.52,7.5599995,0.0,0.0,44260.0,5.9240503,15.152965
2026-05-01 13:00:00+02:00,18.634499,2.4149535,8.64,0.0,0.0,44500.0,4.844117,15.152965
2026-05-01 14:00:00+02:00,20.484499,4.39436,9.72,0.0,0.0,44600.0,6.7744107,15.800178
2026-05-01 15:00:00+02:00,21.8345,6.151683,13.32,0.0,0.0,44620.0,10.118097,13.427569
2026-05-01 16:00:00+02:00,22.4345,7.2,14.04,0.0,0.0,44720.0,13.152184,12.367153
2026-05-01 17:00:00+02:00,22.5845,10.948973,18.72,0.0,0.0,46320.0,18.58883,12.795845
2026-05-01 18:00:00+02:00,22.134499,12.261158,22.319998,0.0,0.0,47440.0,15.419778,17.555754
2026-05-01 19:00:00+02:00,21.1845,10.829959,22.319998,0.0,0.0,47040.0,15.792356,20.055098
2026-05-01 20:00:00+02:00,19.384499,7.653705,18.0,0.0,0.0,44540.0,10.870049,18.339252
2026-05-01 21:00:00+02:00,17.1845,9.346143,15.84,0.0,0.0,43060.0,6.524576,22.387888
2026-05-01 22:00:00+02:00,15.3345,6.6185193,14.4,0.0,0.0,42580.0,1.8788835,26.776121
2026-05-01 23:00:00+02:00,13.934501,4.802999,10.08,0.0,0.0,41520.0,5.8357587,27.493116
2026-05-02 00:00:00+02:00,13.6345005,0.71999997,7.2,0.0,0.0,41580.0,8.476439,29.14599
2026-05-02 01:00:00+02:00,11.7845,1.0182338,1.08,0.0,0.0,37800.0,9.858215,30.267769
2026-05-02 02:00:00+02:00,9.3845005,2.1897945,2.52,0.0,0.0,27980.0,12.636843,29.64402
2026-05-02 03:00:00+02:00,10.5345,2.52,5.04,0.0,0.0,26040.0,12.969341,24.928242
2026-05-02 04:00:00+02:00,9.3345,1.8,2.8799999,0.0,0.0,21560.0,11.254866,26.304356
2026-05-02 05:00:00+02:00,9.0845,1.484318,2.16,0.0,0.0,22860.0,8.976174,27.48611
2026-05-02 06:00:00+02:00,8.3845005,2.6208394,2.8799999,0.0,0.0,18720.0,8.84802,23.950901
2026-05-02 07:00:00+02:00,8.434501,1.1384199,2.52,0.0,0.0,16700.0,8.706063,22.839355
2026-05-02 08:00:00+02:00,9.5345,1.2979984,2.52,0.0,0.0,18560.0,9.350104,17.122486
2026-05-02 09:00:00+02:00,11.434501,1.1384199,3.6,0.0,0.0,21580.0,9.994198,18.25503
2026-05-02 10:00:00+02:00,14.9845,2.8116899,6.8399997,0.0,0.0,37840.0,11.644798,18.096056
2026-05-02 11:00:00+02:00,17.7845,5.634891,10.08,0.0,0.0,40700.0,14.038106,18.454428
2026-05-02 12:00:00+02:00,19.8345,6.989936,13.679999,0.0,0.0,41340.0,12.0307255,17.752157
2026-05-02 13:00:00+02:00,21.384499,7.928177,15.4800005,0.0,0.0,41840.0,10.490913,20.141356
2026-05-02 14:00:00+02:00,22.9345,7.10031,15.119999,0.0,0.0,42600.0,11.760141,20.49216
2026-05-02 15:00:00+02:00,23.9345,7.7879906,15.119999,0.0,0.0,43080.0,13.9118,24.238705
2026-05-02 16:00:00+02:00,24.484499,8.4963045,15.4800005,0.0,0.0,43560.0,13.678478,28.612377
2026-05-02 17:00:00+02:00,24.5845,9.1641035,20.519999,0.0,0.0,44600.0,15.553866,27.493116
2026-05-02 18:00:00+02:00,23.884499,11.808878,20.880001,0.0,0.0,45560.0,15.086228,27.792759
2026-05-02 19:00:00+02:00,23.134499,10.144082,19.44,0.0,0.0,44020.0,13.285712,25.020798
2026-05-02 20:00:00+02:00,21.3345,5.0528407,16.919998,0.0,0.0,41820.0,9.045312,26.797695
2026-05-02 21:00:00+02:00,18.0845,2.2768397,7.2,0.0,0.0,40320.0,13.402427,22.422277
2026-05-02 22:00:00+02:00,15.9845,3.4152596,4.32,0.0,0.0,40060.0,14.410378,23.618853
2026-05-02 23:00:00+02:00,15.5345,3.8939953,7.2,0.0,0.0,41480.0,13.057107,23.618853
2026-05-03 00:00:00+02:00,14.684501,2.0991426,5.7599998,0.0,0.0,41680.0,11.760141,29.591993
2026-05-03 01:00:00+02:00,13.3845005,0.8049845,4.32,0.0,0.0,39840.0,11.282507,29.218596
2026-05-03 02:00:00+02:00,11.6345005,0.8049845,2.16,0.0,0.0,36260.0,8.753638,29.857687
2026-05-03 03:00:00+02:00,11.434501,1.609969,2.16,0.0,0.0,36040.0,9.15938,33.42516
2026-05-03 04:00:00+02:00,11.8345,2.8116899,3.2399998,0.0,0.0,35240.0,4.1265044,30.772688
2026-05-03 05:00:00+02:00,9.8845005,1.8,4.68,0.0,0.0,30240.0,9.688234,34.697605
2026-05-03 06:00:00+02:00,11.184501,1.609969,5.04,0.0,0.0,35540.0,8.402622,29.896374
2026-05-03 07:00:00+02:00,10.3845005,3.2399998,8.64,0.0,0.0,26080.0,12.694226,22.041039
2026-05-03 08:00:00+02:00,10.8845005,3.2599385,6.12,0.0,0.0,10400.0,16.718523,29.441893
2026-05-03 09:00:00+02:00,13.184501,4.6102495,9.36,0.0,0.0,30320.0,28.741392,36.28779
2026-05-03 10:00:00+02:00,15.2845,3.7585104,9.36,0.0,0.0,35900.0,28.065113,36.03209
2026-05-03 11:00:00+02:00,16.0845,4.379589,14.4,0.0,0.1,38480.0,13.670886,33.05427
2026-05-03 12:00:00+02:00,17.7845,3.4152596,9.72,0.0,0.0,39760.0,9.17071,40.573357
2026-05-03 13:00:00+02:00,19.5845,4.198285,9.0,0.0,0.0,41700.0,7.7602262,39.74353
2026-05-03 14:00:00+02:00,21.734499,5.0528407,11.159999,0.0,0.0,43500.0,4.0758705,36.0
2026-05-03 15:00:00+02:00,22.634499,10.182337,14.759999,0.0,0.0,43820.0,11.987494,27.253859
2026-05-03 16:00:00+02:00,21.0345,19.694992,39.239998,34.0,0.0,43180.0,20.179676,27.758083
2026-05-03 17:00:00+02:00,18.7845,9.511088,40.32,3.0,0.0,42500.0,26.114214,42.302624
2026-05-03 18:00:00+02:00,19.2845,10.296251,15.4800005,0.0,0.0,42300.0,30.721498,42.32084
2026-05-03 19:00:00+02:00,18.234499,6.12,25.919998,0.0,0.0,42560.0,29.352638,48.19446
2026-05-03 20:00:00+02:00,17.734499,6.618519,10.440001,0.0,0.0,41760.0,16.00136,47.270313
2026-05-03 21:00:00+02:00,15.2845,5.5887027,24.84,22.0,0.0,40440.0,21.615568,48.94011
2026-05-03 22:00:00+02:00,12.7345,3.096837,8.64,0.0,0.0,35960.0,19.57373,47.841442
2026-05-03 23:00:00+02:00,13.4845,2.16,3.2399998,0.0,0.0,37580.0,15.916784,56.904068
2026-05-04 00:00:00+02:00,12.6345005,2.2768397,5.04,0.0,0.0,36280.0,17.44787,55.36329
2026-05-04 01:00:00+02:00,11.434501,0.35999998,2.16,0.0,0.0,31520.0,21.041126,46.96369
2026-05-04 02:00:00+02:00,11.2345,1.484318,0.71999997,0.0,0.0,27980.0,22.482038,43.470436
2026-05-04 03:00:00+02:00,9.8845005,2.8116899,4.32,0.0,0.0,23680.0,16.149912,36.908855
2026-05-04 04:00:00+02:00,10.6345005,2.16,4.32,0.0,0.0,31120.0,7.958391,29.093067
2026-05-04 05:00:00+02:00,10.3345,0.8049845,5.04,0.0,0.0,29780.0,9.350104,23.59437
2026-05-04 06:00:00+02:00,10.3345,3.0758414,5.3999996,0.0,0.0,29220.0,3.2222586,19.598463
2026-05-04 07:00:00+02:00,10.8845005,1.835647,7.5599995,0.0,0.0,29660.0,6.6350365,31.873484
2026-05-04 08:00:00+02:00,11.8845005,3.6,4.68,0.0,0.0,30700.0,14.836392,29.851236
2026-05-04 09:00:00+02:00,12.934501,2.6208394,5.3999996,2.0,0.1,26400.0,18.6891,32.75571
2026-05-04 10:00:00+02:00,14.8845005,4.452954,9.0,0.0,0.0,34020.0,25.129486,32.37121
2026-05-04 11:00:00+02:00,16.134499,11.753876,12.959999,0.0,0.0,40100.0,29.225016,34.413307
2026-05-04 12:00:00+02:00,17.634499,11.770403,22.319998,0.0,0.0,41400.0,14.610731,43.88938
2026-05-04 13:00:00+02:00,19.0345,10.137692,19.8,0.0,0.0,41720.0,11.618018,45.82186
2026-05-04 14:00:00+02:00,19.484499,6.439876,18.72,10.0,0.0,42120.0,7.7468348,44.434612
2026-05-04 15:00:00+02:00,19.0845,11.525623,16.199999,37.0,0.0,41960.0,4.511162,37.882412
2026-05-04 16:00:00+02:00,17.2845,17.873556,30.599998,39.0,0.1,32420.0,14.709885,35.308456
2026-05-04 17:00:00+02:00,14.1345005,17.418196,34.56,78.0,0.8,16420.0,15.311664,38.287045
2026-05-04 18:00:00+02:00,14.0345,11.885453,32.039997,22.0,1.3,30120.0,19.805754,41.530582
2026-05-04 19:00:00+02:00,13.7345,9.693296,21.24,39.0,0.1,29440.0,20.947159,44.28263
2026-05-04 20:00:00+02:00,12.934501,8.311245,17.28,16.0,0.0,28140.0,19.905111,44.1781
2026-05-04 21:00:00+02:00,11.7845,4.32,14.04,0.0,0.0,26980.0,22.839428,35.531433
2026-05-04 22:00:00+02:00,10.2345,2.6208394,6.12,0.0,0.0,14480.0,25.7982,40.72027
2026-05-04 23:00:00+02:00,10.2845,2.4149535,3.96,0.0,0.0,24100.0,23.42296,26.776121
2026-05-05 00:00:00+02:00,9.3345,2.0991426,3.6,0.0,0.0,15360.0,19.852879,28.423246
2026-05-05 01:00:00+02:00,8.7845,2.7416782,3.6,70.0,0.0,11960.0,15.1685915,32.984264
2026-05-05 02:00:00+02:00,8.9845,1.8,3.6,74.0,0.0,12580.0,11.821781,36.678505
2026-05-05 03:00:00+02:00,8.2345,1.484318,4.32,87.0,0.0,1580.0,11.096928,30.312284
2026-05-05 04:00:00+02:00,7.9845,1.08,4.32,100.0,0.0,140.0,13.79187,27.04099
2026-05-05 05:00:00+02:00,8.4845,2.52,5.3999996,79.0,0.0,1080.0,8.476439,21.076046
2026-05-05 06:00:00+02:00,9.184501,0.35999998,7.5599995,79.0,0.3,13240.0,5.0333285,27.48611
2026-05-05 07:00:00+02:00,9.2345,2.8116899,5.04,89.0,0.4,4240.0,7.7602262,36.877533
2026-05-05 08:00:00+02:00,9.7345,3.6179552,6.4799995,92.0,1.2,260.0,7.7468348,41.812557
2026-05-05 09:00:00+02:00,10.434501,3.2599385,10.799999,83.0,2.4,360.0,5.487309,39.196926
2026-05-05 10:00:00+02:00,11.8345,3.8268526,8.28,86.0,0.5,1920.0,6.9559,43.359512
2026-05-05 11:00:00+02:00,12.0845,1.1384199,10.440001,90.0,0.2,2560.0,12.4380865,30.30593
2026-05-05 12:00:00+02:00,13.184501,3.8939953,7.2,86.0,0.2,25120.0,10.240498,47.514187
2026-05-05 13:00:00+02:00,14.5345,7.289445,14.4,72.0,0.0,33680.0,12.261531,42.279854
2026-05-05 14:00:00+02:00,15.5845,9.0,22.319998,78.0,0.1,35460.0,21.740099,45.947807
2026-05-05 15:00:00+02:00,15.3345,17.208603,29.88,100.0,0.0,37080.0,44.994083,41.493458
2026-05-05 16:00:00+02:00,13.7345,14.05845,37.44,0.0,0.9,32820.0,52.343605,47.20915
2026-05-05 17:00:00+02:00,14.184501,18.678415,36.36,50.0,0.0,34020.0,58.79187,46.819916
2026-05-05 18:00:00+02:00,14.2845,14.4,37.079998,40.0,0.0,34000.0,55.235188,53.54505
2026-05-05 19:00:00+02:00,14.3845005,13.53236,26.28,54.0,0.0,33680.0,43.642277,60.830753
2026-05-05 20:00:00+02:00,13.9845,6.297428,21.96,58.0,0.0,34760.0,36.27582,54.124702
2026-05-05 21:00:00+02:00,12.0845,5.3999996,9.36,3.0,0.0,33760.0,36.52683,54.19939
2026-05-05 22:00:00+02:00,11.184501,5.3999996,15.84,40.0,0.0,29140.0,43.09884,43.452705
2026-05-05 23:00:00+02:00,9.684501,2.968636,8.64,37.0,0.1,19360.0,39.00131,54.9056
2026-05-06 00:00:00+02:00,10.0845,2.9024127,9.0,79.0,0.0,20920.0,41.287685,55.7827
2026-05-06 01:00:00+02:00,10.3345,4.896529,9.36,94.0,0.0,19940.0,41.777676,36.51006
2026-05-06 02:00:00+02:00,10.2345,4.8965297,7.5599995,81.0,0.0,15560.0,34.177216,34.278706
2026-05-06 03:00:00+02:00,10.2345,4.6938257,9.0,100.0,0.0,12060.0,30.398726,35.466312
2026-05-06 04:00:00+02:00,9.0845,2.6208394,7.92,53.0,0.0,8040.0,26.066458,39.961037
2026-05-06 05:00:00+02:00,9.2345,1.1384199,3.96,0.0,0.0,18940.0,24.0485,39.280388
2026-05-06 06:00:00+02:00,8.1345005,1.9386592,3.96,81.0,0.0,10760.0,22.347704,36.192112
2026-05-06 07:00:00+02:00,8.3845005,0.8049845,1.8,98.0,0.0,300.0,12.312233,31.404686
2026-05-06 08:00:00+02:00,9.1345005,2.3051248,3.96,89.0,0.0,260.0,5.487309,24.835342
2026-05-06 09:00:00+02:00,10.684501,1.5273507,6.4799995,83.0,0.0,1760.0,2.7718916,33.269196
2026-05-06 10:00:00+02:00,12.1345005,3.8268526,9.0,71.0,0.0,25760.0,1.0189676,31.752386
2026-05-06 11:00:00+02:00,11.8345,4.3349743,9.0,98.0,0.1,25080.0,6.835443,15.102031
2026-05-06 12:00:00+02:00,11.3845005,10.630672,18.359999,100.0,1.4,8200.0,16.027294,8.6452055
2026-05-06 13:00:00+02:00,10.8345,20.018072,40.32,100.0,2.9,8040.0,33.526978,9.310345
2026-05-06 14:00:00+02:00,11.184501,15.629971,35.28,86.0,2.1,25460.0,41.10875,36.085506
2026-05-06 15:00:00+02:00,11.6345005,17.81909,33.48,90.0,0.0,32880.0,34.05243,47.343605
2026-05-06 16:00:00+02:00,11.434501,14.904173,31.68,85.0,0.1,32300.0,27.542301,40.344826
2026-05-06 17:00:00+02:00,10.934501,16.299694,28.44,69.0,0.1,29520.0,31.270855,32.84967
2026-05-06 18:00:00+02:00,11.2845,16.039202,30.960001,39.0,0.0,30980.0,31.234308,38.861317
2026-05-06 19:00:00+02:00,11.4845,11.269782,28.44,46.0,0.0,31300.0,35.663868,34.97959
2026-05-06 20:00:00+02:00,10.8345,5.1544156,19.08,13.0,0.0,30160.0,35.48876,37.344685
2026-05-06 21:00:00+02:00,9.3345,4.896529,9.0,66.0,0.0,23360.0,32.251575,44.835964
2026-05-06 22:00:00+02:00,8.434501,3.0547013,8.64,25.0,0.0,22680.0,34.88383,43.346184
2026-05-06 23:00:00+02:00,7.9344997,3.6,5.04,12.0,0.0,30380.0,40.093494,38.960327
2026-05-07 00:00:00+02:00,7.2844996,4.6938252,7.92,40.0,0.0,25900.0,45.647026,39.767754
2026-05-07 01:00:00+02:00,7.1345,3.8268526,7.2,81.0,0.2,14440.0,48.157406,37.882412
2026-05-07 02:00:00+02:00,7.7345,3.096837,7.2,86.0,0.2,11220.0,39.63509,33.59187
2026-05-07 03:00:00+02:00,7.9845,4.6938257,8.28,92.0,0.1,3580.0,39.205765,35.308456
2026-05-07 04:00:00+02:00,7.8345,4.452954,7.5599995,86.0,0.0,1540.0,31.735567,35.98394
2026-05-07 05:00:00+02:00,7.8845,4.2136917,9.36,90.0,0.1,1720.0,34.70479,29.27787
2026-05-07 06:00:00+02:00,8.0345,5.3517847,9.36,85.0,0.1,2500.0,31.702831,33.176426
2026-05-07 07:00:00+02:00,8.1345005,4.2136917,9.72,87.0,0.2,900.0,28.867552,37.882412
2026-05-07 08:00:00+02:00,8.7345,3.6179552,8.28,96.0,0.1,520.0,27.883247,33.66061
2026-05-07 09:00:00+02:00,10.0345,3.0758414,11.5199995,93.0,0.0,20720.0,22.440435,33.08922
2026-05-07 10:00:00+02:00,11.2345,5.00128,10.08,96.0,0.0,27280.0,23.029572,30.22956
2026-05-07 11:00:00+02:00,12.5345,6.439876,11.5199995,39.0,0.0,33520.0,15.600524,25.326874
2026-05-07 12:00:00+02:00,13.7845,7.289444,20.880001,37.0,0.0,35400.0,14.64622,24.554531
2026-05-07 13:00:00+02:00,14.1345005,6.792466,20.880001,58.0,0.0,38200.0,10.638335,20.41682
2026-05-07 14:00:00+02:00,15.684501,2.968636,15.4800005,19.0,0.0,38840.0,12.512989,26.076351
2026-05-07 15:00:00+02:00,16.384499,3.7585104,11.5199995,39.0,0.0,40640.0,10.411436,28.612377
2026-05-07 16:00:00+02:00,15.9845,10.805999,20.519999,50.0,0.0,40180.0,6.572144,33.54022
2026-05-07 17:00:00+02:00,16.3345,10.041354,18.359999,20.0,0.0,40480.0,10.974618,31.312546
2026-05-07 18:00:00+02:00,16.0345,12.224107,21.96,0.0,0.0,40420.0,5.709857,35.122475
2026-05-07 19:00:00+02:00,15.184501,11.620809,21.599998,19.0,0.0,39880.0,5.0333285,33.4021
2026-05-07 20:00:00+02:00,14.8845005,10.594036,19.44,47.0,0.0,40380.0,4.6916795,34.80846
2026-05-07 21:00:00+02:00,13.3345,6.87779,18.359999,85.0,0.0,39380.0,8.800955,35.138927
2026-05-07 22:00:00+02:00,12.2345,5.00128,11.879999,74.0,0.0,36420.0,15.5538645,33.367477
2026-05-07 23:00:00+02:00,11.2845,3.671294,7.5599995,66.0,0.0,34860.0,15.975386,35.645096
2026-05-08 00:00:00+02:00,10.5345,3.396233,5.3999996,76.0,0.0,34320.0,17.32245,36.846176
2026-05-08 01:00:00+02:00,10.0345,4.072935,7.2,69.0,0.0,32700.0,18.58883,41.419117
2026-05-08 02:00:00+02:00,8.9845,2.9024127,6.4799995,2.0,0.0,33400.0,7.5842957,44.693962
2026-05-08 03:00:00+02:00,8.2345,3.6,5.3999996,0.0,0.0,29920.0,4.1265044,42.48438
2026-05-08 04:00:00+02:00,7.7844996,3.8939953,5.3999996,0.0,0.0,28200.0,6.444517,39.728985
2026-05-08 05:00:00+02:00,6.7844996,1.484318,5.04,7.0,0.0,21100.0,10.004581,40.819485
2026-05-08 06:00:00+02:00,5.6844997,1.8,2.52,4.0,0.0,10280.0,10.802979,39.25586
2026-05-08 07:00:00+02:00,5.9845,1.2979984,1.8,20.0,0.0,10500.0,10.638334,34.137928
2026-05-08 08:00:00+02:00,8.3345,3.319036,5.04,47.0,0.0,16480.0,9.666777,32.114315
2026-05-08 09:00:00+02:00,10.5845,3.2399998,7.5599995,0.0,0.0,22420.0,9.752324,25.455843
2026-05-08 10:00:00+02:00,12.7845,3.8268526,9.72,7.0,0.0,30300.0,9.045312,25.020798
2026-05-08 11:00:00+02:00,14.6345005,3.319036,10.440001,0.0,0.0,34880.0,8.377872,26.948225
2026-05-08 12:00:00+02:00,16.484499,3.319036,8.64,0.0,0.0,37940.0,7.0743074,29.799566
2026-05-08 13:00:00+02:00,18.134499,3.4152596,9.36,3.0,0.0,40420.0,6.940957,30.36308
2026-05-08 14:00:00+02:00,19.5845,4.802999,10.08,0.0,0.0,42420.0,9.383359,34.74199
2026-05-08 15:00:00+02:00,20.5345,5.1544156,11.5199995,0.0,0.0,43100.0,13.776805,36.908855
2026-05-08 16:00:00+02:00,20.984499,3.9763298,11.159999,0.0,0.0,43320.0,8.476439,33.355934
2026-05-08 17:00:00+02:00,21.384499,6.618519,9.0,0.0,0.0,45380.0,2.8820758,35.28663
2026-05-08 18:00:00+02:00,20.984499,7.8954163,12.599999,16.0,0.0,45380.0,5.7641516,32.114315
2026-05-08 19:00:00+02:00,19.2845,15.328561,28.44,0.0,0.0,42420.0,12.269995,24.151127
2026-05-08 20:00:00+02:00,17.5345,7.8954163,26.64,4.0,0.0,41040.0,13.246579,29.721897
2026-05-08 21:00:00+02:00,14.7345,18.204042,30.599998,78.0,0.5,5000.0,5.012658,3.9255857
2026-05-08 22:00:00+02:00,14.8345,5.6002855,25.919998,5.0,9.6,37100.0,14.69576,35.531433
2026-05-08 23:00:00+02:00,12.9845,2.5455842,7.5599995,10.0,0.0,38400.0,13.9118,33.568924
2026-05-09 00:00:00+02:00,11.684501,3.7585104,5.3999996,38.0,0.0,36800.0,18.227848,32.667385
2026-05-09 01:00:00+02:00,10.2845,2.5455842,5.7599998,57.0,0.0,31660.0,16.952879,28.307802
2026-05-09 02:00:00+02:00,10.2845,1.609969,3.96,25.0,0.0,31200.0,10.955679,31.5149
2026-05-09 03:00:00+02:00,10.2345,1.609969,2.16,35.0,0.0,32160.0,12.636843,26.406677
2026-05-09 04:00:00+02:00,9.8345,0.8049845,2.52,3.0,0.0,31120.0,17.12957,23.04088
2026-05-09 05:00:00+02:00,8.2845,2.3051248,2.8799999,0.0,0.0,16540.0,13.79187,23.240662
2026-05-09 06:00:00+02:00,7.2844996,1.484318,2.16,83.0,0.0,3820.0,10.667574,22.490902
2026-05-09 07:00:00+02:00,6.6844997,1.609969,3.2399998,97.0,0.0,140.0,8.706063,20.360134
2026-05-09 08:00:00+02:00,8.934501,1.9386592,3.6,59.0,0.0,1120.0,10.870049,22.387888
2026-05-09 09:00:00+02:00,11.3345,2.0364676,5.3999996,39.0,0.0,4120.0,6.7744107,25.831429
2026-05-09 10:00:00+02:00,13.7845,0.5091169,4.32,27.0,0.0,25140.0,3.4704785,23.099327
2026-05-09 11:00:00+02:00,15.434501,3.2599385,6.4799995,0.0,0.0,30980.0,8.646228,22.102129
2026-05-09 12:00:00+02:00,17.5345,4.1046314,10.440001,0.0,0.0,36940.0,9.752324,20.74441
2026-05-09 13:00:00+02:00,19.0845,5.3517847,11.159999,0.0,0.0,40400.0,8.11344,18.91831
2026-05-09 14:00:00+02:00,20.634499,8.647496,16.199999,0.0,0.0,41660.0,8.062088,22.387888
2026-05-09 15:00:00+02:00,21.634499,10.464798,18.0,0.0,0.0,45400.0,10.974618,22.422277
2026-05-09 16:00:00+02:00,22.0345,11.885453,19.8,0.0,0.0,46520.0,14.5893955,22.889902
2026-05-09 17:00:00+02:00,22.384499,13.339445,19.44,0.0,0.0,48580.0,14.947947,18.454428
2026-05-09 18:00:00+02:00,22.134499,10.805999,23.039999,0.0,0.0,46340.0,13.144288,19.755098
2026-05-09 19:00:00+02:00,21.634499,8.209263,18.0,0.0,0.0,45000.0,14.836392,18.042753
2026-05-09 20:00:00+02:00,20.484499,8.78872,15.4800005,0.0,0.0,42260.0,15.148044,14.153901
2026-05-09 21:00:00+02:00,18.6845,13.698934,22.319998,0.0,0.0,43680.0,25.665043,10.98112
2026-05-09 22:00:00+02:00,18.4345,10.829959,24.48,0.0,0.0,42120.0,29.843752,7.4740934
2026-05-09 23:00:00+02:00,17.734499,9.605998,16.56,0.0,0.0,41620.0,22.104788,7.022301
2026-05-10 00:00:00+02:00,17.5345,7.42159,14.759999,0.0,0.0,41900.0,18.58883,6.113084
2026-05-10 01:00:00+02:00,15.7845,4.198285,10.799999,0.0,0.0,40820.0,20.752947,7.499821
2026-05-10 02:00:00+02:00,15.0345,1.2979984,7.92,0.0,0.0,39140.0,18.43177,6.939521
2026-05-10 03:00:00+02:00,13.3345,1.8,2.16,0.0,0.0,34300.0,17.370333,6.48019
2026-05-10 04:00:00+02:00,13.684501,3.563818,6.4799995,0.0,0.0,37480.0,15.975386,13.711481
2026-05-10 05:00:00+02:00,13.3845005,3.396233,7.92,0.0,0.0,36280.0,14.192577,9.931033
2026-05-10 06:00:00+02:00,13.2845,3.8268526,7.92,0.0,0.0,34360.0,14.309151,14.753624
2026-05-10 07:00:00+02:00,13.0345,3.319036,5.04,0.0,0.0,31500.0,9.784211,20.103062
2026-05-10 08:00:00+02:00,13.6345005,3.671294,7.92,0.0,0.0,20700.0,1.3670886,14.8057575
2026-05-10 09:00:00+02:00,14.9845,3.563818,6.4799995,0.0,0.0,30080.0,5.3142853,20.293798
2026-05-10 10:00:00+02:00,16.134499,6.924738,12.599999,0.0,0.0,33160.0,7.1182017,21.51923
2026-05-10 11:00:00+02:00,17.8345,6.9899354,13.32,0.0,0.0,36820.0,3.0569031,21.617472
2026-05-10 12:00:00+02:00,18.7845,4.6800003,13.679999,2.0,0.0,38240.0,8.062088,21.230852
2026-05-10 13:00:00+02:00,19.1845,7.5685663,14.4,46.0,0.0,39480.0,8.84802,22.490902
2026-05-10 14:00:00+02:00,19.884499,7.5170207,11.5199995,0.0,0.0,40100.0,3.89347,23.298607
2026-05-10 15:00:00+02:00,19.234499,15.876775,27.0,14.0,0.0,39960.0,10.391472,23.17426
2026-05-10 16:00:00+02:00,16.1845,25.071098,44.28,63.0,0.3,19520.0,23.647955,26.869482
2026-05-10 17:00:00+02:00,15.3345,10.144082,41.399998,33.0,1.4,18940.0,19.429977,43.629665
2026-05-10 18:00:00+02:00,15.5845,15.281989,26.64,63.0,0.0,23700.0,33.424625,51.28113
2026-05-10 19:00:00+02:00,15.2845,14.081477,26.28,15.0,0.3,30560.0,44.392387,51.662857
2026-05-10 20:00:00+02:00,14.4845,7.5942082,24.119999,19.0,0.0,25820.0,43.844036,68.55741
2026-05-10 21:00:00+02:00,13.1345005,4.6938252,11.5199995,37.0,0.0,16460.0,42.553337,68.90773
2026-05-10 22:00:00+02:00,12.3845005,4.379589,7.5599995,39.0,0.0,15760.0,42.41893,60.210094
2026-05-10 23:00:00+02:00,12.9845,4.2136917,8.28,53.0,0.0,21140.0,48.047325,55.7827
2026-05-11 00:00:00+02:00,12.5845,4.68,9.36,67.0,0.0,13860.0,52.166763,53.437016
2026-05-11 01:00:00+02:00,12.684501,5.692099,10.440001,70.0,0.0,10740.0,51.040005,36.414967
2026-05-11 02:00:00+02:00,12.3345,7.10031,13.679999,72.0,0.0,1300.0,43.02409,52.274452
2026-05-11 03:00:00+02:00,12.0845,7.5942082,13.32,68.0,0.0,10180.0,46.572506,37.80097
2026-05-11 04:00:00+02:00,11.7345,11.457958,19.8,97.0,0.0,3360.0,48.691303,36.70475
2026-05-11 05:00:00+02:00,11.9845,20.620804,32.039997,94.0,0.1,22680.0,51.96735,39.142838
2026-05-11 06:00:00+02:00,11.184501,11.113451,32.760002,57.0,0.3,17900.0,51.07051,37.744873
2026-05-11 07:00:00+02:00,10.9845,10.799999,18.0,56.0,0.0,12800.0,61.30257,51.032616
2026-05-11 08:00:00+02:00,11.0345,13.755579,23.759998,91.0,0.9,2220.0,39.976788,50.095463
2026-05-11 09:00:00+02:00,11.3345,16.575644,31.68,93.0,2.0,10160.0,59.909756,55.992947
2026-05-11 10:00:00+02:00,12.5845,21.67487,37.8,84.0,0.2,22260.0,44.632645,52.568417
2026-05-11 11:00:00+02:00,12.5845,21.638964,45.0,96.0,1.0,20380.0,44.061367,56.971737
2026-05-11 12:00:00+02:00,14.0845,19.33639,41.039997,62.0,0.1,38000.0,41.688107,57.362602
2026-05-11 13:00:00+02:00,14.1345005,21.028437,46.8,38.0,0.0,33880.0,43.03133,68.13464
2026-05-11 14:00:00+02:00,14.934501,24.693481,52.199997,51.0,0.0,36760.0,47.499634,56.954826
2026-05-11 15:00:00+02:00,13.684501,23.557316,48.96,64.0,0.3,31040.0,51.53398,57.707443
2026-05-11 16:00:00+02:00,13.5845,19.373219,45.0,31.0,0.0,34740.0,50.07892,54.199394
2026-05-11 17:00:00+02:00,13.6345005,21.915691,39.239998,83.0,0.3,34560.0,55.24647,60.62457
2026-05-11 18:00:00+02:00,13.8345,18.504139,38.519997,49.0,0.1,36520.0,51.161922,68.21094
2026-05-11 19:00:00+02:00,11.434501,17.373497,41.399998,100.0,2.5,34640.0,64.59965,73.78639
2026-05-11 20:00:00+02:00,10.0345,14.277983,28.44,100.0,1.6,13420.0,48.441166,55.89309
2026-05-11 21:00:00+02:00,9.934501,5.1544156,23.039999,63.0,1.7,34880.0,41.98592,59.125374
2026-05-11 22:00:00+02:00,8.8345,10.365251,17.28,79.0,0.1,32000.0,39.927414,52.436337
2026-05-11 23:00:00+02:00,7.6345,9.360001,18.359999,0.0,0.1,32600.0,37.71557,66.460175
2026-05-12 00:00:00+02:00,6.9344997,9.779817,16.919998,0.0,0.0,25260.0,38.929367,66.48625
2026-05-12 01:00:00+02:00,5.9845,6.12,17.28,0.0,0.0,18980.0,27.066973,61.64857
2026-05-12 02:00:00+02:00,5.2844996,5.771239,10.08,35.0,0.0,11140.0,23.15098,58.35803
2026-05-12 03:00:00+02:00,5.3345,5.315336,9.36,69.0,0.0,8080.0,25.273685,48.20645
2026-05-12 04:00:00+02:00,5.6844997,5.692099,10.08,90.0,0.0,14500.0,32.177444,40.464012
2026-05-12 05:00:00+02:00,6.0845,6.379216,14.759999,100.0,0.1,16120.0,31.204378,37.493973
2026-05-12 06:00:00+02:00,5.4344997,5.495161,9.72,22.0,0.3,31860.0,26.102283,40.464012
2026-05-12 07:00:00+02:00,5.2844996,3.7064266,7.92,66.0,0.1,30320.0,33.26582,46.865147
2026-05-12 08:00:00+02:00,5.7345,6.379216,11.5199995,24.0,0.2,31220.0,35.014553,33.568924
2026-05-12 09:00:00+02:00,6.5344996,4.6102495,12.24,83.0,0.0,36480.0,21.882908,41.0829
2026-05-12 10:00:00+02:00,8.0845,9.114471,16.919998,0.0,0.0,38360.0,24.117481,29.857687
2026-05-12 11:00:00+02:00,9.184501,11.620809,18.72,47.0,0.0,39980.0,18.369701,27.653793
2026-05-12 12:00:00+02:00,10.0845,9.565437,21.24,89.0,0.0,41340.0,13.120569,35.15537
2026-05-12 13:00:00+02:00,10.8845005,9.793059,16.919998,91.0,0.0,41700.0,12.603934,39.260765
2026-05-12 14:00:00+02:00,11.8845005,10.787993,19.8,19.0,0.0,42060.0,13.678478,36.51006
2026-05-12 15:00:00+02:00,12.2845,15.281989,22.68,7.0,0.0,42720.0,15.372571,40.37823
2026-05-12 16:00:00+02:00,12.7345,11.304229,23.4,27.0,0.0,42520.0,15.851416,36.64172
2026-05-12 17:00:00+02:00,13.2845,6.3690495,19.44,58.0,0.0,44640.0,10.520564,31.79482
2026-05-12 18:00:00+02:00,12.8345,5.8603754,11.5199995,50.0,0.0,43420.0,11.537306,29.487658
2026-05-12 19:00:00+02:00,12.1345005,6.6087217,14.04,30.0,0.0,43060.0,12.603934,32.490005
2026-05-12 20:00:00+02:00,11.934501,9.178235,11.879999,0.0,0.0,45700.0,12.889034,29.179018
2026-05-12 21:00:00+02:00,9.8845005,11.841756,19.8,0.0,0.0,44740.0,13.859459,28.423246
2026-05-12 22:00:00+02:00,9.1345005,1.835647,18.359999,0.0,0.0,44280.0,12.312233,27.57008
2026-05-12 23:00:00+02:00,6.6844997,3.7064266,2.8799999,0.0,0.0,40220.0,13.309138,33.93419
2026-05-13 00:00:00+02:00,6.1844997,1.2979984,5.7599998,0.0,0.0,39800.0,11.926711,29.896374
2026-05-13 01:00:00+02:00,5.7844996,3.0758414,4.68,0.0,0.0,40500.0,13.057107,27.493116
2026-05-13 02:00:00+02:00,5.4344997,1.484318,3.6,0.0,0.0,39980.0,16.149912,29.441893
2026-05-13 03:00:00+02:00,4.7345,2.7416782,3.6,0.0,0.0,35680.0,14.148615,29.494188
2026-05-13 04:00:00+02:00,4.1345,2.1897945,3.6,0.0,0.0,29660.0,18.31876,33.106678
2026-05-13 05:00:00+02:00,3.3345,1.8,2.8799999,0.0,0.0,23660.0,19.128386,36.641724
2026-05-13 06:00:00+02:00,2.4845002,2.8116899,3.6,0.0,0.0,14820.0,20.981829,38.04478
2026-05-13 07:00:00+02:00,1.9844999,2.3051248,4.32,71.0,0.0,440.0,23.90994,39.767754
2026-05-13 08:00:00+02:00,5.1844997,3.096837,5.04,0.0,0.0,16260.0,24.666595,42.84557
2026-05-13 09:00:00+02:00,8.0345,8.707237,14.759999,0.0,0.0,35500.0,27.931612,46.55586
2026-05-13 10:00:00+02:00,10.0845,12.984975,23.4,0.0,0.0,38340.0,23.258368,48.449585
2026-05-13 11:00:00+02:00,11.1345005,15.281989,28.08,49.0,0.0,40140.0,21.991768,47.319187
2026-05-13 12:00:00+02:00,12.2845,19.386593,33.48,70.0,0.0,40940.0,25.133617,44.347828
2026-05-13 13:00:00+02:00,13.5845,22.768396,40.32,40.0,0.0,41760.0,38.905354,44.70689
2026-05-13 14:00:00+02:00,13.3845005,22.725668,45.719997,68.0,0.0,41940.0,36.603497,47.79713
2026-05-13 15:00:00+02:00,13.8845005,24.344624,42.48,52.0,0.0,41960.0,50.4425,35.919647
2026-05-13 16:00:00+02:00,14.6345005,25.076267,49.32,30.0,0.0,42160.0,52.90984,42.755558
2026-05-13 17:00:00+02:00,14.434501,27.567635,46.44,18.0,0.0,42280.0,49.318455,42.859055
2026-05-13 18:00:00+02:00,14.434501,24.442913,50.399998,0.0,0.0,42260.0,49.016476,45.779804
2026-05-13 19:00:00+02:00,14.3345,24.363249,46.44,0.0,0.0,42200.0,56.274326,56.359844
2026-05-13 20:00:00+02:00,13.2845,21.734581,45.0,0.0,0.0,42720.0,57.071285,63.17937
2026-05-13 21:00:00+02:00,12.3845005,16.78156,34.56,0.0,0.0,41820.0,57.803402,62.341465
2026-05-13 22:00:00+02:00,11.2345,19.245697,49.32,40.0,1.1,40940.0,63.55124,72.44009
2026-05-13 23:00:00+02:00,9.1345005,19.376562,44.28,81.0,2.0,32760.0,57.71712,69.28687
2026-05-14 00:00:00+02:00,9.0845,18.971008,34.56,37.0,1.2,37900.0,55.95979,74.524124
2026-05-14 01:00:00+02:00,7.9344997,13.479583,30.599998,100.0,0.5,30740.0,49.9606,69.793785
2026-05-14 02:00:00+02:00,6.6345,11.480557,19.8,74.0,0.3,1660.0,52.97456,72.24038
2026-05-14 03:00:00+02:00,6.6345,9.339208,18.72,81.0,0.0,17080.0,46.659374,72.28303
2026-05-14 04:00:00+02:00,6.5344996,5.315336,14.4,96.0,0.0,19640.0,46.13572,76.64951
2026-05-14 05:00:00+02:00,7.1345,7.42159,14.4,89.0,0.2,18180.0,40.80199,66.17844
2026-05-14 06:00:00+02:00,7.1345,6.1094027,19.08,81.0,0.0,22200.0,51.592377,58.358036
2026-05-14 07:00:00+02:00,6.9845,7.386582,15.119999,55.0,0.2,23620.0,53.80304,61.782784
2026-05-14 08:00:00+02:00,7.3845,8.913181,14.4,88.0,0.0,19320.0,52.381283,57.867455
2026-05-14 09:00:00+02:00,8.1345005,9.957108,16.56,70.0,0.1,24960.0,36.184113,53.853542
2026-05-14 10:00:00+02:00,8.8845005,16.055355,29.519999,70.0,0.3,32760.0,32.559166,55.491875
2026-05-14 11:00:00+02:00,9.3845005,14.386494,34.92,72.0,0.1,35920.0,32.889145,60.522808
2026-05-14 12:00:00+02:00,9.3345,17.174677,28.8,100.0,0.0,35700.0,29.114672,52.329693
2026-05-14 13:00:00+02:00,8.434501,25.068514,42.48,100.0,0.5,8900.0,35.617252,49.13259
2026-05-14 14:00:00+02:00,9.2845,20.304129,41.039997,72.0,0.8,31580.0,31.915,53.437016
2026-05-14 15:00:00+02:00,10.3345,17.581125,38.16,78.0,0.0,37500.0,28.85676,55.992947
2026-05-14 16:00:00+02:00,10.5845,17.566378,35.64,59.0,0.0,38120.0,24.863644,45.041714
2026-05-14 17:00:00+02:00,9.5845,21.638964,31.68,57.0,0.2,36280.0,28.109474,46.198654
2026-05-14 18:00:00+02:00,9.7845,15.281989,35.64,71.0,0.0,37220.0,31.833569,40.435436
2026-05-14 19:00:00+02:00,8.7845,12.10157,25.919998,68.0,1.2,34660.0,39.705757,30.816475
2026-05-14 20:00:00+02:00,7.5344996,14.689588,41.039997,17.0,0.9,33140.0,35.371532,33.42516
2026-05-14 21:00:00+02:00,6.0344996,6.130579,23.4,0.0,0.0,24340.0,34.301548,36.28779
2026-05-14 22:00:00+02:00,5.1345,3.319036,9.0,95.0,0.1,20160.0,36.080666,37.6938
2026-05-14 23:00:00+02:00,5.2844996,4.0249224,7.5599995,58.0,1.5,15980.0,33.64137,32.47814
2026-05-15 00:00:00+02:00,5.3345,3.671294,7.2,92.0,0.0,9300.0,27.5875,34.14357
2026-05-15 01:00:00+02:00,5.5845,6.439876,13.32,78.0,0.0,9520.0,28.109476,36.51006
2026-05-15 02:00:00+02:00,5.5845,4.829907,10.799999,78.0,0.0,9980.0,25.408894,32.84967
2026-05-15 03:00:00+02:00,5.1345,2.5455842,7.2,72.0,0.0,3680.0,26.42252,23.090988
2026-05-15 04:00:00+02:00,4.7345,2.1897945,3.6,79.0,0.0,1080.0,21.553034,31.170736
2026-05-15 05:00:00+02:00,5.1345,3.0758414,4.32,95.0,0.0,940.0,16.506018,25.478533
2026-05-15 06:00:00+02:00,5.1345,3.2399998,6.12,100.0,0.0,620.0,15.4936695,21.002802
2026-05-15 07:00:00+02:00,5.5845,2.3051248,5.3999996,90.0,0.0,1020.0,15.587208,23.397612
2026-05-15 08:00:00+02:00,6.4845,2.52,5.04,92.0,0.1,18880.0,6.728273,14.529971
2026-05-15 09:00:00+02:00,7.0344996,4.73506,8.64,98.0,0.3,27840.0,8.215179,6.8275857
2026-05-15 10:00:00+02:00,7.3845,5.904439,10.799999,67.0,0.4,30780.0,8.976174,3.7755077
2026-05-15 11:00:00+02:00,7.7844996,3.6179552,10.799999,94.0,0.2,19900.0,9.580463,3.9255857
2026-05-15 12:00:00+02:00,8.934501,6.830519,14.759999,84.0,0.1,29900.0,10.035667,8.442291
2026-05-15 13:00:00+02:00,10.0345,7.754637,17.28,67.0,0.1,31600.0,14.947947,12.413793
2026-05-15 14:00:00+02:00,8.934501,10.495713,23.759998,87.0,0.1,31600.0,12.0307255,6.598021
2026-05-15 15:00:00+02:00,8.9845,10.182337,23.039999,100.0,0.3,30060.0,17.292456,5.00416
2026-05-15 16:00:00+02:00,10.4845,10.948973,24.84,97.0,0.0,35460.0,15.284515,7.022301
2026-05-15 17:00:00+02:00,10.3345,3.96,23.039999,0.0,0.5,39300.0,18.54969,18.074755
2026-05-15 18:00:00+02:00,9.0345,4.072935,19.8,41.0,0.1,37520.0,21.591537,10.714764
2026-05-15 19:00:00+02:00,9.2845,6.696387,11.879999,30.0,0.0,36360.0,17.12957,15.861018
2026-05-15 20:00:00+02:00,7.8345,7.2,15.84,76.0,0.0,23280.0,20.143627,17.043554
2026-05-15 21:00:00+02:00,6.7844996,5.4833565,12.959999,59.0,0.0,19360.0,19.376469,14.044602
2026-05-15 22:00:00+02:00,6.1844997,5.506941,12.24,93.0,0.0,14340.0,11.031237,16.94153
2026-05-15 23:00:00+02:00,5.2345,4.896529,14.04,57.0,0.5,7300.0,18.056154,13.152178
2026-05-16 00:00:00+02:00,5.1345,3.219938,7.92,91.0,0.4,8860.0,13.949067,11.41124
2026-05-16 01:00:00+02:00,4.7345,2.9024127,6.8399997,88.0,0.1,1100.0,14.47508,10.98112
2026-05-16 02:00:00+02:00,3.7345002,3.096837,5.04,81.0,0.0,680.0,15.792356,12.795844
2026-05-16 03:00:00+02:00,2.9845002,2.0991426,5.04,81.0,0.0,1000.0,15.318443,14.181093
2026-05-16 04:00:00+02:00,2.9845002,1.8,2.8799999,46.0,0.0,11080.0,13.456546,17.21225
2026-05-16 05:00:00+02:00,2.5845,1.835647,3.2399998,86.0,0.1,620.0,12.44643,15.824542
2026-05-16 06:00:00+02:00,2.5345001,1.9386592,2.8799999,89.0,0.0,340.0,11.92671,17.043554
2026-05-16 07:00:00+02:00,3.0345001,1.5273507,3.2399998,98.0,0.1,180.0,11.273301,14.909477
2026-05-16 08:00:00+02:00,4.3345,2.3051248,5.7599998,100.0,0.0,540.0,8.658227,19.725824
2026-05-16 09:00:00+02:00,6.5344996,5.1165614,9.0,99.0,0.0,21380.0,8.402622,16.292364
2026-05-16 10:00:00+02:00,7.4845,9.585739,14.04,92.0,0.4,21120.0,8.95301,14.896551
2026-05-16 11:00:00+02:00,8.684501,10.594036,17.64,81.0,0.4,36800.0,11.618018,18.381218
2026-05-16 12:00:00+02:00,9.3845005,9.72,19.44,76.0,0.1,38020.0,15.148044,15.529648
2026-05-16 13:00:00+02:00,10.4845,6.489992,16.919998,65.0,0.0,39360.0,10.831775,13.711481
2026-05-16 14:00:00+02:00,10.9845,7.5942082,17.28,0.0,0.0,40480.0,11.537306,13.655171
2026-05-16 15:00:00+02:00,12.1345005,6.5693827,13.32,62.0,0.0,41360.0,14.265547,14.153901
2026-05-16 16:00:00+02:00,11.7345,11.923557,26.28,64.0,0.0,40720.0,13.97881,15.517241
2026-05-16 17:00:00+02:00,11.6345005,10.931203,27.359999,63.0,0.0,40640.0,12.396276,17.31268
2026-05-16 18:00:00+02:00,11.6345005,10.137692,22.68,48.0,0.0,41220.0,12.4380865,14.289349
2026-05-16 19:00:00+02:00,11.1345005,4.8433046,17.28,25.0,0.0,41180.0,10.118097,13.093462
2026-05-16 20:00:00+02:00,10.1345005,7.24486,13.32,50.0,0.0,39840.0,10.391472,16.861752
2026-05-16 21:00:00+02:00,8.8345,3.0547013,10.440001,10.0,0.0,37860.0,10.520563,19.949162
2026-05-16 22:00:00+02:00,6.9344997,3.7064266,9.0,3.0,0.0,36280.0,15.311664,16.94153
2026-05-16 23:00:00+02:00,6.4845,1.609969,4.68,7.0,0.0,28520.0,16.562534,15.95788
2026-05-17 00:00:00+02:00,5.9344997,1.835647,3.2399998,6.0,0.0,31820.0,14.899244,14.329733
2026-05-17 01:00:00+02:00,5.8345,2.4149535,2.8799999,44.0,0.0,34660.0,13.270073,13.739551
2026-05-17 02:00:00+02:00,5.0845,1.4399999,3.2399998,7.0,0.0,31520.0,11.501252,16.292364
2026-05-17 03:00:00+02:00,4.7844996,1.2979984,1.8,5.0,0.0,31660.0,12.269996,13.948265
2026-05-17 04:00:00+02:00,4.7844996,1.08,1.8,0.0,0.0,29620.0,11.208644,14.181093
2026-05-17 05:00:00+02:00,3.3845,1.2979984,2.52,8.0,0.0,26700.0,10.401459,18.096056
2026-05-17 06:00:00+02:00,1.9844999,1.9386592,2.52,98.0,0.0,200.0,9.227144,14.896551
2026-05-17 07:00:00+02:00,2.7845001,1.1384199,2.8799999,56.0,0.0,3720.0,6.198138,13.948265
2026-05-17 08:00:00+02:00,3.6345,1.8,3.2399998,86.0,0.0,260.0,6.47666,12.241913
2026-05-17 09:00:00+02:00,6.2844996,1.2979984,3.96,52.0,0.0,1240.0,7.1182017,8.442291
2026-05-17 10:00:00+02:00,9.2845,3.319036,7.2,0.0,0.0,32360.0,7.1182017,5.00416
2026-05-17 11:00:00+02:00,11.8345,6.4096174,10.440001,0.0,0.0,40160.0,4.556962,6.329817
2026-05-17 12:00:00+02:00,12.684501,7.24486,8.28,0.0,0.0,41000.0,3.67394,9.813965
2026-05-17 13:00:00+02:00,13.6345005,7.754637,8.64,0.0,0.0,41760.0,3.9200466,13.739551
2026-05-17 14:00:00+02:00,14.684501,8.427383,9.36,0.0,0.0,43280.0,5.0333285,16.861752
2026-05-17 15:00:00+02:00,14.5845,8.39657,11.5199995,0.0,0.0,43480.0,6.524576,16.11404
2026-05-17 16:00:00+02:00,15.2345,7.172949,12.959999,0.0,0.0,42180.0,11.254866,19.716057
2026-05-17 17:00:00+02:00,15.0345,10.44,14.4,0.0,0.0,45640.0,12.832521,22.499464
2026-05-17 18:00:00+02:00,14.934501,8.854829,19.8,0.0,0.0,45840.0,13.270073,23.757093
2026-05-17 19:00:00+02:00,14.684501,5.904439,14.759999,0.0,0.0,47140.0,9.215885,31.903688
2026-05-17 20:00:00+02:00,14.4845,1.4399999,9.36,0.0,0.0,46320.0,12.269995,30.533892
2026-05-17 21:00:00+02:00,12.3845005,3.7585104,5.3999996,0.0,0.0,43840.0,11.961482,31.022066
2026-05-17 22:00:00+02:00,10.1345005,2.968636,5.7599998,0.0,0.0,41560.0,15.942856,33.66061
2026-05-17 23:00:00+02:00,9.184501,2.9024127,3.96,0.0,0.0,40860.0,17.584206,31.38628
2026-05-18 00:00:00+02:00,8.0845,5.991594,9.36,0.0,0.0,38540.0,19.972805,36.414967
2026-05-18 01:00:00+02:00,7.8845,2.9024127,8.28,0.0,0.0,38320.0,21.882908,37.61707
2026-05-18 02:00:00+02:00,7.9845,1.08,3.2399998,0.0,0.0,37080.0,22.624752,35.504314
2026-05-18 03:00:00+02:00,6.7844996,1.0182338,1.4399999,2.0,0.0,32260.0,23.643562,34.430096
2026-05-18 04:00:00+02:00,5.9344997,0.0,1.4399999,3.0,0.0,21960.0,20.907467,36.36733
2026-05-18 05:00:00+02:00,5.8345,2.6208394,2.16,78.0,0.0,16220.0,18.97032,35.138927
2026-05-18 06:00:00+02:00,6.3845,1.609969,2.8799999,86.0,0.2,17500.0,20.712883,44.434616
2026-05-18 07:00:00+02:00,7.0344996,2.9024127,3.96,100.0,0.6,16700.0,26.149975,41.10165
2026-05-18 08:00:00+02:00,7.8845,1.1384199,5.04,100.0,0.6,13280.0,34.542854,37.529915
2026-05-18 09:00:00+02:00,8.684501,1.1384199,7.92,95.0,0.1,1560.0,26.086369,34.278706
2026-05-18 10:00:00+02:00,10.184501,5.00128,8.64,85.0,0.1,19540.0,20.480995,39.607586
2026-05-18 11:00:00+02:00,10.0845,6.5693827,12.599999,95.0,0.0,10180.0,14.243696,42.48438
2026-05-18 12:00:00+02:00,10.7345,6.489992,20.16,90.0,0.2,19360.0,14.41038,50.27969
2026-05-18 13:00:00+02:00,11.4845,4.072935,13.32,100.0,0.1,21120.0,13.859459,42.206898
2026-05-18 14:00:00+02:00,11.5845,6.4096174,12.959999,93.0,0.0,20680.0,17.412127,40.057327
2026-05-18 15:00:00+02:00,12.9845,3.7585104,17.64,49.0,0.0,33620.0,14.878324,36.372623
2026-05-18 16:00:00+02:00,13.0345,7.42159,14.04,73.0,0.9,31220.0,15.284515,41.973488
2026-05-18 17:00:00+02:00,13.5345,5.2416787,15.4800005,68.0,0.0,35960.0,11.618018,35.812233
2026-05-18 18:00:00+02:00,12.3345,8.825508,16.199999,100.0,1.2,8700.0,19.360386,15.012479
2026-05-18 19:00:00+02:00,12.9845,3.6,12.959999,48.0,0.3,33160.0,14.41038,24.554531
2026-05-18 20:00:00+02:00,10.7345,2.4149535,17.64,0.0,0.1,22180.0,8.513107,20.557856
2026-05-18 21:00:00+02:00,9.2345,2.52,5.7599998,20.0,0.0,14880.0,10.520563,28.477415
2026-05-18 22:00:00+02:00,8.7845,1.4399999,3.2399998,26.0,0.0,21140.0,10.599223,27.317396
2026-05-18 23:00:00+02:00,8.4845,2.3051248,4.32,77.0,0.0,23140.0,18.056154,29.441893
2026-05-19 00:00:00+02:00,7.7345,3.7585104,5.3999996,59.0,0.0,29640.0,15.916784,28.123474
2026-05-19 01:00:00+02:00,7.1345,1.609969,4.68,50.0,0.0,21020.0,14.075039,25.719328
2026-05-19 02:00:00+02:00,6.1345,2.4149535,3.96,81.0,0.0,720.0,16.587591,23.553514
2026-05-19 03:00:00+02:00,6.4344997,2.4149535,5.04,99.0,0.0,160.0,15.587208,19.271389
2026-05-19 04:00:00+02:00,6.2844996,2.2768397,4.32,100.0,0.0,60.0,15.851416,15.628565
2026-05-19 05:00:00+02:00,5.1345,0.8049845,3.6,100.0,0.0,100.0,12.767628,15.714606
2026-05-19 06:00:00+02:00,5.1844997,1.484318,2.16,100.0,0.0,60.0,14.265547,14.753624
2026-05-19 07:00:00+02:00,5.4845,0.35999998,3.6,100.0,0.0,40.0,13.049152,15.266946
2026-05-19 08:00:00+02:00,5.6844997,1.8,4.32,100.0,0.0,40.0,13.285712,17.773846
2026-05-19 09:00:00+02:00,7.0344996,3.219938,6.4799995,100.0,0.0,80.0,12.864844,16.13793
2026-05-19 10:00:00+02:00,10.3845005,7.145796,12.959999,90.0,0.0,27120.0,13.152184,18.25503
2026-05-19 11:00:00+02:00,11.6345005,5.904439,13.32,8.0,0.0,26520.0,10.831774,18.672342
2026-05-19 12:00:00+02:00,12.934501,6.9153743,12.599999,37.0,0.0,29220.0,15.311664,19.832952
2026-05-19 13:00:00+02:00,14.2845,7.145796,12.959999,2.0,0.0,35540.0,16.952879,24.206896
2026-05-19 14:00:00+02:00,15.184501,10.195057,15.119999,0.0,0.0,39280.0,20.404812,26.340944
2026-05-19 15:00:00+02:00,15.0845,9.0,18.359999,0.0,0.0,40320.0,22.273243,28.693052
2026-05-19 16:00:00+02:00,15.0845,12.979984,23.039999,33.0,0.0,41080.0,27.189447,34.273087
2026-05-19 17:00:00+02:00,14.9845,7.653705,21.599998,0.0,0.0,41200.0,32.03191,29.356714
2026-05-19 18:00:00+02:00,15.1345005,7.7043357,14.759999,0.0,0.0,40680.0,35.453632,24.278408
2026-05-19 19:00:00+02:00,15.1345005,7.145796,13.679999,9.0,0.0,40240.0,38.169827,29.435352
2026-05-19 20:00:00+02:00,15.3845005,6.763786,12.24,41.0,0.0,41200.0,34.47967,31.170736
2026-05-19 21:00:00+02:00,13.434501,6.28713,10.799999,42.0,0.0,40500.0,30.721495,29.857687
2026-05-19 22:00:00+02:00,11.6345005,3.396233,9.36,25.0,0.0,36820.0,28.85676,28.61238
2026-05-19 23:00:00+02:00,11.8345,3.0758414,4.68,7.0,0.0,34900.0,31.260893,27.401884
2026-05-20 00:00:00+02:00,10.7345,2.2768397,3.6,0.0,0.0,27600.0,37.158104,28.04116
2026-05-20 01:00:00+02:00,10.434501,3.396233,4.68,70.0,0.0,23300.0,35.31278,29.591993
2026-05-20 02:00:00+02:00,11.0345,3.7585104,6.8399997,44.0,0.3,16100.0,29.982595,38.11055
2026-05-20 03:00:00+02:00,10.934501,3.7064266,7.2,64.0,0.3,13860.0,39.171318,39.417454
2026-05-20 04:00:00+02:00,10.4845,3.4152596,6.4799995,91.0,1.2,3340.0,38.958694,49.05019
2026-05-20 05:00:00+02:00,10.5345,5.495161,6.8399997,84.0,0.5,2100.0,43.63514,39.665905
2026-05-20 06:00:00+02:00,10.5345,4.8433046,10.440001,91.0,0.0,440.0,35.687153,36.085506
2026-05-20 07:00:00+02:00,10.5345,3.8939953,6.8399997,86.0,0.0,760.0,33.303257,39.767754
2026-05-20 08:00:00+02:00,11.7345,4.5536795,8.64,71.0,0.0,800.0,37.921482,39.69503
2026-05-20 09:00:00+02:00,13.3345,7.42159,12.599999,75.0,0.0,18540.0,39.91701,33.88306
2026-05-20 10:00:00+02:00,15.0845,10.948973,18.72,45.0,0.0,31060.0,30.162128,31.040686
2026-05-20 11:00:00+02:00,16.234499,12.10157,21.599998,62.0,0.0,34640.0,27.349365,37.882412
2026-05-20 12:00:00+02:00,17.634499,10.514218,20.880001,29.0,0.0,38700.0,26.233223,40.11499
2026-05-20 13:00:00+02:00,18.484499,14.186923,26.64,77.0,0.0,40500.0,23.80549,41.877007
2026-05-20 14:00:00+02:00,18.734499,11.525623,27.0,31.0,0.0,40520.0,26.038563,39.801647
2026-05-20 15:00:00+02:00,20.234499,11.726277,26.28,0.0,0.0,41480.0,21.437103,36.62069
2026-05-20 16:00:00+02:00,19.984499,12.074766,28.44,0.0,0.0,42060.0,30.131134,39.500443
2026-05-20 17:00:00+02:00,20.4345,10.446206,29.88,0.0,0.0,42400.0,28.267859,35.138927
2026-05-20 18:00:00+02:00,20.2845,13.276144,25.919998,0.0,0.0,42460.0,21.344877,34.957558
2026-05-20 19:00:00+02:00,19.0345,18.837324,34.56,0.0,0.0,41460.0,24.306171,28.612377
2026-05-20 20:00:00+02:00,18.484499,16.1198,35.64,0.0,0.0,41500.0,21.026318,28.578697
2026-05-20 21:00:00+02:00,16.384499,3.5455887,27.359999,0.0,0.0,41100.0,18.369701,26.855139
2026-05-20 22:00:00+02:00,13.684501,3.0758414,4.32,0.0,0.0,38360.0,17.465712,20.864775
2026-05-20 23:00:00+02:00,12.184501,2.4149535,3.6,0.0,0.0,34700.0,16.162766,25.838884
2026-05-21 00:00:00+02:00,11.8345,2.52,2.8799999,0.0,0.0,35000.0,13.309138,31.722036
2026-05-21 01:00:00+02:00,10.8345,2.5959969,2.8799999,0.0,0.0,29720.0,10.870049,36.96101
2026-05-21 02:00:00+02:00,9.9845,3.219938,3.6,0.0,0.0,28060.0,7.5842957,37.0339
2026-05-21 03:00:00+02:00,9.434501,2.8116899,5.04,0.0,0.0,22460.0,4.101266,38.712326
2026-05-21 04:00:00+02:00,9.684501,3.219938,4.32,0.0,0.0,28340.0,3.286072,37.30856
2026-05-21 05:00:00+02:00,9.0345,4.0249224,5.3999996,0.0,0.0,26400.0,4.6472077,36.494225
2026-05-21 06:00:00+02:00,9.184501,3.219938,5.7599998,0.0,0.0,27940.0,4.9291077,33.568924
2026-05-21 07:00:00+02:00,9.7345,3.8268526,5.3999996,0.0,0.0,26400.0,5.155614,30.267769
2026-05-21 08:00:00+02:00,12.184501,4.896529,7.5599995,0.0,0.0,25500.0,5.487309,27.89653
2026-05-21 09:00:00+02:00,13.9845,7.0911775,12.599999,0.0,0.0,29440.0,4.101266,25.92819
2026-05-21 10:00:00+02:00,15.9845,8.089993,14.4,0.0,0.0,32620.0,5.094838,26.054182
2026-05-21 11:00:00+02:00,17.9345,10.739833,18.359999,0.0,0.0,39340.0,2.7718916,23.789505
2026-05-21 12:00:00+02:00,18.984499,12.015589,18.0,0.0,0.0,39860.0,1.0189676,19.430658
2026-05-21 13:00:00+02:00,20.3345,9.826088,17.28,0.0,0.0,40760.0,0.64445174,17.390388
2026-05-21 14:00:00+02:00,21.6845,8.64,14.04,0.0,0.0,41920.0,2.278481,15.152965
2026-05-21 15:00:00+02:00,22.384499,10.086427,14.04,0.0,0.0,42040.0,4.1265044,13.612786
2026-05-21 16:00:00+02:00,22.6845,12.24,21.599998,0.0,0.0,42240.0,15.372571,13.879042
2026-05-21 17:00:00+02:00,22.884499,14.77755,27.0,0.0,0.0,42720.0,15.148044,15.554438
2026-05-21 18:00:00+02:00,22.384499,15.226764,27.0,0.0,0.0,43700.0,18.838505,16.102081
2026-05-21 19:00:00+02:00,21.7845,13.708391,25.919998,0.0,0.0,44100.0,17.412127,17.78468
2026-05-21 20:00:00+02:00,21.3345,10.00256,22.68,0.0,0.0,43280.0,12.438086,18.328745
2026-05-21 21:00:00+02:00,18.634499,11.043261,18.359999,0.0,0.0,42480.0,11.419714,20.01664
2026-05-21 22:00:00+02:00,16.8345,8.534353,18.72,0.0,0.0,41940.0,8.84802,19.120867
2026-05-21 23:00:00+02:00,15.4845,7.9036193,13.32,0.0,0.0,40520.0,8.561753,18.948832
2026-05-22 00:00:00+02:00,14.5345,6.489992,12.24,0.0,0.0,40240.0,6.0797453,19.480164
2026-05-22 01:00:00+02:00,13.7345,6.193674,10.799999,0.0,0.0,39660.0,1.0189676,19.803793
2026-05-22 02:00:00+02:00,12.8845005,4.6938257,9.36,0.0,0.0,38100.0,2.6571426,18.339252
2026-05-22 03:00:00+02:00,12.184501,4.0249224,7.2,0.0,0.0,37440.0,1.643036,16.102081
2026-05-22 04:00:00+02:00,11.0345,3.319036,5.7599998,0.0,0.0,34080.0,1.0189676,14.4368725
2026-05-22 05:00:00+02:00,8.8345,1.835647,4.32,0.0,0.0,19900.0,0.64445174,13.0492525
2026-05-22 06:00:00+02:00,8.3345,1.8,2.52,0.0,0.0,18340.0,1.4410379,12.780782
2026-05-22 07:00:00+02:00,9.0845,1.484318,2.16,0.0,0.0,17160.0,1.4410379,11.711148
2026-05-22 08:00:00+02:00,12.5845,2.1897945,1.8,0.0,0.0,21060.0,2.0379353,10.98112
2026-05-22 09:00:00+02:00,14.8345,2.6208394,5.7599998,0.0,0.0,30160.0,4.323114,8.442291
2026-05-22 10:00:00+02:00,17.0345,3.6179552,7.92,0.0,0.0,34860.0,3.5591009,7.900089
2026-05-22 11:00:00+02:00,19.8345,4.379589,9.0,0.0,0.0,40660.0,5.709857,8.886923
2026-05-22 12:00:00+02:00,21.734499,5.506941,10.440001,0.0,0.0,41320.0,4.323114,8.092802
2026-05-22 13:00:00+02:00,23.3345,3.219938,8.64,0.0,0.0,42340.0,6.444517,8.622896
2026-05-22 14:00:00+02:00,24.5845,5.3999996,9.0,0.0,0.0,43660.0,10.087265,8.821657
2026-05-22 15:00:00+02:00,25.484499,5.8603754,11.879999,0.0,0.0,44920.0,11.087566,9.227214
2026-05-22 16:00:00+02:00,25.8345,5.506941,11.159999,0.0,0.0,44140.0,10.955679,10.678748
2026-05-22 17:00:00+02:00,25.6845,9.0645685,12.24,0.0,0.0,45100.0,18.347078,9.715329
2026-05-22 18:00:00+02:00,25.384499,9.779817,16.919998,0.0,0.0,44300.0,17.12957,8.068965
2026-05-22 19:00:00+02:00,24.8345,9.47012,17.28,0.0,0.0,44580.0,19.504648,7.238423
2026-05-22 20:00:00+02:00,23.7845,6.3690495,15.4800005,0.0,0.0,42560.0,12.95332,6.1445136
2026-05-22 21:00:00+02:00,20.8345,7.5599995,12.599999,0.0,0.0,45260.0,12.661468,5.339374
2026-05-22 22:00:00+02:00,18.6845,4.379589,12.24,0.0,0.0,43360.0,11.644798,7.499821
2026-05-22 23:00:00+02:00,16.3345,5.0142193,6.4799995,0.0,0.0,41440.0,13.464261,10.027549
2026-05-23 00:00:00+02:00,15.6345005,4.6800003,9.36,0.0,0.0,40200.0,12.969341,10.839878
2026-05-23 01:00:00+02:00,14.9845,2.5455842,5.3999996,0.0,0.0,38900.0,11.254866,12.475707
2026-05-23 02:00:00+02:00,13.5845,4.072935,5.04,0.0,0.0,39340.0,7.515534,9.392738
2026-05-23 03:00:00+02:00,12.8345,3.0547013,4.68,0.0,0.0,39840.0,4.323114,6.113084
2026-05-23 04:00:00+02:00,11.8845005,2.5455842,3.6,0.0,0.0,32000.0,3.4704785,6.1445136
2026-05-23 05:00:00+02:00,10.9845,4.1046314,4.32,0.0,0.0,31220.0,5.993747,9.310345
2026-05-23 06:00:00+02:00,11.0845,2.5959969,4.68,0.0,0.0,27860.0,5.487309,5.6205835
2026-05-23 07:00:00+02:00,11.4845,2.6208394,3.2399998,0.0,0.0,21660.0,6.835443,4.475857
2026-05-23 08:00:00+02:00,14.0845,1.1384199,3.6,0.0,0.0,15400.0,5.6366506,7.238423
2026-05-23 09:00:00+02:00,16.7845,1.5273507,3.96,0.0,0.0,28600.0,4.201311,9.474416
2026-05-23 10:00:00+02:00,18.9345,1.9386592,5.04,0.0,0.0,33740.0,3.2222586,9.695481
2026-05-23 11:00:00+02:00,21.384499,2.52,7.92,0.0,0.0,39860.0,4.488087,11.711148
2026-05-23 12:00:00+02:00,23.2845,3.4152596,7.5599995,0.0,0.0,40820.0,6.198138,12.735487
2026-05-23 13:00:00+02:00,24.884499,3.2599385,7.92,0.0,0.0,41380.0,7.515534,12.5680065
2026-05-23 14:00:00+02:00,26.0345,6.830519,11.879999,0.0,0.0,41880.0,14.589397,12.320337
2026-05-23 15:00:00+02:00,26.8345,8.427383,15.119999,0.0,0.0,42700.0,18.882545,10.569963
2026-05-23 16:00:00+02:00,27.2845,7.771331,14.759999,0.0,0.0,43300.0,17.46571,10.180067
2026-05-23 17:00:00+02:00,27.484499,10.137692,15.4800005,0.0,0.0,44800.0,11.618018,13.093462
2026-05-23 18:00:00+02:00,26.884499,8.0899935,16.919998,0.0,0.0,45880.0,12.669665,14.543223
2026-05-23 19:00:00+02:00,25.5845,7.771331,13.679999,0.0,0.0,44680.0,15.473553,15.025306
2026-05-23 20:00:00+02:00,24.884499,10.538843,14.04,0.0,0.0,47380.0,20.133314,13.093462
2026-05-23 21:00:00+02:00,23.0845,12.287555,19.8,0.0,0.0,44060.0,29.068275,14.289349
2026-05-23 22:00:00+02:00,22.234499,9.565437,19.8,0.0,0.0,42680.0,32.364056,16.245003
2026-05-23 23:00:00+02:00,22.0845,9.346143,14.04,0.0,0.0,41860.0,33.517685,15.824544
2026-05-24 00:00:00+02:00,18.9345,6.696387,14.759999,0.0,0.0,40260.0,35.061962,20.01664
2026-05-24 01:00:00+02:00,17.384499,5.634891,10.08,0.0,0.0,39880.0,35.89602,22.206465
2026-05-24 02:00:00+02:00,16.0845,5.154415,8.64,0.0,0.0,36200.0,31.390156,16.11404
2026-05-24 03:00:00+02:00,15.7845,5.154415,7.92,0.0,0.0,36800.0,31.996235,18.074755
2026-05-24 04:00:00+02:00,15.184501,5.0142193,7.92,0.0,0.0,36080.0,33.872055,18.672342
2026-05-24 05:00:00+02:00,14.7845,5.315336,7.5599995,0.0,0.0,35140.0,32.00272,12.735487
2026-05-24 06:00:00+02:00,14.5345,5.4833565,8.64,0.0,0.0,34740.0,34.731705,15.152965
2026-05-24 07:00:00+02:00,15.3845005,4.2136917,7.92,0.0,0.0,33420.0,36.318726,14.648801
2026-05-24 08:00:00+02:00,18.0345,5.154415,9.0,0.0,0.0,34580.0,36.92264,16.292364
2026-05-24 09:00:00+02:00,19.984499,8.049845,13.679999,0.0,0.0,38360.0,35.591007,18.91831
2026-05-24 10:00:00+02:00,21.734499,10.538843,18.359999,0.0,0.0,38740.0,35.25687,24.483826
2026-05-24 11:00:00+02:00,23.984499,14.830076,23.4,0.0,0.0,41460.0,34.743656,21.935911
2026-05-24 12:00:00+02:00,25.884499,18.94024,32.399998,0.0,0.0,43300.0,33.268944,22.379282
2026-05-24 13:00:00+02:00,27.0845,20.008356,34.92,0.0,0.0,43580.0,35.303955,28.61238
2026-05-24 14:00:00+02:00,28.0345,20.545246,35.64,0.0,0.0,46080.0,32.85124,27.549112
2026-05-24 15:00:00+02:00,28.6845,20.211363,35.64,0.0,0.0,47480.0,35.091568,30.816475
2026-05-24 16:00:00+02:00,29.0845,20.570463,36.0,0.0,0.0,49320.0,34.551872,31.170732
2026-05-24 17:00:00+02:00,28.8345,18.486622,34.92,0.0,0.0,47000.0,30.296087,31.170732
2026-05-24 18:00:00+02:00,27.984499,15.328561,32.039997,0.0,0.0,49780.0,38.56493,33.72921
2026-05-24 19:00:00+02:00,26.7845,10.041354,24.48,0.0,0.0,44160.0,30.81598,33.72921
2026-05-24 20:00:00+02:00,26.0345,7.6367526,16.199999,0.0,0.0,44920.0,33.813763,27.758083
2026-05-24 21:00:00+02:00,23.9345,11.304229,17.64,0.0,0.0,43760.0,37.99807,26.804884
2026-05-24 22:00:00+02:00,24.0845,13.089354,22.68,0.0,0.0,45300.0,40.279522,24.835342
2026-05-24 23:00:00+02:00,23.2845,12.904882,20.16,0.0,0.0,42800.0,39.054516,22.379282
2026-05-25 00:00:00+02:00,20.8345,7.7879906,20.519999,0.0,0.0,41240.0,44.651253,23.950901
2026-05-25 01:00:00+02:00,18.8345,6.1305785,11.879999,0.0,0.0,41060.0,40.758705,23.59437
2026-05-25 02:00:00+02:00,18.4345,7.7043357,9.36,0.0,0.0,37600.0,34.500744,13.0492525
2026-05-25 03:00:00+02:00,18.1845,7.127636,12.24,0.0,0.0,38020.0,33.303257,12.226168
2026-05-25 04:00:00+02:00,17.384499,5.991594,10.799999,0.0,0.0,37600.0,32.73726,13.370063
2026-05-25 05:00:00+02:00,16.734499,5.692099,9.36,0.0,0.0,35920.0,27.681435,5.0041595
2026-05-25 06:00:00+02:00,16.384499,5.3999996,8.64,0.0,0.0,35100.0,28.388811,4.5186887
2026-05-25 07:00:00+02:00,16.8345,3.5455887,7.92,0.0,0.0,33100.0,25.665043,7.4740934
2026-05-25 08:00:00+02:00,19.1845,2.0991426,5.3999996,0.0,0.0,31540.0,25.42115,13.398848
2026-05-25 09:00:00+02:00,20.984499,5.04,8.64,0.0,0.0,36260.0,26.990145,14.909477
2026-05-25 10:00:00+02:00,22.4345,4.73506,10.08,0.0,0.0,37300.0,26.820343,9.950412
2026-05-25 11:00:00+02:00,24.734499,6.489992,11.5199995,0.0,0.0,40240.0,24.425488,7.2649856
2026-05-25 12:00:00+02:00,26.484499,8.28,14.4,0.0,0.0,40880.0,22.254591,6.390391
2026-05-25 13:00:00+02:00,28.3345,8.4042845,15.4800005,0.0,0.0,42620.0,19.674257,3.7755077
2026-05-25 14:00:00+02:00,29.0345,11.874544,18.72,0.0,0.0,44740.0,17.69604,4.9655166
2026-05-25 15:00:00+02:00,29.484499,14.24163,22.319998,0.0,0.0,44480.0,15.5204525,5.5862064
2026-05-25 16:00:00+02:00,29.634499,14.934577,23.4,0.0,0.0,45820.0,13.033229,8.622896
2026-05-25 17:00:00+02:00,29.7845,9.793059,23.4,0.0,0.0,46040.0,14.038106,8.442291
2026-05-25 18:00:00+02:00,28.884499,11.384199,19.44,0.0,0.0,44020.0,13.049152,6.113084
2026-05-25 19:00:00+02:00,27.634499,8.825508,19.44,0.0,0.0,43460.0,12.065196,10.330335
2026-05-25 20:00:00+02:00,26.4345,10.446206,15.4800005,0.0,0.0,43400.0,9.515216,9.310345
2026-05-25 21:00:00+02:00,25.134499,13.397612,21.599998,0.0,0.0,44760.0,11.537306,13.427569
2026-05-25 22:00:00+02:00,24.0345,8.311245,21.599998,0.0,0.0,43200.0,15.099987,13.626929
2026-05-25 23:00:00+02:00,23.484499,6.12,11.5199995,0.0,0.0,42440.0,15.148044,13.948265
2026-05-26 00:00:00+02:00,20.384499,3.319036,8.64,0.0,0.0,41160.0,17.014013,16.527136
2026-05-26 01:00:00+02:00,18.7845,5.0142193,7.92,0.0,0.0,40680.0,15.5538645,18.328745
2026-05-26 02:00:00+02:00,18.1845,4.39436,7.92,0.0,0.0,40040.0,15.473553,21.103449
2026-05-26 03:00:00+02:00,17.5845,3.8268526,7.2,0.0,0.0,40400.0,12.269995,20.265303
2026-05-26 04:00:00+02:00,16.2845,3.563818,5.04,0.0,0.0,38020.0,9.079681,20.141356
2026-05-26 05:00:00+02:00,15.0345,3.319036,4.32,0.0,0.0,35560.0,8.253009,16.70105
2026-05-26 06:00:00+02:00,14.2845,2.0991426,3.96,0.0,0.0,27940.0,6.835443,17.577684
2026-05-26 07:00:00+02:00,14.0345,1.2979984,2.16,0.0,0.0,17860.0,5.487309,19.794064
2026-05-26 08:00:00+02:00,16.5345,1.2979984,2.52,0.0,0.0,19420.0,3.3175182,21.066906
2026-05-26 09:00:00+02:00,18.8345,1.0182338,2.8799999,0.0,0.0,25580.0,2.734177,23.265514
2026-05-26 10:00:00+02:00,21.484499,2.1897945,4.68,0.0,0.0,37100.0,2.3236039,25.326874
2026-05-26 11:00:00+02:00,23.884499,2.968636,3.6,0.0,0.0,40960.0,1.643036,28.266945
2026-05-26 12:00:00+02:00,26.0845,2.0991426,3.6,0.0,0.0,42040.0,2.3236039,28.477415
2026-05-26 13:00:00+02:00,27.9345,1.835647,5.7599998,0.0,0.0,43740.0,0.4556962,29.251541
2026-05-26 14:00:00+02:00,29.234499,2.0991426,7.5599995,0.0,0.0,44660.0,2.8820758,28.266945
2026-05-26 15:00:00+02:00,30.4345,4.3498964,9.36,0.0,0.0,47740.0,11.273301,29.14599
2026-05-26 16:00:00+02:00,30.984499,1.9386592,9.0,0.0,0.0,49960.0,10.831774,31.921795
2026-05-26 17:00:00+02:00,30.9345,4.6102495,7.5599995,0.0,0.0,50580.0,8.976174,23.95894
2026-05-26 18:00:00+02:00,30.634499,6.8777895,11.5199995,0.0,0.0,50520.0,6.940957,29.857687
2026-05-26 19:00:00+02:00,29.9345,5.771239,12.599999,0.0,0.0,48740.0,3.67394,33.228638
2026-05-26 20:00:00+02:00,26.8345,5.4119864,8.64,0.0,0.0,42040.0,3.5591009,29.020142
2026-05-26 21:00:00+02:00,23.384499,5.4833565,9.0,0.0,0.0,40960.0,4.57969,28.693052
2026-05-26 22:00:00+02:00,21.234499,2.6208394,7.92,0.0,0.0,41720.0,1.8788835,24.452335
2026-05-26 23:00:00+02:00,20.9345,3.0758414,2.8799999,0.0,0.0,42040.0,4.201311,22.889902
2026-05-27 00:00:00+02:00,18.984499,2.8116899,3.96,0.0,0.0,40680.0,4.201311,23.878408
2026-05-27 01:00:00+02:00,18.384499,2.1897945,3.6,0.0,0.0,37580.0,3.89347,25.357279
2026-05-27 02:00:00+02:00,18.2845,2.1897945,3.2399998,0.0,0.0,27140.0,7.78694,30.659805
2026-05-27 03:00:00+02:00,17.234499,2.1897945,2.52,0.0,0.0,19600.0,9.994198,32.40095
2026-05-27 04:00:00+02:00,16.0845,2.9024127,4.32,0.0,0.0,13660.0,11.392405,34.334854
2026-05-27 05:00:00+02:00,15.5345,2.9024127,4.32,72.0,0.0,13580.0,11.883102,33.269196
2026-05-27 06:00:00+02:00,15.3345,2.16,3.6,94.0,0.0,9880.0,10.638335,31.238638
2026-05-27 07:00:00+02:00,15.7345,1.2979984,3.2399998,50.0,0.0,9220.0,10.118097,28.907082
2026-05-27 08:00:00+02:00,17.0345,1.8,4.32,0.0,0.0,11260.0,9.515216,25.59169
2026-05-27 09:00:00+02:00,20.234499,3.219938,6.8399997,0.0,0.0,29480.0,5.941551,22.379284
2026-05-27 10:00:00+02:00,22.984499,4.5820518,7.92,0.0,0.0,35960.0,4.201311,18.631031
2026-05-27 11:00:00+02:00,25.3345,6.489992,7.2,0.0,0.0,40740.0,6.524576,17.043554
2026-05-27 12:00:00+02:00,27.4345,7.9036193,10.440001,0.0,0.0,42020.0,8.402622,14.275861
2026-05-27 13:00:00+02:00,28.634499,7.42159,15.119999,0.0,0.0,43060.0,9.815996,9.813965
2026-05-27 14:00:00+02:00,29.5845,4.2136917,16.199999,0.0,0.0,43420.0,8.670211,8.711794
2026-05-27 15:00:00+02:00,29.6845,9.346143,18.72,0.0,0.0,44340.0,9.227144,9.715329
2026-05-27 16:00:00+02:00,30.484499,7.42159,14.04,0.0,0.0,46080.0,10.391472,7.499821
2026-05-27 17:00:00+02:00,30.0845,8.854829,16.199999,0.0,0.0,47120.0,11.474137,8.092802
2026-05-27 18:00:00+02:00,29.5345,9.0,17.28,0.0,0.0,47980.0,12.661468,9.715329
2026-05-27 19:00:00+02:00,28.7845,6.9899354,14.759999,0.0,0.0,46060.0,18.953892,7.8511715
2026-05-27 20:00:00+02:00,27.634499,9.178235,15.4800005,0.0,0.0,46880.0,13.495072,5.5862064
2026-05-27 21:00:00+02:00,25.4345,10.594036,18.0,0.0,0.0,44820.0,2.453999,8.068965
2026-05-27 22:00:00+02:00,23.5845,5.3517847,16.56,0.0,0.0,43760.0,4.6472077,4.3889384
2026-05-27 23:00:00+02:00,23.8345,6.3690495,8.28,0.0,0.0,43720.0,9.515216,5.7224755
2026-05-28 00:00:00+02:00,23.4345,8.089993,12.959999,0.0,0.0,42920.0,30.555439,9.037377
2026-05-28 01:00:00+02:00,22.234499,10.464797,16.919998,7.0,0.0,41080.0,36.694157,10.008319
2026-05-28 02:00:00+02:00,21.5345,12.229406,16.919998,0.0,0.0,40740.0,31.996231,8.442291
2026-05-28 03:00:00+02:00,20.5845,11.720751,20.519999,0.0,0.0,40720.0,29.958344,8.951714
2026-05-28 04:00:00+02:00,19.7845,7.8954163,19.44,0.0,0.0,40420.0,26.086369,11.189642
2026-05-28 05:00:00+02:00,18.7845,7.42159,11.879999,0.0,0.0,38940.0,24.662386,11.939203
2026-05-28 06:00:00+02:00,17.5845,6.763786,11.879999,0.0,0.0,36720.0,24.645538,13.739551
2026-05-28 07:00:00+02:00,18.0345,5.4477882,10.440001,0.0,0.0,35420.0,24.220585,16.492132
2026-05-28 08:00:00+02:00,20.1845,8.311245,12.24,0.0,0.0,38560.0,26.197577,16.292364
2026-05-28 09:00:00+02:00,21.6845,12.245294,21.24,0.0,0.0,39580.0,26.618277,19.331268
2026-05-28 10:00:00+02:00,23.3345,15.124284,26.28,0.0,0.0,40720.0,25.429316,19.755098
2026-05-28 11:00:00+02:00,25.484499,18.03237,29.16,0.0,0.0,41980.0,25.47419,22.387888
2026-05-28 12:00:00+02:00,27.0345,15.629972,31.68,5.0,0.0,42460.0,22.147022,23.298607
2026-05-28 13:00:00+02:00,28.0845,14.4,26.64,7.0,0.0,42660.0,18.3697,25.591688
2026-05-28 14:00:00+02:00,28.2845,13.783817,25.199999,0.0,0.0,42460.0,18.147924,21.51923
2026-05-28 15:00:00+02:00,28.5845,15.315873,25.56,0.0,0.0,43760.0,17.725351,19.430658
2026-05-28 16:00:00+02:00,28.6845,16.516901,28.8,0.0,0.0,44980.0,12.905135,18.672342
2026-05-28 17:00:00+02:00,28.1845,16.595179,32.760002,0.0,0.0,44800.0,15.230073,18.599987
2026-05-28 18:00:00+02:00,27.4345,18.175545,31.68,0.0,0.0,45300.0,10.391472,15.566816
2026-05-28 19:00:00+02:00,26.4345,16.418526,32.760002,0.0,0.0,44940.0,16.303482,17.78468
2026-05-28 20:00:00+02:00,25.5845,14.764389,27.72,0.0,0.0,45460.0,15.419778,13.427569
2026-05-28 21:00:00+02:00,24.0845,18.374111,30.960001,0.0,0.0,44860.0,17.352394,13.196042
2026-05-28 22:00:00+02:00,23.484499,16.93531,32.039997,0.0,0.0,42460.0,22.624754,14.289349
2026-05-28 23:00:00+02:00,23.234499,14.05845,27.359999,0.0,0.0,43780.0,26.64167,11.661699
2026-05-29 00:00:00+02:00,20.384499,5.692099,20.880001,0.0,0.0,41560.0,27.95762,19.440569
2026-05-29 01:00:00+02:00,19.0345,6.696387,10.440001,0.0,0.0,40260.0,27.254288,25.020798
2026-05-29 02:00:00+02:00,19.0345,8.161764,13.32,0.0,0.0,40800.0,24.666595,23.635157
2026-05-29 03:00:00+02:00,18.2845,8.654987,14.04,0.0,0.0,41480.0,22.440435,27.792759
2026-05-29 04:00:00+02:00,17.2845,6.696387,13.679999,0.0,0.0,41440.0,19.360386,32.490005
2026-05-29 05:00:00+02:00,16.384499,6.439876,10.799999,0.0,0.0,40660.0,18.964846,26.566677
2026-05-29 06:00:00+02:00,15.3345,5.0911684,10.799999,0.0,0.0,39840.0,21.615568,27.716415
2026-05-29 07:00:00+02:00,15.8345,5.2416787,8.28,0.0,0.0,39040.0,23.258368,27.493116
2026-05-29 08:00:00+02:00,18.2845,8.669949,14.4,0.0,0.0,40340.0,25.68122,27.716415
2026-05-29 09:00:00+02:00,19.984499,11.304229,19.8,0.0,0.0,40960.0,28.135319,29.297602
2026-05-29 10:00:00+02:00,22.3345,13.679999,24.48,0.0,0.0,43300.0,28.333897,29.857687
2026-05-29 11:00:00+02:00,24.484499,17.654688,29.16,0.0,0.0,47020.0,30.162132,30.050611
2026-05-29 12:00:00+02:00,25.9345,18.359999,32.760002,0.0,0.0,46940.0,32.44416,33.64344
2026-05-29 13:00:00+02:00,27.484499,18.36353,32.760002,0.0,0.0,49720.0,32.81329,30.267769
2026-05-29 14:00:00+02:00,28.4345,19.110542,32.760002,0.0,0.0,50920.0,34.6449,23.88647
2026-05-29 15:00:00+02:00,29.3345,18.486622,34.56,0.0,0.0,52940.0,31.040905,22.76332
2026-05-29 16:00:00+02:00,29.734499,17.518356,32.760002,0.0,0.0,54900.0,26.762213,22.76332
2026-05-29 17:00:00+02:00,29.4345,17.873556,30.960001,0.0,0.0,55000.0,25.457882,24.103226
2026-05-29 18:00:00+02:00,28.984499,16.311613,30.960001,0.0,0.0,52560.0,26.11819,27.43701
2026-05-29 19:00:00+02:00,28.134499,14.618837,28.08,0.0,0.0,54120.0,30.010284,28.699764
2026-05-29 20:00:00+02:00,26.6845,10.30883,23.759998,0.0,0.0,45580.0,26.296474,28.232851
2026-05-29 21:00:00+02:00,24.2845,10.823973,18.0,0.0,0.0,43400.0,26.371386,29.297602
2026-05-29 22:00:00+02:00,23.3345,8.311245,18.359999,0.0,0.0,43700.0,22.024792,27.43701
2026-05-29 23:00:00+02:00,22.384499,7.5170207,12.599999,0.0,0.0,42760.0,22.825785,24.175043
2026-05-30 00:00:00+02:00,20.0845,6.1094027,11.879999,0.0,0.0,41660.0,26.913092,22.4909
2026-05-30 01:00:00+02:00,18.2845,4.510787,9.72,0.0,0.0,41820.0,27.530989,22.4909
2026-05-30 02:00:00+02:00,17.8345,5.3517847,8.64,0.0,0.0,41840.0,28.245811,20.217718
2026-05-30 03:00:00+02:00,17.3345,5.6233797,9.0,0.0,0.0,42100.0,28.82076,18.908127
2026-05-30 04:00:00+02:00,16.1845,4.829907,8.64,0.0,0.0,41520.0,30.062136,18.599987
2026-05-30 05:00:00+02:00,15.2845,4.8965297,7.5599995,0.0,0.0,40620.0,27.436543,13.612786
2026-05-30 06:00:00+02:00,14.934501,4.3498964,7.92,0.0,0.0,40120.0,31.00074,13.556066
2026-05-30 07:00:00+02:00,15.184501,4.0249224,6.4799995,0.0,0.0,37980.0,28.708858,12.194616
2026-05-30 08:00:00+02:00,17.4345,4.829907,8.28,0.0,0.0,39360.0,30.490805,30.666088
2026-05-30 09:00:00+02:00,19.2845,6.151683,11.159999,0.0,0.0,40740.0,23.489357,28.558466
2026-05-30 10:00:00+02:00,21.0345,7.2,13.32,0.0,0.0,40660.0,17.69604,22.379284
2026-05-30 11:00:00+02:00,22.9345,7.928178,13.679999,0.0,0.0,42100.0,8.377872,18.328745
2026-05-30 12:00:00+02:00,24.7845,5.8048253,15.119999,0.0,0.0,43460.0,7.800262,16.952896
2026-05-30 13:00:00+02:00,26.5845,4.73506,11.879999,0.0,0.0,45520.0,9.15938,16.386677
2026-05-30 14:00:00+02:00,27.7845,4.198285,10.799999,0.0,0.0,47700.0,8.315675,14.490146
2026-05-30 15:00:00+02:00,28.734499,3.563818,9.72,0.0,0.0,49660.0,8.753638,16.884583
2026-05-30 16:00:00+02:00,29.4345,4.39436,10.08,0.0,0.0,53720.0,10.667574,13.6692705
2026-05-30 17:00:00+02:00,29.4345,4.510787,9.0,0.0,0.0,53600.0,10.118097,6.6850314
2026-05-30 18:00:00+02:00,29.5345,4.198285,9.0,0.0,0.0,52960.0,10.189676,2.6333632
2026-05-30 19:00:00+02:00,28.9345,4.6800003,8.64,0.0,0.0,52620.0,12.4380865,1.2413791
2026-05-30 20:00:00+02:00,26.9345,2.5455842,7.92,0.0,0.0,46720.0,4.1265044,5.0041595
2026-05-30 21:00:00+02:00,23.1845,4.6938257,7.5599995,0.0,0.0,42640.0,3.3175182,5.1183376
2026-05-30 22:00:00+02:00,21.634499,2.968636,7.5599995,0.0,0.0,44180.0,8.074956,9.813965
2026-05-30 23:00:00+02:00,20.0345,1.08,3.2399998,0.0,0.0,42440.0,11.392405,9.813965
2026-05-31 00:00:00+02:00,19.384499,0.0,1.8,0.0,0.0,42140.0,13.285712,9.310345
2026-05-31 01:00:00+02:00,17.6845,2.8799999,3.2399998,0.0,0.0,28060.0,9.113924,11.711148
2026-05-31 02:00:00+02:00,15.934501,2.5455842,3.2399998,0.0,0.0,25200.0,5.9240503,9.695481
2026-05-31 03:00:00+02:00,14.434501,2.52,3.6,0.0,0.0,21800.0,4.757608,9.227214
2026-05-31 04:00:00+02:00,13.2845,2.1897945,2.52,0.0,0.0,19100.0,7.34788,6.1445136
2026-05-31 05:00:00+02:00,12.9845,2.1897945,2.52,0.0,0.0,18920.0,10.118097,3.7755077
2026-05-31 06:00:00+02:00,12.5845,2.16,3.2399998,0.0,0.0,18920.0,13.949067,7.5764823
2026-05-31 07:00:00+02:00,12.9845,2.968636,5.3999996,0.0,0.0,14460.0,19.225843,10.678748
2026-05-31 08:00:00+02:00,14.8845005,4.39436,7.92,0.0,0.0,14500.0,21.42257,13.166815
2026-05-31 09:00:00+02:00,18.384499,6.1305785,11.159999,0.0,0.0,32920.0,20.51139,17.555754
2026-05-31 10:00:00+02:00,21.134499,8.209263,14.4,0.0,0.0,38520.0,23.80549,19.987747
2026-05-31 11:00:00+02:00,23.634499,10.990322,20.16,0.0,0.0,41300.0,21.398321,23.240662
2026-05-31 12:00:00+02:00,25.984499,13.281023,23.759998,0.0,0.0,41800.0,18.555286,27.062351
2026-05-31 13:00:00+02:00,27.6845,14.799459,26.28,0.0,0.0,42660.0,22.04835,29.702448
2026-05-31 14:00:00+02:00,28.3345,20.46941,33.48,4.0,0.0,42640.0,21.920834,21.590723
2026-05-31 15:00:00+02:00,25.484499,6.379216,51.48,55.0,2.0,39240.0,33.14387,30.816475
2026-05-31 16:00:00+02:00,19.0845,33.908863,46.8,100.0,2.1,2700.0,29.854185,36.74671
2026-05-31 17:00:00+02:00,22.384499,22.218153,30.599998,0.0,0.9,41040.0,33.42773,46.369293
2026-05-31 18:00:00+02:00,21.134499,29.257614,49.68,0.0,0.0,25800.0,41.229805,51.021294
2026-05-31 19:00:00+02:00,19.5845,14.182355,63.36,0.0,2.6,40120.0,33.872055,48.41777
2026-05-31 20:00:00+02:00,17.734499,9.178235,15.84,0.0,0.0,26640.0,42.36259,42.302624
2026-05-31 21:00:00+02:00,16.8345,4.2136917,14.759999,0.0,0.0,18280.0,26.700062,38.87123
2026-05-31 22:00:00+02:00,16.134499,7.754637,9.72,46.0,4.1,2480.0,22.789364,23.190878
2026-05-31 23:00:00+02:00,16.234499,8.350138,13.32,0.0,2.5,16680.0,24.662386,44.96895
2026-06-01 00:00:00+02:00,15.434501,6.830519,13.32,75.0,0.0,11200.0,24.666594,33.59187
2026-06-01 01:00:00+02:00,15.184501,3.319036,10.440001,40.0,0.1,7060.0,17.725351,34.957558
2026-06-01 02:00:00+02:00,14.8845005,1.2979984,4.68,52.0,0.2,2680.0,18.683542,31.034481
2026-06-01 03:00:00+02:00,14.6345005,2.52,6.8399997,51.0,0.0,2480.0,18.347078,38.846447
2026-06-01 04:00:00+02:00,14.5345,2.0364676,3.96,0.0,0.1,17080.0,22.884842,36.641724
2026-06-01 05:00:00+02:00,14.184501,3.6179552,5.3999996,0.0,0.0,14600.0,22.370922,35.817608
2026-06-01 06:00:00+02:00,13.8845005,3.319036,6.4799995,70.0,0.0,17080.0,20.506329,31.040686
2026-06-01 07:00:00+02:00,14.5345,3.4152596,6.12,52.0,0.0,20100.0,17.465712,36.117523
2026-06-01 08:00:00+02:00,16.4345,2.5455842,6.12,0.0,0.0,28380.0,15.713261,33.338604
2026-06-01 09:00:00+02:00,18.1845,3.9763298,7.92,0.0,0.0,34800.0,11.273301,28.102919
2026-06-01 10:00:00+02:00,19.484499,1.8,7.5599995,4.0,0.0,40100.0,9.56962,20.74441
2026-06-01 11:00:00+02:00,20.734499,5.6920996,8.28,0.0,0.0,41540.0,8.315675,15.824544
2026-06-01 12:00:00+02:00,21.634499,6.6185193,11.5199995,60.0,0.0,41800.0,7.1327734,14.167504
2026-06-01 13:00:00+02:00,22.3345,11.5199995,19.08,0.0,0.0,42240.0,12.661468,11.793103
2026-06-01 14:00:00+02:00,23.234499,4.829907,20.16,0.0,0.0,42480.0,8.976174,10.714764
2026-06-01 15:00:00+02:00,23.2845,9.693296,12.24,14.0,0.0,42800.0,5.506198,14.329733
2026-06-01 16:00:00+02:00,23.734499,5.991594,15.119999,0.0,0.0,42680.0,4.488087,17.077427
2026-06-01 17:00:00+02:00,24.234499,5.1544156,12.24,0.0,0.0,43260.0,4.757608,19.98775
2026-06-01 18:00:00+02:00,23.5845,8.707237,12.959999,5.0,0.0,42540.0,2.8820758,21.357496
2026-06-01 19:00:00+02:00,23.0845,7.771331,14.04,9.0,0.0,42540.0,2.0379353,24.578054
2026-06-01 20:00:00+02:00,22.234499,6.519877,14.04,0.0,0.0,42360.0,3.286072,31.70989
2026-06-01 21:00:00+02:00,20.2845,10.594036,18.0,0.0,0.0,41840.0,5.094838,38.647587
2026-06-01 22:00:00+02:00,19.3345,7.69592,17.28,0.0,0.0,41640.0,3.0569031,42.714993
2026-06-01 23:00:00+02:00,17.384499,4.5536795,11.159999,0.0,0.0,40040.0,8.765491,43.71788
2026-06-02 00:00:00+02:00,16.234499,3.319036,7.5599995,0.0,0.0,39360.0,11.208644,43.448277
2026-06-02 01:00:00+02:00,15.684501,2.1897945,5.3999996,0.0,0.0,38980.0,12.570939,38.226624
2026-06-02 02:00:00+02:00,15.3345,2.5455842,3.96,0.0,0.0,37780.0,12.570939,34.725353
2026-06-02 03:00:00+02:00,15.2845,0.5091169,3.6,0.0,0.0,37520.0,13.859459,34.80846
2026-06-02 04:00:00+02:00,14.7845,0.8049845,1.4399999,0.0,0.0,35980.0,17.507277,36.846176
2026-06-02 05:00:00+02:00,13.434501,0.5091169,3.2399998,0.0,0.0,28240.0,20.241323,37.370464
2026-06-02 06:00:00+02:00,11.434501,1.2979984,1.8,0.0,0.0,9260.0,21.42257,44.938957
2026-06-02 07:00:00+02:00,11.4845,0.71999997,2.16,79.0,0.0,300.0,22.123568,45.314594
2026-06-02 08:00:00+02:00,13.7845,1.484318,4.32,0.0,0.0,16440.0,27.105307,48.178474
2026-06-02 09:00:00+02:00,15.934501,4.2136917,14.759999,41.0,0.0,27380.0,33.918003,51.021294
2026-06-02 10:00:00+02:00,18.234499,9.449572,16.919998,7.0,0.0,33020.0,40.824883,49.78689
2026-06-02 11:00:00+02:00,19.2845,7.8954163,23.759998,11.0,1.2,34760.0,38.21876,52.21177
2026-06-02 12:00:00+02:00,21.0345,10.805998,19.44,3.0,0.0,37520.0,38.321854,50.668957
2026-06-02 13:00:00+02:00,23.134499,15.021105,25.56,7.0,0.0,40120.0,35.462418,53.36848
2026-06-02 14:00:00+02:00,21.9345,14.480773,39.6,75.0,0.0,39600.0,29.068275,56.99878
2026-06-02 15:00:00+02:00,20.0345,25.223133,45.0,0.0,0.2,12620.0,55.47715,57.10682
2026-06-02 16:00:00+02:00,20.484499,17.533146,34.56,0.0,0.1,40060.0,45.249508,71.75344
2026-06-02 17:00:00+02:00,20.134499,13.684735,29.88,0.0,0.0,38360.0,48.657173,70.236725
2026-06-02 18:00:00+02:00,19.484499,17.22742,27.72,0.0,0.2,13100.0,45.551388,55.02125
2026-06-02 19:00:00+02:00,15.2845,17.174677,38.16,79.0,1.2,33260.0,47.943485,58.119884
2026-06-02 20:00:00+02:00,14.8845005,15.137133,29.88,65.0,0.0,33340.0,44.818363,54.28817
2026-06-02 21:00:00+02:00,14.7845,13.708391,25.919998,0.0,0.0,33320.0,42.477634,51.08166
2026-06-02 22:00:00+02:00,13.684501,5.8603754,21.24,49.0,0.0,21940.0,37.250202,45.37831
2026-06-02 23:00:00+02:00,13.5345,5.1165614,10.440001,58.0,0.0,20140.0,30.545246,43.190365
2026-06-03 00:00:00+02:00,13.0845,5.8603754,10.440001,96.0,0.0,14220.0,33.712276,38.80179
2026-06-03 01:00:00+02:00,13.184501,7.8954163,13.679999,22.0,0.7,21860.0,33.26582,39.72898
2026-06-03 02:00:00+02:00,12.5345,9.339208,20.16,85.0,1.0,13840.0,30.940393,44.282627
2026-06-03 03:00:00+02:00,12.2345,6.489992,14.4,90.0,3.3,11320.0,36.25292,40.649246
2026-06-03 04:00:00+02:00,12.184501,8.0899935,12.959999,53.0,0.0,10380.0,39.184574,49.968407
2026-06-03 05:00:00+02:00,11.9845,9.504272,14.4,66.0,0.2,6480.0,38.777042,53.19857
2026-06-03 06:00:00+02:00,11.934501,8.669949,14.759999,64.0,0.0,17620.0,39.20047,49.097294
2026-06-03 07:00:00+02:00,12.434501,8.161764,14.759999,74.0,0.0,21080.0,36.9367,41.60473
2026-06-03 08:00:00+02:00,12.8345,8.427383,18.0,95.0,0.1,14760.0,27.681435,36.751953
2026-06-03 09:00:00+02:00,13.0845,6.3690495,24.48,94.0,1.4,15720.0,36.054756,51.75599
2026-06-03 10:00:00+02:00,13.9845,11.090103,25.199999,91.0,0.5,15380.0,37.987133,41.701843
2026-06-03 11:00:00+02:00,14.5845,9.885262,27.0,100.0,0.0,34220.0,25.31063,38.662537
2026-06-03 12:00:00+02:00,14.8345,5.3999996,15.119999,100.0,0.3,33520.0,26.703953,37.287903
2026-06-03 13:00:00+02:00,15.7845,5.6002855,9.36,100.0,0.4,34300.0,31.38685,39.417454
2026-06-03 14:00:00+02:00,17.1845,16.563911,19.08,69.0,0.0,39420.0,29.592196,35.428276
2026-06-03 15:00:00+02:00,17.6845,15.496736,30.960001,43.0,0.0,40260.0,31.548529,33.54022
2026-06-03 16:00:00+02:00,19.0345,15.273505,27.359999,65.0,0.0,41180.0,30.555439,29.851236
2026-06-03 17:00:00+02:00,19.484499,12.181624,30.599998,0.0,0.0,41300.0,27.311375,35.72607
2026-06-03 18:00:00+02:00,19.234499,20.26899,33.12,40.0,0.0,42260.0,26.828085,39.196926
2026-06-03 19:00:00+02:00,19.134499,17.174677,30.239998,0.0,0.0,41920.0,35.46827,37.86207
2026-06-03 20:00:00+02:00,18.484499,9.422101,28.08,0.0,0.0,41400.0,30.18622,39.88384
2026-06-03 21:00:00+02:00,16.9345,10.805998,19.08,0.0,0.0,41220.0,33.7646,36.74671
2026-06-03 22:00:00+02:00,15.6345005,7.342588,17.28,0.0,0.0,41140.0,38.734173,29.67
2026-06-03 23:00:00+02:00,14.3845005,6.6185193,10.799999,0.0,0.0,39700.0,43.00237,29.67
2026-06-04 00:00:00+02:00,13.2845,5.8048253,10.440001,0.0,0.0,36540.0,39.319477,36.9558
2026-06-04 01:00:00+02:00,12.9845,4.802999,9.0,0.0,0.0,33360.0,42.597237,33.568924
2026-06-04 02:00:00+02:00,12.8845005,5.2416787,7.2,0.0,0.0,30800.0,46.12222,32.32953
2026-06-04 03:00:00+02:00,11.0845,1.835647,8.28,0.0,0.0,19740.0,37.7018,34.957558
2026-06-04 04:00:00+02:00,10.2845,1.609969,4.68,27.0,0.0,9780.0,36.7394,28.578697
2026-06-04 05:00:00+02:00,11.4845,1.0182338,1.8,0.0,0.0,23460.0,34.00666,31.090292
2026-06-04 06:00:00+02:00,10.8845005,2.8116899,3.96,8.0,0.0,15560.0,37.765095,33.269196
2026-06-04 07:00:00+02:00,11.5845,2.8799999,5.7599998,21.0,0.0,16400.0,41.7901,46.2195
2026-06-04 08:00:00+02:00,12.2845,1.9386592,7.2,3.0,0.0,19040.0,38.926697,62.84004
2026-06-04 09:00:00+02:00,14.3345,2.1897945,8.28,26.0,0.0,27200.0,42.5948,56.920994
2026-06-04 10:00:00+02:00,16.134499,7.10031,11.879999,56.0,0.0,36260.0,43.616104,61.13399
2026-06-04 11:00:00+02:00,17.0845,4.5820518,14.759999,4.0,0.0,37520.0,45.067867,56.920994
2026-06-04 12:00:00+02:00,17.884499,9.422101,15.4800005,58.0,0.0,38700.0,36.981644,50.957066
2026-06-04 13:00:00+02:00,18.234499,8.217153,15.4800005,0.0,0.0,37980.0,36.03459,60.206898
2026-06-04 14:00:00+02:00,18.2845,15.530151,23.039999,9.0,0.0,25400.0,42.857254,61.901146
2026-06-04 15:00:00+02:00,17.234499,23.358423,39.239998,44.0,0.9,12900.0,58.36648,66.0444
2026-06-04 16:00:00+02:00,15.0845,22.180206,45.36,9.0,2.2,7580.0,60.09145,82.97996
2026-06-04 17:00:00+02:00,13.0845,19.681828,42.48,97.0,1.8,8040.0,59.65966,61.196976
2026-06-04 18:00:00+02:00,12.684501,17.10284,33.48,93.0,1.3,9460.0,44.686115,54.41222
2026-06-04 19:00:00+02:00,12.8345,18.171976,29.519999,91.0,1.2,13000.0,46.670498,45.186886
2026-06-04 20:00:00+02:00,12.1345005,13.551501,29.88,94.0,1.2,1200.0,40.96199,47.732605
2026-06-04 21:00:00+02:00,12.0345,15.379206,25.56,93.0,0.9,17260.0,41.7901,57.133793
2026-06-04 22:00:00+02:00,11.8845005,11.165805,25.56,61.0,0.6,18360.0,49.326874,66.97986
2026-06-04 23:00:00+02:00,11.8845005,13.009903,21.96,67.0,0.0,12860.0,46.857002,46.2195
2026-06-05 00:00:00+02:00,12.1345005,13.450708,23.039999,75.0,0.0,28380.0,51.608475,41.973488
2026-06-05 01:00:00+02:00,11.1345005,7.0911775,21.96,62.0,0.0,25800.0,46.670498,38.15096
2026-06-05 02:00:00+02:00,10.9845,7.289445,10.799999,80.0,0.0,11220.0,33.933308,40.421146
2026-06-05 03:00:00+02:00,10.934501,7.10031,13.32,74.0,0.0,9500.0,32.106377,39.142838
2026-06-05 04:00:00+02:00,10.684501,2.5455842,12.599999,75.0,0.2,2780.0,30.162128,33.12413
2026-06-05 05:00:00+02:00,10.684501,3.6,4.32,72.0,0.0,3160.0,26.446087,35.04561
2026-06-05 06:00:00+02:00,10.0845,2.9024127,6.12,70.0,0.0,4920.0,25.166643,34.580822
2026-06-05 07:00:00+02:00,10.5845,6.12,10.08,59.0,0.0,3520.0,26.229265,30.816475
2026-06-05 08:00:00+02:00,11.2845,5.4833565,12.959999,62.0,0.0,16200.0,22.329113,27.493116
2026-06-05 09:00:00+02:00,11.9845,8.217153,14.4,84.0,0.0,18020.0,18.250618,24.718725
2026-06-05 10:00:00+02:00,12.4845,6.28713,14.759999,81.0,0.0,22660.0,16.162766,20.66067
2026-06-05 11:00:00+02:00,13.9845,7.42159,14.04,75.0,0.0,31520.0,18.369701,21.86555
2026-06-05 12:00:00+02:00,14.9845,4.0249224,12.599999,88.0,0.0,35120.0,15.318443,19.49005
2026-06-05 13:00:00+02:00,15.3845005,6.0347,15.119999,57.0,0.1,37460.0,16.587591,15.41761
2026-06-05 14:00:00+02:00,16.7845,0.8049845,11.5199995,53.0,0.0,37640.0,7.418196,18.91831
2026-06-05 15:00:00+02:00,17.2845,3.219938,8.64,64.0,0.0,38100.0,6.198138,18.328745
2026-06-05 16:00:00+02:00,17.2845,7.0911775,11.159999,99.0,0.0,39720.0,2.8820758,16.102081
2026-06-05 17:00:00+02:00,17.7845,4.5820518,19.44,41.0,0.2,40920.0,1.643036,25.935617
2026-06-05 18:00:00+02:00,17.7845,5.8048253,8.64,0.0,0.0,40980.0,4.57969,23.553514
2026-06-05 19:00:00+02:00,17.0845,7.928177,11.879999,10.0,0.0,39740.0,6.1138062,28.335009
2026-06-05 20:00:00+02:00,16.734499,4.6938252,12.24,8.0,0.0,39660.0,7.418196,27.493116
2026-06-05 21:00:00+02:00,16.0345,5.8603754,9.0,14.0,0.0,39380.0,7.78694,27.931032
2026-06-05 22:00:00+02:00,14.7345,5.506941,11.5199995,6.0,0.0,40420.0,12.396276,31.034481
2026-06-05 23:00:00+02:00,13.6345005,7.5685663,10.08,0.0,0.0,39820.0,19.225843,35.341175
2026-06-06 00:00:00+02:00,12.9845,5.771239,12.959999,20.0,0.0,39700.0,20.966978,40.134197
2026-06-06 01:00:00+02:00,11.9845,3.4152596,8.64,11.0,0.0,38800.0,20.966978,42.216022
2026-06-06 02:00:00+02:00,10.9845,3.7585104,6.4799995,4.0,0.0,35980.0,22.403389,42.279854
2026-06-06 03:00:00+02:00,11.1345005,1.835647,6.12,0.0,0.0,36340.0,21.203342,47.06203
2026-06-06 04:00:00+02:00,11.0345,0.35999998,1.8,16.0,0.0,36880.0,18.504856,45.85548
2026-06-06 05:00:00+02:00,9.8845005,1.484318,2.8799999,12.0,0.0,32440.0,9.17071,44.590405
2026-06-06 06:00:00+02:00,8.684501,3.096837,4.32,15.0,0.0,24900.0,6.3797464,46.05668
2026-06-06 07:00:00+02:00,9.7845,2.1897945,3.96,20.0,0.0,27540.0,7.20519,46.13607
2026-06-06 08:00:00+02:00,11.1345005,2.3051248,2.8799999,32.0,0.0,22540.0,9.227144,57.116932
2026-06-06 09:00:00+02:00,12.5845,2.16,5.3999996,49.0,0.0,25360.0,18.34142,48.002224
2026-06-06 10:00:00+02:00,14.434501,7.386582,12.959999,41.0,0.0,33620.0,27.722662,43.047413
2026-06-06 11:00:00+02:00,16.384499,10.514218,18.359999,0.0,0.0,37820.0,32.40894,40.134197
2026-06-06 12:00:00+02:00,17.2845,11.183201,20.16,0.0,0.0,39400.0,32.161304,41.516666
2026-06-06 13:00:00+02:00,19.1845,15.30741,27.72,93.0,0.0,40500.0,22.624754,38.287045
2026-06-06 14:00:00+02:00,20.8345,15.815435,30.960001,21.0,0.0,41480.0,27.542301,36.641724
2026-06-06 15:00:00+02:00,21.6845,17.339897,29.88,0.0,0.0,41720.0,23.28068,39.801647
2026-06-06 16:00:00+02:00,22.2845,17.566378,30.599998,0.0,0.0,42140.0,29.511385,43.60759
2026-06-06 17:00:00+02:00,22.634499,17.31746,30.599998,0.0,0.0,42400.0,32.495323,52.714787
2026-06-06 18:00:00+02:00,22.7845,17.057314,30.599998,0.0,0.0,42420.0,28.385155,52.40694
2026-06-06 19:00:00+02:00,22.5845,11.792404,28.44,28.0,0.0,41920.0,33.872055,49.06982
2026-06-06 20:00:00+02:00,21.8345,8.759178,24.119999,0.0,0.0,41520.0,28.531094,53.382915
2026-06-06 21:00:00+02:00,20.384499,11.592895,19.08,0.0,0.0,42660.0,38.734173,51.08166
2026-06-06 22:00:00+02:00,19.0845,6.849467,18.72,0.0,0.0,41920.0,39.7528,49.98382
2026-06-06 23:00:00+02:00,18.484499,8.311245,9.72,0.0,0.0,41260.0,35.49753,54.507717
2026-06-07 00:00:00+02:00,18.634499,14.118243,23.759998,8.0,0.0,41580.0,36.663017,56.359848
2026-06-07 01:00:00+02:00,16.7845,6.151683,22.68,0.0,0.0,39680.0,35.1241,57.48672
2026-06-07 02:00:00+02:00,17.3345,12.397806,10.440001,35.0,0.0,39880.0,31.653671,54.19939
2026-06-07 03:00:00+02:00,16.9345,13.979872,25.919998,43.0,0.0,40480.0,29.455038,53.627728
2026-06-07 04:00:00+02:00,16.1845,6.9247384,21.599998,18.0,0.0,40280.0,26.086369,49.78689
2026-06-07 05:00:00+02:00,16.234499,12.4811535,10.08,52.0,0.0,40720.0,30.093203,52.64165
2026-06-07 06:00:00+02:00,15.684501,13.104198,23.4,63.0,0.0,41220.0,29.324326,46.926765
2026-06-07 07:00:00+02:00,15.5345,3.219938,21.24,76.0,0.0,40760.0,21.422567,40.273144
2026-06-07 08:00:00+02:00,16.384499,7.145796,3.2399998,97.0,0.0,40980.0,18.3697,40.24922
2026-06-07 09:00:00+02:00,17.0845,6.792466,14.759999,89.0,0.0,40620.0,18.21075,35.330273
2026-06-07 10:00:00+02:00,18.134499,6.297428,11.159999,49.0,0.0,40980.0,15.480263,29.507248
2026-06-07 11:00:00+02:00,19.384499,8.049845,14.4,59.0,0.0,41200.0,22.104788,26.406677
2026-06-07 12:00:00+02:00,20.5845,11.013882,19.08,69.0,0.0,41400.0,19.333553,27.549112
2026-06-07 13:00:00+02:00,21.5845,11.923557,20.16,0.0,0.0,41800.0,15.031068,27.253859
2026-06-07 14:00:00+02:00,22.1845,13.37825,21.599998,0.0,0.0,41960.0,14.41038,29.093067
2026-06-07 15:00:00+02:00,22.884499,13.32,23.039999,6.0,0.0,42260.0,10.754816,33.769165
2026-06-07 16:00:00+02:00,23.484499,8.669949,22.68,0.0,0.0,42720.0,9.394418,34.02489
2026-06-07 17:00:00+02:00,23.384499,5.95906,14.759999,8.0,0.0,42860.0,2.0379353,30.891392
2026-06-07 18:00:00+02:00,23.3345,5.315336,11.159999,0.0,0.0,43080.0,5.8000655,30.22956
2026-06-07 19:00:00+02:00,22.884499,3.8268526,9.72,0.0,0.0,42900.0,5.506198,27.709465
2026-06-07 20:00:00+02:00,22.384499,4.829907,11.5199995,0.0,0.0,42660.0,3.286072,21.830282
2026-06-07 21:00:00+02:00,20.134499,11.252519,18.72,0.0,0.0,41420.0,12.269996,16.327795
2026-06-07 22:00:00+02:00,17.3345,5.7599998,16.919998,0.0,0.0,40240.0,12.969341,18.25503
2026-06-07 23:00:00+02:00,15.7345,5.0142193,9.36,0.0,0.0,38380.0,14.265547,18.599987
2026-06-08 00:00:00+02:00,15.1345005,3.7064266,7.92,0.0,0.0,36120.0,14.843389,21.375526
2026-06-08 01:00:00+02:00,14.0345,3.8268526,5.7599998,0.0,0.0,33740.0,16.104847,25.020798
2026-06-08 02:00:00+02:00,14.1345005,2.6208394,5.3999996,0.0,0.0,34900.0,20.34876,30.565416
2026-06-08 03:00:00+02:00,14.0345,0.8049845,3.96,0.0,0.0,35260.0,26.102283,29.999285
2026-06-08 04:00:00+02:00,12.434501,2.5455842,3.2399998,0.0,0.0,25080.0,38.859955,29.702448
2026-06-08 05:00:00+02:00,11.934501,1.835647,3.2399998,0.0,0.0,24660.0,45.626545,28.314606
2026-06-08 06:00:00+02:00,10.7845,3.4152596,6.8399997,0.0,0.0,19480.0,46.743855,32.54332
2026-06-08 07:00:00+02:00,10.2845,2.5455842,5.3999996,79.0,0.0,380.0,39.361706,35.292084
2026-06-08 08:00:00+02:00,12.184501,0.8049845,4.32,78.0,0.0,400.0,37.09938,36.846176
2026-06-08 09:00:00+02:00,15.3345,2.3051248,5.3999996,0.0,0.0,18840.0,39.94821,38.427654
2026-06-08 10:00:00+02:00,18.2845,6.696387,12.24,0.0,0.0,32260.0,42.124176,40.24922
2026-06-08 11:00:00+02:00,20.8345,11.246759,16.199999,0.0,0.0,39320.0,48.02787,41.419117
2026-06-08 12:00:00+02:00,22.234499,12.475961,21.96,0.0,0.0,40680.0,48.02787,38.881138
2026-06-08 13:00:00+02:00,24.0345,15.072783,26.64,0.0,0.0,42760.0,42.99029,38.15096
2026-06-08 14:00:00+02:00,24.0845,15.124284,29.88,0.0,0.0,42160.0,44.931736,30.822723
2026-06-08 15:00:00+02:00,24.984499,16.563911,29.88,0.0,0.0,42020.0,47.10453,39.083736
2026-06-08 16:00:00+02:00,24.384499,18.455048,30.239998,45.0,0.0,41020.0,45.20589,49.75206
2026-06-08 17:00:00+02:00,22.6845,14.277983,39.96,0.0,0.2,41640.0,41.7901,58.870697
2026-06-08 18:00:00+02:00,22.3345,2.0991426,19.44,0.0,0.0,40900.0,52.610714,54.507717
2026-06-08 19:00:00+02:00,19.884499,5.937272,8.64,0.0,0.4,11520.0,53.826183,66.734955
2026-06-08 20:00:00+02:00,18.484499,4.802999,12.24,0.0,0.9,32720.0,48.963493,58.440487
2026-06-08 21:00:00+02:00,18.1845,5.4477882,11.5199995,41.0,0.1,31520.0,49.016476,55.837925
2026-06-08 22:00:00+02:00,16.7845,4.379589,7.2,49.0,0.1,20500.0,46.331104,63.6381
2026-06-08 23:00:00+02:00,16.9345,8.0899935,20.519999,87.0,0.6,17520.0,52.90788,71.27128
2026-06-09 00:00:00+02:00,16.7845,7.2805495,14.04,81.0,0.0,16040.0,59.13525,57.133793
2026-06-09 01:00:00+02:00,16.384499,10.514218,18.0,80.0,2.7,1900.0,56.816013,48.719193
2026-06-09 02:00:00+02:00,16.7845,7.653705,20.880001,46.0,0.6,25400.0,51.042038,54.62421
2026-06-09 03:00:00+02:00,16.4345,11.246759,19.08,100.0,0.6,23280.0,38.905354,49.285255
2026-06-09 04:00:00+02:00,16.4345,12.10157,19.44,93.0,0.2,27000.0,38.24863,53.035374
2026-06-09 05:00:00+02:00,14.9845,6.1305785,18.0,44.0,0.0,18260.0,37.71557,70.883736
2026-06-09 06:00:00+02:00,14.5845,8.4963045,14.759999,44.0,0.0,29840.0,39.78935,70.07198
2026-06-09 07:00:00+02:00,15.1345005,8.714677,13.679999,31.0,0.0,33620.0,44.530167,68.267395
2026-06-09 08:00:00+02:00,16.0845,8.14587,13.32,51.0,0.0,32800.0,42.51672,72.6419
2026-06-09 09:00:00+02:00,16.634499,10.195057,18.0,75.0,0.0,34680.0,32.860718,68.94127
2026-06-09 10:00:00+02:00,17.0845,11.304229,18.72,82.0,0.0,35440.0,25.166643,75.489746
2026-06-09 11:00:00+02:00,16.984499,12.57426,18.0,83.0,0.0,38860.0,30.586008,68.14313
2026-06-09 12:00:00+02:00,15.8845005,12.738099,21.96,100.0,0.0,37960.0,28.712477,66.28605
2026-06-09 13:00:00+02:00,16.484499,14.05845,24.119999,63.0,0.0,39320.0,29.707758,59.382195
2026-06-09 14:00:00+02:00,17.1845,14.57889,25.199999,66.0,0.0,40160.0,31.980001,63.020634
2026-06-09 15:00:00+02:00,17.7845,13.854155,23.039999,85.0,0.0,40440.0,26.571424,66.69165
2026-06-09 16:00:00+02:00,17.984499,14.986553,25.919998,79.0,0.0,40560.0,25.079855,53.660046
2026-06-09 17:00:00+02:00,18.5845,14.003029,25.56,38.0,0.0,41360.0,23.240505,59.8507
2026-06-09 18:00:00+02:00,18.1845,10.495713,22.68,58.0,0.0,41480.0,16.303482,52.152702
2026-06-09 19:00:00+02:00,16.134499,13.324863,21.96,100.0,0.0,33440.0,11.087566,48.178474
2026-06-09 20:00:00+02:00,16.0345,8.287822,20.519999,67.0,0.0,35420.0,15.2777195,61.985107
2026-06-09 21:00:00+02:00,15.184501,6.924738,15.4800005,83.0,0.0,28860.0,12.379514,55.27275
2026-06-09 22:00:00+02:00,14.6345005,2.968636,10.440001,85.0,0.0,27580.0,9.125309,50.82459
2026-06-09 23:00:00+02:00,14.3845005,2.5959969,3.96,75.0,0.0,33980.0,10.725815,45.82186
2026-06-10 00:00:00+02:00,14.3845005,3.0758414,5.3999996,70.0,0.0,39060.0,9.580463,38.886093
2026-06-10 01:00:00+02:00,13.7845,0.71999997,3.96,87.0,0.0,37400.0,10.189676,39.142838
2026-06-10 02:00:00+02:00,14.3845005,2.9024127,2.52,55.0,0.0,41160.0,11.392405,42.629227
2026-06-10 03:00:00+02:00,13.184501,2.2768397,3.96,46.0,0.0,35360.0,9.17071,44.594723
2026-06-10 04:00:00+02:00,13.4845,0.35999998,5.3999996,54.0,0.0,40560.0,9.65603,42.868042
2026-06-10 05:00:00+02:00,12.684501,2.1897945,5.04,72.0,0.5,34480.0,5.195736,44.9818
2026-06-10 06:00:00+02:00,11.7345,2.5959969,5.3999996,76.0,0.2,19040.0,4.511162,34.430096
2026-06-10 07:00:00+02:00,11.684501,4.39436,6.8399997,87.0,0.2,15980.0,8.765491,41.95972
2026-06-10 08:00:00+02:00,12.8845005,2.8116899,6.12,63.0,0.0,32060.0,3.67394,35.133446
2026-06-10 09:00:00+02:00,13.3845005,5.991594,10.440001,72.0,0.0,33860.0,5.9240503,31.164553
2026-06-10 10:00:00+02:00,13.7345,6.151683,11.159999,100.0,0.0,38420.0,12.438086,34.244972
2026-06-10 11:00:00+02:00,14.184501,5.4477882,10.440001,79.0,0.0,38320.0,14.155951,32.114315
2026-06-10 12:00:00+02:00,14.5345,6.849467,11.879999,89.0,0.1,38320.0,17.975468,25.20489
2026-06-10 13:00:00+02:00,14.7345,9.0645685,15.4800005,100.0,0.5,22820.0,18.97032,33.355934
2026-06-10 14:00:00+02:00,12.684501,20.570463,29.16,68.0,0.6,14240.0,20.587181,26.9768
2026-06-10 15:00:00+02:00,13.9845,14.205182,34.92,47.0,0.5,39400.0,24.361639,39.90315
2026-06-10 16:00:00+02:00,15.3345,15.778518,26.64,48.0,0.0,40680.0,30.586008,37.370464
2026-06-10 17:00:00+02:00,15.1345005,15.021105,30.960001,55.0,0.0,40600.0,23.524696,31.951952
2026-06-10 18:00:00+02:00,15.434501,12.768586,23.759998,70.0,0.0,40760.0,21.725767,31.951952
2026-06-10 19:00:00+02:00,14.934501,11.609651,21.96,70.0,0.0,40140.0,17.026215,35.54769
2026-06-10 20:00:00+02:00,14.684501,8.161764,19.08,50.0,0.0,39820.0,15.209606,35.078575
2026-06-10 21:00:00+02:00,14.1345005,3.219938,13.32,40.0,0.0,39240.0,13.9118,28.266945
2026-06-10 22:00:00+02:00,12.6345005,5.0911684,7.92,0.0,0.0,39380.0,18.147924,28.123474
2026-06-10 23:00:00+02:00,10.1345005,2.2768397,9.0,0.0,0.0,32640.0,19.931175,31.649084
2026-06-11 00:00:00+02:00,9.9845,0.35999998,2.52,32.0,0.0,27800.0,16.91609,37.9789
2026-06-11 01:00:00+02:00,8.9845,1.2979984,3.6,0.0,0.0,21300.0,17.412127,33.367477
2026-06-11 02:00:00+02:00,8.5345,1.8,3.6,41.0,0.0,6920.0,13.152184,31.059296
2026-06-11 03:00:00+02:00,8.7345,1.2979984,3.96,0.0,0.0,14300.0,12.269995,27.89653
2026-06-11 04:00:00+02:00,8.3845005,2.6208394,3.6,80.0,0.0,9160.0,19.679535,29.67
2026-06-11 05:00:00+02:00,8.9845,3.7064266,5.04,58.0,0.0,3060.0,26.540146,29.494188
2026-06-11 06:00:00+02:00,8.9845,3.6179552,7.92,42.0,0.0,3720.0,29.121803,35.384754
2026-06-11 07:00:00+02:00,9.3345,4.0249224,7.2,59.0,0.0,1040.0,27.920458,36.32493
2026-06-11 08:00:00+02:00,10.8845005,6.638072,10.440001,0.0,0.0,21480.0,27.587502,31.465965
2026-06-11 09:00:00+02:00,12.934501,11.043261,19.08,0.0,0.0,36480.0,25.277792,29.82541
2026-06-11 10:00:00+02:00,13.7845,13.584932,23.039999,48.0,0.0,39840.0,23.634777,37.70402
2026-06-11 11:00:00+02:00,14.6345005,15.496736,25.919998,33.0,0.0,40540.0,23.661121,30.816475
2026-06-11 12:00:00+02:00,15.5345,14.277983,26.64,17.0,0.0,40420.0,25.652903,25.561563
2026-06-11 13:00:00+02:00,16.8345,15.328561,26.28,0.0,0.0,42820.0,22.825785,27.549112
2026-06-11 14:00:00+02:00,17.8345,13.684735,29.88,26.0,0.0,42780.0,20.551847,25.59169
2026-06-11 15:00:00+02:00,18.1845,15.496736,30.239998,0.0,0.0,43220.0,22.254591,26.194279
2026-06-11 16:00:00+02:00,18.3345,15.4800005,30.239998,0.0,0.0,44180.0,20.63252,26.164846
2026-06-11 17:00:00+02:00,18.5845,12.620554,28.08,0.0,0.0,44780.0,22.661438,30.866442
2026-06-11 18:00:00+02:00,18.5345,12.641076,25.56,0.0,0.0,44080.0,21.949236,31.38628
2026-06-11 19:00:00+02:00,17.6845,13.358861,23.759998,3.0,0.0,42400.0,20.667719,37.00268
2026-06-11 20:00:00+02:00,17.0345,13.202726,24.84,3.0,0.0,42040.0,24.151897,42.193203
2026-06-11 21:00:00+02:00,16.2845,13.276144,23.759998,0.0,0.0,41940.0,28.183252,43.581074
2026-06-11 22:00:00+02:00,15.4845,7.072878,22.319998,0.0,0.0,41700.0,28.820757,40.587597
2026-06-11 23:00:00+02:00,15.2345,8.209263,10.799999,0.0,0.0,41360.0,35.649307,53.552242
2026-06-12 00:00:00+02:00,14.3345,7.491114,13.679999,0.0,0.0,40960.0,29.982595,48.178474
2026-06-12 01:00:00+02:00,13.934501,6.4096174,11.879999,0.0,0.0,40520.0,28.679914,44.693966
2026-06-12 02:00:00+02:00,14.434501,7.386582,10.440001,60.0,0.0,40520.0,35.162506,44.60768
2026-06-12 03:00:00+02:00,13.9845,5.2416787,12.24,78.0,0.0,39100.0,33.72152,44.693966
2026-06-12 04:00:00+02:00,13.5345,5.815978,10.08,98.0,0.0,37300.0,36.467087,41.72955
2026-06-12 05:00:00+02:00,13.5845,8.404285,10.440001,11.0,0.0,37300.0,38.548775,40.630287
2026-06-12 06:00:00+02:00,13.5845,9.19939,16.56,59.0,0.0,37420.0,36.981647,38.607693
2026-06-12 07:00:00+02:00,14.184501,9.511088,15.119999,68.0,0.0,37760.0,37.436485,41.66025
2026-06-12 08:00:00+02:00,14.934501,11.304229,18.359999,66.0,0.0,37920.0,40.47239,49.06982
2026-06-12 09:00:00+02:00,15.4845,15.03835,24.119999,100.0,0.0,36760.0,43.329494,41.973488
2026-06-12 10:00:00+02:00,17.0345,20.150354,33.12,80.0,0.0,38680.0,41.478367,42.142952
2026-06-12 11:00:00+02:00,17.0345,22.42427,37.44,90.0,0.0,39900.0,42.467854,41.419117
2026-06-12 12:00:00+02:00,18.234499,20.390114,36.719997,39.0,0.0,40460.0,41.21721,37.199974
2026-06-12 13:00:00+02:00,18.6845,15.277749,34.2,96.0,0.0,40520.0,38.281193,38.647587
2026-06-12 14:00:00+02:00,19.4345,15.876775,29.88,58.0,0.0,40360.0,38.950695,40.91847
2026-06-12 15:00:00+02:00,20.3345,14.934577,27.0,48.0,0.0,40680.0,35.547226,38.02959
2026-06-12 16:00:00+02:00,20.234499,15.141414,25.199999,80.0,0.0,40500.0,30.555439,36.70475
2026-06-12 17:00:00+02:00,21.5345,17.731598,25.919998,48.0,0.0,40780.0,28.388811,41.752625
2026-06-12 18:00:00+02:00,22.0345,16.62249,32.039997,0.0,0.0,41120.0,28.388811,48.03432
2026-06-12 19:00:00+02:00,21.5345,14.404499,27.359999,30.0,0.0,41040.0,22.629341,54.708782
2026-06-12 20:00:00+02:00,21.0845,13.324863,25.199999,46.0,0.0,40940.0,25.97868,53.064423
2026-06-12 21:00:00+02:00,19.7845,10.823973,21.599998,45.0,0.0,40360.0,27.299967,48.433678
2026-06-12 22:00:00+02:00,19.0345,9.72,19.08,25.0,0.0,40700.0,25.079855,50.095463
2026-06-12 23:00:00+02:00,16.884499,6.1305785,13.679999,43.0,0.0,36860.0,26.006641,54.41222
2026-06-13 00:00:00+02:00,15.2345,4.1046314,9.36,52.0,0.0,29320.0,23.489357,58.258923
2026-06-13 01:00:00+02:00,13.934501,3.7585104,6.4799995,27.0,0.0,17680.0,26.006641,56.18527
2026-06-13 02:00:00+02:00,14.0845,4.198285,5.7599998,65.0,0.0,12460.0,25.555578,58.387733
2026-06-13 03:00:00+02:00,13.6345005,4.2136917,7.2,36.0,0.0,14640.0,25.100548,56.205833
2026-06-13 04:00:00+02:00,12.5345,4.2136917,7.2,67.0,0.0,1000.0,25.778069,52.849815
2026-06-13 05:00:00+02:00,11.4845,3.6,6.8399997,91.0,0.0,220.0,25.112953,50.226025
2026-06-13 06:00:00+02:00,10.934501,3.319036,6.12,88.0,0.0,260.0,28.330235,52.31865
2026-06-13 07:00:00+02:00,11.3845005,4.1046314,6.12,87.0,0.0,240.0,28.98242,54.9056
2026-06-13 08:00:00+02:00,13.7345,7.2,10.799999,69.0,0.0,520.0,27.436543,55.411976
2026-06-13 09:00:00+02:00,17.134499,13.044722,21.96,0.0,0.0,28220.0,27.197084,53.57382
2026-06-13 10:00:00+02:00,19.484499,15.021105,25.199999,0.0,0.0,34360.0,24.876173,48.286304
2026-06-13 11:00:00+02:00,21.5845,19.228851,32.039997,0.0,0.0,39720.0,23.311878,47.841442
2026-06-13 12:00:00+02:00,23.5345,20.188908,34.56,13.0,0.0,41140.0,23.700583,47.889736
2026-06-13 13:00:00+02:00,24.884499,19.862083,34.2,0.0,0.0,41560.0,25.584002,46.18615
2026-06-13 14:00:00+02:00,25.884499,19.586119,34.2,14.0,0.0,42460.0,21.41772,46.844593
2026-06-13 15:00:00+02:00,26.7845,21.313093,36.719997,3.0,0.0,42720.0,24.607594,49.19528
2026-06-13 16:00:00+02:00,27.3345,21.437386,37.079998,0.0,0.0,42760.0,28.035503,47.80922
2026-06-13 17:00:00+02:00,27.884499,17.283749,36.0,0.0,0.0,44020.0,23.85342,48.59647
2026-06-13 18:00:00+02:00,26.984499,18.448023,30.599998,0.0,0.0,45340.0,29.623758,42.54328
2026-06-13 19:00:00+02:00,25.734499,17.294992,31.319998,0.0,0.0,43260.0,37.643925,38.287045
2026-06-13 20:00:00+02:00,24.884499,18.847641,27.72,0.0,0.0,43420.0,34.355988,34.024887
2026-06-13 21:00:00+02:00,23.384499,8.209263,29.519999,0.0,0.0,42400.0,30.653826,31.133633
2026-06-13 22:00:00+02:00,19.4345,6.12,12.599999,0.0,0.0,39940.0,36.41295,32.902405
2026-06-13 23:00:00+02:00,18.484499,6.3690495,9.72,0.0,0.0,38920.0,33.918,26.098505
2026-06-14 00:00:00+02:00,16.634499,6.12,10.08,0.0,0.0,35740.0,35.327477,27.317396
2026-06-14 01:00:00+02:00,14.7345,5.4833565,9.0,0.0,0.0,24940.0,35.649307,29.818954
2026-06-14 02:00:00+02:00,13.8845005,4.3498964,8.28,0.0,0.0,15160.0,34.707775,31.337141
2026-06-14 03:00:00+02:00,13.4845,4.896529,7.92,0.0,0.0,18120.0,36.558083,35.817608
2026-06-14 04:00:00+02:00,12.434501,4.510787,7.5599995,56.0,0.0,1740.0,36.48132,41.701843
2026-06-14 05:00:00+02:00,12.1345005,5.00128,7.92,64.0,0.0,1100.0,35.59101,37.78568
2026-06-14 06:00:00+02:00,12.1345005,4.73506,7.92,58.0,0.0,1660.0,36.956367,40.668198
2026-06-14 07:00:00+02:00,12.6345005,3.5455887,7.5599995,92.0,0.0,160.0,36.798702,43.581074
2026-06-14 08:00:00+02:00,16.0345,5.815978,7.92,0.0,0.0,21800.0,37.250202,44.49959
2026-06-14 09:00:00+02:00,19.234499,9.826088,16.919998,6.0,0.0,37060.0,33.576492,47.583057
2026-06-14 10:00:00+02:00,21.4345,14.081477,23.759998,0.0,0.0,39040.0,31.270855,50.46325
2026-06-14 11:00:00+02:00,23.2845,19.694992,30.599998,0.0,0.0,41140.0,25.778069,58.965515
2026-06-14 12:00:00+02:00,24.8345,21.599998,36.719997,10.0,0.0,41980.0,27.931612,57.993805
2026-06-14 13:00:00+02:00,26.7845,18.792551,36.719997,0.0,0.0,47180.0,27.356956,55.003746
2026-06-14 14:00:00+02:00,26.7845,19.245697,36.0,0.0,0.0,48500.0,28.88553,54.19939
2026-06-14 15:00:00+02:00,26.984499,20.12461,34.92,0.0,0.0,48480.0,30.586008,56.030777
2026-06-14 16:00:00+02:00,26.984499,19.602652,34.92,0.0,0.0,50080.0,31.732294,55.25532
2026-06-14 17:00:00+02:00,26.5345,17.106628,33.839996,0.0,0.0,50620.0,29.41977,53.803444
2026-06-14 18:00:00+02:00,26.0345,15.124284,29.16,0.0,0.0,52200.0,32.670586,54.59952
2026-06-14 19:00:00+02:00,25.134499,16.595179,28.08,0.0,0.0,46860.0,30.990694,54.38389
2026-06-14 20:00:00+02:00,24.0345,10.1887,28.08,0.0,0.0,45860.0,29.986055,46.844593
2026-06-14 21:00:00+02:00,22.234499,6.638072,17.28,0.0,0.0,47620.0,36.92264,43.381718
2026-06-14 22:00:00+02:00,18.884499,2.8116899,9.36,0.0,0.0,43140.0,34.355988,42.953335
2026-06-14 23:00:00+02:00,16.9345,4.68,4.68,0.0,0.0,41280.0,35.25687,37.529915
2026-06-15 00:00:00+02:00,15.7345,2.16,7.5599995,0.0,0.0,40700.0,33.115665,36.36733
2026-06-15 01:00:00+02:00,14.7345,3.8939953,5.04,0.0,0.0,40580.0,30.967232,38.632633
2026-06-15 02:00:00+02:00,12.934501,2.9024127,5.7599998,0.0,0.0,37760.0,28.076212,40.573357
2026-06-15 03:00:00+02:00,11.5845,2.5455842,4.68,0.0,0.0,33200.0,24.93037,49.933697
2026-06-15 04:00:00+02:00,11.3845005,2.2768397,3.6,0.0,0.0,34380.0,25.129486,54.486507
2026-06-15 05:00:00+02:00,11.0345,3.396233,3.6,0.0,0.0,34840.0,23.71372,50.10315
2026-06-15 06:00:00+02:00,11.2345,3.219938,4.68,0.0,0.0,36660.0,25.555576,54.863483
2026-06-15 07:00:00+02:00,10.7845,3.2399998,6.4799995,0.0,0.0,27260.0,27.74138,52.27445
2026-06-15 08:00:00+02:00,14.2345,4.73506,5.3999996,0.0,0.0,30900.0,28.737778,49.78689
2026-06-15 09:00:00+02:00,17.3345,5.0911684,11.159999,0.0,0.0,39840.0,30.775522,46.819916
2026-06-15 10:00:00+02:00,20.134499,8.759178,15.119999,0.0,0.0,41500.0,28.838764,46.597214
2026-06-15 11:00:00+02:00,21.884499,13.854155,19.44,0.0,0.0,42740.0,22.75289,42.683414
2026-06-15 12:00:00+02:00,23.234499,14.799459,27.0,0.0,0.0,43240.0,18.142204,46.819916
2026-06-15 13:00:00+02:00,25.134499,9.793059,24.48,0.0,0.0,44000.0,18.301748,39.476055
2026-06-15 14:00:00+02:00,25.8345,10.8955765,23.039999,0.0,0.0,46460.0,14.272824,35.87672
2026-06-15 15:00:00+02:00,25.9345,10.931203,21.24,2.0,0.0,45800.0,18.555286,22.56785
2026-06-15 16:00:00+02:00,26.734499,11.165805,19.8,9.0,0.0,46420.0,15.693425,31.70989
2026-06-15 17:00:00+02:00,26.134499,9.3876505,21.599998,30.0,0.0,47500.0,11.680409,28.307802
2026-06-15 18:00:00+02:00,25.5345,9.3876505,15.84,0.0,0.0,49200.0,12.694226,32.042255
2026-06-15 19:00:00+02:00,24.5845,9.178235,16.919998,0.0,0.0,48220.0,14.265547,36.32493
2026-06-15 20:00:00+02:00,23.4345,8.435069,15.4800005,0.0,0.0,47220.0,11.319258,28.102919
2026-06-15 21:00:00+02:00,21.5345,7.7043357,14.04,0.0,0.0,44340.0,3.1898732,31.410818
2026-06-15 22:00:00+02:00,19.234499,5.0142193,13.679999,0.0,0.0,42600.0,9.17071,31.81905
2026-06-15 23:00:00+02:00,16.7845,2.5455842,6.4799995,0.0,0.0,41240.0,8.377872,27.882717
2026-06-16 00:00:00+02:00,15.9845,4.39436,6.8399997,0.0,0.0,41460.0,4.556962,26.186924
2026-06-16 01:00:00+02:00,15.7845,1.0182338,6.12,0.0,0.0,41600.0,3.0569031,28.362186
2026-06-16 02:00:00+02:00,15.684501,0.8049845,2.16,0.0,0.0,41120.0,4.9291077,23.099327
2026-06-16 03:00:00+02:00,15.0845,2.5959969,2.8799999,0.0,0.0,38840.0,6.1138062,25.136013
2026-06-16 04:00:00+02:00,14.0345,1.08,2.52,0.0,0.0,35260.0,6.7744107,18.999592
2026-06-16 05:00:00+02:00,13.5345,2.0364676,3.96,0.0,0.0,34860.0,7.1182017,18.096056
2026-06-16 06:00:00+02:00,12.5845,2.5455842,2.8799999,0.0,0.0,24660.0,7.4739733,25.136013
2026-06-16 07:00:00+02:00,12.434501,2.968636,5.04,0.0,0.0,15140.0,9.383359,29.297602
2026-06-16 08:00:00+02:00,14.5345,2.3051248,5.3999996,0.0,0.0,21460.0,6.970812,25.69685
2026-06-16 09:00:00+02:00,16.3345,3.219938,7.2,0.0,0.0,23080.0,8.561753,14.289349
2026-06-16 10:00:00+02:00,17.2845,3.396233,8.64,0.0,0.1,33980.0,7.958391,35.828365
2026-06-16 11:00:00+02:00,19.234499,5.634891,11.879999,0.0,0.4,31120.0,14.947947,37.0339
2026-06-16 12:00:00+02:00,21.734499,3.5455887,7.92,0.0,0.0,39780.0,10.974618,42.08349
2026-06-16 13:00:00+02:00,23.7845,5.991594,11.5199995,0.0,0.0,41980.0,14.133929,49.69007
2026-06-16 14:00:00+02:00,25.7845,10.495713,14.4,0.0,0.0,45000.0,12.159491,45.884876
2026-06-16 15:00:00+02:00,26.734499,12.313894,22.319998,0.0,0.0,44640.0,13.495072,41.157852
2026-06-16 16:00:00+02:00,27.2845,9.931042,21.599998,0.0,0.0,46280.0,14.759212,38.287045
2026-06-16 17:00:00+02:00,26.6845,6.6185193,33.48,0.0,0.0,46460.0,25.97868,41.549133
2026-06-16 18:00:00+02:00,25.384499,10.703569,21.96,0.0,0.0,42500.0,33.06546,36.641724
2026-06-16 19:00:00+02:00,25.134499,9.726664,25.919998,0.0,0.0,41760.0,32.174217,42.93988
2026-06-16 20:00:00+02:00,23.8345,6.28713,16.199999,0.0,0.0,41100.0,30.296087,42.142952
2026-06-16 21:00:00+02:00,21.6845,4.3349743,10.440001,0.0,0.0,39320.0,29.068275,42.574966
2026-06-16 22:00:00+02:00,19.5845,1.835647,9.0,0.0,0.0,40200.0,29.623758,41.530582
2026-06-16 23:00:00+02:00,17.484499,2.5455842,2.52,0.0,0.0,34580.0,22.403389,37.499107
2026-06-17 00:00:00+02:00,17.634499,3.396233,4.68,0.0,0.0,39560.0,20.551847,36.261242
2026-06-17 01:00:00+02:00,16.984499,2.1897945,4.32,0.0,0.0,39260.0,21.591537,39.196926
2026-06-17 02:00:00+02:00,15.934501,1.2979984,2.8799999,0.0,0.0,38640.0,20.019539,40.416378
2026-06-17 03:00:00+02:00,13.8345,2.2768397,2.52,0.0,0.0,29220.0,21.344877,45.52664
2026-06-17 04:00:00+02:00,13.7345,2.2768397,4.68,0.0,0.0,23960.0,21.783041,42.755558
2026-06-17 05:00:00+02:00,12.184501,2.5455842,3.6,0.0,0.0,12380.0,19.631992,41.863205
2026-06-17 06:00:00+02:00,13.4845,2.7416782,3.2399998,0.0,0.0,24840.0,20.587181,35.330273
2026-06-17 07:00:00+02:00,14.6345005,2.6208394,3.96,0.0,0.0,22320.0,22.825785,34.024887
2026-06-17 08:00:00+02:00,15.7845,2.0364676,5.04,0.0,0.0,18740.0,23.696201,34.024887
2026-06-17 09:00:00+02:00,18.9345,3.0547013,6.12,0.0,0.0,25980.0,24.497644,32.25795
2026-06-17 10:00:00+02:00,21.6845,4.6102495,9.0,0.0,0.0,37340.0,26.418589,29.82541
2026-06-17 11:00:00+02:00,24.4345,7.42159,13.679999,0.0,0.0,41340.0,25.396633,28.150856
2026-06-17 12:00:00+02:00,26.5345,10.948973,19.44,0.0,0.0,43520.0,17.441916,23.659594
2026-06-17 13:00:00+02:00,28.234499,13.584932,23.759998,0.0,0.0,43520.0,19.600233,23.789505
2026-06-17 14:00:00+02:00,29.0345,15.463246,28.08,0.0,0.0,42980.0,19.568422,19.871763
2026-06-17 15:00:00+02:00,29.2845,14.693999,28.8,0.0,0.0,43940.0,19.387182,19.490047
2026-06-17 16:00:00+02:00,29.634499,12.879752,25.919998,0.0,0.0,44140.0,18.953892,16.327795
2026-06-17 17:00:00+02:00,29.5845,9.449572,21.96,0.0,0.0,43480.0,14.41038,22.973904
2026-06-17 18:00:00+02:00,29.9345,7.69592,15.4800005,0.0,0.0,44020.0,9.227144,21.429527
2026-06-17 19:00:00+02:00,29.5345,4.2136917,13.679999,0.0,0.0,43620.0,9.994197,23.065948
2026-06-17 20:00:00+02:00,27.734499,9.0645685,17.64,0.0,0.0,43100.0,10.035667,28.578697
2026-06-17 21:00:00+02:00,25.9345,9.793058,17.28,0.0,0.0,43880.0,8.074956,25.455843
2026-06-17 22:00:00+02:00,24.384499,6.379216,16.199999,0.0,0.0,43220.0,5.9240503,23.265514
2026-06-17 23:00:00+02:00,23.2845,2.9024127,8.64,0.0,0.0,41980.0,6.835443,20.103062
2026-06-18 00:00:00+02:00,20.2845,4.1046314,4.68,0.0,0.0,40340.0,7.971428,19.598463
2026-06-18 01:00:00+02:00,20.1845,3.4152596,6.4799995,0.0,0.0,40160.0,7.515534,18.877537
2026-06-18 02:00:00+02:00,19.2845,3.096837,4.32,0.0,0.0,39500.0,5.941551,16.102081
2026-06-18 03:00:00+02:00,17.4345,2.9024127,5.04,0.0,0.0,35720.0,6.444517,14.476846
2026-06-18 04:00:00+02:00,17.5345,0.8049845,2.8799999,0.0,0.0,31900.0,6.940957,13.556066
2026-06-18 05:00:00+02:00,15.684501,2.8799999,1.8,0.0,0.0,28260.0,3.4704785,9.931033
2026-06-18 06:00:00+02:00,14.684501,1.9386592,3.2399998,0.0,0.0,19260.0,3.2222586,10.027549
2026-06-18 07:00:00+02:00,15.1345005,1.0182338,2.52,39.0,0.0,3900.0,4.201311,12.4911375
2026-06-18 08:00:00+02:00,19.134499,2.16,3.6,0.0,0.0,25740.0,1.8788835,10.998648
2026-06-18 09:00:00+02:00,22.0845,1.609969,4.68,0.0,0.0,36120.0,3.4704785,12.568007
2026-06-18 10:00:00+02:00,24.1845,2.4149535,5.7599998,0.0,0.0,38440.0,5.562481,13.948265
2026-06-18 11:00:00+02:00,26.5845,3.0547013,7.92,0.0,0.0,41240.0,6.198138,11.444951
2026-06-18 12:00:00+02:00,28.6845,5.315336,10.799999,0.0,0.0,42720.0,6.7744107,10.839878
2026-06-18 13:00:00+02:00,30.234499,5.8603754,11.159999,0.0,0.0,43380.0,6.835443,11.41124
2026-06-18 14:00:00+02:00,31.234499,6.924738,10.799999,0.0,0.0,44860.0,10.520564,11.0510645
2026-06-18 15:00:00+02:00,32.2345,7.5942073,14.4,0.0,0.0,46700.0,12.269996,13.166815
2026-06-18 16:00:00+02:00,32.8345,7.6367526,14.759999,0.0,0.0,47360.0,10.802979,14.948187
2026-06-18 17:00:00+02:00,32.5345,8.647496,16.56,0.0,0.0,49140.0,9.045312,12.367153
2026-06-18 18:00:00+02:00,32.184498,9.47012,15.84,0.0,0.0,53740.0,10.520564,20.360134
2026-06-18 19:00:00+02:00,31.3345,5.506941,11.879999,0.0,0.0,53040.0,2.278481,28.933727
2026-06-18 20:00:00+02:00,30.0345,3.096837,8.64,0.0,0.0,49920.0,5.094838,30.470741
2026-06-18 21:00:00+02:00,25.634499,5.315336,8.64,0.0,0.0,44140.0,11.02182,31.70989
2026-06-18 22:00:00+02:00,23.234499,3.5455887,8.28,0.0,0.0,44600.0,16.885372,33.367477
2026-06-18 23:00:00+02:00,21.634499,2.9024127,6.8399997,0.0,0.0,43040.0,19.04134,32.620174
2026-06-19 00:00:00+02:00,21.5345,1.8,3.6,0.0,0.0,34900.0,21.065786,23.594372
2026-06-19 01:00:00+02:00,19.484499,3.319036,2.8799999,0.0,0.0,38340.0,16.436678,19.400894
2026-06-19 02:00:00+02:00,19.234499,1.1384199,3.6,0.0,0.0,30840.0,19.128386,26.370178
2026-06-19 03:00:00+02:00,18.4345,2.1897945,2.16,0.0,0.0,25900.0,21.42257,25.838884
2026-06-19 04:00:00+02:00,17.2845,2.8116899,6.12,0.0,0.0,24980.0,19.852879,21.590723
2026-06-19 05:00:00+02:00,13.3345,2.8116899,3.6,75.0,0.0,340.0,18.454288,17.522804
2026-06-19 06:00:00+02:00,17.634499,2.8116899,5.3999996,0.0,0.0,26180.0,8.36547,13.879042
2026-06-19 07:00:00+02:00,17.734499,3.7585104,5.3999996,0.0,0.0,20220.0,3.2222586,9.227214
2026-06-19 08:00:00+02:00,20.234499,2.9024127,4.68,0.0,0.0,32360.0,3.67394,6.1445136
2026-06-19 09:00:00+02:00,21.484499,3.0547013,6.4799995,0.0,0.0,25740.0,3.5591009,9.931033
2026-06-19 10:00:00+02:00,24.5845,4.452954,7.5599995,0.0,0.0,37780.0,1.643036,13.093462
2026-06-19 11:00:00+02:00,26.5345,5.154415,9.0,0.0,0.0,40380.0,4.556962,7.8511715
2026-06-19 12:00:00+02:00,28.3345,5.3517847,11.5199995,0.0,0.0,41040.0,5.709857,11.241167
2026-06-19 13:00:00+02:00,30.3345,6.489992,12.599999,0.0,0.0,43140.0,10.520563,13.093462
2026-06-19 14:00:00+02:00,31.5345,7.5599995,15.84,0.0,0.0,42100.0,12.792001,19.400894
2026-06-19 15:00:00+02:00,32.7845,8.707238,16.56,0.0,0.0,43420.0,12.889034,16.71258
2026-06-19 16:00:00+02:00,32.2845,11.770403,19.8,0.0,0.0,44220.0,3.8667102,20.49216
2026-06-19 17:00:00+02:00,30.5845,8.64,23.039999,0.0,0.0,42520.0,2.8820758,19.390963
2026-06-19 18:00:00+02:00,26.3345,17.309975,32.399998,41.0,0.1,40220.0,24.813482,7.4740934
2026-06-19 19:00:00+02:00,24.634499,6.1305785,33.839996,76.0,0.1,42060.0,15.5204525,13.283339
2026-06-19 20:00:00+02:00,21.5345,8.350138,16.919998,0.0,0.0,30600.0,22.825785,2.4827583
2026-06-19 21:00:00+02:00,20.884499,13.0447235,23.039999,76.0,0.6,12180.0,22.775694,14.329733
2026-06-19 22:00:00+02:00,19.484499,3.96,24.119999,0.0,0.6,32700.0,28.964502,13.370063
2026-06-19 23:00:00+02:00,18.2845,5.3517847,10.08,32.0,0.1,21380.0,6.1138062,11.776757
2026-06-20 00:00:00+02:00,19.0345,5.692099,16.199999,0.0,0.0,36760.0,17.014013,20.52034
2026-06-20 01:00:00+02:00,17.134499,1.1384199,7.5599995,0.0,0.0,29240.0,17.105307,27.479101
2026-06-20 02:00:00+02:00,16.734499,2.5455842,5.7599998,0.0,0.0,31480.0,18.788836,33.476986
2026-06-20 03:00:00+02:00,15.3845005,2.0991426,4.68,0.0,0.0,22760.0,25.166643,29.356714
2026-06-20 04:00:00+02:00,14.1345005,2.3051248,2.8799999,0.0,0.0,10120.0,31.597857,25.357279
2026-06-20 05:00:00+02:00,14.4845,2.968636,2.52,0.0,0.0,17060.0,30.398726,23.88647
2026-06-20 06:00:00+02:00,13.684501,2.5455842,3.2399998,0.0,0.0,10480.0,33.374886,20.557856
2026-06-20 07:00:00+02:00,14.4845,2.0991426,3.2399998,68.0,0.0,700.0,28.95016,18.672342
2026-06-20 08:00:00+02:00,17.4345,2.8116899,6.12,7.0,0.0,9880.0,23.922964,16.94153
2026-06-20 09:00:00+02:00,20.2845,4.8965297,9.36,10.0,0.0,17320.0,19.035887,13.166815
2026-06-20 10:00:00+02:00,22.234499,7.145796,13.32,0.0,0.0,32720.0,14.482251,11.939204
2026-06-20 11:00:00+02:00,23.734499,8.4963045,15.4800005,0.0,0.0,37660.0,14.69576,11.661699
2026-06-20 12:00:00+02:00,25.4345,8.78872,16.919998,0.0,0.0,39180.0,11.848101,12.795844
2026-06-20 13:00:00+02:00,27.5345,9.504272,17.64,0.0,0.0,40900.0,8.95301,11.776757
2026-06-20 14:00:00+02:00,29.6845,10.00256,15.4800005,0.0,0.0,43080.0,7.543114,11.189641
2026-06-20 15:00:00+02:00,31.1845,7.9036193,12.24,0.0,0.0,46720.0,4.6916795,10.624495
2026-06-20 16:00:00+02:00,31.8345,7.7043357,10.08,0.0,0.0,47280.0,3.9200466,12.5526705
2026-06-20 17:00:00+02:00,31.884499,7.9036193,12.24,0.0,0.0,47500.0,3.9200466,13.283339
2026-06-20 18:00:00+02:00,31.634499,6.763786,10.08,0.0,0.0,47520.0,1.0189676,10.1040945
2026-06-20 19:00:00+02:00,30.9345,5.815978,9.0,0.0,0.0,46460.0,1.4410379,8.350525
2026-06-20 20:00:00+02:00,29.1845,4.2136917,10.799999,0.0,0.0,43740.0,3.286072,6.598021
2026-06-20 21:00:00+02:00,26.0845,4.3498964,6.8399997,0.0,0.0,41520.0,2.6571426,3.7755077
2026-06-20 22:00:00+02:00,23.734499,4.3498964,6.8399997,0.0,0.0,42480.0,2.6571426,4.9655166
2026-06-20 23:00:00+02:00,22.984499,2.5455842,6.4799995,0.0,0.0,42760.0,5.195736,0.6206896
2026-06-21 00:00:00+02:00,21.0845,3.319036,3.96,0.0,0.0,41400.0,5.9240503,5.00416
2026-06-21 01:00:00+02:00,21.234499,1.8,3.6,0.0,0.0,39060.0,7.3053656,5.7224755
2026-06-21 02:00:00+02:00,19.0345,0.0,2.52,0.0,0.0,30460.0,8.95301,8.777877
2026-06-21 03:00:00+02:00,18.4345,0.0,2.8799999,0.0,0.0,31640.0,9.994197,14.753624
2026-06-21 04:00:00+02:00,17.1845,1.484318,1.4399999,0.0,0.0,23520.0,8.377872,16.185604
2026-06-21 05:00:00+02:00,15.434501,1.835647,3.6,0.0,0.0,16580.0,8.215179,18.877537
2026-06-21 06:00:00+02:00,14.8845005,1.2979984,1.8,0.0,0.0,13000.0,9.125309,18.096056
2026-06-21 07:00:00+02:00,15.434501,1.1384199,2.52,0.0,0.0,8840.0,9.15938,19.871763
2026-06-21 08:00:00+02:00,18.234499,1.484318,3.6,0.0,0.0,14600.0,7.7602262,19.725824
2026-06-21 09:00:00+02:00,20.634499,1.609969,4.68,0.0,0.0,21260.0,7.958392,19.120867
2026-06-21 10:00:00+02:00,23.7845,2.0991426,5.7599998,0.0,0.0,38240.0,5.543783,14.490146
2026-06-21 11:00:00+02:00,27.734499,6.28713,8.28,0.0,0.0,41220.0,11.883102,12.320337
2026-06-21 12:00:00+02:00,30.2845,6.6185193,12.959999,0.0,0.0,41960.0,11.961482,6.598021
2026-06-21 13:00:00+02:00,32.0845,6.28713,13.679999,0.0,0.0,42460.0,12.303797,10.569963
2026-06-21 14:00:00+02:00,33.0345,6.87779,15.4800005,0.0,0.0,43360.0,9.580464,13.093462
2026-06-21 15:00:00+02:00,34.0845,6.489992,12.599999,0.0,0.0,45120.0,4.2990294,13.326771
2026-06-21 16:00:00+02:00,34.684498,7.928178,9.0,0.0,0.0,50120.0,1.8788835,14.329733
2026-06-21 17:00:00+02:00,34.434498,7.2805495,10.08,0.0,0.0,50360.0,2.6571426,13.166815
2026-06-21 18:00:00+02:00,33.6345,6.924738,12.959999,0.0,0.0,51160.0,10.391472,16.677967
2026-06-21 19:00:00+02:00,31.484499,16.23596,23.759998,0.0,0.0,44220.0,3.5591009,14.753624
2026-06-21 20:00:00+02:00,27.634499,9.726665,27.72,0.0,0.0,41820.0,4.323114,9.164372
2026-06-21 21:00:00+02:00,26.134499,2.968636,14.04,0.0,0.0,41060.0,9.858215,10.180067
2026-06-21 22:00:00+02:00,23.734499,5.771239,10.440001,0.0,0.0,41020.0,9.7416725,21.679756
2026-06-21 23:00:00+02:00,22.9345,7.771331,7.92,0.0,0.0,40180.0,8.215179,23.04088
2026-06-22 00:00:00+02:00,22.2845,5.8603754,12.24,0.0,0.0,40460.0,4.488087,19.430658
2026-06-22 01:00:00+02:00,21.3345,3.0758414,8.64,0.0,0.0,40400.0,0.9113924,15.800178
2026-06-22 02:00:00+02:00,19.734499,0.35999998,2.8799999,0.0,0.0,39720.0,2.577807,22.22381
2026-06-22 03:00:00+02:00,18.484499,1.1384199,1.08,0.0,0.0,27780.0,4.6472077,21.085184
2026-06-22 04:00:00+02:00,16.8345,2.7416782,2.8799999,0.0,0.0,20540.0,6.198138,20.265303
2026-06-22 05:00:00+02:00,16.0845,1.484318,3.6,0.0,0.0,26420.0,6.940957,18.91831
2026-06-22 06:00:00+02:00,14.7845,1.1384199,1.4399999,0.0,0.0,11060.0,6.524576,21.51923
2026-06-22 07:00:00+02:00,15.4845,0.8049845,1.8,0.0,0.0,4900.0,6.444517,17.21225
2026-06-22 08:00:00+02:00,19.134499,1.484318,2.8799999,0.0,0.0,18420.0,8.36547,13.739551
2026-06-22 09:00:00+02:00,22.5345,1.484318,3.96,0.0,0.0,29920.0,5.8357587,12.5526705
2026-06-22 10:00:00+02:00,25.0345,1.8,5.3999996,0.0,0.0,38740.0,5.094838,16.13793
2026-06-22 11:00:00+02:00,28.4345,2.3051248,5.3999996,0.0,0.0,41940.0,7.3619976,12.4293
2026-06-22 12:00:00+02:00,30.734499,3.5455887,9.0,0.0,0.0,42900.0,10.490914,11.776757
2026-06-22 13:00:00+02:00,32.684498,3.8773184,10.08,0.0,0.0,45080.0,8.706063,10.274241
2026-06-22 14:00:00+02:00,33.5845,7.145796,12.959999,0.0,0.0,44820.0,12.767627,13.166815
2026-06-22 15:00:00+02:00,34.3345,7.42159,15.4800005,0.0,0.0,45320.0,12.759493,11.241167
2026-06-22 16:00:00+02:00,34.7345,6.638072,14.4,0.0,0.0,46000.0,12.792001,7.4740934
2026-06-22 17:00:00+02:00,34.8345,8.225035,15.4800005,0.0,0.0,47680.0,11.618018,14.003396
2026-06-22 18:00:00+02:00,34.1345,9.449572,16.919998,0.0,0.0,47600.0,15.044876,15.102031
2026-06-22 19:00:00+02:00,33.3845,5.3517847,16.56,0.0,0.0,48680.0,13.223043,13.948265
2026-06-22 20:00:00+02:00,30.5345,5.8603754,11.159999,0.0,0.0,43120.0,16.506018,9.037377
2026-06-22 21:00:00+02:00,29.0845,10.182337,15.4800005,0.0,0.0,46040.0,19.988394,11.809426
2026-06-22 22:00:00+02:00,28.884499,11.090103,19.8,0.0,0.0,44760.0,18.766718,11.326523
2026-06-22 23:00:00+02:00,24.4345,3.5455887,16.199999,0.0,0.0,41020.0,21.610764,5.1183376
2026-06-23 00:00:00+02:00,22.8345,2.3051248,5.04,0.0,0.0,40200.0,17.196117,5.3031745
2026-06-23 01:00:00+02:00,21.884499,2.5959969,3.2399998,0.0,0.0,39980.0,12.312233,12.4911375
2026-06-23 02:00:00+02:00,21.884499,4.73506,7.5599995,0.0,0.0,39960.0,11.848101,12.915714
2026-06-23 03:00:00+02:00,21.134499,4.8965297,7.5599995,0.0,0.0,37720.0,9.215885,16.65485
2026-06-23 04:00:00+02:00,19.634499,3.319036,7.2,0.0,0.0,34880.0,7.543114,19.725824
2026-06-23 05:00:00+02:00,18.984499,3.8268526,4.32,0.0,0.0,28960.0,7.543114,22.422277
2026-06-23 06:00:00+02:00,19.1845,3.319036,5.3999996,0.0,0.0,30380.0,8.513107,23.17426
2026-06-23 07:00:00+02:00,20.0845,2.52,4.68,0.0,0.0,25960.0,9.56962,18.010698
2026-06-23 08:00:00+02:00,22.9345,4.6800003,5.3999996,0.0,0.0,22800.0,14.075039,18.62069
2026-06-23 09:00:00+02:00,24.884499,3.9763298,8.28,0.0,0.0,36920.0,15.713261,18.0
2026-06-23 10:00:00+02:00,26.634499,3.2599385,7.5599995,0.0,0.0,37800.0,15.419778,20.632679
2026-06-23 11:00:00+02:00,28.7845,5.4119864,9.72,0.0,0.0,40580.0,14.539494,27.401884
2026-06-23 12:00:00+02:00,30.984499,8.4042845,14.759999,0.0,0.0,42020.0,12.133847,23.716516
2026-06-23 13:00:00+02:00,32.5845,10.041354,17.64,4.0,0.0,43900.0,11.474137,23.03252
2026-06-23 14:00:00+02:00,33.0345,10.587918,17.64,0.0,0.0,44160.0,12.603934,19.400894
2026-06-23 15:00:00+02:00,33.6345,10.703569,19.08,0.0,0.0,44260.0,16.053188,25.5691
2026-06-23 16:00:00+02:00,34.8845,10.495713,17.64,0.0,0.0,52280.0,15.916782,21.24899
2026-06-23 17:00:00+02:00,34.4845,11.753876,18.0,0.0,0.0,52020.0,16.303482,14.909477
2026-06-23 18:00:00+02:00,31.384499,16.56,30.239998,0.0,0.0,42140.0,17.871193,15.216393
2026-06-23 19:00:00+02:00,30.3345,9.726665,25.919998,0.0,0.0,41260.0,17.590109,6.48019
2026-06-23 20:00:00+02:00,29.1845,6.28713,15.119999,0.0,0.0,40800.0,17.731209,10.606349
2026-06-23 21:00:00+02:00,26.5845,5.4119864,9.36,0.0,0.0,39380.0,15.553866,13.370063
2026-06-23 22:00:00+02:00,23.5845,5.154415,8.28,0.0,0.0,36320.0,15.148044,15.861018
2026-06-23 23:00:00+02:00,23.134499,5.3517847,10.440001,0.0,0.0,39220.0,19.225843,12.795844
2026-06-24 00:00:00+02:00,22.9345,5.2416787,8.64,0.0,0.0,39680.0,13.525812,15.025306
2026-06-24 01:00:00+02:00,22.4345,4.829907,7.92,0.0,0.0,39840.0,10.955679,11.103232
2026-06-24 02:00:00+02:00,21.384499,4.198285,6.4799995,0.0,0.0,37960.0,9.294415,8.281033
2026-06-24 03:00:00+02:00,20.734499,5.6233797,8.64,0.0,0.0,36400.0,10.569795,6.8275857
2026-06-24 04:00:00+02:00,19.384499,3.6,8.28,0.0,0.0,33440.0,11.254866,8.442291
2026-06-24 05:00:00+02:00,19.134499,4.1046314,5.7599998,0.0,0.0,31500.0,14.927093,8.327425
2026-06-24 06:00:00+02:00,18.9345,3.0547013,5.7599998,0.0,0.0,33700.0,16.587591,8.092802
2026-06-24 07:00:00+02:00,19.984499,3.671294,5.3999996,0.0,0.0,26860.0,17.975468,10.551724
2026-06-24 08:00:00+02:00,23.134499,4.6938252,7.2,0.0,0.0,31180.0,25.555578,13.093462
2026-06-24 09:00:00+02:00,24.9345,7.5170207,12.959999,0.0,0.0,33980.0,26.700062,19.480164
2026-06-24 10:00:00+02:00,26.9345,9.255571,15.84,0.0,0.0,35740.0,25.47419,18.764957
2026-06-24 11:00:00+02:00,29.384499,12.261158,19.44,0.0,0.0,40940.0,26.086369,16.70105
2026-06-24 12:00:00+02:00,31.234499,17.015474,28.8,0.0,0.0,41740.0,26.102283,16.70105
2026-06-24 13:00:00+02:00,32.5345,20.633371,31.68,3.0,0.0,43500.0,25.09641,18.423088
2026-06-24 14:00:00+02:00,33.184498,20.275383,34.2,5.0,0.0,44740.0,23.542343,19.480164
2026-06-24 15:00:00+02:00,33.8845,19.493261,32.399998,0.0,0.0,45880.0,24.27197,19.040104
2026-06-24 16:00:00+02:00,34.4845,16.311613,30.599998,0.0,0.0,48680.0,22.934696,16.13793
2026-06-24 17:00:00+02:00,34.3345,16.904673,29.16,0.0,0.0,48660.0,24.186266,13.948265
2026-06-24 18:00:00+02:00,33.8345,16.981165,30.239998,0.0,0.0,49320.0,25.506777,13.283339
2026-06-24 19:00:00+02:00,32.9845,14.05845,29.16,0.0,0.0,45360.0,25.555578,13.948265
2026-06-24 20:00:00+02:00,31.734499,10.514218,23.039999,0.0,0.0,44340.0,25.47419,14.4368725
2026-06-24 21:00:00+02:00,29.134499,8.373386,15.119999,0.0,0.0,42600.0,25.494564,13.612786
2026-06-24 22:00:00+02:00,28.384499,11.304229,19.44,0.0,0.0,42660.0,29.979132,12.780782
2026-06-24 23:00:00+02:00,27.884499,13.37825,16.919998,0.0,0.0,44660.0,37.466988,10.98112
2026-06-25 00:00:00+02:00,25.4345,8.714677,19.8,0.0,0.0,42180.0,35.491684,11.444951
2026-06-25 01:00:00+02:00,23.134499,4.198285,12.24,0.0,0.0,40880.0,30.653826,13.196042
2026-06-25 02:00:00+02:00,23.1845,5.3517847,5.7599998,0.0,0.0,40920.0,27.436543,8.092802
2026-06-25 03:00:00+02:00,21.634499,4.510787,7.92,0.0,0.0,39540.0,29.225016,8.327425
2026-06-25 04:00:00+02:00,20.484499,4.1046314,7.2,0.0,0.0,39360.0,29.760136,10.008319
2026-06-25 05:00:00+02:00,19.7845,4.3498964,5.3999996,0.0,0.0,38160.0,27.105307,12.051613
2026-06-25 06:00:00+02:00,19.384499,4.0249224,7.92,0.0,0.0,37500.0,30.99069,10.569963
2026-06-25 07:00:00+02:00,19.5845,2.6208394,5.04,0.0,0.0,32480.0,32.05459,11.858258
2026-06-25 08:00:00+02:00,22.7845,3.6,6.4799995,0.0,0.0,33100.0,36.730923,11.776757
2026-06-25 09:00:00+02:00,25.384499,6.2145634,10.799999,0.0,0.0,40100.0,38.806484,10.236675
2026-06-25 10:00:00+02:00,27.134499,9.255571,15.84,0.0,0.0,40420.0,40.395355,8.886923
2026-06-25 11:00:00+02:00,29.9345,13.324863,19.8,0.0,0.0,42380.0,41.44832,13.034482
2026-06-25 12:00:00+02:00,31.6845,14.113653,24.84,0.0,0.0,43240.0,36.809986,13.879042
2026-06-25 13:00:00+02:00,33.4845,16.203999,27.72,0.0,0.0,44900.0,31.14776,12.96038
2026-06-25 14:00:00+02:00,34.184498,13.397612,28.08,0.0,0.0,45340.0,19.030432,11.189641
2026-06-25 15:00:00+02:00,35.1345,10.028439,21.599998,0.0,0.0,47800.0,13.152184,7.238423
2026-06-25 16:00:00+02:00,35.7345,9.449572,16.56,0.0,0.0,51500.0,13.97881,4.8477407
2026-06-25 17:00:00+02:00,35.2845,11.384199,16.919998,0.0,0.0,52060.0,13.836966,4.8477407
2026-06-25 18:00:00+02:00,34.8345,12.57426,23.759998,0.0,0.0,57980.0,17.12957,6.390391
2026-06-25 19:00:00+02:00,32.684498,3.2399998,19.08,0.0,0.0,44260.0,11.848101,3.7755077
2026-06-25 20:00:00+02:00,31.234499,4.3349743,10.08,0.0,0.0,42720.0,8.402622,10.533453
2026-06-25 21:00:00+02:00,28.234499,3.671294,10.08,0.0,0.0,41220.0,9.56962,15.329903
2026-06-25 22:00:00+02:00,25.4345,0.35999998,7.92,0.0,0.0,40160.0,9.837129,15.554438
2026-06-25 23:00:00+02:00,25.134499,1.0182338,7.2,0.0,0.0,40320.0,9.227144,9.227215
2026-06-26 00:00:00+02:00,22.984499,2.5959969,7.5599995,0.0,0.0,37620.0,11.830561,1.387904
2026-06-26 01:00:00+02:00,21.7845,3.2599385,6.12,0.0,0.0,36180.0,14.236403,5.2667265
2026-06-26 02:00:00+02:00,21.384499,4.6102495,5.7599998,0.0,0.0,32500.0,13.144288,10.533453
2026-06-26 03:00:00+02:00,21.234499,0.35999998,7.5599995,0.0,0.0,32700.0,12.312233,13.711481
2026-06-26 04:00:00+02:00,21.4345,3.0758414,5.04,0.0,0.0,35040.0,12.905135,12.226168
2026-06-26 05:00:00+02:00,21.0345,1.5273507,4.68,0.0,0.0,24320.0,8.706063,8.442291
2026-06-26 06:00:00+02:00,19.634499,1.1384199,3.96,0.0,0.0,16440.0,4.488087,6.2068963
2026-06-26 07:00:00+02:00,19.134499,1.609969,3.2399998,0.0,0.0,6620.0,2.278481,6.598021
2026-06-26 08:00:00+02:00,21.634499,3.8268526,5.3999996,0.0,0.0,17040.0,7.4739733,10.1040945
2026-06-26 09:00:00+02:00,24.484499,3.6,8.28,0.0,0.0,34440.0,7.4739733,8.886923
2026-06-26 10:00:00+02:00,27.3345,4.8433046,9.72,0.0,0.0,39280.0,8.765491,8.886923
2026-06-26 11:00:00+02:00,29.6845,8.311245,12.599999,0.0,0.0,41400.0,10.569795,12.96038
2026-06-26 12:00:00+02:00,31.634499,6.830519,14.04,0.0,0.0,42360.0,9.394418,10.274241
2026-06-26 13:00:00+02:00,33.3345,6.6185193,11.5199995,0.0,0.0,43060.0,6.330734,7.948705
2026-06-26 14:00:00+02:00,34.1345,4.3349743,10.440001,0.0,0.0,44360.0,9.837129,10.027549
2026-06-26 15:00:00+02:00,35.2345,8.209263,14.759999,0.0,0.0,48000.0,17.69604,10.839878
2026-06-26 16:00:00+02:00,35.7845,10.105681,17.28,0.0,0.0,48820.0,13.049152,12.475707
2026-06-26 17:00:00+02:00,35.434498,9.3669195,18.359999,0.0,0.0,49480.0,17.441916,9.037377
2026-06-26 18:00:00+02:00,35.1345,8.28,15.4800005,0.0,0.0,49540.0,13.97881,6.48019
2026-06-26 19:00:00+02:00,34.2845,5.937272,12.959999,0.0,0.0,47400.0,11.537306,3.6192114
2026-06-26 20:00:00+02:00,31.5345,8.089993,14.04,0.0,0.0,43580.0,13.4101715,6.7137847
2026-06-26 21:00:00+02:00,28.5345,9.178235,14.4,0.0,0.0,44080.0,13.678478,5.3031745
2026-06-26 22:00:00+02:00,26.484499,9.0645685,15.84,0.0,0.0,44260.0,8.765491,7.5764823
2026-06-26 23:00:00+02:00,25.484499,7.9526596,13.679999,0.0,0.0,45420.0,10.087265,5.0041595
2026-06-27 00:00:00+02:00,24.734499,2.5959969,11.159999,0.0,0.0,43540.0,14.309151,6.8275857
2026-06-27 01:00:00+02:00,22.6845,2.8116899,5.3999996,0.0,0.0,41320.0,15.037974,5.551616
2026-06-27 02:00:00+02:00,21.984499,1.4399999,2.8799999,0.0,0.0,32400.0,12.889034,6.939521
2026-06-27 03:00:00+02:00,21.6845,1.8,4.32,0.0,0.0,28340.0,11.02182,9.695481
2026-06-27 04:00:00+02:00,20.5345,2.5959969,2.8799999,0.0,0.0,25120.0,8.513107,11.394346
2026-06-27 05:00:00+02:00,20.234499,1.8,2.8799999,0.0,0.0,24760.0,7.7602262,7.4740934
2026-06-27 06:00:00+02:00,19.1845,0.8049845,1.8,0.0,0.0,19420.0,5.543783,6.2068963
2026-06-27 07:00:00+02:00,19.6845,1.484318,2.16,0.0,0.0,12960.0,5.0333285,5.339374
2026-06-27 08:00:00+02:00,22.234499,1.8,3.6,0.0,0.0,22920.0,6.524576,2.2379284
2026-06-27 09:00:00+02:00,24.5845,5.3517847,9.36,0.0,0.0,36520.0,2.8820758,4.8477407
2026-06-27 10:00:00+02:00,26.984499,6.989936,12.959999,0.0,0.0,37820.0,1.8788835,10.714764
2026-06-27 11:00:00+02:00,29.884499,5.154415,11.879999,0.0,0.0,41500.0,5.3142853,13.781546
2026-06-27 12:00:00+02:00,31.8345,4.3349743,10.799999,0.0,0.0,42040.0,4.844117,17.122486
2026-06-27 13:00:00+02:00,33.7345,3.96,9.72,0.0,0.0,44400.0,3.5591009,16.245003
2026-06-27 14:00:00+02:00,35.184498,6.193674,10.08,0.0,0.0,48020.0,3.5591009,15.152965
2026-06-27 15:00:00+02:00,36.2345,6.193674,7.2,0.0,0.0,52960.0,0.9113924,17.489796
2026-06-27 16:00:00+02:00,36.6345,8.404285,10.08,0.0,0.0,54940.0,3.4704785,19.251387
2026-06-27 17:00:00+02:00,36.684498,8.089993,13.679999,0.0,0.0,57020.0,5.195736,21.71527
2026-06-27 18:00:00+02:00,36.3345,6.9247384,10.799999,0.0,0.0,56160.0,5.487309,20.557856
2026-06-27 19:00:00+02:00,35.5345,8.557102,14.04,0.0,0.0,50620.0,12.2276125,17.31268
2026-06-27 20:00:00+02:00,34.3845,4.1046314,15.4800005,0.0,0.0,50760.0,18.227848,20.632679
2026-06-27 21:00:00+02:00,30.5845,5.991594,10.08,0.0,0.0,44720.0,23.06111,12.241913
2026-06-27 22:00:00+02:00,27.234499,2.9024127,8.28,0.0,0.0,42600.0,30.694447,7.5764823
2026-06-27 23:00:00+02:00,27.0345,4.0249224,7.2,0.0,0.0,48140.0,40.10385,17.752157
2026-06-28 00:00:00+02:00,27.0345,6.849467,17.64,0.0,0.0,42420.0,47.203613,14.490146
2026-06-28 01:00:00+02:00,23.8345,2.5455842,10.440001,0.0,0.0,40260.0,33.7646,25.326874
2026-06-28 02:00:00+02:00,23.3345,1.4399999,6.8399997,0.0,0.0,39280.0,41.578377,29.487658
2026-06-28 03:00:00+02:00,23.634499,10.990322,17.28,0.0,0.0,39800.0,47.75905,30.87268
2026-06-28 04:00:00+02:00,23.4345,8.427383,18.0,0.0,0.0,38320.0,56.30384,32.84967
2026-06-28 05:00:00+02:00,21.6845,3.6179552,8.64,0.0,0.0,37060.0,51.97534,36.32493
2026-06-28 06:00:00+02:00,20.984499,5.0528407,7.92,0.0,0.0,34420.0,43.827454,31.65517
2026-06-28 07:00:00+02:00,20.634499,2.7416782,7.2,0.0,0.0,26820.0,40.96199,22.041039
2026-06-28 08:00:00+02:00,23.1845,1.9386592,3.96,0.0,0.0,34500.0,27.166527,20.818563
2026-06-28 09:00:00+02:00,25.134499,6.830519,12.599999,0.0,0.0,37900.0,28.73778,15.665498
2026-06-28 10:00:00+02:00,27.234499,5.3517847,12.599999,0.0,0.0,40420.0,25.31063,13.6692705
2026-06-28 11:00:00+02:00,30.2845,9.585739,13.679999,0.0,0.0,42540.0,16.959,18.454428
2026-06-28 12:00:00+02:00,32.3345,12.522619,20.880001,0.0,0.0,43080.0,15.480263,21.139927
2026-06-28 13:00:00+02:00,34.2345,10.308831,19.8,0.0,0.0,44680.0,13.594724,15.517241
2026-06-28 14:00:00+02:00,34.8845,8.12197,19.8,0.0,0.0,45340.0,8.315675,23.422297
2026-06-28 15:00:00+02:00,35.2345,11.753876,15.119999,0.0,0.0,45760.0,4.2990294,23.7652
2026-06-28 16:00:00+02:00,35.3845,9.114471,14.759999,0.0,0.0,47000.0,7.7334204,27.04099
2026-06-28 17:00:00+02:00,35.2345,6.696387,15.84,0.0,0.0,48840.0,5.487309,20.331732
2026-06-28 18:00:00+02:00,34.434498,7.386582,10.440001,0.0,0.0,47240.0,5.3142853,15.355014
2026-06-28 19:00:00+02:00,33.934498,3.0758414,10.08,0.0,0.0,48340.0,2.734177,6.939521
2026-06-28 20:00:00+02:00,31.2845,11.609651,16.56,0.0,0.0,43860.0,12.4380865,7.0769506
2026-06-28 21:00:00+02:00,29.484499,5.04,16.919998,0.0,0.0,42860.0,16.430359,3.7755077
2026-06-28 22:00:00+02:00,26.5845,7.4128532,13.32,0.0,0.0,41060.0,21.257141,10.551724
2026-06-28 23:00:00+02:00,28.1845,16.954432,16.56,0.0,0.0,41900.0,23.875175,10.857635
2026-06-29 00:00:00+02:00,25.7845,1.8,25.199999,0.0,0.0,40660.0,18.21075,12.5680065
2026-06-29 01:00:00+02:00,22.8345,1.2979984,2.16,0.0,0.0,36760.0,14.192577,13.152178
2026-06-29 02:00:00+02:00,22.134499,2.0991426,2.16,0.0,0.0,33320.0,9.952556,11.189642
2026-06-29 03:00:00+02:00,23.134499,2.6208394,4.68,0.0,0.0,38540.0,3.0569031,20.208189
2026-06-29 04:00:00+02:00,24.1845,27.66384,50.76,0.0,0.0,39360.0,12.133847,13.152178
2026-06-29 05:00:00+02:00,23.0845,23.598541,42.839996,44.0,0.0,38600.0,14.155951,20.360134
2026-06-29 06:00:00+02:00,21.0345,5.0911684,33.48,18.0,0.0,33800.0,8.253009,18.877537
2026-06-29 07:00:00+02:00,20.9345,4.0249224,11.159999,0.0,0.0,28720.0,11.012396,19.987747
2026-06-29 08:00:00+02:00,21.9345,15.256526,9.72,10.0,0.0,33080.0,12.065196,31.722036
2026-06-29 09:00:00+02:00,22.3345,15.39184,23.759998,0.0,0.0,31840.0,5.562481,28.335009
2026-06-29 10:00:00+02:00,23.7845,10.105681,23.759998,0.0,0.0,35400.0,6.3960004,25.63681
2026-06-29 11:00:00+02:00,25.234499,13.004921,15.119999,2.0,0.0,38180.0,6.524576,21.112574
2026-06-29 12:00:00+02:00,26.9345,12.015589,19.8,9.0,0.0,39700.0,7.7602262,14.329733
2026-06-29 13:00:00+02:00,28.384499,11.885453,20.519999,71.0,0.0,40020.0,13.340306,17.773846
2026-06-29 14:00:00+02:00,29.984499,14.182355,21.24,9.0,0.0,41380.0,13.97881,16.77011
2026-06-29 15:00:00+02:00,30.234499,15.273505,25.199999,7.0,0.0,41960.0,8.561753,11.858258
2026-06-29 16:00:00+02:00,30.134499,16.203999,31.319998,0.0,0.0,42540.0,8.561753,13.326771
2026-06-29 17:00:00+02:00,29.384499,19.652176,33.48,4.0,0.0,42020.0,8.11344,15.566816
2026-06-29 18:00:00+02:00,28.9345,22.101183,35.64,4.0,0.0,42140.0,6.1138062,9.6356945
2026-06-29 19:00:00+02:00,27.634499,21.2522,35.64,0.0,0.0,41940.0,11.4288025,6.939521
2026-06-29 20:00:00+02:00,26.634499,21.26744,33.48,0.0,0.0,41460.0,17.777994,3.3425157
2026-06-29 21:00:00+02:00,26.0345,17.227419,34.92,12.0,0.0,41460.0,20.981829,1.387904
2026-06-29 22:00:00+02:00,25.7845,15.39184,29.88,0.0,0.0,41680.0,20.097183,3.1649084
2026-06-29 23:00:00+02:00,25.134499,9.3669195,23.4,44.0,0.0,41300.0,21.42257,3.5111506
2026-06-30 00:00:00+02:00,23.734499,6.618519,14.759999,35.0,0.0,40040.0,25.025978,7.4482756
2026-06-30 01:00:00+02:00,22.0845,2.52,10.440001,32.0,0.0,37480.0,23.27622,6.2068963
2026-06-30 02:00:00+02:00,21.9345,2.8116899,4.32,16.0,0.0,37220.0,18.750113,9.950412
2026-06-30 03:00:00+02:00,20.734499,4.1046314,9.72,27.0,0.0,33640.0,25.025978,6.2378535
2026-06-30 04:00:00+02:00,20.1845,3.319036,8.28,10.0,0.0,33940.0,18.43177,6.48019
2026-06-30 05:00:00+02:00,19.6845,5.904439,6.8399997,0.0,0.0,34120.0,12.710575,10.569963
2026-06-30 06:00:00+02:00,18.884499,3.6179552,9.0,0.0,0.0,27620.0,10.240498,10.330335
2026-06-30 07:00:00+02:00,19.5845,3.0758414,5.3999996,0.0,0.0,25720.0,8.561753,11.545494
2026-06-30 08:00:00+02:00,21.5345,4.379589,5.7599998,0.0,0.0,28480.0,13.836966,9.310345
2026-06-30 09:00:00+02:00,23.134499,8.647496,14.4,0.0,0.0,30800.0,14.265547,9.655664
2026-06-30 10:00:00+02:00,25.0345,10.799999,19.08,2.0,0.0,36980.0,14.674548,11.189642
2026-06-30 11:00:00+02:00,26.9345,12.7279215,20.16,0.0,0.0,39620.0,23.524694,12.4911375
2026-06-30 12:00:00+02:00,28.6845,13.441071,25.199999,0.0,0.0,40980.0,18.54969,17.566723
2026-06-30 13:00:00+02:00,29.8345,14.618837,23.039999,0.0,0.0,42020.0,16.436678,19.171173
2026-06-30 14:00:00+02:00,30.484499,14.003029,19.08,0.0,0.0,42320.0,12.889034,21.230852
2026-06-30 15:00:00+02:00,31.1845,14.05845,19.08,0.0,0.0,42780.0,14.560902,21.510277
2026-06-30 16:00:00+02:00,31.484499,6.1305785,19.44,2.0,0.0,43760.0,7.958391,19.49005
2026-06-30 17:00:00+02:00,29.634499,18.35647,29.16,0.0,0.0,41160.0,6.0797453,26.46497
2026-06-30 18:00:00+02:00,28.984499,22.206486,35.64,0.0,0.0,41320.0,3.5591009,29.487658
2026-06-30 19:00:00+02:00,27.0845,19.05281,38.88,24.0,0.0,40700.0,11.926711,28.068626
2026-06-30 20:00:00+02:00,27.2845,15.827721,30.960001,0.0,0.0,41000.0,14.532351,26.9768
2026-06-30 21:00:00+02:00,24.634499,2.7416782,21.96,47.0,0.0,38020.0,19.209635,19.871763
2026-06-30 22:00:00+02:00,23.5845,4.73506,6.8399997,4.0,0.0,36300.0,17.32245,23.789505
2026-06-30 23:00:00+02:00,21.9345,5.0528407,7.2,10.0,0.0,31700.0,17.795506,29.441893
2026-07-01 00:00:00+02:00,21.0845,2.1897945,9.36,21.0,0.0,32280.0,19.988396,33.3097
2026-07-01 01:00:00+02:00,20.3345,1.0182338,5.04,29.0,0.0,29720.0,14.503743,35.812233
2026-07-01 02:00:00+02:00,19.634499,5.6233797,7.5599995,38.0,0.0,26420.0,13.246578,40.630287
2026-07-01 03:00:00+02:00,18.884499,2.7416782,10.440001,49.0,0.0,17260.0,16.22688,35.98394
2026-07-01 04:00:00+02:00,19.0345,3.9763298,8.28,49.0,0.0,16980.0,11.319258,29.64402
2026-07-01 05:00:00+02:00,19.1845,4.3349743,10.08,67.0,0.0,14700.0,20.662695,32.54332
2026-07-01 06:00:00+02:00,19.1845,2.0364676,9.72,69.0,0.0,18120.0,23.236036,40.119793
2026-07-01 07:00:00+02:00,19.5345,2.4149535,3.96,46.0,0.0,16240.0,21.591537,35.96252
2026-07-01 08:00:00+02:00,20.4345,4.3349743,6.4799995,87.0,0.0,17660.0,14.067659,31.994127
2026-07-01 09:00:00+02:00,19.734499,6.87779,23.759998,0.0,11.8,13300.0,31.260893,46.381756
2026-07-01 10:00:00+02:00,17.984499,10.233123,28.8,53.0,0.2,32180.0,25.067432,44.938957
2026-07-01 11:00:00+02:00,19.134499,11.480557,17.28,39.0,0.0,25900.0,24.53999,45.348587
2026-07-01 12:00:00+02:00,19.5845,14.20062,33.48,56.0,0.0,33220.0,14.148615,42.216022
2026-07-01 13:00:00+02:00,20.0845,11.792404,21.96,55.0,0.0,37420.0,8.753638,32.919964
2026-07-01 14:00:00+02:00,20.9345,3.96,16.56,37.0,0.0,39240.0,11.883102,36.451977
2026-07-01 15:00:00+02:00,21.734499,7.127636,12.24,50.0,0.0,39920.0,8.253009,29.297602
2026-07-01 16:00:00+02:00,22.8345,5.3517847,13.32,8.0,0.0,40240.0,13.678478,26.370178
2026-07-01 17:00:00+02:00,22.234499,6.297428,15.84,25.0,0.0,40500.0,20.52657,21.002802
2026-07-01 18:00:00+02:00,22.9345,7.69592,14.759999,0.0,0.0,40520.0,22.440435,27.373749
2026-07-01 19:00:00+02:00,23.0345,3.671294,12.24,4.0,0.0,40620.0,14.243696,36.919296
2026-07-01 20:00:00+02:00,22.8345,3.319036,5.3999996,32.0,0.0,40940.0,15.818631,26.71851
2026-07-01 21:00:00+02:00,21.4345,2.3051248,6.8399997,94.0,0.0,14540.0,14.301892,19.271389
2026-07-01 22:00:00+02:00,19.484499,1.2979984,17.64,40.0,1.1,32800.0,24.425488,18.381218
2026-07-01 23:00:00+02:00,19.884499,2.6208394,3.2399998,0.0,0.0,37380.0,23.15098,13.152178
2026-07-02 00:00:00+02:00,18.9345,2.4149535,5.04,0.0,0.0,37740.0,24.065763,12.367153
2026-07-02 01:00:00+02:00,18.7845,1.9386592,4.68,0.0,0.0,39000.0,21.610764,12.051613
2026-07-02 02:00:00+02:00,17.734499,2.0991426,3.96,0.0,0.0,38700.0,21.110098,18.042755
2026-07-02 03:00:00+02:00,17.634499,0.8049845,2.52,0.0,0.0,39200.0,17.725351,18.662022
2026-07-02 04:00:00+02:00,16.634499,1.609969,2.8799999,0.0,0.0,34540.0,16.124176,20.716534
2026-07-02 05:00:00+02:00,14.6345005,2.16,1.8,0.0,0.0,27000.0,9.394418,26.948227
2026-07-02 06:00:00+02:00,13.8845005,1.08,2.52,0.0,0.0,27000.0,10.870049,28.551722
2026-07-02 07:00:00+02:00,14.4845,2.8116899,5.3999996,0.0,0.0,26240.0,12.269996,30.922554
2026-07-02 08:00:00+02:00,16.5845,3.671294,4.68,0.0,0.0,18860.0,7.205189,31.776642
2026-07-02 09:00:00+02:00,18.484499,4.0249224,7.2,0.0,0.0,31060.0,8.513107,23.635157
2026-07-02 10:00:00+02:00,20.7845,3.5455887,9.0,0.0,0.0,39380.0,8.513107,19.98775
2026-07-02 11:00:00+02:00,22.634499,5.3517847,10.08,0.0,0.0,40380.0,14.610731,17.290411
2026-07-02 12:00:00+02:00,24.4345,6.193674,11.879999,0.0,0.0,42780.0,9.666777,23.594372
2026-07-02 13:00:00+02:00,25.234499,4.5536795,12.599999,0.0,0.0,43800.0,9.837129,25.71933
2026-07-02 14:00:00+02:00,25.734499,1.835647,10.08,44.0,0.0,44180.0,6.835443,24.333883
2026-07-02 15:00:00+02:00,26.234499,0.8049845,5.04,15.0,0.0,44480.0,9.113924,24.928242
2026-07-02 16:00:00+02:00,26.634499,5.6233797,10.799999,11.0,0.0,44180.0,15.09311,31.921795
2026-07-02 17:00:00+02:00,26.884499,7.289445,15.119999,0.0,0.0,45660.0,10.401459,34.23372
2026-07-02 18:00:00+02:00,26.7845,6.725354,12.959999,18.0,0.0,45800.0,10.831774,35.138927
2026-07-02 19:00:00+02:00,25.884499,8.707237,15.119999,0.0,0.0,44440.0,14.155951,31.465965
2026-07-02 20:00:00+02:00,24.984499,7.42159,13.679999,0.0,0.0,43700.0,17.824654,27.792759
2026-07-02 21:00:00+02:00,23.0345,9.085988,14.4,0.0,0.0,43240.0,7.958391,24.966848
2026-07-02 22:00:00+02:00,21.984499,12.10157,19.44,0.0,0.0,44500.0,2.3236039,20.85554
2026-07-02 23:00:00+02:00,21.5845,6.87779,19.08,0.0,0.0,42580.0,4.9291077,19.794064
2026-07-03 00:00:00+02:00,19.234499,3.7064266,9.36,0.0,0.0,41160.0,2.0379353,18.0
2026-07-03 01:00:00+02:00,18.7845,2.7416782,6.4799995,0.0,0.0,40500.0,4.757608,18.433542
2026-07-03 02:00:00+02:00,19.134499,3.8268526,5.04,0.0,0.0,39840.0,8.315675,20.01664
2026-07-03 03:00:00+02:00,19.884499,2.8116899,6.4799995,14.0,0.0,39700.0,3.3175182,19.755098
2026-07-03 04:00:00+02:00,19.384499,1.9386592,6.8399997,47.0,0.0,38180.0,4.2990294,17.122486
2026-07-03 05:00:00+02:00,18.734499,3.5455887,6.4799995,41.0,0.0,37740.0,3.5591009,10.533453
2026-07-03 06:00:00+02:00,18.8345,5.771239,8.64,51.0,0.0,38580.0,2.3236039,7.777219
2026-07-03 07:00:00+02:00,18.6845,6.4799995,11.159999,36.0,0.0,37840.0,0.9113924,10.606349
2026-07-03 08:00:00+02:00,19.8345,7.208994,10.08,65.0,0.0,38640.0,6.198138,17.21225
2026-07-03 09:00:00+02:00,20.734499,8.287822,13.679999,52.0,0.0,39260.0,9.580464,15.266946
2026-07-03 10:00:00+02:00,21.734499,6.6185193,14.4,66.0,0.0,39780.0,7.958392,22.180428
2026-07-03 11:00:00+02:00,23.2845,8.373386,12.24,14.0,0.0,41140.0,6.7744107,18.98945
2026-07-03 12:00:00+02:00,23.734499,8.891344,12.599999,40.0,0.0,40880.0,4.1265044,22.353445
2026-07-03 13:00:00+02:00,24.5345,10.739833,17.64,0.0,0.0,41200.0,4.556962,19.598463
2026-07-03 14:00:00+02:00,25.884499,10.829959,18.0,0.0,0.0,41880.0,3.2222586,10.839878
2026-07-03 15:00:00+02:00,26.384499,13.441071,21.96,0.0,0.0,42480.0,1.9333551,6.8557405
2026-07-03 16:00:00+02:00,26.7845,12.245294,22.319998,0.0,0.0,43760.0,4.201311,10.4046545
2026-07-03 17:00:00+02:00,26.6845,11.928989,21.96,0.0,0.0,43900.0,3.2222586,7.238423
2026-07-03 18:00:00+02:00,26.2845,13.797912,23.759998,0.0,0.0,44700.0,7.0743074,7.4740934
2026-07-03 19:00:00+02:00,25.5845,15.124284,25.919998,0.0,0.0,44620.0,6.895935,7.948705
2026-07-03 20:00:00+02:00,24.484499,15.158522,25.919998,0.0,0.0,44500.0,5.195736,7.0769506
2026-07-03 21:00:00+02:00,22.884499,10.464798,25.199999,0.0,0.0,44900.0,1.8788835,10.274241
2026-07-03 22:00:00+02:00,21.0845,4.2136917,16.56,0.0,0.0,42860.0,2.0379353,14.999642
2026-07-03 23:00:00+02:00,20.134499,5.506941,5.3999996,0.0,0.0,42300.0,3.67394,16.884583
2026-07-04 00:00:00+02:00,19.884499,5.5887027,10.440001,0.0,0.0,43880.0,3.286072,14.543223
2026-07-04 01:00:00+02:00,18.984499,3.319036,8.28,0.0,0.0,44120.0,1.3670886,13.6692705
2026-07-04 02:00:00+02:00,17.634499,2.3051248,4.32,0.0,0.0,42200.0,1.8227848,18.096056
2026-07-04 03:00:00+02:00,16.484499,2.968636,3.2399998,0.0,0.0,41600.0,4.201311,19.480164
2026-07-04 04:00:00+02:00,15.0345,1.8,3.96,3.0,0.0,39940.0,5.941551,24.483826
2026-07-04 05:00:00+02:00,13.6345005,0.8049845,2.16,21.0,0.0,39120.0,3.757767,29.020142
2026-07-04 06:00:00+02:00,13.1345005,2.0991426,2.52,24.0,0.0,38640.0,5.487309,27.653793
2026-07-04 07:00:00+02:00,13.2845,2.4149535,3.2399998,0.0,0.0,34620.0,7.34788,28.531475
2026-07-04 08:00:00+02:00,15.9845,2.6208394,5.04,0.0,0.0,33140.0,2.3236039,32.036243
2026-07-04 09:00:00+02:00,18.9345,1.5273507,4.68,0.0,0.0,41140.0,3.2222586,31.108875
2026-07-04 10:00:00+02:00,21.0345,2.7416782,7.2,0.0,0.0,42320.0,5.8357587,35.74224
2026-07-04 11:00:00+02:00,23.5845,5.3999996,9.72,0.0,0.0,43940.0,12.269996,34.024887
2026-07-04 12:00:00+02:00,25.2845,5.8603754,12.599999,0.0,0.0,43640.0,10.280973,30.204062
2026-07-04 13:00:00+02:00,26.4345,9.885262,15.84,0.0,0.0,45620.0,9.784211,32.14429
2026-07-04 14:00:00+02:00,27.2845,10.948973,21.24,0.0,0.0,47880.0,11.961482,29.702448
2026-07-04 15:00:00+02:00,27.9345,11.681987,21.24,0.0,0.0,48160.0,11.760141,29.507248
2026-07-04 16:00:00+02:00,28.5345,11.119281,20.16,0.0,0.0,48600.0,12.438086,29.507248
2026-07-04 17:00:00+02:00,28.734499,6.696387,18.0,0.0,0.0,50520.0,10.004581,33.199642
2026-07-04 18:00:00+02:00,29.134499,6.4096174,12.24,0.0,0.0,53960.0,10.391472,30.565416
2026-07-04 19:00:00+02:00,27.984499,10.163227,21.24,0.0,0.0,57060.0,18.70576,27.57008
2026-07-04 20:00:00+02:00,26.984499,13.281023,20.519999,0.0,0.0,59440.0,10.401459,25.831429
2026-07-04 21:00:00+02:00,24.734499,13.849477,23.759998,0.0,0.0,57800.0,10.831775,25.020798
2026-07-04 22:00:00+02:00,23.2845,8.217153,21.96,0.0,0.0,50740.0,13.152184,27.225573
2026-07-04 23:00:00+02:00,19.8345,2.0364676,9.72,0.0,0.0,46460.0,11.4288025,29.487658
2026-07-05 00:00:00+02:00,17.3345,3.4152596,6.12,0.0,0.0,43360.0,17.352394,27.373749
2026-07-05 01:00:00+02:00,15.7345,2.0991426,5.04,0.0,0.0,41960.0,19.805754,25.516308
2026-07-05 02:00:00+02:00,15.3345,2.1897945,2.16,0.0,0.0,41460.0,21.006556,25.591688
2026-07-05 03:00:00+02:00,14.184501,2.9024127,4.32,0.0,0.0,40460.0,19.166344,23.099327
2026-07-05 04:00:00+02:00,12.8845005,2.5455842,3.6,0.0,0.0,33360.0,18.147924,24.718725
2026-07-05 05:00:00+02:00,10.8345,2.5959969,3.2399998,0.0,0.0,24720.0,15.318443,29.611515
2026-07-05 06:00:00+02:00,9.8845005,2.9024127,5.04,0.0,0.0,13900.0,16.755745,32.89655
2026-07-05 07:00:00+02:00,10.184501,2.5455842,4.68,16.0,0.0,7980.0,17.590109,35.504314
2026-07-05 08:00:00+02:00,15.2845,2.4149535,4.32,0.0,0.0,26140.0,17.250372,39.510197
2026-07-05 09:00:00+02:00,18.9345,5.6233797,10.08,0.0,0.0,40520.0,16.111294,37.24138
2026-07-05 10:00:00+02:00,22.1845,8.78872,15.84,0.0,0.0,41580.0,18.594416,37.370464
2026-07-05 11:00:00+02:00,25.0345,14.021525,23.759998,0.0,0.0,44720.0,19.160927,41.697224
2026-07-05 12:00:00+02:00,26.8345,18.532135,32.039997,0.0,0.0,44680.0,21.610764,45.37831
2026-07-05 13:00:00+02:00,28.3345,20.3774,33.839996,0.0,0.0,45220.0,22.789364,50.226025
2026-07-05 14:00:00+02:00,29.9345,18.075441,33.48,0.0,0.0,47720.0,22.370922,46.181976
2026-07-05 15:00:00+02:00,30.484499,16.516901,30.239998,0.0,0.0,48660.0,27.116795,32.25795
2026-07-05 16:00:00+02:00,30.2845,16.700275,29.519999,0.0,0.0,49380.0,28.549284,30.30593
2026-07-05 17:00:00+02:00,29.234499,15.03835,29.16,0.0,0.0,49380.0,28.531094,35.15537
2026-07-05 18:00:00+02:00,28.5345,13.441071,26.64,0.0,0.0,47340.0,31.472742,39.811325
2026-07-05 19:00:00+02:00,27.1845,13.755579,23.759998,0.0,0.0,46340.0,37.034954,39.94175
2026-07-05 20:00:00+02:00,26.5845,7.8954163,21.96,0.0,0.0,45160.0,37.66874,35.138927
2026-07-05 21:00:00+02:00,25.5345,2.1897945,12.599999,0.0,0.0,44340.0,34.177216,31.903688
2026-07-05 22:00:00+02:00,20.7845,5.0528407,10.08,0.0,0.0,41200.0,32.73726,36.372623
2026-07-05 23:00:00+02:00,20.8345,3.319036,6.8399997,0.0,0.0,41380.0,26.169819,35.989296
2026-07-06 00:00:00+02:00,19.3345,3.9763298,7.92,0.0,0.0,40420.0,25.162518,38.110546
2026-07-06 01:00:00+02:00,18.5345,3.9763298,6.12,0.0,0.0,39220.0,25.457882,35.55311
2026-07-06 02:00:00+02:00,17.8345,5.6233797,7.2,0.0,0.0,37080.0,17.975468,29.093067
2026-07-06 03:00:00+02:00,17.5845,3.2599385,7.5599995,0.0,0.0,36580.0,13.889393,37.57608
2026-07-06 04:00:00+02:00,17.0845,1.9386592,5.04,0.0,0.0,36580.0,10.004581,35.204647
2026-07-06 05:00:00+02:00,15.8845005,2.6208394,3.2399998,40.0,0.0,33580.0,5.941551,27.289175
2026-07-06 06:00:00+02:00,16.484499,1.835647,3.2399998,10.0,0.0,36120.0,8.976174,26.33363
2026-07-06 07:00:00+02:00,16.734499,1.0182338,1.8,0.0,0.0,35100.0,11.254866,25.273579
2026-07-06 08:00:00+02:00,18.0345,3.0758414,3.2399998,0.0,0.0,35080.0,11.474137,28.699764
2026-07-06 09:00:00+02:00,20.884499,2.16,5.3999996,0.0,0.0,39200.0,12.792001,30.710028
2026-07-06 10:00:00+02:00,23.6845,4.2136917,9.36,0.0,0.0,41100.0,15.713261,32.192196
2026-07-06 11:00:00+02:00,25.5345,10.041354,15.84,0.0,0.0,42020.0,18.330091,31.951952
2026-07-06 12:00:00+02:00,26.884499,13.1041975,23.4,58.0,0.0,42340.0,17.731209,35.122475
2026-07-06 13:00:00+02:00,28.634499,13.237039,23.4,38.0,0.0,43280.0,16.43036,37.12741
2026-07-06 14:00:00+02:00,29.734499,10.24578,24.119999,0.0,0.0,50420.0,15.8972025,31.5149
2026-07-06 15:00:00+02:00,30.5345,10.239453,18.359999,0.0,0.0,53380.0,15.8972025,30.439116
2026-07-06 16:00:00+02:00,30.734499,7.9036193,18.0,0.0,0.0,50240.0,14.82239,23.190878
2026-07-06 17:00:00+02:00,29.884499,8.4963045,21.24,0.0,0.0,50580.0,15.587208,24.143152
2026-07-06 18:00:00+02:00,29.384499,7.928177,16.199999,0.0,0.0,49400.0,16.687443,27.204338
2026-07-06 19:00:00+02:00,28.734499,8.287822,14.759999,0.0,0.0,50200.0,16.104847,26.9768
2026-07-06 20:00:00+02:00,27.9345,8.435069,13.679999,0.0,0.0,47820.0,13.402427,24.718725
2026-07-06 21:00:00+02:00,26.1845,7.9036193,12.959999,0.0,0.0,49960.0,13.881914,21.653082
2026-07-06 22:00:00+02:00,23.734499,4.6800003,12.959999,0.0,0.0,47220.0,10.638335,21.185438
2026-07-06 23:00:00+02:00,21.5845,1.2979984,5.3999996,0.0,0.0,44340.0,16.755745,21.139927
2026-07-07 00:00:00+02:00,19.734499,1.08,2.16,0.0,0.0,42820.0,14.236403,23.298607
2026-07-07 01:00:00+02:00,18.0845,1.835647,1.8,0.0,0.0,41840.0,14.265547,23.7652
2026-07-07 02:00:00+02:00,16.9345,1.8,4.32,0.0,0.0,40720.0,13.402427,21.230852
2026-07-07 03:00:00+02:00,16.234499,2.52,2.8799999,0.0,0.0,35580.0,13.402427,23.422297
2026-07-07 04:00:00+02:00,16.7845,2.8799999,4.68,0.0,0.0,26540.0,12.44643,23.950901
2026-07-07 05:00:00+02:00,12.934501,2.9024127,5.04,0.0,0.0,19120.0,15.798928,25.113012
2026-07-07 06:00:00+02:00,15.2345,3.319036,4.32,0.0,0.0,22780.0,12.95332,25.020798
2026-07-07 07:00:00+02:00,15.434501,2.968636,4.68,0.0,0.0,23280.0,10.628571,26.804882
2026-07-07 08:00:00+02:00,15.934501,3.7064266,5.7599998,0.0,0.0,24840.0,11.501252,31.330996
2026-07-07 09:00:00+02:00,19.6845,4.8965297,9.0,0.0,0.0,32700.0,13.215189,31.679502
2026-07-07 10:00:00+02:00,23.1845,7.6367526,13.679999,0.0,0.0,40480.0,15.148044,34.02489
2026-07-07 11:00:00+02:00,25.984499,11.709688,20.519999,0.0,0.0,42640.0,16.63135,35.574776
2026-07-07 12:00:00+02:00,28.484499,16.704155,28.44,0.0,0.0,47340.0,18.788836,31.612547
2026-07-07 13:00:00+02:00,30.134499,16.595179,28.8,0.0,0.0,49580.0,17.250372,39.588127
2026-07-07 14:00:00+02:00,30.984499,16.75064,32.039997,0.0,0.0,52740.0,18.21075,33.769165
2026-07-07 15:00:00+02:00,32.0845,18.472595,27.359999,0.0,0.0,54300.0,21.422567,42.629227
2026-07-07 16:00:00+02:00,32.434498,21.385939,33.48,0.0,0.0,53380.0,22.509731,36.55751
2026-07-07 17:00:00+02:00,32.3845,17.0763,38.16,0.0,0.0,58500.0,27.402464,33.3097
2026-07-07 18:00:00+02:00,32.3345,19.93048,34.2,0.0,0.0,59840.0,31.996231,42.845573
2026-07-07 19:00:00+02:00,31.3345,19.453327,33.839996,0.0,0.0,57120.0,22.934696,51.651672
2026-07-07 20:00:00+02:00,29.384499,8.654986,29.519999,0.0,0.0,49900.0,31.653667,43.11448
2026-07-07 21:00:00+02:00,26.3345,6.2145634,12.599999,0.0,0.0,48020.0,33.97,42.06975
2026-07-07 22:00:00+02:00,24.0345,4.6938257,10.440001,0.0,0.0,47340.0,37.538967,42.302624
2026-07-07 23:00:00+02:00,20.234499,4.802999,6.8399997,0.0,0.0,41140.0,39.569546,43.589912
2026-07-08 00:00:00+02:00,18.2845,3.6179552,7.5599995,0.0,0.0,39620.0,30.562237,52.09727
2026-07-08 01:00:00+02:00,17.384499,1.8,5.7599998,0.0,0.0,28480.0,26.296474,53.140602
2026-07-08 02:00:00+02:00,16.484499,2.4149535,4.32,0.0,0.0,34920.0,24.675013,52.451027
2026-07-08 03:00:00+02:00,15.434501,3.319036,4.32,0.0,0.0,30540.0,25.396633,50.474697
2026-07-08 04:00:00+02:00,14.3845005,2.8116899,4.32,0.0,0.0,22100.0,25.100548,48.94011
2026-07-08 05:00:00+02:00,13.5845,3.219938,3.96,0.0,0.0,19100.0,26.292524,44.951813
2026-07-08 06:00:00+02:00,12.2845,2.7416782,5.04,55.0,0.0,940.0,27.681435,45.733494
2026-07-08 07:00:00+02:00,12.934501,2.5959969,4.68,23.0,0.0,7140.0,27.379719,46.456448
2026-07-08 08:00:00+02:00,16.7845,2.52,4.68,0.0,0.0,17500.0,29.114672,44.49959
2026-07-08 09:00:00+02:00,19.984499,2.7416782,6.4799995,0.0,0.0,32020.0,28.73778,41.21398
2026-07-08 10:00:00+02:00,24.1845,5.0528407,9.72,0.0,0.0,41800.0,27.530989,34.80846
2026-07-08 11:00:00+02:00,27.484499,6.9527545,12.959999,0.0,0.0,45580.0,19.360386,33.797676
2026-07-08 12:00:00+02:00,29.2845,7.42159,14.4,0.0,0.0,46920.0,12.2276125,33.153194
2026-07-08 13:00:00+02:00,30.8345,1.8,14.04,0.0,0.0,49140.0,11.031237,25.69685
2026-07-08 14:00:00+02:00,31.5345,6.151683,12.959999,0.0,0.0,50580.0,10.391472,24.640675
2026-07-08 15:00:00+02:00,31.6845,11.592895,18.72,0.0,0.0,52720.0,13.144288,24.143152
2026-07-08 16:00:00+02:00,31.9345,8.891343,21.599998,0.0,0.0,47940.0,19.988394,25.69685
2026-07-08 17:00:00+02:00,31.3345,9.449572,28.08,0.0,0.0,48340.0,14.589397,22.22381
2026-07-08 18:00:00+02:00,31.134499,3.8268526,15.119999,0.0,0.0,48780.0,16.952879,23.463383
2026-07-08 19:00:00+02:00,29.8345,10.00256,18.359999,0.0,0.0,46580.0,12.379514,22.490902
2026-07-08 20:00:00+02:00,28.634499,10.009036,19.8,0.0,0.0,44940.0,13.881914,19.987747
2026-07-08 21:00:00+02:00,26.6845,4.510787,17.28,0.0,0.0,43600.0,16.512308,15.012479
2026-07-08 22:00:00+02:00,23.6845,4.198285,9.72,0.0,0.0,41820.0,17.026215,16.77011
2026-07-08 23:00:00+02:00,21.634499,3.0758414,5.7599998,0.0,0.0,40440.0,16.506018,14.543223
2026-07-09 00:00:00+02:00,20.3345,2.5455842,4.32,0.0,0.0,39680.0,14.126582,26.948227
2026-07-09 01:00:00+02:00,19.5845,2.2768397,3.2399998,0.0,0.0,39440.0,13.739071,26.869482
2026-07-09 02:00:00+02:00,18.8345,2.5455842,2.8799999,0.0,0.0,38980.0,13.701232,21.759575
2026-07-09 03:00:00+02:00,18.384499,2.1897945,3.96,0.0,0.0,38080.0,11.537306,23.265514
2026-07-09 04:00:00+02:00,17.884499,1.835647,2.52,0.0,0.0,37860.0,9.227144,27.958607
2026-07-09 05:00:00+02:00,17.9345,2.5959969,1.8,0.0,0.0,38620.0,9.688234,27.310343
2026-07-09 06:00:00+02:00,16.1845,3.0758414,3.96,0.0,0.0,34440.0,9.350104,25.63681
2026-07-09 07:00:00+02:00,17.1845,2.5455842,3.6,0.0,0.0,33520.0,8.765491,25.448275
2026-07-09 08:00:00+02:00,20.1845,5.0528407,7.2,6.0,0.0,36840.0,7.0743074,32.77923
2026-07-09 09:00:00+02:00,22.234499,7.968939,14.759999,0.0,0.0,39420.0,6.198138,35.04561
2026-07-09 10:00:00+02:00,24.634499,9.3876505,17.28,0.0,0.0,40820.0,8.476439,32.708637
2026-07-09 11:00:00+02:00,26.5345,10.483357,21.96,4.0,0.0,41760.0,15.372571,33.820465
2026-07-09 12:00:00+02:00,28.134499,12.768586,23.039999,0.0,0.0,42600.0,15.493671,30.312284
2026-07-09 13:00:00+02:00,29.4345,13.854155,24.84,16.0,0.0,42160.0,16.104847,27.563091
2026-07-09 14:00:00+02:00,30.2845,12.43434,22.68,5.0,0.0,42840.0,13.402427,26.718508
2026-07-09 15:00:00+02:00,30.884499,13.217443,20.16,0.0,0.0,46580.0,11.02182,22.56785
2026-07-09 16:00:00+02:00,31.1845,13.392774,21.96,0.0,0.0,49400.0,12.603934,22.249796
2026-07-09 17:00:00+02:00,31.0345,13.479583,23.759998,0.0,0.0,47780.0,13.9118,22.973904
2026-07-09 18:00:00+02:00,30.6845,13.779114,25.919998,0.0,0.0,47360.0,20.11784,21.510277
2026-07-09 19:00:00+02:00,29.634499,16.24394,28.08,0.0,0.0,44160.0,20.827858,16.677967
2026-07-09 20:00:00+02:00,28.5345,18.72346,29.16,0.0,0.0,43300.0,24.220585,15.665498
2026-07-09 21:00:00+02:00,27.0845,16.199999,32.399998,0.0,0.0,43240.0,27.34557,13.879042
2026-07-09 22:00:00+02:00,26.2845,16.93531,29.16,0.0,0.0,43040.0,29.854185,12.96038
2026-07-09 23:00:00+02:00,26.0845,17.163355,28.08,0.0,0.0,43180.0,32.825947,12.367153
2026-07-10 00:00:00+02:00,25.1845,14.88242,29.16,0.0,0.0,42620.0,35.491684,10.4046545
2026-07-10 01:00:00+02:00,23.134499,9.726664,23.4,0.0,0.0,41760.0,34.70479,9.494725
2026-07-10 02:00:00+02:00,21.984499,9.686609,15.4800005,0.0,0.0,40800.0,30.041407,5.6205835
2026-07-10 03:00:00+02:00,20.884499,9.0,15.4800005,0.0,0.0,40040.0,25.7982,5.8883786
2026-07-10 04:00:00+02:00,19.8345,7.5685663,14.4,0.0,0.0,40080.0,23.351927,6.2068963
2026-07-10 05:00:00+02:00,19.134499,6.696387,12.24,0.0,0.0,39940.0,21.615568,7.677507
2026-07-10 06:00:00+02:00,18.5845,6.28713,11.879999,0.0,0.0,39280.0,22.482038,9.310345
2026-07-10 07:00:00+02:00,18.884499,6.5693827,10.799999,0.0,0.0,38760.0,23.431826,9.695481
2026-07-10 08:00:00+02:00,21.1845,9.9571085,17.28,0.0,0.0,39980.0,26.371387,6.113084
2026-07-10 09:00:00+02:00,23.1845,13.004921,23.039999,0.0,0.0,40840.0,24.0485,5.1183376
2026-07-10 10:00:00+02:00,25.0845,14.764389,26.28,0.0,0.0,41560.0,21.006556,3.1034482
2026-07-10 11:00:00+02:00,27.0345,17.64,28.08,0.0,0.0,42640.0,24.224873,0.6206896
2026-07-10 12:00:00+02:00,28.984499,18.806337,33.12,0.0,0.0,44240.0,23.222628,3.3425157
2026-07-10 13:00:00+02:00,30.6845,18.089775,33.12,0.0,0.0,46540.0,20.592224,6.113084
2026-07-10 14:00:00+02:00,31.8345,19.09358,30.960001,0.0,0.0,49800.0,24.151897,9.695481
2026-07-10 15:00:00+02:00,32.8845,20.5484,30.599998,0.0,0.0,52480.0,23.98365,12.568007
2026-07-10 16:00:00+02:00,33.4845,21.129885,32.399998,0.0,0.0,53640.0,24.34032,13.166815
2026-07-10 17:00:00+02:00,33.184498,20.478907,32.039997,0.0,0.0,52880.0,24.27197,14.909477
2026-07-10 18:00:00+02:00,33.0345,17.414476,32.039997,0.0,0.0,53060.0,21.422567,13.6692705
2026-07-10 19:00:00+02:00,32.2345,12.287555,28.08,0.0,0.0,49100.0,17.865383,15.517241
2026-07-10 20:00:00+02:00,30.884499,12.88981,20.519999,0.0,0.0,45860.0,20.465782,17.167427
2026-07-10 21:00:00+02:00,28.8345,12.849528,20.519999,0.0,0.0,44660.0,23.90994,21.085184
2026-07-10 22:00:00+02:00,27.5345,9.255571,20.519999,0.0,0.0,44300.0,19.726961,21.230852
2026-07-10 23:00:00+02:00,27.7845,14.044615,14.4,0.0,0.0,44680.0,21.553034,15.517241
2026-07-11 00:00:00+02:00,26.2845,9.255571,21.24,0.0,0.0,43880.0,22.702635,18.381218
2026-07-11 01:00:00+02:00,24.0845,6.9153743,13.679999,0.0,0.0,41980.0,25.327036,23.3729
2026-07-11 02:00:00+02:00,22.5845,2.5959969,11.5199995,0.0,0.0,41080.0,19.931175,26.797695
2026-07-11 03:00:00+02:00,21.734499,5.8603754,10.08,0.0,0.0,41020.0,11.85686,25.816511
2026-07-11 04:00:00+02:00,21.484499,0.71999997,9.36,0.0,0.0,41120.0,12.030725,26.89098
2026-07-11 05:00:00+02:00,19.5345,1.835647,2.16,0.0,0.0,40560.0,10.569795,32.25795
2026-07-11 06:00:00+02:00,19.134499,1.0182338,1.8,0.0,0.0,40360.0,18.142204,21.724138
2026-07-11 07:00:00+02:00,18.0345,3.5455887,6.12,0.0,0.0,34500.0,9.580463,19.803793
2026-07-11 08:00:00+02:00,21.3345,4.379589,9.36,0.0,0.0,39040.0,10.754816,14.153901
2026-07-11 09:00:00+02:00,23.4345,4.2136917,10.440001,0.0,0.0,40020.0,10.331347,7.4740934
2026-07-11 10:00:00+02:00,25.484499,4.802999,12.24,0.0,0.0,41260.0,7.78694,4.7270317
2026-07-11 11:00:00+02:00,27.384499,3.9763298,10.08,0.0,0.0,42060.0,2.3236039,1.2413791
2026-07-11 12:00:00+02:00,30.134499,6.9247384,7.92,0.0,0.0,44960.0,6.444517,5.551616
2026-07-11 13:00:00+02:00,31.884499,7.4128532,9.0,0.0,0.0,44500.0,6.524576,10.236675
2026-07-11 14:00:00+02:00,32.7845,9.957108,14.04,0.0,0.0,48080.0,9.079681,8.068965
2026-07-11 15:00:00+02:00,33.5845,13.049689,20.880001,0.0,0.0,48420.0,10.240498,7.677507
2026-07-11 16:00:00+02:00,33.9845,14.587776,20.880001,0.0,0.0,52460.0,12.710575,13.398848
2026-07-11 17:00:00+02:00,33.2345,18.709612,24.84,0.0,0.0,52440.0,25.494564,11.444951
2026-07-11 18:00:00+02:00,33.3345,17.414476,32.760002,0.0,0.0,51440.0,23.630384,10.714764
2026-07-11 19:00:00+02:00,32.7345,11.212135,28.44,0.0,0.0,50540.0,15.916784,20.66067
2026-07-11 20:00:00+02:00,30.9345,13.905509,19.44,0.0,0.0,46680.0,11.961482,7.677507
2026-07-11 21:00:00+02:00,28.6845,4.1046314,21.96,1.0,0.0,45600.0,10.831775,8.092802
2026-07-11 22:00:00+02:00,24.4345,3.6,11.5199995,0.0,0.0,41140.0,13.144288,8.442291
2026-07-11 23:00:00+02:00,23.884499,2.0991426,4.68,0.0,0.0,42140.0,21.892395,9.331011
2026-07-12 00:00:00+02:00,23.0845,2.7416782,3.96,0.0,0.0,41760.0,27.976185,13.948265
2026-07-12 01:00:00+02:00,21.384499,5.3517847,9.0,0.0,0.0,40760.0,25.665043,20.557856
2026-07-12 02:00:00+02:00,21.1845,3.563818,9.0,0.0,0.0,41100.0,27.632627,19.725824
2026-07-12 03:00:00+02:00,20.234499,7.145796,11.159999,0.0,0.0,40680.0,24.64554,18.381218
2026-07-12 04:00:00+02:00,19.884499,5.3517847,11.5199995,0.0,0.0,40880.0,23.311878,18.26558
2026-07-12 05:00:00+02:00,18.884499,5.3999996,9.72,0.0,0.0,39840.0,18.250618,22.379282
2026-07-12 06:00:00+02:00,18.5345,6.8777895,11.5199995,0.0,0.0,40100.0,16.885372,22.898315
2026-07-12 07:00:00+02:00,18.884499,6.9527545,11.5199995,0.0,0.0,39940.0,14.836392,14.543223
2026-07-12 08:00:00+02:00,20.884499,7.5685663,14.04,0.0,0.0,40500.0,18.147924,12.320337
2026-07-12 09:00:00+02:00,22.484499,11.966953,20.519999,0.0,0.0,41260.0,18.142204,12.915714
2026-07-12 10:00:00+02:00,24.5845,15.226764,26.64,0.0,0.0,42140.0,20.17453,17.245792
2026-07-12 11:00:00+02:00,27.134499,17.294992,30.960001,0.0,0.0,43900.0,23.101595,20.141356
2026-07-12 12:00:00+02:00,29.3345,20.570463,33.12,0.0,0.0,45580.0,19.568422,21.96224
2026-07-12 13:00:00+02:00,30.734499,20.991426,33.48,0.0,0.0,47120.0,21.006557,19.49005
2026-07-12 14:00:00+02:00,31.1845,21.9718,33.839996,0.0,0.0,47880.0,23.28068,17.577684
2026-07-12 15:00:00+02:00,32.2345,20.523155,33.839996,0.0,0.0,50260.0,25.555578,10.678748
2026-07-12 16:00:00+02:00,32.4845,21.791153,33.48,0.0,0.0,50420.0,26.181717,5.8883786
2026-07-12 17:00:00+02:00,32.3845,21.647945,33.48,0.0,0.0,53340.0,28.256838,3.9743526
2026-07-12 18:00:00+02:00,32.5345,19.829433,35.28,0.0,0.0,59160.0,27.391094,3.7755077
2026-07-12 19:00:00+02:00,31.2845,19.09358,33.839996,0.0,0.0,56460.0,27.617594,5.7224755
2026-07-12 20:00:00+02:00,29.484499,12.9249525,32.760002,0.0,0.0,57420.0,30.244637,6.390391
2026-07-12 21:00:00+02:00,26.7845,14.05845,22.68,0.0,0.0,48780.0,31.270855,7.4740934
2026-07-12 22:00:00+02:00,25.134499,14.05845,24.84,0.0,0.0,48020.0,31.057625,9.813965
2026-07-12 23:00:00+02:00,24.5345,15.349684,22.68,0.0,0.0,44460.0,38.37059,11.939203
2026-07-13 00:00:00+02:00,23.484499,14.76439,24.84,0.0,0.0,43440.0,36.809986,18.096056
2026-07-13 01:00:00+02:00,22.7845,14.021525,24.119999,0.0,0.0,43220.0,27.542301,21.103449
2026-07-13 02:00:00+02:00,21.984499,11.720751,23.039999,0.0,0.0,42540.0,14.148615,19.98775
2026-07-13 03:00:00+02:00,20.234499,8.435069,18.359999,0.0,0.0,41840.0,11.85686,21.402544
2026-07-13 04:00:00+02:00,18.9345,6.989936,13.679999,0.0,0.0,41240.0,11.392405,24.389233
2026-07-13 05:00:00+02:00,18.234499,5.8603754,11.5199995,0.0,0.0,40960.0,2.453999,27.758083
2026-07-13 06:00:00+02:00,17.7845,4.6938257,9.0,0.0,0.0,41060.0,3.3175182,25.5691
2026-07-13 07:00:00+02:00,17.0845,4.510787,6.8399997,0.0,0.0,39100.0,7.34788,27.875805
2026-07-13 08:00:00+02:00,20.234499,4.32,8.64,0.0,0.0,40700.0,7.418196,31.806936
2026-07-13 09:00:00+02:00,22.0345,4.6938252,8.64,0.0,0.0,40960.0,11.760141,32.192196
2026-07-13 10:00:00+02:00,24.3345,5.0528407,12.959999,0.0,0.0,41560.0,13.402427,31.776642
2026-07-13 11:00:00+02:00,26.7845,6.28713,11.159999,0.0,0.0,43140.0,15.713261,36.919296
2026-07-13 12:00:00+02:00,29.134499,6.439876,14.4,0.0,0.0,45340.0,17.60191,40.24922
2026-07-13 13:00:00+02:00,30.734499,3.6179552,12.24,0.0,0.0,50640.0,18.159363,39.69503
2026-07-13 14:00:00+02:00,30.884499,5.154415,10.08,0.0,0.0,47940.0,12.661468,44.19118
2026-07-13 15:00:00+02:00,32.6345,4.5536795,12.959999,0.0,0.0,50700.0,15.942856,54.38389
2026-07-13 16:00:00+02:00,33.7345,3.8268526,11.5199995,0.0,0.0,51440.0,23.5776,53.354042
2026-07-13 17:00:00+02:00,32.434498,2.7416782,11.159999,0.0,0.0,49520.0,33.26582,47.049744
2026-07-13 18:00:00+02:00,32.0845,4.3349743,12.599999,0.0,0.0,48400.0,19.46735,58.056877
2026-07-13 19:00:00+02:00,31.6845,1.609969,6.12,0.0,0.0,47800.0,27.812405,46.08176
2026-07-13 20:00:00+02:00,29.134499,3.6179552,16.199999,0.0,0.1,43640.0,23.15098,48.987316
2026-07-13 21:00:00+02:00,26.7845,4.452954,9.36,0.0,0.0,42620.0,21.422567,39.45165
2026-07-13 22:00:00+02:00,25.0845,2.5959969,5.7599998,0.0,0.0,42180.0,19.160927,43.581074
2026-07-13 23:00:00+02:00,24.5345,2.3051248,4.32,0.0,0.0,42280.0,16.162766,38.387535
2026-07-14 00:00:00+02:00,23.484499,3.4152596,5.04,0.0,0.0,41620.0,26.098305,41.918385
2026-07-14 01:00:00+02:00,22.6845,2.6208394,3.2399998,0.0,0.0,37300.0,27.681433,43.03846
2026-07-14 02:00:00+02:00,21.7845,3.2599385,4.68,0.0,0.0,40240.0,23.343035,38.861317
2026-07-14 03:00:00+02:00,21.5845,2.5959969,4.68,0.0,0.0,38320.0,27.132105,32.984264
2026-07-14 04:00:00+02:00,20.734499,3.6179552,4.68,0.0,0.0,32960.0,26.9786,30.710028
2026-07-14 05:00:00+02:00,19.884499,0.71999997,5.3999996,0.0,0.0,33180.0,20.966978,28.266945
2026-07-14 06:00:00+02:00,20.0345,1.835647,4.68,0.0,0.0,37060.0,25.067432,18.908127
2026-07-14 07:00:00+02:00,20.0845,0.8049845,2.16,0.0,0.0,25340.0,18.6891,21.103449
2026-07-14 08:00:00+02:00,21.134499,4.0249224,9.0,0.0,0.0,24580.0,29.253422,30.439116
2026-07-14 09:00:00+02:00,23.2845,1.8,7.92,0.0,0.0,36420.0,18.882547,36.08551
2026-07-14 10:00:00+02:00,26.8345,2.0991426,5.7599998,0.0,0.0,40760.0,18.239237,30.439116
2026-07-14 11:00:00+02:00,28.4345,1.9386592,7.5599995,0.0,0.0,41500.0,14.69576,28.719894
2026-07-14 12:00:00+02:00,30.7845,9.19939,15.84,0.0,0.0,43420.0,14.589397,28.659466
2026-07-14 13:00:00+02:00,32.7345,13.584932,22.68,0.0,0.0,43800.0,18.788836,27.310343
2026-07-14 14:00:00+02:00,33.5845,12.7279215,28.44,0.0,0.0,44420.0,13.223043,23.659594
2026-07-14 15:00:00+02:00,33.8345,16.78156,25.56,0.0,0.0,45420.0,17.934988,28.307802
2026-07-14 16:00:00+02:00,34.1345,5.3999996,24.119999,0.0,0.1,45060.0,17.08101,26.869482
2026-07-14 17:00:00+02:00,30.984499,6.193674,17.28,0.0,0.0,41680.0,19.972805,32.89655
2026-07-14 18:00:00+02:00,30.4345,5.3517847,30.599998,0.0,0.0,41540.0,13.548821,38.04478
2026-07-14 19:00:00+02:00,28.484499,11.113451,21.24,0.0,0.0,39900.0,18.70576,36.430832
2026-07-14 20:00:00+02:00,25.3345,8.311245,20.16,0.0,0.0,36120.0,27.831066,43.22603
2026-07-14 21:00:00+02:00,23.7845,2.6208394,14.4,0.0,0.0,34500.0,20.63252,42.647293
2026-07-14 22:00:00+02:00,23.4345,2.0991426,10.08,0.0,0.0,38220.0,20.019537,45.02033
2026-07-14 23:00:00+02:00,22.134499,1.9386592,4.32,0.0,0.0,30600.0,17.795506,35.22653
2026-07-15 00:00:00+02:00,21.734499,5.495161,8.28,0.0,0.0,36780.0,13.708807,44.347828
2026-07-15 01:00:00+02:00,21.4345,2.6208394,9.36,0.0,0.0,36600.0,14.589397,48.449585
2026-07-15 02:00:00+02:00,21.3345,2.1897945,2.8799999,0.0,0.0,35680.0,15.713261,55.69976
2026-07-15 03:00:00+02:00,21.4345,1.9386592,6.8399997,0.0,0.0,28880.0,17.584206,54.199394
2026-07-15 04:00:00+02:00,20.5845,3.319036,7.2,0.0,0.0,19700.0,23.94899,52.66726
2026-07-15 05:00:00+02:00,19.634499,0.8049845,6.8399997,0.0,0.0,15560.0,23.074612,57.459904
2026-07-15 06:00:00+02:00,18.384499,2.1897945,3.96,77.0,0.0,4200.0,25.717579,47.270313
2026-07-15 07:00:00+02:00,18.5845,5.2416787,7.92,71.0,0.0,300.0,23.351929,44.80158
2026-07-15 08:00:00+02:00,19.9345,1.609969,6.4799995,72.0,0.0,260.0,23.700583,51.75599
2026-07-15 09:00:00+02:00,22.5845,5.634891,10.08,0.0,0.0,29740.0,20.302786,47.20915
2026-07-15 10:00:00+02:00,24.7845,3.8773184,7.92,0.0,0.0,36020.0,18.369701,47.857548
2026-07-15 11:00:00+02:00,25.734499,5.1544156,13.32,0.0,0.0,38200.0,22.347704,48.278324
2026-07-15 12:00:00+02:00,26.984499,6.9899354,17.28,0.0,0.0,40980.0,20.561947,41.134445
2026-07-15 13:00:00+02:00,25.9345,13.854155,29.16,0.0,0.0,40240.0,19.616121,42.629227
2026-07-15 14:00:00+02:00,24.2845,10.636766,25.919998,0.0,0.4,37540.0,21.615568,57.157394
2026-07-15 15:00:00+02:00,25.3345,11.019764,20.880001,0.0,0.0,38700.0,22.75289,50.210682
2026-07-15 16:00:00+02:00,25.5845,10.538843,20.16,0.0,0.0,39820.0,31.030869,43.55897
2026-07-15 17:00:00+02:00,26.5345,14.77755,23.039999,0.0,0.0,40960.0,31.637262,46.55586
2026-07-15 18:00:00+02:00,26.5345,10.315115,24.119999,0.0,0.0,40560.0,30.093203,41.590836
2026-07-15 19:00:00+02:00,26.234499,9.659814,20.519999,2.0,0.0,40160.0,26.9786,32.949207
2026-07-15 20:00:00+02:00,24.234499,11.966953,15.4800005,33.0,0.0,38880.0,19.972805,26.135382
2026-07-15 21:00:00+02:00,22.0345,13.363711,30.599998,0.0,3.8,12360.0,13.049152,31.63082
2026-07-15 22:00:00+02:00,20.9345,1.1384199,25.199999,0.0,2.1,34080.0,10.481012,35.574776
2026-07-15 23:00:00+02:00,20.3345,15.941944,12.599999,0.0,0.2,2680.0,18.090624,46.96369
2026-07-16 00:00:00+02:00,19.0345,2.5455842,26.28,0.0,4.8,27760.0,19.679535,40.387775
2026-07-16 01:00:00+02:00,18.3345,2.52,12.599999,28.0,0.0,18300.0,11.124962,32.75571
2026-07-16 02:00:00+02:00,17.4345,6.12,18.359999,70.0,4.6,960.0,38.161667,61.89803
2026-07-16 03:00:00+02:00,17.9345,4.6800003,9.36,45.0,0.8,16580.0,34.180252,55.045757
2026-07-16 04:00:00+02:00,18.0345,3.0758414,9.0,0.0,0.0,20000.0,31.297407,60.513264
2026-07-16 05:00:00+02:00,17.9345,3.6,6.4799995,0.0,0.0,26040.0,28.186937,43.731094
2026-07-16 06:00:00+02:00,17.3345,1.484318,5.3999996,0.0,0.0,15880.0,31.174416,52.270763
2026-07-16 07:00:00+02:00,16.984499,1.1384199,2.52,43.0,0.0,2560.0,31.426521,45.348587
2026-07-16 08:00:00+02:00,18.0845,2.4149535,4.68,41.0,0.0,2580.0,25.862514,43.981453
2026-07-16 09:00:00+02:00,19.634499,1.1384199,5.3999996,0.0,0.0,21660.0,22.04835,39.45165
2026-07-16 10:00:00+02:00,21.234499,1.609969,6.4799995,0.0,0.0,29960.0,18.733492,36.14951
2026-07-16 11:00:00+02:00,23.134499,0.8049845,5.3999996,0.0,0.0,38300.0,13.97881,44.9818
2026-07-16 12:00:00+02:00,24.5845,2.52,6.12,0.0,0.0,39100.0,11.254866,48.373985
2026-07-16 13:00:00+02:00,26.0845,0.5091169,6.8399997,0.0,0.0,39740.0,10.831774,47.270313
2026-07-16 14:00:00+02:00,27.884499,1.9386592,6.4799995,0.0,0.0,41580.0,19.483345,52.802414
2026-07-16 15:00:00+02:00,28.9345,2.5455842,6.4799995,0.0,0.0,42180.0,31.204378,49.72495
2026-07-16 16:00:00+02:00,28.8345,3.096837,7.2,0.0,0.0,41720.0,32.670586,58.29198
2026-07-16 17:00:00+02:00,28.7845,3.8268526,11.159999,0.0,0.0,41840.0,39.097034,63.67743
2026-07-16 18:00:00+02:00,27.0845,14.205182,18.72,0.0,0.0,41080.0,41.025314,61.501537
2026-07-16 19:00:00+02:00,25.6845,8.0899935,39.6,0.0,0.2,39960.0,25.814295,75.79533
2026-07-16 20:00:00+02:00,24.634499,2.16,15.119999,0.0,0.0,38240.0,27.379719,56.31882
2026-07-16 21:00:00+02:00,22.734499,7.928177,25.56,0.0,0.0,30900.0,10.035667,43.060833
2026-07-16 22:00:00+02:00,21.5845,11.841756,20.880001,16.0,5.7,17620.0,30.107002,35.574776
2026-07-16 23:00:00+02:00,20.984499,8.049845,30.960001,0.0,0.8,28400.0,17.795506,37.499107
2026-07-17 00:00:00+02:00,21.0345,6.792466,11.879999,0.0,0.0,30380.0,19.079472,17.78468
2026-07-17 01:00:00+02:00,19.4345,17.518356,36.36,91.0,1.2,20920.0,36.663017,49.332138
2026-07-17 02:00:00+02:00,18.234499,15.2947035,30.960001,100.0,4.0,11940.0,27.722662,38.662537
2026-07-17 03:00:00+02:00,17.5345,5.937272,26.64,53.0,0.3,23860.0,47.576077,47.74471
2026-07-17 04:00:00+02:00,17.634499,13.397612,24.119999,77.0,0.0,20140.0,68.71953,35.38475
2026-07-17 05:00:00+02:00,18.484499,22.805367,26.28,63.0,0.0,31900.0,82.981766,31.703814
2026-07-17 06:00:00+02:00,18.8345,13.044722,44.28,0.0,0.0,37480.0,48.25433,35.25386
2026-07-17 07:00:00+02:00,17.7845,7.729527,21.24,0.0,0.0,23920.0,53.87632,37.816254
2026-07-17 08:00:00+02:00,19.484499,9.290511,19.08,0.0,0.0,34220.0,63.53817,35.341175
2026-07-17 09:00:00+02:00,19.9345,7.127636,16.56,0.0,0.0,28780.0,36.908577,41.72955
2026-07-17 10:00:00+02:00,20.1845,7.208994,16.56,0.0,0.6,8480.0,28.538372,37.999184
2026-07-17 11:00:00+02:00,22.484499,11.91812,11.5199995,0.0,0.1,38980.0,27.024742,45.82186
2026-07-17 12:00:00+02:00,24.384499,8.049845,21.599998,12.0,0.0,39620.0,26.229265,46.08594
2026-07-17 13:00:00+02:00,25.984499,6.9527545,14.759999,0.0,0.0,40440.0,31.270855,57.483368
2026-07-17 14:00:00+02:00,27.634499,11.435313,16.199999,22.0,0.0,42460.0,19.868563,59.014496
2026-07-17 15:00:00+02:00,28.2845,17.935081,31.319998,0.0,0.0,43060.0,22.440435,52.451027
2026-07-17 16:00:00+02:00,28.5845,16.418526,31.68,0.0,0.0,42860.0,22.403389,51.37121
2026-07-17 17:00:00+02:00,28.5345,13.202726,28.08,19.0,0.0,42960.0,22.343058,57.513515
2026-07-17 18:00:00+02:00,28.134499,12.620554,24.119999,0.0,0.0,42560.0,29.178795,50.991077
2026-07-17 19:00:00+02:00,27.2845,11.91812,24.84,0.0,0.0,42580.0,34.599915,54.41222
2026-07-17 20:00:00+02:00,26.134499,13.202726,23.039999,0.0,0.0,42060.0,35.450703,55.533516
2026-07-17 21:00:00+02:00,24.5345,18.057508,30.599998,0.0,0.0,41220.0,37.67701,58.4965
2026-07-17 22:00:00+02:00,23.0345,9.085988,30.239998,0.0,0.0,40900.0,35.100437,58.440487
2026-07-17 23:00:00+02:00,22.5345,1.9386592,10.440001,0.0,0.0,40980.0,34.286407,50.06084
2026-07-18 00:00:00+02:00,19.9345,0.71999997,5.7599998,0.0,0.0,37600.0,25.100548,50.291183
2026-07-18 01:00:00+02:00,19.1845,0.8049845,5.04,0.0,0.0,35900.0,22.104788,46.081764
2026-07-18 02:00:00+02:00,18.1845,1.0182338,1.08,3.0,0.0,30760.0,16.860758,50.40978
2026-07-18 03:00:00+02:00,18.5345,1.8,1.08,3.0,0.0,34980.0,15.73307,56.920994
2026-07-18 04:00:00+02:00,18.384499,2.0991426,3.96,0.0,0.0,35760.0,16.587591,52.145317
2026-07-18 05:00:00+02:00,17.484499,2.16,2.52,3.0,0.0,30000.0,14.482251,48.667767
2026-07-18 06:00:00+02:00,17.234499,2.5959969,3.6,0.0,0.0,29140.0,14.836392,46.34852
2026-07-18 07:00:00+02:00,16.8345,0.8049845,2.8799999,0.0,0.0,18060.0,16.506018,45.31459
2026-07-18 08:00:00+02:00,18.984499,3.319036,3.6,56.0,0.0,560.0,19.188004,47.473625
2026-07-18 09:00:00+02:00,21.4345,4.3349743,8.28,0.0,0.0,36920.0,16.885372,45.31459
2026-07-18 10:00:00+02:00,22.884499,3.319036,7.92,0.0,0.0,39060.0,16.587591,44.951813
2026-07-18 11:00:00+02:00,24.3345,5.8048253,9.0,2.0,0.0,40440.0,17.590109,47.306973
2026-07-18 12:00:00+02:00,25.3345,5.8048253,11.5199995,25.0,0.0,41120.0,17.196117,39.88384
2026-07-18 13:00:00+02:00,26.4345,4.802999,10.799999,16.0,0.0,41860.0,9.294415,34.946533
2026-07-18 14:00:00+02:00,26.8345,2.5455842,9.36,29.0,0.0,41640.0,10.725815,35.73146
2026-07-18 15:00:00+02:00,27.5845,8.209263,14.4,46.0,0.0,41680.0,12.269995,35.138927
2026-07-18 16:00:00+02:00,22.1845,21.817902,35.64,33.0,2.4,35880.0,20.236195,43.48815
2026-07-18 17:00:00+02:00,27.134499,8.587338,28.8,0.0,0.0,43720.0,18.250618,30.22956
2026-07-18 18:00:00+02:00,24.484499,13.276144,24.84,0.0,0.1,41960.0,16.053188,27.993032
2026-07-18 19:00:00+02:00,24.734499,1.8,16.56,23.0,0.0,41680.0,24.523062,31.090292
2026-07-18 20:00:00+02:00,24.4345,4.6800003,21.96,0.0,0.0,42180.0,25.166643,45.186886
2026-07-18 21:00:00+02:00,23.2845,2.1897945,11.5199995,0.0,0.0,41220.0,28.618301,39.7726
2026-07-18 22:00:00+02:00,19.984499,2.2768397,7.5599995,0.0,0.0,36660.0,23.683054,40.344826
2026-07-18 23:00:00+02:00,18.734499,2.9024127,2.52,0.0,0.0,32640.0,21.026318,44.360855
2026-07-19 00:00:00+02:00,17.984499,0.5091169,5.7599998,0.0,0.0,26620.0,16.755745,42.39814
2026-07-19 01:00:00+02:00,17.984499,1.484318,3.2399998,0.0,0.0,34880.0,12.244582,47.514187
2026-07-19 02:00:00+02:00,17.734499,2.6208394,3.6,0.0,0.0,37740.0,10.870049,45.619633
2026-07-19 03:00:00+02:00,17.134499,3.96,6.4799995,0.0,0.0,38980.0,11.883102,48.556816
2026-07-19 04:00:00+02:00,16.4345,2.0991426,5.7599998,0.0,0.0,39080.0,12.767627,49.06982
2026-07-19 05:00:00+02:00,15.8345,1.835647,2.16,0.0,0.0,28680.0,13.678478,47.893757
2026-07-19 06:00:00+02:00,15.7345,2.5959969,2.52,42.0,0.0,24280.0,17.934988,48.94011
2026-07-19 07:00:00+02:00,16.734499,2.52,3.96,0.0,0.0,25000.0,10.974618,46.081764
2026-07-19 08:00:00+02:00,18.5845,3.2599385,7.2,0.0,0.0,29900.0,16.162766,39.226406
2026-07-19 09:00:00+02:00,19.3345,5.634891,10.440001,0.0,0.0,35100.0,15.044876,39.898323
2026-07-19 10:00:00+02:00,20.2845,4.8433046,12.959999,0.0,0.0,37460.0,18.142204,38.662537
2026-07-19 11:00:00+02:00,22.0345,5.3517847,9.72,2.0,0.0,39680.0,16.959002,39.147755
2026-07-19 12:00:00+02:00,23.484499,7.10031,13.679999,8.0,0.0,40560.0,17.400198,41.04068
2026-07-19 13:00:00+02:00,24.4345,5.0911684,11.5199995,38.0,0.0,40880.0,14.539494,41.19528
2026-07-19 14:00:00+02:00,25.0845,5.315336,14.759999,42.0,0.0,41380.0,15.587208,45.30609
2026-07-19 15:00:00+02:00,25.5845,14.039999,24.48,2.0,0.0,42780.0,20.607346,34.49717
2026-07-19 16:00:00+02:00,25.7845,10.163227,25.199999,0.0,0.0,43560.0,22.934696,34.697605
2026-07-19 17:00:00+02:00,25.634499,8.049845,20.880001,0.0,0.0,42780.0,21.706642,42.593056
2026-07-19 18:00:00+02:00,24.8345,9.779817,22.319998,0.0,0.0,42500.0,17.081009,42.193203
2026-07-19 19:00:00+02:00,24.134499,6.8399997,16.919998,0.0,0.0,42240.0,10.831775,38.587734
2026-07-19 20:00:00+02:00,23.384499,6.162207,11.879999,43.0,0.0,42900.0,12.669665,42.266186
2026-07-19 21:00:00+02:00,21.2845,5.506941,9.36,15.0,0.0,41440.0,11.760141,42.791584
2026-07-19 22:00:00+02:00,19.234499,4.5536795,9.0,0.0,0.0,41060.0,6.1138062,39.53457
2026-07-19 23:00:00+02:00,19.2845,8.311245,8.64,39.0,0.0,41560.0,6.9559,43.612003
2026-07-20 00:00:00+02:00,18.4345,4.896529,14.04,30.0,0.0,41320.0,13.495072,44.260868
2026-07-20 01:00:00+02:00,16.9345,2.3051248,6.8399997,37.0,0.0,40280.0,12.767627,43.22603
2026-07-20 02:00:00+02:00,17.234499,5.7599998,4.68,8.0,0.0,40760.0,14.133929,43.221573
2026-07-20 03:00:00+02:00,16.2845,3.8268526,10.08,34.0,0.0,40080.0,12.108149,45.208195
2026-07-20 04:00:00+02:00,14.684501,2.7416782,5.3999996,0.0,0.0,38660.0,3.2222586,44.844555
2026-07-20 05:00:00+02:00,13.684501,2.3051248,3.6,0.0,0.0,36740.0,5.487309,41.62787
2026-07-20 06:00:00+02:00,13.6345005,2.5455842,2.52,0.0,0.0,38060.0,10.667574,37.90783
2026-07-20 07:00:00+02:00,13.4845,1.2979984,2.8799999,0.0,0.0,35620.0,10.280973,35.384754
2026-07-20 08:00:00+02:00,14.934501,2.5455842,4.68,0.0,0.0,23960.0,7.958391,35.428276
2026-07-20 09:00:00+02:00,17.6845,5.3517847,10.08,0.0,0.0,39500.0,5.941551,35.515167
2026-07-20 10:00:00+02:00,19.3345,9.028754,16.199999,0.0,0.0,40060.0,5.8357587,38.04478
2026-07-20 11:00:00+02:00,20.7845,12.661564,22.68,0.0,0.0,41220.0,8.706063,39.182182
2026-07-20 12:00:00+02:00,22.0345,13.910169,22.319998,0.0,0.0,41940.0,15.4936695,38.48776
2026-07-20 13:00:00+02:00,23.2845,13.493999,21.24,3.0,0.0,42500.0,16.468233,37.370464
2026-07-20 14:00:00+02:00,24.134499,12.0694,22.68,3.0,0.0,42900.0,16.00136,37.184437
2026-07-20 15:00:00+02:00,24.984499,12.429127,21.24,27.0,0.0,43000.0,14.075039,36.70475
2026-07-20 16:00:00+02:00,25.4345,9.290511,16.919998,9.0,0.0,43560.0,10.677303,33.905792
2026-07-20 17:00:00+02:00,25.5845,8.427383,15.84,0.0,0.0,43960.0,9.227144,37.184437
2026-07-20 18:00:00+02:00,24.9345,10.495713,19.8,0.0,0.0,45280.0,2.3236039,41.877007
2026-07-20 19:00:00+02:00,23.8345,13.363711,23.759998,0.0,0.0,46100.0,1.8788835,42.302624
2026-07-20 20:00:00+02:00,22.884499,18.448023,30.599998,0.0,0.0,45340.0,2.8820758,42.425396
2026-07-20 21:00:00+02:00,21.234499,18.129137,33.839996,0.0,0.0,45320.0,4.556962,41.045376
2026-07-20 22:00:00+02:00,20.2845,15.629972,30.599998,0.0,0.0,45020.0,11.474137,38.472748
2026-07-20 23:00:00+02:00,20.0345,14.512064,26.28,0.0,0.0,43440.0,24.220585,41.21865
2026-07-21 00:00:00+02:00,17.884499,6.792466,24.48,0.0,0.0,42020.0,18.904528,42.615665
2026-07-21 01:00:00+02:00,16.0345,4.802999,9.36,0.0,0.0,40980.0,19.71643,41.877007
2026-07-21 02:00:00+02:00,15.7845,6.8777895,7.5599995,0.0,0.0,41180.0,16.111294,42.36178
2026-07-21 03:00:00+02:00,15.2345,6.297428,11.5199995,0.0,0.0,41060.0,16.22688,42.629227
2026-07-21 04:00:00+02:00,14.3345,4.452954,9.72,0.0,0.0,40960.0,13.708807,44.76717
2026-07-21 05:00:00+02:00,13.9845,5.154415,7.92,0.0,0.0,40820.0,12.710575,42.461704
2026-07-21 06:00:00+02:00,13.2345,4.452954,8.28,0.0,0.0,40380.0,13.246579,41.752625
2026-07-21 07:00:00+02:00,13.3845005,4.3349743,6.8399997,5.0,0.0,39680.0,11.474137,41.265358
2026-07-21 08:00:00+02:00,15.1345005,9.3876505,14.4,15.0,0.0,40700.0,9.612922,36.9558
2026-07-21 09:00:00+02:00,16.734499,13.339445,23.4,0.0,0.0,41260.0,9.227144,32.919964
2026-07-21 10:00:00+02:00,18.484499,15.273505,25.199999,0.0,0.0,41940.0,6.524576,30.439116
2026-07-21 11:00:00+02:00,20.134499,15.463244,29.519999,5.0,0.0,42620.0,6.444517,22.889902
2026-07-21 12:00:00+02:00,21.8345,17.414476,27.359999,0.0,0.0,43260.0,19.679535,20.809309
2026-07-21 13:00:00+02:00,23.234499,18.391735,28.08,0.0,0.0,44060.0,22.629341,19.725824
2026-07-21 14:00:00+02:00,23.7845,11.753876,29.16,0.0,0.0,43000.0,15.311664,19.28138
2026-07-21 15:00:00+02:00,24.4345,11.808878,20.880001,0.0,0.0,43400.0,15.1685915,21.759575
2026-07-21 16:00:00+02:00,24.734499,9.957108,19.8,4.0,0.0,43900.0,15.031068,22.999043
2026-07-21 17:00:00+02:00,24.5345,10.383987,21.24,0.0,0.0,44300.0,17.026215,20.482758
2026-07-21 18:00:00+02:00,23.984499,10.144082,23.039999,0.0,0.0,44480.0,19.726961,19.490047
2026-07-21 19:00:00+02:00,23.0845,7.8625183,20.16,0.0,0.0,45140.0,20.966978,21.794956
2026-07-21 20:00:00+02:00,22.0345,10.661107,18.359999,0.0,0.0,44160.0,16.461926,22.180428
2026-07-21 21:00:00+02:00,20.2845,10.440001,18.359999,0.0,0.0,44620.0,7.34788,19.725824
2026-07-21 22:00:00+02:00,19.5345,12.24,20.880001,0.0,0.0,43980.0,8.84802,19.755098
2026-07-21 23:00:00+02:00,19.734499,15.876775,21.24,0.0,0.0,43640.0,13.708807,16.677967
2026-07-22 00:00:00+02:00,18.5345,6.379216,25.199999,0.0,0.0,42900.0,21.495148,20.49216
2026-07-22 01:00:00+02:00,16.9345,4.8433046,9.72,0.0,0.0,41660.0,25.388453,20.548483
2026-07-22 02:00:00+02:00,17.0845,7.628263,9.36,0.0,0.0,41880.0,25.228453,19.161121
2026-07-22 03:00:00+02:00,17.1845,8.707237,16.199999,24.0,0.0,42520.0,22.934696,18.631031
2026-07-22 04:00:00+02:00,15.3845005,5.495161,14.04,0.0,0.0,41240.0,16.335295,16.77011
2026-07-22 05:00:00+02:00,13.434501,4.0249224,8.64,0.0,0.0,39600.0,15.148044,12.5680065
2026-07-22 06:00:00+02:00,13.1345005,4.072935,6.12,0.0,0.0,39860.0,15.318443,11.595439
2026-07-22 07:00:00+02:00,13.3345,4.0249224,6.8399997,0.0,0.0,38620.0,15.086228,14.275861
2026-07-22 08:00:00+02:00,15.4845,3.6179552,6.12,0.0,0.0,38840.0,11.208644,14.909477
2026-07-22 09:00:00+02:00,17.734499,5.2416787,9.72,0.0,0.0,40660.0,10.189676,16.861752
2026-07-22 10:00:00+02:00,19.734499,6.2145634,11.879999,0.0,0.0,40980.0,10.870049,15.216393
2026-07-22 11:00:00+02:00,21.7845,9.9571085,17.64,0.0,0.0,41960.0,11.392405,14.153901
2026-07-22 12:00:00+02:00,23.484499,10.636766,19.44,2.0,0.0,42620.0,18.369701,9.331011
2026-07-22 13:00:00+02:00,24.7845,10.990322,20.519999,0.0,0.0,43220.0,14.843389,8.442291
2026-07-22 14:00:00+02:00,26.0345,6.9899354,20.16,0.0,0.0,43840.0,9.65603,11.711148
2026-07-22 15:00:00+02:00,26.734499,6.989936,11.879999,0.0,0.0,45740.0,8.402622,14.753624
2026-07-22 16:00:00+02:00,27.0845,5.00128,11.159999,0.0,0.0,49560.0,9.125309,16.861752
2026-07-22 17:00:00+02:00,26.9345,6.5693827,14.759999,0.0,0.0,50880.0,7.7602262,19.871763
2026-07-22 18:00:00+02:00,26.3345,4.0249224,11.879999,0.0,0.0,54420.0,9.858215,24.928242
2026-07-22 19:00:00+02:00,25.634499,4.8433046,8.64,0.0,0.0,48400.0,13.670886,28.266945
2026-07-22 20:00:00+02:00,24.1845,4.198285,12.959999,0.0,0.0,45860.0,11.096928,28.907082
2026-07-22 21:00:00+02:00,21.5345,8.473393,13.32,0.0,0.0,43560.0,16.104847,32.22808
2026-07-22 22:00:00+02:00,20.634499,8.049845,16.56,0.0,0.0,43940.0,18.70576,31.133633
2026-07-22 23:00:00+02:00,18.484499,2.1897945,11.159999,0.0,0.0,42440.0,14.41038,32.192196
2026-07-23 00:00:00+02:00,17.484499,2.9024127,5.3999996,0.0,0.0,41640.0,5.487309,31.994127
2026-07-23 01:00:00+02:00,16.5845,1.835647,3.6,0.0,0.0,41220.0,5.8357587,33.64344
2026-07-23 02:00:00+02:00,17.234499,3.4152596,2.8799999,0.0,0.0,41080.0,6.7744107,32.572903
2026-07-23 03:00:00+02:00,17.1845,1.1384199,3.96,0.0,0.0,40660.0,8.062088,33.228638
2026-07-23 04:00:00+02:00,15.934501,1.484318,1.8,0.0,0.0,39640.0,9.022324,34.14357
2026-07-23 05:00:00+02:00,15.5845,2.8799999,3.2399998,0.0,0.0,39520.0,9.952556,34.725353
2026-07-23 06:00:00+02:00,14.5845,2.3051248,5.7599998,0.0,0.0,38640.0,8.202532,35.25386
2026-07-23 07:00:00+02:00,13.7845,3.096837,4.68,0.0,0.0,35400.0,10.240498,33.05427
2026-07-23 08:00:00+02:00,15.3845005,2.8116899,4.68,0.0,0.0,29540.0,6.6350365,30.991003
2026-07-23 09:00:00+02:00,17.984499,5.495161,10.08,0.0,0.0,39220.0,5.468354,26.186924
2026-07-23 10:00:00+02:00,19.9345,7.7879906,14.4,0.0,0.0,40180.0,6.572144,24.640675
2026-07-23 11:00:00+02:00,21.384499,7.24486,14.4,0.0,0.0,40620.0,13.285712,23.716516
2026-07-23 12:00:00+02:00,22.984499,9.360001,17.64,0.0,0.0,41200.0,15.916782,21.066906
2026-07-23 13:00:00+02:00,24.134499,9.290511,19.44,51.0,0.0,41700.0,11.883102,18.454428
2026-07-23 14:00:00+02:00,25.0345,5.495161,15.4800005,14.0,0.0,42640.0,6.7744107,18.042753
2026-07-23 15:00:00+02:00,25.484499,7.5599995,15.119999,0.0,0.0,44240.0,9.227144,15.367554
2026-07-23 16:00:00+02:00,25.7845,7.9932976,16.199999,0.0,0.0,48120.0,12.889034,17.167427
2026-07-23 17:00:00+02:00,25.634499,8.759178,15.84,0.0,0.0,47220.0,12.969341,13.283339
2026-07-23 18:00:00+02:00,25.1845,8.707238,16.199999,0.0,0.0,46000.0,15.818631,14.490146
2026-07-23 19:00:00+02:00,24.1845,8.209263,16.199999,0.0,0.0,44100.0,17.441916,15.41761
2026-07-23 20:00:00+02:00,23.3345,6.28713,15.4800005,0.0,0.0,45320.0,16.712313,13.326771
2026-07-23 21:00:00+02:00,21.234499,7.172949,12.959999,0.0,0.0,43860.0,2.6571426,11.444951
2026-07-23 22:00:00+02:00,18.984499,4.6102495,10.440001,0.0,0.0,42260.0,4.57969,16.11404
2026-07-23 23:00:00+02:00,18.634499,5.3517847,7.2,0.0,0.0,42260.0,2.734177,17.555754
2026-07-24 00:00:00+02:00,17.1845,4.452954,7.92,0.0,0.0,41820.0,5.0333285,21.679756
2026-07-24 01:00:00+02:00,15.8345,3.4152596,6.4799995,0.0,0.0,41160.0,14.309151,23.635157
2026-07-24 02:00:00+02:00,15.1345005,6.3690495,8.64,0.0,0.0,40780.0,19.084913,28.178215
2026-07-24 03:00:00+02:00,15.7345,9.085988,14.759999,0.0,0.0,41200.0,13.144288,26.754532
2026-07-24 04:00:00+02:00,15.3845005,9.178235,16.56,0.0,0.0,41000.0,13.144288,23.099329
2026-07-24 05:00:00+02:00,14.5845,7.6367526,14.759999,0.0,0.0,40580.0,9.666777,22.973904
2026-07-24 06:00:00+02:00,13.8845005,7.8954163,13.32,0.0,0.0,40320.0,7.800262,22.353445
2026-07-24 07:00:00+02:00,14.0845,6.792466,12.959999,0.0,0.0,40240.0,8.202532,20.52034
2026-07-24 08:00:00+02:00,15.7345,6.87779,12.24,0.0,0.0,40140.0,4.57969,18.662022
2026-07-24 09:00:00+02:00,17.634499,9.449572,17.28,0.0,0.0,40620.0,6.524576,16.861752
2026-07-24 10:00:00+02:00,20.0345,11.252519,20.16,0.0,0.0,41620.0,7.1327734,15.216393
2026-07-24 11:00:00+02:00,21.9345,13.324863,23.759998,0.0,0.0,43380.0,8.074956,12.367153
2026-07-24 12:00:00+02:00,23.7845,12.24,20.880001,0.0,0.0,46960.0,7.958391,13.268828
2026-07-24 13:00:00+02:00,25.5345,12.245294,19.8,0.0,0.0,52420.0,8.11344,10.236675
2026-07-24 14:00:00+02:00,26.7845,11.966954,21.599998,0.0,0.0,54560.0,10.520563,7.4740934
2026-07-24 15:00:00+02:00,27.884499,12.074766,22.68,0.0,0.0,59140.0,18.31876,4.7270317
2026-07-24 16:00:00+02:00,28.5345,8.654986,21.599998,0.0,0.0,58440.0,15.57388,7.8511715
2026-07-24 17:00:00+02:00,28.5845,9.178235,18.72,0.0,0.0,58720.0,13.402427,15.329903
2026-07-24 18:00:00+02:00,28.234499,10.041354,19.44,0.0,0.0,57120.0,14.787324,21.830282
2026-07-24 19:00:00+02:00,27.484499,9.726665,18.72,0.0,0.0,56580.0,11.883102,24.843096
2026-07-24 20:00:00+02:00,25.734499,6.792466,16.199999,0.0,0.0,53360.0,11.501252,25.151335
2026-07-24 21:00:00+02:00,23.4345,9.779817,16.56,0.0,0.0,54860.0,7.800262,27.48611
2026-07-24 22:00:00+02:00,20.8345,7.072878,16.56,0.0,0.0,52040.0,3.757767,29.591993
2026-07-24 23:00:00+02:00,19.3345,6.9899354,11.159999,0.0,0.0,47700.0,8.706063,26.253044
2026-07-25 00:00:00+02:00,18.234499,3.8773184,11.159999,0.0,0.0,46580.0,12.2276125,26.797695
2026-07-25 01:00:00+02:00,16.984499,1.8,4.32,0.0,0.0,45300.0,14.927093,25.105341
2026-07-25 02:00:00+02:00,15.3345,0.35999998,2.16,0.0,0.0,37320.0,18.437403,24.278408
2026-07-25 03:00:00+02:00,13.434501,0.5091169,1.08,0.0,0.0,29020.0,24.489164,27.931032
2026-07-25 04:00:00+02:00,13.3845005,0.71999997,1.4399999,0.0,0.0,24880.0,28.311901,33.568924
2026-07-25 05:00:00+02:00,12.6345005,1.484318,1.8,0.0,0.0,19580.0,34.446533,36.877533
2026-07-25 06:00:00+02:00,12.5345,2.9024127,3.96,0.0,0.0,19040.0,37.825527,36.133522
2026-07-25 07:00:00+02:00,11.934501,2.9024127,3.96,0.0,0.0,19220.0,38.926697,31.679502
2026-07-25 08:00:00+02:00,13.8345,3.2399998,4.32,0.0,0.0,18460.0,37.913265,35.292084
2026-07-25 09:00:00+02:00,16.8345,0.35999998,5.3999996,0.0,0.0,23020.0,28.679914,41.516666
2026-07-25 10:00:00+02:00,19.7845,1.835647,8.28,0.0,0.0,35140.0,26.098305,40.880787
2026-07-25 11:00:00+02:00,22.734499,5.0528407,10.799999,0.0,0.0,41240.0,33.64137,43.047413
2026-07-25 12:00:00+02:00,25.5345,6.638072,12.599999,0.0,0.0,43700.0,32.405735,39.495567
2026-07-25 13:00:00+02:00,27.1845,14.904173,25.919998,0.0,0.0,44980.0,22.624754,41.80795
2026-07-25 14:00:00+02:00,28.0345,18.864824,36.0,0.0,0.0,45120.0,22.789366,32.708637
2026-07-25 15:00:00+02:00,29.134499,21.252197,37.44,0.0,0.0,48080.0,19.13924,34.278706
2026-07-25 16:00:00+02:00,28.384499,17.727943,37.44,0.0,0.0,47340.0,27.831066,32.114315
2026-07-25 17:00:00+02:00,27.5845,7.42159,30.239998,0.0,0.0,42600.0,18.142204,41.71108
2026-07-25 18:00:00+02:00,28.734499,11.923557,24.48,0.0,0.0,46780.0,13.464261,29.179018
2026-07-25 19:00:00+02:00,28.484499,11.212135,18.72,0.0,0.0,45120.0,19.784773,20.49216
2026-07-25 20:00:00+02:00,26.2845,7.5942073,21.24,0.0,0.0,44080.0,14.539494,23.040882
2026-07-25 21:00:00+02:00,24.4345,7.072878,12.24,0.0,0.0,42260.0,23.002504,16.185604
2026-07-25 22:00:00+02:00,22.9345,3.671294,12.24,0.0,0.0,41120.0,20.236195,24.491692
2026-07-25 23:00:00+02:00,20.6845,6.989936,6.12,0.0,0.0,39140.0,21.991768,9.950412
2026-07-26 00:00:00+02:00,20.134499,7.5942082,12.599999,0.0,0.0,38400.0,32.81329,22.422277
2026-07-26 01:00:00+02:00,18.734499,3.5455887,14.4,0.0,0.6,30840.0,15.916784,12.915714
2026-07-26 02:00:00+02:00,18.9345,3.8773184,7.2,0.0,0.0,32740.0,27.024742,9.813965
2026-07-26 03:00:00+02:00,18.5345,4.829907,11.159999,19.0,0.4,27440.0,26.010633,8.068965
2026-07-26 04:00:00+02:00,17.6845,5.8048253,10.799999,6.0,0.0,20480.0,26.304367,9.6356945
2026-07-26 05:00:00+02:00,17.9345,7.289445,10.08,28.0,0.0,21060.0,28.939398,8.442291
2026-07-26 06:00:00+02:00,17.7845,6.193674,13.679999,56.0,0.0,21180.0,22.347704,9.6356945
2026-07-26 07:00:00+02:00,17.5845,6.8777895,11.879999,76.0,0.0,19280.0,20.981829,12.194616
2026-07-26 08:00:00+02:00,17.734499,9.1641035,11.5199995,57.0,0.0,23820.0,18.953892,13.398848
2026-07-26 09:00:00+02:00,17.8345,8.669949,16.199999,64.0,0.0,22020.0,17.32245,8.068965
2026-07-26 10:00:00+02:00,19.5845,14.291592,25.919998,46.0,0.0,26200.0,19.333553,11.326523
2026-07-26 11:00:00+02:00,20.6845,18.504139,31.319998,88.0,0.0,32160.0,18.6891,16.71258
2026-07-26 12:00:00+02:00,22.1845,19.134262,34.92,62.0,0.0,37000.0,22.333761,13.711481
2026-07-26 13:00:00+02:00,23.484499,18.723461,36.0,47.0,0.0,39380.0,23.240505,19.490047
2026-07-26 14:00:00+02:00,24.5345,20.65848,35.64,66.0,0.0,40120.0,27.349365,20.818563
2026-07-26 15:00:00+02:00,24.634499,19.602652,37.8,54.0,0.0,40680.0,29.567625,23.98305
2026-07-26 16:00:00+02:00,25.7845,19.64228,36.719997,21.0,0.0,41520.0,29.550064,26.869482
2026-07-26 17:00:00+02:00,25.0345,20.592503,38.16,31.0,0.0,41480.0,34.500744,31.25713
2026-07-26 18:00:00+02:00,24.6845,19.64228,40.68,12.0,0.0,40840.0,38.905354,33.797676
2026-07-26 19:00:00+02:00,24.734499,19.008545,36.36,0.0,0.0,40860.0,37.090984,33.568924
2026-07-26 20:00:00+02:00,23.8345,15.484185,33.12,0.0,0.0,40880.0,34.3197,37.867157
2026-07-26 21:00:00+02:00,22.0845,8.473393,25.919998,10.0,0.0,39580.0,43.20471,44.80158
2026-07-26 22:00:00+02:00,21.234499,7.208994,15.4800005,0.0,0.0,40800.0,37.643925,45.968758
2026-07-26 23:00:00+02:00,21.0845,7.6367526,12.959999,0.0,0.0,40900.0,44.14847,41.66025
2026-07-27 00:00:00+02:00,20.5345,7.9036193,14.4,14.0,0.0,41440.0,45.391552,41.40516
2026-07-27 01:00:00+02:00,19.2845,8.217153,14.4,0.0,0.0,40140.0,41.44832,45.37831
2026-07-27 02:00:00+02:00,20.884499,9.422101,17.64,0.0,0.0,40780.0,48.10995,45.118626
2026-07-27 03:00:00+02:00,19.3345,8.714677,15.84,11.0,0.0,39400.0,44.72792,43.805916
2026-07-27 04:00:00+02:00,19.234499,8.891343,15.4800005,0.0,0.0,38940.0,43.3271,48.41379
2026-07-27 05:00:00+02:00,19.7845,8.4963045,16.919998,14.0,0.0,39640.0,41.075897,52.141624
2026-07-27 06:00:00+02:00,19.4345,9.19939,15.119999,76.0,0.0,39080.0,44.25887,46.55586
2026-07-27 07:00:00+02:00,19.2845,8.891343,15.119999,41.0,0.0,36900.0,42.22266,41.881607
2026-07-27 08:00:00+02:00,19.7845,10.739832,20.16,2.0,0.0,36620.0,39.78152,43.11448
2026-07-27 09:00:00+02:00,20.7845,12.475961,22.319998,2.0,0.0,37240.0,37.998066,31.040686
2026-07-27 10:00:00+02:00,21.734499,14.081477,26.64,42.0,0.0,39420.0,31.107729,31.994127
2026-07-27 11:00:00+02:00,22.634499,13.849477,28.8,60.0,0.0,40500.0,23.80549,32.919964
2026-07-27 12:00:00+02:00,23.9345,18.504139,32.760002,21.0,0.0,41220.0,25.327036,25.92819
2026-07-27 13:00:00+02:00,24.484499,18.075441,38.16,90.0,0.0,41300.0,27.356956,19.598463
2026-07-27 14:00:00+02:00,25.5845,12.144331,33.839996,77.0,0.0,42080.0,20.551847,22.889902
2026-07-27 15:00:00+02:00,26.984499,12.144331,26.64,0.0,0.0,43480.0,22.104788,26.370178
2026-07-27 16:00:00+02:00,26.9345,14.24163,27.0,0.0,0.0,43260.0,16.712313,23.397612
2026-07-27 17:00:00+02:00,27.0845,12.620554,23.039999,0.0,0.0,43660.0,17.014013,26.740126
2026-07-27 18:00:00+02:00,26.8345,15.158522,26.64,0.0,0.0,43440.0,16.162766,25.020798
2026-07-27 19:00:00+02:00,26.734499,9.511088,24.84,0.0,0.0,44080.0,21.183746,22.593443
2026-07-27 20:00:00+02:00,25.5345,8.4963045,22.68,0.0,0.0,43180.0,14.482251,22.206465
2026-07-27 21:00:00+02:00,23.884499,11.770403,22.68,0.0,0.0,43440.0,16.866917,20.49216
2026-07-27 22:00:00+02:00,22.9345,4.1046314,19.8,0.0,0.0,43400.0,13.859459,21.617472
2026-07-27 23:00:00+02:00,22.3345,3.2399998,5.3999996,23.0,0.0,42720.0,10.677303,25.987556
2026-07-28 00:00:00+02:00,21.0345,1.0182338,3.96,7.0,0.0,42240.0,7.1182017,26.40668
2026-07-28 01:00:00+02:00,19.7845,2.2768397,2.8799999,17.0,0.0,41420.0,5.8357587,23.397612
2026-07-28 02:00:00+02:00,18.0845,2.5455842,2.8799999,13.0,0.0,40660.0,8.151741,22.82248
2026-07-28 03:00:00+02:00,16.734499,3.7585104,5.7599998,0.0,0.0,39700.0,6.524576,20.01664
2026-07-28 04:00:00+02:00,17.0345,4.198285,6.4799995,0.0,0.0,40180.0,6.198138,19.390963
2026-07-28 05:00:00+02:00,15.8845005,4.6938257,7.2,0.0,0.0,38700.0,6.0797453,17.577684
2026-07-28 06:00:00+02:00,15.7845,4.6938257,7.5599995,0.0,0.0,39140.0,6.835443,14.072007
2026-07-28 07:00:00+02:00,15.7845,3.396233,6.8399997,0.0,0.0,38760.0,7.418196,12.735487
2026-07-28 08:00:00+02:00,17.5345,4.73506,7.92,0.0,0.0,37420.0,7.4739733,11.394346
2026-07-28 09:00:00+02:00,19.7845,6.28713,11.5199995,0.0,0.0,39760.0,5.9240503,11.41124
2026-07-28 10:00:00+02:00,21.8345,10.041354,18.0,0.0,0.0,40600.0,7.3053656,13.398848
2026-07-28 11:00:00+02:00,24.1845,11.966953,21.599998,0.0,0.0,41720.0,7.800262,14.922391
2026-07-28 12:00:00+02:00,26.1845,11.183201,21.96,0.0,0.0,43940.0,7.291139,14.329733
2026-07-28 13:00:00+02:00,27.984499,9.826088,15.119999,0.0,0.0,46200.0,7.0743074,13.093462
2026-07-28 14:00:00+02:00,29.384499,9.72,12.959999,0.0,0.0,47580.0,6.7744107,10.569963
2026-07-28 15:00:00+02:00,30.634499,6.9527545,12.24,0.0,0.0,52180.0,2.8820758,11.711148
2026-07-28 16:00:00+02:00,31.5845,5.634891,12.959999,0.0,0.0,56660.0,7.866535,15.665498
2026-07-28 17:00:00+02:00,31.8345,6.12,12.599999,0.0,0.0,57680.0,14.309151,18.599987
2026-07-28 18:00:00+02:00,31.734499,5.1165614,11.5199995,0.0,0.0,58720.0,7.34788,21.679756
2026-07-28 19:00:00+02:00,30.984499,2.7416782,9.0,0.0,0.0,56720.0,2.0379353,27.716415
2026-07-28 20:00:00+02:00,29.4345,5.6233797,6.4799995,0.0,0.0,48100.0,7.3619976,31.70989
2026-07-28 21:00:00+02:00,26.5345,9.0,15.119999,0.0,0.0,47080.0,11.760141,36.877533
2026-07-28 22:00:00+02:00,23.984499,5.5887027,13.32,0.0,0.0,44000.0,19.166344,38.712326
2026-07-28 23:00:00+02:00,23.2845,6.638072,10.08,0.0,0.0,42660.0,17.1538,50.794262
2026-07-29 00:00:00+02:00,22.5845,4.896529,10.799999,0.0,0.0,42380.0,16.811422,52.539097
2026-07-29 01:00:00+02:00,21.6845,1.5273507,7.2,0.0,0.0,42040.0,17.105307,49.23442
2026-07-29 02:00:00+02:00,20.134499,1.8,1.8,0.0,0.0,39520.0,18.3697,46.733433
2026-07-29 03:00:00+02:00,18.9345,0.71999997,1.8,0.0,0.0,31660.0,24.645538,41.19528
2026-07-29 04:00:00+02:00,18.4345,1.8,2.16,0.0,0.0,25860.0,30.56903,35.466312
2026-07-29 05:00:00+02:00,17.7845,2.0991426,2.52,0.0,0.0,24700.0,35.678417,33.59187
2026-07-29 06:00:00+02:00,17.734499,2.16,2.8799999,0.0,0.0,24620.0,43.09884,27.204338
2026-07-29 07:00:00+02:00,17.1845,1.8,2.52,0.0,0.0,24520.0,42.849983,26.660769
2026-07-29 08:00:00+02:00,18.734499,1.2979984,3.6,0.0,0.0,25960.0,48.047325,27.792759
2026-07-29 09:00:00+02:00,22.134499,5.0911684,9.0,0.0,0.0,36780.0,47.77861,26.515873
2026-07-29 10:00:00+02:00,25.734499,11.019764,19.44,0.0,0.0,40980.0,46.812664,29.487658
2026-07-29 11:00:00+02:00,27.384499,12.783802,24.119999,0.0,0.0,41200.0,41.735405,33.88306
2026-07-29 12:00:00+02:00,29.884499,16.489416,29.519999,0.0,0.0,41840.0,32.048115,32.47814
2026-07-29 13:00:00+02:00,32.1345,21.470612,38.16,0.0,0.0,45200.0,31.191063,31.921795
2026-07-29 14:00:00+02:00,33.8345,20.240198,39.239998,0.0,0.0,51000.0,27.254288,27.89653
2026-07-29 15:00:00+02:00,34.9845,19.681828,35.64,0.0,0.0,50880.0,22.555809,26.740126
2026-07-29 16:00:00+02:00,35.4845,19.64228,32.039997,0.0,0.0,51400.0,23.774942,29.507248
2026-07-29 17:00:00+02:00,35.184498,16.575644,33.12,0.0,0.0,51580.0,22.898449,23.757093
2026-07-29 18:00:00+02:00,34.934498,20.3774,35.64,0.0,0.0,52200.0,26.446087,23.065948
2026-07-29 19:00:00+02:00,34.0845,15.496736,35.28,0.0,0.0,51880.0,25.079855,25.273579
2026-07-29 20:00:00+02:00,31.984499,10.587917,25.56,0.0,0.0,50040.0,23.458397,20.864775
2026-07-29 21:00:00+02:00,30.0345,8.669949,18.72,0.0,0.0,55740.0,18.142204,24.718725
2026-07-29 22:00:00+02:00,26.0345,1.9386592,13.32,0.0,0.0,48600.0,16.959002,28.041162
2026-07-29 23:00:00+02:00,23.734499,1.835647,2.52,0.0,0.0,44080.0,17.795506,27.04099
2026-07-30 00:00:00+02:00,22.1845,0.71999997,1.8,0.0,0.0,42940.0,14.265547,19.716057
2026-07-30 01:00:00+02:00,22.484499,2.9024127,2.8799999,0.0,0.0,35000.0,16.265226,22.422277
2026-07-30 02:00:00+02:00,21.7845,3.563818,4.68,0.0,0.0,35340.0,13.678478,23.065948
2026-07-30 03:00:00+02:00,20.5845,2.7416782,5.3999996,0.0,0.0,33440.0,12.51299,24.640675
2026-07-30 04:00:00+02:00,18.734499,2.16,3.6,0.0,0.0,24600.0,14.927093,23.846117
2026-07-30 05:00:00+02:00,16.9345,1.8,2.8799999,0.0,0.0,21720.0,12.269996,31.108875
2026-07-30 06:00:00+02:00,16.484499,1.1384199,2.16,0.0,0.0,22160.0,12.039351,30.56542
2026-07-30 07:00:00+02:00,15.934501,1.8,2.52,0.0,0.0,18740.0,12.312233,29.721897
2026-07-30 08:00:00+02:00,18.6845,1.8,3.2399998,0.0,0.0,21220.0,12.661468,27.931032
2026-07-30 09:00:00+02:00,21.0845,2.3051248,5.04,0.0,0.0,25260.0,15.818631,23.090988
2026-07-30 10:00:00+02:00,24.384499,3.6,7.92,0.0,0.0,40420.0,15.949368,16.77011
2026-07-30 11:00:00+02:00,28.8345,7.8954163,13.679999,0.0,0.0,42180.0,17.014013,13.283339
2026-07-30 12:00:00+02:00,31.884499,9.220499,17.64,0.0,0.0,46140.0,12.889034,9.655664
2026-07-30 13:00:00+02:00,34.0345,10.587918,20.16,0.0,0.0,51120.0,9.15938,8.886923
2026-07-30 14:00:00+02:00,34.8845,11.4862,18.359999,0.0,0.0,54020.0,9.227144,13.879042
2026-07-30 15:00:00+02:00,36.5845,13.608762,24.119999,0.0,0.0,59880.0,16.00136,16.75862
2026-07-30 16:00:00+02:00,35.0845,28.97944,61.199997,0.0,0.0,50320.0,45.123127,18.785477
2026-07-30 17:00:00+02:00,29.4345,41.750687,90.72,0.0,0.0,43280.0,22.884842,26.428555
2026-07-30 18:00:00+02:00,31.3345,7.4128532,74.88,0.0,0.0,47400.0,37.16928,38.427654
2026-07-30 19:00:00+02:00,30.7845,11.457958,19.8,0.0,0.0,45260.0,28.472807,31.994127
2026-07-30 20:00:00+02:00,28.4345,7.7043357,21.24,0.0,0.0,44100.0,33.60122,38.472748
2026-07-30 21:00:00+02:00,25.884499,6.3690495,15.84,0.0,0.0,42940.0,28.355875,33.97957
2026-07-30 22:00:00+02:00,23.234499,4.3349743,10.440001,0.0,0.0,41360.0,30.21716,32.25795
2026-07-30 23:00:00+02:00,23.134499,4.379589,4.68,0.0,0.0,41380.0,24.76322,39.69503
2026-07-31 00:00:00+02:00,21.634499,3.096837,7.92,0.0,0.0,40700.0,18.43177,43.346184
2026-07-31 01:00:00+02:00,22.0345,2.3051248,6.8399997,0.0,0.0,36500.0,14.560902,44.693966
2026-07-31 02:00:00+02:00,21.234499,2.3051248,5.3999996,0.0,0.0,30540.0,17.748766,46.25283
2026-07-31 03:00:00+02:00,20.9345,2.6208394,2.8799999,0.0,0.0,31640.0,24.863646,46.181976
2026-07-31 04:00:00+02:00,18.9345,2.5455842,4.32,0.0,0.0,24520.0,29.651783,51.021294
2026-07-31 05:00:00+02:00,17.984499,3.396233,3.2399998,0.0,0.0,25160.0,34.16202,56.65982
2026-07-31 06:00:00+02:00,17.5845,1.609969,4.32,0.0,0.0,24680.0,43.941025,55.948208
2026-07-31 07:00:00+02:00,16.884499,1.2979984,1.8,0.0,0.0,17100.0,45.482956,51.938038
2026-07-31 08:00:00+02:00,18.6845,1.5273507,3.2399998,0.0,0.0,12960.0,45.88976,49.798496
2026-07-31 09:00:00+02:00,21.634499,2.0364676,5.3999996,0.0,0.0,25620.0,42.08719,47.95003
2026-07-31 10:00:00+02:00,25.384499,4.39436,9.0,0.0,0.0,38720.0,39.07844,43.589912
2026-07-31 11:00:00+02:00,27.634499,8.891344,18.72,0.0,0.0,41320.0,33.61358,46.96369
2026-07-31 12:00:00+02:00,28.3345,16.179987,28.44,0.0,0.0,41160.0,34.028027,43.346184
2026-07-31 13:00:00+02:00,29.4345,16.199999,31.68,0.0,0.0,41880.0,42.772377,40.24922
2026-07-31 14:00:00+02:00,29.5845,14.186923,32.039997,0.0,0.0,42560.0,32.35443,58.414112
2026-07-31 15:00:00+02:00,31.0345,13.104198,24.48,0.0,0.0,43740.0,36.809982,45.314594
2026-07-31 16:00:00+02:00,31.884499,15.192682,27.359999,0.0,0.0,44640.0,43.17827,43.581074
2026-07-31 17:00:00+02:00,31.5345,15.580141,29.88,0.0,0.0,45640.0,36.64319,47.469566
2026-07-31 18:00:00+02:00,32.2845,12.783802,27.72,0.0,0.0,46900.0,22.825785,32.519634
2026-07-31 19:00:00+02:00,31.1845,11.269782,25.919998,0.0,0.0,45660.0,13.594724,31.330996
2026-07-31 20:00:00+02:00,28.0345,4.8433046,15.119999,0.0,0.0,42520.0,14.133929,41.367928
2026-07-31 21:00:00+02:00,26.384499,5.8048253,9.0,0.0,0.0,40780.0,8.706063,38.04478
2026-07-31 22:00:00+02:00,25.5845,1.609969,10.440001,0.0,0.0,41020.0,9.994198,37.375618
2026-07-31 23:00:00+02:00,23.8345,1.2979984,5.3999996,0.0,0.0,40760.0,11.501252,39.182186
2026-08-01 00:00:00+02:00,24.384499,4.5536795,7.92,33.0,0.0,41680.0,13.215189,37.12741
2026-08-01 01:00:00+02:00,22.2845,4.8965297,12.24,26.0,0.9,12800.0,20.802917,52.27445
2026-08-01 02:00:00+02:00,21.8345,6.9527545,7.92,38.0,0.2,36480.0,20.17453,55.79651
2026-08-01 03:00:00+02:00,20.5845,3.319036,16.199999,14.0,0.0,29820.0,16.768133,60.665863
2026-08-01 04:00:00+02:00,19.8345,1.9386592,20.519999,44.0,0.0,21120.0,15.500371,52.451027
2026-08-01 05:00:00+02:00,19.984499,3.219938,12.599999,68.0,0.0,23580.0,17.08101,55.948208
2026-08-01 06:00:00+02:00,19.634499,3.319036,15.119999,41.0,0.0,24500.0,22.839428,47.372078
2026-08-01 07:00:00+02:00,19.0345,1.0182338,3.96,32.0,0.0,16480.0,22.789364,50.714558
2026-08-01 08:00:00+02:00,20.384499,1.1384199,4.68,41.0,0.0,17840.0,21.42257,48.33813
2026-08-01 09:00:00+02:00,22.234499,3.563818,12.24,28.0,0.0,29060.0,17.32245,48.022285
2026-08-01 10:00:00+02:00,23.634499,2.8799999,6.8399997,39.0,0.0,33540.0,12.379514,46.914444
2026-08-01 11:00:00+02:00,24.384499,6.9899354,12.24,44.0,0.0,36540.0,13.525812,45.458893
2026-08-01 12:00:00+02:00,25.6845,3.2599385,11.879999,85.0,0.0,38960.0,11.618018,39.811325
2026-08-01 13:00:00+02:00,27.5345,2.968636,9.0,45.0,0.0,39780.0,7.543114,34.608665
2026-08-01 14:00:00+02:00,28.9345,4.1046314,37.8,15.0,0.6,40840.0,10.490913,35.466312
2026-08-01 15:00:00+02:00,29.984499,6.162207,14.04,21.0,0.0,41820.0,14.075039,33.42516
2026-08-01 16:00:00+02:00,30.6845,8.534353,18.359999,17.0,0.0,42300.0,16.111294,31.679502
2026-08-01 17:00:00+02:00,29.5845,14.578888,21.96,3.0,0.0,42160.0,14.41038,34.273087
2026-08-01 18:00:00+02:00,29.384499,15.978484,28.8,0.0,0.0,42200.0,13.285712,38.307163
2026-08-01 19:00:00+02:00,28.5345,15.281989,29.16,8.0,0.0,42040.0,9.858215,38.587734
2026-08-01 20:00:00+02:00,27.7845,10.446206,27.0,38.0,0.0,42420.0,7.7602262,38.427654
2026-08-01 21:00:00+02:00,26.4345,8.825508,18.0,46.0,0.0,42540.0,5.562481,34.725353
2026-08-01 22:00:00+02:00,24.1845,3.319036,13.32,50.0,0.0,41020.0,8.84802,32.995945
2026-08-01 23:00:00+02:00,23.4345,6.28713,10.799999,4.0,0.0,40380.0,10.955679,25.74927
2026-08-02 00:00:00+02:00,22.484499,6.696387,11.159999,18.0,0.0,40180.0,16.335293,27.204338
2026-08-02 01:00:00+02:00,21.6845,7.2,12.599999,2.0,0.0,40180.0,18.788836,25.994967
2026-08-02 02:00:00+02:00,21.4345,9.220499,11.5199995,0.0,0.0,36980.0,16.885372,30.267769
2026-08-02 03:00:00+02:00,20.634499,7.127636,15.84,0.0,0.0,32000.0,11.474137,28.880415
2026-08-02 04:00:00+02:00,19.6845,5.95906,11.879999,0.0,0.0,25700.0,10.481012,28.592175
2026-08-02 05:00:00+02:00,19.134499,5.1165614,10.440001,0.0,0.0,28060.0,9.215885,27.225573
2026-08-02 06:00:00+02:00,18.6845,4.5820518,9.0,0.0,0.0,28200.0,6.850616,24.151127
2026-08-02 07:00:00+02:00,18.7845,4.6800003,8.28,0.0,0.0,24820.0,6.835443,22.729446
2026-08-02 08:00:00+02:00,20.5345,6.638072,13.679999,0.0,0.0,30100.0,8.513107,23.846117
2026-08-02 09:00:00+02:00,22.0345,12.224107,22.68,0.0,0.0,33520.0,9.394418,26.392084
2026-08-02 10:00:00+02:00,23.5345,13.722565,23.4,0.0,0.0,35380.0,6.330734,27.931032
2026-08-02 11:00:00+02:00,24.884499,11.609651,22.319998,0.0,0.0,37620.0,2.9178793,27.737257
2026-08-02 12:00:00+02:00,26.984499,13.441071,19.8,0.0,0.0,40160.0,2.8820758,31.034481
2026-08-02 13:00:00+02:00,29.0345,13.324863,18.359999,0.0,0.0,41300.0,4.511162,34.89689
2026-08-02 14:00:00+02:00,29.7845,10.440001,23.4,0.0,0.0,41620.0,10.331347,35.504314
2026-08-02 15:00:00+02:00,31.4345,10.041354,20.16,0.0,0.0,42460.0,15.713261,36.74671
2026-08-02 16:00:00+02:00,32.434498,7.342588,19.08,0.0,0.0,44020.0,5.543783,40.819485
2026-08-02 17:00:00+02:00,32.3345,8.473393,18.72,0.0,0.0,45960.0,3.757767,41.752625
2026-08-02 18:00:00+02:00,32.5345,8.759178,16.919998,0.0,0.0,50500.0,6.444517,43.92448
2026-08-02 19:00:00+02:00,31.5345,10.182337,19.44,0.0,0.0,47260.0,6.0797453,48.002224
2026-08-02 20:00:00+02:00,30.0345,9.178235,17.64,0.0,0.0,46580.0,8.976174,41.10165
2026-08-02 21:00:00+02:00,27.5845,10.966713,19.44,0.0,0.0,43800.0,2.7718916,31.238638
2026-08-02 22:00:00+02:00,26.484499,10.315115,20.519999,0.0,0.0,41940.0,7.0889688,33.042614
2026-08-02 23:00:00+02:00,25.3345,7.754637,16.56,0.0,0.0,40980.0,10.628571,32.42472
2026-08-03 00:00:00+02:00,23.9345,4.0249224,12.959999,0.0,0.0,40020.0,9.482423,32.82621
2026-08-03 01:00:00+02:00,22.634499,2.9024127,5.7599998,0.0,0.0,39920.0,12.159491,31.703814
2026-08-03 02:00:00+02:00,22.7845,2.0364676,2.52,0.0,0.0,39000.0,14.075039,27.792759
2026-08-03 03:00:00+02:00,22.3345,2.6208394,4.32,0.0,0.0,37640.0,15.419778,32.525555
2026-08-03 04:00:00+02:00,20.7845,1.484318,5.04,0.0,0.0,31020.0,21.649164,36.255924
2026-08-03 05:00:00+02:00,21.134499,1.1384199,2.52,0.0,0.0,28640.0,19.084913,36.03209
2026-08-03 06:00:00+02:00,20.9345,1.4399999,1.8,0.0,0.0,24720.0,19.988394,34.413307
2026-08-03 07:00:00+02:00,20.4345,1.835647,2.8799999,0.0,0.0,17400.0,19.600233,31.164553
2026-08-03 08:00:00+02:00,21.3345,1.609969,4.32,0.0,0.0,18420.0,14.927093,34.278706
2026-08-03 09:00:00+02:00,23.2845,2.0364676,6.12,0.0,0.0,28320.0,17.748766,33.54022
2026-08-03 10:00:00+02:00,26.8345,5.1919937,10.440001,0.0,0.0,38500.0,22.78481,33.0601
2026-08-03 11:00:00+02:00,29.2845,8.942214,16.919998,0.0,0.0,40900.0,22.42192,31.903688
2026-08-03 12:00:00+02:00,31.234499,9.449572,17.64,0.0,0.0,41920.0,24.061451,35.574776
2026-08-03 13:00:00+02:00,31.484499,12.181624,22.68,0.0,0.0,42580.0,25.166643,44.108284
2026-08-03 14:00:00+02:00,31.484499,5.5887027,21.24,0.0,0.0,44020.0,22.934696,37.370464
2026-08-03 15:00:00+02:00,32.8845,7.754637,14.759999,0.0,0.0,45060.0,20.323233,43.020554
2026-08-03 16:00:00+02:00,33.6345,5.904439,14.04,0.0,0.0,45860.0,18.97032,39.588127
2026-08-03 17:00:00+02:00,33.0845,1.0182338,12.24,0.0,0.0,47660.0,21.335148,34.675392
2026-08-03 18:00:00+02:00,33.7345,5.904439,10.799999,0.0,0.0,50280.0,22.666018,26.855139
2026-08-03 19:00:00+02:00,32.5345,6.162207,12.599999,0.0,0.0,48460.0,14.5893955,21.112572
2026-08-03 20:00:00+02:00,27.0845,15.021105,11.159999,0.0,0.0,4480.0,16.687443,22.56785
2026-08-03 21:00:00+02:00,23.4345,5.0911684,25.919998,0.0,0.5,37560.0,11.760141,20.41682
2026-08-03 22:00:00+02:00,23.2845,3.6179552,10.440001,0.0,0.0,39620.0,22.624754,31.133633
2026-08-03 23:00:00+02:00,22.634499,9.422101,26.28,0.0,0.0,39600.0,47.728603,27.563091
2026-08-04 00:00:00+02:00,21.984499,3.4152596,15.4800005,0.0,0.0,35520.0,45.226555,23.757093
2026-08-04 01:00:00+02:00,21.1845,4.8965297,9.36,0.0,0.0,30440.0,26.430378,26.392084
2026-08-04 02:00:00+02:00,21.4345,3.8773184,10.08,0.0,0.0,32940.0,30.623327,34.946533
2026-08-04 03:00:00+02:00,20.2845,4.6938257,13.679999,0.0,0.0,20060.0,30.408972,32.990105
2026-08-04 04:00:00+02:00,20.484499,2.0991426,9.72,0.0,0.0,21380.0,38.734173,26.348255
2026-08-04 05:00:00+02:00,19.4345,1.835647,14.4,0.0,2.3,12760.0,17.90602,29.857687
2026-08-04 06:00:00+02:00,18.6845,3.396233,5.3999996,61.0,0.0,1240.0,14.41038,26.660769
2026-08-04 07:00:00+02:00,18.7845,2.5455842,6.4799995,0.0,0.0,8560.0,8.36547,22.889902
2026-08-04 08:00:00+02:00,19.734499,3.4152596,7.2,22.0,0.0,9020.0,10.936708,23.040882
2026-08-04 09:00:00+02:00,22.6845,2.3051248,7.2,0.0,0.0,31920.0,4.907998,24.835342
2026-08-04 10:00:00+02:00,25.0345,1.609969,5.3999996,0.0,0.0,38200.0,4.0758705,22.973904
2026-08-04 11:00:00+02:00,27.384499,0.5091169,4.32,0.0,0.0,40140.0,1.643036,23.659594
2026-08-04 12:00:00+02:00,29.5345,2.0364676,6.8399997,0.0,0.0,40920.0,3.67394,23.95894
2026-08-04 13:00:00+02:00,31.384499,1.1384199,5.3999996,0.0,0.0,41560.0,8.36547,22.729446
2026-08-04 14:00:00+02:00,32.7345,2.52,4.32,0.0,0.0,43080.0,8.706063,22.490902
2026-08-04 15:00:00+02:00,33.934498,4.829907,10.799999,0.0,0.0,45860.0,13.9118,21.103449
2026-08-04 16:00:00+02:00,34.8345,4.6938257,10.440001,0.0,0.0,47880.0,12.269996,20.632679
2026-08-04 17:00:00+02:00,33.1345,16.78156,31.319998,0.0,0.0,44400.0,6.9559,16.804535
2026-08-04 18:00:00+02:00,26.384499,23.000591,48.96,51.0,0.0,41540.0,33.015182,16.527136
2026-08-04 19:00:00+02:00,21.8345,4.452954,24.119999,0.0,6.0,4060.0,10.391472,12.367153
2026-08-04 20:00:00+02:00,22.0345,9.107359,41.399998,0.0,4.9,11600.0,15.044876,11.189642
2026-08-04 21:00:00+02:00,21.5845,7.5599995,16.56,0.0,1.8,27400.0,14.82239,14.072007
2026-08-04 22:00:00+02:00,20.2845,10.661107,19.8,7.0,0.0,25400.0,28.050312,17.390388
2026-08-04 23:00:00+02:00,19.7845,16.45007,24.84,83.0,0.7,16880.0,44.790554,39.142838
2026-08-05 00:00:00+02:00,19.484499,9.028754,28.08,56.0,2.0,15980.0,47.1552,33.66061
2026-08-05 01:00:00+02:00,19.384499,8.311245,16.199999,20.0,1.6,24800.0,40.287254,46.930866
2026-08-05 02:00:00+02:00,18.984499,5.6233797,13.679999,40.0,0.2,16920.0,34.10727,25.020798
2026-08-05 03:00:00+02:00,18.5345,5.904439,12.24,61.0,0.0,12020.0,33.03719,32.036243
2026-08-05 04:00:00+02:00,18.384499,4.072935,9.0,68.0,0.0,1240.0,20.827858,33.4021
2026-08-05 05:00:00+02:00,18.884499,4.6102495,8.64,94.0,0.0,260.0,19.679535,36.15484
2026-08-05 06:00:00+02:00,19.0845,4.3498964,8.64,99.0,0.0,100.0,18.77225,36.0
2026-08-05 07:00:00+02:00,19.134499,4.39436,8.64,91.0,0.0,200.0,14.1559515,35.111507
2026-08-05 08:00:00+02:00,19.884499,7.4128532,11.879999,81.0,0.0,440.0,14.836392,38.662537
2026-08-05 09:00:00+02:00,21.4345,7.9036193,15.4800005,83.0,0.0,24680.0,15.031068,38.20646
2026-08-05 10:00:00+02:00,22.9345,7.8954163,14.759999,61.0,0.0,29900.0,14.610731,35.682907
2026-08-05 11:00:00+02:00,24.2845,8.654986,14.759999,53.0,0.0,34800.0,10.955679,35.21012
2026-08-05 12:00:00+02:00,25.6845,8.699793,16.919998,33.0,0.0,36060.0,8.476439,31.649088
2026-08-05 13:00:00+02:00,27.3345,9.021574,16.919998,8.0,0.0,38060.0,12.669665,30.666088
2026-08-05 14:00:00+02:00,28.9345,9.178235,19.44,7.0,0.0,39880.0,14.155951,36.515335
2026-08-05 15:00:00+02:00,29.7845,10.966713,20.16,39.0,0.0,41300.0,14.155951,43.221573
2026-08-05 16:00:00+02:00,30.4345,12.413477,19.44,0.0,0.0,42100.0,12.694226,44.029602
2026-08-05 17:00:00+02:00,30.4345,12.10157,25.919998,0.0,0.0,42600.0,17.590109,41.881607
2026-08-05 18:00:00+02:00,30.4345,12.313893,25.199999,0.0,0.0,43260.0,19.231243,45.259296
2026-08-05 19:00:00+02:00,29.0345,13.281023,26.28,0.0,0.0,42440.0,18.594416,42.629227
2026-08-05 20:00:00+02:00,27.6845,8.714677,24.48,24.0,0.0,42900.0,18.3697,47.841442
2026-08-05 21:00:00+02:00,25.884499,10.00256,16.919998,10.0,0.0,42420.0,20.184822,46.522743
2026-08-05 22:00:00+02:00,24.634499,0.8049845,15.84,0.0,0.0,41660.0,17.958132,43.092133
2026-08-05 23:00:00+02:00,23.5845,1.1384199,5.7599998,0.0,0.0,40260.0,9.666777,36.451977
2026-08-06 00:00:00+02:00,23.734499,2.0991426,3.96,4.0,0.0,41120.0,4.9291077,43.8235
2026-08-06 01:00:00+02:00,22.1845,1.2979984,2.52,2.0,0.0,40520.0,4.101266,37.493973
2026-08-06 02:00:00+02:00,22.0345,4.452954,6.12,4.0,0.0,40600.0,7.34788,30.31864
2026-08-06 03:00:00+02:00,21.884499,2.4149535,5.7599998,0.0,0.0,40620.0,5.993747,27.204338
2026-08-06 04:00:00+02:00,20.5845,1.2979984,4.32,12.0,0.0,38460.0,4.57969,25.987556
2026-08-06 05:00:00+02:00,20.8345,2.6208394,1.8,33.0,0.0,39780.0,4.201311,21.653082
2026-08-06 06:00:00+02:00,19.8345,1.484318,2.52,44.0,0.0,35840.0,4.57969,28.232851
2026-08-06 07:00:00+02:00,19.3345,1.484318,2.16,61.0,0.0,32280.0,4.9291077,27.225573
2026-08-06 08:00:00+02:00,20.484499,2.2768397,3.96,84.0,0.0,26860.0,7.34788,29.086447
2026-08-06 09:00:00+02:00,22.0345,3.6179552,7.2,61.0,0.0,30280.0,10.066657,30.722569
2026-08-06 10:00:00+02:00,24.384499,4.6938252,9.72,51.0,0.0,39160.0,10.066657,31.164553
2026-08-06 11:00:00+02:00,25.5345,6.519877,12.24,50.0,0.0,39920.0,12.84061,31.903688
2026-08-06 12:00:00+02:00,26.8345,5.0528407,12.24,58.0,0.0,40740.0,14.155951,29.565943
2026-08-06 13:00:00+02:00,27.734499,11.726277,21.599998,0.0,0.0,41660.0,13.144288,31.189268
2026-08-06 14:00:00+02:00,29.384499,7.69592,21.24,14.0,0.0,43400.0,5.993747,39.083736
2026-08-06 15:00:00+02:00,29.7845,12.224107,16.56,0.0,0.0,44040.0,11.618018,27.820469
2026-08-06 16:00:00+02:00,30.2845,13.276144,17.64,0.0,0.0,44780.0,10.936708,19.794064
2026-08-06 17:00:00+02:00,29.634499,7.754637,22.68,0.0,0.0,44520.0,9.994197,32.186214
2026-08-06 18:00:00+02:00,28.8345,15.137133,28.08,0.0,0.0,44180.0,5.993747,32.919964
2026-08-06 19:00:00+02:00,27.5345,18.58451,33.839996,0.0,0.0,44220.0,8.476439,34.80846
2026-08-06 20:00:00+02:00,26.734499,19.855558,35.28,6.0,0.0,44340.0,7.34788,35.817608
2026-08-06 21:00:00+02:00,25.7845,20.966715,39.239998,11.0,0.0,44240.0,6.7744107,33.042614
2026-08-06 22:00:00+02:00,25.1845,14.561099,41.039997,9.0,0.0,43820.0,7.3053656,27.549112
2026-08-06 23:00:00+02:00,23.2845,7.2359104,19.44,12.0,0.0,42460.0,2.9178793,21.997295
2026-08-07 00:00:00+02:00,22.634499,6.379216,12.959999,27.0,0.0,42560.0,7.800262,24.14315
2026-08-07 01:00:00+02:00,21.5345,4.73506,9.36,40.0,0.0,42060.0,14.582278,22.041037
2026-08-07 02:00:00+02:00,21.7845,9.0645685,11.159999,42.0,0.0,42360.0,18.027378,25.455843
2026-08-07 03:00:00+02:00,21.134499,6.2145634,15.4800005,56.0,0.0,42020.0,21.344877,22.973904
2026-08-07 04:00:00+02:00,19.5845,4.6938257,10.799999,44.0,0.0,40860.0,23.524694,18.98945
2026-08-07 05:00:00+02:00,18.9345,5.1919937,7.5599995,0.0,0.0,41020.0,18.766718,23.03252
2026-08-07 06:00:00+02:00,17.4345,4.3349743,7.5599995,3.0,0.0,40280.0,16.22688,21.590723
2026-08-07 07:00:00+02:00,17.234499,4.198285,7.2,3.0,0.0,40160.0,12.905135,20.557856
2026-08-07 08:00:00+02:00,19.484499,3.9763298,6.4799995,0.0,0.0,40660.0,10.628571,22.041039
2026-08-07 09:00:00+02:00,21.5845,9.0645685,16.56,0.0,0.0,41560.0,7.1182017,23.240662
2026-08-07 10:00:00+02:00,23.134499,15.03835,25.919998,0.0,0.0,42020.0,8.95301,25.020798
2026-08-07 11:00:00+02:00,24.6845,14.113653,25.56,0.0,0.0,43360.0,5.094838,26.515873
2026-08-07 12:00:00+02:00,26.2845,14.408997,23.4,0.0,0.0,43820.0,11.830561,26.9768
2026-08-07 13:00:00+02:00,27.4345,15.192682,21.24,0.0,0.0,44140.0,15.148044,26.348255
2026-08-07 14:00:00+02:00,28.5845,11.928989,21.24,0.0,0.0,44620.0,13.285712,25.935617
2026-08-07 15:00:00+02:00,29.5845,10.495713,15.84,0.0,0.0,45180.0,11.618018,26.40668
2026-08-07 16:00:00+02:00,29.4345,10.594036,16.919998,0.0,0.0,45600.0,10.667574,26.926771
2026-08-07 17:00:00+02:00,29.384499,9.021574,17.64,0.0,0.0,45920.0,7.418196,30.659805
2026-08-07 18:00:00+02:00,28.734499,11.874544,21.24,0.0,0.0,45960.0,1.643036,23.975016
2026-08-07 19:00:00+02:00,27.734499,13.849476,25.56,0.0,0.0,45920.0,1.9333551,18.170418
2026-08-07 20:00:00+02:00,27.0845,14.917212,27.72,16.0,0.0,45540.0,2.734177,20.938503
2026-08-07 21:00:00+02:00,25.734499,17.057314,31.68,0.0,0.0,45400.0,7.0743074,19.120867
2026-08-07 22:00:00+02:00,25.0845,11.901798,31.319998,0.0,0.0,44580.0,14.309151,13.268828
2026-08-07 23:00:00+02:00,23.9345,7.9526596,18.359999,0.0,0.0,43840.0,20.506329,14.490146
2026-08-08 00:00:00+02:00,22.5845,4.896529,13.32,0.0,0.0,42820.0,21.806862,15.824542
2026-08-08 01:00:00+02:00,21.384499,2.0364676,7.2,0.0,0.0,42420.0,21.242481,19.440569
2026-08-08 02:00:00+02:00,21.0345,4.0249224,2.8799999,17.0,0.0,42000.0,20.470856,21.997295
2026-08-08 03:00:00+02:00,18.984499,2.8116899,6.12,6.0,0.0,40600.0,16.182028,19.490047
2026-08-08 04:00:00+02:00,18.0345,2.8116899,4.32,0.0,0.0,40240.0,12.832521,14.948187
2026-08-08 05:00:00+02:00,17.484499,3.8939953,5.3999996,0.0,0.0,39680.0,11.715913,9.494725
2026-08-08 06:00:00+02:00,16.884499,4.8433046,7.5599995,0.0,0.0,39300.0,11.92671,12.226168
2026-08-08 07:00:00+02:00,16.8345,4.2136917,7.5599995,0.0,0.0,39320.0,14.1559515,12.780782
2026-08-08 08:00:00+02:00,18.5845,3.6,7.2,0.0,0.0,39060.0,10.974618,11.939203
2026-08-08 09:00:00+02:00,20.884499,5.3999996,11.159999,0.0,0.0,40860.0,11.883102,13.626929
2026-08-08 10:00:00+02:00,22.9345,6.489992,12.959999,0.0,0.0,41480.0,12.961332,15.665498
2026-08-08 11:00:00+02:00,24.984499,7.5599995,14.4,0.0,0.0,42300.0,16.411392,17.903427
2026-08-08 12:00:00+02:00,27.2845,9.114471,17.64,0.0,0.0,42640.0,15.50037,18.631031
2026-08-08 13:00:00+02:00,29.0845,9.178235,18.72,0.0,0.0,44200.0,9.612922,19.62793
2026-08-08 14:00:00+02:00,30.3345,12.074766,17.64,0.0,0.0,46320.0,3.2222586,20.208189
2026-08-08 15:00:00+02:00,31.5345,8.39657,18.72,0.0,0.0,47460.0,5.6366506,23.265514
2026-08-08 16:00:00+02:00,32.1345,5.4833565,15.4800005,0.0,0.0,49060.0,3.286072,23.7652
2026-08-08 17:00:00+02:00,32.2345,7.729527,12.599999,0.0,0.0,49220.0,8.11344,24.61721
2026-08-08 18:00:00+02:00,31.7845,9.726664,15.84,0.0,0.0,49520.0,3.67394,28.693052
2026-08-08 19:00:00+02:00,31.0345,4.1046314,11.879999,0.0,0.0,49140.0,0.9113924,27.792759
2026-08-08 20:00:00+02:00,29.734499,4.6800003,6.8399997,0.0,0.0,46320.0,3.0569031,26.428555
2026-08-08 21:00:00+02:00,25.9345,6.6185193,10.440001,0.0,0.0,42000.0,4.6916795,26.194279
2026-08-08 22:00:00+02:00,23.2845,6.519877,11.5199995,0.0,0.0,42000.0,8.706063,29.441893
2026-08-08 23:00:00+02:00,23.0845,5.04,10.799999,0.0,0.0,41320.0,8.95301,28.266945
2026-08-09 00:00:00+02:00,23.134499,1.2979984,7.2,0.0,0.0,41740.0,10.240498,29.27787
2026-08-09 01:00:00+02:00,22.1845,2.0364676,2.16,0.0,0.0,41460.0,14.836392,33.269196
2026-08-09 02:00:00+02:00,21.0845,1.8,4.32,0.0,0.0,34340.0,19.600233,30.722569
2026-08-09 03:00:00+02:00,20.0345,0.35999998,1.8,0.0,0.0,35220.0,20.947159,31.090292
2026-08-09 04:00:00+02:00,18.8345,0.8049845,1.4399999,0.0,0.0,29660.0,25.910646,31.337141
2026-08-09 05:00:00+02:00,18.8345,1.0182338,3.2399998,0.0,0.0,31140.0,27.311375,28.853722
2026-08-09 06:00:00+02:00,18.5845,2.4149535,5.04,0.0,0.0,29000.0,25.729689,24.389233
2026-08-09 07:00:00+02:00,17.7845,0.8049845,2.16,0.0,0.0,22360.0,20.782944,21.429527
2026-08-09 08:00:00+02:00,19.1845,0.8049845,2.16,0.0,0.0,27380.0,22.440435,22.284399
2026-08-09 09:00:00+02:00,20.734499,0.71999997,3.6,0.0,0.0,26240.0,21.840164,20.809309
2026-08-09 10:00:00+02:00,23.4345,2.1897945,5.7599998,0.0,0.0,38360.0,17.772152,21.935911
2026-08-09 11:00:00+02:00,27.0345,4.6102495,10.08,0.0,0.0,41220.0,17.958132,21.402544
2026-08-09 12:00:00+02:00,30.0845,7.928177,15.4800005,0.0,0.0,44880.0,17.60191,23.95894
2026-08-09 13:00:00+02:00,32.2845,11.885453,22.319998,0.0,0.0,49640.0,20.981827,20.49216
2026-08-09 14:00:00+02:00,32.0845,11.91812,26.64,0.0,0.0,48000.0,20.302786,27.493116
2026-08-09 15:00:00+02:00,25.4345,16.394829,51.12,0.0,0.3,19120.0,40.77144,35.292084
2026-08-09 16:00:00+02:00,27.1845,12.57426,21.24,0.0,0.1,41380.0,45.796898,39.182186
2026-08-09 17:00:00+02:00,29.484499,6.151683,22.68,0.0,0.0,43300.0,40.165943,41.0829
2026-08-09 18:00:00+02:00,30.384499,6.849467,14.4,0.0,0.0,47200.0,31.996235,44.421608
2026-08-09 19:00:00+02:00,29.6845,7.771331,14.04,0.0,0.0,47560.0,34.45256,36.51006
2026-08-09 20:00:00+02:00,27.9345,14.689589,16.199999,0.0,0.0,42840.0,25.910646,38.472748
2026-08-09 21:00:00+02:00,25.3345,5.1919937,21.96,0.0,0.0,41320.0,26.571424,44.814476
2026-08-09 22:00:00+02:00,23.0345,3.319036,10.08,0.0,0.0,40020.0,25.33933,43.310616
2026-08-09 23:00:00+02:00,22.5845,3.7585104,4.68,0.0,0.0,40520.0,25.620502,36.430832
2026-08-10 00:00:00+02:00,21.7845,1.0182338,3.2399998,0.0,0.0,40640.0,31.604427,31.090292
2026-08-10 01:00:00+02:00,20.634499,3.219938,3.6,0.0,0.0,40400.0,28.520176,29.64402
2026-08-10 02:00:00+02:00,19.984499,1.8,4.68,0.0,0.0,33120.0,31.479338,27.097918
2026-08-10 03:00:00+02:00,19.7845,3.671294,5.3999996,0.0,0.0,33800.0,24.876171,28.006792
2026-08-10 04:00:00+02:00,18.9345,1.835647,6.4799995,0.0,0.0,34380.0,23.844715,29.799566
2026-08-10 05:00:00+02:00,17.5845,2.1897945,5.3999996,0.0,0.0,27720.0,14.64622,34.188675
2026-08-10 06:00:00+02:00,17.2845,1.835647,5.3999996,0.0,0.0,34220.0,19.225843,31.25713
2026-08-10 07:00:00+02:00,17.1845,1.609969,6.12,0.0,0.0,27280.0,25.7982,27.89653
2026-08-10 08:00:00+02:00,18.234499,1.609969,5.3999996,0.0,0.0,20720.0,32.40894,31.38628
2026-08-10 09:00:00+02:00,20.734499,3.671294,7.2,0.0,0.0,32420.0,36.57512,30.024958
2026-08-10 10:00:00+02:00,21.884499,5.6920996,11.159999,0.0,0.0,24780.0,27.024742,38.04478
2026-08-10 11:00:00+02:00,23.7845,3.319036,9.72,0.0,0.0,39580.0,16.712313,35.029118
2026-08-10 12:00:00+02:00,25.5845,5.3517847,12.599999,0.0,0.0,40660.0,12.694226,37.12741
2026-08-10 13:00:00+02:00,28.634499,7.145796,14.4,0.0,0.0,42000.0,12.969341,35.682907
2026-08-10 14:00:00+02:00,30.234499,9.021574,16.919998,0.0,0.0,42280.0,19.573729,36.908855
2026-08-10 15:00:00+02:00,31.7845,10.787993,20.16,0.0,0.0,43140.0,17.795506,33.45972
2026-08-10 16:00:00+02:00,31.9345,10.703569,20.519999,48.0,0.0,44440.0,9.17071,27.681644
2026-08-10 17:00:00+02:00,29.5345,13.089354,24.84,0.0,0.0,44140.0,19.231243,40.530605
2026-08-10 18:00:00+02:00,29.6845,17.414474,32.760002,0.0,0.0,44240.0,29.349096,39.495567
2026-08-10 19:00:00+02:00,29.4345,11.440978,29.519999,0.0,0.0,43580.0,17.731209,28.423246
2026-08-10 20:00:00+02:00,28.384499,9.3876505,17.28,0.0,0.0,44040.0,10.677303,32.54332
2026-08-10 21:00:00+02:00,26.4345,2.7416782,12.959999,0.0,0.0,43480.0,4.323114,34.4245
2026-08-10 22:00:00+02:00,24.2845,1.835647,2.52,0.0,0.0,42740.0,5.3142853,31.703814
2026-08-10 23:00:00+02:00,23.0845,2.16,6.4799995,0.0,0.0,42380.0,3.3175182,28.753408
2026-08-11 00:00:00+02:00,21.5845,4.379589,6.4799995,0.0,0.0,41800.0,4.323114,27.147633
2026-08-11 01:00:00+02:00,21.5345,1.1384199,5.3999996,0.0,0.0,41820.0,0.4556962,23.040882
2026-08-11 02:00:00+02:00,20.7845,2.5455842,2.8799999,0.0,0.0,41040.0,1.4410379,24.843096
2026-08-11 03:00:00+02:00,19.6845,3.319036,4.32,0.0,0.0,40260.0,5.012658,26.098505
2026-08-11 04:00:00+02:00,18.384499,3.8939953,6.8399997,0.0,0.0,38060.0,8.95301,21.429527
2026-08-11 05:00:00+02:00,18.134499,3.096837,4.68,4.0,0.0,38500.0,10.520563,19.900824
2026-08-11 06:00:00+02:00,16.9345,2.0991426,4.68,0.0,0.0,36840.0,13.678478,21.230852
2026-08-11 07:00:00+02:00,17.2845,1.9386592,3.2399998,0.0,0.0,38240.0,14.133929,18.516953
2026-08-11 08:00:00+02:00,19.984499,3.0758414,4.68,0.0,0.0,36200.0,15.600524,20.103062
2026-08-11 09:00:00+02:00,22.734499,3.319036,7.92,0.0,0.0,39660.0,15.031068,18.662022
2026-08-11 10:00:00+02:00,24.984499,6.5693827,11.879999,0.0,0.0,40580.0,12.133847,20.567223
2026-08-11 11:00:00+02:00,27.484499,10.105681,22.319998,0.0,0.0,42040.0,13.144288,21.830282
2026-08-11 12:00:00+02:00,29.384499,14.04,22.319998,0.0,0.0,44440.0,11.618018,18.8469
2026-08-11 13:00:00+02:00,30.8345,16.595179,23.759998,0.0,0.0,45840.0,15.8972025,15.95788
2026-08-11 14:00:00+02:00,31.9345,17.298738,25.919998,0.0,0.0,48440.0,17.123507,13.711481
2026-08-11 15:00:00+02:00,32.8345,18.0036,29.16,0.0,0.0,49260.0,21.882908,13.370063
2026-08-11 16:00:00+02:00,33.4845,14.081477,30.599998,0.0,0.0,48500.0,20.019537,11.41124
2026-08-11 17:00:00+02:00,33.1345,15.072783,25.919998,0.0,0.0,48240.0,19.679535,11.809426
2026-08-11 18:00:00+02:00,32.0845,14.973577,27.0,0.0,0.0,50020.0,14.192577,10.1040945
2026-08-11 19:00:00+02:00,30.9345,15.03835,27.359999,0.0,0.0,48500.0,15.66031,10.551724
2026-08-11 20:00:00+02:00,29.5345,16.595179,25.56,0.0,0.0,48420.0,16.265226,10.998648
2026-08-11 21:00:00+02:00,28.0345,18.0036,31.68,0.0,0.0,46680.0,17.340422,13.196042
2026-08-11 22:00:00+02:00,27.0845,10.805999,29.88,0.0,0.0,45680.0,19.784773,10.606349
2026-08-11 23:00:00+02:00,25.634499,4.5820518,14.759999,0.0,0.0,43980.0,21.615568,7.0769506
2026-08-12 00:00:00+02:00,23.1845,6.519877,9.0,0.0,0.0,42420.0,15.916782,6.2378535
2026-08-12 01:00:00+02:00,22.0845,6.489992,12.24,0.0,0.0,41500.0,25.112953,2.775808
2026-08-12 02:00:00+02:00,23.134499,7.42159,10.440001,0.0,0.0,41520.0,22.445059,8.777877
2026-08-12 03:00:00+02:00,21.4345,3.8939953,9.72,0.0,0.0,41180.0,13.594724,10.606349
2026-08-12 04:00:00+02:00,19.984499,1.2979984,5.7599998,0.0,0.0,40820.0,10.391472,8.092802
2026-08-12 05:00:00+02:00,18.634499,5.0911684,6.8399997,0.0,0.0,39520.0,11.254866,4.1637125
2026-08-12 06:00:00+02:00,17.9345,3.6,7.92,0.0,0.0,39260.0,14.709885,2.775808
2026-08-12 07:00:00+02:00,17.4345,4.452954,6.8399997,0.0,0.0,38260.0,17.15985,1.9627929
2026-08-12 08:00:00+02:00,18.8345,3.4152596,7.5599995,0.0,0.0,33320.0,20.17453,2.5591688
2026-08-12 09:00:00+02:00,21.884499,6.519877,11.879999,0.0,0.0,40700.0,20.225931,5.8883786
2026-08-12 10:00:00+02:00,23.5845,8.825508,16.199999,0.0,0.0,41580.0,20.912434,7.8511715
2026-08-12 11:00:00+02:00,26.1845,9.885262,20.16,0.0,0.0,43240.0,23.766205,9.227215
2026-08-12 12:00:00+02:00,28.734499,11.901798,21.599998,0.0,0.0,45120.0,22.898449,6.939521
2026-08-12 13:00:00+02:00,30.6845,13.684735,24.48,0.0,0.0,46060.0,19.31206,4.8477407
2026-08-12 14:00:00+02:00,31.7845,18.844202,28.08,0.0,0.0,47940.0,18.866041,5.3031745
2026-08-12 15:00:00+02:00,32.684498,19.493261,31.319998,0.0,0.0,50060.0,26.241138,1.387904
2026-08-12 16:00:00+02:00,33.3345,20.008356,35.28,0.0,0.0,50160.0,28.679914,1.8620689
2026-08-12 17:00:00+02:00,33.8345,14.84318,35.28,0.0,0.0,51880.0,21.422567,3.3425157
2026-08-12 18:00:00+02:00,33.3845,12.245293,26.28,0.0,0.0,52120.0,19.144663,6.6850314
2026-08-12 19:00:00+02:00,32.0345,12.245293,21.96,0.0,0.0,50000.0,21.041126,7.948705
2026-08-12 20:00:00+02:00,30.0845,10.028439,21.96,0.0,0.0,47140.0,24.792553,8.951714
2026-08-12 21:00:00+02:00,28.134499,13.441071,22.319998,0.0,0.0,46080.0,26.418589,8.327425
2026-08-12 22:00:00+02:00,27.7845,11.503113,23.4,0.0,0.0,47160.0,25.207869,9.474416
2026-08-12 23:00:00+02:00,25.9345,11.019764,18.0,0.0,0.0,44040.0,26.102283,10.330335
2026-08-13 00:00:00+02:00,23.734499,8.14587,18.0,0.0,0.0,42360.0,19.631992,9.695481
2026-08-13 01:00:00+02:00,22.5845,7.386582,13.32,0.0,0.0,41880.0,16.430359,9.310345
2026-08-13 02:00:00+02:00,22.234499,7.145796,11.879999,0.0,0.0,41700.0,12.636843,9.695481
2026-08-13 03:00:00+02:00,21.484499,6.618519,12.24,0.0,0.0,41640.0,8.800955,13.6692705
2026-08-13 04:00:00+02:00,20.484499,4.072935,10.440001,0.0,0.0,41560.0,6.850616,15.367554
2026-08-13 05:00:00+02:00,19.4345,4.8433046,6.4799995,0.0,0.0,40740.0,8.402622,15.665498
2026-08-13 06:00:00+02:00,18.484499,4.39436,8.28,0.0,0.0,40420.0,11.087566,14.072007
2026-08-13 07:00:00+02:00,17.6845,4.0249224,6.4799995,0.0,0.0,37540.0,13.701232,12.795844
2026-08-13 08:00:00+02:00,19.234499,3.319036,6.4799995,0.0,0.0,33920.0,12.303797,11.9230585
2026-08-13 09:00:00+02:00,21.734499,3.7585104,7.92,0.0,0.0,34940.0,11.4288025,11.9230585
2026-08-13 10:00:00+02:00,24.1845,4.2136917,8.64,0.0,0.0,41580.0,8.670211,12.320337
2026-08-13 11:00:00+02:00,27.384499,5.8048253,11.879999,0.0,0.0,43460.0,9.125309,11.545494
2026-08-13 12:00:00+02:00,30.0345,5.5887027,11.879999,0.0,0.0,45540.0,5.6366506,10.00832
2026-08-13 13:00:00+02:00,32.184498,5.3517847,11.5199995,0.0,0.0,48260.0,3.3175182,8.622896
2026-08-13 14:00:00+02:00,33.7845,8.39657,14.759999,0.0,0.0,53620.0,12.767627,4.8477407
2026-08-13 15:00:00+02:00,34.7845,9.511088,18.359999,0.0,0.0,53840.0,20.050632,2.775808
2026-08-13 16:00:00+02:00,35.184498,10.829959,19.8,0.0,0.0,55600.0,19.85288,2.5591688
2026-08-13 17:00:00+02:00,35.1345,11.841756,21.599998,0.0,0.0,53960.0,14.723995,7.5764823
2026-08-13 18:00:00+02:00,34.934498,10.823973,21.24,0.0,0.0,55440.0,14.899244,15.012479
2026-08-13 19:00:00+02:00,33.934498,6.830519,19.08,0.0,0.0,55400.0,10.677303,19.716057
2026-08-13 20:00:00+02:00,30.5845,6.924738,11.159999,0.0,0.0,49200.0,12.570939,17.489796
2026-08-13 21:00:00+02:00,27.7845,9.746631,16.199999,0.0,0.0,49700.0,13.402427,18.042753
2026-08-13 22:00:00+02:00,26.0345,7.5942082,16.199999,0.0,0.0,48420.0,12.832521,15.012479
2026-08-13 23:00:00+02:00,25.5845,8.049845,11.879999,0.0,0.0,46860.0,11.273301,2.4827583
2026-08-14 00:00:00+02:00,24.384499,6.439876,12.599999,0.0,0.0,46580.0,7.958391,6.113084
2026-08-14 01:00:00+02:00,22.6845,4.39436,9.36,0.0,0.0,44460.0,5.0333285,14.922391
2026-08-14 02:00:00+02:00,21.0845,4.8433046,7.5599995,0.0,0.0,40220.0,3.3175182,14.543223
2026-08-14 03:00:00+02:00,18.984499,2.968636,6.8399997,0.0,0.0,34780.0,1.643036,13.6692705
2026-08-14 04:00:00+02:00,17.984499,3.0758414,4.32,0.0,0.0,30140.0,0.64445174,15.152965
2026-08-14 05:00:00+02:00,16.234499,1.8,3.6,0.0,0.0,26940.0,2.734177,12.795844
2026-08-14 06:00:00+02:00,15.434501,1.484318,1.8,0.0,0.0,24220.0,3.67394,15.665498
2026-08-14 07:00:00+02:00,15.4845,1.8,2.52,0.0,0.0,23180.0,4.323114,16.527136
2026-08-14 08:00:00+02:00,17.484499,1.8,2.8799999,0.0,0.0,23600.0,3.757767,18.908127
2026-08-14 09:00:00+02:00,20.734499,2.2768397,5.04,0.0,0.0,24000.0,1.4410379,18.672342
2026-08-14 10:00:00+02:00,23.5345,1.8,4.68,0.0,0.0,33020.0,1.0189676,19.832952
2026-08-14 11:00:00+02:00,27.1845,2.6208394,8.28,0.0,0.0,43380.0,3.9200466,17.87112
2026-08-14 12:00:00+02:00,30.384499,4.0249224,9.72,0.0,0.0,47160.0,4.6472077,13.0492525
2026-08-14 13:00:00+02:00,33.0845,6.193674,12.599999,0.0,0.0,50600.0,5.9240503,11.41124
2026-08-14 14:00:00+02:00,35.1345,7.6367526,12.24,0.0,0.0,56340.0,5.506198,11.809426
2026-08-14 15:00:00+02:00,36.0345,8.0899935,15.84,0.0,0.0,55500.0,2.6571426,9.950412
2026-08-14 16:00:00+02:00,36.2845,7.5170207,14.759999,0.0,0.0,57060.0,13.402427,9.813965
2026-08-14 17:00:00+02:00,36.1345,6.725354,18.72,0.0,0.0,55740.0,2.453999,17.478779
2026-08-14 18:00:00+02:00,35.7845,10.144082,16.199999,0.0,0.0,56680.0,11.618018,8.350525
2026-08-14 19:00:00+02:00,34.2345,7.42159,22.319998,0.0,0.0,55960.0,5.8357587,5.2667265
2026-08-14 20:00:00+02:00,30.984499,14.88242,10.440001,0.0,0.0,47440.0,6.1307654,16.386677
2026-08-14 21:00:00+02:00,27.4345,5.3517847,19.44,0.0,0.0,43080.0,17.952349,3.3425157
2026-08-14 22:00:00+02:00,24.734499,2.5455842,8.28,0.0,0.0,41440.0,27.315176,11.939204
2026-08-14 23:00:00+02:00,24.0845,2.1897945,7.92,0.0,0.0,41560.0,22.839428,15.012479
2026-08-15 00:00:00+02:00,22.0845,1.08,2.8799999,0.0,0.0,41100.0,10.411436,13.6692705
2026-08-15 01:00:00+02:00,22.134499,3.319036,4.68,0.0,0.0,36940.0,2.3236039,9.950412
2026-08-15 02:00:00+02:00,21.3345,3.6179552,7.2,0.0,0.0,40820.0,3.67394,9.695481
2026-08-15 03:00:00+02:00,20.8345,2.5455842,5.3999996,0.0,0.0,39020.0,3.0569031,10.1040945
2026-08-15 04:00:00+02:00,20.5845,2.6208394,4.32,0.0,0.0,31360.0,3.0569031,8.821657
2026-08-15 05:00:00+02:00,21.2845,1.2979984,3.2399998,0.0,0.0,40140.0,3.67394,8.777877
2026-08-15 06:00:00+02:00,20.6845,2.52,4.68,0.0,0.0,38940.0,12.039351,6.390391
2026-08-15 07:00:00+02:00,20.134499,2.9024127,5.7599998,0.0,0.0,27820.0,12.961332,7.0769506
2026-08-15 08:00:00+02:00,20.5845,5.1544156,6.4799995,0.0,0.0,32740.0,15.284515,11.776757
2026-08-15 09:00:00+02:00,23.234499,7.7879906,13.679999,0.0,0.0,40080.0,16.512306,13.781546
2026-08-15 10:00:00+02:00,25.0845,9.686609,18.359999,0.0,0.0,39900.0,14.192577,14.999642
2026-08-15 11:00:00+02:00,26.4345,11.681987,16.199999,0.0,0.0,40360.0,5.8357587,17.478779
2026-08-15 12:00:00+02:00,29.1845,13.246826,15.84,0.0,0.0,42080.0,3.757767,13.739551
2026-08-15 13:00:00+02:00,30.8345,10.948973,16.56,0.0,0.0,43680.0,5.487309,13.655171
2026-08-15 14:00:00+02:00,31.8345,11.119281,13.679999,0.0,0.0,45480.0,7.840093,11.939204
2026-08-15 15:00:00+02:00,33.4845,11.043261,15.119999,0.0,0.0,46480.0,11.4288025,11.939203
2026-08-15 16:00:00+02:00,31.234499,24.379204,40.32,0.0,0.0,44100.0,15.175435,7.4740934
2026-08-15 17:00:00+02:00,32.2345,10.97262,35.28,0.0,0.0,51780.0,15.099987,13.152178
2026-08-15 18:00:00+02:00,31.384499,11.885453,18.0,0.0,0.0,45400.0,10.638335,12.795845
2026-08-15 19:00:00+02:00,30.0845,9.957108,17.28,0.0,0.0,42200.0,7.800262,7.499821
2026-08-15 20:00:00+02:00,29.134499,5.6233797,17.64,0.0,0.0,45420.0,3.2222586,16.386677
2026-08-15 21:00:00+02:00,26.5845,0.35999998,7.5599995,0.0,0.0,42980.0,1.8788835,18.672342
2026-08-15 22:00:00+02:00,24.484499,2.5959969,3.2399998,0.0,0.0,42160.0,1.4410379,13.268828
2026-08-15 23:00:00+02:00,24.4345,1.835647,3.96,0.0,0.0,43520.0,5.6366506,15.824542
2026-08-16 00:00:00+02:00,22.884499,2.1897945,2.52,0.0,0.0,42220.0,4.1265044,12.4911375
2026-08-16 01:00:00+02:00,21.1845,2.52,2.16,0.0,0.0,40640.0,2.278481,6.8275857
2026-08-16 02:00:00+02:00,20.134499,1.8,2.8799999,0.0,0.0,39820.0,2.7718916,8.092802
2026-08-16 03:00:00+02:00,19.6845,0.5091169,1.8,0.0,0.0,31260.0,2.8820758,13.283339
2026-08-16 04:00:00+02:00,19.234499,1.2979984,1.8,0.0,0.0,24760.0,5.9240503,16.386677
2026-08-16 05:00:00+02:00,18.9345,1.2979984,2.16,0.0,0.0,23000.0,12.84061,11.394346
2026-08-16 06:00:00+02:00,18.134499,3.5455887,4.68,0.0,0.0,24520.0,16.512306,9.474416
2026-08-16 07:00:00+02:00,16.134499,5.771239,9.0,0.0,0.0,15440.0,21.605959,3.1034482
2026-08-16 08:00:00+02:00,18.3345,4.802999,8.64,0.0,0.0,18240.0,30.842924,6.113084
2026-08-16 09:00:00+02:00,20.884499,6.849467,13.32,0.0,0.0,30440.0,31.833565,11.793103
2026-08-16 10:00:00+02:00,24.3345,4.5536795,11.879999,0.0,0.0,40320.0,23.661121,9.310345
2026-08-16 11:00:00+02:00,27.8345,6.439876,10.440001,0.0,0.0,42120.0,23.329687,13.781546
2026-08-16 12:00:00+02:00,29.2845,8.209263,15.84,0.0,0.0,42480.0,19.631992,13.283339
2026-08-16 13:00:00+02:00,30.734499,3.7064266,15.84,0.0,0.0,44060.0,9.580463,16.884583
2026-08-16 14:00:00+02:00,30.2845,19.721298,28.8,0.0,0.0,44840.0,5.3142853,22.379284
2026-08-16 15:00:00+02:00,30.5345,18.899143,40.32,0.0,0.0,44860.0,2.6571426,24.928242
2026-08-16 16:00:00+02:00,30.9345,17.114204,31.319998,0.0,0.0,44460.0,8.561753,23.635157
2026-08-16 17:00:00+02:00,30.6845,13.854155,28.44,0.0,0.0,45340.0,9.994198,25.92076
2026-08-16 18:00:00+02:00,29.9345,11.043261,24.84,0.0,0.0,45620.0,6.572144,31.806936
2026-08-16 19:00:00+02:00,28.734499,12.904882,23.759998,0.0,0.0,45400.0,8.402622,36.70475
2026-08-16 20:00:00+02:00,27.884499,12.181625,20.880001,0.0,0.0,45040.0,7.418196,28.477413
2026-08-16 21:00:00+02:00,26.384499,4.3498964,19.44,0.0,0.0,43260.0,13.246578,26.804884
2026-08-16 22:00:00+02:00,24.0345,0.8049845,3.96,0.0,0.0,41920.0,13.655687,21.935911
2026-08-16 23:00:00+02:00,24.2845,2.7416782,3.96,0.0,0.0,41860.0,12.897088,22.56785
2026-08-17 00:00:00+02:00,23.6845,1.484318,3.96,0.0,0.0,41600.0,14.532351,19.040104
2026-08-17 01:00:00+02:00,22.5345,0.71999997,5.04,25.0,0.0,41160.0,15.587208,19.120867
2026-08-17 02:00:00+02:00,22.1845,2.2768397,5.3999996,15.0,0.0,38960.0,10.638334,14.753624
2026-08-17 03:00:00+02:00,22.384499,0.8049845,4.68,15.0,0.0,39480.0,11.254866,17.478779
2026-08-17 04:00:00+02:00,21.1845,3.0758414,4.32,12.0,0.0,37840.0,15.372571,22.249796
2026-08-17 05:00:00+02:00,20.5845,3.2599385,5.3999996,11.0,0.0,39300.0,11.171529,21.112572
2026-08-17 06:00:00+02:00,20.234499,2.16,5.3999996,50.0,0.0,38100.0,11.392405,22.499464
2026-08-17 07:00:00+02:00,20.234499,6.151683,9.36,56.0,0.1,36100.0,15.916782,23.95894
2026-08-17 08:00:00+02:00,19.984499,5.2416787,13.32,41.0,0.0,27000.0,17.795506,22.889902
2026-08-17 09:00:00+02:00,20.7845,7.9932976,19.44,84.0,0.1,29960.0,26.516663,31.059296
2026-08-17 10:00:00+02:00,19.9345,8.350138,19.08,51.0,3.8,17020.0,39.3406,50.27969
2026-08-17 11:00:00+02:00,20.0345,9.3669195,19.44,67.0,0.1,11480.0,29.854185,48.62421
2026-08-17 12:00:00+02:00,20.2845,15.137133,23.759998,76.0,5.0,8540.0,48.4883,48.778465
2026-08-17 13:00:00+02:00,20.884499,12.783802,26.64,93.0,0.5,28620.0,27.722662,41.045376
2026-08-17 14:00:00+02:00,20.1845,10.483357,24.48,88.0,0.0,24280.0,21.070715,44.73273
2026-08-17 15:00:00+02:00,20.984499,11.480557,28.44,93.0,0.0,31000.0,14.69576,51.90836
2026-08-17 16:00:00+02:00,21.984499,11.681987,22.319998,55.0,0.0,34700.0,18.733492,42.805088
2026-08-17 17:00:00+02:00,22.484499,14.529915,23.039999,63.0,0.0,37180.0,20.51139,42.868042
2026-08-17 18:00:00+02:00,22.884499,11.4862,24.84,54.0,0.0,38360.0,18.6891,39.65619
2026-08-17 19:00:00+02:00,22.634499,7.9932966,20.519999,0.0,0.0,38060.0,18.904528,30.286854
2026-08-17 20:00:00+02:00,21.884499,3.2599385,12.959999,32.0,0.0,30540.0,18.147924,37.57608
2026-08-17 21:00:00+02:00,21.134499,2.2768397,6.12,26.0,0.0,29040.0,16.91609,37.262062
2026-08-17 22:00:00+02:00,19.2845,3.6179552,7.92,45.0,0.0,21160.0,16.811422,33.106678
2026-08-17 23:00:00+02:00,17.884499,2.3051248,4.68,94.0,0.0,160.0,19.61612,37.70402
2026-08-18 00:00:00+02:00,17.9345,2.2768397,4.68,68.0,0.0,860.0,18.142204,39.665905
2026-08-18 01:00:00+02:00,18.0345,2.8799999,4.68,0.0,0.0,14080.0,17.465712,46.13607
2026-08-18 02:00:00+02:00,17.484499,2.2768397,3.96,9.0,0.0,18360.0,19.726961,47.77294
2026-08-18 03:00:00+02:00,16.8345,2.6208394,5.3999996,62.0,0.0,1220.0,21.653961,49.693947
2026-08-18 04:00:00+02:00,16.6845,2.9024127,4.68,58.0,0.0,1320.0,23.007017,49.503643
2026-08-18 05:00:00+02:00,16.9345,4.1046314,5.7599998,66.0,0.0,1020.0,23.244972,44.951817
2026-08-18 06:00:00+02:00,16.984499,2.5455842,6.4799995,54.0,0.0,3820.0,23.59961,43.629665
2026-08-18 07:00:00+02:00,16.9345,4.3349743,7.2,10.0,0.0,20940.0,27.673931,43.505867
2026-08-18 08:00:00+02:00,17.984499,7.145796,9.36,48.0,0.0,21260.0,34.611916,38.607693
2026-08-18 09:00:00+02:00,20.0345,9.422101,15.4800005,40.0,0.0,24060.0,37.469757,41.14381
2026-08-18 10:00:00+02:00,21.7845,14.512064,24.48,5.0,0.0,23480.0,37.469757,41.844795
2026-08-18 11:00:00+02:00,23.634499,19.134262,28.8,53.0,0.0,35220.0,37.17766,44.24346
2026-08-18 12:00:00+02:00,24.8345,19.694992,33.839996,53.0,0.0,39960.0,35.39208,41.32134
2026-08-18 13:00:00+02:00,25.734499,19.022177,33.839996,59.0,0.0,41120.0,33.165794,44.434612
2026-08-18 14:00:00+02:00,26.9345,21.758419,34.56,21.0,0.0,42440.0,31.390156,50.46325
2026-08-18 15:00:00+02:00,27.4345,25.862436,45.0,18.0,0.0,43200.0,33.517685,45.989704
2026-08-18 16:00:00+02:00,28.134499,24.29133,45.0,5.0,0.0,43220.0,31.15109,45.037434
2026-08-18 17:00:00+02:00,28.3345,21.638964,40.32,3.0,0.0,43500.0,30.296087,45.80084
2026-08-18 18:00:00+02:00,28.1845,17.551615,35.28,23.0,0.0,43260.0,27.436543,44.758564
2026-08-18 19:00:00+02:00,27.3345,14.4,27.359999,0.0,0.0,44600.0,28.245813,46.865147
2026-08-18 20:00:00+02:00,26.0345,7.5942073,21.96,0.0,0.0,42580.0,33.19083,48.69151
2026-08-18 21:00:00+02:00,23.9345,9.3669195,15.119999,0.0,0.0,41580.0,34.614918,47.732605
2026-08-18 22:00:00+02:00,22.234499,7.386582,14.759999,0.0,0.0,40960.0,40.124557,44.282627
2026-08-18 23:00:00+02:00,21.884499,7.145796,11.159999,0.0,0.0,40960.0,39.192524,42.247948
2026-08-19 00:00:00+02:00,21.5345,5.904439,11.5199995,0.0,0.0,41080.0,33.78919,47.82936
2026-08-19 01:00:00+02:00,19.634499,4.510787,8.64,0.0,0.0,38280.0,29.451515,50.520473
2026-08-19 02:00:00+02:00,19.984499,3.6,6.8399997,0.0,0.0,39080.0,27.763828,50.99108
2026-08-19 03:00:00+02:00,19.384499,3.396233,5.7599998,0.0,0.0,38420.0,30.13458,51.550877
2026-08-19 04:00:00+02:00,18.234499,3.319036,5.3999996,0.0,0.0,35620.0,31.574846,53.411777
2026-08-19 05:00:00+02:00,17.3345,1.8,5.04,0.0,0.0,33520.0,37.303123,54.677082
2026-08-19 06:00:00+02:00,16.5845,2.4149535,3.2399998,0.0,0.0,32160.0,38.926697,55.272747
2026-08-19 07:00:00+02:00,16.0345,2.1897945,3.2399998,0.0,0.0,29520.0,37.99807,54.003563
2026-08-19 08:00:00+02:00,17.2845,2.4149535,3.6,0.0,0.0,29900.0,36.515457,54.677082
2026-08-19 09:00:00+02:00,19.384499,4.1046314,7.2,0.0,0.0,32360.0,38.841248,52.762268
2026-08-19 10:00:00+02:00,21.9345,5.991594,10.799999,0.0,0.0,38040.0,41.578377,54.28817
2026-08-19 11:00:00+02:00,25.134499,7.2,13.679999,0.0,0.0,40980.0,30.562233,52.758617
2026-08-19 12:00:00+02:00,27.0845,11.720751,20.16,0.0,0.0,41680.0,31.426521,53.321537
2026-08-19 13:00:00+02:00,28.734499,15.021105,26.28,0.0,0.0,42280.0,24.318981,53.45864
2026-08-19 14:00:00+02:00,30.484499,19.61587,30.239998,0.0,0.0,43920.0,34.247013,55.585518
2026-08-19 15:00:00+02:00,31.3345,20.65848,35.64,0.0,0.0,44220.0,33.51149,57.817493
2026-08-19 16:00:00+02:00,32.184498,19.881649,35.28,0.0,0.0,45380.0,34.310623,50.6119
2026-08-19 17:00:00+02:00,32.8845,23.838959,39.239998,0.0,0.0,47520.0,34.87788,54.44053
2026-08-19 18:00:00+02:00,32.6345,27.059933,44.639996,0.0,0.0,47980.0,43.06992,53.51266
2026-08-19 19:00:00+02:00,31.7845,24.162947,47.16,0.0,0.0,46720.0,49.175087,62.93805
2026-08-19 20:00:00+02:00,30.3345,13.004921,39.96,0.0,0.0,46080.0,48.91257,69.03342
2026-08-19 21:00:00+02:00,28.0845,16.575644,27.72,0.0,0.0,46520.0,59.240505,66.37028
2026-08-19 22:00:00+02:00,27.1845,13.363711,26.64,0.0,0.0,44400.0,63.904785,74.998215
2026-08-19 23:00:00+02:00,24.734499,6.696387,19.44,0.0,0.0,41880.0,63.249905,85.40292
2026-08-20 00:00:00+02:00,23.5345,6.696387,11.5199995,0.0,0.0,41140.0,49.821163,77.64825
2026-08-20 01:00:00+02:00,22.3345,7.127636,13.32,0.0,0.0,40560.0,42.170986,76.95801
2026-08-20 02:00:00+02:00,24.734499,8.28,10.08,0.0,0.0,42240.0,42.225113,78.52153
2026-08-20 03:00:00+02:00,24.7845,19.721298,32.039997,0.0,0.0,42420.0,46.275043,76.59672
2026-08-20 04:00:00+02:00,23.734499,12.245293,32.760002,0.0,0.0,41440.0,50.417793,81.06121
2026-08-20 05:00:00+02:00,23.9345,17.651016,18.0,71.0,0.0,41900.0,55.23143,82.505035
2026-08-20 06:00:00+02:00,23.234499,11.966953,32.039997,75.0,0.0,41160.0,49.42571,79.704865
2026-08-20 07:00:00+02:00,22.734499,16.563911,28.8,41.0,0.0,40740.0,59.319317,78.771355
2026-08-20 08:00:00+02:00,23.5845,15.84409,24.84,41.0,0.0,40840.0,52.6265,78.00219
2026-08-20 09:00:00+02:00,23.5845,12.599998,24.48,10.0,0.0,40080.0,61.50548,68.66971
2026-08-20 10:00:00+02:00,24.384499,16.323528,27.359999,25.0,0.0,40180.0,62.165382,70.753174
2026-08-20 11:00:00+02:00,25.634499,18.837324,33.48,40.0,0.0,40960.0,45.359512,72.822
2026-08-20 12:00:00+02:00,26.8345,22.26768,37.079998,70.0,0.0,41260.0,45.65157,69.144936
2026-08-20 13:00:00+02:00,27.4345,28.162954,49.68,0.0,0.0,41920.0,59.558636,64.99187
2026-08-20 14:00:00+02:00,25.234499,19.862083,56.88,12.0,0.0,7000.0,55.993176,65.05408
2026-08-20 15:00:00+02:00,25.484499,23.598541,54.719997,0.0,0.1,38960.0,53.209236,63.060356
2026-08-20 16:00:00+02:00,26.1845,24.569836,47.519997,46.0,0.0,40860.0,34.54285,63.903904
2026-08-20 17:00:00+02:00,26.134499,24.26998,39.239998,0.0,0.0,39920.0,36.57512,55.045757
2026-08-20 18:00:00+02:00,24.0845,3.0547013,40.68,87.0,0.3,37360.0,17.795506,49.06982
2026-08-20 19:00:00+02:00,22.8345,6.28713,19.44,74.0,0.2,33460.0,10.9461975,47.518238
2026-08-20 20:00:00+02:00,22.134499,3.7585104,24.84,65.0,0.1,33860.0,20.019537,52.758617
2026-08-20 21:00:00+02:00,20.734499,4.6938257,19.8,53.0,0.3,27400.0,20.802917,48.754765
2026-08-20 22:00:00+02:00,19.7845,4.452954,29.16,91.0,0.2,22020.0,14.582278,44.417274
2026-08-20 23:00:00+02:00,19.484499,6.87779,17.64,59.0,0.0,13160.0,26.528408,37.47341
2026-08-21 00:00:00+02:00,19.0345,5.6233797,12.599999,61.0,0.0,19520.0,24.1519,45.79663
2026-08-21 01:00:00+02:00,18.4345,4.452954,10.440001,52.0,0.0,16100.0,20.551847,48.56078
2026-08-21 02:00:00+02:00,18.0845,4.2136917,7.92,55.0,0.0,9120.0,30.463556,41.807953
2026-08-21 03:00:00+02:00,18.384499,1.8,6.8399997,56.0,1.3,22740.0,31.637262,40.880787
2026-08-21 04:00:00+02:00,18.2845,3.319036,6.8399997,90.0,0.4,24240.0,26.149973,30.050611
2026-08-21 05:00:00+02:00,17.8345,1.835647,6.12,45.0,0.0,12780.0,17.441916,39.10837
2026-08-21 06:00:00+02:00,17.234499,1.9386592,5.3999996,63.0,0.0,2840.0,12.269996,30.470741
2026-08-21 07:00:00+02:00,17.4345,1.4399999,5.3999996,78.0,0.0,10220.0,7.958391,26.105885
2026-08-21 08:00:00+02:00,17.384499,2.9024127,12.24,83.0,2.0,3420.0,3.67394,22.041037
2026-08-21 09:00:00+02:00,17.3345,4.802999,18.359999,81.0,9.5,4240.0,10.391472,12.226168
2026-08-21 10:00:00+02:00,17.484499,2.8116899,7.2,0.0,3.8,15000.0,14.482251,15.329903
2026-08-21 11:00:00+02:00,16.0345,4.6800003,11.5199995,5.0,1.4,6360.0,20.907467,43.92448
2026-08-21 12:00:00+02:00,15.434501,6.8399997,15.119999,77.0,2.7,10120.0,14.309151,46.55586
2026-08-21 13:00:00+02:00,15.9845,5.634891,13.32,83.0,0.8,24100.0,8.95301,27.792759
2026-08-21 14:00:00+02:00,16.1845,10.308831,14.4,67.0,0.4,29880.0,13.776805,45.07164
2026-08-21 15:00:00+02:00,16.6845,6.9527545,17.28,96.0,0.3,33080.0,11.848101,42.046856
2026-08-21 16:00:00+02:00,17.0845,10.009036,18.359999,81.0,0.0,28200.0,15.680186,37.9789
2026-08-21 17:00:00+02:00,17.8345,6.3690495,18.359999,25.0,0.0,34180.0,14.301892,39.801647
2026-08-21 18:00:00+02:00,18.4345,5.771239,14.759999,58.0,0.0,36640.0,18.392296,37.867157
2026-08-21 19:00:00+02:00,17.4345,6.130579,12.24,0.0,1.0,9360.0,31.101059,54.003563
2026-08-21 20:00:00+02:00,15.934501,5.991594,14.759999,5.0,0.5,21900.0,32.86704,45.54356
2026-08-21 21:00:00+02:00,15.434501,5.1544156,9.72,38.0,0.9,6820.0,34.94628,36.919292
2026-08-21 22:00:00+02:00,15.4845,2.7416782,11.879999,49.0,1.6,19840.0,23.222628,46.700447
2026-08-21 23:00:00+02:00,13.7845,7.491114,14.04,49.0,4.0,3820.0,41.126427,51.90836
2026-08-22 00:00:00+02:00,13.3845005,5.8603754,16.919998,17.0,0.1,21520.0,28.009565,56.5407
2026-08-22 01:00:00+02:00,13.184501,3.219938,6.4799995,84.0,0.0,12440.0,28.29723,50.763912
2026-08-22 02:00:00+02:00,12.4845,2.968636,5.7599998,51.0,0.0,16440.0,24.361639,50.763912
2026-08-22 03:00:00+02:00,12.4845,1.8,6.4799995,44.0,0.0,21540.0,21.897139,42.370876
2026-08-22 04:00:00+02:00,12.0345,1.8,4.68,50.0,0.0,10320.0,24.254854,40.578102
2026-08-22 05:00:00+02:00,11.934501,1.835647,2.8799999,58.0,0.0,9100.0,26.418589,39.083733
2026-08-22 06:00:00+02:00,11.2345,2.9024127,5.04,57.0,0.0,1820.0,30.041407,38.60769
2026-08-22 07:00:00+02:00,10.8845005,2.5455842,4.32,37.0,0.0,6780.0,27.269524,38.50277
2026-08-22 08:00:00+02:00,12.2845,3.8773184,6.8399997,61.0,0.0,580.0,28.168512,31.70989
2026-08-22 09:00:00+02:00,14.184501,6.989936,12.599999,49.0,0.0,2060.0,26.006641,29.896374
2026-08-22 10:00:00+02:00,16.384499,9.504273,16.56,49.0,0.0,19260.0,23.258368,31.090292
2026-08-22 11:00:00+02:00,17.634499,10.829958,19.08,24.0,0.0,34620.0,21.916096,26.076353
2026-08-22 12:00:00+02:00,18.7845,10.24578,20.16,0.0,0.0,38640.0,19.166346,26.186924
2026-08-22 13:00:00+02:00,19.7845,8.654986,18.359999,24.0,0.0,38180.0,15.318443,23.3729
2026-08-22 14:00:00+02:00,21.484499,6.9527545,14.759999,0.0,0.0,43840.0,11.618018,21.86555
2026-08-22 15:00:00+02:00,21.3345,9.422101,14.4,0.0,0.0,43180.0,9.125309,21.510277
2026-08-22 16:00:00+02:00,21.9345,2.5455842,15.119999,0.0,0.0,43160.0,9.994197,19.311329
2026-08-22 17:00:00+02:00,21.634499,11.720751,19.44,0.0,0.0,43360.0,10.035667,28.558466
2026-08-22 18:00:00+02:00,20.884499,13.009903,23.039999,0.0,0.0,43200.0,8.402622,30.659805
2026-08-22 19:00:00+02:00,20.0845,15.188415,25.199999,0.0,0.0,42660.0,4.323114,27.758083
2026-08-22 20:00:00+02:00,19.1845,13.493999,26.28,0.0,0.0,43020.0,5.9240503,24.42869
2026-08-22 21:00:00+02:00,17.5345,9.3876505,21.96,0.0,0.0,41900.0,5.709857,28.873745
2026-08-22 22:00:00+02:00,15.7345,4.1046314,14.04,0.0,0.0,40600.0,6.3960004,30.261404
2026-08-22 23:00:00+02:00,15.5845,3.5455887,5.7599998,0.0,0.0,40280.0,9.215885,31.81905
2026-08-23 00:00:00+02:00,15.0345,3.8939953,7.5599995,0.0,0.0,40360.0,18.821962,34.14357
2026-08-23 01:00:00+02:00,13.434501,2.8116899,5.7599998,0.0,0.0,37600.0,19.931175,37.293064
2026-08-23 02:00:00+02:00,13.684501,4.8433046,4.68,12.0,0.0,37180.0,21.45163,35.078575
2026-08-23 03:00:00+02:00,13.5345,5.3517847,8.64,0.0,0.0,38100.0,19.128386,32.25795
2026-08-23 04:00:00+02:00,12.934501,4.8965297,8.28,0.0,0.0,38260.0,14.843389,30.267769
2026-08-23 05:00:00+02:00,12.1345005,4.198285,7.2,0.0,0.0,34920.0,11.254866,32.566986
2026-08-23 06:00:00+02:00,11.4845,3.5455887,6.4799995,0.0,0.0,32500.0,8.11344,29.954306
2026-08-23 07:00:00+02:00,11.5845,2.4149535,4.32,0.0,0.0,31720.0,2.8820758,30.024958
2026-08-23 08:00:00+02:00,12.5845,3.8773184,5.04,0.0,0.0,25340.0,4.201311,28.880415
2026-08-23 09:00:00+02:00,15.1345005,6.4799995,11.159999,2.0,0.0,34900.0,5.6366506,28.719894
2026-08-23 10:00:00+02:00,16.4345,8.311245,14.4,0.0,0.0,36340.0,10.490914,31.040686
2026-08-23 11:00:00+02:00,18.484499,11.609651,19.8,0.0,0.0,39940.0,13.678478,31.312546
2026-08-23 12:00:00+02:00,20.0345,13.32,23.4,0.0,0.0,40640.0,10.118097,34.024887
2026-08-23 13:00:00+02:00,21.384499,14.04,23.4,0.0,0.0,41460.0,4.844117,38.70735
2026-08-23 14:00:00+02:00,22.5845,14.471821,21.599998,0.0,0.0,42260.0,6.524576,41.045376
2026-08-23 15:00:00+02:00,23.3345,11.720751,23.759998,0.0,0.0,42760.0,16.468233,43.452705
2026-08-23 16:00:00+02:00,23.634499,12.144331,21.599998,0.0,0.0,42900.0,18.454288,40.110195
2026-08-23 17:00:00+02:00,23.984499,10.483357,21.96,0.0,0.0,44200.0,14.878324,38.387535
2026-08-23 18:00:00+02:00,23.634499,12.224107,21.24,0.0,0.0,44560.0,19.079472,36.70475
2026-08-23 19:00:00+02:00,22.984499,11.212135,20.519999,0.0,0.0,43920.0,19.014057,33.956886
2026-08-23 20:00:00+02:00,21.4345,8.654987,17.28,0.0,0.0,42540.0,14.126582,34.78632
2026-08-23 21:00:00+02:00,19.9345,13.202726,21.24,0.0,0.0,41580.0,11.401515,34.154854
2026-08-23 22:00:00+02:00,19.0345,10.315115,20.880001,0.0,0.0,41200.0,7.800262,34.362892
2026-08-23 23:00:00+02:00,18.4345,9.585739,15.84,0.0,0.0,40760.0,5.543783,34.62536
2026-08-24 00:00:00+02:00,17.384499,8.4963045,15.119999,0.0,0.0,40280.0,2.9178793,35.22653
2026-08-24 01:00:00+02:00,16.3345,6.3690495,12.959999,0.0,0.0,40280.0,5.487309,33.797676
2026-08-24 02:00:00+02:00,15.6345005,6.4096174,10.08,0.0,0.0,39180.0,4.57969,33.568924
2026-08-24 03:00:00+02:00,15.0845,6.3690495,10.799999,0.0,0.0,37680.0,7.418196,39.767754
2026-08-24 04:00:00+02:00,14.5345,5.1165614,9.72,0.0,0.0,37000.0,11.254866,39.84518
2026-08-24 05:00:00+02:00,14.0345,5.8603754,9.0,0.0,0.0,36240.0,9.394418,37.14297
2026-08-24 06:00:00+02:00,13.6345005,6.3690495,10.440001,0.0,0.0,35700.0,8.402622,34.413307
2026-08-24 07:00:00+02:00,13.2845,4.6938257,8.64,0.0,0.0,35800.0,17.731209,31.337141
2026-08-24 08:00:00+02:00,13.6345005,3.319036,5.3999996,0.0,0.0,30560.0,19.035887,27.310343
2026-08-24 09:00:00+02:00,14.9845,1.9386592,19.44,0.0,0.1,34940.0,11.926711,26.194279
2026-08-24 10:00:00+02:00,16.884499,6.5693827,10.799999,0.0,0.0,37000.0,9.65603,31.36786
2026-08-24 11:00:00+02:00,18.8345,6.638072,12.959999,0.0,0.0,39320.0,19.084913,28.873745
2026-08-24 12:00:00+02:00,20.734499,5.0911684,13.32,0.0,0.0,39660.0,18.788836,31.170736
2026-08-24 13:00:00+02:00,22.234499,5.771239,11.5199995,0.0,0.0,39980.0,15.148044,35.111507
2026-08-24 14:00:00+02:00,23.1845,6.924738,11.159999,0.0,0.0,40900.0,9.666777,40.72027
2026-08-24 15:00:00+02:00,23.7845,8.557102,17.28,0.0,0.0,41300.0,6.3960004,44.594723
2026-08-24 16:00:00+02:00,24.384499,10.931203,19.08,0.0,0.0,41840.0,5.155614,44.981804
2026-08-24 17:00:00+02:00,24.734499,14.408997,21.96,0.0,0.0,42100.0,6.728273,53.609764
2026-08-24 18:00:00+02:00,24.5845,16.24394,28.8,0.0,0.0,41760.0,12.792001,50.10315
2026-08-24 19:00:00+02:00,23.984499,13.979871,27.0,0.0,0.0,41260.0,16.182028,50.4747
2026-08-24 20:00:00+02:00,22.7845,11.4862,23.039999,0.0,0.0,41400.0,19.467348,39.588127
2026-08-24 21:00:00+02:00,21.3345,17.208603,27.359999,0.0,0.0,40880.0,33.51459,30.816475
2026-08-24 22:00:00+02:00,20.3345,13.979872,23.759998,12.0,0.0,40300.0,27.254288,24.491692
2026-08-24 23:00:00+02:00,19.234499,2.5455842,20.519999,43.0,0.1,37240.0,17.12957,19.862066
2026-08-25 00:00:00+02:00,18.9345,6.6185193,16.919998,0.0,0.0,36740.0,9.15938,29.960732
2026-08-25 01:00:00+02:00,18.5345,1.9386592,9.0,0.0,0.0,35580.0,9.56962,21.002802
2026-08-25 02:00:00+02:00,17.6845,1.484318,4.32,40.0,1.0,31400.0,9.15938,24.151127
2026-08-25 03:00:00+02:00,16.5845,3.671294,5.7599998,8.0,0.2,16500.0,11.618018,18.0
2026-08-25 04:00:00+02:00,16.734499,3.319036,7.2,75.0,2.1,13840.0,16.518595,13.626929
2026-08-25 05:00:00+02:00,16.0845,11.5199995,18.0,89.0,8.9,2680.0,18.43177,16.65485
2026-08-25 06:00:00+02:00,16.0845,8.669949,16.919998,100.0,10.6,600.0,20.480995,21.865547
2026-08-25 07:00:00+02:00,16.234499,3.219938,14.04,85.0,5.5,8360.0,24.34032,28.800266
2026-08-25 08:00:00+02:00,16.234499,1.4399999,8.28,88.0,2.4,960.0,29.007486,22.041037
2026-08-25 09:00:00+02:00,16.384499,2.9024127,9.0,97.0,1.2,1320.0,27.299965,29.844782
2026-08-25 10:00:00+02:00,16.9345,1.1384199,7.92,92.0,0.0,14200.0,30.398726,28.335009
2026-08-25 11:00:00+02:00,17.9345,10.464797,12.959999,92.0,0.0,22360.0,37.67701,34.362892
2026-08-25 12:00:00+02:00,19.734499,10.44,18.359999,88.0,0.0,29240.0,28.679914,43.452705
2026-08-25 13:00:00+02:00,21.7845,9.021574,19.44,28.0,0.0,34400.0,27.95762,44.22604
2026-08-25 14:00:00+02:00,23.234499,12.738099,21.96,0.0,0.0,38580.0,26.64167,43.48815
2026-08-25 15:00:00+02:00,24.384499,13.276144,23.4,7.0,0.0,40240.0,23.240505,45.463135
2026-08-25 16:00:00+02:00,24.984499,13.324863,24.84,0.0,0.0,40580.0,23.735603,46.435715
2026-08-25 17:00:00+02:00,24.984499,11.177405,22.319998,0.0,0.0,41040.0,22.857605,46.53103
2026-08-25 18:00:00+02:00,24.3345,10.105681,17.64,28.0,0.0,40640.0,20.323235,51.232277
2026-08-25 19:00:00+02:00,23.8345,5.4477882,15.4800005,0.0,0.0,38680.0,23.542343,55.171593
2026-08-25 20:00:00+02:00,21.384499,6.489992,10.08,0.0,0.0,28780.0,23.137522,52.568417
2026-08-25 21:00:00+02:00,19.7845,6.28713,9.36,42.0,0.0,28620.0,19.387182,53.024483
2026-08-25 22:00:00+02:00,19.0345,4.68,12.959999,51.0,0.0,28300.0,14.532351,53.9536
2026-08-25 23:00:00+02:00,19.0845,4.3498964,7.92,57.0,0.0,25720.0,17.1538,54.97222
2026-08-26 00:00:00+02:00,18.7845,4.1046314,8.28,68.0,0.0,24240.0,9.022324,53.29624
2026-08-26 01:00:00+02:00,17.734499,2.1897945,6.8399997,22.0,0.0,16140.0,20.055809,53.321537
2026-08-26 02:00:00+02:00,17.984499,0.71999997,6.12,74.0,0.0,17920.0,30.296087,49.410168
2026-08-26 03:00:00+02:00,17.2845,0.5091169,1.8,40.0,0.0,11840.0,30.120792,53.020847
2026-08-26 04:00:00+02:00,16.884499,1.2979984,1.8,73.0,0.0,1840.0,30.120792,52.465717
2026-08-26 05:00:00+02:00,16.7845,1.2979984,1.8,99.0,0.0,120.0,28.964502,51.42742
2026-08-26 06:00:00+02:00,16.6845,0.35999998,1.8,96.0,0.0,160.0,27.417614,46.700447
2026-08-26 07:00:00+02:00,16.4345,0.35999998,0.71999997,100.0,0.0,60.0,25.494564,43.581074
2026-08-26 08:00:00+02:00,17.0845,1.8,3.96,100.0,0.0,140.0,24.374422,43.85865
2026-08-26 09:00:00+02:00,18.634499,1.484318,3.6,86.0,0.0,520.0,21.041126,43.55897
2026-08-26 10:00:00+02:00,20.7845,0.35999998,3.96,16.0,0.0,20600.0,20.179676,45.259296
2026-08-26 11:00:00+02:00,22.734499,2.2768397,3.96,0.0,0.0,33540.0,19.429977,43.660564
2026-08-26 12:00:00+02:00,24.134499,2.8116899,6.12,0.0,0.0,38340.0,20.009163,38.70735
2026-08-26 13:00:00+02:00,25.4345,4.802999,9.36,0.0,0.0,40440.0,24.374422,34.97959
2026-08-26 14:00:00+02:00,26.384499,4.896529,11.159999,0.0,0.0,41040.0,29.114672,35.122475
2026-08-26 15:00:00+02:00,26.984499,6.725354,14.4,0.0,0.0,41600.0,22.104788,41.807953
2026-08-26 16:00:00+02:00,27.3345,5.634891,12.24,0.0,0.0,42060.0,15.916784,51.50228
2026-08-26 17:00:00+02:00,27.1845,3.9763298,9.36,0.0,0.0,42060.0,13.9118,50.095463
2026-08-26 18:00:00+02:00,26.8345,3.7585104,6.8399997,0.0,0.0,41840.0,10.035667,60.60233
2026-08-26 19:00:00+02:00,25.884499,5.8603754,9.36,0.0,0.0,41220.0,12.889034,61.272472
2026-08-26 20:00:00+02:00,24.134499,6.849467,9.72,0.0,0.0,41240.0,11.474137,62.421753
2026-08-26 21:00:00+02:00,22.384499,6.725354,10.799999,0.0,0.0,40500.0,10.401459,64.7335
2026-08-26 22:00:00+02:00,21.9345,8.534353,14.04,0.0,0.0,39480.0,14.878324,63.008404
2026-08-26 23:00:00+02:00,21.8345,8.557102,13.32,0.0,0.0,38560.0,13.670886,64.22263
2026-08-27 00:00:00+02:00,21.1845,6.6087217,13.32,0.0,0.0,37680.0,12.312233,64.411316
2026-08-27 01:00:00+02:00,20.0345,4.3349743,9.72,0.0,0.0,35020.0,14.539494,59.98894
2026-08-27 02:00:00+02:00,18.7845,4.1046314,6.12,0.0,0.0,28800.0,11.537306,62.05965
2026-08-27 03:00:00+02:00,18.2845,2.4149535,5.3999996,0.0,0.0,27140.0,9.580464,72.29102
2026-08-27 04:00:00+02:00,16.734499,1.2979984,3.2399998,0.0,0.0,9880.0,7.7602262,83.07507
2026-08-27 05:00:00+02:00,17.0845,2.0991426,2.16,0.0,0.0,12380.0,9.666777,78.23891
2026-08-27 06:00:00+02:00,16.984499,0.0,10.08,0.0,0.0,11500.0,9.580463,81.10397
2026-08-27 07:00:00+02:00,16.484499,1.4399999,2.8799999,43.0,0.0,4380.0,6.970812,74.27816
2026-08-27 08:00:00+02:00,17.0845,1.5273507,6.4799995,56.0,0.0,1360.0,4.9291077,58.975315
2026-08-27 09:00:00+02:00,18.2845,1.9386592,5.7599998,78.0,0.0,360.0,4.844117,52.263393
2026-08-27 10:00:00+02:00,20.6845,1.2979984,5.04,0.0,0.0,13700.0,7.866535,51.307423
2026-08-27 11:00:00+02:00,22.4345,1.609969,4.68,0.0,0.0,31720.0,7.7468357,57.325653
2026-08-27 12:00:00+02:00,24.4345,1.1384199,6.12,0.0,0.0,33340.0,17.340422,56.82277
2026-08-27 13:00:00+02:00,25.984499,3.319036,7.2,0.0,0.0,37920.0,19.231243,66.39058
2026-08-27 14:00:00+02:00,27.5845,3.9763298,6.8399997,0.0,0.0,40140.0,20.035091,61.95092
2026-08-27 15:00:00+02:00,28.5345,2.3051248,7.5599995,0.0,0.0,40460.0,12.905135,64.37243
2026-08-27 16:00:00+02:00,29.3345,3.396233,6.4799995,0.0,0.0,41380.0,12.669665,84.38183
2026-08-27 17:00:00+02:00,29.984499,1.2979984,7.2,0.0,0.0,42940.0,10.311228,83.18167
2026-08-27 18:00:00+02:00,29.484499,3.2399998,6.8399997,0.0,0.0,43500.0,19.600233,82.80335
2026-08-27 19:00:00+02:00,27.884499,5.1165614,10.440001,0.0,0.0,41760.0,13.594724,88.17289
2026-08-27 20:00:00+02:00,25.0845,6.130579,10.08,0.0,0.0,39820.0,21.359468,81.94278
2026-08-27 21:00:00+02:00,23.4345,5.506941,11.5199995,0.0,0.0,39240.0,11.419714,84.16698
2026-08-27 22:00:00+02:00,22.8345,1.609969,7.92,0.0,0.0,39680.0,23.914282,81.613014
2026-08-27 23:00:00+02:00,23.0345,2.9024127,4.32,0.0,0.0,39560.0,24.186266,83.29738
2026-08-28 00:00:00+02:00,22.0345,2.52,4.32,0.0,0.0,38660.0,15.916782,86.65014
2026-08-28 01:00:00+02:00,21.884499,3.319036,2.8799999,0.0,0.0,35400.0,13.456546,91.030014
2026-08-28 02:00:00+02:00,20.3345,1.4399999,5.04,0.0,0.0,26040.0,8.987734,74.15617
2026-08-28 03:00:00+02:00,19.0845,0.8049845,2.52,0.0,0.0,13860.0,6.524576,78.88621
2026-08-28 04:00:00+02:00,19.134499,3.396233,3.2399998,45.0,0.0,6440.0,10.955679,80.928024
2026-08-28 05:00:00+02:00,19.484499,2.6208394,7.2,0.0,0.0,15240.0,11.02182,83.68959
2026-08-28 06:00:00+02:00,19.4345,1.5273507,6.8399997,6.0,0.0,15240.0,28.896315,96.334946
2026-08-28 07:00:00+02:00,18.734499,1.1384199,2.16,48.0,0.0,10920.0,16.805244,89.9636
2026-08-28 08:00:00+02:00,19.5345,5.0142193,5.7599998,49.0,0.0,23440.0,19.225843,73.02012
2026-08-28 09:00:00+02:00,19.6845,1.2979984,16.56,48.0,0.4,17720.0,27.132105,78.73222
2026-08-28 10:00:00+02:00,19.5345,18.58451,61.199997,64.0,10.2,14780.0,68.968376,93.3679
2026-08-28 11:00:00+02:00,20.384499,11.183201,28.44,0.0,1.8,32780.0,69.03308,105.2833
2026-08-28 12:00:00+02:00,19.1845,13.905509,31.319998,66.0,4.8,19040.0,51.172062,89.76211
2026-08-28 13:00:00+02:00,20.0845,17.414474,29.88,48.0,0.2,23360.0,37.19162,84.70765
2026-08-28 14:00:00+02:00,19.8345,13.896187,30.960001,37.0,0.4,30420.0,35.962486,94.12406
2026-08-28 15:00:00+02:00,20.384499,14.336861,26.28,16.0,0.0,35980.0,38.950695,95.48539
2026-08-28 16:00:00+02:00,21.1845,13.324863,22.68,0.0,0.0,36720.0,35.698784,86.463196
2026-08-28 17:00:00+02:00,20.1845,11.542478,23.039999,53.0,0.0,36100.0,24.259136,99.20554
2026-08-28 18:00:00+02:00,19.9345,11.91812,21.24,79.0,0.0,36340.0,23.056606,90.5654
2026-08-28 19:00:00+02:00,19.2845,7.8954163,18.359999,39.0,0.0,34420.0,31.735567,87.62502
2026-08-28 20:00:00+02:00,18.7845,4.73506,14.04,49.0,0.0,35200.0,33.024616,76.32464
2026-08-28 21:00:00+02:00,17.6845,4.198285,10.440001,0.0,0.0,33280.0,33.01518,73.046486
2026-08-28 22:00:00+02:00,16.5845,0.8049845,7.92,17.0,0.0,29060.0,34.177216,70.50772
2026-08-28 23:00:00+02:00,15.8345,3.6,6.8399997,43.0,0.0,29700.0,41.5509,68.57146
2026-08-29 00:00:00+02:00,15.5345,4.8433046,7.5599995,22.0,0.0,31040.0,37.99807,65.51143
2026-08-29 01:00:00+02:00,14.8345,4.072935,7.92,0.0,0.0,29340.0,35.896015,60.165287
2026-08-29 02:00:00+02:00,14.4845,4.1046314,6.4799995,0.0,0.0,32920.0,29.550064,53.9536
2026-08-29 03:00:00+02:00,13.3845005,2.9024127,6.8399997,0.0,0.0,23860.0,23.351927,42.593056
2026-08-29 04:00:00+02:00,12.8345,1.08,4.32,4.0,0.0,19440.0,19.742744,40.9467
2026-08-29 05:00:00+02:00,13.7845,1.1384199,1.4399999,0.0,0.0,29180.0,20.78794,43.381718
2026-08-29 06:00:00+02:00,14.0345,0.8049845,2.16,0.0,0.0,31160.0,24.061451,40.435436
2026-08-29 07:00:00+02:00,13.2345,1.2979984,1.8,0.0,0.0,24440.0,26.703953,38.15096
2026-08-29 08:00:00+02:00,12.2845,1.08,1.8,94.0,0.0,140.0,27.542301,40.196545
2026-08-29 09:00:00+02:00,14.0345,0.8049845,2.52,83.0,0.0,220.0,28.256838,33.97957
2026-08-29 10:00:00+02:00,17.0845,5.692099,10.08,13.0,0.0,21800.0,34.092045,31.63082
2026-08-29 11:00:00+02:00,19.1845,9.422101,20.16,9.0,0.0,35800.0,41.20713,30.891392
2026-08-29 12:00:00+02:00,20.384499,12.738099,21.24,15.0,0.0,38640.0,47.648045,33.64344
2026-08-29 13:00:00+02:00,21.734499,16.563911,28.08,0.0,0.0,40620.0,45.104717,42.357235
2026-08-29 14:00:00+02:00,23.1845,19.64228,31.319998,0.0,0.0,42200.0,35.67842,44.1781
2026-08-29 15:00:00+02:00,23.8345,17.654688,33.839996,0.0,0.0,43380.0,28.076212,44.9818
2026-08-29 16:00:00+02:00,24.4345,16.29174,30.599998,0.0,0.0,42820.0,26.328043,37.018295
2026-08-29 17:00:00+02:00,23.384499,14.773164,30.599998,0.0,0.0,41780.0,28.388811,42.211456
2026-08-29 18:00:00+02:00,23.4345,9.290511,24.48,5.0,0.0,41640.0,32.495323,42.24795
2026-08-29 19:00:00+02:00,22.734499,8.161764,18.359999,27.0,0.0,40860.0,29.986055,37.10146
2026-08-29 20:00:00+02:00,21.3345,6.151683,11.5199995,0.0,0.0,41040.0,28.45092,39.806484
2026-08-29 21:00:00+02:00,19.884499,2.6208394,10.08,0.0,0.0,40980.0,32.606964,37.499107
2026-08-29 22:00:00+02:00,17.134499,1.835647,2.8799999,0.0,0.0,34400.0,38.129,32.75571
2026-08-29 23:00:00+02:00,18.0845,2.5455842,2.16,0.0,0.0,36520.0,29.620253,36.51006
2026-08-30 00:00:00+02:00,17.484499,3.4152596,5.04,0.0,0.0,36620.0,31.833569,40.0429
2026-08-30 01:00:00+02:00,16.5845,2.9024127,5.7599998,0.0,0.0,32180.0,37.110573,43.928867
2026-08-30 02:00:00+02:00,17.134499,3.219938,4.32,41.0,0.0,27720.0,36.88888,45.31459
2026-08-30 03:00:00+02:00,16.5345,2.4149535,5.7599998,0.0,0.0,21360.0,38.41927,42.193203
2026-08-30 04:00:00+02:00,15.8345,1.8,3.96,3.0,0.0,13960.0,37.158104,36.541702
2026-08-30 05:00:00+02:00,14.8845005,2.0991426,4.68,16.0,0.0,10340.0,37.7018,46.914444
2026-08-30 06:00:00+02:00,14.8845005,1.609969,2.52,3.0,0.0,19680.0,37.756844,43.589912
2026-08-30 07:00:00+02:00,14.8845005,0.8049845,2.16,0.0,0.0,22040.0,37.314255,41.80795
2026-08-30 08:00:00+02:00,15.2345,1.1384199,1.4399999,37.0,0.0,20480.0,34.23792,44.360855
2026-08-30 09:00:00+02:00,17.3345,0.35999998,3.6,5.0,0.0,22880.0,33.06546,42.425396
2026-08-30 10:00:00+02:00,19.734499,5.00128,9.0,2.0,0.0,33380.0,34.851078,42.9892
2026-08-30 11:00:00+02:00,21.634499,5.3517847,10.799999,0.0,0.0,39280.0,32.00272,43.85865
2026-08-30 12:00:00+02:00,23.0845,8.287822,15.119999,13.0,0.0,39900.0,23.351927,47.343605
2026-08-30 13:00:00+02:00,24.2845,11.183201,19.44,0.0,0.0,40040.0,22.343058,52.758617
2026-08-30 14:00:00+02:00,25.5345,12.783802,21.599998,0.0,0.0,40960.0,21.653961,53.853542
2026-08-30 15:00:00+02:00,26.5845,12.819235,22.68,0.0,0.0,41780.0,24.611814,52.174862
2026-08-30 16:00:00+02:00,27.1845,13.044722,24.48,0.0,0.0,42120.0,23.696201,52.758617
2026-08-30 17:00:00+02:00,26.9345,12.387348,23.759998,0.0,0.0,42440.0,18.504856,48.373985
2026-08-30 18:00:00+02:00,26.484499,8.209263,20.519999,0.0,0.0,42300.0,16.934494,49.43745
2026-08-30 19:00:00+02:00,25.8345,3.319036,13.32,0.0,0.0,41720.0,8.253009,50.272026
2026-08-30 20:00:00+02:00,23.9345,6.2145634,12.24,0.0,0.0,41140.0,14.236403,52.17117
2026-08-30 21:00:00+02:00,21.734499,2.968636,11.5199995,0.0,0.0,39840.0,14.899244,56.649616
2026-08-30 22:00:00+02:00,21.4345,4.510787,6.4799995,0.0,0.0,40420.0,18.347078,48.892853
2026-08-30 23:00:00+02:00,20.8345,3.6,5.3999996,0.0,0.0,39900.0,23.647955,59.7444
2026-08-31 00:00:00+02:00,20.134499,3.219938,5.7599998,0.0,0.0,39000.0,32.03191,69.144936
2026-08-31 01:00:00+02:00,20.5845,21.322214,31.68,66.0,0.5,10820.0,42.733517,73.3071
2026-08-31 02:00:00+02:00,18.384499,6.379216,27.359999,9.0,1.7,25980.0,54.333054,87.28803
2026-08-31 03:00:00+02:00,17.6845,6.6087217,12.959999,30.0,0.0,23760.0,52.500072,89.39654
2026-08-31 04:00:00+02:00,16.384499,7.0911775,11.5199995,38.0,0.0,12020.0,53.08029,93.71591
2026-08-31 05:00:00+02:00,16.0845,4.802999,10.08,3.0,0.0,23640.0,49.522243,96.17686
2026-08-31 06:00:00+02:00,17.3345,10.105681,16.56,13.0,0.0,37480.0,48.047325,91.31734
2026-08-31 07:00:00+02:00,16.234499,5.3999996,15.4800005,13.0,0.0,34960.0,50.600746,79.69037
2026-08-31 08:00:00+02:00,17.384499,8.209263,9.36,45.0,0.0,38620.0,54.47428,76.13005
2026-08-31 09:00:00+02:00,18.5345,7.5170207,12.959999,28.0,0.0,40180.0,49.522243,69.197845
2026-08-31 10:00:00+02:00,19.7845,11.592895,19.08,0.0,0.0,40140.0,46.73275,64.68587
2026-08-31 11:00:00+02:00,20.5345,13.237039,21.24,0.0,0.0,38680.0,39.91701,64.159615
2026-08-31 12:00:00+02:00,22.234499,20.929594,35.28,0.0,0.0,42100.0,36.931076,62.20846
2026-08-31 13:00:00+02:00,23.1845,23.557316,39.96,0.0,0.0,42740.0,41.44832,64.67693
2026-08-31 14:00:00+02:00,24.4345,22.915916,41.399998,0.0,0.0,43800.0,33.377995,64.74837
2026-08-31 15:00:00+02:00,24.9345,22.97522,39.239998,0.0,0.0,43240.0,35.591007,66.213356
2026-08-31 16:00:00+02:00,24.984499,21.129885,42.12,0.0,0.0,43300.0,38.462486,63.713726
2026-08-31 17:00:00+02:00,24.734499,24.881702,45.0,0.0,0.0,44020.0,37.657715,55.27275
2026-08-31 18:00:00+02:00,23.734499,24.798223,41.399998,0.0,0.0,43720.0,44.846153,51.520973
2026-08-31 19:00:00+02:00,22.884499,25.809765,43.56,0.0,0.0,43500.0,45.279327,44.69827
2026-08-31 20:00:00+02:00,21.384499,15.141414,44.28,0.0,0.0,43520.0,34.02803,38.02959
2026-08-31 21:00:00+02:00,20.1845,8.707238,23.4,0.0,0.0,42300.0,26.668936,31.189268
2026-08-31 22:00:00+02:00,17.5345,6.8777895,12.599999,0.0,0.0,40780.0,28.98242,27.882717
2026-08-31 23:00:00+02:00,16.6845,6.1094027,10.440001,0.0,0.0,39140.0,20.587181,36.32493
2026-09-01 00:00:00+02:00,15.4845,3.6179552,8.64,0.0,0.0,36360.0,19.160927,31.312546
2026-09-01 01:00:00+02:00,14.0845,3.0547013,5.7599998,0.0,0.0,29740.0,15.739669,32.519634
2026-09-01 02:00:00+02:00,14.3845005,1.4399999,4.32,0.0,0.0,31780.0,14.067659,38.72725
2026-09-01 03:00:00+02:00,13.934501,2.5455842,3.6,9.0,0.0,31720.0,12.603934,36.704754
2026-09-01 04:00:00+02:00,13.0845,2.1897945,3.6,0.0,0.0,27420.0,16.303482,41.590836
2026-09-01 05:00:00+02:00,12.1345005,0.71999997,2.52,0.0,0.0,20280.0,16.111294,37.882412
2026-09-01 06:00:00+02:00,12.3345,1.8,1.8,0.0,0.0,25000.0,15.311664,36.0
2026-09-01 07:00:00+02:00,12.7345,1.2979984,1.8,0.0,0.0,30180.0,16.124176,34.137928
2026-09-01 08:00:00+02:00,11.9845,0.8049845,2.52,0.0,0.0,14820.0,15.8972025,29.818954
2026-09-01 09:00:00+02:00,14.1345005,1.609969,3.96,0.0,0.0,15740.0,15.818631,25.59169
2026-09-01 10:00:00+02:00,17.0845,1.0182338,4.68,0.0,0.0,29640.0,13.223043,25.136015
2026-09-01 11:00:00+02:00,20.0845,2.5455842,6.8399997,0.0,0.0,40560.0,9.994197,28.123474
2026-09-01 12:00:00+02:00,21.5845,3.6,8.64,0.0,0.0,40660.0,11.926711,29.64402
2026-09-01 13:00:00+02:00,22.734499,4.3349743,10.08,0.0,0.0,41080.0,12.767628,30.622086
2026-09-01 14:00:00+02:00,24.0845,9.6932955,12.599999,6.0,0.0,41940.0,10.490913,32.192196
2026-09-01 15:00:00+02:00,24.5345,9.449572,18.72,0.0,0.0,42040.0,9.858215,33.866
2026-09-01 16:00:00+02:00,24.634499,7.072878,16.56,6.0,0.0,42340.0,10.035667,38.110546
2026-09-01 17:00:00+02:00,24.5845,8.654986,14.4,0.0,0.0,42380.0,8.062088,37.755074
2026-09-01 18:00:00+02:00,24.384499,3.671294,14.759999,72.0,0.0,42580.0,5.562481,39.432114
2026-09-01 19:00:00+02:00,23.3345,7.8625183,13.32,42.0,0.0,42940.0,2.6571426,38.727253
2026-09-01 20:00:00+02:00,21.134499,7.5685663,12.959999,32.0,0.0,41860.0,5.155614,37.122223
2026-09-01 21:00:00+02:00,19.6845,7.5685663,14.4,30.0,0.0,41640.0,5.562481,31.63082
2026-09-01 22:00:00+02:00,17.5345,3.6,11.879999,0.0,0.0,40420.0,4.556962,30.640951
2026-09-01 23:00:00+02:00,16.9345,3.2599385,5.7599998,0.0,0.0,39820.0,3.757767,28.612377
2026-09-02 00:00:00+02:00,16.734499,3.219938,3.96,0.0,0.0,39820.0,7.0743074,26.948227
2026-09-02 01:00:00+02:00,15.934501,1.8,3.96,0.0,0.0,39320.0,12.0307255,28.719894
2026-09-02 02:00:00+02:00,15.3845005,1.0182338,2.52,0.0,0.0,37980.0,10.831774,25.92819
2026-09-02 03:00:00+02:00,14.6345005,1.484318,2.16,0.0,0.0,36100.0,11.848101,28.933727
2026-09-02 04:00:00+02:00,11.8345,1.609969,2.52,0.0,0.0,18580.0,13.456546,32.192196
2026-09-02 05:00:00+02:00,13.3845005,0.5091169,1.8,0.0,0.0,28020.0,12.710575,35.72607
2026-09-02 06:00:00+02:00,13.5345,0.35999998,2.52,0.0,0.0,25900.0,15.284515,41.0829
2026-09-02 07:00:00+02:00,12.684501,0.5091169,2.16,0.0,0.0,19460.0,16.73094,40.363914
2026-09-02 08:00:00+02:00,13.0845,1.5273507,0.71999997,0.0,0.0,16040.0,19.166346,38.52778
2026-09-02 09:00:00+02:00,13.2345,1.1384199,3.6,67.0,0.0,580.0,18.882547,35.204647
2026-09-02 10:00:00+02:00,15.8845005,3.0547013,6.4799995,0.0,0.0,21980.0,20.17453,38.11055
2026-09-02 11:00:00+02:00,18.6845,5.3999996,10.440001,0.0,0.0,34120.0,22.347704,38.065025
2026-09-02 12:00:00+02:00,21.0345,10.805998,19.08,0.0,0.0,38480.0,23.236036,39.083736
2026-09-02 13:00:00+02:00,22.7845,10.383987,19.08,0.0,0.0,39660.0,18.142204,37.70402
2026-09-02 14:00:00+02:00,24.9345,9.904906,18.72,0.0,0.0,41740.0,19.679535,37.033905
2026-09-02 15:00:00+02:00,25.7845,13.0447235,22.319998,0.0,0.0,42480.0,23.875175,34.334854
2026-09-02 16:00:00+02:00,25.9345,13.37825,23.4,0.0,0.0,42060.0,24.9803,26.804884
2026-09-02 17:00:00+02:00,26.134499,12.768586,23.759998,0.0,0.0,42820.0,23.431826,36.704754
2026-09-02 18:00:00+02:00,26.134499,10.308831,22.319998,0.0,0.0,43580.0,20.097183,36.877533
2026-09-02 19:00:00+02:00,24.734499,8.913181,19.44,0.0,0.0,42400.0,20.727915,43.04741
2026-09-02 20:00:00+02:00,23.1845,10.495713,16.919998,0.0,0.0,42340.0,21.242481,34.697605
2026-09-02 21:00:00+02:00,22.234499,7.24486,18.359999,0.0,0.0,42080.0,22.25459,34.474827
2026-09-02 22:00:00+02:00,19.3345,1.8,9.72,0.0,0.0,40380.0,25.166645,31.70989
2026-09-02 23:00:00+02:00,18.7845,0.35999998,3.6,46.0,0.0,39580.0,19.360386,26.740126
2026-09-03 00:00:00+02:00,18.984499,1.8,1.4399999,55.0,0.0,40040.0,18.788836,25.838884
2026-09-03 01:00:00+02:00,17.634499,1.835647,4.68,6.0,0.0,38180.0,15.148044,26.740126
2026-09-03 02:00:00+02:00,16.484499,2.0991426,2.16,22.0,0.0,34780.0,15.500371,26.660769
2026-09-03 03:00:00+02:00,16.9345,2.9024127,5.04,0.0,0.0,38120.0,17.530981,28.793577
2026-09-03 04:00:00+02:00,16.884499,2.2768397,3.2399998,0.0,0.0,38720.0,17.981243,31.806936
2026-09-03 05:00:00+02:00,14.7845,0.35999998,2.52,0.0,0.0,31060.0,16.265226,32.867256
2026-09-03 06:00:00+02:00,14.0345,1.4399999,1.8,0.0,0.0,25160.0,14.589397,34.024887
2026-09-03 07:00:00+02:00,13.5345,2.16,2.16,0.0,0.0,24780.0,13.881914,31.133633
2026-09-03 08:00:00+02:00,14.3345,0.8049845,2.52,0.0,0.0,23720.0,19.31206,33.64344
2026-09-03 09:00:00+02:00,15.434501,1.5273507,3.6,0.0,0.0,15760.0,18.882547,29.954306
2026-09-03 10:00:00+02:00,18.6845,3.8268526,8.28,0.0,0.0,31940.0,21.42257,26.696869
2026-09-03 11:00:00+02:00,21.384499,8.373386,14.04,0.0,0.0,39840.0,21.203342,30.772688
2026-09-03 12:00:00+02:00,23.2845,13.584932,23.759998,10.0,0.0,40600.0,19.988394,30.83522
2026-09-03 13:00:00+02:00,24.634499,14.081477,25.199999,0.0,0.0,40800.0,20.966978,33.797676
2026-09-03 14:00:00+02:00,25.6845,14.707222,28.08,0.0,0.0,41580.0,21.422567,31.410818
2026-09-03 15:00:00+02:00,26.5345,14.84318,27.0,0.0,0.0,41960.0,19.988394,31.170736
2026-09-03 16:00:00+02:00,27.1845,16.434305,29.16,0.0,0.0,42500.0,19.631992,33.228638
2026-09-03 17:00:00+02:00,27.384499,13.684735,29.16,0.0,0.0,43780.0,18.750113,31.38628
2026-09-03 18:00:00+02:00,27.1845,9.793059,23.4,0.0,0.0,43740.0,16.335293,33.568924
2026-09-03 19:00:00+02:00,26.384499,7.69592,16.199999,0.0,0.0,44780.0,13.941624,35.138927
2026-09-03 20:00:00+02:00,23.734499,8.404285,13.32,0.0,0.0,43720.0,17.105307,38.287045
2026-09-03 21:00:00+02:00,22.634499,5.904439,15.119999,0.0,0.0,43820.0,18.599998,36.430832
2026-09-03 22:00:00+02:00,20.3345,0.35999998,7.92,0.0,0.0,42240.0,22.624752,36.085506
2026-09-03 23:00:00+02:00,20.734499,1.835647,1.08,0.0,0.0,42200.0,22.75289,35.989296
2026-09-04 00:00:00+02:00,18.2845,2.2768397,2.16,0.0,0.0,40560.0,22.217234,37.57608
2026-09-04 01:00:00+02:00,16.6845,0.35999998,5.3999996,0.0,0.0,39040.0,20.055809,37.897663
2026-09-04 02:00:00+02:00,17.234499,1.484318,1.8,0.0,0.0,38680.0,17.60191,38.241734
2026-09-04 03:00:00+02:00,17.6845,1.484318,3.96,0.0,0.0,39140.0,23.002504,37.370464
2026-09-04 04:00:00+02:00,16.6845,1.8,2.52,0.0,0.0,34200.0,26.086369,35.812233
2026-09-04 05:00:00+02:00,15.684501,1.2979984,1.8,0.0,0.0,28100.0,24.64554,36.372623
2026-09-04 06:00:00+02:00,15.5345,1.5273507,2.52,0.0,0.0,29320.0,22.221907,37.57608
2026-09-04 07:00:00+02:00,14.4845,2.1897945,2.52,0.0,0.0,21780.0,23.857775,37.122223
2026-09-04 08:00:00+02:00,14.2345,2.5959969,3.2399998,0.0,0.0,19980.0,28.939398,38.287045
2026-09-04 09:00:00+02:00,15.3845005,3.0547013,6.12,0.0,0.0,14080.0,29.550064,37.86207
2026-09-04 10:00:00+02:00,18.5345,5.692099,10.440001,0.0,0.0,30100.0,30.778894,39.898323
2026-09-04 11:00:00+02:00,21.484499,8.714677,16.56,0.0,0.0,39080.0,29.398586,40.349598
2026-09-04 12:00:00+02:00,23.484499,10.514218,18.72,0.0,0.0,40700.0,28.964502,42.32084
2026-09-04 13:00:00+02:00,25.484499,10.703569,18.72,0.0,0.0,41140.0,26.746689,44.421608
2026-09-04 14:00:00+02:00,27.384499,13.584932,23.759998,0.0,0.0,41880.0,25.990667,46.136074
2026-09-04 15:00:00+02:00,28.734499,15.30741,27.0,0.0,0.0,43180.0,23.71372,46.136074
2026-09-04 16:00:00+02:00,29.5345,14.773164,27.359999,0.0,0.0,44020.0,24.675013,48.19446
2026-09-04 17:00:00+02:00,30.1845,14.291592,25.56,0.0,0.0,44560.0,25.47419,48.944042
2026-09-04 18:00:00+02:00,30.0345,12.979984,25.199999,0.0,0.0,44620.0,27.79747,48.87709
2026-09-04 19:00:00+02:00,29.0845,9.531505,21.599998,0.0,0.0,43300.0,29.902838,52.817005
2026-09-04 20:00:00+02:00,26.634499,6.725354,15.119999,0.0,0.0,43500.0,37.657715,56.137253
2026-09-04 21:00:00+02:00,24.384499,5.4833565,11.159999,0.0,0.0,43000.0,42.484962,58.91649
2026-09-04 22:00:00+02:00,20.384499,5.815978,9.72,0.0,0.0,39200.0,44.204876,55.27275
2026-09-04 23:00:00+02:00,20.4345,6.1305785,10.08,0.0,0.0,39600.0,40.10385,51.90836
2026-09-05 00:00:00+02:00,19.984499,5.00128,10.440001,0.0,0.0,39040.0,37.998066,59.472946
2026-09-05 01:00:00+02:00,18.384499,4.510787,8.28,0.0,0.0,31620.0,36.19559,63.17937
2026-09-05 02:00:00+02:00,20.134499,3.5455887,6.8399997,0.0,0.0,40440.0,41.7901,68.28996
2026-09-05 03:00:00+02:00,19.234499,4.3498964,6.12,0.0,0.0,40040.0,46.405,63.613873
2026-09-05 04:00:00+02:00,17.134499,4.896529,9.0,0.0,0.0,36040.0,43.307922,62.267265
2026-09-05 05:00:00+02:00,18.5345,5.3517847,7.92,0.0,0.0,38640.0,41.126427,59.77341
2026-09-05 06:00:00+02:00,17.134499,5.7599998,9.36,0.0,0.0,33640.0,38.060863,59.359478
2026-09-05 07:00:00+02:00,16.984499,4.68,9.0,0.0,0.0,30880.0,34.09204,51.651672
2026-09-05 08:00:00+02:00,18.5345,2.16,6.12,46.0,0.0,34580.0,28.549284,59.04713
2026-09-05 09:00:00+02:00,18.8345,3.7585104,8.28,41.0,0.0,32980.0,26.528408,53.814186
2026-09-05 10:00:00+02:00,20.634499,3.396233,7.2,64.0,0.0,33800.0,27.024742,51.520977
2026-09-05 11:00:00+02:00,23.734499,7.42159,14.04,61.0,0.0,40280.0,20.966978,51.532196
2026-09-05 12:00:00+02:00,23.734499,8.891343,16.199999,58.0,0.0,40680.0,22.825785,34.957558
2026-09-05 13:00:00+02:00,22.7845,9.339208,16.919998,70.0,0.0,39120.0,21.783041,26.869482
2026-09-05 14:00:00+02:00,24.7845,7.7879906,14.4,50.0,0.0,40940.0,14.582278,31.189268
2026-09-05 15:00:00+02:00,24.7845,9.826088,20.880001,17.0,0.0,40440.0,18.34142,24.593725
2026-09-05 16:00:00+02:00,24.9345,16.1198,28.44,13.0,0.0,40780.0,18.073395,24.333883
2026-09-05 17:00:00+02:00,25.484499,17.713316,27.0,5.0,0.0,41020.0,23.343035,26.186924
2026-09-05 18:00:00+02:00,24.734499,14.48972,32.039997,0.0,0.0,41200.0,21.006557,24.928242
2026-09-05 19:00:00+02:00,23.984499,11.503113,26.28,0.0,0.0,41420.0,15.818631,27.479101
2026-09-05 20:00:00+02:00,22.9345,3.2599385,16.56,0.0,0.0,40980.0,18.073395,26.71851
2026-09-05 21:00:00+02:00,19.9345,3.0758414,5.04,10.0,0.0,37880.0,13.270073,26.105885
2026-09-05 22:00:00+02:00,18.134499,2.16,4.32,2.0,0.0,35400.0,12.337506,21.935911
2026-09-05 23:00:00+02:00,18.0845,1.8,2.8799999,41.0,0.0,33560.0,8.513107,22.593443
2026-09-06 00:00:00+02:00,17.234499,4.0249224,6.12,45.0,0.0,36840.0,5.9240503,21.402544
2026-09-06 01:00:00+02:00,17.484499,4.3498964,7.2,27.0,0.0,38060.0,7.205189,20.035875
2026-09-06 02:00:00+02:00,17.134499,4.510787,7.5599995,9.0,0.0,36600.0,5.333787,19.040104
2026-09-06 03:00:00+02:00,16.634499,4.39436,7.5599995,0.0,0.0,37720.0,5.709857,19.161121
2026-09-06 04:00:00+02:00,16.1845,3.8268526,6.8399997,0.0,0.0,38080.0,4.201311,15.329903
2026-09-06 05:00:00+02:00,15.0845,5.3517847,8.64,0.0,0.0,34380.0,4.556962,13.427569
2026-09-06 06:00:00+02:00,14.9845,5.0911684,8.64,0.0,0.0,34360.0,3.1898732,11.189642
2026-09-06 07:00:00+02:00,14.8845005,5.3517847,8.28,0.0,0.0,33900.0,4.757608,7.900089
2026-09-06 08:00:00+02:00,15.9845,4.802999,9.0,0.0,0.0,30700.0,3.8667102,6.48019
2026-09-06 09:00:00+02:00,18.0345,7.771331,12.599999,0.0,0.0,34420.0,4.488087,3.1034482
2026-09-06 10:00:00+02:00,19.634499,10.24578,17.64,0.0,0.0,36080.0,7.78694,4.7270317
2026-09-06 11:00:00+02:00,21.734499,13.797913,24.84,0.0,0.0,40120.0,7.3619976,10.606349
2026-09-06 12:00:00+02:00,23.4345,13.009903,22.319998,0.0,0.0,40880.0,7.418196,12.96038
2026-09-06 13:00:00+02:00,25.134499,10.105681,18.359999,0.0,0.0,41100.0,8.84802,14.922391
2026-09-06 14:00:00+02:00,26.234499,12.245294,18.72,0.0,0.0,41280.0,10.638334,16.492132
2026-09-06 15:00:00+02:00,27.134499,9.0645685,20.519999,0.0,0.0,41560.0,15.587208,20.293798
2026-09-06 16:00:00+02:00,27.634499,6.0347,15.84,0.0,0.0,41980.0,20.587181,26.054182
2026-09-06 17:00:00+02:00,27.8345,6.3690495,11.5199995,0.0,0.0,42800.0,21.610764,31.133633
2026-09-06 18:00:00+02:00,27.5845,4.3498964,10.799999,0.0,0.0,43020.0,18.301748,37.10146
2026-09-06 19:00:00+02:00,26.8345,2.6208394,7.2,0.0,0.0,42760.0,17.60191,36.11219
2026-09-06 20:00:00+02:00,24.0845,5.3517847,7.5599995,0.0,0.0,41000.0,18.34142,35.04561
2026-09-06 21:00:00+02:00,21.884499,5.2416787,10.08,0.0,0.0,40280.0,18.992203,42.225143
2026-09-06 22:00:00+02:00,20.8345,4.5536795,7.92,0.0,0.0,39540.0,19.71643,40.344826
2026-09-06 23:00:00+02:00,20.2845,2.5959969,5.3999996,0.0,0.0,39240.0,21.45163,28.873745
2026-09-07 00:00:00+02:00,19.5345,1.609969,3.2399998,0.0,0.0,38180.0,20.465782,30.108244
2026-09-07 01:00:00+02:00,17.9345,1.1384199,1.8,0.0,0.0,29460.0,22.217234,29.409164
2026-09-07 02:00:00+02:00,17.634499,1.1384199,1.8,0.0,0.0,26860.0,21.495146,27.147633
2026-09-07 03:00:00+02:00,17.884499,1.484318,2.16,0.0,0.0,24620.0,19.784773,28.102919
2026-09-07 04:00:00+02:00,16.4345,0.8049845,2.8799999,0.0,0.0,13060.0,23.661121,19.832952
2026-09-07 05:00:00+02:00,15.5845,8.654986,10.440001,67.0,0.0,1080.0,50.051956,19.281382
2026-09-07 06:00:00+02:00,17.984499,8.311245,18.72,0.0,0.1,24020.0,24.497644,41.48882
2026-09-07 07:00:00+02:00,17.8345,2.8116899,13.32,12.0,0.3,24800.0,21.920834,45.208195
2026-09-07 08:00:00+02:00,18.5845,2.5455842,11.879999,30.0,0.0,31560.0,31.260893,47.69627
2026-09-07 09:00:00+02:00,21.5345,2.5959969,13.679999,10.0,0.0,35500.0,31.191063,54.224262
2026-09-07 10:00:00+02:00,22.8345,6.8777895,11.159999,0.0,0.0,34960.0,49.301613,45.02033
2026-09-07 11:00:00+02:00,24.134499,9.693296,18.72,0.0,0.0,39240.0,43.484974,45.02033
2026-09-07 12:00:00+02:00,24.5345,11.457958,19.44,0.0,0.0,39800.0,39.91701,52.69651
2026-09-07 13:00:00+02:00,25.3345,12.313894,20.880001,0.0,0.0,40000.0,32.721397,57.960583
2026-09-07 14:00:00+02:00,26.9345,14.565548,21.24,0.0,0.0,41400.0,37.907784,51.651672
2026-09-07 15:00:00+02:00,27.5345,12.984975,25.919998,0.0,0.0,41840.0,32.977425,51.651672
2026-09-07 16:00:00+02:00,28.7845,9.290511,21.599998,0.0,0.0,41680.0,26.820343,51.51724
2026-09-07 17:00:00+02:00,28.2845,7.491114,15.84,0.0,0.0,41380.0,23.683054,51.08166
2026-09-07 18:00:00+02:00,28.234499,6.8777895,13.32,0.0,0.0,41640.0,22.403389,49.13259
2026-09-07 19:00:00+02:00,27.484499,2.7416782,11.879999,0.0,0.0,41280.0,18.733492,50.371555
2026-09-07 20:00:00+02:00,25.2845,3.9763298,5.04,0.0,0.0,40460.0,15.587208,48.449585
2026-09-07 21:00:00+02:00,22.4345,4.802999,7.5599995,0.0,0.0,41280.0,20.827858,45.581615
2026-09-07 22:00:00+02:00,22.134499,5.0142193,7.92,0.0,0.0,41960.0,24.53999,45.041714
2026-09-07 23:00:00+02:00,22.5345,2.1897945,6.4799995,0.0,0.0,41400.0,20.179676,45.041714
2026-09-08 00:00:00+02:00,21.384499,3.319036,4.32,0.0,0.0,39700.0,17.590109,47.127472
2026-09-08 01:00:00+02:00,21.234499,1.835647,4.68,0.0,0.0,33560.0,21.649164,47.756817
2026-09-08 02:00:00+02:00,19.0345,1.5273507,3.2399998,0.0,0.0,31800.0,19.079472,44.568798
2026-09-08 03:00:00+02:00,17.9345,1.2979984,1.8,0.0,0.0,19920.0,21.615568,49.91055
2026-09-08 04:00:00+02:00,16.5345,1.08,3.6,0.0,0.0,8380.0,22.249924,50.156944
2026-09-08 05:00:00+02:00,15.934501,1.2979984,13.32,57.0,0.0,1860.0,26.11819,51.183376
2026-09-08 06:00:00+02:00,15.6345005,0.5091169,1.4399999,57.0,0.0,2640.0,28.050312,52.185932
2026-09-08 07:00:00+02:00,16.2845,2.8799999,3.96,4.0,0.0,8000.0,37.458668,47.372078
2026-09-08 08:00:00+02:00,15.8345,1.2979984,3.6,59.0,0.0,1040.0,47.67636,55.27275
2026-09-08 09:00:00+02:00,17.884499,3.096837,5.7599998,49.0,0.0,1580.0,55.62481,61.460815
2026-09-08 10:00:00+02:00,21.4345,6.4096174,10.799999,0.0,0.0,28280.0,55.312206,63.56844
2026-09-08 11:00:00+02:00,24.1845,8.669949,16.199999,0.0,0.0,38760.0,55.662132,62.910496
2026-09-08 12:00:00+02:00,26.134499,11.384198,19.8,0.0,0.0,40800.0,57.296432,66.378975
2026-09-08 13:00:00+02:00,27.8345,15.9134655,27.359999,0.0,0.0,41700.0,56.4953,65.59371
2026-09-08 14:00:00+02:00,30.134499,20.767975,33.12,0.0,0.0,44860.0,55.25962,65.834076
2026-09-08 15:00:00+02:00,31.4345,19.95972,35.28,0.0,0.0,46580.0,42.20298,73.3071
2026-09-08 16:00:00+02:00,32.3845,19.8,34.92,0.0,0.0,47640.0,40.392784,67.45271
2026-09-08 17:00:00+02:00,32.684498,19.67195,33.839996,0.0,0.0,47780.0,45.50578,69.520004
2026-09-08 18:00:00+02:00,32.0845,19.33639,33.12,0.0,0.0,48280.0,42.796642,60.830753
2026-09-08 19:00:00+02:00,31.134499,17.114204,30.239998,0.0,0.0,46660.0,36.931076,50.46325
2026-09-08 20:00:00+02:00,28.0345,10.137692,26.64,0.0,0.0,42740.0,46.187454,49.081596
2026-09-08 21:00:00+02:00,21.2845,56.045654,55.079998,52.0,0.1,12500.0,50.415737,36.00535
2026-09-08 22:00:00+02:00,20.884499,9.47012,77.76,0.0,2.7,39540.0,47.53241,66.27442
2026-09-08 23:00:00+02:00,21.984499,11.720751,21.24,0.0,0.0,38940.0,60.817944,73.236115
2026-09-09 00:00:00+02:00,20.134499,9.0,21.96,48.0,0.0,31840.0,50.530933,76.26656
2026-09-09 01:00:00+02:00,19.734499,6.519877,13.679999,49.0,0.0,30320.0,37.090984,72.74525
2026-09-09 02:00:00+02:00,20.134499,6.696387,10.799999,2.0,0.0,39900.0,37.66874,68.76502
2026-09-09 03:00:00+02:00,19.734499,12.371645,20.519999,0.0,0.0,39140.0,32.40894,62.378536
2026-09-09 04:00:00+02:00,19.1845,7.754637,18.72,58.0,0.0,37480.0,29.39152,61.435738
2026-09-09 05:00:00+02:00,19.234499,7.24486,16.919998,92.0,0.0,35600.0,37.765095,57.70077
2026-09-09 06:00:00+02:00,18.6845,1.4399999,18.72,69.0,0.1,33720.0,27.299967,45.186886
2026-09-09 07:00:00+02:00,17.5345,4.510787,7.92,70.0,0.7,8700.0,35.11523,29.702448
2026-09-09 08:00:00+02:00,15.8345,1.8,15.4800005,0.0,2.3,5800.0,38.071774,41.95972
2026-09-09 09:00:00+02:00,16.6845,9.957108,16.56,50.0,0.7,21740.0,26.947794,48.09844
2026-09-09 10:00:00+02:00,16.5845,2.8116899,13.679999,14.0,0.4,26080.0,22.085989,42.796085
2026-09-09 11:00:00+02:00,16.384499,11.246759,12.959999,80.0,0.5,38500.0,18.073395,39.743526
2026-09-09 12:00:00+02:00,16.634499,9.227524,20.880001,89.0,0.0,39380.0,20.727915,36.751953
2026-09-09 13:00:00+02:00,16.384499,9.178235,15.4800005,77.0,0.4,39220.0,14.133929,50.547157
2026-09-09 14:00:00+02:00,17.134499,10.24578,16.199999,64.0,0.0,40620.0,19.631992,33.568924
2026-09-09 15:00:00+02:00,17.4345,10.661107,19.44,82.0,0.0,40620.0,17.952349,25.136015
2026-09-09 16:00:00+02:00,17.6845,6.4096174,17.64,100.0,0.0,40880.0,18.227848,18.45443
2026-09-09 17:00:00+02:00,17.134499,9.826088,21.599998,91.0,0.0,40800.0,16.284365,18.0
2026-09-09 18:00:00+02:00,16.734499,13.37825,22.319998,100.0,0.0,41060.0,13.049152,13.093462
2026-09-09 19:00:00+02:00,16.2845,14.345898,26.28,100.0,0.0,41480.0,13.548821,13.093462
2026-09-09 20:00:00+02:00,15.8345,2.0991426,20.880001,91.0,0.0,40980.0,11.319258,12.241913
2026-09-09 21:00:00+02:00,14.8845005,2.5959969,3.96,61.0,0.0,39680.0,12.792001,13.6692705
2026-09-09 22:00:00+02:00,14.0845,2.9024127,7.92,28.0,0.0,39240.0,13.708808,9.813965
2026-09-09 23:00:00+02:00,12.2345,4.2136917,9.0,4.0,0.0,36980.0,17.952349,10.027549
2026-09-10 00:00:00+02:00,12.0845,5.0142193,9.0,51.0,0.0,37640.0,19.784773,14.909477
2026-09-10 01:00:00+02:00,12.0345,6.379216,10.440001,0.0,0.0,38340.0,22.565014,14.153901
2026-09-10 02:00:00+02:00,11.8845005,6.763786,10.440001,0.0,0.0,37800.0,26.512747,19.480164
2026-09-10 03:00:00+02:00,11.9845,6.489992,11.159999,0.0,0.0,38540.0,27.920458,16.677967
2026-09-10 04:00:00+02:00,11.7845,6.638072,12.959999,0.0,0.0,38200.0,28.820757,17.773846
2026-09-10 05:00:00+02:00,10.8345,5.1919937,10.08,0.0,0.0,35160.0,30.987343,17.643314
2026-09-10 06:00:00+02:00,9.9845,4.896529,10.799999,0.0,0.0,30600.0,30.56903,18.042753
2026-09-10 07:00:00+02:00,9.5345,3.6,7.5599995,0.0,0.0,28760.0,29.567625,21.230852
2026-09-10 08:00:00+02:00,10.1345005,4.452954,7.2,0.0,0.0,32220.0,32.670586,22.22381
2026-09-10 09:00:00+02:00,12.8845005,6.489992,10.799999,0.0,0.0,36460.0,33.51149,24.452335
2026-09-10 10:00:00+02:00,14.8345,11.159999,19.44,0.0,0.0,38500.0,33.83525,23.757093
2026-09-10 11:00:00+02:00,16.5845,17.873554,29.16,13.0,0.0,41000.0,34.310623,22.430868
2026-09-10 12:00:00+02:00,17.5845,18.1041,32.399998,45.0,0.0,41300.0,27.436543,19.120867
2026-09-10 13:00:00+02:00,18.2845,19.242327,33.48,49.0,0.0,41780.0,27.258099,16.94153
2026-09-10 14:00:00+02:00,18.734499,19.35314,36.0,30.0,0.0,41720.0,26.901518,19.390963
2026-09-10 15:00:00+02:00,18.7845,19.443333,35.28,87.0,0.0,41880.0,28.035501,20.66067
2026-09-10 16:00:00+02:00,19.134499,19.134262,32.760002,83.0,0.0,42680.0,24.061451,24.578054
2026-09-10 17:00:00+02:00,18.634499,15.141414,31.319998,88.0,0.0,41660.0,19.71643,26.776121
2026-09-10 18:00:00+02:00,18.3345,9.360001,24.48,46.0,0.0,41700.0,18.555286,25.051575
2026-09-10 19:00:00+02:00,17.6845,4.1046314,15.4800005,48.0,0.0,40920.0,16.712313,23.099327
2026-09-10 20:00:00+02:00,16.4345,1.1384199,8.28,21.0,0.0,40500.0,10.189676,25.113012
2026-09-10 21:00:00+02:00,13.8845005,8.209263,14.04,32.0,0.0,40600.0,10.331347,21.546066
2026-09-10 22:00:00+02:00,13.5845,6.130579,12.959999,32.0,0.0,39860.0,11.254866,20.66067
2026-09-10 23:00:00+02:00,13.5345,7.072878,10.440001,0.0,0.0,39100.0,15.2777195,22.56785
2026-09-11 00:00:00+02:00,12.7845,4.6938257,12.599999,0.0,0.0,38100.0,14.301892,22.249796
2026-09-11 01:00:00+02:00,11.9845,3.2599385,7.2,0.0,0.0,38220.0,11.926711,22.249796
2026-09-11 02:00:00+02:00,11.184501,3.6,5.7599998,0.0,0.0,37740.0,7.543114,17.245792
2026-09-11 03:00:00+02:00,11.184501,4.3349743,6.4799995,0.0,0.0,38340.0,5.195736,18.662022
2026-09-11 04:00:00+02:00,10.4845,2.8116899,7.2,0.0,0.0,35660.0,4.2990294,20.103062
2026-09-11 05:00:00+02:00,9.934501,3.219938,3.6,0.0,0.0,33840.0,6.895935,17.423588
2026-09-11 06:00:00+02:00,10.0845,3.396233,7.2,5.0,0.0,29540.0,3.3175182,15.517241
2026-09-11 07:00:00+02:00,8.934501,2.16,7.2,0.0,0.0,16640.0,2.6571426,16.492132
2026-09-11 08:00:00+02:00,10.0845,1.9386592,5.04,0.0,0.0,23880.0,4.2990294,18.074755
2026-09-11 09:00:00+02:00,10.4845,2.4149535,4.68,91.0,0.0,1700.0,8.21518,14.329733
2026-09-11 10:00:00+02:00,12.434501,1.484318,7.5599995,0.0,0.0,17260.0,13.701232,11.189641
2026-09-11 11:00:00+02:00,15.934501,1.1384199,6.12,0.0,0.0,38720.0,9.580464,11.661699
2026-09-11 12:00:00+02:00,18.134499,0.5091169,3.96,0.0,0.0,40740.0,4.6472077,13.427569
2026-09-11 13:00:00+02:00,19.5345,2.8116899,7.92,0.0,0.0,41260.0,11.883102,14.490146
2026-09-11 14:00:00+02:00,20.8345,6.1305785,9.0,0.0,0.0,42160.0,6.524576,14.648801
2026-09-11 15:00:00+02:00,21.3345,6.6087217,12.959999,93.0,0.0,42920.0,4.844117,15.152965
2026-09-11 16:00:00+02:00,21.734499,5.8603754,11.879999,46.0,0.0,42840.0,9.482423,13.879042
2026-09-11 17:00:00+02:00,21.7845,8.209263,12.599999,48.0,0.0,43000.0,5.993747,16.94153
2026-09-11 18:00:00+02:00,21.1845,8.161764,14.759999,61.0,0.0,42660.0,9.394418,16.327795
2026-09-11 19:00:00+02:00,20.3345,2.9024127,14.4,69.0,0.0,41940.0,9.079681,11.444951
2026-09-11 20:00:00+02:00,17.5845,9.107359,12.959999,7.0,0.0,41200.0,5.6366506,10.839878
2026-09-11 21:00:00+02:00,16.1845,8.4042845,14.759999,0.0,0.0,41160.0,5.7641516,11.858258
2026-09-11 22:00:00+02:00,15.1345005,5.0528407,12.959999,0.0,0.0,40900.0,2.6571426,13.326771
2026-09-11 23:00:00+02:00,13.6345005,4.68,7.5599995,0.0,0.0,39380.0,3.286072,7.8511715
2026-09-12 00:00:00+02:00,13.1345005,3.7585104,7.2,0.0,0.0,39420.0,2.9178793,3.9743526
2026-09-12 01:00:00+02:00,12.3845005,3.0758414,5.04,0.0,0.0,38820.0,3.67394,5.8883786
2026-09-12 02:00:00+02:00,11.0845,3.5455887,3.6,0.0,0.0,36820.0,4.201311,9.037377
2026-09-12 03:00:00+02:00,10.9845,4.1046314,6.12,0.0,0.0,34940.0,7.958391,12.367153
2026-09-12 04:00:00+02:00,10.5345,3.563818,6.4799995,0.0,0.0,32240.0,10.725815,13.879042
2026-09-12 05:00:00+02:00,9.3845005,3.5455887,5.3999996,0.0,0.0,27300.0,8.706063,15.714606
2026-09-12 06:00:00+02:00,8.3345,2.8799999,5.3999996,0.0,0.0,18220.0,8.706063,13.711481
2026-09-12 07:00:00+02:00,7.5845,1.835647,4.68,0.0,0.0,11340.0,7.958391,14.999642
2026-09-12 08:00:00+02:00,8.3845005,2.968636,4.32,0.0,0.0,13720.0,11.830561,15.025306
2026-09-12 09:00:00+02:00,11.434501,2.9024127,6.12,0.0,0.0,20660.0,13.495072,15.702343
2026-09-12 10:00:00+02:00,13.7345,1.835647,5.7599998,0.0,0.0,29700.0,13.708807,16.77011
2026-09-12 11:00:00+02:00,17.134499,4.510787,7.92,0.0,0.0,39380.0,17.536903,14.003396
2026-09-12 12:00:00+02:00,19.384499,5.815978,11.879999,0.0,0.0,40740.0,14.47508,12.795844
2026-09-12 13:00:00+02:00,21.2845,9.0645685,15.84,0.0,0.0,43120.0,11.02182,10.839878
2026-09-12 14:00:00+02:00,22.484499,10.182337,17.64,0.0,0.0,42980.0,14.582278,8.327425
2026-09-12 15:00:00+02:00,23.1845,8.209263,18.359999,16.0,0.0,43360.0,19.274387,5.6205835
2026-09-12 16:00:00+02:00,23.484499,8.557102,15.4800005,0.0,0.0,43100.0,17.412127,3.5111506
2026-09-12 17:00:00+02:00,23.8345,9.0645685,16.919998,0.0,0.0,43740.0,14.192577,7.900089
2026-09-12 18:00:00+02:00,23.2845,6.162207,15.4800005,0.0,0.0,43820.0,10.118097,11.711148
2026-09-12 19:00:00+02:00,21.884499,3.0547013,10.799999,0.0,0.0,42040.0,10.569795,14.476846
2026-09-12 20:00:00+02:00,18.5845,7.342588,12.599999,0.0,0.0,42200.0,6.347113,16.70105
2026-09-12 21:00:00+02:00,16.234499,5.0911684,11.879999,0.0,0.0,41360.0,2.7718916,21.085184
2026-09-12 22:00:00+02:00,15.934501,4.68,7.92,0.0,0.0,41300.0,5.012658,19.803793
2026-09-12 23:00:00+02:00,14.8345,4.3349743,7.2,0.0,0.0,38920.0,7.3053656,21.438515
2026-09-13 00:00:00+02:00,13.9845,2.968636,5.7599998,0.0,0.0,37980.0,5.487309,18.042753
2026-09-13 01:00:00+02:00,13.934501,2.7416782,4.32,0.0,0.0,38080.0,1.9333551,17.522804
2026-09-13 02:00:00+02:00,12.2845,1.8,3.2399998,0.0,0.0,34900.0,4.844117,18.599987
2026-09-13 03:00:00+02:00,11.4845,0.8049845,1.8,0.0,0.0,30960.0,4.323114,15.012479
2026-09-13 04:00:00+02:00,11.2845,0.8049845,1.08,0.0,0.0,24540.0,4.9291077,16.292364
2026-09-13 05:00:00+02:00,9.684501,1.484318,1.4399999,0.0,0.0,22760.0,7.6388597,17.752157
2026-09-13 06:00:00+02:00,9.434501,2.6208394,3.6,0.0,0.0,17220.0,6.3797464,14.153901
2026-09-13 07:00:00+02:00,10.2345,1.9386592,3.2399998,0.0,0.0,19240.0,1.8788835,15.025306
2026-09-13 08:00:00+02:00,10.2845,1.0182338,2.52,0.0,0.0,17280.0,3.6455696,17.566723
2026-09-13 09:00:00+02:00,11.5345,1.4399999,3.6,0.0,0.0,13820.0,4.488087,20.818563
2026-09-13 10:00:00+02:00,14.6345005,1.08,3.96,0.0,0.0,26440.0,7.20519,19.98775
2026-09-13 11:00:00+02:00,18.484499,2.3051248,6.4799995,0.0,0.0,40320.0,4.323114,24.554531
2026-09-13 12:00:00+02:00,21.234499,4.6800003,10.08,0.0,0.0,41260.0,10.189676,23.422297
2026-09-13 13:00:00+02:00,22.9345,4.510787,10.440001,9.0,0.0,41720.0,7.958391,25.136013
2026-09-13 14:00:00+02:00,24.1845,10.495713,15.4800005,24.0,0.0,42360.0,21.006556,25.136013
2026-09-13 15:00:00+02:00,24.9345,10.028439,19.44,0.0,0.0,42920.0,23.029572,22.56785
2026-09-13 16:00:00+02:00,24.7845,10.144082,18.359999,0.0,0.0,42980.0,21.878162,21.679756
2026-09-13 17:00:00+02:00,24.8345,8.225035,17.64,0.0,0.0,43300.0,13.246578,26.804884
2026-09-13 18:00:00+02:00,24.234499,5.1919937,12.959999,0.0,0.0,42540.0,13.215189,20.035875
2026-09-13 19:00:00+02:00,22.884499,6.489992,10.799999,7.0,0.0,42740.0,7.866535,20.548483
2026-09-13 20:00:00+02:00,20.5345,19.483284,17.28,0.0,0.0,30000.0,11.528303,20.293798
2026-09-13 21:00:00+02:00,17.0345,5.1919937,20.519999,0.0,2.9,36940.0,13.402427,43.55897
2026-09-13 22:00:00+02:00,15.2345,2.2768397,7.5599995,0.0,0.9,25640.0,8.074956,43.71788
2026-09-13 23:00:00+02:00,14.5845,4.1046314,6.4799995,42.0,1.4,19120.0,11.528303,39.260765
2026-09-14 00:00:00+02:00,14.7845,1.2979984,5.3999996,59.0,0.0,20740.0,17.1538,37.51451
2026-09-14 01:00:00+02:00,14.4845,0.8049845,5.04,25.0,0.0,15460.0,18.147924,39.10837
2026-09-14 02:00:00+02:00,13.934501,1.0182338,2.52,86.0,0.0,2560.0,18.330091,41.14381
2026-09-14 03:00:00+02:00,13.7345,2.1897945,2.8799999,88.0,0.0,800.0,20.019537,32.192196
2026-09-14 04:00:00+02:00,14.2345,0.35999998,2.16,89.0,0.0,1340.0,18.056154,36.494225
2026-09-14 05:00:00+02:00,14.7845,0.8049845,3.96,93.0,0.0,2740.0,17.748766,34.74199
2026-09-14 06:00:00+02:00,14.5845,2.0991426,5.3999996,89.0,0.0,980.0,20.480995,33.45972
2026-09-14 07:00:00+02:00,14.3345,2.16,3.96,76.0,0.0,5400.0,17.772152,26.855139
2026-09-14 08:00:00+02:00,15.0845,2.7416782,6.12,65.0,0.0,2400.0,16.162766,28.048029
2026-09-14 09:00:00+02:00,16.484499,1.609969,4.68,68.0,0.0,13920.0,10.599223,25.478533
2026-09-14 10:00:00+02:00,18.0345,3.8773184,7.2,59.0,0.0,19560.0,8.402622,25.020798
2026-09-14 11:00:00+02:00,19.4345,4.6938252,8.64,88.0,0.0,31140.0,8.706063,32.40095
2026-09-14 12:00:00+02:00,20.734499,5.0142193,9.36,65.0,0.0,35180.0,10.087265,29.356714
2026-09-14 13:00:00+02:00,21.734499,3.4152596,8.64,63.0,0.0,37480.0,7.0743074,26.098505
2026-09-14 14:00:00+02:00,23.734499,4.6800003,7.5599995,0.0,0.0,40140.0,6.347113,22.999043
2026-09-14 15:00:00+02:00,24.234499,6.489992,11.879999,2.0,0.0,40060.0,9.079681,17.390388
2026-09-14 16:00:00+02:00,24.484499,7.6367526,13.679999,4.0,0.0,40300.0,11.883102,13.093462
2026-09-14 17:00:00+02:00,25.0345,8.4042845,15.119999,47.0,0.0,40940.0,14.126582,16.327795
2026-09-14 18:00:00+02:00,24.634499,8.287822,16.56,0.0,0.0,41060.0,12.303797,14.609298
2026-09-14 19:00:00+02:00,23.0845,5.937272,13.679999,0.0,0.0,39680.0,8.315675,17.555754
2026-09-14 20:00:00+02:00,20.4345,8.64,12.599999,0.0,0.0,39680.0,6.728273,17.555754
2026-09-14 21:00:00+02:00,19.0345,7.2359104,13.679999,0.0,0.0,38440.0,7.1182017,20.818563
2026-09-14 22:00:00+02:00,17.8345,5.154415,11.5199995,0.0,0.0,37120.0,9.17071,21.733002
2026-09-14 23:00:00+02:00,18.0845,6.151683,9.0,0.0,0.0,38020.0,5.562481,24.278408
2026-09-15 00:00:00+02:00,17.484499,4.6938257,9.72,0.0,0.0,35080.0,5.195736,22.422277
2026-09-15 01:00:00+02:00,16.884499,3.6,6.8399997,0.0,0.0,33420.0,3.9200466,18.096056
2026-09-15 02:00:00+02:00,15.8845005,3.6,5.04,0.0,0.0,29460.0,1.643036,13.711481
2026-09-15 03:00:00+02:00,14.934501,3.219938,6.12,0.0,0.0,22920.0,1.4410379,18.339252
2026-09-15 04:00:00+02:00,14.184501,2.2768397,4.32,0.0,0.0,19680.0,6.0797453,20.265303
2026-09-15 05:00:00+02:00,14.184501,2.0364676,2.8799999,0.0,0.0,23880.0,4.844117,18.339252
2026-09-15 06:00:00+02:00,13.434501,3.4152596,3.96,0.0,0.0,18180.0,4.6916795,14.999642
2026-09-15 07:00:00+02:00,12.3845005,4.0249224,6.4799995,43.0,0.0,6060.0,4.201311,11.189642
2026-09-15 08:00:00+02:00,13.1345005,2.5455842,6.12,90.0,0.0,8380.0,5.506198,10.98112
2026-09-15 09:00:00+02:00,14.0845,1.5273507,3.96,95.0,0.0,320.0,7.1327734,11.189642
2026-09-15 10:00:00+02:00,15.7345,0.71999997,4.32,67.0,0.0,3340.0,10.401459,11.987508
2026-09-15 11:00:00+02:00,19.734499,2.0991426,7.5599995,0.0,0.0,34400.0,7.6388597,11.987508
2026-09-15 12:00:00+02:00,22.4345,5.0911684,11.159999,0.0,0.0,39240.0,11.848101,14.896551
2026-09-15 13:00:00+02:00,24.384499,9.178235,16.919998,0.0,0.0,40860.0,14.148615,17.555754
2026-09-15 14:00:00+02:00,25.5845,11.753876,20.519999,0.0,0.0,41560.0,17.026215,16.94153
2026-09-15 15:00:00+02:00,26.5345,13.044722,23.039999,0.0,0.0,41940.0,17.795506,19.040104
2026-09-15 16:00:00+02:00,27.0845,15.7908325,27.359999,0.0,0.0,43080.0,18.233543,25.265957
2026-09-15 17:00:00+02:00,27.3345,14.264361,27.359999,0.0,0.0,44020.0,15.66031,25.538944
2026-09-15 18:00:00+02:00,26.984499,12.538134,24.48,0.0,0.0,43300.0,15.73307,33.036785
2026-09-15 19:00:00+02:00,25.9345,7.342588,20.880001,0.0,0.0,41660.0,21.183746,38.502773
2026-09-15 20:00:00+02:00,22.8345,5.1919937,11.5199995,15.0,0.0,40540.0,22.347704,37.493973
2026-09-15 21:00:00+02:00,21.1845,1.1384199,6.8399997,4.0,0.0,39320.0,18.465538,38.667522
2026-09-15 22:00:00+02:00,19.734499,0.5091169,2.52,0.0,0.0,39220.0,24.374422,40.53536
2026-09-15 23:00:00+02:00,20.0845,2.5455842,3.96,0.0,0.0,39300.0,28.37418,40.838356
2026-09-16 00:00:00+02:00,19.5345,2.0991426,3.2399998,0.0,0.0,39600.0,34.043278,39.417458
2026-09-16 01:00:00+02:00,18.234499,1.835647,3.2399998,0.0,0.0,37300.0,27.979895,34.154854
2026-09-16 02:00:00+02:00,18.5845,1.8,3.6,0.0,0.0,36820.0,26.241138,39.319595
2026-09-16 03:00:00+02:00,17.984499,2.0991426,3.96,9.0,0.0,29180.0,34.65988,37.90783
2026-09-16 04:00:00+02:00,17.6845,1.08,3.96,0.0,0.0,30460.0,33.83525,33.568924
2026-09-16 05:00:00+02:00,17.2845,2.9024127,4.68,0.0,0.0,27220.0,31.390156,34.9851
2026-09-16 06:00:00+02:00,16.6845,2.7416782,3.96,0.0,0.0,26120.0,28.418058,36.877533
2026-09-16 07:00:00+02:00,16.384499,2.968636,5.3999996,0.0,0.0,28000.0,26.828085,31.312546
2026-09-16 08:00:00+02:00,16.234499,2.5455842,3.96,0.0,0.0,24260.0,23.360819,37.70402
2026-09-16 09:00:00+02:00,16.5845,3.219938,6.4799995,0.0,0.0,19480.0,26.808727,37.86207
2026-09-16 10:00:00+02:00,22.5345,11.966953,20.16,0.0,0.0,40420.0,26.292524,39.53457
2026-09-16 11:00:00+02:00,22.634499,14.773164,32.760002,0.0,0.0,40740.0,25.31063,42.357235
2026-09-16 12:00:00+02:00,21.2845,20.808498,34.92,67.0,0.0,39860.0,23.634779,45.85548
2026-09-16 13:00:00+02:00,19.8345,20.523157,42.839996,75.0,0.0,39100.0,28.065113,44.814476
2026-09-16 14:00:00+02:00,19.5845,21.94524,36.36,74.0,0.0,39560.0,22.934696,47.889736
2026-09-16 15:00:00+02:00,19.6845,18.899143,37.8,77.0,0.0,39920.0,23.458395,55.7447
2026-09-16 16:00:00+02:00,19.0845,19.881649,36.36,85.0,0.0,39800.0,24.930372,58.358036
2026-09-16 17:00:00+02:00,17.5345,24.627789,38.519997,100.0,0.0,39840.0,28.333897,63.56844
2026-09-16 18:00:00+02:00,17.6845,13.276144,43.56,100.0,0.0,41560.0,29.82983,58.965515
2026-09-16 19:00:00+02:00,17.134499,4.1046314,19.8,80.0,0.0,40900.0,25.506779,52.849815
2026-09-16 20:00:00+02:00,15.7845,4.5536795,7.2,0.0,0.0,38940.0,19.387182,57.817493
2026-09-16 21:00:00+02:00,15.0845,3.4152596,8.28,0.0,0.0,36880.0,17.507277,50.653748
2026-09-16 22:00:00+02:00,14.684501,0.8049845,3.6,38.0,0.0,36280.0,16.755745,52.056583
2026-09-16 23:00:00+02:00,14.2845,2.968636,2.8799999,65.0,0.0,30140.0,13.678478,49.75206
2026-09-17 00:00:00+02:00,13.9845,3.319036,4.68,16.0,0.0,34520.0,11.644798,48.81399
2026-09-17 01:00:00+02:00,13.0345,3.4152596,5.04,0.0,0.0,37520.0,11.02182,45.81766
2026-09-17 02:00:00+02:00,12.0345,4.1046314,6.12,2.0,0.0,36680.0,7.7334204,44.49959
2026-09-17 03:00:00+02:00,11.4845,2.968636,6.4799995,0.0,0.0,38440.0,6.198138,33.42516
2026-09-17 04:00:00+02:00,11.0345,1.8,5.7599998,0.0,0.0,38940.0,6.1307654,27.563091
2026-09-17 05:00:00+02:00,9.8845005,3.6179552,5.04,0.0,0.0,35660.0,4.556962,25.478535
2026-09-17 06:00:00+02:00,9.8845005,2.52,4.68,0.0,0.0,36340.0,3.757767,26.754532
2026-09-17 07:00:00+02:00,8.9845,0.8049845,3.2399998,0.0,0.0,18540.0,3.2222586,25.020798
2026-09-17 08:00:00+02:00,8.8845005,0.71999997,0.71999997,84.0,0.0,220.0,3.67394,21.935911
2026-09-17 09:00:00+02:00,9.0345,2.6208394,5.3999996,100.0,0.0,60.0,4.9291077,14.714402
2026-09-17 10:00:00+02:00,10.3345,1.5273507,5.04,100.0,0.0,160.0,7.4739733,12.194616
2026-09-17 11:00:00+02:00,15.684501,0.8049845,4.32,0.0,0.0,36500.0,7.543114,13.781546
2026-09-17 12:00:00+02:00,18.4345,2.16,7.2,45.0,0.0,41640.0,8.800955,17.390388
2026-09-17 13:00:00+02:00,19.1845,2.5959969,6.8399997,76.0,0.0,42260.0,6.7744107,21.185438
2026-09-17 14:00:00+02:00,20.134499,7.2359104,12.959999,91.0,0.0,42900.0,4.844117,25.455843
2026-09-17 15:00:00+02:00,20.734499,8.891344,17.28,88.0,0.0,43040.0,9.858215,27.338541
2026-09-17 16:00:00+02:00,20.884499,8.654986,16.56,60.0,0.0,43060.0,10.870049,29.409164
2026-09-17 17:00:00+02:00,20.6845,9.826088,16.56,39.0,0.0,43780.0,5.9240503,28.719894
2026-09-17 18:00:00+02:00,20.0345,9.114471,18.359999,45.0,0.0,43880.0,6.7744107,27.563091
2026-09-17 19:00:00+02:00,19.1845,2.5455842,14.759999,28.0,0.0,42980.0,8.513107,26.253044
2026-09-17 20:00:00+02:00,16.7845,9.360001,15.4800005,0.0,0.0,41620.0,9.666777,28.719894
2026-09-17 21:00:00+02:00,16.3345,5.634891,15.119999,0.0,0.0,41780.0,11.282507,23.496197
2026-09-17 22:00:00+02:00,15.1345005,1.0182338,7.5599995,0.0,0.0,41460.0,12.669665,25.020798
2026-09-17 23:00:00+02:00,14.7845,0.35999998,1.8,0.0,0.0,41160.0,13.881914,28.048029
2026-09-18 00:00:00+02:00,13.0345,0.71999997,3.2399998,4.0,0.0,39480.0,14.133929,28.477415
2026-09-18 01:00:00+02:00,13.4845,1.1384199,1.4399999,0.0,0.0,40380.0,13.97881,26.186924
2026-09-18 02:00:00+02:00,13.2845,2.0991426,2.16,0.0,0.0,38600.0,15.975386,32.400948
2026-09-18 03:00:00+02:00,13.3345,2.9024127,3.96,45.0,0.0,38700.0,15.372571,34.97959
2026-09-18 04:00:00+02:00,13.2845,1.5273507,4.32,61.0,0.0,38800.0,14.759212,36.36733
2026-09-18 05:00:00+02:00,12.2845,1.8,2.8799999,98.0,0.0,31880.0,13.859459,33.88306
2026-09-18 06:00:00+02:00,12.2345,0.35999998,3.6,89.0,0.0,30800.0,13.548821,32.755714
2026-09-18 07:00:00+02:00,12.684501,2.16,3.6,27.0,0.0,35500.0,13.456546,31.91576
2026-09-18 08:00:00+02:00,11.7345,1.2979984,2.52,70.0,0.0,26620.0,15.209606,29.67
2026-09-18 09:00:00+02:00,13.0345,2.9024127,6.4799995,61.0,0.0,26680.0,16.63135,24.405024
2026-09-18 10:00:00+02:00,15.5345,1.5273507,5.3999996,25.0,0.0,38620.0,16.63135,24.593725
2026-09-18 11:00:00+02:00,17.384499,4.39436,11.5199995,0.0,0.0,39580.0,18.882547,27.338541
2026-09-18 12:00:00+02:00,18.9345,9.346143,16.919998,0.0,0.0,41020.0,11.02182,25.448275
2026-09-18 13:00:00+02:00,19.734499,9.585739,16.919998,72.0,0.0,40880.0,16.805244,25.105341
2026-09-18 14:00:00+02:00,21.234499,11.525623,19.8,0.0,0.0,42460.0,14.560902,30.822723
2026-09-18 15:00:00+02:00,20.6845,13.324863,22.68,65.0,0.0,42360.0,15.284514,24.206896
2026-09-18 16:00:00+02:00,20.5345,9.178235,21.96,77.0,0.0,42140.0,13.97881,28.753408
2026-09-18 17:00:00+02:00,20.7845,6.12,15.84,78.0,0.0,42440.0,12.759493,36.51006
2026-09-18 18:00:00+02:00,20.6845,4.452954,13.32,38.0,0.0,42480.0,14.388747,26.660769
2026-09-18 19:00:00+02:00,19.234499,7.0911775,13.679999,45.0,0.0,41360.0,14.836392,21.330421
2026-09-18 20:00:00+02:00,17.384499,9.107359,11.879999,3.0,0.0,41060.0,13.889393,20.41682
2026-09-18 21:00:00+02:00,16.5845,2.6208394,15.4800005,17.0,0.0,40740.0,11.760141,21.71527
2026-09-18 22:00:00+02:00,13.2345,2.52,4.32,34.0,0.0,35980.0,9.858215,23.090988
2026-09-18 23:00:00+02:00,13.4845,2.2768397,2.8799999,69.0,0.0,36120.0,9.482423,18.62069
2026-09-19 00:00:00+02:00,13.434501,3.671294,5.04,55.0,0.0,36700.0,13.9118,16.398428
2026-09-19 01:00:00+02:00,13.6345005,2.6208394,4.68,40.0,0.0,37220.0,12.603934,16.492132
2026-09-19 02:00:00+02:00,12.3845005,2.5455842,3.6,66.0,0.0,33540.0,12.039351,13.781546
2026-09-19 03:00:00+02:00,12.2845,2.1897945,3.2399998,46.0,0.0,34440.0,13.049152,16.804535
2026-09-19 04:00:00+02:00,11.8345,1.484318,2.52,65.0,0.0,33060.0,12.269995,16.75862
2026-09-19 05:00:00+02:00,10.8345,1.609969,2.52,45.0,0.0,26360.0,10.955679,18.042755
2026-09-19 06:00:00+02:00,10.184501,1.1384199,1.8,14.0,0.0,23260.0,8.215179,16.77011
2026-09-19 07:00:00+02:00,9.3345,0.8049845,1.08,0.0,0.0,15200.0,8.646228,18.785477
2026-09-19 08:00:00+02:00,8.9845,2.1897945,3.96,29.0,0.0,6480.0,8.561753,23.040882
2026-09-19 09:00:00+02:00,10.7845,1.08,3.2399998,4.0,0.0,9600.0,13.402427,22.422277
2026-09-19 10:00:00+02:00,13.4845,2.0991426,6.12,0.0,0.0,24960.0,10.955679,21.679756
2026-09-19 11:00:00+02:00,17.5845,3.8773184,7.2,0.0,0.0,37740.0,8.215179,16.018122
2026-09-19 12:00:00+02:00,19.5845,7.5170207,12.24,0.0,0.0,40060.0,8.315675,9.695481
2026-09-19 13:00:00+02:00,21.0845,8.089993,15.84,0.0,0.0,40960.0,15.553866,9.813965
2026-09-19 14:00:00+02:00,22.634499,8.64,15.84,0.0,0.0,41780.0,16.518595,10.1040945
2026-09-19 15:00:00+02:00,23.234499,7.2359104,15.84,3.0,0.0,42060.0,7.7602262,14.072007
2026-09-19 16:00:00+02:00,23.3345,6.6087217,14.04,2.0,0.0,42320.0,11.419714,16.71258
2026-09-19 17:00:00+02:00,23.634499,7.9932976,12.959999,0.0,0.0,43220.0,12.767628,16.884583
2026-09-19 18:00:00+02:00,23.0845,7.9526596,14.4,0.0,0.0,43140.0,13.776805,17.643314
2026-09-19 19:00:00+02:00,21.9345,2.9024127,13.679999,0.0,0.0,42620.0,9.045312,13.612786
2026-09-19 20:00:00+02:00,17.634499,6.638072,8.28,0.0,0.0,38840.0,4.907998,12.735487
2026-09-19 21:00:00+02:00,16.1845,4.802999,8.28,0.0,0.0,39200.0,5.6366506,10.180067
2026-09-19 22:00:00+02:00,16.4345,3.8773184,7.5599995,0.0,0.0,39720.0,7.34788,11.9230585
2026-09-19 23:00:00+02:00,15.9845,1.8,5.3999996,0.0,0.0,38800.0,7.34788,13.781546
2026-09-20 00:00:00+02:00,14.0845,2.5959969,2.52,0.0,0.0,36500.0,9.7416725,13.196042
2026-09-20 01:00:00+02:00,12.934501,3.2399998,5.04,0.0,0.0,34360.0,7.800262,13.612786
2026-09-20 02:00:00+02:00,11.8345,1.1384199,4.32,0.0,0.0,25000.0,8.151741,12.735487
2026-09-20 03:00:00+02:00,11.184501,0.71999997,1.4399999,0.0,0.0,20080.0,10.401459,15.824544
2026-09-20 04:00:00+02:00,11.3845005,1.484318,1.8,0.0,0.0,17440.0,11.961482,16.77011
2026-09-20 05:00:00+02:00,11.6345005,1.9386592,2.52,0.0,0.0,17900.0,10.189676,17.122486
2026-09-20 06:00:00+02:00,10.434501,2.16,2.52,0.0,0.0,11360.0,10.520564,15.329903
2026-09-20 07:00:00+02:00,9.6345005,1.835647,2.8799999,0.0,0.0,11480.0,11.02182,19.871765
2026-09-20 08:00:00+02:00,9.434501,3.0547013,2.16,6.0,0.0,8380.0,15.66031,22.22381
2026-09-20 09:00:00+02:00,10.3845005,2.0991426,5.04,0.0,0.0,7100.0,14.243696,25.69685
2026-09-20 10:00:00+02:00,14.4845,3.219938,7.2,0.0,0.0,25860.0,14.836392,28.753408
2026-09-20 11:00:00+02:00,18.4345,6.3690495,11.879999,0.0,0.0,37980.0,17.69604,29.702448
2026-09-20 12:00:00+02:00,21.0345,8.534353,16.199999,0.0,0.0,40440.0,18.6891,31.951952
2026-09-20 13:00:00+02:00,22.984499,11.090103,19.8,0.0,0.0,41900.0,19.225843,35.292084
2026-09-20 14:00:00+02:00,24.2845,13.202726,21.24,0.0,0.0,42540.0,23.892567,35.384754
2026-09-20 15:00:00+02:00,24.634499,14.654254,25.919998,0.0,0.0,42460.0,24.901201,35.919647
2026-09-20 16:00:00+02:00,25.4345,13.979872,26.64,0.0,0.0,44780.0,24.476442,38.667522
2026-09-20 17:00:00+02:00,25.484499,11.928989,25.199999,0.0,0.0,50040.0,20.587181,41.437717
2026-09-20 18:00:00+02:00,24.634499,9.0,20.16,0.0,0.0,48360.0,25.978682,41.419117
2026-09-20 19:00:00+02:00,22.884499,5.771239,14.04,0.0,0.0,44900.0,21.949236,40.110195
2026-09-20 20:00:00+02:00,21.6845,2.2768397,9.36,0.0,0.0,46960.0,21.475815,34.80846
2026-09-20 21:00:00+02:00,15.8345,3.0758414,9.36,0.0,0.0,41300.0,16.712313,40.630287
2026-09-20 22:00:00+02:00,15.0345,2.7416782,6.12,0.0,0.0,40680.0,15.5538645,36.51006
2026-09-20 23:00:00+02:00,16.134499,3.2599385,3.96,0.0,0.0,40660.0,8.402622,39.06402
2026-09-21 00:00:00+02:00,16.3345,2.5455842,3.6,0.0,0.0,40460.0,2.7718916,33.367477
2026-09-21 01:00:00+02:00,14.1345005,1.2979984,5.7599998,0.0,0.0,38160.0,9.022324,32.06629
2026-09-21 02:00:00+02:00,14.1345005,4.0249224,2.16,0.0,0.0,38060.0,2.8820758,30.050611
2026-09-21 03:00:00+02:00,12.3345,1.8,6.8399997,44.0,0.0,32380.0,3.89347,37.262062
2026-09-21 04:00:00+02:00,12.8845005,1.8,2.16,39.0,0.0,34900.0,7.840093,33.338604
2026-09-21 05:00:00+02:00,13.1345005,2.5455842,3.6,72.0,0.0,34700.0,7.418196,31.238638
2026-09-21 06:00:00+02:00,12.0345,2.9024127,5.3999996,55.0,0.0,29580.0,7.418196,33.199642
2026-09-21 07:00:00+02:00,10.434501,1.1384199,4.68,31.0,0.0,18420.0,8.074956,33.338604
2026-09-21 08:00:00+02:00,10.5845,2.0364676,3.6,45.0,0.0,14600.0,5.487309,37.246548
2026-09-21 09:00:00+02:00,13.8345,4.5536795,7.2,66.0,0.0,26380.0,4.9291077,35.04561
2026-09-21 10:00:00+02:00,16.9345,8.759178,15.119999,58.0,0.0,33900.0,5.8357587,36.74671
2026-09-21 11:00:00+02:00,18.1845,10.464798,18.72,85.0,0.0,36940.0,7.7468348,34.413307
2026-09-21 12:00:00+02:00,19.8345,8.311245,14.759999,16.0,0.0,38520.0,6.3960004,36.133522
2026-09-21 13:00:00+02:00,21.5345,8.891344,16.56,79.0,0.0,40320.0,7.291139,31.951952
2026-09-21 14:00:00+02:00,22.5345,9.449572,19.08,64.0,0.0,41120.0,8.84802,27.147633
2026-09-21 15:00:00+02:00,22.484499,9.565437,14.759999,44.0,0.0,41620.0,4.101266,24.554531
2026-09-21 16:00:00+02:00,22.234499,9.422101,13.679999,0.0,0.0,42300.0,5.6366506,28.477413
2026-09-21 17:00:00+02:00,21.484499,10.799999,13.679999,0.0,0.0,41900.0,5.195736,34.697605
2026-09-21 18:00:00+02:00,20.2845,10.829958,18.72,0.0,0.0,41840.0,10.677303,31.059296
2026-09-21 19:00:00+02:00,18.5845,10.239453,18.0,0.0,0.0,41720.0,14.192577,31.65517
2026-09-21 20:00:00+02:00,17.0345,12.599999,17.28,3.0,0.0,43120.0,21.065786,28.578697
2026-09-21 21:00:00+02:00,16.6845,14.05845,23.039999,6.0,0.0,41640.0,22.123568,35.384754
2026-09-21 22:00:00+02:00,16.2845,11.177405,23.039999,38.0,0.0,40960.0,24.254854,32.902405
2026-09-21 23:00:00+02:00,15.5845,12.10157,17.28,0.0,0.0,40620.0,24.425486,36.668
2026-09-22 00:00:00+02:00,14.7345,12.819235,21.24,0.0,0.0,40140.0,20.561947,36.192112
2026-09-22 01:00:00+02:00,13.6345005,10.685391,20.519999,0.0,0.0,39340.0,20.17453,36.133522
2026-09-22 02:00:00+02:00,12.7345,8.39657,16.199999,0.0,0.0,39680.0,19.769024,33.476986
2026-09-22 03:00:00+02:00,11.2345,8.049845,12.959999,0.0,0.0,38960.0,21.495146,31.429213
2026-09-22 04:00:00+02:00,10.7345,9.3876505,15.119999,0.0,0.0,38880.0,24.980299,31.133633
2026-09-22 05:00:00+02:00,10.0845,7.072878,15.119999,0.0,0.0,38520.0,21.509632,39.147755
2026-09-22 06:00:00+02:00,9.7845,7.072878,11.879999,0.0,0.0,38460.0,21.783041,44.108284
2026-09-22 07:00:00+02:00,9.5345,6.489992,11.5199995,0.0,0.0,39340.0,22.147022,46.96369
2026-09-22 08:00:00+02:00,9.2345,5.4119864,10.08,0.0,0.0,39100.0,24.27197,48.46946
2026-09-22 09:00:00+02:00,12.0345,9.007196,14.759999,0.0,0.0,40000.0,22.440435,51.50228
2026-09-22 10:00:00+02:00,14.2345,13.75558,23.759998,0.0,0.0,40360.0,22.839428,52.388557
2026-09-22 11:00:00+02:00,16.634499,20.163212,32.760002,0.0,0.0,41320.0,20.179676,49.69007
2026-09-22 12:00:00+02:00,18.234499,20.523155,36.719997,0.0,0.0,42840.0,18.838505,47.306973
2026-09-22 13:00:00+02:00,19.7845,21.986542,35.64,0.0,0.0,45020.0,20.009163,41.62787
2026-09-22 14:00:00+02:00,20.7845,22.033648,35.64,0.0,0.0,45440.0,20.662695,42.593056
2026-09-22 15:00:00+02:00,21.884499,20.523155,34.92,0.0,0.0,45420.0,20.071335,40.07175
2026-09-22 16:00:00+02:00,22.234499,17.873556,32.760002,0.0,0.0,49340.0,21.591537,37.370464
2026-09-22 17:00:00+02:00,22.134499,14.934577,29.88,0.0,0.0,49420.0,21.144497,37.033905
2026-09-22 18:00:00+02:00,20.984499,11.983188,25.919998,0.0,0.0,45940.0,21.991768,35.98394
2026-09-22 19:00:00+02:00,19.234499,9.220499,20.16,0.0,0.0,43540.0,23.06111,32.27586
2026-09-22 20:00:00+02:00,16.984499,8.225035,14.4,0.0,0.0,42080.0,22.085989,28.335009
2026-09-22 21:00:00+02:00,16.1845,8.39657,14.759999,0.0,0.0,41540.0,25.273685,28.335009
2026-09-22 22:00:00+02:00,14.7345,8.404285,13.679999,0.0,0.0,42700.0,25.894613,28.335009
2026-09-22 23:00:00+02:00,14.434501,9.931042,13.679999,0.0,0.0,41300.0,27.116795,29.980017
2026-09-23 00:00:00+02:00,13.8845005,12.475961,20.519999,0.0,0.0,41300.0,24.455225,28.314606
2026-09-23 01:00:00+02:00,12.9845,10.383987,20.16,0.0,0.0,40440.0,22.629341,25.020798
2026-09-23 02:00:00+02:00,12.8845005,10.495713,17.28,0.0,0.0,39760.0,23.204739,20.818563
2026-09-23 03:00:00+02:00,11.4845,7.9036193,16.199999,0.0,0.0,38560.0,21.553034,18.042753
2026-09-23 04:00:00+02:00,10.934501,7.5685663,12.599999,0.0,0.0,38520.0,17.60781,13.879042
2026-09-23 05:00:00+02:00,10.2845,6.439876,12.24,0.0,0.0,38840.0,14.309151,11.41124
2026-09-23 06:00:00+02:00,9.684501,5.634891,10.08,0.0,0.0,38340.0,11.392405,10.027549
2026-09-23 07:00:00+02:00,8.8845005,4.5536795,8.64,0.0,0.0,36760.0,8.706063,9.392738
2026-09-23 08:00:00+02:00,7.9845,2.9024127,7.5599995,0.0,0.0,30360.0,5.333787,10.714764
2026-09-23 09:00:00+02:00,9.5845,1.8,3.96,0.0,0.0,29740.0,2.7718916,10.4046545
2026-09-23 10:00:00+02:00,11.8845005,2.3051248,6.4799995,0.0,0.0,37460.0,6.835443,11.394346
2026-09-23 11:00:00+02:00,15.0845,2.1897945,6.8399997,0.0,0.0,40240.0,6.728273,13.948265
2026-09-23 12:00:00+02:00,17.384499,5.154415,11.5199995,0.0,0.0,41620.0,11.85686,13.166815
2026-09-23 13:00:00+02:00,19.8345,7.729527,15.119999,0.0,0.0,42420.0,18.056154,14.167504
2026-09-23 14:00:00+02:00,21.2845,9.339208,16.56,0.0,0.0,44560.0,17.917614,14.753624
2026-09-23 15:00:00+02:00,22.484499,10.009036,18.359999,0.0,0.0,45200.0,15.851416,17.077427
2026-09-23 16:00:00+02:00,22.984499,9.957108,18.0,0.0,0.0,44620.0,15.086228,18.908127
2026-09-23 17:00:00+02:00,23.0845,11.435313,19.44,0.0,0.0,47300.0,17.748766,19.251387
2026-09-23 18:00:00+02:00,22.734499,9.19939,19.8,0.0,0.0,48240.0,14.5893955,22.014801
2026-09-23 19:00:00+02:00,21.384499,3.8773184,14.759999,0.0,0.0,44960.0,19.852879,24.175043
2026-09-23 20:00:00+02:00,17.4345,5.0911684,7.5599995,0.0,0.0,42920.0,17.292456,30.286854
2026-09-23 21:00:00+02:00,15.7845,3.319036,8.28,0.0,0.0,42880.0,19.46735,35.645096
2026-09-23 22:00:00+02:00,14.934501,2.7416782,3.2399998,0.0,0.0,41720.0,19.231243,30.31864
2026-09-23 23:00:00+02:00,13.7845,3.8268526,3.6,0.0,0.0,41520.0,11.4288025,39.53457
2026-09-24 00:00:00+02:00,12.0845,2.4149535,5.3999996,0.0,0.0,40620.0,13.120569,32.25795
2026-09-24 01:00:00+02:00,13.684501,2.8116899,6.12,0.0,0.0,39820.0,14.927093,29.857687
2026-09-24 02:00:00+02:00,11.3845005,3.319036,6.8399997,0.0,0.0,34200.0,12.961332,36.74671
2026-09-24 03:00:00+02:00,11.934501,2.5455842,1.8,0.0,0.0,27800.0,12.792001,37.51451
2026-09-24 04:00:00+02:00,10.684501,1.8,5.04,0.0,0.0,22220.0,16.00136,38.246773
2026-09-24 05:00:00+02:00,9.0345,2.5455842,3.96,0.0,0.0,18340.0,14.589397,44.204258
2026-09-24 06:00:00+02:00,8.2845,2.1897945,2.8799999,0.0,0.0,13420.0,16.860758,44.029602
2026-09-24 07:00:00+02:00,6.7844996,3.6179552,3.96,68.0,0.0,960.0,18.683542,44.90465
2026-09-24 08:00:00+02:00,6.9845,2.9024127,5.7599998,0.0,0.0,8140.0,19.600235,47.93798
2026-09-24 09:00:00+02:00,7.9344997,1.609969,4.32,43.0,0.0,2200.0,20.51139,48.766617
2026-09-24 10:00:00+02:00,11.934501,3.219938,6.8399997,0.0,0.0,19880.0,23.007017,46.522743
2026-09-24 11:00:00+02:00,15.684501,5.495161,12.24,0.0,0.0,37440.0,22.624752,47.40866
2026-09-24 12:00:00+02:00,18.1845,7.9036193,14.04,0.0,0.0,40560.0,22.857605,46.655056
2026-09-24 13:00:00+02:00,20.0345,9.0,16.199999,0.0,0.0,41240.0,20.907467,48.667767
2026-09-24 14:00:00+02:00,21.2845,11.113451,15.119999,0.0,0.0,41560.0,20.470856,48.667767
2026-09-24 15:00:00+02:00,21.484499,12.24,21.24,0.0,0.0,41580.0,21.840164,54.62421
2026-09-24 16:00:00+02:00,21.9345,11.681987,22.68,0.0,0.0,41520.0,22.217234,58.883785
2026-09-24 17:00:00+02:00,19.7845,6.9899354,20.16,0.0,0.0,40460.0,23.056606,60.703953
2026-09-24 18:00:00+02:00,19.0845,4.0249224,11.879999,0.0,0.0,39100.0,19.160927,60.669037
2026-09-24 19:00:00+02:00,17.634499,1.5273507,6.12,0.0,0.0,39260.0,17.69604,61.601685
2026-09-24 20:00:00+02:00,17.8345,1.0182338,1.8,0.0,0.0,42000.0,10.569795,52.740356
2026-09-24 21:00:00+02:00,16.884499,2.8116899,2.8799999,0.0,0.0,41360.0,7.515534,50.137737
2026-09-24 22:00:00+02:00,14.0345,3.396233,6.12,0.0,0.0,37680.0,5.094838,49.332138
2026-09-24 23:00:00+02:00,13.434501,4.5820518,3.2399998,0.0,0.0,37140.0,5.709857,52.539097
2026-09-25 00:00:00+02:00,12.1345005,4.39436,6.8399997,0.0,0.0,34140.0,7.3053656,49.91055
2026-09-25 01:00:00+02:00,12.3845005,5.315336,7.92,0.0,0.0,35060.0,8.646228,45.93103
2026-09-25 02:00:00+02:00,11.9845,6.3690495,9.72,0.0,0.0,33460.0,8.561753,47.127472
2026-09-25 03:00:00+02:00,11.0345,5.6002855,9.36,0.0,0.0,28900.0,6.47666,42.796085
2026-09-25 04:00:00+02:00,10.3845005,4.8433046,8.64,0.0,0.0,25400.0,7.418196,42.593056
2026-09-25 05:00:00+02:00,9.8345,4.5820518,7.92,0.0,0.0,27180.0,7.418196,45.174095
2026-09-25 06:00:00+02:00,9.1345005,2.9024127,6.8399997,0.0,0.0,26320.0,6.572144,39.196926
2026-09-25 07:00:00+02:00,8.434501,3.8268526,5.3999996,0.0,0.0,24100.0,4.556962,37.637547
2026-09-25 08:00:00+02:00,7.8845,2.5455842,5.3999996,0.0,0.0,19760.0,4.6472077,37.293064
2026-09-25 09:00:00+02:00,9.934501,1.835647,3.2399998,0.0,0.0,24340.0,2.278481,38.080208
2026-09-25 10:00:00+02:00,12.4845,2.4149535,6.4799995,0.0,0.0,31740.0,3.89347,37.78568
2026-09-25 11:00:00+02:00,15.5845,4.1046314,8.64,0.0,0.0,38920.0,3.9200466,41.270023
2026-09-25 12:00:00+02:00,17.634499,1.8,9.36,0.0,0.0,39920.0,3.67394,41.95972
2026-09-25 13:00:00+02:00,19.6845,2.3051248,7.5599995,0.0,0.0,41040.0,5.195736,41.701843
2026-09-25 14:00:00+02:00,21.4345,4.6800003,9.0,0.0,0.0,41500.0,5.562481,40.363914
2026-09-25 15:00:00+02:00,22.5845,5.8048253,12.24,0.0,0.0,41840.0,10.004581,39.801647
2026-09-25 16:00:00+02:00,23.234499,5.04,12.24,0.0,0.0,42380.0,12.95332,35.574776
2026-09-25 17:00:00+02:00,23.484499,6.6087217,10.440001,0.0,0.0,43220.0,17.22628,32.22808
2026-09-25 18:00:00+02:00,22.8345,5.904439,12.599999,0.0,0.0,43000.0,14.878324,24.734306
2026-09-25 19:00:00+02:00,20.5345,5.8048253,9.72,0.0,0.0,41600.0,12.261531,20.331732
2026-09-25 20:00:00+02:00,16.3345,5.771239,9.36,0.0,0.0,42160.0,9.752324,18.0
2026-09-25 21:00:00+02:00,16.4345,4.3349743,9.0,0.0,0.0,42500.0,9.858215,19.28138
2026-09-25 22:00:00+02:00,15.3845005,3.6,6.12,0.0,0.0,41780.0,8.202532,19.331268
2026-09-25 23:00:00+02:00,14.184501,3.7064266,6.4799995,0.0,0.0,40820.0,7.958392,15.216393
2026-09-26 00:00:00+02:00,13.9845,2.8116899,4.68,0.0,0.0,40380.0,8.987734,12.051613
2026-09-26 01:00:00+02:00,12.5345,1.9386592,3.96,0.0,0.0,29660.0,10.240498,13.196042
2026-09-26 02:00:00+02:00,11.2345,0.8049845,1.8,0.0,0.0,23440.0,10.802979,10.00832
2026-09-26 03:00:00+02:00,10.2845,1.835647,1.8,0.0,0.0,18760.0,13.402427,11.326523
2026-09-26 04:00:00+02:00,8.9845,1.835647,2.52,0.0,0.0,10140.0,12.4380865,14.909477
2026-09-26 05:00:00+02:00,7.1844997,1.08,2.52,0.0,0.0,9240.0,9.113924,15.529648
2026-09-26 06:00:00+02:00,6.2345,1.08,1.4399999,0.0,0.0,5320.0,8.765491,18.042755
2026-09-26 07:00:00+02:00,5.3345,1.1384199,1.4399999,80.0,0.0,560.0,9.994197,18.877537
2026-09-26 08:00:00+02:00,6.4845,1.835647,1.8,0.0,0.0,8300.0,12.159491,17.654228
2026-09-26 09:00:00+02:00,7.5845,3.0547013,5.7599998,0.0,0.0,9240.0,14.759212,18.662022
2026-09-26 10:00:00+02:00,11.3345,2.5455842,6.4799995,0.0,0.0,18300.0,14.927093,21.733002
2026-09-26 11:00:00+02:00,16.4345,4.5820518,10.440001,0.0,0.0,36580.0,11.961482,21.429527
2026-09-26 12:00:00+02:00,19.4345,6.3690495,13.32,0.0,0.0,40800.0,11.528303,15.714606
2026-09-26 13:00:00+02:00,22.3345,5.904439,13.679999,0.0,0.0,42900.0,11.419714,14.396789
2026-09-26 14:00:00+02:00,24.4345,5.154415,12.599999,0.0,0.0,45940.0,12.312233,15.355014
2026-09-26 15:00:00+02:00,25.7845,4.3349743,11.5199995,0.0,0.0,47580.0,13.4101715,15.102031
2026-09-26 16:00:00+02:00,26.3345,3.671294,9.72,0.0,0.0,47720.0,14.836392,16.13793
2026-09-26 17:00:00+02:00,26.384499,5.815978,9.0,0.0,0.0,49280.0,16.111294,18.908127
2026-09-26 18:00:00+02:00,25.4345,5.8603754,10.799999,0.0,0.0,47260.0,14.1559515,18.8469
2026-09-26 19:00:00+02:00,21.884499,5.7599998,9.0,0.0,0.0,42100.0,11.02182,18.074755
2026-09-26 20:00:00+02:00,18.484499,6.489992,12.24,0.0,0.0,43280.0,7.6388597,18.45443
2026-09-26 21:00:00+02:00,17.8345,5.4119864,10.08,0.0,0.0,43140.0,2.3236039,18.672342
2026-09-26 22:00:00+02:00,17.1845,4.0249224,7.92,0.0,0.0,42660.0,2.577807,19.871763
2026-09-26 23:00:00+02:00,15.6345005,3.8268526,5.7599998,0.0,0.0,41260.0,5.8357587,18.0
2026-09-27 00:00:00+02:00,14.0845,2.7416782,4.68,0.0,0.0,37420.0,9.580463,19.598463
2026-09-27 01:00:00+02:00,13.0345,2.16,3.2399998,0.0,0.0,26480.0,8.315675,19.440569
2026-09-27 02:00:00+02:00,9.8845005,1.4399999,2.52,0.0,0.0,21260.0,8.513107,19.480164
2026-09-27 03:00:00+02:00,8.8845005,1.2979984,2.16,0.0,0.0,17500.0,10.638334,19.598463
2026-09-27 04:00:00+02:00,7.7345,0.71999997,1.08,0.0,0.0,11940.0,12.669665,19.900824
2026-09-27 05:00:00+02:00,7.3845,0.71999997,0.71999997,0.0,0.0,9840.0,11.124962,15.714606
2026-09-27 06:00:00+02:00,7.4845,0.8049845,1.8,0.0,0.0,10100.0,10.118097,14.909477
2026-09-27 07:00:00+02:00,7.1345,0.5091169,0.71999997,0.0,0.0,9020.0,11.02182,15.355014
2026-09-27 08:00:00+02:00,5.7345,0.71999997,1.4399999,74.0,0.0,520.0,10.599223,18.908127
2026-09-27 09:00:00+02:00,8.3345,0.8049845,2.16,0.0,0.0,5420.0,9.482423,20.265303
2026-09-27 10:00:00+02:00,12.0345,1.2979984,4.32,0.0,0.0,15780.0,11.282507,21.375526
2026-09-27 11:00:00+02:00,16.5345,3.319036,7.5599995,0.0,0.0,32120.0,13.215189,23.635157
2026-09-27 12:00:00+02:00,20.7845,8.669949,15.84,0.0,0.0,40980.0,15.798928,25.334478
2026-09-27 13:00:00+02:00,22.734499,10.464797,19.08,0.0,0.0,41700.0,17.824654,28.362186
2026-09-27 14:00:00+02:00,24.634499,11.592894,21.96,0.0,0.0,43400.0,16.568802,28.048029
2026-09-27 15:00:00+02:00,25.634499,12.261157,22.68,0.0,0.0,45840.0,20.607346,28.102919
2026-09-27 16:00:00+02:00,26.234499,10.685391,21.599998,0.0,0.0,49200.0,17.123507,29.435352
2026-09-27 17:00:00+02:00,26.5845,9.693296,19.08,0.0,0.0,53200.0,15.713261,32.755714
2026-09-27 18:00:00+02:00,25.5845,7.2805495,16.56,0.0,0.0,49780.0,13.859459,32.204163
2026-09-27 19:00:00+02:00,22.0845,6.618519,11.879999,0.0,0.0,44900.0,12.030725,29.059942
2026-09-27 20:00:00+02:00,18.9345,5.00128,10.799999,0.0,0.0,42420.0,9.15938,25.92819
2026-09-27 21:00:00+02:00,18.134499,4.0249224,7.5599995,0.0,0.0,43980.0,5.3142853,20.818563
2026-09-27 22:00:00+02:00,18.2845,2.7416782,5.04,0.0,0.0,45520.0,6.1138062,20.265303
2026-09-27 23:00:00+02:00,17.5345,2.5455842,2.8799999,0.0,0.0,38380.0,5.487309,17.043554
2026-09-28 00:00:00+02:00,17.0345,1.5273507,2.8799999,0.0,0.0,38700.0,7.0743074,16.102081
2026-09-28 01:00:00+02:00,14.3345,1.8,1.8,0.0,0.0,27960.0,6.970812,17.489796
2026-09-28 02:00:00+02:00,11.7845,0.8049845,2.16,0.0,0.0,25460.0,6.444517,12.735487
2026-09-28 03:00:00+02:00,11.9845,0.8049845,1.08,0.0,0.0,22160.0,5.094838,15.517241
2026-09-28 04:00:00+02:00,10.184501,1.2979984,1.8,0.0,0.0,15380.0,3.3175182,17.903427
2026-09-28 05:00:00+02:00,8.6345005,0.71999997,1.4399999,90.0,0.0,260.0,2.6571426,15.554438
2026-09-28 06:00:00+02:00,7.8845,1.1384199,1.08,100.0,0.0,40.0,3.757767,12.780782
2026-09-28 07:00:00+02:00,7.5845,0.5091169,1.4399999,100.0,0.0,60.0,6.0797453,10.00832
2026-09-28 08:00:00+02:00,8.7845,0.8049845,2.16,70.0,0.0,600.0,7.34788,10.569963
2026-09-28 09:00:00+02:00,11.184501,0.8049845,2.52,0.0,0.0,7440.0,9.815996,9.227214
2026-09-28 10:00:00+02:00,14.434501,1.8,5.04,0.0,0.0,16320.0,10.087265,8.442291
2026-09-28 11:00:00+02:00,18.3345,2.8116899,6.12,0.0,0.0,33740.0,10.569795,10.606349
2026-09-28 12:00:00+02:00,22.1845,5.6233797,11.5199995,0.0,0.0,41260.0,10.638335,12.568007
2026-09-28 13:00:00+02:00,24.3345,6.3690495,12.599999,0.0,0.0,41360.0,12.312233,13.152178
2026-09-28 14:00:00+02:00,25.384499,5.1919937,14.759999,0.0,0.0,42180.0,13.533486,12.4293
2026-09-28 15:00:00+02:00,26.8345,6.489992,12.959999,0.0,0.0,42980.0,12.108149,15.566816
2026-09-28 16:00:00+02:00,27.3345,3.7585104,12.599999,0.0,0.0,43560.0,10.725815,15.628565
2026-09-28 17:00:00+02:00,26.4345,3.2599385,7.2,0.0,0.0,43640.0,11.848101,16.327795
2026-09-28 18:00:00+02:00,25.634499,2.8799999,5.7599998,0.0,0.0,43400.0,7.20519,14.329733
2026-09-28 19:00:00+02:00,22.484499,4.6938252,5.7599998,0.0,0.0,41000.0,8.753638,14.999642
2026-09-28 20:00:00+02:00,19.384499,5.0528407,9.36,0.0,0.0,41240.0,16.303482,15.824542
2026-09-28 21:00:00+02:00,18.7845,5.8048253,9.72,0.0,0.0,41720.0,20.17453,14.543223
2026-09-28 22:00:00+02:00,18.0845,3.96,7.92,0.0,0.0,41700.0,21.878162,15.41761
2026-09-28 23:00:00+02:00,17.8345,6.151683,5.7599998,0.0,0.0,41380.0,26.229265,16.292364
2026-09-29 00:00:00+02:00,16.634499,2.0991426,9.0,0.0,0.0,41180.0,20.379353,16.292364
2026-09-29 01:00:00+02:00,15.434501,0.8049845,7.5599995,0.0,0.0,32780.0,12.603934,16.185604
2026-09-29 02:00:00+02:00,13.2845,1.8,2.52,0.0,0.0,22340.0,5.333787,13.0492525
2026-09-29 03:00:00+02:00,12.5345,1.1384199,2.16,0.0,0.0,18060.0,3.6455696,12.194616
2026-09-29 04:00:00+02:00,11.9845,1.835647,1.8,0.0,0.0,15260.0,6.1307654,13.0492525
2026-09-29 05:00:00+02:00,11.8845005,0.35999998,3.6,0.0,0.0,15240.0,6.835443,13.283339
2026-09-29 06:00:00+02:00,11.434501,0.8049845,1.08,0.0,0.0,13920.0,8.402622,13.283339
2026-09-29 07:00:00+02:00,10.184501,1.484318,1.8,74.0,0.0,1120.0,11.012396,12.5680065
2026-09-29 08:00:00+02:00,10.8845005,0.5091169,1.4399999,70.0,0.0,600.0,7.543114,16.245003
2026-09-29 09:00:00+02:00,12.8345,0.5091169,2.16,79.0,0.0,280.0,7.4739733,17.577684
2026-09-29 10:00:00+02:00,15.7345,0.8049845,3.96,0.0,0.0,17100.0,6.9559,14.543223
2026-09-29 11:00:00+02:00,19.0845,1.2979984,7.5599995,0.0,0.0,38160.0,1.643036,16.292364
2026-09-29 12:00:00+02:00,21.9345,3.563818,6.12,0.0,0.0,40620.0,2.278481,12.780782
2026-09-29 13:00:00+02:00,24.234499,8.714677,10.440001,0.0,0.0,41320.0,4.6472077,11.189641
2026-09-29 14:00:00+02:00,24.6845,12.4811535,13.32,0.0,0.0,41680.0,3.89347,11.545494
2026-09-29 15:00:00+02:00,25.4345,12.096214,15.119999,0.0,0.0,42200.0,3.757767,16.386677
2026-09-29 16:00:00+02:00,25.5345,10.97262,15.119999,0.0,0.0,42040.0,2.3236039,18.62069
2026-09-29 17:00:00+02:00,24.634499,10.009036,14.4,0.0,0.0,41940.0,0.64445174,18.127962
2026-09-29 18:00:00+02:00,23.5345,4.5820518,14.759999,0.0,0.0,41640.0,3.4704785,16.861752
2026-09-29 19:00:00+02:00,21.234499,3.0547013,6.12,0.0,0.0,40220.0,3.67394,13.398848
2026-09-29 20:00:00+02:00,19.0845,3.4152596,5.3999996,0.0,0.0,39900.0,5.6366506,10.274241
2026-09-29 21:00:00+02:00,17.7845,1.484318,6.12,0.0,0.0,38180.0,4.201311,12.780782
2026-09-29 22:00:00+02:00,17.7845,1.2979984,3.6,0.0,0.0,39580.0,2.0379353,17.478779
2026-09-29 23:00:00+02:00,17.6845,0.5091169,2.16,0.0,0.0,39480.0,3.67394,13.556066
