date,temperature_2m,wind_speed_10m,wind_gusts_10m,cloud_cover_low,precipitation,visibility,wind_speed_850hPa,wind_speed_700hPa
2025-12-31 23:00:00+01:00,-3.913,2.5959969,6.4799995,0.0,0.0,7700.0,12.84061,20.293798
2026-01-01 00:00:00+01:00,-4.013,3.8773184,5.7599998,0.0,0.0,7860.0,11.680409,14.896551
2026-01-01 01:00:00+01:00,-4.413,5.6233797,9.0,96.0,0.0,420.0,11.848101,15.861018
2026-01-01 02:00:00+01:00,-4.713,2.5959969,7.92,88.0,0.0,560.0,18.027378,15.367554
2026-01-01 03:00:00+01:00,-4.813,1.5273507,7.2,100.0,0.0,120.0,13.594724,14.714402
2026-01-01 04:00:00+01:00,-5.663,3.8939953,1.8,100.0,0.0,140.0,10.520563,16.11404
2026-01-01 05:00:00+01:00,-5.613,1.484318,7.92,55.0,0.0,2680.0,8.646228,19.400894
2026-01-01 06:00:00+01:00,-6.063,2.1897945,3.6,93.0,0.0,480.0,9.227144,22.482334
2026-01-01 07:00:00+01:00,-6.163,2.0364676,5.7599998,100.0,0.0,120.0,5.012658,25.455843
2026-01-01 08:00:00+01:00,-6.363,2.7416782,5.3999996,100.0,0.0,120.0,4.1265044,25.92819
2026-01-01 09:00:00+01:00,-6.263,2.9024127,4.68,100.0,0.0,100.0,2.734177,32.990105
2026-01-01 10:00:00+01:00,-5.763,2.16,6.4799995,100.0,0.0,220.0,3.67394,39.3049
2026-01-01 11:00:00+01:00,-4.713,0.0,4.68,100.0,0.0,200.0,4.57969,45.54356
2026-01-01 12:00:00+01:00,-3.113,0.35999998,3.96,42.0,0.0,3800.0,5.468354,50.06084
2026-01-01 13:00:00+01:00,-0.163,2.2768397,5.7599998,0.0,0.0,38760.0,6.3960004,54.199394
2026-01-01 14:00:00+01:00,0.687,2.52,5.04,0.0,0.0,52880.0,6.347113,54.947685
2026-01-01 15:00:00+01:00,0.63699996,4.198285,7.5599995,0.0,0.0,49200.0,8.21518,50.30267
2026-01-01 16:00:00+01:00,0.387,4.39436,6.4799995,0.0,0.0,48640.0,8.598059,49.538654
2026-01-01 17:00:00+01:00,-1.013,5.7599998,11.159999,0.0,0.0,29480.0,6.47666,46.865147
2026-01-01 18:00:00+01:00,-1.213,3.2599385,7.92,0.0,0.0,26900.0,7.6388597,43.660564
2026-01-01 19:00:00+01:00,-1.863,4.73506,9.36,0.0,0.0,47240.0,9.666777,46.55172
2026-01-01 20:00:00+01:00,-1.563,3.0547013,6.12,0.0,0.0,58120.0,9.215885,48.09844
2026-01-01 21:00:00+01:00,-2.263,4.0249224,11.159999,0.0,0.0,43300.0,10.118097,50.06084
2026-01-01 22:00:00+01:00,-1.463,2.0991426,5.3999996,0.0,0.0,59260.0,2.7718916,53.469448
2026-01-01 23:00:00+01:00,-1.813,2.7416782,8.64,0.0,0.0,54720.0,6.835443,54.398052
2026-01-02 00:00:00+01:00,-2.063,4.1046314,9.0,0.0,0.0,41260.0,2.8820758,55.79306
2026-01-02 01:00:00+01:00,-1.563,4.452954,9.36,5.0,0.0,47500.0,3.5591009,59.014496
2026-01-02 02:00:00+01:00,-1.563,3.7585104,7.2,2.0,0.0,45960.0,2.453999,61.35102
2026-01-02 03:00:00+01:00,-2.913,2.7416782,5.7599998,0.0,0.0,29620.0,4.2990294,59.359478
2026-01-02 04:00:00+01:00,-1.863,4.896529,3.96,0.0,0.0,41780.0,4.556962,56.53389
2026-01-02 05:00:00+01:00,-1.663,5.4119864,9.0,0.0,0.0,50140.0,3.0569031,59.083
2026-01-02 06:00:00+01:00,-1.813,2.6208394,7.92,0.0,0.0,46880.0,4.2990294,57.830822
2026-01-02 07:00:00+01:00,-1.263,3.8773184,5.3999996,0.0,0.0,48940.0,5.506198,60.258064
2026-01-02 08:00:00+01:00,-2.413,1.484318,10.799999,45.0,0.0,35500.0,9.858215,64.29457
2026-01-02 09:00:00+01:00,-3.413,2.3051248,3.96,52.0,0.0,16480.0,13.889393,62.20846
2026-01-02 10:00:00+01:00,0.737,3.319036,6.12,80.0,0.0,49700.0,12.159491,65.78725
2026-01-02 11:00:00+01:00,2.137,4.510787,7.5599995,63.0,0.0,49280.0,12.269996,64.89992
2026-01-02 12:00:00+01:00,3.587,3.396233,6.4799995,16.0,0.0,59360.0,6.895935,58.91649
2026-01-02 13:00:00+01:00,3.187,3.8939953,8.28,41.0,0.0,39160.0,2.278481,62.022392
2026-01-02 14:00:00+01:00,5.337,12.849528,20.519999,25.0,0.0,70940.0,3.9200466,59.229538
2026-01-02 15:00:00+01:00,4.687,9.178235,20.880001,0.0,0.0,71280.0,7.34788,54.174507
2026-01-02 16:00:00+01:00,3.687,5.154415,15.119999,0.0,0.0,69320.0,4.201311,55.948204
2026-01-02 17:00:00+01:00,2.087,6.4096174,9.0,35.0,0.0,57220.0,9.815996,53.053535
2026-01-02 18:00:00+01:00,1.137,6.9527545,12.599999,64.0,0.0,52260.0,13.049152,50.46325
2026-01-02 19:00:00+01:00,0.987,4.802999,10.08,68.0,0.0,46740.0,10.520563,48.278324
2026-01-02 20:00:00+01:00,0.88699996,3.2399998,7.2,83.0,0.0,37200.0,9.022324,46.435715
2026-01-02 21:00:00+01:00,0.937,3.6179552,5.7599998,81.0,0.0,36580.0,6.3960004,47.82936
2026-01-02 22:00:00+01:00,0.487,4.0249224,5.7599998,89.0,0.0,33740.0,9.15938,41.19528
2026-01-02 23:00:00+01:00,0.287,0.8049845,6.4799995,62.0,0.0,34320.0,16.718523,37.882412
2026-01-03 00:00:00+01:00,-0.363,2.7416782,3.96,63.0,0.0,28560.0,12.337506,37.637547
2026-01-03 01:00:00+01:00,-0.113000005,2.8116899,5.3999996,10.0,0.0,43980.0,12.065196,39.90315
2026-01-03 02:00:00+01:00,0.187,4.0249224,5.7599998,76.0,0.0,51220.0,7.543114,38.36746
2026-01-03 03:00:00+01:00,-0.063,4.8965297,7.5599995,65.0,0.0,41420.0,6.1138062,43.731094
2026-01-03 04:00:00+01:00,0.537,0.5091169,7.5599995,96.0,0.0,45340.0,7.20519,42.868042
2026-01-03 05:00:00+01:00,0.737,2.2768397,5.7599998,82.0,0.0,48000.0,4.2990294,41.590836
2026-01-03 06:00:00+01:00,0.43699998,4.379589,10.440001,67.0,0.0,15960.0,3.286072,40.033276
2026-01-03 07:00:00+01:00,0.537,3.7064266,6.12,85.0,0.0,19380.0,4.488087,41.007812
2026-01-03 08:00:00+01:00,0.63699996,5.00128,8.28,100.0,0.0,26360.0,4.57969,40.98432
2026-01-03 09:00:00+01:00,0.537,1.609969,7.5599995,67.0,0.0,27220.0,3.286072,43.04741
2026-01-03 10:00:00+01:00,1.387,5.3517847,9.36,85.0,0.0,43780.0,8.21518,48.69151
2026-01-03 11:00:00+01:00,2.337,5.6920996,9.36,77.0,0.0,41320.0,7.4739733,50.900333
2026-01-03 12:00:00+01:00,2.587,12.768586,21.96,71.0,0.0,57380.0,11.012396,46.06504
2026-01-03 13:00:00+01:00,3.537,12.904882,23.4,39.0,0.0,67200.0,4.9291077,44.434612
2026-01-03 14:00:00+01:00,3.787,15.408671,24.48,42.0,0.0,71180.0,6.0797453,41.95972
2026-01-03 15:00:00+01:00,3.187,13.0447235,24.48,65.0,0.0,70920.0,8.706063,37.989048
2026-01-03 16:00:00+01:00,3.387,9.422101,22.68,72.0,0.0,74540.0,8.84802,37.658012
2026-01-03 17:00:00+01:00,2.137,7.69592,14.04,65.0,0.0,67420.0,7.800262,37.989048
2026-01-03 18:00:00+01:00,0.987,7.653705,12.959999,83.0,0.0,66180.0,12.864844,35.72607
2026-01-03 19:00:00+01:00,0.187,5.904439,11.879999,69.0,0.0,71960.0,10.725815,38.587734
2026-01-03 20:00:00+01:00,-0.013,6.4096174,10.440001,4.0,0.0,75900.0,10.520564,41.530582
2026-01-03 21:00:00+01:00,-0.963,3.0758414,10.08,0.0,0.0,74620.0,9.7416725,37.86207
2026-01-03 22:00:00+01:00,-0.663,3.5455887,6.8399997,61.0,0.0,65900.0,10.490914,42.9892
2026-01-03 23:00:00+01:00,-1.013,4.0249224,6.12,79.0,0.0,59760.0,13.246579,42.461704
2026-01-04 00:00:00+01:00,-0.86300004,3.9763298,6.4799995,74.0,0.0,59600.0,10.569795,35.817608
2026-01-04 01:00:00+01:00,-0.263,1.835647,6.12,100.0,0.0,63020.0,9.15938,36.877533
2026-01-04 02:00:00+01:00,-0.41300002,4.2136917,6.8399997,90.0,0.0,55360.0,6.330734,32.89655
2026-01-04 03:00:00+01:00,-1.063,1.835647,6.4799995,62.0,0.0,55560.0,9.580463,24.928242
2026-01-04 04:00:00+01:00,-2.763,2.9024127,5.7599998,15.0,0.0,43800.0,7.0889688,15.367554
2026-01-04 05:00:00+01:00,-3.763,2.968636,5.04,26.0,0.0,44160.0,4.907998,14.8057575
2026-01-04 06:00:00+01:00,-4.013,2.7416782,5.04,0.0,0.0,50420.0,5.155614,11.939204
2026-01-04 07:00:00+01:00,-3.963,2.9024127,5.04,13.0,0.0,48660.0,4.1265044,6.48019
2026-01-04 08:00:00+01:00,-5.513,3.0758414,5.04,26.0,0.0,25780.0,4.556962,1.2413791
2026-01-04 09:00:00+01:00,-5.113,2.52,5.04,4.0,0.0,32160.0,3.3175182,1.7555753
2026-01-04 10:00:00+01:00,-3.213,3.096837,4.32,65.0,0.0,37020.0,5.941551,4.5186887
2026-01-04 11:00:00+01:00,-1.563,3.2599385,7.92,0.0,0.0,39640.0,9.17071,3.6192114
2026-01-04 12:00:00+01:00,-0.41300002,2.0991426,5.7599998,0.0,0.0,58440.0,9.994197,1.7555753
2026-01-04 13:00:00+01:00,0.587,3.5455887,7.2,0.0,0.0,65760.0,8.753638,3.6192114
2026-01-04 14:00:00+01:00,1.037,3.2599385,7.5599995,0.0,0.0,68400.0,4.201311,7.900089
2026-01-04 15:00:00+01:00,1.037,2.1897945,6.8399997,0.0,0.0,70800.0,4.2990294,8.951714
2026-01-04 16:00:00+01:00,0.787,5.0528407,6.4799995,0.0,0.0,70360.0,0.64445174,12.4911375
2026-01-04 17:00:00+01:00,0.037,1.609969,7.2,0.0,0.0,63360.0,2.734177,14.476846
2026-01-04 18:00:00+01:00,-1.513,4.0249224,5.7599998,0.0,0.0,43420.0,1.4410379,15.665498
2026-01-04 19:00:00+01:00,-2.813,4.0249224,6.12,0.0,0.0,38800.0,1.643036,18.51695
2026-01-04 20:00:00+01:00,-2.913,1.609969,6.4799995,0.0,0.0,41680.0,2.3236039,19.987747
2026-01-04 21:00:00+01:00,-3.013,2.0991426,2.8799999,0.0,0.0,46920.0,1.0189676,20.141356
2026-01-04 22:00:00+01:00,-3.913,2.5455842,4.68,0.0,0.0,37960.0,2.9178793,18.62069
2026-01-04 23:00:00+01:00,-4.763,1.1384199,3.2399998,4.0,0.0,23300.0,1.643036,20.49216
2026-01-05 00:00:00+01:00,-4.513,1.9386592,4.32,61.0,0.0,30920.0,1.8788835,20.85554
2026-01-05 01:00:00+01:00,-4.813,1.2979984,5.7599998,66.0,0.0,24960.0,1.0189676,20.360134
2026-01-05 02:00:00+01:00,-4.713,0.0,1.4399999,65.0,0.0,27560.0,2.577807,23.95894
2026-01-05 03:00:00+01:00,-4.813,1.5273507,2.52,64.0,0.0,20620.0,4.201311,25.326874
2026-01-05 04:00:00+01:00,-4.213,3.096837,5.7599998,87.0,0.0,28120.0,2.734177,21.402544
2026-01-05 05:00:00+01:00,-5.013,2.2768397,6.12,63.0,0.0,28440.0,2.8820758,20.557856
2026-01-05 06:00:00+01:00,-4.963,3.319036,5.04,75.0,0.0,36100.0,5.195736,18.672342
2026-01-05 07:00:00+01:00,-5.013,5.4833565,8.28,64.0,0.0,35800.0,2.8820758,14.003396
2026-01-05 08:00:00+01:00,-5.463,3.319036,5.7599998,66.0,0.0,46440.0,2.3236039,12.051613
2026-01-05 09:00:00+01:00,-4.863,2.3051248,4.68,88.0,0.0,49440.0,3.757767,11.793103
2026-01-05 10:00:00+01:00,-3.863,3.8268526,5.3999996,71.0,0.0,34480.0,2.8820758,11.189642
2026-01-05 11:00:00+01:00,-3.063,4.2136917,5.04,11.0,0.0,30980.0,1.4410379,12.5526705
2026-01-05 12:00:00+01:00,-2.063,1.8,5.04,0.0,0.0,43140.0,3.4704785,11.809426
2026-01-05 13:00:00+01:00,-1.263,3.219938,6.4799995,0.0,0.0,58860.0,2.734177,12.4293
2026-01-05 14:00:00+01:00,-0.86300004,4.0249224,8.64,39.0,0.0,59020.0,3.757767,12.051613
2026-01-05 15:00:00+01:00,-0.963,4.6102495,7.92,5.0,0.0,55000.0,4.101266,11.711148
2026-01-05 16:00:00+01:00,-1.163,2.8116899,7.92,13.0,0.0,57300.0,5.195736,10.180067
2026-01-05 17:00:00+01:00,-1.613,1.1384199,4.32,0.0,0.0,54140.0,5.7641516,11.987508
2026-01-05 18:00:00+01:00,-2.813,4.0249224,6.12,0.0,0.0,43220.0,4.201311,14.922391
2026-01-05 19:00:00+01:00,-4.563,3.319036,6.12,0.0,0.0,42840.0,3.67394,18.010698
2026-01-05 20:00:00+01:00,-4.363,2.52,3.96,0.0,0.0,39480.0,4.488087,13.781546
2026-01-05 21:00:00+01:00,-4.313,3.563818,4.68,0.0,0.0,45420.0,2.9178793,13.711481
2026-01-05 22:00:00+01:00,-5.963,3.671294,7.2,0.0,0.0,28200.0,1.643036,22.15436
2026-01-05 23:00:00+01:00,-5.963,1.1384199,5.04,0.0,0.0,54060.0,2.453999,32.40095
2026-01-06 00:00:00+01:00,-5.913,2.5959969,3.96,0.0,0.0,61240.0,4.201311,35.96252
2026-01-06 01:00:00+01:00,-5.913,1.8,3.6,0.0,0.0,57660.0,3.2222586,26.69687
2026-01-06 02:00:00+01:00,-6.313,2.0364676,3.6,0.0,0.0,53960.0,3.9200466,22.499464
2026-01-06 03:00:00+01:00,-6.263,2.1897945,2.8799999,0.0,0.0,53000.0,3.0569031,21.002802
2026-01-06 04:00:00+01:00,-6.163,0.35999998,2.52,0.0,0.0,63080.0,1.4410379,18.25503
2026-01-06 05:00:00+01:00,-6.663,1.0182338,1.08,0.0,0.0,60280.0,2.453999,18.010698
2026-01-06 06:00:00+01:00,-7.113,4.6938252,6.4799995,0.0,0.0,55220.0,5.487309,16.77011
2026-01-06 07:00:00+01:00,-7.363,3.5455887,6.8399997,0.0,0.0,52080.0,5.195736,13.398848
2026-01-06 08:00:00+01:00,-7.313,0.35999998,5.3999996,0.0,0.0,55840.0,4.323114,12.780782
2026-01-06 09:00:00+01:00,-6.663,1.08,3.6,0.0,0.0,59040.0,6.9559,10.180067
2026-01-06 10:00:00+01:00,-6.213,2.7416782,2.52,0.0,0.0,56360.0,2.734177,11.189642
2026-01-06 11:00:00+01:00,-4.513,2.9024127,5.04,0.0,0.0,46060.0,6.7744107,10.857635
2026-01-06 12:00:00+01:00,-3.163,0.8049845,5.3999996,0.0,0.0,62640.0,6.198138,9.655664
2026-01-06 13:00:00+01:00,-1.613,2.6208394,6.4799995,0.0,0.0,59280.0,7.205189,8.622896
2026-01-06 14:00:00+01:00,-0.963,2.0364676,6.8399997,0.0,0.0,63600.0,9.394418,9.655664
2026-01-06 15:00:00+01:00,-0.763,1.8,4.32,0.0,0.0,60360.0,10.401459,11.987508
2026-01-06 16:00:00+01:00,-0.263,1.0182338,3.96,0.0,0.0,66560.0,11.821781,13.0492525
2026-01-06 17:00:00+01:00,-1.213,5.771239,9.0,40.0,0.0,55840.0,16.335295,14.922391
2026-01-06 18:00:00+01:00,-3.613,3.6179552,9.36,0.0,0.0,44840.0,12.905135,23.17426
2026-01-06 19:00:00+01:00,-4.013,3.396233,5.7599998,36.0,0.0,44260.0,8.670211,25.516308
2026-01-06 20:00:00+01:00,-4.663,3.671294,5.7599998,62.0,0.0,51620.0,6.198138,35.292084
2026-01-06 21:00:00+01:00,-5.163,3.6179552,5.7599998,65.0,0.0,53540.0,7.4739733,32.210144
2026-01-06 22:00:00+01:00,-4.563,4.1046314,6.8399997,73.0,0.0,44660.0,4.488087,33.08922
2026-01-06 23:00:00+01:00,-4.963,2.5455842,6.8399997,100.0,0.0,45280.0,6.1307654,27.681644
2026-01-07 00:00:00+01:00,-4.213,3.219938,5.7599998,95.0,0.0,52680.0,4.9291077,23.496197
2026-01-07 01:00:00+01:00,-4.563,2.9024127,5.7599998,92.0,0.0,45960.0,3.286072,21.330421
2026-01-07 02:00:00+01:00,-5.113,3.219938,5.3999996,63.0,0.0,46340.0,2.0379353,21.803795
2026-01-07 03:00:00+01:00,-6.063,4.2136917,6.4799995,21.0,0.0,45700.0,1.643036,26.869482
2026-01-07 04:00:00+01:00,-6.363,3.219938,5.7599998,61.0,0.0,41020.0,0.64445174,26.71851
2026-01-07 05:00:00+01:00,-6.463,3.7064266,5.3999996,61.0,0.0,46160.0,1.0189676,26.754532
2026-01-07 06:00:00+01:00,-6.513,2.9024127,4.68,63.0,0.0,45820.0,1.643036,29.172411
2026-01-07 07:00:00+01:00,-6.713,3.6,4.32,69.0,0.0,45700.0,1.0189676,27.758083
2026-01-07 08:00:00+01:00,-7.063,2.9024127,5.3999996,0.0,0.0,43960.0,5.333787,28.307802
2026-01-07 09:00:00+01:00,-7.163,1.1384199,4.32,0.0,0.0,51060.0,7.7602262,23.553514
2026-01-07 10:00:00+01:00,-5.313,1.835647,3.6,0.0,0.0,52000.0,12.108149,22.482334
2026-01-07 11:00:00+01:00,-3.163,2.9024127,5.04,0.0,0.0,47440.0,14.560902,19.490047
2026-01-07 12:00:00+01:00,-1.463,1.1384199,5.3999996,0.0,0.0,67240.0,14.410378,23.190878
2026-01-07 13:00:00+01:00,-0.713,4.6938252,10.08,0.0,0.0,73440.0,8.513107,21.51923
2026-01-07 14:00:00+01:00,-0.213,0.8049845,6.8399997,0.0,0.0,73400.0,6.895935,22.839355
2026-01-07 15:00:00+01:00,-0.113000005,1.8,5.3999996,0.0,0.0,72280.0,4.1265044,20.818563
2026-01-07 16:00:00+01:00,-0.61300004,4.829907,5.7599998,0.0,0.0,73780.0,5.506198,22.77178
2026-01-07 17:00:00+01:00,-1.263,4.0249224,7.2,0.0,0.0,67840.0,13.049152,39.083736
2026-01-07 18:00:00+01:00,-1.713,4.6938257,6.8399997,0.0,0.0,61140.0,9.56962,44.173744
2026-01-07 19:00:00+01:00,-1.713,5.1544156,10.799999,87.0,0.0,66300.0,7.291139,48.20645
2026-01-07 20:00:00+01:00,-1.813,4.2136917,9.72,78.0,0.0,64680.0,1.643036,49.968407
2026-01-07 21:00:00+01:00,-1.363,3.7064266,7.92,86.0,0.0,60180.0,2.453999,49.226597
2026-01-07 22:00:00+01:00,-2.013,0.5091169,5.04,71.0,0.0,55620.0,6.572144,45.037437
2026-01-07 23:00:00+01:00,-1.063,0.8049845,5.04,52.0,0.0,65580.0,13.285712,37.760178
2026-01-08 00:00:00+01:00,-1.513,3.7064266,5.3999996,60.0,0.0,61140.0,15.044876,36.414967
2026-01-08 01:00:00+01:00,-1.863,1.08,6.4799995,6.0,0.0,62200.0,13.594724,43.310616
2026-01-08 02:00:00+01:00,-1.763,1.9386592,1.4399999,73.0,0.0,62940.0,6.47666,46.34852
2026-01-08 03:00:00+01:00,-1.763,5.00128,7.5599995,0.0,0.0,60880.0,13.033229,56.523666
2026-01-08 04:00:00+01:00,-1.013,3.219938,10.440001,48.0,0.0,68140.0,11.715913,63.58964
2026-01-08 05:00:00+01:00,-0.913,4.5820518,7.92,90.0,0.0,65100.0,6.970812,71.144135
2026-01-08 06:00:00+01:00,-0.263,1.8,7.92,71.0,0.0,50120.0,10.035667,80.84467
2026-01-08 07:00:00+01:00,-0.963,4.6938257,11.879999,75.0,0.0,62600.0,10.025316,86.516655
2026-01-08 08:00:00+01:00,-1.763,6.725354,10.08,100.0,0.0,19400.0,2.278481,66.64831
2026-01-08 09:00:00+01:00,-0.563,6.4096174,10.08,83.0,0.4,5700.0,2.9178793,74.74351
2026-01-08 10:00:00+01:00,-0.31300002,6.4096174,8.28,88.0,0.1,6720.0,10.280973,73.611275
2026-01-08 11:00:00+01:00,0.987,3.2599385,14.759999,100.0,0.0,24800.0,11.926711,74.41289
2026-01-08 12:00:00+01:00,0.487,6.489992,12.24,100.0,0.0,13760.0,14.878324,73.611275
2026-01-08 13:00:00+01:00,1.437,5.6233797,9.0,89.0,0.1,24840.0,12.030725,87.44898
2026-01-08 14:00:00+01:00,0.937,6.489992,12.599999,92.0,0.3,15600.0,11.618018,76.74746
2026-01-08 15:00:00+01:00,3.537,2.4149535,11.159999,80.0,0.1,38540.0,10.311228,80.5702
2026-01-08 16:00:00+01:00,1.337,8.427383,14.04,100.0,0.4,14500.0,7.7602262,72.62334
2026-01-08 17:00:00+01:00,0.937,5.8603754,10.440001,100.0,1.0,7400.0,16.512306,80.46254
2026-01-08 18:00:00+01:00,1.737,5.0142193,10.799999,89.0,1.5,10380.0,19.035887,82.32741
2026-01-08 19:00:00+01:00,3.137,4.0249224,13.679999,100.0,1.2,28740.0,18.599998,79.45069
2026-01-08 20:00:00+01:00,5.337,2.16,5.04,83.0,0.4,47400.0,20.225931,69.28687
2026-01-08 21:00:00+01:00,3.087,5.0142193,10.799999,100.0,0.2,26420.0,10.599223,66.51812
2026-01-08 22:00:00+01:00,1.837,5.0142193,10.08,96.0,0.4,10760.0,11.501252,68.063934
2026-01-08 23:00:00+01:00,1.487,5.4477882,8.64,82.0,0.2,4320.0,20.647614,71.27128
2026-01-09 00:00:00+01:00,2.887,7.92,12.959999,48.0,0.1,20020.0,20.071335,66.67721
2026-01-09 01:00:00+01:00,3.387,4.3349743,10.799999,97.0,0.6,26400.0,20.607346,76.644485
2026-01-09 02:00:00+01:00,2.837,2.1897945,8.64,57.0,0.1,25020.0,32.174217,94.16702
2026-01-09 03:00:00+01:00,3.387,4.802999,7.2,0.0,1.3,23700.0,73.943634,86.67014
2026-01-09 04:00:00+01:00,4.287,10.041354,10.440001,0.0,3.5,16860.0,69.17131,108.56392
2026-01-09 05:00:00+01:00,3.887,9.028754,17.64,0.0,1.5,23540.0,63.18421,81.29138
2026-01-09 06:00:00+01:00,4.987,4.2136917,18.72,0.0,0.6,55600.0,62.061737,74.2159
2026-01-09 07:00:00+01:00,2.637,14.003029,13.32,0.0,0.1,17760.0,59.228233,75.978096
2026-01-09 08:00:00+01:00,3.087,9.605998,20.880001,0.0,0.0,24520.0,56.300156,70.46946
2026-01-09 09:00:00+01:00,2.387,5.8603754,14.759999,0.0,0.4,30780.0,62.456978,73.68451
2026-01-09 10:00:00+01:00,4.687,12.758432,20.519999,0.0,0.4,37240.0,56.4806,73.401634
2026-01-09 11:00:00+01:00,7.187,8.089993,20.519999,0.0,0.2,41060.0,62.64952,70.89189
2026-01-09 12:00:00+01:00,7.637,5.937272,14.759999,0.0,0.8,37100.0,67.88038,62.69272
2026-01-09 13:00:00+01:00,7.387,7.2,32.039997,0.0,0.4,57580.0,67.91708,68.826614
2026-01-09 14:00:00+01:00,7.887,8.049845,12.599999,0.0,0.1,74400.0,69.18483,62.885994
2026-01-09 15:00:00+01:00,7.037,7.5942073,16.199999,0.0,0.2,68140.0,50.518604,63.32251
2026-01-09 16:00:00+01:00,5.337,11.620809,14.759999,0.0,0.1,62180.0,52.42289,66.43989
2026-01-09 17:00:00+01:00,3.437,13.004921,21.599998,3.0,0.0,48680.0,37.94064,63.958145
2026-01-09 18:00:00+01:00,2.337,5.3517847,21.24,63.0,0.0,39560.0,24.065763,54.634792
2026-01-09 19:00:00+01:00,2.337,4.39436,23.4,91.0,0.0,47300.0,9.515216,47.99019
2026-01-09 20:00:00+01:00,2.037,4.3349743,23.4,75.0,0.0,27060.0,13.941624,45.31459
2026-01-09 21:00:00+01:00,1.087,2.1897945,21.24,73.0,0.0,19800.0,13.525812,50.489964
2026-01-09 22:00:00+01:00,1.637,5.495161,15.119999,81.0,0.0,20700.0,11.419714,44.19118
2026-01-09 23:00:00+01:00,1.487,5.8603754,19.8,84.0,0.0,15280.0,11.392405,51.247314
2026-01-10 00:00:00+01:00,1.437,4.3498964,24.48,67.0,0.2,13500.0,19.642567,49.300888
2026-01-10 01:00:00+01:00,1.337,6.696387,24.84,90.0,0.0,19420.0,13.246578,50.371555
2026-01-10 02:00:00+01:00,1.487,6.379216,29.16,69.0,0.0,24160.0,16.335293,51.27362
2026-01-10 03:00:00+01:00,0.587,4.510787,23.039999,80.0,0.0,7400.0,19.209635,42.24795
2026-01-10 04:00:00+01:00,1.187,5.7599998,12.599999,81.0,0.1,22680.0,25.31063,47.74471
2026-01-10 05:00:00+01:00,1.087,4.5820518,12.599999,87.0,0.0,24080.0,15.031068,50.737343
2026-01-10 06:00:00+01:00,0.63699996,3.2599385,7.2,100.0,0.0,10040.0,14.388747,56.01702
2026-01-10 07:00:00+01:00,0.937,5.1544156,16.199999,100.0,0.3,6980.0,18.193638,57.133793
2026-01-10 08:00:00+01:00,1.187,7.289444,24.48,73.0,0.4,8700.0,22.440435,50.809425
2026-01-10 09:00:00+01:00,1.137,2.6208394,25.56,71.0,0.1,14960.0,20.687803,45.989704
2026-01-10 10:00:00+01:00,1.087,3.9763298,19.44,88.0,0.0,11100.0,16.053188,49.421864
2026-01-10 11:00:00+01:00,2.737,8.891344,30.239998,94.0,0.0,47220.0,18.555286,54.97222
2026-01-10 12:00:00+01:00,2.537,0.35999998,27.72,44.0,0.1,34220.0,16.91609,52.714787
2026-01-10 13:00:00+01:00,0.63699996,6.12,16.919998,93.0,0.4,5480.0,24.53999,47.857544
2026-01-10 14:00:00+01:00,2.137,5.5887027,21.24,89.0,0.2,22740.0,17.865383,48.944042
2026-01-10 15:00:00+01:00,1.587,7.2359104,20.880001,86.0,0.2,9600.0,16.518595,50.900333
2026-01-10 16:00:00+01:00,2.037,5.1919937,16.919998,99.0,0.2,18760.0,19.144665,39.845184
2026-01-10 17:00:00+01:00,1.037,5.1919937,12.959999,92.0,0.3,10960.0,18.6891,39.728985
2026-01-10 18:00:00+01:00,0.537,7.42159,22.68,48.0,0.1,6960.0,20.179676,38.587734
2026-01-10 19:00:00+01:00,0.43699998,2.8116899,16.56,100.0,0.0,11420.0,14.388747,38.632633
2026-01-10 20:00:00+01:00,0.43699998,3.7585104,14.4,83.0,0.4,6280.0,16.91609,36.085506
2026-01-10 21:00:00+01:00,0.037,1.8,3.96,100.0,0.1,2980.0,17.12957,34.273087
2026-01-10 22:00:00+01:00,0.037,2.3051248,6.8399997,100.0,0.6,2400.0,13.836966,34.697605
2026-01-10 23:00:00+01:00,-0.163,0.8049845,11.159999,100.0,0.7,500.0,15.031068,35.38475
2026-01-11 00:00:00+01:00,-0.263,2.968636,5.3999996,100.0,0.9,420.0,13.525812,37.24138
2026-01-11 01:00:00+01:00,-0.013,0.5091169,3.96,99.0,0.9,440.0,10.667574,32.495934
2026-01-11 02:00:00+01:00,-0.263,3.0547013,4.32,100.0,0.8,340.0,12.51299,30.816475
2026-01-11 03:00:00+01:00,-0.563,3.6179552,5.3999996,91.0,1.2,3240.0,8.402622,30.337694
2026-01-11 04:00:00+01:00,-0.463,3.4152596,5.7599998,94.0,0.3,4840.0,7.1327734,32.84967
2026-01-11 05:00:00+01:00,-0.813,2.6208394,5.3999996,93.0,0.6,460.0,7.840093,31.806936
2026-01-11 06:00:00+01:00,-0.813,3.5455887,5.3999996,94.0,0.5,3320.0,5.562481,30.922554
2026-01-11 07:00:00+01:00,-0.163,1.8,6.4799995,90.0,0.4,480.0,6.728273,34.957558
2026-01-11 08:00:00+01:00,-0.41300002,1.835647,5.7599998,83.0,0.1,18000.0,3.67394,31.65517
2026-01-11 09:00:00+01:00,-0.763,4.072935,6.12,100.0,0.0,20820.0,4.556962,26.098505
2026-01-11 10:00:00+01:00,0.237,1.5273507,7.2,91.0,0.0,1380.0,3.9200466,25.319267
2026-01-11 11:00:00+01:00,1.287,4.1046314,7.2,87.0,0.1,1600.0,2.278481,21.944693
2026-01-11 12:00:00+01:00,2.087,0.8049845,7.2,79.0,0.0,5780.0,3.3175182,24.278408
2026-01-11 13:00:00+01:00,3.137,1.2979984,5.3999996,59.0,0.0,17160.0,4.556962,23.878408
2026-01-11 14:00:00+01:00,3.337,1.835647,7.92,45.0,0.0,29080.0,4.556962,22.379284
2026-01-11 15:00:00+01:00,3.337,2.3051248,6.12,60.0,0.0,30240.0,4.201311,26.098505
2026-01-11 16:00:00+01:00,2.987,3.396233,5.7599998,41.0,0.0,37420.0,5.8357587,33.106678
2026-01-11 17:00:00+01:00,1.787,1.9386592,4.68,0.0,0.0,30340.0,9.383359,40.819485
2026-01-11 18:00:00+01:00,0.737,0.35999998,2.16,0.0,0.0,17820.0,8.976174,39.196926
2026-01-11 19:00:00+01:00,0.13700001,0.35999998,5.04,29.0,0.0,22620.0,10.087265,39.280384
2026-01-11 20:00:00+01:00,-0.61300004,2.9024127,5.3999996,6.0,0.0,16280.0,9.666777,34.474827
2026-01-11 21:00:00+01:00,-0.41300002,1.609969,4.32,21.0,0.0,19440.0,7.0743074,31.951952
2026-01-11 22:00:00+01:00,-1.263,2.9024127,7.92,0.0,0.0,33260.0,10.391472,27.373749
2026-01-11 23:00:00+01:00,-0.963,1.1384199,5.04,0.0,0.0,37580.0,7.7602262,25.69685
2026-01-12 00:00:00+01:00,-1.213,2.16,3.96,0.0,0.0,39060.0,6.835443,26.105885
2026-01-12 01:00:00+01:00,-1.413,4.8433046,8.28,0.0,0.0,32280.0,8.765491,27.317396
2026-01-12 02:00:00+01:00,-2.213,2.6208394,8.28,53.0,0.0,2160.0,6.850616,31.465965
2026-01-12 03:00:00+01:00,-1.313,3.096837,7.92,0.0,0.0,20420.0,8.800955,44.594723
2026-01-12 04:00:00+01:00,-1.213,1.484318,6.12,0.0,0.0,28580.0,6.6350365,37.14297
2026-01-12 05:00:00+01:00,-1.713,3.7064266,7.92,0.0,0.0,22300.0,5.8000655,40.033276
2026-01-12 06:00:00+01:00,-1.113,3.096837,10.08,14.0,0.0,33440.0,9.612922,51.520977
2026-01-12 07:00:00+01:00,0.937,7.072878,10.08,38.0,0.0,35720.0,15.5538645,44.173744
2026-01-12 08:00:00+01:00,0.587,3.4152596,9.36,44.0,0.0,10980.0,10.087265,41.701843
2026-01-12 09:00:00+01:00,0.287,1.5273507,5.04,56.0,0.0,3160.0,4.57969,38.88609
2026-01-12 10:00:00+01:00,0.687,2.2768397,6.8399997,41.0,0.0,5100.0,4.323114,34.896893
2026-01-12 11:00:00+01:00,3.087,3.4152596,6.8399997,0.0,0.0,14680.0,7.3053656,32.42472
2026-01-12 12:00:00+01:00,3.387,2.0991426,5.3999996,0.0,0.0,17240.0,7.291139,35.817608
2026-01-12 13:00:00+01:00,5.287,3.4152596,10.799999,0.0,0.0,49360.0,7.6388597,32.490005
2026-01-12 14:00:00+01:00,6.637,1.1384199,8.28,0.0,0.0,69600.0,5.487309,34.957558
2026-01-12 15:00:00+01:00,5.287,0.5091169,7.2,0.0,0.0,54380.0,7.0889688,36.74671
2026-01-12 16:00:00+01:00,5.237,2.968636,3.6,0.0,0.0,48680.0,9.515216,41.549133
2026-01-12 17:00:00+01:00,2.937,6.379216,8.64,0.0,0.0,10480.0,6.524576,45.619633
2026-01-12 18:00:00+01:00,0.837,2.4149535,8.64,0.0,0.0,7480.0,6.198138,47.69627
2026-01-12 19:00:00+01:00,1.937,3.319036,5.7599998,0.0,0.0,29300.0,10.066657,50.44416
2026-01-12 20:00:00+01:00,2.387,2.5959969,6.12,0.0,0.0,27440.0,9.079681,55.67209
2026-01-12 21:00:00+01:00,0.487,3.219938,8.28,0.0,0.0,18420.0,10.599223,52.90446
2026-01-12 22:00:00+01:00,2.387,2.1897945,6.12,0.0,0.0,35420.0,11.618018,55.533516
2026-01-12 23:00:00+01:00,1.987,4.39436,7.2,0.0,0.0,33060.0,13.270073,58.572193
2026-01-13 00:00:00+01:00,0.487,3.7064266,7.5599995,0.0,0.0,4480.0,9.752324,58.85761
2026-01-13 01:00:00+01:00,0.937,2.968636,8.28,0.0,0.0,12580.0,10.490913,61.922928
2026-01-13 02:00:00+01:00,0.937,2.7416782,7.2,0.0,0.0,14180.0,8.976174,60.821243
2026-01-13 03:00:00+01:00,0.037,1.484318,4.68,0.0,0.0,4560.0,8.84802,55.157623
2026-01-13 04:00:00+01:00,-0.213,2.5455842,5.3999996,27.0,0.0,2400.0,8.84802,55.157623
2026-01-13 05:00:00+01:00,-0.31300002,3.7585104,5.7599998,65.0,0.0,1000.0,8.670211,52.40694
2026-01-13 06:00:00+01:00,-0.41300002,2.0991426,5.04,82.0,0.0,640.0,8.253009,46.34852
2026-01-13 07:00:00+01:00,-1.063,1.5273507,3.96,100.0,0.0,80.0,11.85686,49.561977
2026-01-13 08:00:00+01:00,-0.913,1.9386592,5.7599998,100.0,0.0,100.0,11.680409,45.31459
2026-01-13 09:00:00+01:00,-1.613,3.2399998,5.04,100.0,0.0,40.0,9.580464,43.88938
2026-01-13 10:00:00+01:00,-1.313,1.4399999,6.4799995,100.0,0.0,60.0,12.792001,42.520634
2026-01-13 11:00:00+01:00,0.937,2.5455842,4.32,55.0,0.0,1500.0,11.85686,39.35877
2026-01-13 12:00:00+01:00,2.237,4.2136917,7.5599995,83.0,0.0,320.0,11.4288025,38.712326
2026-01-13 13:00:00+01:00,4.887,1.5273507,7.2,0.0,0.0,8280.0,10.025316,41.697224
2026-01-13 14:00:00+01:00,6.537,2.1897945,5.3999996,0.0,0.0,34140.0,9.580464,37.744873
2026-01-13 15:00:00+01:00,6.837,1.484318,2.52,0.0,0.0,39540.0,5.993747,33.367477
2026-01-13 16:00:00+01:00,7.037,0.5091169,3.96,0.0,0.0,49600.0,5.993747,30.722569
2026-01-13 17:00:00+01:00,6.187,1.609969,2.16,0.0,0.0,41420.0,6.895935,31.79482
2026-01-13 18:00:00+01:00,2.687,3.7064266,5.3999996,0.0,0.0,26500.0,7.515534,33.54022
2026-01-13 19:00:00+01:00,1.537,4.829907,5.3999996,0.0,0.0,8000.0,10.9461975,39.94175
2026-01-13 20:00:00+01:00,2.037,2.9024127,6.8399997,0.0,0.0,20020.0,13.739071,46.13607
2026-01-13 21:00:00+01:00,3.987,1.8,3.96,0.0,0.0,49360.0,14.309151,45.564705
2026-01-13 22:00:00+01:00,3.287,0.71999997,2.16,0.0,0.0,46160.0,15.148044,49.06982
2026-01-13 23:00:00+01:00,2.037,1.9386592,2.16,0.0,0.0,24760.0,16.712313,50.653748
2026-01-14 00:00:00+01:00,0.13700001,3.8773184,6.8399997,0.0,0.0,8580.0,12.889034,50.520477
2026-01-14 01:00:00+01:00,1.237,1.0182338,5.3999996,0.0,0.0,18980.0,12.767627,54.9056
2026-01-14 02:00:00+01:00,1.137,2.2768397,5.7599998,0.0,0.0,31100.0,10.280973,55.003746
2026-01-14 03:00:00+01:00,0.737,3.9763298,6.12,0.0,0.0,27440.0,10.490913,50.900333
2026-01-14 04:00:00+01:00,0.837,4.379589,6.4799995,0.0,0.0,26800.0,11.392405,54.124702
2026-01-14 05:00:00+01:00,1.437,4.829907,7.2,0.0,0.0,34180.0,8.95301,55.157623
2026-01-14 06:00:00+01:00,0.88699996,4.896529,7.92,0.0,0.0,25160.0,9.482423,54.87753
2026-01-14 07:00:00+01:00,1.987,2.2768397,6.8399997,0.0,0.0,48660.0,10.118097,57.577118
2026-01-14 08:00:00+01:00,1.937,3.0758414,4.68,0.0,0.0,46180.0,10.025316,54.028526
2026-01-14 09:00:00+01:00,0.187,4.1046314,5.04,0.0,0.0,16000.0,7.6388597,50.56621
2026-01-14 10:00:00+01:00,0.33699998,4.73506,9.0,0.0,0.0,27300.0,8.765491,57.933983
2026-01-14 11:00:00+01:00,4.337,3.8773184,9.0,0.0,0.0,59540.0,9.612922,59.33026
2026-01-14 12:00:00+01:00,5.387,4.379589,11.159999,0.0,0.0,50040.0,5.3142853,54.028526
2026-01-14 13:00:00+01:00,8.037001,0.71999997,9.0,0.0,0.0,70120.0,3.5591009,59.615295
2026-01-14 14:00:00+01:00,9.037001,3.7064266,6.4799995,0.0,0.0,70840.0,1.8788835,55.157623
2026-01-14 15:00:00+01:00,7.487,2.0991426,5.04,0.0,0.0,65920.0,0.64445174,51.442398
2026-01-14 16:00:00+01:00,7.237,2.1897945,5.3999996,0.0,0.0,66320.0,1.0189676,53.89645
2026-01-14 17:00:00+01:00,5.787,3.0758414,6.8399997,0.0,0.0,61540.0,1.2889035,51.28113
2026-01-14 18:00:00+01:00,4.487,3.096837,6.12,0.0,0.0,58340.0,0.64445174,48.87709
2026-01-14 19:00:00+01:00,2.487,2.9024127,6.8399997,0.0,0.0,37660.0,1.643036,48.47741
2026-01-14 20:00:00+01:00,1.937,1.8,4.68,0.0,0.0,27860.0,5.0333285,46.33605
2026-01-14 21:00:00+01:00,1.737,2.2768397,2.52,0.0,0.0,25840.0,5.012658,41.590836
2026-01-14 22:00:00+01:00,1.437,3.319036,6.12,0.0,0.0,31560.0,5.487309,41.807953
2026-01-14 23:00:00+01:00,2.337,2.1897945,5.04,0.0,0.0,44700.0,5.333787,38.662537
2026-01-15 00:00:00+01:00,2.187,2.5455842,3.6,0.0,0.0,48780.0,5.094838,38.781925
2026-01-15 01:00:00+01:00,1.887,3.219938,2.8799999,0.0,0.0,31180.0,4.844117,38.712326
2026-01-15 02:00:00+01:00,2.587,1.835647,3.96,0.0,0.0,46200.0,3.3175182,43.946407
2026-01-15 03:00:00+01:00,2.837,1.8,2.8799999,0.0,0.0,50240.0,3.286072,43.221573
2026-01-15 04:00:00+01:00,1.587,5.904439,4.68,0.0,0.0,21920.0,7.20519,48.002224
2026-01-15 05:00:00+01:00,1.787,3.8773184,9.72,10.0,0.0,24760.0,6.444517,48.178474
2026-01-15 06:00:00+01:00,1.887,2.8116899,5.7599998,14.0,0.0,29660.0,5.709857,47.433033
2026-01-15 07:00:00+01:00,1.387,1.835647,6.4799995,18.0,0.0,16860.0,4.101266,47.889736
2026-01-15 08:00:00+01:00,2.087,6.6185193,9.36,15.0,0.0,30080.0,8.315675,43.89816
2026-01-15 09:00:00+01:00,1.537,5.771239,12.24,13.0,0.0,23680.0,9.215885,39.06402
2026-01-15 10:00:00+01:00,2.537,4.0249224,7.2,0.0,0.0,17640.0,16.712313,42.17037
2026-01-15 11:00:00+01:00,5.637,3.7585104,7.5599995,0.0,0.0,43180.0,19.467348,40.464016
2026-01-15 12:00:00+01:00,7.487,0.8049845,7.5599995,0.0,0.0,52160.0,21.996489,34.89689
2026-01-15 13:00:00+01:00,9.287001,2.9024127,6.12,0.0,0.0,72200.0,24.318981,28.953691
2026-01-15 14:00:00+01:00,9.637,3.396233,6.4799995,0.0,0.0,72460.0,28.98242,23.635157
2026-01-15 15:00:00+01:00,9.887,2.4149535,6.4799995,0.0,0.0,72040.0,33.739986,23.635157
2026-01-15 16:00:00+01:00,8.137,2.3051248,5.3999996,0.0,0.0,66200.0,34.731705,28.933727
2026-01-15 17:00:00+01:00,6.587,1.1384199,6.4799995,0.0,0.0,55880.0,40.81217,31.5149
2026-01-15 18:00:00+01:00,4.387,3.6179552,3.6,0.0,0.0,43960.0,36.054756,33.75205
2026-01-15 19:00:00+01:00,3.487,3.7064266,5.7599998,0.0,0.0,32360.0,40.81217,39.10837
2026-01-15 20:00:00+01:00,3.087,0.8049845,5.7599998,0.0,0.0,8660.0,42.663,35.806854
2026-01-15 21:00:00+01:00,3.237,2.5959969,3.2399998,0.0,0.0,36460.0,40.34906,34.725353
2026-01-15 22:00:00+01:00,2.787,2.5959969,6.12,0.0,0.0,21980.0,39.63509,42.845573
2026-01-15 23:00:00+01:00,2.237,3.219938,4.68,0.0,0.0,31680.0,37.369865,42.755558
2026-01-16 00:00:00+01:00,1.287,4.198285,7.2,0.0,0.0,11640.0,37.57767,37.882412
2026-01-16 01:00:00+01:00,0.837,0.71999997,5.3999996,100.0,0.0,100.0,37.469757,42.21146
2026-01-16 02:00:00+01:00,1.187,0.8049845,2.16,100.0,0.0,80.0,37.932434,39.811325
2026-01-16 03:00:00+01:00,2.337,0.5091169,1.4399999,80.0,0.0,440.0,35.617252,35.341175
2026-01-16 04:00:00+01:00,0.587,1.2979984,1.4399999,81.0,0.0,320.0,35.884445,43.221573
2026-01-16 05:00:00+01:00,0.43699998,3.2599385,4.32,100.0,0.0,60.0,35.147736,42.357235
2026-01-16 06:00:00+01:00,-0.363,3.319036,5.7599998,100.0,0.0,40.0,32.613335,42.502514
2026-01-16 07:00:00+01:00,1.637,2.5455842,5.3999996,0.0,0.0,31720.0,37.759594,38.427654
2026-01-16 08:00:00+01:00,1.487,0.8049845,2.16,0.0,0.0,29660.0,37.026543,32.25795
2026-01-16 09:00:00+01:00,-1.263,5.8603754,9.0,87.0,0.0,440.0,33.872055,30.267769
2026-01-16 10:00:00+01:00,0.33699998,1.1384199,8.28,0.0,0.0,18700.0,33.268944,31.5149
2026-01-16 11:00:00+01:00,1.487,4.452954,9.0,63.0,0.0,960.0,32.177444,28.592175
2026-01-16 12:00:00+01:00,3.187,1.484318,5.04,86.0,0.0,300.0,32.86704,28.61238
2026-01-16 13:00:00+01:00,6.037,5.00128,7.2,0.0,0.0,30660.0,38.688576,32.89655
2026-01-16 14:00:00+01:00,5.887,5.6002855,13.32,76.0,0.0,10000.0,39.128887,31.189268
2026-01-16 15:00:00+01:00,5.437,6.3690495,11.879999,55.0,0.0,6680.0,35.053078,23.59437
2026-01-16 16:00:00+01:00,4.587,2.0364676,9.72,92.0,0.0,1440.0,35.593925,18.908127
2026-01-16 17:00:00+01:00,3.387,2.9024127,4.68,100.0,0.0,120.0,39.372257,18.074755
2026-01-16 18:00:00+01:00,2.687,3.9763298,6.12,100.0,0.0,80.0,39.68745,18.631031
2026-01-16 19:00:00+01:00,2.587,2.9024127,5.3999996,100.0,0.0,60.0,35.698784,24.278408
2026-01-16 20:00:00+01:00,1.887,4.1046314,5.3999996,100.0,0.0,40.0,33.872055,26.869482
2026-01-16 21:00:00+01:00,1.737,4.0249224,6.4799995,100.0,0.0,40.0,32.825947,29.198812
2026-01-16 22:00:00+01:00,1.687,4.802999,6.8399997,100.0,0.0,60.0,37.369865,35.37931
2026-01-16 23:00:00+01:00,1.787,4.6938252,8.28,100.0,0.0,80.0,37.026543,33.51724
2026-01-17 00:00:00+01:00,1.387,3.671294,7.2,100.0,0.0,60.0,27.976185,34.14357
2026-01-17 01:00:00+01:00,1.837,3.2399998,9.72,100.0,0.0,120.0,30.39873,29.851236
2026-01-17 02:00:00+01:00,1.587,5.3999996,8.64,100.0,0.0,60.0,24.578041,26.754532
2026-01-17 03:00:00+01:00,1.287,4.2136917,8.64,100.0,0.0,60.0,28.418058,24.214851
2026-01-17 04:00:00+01:00,2.087,2.0991426,5.3999996,100.0,0.0,140.0,31.297405,19.871763
2026-01-17 05:00:00+01:00,2.337,2.968636,4.32,100.0,0.0,140.0,33.0529,21.112574
2026-01-17 06:00:00+01:00,0.63699996,1.08,6.8399997,100.0,0.0,40.0,27.632627,19.900824
2026-01-17 07:00:00+01:00,1.837,2.8799999,7.5599995,100.0,0.0,80.0,33.29078,22.422277
2026-01-17 08:00:00+01:00,1.537,2.9024127,6.8399997,100.0,0.0,100.0,40.641354,21.139927
2026-01-17 09:00:00+01:00,1.387,3.96,6.12,100.0,0.0,100.0,43.66369,20.716534
2026-01-17 10:00:00+01:00,2.437,1.8,7.92,100.0,0.0,80.0,42.311092,26.194279
2026-01-17 11:00:00+01:00,3.837,4.1046314,6.4799995,100.0,0.0,100.0,44.818363,34.591965
2026-01-17 12:00:00+01:00,5.037,5.495161,11.5199995,84.0,0.0,1080.0,44.004776,38.88609
2026-01-17 13:00:00+01:00,6.487,6.6087217,8.28,92.0,0.0,1080.0,41.35804,24.835342
2026-01-17 14:00:00+01:00,7.037,4.1046314,10.799999,88.0,0.0,6180.0,40.781628,25.105341
2026-01-17 15:00:00+01:00,7.187,1.609969,6.4799995,79.0,0.0,8180.0,38.62412,32.867256
2026-01-17 16:00:00+01:00,6.037,1.1384199,2.8799999,62.0,0.0,3700.0,39.097034,29.954306
2026-01-17 17:00:00+01:00,5.437,1.8,4.68,70.0,0.0,6300.0,38.672474,36.53116
2026-01-17 18:00:00+01:00,3.587,3.9763298,6.12,88.0,0.0,580.0,43.156616,42.97127
2026-01-17 19:00:00+01:00,3.587,2.5455842,7.5599995,100.0,0.0,100.0,43.862976,47.02927
2026-01-17 20:00:00+01:00,3.137,2.5455842,3.6,100.0,0.0,100.0,44.27998,52.24496
2026-01-17 21:00:00+01:00,2.487,5.0911684,8.28,100.0,0.0,60.0,42.796642,54.99324
2026-01-17 22:00:00+01:00,2.037,4.6102495,7.92,100.0,0.0,40.0,41.77767,55.283207
2026-01-17 23:00:00+01:00,2.187,4.3349743,6.8399997,100.0,0.0,60.0,45.653843,54.146053
2026-01-18 00:00:00+01:00,3.687,6.87779,10.08,0.0,0.0,13020.0,49.352127,53.853542
2026-01-18 01:00:00+01:00,2.887,6.725354,13.679999,56.0,0.0,1760.0,48.157406,55.67209
2026-01-18 02:00:00+01:00,2.487,9.565437,20.16,71.0,0.0,3200.0,49.727287,49.410168
2026-01-18 03:00:00+01:00,2.387,6.6087217,13.32,77.0,0.0,1000.0,51.370525,49.421864
2026-01-18 04:00:00+01:00,1.937,6.9527545,10.08,69.0,0.0,1000.0,48.31454,40.273144
2026-01-18 05:00:00+01:00,1.787,7.42159,13.32,48.0,0.0,2180.0,49.555782,38.02959
2026-01-18 06:00:00+01:00,1.187,8.225035,11.879999,100.0,0.0,260.0,50.62126,35.860607
2026-01-18 07:00:00+01:00,2.987,11.019764,13.679999,73.0,0.0,16880.0,51.53398,20.66067
2026-01-18 08:00:00+01:00,2.587,7.5942082,17.28,55.0,0.0,2160.0,54.245075,23.323399
2026-01-18 09:00:00+01:00,2.387,10.383987,15.84,0.0,0.0,4520.0,53.673584,25.59169
2026-01-18 10:00:00+01:00,4.337,8.0899935,16.199999,0.0,0.0,17660.0,54.935493,14.753624
2026-01-18 11:00:00+01:00,5.187,9.957108,16.199999,9.0,0.0,8880.0,57.815975,18.98945
2026-01-18 12:00:00+01:00,6.487,9.0,15.84,0.0,0.0,13400.0,53.857044,28.04116
2026-01-18 13:00:00+01:00,7.487,8.707237,14.4,3.0,0.0,20000.0,51.62859,24.405024
2026-01-18 14:00:00+01:00,8.387,9.028754,15.4800005,0.0,0.0,34420.0,52.90984,16.433628
2026-01-18 15:00:00+01:00,7.287,13.608762,22.68,0.0,0.0,27800.0,47.813362,16.77011
2026-01-18 16:00:00+01:00,6.237,7.10031,20.519999,22.0,0.0,29840.0,44.672173,6.2068963
2026-01-18 17:00:00+01:00,4.937,3.319036,11.879999,0.0,0.0,23580.0,42.242325,7.677507
2026-01-18 18:00:00+01:00,3.287,6.28713,9.72,0.0,0.0,10480.0,41.976025,8.6452055
2026-01-18 19:00:00+01:00,1.537,3.396233,9.36,52.0,0.0,2020.0,42.82817,5.339374
2026-01-18 20:00:00+01:00,1.337,3.319036,6.4799995,13.0,0.0,2680.0,43.749207,8.886923
2026-01-18 21:00:00+01:00,0.987,6.519877,9.72,0.0,0.0,8080.0,38.72077,14.003396
2026-01-18 22:00:00+01:00,1.637,4.68,10.799999,0.0,0.0,25460.0,42.56554,15.824542
2026-01-18 23:00:00+01:00,1.737,3.8773184,7.92,0.0,0.0,32020.0,43.501682,18.877537
2026-01-19 00:00:00+01:00,1.237,6.162207,8.64,0.0,0.0,18800.0,40.967064,23.716516
2026-01-19 01:00:00+01:00,0.687,5.95906,9.72,0.0,0.0,12080.0,43.327095,20.567223
2026-01-19 02:00:00+01:00,0.687,4.3498964,9.36,0.0,0.0,18240.0,41.889366,18.042755
2026-01-19 03:00:00+01:00,-0.463,5.1165614,7.92,0.0,0.0,3380.0,39.7528,18.662022
2026-01-19 04:00:00+01:00,-0.31300002,4.2136917,6.8399997,100.0,0.0,100.0,40.873177,10.839878
2026-01-19 05:00:00+01:00,-0.763,4.5536795,7.5599995,74.0,0.0,940.0,39.192524,6.6850314
2026-01-19 06:00:00+01:00,-1.363,5.3517847,9.0,98.0,0.0,240.0,37.7018,6.48019
2026-01-19 07:00:00+01:00,-1.113,4.6938257,8.28,100.0,0.0,40.0,42.14143,11.939204
2026-01-19 08:00:00+01:00,-1.813,4.3349743,7.92,100.0,0.0,20.0,41.645744,13.370063
2026-01-19 09:00:00+01:00,-1.763,3.6,6.4799995,100.0,0.0,40.0,40.359352,14.529971
2026-01-19 10:00:00+01:00,-0.213,4.5536795,6.8399997,100.0,0.0,80.0,40.209866,16.65485
2026-01-19 11:00:00+01:00,0.987,6.792466,11.159999,76.0,0.0,420.0,43.68033,20.265303
2026-01-19 12:00:00+01:00,3.337,9.659814,16.199999,71.0,0.0,400.0,43.004784,19.120867
2026-01-19 13:00:00+01:00,4.387,10.315115,15.84,38.0,0.0,10460.0,45.61061,12.367153
2026-01-19 14:00:00+01:00,4.187,9.726664,18.0,73.0,0.0,6620.0,46.03434,14.922391
2026-01-19 15:00:00+01:00,3.937,6.763786,14.4,71.0,0.0,2840.0,42.24478,15.529648
2026-01-19 16:00:00+01:00,3.037,6.9247384,13.32,88.0,0.0,360.0,40.781628,10.4046545
2026-01-19 17:00:00+01:00,2.287,7.10031,11.5199995,68.0,0.0,3040.0,43.0892,8.886923
2026-01-19 18:00:00+01:00,1.237,8.707237,14.759999,30.0,0.0,2740.0,38.774364,11.189642
2026-01-19 19:00:00+01:00,1.287,8.217153,13.679999,75.0,0.0,3700.0,44.530167,7.4740934
2026-01-19 20:00:00+01:00,0.787,7.289445,12.959999,40.0,0.0,6680.0,43.37739,11.809426
2026-01-19 21:00:00+01:00,0.587,5.991594,11.5199995,0.0,0.0,13600.0,38.519135,16.245003
2026-01-19 22:00:00+01:00,0.087,5.1919937,9.36,0.0,0.0,10260.0,38.672474,11.241167
2026-01-19 23:00:00+01:00,0.13700001,4.3498964,9.36,0.0,0.0,14900.0,39.522285,13.034482
2026-01-20 00:00:00+01:00,0.487,5.154415,7.5599995,0.0,0.0,21460.0,37.090984,13.6692705
2026-01-20 01:00:00+01:00,-0.163,3.319036,7.5599995,0.0,0.0,22480.0,37.825527,11.444951
2026-01-20 02:00:00+01:00,-0.61300004,3.563818,7.5599995,0.0,0.0,13260.0,35.794636,10.027549
2026-01-20 03:00:00+01:00,-1.213,2.5455842,4.68,0.0,0.0,3820.0,34.446533,5.6205835
2026-01-20 04:00:00+01:00,-0.263,2.9024127,2.8799999,0.0,0.0,26320.0,36.506924,1.7555753
2026-01-20 05:00:00+01:00,-0.713,3.5455887,6.4799995,0.0,0.0,21760.0,37.71557,4.8477407
2026-01-20 06:00:00+01:00,-1.513,5.3999996,7.92,0.0,0.0,11520.0,36.484165,9.813965
2026-01-20 07:00:00+01:00,-2.013,4.198285,9.72,0.0,0.0,2900.0,37.825527,9.310345
2026-01-20 08:00:00+01:00,-2.413,3.096837,6.8399997,59.0,0.0,1400.0,36.64319,12.475707
2026-01-20 09:00:00+01:00,-2.513,2.5959969,4.32,90.0,0.0,320.0,36.072033,16.185604
2026-01-20 10:00:00+01:00,0.837,3.2599385,6.4799995,0.0,0.0,44960.0,38.175266,11.939204
2026-01-20 11:00:00+01:00,3.837,4.6938252,7.5599995,0.0,0.0,37120.0,42.24478,16.804535
2026-01-20 12:00:00+01:00,4.037,6.725354,13.679999,0.0,0.0,16120.0,37.907784,19.28138
2026-01-20 13:00:00+01:00,5.937,6.9527545,12.599999,0.0,0.0,35220.0,37.921482,17.423588
2026-01-20 14:00:00+01:00,7.587,6.8399997,11.5199995,0.0,0.0,55760.0,36.7394,13.6692705
2026-01-20 15:00:00+01:00,5.337,8.942214,17.28,0.0,0.0,20180.0,31.479338,13.166815
2026-01-20 16:00:00+01:00,4.787,7.4128532,12.959999,0.0,0.0,18700.0,25.938683,8.622896
2026-01-20 17:00:00+01:00,3.387,4.1046314,11.5199995,0.0,0.0,12280.0,25.978682,4.475857
2026-01-20 18:00:00+01:00,1.687,4.0249224,6.12,0.0,0.0,6160.0,28.009565,3.1034482
2026-01-20 19:00:00+01:00,2.037,3.219938,7.5599995,0.0,0.0,7220.0,23.056606,2.6333632
2026-01-20 20:00:00+01:00,0.43699998,3.8268526,5.3999996,15.0,0.0,4960.0,20.907467,2.4827583
2026-01-20 21:00:00+01:00,-0.363,1.1384199,5.7599998,0.0,0.0,3340.0,25.31063,3.1034482
2026-01-20 22:00:00+01:00,0.537,3.8268526,3.96,0.0,0.0,20460.0,22.679756,4.5186887
2026-01-20 23:00:00+01:00,-1.413,3.7585104,8.64,100.0,0.0,200.0,25.133617,4.9655166
2026-01-21 00:00:00+01:00,-2.063,7.172949,10.08,100.0,0.0,360.0,23.875175,7.0769506
2026-01-21 01:00:00+01:00,-0.31300002,4.829907,10.440001,79.0,0.0,680.0,20.907467,5.1183376
2026-01-21 02:00:00+01:00,-1.113,2.4149535,8.28,100.0,0.0,60.0,19.46735,4.1637125
2026-01-21 03:00:00+01:00,-0.963,1.8,5.04,100.0,0.0,60.0,19.805754,5.551616
2026-01-21 04:00:00+01:00,0.737,2.5455842,3.96,0.0,0.0,29680.0,19.972805,7.677507
2026-01-21 05:00:00+01:00,-0.113000005,3.9763298,13.32,38.0,0.0,7400.0,28.432667,5.8883786
2026-01-21 06:00:00+01:00,-1.113,5.0528407,8.28,100.0,0.0,80.0,30.636887,3.1034482
2026-01-21 07:00:00+01:00,-0.61300004,3.8773184,10.799999,100.0,0.0,100.0,24.963669,2.6333632
2026-01-21 08:00:00+01:00,-0.41300002,1.8,7.5599995,100.0,0.0,80.0,23.101595,1.387904
2026-01-21 09:00:00+01:00,-0.113000005,3.4152596,5.04,100.0,0.0,100.0,22.259253,0.87778765
2026-01-21 10:00:00+01:00,1.337,2.9024127,11.159999,84.0,0.0,960.0,23.204739,4.5186887
2026-01-21 11:00:00+01:00,2.737,2.9024127,9.72,73.0,0.0,5760.0,20.647614,6.6850314
2026-01-21 12:00:00+01:00,3.887,3.2399998,6.4799995,62.0,0.0,9420.0,20.323235,5.6205835
2026-01-21 13:00:00+01:00,3.887,4.8433046,8.28,78.0,0.0,9760.0,21.615568,9.331011
2026-01-21 14:00:00+01:00,4.187,1.5273507,10.440001,66.0,0.0,13180.0,19.467348,10.5517235
2026-01-21 15:00:00+01:00,4.237,2.3051248,8.64,69.0,0.0,12380.0,20.17453,9.454063
2026-01-21 16:00:00+01:00,3.987,2.3051248,5.3999996,19.0,0.0,13380.0,21.475815,11.939203
2026-01-21 17:00:00+01:00,3.187,3.319036,5.7599998,67.0,0.0,6120.0,24.065763,13.739551
2026-01-21 18:00:00+01:00,1.687,2.5455842,4.68,93.0,0.0,1420.0,25.938683,12.795845
2026-01-21 19:00:00+01:00,0.487,3.5455887,6.4799995,100.0,0.0,100.0,21.783041,10.551724
2026-01-21 20:00:00+01:00,0.43699998,3.319036,5.7599998,100.0,0.0,100.0,23.101591,9.6356945
2026-01-21 21:00:00+01:00,0.187,3.6179552,5.3999996,100.0,0.0,160.0,28.96809,8.777877
2026-01-21 22:00:00+01:00,-0.213,4.510787,8.64,100.0,0.0,120.0,29.253422,9.037377
2026-01-21 23:00:00+01:00,-0.163,3.96,11.5199995,100.0,0.0,100.0,26.64167,9.813965
2026-01-22 00:00:00+01:00,-0.013,3.0547013,5.7599998,100.0,0.0,60.0,28.545649,10.714764
2026-01-22 01:00:00+01:00,-0.013,4.0249224,7.2,100.0,0.0,60.0,23.074612,10.00832
2026-01-22 02:00:00+01:00,-0.113000005,4.829907,7.92,100.0,0.0,60.0,8.976174,8.327425
2026-01-22 03:00:00+01:00,-0.163,4.896529,7.2,100.0,0.0,140.0,6.835443,8.886923
2026-01-22 04:00:00+01:00,0.187,7.10031,9.72,0.0,0.0,25740.0,9.837129,8.821657
2026-01-22 05:00:00+01:00,0.087,2.1897945,11.159999,0.0,0.0,31340.0,13.402427,9.227214
2026-01-22 06:00:00+01:00,-0.963,6.439876,15.4800005,100.0,0.0,80.0,14.47508,8.951714
2026-01-22 07:00:00+01:00,-1.613,5.5887027,11.879999,100.0,0.0,40.0,16.00136,7.677507
2026-01-22 08:00:00+01:00,-0.713,1.9386592,7.5599995,100.0,0.0,80.0,13.708808,5.7224755
2026-01-22 09:00:00+01:00,-0.563,1.9386592,5.04,100.0,0.0,40.0,10.391472,6.6850314
2026-01-22 10:00:00+01:00,-0.013,4.6800003,6.12,100.0,0.0,60.0,2.9178793,19.311329
2026-01-22 11:00:00+01:00,0.787,1.1384199,5.3999996,100.0,0.0,60.0,2.3236039,17.643314
2026-01-22 12:00:00+01:00,1.437,2.4149535,4.32,100.0,0.0,100.0,1.9333551,16.245003
2026-01-22 13:00:00+01:00,3.037,0.8049845,4.32,48.0,0.0,3320.0,0.0,19.794064
2026-01-22 14:00:00+01:00,3.737,0.0,4.68,38.0,0.0,14460.0,0.64445174,18.127962
2026-01-22 15:00:00+01:00,4.237,4.0249224,7.2,33.0,0.0,10560.0,3.3175182,15.025306
2026-01-22 16:00:00+01:00,4.137,1.484318,6.8399997,55.0,0.0,7620.0,4.488087,13.948265
2026-01-22 17:00:00+01:00,3.487,3.096837,4.68,85.0,0.0,12060.0,6.330734,10.569963
2026-01-22 18:00:00+01:00,2.037,3.8268526,6.12,68.0,0.0,2300.0,2.8820758,9.310345
2026-01-22 19:00:00+01:00,1.637,3.6,5.7599998,91.0,0.0,580.0,1.3670886,11.661699
2026-01-22 20:00:00+01:00,1.837,2.52,7.2,89.0,0.0,4280.0,1.8227848,14.153901
2026-01-22 21:00:00+01:00,1.837,1.835647,5.7599998,47.0,0.0,8700.0,2.453999,17.522804
2026-01-22 22:00:00+01:00,1.237,3.671294,2.8799999,21.0,0.0,6820.0,1.8788835,16.492132
2026-01-22 23:00:00+01:00,1.387,3.8939953,4.68,3.0,0.0,29780.0,3.3175182,16.65485
2026-01-23 00:00:00+01:00,-0.363,4.3349743,7.2,0.0,0.0,7420.0,4.201311,18.908127
2026-01-23 01:00:00+01:00,0.387,4.2136917,6.12,0.0,0.0,12980.0,5.3142853,18.8469
2026-01-23 02:00:00+01:00,-0.61300004,1.4399999,6.12,14.0,0.0,2420.0,7.205189,22.014801
2026-01-23 03:00:00+01:00,0.087,1.9386592,5.3999996,0.0,0.0,15480.0,10.599223,25.020798
2026-01-23 04:00:00+01:00,-0.063,2.9024127,5.04,0.0,0.0,15400.0,11.821781,28.430025
2026-01-23 05:00:00+01:00,0.237,2.7416782,3.96,0.0,0.0,15820.0,6.198138,31.70989
2026-01-23 06:00:00+01:00,0.13700001,2.4149535,5.04,0.0,0.0,22220.0,10.490913,31.5149
2026-01-23 07:00:00+01:00,0.43699998,2.16,3.6,0.0,0.0,33160.0,18.616735,27.204338
2026-01-23 08:00:00+01:00,-0.86300004,3.319036,5.04,0.0,0.0,10000.0,14.989566,26.40668
2026-01-23 09:00:00+01:00,-0.813,1.8,5.3999996,44.0,0.0,12420.0,16.149912,25.868687
2026-01-23 10:00:00+01:00,0.287,1.9386592,6.4799995,45.0,0.0,17500.0,18.504856,23.323399
2026-01-23 11:00:00+01:00,1.787,2.3051248,4.32,100.0,0.0,80.0,16.461926,21.438515
2026-01-23 12:00:00+01:00,3.437,3.319036,6.12,75.0,0.0,420.0,21.27667,19.490047
2026-01-23 13:00:00+01:00,4.137,0.8049845,5.7599998,0.0,0.0,13060.0,20.907467,18.713562
2026-01-23 14:00:00+01:00,5.137,4.6800003,7.92,0.0,0.0,23560.0,16.111294,15.517241
2026-01-23 15:00:00+01:00,5.737,4.3349743,8.28,0.0,0.0,32960.0,9.952556,13.879042
2026-01-23 16:00:00+01:00,5.487,0.35999998,7.5599995,0.0,0.0,33780.0,10.802979,21.002802
2026-01-23 17:00:00+01:00,4.737,1.8,3.2399998,0.0,0.0,25380.0,14.482251,21.429527
2026-01-23 18:00:00+01:00,3.487,2.0991426,4.32,0.0,0.0,11580.0,12.269996,22.344826
2026-01-23 19:00:00+01:00,2.387,3.319036,6.8399997,53.0,0.0,3020.0,7.958392,21.185438
2026-01-23 20:00:00+01:00,2.237,2.5455842,5.3999996,82.0,0.0,2720.0,1.8227848,24.214851
2026-01-23 21:00:00+01:00,2.587,4.379589,5.04,100.0,0.0,4140.0,16.436678,27.653793
2026-01-23 22:00:00+01:00,2.687,3.7064266,11.159999,91.0,0.9,2180.0,15.209606,22.973904
2026-01-23 23:00:00+01:00,2.687,6.6087217,10.440001,86.0,0.4,2380.0,5.941551,15.824542
2026-01-24 00:00:00+01:00,2.687,3.6179552,8.28,51.0,0.2,6820.0,4.757608,22.490902
2026-01-24 01:00:00+01:00,2.737,8.557102,9.0,0.0,0.1,18740.0,13.144288,46.33605
2026-01-24 02:00:00+01:00,2.337,4.510787,12.599999,0.0,0.0,20320.0,12.864844,35.28663
2026-01-24 03:00:00+01:00,0.787,2.9024127,6.4799995,66.0,0.0,1360.0,15.284514,25.113012
2026-01-24 04:00:00+01:00,1.537,3.2599385,9.0,69.0,0.0,8220.0,18.193638,20.85554
2026-01-24 05:00:00+01:00,0.187,2.1897945,6.8399997,0.0,0.0,15140.0,20.907467,15.824542
2026-01-24 06:00:00+01:00,0.13700001,3.9763298,3.96,0.0,0.0,20080.0,22.254591,8.622896
2026-01-24 07:00:00+01:00,0.287,1.5273507,7.92,19.0,0.0,30120.0,19.035887,6.939521
2026-01-24 08:00:00+01:00,-0.013,3.8268526,7.92,0.0,0.0,29920.0,27.75261,6.7137847
2026-01-24 09:00:00+01:00,-0.41300002,3.219938,7.2,0.0,0.0,20120.0,31.181076,9.813965
2026-01-24 10:00:00+01:00,1.587,4.6938252,6.8399997,0.0,0.0,33500.0,31.416607,9.813965
2026-01-24 11:00:00+01:00,3.837,5.04,9.36,0.0,0.0,34940.0,35.371536,8.092802
2026-01-24 12:00:00+01:00,4.837,4.452954,9.0,0.0,0.0,22320.0,32.222588,11.41124
2026-01-24 13:00:00+01:00,5.137,11.019764,16.919998,40.0,0.0,11060.0,31.191063,21.617472
2026-01-24 14:00:00+01:00,4.787,7.6367526,19.8,74.0,0.0,16280.0,19.905111,28.123474
2026-01-24 15:00:00+01:00,5.187,1.1384199,11.879999,78.0,0.0,23360.0,22.085989,38.542778
2026-01-24 16:00:00+01:00,5.087,4.3349743,5.04,39.0,0.0,18180.0,17.123507,36.32493
2026-01-24 17:00:00+01:00,4.437,0.71999997,7.5599995,48.0,0.0,12100.0,22.624752,41.026596
2026-01-24 18:00:00+01:00,3.587,1.8,2.16,44.0,0.0,8660.0,28.603785,42.211456
2026-01-24 19:00:00+01:00,2.787,2.6208394,3.6,44.0,0.0,3580.0,20.802917,43.11448
2026-01-24 20:00:00+01:00,2.387,3.2399998,6.12,67.0,0.0,2640.0,18.54969,50.137737
2026-01-24 21:00:00+01:00,2.487,3.2599385,5.04,58.0,0.0,4080.0,14.69576,44.758564
2026-01-24 22:00:00+01:00,1.887,1.2979984,5.3999996,100.0,0.0,200.0,12.0307255,48.342117
2026-01-24 23:00:00+01:00,1.787,2.0991426,4.68,100.0,0.0,260.0,9.612922,41.026596
2026-01-25 00:00:00+01:00,1.237,5.5887027,8.28,100.0,0.0,160.0,6.0797453,33.042614
2026-01-25 01:00:00+01:00,1.587,1.5273507,8.64,95.0,0.0,520.0,8.11344,14.153901
2026-01-25 02:00:00+01:00,1.637,2.7416782,6.12,91.0,0.0,600.0,8.476439,16.185604
2026-01-25 03:00:00+01:00,2.037,3.4152596,5.3999996,99.0,0.0,5880.0,17.292456,15.861018
2026-01-25 04:00:00+01:00,2.237,0.8049845,4.32,82.0,0.0,10740.0,14.301892,14.329733
2026-01-25 05:00:00+01:00,1.887,3.8773184,6.12,44.0,0.0,8820.0,10.118097,16.77011
2026-01-25 06:00:00+01:00,1.437,3.396233,7.5599995,61.0,0.0,18060.0,4.844117,18.25503
2026-01-25 07:00:00+01:00,1.087,2.5959969,5.7599998,77.0,0.0,17000.0,1.3670886,23.04088
2026-01-25 08:00:00+01:00,0.787,4.6938252,7.2,100.0,0.0,8500.0,1.4410379,28.362186
2026-01-25 09:00:00+01:00,1.537,1.484318,6.8399997,100.0,0.0,20160.0,1.2889035,31.63082
2026-01-25 10:00:00+01:00,2.837,1.484318,5.04,79.0,0.0,19000.0,2.0379353,15.824542
2026-01-25 11:00:00+01:00,3.987,2.52,4.68,18.0,0.0,15160.0,0.9113924,14.072007
2026-01-25 12:00:00+01:00,4.737,3.4152596,7.5599995,60.0,0.0,10100.0,1.4410379,13.879042
2026-01-25 13:00:00+01:00,5.837,3.9763298,8.28,0.0,0.0,44900.0,2.8820758,18.62069
2026-01-25 14:00:00+01:00,6.387,0.0,5.7599998,12.0,0.0,52300.0,3.67394,24.103226
2026-01-25 15:00:00+01:00,6.687,4.452954,7.92,6.0,0.0,58280.0,4.488087,26.186924
2026-01-25 16:00:00+01:00,6.637,3.6,9.0,0.0,0.0,51000.0,3.0569031,30.082644
2026-01-25 17:00:00+01:00,5.137,5.95906,11.159999,12.0,0.0,34160.0,5.094838,24.14315
2026-01-25 18:00:00+01:00,3.187,1.2979984,9.72,24.0,0.0,15420.0,3.2222586,22.499464
2026-01-25 19:00:00+01:00,3.237,1.484318,3.6,39.0,0.0,19800.0,2.278481,18.62069
2026-01-25 20:00:00+01:00,2.837,2.7416782,3.6,18.0,0.0,24180.0,4.201311,20.141356
2026-01-25 21:00:00+01:00,2.737,1.8,3.96,0.0,0.0,31080.0,5.709857,23.950901
2026-01-25 22:00:00+01:00,1.987,3.0547013,1.4399999,44.0,0.0,20000.0,2.7718916,29.179014
2026-01-25 23:00:00+01:00,1.837,1.484318,4.68,68.0,0.0,18040.0,2.0379353,32.204163
2026-01-26 00:00:00+01:00,1.837,0.71999997,2.16,74.0,0.0,12760.0,1.3670886,34.97959
2026-01-26 01:00:00+01:00,2.187,1.8,5.3999996,100.0,0.2,10800.0,3.757767,31.040686
2026-01-26 02:00:00+01:00,2.337,3.319036,5.3999996,100.0,1.7,3920.0,2.3236039,29.799566
2026-01-26 03:00:00+01:00,2.387,1.9386592,5.7599998,95.0,1.7,5280.0,2.7718916,27.147633
2026-01-26 04:00:00+01:00,1.987,5.8048253,6.4799995,77.0,0.5,4060.0,5.8357587,19.716057
2026-01-26 05:00:00+01:00,1.737,4.198285,10.799999,74.0,0.0,6380.0,5.8000655,22.014801
2026-01-26 06:00:00+01:00,1.737,2.3051248,5.7599998,58.0,0.0,14400.0,2.3236039,19.490047
2026-01-26 07:00:00+01:00,1.787,2.5959969,3.96,95.0,0.0,8940.0,6.3960004,17.37931
2026-01-26 08:00:00+01:00,1.887,3.319036,5.3999996,79.0,0.0,15440.0,2.453999,17.555754
2026-01-26 09:00:00+01:00,1.587,3.319036,5.7599998,40.0,0.0,24500.0,2.278481,12.568007
2026-01-26 10:00:00+01:00,3.237,1.4399999,3.96,81.0,0.0,25540.0,4.6916795,6.113084
2026-01-26 11:00:00+01:00,4.237,4.3349743,9.72,54.0,0.0,14180.0,3.286072,5.8883786
2026-01-26 12:00:00+01:00,5.937,1.835647,6.8399997,37.0,0.0,33300.0,2.3236039,8.092802
2026-01-26 13:00:00+01:00,6.687,1.9386592,5.7599998,19.0,0.0,37660.0,1.643036,7.0769506
2026-01-26 14:00:00+01:00,7.387,4.1046314,7.92,0.0,0.0,48000.0,4.556962,8.068965
2026-01-26 15:00:00+01:00,7.587,7.729527,9.0,68.0,0.0,56940.0,1.643036,18.98945
2026-01-26 16:00:00+01:00,6.737,5.00128,9.0,12.0,0.0,42760.0,4.57969,18.672342
2026-01-26 17:00:00+01:00,5.437,2.968636,9.36,11.0,0.0,25120.0,2.278481,15.824542
2026-01-26 18:00:00+01:00,3.487,4.198285,8.28,23.0,0.0,13640.0,0.4556962,10.1040945
2026-01-26 19:00:00+01:00,1.787,4.8433046,8.64,4.0,0.0,10780.0,9.394418,22.206465
2026-01-26 20:00:00+01:00,0.737,4.0249224,7.2,0.0,0.0,14140.0,10.035667,10.998648
2026-01-26 21:00:00+01:00,0.537,3.7585104,5.7599998,0.0,0.0,30940.0,10.974618,15.517241
2026-01-26 22:00:00+01:00,-0.663,4.3498964,7.5599995,0.0,0.0,17800.0,18.683542,16.804535
2026-01-26 23:00:00+01:00,-0.61300004,2.9024127,6.8399997,0.0,0.0,24280.0,16.562534,23.099329
2026-01-27 00:00:00+01:00,-0.263,3.096837,6.4799995,0.0,0.0,32240.0,18.3697,23.17426
2026-01-27 01:00:00+01:00,0.037,4.73506,6.12,0.0,0.0,35660.0,21.783041,23.496197
2026-01-27 02:00:00+01:00,-0.163,3.5455887,6.12,0.0,0.0,32560.0,16.909952,28.307802
2026-01-27 03:00:00+01:00,0.037,2.2768397,5.3999996,0.0,0.0,40060.0,20.822872,26.105885
2026-01-27 04:00:00+01:00,0.087,2.9024127,3.6,0.0,0.0,48340.0,22.440435,24.483826
2026-01-27 05:00:00+01:00,0.387,2.5455842,6.8399997,0.0,0.0,51740.0,27.086145,22.014801
2026-01-27 06:00:00+01:00,0.187,2.6208394,3.96,0.0,0.0,45320.0,26.90152,23.716516
2026-01-27 07:00:00+01:00,0.63699996,0.35999998,5.7599998,0.0,0.0,49680.0,23.489357,27.211416
2026-01-27 08:00:00+01:00,1.087,2.2768397,2.8799999,0.0,0.0,59800.0,30.555439,25.051575
2026-01-27 09:00:00+01:00,0.937,1.8,5.7599998,0.0,0.0,50400.0,28.867552,30.165771
2026-01-27 10:00:00+01:00,1.937,1.484318,7.92,0.0,0.0,48660.0,27.857166,39.476055
2026-01-27 11:00:00+01:00,2.137,3.0758414,4.68,0.0,0.0,25920.0,35.39208,38.48776
2026-01-27 12:00:00+01:00,3.537,7.491114,14.759999,44.0,0.0,9800.0,21.538576,39.35877
2026-01-27 13:00:00+01:00,4.037,2.5455842,8.64,0.0,0.0,22240.0,26.85903,48.08242
2026-01-27 14:00:00+01:00,4.537,3.0758414,7.92,0.0,0.0,36760.0,24.0485,37.375618
2026-01-27 15:00:00+01:00,4.487,2.6208394,5.7599998,0.0,0.0,33500.0,17.777994,33.199642
2026-01-27 16:00:00+01:00,4.337,6.830519,7.5599995,0.0,0.0,44400.0,23.875175,41.045376
2026-01-27 17:00:00+01:00,4.237,1.8,11.5199995,0.0,0.0,43320.0,32.673767,38.886093
2026-01-27 18:00:00+01:00,2.537,9.0,14.04,0.0,0.0,6360.0,13.701232,46.369293
2026-01-27 19:00:00+01:00,1.687,3.671294,12.599999,39.0,0.0,3400.0,35.81204,59.382195
2026-01-27 20:00:00+01:00,2.487,6.162207,9.36,25.0,0.0,9780.0,23.458397,51.577026
2026-01-27 21:00:00+01:00,1.987,3.0758414,11.5199995,0.0,0.0,3360.0,24.130392,39.422344
2026-01-27 22:00:00+01:00,2.037,2.6208394,10.08,0.0,0.0,9220.0,21.27667,29.356714
2026-01-27 23:00:00+01:00,1.187,7.289444,12.24,83.0,0.0,920.0,20.480995,26.689655
2026-01-28 00:00:00+01:00,1.437,3.671294,11.879999,100.0,0.0,140.0,20.343658,28.558468
2026-01-28 01:00:00+01:00,2.437,1.5273507,7.5599995,100.0,0.0,140.0,13.246578,36.03209
2026-01-28 02:00:00+01:00,2.487,1.2979984,5.3999996,100.0,0.0,160.0,8.402622,31.25713
2026-01-28 03:00:00+01:00,2.637,2.8116899,7.2,93.0,0.0,340.0,10.240498,30.312284
2026-01-28 04:00:00+01:00,2.787,0.5091169,3.96,98.0,0.0,240.0,8.987734,34.697605
2026-01-28 05:00:00+01:00,2.787,1.8,3.6,100.0,0.0,880.0,8.513107,32.14429
2026-01-28 06:00:00+01:00,2.687,2.0364676,4.32,100.0,0.0,620.0,2.278481,39.88384
2026-01-28 07:00:00+01:00,2.987,4.0249224,5.7599998,100.0,0.0,2220.0,2.453999,43.310616
2026-01-28 08:00:00+01:00,3.237,0.35999998,5.3999996,100.0,0.0,3900.0,1.2889035,44.360855
2026-01-28 09:00:00+01:00,3.137,1.9386592,3.2399998,100.0,0.0,3820.0,1.8788835,38.080208
2026-01-28 10:00:00+01:00,3.387,0.35999998,3.6,100.0,0.0,3700.0,2.453999,34.362892
2026-01-28 11:00:00+01:00,3.637,2.5455842,5.04,100.0,0.0,9240.0,3.3175182,14.909477
2026-01-28 12:00:00+01:00,3.787,2.8116899,5.3999996,84.0,0.1,11880.0,2.278481,11.172413
2026-01-28 13:00:00+01:00,3.787,2.4149535,9.72,88.0,0.2,13840.0,0.9113924,9.474416
2026-01-28 14:00:00+01:00,3.687,4.8965297,9.0,95.0,0.4,11760.0,3.2222586,11.0510645
2026-01-28 15:00:00+01:00,3.087,6.6087217,11.5199995,95.0,0.7,8780.0,7.0743074,14.153901
2026-01-28 16:00:00+01:00,3.087,3.9763298,11.159999,88.0,0.6,9940.0,7.958392,12.780782
2026-01-28 17:00:00+01:00,3.087,4.379589,7.2,92.0,0.3,12340.0,10.240498,15.566816
2026-01-28 18:00:00+01:00,2.887,3.096837,7.92,97.0,0.7,13360.0,14.272824,17.87112
2026-01-28 19:00:00+01:00,2.687,3.396233,4.68,84.0,0.7,12520.0,13.402427,17.87112
2026-01-28 20:00:00+01:00,2.337,1.609969,6.8399997,85.0,0.1,9260.0,12.269996,16.292364
2026-01-28 21:00:00+01:00,2.437,1.8,3.2399998,86.0,0.1,10740.0,9.394418,17.31268
2026-01-28 22:00:00+01:00,2.687,1.08,3.2399998,92.0,0.3,8860.0,9.858215,18.381218
2026-01-28 23:00:00+01:00,2.587,2.9024127,4.68,87.0,0.4,9360.0,7.7334204,18.631031
2026-01-29 00:00:00+01:00,2.587,3.8939953,6.4799995,85.0,0.2,10560.0,7.34788,20.632679
2026-01-29 01:00:00+01:00,2.587,3.319036,5.3999996,89.0,0.2,6560.0,4.9291077,20.331732
2026-01-29 02:00:00+01:00,2.387,2.6208394,3.96,89.0,0.3,3140.0,5.9240503,22.82248
2026-01-29 03:00:00+01:00,2.737,1.2979984,4.68,100.0,0.5,8020.0,5.487309,25.20489
2026-01-29 04:00:00+01:00,2.537,1.1384199,1.8,100.0,1.1,2300.0,8.598059,27.48611
2026-01-29 05:00:00+01:00,2.637,2.52,6.12,100.0,1.1,11640.0,8.402622,27.89653
2026-01-29 06:00:00+01:00,2.287,1.835647,3.2399998,100.0,0.8,7140.0,6.347113,26.696869
2026-01-29 07:00:00+01:00,2.237,0.71999997,2.8799999,90.0,0.9,5020.0,3.0569031,22.76332
2026-01-29 08:00:00+01:00,2.187,0.35999998,3.6,86.0,0.4,4300.0,4.6916795,17.522804
2026-01-29 09:00:00+01:00,2.337,1.8,2.8799999,85.0,0.4,4800.0,4.323114,14.529971
2026-01-29 10:00:00+01:00,3.087,2.0991426,3.96,81.0,0.2,5140.0,6.728273,13.739551
2026-01-29 11:00:00+01:00,3.787,2.9024127,6.8399997,45.0,0.1,5640.0,5.9240503,8.6452055
2026-01-29 12:00:00+01:00,5.437,2.7416782,6.4799995,0.0,0.0,21640.0,1.8788835,10.236675
2026-01-29 13:00:00+01:00,6.837,2.9024127,4.32,0.0,0.0,40680.0,1.0189676,9.331011
2026-01-29 14:00:00+01:00,7.287,6.193674,7.92,0.0,0.0,46620.0,1.2889035,7.4740934
2026-01-29 15:00:00+01:00,7.287,5.1919937,7.5599995,0.0,0.0,52200.0,2.453999,4.3889384
2026-01-29 16:00:00+01:00,7.137,6.9153743,7.5599995,0.0,0.0,50660.0,1.643036,3.6192114
2026-01-29 17:00:00+01:00,6.037,2.3051248,9.36,0.0,0.0,31080.0,1.0189676,3.7755077
2026-01-29 18:00:00+01:00,4.787,2.0364676,5.04,0.0,0.0,19180.0,1.3670886,3.1649084
2026-01-29 19:00:00+01:00,3.187,3.563818,5.04,0.0,0.0,10860.0,4.57969,3.7241378
2026-01-29 20:00:00+01:00,1.137,3.0758414,5.3999996,0.0,0.0,6420.0,4.6916795,10.4046545
2026-01-29 21:00:00+01:00,0.837,4.3349743,6.4799995,0.0,0.0,19300.0,4.488087,14.753624
2026-01-29 22:00:00+01:00,0.537,5.0911684,6.8399997,10.0,0.0,23860.0,10.411436,12.568007
2026-01-29 23:00:00+01:00,-0.113000005,4.1046314,7.5599995,0.0,0.0,22200.0,14.482251,15.566816
2026-01-30 00:00:00+01:00,-0.463,2.4149535,6.4799995,0.0,0.0,18740.0,14.759212,18.042753
2026-01-30 01:00:00+01:00,-0.41300002,1.4399999,3.6,0.0,0.0,23600.0,12.792001,18.877537
2026-01-30 02:00:00+01:00,0.237,2.5959969,3.96,0.0,0.0,38900.0,7.418196,21.51923
2026-01-30 03:00:00+01:00,0.837,1.8,3.6,0.0,0.0,43100.0,8.976174,23.463383
2026-01-30 04:00:00+01:00,0.13700001,2.3051248,3.6,0.0,0.0,36660.0,5.9240503,25.20489
2026-01-30 05:00:00+01:00,0.987,1.1384199,4.32,0.0,0.0,48740.0,5.562481,35.38475
2026-01-30 06:00:00+01:00,0.937,2.16,2.16,8.0,0.0,34260.0,6.524576,38.04478
2026-01-30 07:00:00+01:00,1.437,2.8116899,3.96,71.0,0.0,41420.0,5.993747,37.57608
2026-01-30 08:00:00+01:00,0.737,3.4152596,9.0,75.0,0.0,29760.0,8.646228,42.302624
2026-01-30 09:00:00+01:00,1.437,2.4149535,5.3999996,79.0,0.0,35460.0,9.580463,36.919296
2026-01-30 10:00:00+01:00,4.087,2.9024127,5.7599998,73.0,0.0,37660.0,4.323114,35.138927
2026-01-30 11:00:00+01:00,4.237,3.563818,8.28,82.0,0.1,33640.0,5.333787,39.083736
2026-01-30 12:00:00+01:00,5.537,4.39436,9.36,41.0,0.1,36720.0,5.9240503,27.937927
2026-01-30 13:00:00+01:00,5.287,2.2768397,6.4799995,53.0,0.3,18280.0,10.628571,32.37121
2026-01-30 14:00:00+01:00,6.237,4.072935,6.8399997,55.0,0.5,16160.0,8.95301,29.27787
2026-01-30 15:00:00+01:00,6.787,3.6,11.5199995,49.0,0.4,38960.0,5.6366506,33.269196
2026-01-30 16:00:00+01:00,6.087,4.2136917,9.72,5.0,0.0,27500.0,8.253009,26.348255
2026-01-30 17:00:00+01:00,5.237,6.439876,12.24,12.0,0.0,18040.0,2.3236039,20.035875
2026-01-30 18:00:00+01:00,4.187,3.9763298,9.72,0.0,0.0,24340.0,1.643036,19.440569
2026-01-30 19:00:00+01:00,2.887,5.0142193,7.92,0.0,0.0,15940.0,3.89347,15.216393
2026-01-30 20:00:00+01:00,2.437,5.4477882,9.36,0.0,0.0,27960.0,5.993747,12.795845
2026-01-30 21:00:00+01:00,1.887,4.452954,8.28,0.0,0.0,31000.0,12.95332,8.1638975
2026-01-30 22:00:00+01:00,1.137,3.563818,6.12,0.0,0.0,21820.0,10.831775,10.551724
2026-01-30 23:00:00+01:00,0.687,4.5820518,6.8399997,0.0,0.0,22040.0,12.84061,16.292364
2026-01-31 00:00:00+01:00,0.787,2.6208394,7.5599995,0.0,0.0,25880.0,19.209635,16.71258
2026-01-31 01:00:00+01:00,0.937,1.484318,3.2399998,0.0,0.0,24200.0,18.953892,12.795844
2026-01-31 02:00:00+01:00,0.837,4.6102495,6.8399997,0.0,0.0,33400.0,15.500371,8.777877
2026-01-31 03:00:00+01:00,0.737,2.0364676,6.4799995,0.0,0.0,33740.0,12.396276,7.022301
2026-01-31 04:00:00+01:00,0.737,3.7064266,6.12,0.0,0.0,38500.0,8.976174,4.5186887
2026-01-31 05:00:00+01:00,1.087,2.0991426,6.12,0.0,0.0,44300.0,11.671517,5.00416
2026-01-31 06:00:00+01:00,0.43699998,1.1384199,2.52,0.0,0.0,37320.0,12.661468,8.442291
2026-01-31 07:00:00+01:00,0.487,2.1897945,2.16,0.0,0.0,43380.0,13.456546,8.821657
2026-01-31 08:00:00+01:00,0.387,1.484318,3.2399998,0.0,0.0,39420.0,16.512308,8.886923
2026-01-31 09:00:00+01:00,0.837,2.7416782,4.32,0.0,0.0,45120.0,18.953892,6.598021
2026-01-31 10:00:00+01:00,1.687,0.35999998,7.92,0.0,0.0,41700.0,12.669665,3.3425157
2026-01-31 11:00:00+01:00,2.937,1.8,5.04,0.0,0.0,37260.0,13.049152,3.9255857
2026-01-31 12:00:00+01:00,4.787,2.16,6.12,0.0,0.0,50120.0,15.318443,0.6206896
2026-01-31 13:00:00+01:00,5.637,4.8433046,12.24,0.0,0.0,61540.0,7.34788,2.2379284
2026-01-31 14:00:00+01:00,5.987,6.792466,11.5199995,0.0,0.0,46520.0,2.278481,2.775808
2026-01-31 15:00:00+01:00,6.087,3.7064266,7.92,0.0,0.0,41880.0,2.9178793,3.1034482
2026-01-31 16:00:00+01:00,5.837,6.28713,7.2,0.0,0.0,47340.0,1.0189676,3.1649084
2026-01-31 17:00:00+01:00,5.287,4.8965297,8.64,46.0,0.0,42760.0,6.330734,1.8620689
2026-01-31 18:00:00+01:00,3.837,2.8116899,7.92,0.0,0.0,19600.0,6.835443,4.9655166
2026-01-31 19:00:00+01:00,3.487,1.609969,3.2399998,0.0,0.0,28260.0,6.728273,5.0041595
2026-01-31 20:00:00+01:00,2.437,2.9024127,3.6,0.0,0.0,23460.0,6.728273,5.3031745
2026-01-31 21:00:00+01:00,2.187,2.8116899,3.96,0.0,0.0,30920.0,4.907998,3.9255857
2026-01-31 22:00:00+01:00,2.287,1.5273507,4.32,0.0,0.0,38980.0,2.9178793,3.6192114
2026-01-31 23:00:00+01:00,2.037,1.835647,3.6,0.0,0.0,51100.0,0.64445174,5.339374
2026-02-01 00:00:00+01:00,2.487,1.4399999,1.4399999,0.0,0.0,49960.0,1.0189676,6.390391
2026-02-01 01:00:00+01:00,2.487,0.71999997,2.16,0.0,0.0,53480.0,1.8788835,2.6333632
2026-02-01 02:00:00+01:00,2.537,0.8049845,1.08,0.0,0.0,50340.0,0.9113924,1.8620689
2026-02-01 03:00:00+01:00,2.637,1.484318,1.4399999,0.0,0.0,47440.0,0.9113924,4.3889384
2026-02-01 04:00:00+01:00,1.787,0.35999998,1.4399999,0.0,0.0,44060.0,1.8788835,3.3425157
2026-02-01 05:00:00+01:00,1.987,1.1384199,4.68,5.0,0.0,47340.0,3.89347,3.6192114
2026-02-01 06:00:00+01:00,0.937,2.0364676,5.04,0.0,0.0,43240.0,1.0189676,7.0769506
2026-02-01 07:00:00+01:00,0.88699996,2.9024127,2.52,13.0,0.0,43260.0,0.9113924,8.886923
2026-02-01 08:00:00+01:00,0.63699996,2.8116899,4.32,39.0,0.0,35640.0,3.286072,6.939521
2026-02-01 09:00:00+01:00,0.287,3.0758414,3.96,62.0,0.0,30040.0,1.8227848,4.3889384
2026-02-01 10:00:00+01:00,2.487,1.4399999,3.96,62.0,0.0,46680.0,4.6916795,3.7755077
2026-02-01 11:00:00+01:00,3.987,2.5959969,5.7599998,0.0,0.0,37200.0,9.580463,3.9743526
2026-02-01 12:00:00+01:00,6.187,2.6208394,5.3999996,0.0,0.0,64240.0,5.012658,10.027549
2026-02-01 13:00:00+01:00,7.537,2.8799999,9.36,0.0,0.0,73780.0,6.347113,12.051613
2026-02-01 14:00:00+01:00,8.137,3.8773184,8.28,0.0,0.0,74600.0,5.094838,14.153901
2026-02-01 15:00:00+01:00,8.337001,2.0991426,9.72,0.0,0.0,74540.0,6.0797453,13.326771
2026-02-01 16:00:00+01:00,7.537,4.1046314,6.8399997,0.0,0.0,71440.0,4.907998,21.002802
2026-02-01 17:00:00+01:00,6.537,5.506941,11.159999,0.0,0.0,65900.0,5.9240503,19.62793
2026-02-01 18:00:00+01:00,4.987,2.1897945,8.28,0.0,0.0,54040.0,5.333787,20.141356
2026-02-01 19:00:00+01:00,3.337,1.8,3.2399998,0.0,0.0,48500.0,3.757767,22.4909
2026-02-01 20:00:00+01:00,2.387,4.072935,7.5599995,0.0,0.0,42960.0,6.0797453,23.95894
2026-02-01 21:00:00+01:00,1.787,1.2979984,6.4799995,0.0,0.0,43520.0,1.9333551,23.331656
2026-02-01 22:00:00+01:00,2.437,3.219938,4.68,0.0,0.0,41680.0,5.487309,29.435352
2026-02-01 23:00:00+01:00,1.637,2.6208394,6.4799995,22.0,0.0,31380.0,6.970812,36.160164
2026-02-02 00:00:00+01:00,1.387,3.096837,6.12,42.0,0.0,31400.0,3.0569031,36.872307
2026-02-02 01:00:00+01:00,1.887,1.835647,4.32,0.0,0.0,41060.0,8.646228,36.64172
2026-02-02 02:00:00+01:00,2.037,2.9024127,7.5599995,45.0,0.0,44740.0,0.9113924,41.405163
2026-02-02 03:00:00+01:00,2.387,3.8773184,9.0,23.0,0.0,45340.0,3.286072,40.344826
2026-02-02 04:00:00+01:00,2.987,3.4152596,7.92,3.0,0.0,60360.0,3.2222586,36.085506
2026-02-02 05:00:00+01:00,1.637,6.725354,10.08,0.0,0.0,52200.0,4.511162,37.882412
2026-02-02 06:00:00+01:00,2.287,5.3517847,10.440001,0.0,0.0,60320.0,5.468354,36.430832
2026-02-02 07:00:00+01:00,2.087,6.763786,8.64,0.0,0.0,59940.0,15.031068,47.901802
2026-02-02 08:00:00+01:00,1.837,4.39436,9.72,0.0,0.0,53680.0,15.66031,43.85865
2026-02-02 09:00:00+01:00,2.487,1.08,8.64,0.0,0.0,57660.0,7.34788,44.24346
2026-02-02 10:00:00+01:00,3.437,2.52,6.4799995,0.0,0.0,60340.0,16.468233,50.957066
2026-02-02 11:00:00+01:00,6.187,1.1384199,5.7599998,0.0,0.0,70740.0,17.026215,58.742954
2026-02-02 12:00:00+01:00,8.337001,6.618519,11.159999,0.0,0.0,76480.0,10.725815,58.651062
2026-02-02 13:00:00+01:00,10.287001,1.8,10.799999,0.0,0.0,78020.0,18.193638,59.90861
2026-02-02 14:00:00+01:00,11.087001,5.04,9.36,0.0,0.0,78580.0,13.708807,52.68189
2026-02-02 15:00:00+01:00,10.987,3.6179552,9.0,0.0,0.0,75840.0,10.087265,48.95585
2026-02-02 16:00:00+01:00,10.587001,6.1305785,6.4799995,0.0,0.0,78580.0,15.031068,50.06469
2026-02-02 17:00:00+01:00,9.137,4.198285,10.440001,0.0,0.0,76380.0,20.907467,46.10266
2026-02-02 18:00:00+01:00,8.137,1.8,5.04,0.0,0.0,75900.0,23.774942,41.10165
2026-02-02 19:00:00+01:00,7.437,2.4149535,2.8799999,0.0,0.0,75940.0,37.913265,42.005604
2026-02-02 20:00:00+01:00,5.837,2.1897945,9.0,25.0,0.0,68220.0,41.65821,64.801895
2026-02-02 21:00:00+01:00,6.287,2.4149535,6.8399997,0.0,0.0,70620.0,39.06515,62.443348
2026-02-02 22:00:00+01:00,6.137,1.9386592,5.7599998,0.0,0.0,68740.0,41.889366,54.919632
2026-02-02 23:00:00+01:00,6.187,3.319036,5.3999996,0.0,0.0,69860.0,40.34906,40.819485
2026-02-03 00:00:00+01:00,7.387,3.7585104,5.3999996,0.0,0.0,73660.0,45.82863,34.00224
2026-02-03 01:00:00+01:00,9.487,4.829907,9.0,0.0,0.0,76840.0,51.161922,26.926771
2026-02-03 02:00:00+01:00,9.087001,6.924738,10.08,0.0,0.0,76560.0,56.535717,18.042755
2026-02-03 03:00:00+01:00,11.187,23.906818,38.88,0.0,0.0,78360.0,64.03788,25.5691
2026-02-03 04:00:00+01:00,12.187,15.941944,46.44,0.0,0.0,79580.0,67.37526,21.212698
2026-02-03 05:00:00+01:00,12.237,14.764389,23.4,0.0,0.0,79700.0,68.37872,32.14429
2026-02-03 06:00:00+01:00,4.937,24.36325,36.36,54.0,0.0,2640.0,58.473118,29.591993
2026-02-03 07:00:00+01:00,4.287,6.4096174,33.48,44.0,0.0,2400.0,47.392403,37.344685
2026-02-03 08:00:00+01:00,4.587,6.9153743,10.08,0.0,0.0,45280.0,45.104717,39.432114
2026-02-03 09:00:00+01:00,3.887,6.489992,17.28,24.0,0.0,4320.0,20.587181,41.265354
2026-02-03 10:00:00+01:00,5.437,2.1897945,10.440001,0.0,0.0,11340.0,16.149912,39.811325
2026-02-03 11:00:00+01:00,6.187,3.7064266,6.4799995,12.0,0.0,16020.0,14.482251,45.463127
2026-02-03 12:00:00+01:00,8.437,2.7416782,10.440001,33.0,0.0,49380.0,16.027294,56.205833
2026-02-03 13:00:00+01:00,9.137,2.3051248,3.96,23.0,0.0,48220.0,11.012396,52.78417
2026-02-03 14:00:00+01:00,10.987,5.0528407,8.28,0.0,0.0,72480.0,11.319258,48.41777
2026-02-03 15:00:00+01:00,11.587001,0.35999998,9.0,0.0,0.0,75200.0,6.524576,42.579487
2026-02-03 16:00:00+01:00,9.687,4.32,14.759999,0.0,0.0,33840.0,3.9200466,42.755558
2026-02-03 17:00:00+01:00,8.887,5.0142193,11.159999,0.0,0.0,42920.0,11.02182,42.461704
2026-02-03 18:00:00+01:00,7.687,1.609969,8.28,0.0,0.0,40900.0,4.6472077,33.106678
2026-02-03 19:00:00+01:00,6.137,5.0911684,6.4799995,73.0,0.0,13260.0,5.543783,30.540203
2026-02-03 20:00:00+01:00,4.787,4.32,9.72,26.0,0.0,24580.0,8.21518,28.307802
2026-02-03 21:00:00+01:00,4.337,3.319036,6.8399997,0.0,0.0,30640.0,15.739669,24.206896
2026-02-03 22:00:00+01:00,2.587,2.1897945,6.8399997,0.0,0.0,10920.0,26.85903,20.055098
2026-02-03 23:00:00+01:00,3.187,1.8,3.2399998,0.0,0.0,36700.0,28.777494,15.702343
2026-02-04 00:00:00+01:00,2.937,1.08,3.6,0.0,0.0,40180.0,28.98242,15.102031
2026-02-04 01:00:00+01:00,3.987,2.8799999,1.4399999,0.0,0.0,60560.0,34.1529,17.78468
2026-02-04 02:00:00+01:00,4.087,2.0991426,3.96,0.0,0.0,62100.0,34.731705,22.180428
2026-02-04 03:00:00+01:00,2.437,2.16,2.8799999,0.0,0.0,43720.0,30.859755,21.24899
2026-02-04 04:00:00+01:00,1.737,1.1384199,4.68,0.0,0.0,36920.0,29.44799,18.516953
2026-02-04 05:00:00+01:00,2.187,2.4149535,2.52,0.0,0.0,43480.0,31.574846,18.516953
2026-02-04 06:00:00+01:00,2.837,1.4399999,2.8799999,0.0,0.0,53420.0,36.908577,27.882717
2026-02-04 07:00:00+01:00,2.887,2.9024127,2.16,0.0,0.0,55080.0,32.32553,28.853722
2026-02-04 08:00:00+01:00,2.737,2.2768397,7.5599995,0.0,0.0,53020.0,35.371536,41.80795
2026-02-04 09:00:00+01:00,3.987,3.396233,3.96,0.0,0.0,65940.0,38.62412,42.97127
2026-02-04 10:00:00+01:00,3.437,5.6002855,9.36,0.0,0.0,30740.0,34.779503,35.204647
2026-02-04 11:00:00+01:00,3.487,4.3498964,9.36,72.0,0.0,740.0,35.96537,32.25795
2026-02-04 12:00:00+01:00,4.587,5.8603754,9.36,76.0,0.0,380.0,39.63509,46.819916
2026-02-04 13:00:00+01:00,5.537,5.0911684,15.119999,56.0,0.0,1740.0,27.34557,34.278706
2026-02-04 14:00:00+01:00,6.287,3.7064266,9.72,9.0,0.0,14120.0,26.296474,40.663464
2026-02-04 15:00:00+01:00,6.487,7.386582,11.159999,0.0,0.0,14840.0,23.043093,34.896893
2026-02-04 16:00:00+01:00,6.087,2.9024127,15.119999,3.0,0.0,14400.0,15.09311,18.713562
2026-02-04 17:00:00+01:00,5.637,2.9024127,4.68,0.0,0.0,19480.0,14.843389,10.274241
2026-02-04 18:00:00+01:00,4.587,1.5273507,3.96,0.0,0.0,7340.0,17.46571,8.886923
2026-02-04 19:00:00+01:00,3.637,2.5455842,4.68,72.0,0.0,2140.0,9.079681,6.939521
2026-02-04 20:00:00+01:00,2.987,4.32,6.4799995,93.0,0.0,300.0,7.800262,8.821657
2026-02-04 21:00:00+01:00,2.687,3.6179552,7.5599995,75.0,0.0,1000.0,13.120569,7.8511715
2026-02-04 22:00:00+01:00,1.987,2.5959969,6.12,100.0,0.0,100.0,12.396276,9.037377
2026-02-04 23:00:00+01:00,2.187,1.9386592,4.68,56.0,0.0,2720.0,9.580464,9.474416
2026-02-05 00:00:00+01:00,1.887,2.5959969,5.04,46.0,0.0,2340.0,6.895935,14.153901
2026-02-05 01:00:00+01:00,2.387,2.5959969,4.68,0.0,0.0,7380.0,7.515534,18.62069
2026-02-05 02:00:00+01:00,1.137,2.1897945,4.32,90.0,0.0,540.0,6.7744107,17.256958
2026-02-05 03:00:00+01:00,0.537,3.096837,4.32,100.0,0.0,100.0,7.7468357,17.256958
2026-02-05 04:00:00+01:00,-0.913,1.8,4.32,100.0,0.0,40.0,7.0743074,14.948187
2026-02-05 05:00:00+01:00,-0.813,1.8,6.8399997,100.0,0.0,100.0,5.468354,19.331268
2026-02-05 06:00:00+01:00,0.13700001,0.5091169,9.0,0.0,0.0,5980.0,3.757767,24.61721
2026-02-05 07:00:00+01:00,0.687,3.563818,8.28,0.0,0.0,21640.0,9.113924,25.838884
2026-02-05 08:00:00+01:00,0.987,2.968636,9.0,0.0,0.0,36980.0,16.934494,16.77011
2026-02-05 09:00:00+01:00,0.837,1.2979984,3.6,0.0,0.0,17840.0,11.85686,22.014801
2026-02-05 10:00:00+01:00,3.237,1.835647,6.12,0.0,0.0,28760.0,11.474137,23.7652
2026-02-05 11:00:00+01:00,5.387,3.0547013,7.92,0.0,0.0,52820.0,14.301892,23.090988
2026-02-05 12:00:00+01:00,7.537,3.219938,6.4799995,0.0,0.0,55540.0,25.31063,20.632677
2026-02-05 13:00:00+01:00,9.137,7.729527,11.5199995,0.0,0.0,72800.0,20.667719,21.330421
2026-02-05 14:00:00+01:00,9.537001,3.219938,12.24,0.0,0.0,72300.0,24.53999,23.757093
2026-02-05 15:00:00+01:00,9.387,8.427383,13.32,0.0,0.0,65180.0,15.209606,32.400948
2026-02-05 16:00:00+01:00,8.937,2.3051248,16.199999,0.0,0.0,63080.0,16.053188,25.448275
2026-02-05 17:00:00+01:00,7.887,5.0911684,7.92,0.0,0.0,41300.0,22.514343,19.949162
2026-02-05 18:00:00+01:00,6.837,1.0182338,9.72,0.0,0.0,43880.0,25.978682,18.672342
2026-02-05 19:00:00+01:00,5.837,1.2979984,10.799999,0.0,0.0,37400.0,16.63135,22.559313
2026-02-05 20:00:00+01:00,4.337,3.7064266,6.4799995,0.0,0.0,12400.0,10.955679,20.47335
2026-02-05 21:00:00+01:00,4.137,5.1919937,11.159999,25.0,0.0,2980.0,17.725351,43.181446
2026-02-05 22:00:00+01:00,4.937,4.802999,7.2,42.0,0.0,22080.0,19.079472,36.133522
2026-02-05 23:00:00+01:00,4.887,3.319036,5.3999996,0.0,0.0,24900.0,35.180218,27.993032
2026-02-06 00:00:00+01:00,4.887,7.386582,11.879999,0.0,0.0,20120.0,21.553034,30.866442
2026-02-06 01:00:00+01:00,5.187,2.2768397,9.0,69.0,0.0,7880.0,21.949236,40.416378
2026-02-06 02:00:00+01:00,4.937,3.319036,5.7599998,88.0,0.2,3540.0,22.555809,40.387775
2026-02-06 03:00:00+01:00,4.437,2.9024127,4.32,64.0,0.2,2940.0,18.31876,39.260765
2026-02-06 04:00:00+01:00,4.987,2.9024127,5.04,100.0,0.6,10560.0,16.63135,42.751053
2026-02-06 05:00:00+01:00,4.587,5.3517847,7.92,91.0,0.6,2280.0,11.618018,38.712326
2026-02-06 06:00:00+01:00,5.037,5.0911684,8.28,53.0,0.0,13800.0,8.84802,35.111507
2026-02-06 07:00:00+01:00,4.137,4.5536795,8.28,71.0,0.1,9820.0,6.330734,36.58385
2026-02-06 08:00:00+01:00,4.037,3.2599385,9.36,71.0,0.1,9020.0,5.941551,37.637547
2026-02-06 09:00:00+01:00,3.837,4.802999,6.4799995,100.0,0.4,3220.0,4.201311,42.9892
2026-02-06 10:00:00+01:00,4.987,3.5455887,7.92,100.0,1.6,4820.0,4.0758705,45.327347
2026-02-06 11:00:00+01:00,7.337,2.5959969,6.4799995,87.0,0.2,11780.0,4.323114,37.882412
2026-02-06 12:00:00+01:00,9.287001,4.73506,7.5599995,56.0,0.0,21000.0,2.0379353,36.08551
2026-02-06 13:00:00+01:00,8.787001,1.8,11.5199995,84.0,0.3,8680.0,1.4410379,36.03209
2026-02-06 14:00:00+01:00,9.487,1.609969,10.799999,68.0,0.2,32000.0,3.2222586,33.797676
2026-02-06 15:00:00+01:00,10.637,0.8049845,6.8399997,29.0,0.0,28400.0,4.6916795,32.867256
2026-02-06 16:00:00+01:00,10.637,9.19939,4.68,53.0,0.0,52840.0,3.2222586,29.702448
2026-02-06 17:00:00+01:00,9.337001,1.2979984,13.679999,53.0,0.0,37520.0,6.728273,20.47335
2026-02-06 18:00:00+01:00,7.837,3.319036,5.04,61.0,0.4,13860.0,2.3236039,37.499107
2026-02-06 19:00:00+01:00,6.237,3.6179552,8.64,91.0,0.1,5420.0,5.195736,39.45165
2026-02-06 20:00:00+01:00,6.437,6.9247384,10.799999,39.0,0.0,20780.0,7.958391,31.994127
2026-02-06 21:00:00+01:00,5.037,5.3517847,10.440001,11.0,0.0,12120.0,3.67394,27.317396
2026-02-06 22:00:00+01:00,4.487,4.0249224,7.5599995,11.0,0.0,8960.0,3.0569031,22.965515
2026-02-06 23:00:00+01:00,5.287,3.96,7.2,36.0,0.0,25760.0,2.453999,20.360134
2026-02-07 00:00:00+01:00,5.387,2.9024127,8.64,100.0,0.0,3360.0,1.0189676,25.994967
2026-02-07 01:00:00+01:00,5.187,3.6,3.2399998,100.0,0.1,11960.0,2.9178793,21.71527
2026-02-07 02:00:00+01:00,5.237,3.7585104,10.440001,81.0,0.5,2820.0,2.7718916,12.915714
2026-02-07 03:00:00+01:00,4.637,2.4149535,5.7599998,47.0,0.1,4940.0,2.7718916,8.442291
2026-02-07 04:00:00+01:00,4.037,3.6,3.96,47.0,0.0,10180.0,6.572144,5.551616
2026-02-07 05:00:00+01:00,3.087,4.3498964,6.4799995,8.0,0.0,11180.0,3.9200466,5.855574
2026-02-07 06:00:00+01:00,2.737,3.671294,6.8399997,24.0,0.0,11240.0,2.3236039,6.113084
2026-02-07 07:00:00+01:00,2.587,3.6179552,5.3999996,54.0,0.0,11740.0,2.7718916,3.9255857
2026-02-07 08:00:00+01:00,2.337,2.6208394,5.7599998,67.0,0.0,11200.0,3.5591009,4.3889384
2026-02-07 09:00:00+01:00,3.137,1.609969,4.32,48.0,0.0,15960.0,8.062088,5.3031745
2026-02-07 10:00:00+01:00,4.937,0.35999998,2.16,11.0,0.0,19040.0,10.599223,4.7270317
2026-02-07 11:00:00+01:00,6.837,3.2399998,5.7599998,0.0,0.0,33140.0,10.955679,4.9655166
2026-02-07 12:00:00+01:00,8.287001,0.71999997,5.04,0.0,0.0,38980.0,12.396276,6.8557405
2026-02-07 13:00:00+01:00,8.987,5.6002855,6.12,0.0,0.0,38620.0,12.864844,7.677507
2026-02-07 14:00:00+01:00,9.137,8.714677,14.4,0.0,0.0,36380.0,10.628571,11.103232
2026-02-07 15:00:00+01:00,8.687,6.4096174,16.919998,0.0,0.0,22420.0,8.598059,11.41124
2026-02-07 16:00:00+01:00,8.187,5.315336,10.08,54.0,0.0,30440.0,1.8788835,9.950412
2026-02-07 17:00:00+01:00,7.687,1.8,9.0,35.0,0.0,26520.0,4.844117,9.454063
2026-02-07 18:00:00+01:00,6.737,1.8,7.2,0.0,0.0,14640.0,1.9333551,8.622896
2026-02-07 19:00:00+01:00,5.637,2.0991426,5.04,0.0,0.0,10440.0,3.2222586,7.4740934
2026-02-07 20:00:00+01:00,5.037,2.52,3.2399998,0.0,0.0,21860.0,1.8788835,6.329817
2026-02-07 21:00:00+01:00,4.037,2.968636,5.3999996,0.0,0.0,20120.0,2.278481,5.0041595
2026-02-07 22:00:00+01:00,3.687,1.0182338,3.6,54.0,0.0,15200.0,3.2222586,5.00416
2026-02-07 23:00:00+01:00,3.787,2.5455842,3.96,45.0,0.0,17920.0,5.543783,5.0041595
2026-02-08 00:00:00+01:00,3.187,1.9386592,5.3999996,37.0,0.0,20880.0,9.394418,6.939521
2026-02-08 01:00:00+01:00,2.437,2.2768397,2.52,8.0,0.0,15600.0,17.934988,7.4740934
2026-02-08 02:00:00+01:00,2.537,1.5273507,3.2399998,5.0,0.0,23760.0,15.818631,9.310345
2026-02-08 03:00:00+01:00,2.137,2.8799999,5.04,0.0,0.0,28360.0,15.8972025,8.442291
2026-02-08 04:00:00+01:00,1.037,3.4152596,3.6,0.0,0.0,19560.0,16.755745,8.327425
2026-02-08 05:00:00+01:00,1.837,3.671294,5.04,0.0,0.0,37380.0,17.177994,6.8557405
2026-02-08 06:00:00+01:00,1.537,2.0364676,6.12,0.0,0.0,20020.0,18.750113,7.0769506
2026-02-08 07:00:00+01:00,1.537,0.71999997,2.16,0.0,0.0,25640.0,21.070715,5.551616
2026-02-08 08:00:00+01:00,1.087,0.71999997,2.52,59.0,0.0,20100.0,19.769024,10.008319
2026-02-08 09:00:00+01:00,1.687,0.8049845,1.4399999,22.0,0.0,18580.0,19.769024,11.189642
2026-02-08 10:00:00+01:00,2.537,2.8116899,4.32,0.0,0.0,28100.0,19.769024,12.051613
2026-02-08 11:00:00+01:00,4.637,0.8049845,4.32,0.0,0.0,19980.0,20.379353,12.780782
2026-02-08 12:00:00+01:00,6.337,1.2979984,4.32,0.0,0.0,30000.0,17.952349,13.612786
2026-02-08 13:00:00+01:00,7.137,3.319036,6.8399997,0.0,0.0,42980.0,15.086228,12.795844
2026-02-08 14:00:00+01:00,7.637,5.1165614,9.0,0.0,0.0,45740.0,14.075039,18.096056
2026-02-08 15:00:00+01:00,7.487,5.904439,10.08,0.0,0.0,41520.0,8.646228,18.339252
2026-02-08 16:00:00+01:00,6.787,5.904439,10.08,39.0,0.0,21900.0,3.757767,17.665136
2026-02-08 17:00:00+01:00,6.237,2.8116899,10.440001,32.0,0.0,17540.0,1.0189676,15.566816
2026-02-08 18:00:00+01:00,5.487,2.968636,4.68,0.0,0.0,12400.0,3.2222586,14.999642
2026-02-08 19:00:00+01:00,4.287,1.835647,5.3999996,17.0,0.0,3180.0,3.89347,14.4368725
2026-02-08 20:00:00+01:00,3.537,1.609969,1.8,69.0,0.0,1000.0,3.4704785,15.11478
2026-02-08 21:00:00+01:00,3.487,2.7416782,3.96,51.0,0.0,2360.0,4.757608,14.396789
2026-02-08 22:00:00+01:00,3.537,1.0182338,4.32,100.0,0.0,220.0,8.377872,11.241167
2026-02-08 23:00:00+01:00,3.337,2.0991426,3.2399998,85.0,0.0,1160.0,9.952556,9.6356945
2026-02-09 00:00:00+01:00,3.037,2.4149535,3.6,91.0,0.0,340.0,7.800262,7.5764823
2026-02-09 01:00:00+01:00,2.837,2.3051248,3.6,64.0,0.0,22720.0,6.970812,5.551616
2026-02-09 02:00:00+01:00,2.337,1.609969,3.2399998,0.0,0.0,36200.0,8.95301,5.8883786
2026-02-09 03:00:00+01:00,2.187,0.8049845,1.8,0.0,0.0,37520.0,9.65603,4.7270317
2026-02-09 04:00:00+01:00,1.787,2.9024127,1.4399999,33.0,0.0,30500.0,9.294415,5.551616
2026-02-09 05:00:00+01:00,1.337,2.7416782,4.32,0.0,0.0,33480.0,12.694226,5.1183376
2026-02-09 06:00:00+01:00,1.087,1.4399999,3.96,0.0,0.0,42540.0,12.030725,5.5862064
2026-02-09 07:00:00+01:00,0.33699998,0.8049845,1.8,0.0,0.0,33240.0,16.587591,6.329817
2026-02-09 08:00:00+01:00,0.087,1.9386592,3.96,0.0,0.0,38820.0,19.209635,8.281033
2026-02-09 09:00:00+01:00,0.587,1.609969,3.2399998,0.0,0.0,32440.0,15.148044,10.1040945
2026-02-09 10:00:00+01:00,1.137,2.1897945,6.8399997,0.0,0.0,19060.0,13.594724,11.9230585
2026-02-09 11:00:00+01:00,3.437,2.4149535,5.3999996,0.0,0.0,13300.0,15.148044,13.612786
2026-02-09 12:00:00+01:00,5.937,2.6208394,5.7599998,0.0,0.0,45920.0,15.473553,18.042753
2026-02-09 13:00:00+01:00,7.037,5.8048253,9.0,0.0,0.0,54580.0,15.031068,22.889902
2026-02-09 14:00:00+01:00,7.087,9.422101,14.759999,0.0,0.0,43820.0,11.087566,24.827585
2026-02-09 15:00:00+01:00,7.037,4.8433046,12.24,0.0,0.0,45060.0,9.215885,25.987556
2026-02-09 16:00:00+01:00,6.537,3.0547013,7.5599995,4.0,0.0,39560.0,4.57969,31.238638
2026-02-09 17:00:00+01:00,6.187,2.5455842,5.3999996,56.0,0.0,41100.0,7.0743074,27.225573
2026-02-09 18:00:00+01:00,5.087,1.835647,4.68,0.0,0.0,30540.0,6.895935,25.928188
2026-02-09 19:00:00+01:00,4.037,3.219938,5.04,42.0,0.0,16680.0,6.3960004,28.693052
2026-02-09 20:00:00+01:00,3.287,2.3051248,3.6,0.0,0.0,7760.0,5.094838,28.612377
2026-02-09 21:00:00+01:00,2.737,2.7416782,5.3999996,6.0,0.0,9620.0,10.411436,26.855139
2026-02-09 22:00:00+01:00,2.587,2.2768397,4.68,0.0,0.0,26080.0,18.43177,30.36308
2026-02-09 23:00:00+01:00,2.087,3.0758414,6.4799995,0.0,0.0,24120.0,21.006556,30.772688
2026-02-10 00:00:00+01:00,0.837,5.1544156,7.5599995,90.0,0.0,520.0,20.667719,33.355934
2026-02-10 01:00:00+01:00,0.937,1.2979984,6.4799995,0.0,0.0,2980.0,26.746689,35.989296
2026-02-10 02:00:00+01:00,0.787,4.68,6.4799995,73.0,0.0,880.0,21.996489,34.244972
2026-02-10 03:00:00+01:00,0.587,4.0249224,7.2,95.0,0.0,380.0,17.15985,31.189268
2026-02-10 04:00:00+01:00,0.937,0.35999998,6.12,65.0,0.0,1560.0,21.359468,35.15537
2026-02-10 05:00:00+01:00,0.737,3.96,7.2,62.0,0.0,2360.0,21.085493,34.278706
2026-02-10 06:00:00+01:00,1.037,4.452954,8.64,83.0,0.0,1840.0,12.337506,50.10315
2026-02-10 07:00:00+01:00,1.187,2.4149535,8.64,92.0,0.5,2960.0,22.624754,55.79651
2026-02-10 08:00:00+01:00,2.737,5.506941,8.64,83.0,0.2,15560.0,24.06145,61.67669
2026-02-10 09:00:00+01:00,4.637,5.1919937,8.64,62.0,0.1,28300.0,7.958391,46.700447
2026-02-10 10:00:00+01:00,6.137,5.3999996,7.5599995,80.0,0.4,43820.0,12.537857,58.308495
2026-02-10 11:00:00+01:00,7.087,5.0911684,8.28,50.0,0.2,40380.0,15.713261,46.568268
2026-02-10 12:00:00+01:00,7.487,9.659814,19.8,47.0,0.0,47800.0,10.189676,42.805088
2026-02-10 13:00:00+01:00,8.137,9.504273,15.119999,52.0,0.0,52680.0,8.753638,52.68189
2026-02-10 14:00:00+01:00,8.737,7.24486,16.919998,55.0,0.0,57240.0,7.6388597,52.889893
2026-02-10 15:00:00+01:00,9.337001,5.904439,11.879999,41.0,0.0,58620.0,7.3619976,52.64165
2026-02-10 16:00:00+01:00,10.087001,3.8268526,11.5199995,27.0,0.0,58380.0,13.152184,51.520973
2026-02-10 17:00:00+01:00,9.637,4.3498964,9.36,19.0,0.0,66760.0,11.715913,37.10146
2026-02-10 18:00:00+01:00,8.587001,2.3051248,8.28,56.0,0.0,62980.0,6.895935,47.433033
2026-02-10 19:00:00+01:00,7.637,0.0,11.159999,55.0,0.6,47120.0,13.881914,56.904068
2026-02-10 20:00:00+01:00,7.487,2.1897945,2.8799999,100.0,0.6,37700.0,14.64622,69.45071
2026-02-10 21:00:00+01:00,7.487,7.771331,11.5199995,51.0,0.2,37380.0,14.133929,61.835762
2026-02-10 22:00:00+01:00,8.637,16.039202,18.0,61.0,0.3,57920.0,18.027378,69.52277
2026-02-10 23:00:00+01:00,8.737,11.592895,22.68,58.0,0.8,27620.0,30.56903,84.60525
2026-02-11 00:00:00+01:00,8.137,6.830519,16.919998,59.0,0.3,47240.0,32.3833,79.20787
2026-02-11 01:00:00+01:00,6.887,7.145796,22.319998,33.0,0.1,32500.0,37.734837,65.29053
2026-02-11 02:00:00+01:00,6.087,4.1046314,15.84,57.0,0.7,21100.0,20.907467,70.247696
2026-02-11 03:00:00+01:00,5.387,6.792466,23.039999,46.0,0.2,16060.0,21.649166,65.38487
2026-02-11 04:00:00+01:00,4.987,5.1165614,23.4,100.0,1.9,9280.0,23.542343,51.07035
2026-02-11 05:00:00+01:00,4.987,2.3051248,11.5199995,54.0,0.4,8200.0,13.881914,52.49875
2026-02-11 06:00:00+01:00,4.587,2.2768397,9.72,71.0,0.9,2920.0,14.41038,66.02107
2026-02-11 07:00:00+01:00,5.387,2.52,10.799999,96.0,0.4,21600.0,11.254866,64.74242
2026-02-11 08:00:00+01:00,6.337,6.439876,6.8399997,38.0,0.3,26580.0,27.391094,60.83075
2026-02-11 09:00:00+01:00,5.387,2.968636,9.72,24.0,0.1,6560.0,19.978004,54.51125
2026-02-11 10:00:00+01:00,5.987,1.4399999,7.92,96.0,0.4,3100.0,17.062765,50.911686
2026-02-11 11:00:00+01:00,8.037001,3.6179552,5.04,100.0,0.8,20460.0,18.454288,73.24138
2026-02-11 12:00:00+01:00,8.787001,5.771239,9.72,72.0,1.0,41240.0,14.236403,69.36745
2026-02-11 13:00:00+01:00,8.987,17.58481,7.5599995,88.0,1.2,16740.0,16.952879,77.744934
2026-02-11 14:00:00+01:00,9.537001,17.654688,27.72,85.0,0.8,31340.0,19.504648,70.27237
2026-02-11 15:00:00+01:00,9.237,5.634891,27.72,86.0,0.6,21340.0,7.3619976,64.12357
2026-02-11 16:00:00+01:00,9.987,13.104198,27.359999,77.0,0.6,54280.0,20.662695,60.98256
2026-02-11 17:00:00+01:00,8.937,10.739833,20.880001,0.0,0.0,37940.0,32.325535,39.417454
2026-02-11 18:00:00+01:00,5.937,4.3349743,16.199999,0.0,0.0,8900.0,15.871056,39.743526
2026-02-11 19:00:00+01:00,4.287,6.87779,10.799999,0.0,0.0,16540.0,10.520564,43.381718
2026-02-11 20:00:00+01:00,3.637,7.2,11.879999,0.0,0.0,6620.0,16.149912,48.302254
2026-02-11 21:00:00+01:00,3.687,4.6800003,10.799999,0.0,0.0,5840.0,15.5538645,52.056583
2026-02-11 22:00:00+01:00,4.337,2.3051248,7.92,0.0,0.0,18380.0,21.911358,63.20071
2026-02-11 23:00:00+01:00,5.687,4.379589,7.92,6.0,0.0,39160.0,18.750113,73.92202
2026-02-12 00:00:00+01:00,5.437,6.763786,11.159999,6.0,0.0,20480.0,39.791958,77.83408
2026-02-12 01:00:00+01:00,6.637,6.849467,29.16,25.0,0.4,37160.0,47.934822,92.80088
2026-02-12 02:00:00+01:00,8.587001,12.224107,19.8,0.0,0.1,58820.0,66.11993,85.511116
2026-02-12 03:00:00+01:00,6.337,6.849467,18.72,23.0,0.5,18420.0,38.607986,79.67344
2026-02-12 04:00:00+01:00,8.187,13.797912,22.319998,12.0,2.2,45000.0,47.77861,78.03182
2026-02-12 05:00:00+01:00,8.687,7.0911775,23.039999,11.0,0.8,15120.0,51.560165,84.76448
2026-02-12 06:00:00+01:00,7.887,9.346143,19.8,3.0,0.6,42280.0,34.47967,60.36027
2026-02-12 07:00:00+01:00,4.387,5.315336,31.319998,29.0,0.1,18920.0,17.465712,53.140602
2026-02-12 08:00:00+01:00,4.337,3.2599385,8.64,100.0,0.2,16180.0,16.562534,65.03927
2026-02-12 09:00:00+01:00,4.437,4.379589,6.8399997,100.0,0.6,8420.0,28.3632,77.07056
2026-02-12 10:00:00+01:00,7.937,7.8625183,9.36,100.0,1.3,11460.0,24.151897,81.336395
2026-02-12 11:00:00+01:00,7.587,15.4800005,24.84,100.0,2.9,6880.0,37.789825,78.12311
2026-02-12 12:00:00+01:00,7.687,8.311245,23.759998,81.0,2.0,14820.0,16.712313,75.9578
2026-02-12 13:00:00+01:00,8.937,15.937878,12.24,43.0,0.5,49700.0,17.441916,58.91649
2026-02-12 14:00:00+01:00,9.437,14.8257065,24.84,85.0,0.4,27620.0,14.503743,64.43822
2026-02-12 15:00:00+01:00,9.387,12.682018,22.68,56.0,0.6,36460.0,12.030725,67.9988
2026-02-12 16:00:00+01:00,9.137,15.696165,17.64,81.0,0.5,50680.0,17.32245,56.205837
2026-02-12 17:00:00+01:00,8.287001,9.904906,23.039999,49.0,0.0,46740.0,16.712313,57.727467
2026-02-12 18:00:00+01:00,6.387,5.6002855,13.679999,83.0,0.0,14980.0,7.5842957,54.0891
2026-02-12 19:00:00+01:00,6.087,7.928178,9.72,83.0,0.4,12540.0,16.63135,44.69827
2026-02-12 20:00:00+01:00,6.037,7.9526596,12.24,100.0,0.4,16860.0,26.544058,58.71343
2026-02-12 21:00:00+01:00,5.987,5.904439,14.04,100.0,0.6,24920.0,11.848101,69.309105
2026-02-12 22:00:00+01:00,5.987,9.531505,11.5199995,100.0,2.1,25720.0,8.253009,60.01462
2026-02-12 23:00:00+01:00,5.837,9.0,12.959999,95.0,1.2,23480.0,24.527294,52.568417
2026-02-13 00:00:00+01:00,5.737,2.2768397,19.44,47.0,0.3,36180.0,18.766718,50.432705
2026-02-13 01:00:00+01:00,5.587,7.6367526,5.3999996,74.0,0.0,27500.0,15.148044,44.711197
2026-02-13 02:00:00+01:00,4.687,5.0911684,11.879999,27.0,0.0,18400.0,17.1538,37.344685
2026-02-13 03:00:00+01:00,3.537,4.39436,6.8399997,13.0,0.0,19220.0,7.1327734,31.806936
2026-02-13 04:00:00+01:00,3.937,4.5536795,7.2,73.0,0.0,12340.0,3.1898732,38.10549
2026-02-13 05:00:00+01:00,3.837,3.2599385,7.5599995,44.0,0.0,16340.0,7.6388597,33.97957
2026-02-13 06:00:00+01:00,3.437,6.151683,9.72,25.0,0.0,20880.0,7.418196,28.578697
2026-02-13 07:00:00+01:00,3.237,5.3517847,11.879999,7.0,0.0,37940.0,16.162766,37.370464
2026-02-13 08:00:00+01:00,0.937,4.379589,8.28,0.0,0.0,4520.0,21.070715,36.192112
2026-02-13 09:00:00+01:00,2.287,3.396233,6.8399997,37.0,0.0,3960.0,20.343658,26.69687
2026-02-13 10:00:00+01:00,5.637,2.6208394,10.440001,0.0,0.0,8180.0,16.43036,25.868687
2026-02-13 11:00:00+01:00,7.487,1.2979984,7.5599995,0.0,0.0,44120.0,17.536903,34.413307
2026-02-13 12:00:00+01:00,9.587001,3.7064266,6.8399997,0.0,0.0,64260.0,17.871193,35.682907
2026-02-13 13:00:00+01:00,10.287001,3.6179552,7.5599995,0.0,0.0,60220.0,18.159363,32.490005
2026-02-13 14:00:00+01:00,10.787001,4.6102495,7.92,0.0,0.0,59940.0,13.97881,34.334854
2026-02-13 15:00:00+01:00,9.737,4.39436,11.159999,0.0,0.0,54160.0,16.430359,37.329205
2026-02-13 16:00:00+01:00,9.487,0.71999997,6.4799995,0.0,0.0,51480.0,17.123507,30.312284
2026-02-13 17:00:00+01:00,9.037001,3.671294,5.7599998,0.0,0.0,53640.0,16.335293,16.433628
2026-02-13 18:00:00+01:00,7.387,4.379589,6.8399997,0.0,0.0,23560.0,16.00136,35.817608
2026-02-13 19:00:00+01:00,6.587,0.35999998,6.4799995,0.0,0.0,28140.0,17.824654,46.66331
2026-02-13 20:00:00+01:00,5.737,3.671294,5.7599998,0.0,0.0,32880.0,13.594724,47.270313
2026-02-13 21:00:00+01:00,5.037,3.9763298,7.2,0.0,0.0,16140.0,16.43036,46.08176
2026-02-13 22:00:00+01:00,5.087,2.7416782,5.3999996,0.0,0.0,17820.0,14.192577,45.52664
2026-02-13 23:00:00+01:00,4.937,3.319036,4.68,0.0,0.0,23680.0,15.480263,37.293064
2026-02-14 00:00:00+01:00,4.837,1.2979984,5.04,0.0,0.0,24260.0,16.568802,30.866442
2026-02-14 01:00:00+01:00,3.987,1.1384199,3.6,0.0,0.0,5500.0,14.503743,36.192112
2026-02-14 02:00:00+01:00,3.887,2.968636,3.2399998,0.0,0.0,10200.0,13.246578,38.287045
2026-02-14 03:00:00+01:00,4.287,2.52,5.3999996,0.0,0.0,19960.0,14.301892,28.753408
2026-02-14 04:00:00+01:00,3.787,1.9386592,3.96,0.0,0.0,9700.0,10.411436,18.096056
2026-02-14 05:00:00+01:00,3.937,2.3051248,3.2399998,0.0,0.0,19620.0,7.34788,16.562065
2026-02-14 06:00:00+01:00,3.987,2.16,3.6,61.0,0.0,25020.0,1.4410379,24.452335
2026-02-14 07:00:00+01:00,3.387,3.219938,3.96,63.0,0.0,6760.0,1.643036,19.716057
2026-02-14 08:00:00+01:00,4.037,2.0364676,5.7599998,77.0,0.0,15540.0,1.0189676,17.773846
2026-02-14 09:00:00+01:00,4.587,1.9386592,2.8799999,92.0,0.0,11640.0,4.488087,12.915714
2026-02-14 10:00:00+01:00,5.487,2.5455842,2.8799999,99.0,0.1,6440.0,4.757608,13.626929
2026-02-14 11:00:00+01:00,6.037,0.5091169,3.2399998,96.0,0.5,7480.0,5.709857,15.566816
2026-02-14 12:00:00+01:00,6.987,2.1897945,3.96,85.0,0.9,11200.0,12.44643,12.051613
2026-02-14 13:00:00+01:00,8.187,1.484318,3.96,100.0,0.2,19140.0,13.776805,15.714606
2026-02-14 14:00:00+01:00,8.437,1.1384199,2.52,86.0,0.2,15760.0,18.599998,21.330421
2026-02-14 15:00:00+01:00,9.037001,4.198285,6.8399997,78.0,0.1,35580.0,20.241323,26.348255
2026-02-14 16:00:00+01:00,8.487,7.729527,14.4,80.0,0.0,44340.0,10.599223,28.178215
2026-02-14 17:00:00+01:00,7.487,6.0347,12.24,87.0,0.1,30760.0,12.133847,27.563091
2026-02-14 18:00:00+01:00,6.237,5.7599998,10.08,92.0,0.2,19360.0,20.991722,26.33363
2026-02-14 19:00:00+01:00,5.987,15.629971,28.8,96.0,0.2,29860.0,23.489357,28.880415
2026-02-14 20:00:00+01:00,5.487,17.551615,30.239998,90.0,0.2,36600.0,22.175133,26.660769
2026-02-14 21:00:00+01:00,4.737,7.289444,27.0,80.0,0.0,35040.0,12.159491,27.882717
2026-02-14 22:00:00+01:00,4.637,10.495713,25.56,98.0,0.0,31160.0,20.055809,28.102919
2026-02-14 23:00:00+01:00,4.187,6.9247384,15.84,89.0,0.1,28020.0,13.120569,28.006792
2026-02-15 00:00:00+01:00,3.837,1.8,10.440001,92.0,0.0,27000.0,16.866917,28.484177
2026-02-15 01:00:00+01:00,4.287,2.0991426,5.3999996,100.0,0.0,38300.0,16.805244,24.491692
2026-02-15 02:00:00+01:00,3.487,2.5959969,5.7599998,90.0,0.0,23460.0,17.44787,21.429527
2026-02-15 03:00:00+01:00,3.237,2.0991426,3.96,95.0,0.0,22100.0,21.422567,20.52034
2026-02-15 04:00:00+01:00,3.437,4.6938252,11.159999,81.0,0.0,27720.0,9.752324,20.52034
2026-02-15 05:00:00+01:00,3.087,2.0991426,8.64,97.0,0.0,21200.0,15.792356,26.515873
2026-02-15 06:00:00+01:00,2.787,4.5820518,8.64,100.0,0.0,17060.0,17.062765,28.068626
2026-02-15 07:00:00+01:00,3.037,2.9024127,7.92,91.0,0.1,24480.0,7.418196,32.519634
2026-02-15 08:00:00+01:00,2.787,1.8,4.32,85.0,0.0,20640.0,5.506198,35.25386
2026-02-15 09:00:00+01:00,3.137,2.6208394,4.32,88.0,0.0,19840.0,5.6366506,31.951952
2026-02-15 10:00:00+01:00,3.787,4.3349743,8.28,93.0,0.0,32360.0,2.9178793,32.25795
2026-02-15 11:00:00+01:00,4.587,3.96,7.5599995,83.0,0.0,35420.0,2.0379353,31.649088
2026-02-15 12:00:00+01:00,5.437,3.6,6.8399997,15.0,0.0,48540.0,0.64445174,28.612377
2026-02-15 13:00:00+01:00,5.987,7.42159,9.72,57.0,0.0,55500.0,1.4410379,26.370178
2026-02-15 14:00:00+01:00,6.337,5.0528407,10.799999,0.0,0.0,53060.0,5.543783,32.519634
2026-02-15 15:00:00+01:00,6.137,6.638072,12.599999,0.0,0.0,53680.0,2.577807,35.54769
2026-02-15 16:00:00+01:00,6.737,2.0991426,9.72,0.0,0.0,54260.0,4.2990294,32.519634
2026-02-15 17:00:00+01:00,6.487,4.3349743,5.7599998,0.0,0.0,49440.0,9.125309,40.387775
2026-02-15 18:00:00+01:00,5.237,6.193674,12.24,0.0,0.0,20520.0,7.205189,48.513157
2026-02-15 19:00:00+01:00,3.587,7.289445,12.959999,99.0,0.0,24260.0,9.294415,63.99127
2026-02-15 20:00:00+01:00,4.337,9.1641035,13.679999,100.0,0.0,48400.0,15.50037,70.80216
2026-02-15 21:00:00+01:00,4.737,6.4096174,16.199999,100.0,0.6,42780.0,14.482251,78.88865
2026-02-15 22:00:00+01:00,2.187,2.2768397,13.679999,88.0,1.2,8240.0,12.961332,83.01942
2026-02-15 23:00:00+01:00,4.237,1.5273507,9.36,77.0,0.2,17200.0,14.878324,73.89336
2026-02-16 00:00:00+01:00,4.787,5.991594,7.5599995,87.0,0.2,21920.0,11.821781,74.1224
2026-02-16 01:00:00+01:00,5.387,10.315115,10.799999,44.0,0.6,27060.0,38.09631,72.04279
2026-02-16 02:00:00+01:00,7.487,8.891344,22.68,83.0,0.1,53560.0,19.972805,83.80229
2026-02-16 03:00:00+01:00,6.637,4.6938252,10.08,32.0,0.0,42940.0,35.053078,75.83852
2026-02-16 04:00:00+01:00,6.637,7.5942073,21.24,46.0,0.6,36780.0,36.218533,72.88545
2026-02-16 05:00:00+01:00,6.887,10.931203,20.519999,8.0,0.8,31320.0,49.175087,87.52603
2026-02-16 06:00:00+01:00,5.987,4.3349743,16.919998,83.0,1.3,15540.0,18.77225,74.74093
2026-02-16 07:00:00+01:00,5.887,21.313093,23.759998,51.0,3.7,10240.0,29.19658,50.156944
2026-02-16 08:00:00+01:00,5.637,10.086427,23.4,100.0,2.1,12060.0,19.403242,68.30971
2026-02-16 09:00:00+01:00,5.337,5.634891,18.0,100.0,2.7,12380.0,13.670886,68.1092
2026-02-16 10:00:00+01:00,5.787,9.746631,7.92,100.0,1.5,10080.0,14.878324,66.74938
2026-02-16 11:00:00+01:00,6.287,9.0645685,17.28,100.0,2.2,10100.0,11.528303,73.3071
2026-02-16 12:00:00+01:00,7.137,2.9024127,12.24,98.0,1.0,22160.0,10.481012,71.64866
2026-02-16 13:00:00+01:00,7.437,7.289445,5.7599998,100.0,0.8,26080.0,13.776805,68.21094
2026-02-16 14:00:00+01:00,6.937,8.707238,20.519999,91.0,1.8,20980.0,18.992203,64.84944
2026-02-16 15:00:00+01:00,6.637,5.6233797,17.64,86.0,0.6,20880.0,18.279041,68.53774
2026-02-16 16:00:00+01:00,6.487,11.966954,17.28,100.0,1.6,11240.0,10.331347,73.38326
2026-02-16 17:00:00+01:00,5.737,8.287822,36.0,55.0,1.1,15600.0,30.653826,74.01838
2026-02-16 18:00:00+01:00,4.787,5.8048253,30.960001,6.0,0.0,13220.0,32.222588,54.87402
2026-02-16 19:00:00+01:00,4.987,8.287822,29.519999,57.0,0.0,40000.0,21.13959,52.052883
2026-02-16 20:00:00+01:00,4.287,6.12,31.68,100.0,0.2,17300.0,22.857605,62.836967
2026-02-16 21:00:00+01:00,4.287,7.208994,32.760002,87.0,0.4,26220.0,21.649166,62.1465
2026-02-16 22:00:00+01:00,3.987,11.298495,29.16,16.0,0.7,18300.0,37.250202,57.506817
2026-02-16 23:00:00+01:00,4.187,7.5942073,30.239998,0.0,0.1,30180.0,41.21469,60.48779
2026-02-17 00:00:00+01:00,3.687,5.4477882,25.56,100.0,0.1,29340.0,26.288576,44.143208
2026-02-17 01:00:00+01:00,3.487,5.315336,15.4800005,100.0,0.3,28640.0,29.324326,53.02448
2026-02-17 02:00:00+01:00,3.837,4.1046314,11.5199995,79.0,0.2,29540.0,28.432667,61.545376
2026-02-17 03:00:00+01:00,3.337,3.219938,21.96,77.0,0.1,28360.0,34.355988,60.101223
2026-02-17 04:00:00+01:00,3.237,9.565437,21.599998,38.0,0.1,16520.0,28.245813,58.84779
2026-02-17 05:00:00+01:00,3.087,3.396233,30.239998,88.0,0.0,20840.0,24.065763,68.04978
2026-02-17 06:00:00+01:00,3.187,1.835647,21.96,87.0,0.0,30120.0,28.549284,59.792747
2026-02-17 07:00:00+01:00,3.337,2.5959969,21.599998,100.0,0.0,34500.0,23.360819,60.969925
2026-02-17 08:00:00+01:00,3.887,3.319036,17.64,70.0,0.0,42680.0,30.73501,56.659817
2026-02-17 09:00:00+01:00,3.837,2.0991426,15.84,68.0,0.0,39640.0,29.686777,53.194946
2026-02-17 10:00:00+01:00,4.937,5.0911684,11.5199995,95.0,0.0,28640.0,27.979895,52.31865
2026-02-17 11:00:00+01:00,5.787,6.2145634,27.0,63.0,0.0,37840.0,21.991768,50.979744
2026-02-17 12:00:00+01:00,6.787,3.319036,25.199999,66.0,0.0,33020.0,16.111294,54.677082
2026-02-17 13:00:00+01:00,7.487,11.013882,21.599998,76.0,0.0,58860.0,23.71372,52.64165
2026-02-17 14:00:00+01:00,7.887,13.276144,40.68,70.0,0.1,63320.0,21.878162,53.545048
2026-02-17 15:00:00+01:00,7.837,7.6367526,36.36,19.0,0.2,61860.0,26.010633,53.710278
2026-02-17 16:00:00+01:00,7.737,12.144331,15.84,50.0,0.0,60700.0,26.038563,50.0339
2026-02-17 17:00:00+01:00,6.687,9.36,20.16,38.0,0.0,54220.0,17.777994,54.919632
2026-02-17 18:00:00+01:00,4.837,4.0249224,22.68,0.0,0.1,22700.0,24.374422,49.285255
2026-02-17 19:00:00+01:00,4.237,5.3517847,20.16,94.0,0.1,21160.0,8.215179,45.144234
2026-02-17 20:00:00+01:00,4.337,3.4152596,13.679999,100.0,0.0,20120.0,6.940957,43.505867
2026-02-17 21:00:00+01:00,3.787,2.4149535,10.440001,88.0,0.1,8120.0,8.315675,41.157852
2026-02-17 22:00:00+01:00,3.937,3.7064266,6.8399997,70.0,0.0,13300.0,11.715913,39.69503
2026-02-17 23:00:00+01:00,3.087,1.8,4.68,75.0,0.0,6060.0,10.411436,39.69503
2026-02-18 00:00:00+01:00,2.387,4.1046314,6.4799995,40.0,0.0,23060.0,8.658227,37.00268
2026-02-18 01:00:00+01:00,1.837,5.154415,7.5599995,44.0,0.0,28880.0,7.418196,34.00224
2026-02-18 02:00:00+01:00,0.43699998,5.506941,8.28,44.0,0.0,21700.0,5.094838,36.919296
2026-02-18 03:00:00+01:00,-0.013,4.6938257,9.0,0.0,0.0,23040.0,6.940957,32.667385
2026-02-18 04:00:00+01:00,0.287,6.87779,8.28,0.0,0.0,23860.0,7.20519,39.3049
2026-02-18 05:00:00+01:00,0.687,8.404285,12.24,0.0,0.0,34300.0,7.78694,48.33813
2026-02-18 06:00:00+01:00,1.237,4.6938252,13.32,0.0,0.0,24260.0,5.6366506,45.733498
2026-02-18 07:00:00+01:00,1.987,4.1046314,6.12,84.0,0.0,23660.0,8.646228,52.762268
2026-02-18 08:00:00+01:00,3.087,4.73506,7.92,78.0,0.0,32260.0,14.843389,52.991776
2026-02-18 09:00:00+01:00,4.037,7.5685663,12.599999,40.0,0.0,28480.0,12.269995,42.660843
2026-02-18 10:00:00+01:00,4.887,11.269782,11.879999,44.0,0.0,30900.0,19.742744,55.328484
2026-02-18 11:00:00+01:00,6.437,2.3051248,16.199999,79.0,0.0,33180.0,15.955876,55.879303
2026-02-18 12:00:00+01:00,8.687,7.10031,10.799999,40.0,0.0,39120.0,9.815996,48.481384
2026-02-18 13:00:00+01:00,7.437,7.7879906,14.04,44.0,0.0,36860.0,8.253009,51.755985
2026-02-18 14:00:00+01:00,7.837,5.6002855,11.159999,46.0,0.0,36540.0,9.580463,52.329693
2026-02-18 15:00:00+01:00,9.237,3.6179552,9.36,27.0,0.0,38880.0,5.543783,48.17847
2026-02-18 16:00:00+01:00,8.437,3.4152596,5.3999996,5.0,0.0,38680.0,8.315675,47.74471
2026-02-18 17:00:00+01:00,8.237,3.7064266,5.7599998,0.0,0.0,38620.0,11.208644,47.506077
2026-02-18 18:00:00+01:00,6.637,4.0249224,5.3999996,0.0,0.0,33800.0,8.513107,49.581406
2026-02-18 19:00:00+01:00,5.287,4.198285,9.72,0.0,0.0,29040.0,18.142204,56.42475
2026-02-18 20:00:00+01:00,5.037,4.8433046,8.28,0.0,0.0,31480.0,18.77225,56.205833
2026-02-18 21:00:00+01:00,4.637,4.3349743,8.64,0.0,0.0,29420.0,10.490914,57.49677
2026-02-18 22:00:00+01:00,4.887,4.3349743,4.68,0.0,0.0,33480.0,26.85903,56.126957
2026-02-18 23:00:00+01:00,4.237,3.96,6.8399997,0.0,0.0,32000.0,26.947792,59.524754
2026-02-19 00:00:00+01:00,3.137,5.815978,7.92,0.0,0.0,14600.0,19.333553,48.002224
2026-02-19 01:00:00+01:00,3.187,2.4149535,10.440001,100.0,0.1,14180.0,20.40481,51.975113
2026-02-19 02:00:00+01:00,4.137,6.8777895,8.28,100.0,0.4,29100.0,20.687803,44.330452
2026-02-19 03:00:00+01:00,3.937,7.9526596,16.199999,100.0,1.8,18380.0,13.739071,47.433033
2026-02-19 04:00:00+01:00,4.537,7.386582,8.64,48.0,2.4,23900.0,21.553034,48.92042
2026-02-19 05:00:00+01:00,4.987,2.3051248,10.440001,97.0,0.3,33020.0,11.537306,44.44762
2026-02-19 06:00:00+01:00,4.487,3.2399998,5.7599998,100.0,0.4,25460.0,10.280973,40.668198
2026-02-19 07:00:00+01:00,3.837,6.519877,9.0,48.0,0.3,21200.0,14.589397,45.344337
2026-02-19 08:00:00+01:00,4.187,6.439876,13.679999,46.0,0.1,27160.0,10.638335,39.53457
2026-02-19 09:00:00+01:00,5.287,5.634891,12.599999,5.0,0.0,31900.0,8.402622,47.372078
2026-02-19 10:00:00+01:00,6.637,3.0758414,6.12,40.0,0.0,32280.0,9.858215,50.06084
2026-02-19 11:00:00+01:00,7.137,8.4042845,13.32,86.0,0.0,37600.0,9.666777,48.87709
2026-02-19 12:00:00+01:00,8.037001,5.2416787,11.5199995,67.0,0.0,39380.0,10.754816,51.032616
2026-02-19 13:00:00+01:00,7.587,20.898613,12.599999,100.0,0.4,10980.0,8.151741,67.83714
2026-02-19 14:00:00+01:00,7.887,18.709612,28.8,87.0,0.8,31760.0,20.63252,63.17937
2026-02-19 15:00:00+01:00,8.587001,12.879752,28.44,67.0,0.1,38760.0,12.889034,54.599518
2026-02-19 16:00:00+01:00,8.887,14.512064,18.359999,40.0,0.0,40020.0,9.837129,46.8158
2026-02-19 17:00:00+01:00,8.087001,9.449572,20.16,71.0,0.0,38880.0,8.253009,52.583073
2026-02-19 18:00:00+01:00,6.487,2.8116899,11.879999,49.0,0.0,29740.0,6.3960004,48.082417
2026-02-19 19:00:00+01:00,5.637,6.297428,7.92,100.0,0.3,22020.0,4.511162,40.668198
2026-02-19 20:00:00+01:00,5.787,0.8049845,9.72,96.0,1.6,28140.0,5.709857,45.998085
2026-02-19 21:00:00+01:00,5.237,7.072878,10.08,100.0,0.8,19320.0,9.612922,47.599243
2026-02-19 22:00:00+01:00,5.237,1.609969,10.08,100.0,1.1,18660.0,10.520564,42.755558
2026-02-19 23:00:00+01:00,4.937,5.1919937,7.92,100.0,2.6,19820.0,14.038106,41.881607
2026-02-20 00:00:00+01:00,4.537,1.0182338,6.4799995,100.0,1.9,19800.0,14.69576,43.898163
2026-02-20 01:00:00+01:00,4.687,5.4119864,4.32,100.0,0.8,21480.0,12.512989,49.817833
2026-02-20 02:00:00+01:00,4.587,2.9024127,8.28,100.0,0.7,22600.0,12.636843,50.88898
2026-02-20 03:00:00+01:00,4.187,1.1384199,2.52,100.0,0.3,13540.0,16.162767,45.884876
2026-02-20 04:00:00+01:00,4.137,3.6179552,1.4399999,92.0,0.9,13840.0,11.012396,41.367928
2026-02-20 05:00:00+01:00,3.887,2.3051248,5.04,100.0,0.6,7460.0,16.111294,37.344685
2026-02-20 06:00:00+01:00,4.087,1.484318,3.2399998,98.0,1.0,14040.0,16.768133,35.330273
2026-02-20 07:00:00+01:00,4.137,2.3051248,3.2399998,100.0,0.8,12480.0,20.364061,37.00268
2026-02-20 08:00:00+01:00,4.087,2.9024127,4.32,91.0,0.7,10100.0,18.056154,34.474827
2026-02-20 09:00:00+01:00,4.437,2.968636,6.4799995,95.0,1.0,11000.0,18.594416,28.314606
2026-02-20 10:00:00+01:00,5.437,0.5091169,5.3999996,96.0,0.9,12040.0,22.25459,27.204338
2026-02-20 11:00:00+01:00,6.387,3.8939953,6.12,87.0,0.4,25300.0,9.394418,27.225573
2026-02-20 12:00:00+01:00,7.087,5.4477882,9.0,78.0,0.2,28540.0,9.045312,31.722036
2026-02-20 13:00:00+01:00,7.887,4.1046314,9.0,81.0,0.1,34660.0,12.039351,28.933727
2026-02-20 14:00:00+01:00,8.587001,3.9763298,6.4799995,74.0,0.0,35080.0,8.84802,30.533892
2026-02-20 15:00:00+01:00,8.887,3.8939953,8.64,62.0,0.0,37160.0,7.0743074,32.204163
2026-02-20 16:00:00+01:00,9.287001,4.6938257,6.12,54.0,0.0,39040.0,5.941551,31.38628
2026-02-20 17:00:00+01:00,8.937,3.6,7.92,85.0,0.0,37860.0,8.753638,27.317396
2026-02-20 18:00:00+01:00,8.137,2.8116899,3.96,95.0,0.0,33980.0,11.319258,29.980017
2026-02-20 19:00:00+01:00,7.137,2.0991426,5.7599998,88.0,0.0,23780.0,8.561753,34.14357
2026-02-20 20:00:00+01:00,6.437,1.484318,3.6,100.0,0.0,21380.0,6.47666,35.618065
2026-02-20 21:00:00+01:00,6.587,4.1046314,6.4799995,100.0,0.0,29240.0,12.312233,34.00224
2026-02-20 22:00:00+01:00,6.237,2.1897945,7.92,95.0,0.0,27680.0,1.9333551,45.54356
2026-02-20 23:00:00+01:00,5.887,3.4152596,7.5599995,85.0,0.0,27980.0,1.4410379,44.74565
2026-02-21 00:00:00+01:00,5.887,6.28713,8.64,100.0,0.0,33100.0,11.254866,35.989296
2026-02-21 01:00:00+01:00,5.687,1.9386592,11.5199995,81.0,0.1,29000.0,5.993747,41.265358
2026-02-21 02:00:00+01:00,5.337,2.6208394,4.32,89.0,0.0,29200.0,7.971428,37.12741
2026-02-21 03:00:00+01:00,5.387,5.1544156,7.92,72.0,0.0,31600.0,5.941551,42.08349
2026-02-21 04:00:00+01:00,5.087,1.5273507,8.64,68.0,0.0,30260.0,2.0379353,39.476055
2026-02-21 05:00:00+01:00,5.137,2.0364676,7.2,71.0,0.0,32640.0,2.7718916,47.433033
2026-02-21 06:00:00+01:00,5.237,4.2136917,6.12,98.0,0.2,32900.0,4.907998,46.13607
2026-02-21 07:00:00+01:00,5.137,1.1384199,7.5599995,52.0,0.3,27660.0,16.335295,38.9801
2026-02-21 08:00:00+01:00,6.037,3.6,6.12,94.0,0.3,21220.0,11.096928,36.55751
2026-02-21 09:00:00+01:00,5.637,4.3498964,6.12,58.0,0.5,27320.0,15.818631,52.733055
2026-02-21 10:00:00+01:00,6.137,1.8,6.4799995,60.0,0.1,21500.0,19.387182,68.90773
2026-02-21 11:00:00+01:00,8.337001,3.5455887,5.7599998,52.0,0.1,20620.0,17.584206,61.848225
2026-02-21 12:00:00+01:00,9.537001,5.0911684,8.64,23.0,0.0,36420.0,16.303482,56.649616
2026-02-21 13:00:00+01:00,8.487,9.726664,14.04,60.0,0.0,32280.0,15.600524,54.486507
2026-02-21 14:00:00+01:00,7.887,4.6938257,15.84,66.0,0.1,31700.0,16.712313,51.81922
2026-02-21 15:00:00+01:00,9.537001,7.5685663,11.5199995,25.0,0.0,35540.0,15.372571,52.377525
2026-02-21 16:00:00+01:00,8.337001,5.0911684,12.599999,25.0,0.0,28320.0,15.318443,52.17117
2026-02-21 17:00:00+01:00,7.587,4.3349743,10.08,0.0,0.0,19800.0,12.438086,55.14016
2026-02-21 18:00:00+01:00,7.237,3.563818,7.2,0.0,0.0,18080.0,6.347113,54.507717
2026-02-21 19:00:00+01:00,6.587,2.9024127,4.32,57.0,0.0,25280.0,5.8357587,57.39953
2026-02-21 20:00:00+01:00,6.187,1.9386592,3.6,0.0,0.0,30180.0,6.572144,55.35633
2026-02-21 21:00:00+01:00,4.987,4.3349743,6.4799995,0.0,0.0,17240.0,3.286072,52.69651
2026-02-21 22:00:00+01:00,3.837,5.6920996,7.2,82.0,0.0,960.0,0.4556962,49.285255
2026-02-21 23:00:00+01:00,4.137,3.5455887,8.28,0.0,0.0,27860.0,3.4704785,43.65174
2026-02-22 00:00:00+01:00,4.187,2.2768397,5.3999996,0.0,0.0,31180.0,1.4410379,39.94175
2026-02-22 01:00:00+01:00,4.237,3.396233,6.12,71.0,0.0,32540.0,1.8788835,38.48776
2026-02-22 02:00:00+01:00,4.137,0.8049845,4.32,100.0,0.0,29560.0,1.9333551,38.246773
2026-02-22 03:00:00+01:00,2.737,3.2399998,4.68,97.0,0.0,17300.0,4.6916795,41.590836
2026-02-22 04:00:00+01:00,3.287,4.0249224,6.12,0.0,0.0,24020.0,4.9291077,40.98432
2026-02-22 05:00:00+01:00,3.037,1.8,5.3999996,0.0,0.0,27460.0,0.64445174,40.28271
2026-02-22 06:00:00+01:00,1.287,0.35999998,1.8,6.0,0.0,8560.0,2.0379353,40.53536
2026-02-22 07:00:00+01:00,2.237,1.609969,3.96,0.0,0.0,16740.0,4.201311,36.541702
2026-02-22 08:00:00+01:00,1.287,2.968636,5.04,69.0,0.0,840.0,5.487309,37.493973
2026-02-22 09:00:00+01:00,1.537,6.2145634,8.64,100.0,0.0,80.0,5.543783,39.142838
2026-02-22 10:00:00+01:00,4.187,1.08,10.08,100.0,0.0,120.0,7.34788,39.500443
2026-02-22 11:00:00+01:00,6.287,1.4399999,6.4799995,23.0,0.0,8440.0,6.198138,41.04068
2026-02-22 12:00:00+01:00,8.387,2.9024127,6.4799995,0.0,0.0,26180.0,5.3142853,44.108284
2026-02-22 13:00:00+01:00,10.187,2.1897945,6.4799995,0.0,0.0,37680.0,7.7468357,44.347828
2026-02-22 14:00:00+01:00,10.887,3.096837,6.4799995,0.0,0.0,38440.0,6.728273,45.037437
2026-02-22 15:00:00+01:00,11.037001,2.8116899,6.12,0.0,0.0,38540.0,8.976174,45.208195
2026-02-22 16:00:00+01:00,10.987,2.8799999,5.3999996,0.0,0.0,39780.0,4.844117,41.0829
2026-02-22 17:00:00+01:00,10.637,4.1046314,6.12,0.0,0.0,40260.0,8.976174,42.9892
2026-02-22 18:00:00+01:00,8.837001,2.2768397,9.0,0.0,0.0,35520.0,9.227144,44.108284
2026-02-22 19:00:00+01:00,6.587,4.802999,6.8399997,0.0,0.0,33380.0,8.062088,47.80922
2026-02-22 20:00:00+01:00,6.037,4.452954,7.2,0.0,0.0,25860.0,7.515534,49.05019
2026-02-22 21:00:00+01:00,5.237,3.319036,8.64,0.0,0.0,25340.0,8.561753,47.188744
2026-02-22 22:00:00+01:00,5.337,5.0528407,7.5599995,0.0,0.0,20760.0,7.34788,45.31459
2026-02-22 23:00:00+01:00,5.987,5.7599998,9.0,13.0,0.0,16920.0,12.961332,45.327347
2026-02-23 00:00:00+01:00,5.537,4.6102495,10.440001,0.0,0.0,27660.0,13.525812,42.97127
2026-02-23 01:00:00+01:00,5.387,2.16,6.12,0.0,0.0,20980.0,7.418196,36.430836
2026-02-23 02:00:00+01:00,6.737,3.6179552,6.12,0.0,0.0,35220.0,9.515216,40.843075
2026-02-23 03:00:00+01:00,6.837,1.609969,7.2,0.0,0.0,34520.0,5.487309,37.6938
2026-02-23 04:00:00+01:00,5.737,5.1544156,9.36,0.0,0.0,22580.0,9.079681,42.266186
2026-02-23 05:00:00+01:00,5.537,6.5693827,11.5199995,0.0,0.0,33620.0,1.3670886,42.470776
2026-02-23 06:00:00+01:00,5.787,7.10031,12.959999,0.0,0.0,24280.0,2.278481,42.06975
2026-02-23 07:00:00+01:00,6.637,2.7416782,10.440001,40.0,0.0,31000.0,8.151741,36.32493
2026-02-23 08:00:00+01:00,5.637,2.6208394,7.2,0.0,0.0,26020.0,5.3142853,33.568924
2026-02-23 09:00:00+01:00,7.437,3.219938,6.8399997,10.0,0.0,29940.0,1.3670886,30.31864
2026-02-23 10:00:00+01:00,8.637,1.1384199,6.8399997,0.0,0.0,27700.0,2.577807,26.69687
2026-02-23 11:00:00+01:00,9.937,2.2768397,4.32,0.0,0.0,31640.0,6.572144,29.844782
2026-02-23 12:00:00+01:00,11.587001,3.5455887,8.28,0.0,0.0,37660.0,5.0333285,32.27586
2026-02-23 13:00:00+01:00,12.537001,2.9024127,11.5199995,0.0,0.0,39180.0,11.961482,35.618065
2026-02-23 14:00:00+01:00,13.387,5.3517847,9.0,0.0,0.0,40300.0,11.4288025,35.029118
2026-02-23 15:00:00+01:00,13.637,5.315336,9.36,5.0,0.0,40040.0,9.666777,33.905792
2026-02-23 16:00:00+01:00,13.587001,8.654987,14.759999,0.0,0.0,39100.0,12.039351,40.53536
2026-02-23 17:00:00+01:00,12.137,4.0249224,15.119999,32.0,0.0,34880.0,10.280973,40.0429
2026-02-23 18:00:00+01:00,11.487,2.5455842,7.5599995,54.0,0.0,32460.0,12.337506,42.005604
2026-02-23 19:00:00+01:00,10.687,0.35999998,6.4799995,61.0,0.0,27780.0,9.612922,38.846447
2026-02-23 20:00:00+01:00,9.537001,3.319036,4.32,76.0,0.0,21180.0,10.725815,39.709587
2026-02-23 21:00:00+01:00,9.987,2.0991426,6.4799995,76.0,0.0,31320.0,5.941551,37.80097
2026-02-23 22:00:00+01:00,9.937,2.0991426,5.3999996,62.0,0.0,32220.0,10.831775,34.80846
2026-02-23 23:00:00+01:00,9.587001,2.9024127,4.32,58.0,0.0,31480.0,9.580464,43.65174
2026-02-24 00:00:00+01:00,9.287001,3.0547013,5.04,53.0,0.0,30980.0,5.468354,38.647587
2026-02-24 01:00:00+01:00,8.787001,4.510787,5.3999996,77.0,0.0,29680.0,4.6472077,42.193203
2026-02-24 02:00:00+01:00,7.637,3.96,7.92,10.0,0.0,30320.0,3.757767,38.886093
2026-02-24 03:00:00+01:00,7.437,1.5273507,6.4799995,0.0,0.0,30500.0,2.8820758,40.98432
2026-02-24 04:00:00+01:00,6.837,3.8268526,7.92,30.0,0.0,30780.0,3.4704785,41.516666
2026-02-24 05:00:00+01:00,6.887,2.6208394,5.7599998,14.0,0.0,34360.0,1.4410379,41.516666
2026-02-24 06:00:00+01:00,6.487,2.4149535,3.6,86.0,0.0,30780.0,3.9200466,41.516666
2026-02-24 07:00:00+01:00,6.587,1.835647,3.2399998,82.0,0.0,30580.0,1.8227848,38.727253
2026-02-24 08:00:00+01:00,6.387,1.1384199,2.8799999,75.0,0.0,27840.0,3.3175182,35.74224
2026-02-24 09:00:00+01:00,7.187,1.609969,4.32,0.0,0.0,30580.0,2.6571426,33.08922
2026-02-24 10:00:00+01:00,9.187,2.6208394,4.68,0.0,0.0,31260.0,1.9333551,31.312546
2026-02-24 11:00:00+01:00,11.337001,1.0182338,5.3999996,0.0,0.0,29780.0,1.643036,29.073198
2026-02-24 12:00:00+01:00,12.987,3.319036,6.12,0.0,0.0,35700.0,2.3236039,26.194279
2026-02-24 13:00:00+01:00,14.387,3.2599385,5.7599998,0.0,0.0,39160.0,2.453999,25.319267
2026-02-24 14:00:00+01:00,15.237,4.5536795,7.92,0.0,0.0,40000.0,3.5591009,16.327795
2026-02-24 15:00:00+01:00,15.537001,6.12,7.92,0.0,0.0,39900.0,2.7718916,14.490146
2026-02-24 16:00:00+01:00,15.737,0.8049845,7.92,0.0,0.0,40660.0,2.7718916,20.632677
2026-02-24 17:00:00+01:00,15.387,0.8049845,2.16,0.0,0.0,40500.0,3.1898732,20.208189
2026-02-24 18:00:00+01:00,13.887,0.5091169,2.8799999,0.0,0.0,38580.0,3.757767,17.773846
2026-02-24 19:00:00+01:00,9.587001,4.1046314,6.12,0.0,0.0,28840.0,5.3142853,17.31268
2026-02-24 20:00:00+01:00,8.437,3.6179552,6.4799995,0.0,0.0,32940.0,4.907998,12.795844
2026-02-24 21:00:00+01:00,7.687,3.2599385,5.3999996,0.0,0.0,31420.0,10.004581,9.227215
2026-02-24 22:00:00+01:00,6.987,3.671294,5.04,0.0,0.0,29560.0,12.312233,9.6356945
2026-02-24 23:00:00+01:00,6.187,2.968636,5.04,0.0,0.0,29980.0,17.934988,8.442291
2026-02-25 00:00:00+01:00,5.837,3.319036,5.04,0.0,0.0,30060.0,18.147924,6.390391
2026-02-25 01:00:00+01:00,5.587,2.2768397,4.68,0.0,0.0,34400.0,19.988394,6.48019
2026-02-25 02:00:00+01:00,6.687,1.8,4.32,0.0,0.0,31540.0,19.360386,4.475857
2026-02-25 03:00:00+01:00,6.237,2.5455842,2.8799999,0.0,0.0,31160.0,17.952349,5.339374
2026-02-25 04:00:00+01:00,5.187,0.8049845,3.2399998,0.0,0.0,25560.0,17.292456,4.3448277
2026-02-25 05:00:00+01:00,4.937,1.2979984,1.4399999,0.0,0.0,22700.0,16.86076,2.5591688
2026-02-25 06:00:00+01:00,4.537,1.484318,1.4399999,0.0,0.0,19560.0,15.148044,1.387904
2026-02-25 07:00:00+01:00,3.987,0.8049845,2.8799999,0.0,0.0,23900.0,14.989566,2.4827583
2026-02-25 08:00:00+01:00,4.237,1.0182338,1.4399999,0.0,0.0,25680.0,17.441916,3.6192114
2026-02-25 09:00:00+01:00,2.387,2.52,7.5599995,69.0,0.0,620.0,16.712313,2.6333632
2026-02-25 10:00:00+01:00,5.237,0.71999997,4.32,0.0,0.0,13880.0,14.759212,4.1637125
2026-02-25 11:00:00+01:00,9.237,1.609969,5.7599998,0.0,0.0,29240.0,11.401515,3.1649084
2026-02-25 12:00:00+01:00,11.937,3.0758414,6.4799995,0.0,0.0,38080.0,7.866535,3.9743526
2026-02-25 13:00:00+01:00,14.037001,2.8116899,6.4799995,0.0,0.0,41020.0,5.0333285,1.2413791
2026-02-25 14:00:00+01:00,14.987,5.315336,6.8399997,0.0,0.0,41320.0,2.9178793,0.87778765
2026-02-25 15:00:00+01:00,14.537001,5.3517847,7.92,0.0,0.0,40420.0,0.64445174,0.6206896
2026-02-25 16:00:00+01:00,15.187,1.1384199,6.12,0.0,0.0,40960.0,3.286072,3.6192114
2026-02-25 17:00:00+01:00,14.987,1.08,1.8,0.0,0.0,40820.0,2.0379353,4.5186887
2026-02-25 18:00:00+01:00,13.737,0.8049845,2.16,0.0,0.0,40240.0,2.9178793,6.48019
2026-02-25 19:00:00+01:00,10.487,4.3349743,5.04,0.0,0.0,37120.0,1.3670886,5.1183376
2026-02-25 20:00:00+01:00,7.787,5.3517847,6.8399997,0.0,0.0,37180.0,2.3236039,6.48019
2026-02-25 21:00:00+01:00,6.737,3.6,6.4799995,0.0,0.0,36020.0,3.2222586,7.777219
2026-02-25 22:00:00+01:00,6.487,3.9763298,5.04,0.0,0.0,28540.0,5.543783,6.113084
2026-02-25 23:00:00+01:00,5.837,4.2136917,6.4799995,0.0,0.0,31320.0,7.7602262,6.113084
2026-02-26 00:00:00+01:00,5.637,2.16,5.7599998,0.0,0.0,30140.0,8.402622,5.8883786
2026-02-26 01:00:00+01:00,6.337,2.3051248,3.2399998,0.0,0.0,27280.0,9.215885,3.5111506
2026-02-26 02:00:00+01:00,6.437,2.1897945,2.8799999,0.0,0.0,26380.0,7.7602262,3.9743526
2026-02-26 03:00:00+01:00,5.987,1.609969,2.52,0.0,0.0,27280.0,5.9240503,5.00416
2026-02-26 04:00:00+01:00,5.837,2.9024127,2.16,0.0,0.0,28440.0,3.757767,6.939521
2026-02-26 05:00:00+01:00,5.137,2.16,3.6,0.0,0.0,25320.0,4.323114,6.48019
2026-02-26 06:00:00+01:00,5.087,2.0991426,2.16,0.0,0.0,20980.0,4.757608,5.1183376
2026-02-26 07:00:00+01:00,2.787,2.5455842,6.12,0.0,0.0,11760.0,6.970812,4.475857
2026-02-26 08:00:00+01:00,2.337,3.0758414,5.04,0.0,0.0,7880.0,6.347113,1.7555753
2026-02-26 09:00:00+01:00,2.437,2.4149535,5.7599998,100.0,0.0,80.0,3.4704785,2.2379284
2026-02-26 10:00:00+01:00,6.187,0.8049845,4.32,0.0,0.0,25160.0,2.577807,2.4827583
2026-02-26 11:00:00+01:00,10.137,1.8,4.32,0.0,0.0,36160.0,7.5842957,4.7270317
2026-02-26 12:00:00+01:00,12.987,7.42159,12.24,0.0,0.0,40020.0,8.315675,6.113084
2026-02-26 13:00:00+01:00,14.087001,6.193674,10.799999,0.0,0.0,41420.0,1.643036,8.092802
2026-02-26 14:00:00+01:00,15.037001,4.6102495,7.2,0.0,0.0,42600.0,1.0189676,8.068965
2026-02-26 15:00:00+01:00,15.937,2.9024127,5.7599998,0.0,0.0,43680.0,2.0379353,7.2649856
2026-02-26 16:00:00+01:00,15.987,3.319036,6.12,0.0,0.0,43500.0,4.2990294,7.499821
2026-02-26 17:00:00+01:00,15.437,2.0991426,6.8399997,0.0,0.0,42380.0,5.3142853,8.442291
2026-02-26 18:00:00+01:00,14.087001,0.5091169,3.2399998,0.0,0.0,40780.0,3.0569031,8.068965
2026-02-26 19:00:00+01:00,9.187,4.6800003,4.32,0.0,0.0,39000.0,0.4556962,4.8477407
2026-02-26 20:00:00+01:00,8.487,4.896529,5.04,0.0,0.0,40060.0,3.757767,7.0769506
2026-02-26 21:00:00+01:00,7.287,3.2399998,6.12,0.0,0.0,38160.0,3.2222586,10.180067
2026-02-26 22:00:00+01:00,7.687,4.6800003,5.7599998,0.0,0.0,39360.0,5.562481,8.821657
2026-02-26 23:00:00+01:00,7.887,4.6938257,7.92,0.0,0.0,40020.0,10.280973,9.695481
2026-02-27 00:00:00+01:00,6.737,3.2399998,6.8399997,0.0,0.0,38780.0,7.3053656,14.490146
2026-02-27 01:00:00+01:00,6.187,2.968636,5.7599998,0.0,0.0,38980.0,8.253009,16.677967
2026-02-27 02:00:00+01:00,5.837,4.0249224,6.8399997,0.0,0.0,39180.0,5.941551,19.331268
2026-02-27 03:00:00+01:00,5.937,4.2136917,6.12,0.0,0.0,40000.0,6.895935,21.230852
2026-02-27 04:00:00+01:00,5.987,4.0249224,6.8399997,0.0,0.0,40520.0,6.970812,20.293798
2026-02-27 05:00:00+01:00,5.787,3.6179552,5.7599998,0.0,0.0,40480.0,5.941551,18.8469
2026-02-27 06:00:00+01:00,5.737,2.9024127,5.04,0.0,0.0,40560.0,7.418196,19.725824
2026-02-27 07:00:00+01:00,4.937,4.198285,4.32,0.0,0.0,39760.0,7.7602262,17.555754
2026-02-27 08:00:00+01:00,5.937,4.6102495,7.2,0.0,0.0,40260.0,8.84802,9.715329
2026-02-27 09:00:00+01:00,8.437,2.5455842,6.4799995,0.0,0.0,40160.0,10.520563,8.442291
2026-02-27 10:00:00+01:00,13.237,3.563818,4.32,0.0,0.0,42660.0,12.969341,6.6850314
2026-02-27 11:00:00+01:00,14.887,1.835647,5.7599998,0.0,0.0,44260.0,14.272824,6.2378535
2026-02-27 12:00:00+01:00,14.237,7.9932966,14.4,0.0,0.0,41220.0,16.63135,9.494725
2026-02-27 13:00:00+01:00,15.037001,5.3999996,14.4,0.0,0.0,42020.0,14.038106,7.499821
2026-02-27 14:00:00+01:00,16.337,4.3349743,10.440001,0.0,0.0,43280.0,8.706063,8.092802
2026-02-27 15:00:00+01:00,16.937,3.096837,9.0,0.0,0.0,43080.0,5.506198,12.320337
2026-02-27 16:00:00+01:00,16.837,4.829907,6.12,0.0,0.0,42860.0,7.1327734,19.390963
2026-02-27 17:00:00+01:00,14.337001,6.989936,12.959999,0.0,0.0,42200.0,6.524576,21.617472
2026-02-27 18:00:00+01:00,13.437,1.835647,9.36,0.0,0.0,41860.0,6.3797464,23.95894
2026-02-27 19:00:00+01:00,10.087001,3.2399998,2.8799999,0.0,0.0,39640.0,7.515534,26.696869
2026-02-27 20:00:00+01:00,8.087001,3.5455887,5.7599998,0.0,0.0,40660.0,7.7468348,23.463383
2026-02-27 21:00:00+01:00,9.037001,3.7064266,5.3999996,0.0,0.0,27200.0,5.543783,22.729446
2026-02-27 22:00:00+01:00,5.937,4.32,5.04,0.0,0.0,31420.0,7.20519,24.238705
2026-02-27 23:00:00+01:00,5.437,2.5455842,7.5599995,0.0,0.0,32240.0,7.291139,22.422277
2026-02-28 00:00:00+01:00,7.837,1.9386592,3.96,0.0,0.0,26360.0,7.418196,20.189116
2026-02-28 01:00:00+01:00,6.387,4.379589,7.2,0.0,0.0,25820.0,5.993747,20.189116
2026-02-28 02:00:00+01:00,6.187,2.0364676,6.4799995,0.0,0.0,29520.0,4.757608,15.665498
2026-02-28 03:00:00+01:00,6.437,0.0,2.16,0.0,0.0,39020.0,2.577807,14.8057575
2026-02-28 04:00:00+01:00,5.187,2.7416782,5.04,0.0,0.0,35020.0,1.8788835,19.803793
2026-02-28 05:00:00+01:00,4.337,1.08,3.6,3.0,0.0,31840.0,5.487309,21.185438
2026-02-28 06:00:00+01:00,4.487,1.08,2.52,0.0,0.0,32320.0,3.2222586,23.950901
2026-02-28 07:00:00+01:00,4.187,1.9386592,4.68,0.0,0.0,34300.0,2.453999,29.565943
2026-02-28 08:00:00+01:00,5.137,0.35999998,4.32,0.0,0.0,34660.0,2.577807,31.903688
2026-02-28 09:00:00+01:00,5.287,3.0758414,4.32,26.0,0.0,33980.0,3.2222586,32.708637
2026-02-28 10:00:00+01:00,7.737,1.609969,5.04,5.0,0.0,35920.0,4.488087,30.991003
2026-02-28 11:00:00+01:00,9.937,0.0,6.12,0.0,0.0,32860.0,4.757608,33.153194
2026-02-28 12:00:00+01:00,11.937,4.8965297,9.72,0.0,0.0,39060.0,3.67394,34.89689
2026-02-28 13:00:00+01:00,12.287001,8.404285,12.24,0.0,0.0,37340.0,2.278481,40.387775
2026-02-28 14:00:00+01:00,12.537001,12.979984,16.919998,2.0,0.0,38540.0,6.7744107,39.99958
2026-02-28 15:00:00+01:00,12.037001,11.726277,20.16,39.0,0.0,37060.0,7.958391,35.61807
2026-02-28 16:00:00+01:00,11.387,13.104198,21.96,69.0,0.0,34660.0,6.330734,36.255924
2026-02-28 17:00:00+01:00,10.637,9.885262,21.24,96.0,0.0,35020.0,6.940957,31.330996
2026-02-28 18:00:00+01:00,9.787001,6.989936,16.199999,100.0,0.1,32120.0,4.57969,27.931032
2026-02-28 19:00:00+01:00,9.737,4.5820518,9.36,85.0,0.0,34840.0,5.487309,21.139927
2026-02-28 20:00:00+01:00,9.237,3.319036,6.12,78.0,0.0,32420.0,3.0569031,22.839355
2026-02-28 21:00:00+01:00,8.787001,0.8049845,4.68,87.0,0.0,29740.0,6.1307654,26.392084
2026-02-28 22:00:00+01:00,8.487,4.2136917,4.68,100.0,0.0,31560.0,5.7641516,32.919964
2026-02-28 23:00:00+01:00,7.987,4.1046314,6.8399997,100.0,0.1,29020.0,7.7334204,29.565943
2026-03-01 00:00:00+01:00,7.637,3.6179552,6.12,99.0,0.1,29360.0,7.7334204,26.186924
2026-03-01 01:00:00+01:00,7.687,1.8,6.12,89.0,0.0,29960.0,4.907998,24.278408
2026-03-01 02:00:00+01:00,7.537,3.5455887,5.7599998,84.0,0.0,29460.0,2.734177,26.515873
2026-03-01 03:00:00+01:00,7.037,0.8049845,5.3999996,83.0,0.0,26400.0,3.5591009,26.855139
2026-03-01 04:00:00+01:00,6.837,2.5455842,4.32,100.0,0.0,16700.0,3.8667102,26.948225
2026-03-01 05:00:00+01:00,6.737,4.379589,7.2,100.0,0.1,14220.0,4.9291077,27.26799
2026-03-01 06:00:00+01:00,6.937,2.0991426,7.2,100.0,0.1,23060.0,4.556962,26.392084
2026-03-01 07:00:00+01:00,6.687,1.4399999,3.96,94.0,0.0,19000.0,2.278481,26.340944
2026-03-01 08:00:00+01:00,6.487,3.4152596,5.04,85.0,0.0,12540.0,0.9113924,24.333883
2026-03-01 09:00:00+01:00,7.137,1.0182338,5.3999996,68.0,0.0,8600.0,3.3175182,28.980291
2026-03-01 10:00:00+01:00,8.437,2.1897945,4.32,68.0,0.0,27420.0,2.0379353,29.857687
2026-03-01 11:00:00+01:00,9.637,1.2979984,4.68,15.0,0.0,32440.0,4.323114,29.857687
2026-03-01 12:00:00+01:00,11.087001,3.4152596,7.92,0.0,0.0,37940.0,5.468354,30.439116
2026-03-01 13:00:00+01:00,11.937,8.39657,11.159999,0.0,0.0,39200.0,7.418196,31.649088
2026-03-01 14:00:00+01:00,12.187,13.551501,17.64,10.0,0.0,39280.0,0.64445174,26.804882
2026-03-01 15:00:00+01:00,12.337001,10.685391,17.64,0.0,0.0,40200.0,5.506198,24.333883
2026-03-01 16:00:00+01:00,12.087001,9.19939,13.32,9.0,0.0,40000.0,6.572144,25.470974
2026-03-01 17:00:00+01:00,11.637,6.849467,12.24,35.0,0.0,39900.0,6.9559,22.014801
2026-03-01 18:00:00+01:00,10.887,2.8799999,9.72,18.0,0.0,39260.0,5.094838,21.066906
2026-03-01 19:00:00+01:00,8.637,3.96,7.2,0.0,0.0,37000.0,2.3236039,19.49005
2026-03-01 20:00:00+01:00,6.287,3.6179552,6.4799995,0.0,0.0,22820.0,4.2990294,17.122486
2026-03-01 21:00:00+01:00,6.137,1.835647,5.04,0.0,0.0,31240.0,1.8788835,13.093462
2026-03-01 22:00:00+01:00,5.837,2.9024127,2.16,0.0,0.0,30780.0,4.323114,12.4911375
2026-03-01 23:00:00+01:00,4.937,3.8773184,6.12,0.0,0.0,29080.0,8.646228,11.189641
2026-03-02 00:00:00+01:00,4.687,2.5455842,6.12,0.0,0.0,32060.0,9.079681,12.367153
2026-03-02 01:00:00+01:00,4.187,2.8799999,3.96,0.0,0.0,31540.0,10.411436,11.776757
2026-03-02 02:00:00+01:00,4.787,3.2399998,4.68,0.0,0.0,32460.0,12.44643,10.606349
2026-03-02 03:00:00+01:00,4.487,2.0991426,5.04,0.0,0.0,33780.0,12.44643,8.886923
2026-03-02 04:00:00+01:00,3.687,1.484318,2.52,0.0,0.0,31800.0,12.44643,6.6850314
2026-03-02 05:00:00+01:00,3.837,1.484318,1.8,0.0,0.0,28260.0,13.057107,5.1183376
2026-03-02 06:00:00+01:00,2.887,1.609969,2.16,0.0,0.0,23100.0,16.182028,7.5764823
2026-03-02 07:00:00+01:00,3.737,1.1384199,2.52,0.0,0.0,30520.0,19.61612,9.474416
2026-03-02 08:00:00+01:00,3.687,2.1897945,1.8,0.0,0.0,28380.0,21.026318,10.857635
2026-03-02 09:00:00+01:00,3.937,1.1384199,4.32,0.0,0.0,23460.0,21.605959,11.103232
2026-03-02 10:00:00+01:00,7.087,0.5091169,2.16,0.0,0.0,35460.0,19.360386,11.326523
2026-03-02 11:00:00+01:00,9.837001,2.5455842,6.12,0.0,0.0,38000.0,20.647614,9.494725
2026-03-02 12:00:00+01:00,11.837001,6.1305785,11.879999,0.0,0.0,40040.0,18.027378,12.4293
2026-03-02 13:00:00+01:00,12.287001,9.0,15.84,0.0,0.0,39360.0,15.916782,9.950412
2026-03-02 14:00:00+01:00,13.187,9.793059,16.919998,0.0,0.0,40560.0,13.495072,10.008319
2026-03-02 15:00:00+01:00,13.087001,10.233123,19.08,0.0,0.0,40760.0,8.315675,11.776757
2026-03-02 16:00:00+01:00,12.687,5.8603754,14.759999,0.0,0.0,40600.0,3.5591009,12.5680065
2026-03-02 17:00:00+01:00,12.387,3.319036,9.36,0.0,0.0,40780.0,6.198138,13.326771
2026-03-02 18:00:00+01:00,11.037001,3.396233,7.5599995,0.0,0.0,38260.0,7.5842957,10.027549
2026-03-02 19:00:00+01:00,9.287001,4.0249224,4.32,0.0,0.0,36020.0,2.453999,8.6452055
2026-03-02 20:00:00+01:00,6.987,3.9763298,6.4799995,0.0,0.0,31400.0,0.4556962,6.6850314
2026-03-02 21:00:00+01:00,6.287,2.5455842,5.3999996,0.0,0.0,32080.0,1.4410379,5.6205835
2026-03-02 22:00:00+01:00,5.437,4.0249224,3.96,28.0,0.0,27680.0,4.2990294,5.0041595
2026-03-02 23:00:00+01:00,4.937,4.0249224,6.12,0.0,0.0,30180.0,10.189676,5.855574
2026-03-03 00:00:00+01:00,4.437,2.8799999,6.4799995,0.0,0.0,27540.0,11.848101,7.4740934
2026-03-03 01:00:00+01:00,4.187,2.5455842,4.32,0.0,0.0,28580.0,12.269996,8.821657
2026-03-03 02:00:00+01:00,4.087,3.2599385,4.68,0.0,0.0,28440.0,12.269996,12.226168
2026-03-03 03:00:00+01:00,3.787,2.2768397,4.68,0.0,0.0,30660.0,13.456546,13.166815
2026-03-03 04:00:00+01:00,3.237,2.16,3.6,0.0,0.0,26380.0,15.09311,13.034482
2026-03-03 05:00:00+01:00,3.487,1.0182338,2.52,0.0,0.0,29820.0,12.108149,13.6692705
2026-03-03 06:00:00+01:00,3.337,2.1897945,2.16,0.0,0.0,29420.0,9.815996,11.241167
2026-03-03 07:00:00+01:00,2.887,1.08,3.6,0.0,0.0,31820.0,11.821781,12.568007
2026-03-03 08:00:00+01:00,2.887,1.609969,1.4399999,0.0,0.0,29380.0,10.240498,9.6356945
2026-03-03 09:00:00+01:00,3.887,1.2979984,3.2399998,0.0,0.0,30460.0,11.528303,13.879042
2026-03-03 10:00:00+01:00,8.037001,1.8,2.8799999,0.0,0.0,40220.0,12.537857,13.948265
2026-03-03 11:00:00+01:00,11.487,2.6208394,6.4799995,0.0,0.0,41840.0,11.715913,15.824542
2026-03-03 12:00:00+01:00,13.387,1.9386592,6.12,0.0,0.0,42600.0,9.294415,17.78468
2026-03-03 13:00:00+01:00,13.687,7.10031,11.879999,0.0,0.0,41600.0,6.524576,17.489796
2026-03-03 14:00:00+01:00,13.837001,10.233123,12.599999,0.0,0.0,41420.0,4.323114,15.824542
2026-03-03 15:00:00+01:00,13.837001,11.720751,15.4800005,0.0,0.0,41840.0,0.64445174,17.21225
2026-03-03 16:00:00+01:00,13.787001,7.653705,15.119999,0.0,0.0,41420.0,2.278481,18.877537
2026-03-03 17:00:00+01:00,13.237,3.8268526,9.0,0.0,0.0,41520.0,6.1307654,18.042753
2026-03-03 18:00:00+01:00,12.387,1.5273507,5.3999996,0.0,0.0,41340.0,5.155614,19.716057
2026-03-03 19:00:00+01:00,9.787001,2.968636,3.96,0.0,0.0,39180.0,3.67394,21.103449
2026-03-03 20:00:00+01:00,7.187,2.8799999,5.3999996,0.0,0.0,34880.0,2.278481,23.04088
2026-03-03 21:00:00+01:00,6.387,3.219938,3.96,0.0,0.0,37000.0,2.577807,21.935911
2026-03-03 22:00:00+01:00,5.887,3.7064266,5.04,0.0,0.0,35580.0,6.3960004,24.42869
2026-03-03 23:00:00+01:00,4.887,3.2599385,5.3999996,0.0,0.0,31560.0,8.21518,24.780989
2026-03-04 00:00:00+01:00,4.737,1.835647,5.04,0.0,0.0,33820.0,7.20519,22.965515
2026-03-04 01:00:00+01:00,3.937,1.835647,2.16,0.0,0.0,32260.0,7.7468348,21.794956
2026-03-04 02:00:00+01:00,4.737,2.9024127,3.96,0.0,0.0,32160.0,5.094838,20.217718
2026-03-04 03:00:00+01:00,4.187,1.835647,3.96,0.0,0.0,33280.0,5.543783,17.31268
2026-03-04 04:00:00+01:00,3.187,2.6208394,2.16,0.0,0.0,35040.0,7.0743074,17.077427
2026-03-04 05:00:00+01:00,3.387,1.835647,3.2399998,0.0,0.0,35500.0,7.20519,16.292364
2026-03-04 06:00:00+01:00,3.637,1.484318,1.8,0.0,0.0,35560.0,9.17071,15.909525
2026-03-04 07:00:00+01:00,2.887,1.8,1.4399999,0.0,0.0,34540.0,11.012396,10.4046545
2026-03-04 08:00:00+01:00,3.487,1.08,1.8,0.0,0.0,35900.0,12.44643,5.5862064
2026-03-04 09:00:00+01:00,4.137,4.1046314,6.4799995,0.0,0.0,31500.0,13.859459,5.0041595
2026-03-04 10:00:00+01:00,7.637,2.4149535,6.4799995,0.0,0.0,39060.0,11.528303,5.3031745
2026-03-04 11:00:00+01:00,11.337001,2.0991426,7.2,0.0,0.0,41420.0,12.108149,3.7241378
2026-03-04 12:00:00+01:00,13.937,3.096837,7.5599995,0.0,0.0,43100.0,12.537857,3.7755077
2026-03-04 13:00:00+01:00,13.887,9.387651,13.32,0.0,0.0,41480.0,9.215885,1.8620689
2026-03-04 14:00:00+01:00,14.387,8.942214,13.679999,0.0,0.0,41960.0,5.195736,1.8620689
2026-03-04 15:00:00+01:00,14.587001,8.4963045,10.440001,0.0,0.0,42620.0,3.0569031,2.775808
2026-03-04 16:00:00+01:00,14.337001,5.495161,9.72,0.0,0.0,42260.0,1.8788835,5.1183376
2026-03-04 17:00:00+01:00,13.937,3.319036,6.4799995,0.0,0.0,42180.0,3.5591009,6.8557405
2026-03-04 18:00:00+01:00,12.587001,1.835647,5.04,0.0,0.0,40680.0,4.2990294,7.5510154
2026-03-04 19:00:00+01:00,10.837001,2.6208394,2.16,0.0,0.0,40120.0,4.6916795,9.331011
2026-03-04 20:00:00+01:00,7.387,3.6,5.7599998,0.0,0.0,34460.0,6.970812,10.998648
2026-03-04 21:00:00+01:00,6.987,2.6208394,5.3999996,0.0,0.0,36740.0,7.78694,11.661699
2026-03-04 22:00:00+01:00,6.187,3.7585104,3.2399998,0.0,0.0,34180.0,11.254866,12.780782
2026-03-04 23:00:00+01:00,5.687,3.4152596,6.4799995,0.0,0.0,37000.0,13.97881,15.861018
2026-03-05 00:00:00+01:00,5.337,3.2599385,5.7599998,0.0,0.0,37400.0,13.464261,18.25503
2026-03-05 01:00:00+01:00,5.237,2.968636,4.68,0.0,0.0,38580.0,16.934494,18.127962
2026-03-05 02:00:00+01:00,4.837,2.968636,3.96,0.0,0.0,38400.0,16.162766,18.454428
2026-03-05 03:00:00+01:00,5.487,1.8,3.96,0.0,0.0,39920.0,15.284515,16.677967
2026-03-05 04:00:00+01:00,4.687,1.1384199,2.16,0.0,0.0,38060.0,15.500371,14.072007
2026-03-05 05:00:00+01:00,4.737,0.5091169,1.4399999,0.0,0.0,38180.0,18.555286,12.051613
2026-03-05 06:00:00+01:00,5.387,1.8,2.16,0.0,0.0,37440.0,21.42257,11.661699
2026-03-05 07:00:00+01:00,3.437,0.71999997,1.8,0.0,0.0,36840.0,22.857605,11.939204
2026-03-05 08:00:00+01:00,3.937,0.8049845,1.8,0.0,0.0,34680.0,27.5875,13.879042
2026-03-05 09:00:00+01:00,5.937,1.1384199,1.4399999,0.0,0.0,38140.0,28.741392,14.714402
2026-03-05 10:00:00+01:00,9.837001,2.4149535,4.32,0.0,0.0,40160.0,25.814295,24.143152
2026-03-05 11:00:00+01:00,13.537001,9.021574,15.119999,0.0,0.0,42600.0,25.075714,22.839355
2026-03-05 12:00:00+01:00,14.037001,5.634891,15.4800005,0.0,0.0,41020.0,26.233223,19.794064
2026-03-05 13:00:00+01:00,14.487,4.2136917,12.24,0.0,0.0,42080.0,24.800928,16.884583
2026-03-05 14:00:00+01:00,15.687,5.634891,10.440001,0.0,0.0,42260.0,24.374422,18.25503
2026-03-05 15:00:00+01:00,14.587001,11.480557,18.72,0.0,0.0,40860.0,23.524694,18.127962
2026-03-05 16:00:00+01:00,13.237,7.729527,20.16,0.0,0.0,39580.0,22.347704,21.066906
2026-03-05 17:00:00+01:00,12.987,3.9763298,12.24,0.0,0.0,39740.0,19.784773,21.617472
2026-03-05 18:00:00+01:00,12.037001,0.8049845,6.12,0.0,0.0,38940.0,22.91658,15.025306
2026-03-05 19:00:00+01:00,10.087001,1.4399999,3.2399998,0.0,0.0,35840.0,24.963669,9.813965
2026-03-05 20:00:00+01:00,8.637,2.4149535,2.8799999,0.0,0.0,39540.0,27.673931,7.499821
2026-03-05 21:00:00+01:00,7.887,1.835647,3.96,0.0,0.0,30940.0,29.3491,6.939521
2026-03-05 22:00:00+01:00,5.737,2.2768397,2.16,0.0,0.0,34060.0,28.531094,6.329817
2026-03-05 23:00:00+01:00,5.737,2.0991426,2.8799999,0.0,0.0,32240.0,28.939398,7.2649856
2026-03-06 00:00:00+01:00,5.587,3.219938,3.96,0.0,0.0,31520.0,28.95016,8.777877
2026-03-06 01:00:00+01:00,5.387,3.2599385,4.68,0.0,0.0,29220.0,29.3491,6.1445136
2026-03-06 02:00:00+01:00,5.837,2.16,4.32,0.0,0.0,26680.0,27.93161,7.777219
2026-03-06 03:00:00+01:00,5.287,2.0991426,2.52,0.0,0.0,24420.0,25.894613,8.1638975
2026-03-06 04:00:00+01:00,3.887,3.219938,6.8399997,0.0,0.0,21920.0,26.493156,7.4482756
2026-03-06 05:00:00+01:00,4.487,2.52,4.68,0.0,0.0,22660.0,26.114214,8.777877
2026-03-06 06:00:00+01:00,3.787,2.7416782,3.96,0.0,0.0,23360.0,24.700247,13.0492525
2026-03-06 07:00:00+01:00,2.987,1.8,3.2399998,0.0,0.0,20540.0,22.898449,17.390388
2026-03-06 08:00:00+01:00,3.587,2.5959969,3.2399998,100.0,0.0,100.0,23.258368,17.31268
2026-03-06 09:00:00+01:00,4.237,2.8799999,4.32,62.0,0.0,760.0,25.09641,12.96038
2026-03-06 10:00:00+01:00,7.087,1.0182338,4.68,60.0,0.0,800.0,24.254854,18.042755
2026-03-06 11:00:00+01:00,10.237,1.8,4.68,0.0,0.0,25260.0,24.863644,15.714606
2026-03-06 12:00:00+01:00,12.487,4.8965297,9.72,0.0,0.0,37600.0,22.024792,13.166815
2026-03-06 13:00:00+01:00,13.487,5.904439,9.36,0.0,0.0,40580.0,21.763966,11.444951
2026-03-06 14:00:00+01:00,14.237,7.145796,14.04,0.0,0.0,41160.0,17.772152,13.626929
2026-03-06 15:00:00+01:00,14.937,3.096837,11.5199995,0.0,0.0,42900.0,11.254866,13.6692705
2026-03-06 16:00:00+01:00,14.787001,2.5959969,5.3999996,0.0,0.0,43180.0,2.278481,12.795844
2026-03-06 17:00:00+01:00,14.387,1.08,4.32,0.0,0.0,42060.0,2.0379353,14.289349
2026-03-06 18:00:00+01:00,12.837001,1.1384199,1.8,0.0,0.0,41080.0,6.572144,15.367554
2026-03-06 19:00:00+01:00,10.487,2.7416782,1.4399999,0.0,0.0,40340.0,10.754816,15.800178
2026-03-06 20:00:00+01:00,8.137,4.452954,6.8399997,0.0,0.0,38040.0,16.512308,14.490146
2026-03-06 21:00:00+01:00,7.937,2.8799999,6.4799995,0.0,0.0,38780.0,16.149912,13.093462
2026-03-06 22:00:00+01:00,7.287,2.2768397,3.96,0.0,0.0,34700.0,19.04134,10.98112
2026-03-06 23:00:00+01:00,7.387,2.5455842,3.6,0.0,0.0,32420.0,18.788836,8.442291
2026-03-07 00:00:00+01:00,7.037,2.2768397,3.2399998,0.0,0.0,32380.0,15.587208,9.164372
2026-03-07 01:00:00+01:00,5.737,3.2599385,2.52,0.0,0.0,28820.0,13.152184,5.7224755
2026-03-07 02:00:00+01:00,5.787,1.4399999,4.32,0.0,0.0,27100.0,11.254866,6.48019
2026-03-07 03:00:00+01:00,5.787,0.8049845,1.8,0.0,0.0,29140.0,12.438086,8.711794
2026-03-07 04:00:00+01:00,4.987,1.835647,1.8,0.0,0.0,23580.0,17.824654,10.4046545
2026-03-07 05:00:00+01:00,4.887,1.0182338,1.4399999,0.0,0.0,24780.0,18.369701,11.41124
2026-03-07 06:00:00+01:00,5.187,0.8049845,2.16,0.0,0.0,29600.0,14.075039,9.454063
2026-03-07 07:00:00+01:00,4.387,0.71999997,1.8,0.0,0.0,27500.0,13.678478,11.189641
2026-03-07 08:00:00+01:00,4.837,1.1384199,1.08,0.0,0.0,29480.0,12.661468,11.776757
2026-03-07 09:00:00+01:00,6.037,1.08,2.16,0.0,0.0,33440.0,15.09311,14.8057575
2026-03-07 10:00:00+01:00,8.937,1.2979984,2.16,0.0,0.0,36300.0,15.713261,12.735487
2026-03-07 11:00:00+01:00,11.587001,3.5455887,7.2,0.0,0.0,37580.0,16.518595,15.025306
2026-03-07 12:00:00+01:00,13.787001,3.8939953,7.92,0.0,0.0,40740.0,15.473553,18.45443
2026-03-07 13:00:00+01:00,14.737,6.8777895,14.4,0.0,0.0,41140.0,6.3960004,16.71258
2026-03-07 14:00:00+01:00,15.037001,9.1641035,11.159999,0.0,0.0,41580.0,2.453999,14.922391
2026-03-07 15:00:00+01:00,15.437,5.904439,10.799999,0.0,0.0,41880.0,7.418196,12.96038
2026-03-07 16:00:00+01:00,15.737,3.219938,9.36,0.0,0.0,42560.0,12.133847,10.569963
2026-03-07 17:00:00+01:00,15.537001,0.5091169,5.3999996,0.0,0.0,42680.0,15.493671,7.238423
2026-03-07 18:00:00+01:00,13.737,2.3051248,3.6,0.0,0.0,41060.0,13.708807,8.821657
2026-03-07 19:00:00+01:00,11.437,1.5273507,3.2399998,0.0,0.0,40060.0,14.41038,8.442291
2026-03-07 20:00:00+01:00,8.087001,3.219938,4.32,0.0,0.0,33760.0,13.120569,11.41124
2026-03-07 21:00:00+01:00,7.387,2.6208394,3.6,0.0,0.0,30760.0,13.464261,12.4911375
2026-03-07 22:00:00+01:00,7.237,3.2599385,3.2399998,0.0,0.0,32880.0,8.800955,14.8057575
2026-03-07 23:00:00+01:00,6.287,1.9386592,4.32,6.0,0.0,28880.0,1.643036,15.800178
2026-03-08 00:00:00+01:00,6.087,1.484318,2.16,12.0,0.0,26400.0,1.4410379,14.490146
2026-03-08 01:00:00+01:00,5.587,1.9386592,2.16,21.0,0.0,30440.0,4.9291077,11.858258
2026-03-08 02:00:00+01:00,4.937,2.1897945,2.52,0.0,0.0,24640.0,6.572144,13.948265
2026-03-08 03:00:00+01:00,5.187,2.1897945,3.96,0.0,0.0,31000.0,4.2990294,14.714402
2026-03-08 04:00:00+01:00,4.737,2.8799999,2.52,0.0,0.0,30760.0,2.7718916,11.41124
2026-03-08 05:00:00+01:00,4.537,2.52,4.32,0.0,0.0,28620.0,1.8227848,10.857635
2026-03-08 06:00:00+01:00,4.387,2.9024127,3.6,0.0,0.0,30360.0,0.0,10.1040945
2026-03-08 07:00:00+01:00,4.187,3.096837,3.6,16.0,0.0,28140.0,2.0379353,10.569963
2026-03-08 08:00:00+01:00,5.037,2.9024127,5.3999996,0.0,0.0,28340.0,5.333787,8.442291
2026-03-08 09:00:00+01:00,8.387,2.5455842,4.32,0.0,0.0,32320.0,6.728273,7.777219
2026-03-08 10:00:00+01:00,12.637,0.8049845,4.32,0.0,0.0,40460.0,6.524576,8.350525
2026-03-08 11:00:00+01:00,14.087001,1.835647,4.68,0.0,0.0,41580.0,4.757608,9.227214
2026-03-08 12:00:00+01:00,15.137,3.4152596,6.8399997,0.0,0.0,41520.0,4.488087,11.9230585
2026-03-08 13:00:00+01:00,15.487,8.373386,9.0,0.0,0.0,41620.0,3.1898732,14.4368725
2026-03-08 14:00:00+01:00,15.887,10.233123,11.879999,0.0,0.0,41720.0,1.643036,16.386677
2026-03-08 15:00:00+01:00,16.036999,8.714677,12.24,0.0,0.0,41820.0,1.4410379,16.492132
2026-03-08 16:00:00+01:00,15.537001,8.913181,9.72,0.0,0.0,41100.0,2.9178793,14.922391
2026-03-08 17:00:00+01:00,14.787001,4.0249224,12.24,0.0,0.0,40560.0,7.1182017,14.999642
2026-03-08 18:00:00+01:00,13.187,2.5455842,6.12,0.0,0.0,37700.0,10.004581,13.879042
2026-03-08 19:00:00+01:00,11.387,2.8116899,3.6,0.0,0.0,38320.0,10.677303,13.612786
2026-03-08 20:00:00+01:00,8.037001,3.7585104,6.12,0.0,0.0,32760.0,6.835443,14.4368725
2026-03-08 21:00:00+01:00,6.987,2.1897945,5.7599998,0.0,0.0,31960.0,1.8788835,15.824542
2026-03-08 22:00:00+01:00,6.337,3.671294,5.04,0.0,0.0,33660.0,5.3142853,14.329733
2026-03-08 23:00:00+01:00,5.987,3.6179552,5.7599998,0.0,0.0,34260.0,8.377872,13.0492525
2026-03-09 00:00:00+01:00,5.737,2.5455842,5.04,0.0,0.0,36320.0,10.401459,11.939204
2026-03-09 01:00:00+01:00,5.287,2.5455842,3.6,0.0,0.0,35560.0,10.628571,6.8557405
2026-03-09 02:00:00+01:00,5.037,1.5273507,3.6,0.0,0.0,34120.0,10.189676,2.775808
2026-03-09 03:00:00+01:00,5.187,3.219938,3.96,0.0,0.0,35440.0,8.765491,3.9255857
2026-03-09 04:00:00+01:00,4.937,1.5273507,4.68,0.0,0.0,36840.0,10.754816,2.775808
2026-03-09 05:00:00+01:00,4.787,1.2979984,2.16,0.0,0.0,36780.0,13.285712,3.7755077
2026-03-09 06:00:00+01:00,4.787,1.8,2.52,0.0,0.0,33860.0,13.678478,5.0041595
2026-03-09 07:00:00+01:00,3.437,1.9386592,2.16,0.0,0.0,36180.0,12.84061,4.3889384
2026-03-09 08:00:00+01:00,4.087,0.35999998,2.16,0.0,0.0,36120.0,14.47508,5.8883786
2026-03-09 09:00:00+01:00,5.637,0.35999998,1.8,0.0,0.0,37860.0,15.09311,7.0769506
2026-03-09 10:00:00+01:00,9.937,2.9024127,3.96,0.0,0.0,41160.0,16.512306,8.6452055
2026-03-09 11:00:00+01:00,13.137,1.4399999,5.7599998,0.0,0.0,42560.0,17.865383,11.939204
2026-03-09 12:00:00+01:00,14.887,1.9386592,5.3999996,0.0,0.0,43860.0,18.330091,13.655171
2026-03-09 13:00:00+01:00,16.137,2.9024127,10.08,0.0,0.0,44860.0,19.852879,10.624495
2026-03-09 14:00:00+01:00,17.286999,1.5273507,6.8399997,0.0,0.0,48120.0,17.536903,11.809426
2026-03-09 15:00:00+01:00,17.087,6.3690495,10.440001,0.0,0.0,45000.0,12.269996,13.326771
2026-03-09 16:00:00+01:00,14.837001,9.726664,17.28,0.0,0.0,41240.0,13.776805,12.795844
2026-03-09 17:00:00+01:00,14.337001,4.2136917,16.199999,0.0,0.0,41620.0,18.3697,9.331011
2026-03-09 18:00:00+01:00,13.187,2.4149535,5.04,0.0,0.0,41320.0,21.041126,9.331011
2026-03-09 19:00:00+01:00,10.337001,2.8116899,3.2399998,0.0,0.0,39000.0,16.587591,7.499821
2026-03-09 20:00:00+01:00,6.987,2.7416782,5.04,0.0,0.0,37660.0,18.733494,8.442291
2026-03-09 21:00:00+01:00,5.437,2.5455842,4.32,0.0,0.0,31720.0,21.344877,10.857635
2026-03-09 22:00:00+01:00,5.437,1.4399999,3.2399998,0.0,0.0,34240.0,24.662384,9.813965
2026-03-09 23:00:00+01:00,5.587,0.5091169,1.08,0.0,0.0,36440.0,29.686777,10.569963
2026-03-10 00:00:00+01:00,5.337,0.5091169,0.71999997,0.0,0.0,36700.0,29.707758,12.475707
2026-03-10 01:00:00+01:00,5.137,0.8049845,1.8,0.0,0.0,37120.0,28.538372,11.776757
2026-03-10 02:00:00+01:00,4.687,2.0991426,2.16,0.0,0.0,35060.0,26.668936,9.454063
2026-03-10 03:00:00+01:00,5.087,1.2979984,2.8799999,0.0,0.0,36740.0,27.530989,8.092802
2026-03-10 04:00:00+01:00,6.837,2.9024127,2.16,0.0,0.0,39760.0,30.041407,8.068965
2026-03-10 05:00:00+01:00,6.787,2.0991426,5.3999996,0.0,0.0,39080.0,30.721495,11.939204
2026-03-10 06:00:00+01:00,6.937,0.35999998,2.16,0.0,0.0,39140.0,28.603785,12.5526705
2026-03-10 07:00:00+01:00,6.387,1.4399999,7.92,0.0,0.0,38900.0,23.696201,10.998648
2026-03-10 08:00:00+01:00,7.037,1.8,2.8799999,0.0,0.0,39640.0,27.105307,13.781546
2026-03-10 09:00:00+01:00,7.887,0.5091169,1.8,0.0,0.0,39540.0,24.9803,11.444951
2026-03-10 10:00:00+01:00,9.537001,2.5455842,5.7599998,0.0,0.0,40260.0,24.220583,13.034482
2026-03-10 11:00:00+01:00,11.787001,6.9153743,11.5199995,0.0,0.0,35620.0,18.77225,19.598463
2026-03-10 12:00:00+01:00,13.287001,11.457958,19.44,0.0,0.0,40320.0,15.209606,28.150856
2026-03-10 13:00:00+01:00,13.437,11.200571,20.16,0.0,0.0,39480.0,3.757767,24.951414
2026-03-10 14:00:00+01:00,13.487,10.97262,14.4,0.0,0.0,38900.0,2.734177,30.312284
2026-03-10 15:00:00+01:00,13.537001,9.931042,13.679999,0.0,0.0,39580.0,3.89347,30.108244
2026-03-10 16:00:00+01:00,12.687,11.269782,21.24,51.0,0.0,38200.0,6.47666,24.238705
2026-03-10 17:00:00+01:00,11.237,5.904439,18.72,53.0,0.3,25600.0,5.941551,15.517241
2026-03-10 18:00:00+01:00,10.587001,1.835647,7.92,67.0,0.4,23300.0,1.8227848,19.49005
2026-03-10 19:00:00+01:00,10.037001,4.1046314,9.0,76.0,0.4,22260.0,4.201311,21.546066
2026-03-10 20:00:00+01:00,9.787001,5.154415,8.28,35.0,1.1,13520.0,8.765491,26.46497
2026-03-10 21:00:00+01:00,9.087001,2.0991426,11.879999,0.0,0.0,24640.0,7.0743074,27.225573
2026-03-10 22:00:00+01:00,7.887,4.379589,3.96,0.0,0.0,19320.0,8.315675,33.153194
2026-03-10 23:00:00+01:00,6.737,4.32,8.28,5.0,0.0,22480.0,7.3053656,27.563091
2026-03-11 00:00:00+01:00,6.387,1.835647,5.3999996,40.0,0.0,21300.0,5.8000655,34.244972
2026-03-11 01:00:00+01:00,7.237,4.452954,6.4799995,46.0,0.0,28880.0,9.294415,37.375618
2026-03-11 02:00:00+01:00,6.637,4.452954,8.64,41.0,0.0,22660.0,8.074956,37.12741
2026-03-11 03:00:00+01:00,6.587,2.0991426,6.4799995,45.0,0.0,24560.0,6.330734,37.24138
2026-03-11 04:00:00+01:00,6.637,3.0758414,2.8799999,57.0,0.0,23860.0,6.444517,33.153194
2026-03-11 05:00:00+01:00,6.287,1.484318,5.04,73.0,0.0,20100.0,4.9291077,32.186214
2026-03-11 06:00:00+01:00,6.387,3.2599385,5.7599998,55.0,0.0,19980.0,3.286072,31.649088
2026-03-11 07:00:00+01:00,7.087,3.5455887,6.4799995,45.0,0.1,31200.0,9.350104,33.568924
2026-03-11 08:00:00+01:00,6.887,4.32,7.5599995,38.0,0.0,24540.0,10.087265,28.933727
2026-03-11 09:00:00+01:00,8.587001,2.0991426,6.8399997,0.0,0.0,28700.0,8.402622,29.721897
2026-03-11 10:00:00+01:00,11.787001,1.08,3.2399998,9.0,0.0,38780.0,8.11344,36.872307
2026-03-11 11:00:00+01:00,12.937,1.8,3.96,3.0,0.0,40040.0,8.976174,40.72027
2026-03-11 12:00:00+01:00,13.987,5.4477882,9.36,0.0,0.0,41060.0,11.961482,45.31034
2026-03-11 13:00:00+01:00,14.337001,13.37825,12.24,0.0,0.0,41100.0,14.503743,47.433033
2026-03-11 14:00:00+01:00,14.787001,13.708391,24.119999,0.0,0.0,41440.0,10.677303,50.62712
2026-03-11 15:00:00+01:00,14.537001,9.826088,22.68,0.0,0.0,41360.0,18.437403,48.08242
2026-03-11 16:00:00+01:00,14.187,9.339208,15.4800005,0.0,0.0,41180.0,17.352394,50.991077
2026-03-11 17:00:00+01:00,12.787001,8.311245,15.84,0.0,0.0,41160.0,19.972805,50.794262
2026-03-11 18:00:00+01:00,10.987,1.4399999,12.599999,18.0,0.0,36740.0,14.899244,49.65517
2026-03-11 19:00:00+01:00,10.787001,4.510787,5.04,3.0,0.0,39300.0,22.235918,51.651672
2026-03-11 20:00:00+01:00,9.787001,4.0249224,8.64,79.0,0.1,33780.0,16.335295,48.576645
2026-03-11 21:00:00+01:00,8.637,4.896529,7.5599995,84.0,0.1,19400.0,7.1327734,44.143208
2026-03-11 22:00:00+01:00,8.787001,3.0547013,8.64,100.0,0.3,26040.0,11.419714,46.918552
2026-03-11 23:00:00+01:00,8.887,2.3051248,4.32,100.0,1.5,17180.0,8.377872,37.293064
2026-03-12 00:00:00+01:00,7.987,4.510787,10.440001,100.0,2.0,20340.0,6.347113,35.54769
2026-03-12 01:00:00+01:00,7.537,6.1305785,7.2,100.0,2.6,14820.0,8.402622,30.050611
2026-03-12 02:00:00+01:00,7.237,1.9386592,11.159999,100.0,1.5,21340.0,12.832521,31.849302
2026-03-12 03:00:00+01:00,7.087,3.396233,5.04,83.0,0.9,20560.0,11.821781,17.390388
2026-03-12 04:00:00+01:00,6.787,0.8049845,5.7599998,85.0,0.2,14720.0,13.402427,13.196042
2026-03-12 05:00:00+01:00,6.837,1.609969,1.4399999,100.0,0.5,18840.0,13.495072,9.227215
2026-03-12 06:00:00+01:00,6.537,2.4149535,2.8799999,93.0,0.1,17100.0,9.952556,7.2649856
2026-03-12 07:00:00+01:00,6.187,0.5091169,4.68,89.0,0.0,15220.0,10.520563,10.1040945
2026-03-12 08:00:00+01:00,6.587,1.1384199,2.52,89.0,0.0,19340.0,7.418196,8.886923
2026-03-12 09:00:00+01:00,7.587,0.71999997,3.2399998,81.0,0.0,23380.0,6.728273,10.4046545
2026-03-12 10:00:00+01:00,8.687,2.7416782,6.12,56.0,0.0,29720.0,2.0379353,10.1040945
2026-03-12 11:00:00+01:00,10.187,2.2768397,5.7599998,0.0,0.0,36840.0,10.870049,9.310345
2026-03-12 12:00:00+01:00,11.437,4.68,9.36,0.0,0.0,39020.0,14.265547,7.777219
2026-03-12 13:00:00+01:00,11.887,10.495713,14.759999,14.0,0.0,39320.0,8.476439,9.037377
2026-03-12 14:00:00+01:00,12.187,8.427383,12.959999,25.0,0.0,39460.0,6.7744107,12.051613
2026-03-12 15:00:00+01:00,12.587001,8.557102,10.440001,0.0,0.0,40260.0,4.323114,13.626929
2026-03-12 16:00:00+01:00,12.387,9.511088,11.879999,0.0,0.0,40300.0,0.64445174,13.166815
2026-03-12 17:00:00+01:00,11.737,5.0911684,13.679999,0.0,0.0,40000.0,3.2222586,15.517241
2026-03-12 18:00:00+01:00,10.537001,3.7585104,8.64,0.0,0.0,35420.0,2.3236039,12.194616
2026-03-12 19:00:00+01:00,8.887,3.2599385,5.7599998,0.0,0.0,32600.0,1.4410379,14.181093
2026-03-12 20:00:00+01:00,6.537,3.7064266,5.3999996,0.0,0.0,23320.0,4.57969,17.489796
2026-03-12 21:00:00+01:00,5.537,3.6179552,7.5599995,0.0,0.0,20260.0,7.0743074,11.103232
2026-03-12 22:00:00+01:00,4.487,3.5455887,6.12,0.0,0.0,21500.0,13.152184,5.7224755
2026-03-12 23:00:00+01:00,3.937,2.9024127,5.04,0.0,0.0,23640.0,15.587208,5.6205835
2026-03-13 00:00:00+01:00,3.637,4.3349743,6.4799995,0.0,0.0,29480.0,16.587591,6.48019
2026-03-13 01:00:00+01:00,3.137,3.8773184,6.4799995,0.0,0.0,29580.0,19.573729,11.939203
2026-03-13 02:00:00+01:00,2.687,3.096837,7.2,0.0,0.0,31080.0,22.884842,16.65485
2026-03-13 03:00:00+01:00,2.687,1.484318,4.32,0.0,0.0,32320.0,22.254591,21.653082
2026-03-13 04:00:00+01:00,2.237,2.7416782,3.2399998,0.0,0.0,35280.0,18.504856,24.42869
2026-03-13 05:00:00+01:00,2.137,2.7416782,3.96,0.0,0.0,35280.0,14.482251,24.827585
2026-03-13 06:00:00+01:00,1.487,2.968636,3.6,0.0,0.0,24420.0,12.4380865,29.086447
2026-03-13 07:00:00+01:00,1.237,3.671294,3.96,0.0,0.0,24260.0,8.202532,35.769176
2026-03-13 08:00:00+01:00,2.337,2.1897945,6.12,0.0,0.0,30600.0,10.9461975,39.94175
2026-03-13 09:00:00+01:00,5.687,2.0991426,3.96,0.0,0.0,24800.0,9.215885,37.184437
2026-03-13 10:00:00+01:00,6.837,6.297428,10.08,0.0,0.0,32220.0,10.118097,38.427654
2026-03-13 11:00:00+01:00,10.037001,2.0364676,9.72,0.0,0.0,38740.0,9.125309,39.767754
2026-03-13 12:00:00+01:00,12.187,4.8965297,11.159999,0.0,0.0,39380.0,9.113924,42.461704
2026-03-13 13:00:00+01:00,14.037001,7.24486,11.159999,0.0,0.0,41120.0,9.7416725,43.71788
2026-03-13 14:00:00+01:00,14.237,5.315336,15.84,0.0,0.0,41820.0,9.394418,43.8235
2026-03-13 15:00:00+01:00,13.987,8.78872,16.199999,0.0,0.0,41460.0,12.669665,39.961037
2026-03-13 16:00:00+01:00,14.187,6.0347,15.119999,0.0,0.0,40660.0,18.866041,45.653397
2026-03-13 17:00:00+01:00,14.187,4.2136917,10.08,0.0,0.0,39320.0,16.866917,43.452705
2026-03-13 18:00:00+01:00,11.937,3.9763298,7.2,0.0,0.0,32020.0,18.437403,44.108284
2026-03-13 19:00:00+01:00,8.887,6.193674,6.4799995,0.0,0.0,32760.0,14.69576,44.108284
2026-03-13 20:00:00+01:00,7.087,5.937272,10.799999,0.0,0.0,33740.0,14.482251,52.69651
2026-03-13 21:00:00+01:00,7.337,3.7064266,8.64,0.0,0.0,36720.0,18.77225,46.435715
2026-03-13 22:00:00+01:00,8.937,7.342588,10.08,0.0,0.0,40320.0,20.51139,48.31023
2026-03-13 23:00:00+01:00,8.837001,6.28713,12.599999,0.0,0.0,39860.0,20.962025,47.049747
2026-03-14 00:00:00+01:00,8.437,3.096837,8.64,0.0,0.0,38900.0,22.333761,52.758617
2026-03-14 01:00:00+01:00,7.687,2.1897945,6.4799995,0.0,0.0,36920.0,21.949236,46.996494
2026-03-14 02:00:00+01:00,8.187,5.937272,8.64,0.0,0.0,39260.0,19.616121,41.66025
2026-03-14 03:00:00+01:00,7.337,3.8939953,12.599999,0.0,0.0,34380.0,17.590109,51.90836
2026-03-14 04:00:00+01:00,7.737,2.9024127,6.4799995,4.0,0.0,36140.0,9.045312,49.144352
2026-03-14 05:00:00+01:00,7.937,0.5091169,6.8399997,9.0,0.0,36980.0,20.907467,54.12826
2026-03-14 06:00:00+01:00,7.037,7.24486,11.879999,3.0,0.0,27480.0,13.739071,51.08166
2026-03-14 07:00:00+01:00,7.237,6.830519,10.799999,36.0,0.0,28160.0,10.035667,46.819916
2026-03-14 08:00:00+01:00,6.587,16.039202,29.88,100.0,0.6,7760.0,9.65603,34.23372
2026-03-14 09:00:00+01:00,5.837,12.10157,28.8,100.0,1.8,12660.0,11.254866,26.660769
2026-03-14 10:00:00+01:00,5.587,11.983188,23.759998,100.0,1.4,11960.0,15.493671,28.612377
2026-03-14 11:00:00+01:00,5.237,11.808878,21.96,100.0,1.6,12360.0,13.525812,20.632679
2026-03-14 12:00:00+01:00,5.137,11.91812,19.8,100.0,1.2,15100.0,11.680409,18.423088
2026-03-14 13:00:00+01:00,4.737,13.276144,21.24,100.0,1.1,13700.0,17.772152,20.66999
2026-03-14 14:00:00+01:00,3.937,11.709688,24.84,100.0,1.2,15180.0,23.289597,23.463383
2026-03-14 15:00:00+01:00,3.387,11.753876,20.519999,100.0,0.9,14400.0,23.204739,14.396789
2026-03-14 16:00:00+01:00,2.837,5.5887027,24.119999,100.0,0.7,19840.0,23.101595,11.939204
2026-03-14 17:00:00+01:00,2.787,2.0991426,9.0,97.0,0.5,19500.0,24.455225,12.320337
2026-03-14 18:00:00+01:00,2.787,6.0347,10.440001,100.0,0.5,23220.0,23.436256,16.71258
2026-03-14 19:00:00+01:00,2.637,3.8773184,9.36,98.0,0.4,27820.0,14.272824,21.733002
2026-03-14 20:00:00+01:00,2.337,4.379589,7.5599995,96.0,0.2,21720.0,14.560902,21.590723
2026-03-14 21:00:00+01:00,2.287,8.161764,12.599999,100.0,0.4,18880.0,22.624754,28.048029
2026-03-14 22:00:00+01:00,2.187,5.2416787,12.599999,93.0,0.3,14260.0,16.468233,33.64344
2026-03-14 23:00:00+01:00,2.687,2.0991426,7.5599995,93.0,0.0,28180.0,15.2777195,36.872307
2026-03-15 00:00:00+01:00,2.337,4.802999,7.5599995,89.0,0.0,20260.0,14.41038,37.0339
2026-03-15 01:00:00+01:00,2.787,3.319036,7.5599995,91.0,0.0,31380.0,14.301892,35.55311
2026-03-15 02:00:00+01:00,3.037,1.8,6.12,99.0,0.0,33300.0,16.518595,28.558466
2026-03-15 03:00:00+01:00,2.437,3.7585104,6.12,83.0,0.0,25840.0,15.739669,25.326874
2026-03-15 04:00:00+01:00,3.087,4.3349743,5.7599998,86.0,0.0,34360.0,13.739071,18.877537
2026-03-15 05:00:00+01:00,2.987,2.2768397,8.28,88.0,0.0,34600.0,12.269995,16.245003
2026-03-15 06:00:00+01:00,2.337,3.6179552,5.7599998,69.0,0.0,28340.0,8.21518,16.884583
2026-03-15 07:00:00+01:00,1.987,4.68,7.5599995,78.0,0.0,25300.0,8.11344,14.896551
2026-03-15 08:00:00+01:00,2.387,4.8433046,7.92,39.0,0.0,19320.0,9.394418,20.141356
2026-03-15 09:00:00+01:00,3.587,7.8954163,14.759999,0.0,0.0,35460.0,9.394418,26.862312
2026-03-15 10:00:00+01:00,5.437,1.1384199,12.24,0.0,0.0,38600.0,11.419714,30.024958
2026-03-15 11:00:00+01:00,6.537,2.8799999,6.8399997,0.0,0.0,39420.0,8.84802,41.405163
2026-03-15 12:00:00+01:00,7.537,2.1897945,6.8399997,2.0,0.0,39160.0,8.062088,46.795223
2026-03-15 13:00:00+01:00,8.337001,6.5693827,10.08,0.0,0.0,41480.0,4.201311,48.2863
2026-03-15 14:00:00+01:00,8.887,7.6367526,15.84,11.0,0.0,41080.0,3.67394,44.108284
2026-03-15 15:00:00+01:00,9.087001,14.007655,18.72,15.0,0.0,40720.0,6.198138,26.71851
2026-03-15 16:00:00+01:00,8.187,11.165805,23.039999,73.0,0.0,40560.0,11.4288025,14.609298
2026-03-15 17:00:00+01:00,7.487,9.021574,17.28,60.0,0.0,39860.0,5.8357587,8.092802
2026-03-15 18:00:00+01:00,6.487,6.193674,14.04,69.0,0.0,36920.0,5.195736,7.0769506
2026-03-15 19:00:00+01:00,5.587,2.968636,10.08,92.0,0.0,34900.0,2.734177,13.612786
2026-03-15 20:00:00+01:00,4.787,4.198285,6.8399997,78.0,0.0,33640.0,2.278481,22.490902
2026-03-15 21:00:00+01:00,4.487,4.198285,6.4799995,88.0,0.0,30400.0,5.333787,22.839355
2026-03-15 22:00:00+01:00,4.937,5.0911684,7.2,100.0,0.0,34040.0,3.286072,22.102129
2026-03-15 23:00:00+01:00,4.837,2.6208394,7.5599995,86.0,0.0,32860.0,1.643036,22.014801
2026-03-16 00:00:00+01:00,4.287,3.8773184,7.2,41.0,0.0,27920.0,3.67394,24.734306
2026-03-16 01:00:00+01:00,4.087,1.835647,5.04,94.0,0.0,24620.0,1.4410379,23.878408
2026-03-16 02:00:00+01:00,4.187,4.896529,7.2,100.0,0.0,22740.0,7.543114,17.31268
2026-03-16 03:00:00+01:00,4.237,1.835647,12.24,52.0,0.0,30620.0,4.201311,24.103226
2026-03-16 04:00:00+01:00,3.437,1.9386592,6.4799995,63.0,0.0,16200.0,4.757608,37.943382
2026-03-16 05:00:00+01:00,3.537,2.6208394,6.4799995,100.0,0.0,25540.0,1.4410379,21.103447
2026-03-16 06:00:00+01:00,3.837,4.072935,6.12,100.0,0.0,22380.0,3.67394,14.609298
2026-03-16 07:00:00+01:00,4.087,3.5455887,6.12,80.0,0.0,32400.0,0.9113924,11.545494
2026-03-16 08:00:00+01:00,4.137,4.32,7.2,20.0,0.0,33200.0,4.1265044,20.74441
2026-03-16 09:00:00+01:00,5.287,0.5091169,3.6,0.0,0.0,27120.0,3.67394,22.22381
2026-03-16 10:00:00+01:00,7.137,2.5455842,5.3999996,0.0,0.0,31120.0,3.2222586,33.45972
2026-03-16 11:00:00+01:00,8.987,3.8773184,8.28,11.0,0.0,39260.0,3.2222586,38.781925
2026-03-16 12:00:00+01:00,9.737,3.5455887,10.799999,3.0,0.0,39900.0,4.1265044,38.781925
2026-03-16 13:00:00+01:00,9.587001,5.991594,7.92,0.0,0.0,39020.0,4.6472077,39.182186
2026-03-16 14:00:00+01:00,10.587001,5.8048253,11.159999,0.0,0.0,40880.0,3.286072,35.806854
2026-03-16 15:00:00+01:00,10.187,9.220499,15.119999,0.0,0.0,39480.0,2.453999,34.273087
2026-03-16 16:00:00+01:00,9.287001,10.587918,21.24,0.0,0.0,39680.0,3.2222586,31.921795
2026-03-16 17:00:00+01:00,9.037001,4.8965297,16.919998,0.0,0.0,39980.0,7.515534,36.192112
2026-03-16 18:00:00+01:00,8.337001,5.3517847,10.08,0.0,0.0,37640.0,8.21518,33.866
2026-03-16 19:00:00+01:00,7.287,4.5820518,7.92,48.0,0.0,37380.0,6.895935,32.796856
2026-03-16 20:00:00+01:00,6.387,2.9024127,9.36,85.0,0.0,31540.0,9.952556,28.880415
2026-03-16 21:00:00+01:00,6.487,4.198285,7.5599995,88.0,0.0,30580.0,10.035667,24.175043
2026-03-16 22:00:00+01:00,6.937,3.319036,6.8399997,74.0,0.0,33960.0,12.303797,24.238705
2026-03-16 23:00:00+01:00,5.787,3.0758414,7.2,71.0,0.0,27020.0,6.850616,19.171173
2026-03-17 00:00:00+01:00,5.087,1.9386592,5.3999996,10.0,0.0,25680.0,6.7744107,23.04088
2026-03-17 01:00:00+01:00,4.687,2.5959969,3.6,6.0,0.0,23740.0,5.709857,27.758083
2026-03-17 02:00:00+01:00,4.437,1.2979984,3.96,8.0,0.0,23960.0,3.9200466,35.96252
2026-03-17 03:00:00+01:00,4.737,1.5273507,4.32,0.0,0.0,30160.0,4.201311,37.033905
2026-03-17 04:00:00+01:00,4.737,1.0182338,2.8799999,9.0,0.0,31400.0,4.2990294,34.413307
2026-03-17 05:00:00+01:00,3.387,0.8049845,3.2399998,0.0,0.0,27640.0,6.347113,33.18223
2026-03-17 06:00:00+01:00,3.737,1.484318,2.52,0.0,0.0,32740.0,3.2222586,33.568924
2026-03-17 07:00:00+01:00,3.087,1.9386592,2.52,0.0,0.0,31320.0,2.7718916,23.659594
2026-03-17 08:00:00+01:00,3.587,1.484318,4.68,0.0,0.0,30600.0,1.8227848,22.889902
2026-03-17 09:00:00+01:00,4.837,1.0182338,5.04,0.0,0.0,25300.0,3.67394,31.806936
2026-03-17 10:00:00+01:00,7.187,0.5091169,2.8799999,0.0,0.0,34100.0,3.9200466,38.881138
2026-03-17 11:00:00+01:00,9.237,2.3051248,7.2,0.0,0.0,38140.0,1.4410379,40.843075
2026-03-17 12:00:00+01:00,10.537001,3.319036,6.8399997,0.0,0.0,39900.0,0.64445174,39.7726
2026-03-17 13:00:00+01:00,11.787001,5.3517847,9.0,0.0,0.0,41080.0,1.3670886,48.302254
2026-03-17 14:00:00+01:00,12.687,8.427383,11.5199995,0.0,0.0,41540.0,4.9291077,47.514187
2026-03-17 15:00:00+01:00,13.237,4.32,11.5199995,0.0,0.0,41340.0,5.3142853,44.951817
2026-03-17 16:00:00+01:00,13.687,5.7599998,8.64,0.0,0.0,41060.0,5.487309,46.996494
2026-03-17 17:00:00+01:00,13.487,3.6179552,10.799999,0.0,0.0,41300.0,6.7744107,43.55897
2026-03-17 18:00:00+01:00,12.337001,2.6208394,5.7599998,0.0,0.0,40000.0,6.1138062,39.980316
2026-03-17 19:00:00+01:00,9.887,2.5959969,2.52,0.0,0.0,31760.0,7.958391,38.886093
2026-03-17 20:00:00+01:00,7.287,3.0758414,5.04,0.0,0.0,28260.0,9.580464,40.134197
2026-03-17 21:00:00+01:00,6.387,2.52,5.7599998,0.0,0.0,28260.0,8.670211,44.082077
2026-03-17 22:00:00+01:00,6.137,2.968636,3.96,0.0,0.0,31360.0,4.757608,47.049747
2026-03-17 23:00:00+01:00,6.187,1.1384199,3.6,0.0,0.0,33600.0,5.094838,48.556816
2026-03-18 00:00:00+01:00,5.887,1.2979984,1.4399999,0.0,0.0,33660.0,6.940957,41.0829
2026-03-18 01:00:00+01:00,6.187,1.2979984,2.52,0.0,0.0,31740.0,7.20519,40.587597
2026-03-18 02:00:00+01:00,5.437,1.5273507,2.52,0.0,0.0,27600.0,9.612922,38.502773
2026-03-18 03:00:00+01:00,4.737,0.35999998,4.68,0.0,0.0,26420.0,8.95301,37.882412
2026-03-18 04:00:00+01:00,4.787,1.0182338,3.6,0.0,0.0,27600.0,8.706063,39.7726
2026-03-18 05:00:00+01:00,4.287,1.0182338,3.2399998,0.0,0.0,26120.0,6.6350365,46.35683
2026-03-18 06:00:00+01:00,2.987,3.396233,5.7599998,61.0,0.0,2760.0,8.765491,45.530872
2026-03-18 07:00:00+01:00,2.337,2.4149535,6.12,82.0,0.0,680.0,12.337506,48.118458
2026-03-18 08:00:00+01:00,3.787,1.0182338,6.8399997,87.0,0.0,860.0,10.974618,39.083736
2026-03-18 09:00:00+01:00,4.687,1.835647,4.32,91.0,0.0,520.0,11.392405,28.966991
2026-03-18 10:00:00+01:00,6.137,2.2768397,5.7599998,68.0,0.0,21180.0,5.709857,15.824542
2026-03-18 11:00:00+01:00,7.887,6.28713,12.24,8.0,0.0,34080.0,29.465612,26.33363
2026-03-18 12:00:00+01:00,9.987,8.557102,19.08,0.0,0.0,36580.0,44.846157,32.042255
2026-03-18 13:00:00+01:00,13.387,10.144082,42.839996,0.0,0.0,42240.0,45.171425,39.06402
2026-03-18 14:00:00+01:00,14.137,9.83268,18.72,0.0,0.0,47280.0,35.017517,43.889385
2026-03-18 15:00:00+01:00,13.437,23.219301,39.239998,0.0,0.0,45900.0,21.354607,50.979744
2026-03-18 16:00:00+01:00,12.387,1.9386592,44.639996,0.0,0.0,37440.0,20.607346,39.432114
2026-03-18 17:00:00+01:00,12.837001,8.766573,14.4,0.0,0.0,42420.0,18.700209,41.0829
2026-03-18 18:00:00+01:00,11.387,3.8939953,14.759999,0.0,0.0,41420.0,15.818631,31.238638
2026-03-18 19:00:00+01:00,9.387,3.396233,5.04,5.0,0.0,35640.0,16.687443,28.477413
2026-03-18 20:00:00+01:00,7.537,3.0547013,11.159999,0.0,0.0,35920.0,17.352394,32.867256
2026-03-18 21:00:00+01:00,6.187,1.835647,6.8399997,0.0,0.0,31220.0,16.43036,32.042255
2026-03-18 22:00:00+01:00,6.637,1.609969,3.6,0.0,0.0,37320.0,23.029572,33.12413
2026-03-18 23:00:00+01:00,5.937,1.1384199,2.52,0.0,0.0,32080.0,28.95016,29.507248
2026-03-19 00:00:00+01:00,6.137,2.3051248,3.6,0.0,0.0,37160.0,35.265705,32.77923
2026-03-19 01:00:00+01:00,5.637,3.396233,6.12,0.0,0.0,33800.0,37.825527,32.042255
2026-03-19 02:00:00+01:00,5.287,1.9386592,6.12,0.0,0.0,34760.0,34.286407,29.073198
2026-03-19 03:00:00+01:00,4.887,1.835647,5.3999996,0.0,0.0,29240.0,35.303955,26.186924
2026-03-19 04:00:00+01:00,3.837,3.0547013,5.3999996,30.0,0.0,13500.0,31.653667,24.238705
2026-03-19 05:00:00+01:00,3.937,1.484318,5.04,0.0,0.0,15620.0,31.000742,24.333883
2026-03-19 06:00:00+01:00,3.987,1.835647,5.3999996,0.0,0.0,16720.0,25.06743,21.002802
2026-03-19 07:00:00+01:00,3.387,1.2979984,4.68,100.0,0.0,18780.0,15.230073,22.82248
2026-03-19 08:00:00+01:00,4.137,1.484318,3.2399998,85.0,0.0,20780.0,5.094838,24.710932
2026-03-19 09:00:00+01:00,5.637,0.8049845,3.2399998,45.0,0.0,17420.0,3.67394,26.740126
2026-03-19 10:00:00+01:00,7.837,2.1897945,5.3999996,0.0,0.0,29580.0,1.8788835,25.319267
2026-03-19 11:00:00+01:00,9.237,4.198285,8.28,0.0,0.0,36400.0,2.3236039,27.147633
2026-03-19 12:00:00+01:00,10.737,4.6800003,9.36,0.0,0.0,39960.0,3.4704785,25.92819
2026-03-19 13:00:00+01:00,11.787001,4.896529,9.72,0.0,0.0,39740.0,3.67394,22.593443
2026-03-19 14:00:00+01:00,12.687,5.0911684,11.879999,0.0,0.0,39980.0,7.418196,16.71258
2026-03-19 15:00:00+01:00,13.337001,2.16,9.36,0.0,0.0,40320.0,8.706063,21.94469
2026-03-19 16:00:00+01:00,13.837001,3.671294,5.3999996,0.0,0.0,40940.0,8.84802,33.88306
2026-03-19 17:00:00+01:00,13.587001,2.968636,6.4799995,0.0,0.0,40860.0,11.961482,36.515335
2026-03-19 18:00:00+01:00,12.937,2.0991426,4.68,0.0,0.0,40320.0,12.570939,32.708637
2026-03-19 19:00:00+01:00,10.837001,1.484318,3.96,30.0,0.0,35540.0,9.994198,38.110546
2026-03-19 20:00:00+01:00,8.537001,3.7585104,5.7599998,33.0,0.0,30360.0,9.394418,38.562763
2026-03-19 21:00:00+01:00,6.937,3.2599385,6.12,0.0,0.0,23980.0,6.728273,37.184437
2026-03-19 22:00:00+01:00,5.737,3.319036,5.3999996,0.0,0.0,17560.0,2.7718916,35.504314
2026-03-19 23:00:00+01:00,5.787,2.968636,4.68,0.0,0.0,26100.0,2.6571426,32.990105
2026-03-20 00:00:00+01:00,5.287,1.484318,4.68,0.0,0.0,24080.0,2.577807,30.36308
2026-03-20 01:00:00+01:00,4.987,1.8,2.52,0.0,0.0,30540.0,5.3142853,25.470974
2026-03-20 02:00:00+01:00,4.887,1.08,2.52,0.0,0.0,31340.0,5.506198,22.839355
2026-03-20 03:00:00+01:00,4.737,1.08,1.08,0.0,0.0,31540.0,8.513107,18.127962
2026-03-20 04:00:00+01:00,3.437,2.0991426,2.52,72.0,0.0,17980.0,7.20519,15.861018
2026-03-20 05:00:00+01:00,4.087,1.08,2.8799999,55.0,0.0,28000.0,5.468354,16.71258
2026-03-20 06:00:00+01:00,3.537,1.1384199,1.4399999,80.0,0.0,26020.0,3.67394,18.25503
2026-03-20 07:00:00+01:00,3.487,1.8,1.8,87.0,0.0,21500.0,4.101266,20.265303
2026-03-20 08:00:00+01:00,4.487,0.5091169,2.16,82.0,0.0,25300.0,2.9178793,20.74441
2026-03-20 09:00:00+01:00,6.137,0.71999997,3.96,89.0,0.0,29420.0,3.286072,20.74441
2026-03-20 10:00:00+01:00,8.737,1.2979984,3.6,0.0,0.0,35940.0,4.6472077,25.987556
2026-03-20 11:00:00+01:00,10.187,6.297428,7.5599995,0.0,0.0,37600.0,1.3670886,25.051575
2026-03-20 12:00:00+01:00,11.087001,7.5942082,9.72,0.0,0.0,37900.0,4.556962,19.755098
2026-03-20 13:00:00+01:00,12.037001,8.311245,9.0,7.0,0.0,40500.0,7.418196,15.824544
2026-03-20 14:00:00+01:00,12.937,7.968939,12.24,0.0,0.0,41200.0,9.394418,12.735487
2026-03-20 15:00:00+01:00,13.387,3.7064266,13.679999,0.0,0.0,41000.0,8.987734,12.915714
2026-03-20 16:00:00+01:00,13.287001,7.2,9.72,0.0,0.0,41120.0,9.227144,13.612786
2026-03-20 17:00:00+01:00,12.737,4.6938257,12.599999,0.0,0.0,41240.0,12.030725,11.444951
2026-03-20 18:00:00+01:00,11.787001,2.8799999,7.5599995,0.0,0.0,39420.0,11.644798,10.551724
2026-03-20 19:00:00+01:00,7.987,5.634891,9.0,46.0,0.0,33720.0,10.189676,10.839878
2026-03-20 20:00:00+01:00,6.287,4.1046314,9.0,16.0,0.0,24960.0,8.377872,11.711148
2026-03-20 21:00:00+01:00,5.537,3.8773184,7.5599995,0.0,0.0,29480.0,6.728273,11.939203
2026-03-20 22:00:00+01:00,4.737,4.1046314,6.8399997,0.0,0.0,26440.0,5.094838,12.780782
2026-03-20 23:00:00+01:00,5.287,4.5536795,6.4799995,0.0,0.0,32980.0,3.4704785,12.795844
2026-03-21 00:00:00+01:00,3.837,3.8773184,6.8399997,0.0,0.0,27860.0,2.278481,10.998648
2026-03-21 01:00:00+01:00,3.187,3.396233,3.96,0.0,0.0,18780.0,1.3670886,9.950412
2026-03-21 02:00:00+01:00,3.687,3.563818,3.96,0.0,0.0,29880.0,1.3670886,12.795844
2026-03-21 03:00:00+01:00,4.087,2.2768397,3.6,0.0,0.0,29940.0,1.2889035,15.554438
2026-03-21 04:00:00+01:00,3.737,2.2768397,2.52,3.0,0.0,30420.0,5.709857,16.527136
2026-03-21 05:00:00+01:00,2.987,2.8799999,4.68,0.0,0.0,26960.0,2.577807,18.599987
2026-03-21 06:00:00+01:00,3.037,2.1897945,3.6,0.0,0.0,30480.0,0.64445174,18.339252
2026-03-21 07:00:00+01:00,2.937,2.8116899,3.6,46.0,0.0,31960.0,2.453999,20.217718
2026-03-21 08:00:00+01:00,4.237,1.5273507,3.2399998,52.0,0.0,33420.0,1.4410379,20.567223
2026-03-21 09:00:00+01:00,6.087,1.5273507,3.96,64.0,0.0,29620.0,1.8788835,15.628565
2026-03-21 10:00:00+01:00,8.237,2.0364676,6.12,0.0,0.0,26620.0,4.9291077,14.999642
2026-03-21 11:00:00+01:00,10.337001,2.6208394,7.2,0.0,0.0,35180.0,6.728273,17.21225
2026-03-21 12:00:00+01:00,11.887,6.4096174,11.5199995,0.0,0.0,40040.0,8.561753,13.370063
2026-03-21 13:00:00+01:00,12.537001,7.289445,13.32,0.0,0.0,41640.0,11.096928,15.529648
2026-03-21 14:00:00+01:00,13.237,5.4833565,12.599999,0.0,0.0,41920.0,11.848101,11.987508
2026-03-21 15:00:00+01:00,13.637,5.495161,10.440001,0.0,0.0,42600.0,13.836966,13.626929
2026-03-21 16:00:00+01:00,13.587001,6.193674,10.08,0.0,0.0,41660.0,14.989566,10.180067
2026-03-21 17:00:00+01:00,12.237,7.072878,14.759999,0.0,0.0,40260.0,16.335293,11.41124
2026-03-21 18:00:00+01:00,11.137,4.198285,11.5199995,0.0,0.0,37420.0,15.318443,12.795844
2026-03-21 19:00:00+01:00,8.687,5.506941,9.36,0.0,0.0,32300.0,17.177994,12.795844
2026-03-21 20:00:00+01:00,6.987,2.1897945,9.0,0.0,0.0,30940.0,14.265547,12.413793
2026-03-21 21:00:00+01:00,6.837,4.2136917,6.8399997,6.0,0.0,32240.0,10.599223,12.051613
2026-03-21 22:00:00+01:00,6.737,4.829907,7.92,34.0,0.0,28440.0,11.883102,17.478779
2026-03-21 23:00:00+01:00,7.637,4.3498964,7.2,11.0,0.0,36380.0,5.487309,19.598463
2026-03-22 00:00:00+01:00,6.637,5.634891,11.159999,3.0,0.0,29620.0,1.8788835,20.016638
2026-03-22 01:00:00+01:00,6.787,4.379589,7.2,26.0,0.0,29220.0,3.67394,19.040104
2026-03-22 02:00:00+01:00,6.987,5.495161,10.08,0.0,0.0,33560.0,7.20519,20.055098
2026-03-22 03:00:00+01:00,6.087,2.52,8.64,68.0,0.0,25780.0,2.453999,25.020798
2026-03-22 04:00:00+01:00,6.937,4.072935,7.2,57.0,0.0,29880.0,6.444517,30.165771
2026-03-22 05:00:00+01:00,7.137,8.557102,13.32,51.0,0.0,33600.0,9.227144,26.098505
2026-03-22 06:00:00+01:00,6.887,1.2979984,14.4,90.0,0.0,36940.0,11.501252,25.20489
2026-03-22 07:00:00+01:00,6.437,2.5959969,3.96,100.0,0.1,20200.0,9.125309,25.265957
2026-03-22 08:00:00+01:00,6.187,5.4477882,8.64,100.0,0.7,15500.0,21.663548,14.529971
2026-03-22 09:00:00+01:00,6.737,3.7585104,9.72,24.0,0.2,32140.0,25.729689,21.944693
2026-03-22 10:00:00+01:00,7.137,4.5536795,5.04,8.0,0.0,30900.0,25.559643,43.359512
2026-03-22 11:00:00+01:00,8.687,7.5170207,12.959999,0.0,0.0,35800.0,23.774942,44.590405
2026-03-22 12:00:00+01:00,10.037001,9.673221,17.28,0.0,0.0,36560.0,17.934988,45.344337
2026-03-22 13:00:00+01:00,9.487,16.363178,23.759998,40.0,0.0,31620.0,13.548821,41.618618
2026-03-22 14:00:00+01:00,9.787001,15.778516,29.16,59.0,0.0,35520.0,14.878324,32.495934
2026-03-22 15:00:00+01:00,9.737,14.081477,27.0,62.0,0.0,36800.0,5.6366506,24.46021
2026-03-22 16:00:00+01:00,9.287001,13.004922,23.4,83.0,0.0,36820.0,7.543114,19.98775
2026-03-22 17:00:00+01:00,9.237,9.387651,21.599998,68.0,0.0,37220.0,5.993747,13.612786
2026-03-22 18:00:00+01:00,8.637,5.6002855,15.84,74.0,0.0,36040.0,4.6472077,10.027549
2026-03-22 19:00:00+01:00,7.637,2.968636,9.0,72.0,0.0,29720.0,2.278481,12.568007
2026-03-22 20:00:00+01:00,6.737,3.2399998,5.7599998,55.0,0.0,22600.0,0.64445174,12.5526705
2026-03-22 21:00:00+01:00,6.237,3.6179552,6.4799995,47.0,0.0,22180.0,2.0379353,11.189642
2026-03-22 22:00:00+01:00,5.337,2.8799999,5.3999996,62.0,0.0,23100.0,7.4739733,12.475707
2026-03-22 23:00:00+01:00,4.837,2.5455842,5.04,72.0,0.0,23780.0,9.784211,10.839878
2026-03-23 00:00:00+01:00,4.937,1.1384199,4.68,68.0,0.0,25900.0,7.1182017,9.454063
2026-03-23 01:00:00+01:00,5.337,2.9024127,5.04,73.0,0.0,26200.0,3.0569031,13.781546
2026-03-23 02:00:00+01:00,4.437,2.968636,5.04,89.0,0.0,26840.0,2.278481,14.072007
2026-03-23 03:00:00+01:00,4.137,1.484318,4.32,68.0,0.0,26680.0,0.0,17.566723
2026-03-23 04:00:00+01:00,3.737,3.671294,3.96,45.0,0.0,28680.0,2.6571426,25.516308
2026-03-23 05:00:00+01:00,3.787,3.319036,5.7599998,88.0,0.0,30440.0,3.757767,26.348255
2026-03-23 06:00:00+01:00,3.987,1.835647,4.68,79.0,0.2,29240.0,2.278481,26.392084
2026-03-23 07:00:00+01:00,4.137,4.198285,3.6,90.0,0.0,26700.0,1.8227848,33.355934
2026-03-23 08:00:00+01:00,4.987,1.8,5.3999996,91.0,0.0,22440.0,2.0379353,32.919964
2026-03-23 09:00:00+01:00,6.887,1.9386592,5.04,62.0,0.0,31600.0,3.8667102,31.600355
2026-03-23 10:00:00+01:00,8.187,1.4399999,3.96,45.0,0.0,38300.0,2.577807,31.649088
2026-03-23 11:00:00+01:00,9.587001,3.396233,7.5599995,49.0,0.0,36900.0,3.5591009,26.862312
2026-03-23 12:00:00+01:00,11.187,5.1544156,10.08,94.0,0.0,39280.0,4.201311,24.143152
2026-03-23 13:00:00+01:00,11.637,13.004921,13.679999,47.0,0.0,39360.0,9.612922,24.143152
2026-03-23 14:00:00+01:00,11.737,7.754637,20.880001,37.0,0.0,39080.0,11.392405,17.577684
2026-03-23 15:00:00+01:00,11.837001,5.1165614,12.24,47.0,0.0,38820.0,12.897088,13.093462
2026-03-23 16:00:00+01:00,12.337001,2.5959969,9.72,0.0,0.1,39920.0,9.580464,14.753624
2026-03-23 17:00:00+01:00,12.437,4.1046314,7.5599995,9.0,0.0,39960.0,13.495072,13.948265
2026-03-23 18:00:00+01:00,11.387,5.634891,9.0,25.0,0.0,35740.0,10.725815,11.661699
2026-03-23 19:00:00+01:00,10.287001,4.73506,9.72,51.0,0.0,39180.0,10.974618,12.413793
2026-03-23 20:00:00+01:00,8.087001,3.671294,7.2,0.0,0.0,31980.0,11.85686,14.072007
2026-03-23 21:00:00+01:00,6.287,2.9024127,7.2,0.0,0.0,27440.0,11.273301,14.289349
2026-03-23 22:00:00+01:00,5.887,4.452954,5.7599998,0.0,0.0,30160.0,10.118097,21.724138
2026-03-23 23:00:00+01:00,4.737,4.802999,7.92,0.0,0.0,24780.0,9.994197,26.696869
2026-03-24 00:00:00+01:00,4.187,2.6208394,7.2,0.0,0.0,24020.0,9.394418,25.334478
2026-03-24 01:00:00+01:00,4.337,3.8773184,6.12,0.0,0.0,30340.0,11.087566,26.653542
2026-03-24 02:00:00+01:00,3.537,2.16,5.7599998,7.0,0.0,28500.0,11.4288025,20.293798
2026-03-24 03:00:00+01:00,3.187,2.16,6.4799995,2.0,0.0,24400.0,4.1265044,17.043554
2026-03-24 04:00:00+01:00,2.037,3.2399998,4.68,0.0,0.0,22880.0,2.278481,18.62069
2026-03-24 05:00:00+01:00,2.137,2.968636,4.32,0.0,0.0,29140.0,2.577807,19.755098
2026-03-24 06:00:00+01:00,2.437,2.7416782,3.2399998,0.0,0.0,30760.0,2.7718916,27.549112
2026-03-24 07:00:00+01:00,2.287,2.8799999,3.6,0.0,0.0,32580.0,3.4704785,37.246548
2026-03-24 08:00:00+01:00,3.537,1.609969,2.8799999,0.0,0.0,31380.0,5.543783,38.886093
2026-03-24 09:00:00+01:00,6.187,0.71999997,3.96,0.0,0.0,37960.0,3.67394,36.15484
2026-03-24 10:00:00+01:00,8.837001,0.35999998,3.2399998,0.0,0.0,39860.0,2.3236039,35.989296
2026-03-24 11:00:00+01:00,10.737,2.1897945,5.7599998,0.0,0.0,40820.0,2.278481,30.286854
2026-03-24 12:00:00+01:00,12.137,4.0249224,6.8399997,0.0,0.0,41960.0,1.2889035,25.928188
2026-03-24 13:00:00+01:00,13.387,8.905908,11.5199995,0.0,0.0,42680.0,0.0,23.716516
2026-03-24 14:00:00+01:00,13.887,10.028439,13.32,0.0,0.0,41760.0,1.8788835,21.230852
2026-03-24 15:00:00+01:00,13.837001,12.24,16.919998,0.0,0.0,41940.0,4.201311,17.903427
2026-03-24 16:00:00+01:00,13.837001,7.491114,17.28,0.0,0.0,42560.0,4.201311,18.764957
2026-03-24 17:00:00+01:00,13.687,4.8433046,11.879999,0.0,0.0,42640.0,6.572144,16.77011
2026-03-24 18:00:00+01:00,12.887,4.198285,6.4799995,0.0,0.0,41480.0,9.580463,15.665498
2026-03-24 19:00:00+01:00,10.487,3.7585104,7.5599995,0.0,0.0,39960.0,6.1307654,20.818563
2026-03-24 20:00:00+01:00,7.237,3.6,6.8399997,0.0,0.0,33180.0,1.8788835,20.055098
2026-03-24 21:00:00+01:00,6.387,2.7416782,4.68,0.0,0.0,33300.0,2.734177,15.909525
2026-03-24 22:00:00+01:00,5.337,4.379589,6.12,0.0,0.0,30140.0,4.323114,11.241167
2026-03-24 23:00:00+01:00,5.037,4.0249224,8.28,0.0,0.0,33060.0,7.866535,9.392738
2026-03-25 00:00:00+01:00,4.487,5.04,7.5599995,0.0,0.0,33040.0,8.074956,11.711148
2026-03-25 01:00:00+01:00,4.487,4.73506,7.5599995,0.0,0.0,34640.0,9.394418,14.648801
2026-03-25 02:00:00+01:00,5.237,5.0528407,6.8399997,0.0,0.0,34680.0,7.4739733,15.714606
2026-03-25 03:00:00+01:00,4.887,4.73506,9.0,0.0,0.0,38840.0,6.198138,19.871763
2026-03-25 04:00:00+01:00,2.587,5.5887027,8.28,0.0,0.0,28820.0,8.646228,24.405024
2026-03-25 05:00:00+01:00,2.587,2.968636,8.64,0.0,0.0,27000.0,8.151741,31.337141
2026-03-25 06:00:00+01:00,2.487,1.9386592,5.7599998,0.0,0.0,22480.0,5.506198,35.817608
2026-03-25 07:00:00+01:00,3.187,3.671294,3.96,0.0,0.0,21740.0,5.562481,46.729317
2026-03-25 08:00:00+01:00,5.037,3.0547013,6.12,0.0,0.0,23340.0,6.728273,50.489964
2026-03-25 09:00:00+01:00,7.887,2.0364676,5.04,0.0,0.0,38880.0,13.97881,53.064423
2026-03-25 10:00:00+01:00,7.937,1.609969,6.12,0.0,0.0,13160.0,10.401459,63.01146
2026-03-25 11:00:00+01:00,14.837001,11.808878,18.0,0.0,0.0,43580.0,19.972805,68.86019
2026-03-25 12:00:00+01:00,15.437,16.676977,27.72,0.0,0.0,42420.0,48.157406,74.15617
2026-03-25 13:00:00+01:00,16.437,6.5693827,25.56,0.0,0.0,44240.0,55.746006,76.344826
2026-03-25 14:00:00+01:00,14.787001,16.45007,28.08,0.0,0.0,32300.0,61.776676,61.272472
2026-03-25 15:00:00+01:00,8.787001,29.986076,56.88,100.0,1.9,15040.0,36.75635,52.84982
2026-03-25 16:00:00+01:00,7.787,30.54701,58.679996,97.0,0.9,30120.0,34.949253,48.892853
2026-03-25 17:00:00+01:00,6.987,10.823973,50.399998,20.0,0.6,33460.0,24.611814,59.229538
2026-03-25 18:00:00+01:00,5.287,10.182337,37.079998,100.0,0.6,9040.0,20.34876,43.928867
2026-03-25 19:00:00+01:00,5.337,8.311245,28.08,100.0,2.1,36460.0,26.700062,52.465717
2026-03-25 20:00:00+01:00,4.987,4.0249224,22.68,90.0,0.1,38180.0,25.133617,42.953335
2026-03-25 21:00:00+01:00,4.287,13.979871,22.68,100.0,0.1,34940.0,36.141045,43.04741
2026-03-25 22:00:00+01:00,3.837,6.162207,27.359999,95.0,0.0,25660.0,28.766668,47.603294
2026-03-25 23:00:00+01:00,3.637,4.452954,21.599998,94.0,0.0,27500.0,39.624607,48.47741
2026-03-26 00:00:00+01:00,2.087,6.9527545,14.4,100.0,0.5,18460.0,23.696201,54.7686
2026-03-26 01:00:00+01:00,1.737,8.217153,9.36,100.0,0.4,4620.0,53.386513,49.421864
2026-03-26 02:00:00+01:00,2.437,4.5536795,11.159999,97.0,0.2,24760.0,57.600067,54.05704
2026-03-26 03:00:00+01:00,2.037,8.287822,21.599998,100.0,0.4,8520.0,47.902317,57.540306
2026-03-26 04:00:00+01:00,1.737,0.8049845,13.679999,100.0,1.2,11920.0,43.61848,52.388557
2026-03-26 05:00:00+01:00,1.437,13.896187,24.119999,100.0,0.2,4760.0,44.539497,49.798496
2026-03-26 06:00:00+01:00,1.837,9.422101,19.8,73.0,0.5,37240.0,38.62412,47.42085
2026-03-26 07:00:00+01:00,1.637,12.984975,20.880001,100.0,0.0,17580.0,40.96199,45.935226
2026-03-26 08:00:00+01:00,1.987,17.610588,28.44,100.0,0.0,7460.0,32.431355,42.84557
2026-03-26 09:00:00+01:00,2.387,10.308831,27.0,97.0,0.1,26040.0,31.79767,44.70689
2026-03-26 10:00:00+01:00,3.337,10.805999,23.4,83.0,0.2,37460.0,22.825785,38.482754
2026-03-26 11:00:00+01:00,3.787,14.417988,26.28,74.0,0.0,39060.0,19.360386,36.0
2026-03-26 12:00:00+01:00,2.887,11.885453,25.56,100.0,0.1,7900.0,27.718918,28.551722
2026-03-26 13:00:00+01:00,4.737,19.164717,31.319998,85.0,0.1,40800.0,19.387182,32.299725
2026-03-26 14:00:00+01:00,4.887,15.629971,33.48,88.0,0.0,38740.0,15.739669,39.59299
2026-03-26 15:00:00+01:00,3.837,10.041354,27.72,79.0,0.2,33620.0,28.109476,38.846447
2026-03-26 16:00:00+01:00,4.587,8.404285,32.039997,94.0,0.1,37080.0,23.351927,48.09844
2026-03-26 17:00:00+01:00,4.237,19.930477,35.64,7.0,0.1,37740.0,29.746176,50.291183
2026-03-26 18:00:00+01:00,4.037,19.694992,33.48,0.0,0.0,39800.0,25.584002,49.081596
2026-03-26 19:00:00+01:00,3.137,14.182355,38.519997,8.0,0.0,38980.0,21.991768,44.50392
2026-03-26 20:00:00+01:00,2.587,6.830519,24.48,57.0,0.0,38280.0,17.824654,50.30267
2026-03-26 21:00:00+01:00,1.837,2.5455842,16.56,29.0,0.0,36160.0,16.885372,45.779804
2026-03-26 22:00:00+01:00,1.837,5.5887027,4.32,68.0,0.0,34900.0,19.188004,42.615665
2026-03-26 23:00:00+01:00,1.587,0.8049845,14.04,82.0,0.1,32540.0,21.475815,38.667522
2026-03-27 00:00:00+01:00,1.187,5.3517847,7.5599995,88.0,0.2,25020.0,22.546602,34.697605
2026-03-27 01:00:00+01:00,0.63699996,5.3517847,9.36,93.0,0.4,19340.0,18.882547,38.727253
2026-03-27 02:00:00+01:00,0.387,4.072935,8.28,83.0,0.5,17140.0,19.483345,46.369293
2026-03-27 03:00:00+01:00,0.13700001,4.3349743,7.5599995,88.0,0.5,8740.0,20.966978,46.700447
2026-03-27 04:00:00+01:00,1.537,2.5455842,7.2,89.0,0.2,27840.0,18.279041,51.666584
2026-03-27 05:00:00+01:00,1.637,6.489992,16.919998,68.0,0.0,36660.0,19.483345,49.16003
2026-03-27 06:00:00+01:00,0.987,6.9247384,17.64,61.0,0.0,34140.0,20.225931,53.05353
2026-03-27 07:00:00+01:00,1.337,15.256526,17.28,0.0,0.0,38260.0,32.40894,51.318684
2026-03-27 08:00:00+01:00,1.837,21.30093,36.36,0.0,0.0,39300.0,39.07844,46.996494
2026-03-27 09:00:00+01:00,2.737,22.725668,39.6,0.0,0.0,39520.0,34.47967,51.442398
2026-03-27 10:00:00+01:00,4.037,25.992397,42.839996,0.0,0.0,41320.0,31.604427,50.31033
2026-03-27 11:00:00+01:00,5.287,24.063513,47.519997,0.0,0.0,41940.0,30.107004,38.781925
2026-03-27 12:00:00+01:00,5.887,21.203358,40.32,0.0,0.0,42020.0,26.9786,28.531475
2026-03-27 13:00:00+01:00,6.237,22.45315,38.88,41.0,0.0,42060.0,27.105307,25.994967
2026-03-27 14:00:00+01:00,7.087,15.256526,38.88,23.0,0.0,42340.0,23.351927,17.643314
2026-03-27 15:00:00+01:00,7.237,15.5843,28.08,31.0,0.0,42620.0,14.759212,17.555754
2026-03-27 16:00:00+01:00,7.037,15.696165,33.48,4.0,0.0,42900.0,15.065567,22.889902
2026-03-27 17:00:00+01:00,5.887,15.778518,28.44,22.0,0.0,42120.0,11.537306,22.898315
2026-03-27 18:00:00+01:00,5.037,13.281023,25.919998,64.0,0.0,41080.0,11.096928,22.788692
2026-03-27 19:00:00+01:00,3.837,7.928178,20.880001,89.0,0.0,40940.0,12.030725,26.740126
2026-03-27 20:00:00+01:00,2.837,3.7064266,11.879999,26.0,0.0,39960.0,4.757608,30.470741
2026-03-27 21:00:00+01:00,1.637,3.396233,5.04,0.0,0.0,38200.0,8.84802,39.10837
2026-03-27 22:00:00+01:00,1.137,2.9024127,5.3999996,0.0,0.0,37860.0,5.8000655,41.293358
2026-03-27 23:00:00+01:00,1.037,1.1384199,2.52,0.0,0.0,38980.0,5.8000655,42.08349
2026-03-28 00:00:00+01:00,0.63699996,1.08,2.8799999,0.0,0.0,37680.0,5.543783,42.046856
2026-03-28 01:00:00+01:00,-0.763,1.609969,3.96,0.0,0.0,23520.0,4.556962,42.502514
2026-03-28 02:00:00+01:00,-0.713,1.835647,3.2399998,0.0,0.0,32400.0,2.453999,44.69827
2026-03-28 03:00:00+01:00,-1.563,4.198285,6.4799995,0.0,0.0,21520.0,1.0189676,45.577385
2026-03-28 04:00:00+01:00,-1.513,1.609969,7.5599995,24.0,0.0,33260.0,4.2990294,44.60768
2026-03-28 05:00:00+01:00,-0.86300004,2.3051248,3.2399998,0.0,0.0,35120.0,1.0189676,44.143208
2026-03-28 06:00:00+01:00,-2.213,2.3051248,4.68,0.0,0.0,34280.0,3.9200466,40.530605
2026-03-28 07:00:00+01:00,-1.813,0.71999997,3.2399998,4.0,0.0,37480.0,3.5591009,40.344826
2026-03-28 08:00:00+01:00,-0.963,0.8049845,2.8799999,4.0,0.0,35300.0,3.67394,40.587597
2026-03-28 09:00:00+01:00,1.437,0.8049845,3.6,0.0,0.0,36180.0,3.2222586,38.387535
2026-03-28 10:00:00+01:00,3.487,1.835647,5.7599998,0.0,0.0,38700.0,8.561753,42.193203
2026-03-28 11:00:00+01:00,5.037,2.52,6.8399997,0.0,0.0,40220.0,6.444517,37.293064
2026-03-28 12:00:00+01:00,6.937,5.4119864,10.799999,0.0,0.0,42140.0,6.198138,33.597603
2026-03-28 13:00:00+01:00,7.737,7.5170207,11.5199995,0.0,0.0,42620.0,5.094838,32.37121
2026-03-28 14:00:00+01:00,8.037001,8.766573,12.599999,0.0,0.0,44960.0,6.9559,27.993032
2026-03-28 15:00:00+01:00,7.637,10.685391,15.119999,0.0,0.0,42060.0,9.994197,27.875805
2026-03-28 16:00:00+01:00,6.937,14.277983,23.039999,84.0,0.0,41780.0,2.453999,25.92076
2026-03-28 17:00:00+01:00,5.137,12.738099,24.84,87.0,0.0,38320.0,5.487309,24.151127
2026-03-28 18:00:00+01:00,3.737,9.449572,20.880001,97.0,0.2,21220.0,19.387182,27.882717
2026-03-28 19:00:00+01:00,2.937,1.9386592,14.4,98.0,1.0,22480.0,27.105307,26.797695
2026-03-28 20:00:00+01:00,2.737,3.319036,5.3999996,93.0,0.8,20260.0,24.0485,25.448275
2026-03-28 21:00:00+01:00,2.537,2.5959969,6.12,88.0,0.6,16340.0,21.840164,27.04099
2026-03-28 22:00:00+01:00,3.537,3.096837,6.12,87.0,0.4,21060.0,15.916782,27.709465
2026-03-28 23:00:00+01:00,3.687,1.484318,5.3999996,85.0,0.0,24740.0,13.941624,37.47341
2026-03-29 00:00:00+01:00,3.537,1.1384199,5.7599998,79.0,0.1,26300.0,20.179676,41.21398
2026-03-29 01:00:00+01:00,5.037,7.729527,2.8799999,100.0,0.0,38560.0,20.465782,38.48776
2026-03-29 03:00:00+02:00,4.587,15.629971,25.199999,68.0,0.0,39400.0,26.102283,37.529915
2026-03-29 04:00:00+02:00,4.137,12.218805,26.28,38.0,0.0,39240.0,23.222628,47.889736
2026-03-29 05:00:00+02:00,4.637,19.008547,18.72,40.0,0.0,40540.0,28.96809,46.980095
2026-03-29 06:00:00+02:00,4.587,18.837322,33.12,27.0,0.0,40360.0,28.603785,46.55586
2026-03-29 07:00:00+02:00,4.137,14.336861,29.88,39.0,0.0,40060.0,21.920834,50.153107
2026-03-29 08:00:00+02:00,4.837,16.766108,20.519999,42.0,0.0,40900.0,26.114214,45.314594
2026-03-29 09:00:00+02:00,5.637,11.183201,27.0,49.0,0.0,40900.0,19.338923,39.510197
2026-03-29 10:00:00+02:00,6.737,11.4862,19.8,62.0,0.0,41280.0,15.693425,39.06402
2026-03-29 11:00:00+02:00,7.387,10.365251,19.8,66.0,0.0,41420.0,18.953892,33.4021
2026-03-29 12:00:00+02:00,8.487,9.779817,16.919998,63.0,0.0,41880.0,21.649164,36.494225
2026-03-29 13:00:00+02:00,9.337001,16.08761,27.359999,79.0,0.0,42460.0,24.27197,28.578697
2026-03-29 14:00:00+02:00,9.187,16.854767,34.2,61.0,0.0,42280.0,21.495146,31.410818
2026-03-29 15:00:00+02:00,9.887,14.480773,25.199999,13.0,0.0,42340.0,17.958132,19.390963
2026-03-29 16:00:00+02:00,9.787001,22.322903,34.56,15.0,0.0,42240.0,21.183746,17.043554
2026-03-29 17:00:00+02:00,9.387,21.166653,38.519997,0.0,0.0,42340.0,27.132107,11.9230585
2026-03-29 18:00:00+02:00,8.937,19.134262,34.56,6.0,0.0,42160.0,20.667719,12.795844
2026-03-29 19:00:00+02:00,7.537,14.986553,34.92,26.0,0.0,41220.0,17.026215,20.66999
2026-03-29 20:00:00+02:00,6.687,8.089993,23.4,61.0,0.0,40800.0,15.713261,23.716516
2026-03-29 21:00:00+02:00,5.537,3.96,12.959999,23.0,0.0,40380.0,10.240498,19.480164
2026-03-29 22:00:00+02:00,3.837,3.7585104,5.3999996,0.0,0.0,36920.0,8.253009,18.339252
2026-03-29 23:00:00+02:00,3.387,4.896529,6.8399997,13.0,0.0,36900.0,9.215885,17.478779
2026-03-30 00:00:00+02:00,3.237,3.2399998,7.2,10.0,0.0,36860.0,6.444517,16.185604
2026-03-30 01:00:00+02:00,3.387,3.219938,5.3999996,19.0,0.0,37800.0,4.757608,14.896551
2026-03-30 02:00:00+02:00,2.837,3.4152596,4.68,47.0,0.0,37720.0,5.506198,15.529648
2026-03-30 03:00:00+02:00,3.037,1.9386592,6.12,50.0,0.0,37000.0,6.524576,22.973904
2026-03-30 04:00:00+02:00,3.587,3.7064266,5.3999996,50.0,0.0,37000.0,6.198138,23.98305
2026-03-30 05:00:00+02:00,3.837,2.5959969,4.68,37.0,0.0,37220.0,5.562481,33.08922
2026-03-30 06:00:00+02:00,3.337,1.08,5.04,0.0,0.0,34640.0,1.8227848,49.817833
2026-03-30 07:00:00+02:00,3.587,3.319036,4.68,15.0,0.0,34940.0,6.444517,52.056583
2026-03-30 08:00:00+02:00,4.137,4.379589,9.72,65.0,0.0,36300.0,3.89347,60.48779
2026-03-30 09:00:00+02:00,4.187,3.319036,5.3999996,79.0,0.0,30900.0,6.572144,61.133984
2026-03-30 10:00:00+02:00,5.487,5.00128,7.92,90.0,0.0,36840.0,7.7602262,62.378536
2026-03-30 11:00:00+02:00,6.937,6.9247384,12.599999,70.0,0.0,41200.0,15.57388,62.347645
2026-03-30 12:00:00+02:00,7.787,11.480557,19.08,38.0,0.0,41220.0,22.347704,62.421753
2026-03-30 13:00:00+02:00,8.137,9.346143,20.16,40.0,0.0,41040.0,20.63252,62.62509
2026-03-30 14:00:00+02:00,8.487,13.849476,24.119999,62.0,0.0,40820.0,17.46571,63.653225
2026-03-30 15:00:00+02:00,8.237,21.288757,41.399998,7.0,0.0,40380.0,30.39873,59.74762
2026-03-30 16:00:00+02:00,8.737,14.417988,42.839996,37.0,0.2,40620.0,29.3491,63.807377
2026-03-30 17:00:00+02:00,7.887,14.417988,39.96,69.0,0.0,40640.0,25.363905,63.653225
2026-03-30 18:00:00+02:00,6.687,19.881649,32.039997,100.0,0.1,15260.0,32.53684,65.07776
2026-03-30 19:00:00+02:00,5.687,13.1041975,42.839996,98.0,1.3,29740.0,40.964527,53.724625
2026-03-30 20:00:00+02:00,5.087,6.6087217,21.24,75.0,0.5,29860.0,42.311092,64.159615
2026-03-30 21:00:00+02:00,5.187,2.7416782,9.72,100.0,0.5,25600.0,45.678856,59.670193
2026-03-30 22:00:00+02:00,5.187,10.883676,25.56,76.0,0.6,34620.0,36.25292,55.255325
2026-03-30 23:00:00+02:00,4.587,11.119281,16.199999,94.0,0.7,30060.0,36.387276,53.469448
2026-03-31 00:00:00+02:00,4.287,0.5091169,16.199999,93.0,0.2,30120.0,23.922964,62.1465
2026-03-31 01:00:00+02:00,4.237,2.4149535,6.8399997,98.0,0.2,25120.0,22.775694,50.371555
2026-03-31 02:00:00+02:00,3.837,5.3517847,6.8399997,84.0,0.3,30060.0,17.081009,40.516342
2026-03-31 03:00:00+02:00,3.587,7.5170207,13.679999,78.0,0.4,28340.0,20.907467,38.482754
2026-03-31 04:00:00+02:00,3.037,4.452954,11.879999,72.0,0.1,28200.0,20.480995,33.269196
2026-03-31 05:00:00+02:00,3.487,14.84318,7.5599995,69.0,0.1,34900.0,28.799133,32.519634
2026-03-31 06:00:00+02:00,3.537,16.923828,31.68,53.0,0.1,36800.0,27.976185,29.82541
2026-03-31 07:00:00+02:00,3.237,14.529915,27.72,56.0,0.1,37000.0,24.0485,31.337141
2026-03-31 08:00:00+02:00,3.387,19.228851,24.119999,55.0,0.1,37400.0,26.828085,31.189268
2026-03-31 09:00:00+02:00,4.287,15.629971,29.88,45.0,0.0,39340.0,22.085989,30.922554
2026-03-31 10:00:00+02:00,5.487,17.610588,30.239998,21.0,0.0,40420.0,18.97032,39.25586
2026-03-31 11:00:00+02:00,6.387,20.945072,31.319998,39.0,0.0,41440.0,25.494562,50.291183
2026-03-31 12:00:00+02:00,7.137,21.203358,34.92,15.0,0.0,42000.0,26.292524,44.69827
2026-03-31 13:00:00+02:00,6.937,24.458813,42.12,60.0,0.0,40960.0,24.306171,39.422344
2026-03-31 14:00:00+02:00,7.587,25.233404,42.12,40.0,0.0,41720.0,23.524696,41.66025
2026-03-31 15:00:00+02:00,7.537,30.10685,54.719997,31.0,0.0,41340.0,26.990145,41.11571
2026-03-31 16:00:00+02:00,7.987,25.212852,51.12,29.0,0.0,41480.0,29.760136,34.697605
2026-03-31 17:00:00+02:00,7.037,29.407835,44.639996,11.0,0.0,40940.0,26.9786,33.3097
2026-03-31 18:00:00+02:00,6.137,24.962307,51.839996,28.0,0.0,40560.0,27.311375,37.10146
2026-03-31 19:00:00+02:00,5.887,22.768396,41.399998,0.0,0.0,41220.0,29.87157,44.434612
2026-03-31 20:00:00+02:00,5.087,20.523157,37.44,11.0,0.0,41720.0,31.38685,53.133354
2026-03-31 21:00:00+02:00,4.837,19.829433,39.6,43.0,0.0,41440.0,29.854185,56.4964
2026-03-31 22:00:00+02:00,4.137,6.151683,31.68,24.0,0.0,40920.0,19.338923,57.17424
2026-03-31 23:00:00+02:00,4.387,9.47012,5.7599998,0.0,0.0,41540.0,17.584206,64.29458
2026-04-01 00:00:00+02:00,3.587,1.8,15.119999,0.0,0.0,40820.0,13.270073,59.792747
2026-04-01 01:00:00+02:00,1.687,2.9024127,4.68,0.0,0.0,36760.0,16.885372,61.445137
2026-04-01 02:00:00+02:00,0.487,3.396233,6.12,45.0,0.0,32360.0,13.836966,62.329105
2026-04-01 03:00:00+02:00,0.33699998,5.4833565,8.64,54.0,0.0,34700.0,9.227144,58.099995
2026-04-01 04:00:00+02:00,0.187,3.563818,8.28,46.0,0.0,34920.0,11.254866,54.993237
2026-04-01 05:00:00+02:00,-0.263,3.7064266,6.12,75.0,0.0,34820.0,5.6366506,57.187717
2026-04-01 06:00:00+02:00,-0.213,5.2416787,8.28,62.0,0.0,36880.0,6.895935,54.05704
2026-04-01 07:00:00+02:00,-0.813,4.6938257,8.64,30.0,0.0,34480.0,10.004581,57.459908
2026-04-01 08:00:00+02:00,-0.31300002,4.0249224,6.4799995,11.0,0.0,37360.0,14.709885,67.79454
2026-04-01 09:00:00+02:00,2.037,0.8049845,5.3999996,0.0,0.0,37520.0,16.335293,68.02996
2026-04-01 10:00:00+02:00,5.187,4.379589,7.2,0.0,0.0,40160.0,18.34142,69.95093
2026-04-01 11:00:00+02:00,6.837,13.039754,17.28,13.0,0.0,42260.0,20.587181,64.93849
2026-04-01 12:00:00+02:00,7.987,13.276144,24.48,91.0,0.0,42640.0,22.04364,58.965515
2026-04-01 13:00:00+02:00,9.037001,17.283749,29.519999,0.0,0.0,43040.0,21.495146,22.422277
2026-04-01 14:00:00+02:00,9.537001,17.673029,31.319998,0.0,0.0,43540.0,15.175435,11.103232
2026-04-01 15:00:00+02:00,10.087001,9.793059,25.919998,0.0,0.0,44460.0,5.709857,15.714606
2026-04-01 16:00:00+02:00,10.787001,8.049845,13.679999,0.0,0.0,44760.0,8.753638,15.41761
2026-04-01 17:00:00+02:00,10.237,16.992609,23.4,0.0,0.0,44480.0,11.419714,16.70105
2026-04-01 18:00:00+02:00,9.637,13.70839,28.08,0.0,0.0,42900.0,13.678478,14.490146
2026-04-01 19:00:00+02:00,8.437,11.298495,22.319998,30.0,0.0,41600.0,12.2276125,11.987508
2026-04-01 20:00:00+02:00,6.987,8.311245,17.28,60.0,0.0,41980.0,11.618018,9.6356945
2026-04-01 21:00:00+02:00,5.637,3.396233,11.5199995,14.0,0.0,40900.0,4.556962,13.879042
2026-04-01 22:00:00+02:00,4.237,2.9024127,5.04,0.0,0.0,39780.0,3.89347,18.26558
2026-04-01 23:00:00+02:00,3.587,2.2768397,4.32,0.0,0.0,40120.0,5.487309,17.478779
2026-04-02 00:00:00+02:00,3.687,1.1384199,2.52,0.0,0.0,40540.0,7.0889688,18.381218
2026-04-02 01:00:00+02:00,2.537,1.4399999,2.8799999,0.0,0.0,39420.0,7.840093,17.654228
2026-04-02 02:00:00+02:00,1.487,3.671294,5.7599998,0.0,0.0,39680.0,8.377872,18.631031
2026-04-02 03:00:00+02:00,0.63699996,3.671294,5.7599998,0.0,0.0,40280.0,6.572144,21.86555
2026-04-02 04:00:00+02:00,1.237,1.4399999,4.68,0.0,0.0,40160.0,3.0569031,22.379284
2026-04-02 05:00:00+02:00,-0.013,2.5455842,3.96,0.0,0.0,38820.0,0.9113924,31.189268
2026-04-02 06:00:00+02:00,0.43699998,2.16,2.8799999,0.0,0.0,39580.0,2.9178793,36.908855
2026-04-02 07:00:00+02:00,0.487,0.8049845,2.8799999,0.0,0.0,39660.0,5.3142853,39.53944
2026-04-02 08:00:00+02:00,-0.063,2.4149535,1.8,0.0,0.0,38500.0,6.940957,54.451145
2026-04-02 09:00:00+02:00,1.287,0.0,3.96,0.0,0.0,38860.0,7.78694,53.57382
2026-04-02 10:00:00+02:00,3.087,1.609969,3.96,0.0,0.0,38700.0,8.765491,51.81922
2026-04-02 11:00:00+02:00,5.287,3.096837,6.8399997,0.0,0.0,39760.0,5.487309,58.374535
2026-04-02 12:00:00+02:00,7.187,2.9024127,8.28,0.0,0.0,40100.0,7.3619976,55.307587
2026-04-02 13:00:00+02:00,9.337001,8.647496,15.84,0.0,0.0,41380.0,9.580463,47.93798
2026-04-02 14:00:00+02:00,10.737,14.658676,17.28,0.0,0.0,41740.0,4.556962,50.226025
2026-04-02 15:00:00+02:00,11.637,10.00256,25.919998,54.0,0.0,41860.0,10.628571,48.178474
2026-04-02 16:00:00+02:00,12.137,10.948973,18.72,69.0,0.0,42180.0,14.192577,54.284622
2026-04-02 17:00:00+02:00,11.437,13.246826,31.68,100.0,0.0,41880.0,20.632523,56.18527
2026-04-02 18:00:00+02:00,10.687,25.364037,41.039997,90.0,0.0,41840.0,22.347704,49.163948
2026-04-02 19:00:00+02:00,10.137,26.87491,47.88,76.0,0.0,41920.0,22.104788,40.98432
2026-04-02 20:00:00+02:00,9.237,17.114204,42.839996,38.0,0.0,41880.0,22.509731,44.41293
2026-04-02 21:00:00+02:00,7.837,5.4119864,25.199999,0.0,0.0,41140.0,14.309151,47.506077
2026-04-02 22:00:00+02:00,6.337,1.1384199,7.2,0.0,0.0,40080.0,16.430359,44.938957
2026-04-02 23:00:00+02:00,5.437,2.9024127,5.04,0.0,0.0,40100.0,15.2777195,42.179504
2026-04-03 00:00:00+02:00,4.237,5.0911684,7.5599995,0.0,0.0,39060.0,16.053188,40.230076
2026-04-03 01:00:00+02:00,3.287,3.6,7.5599995,0.0,0.0,37960.0,11.883102,37.51451
2026-04-03 02:00:00+02:00,2.487,3.2599385,5.3999996,9.0,0.0,37800.0,11.031237,35.87672
2026-04-03 03:00:00+02:00,2.037,4.68,6.8399997,14.0,0.0,36220.0,12.030725,30.666088
2026-04-03 04:00:00+02:00,0.88699996,4.3349743,8.64,0.0,0.0,35220.0,9.394418,31.189268
2026-04-03 05:00:00+02:00,1.187,3.5455887,6.4799995,0.0,0.0,35220.0,9.215885,27.792759
2026-04-03 06:00:00+02:00,0.63699996,2.9024127,6.8399997,0.0,0.0,32600.0,7.3053656,26.304356
2026-04-03 07:00:00+02:00,0.387,2.9024127,4.68,0.0,0.0,31260.0,3.757767,27.549112
2026-04-03 08:00:00+02:00,1.237,2.6208394,4.68,0.0,0.0,35780.0,4.1265044,30.622086
2026-04-03 09:00:00+02:00,4.287,0.71999997,3.2399998,0.0,0.0,38000.0,2.577807,36.085506
2026-04-03 10:00:00+02:00,6.237,1.0182338,2.8799999,0.0,0.0,38640.0,2.6571426,32.192196
2026-04-03 11:00:00+02:00,9.187,1.9386592,6.12,0.0,0.0,40380.0,2.8820758,31.034481
2026-04-03 12:00:00+02:00,11.337001,5.4477882,8.64,0.0,0.0,41920.0,2.0379353,25.63681
2026-04-03 13:00:00+02:00,12.437,12.10157,15.4800005,0.0,0.0,42420.0,6.198138,20.52034
2026-04-03 14:00:00+02:00,13.487,9.693296,15.119999,0.0,0.0,43800.0,2.6571426,19.400894
2026-04-03 15:00:00+02:00,14.137,10.966713,14.4,0.0,0.0,44260.0,4.9291077,18.074755
2026-04-03 16:00:00+02:00,14.437,8.913181,13.32,0.0,0.0,44800.0,6.970812,20.01664
2026-04-03 17:00:00+02:00,14.687,9.885262,14.04,0.0,0.0,49480.0,6.347113,20.141356
2026-04-03 18:00:00+02:00,13.787001,11.753876,21.24,0.0,0.0,45000.0,9.227144,19.871765
2026-04-03 19:00:00+02:00,12.487,7.289445,16.56,0.0,0.0,41820.0,9.113924,23.265514
2026-04-03 20:00:00+02:00,10.337001,5.1919937,10.799999,0.0,0.0,40940.0,11.273301,24.578054
2026-04-03 21:00:00+02:00,7.887,5.1544156,8.28,0.0,0.0,39820.0,11.680409,23.95894
2026-04-03 22:00:00+02:00,6.437,2.1897945,7.5599995,0.0,0.0,37700.0,5.195736,26.948225
2026-04-03 23:00:00+02:00,7.187,4.3349743,5.7599998,0.0,0.0,37220.0,4.6916795,29.27787
2026-04-04 00:00:00+02:00,7.137,4.452954,6.8399997,0.0,0.0,37780.0,6.572144,22.653046
2026-04-04 01:00:00+02:00,6.987,3.6179552,6.8399997,0.0,0.0,39080.0,4.488087,26.105885
2026-04-04 02:00:00+02:00,6.787,2.52,5.7599998,0.0,0.0,38820.0,4.101266,30.866442
2026-04-04 03:00:00+02:00,7.337,3.9763298,6.4799995,0.0,0.0,39860.0,1.643036,30.56542
2026-04-04 04:00:00+02:00,7.237,2.8799999,6.12,0.0,0.0,39920.0,1.4410379,30.03137
2026-04-04 05:00:00+02:00,8.137,1.0182338,3.2399998,30.0,0.0,40340.0,2.278481,26.105885
2026-04-04 06:00:00+02:00,7.937,3.396233,4.68,49.0,0.0,39860.0,3.757767,19.251385
2026-04-04 07:00:00+02:00,8.087001,1.609969,4.32,81.0,0.0,39620.0,4.6472077,18.096056
2026-04-04 08:00:00+02:00,8.387,1.8,4.32,76.0,0.0,39860.0,3.2222586,16.13793
2026-04-04 09:00:00+02:00,9.237,1.609969,4.32,63.0,0.0,39860.0,0.64445174,20.52034
2026-04-04 10:00:00+02:00,10.437,3.671294,4.32,24.0,0.0,39440.0,2.8820758,24.593725
2026-04-04 11:00:00+02:00,12.887,1.484318,4.68,0.0,0.0,40660.0,3.5591009,21.546066
2026-04-04 12:00:00+02:00,14.837001,1.9386592,5.3999996,0.0,0.0,41840.0,6.198138,18.877537
2026-04-04 13:00:00+02:00,16.087,10.948973,12.959999,0.0,0.0,42020.0,6.728273,16.433628
2026-04-04 14:00:00+02:00,15.787001,14.4,18.0,0.0,0.0,41140.0,3.0569031,14.275861
2026-04-04 15:00:00+02:00,16.637,8.0899935,19.08,0.0,0.0,41340.0,2.0379353,11.241167
2026-04-04 16:00:00+02:00,17.387,8.0899935,10.799999,0.0,0.0,41860.0,2.453999,11.939203
2026-04-04 17:00:00+02:00,17.637,6.8777895,12.599999,0.0,0.0,42060.0,5.487309,8.622896
2026-04-04 18:00:00+02:00,17.786999,1.9386592,10.799999,0.0,0.0,42360.0,5.8357587,8.350525
2026-04-04 19:00:00+02:00,17.286999,3.096837,4.68,0.0,0.0,42140.0,7.1327734,10.857635
2026-04-04 20:00:00+02:00,14.937,3.4152596,5.7599998,0.0,0.0,40480.0,1.4410379,8.821657
2026-04-04 21:00:00+02:00,11.237,4.452954,6.8399997,0.0,0.0,32720.0,4.6472077,6.939521
2026-04-04 22:00:00+02:00,9.737,3.671294,7.2,0.0,0.0,34960.0,9.580464,11.172413
2026-04-04 23:00:00+02:00,8.387,5.2416787,5.7599998,0.0,0.0,34400.0,10.118097,14.948187
2026-04-05 00:00:00+02:00,8.137,4.379589,7.92,0.0,0.0,36340.0,9.17071,17.654228
2026-04-05 01:00:00+02:00,7.887,3.671294,6.4799995,0.0,0.0,36500.0,8.706063,21.546066
2026-04-05 02:00:00+02:00,8.237,4.829907,6.12,0.0,0.0,37980.0,10.974618,23.98305
2026-04-05 03:00:00+02:00,7.537,3.671294,6.8399997,0.0,0.0,36900.0,6.895935,25.319267
2026-04-05 04:00:00+02:00,7.387,3.7585104,5.7599998,0.0,0.0,37180.0,7.418196,24.843096
2026-04-05 05:00:00+02:00,8.187,5.634891,5.7599998,0.0,0.0,39420.0,7.866535,26.69687
2026-04-05 06:00:00+02:00,8.387,5.8048253,9.72,0.0,0.0,39700.0,11.715913,23.659594
2026-04-05 07:00:00+02:00,6.687,3.8268526,9.36,0.0,0.0,35960.0,5.9240503,24.951414
2026-04-05 08:00:00+02:00,9.187,3.7585104,7.2,0.0,0.0,39780.0,8.074956,29.960732
2026-04-05 09:00:00+02:00,12.437,5.3517847,8.28,0.0,0.0,40460.0,9.784211,30.432787
2026-04-05 10:00:00+02:00,15.237,3.2399998,8.28,0.0,0.0,41320.0,7.205189,31.649084
2026-04-05 11:00:00+02:00,17.536999,4.198285,5.7599998,0.0,0.0,42460.0,12.039351,32.667385
2026-04-05 12:00:00+02:00,19.937,1.9386592,9.0,0.0,0.0,45560.0,10.870049,31.022066
2026-04-05 13:00:00+02:00,20.786999,6.1305785,11.879999,0.0,0.0,43260.0,8.402622,32.042255
2026-04-05 14:00:00+02:00,20.937,8.39657,18.0,0.0,0.0,44680.0,10.391472,34.18304
2026-04-05 15:00:00+02:00,22.786999,7.9526596,15.119999,0.0,0.0,45520.0,15.148044,37.755074
2026-04-05 16:00:00+02:00,23.087,10.1376915,16.919998,0.0,0.0,46880.0,14.759212,40.530605
2026-04-05 17:00:00+02:00,23.237,13.104198,18.359999,0.0,0.0,46200.0,10.9461975,44.9818
2026-04-05 18:00:00+02:00,22.786999,10.182337,21.24,0.0,0.0,43620.0,5.6366506,45.82186
2026-04-05 19:00:00+02:00,21.387,0.8049845,14.759999,0.0,0.0,41700.0,8.151741,38.632633
2026-04-05 20:00:00+02:00,17.187,4.3498964,6.8399997,0.0,0.0,39120.0,14.410378,34.024887
2026-04-05 21:00:00+02:00,14.737,2.8116899,15.4800005,0.0,0.0,39180.0,21.242481,26.948225
2026-04-05 22:00:00+02:00,14.587001,5.0911684,12.959999,0.0,0.3,37880.0,8.513107,48.33813
2026-04-05 23:00:00+02:00,13.537001,5.1544156,20.16,0.0,0.0,36760.0,14.787324,46.7458
2026-04-06 00:00:00+02:00,11.387,5.6002855,21.96,0.0,0.0,23500.0,20.981827,36.877533
2026-04-06 01:00:00+02:00,11.137,3.6,13.679999,0.0,0.0,25620.0,15.713261,38.72725
2026-04-06 02:00:00+02:00,10.637,1.835647,4.32,0.0,0.0,27080.0,5.6366506,39.500443
2026-04-06 03:00:00+02:00,11.187,3.096837,5.3999996,0.0,0.0,33840.0,7.7602262,41.62787
2026-04-06 04:00:00+02:00,10.887,3.9763298,5.7599998,0.0,0.0,32120.0,8.753638,42.84557
2026-04-06 05:00:00+02:00,10.387,3.563818,6.12,0.0,0.0,34460.0,8.598059,37.427124
2026-04-06 06:00:00+02:00,9.837001,3.6179552,10.08,0.0,0.0,32240.0,3.0569031,34.76416
2026-04-06 07:00:00+02:00,9.637,3.5455887,5.7599998,0.0,0.0,34580.0,2.0379353,33.568924
2026-04-06 08:00:00+02:00,9.337001,3.0758414,5.3999996,0.0,0.0,24520.0,4.757608,32.299725
2026-04-06 09:00:00+02:00,11.637,1.2979984,6.4799995,0.0,0.0,33400.0,4.101266,27.937927
2026-04-06 10:00:00+02:00,13.287001,4.0249224,6.8399997,0.0,0.0,32660.0,4.2990294,24.835342
2026-04-06 11:00:00+02:00,15.687,4.829907,10.08,0.0,0.0,37620.0,5.3142853,22.482334
2026-04-06 12:00:00+02:00,17.487,4.3349743,9.0,0.0,0.0,40460.0,5.3142853,13.326771
2026-04-06 13:00:00+02:00,18.637,7.8954163,11.879999,0.0,0.0,40900.0,2.577807,11.326523
2026-04-06 14:00:00+02:00,19.237,9.931042,11.879999,0.0,0.0,41480.0,1.8788835,3.9743526
2026-04-06 15:00:00+02:00,19.687,9.360001,14.4,0.0,0.0,41860.0,5.9240503,7.0769506
2026-04-06 16:00:00+02:00,20.786999,6.725354,14.759999,0.0,0.0,42300.0,8.202532,8.951714
2026-04-06 17:00:00+02:00,21.237,4.3349743,11.879999,0.0,0.0,42920.0,8.95301,2.2379284
2026-04-06 18:00:00+02:00,20.437,6.489992,10.440001,0.0,0.0,42120.0,9.837129,2.775808
2026-04-06 19:00:00+02:00,18.487,4.8433046,11.5199995,0.0,0.0,40620.0,6.835443,2.6333632
2026-04-06 20:00:00+02:00,16.437,3.9763298,7.92,0.0,0.0,40940.0,4.757608,4.3889384
2026-04-06 21:00:00+02:00,12.437,5.4477882,8.64,0.0,0.0,36240.0,2.453999,6.2068963
2026-04-06 22:00:00+02:00,11.187,4.452954,9.0,0.0,0.0,34200.0,1.4410379,8.711794
2026-04-06 23:00:00+02:00,11.637,4.6938257,7.2,0.0,0.0,38140.0,6.7744107,11.103232
2026-04-07 00:00:00+02:00,10.187,4.73506,7.5599995,0.0,0.0,34100.0,6.970812,10.330335
2026-04-07 01:00:00+02:00,9.637,3.4152596,7.5599995,0.0,0.0,33980.0,6.3797464,10.98112
2026-04-07 02:00:00+02:00,9.337001,3.7064266,5.04,0.0,0.0,35280.0,9.227144,9.227214
2026-04-07 03:00:00+02:00,8.237,3.7585104,5.3999996,0.0,0.0,33140.0,8.800955,5.855574
2026-04-07 04:00:00+02:00,7.637,3.2599385,5.3999996,0.0,0.0,32560.0,6.850616,6.2378535
2026-04-07 05:00:00+02:00,7.137,3.9763298,5.04,0.0,0.0,35380.0,8.202532,3.1649084
2026-04-07 06:00:00+02:00,6.887,2.16,5.7599998,0.0,0.0,36560.0,9.612922,3.9255857
2026-04-07 07:00:00+02:00,7.137,1.9386592,2.52,0.0,0.0,33080.0,10.599223,4.5186887
2026-04-07 08:00:00+02:00,7.037,2.4149535,2.8799999,0.0,0.0,32920.0,9.515216,6.113084
2026-04-07 09:00:00+02:00,9.637,3.0547013,5.04,0.0,0.0,28200.0,8.646228,5.855574
2026-04-07 10:00:00+02:00,13.037001,2.7416782,5.3999996,0.0,0.0,35840.0,7.958392,7.4740934
2026-04-07 11:00:00+02:00,15.787001,3.219938,6.8399997,0.0,0.0,40480.0,5.195736,7.022301
2026-04-07 12:00:00+02:00,18.487,3.8773184,8.28,0.0,0.0,42080.0,4.2990294,6.939521
2026-04-07 13:00:00+02:00,19.337,9.726664,11.159999,0.0,0.0,41760.0,0.0,9.164372
2026-04-07 14:00:00+02:00,19.937,7.2,11.5199995,0.0,0.0,42960.0,2.7718916,8.350525
2026-04-07 15:00:00+02:00,21.137,5.0911684,10.08,0.0,0.0,44260.0,4.201311,6.598021
2026-04-07 16:00:00+02:00,21.737,4.5820518,9.72,0.0,0.0,45240.0,8.561753,4.1637125
2026-04-07 17:00:00+02:00,21.536999,2.968636,8.64,0.0,0.0,45160.0,14.301892,3.9743526
2026-04-07 18:00:00+02:00,21.487,0.8049845,5.3999996,0.0,0.0,46160.0,14.41038,3.9743526
2026-04-07 19:00:00+02:00,20.487,1.1384199,3.2399998,0.0,0.0,42300.0,13.836966,7.677507
2026-04-07 20:00:00+02:00,17.937,2.8799999,5.7599998,0.0,0.0,40980.0,11.254866,10.4046545
2026-04-07 21:00:00+02:00,12.087001,3.96,7.2,0.0,0.0,36740.0,11.848101,13.283339
2026-04-07 22:00:00+02:00,11.087001,3.2599385,6.4799995,0.0,0.0,35500.0,8.987734,14.153901
2026-04-07 23:00:00+02:00,10.887,3.2599385,4.68,0.0,0.0,39120.0,10.189676,19.120867
2026-04-08 00:00:00+02:00,10.187,2.9024127,5.04,0.0,0.0,39120.0,5.543783,17.903427
2026-04-08 01:00:00+02:00,9.187,3.6179552,5.3999996,0.0,0.0,31300.0,3.2222586,15.329903
2026-04-08 02:00:00+02:00,8.737,3.2599385,5.3999996,0.0,0.0,36920.0,5.487309,18.328745
2026-04-08 03:00:00+02:00,8.337001,3.6179552,5.04,0.0,0.0,33800.0,5.468354,19.480164
2026-04-08 04:00:00+02:00,8.337001,3.0758414,5.3999996,0.0,0.0,26000.0,3.2222586,19.716057
2026-04-08 05:00:00+02:00,8.037001,3.5455887,4.32,0.0,0.0,25900.0,3.67394,21.86555
2026-04-08 06:00:00+02:00,7.737,3.0758414,3.96,0.0,0.0,24320.0,2.6571426,22.102129
2026-04-08 07:00:00+02:00,8.637,2.5959969,3.2399998,0.0,0.0,24100.0,0.9113924,21.085184
2026-04-08 08:00:00+02:00,8.487,1.609969,2.52,0.0,0.0,28840.0,2.7718916,22.56785
2026-04-08 09:00:00+02:00,11.187,1.2979984,2.52,0.0,0.0,28460.0,4.511162,20.864775
2026-04-08 10:00:00+02:00,13.237,3.096837,6.12,0.0,0.0,35820.0,3.3175182,20.41682
2026-04-08 11:00:00+02:00,15.937,1.609969,5.7599998,0.0,0.0,39640.0,4.2990294,19.440569
2026-04-08 12:00:00+02:00,18.487,3.319036,7.2,0.0,0.0,42100.0,4.6916795,17.555754
2026-04-08 13:00:00+02:00,20.137,7.289445,9.0,0.0,0.0,43300.0,1.4410379,11.241167
2026-04-08 14:00:00+02:00,20.337,7.4128532,9.36,0.0,0.0,42940.0,1.0189676,9.392738
2026-04-08 15:00:00+02:00,21.487,4.1046314,10.440001,0.0,0.0,42240.0,3.2222586,7.677507
2026-04-08 16:00:00+02:00,22.087,4.8965297,9.0,0.0,0.0,41440.0,9.383359,3.5111506
2026-04-08 17:00:00+02:00,21.937,2.6208394,9.36,0.0,0.0,42080.0,13.033229,1.9627929
2026-04-08 18:00:00+02:00,21.687,1.08,5.04,0.0,0.0,42020.0,12.312233,3.5111506
2026-04-08 19:00:00+02:00,20.687,1.484318,5.04,0.0,0.0,40540.0,12.039351,5.00416
2026-04-08 20:00:00+02:00,19.137,2.1897945,2.16,0.0,0.0,40340.0,11.02182,9.474416
2026-04-08 21:00:00+02:00,13.887,3.6,7.92,0.0,0.0,26500.0,8.598059,12.051613
2026-04-08 22:00:00+02:00,12.387,3.4152596,5.7599998,0.0,0.0,29500.0,6.728273,11.939203
2026-04-08 23:00:00+02:00,12.287001,4.3349743,6.4799995,0.0,0.0,31980.0,5.9240503,12.4911375
2026-04-09 00:00:00+02:00,11.537001,2.968636,6.8399997,0.0,0.0,30340.0,3.89347,11.394346
2026-04-09 01:00:00+02:00,11.187,2.8116899,4.32,0.0,0.0,28180.0,2.453999,8.068965
2026-04-09 02:00:00+02:00,9.937,2.6208394,3.2399998,17.0,0.0,23300.0,1.0189676,5.7224755
2026-04-09 03:00:00+02:00,10.487,2.9024127,5.04,0.0,0.0,31440.0,4.101266,6.2068963
2026-04-09 04:00:00+02:00,11.437,2.9024127,4.32,24.0,0.0,28680.0,1.643036,7.900089
2026-04-09 05:00:00+02:00,9.787001,3.319036,3.2399998,2.0,0.0,25820.0,2.3236039,11.0510645
2026-04-09 06:00:00+02:00,9.637,3.2599385,3.6,0.0,0.0,22600.0,1.4410379,13.093462
2026-04-09 07:00:00+02:00,9.337001,2.52,3.96,0.0,0.0,22240.0,4.511162,14.8057575
2026-04-09 08:00:00+02:00,9.737,2.0364676,3.2399998,0.0,0.0,22180.0,7.78694,16.386677
2026-04-09 09:00:00+02:00,11.287001,3.563818,6.4799995,23.0,0.0,9860.0,8.402622,15.025306
2026-04-09 10:00:00+02:00,14.387,2.3051248,8.64,0.0,0.0,34440.0,7.3053656,14.922391
2026-04-09 11:00:00+02:00,16.887,5.0911684,7.2,0.0,0.0,38420.0,2.453999,14.289349
2026-04-09 12:00:00+02:00,19.036999,3.0758414,8.64,0.0,0.0,40920.0,7.543114,13.093462
2026-04-09 13:00:00+02:00,20.637,6.1094027,12.24,0.0,0.0,41740.0,10.569795,13.196042
2026-04-09 14:00:00+02:00,21.587,4.8965297,11.879999,0.0,0.0,43000.0,6.970812,13.612786
2026-04-09 15:00:00+02:00,22.637,7.928177,14.04,0.0,0.0,43800.0,10.520564,9.813965
2026-04-09 16:00:00+02:00,22.887,9.885262,17.28,0.0,0.0,43840.0,10.520564,11.394346
2026-04-09 17:00:00+02:00,22.737,9.339208,19.08,0.0,0.0,44100.0,11.254866,11.711148
2026-04-09 18:00:00+02:00,22.237,8.4042845,15.4800005,0.0,0.0,43920.0,11.680409,16.804535
2026-04-09 19:00:00+02:00,20.887,4.8433046,13.679999,0.0,0.0,42020.0,15.500371,20.52034
2026-04-09 20:00:00+02:00,18.286999,4.3349743,7.2,0.0,0.0,41280.0,16.284365,23.878408
2026-04-09 21:00:00+02:00,13.687,4.1046314,8.64,0.0,0.0,36880.0,11.4288025,23.878408
2026-04-09 22:00:00+02:00,12.537001,2.968636,5.3999996,0.0,0.0,37280.0,9.227144,24.718725
2026-04-09 23:00:00+02:00,13.787001,4.802999,8.64,0.0,0.0,39340.0,10.870049,29.073198
2026-04-10 00:00:00+02:00,12.887,4.6938252,9.0,0.0,0.0,37180.0,6.198138,25.838884
2026-04-10 01:00:00+02:00,11.787001,4.452954,7.5599995,0.0,0.0,35020.0,5.6366506,25.273579
2026-04-10 02:00:00+02:00,10.537001,4.6938252,6.4799995,0.0,0.0,33080.0,4.0758705,27.26799
2026-04-10 03:00:00+02:00,10.487,2.7416782,7.5599995,0.0,0.0,37740.0,4.6916795,26.348255
2026-04-10 04:00:00+02:00,9.737,2.5959969,5.7599998,0.0,0.0,38960.0,3.2222586,25.020798
2026-04-10 05:00:00+02:00,8.037001,5.5887027,6.4799995,0.0,0.0,37440.0,1.8227848,25.051575
2026-04-10 06:00:00+02:00,7.787,5.154415,7.92,0.0,0.0,38240.0,4.488087,23.298607
2026-04-10 07:00:00+02:00,6.987,4.802999,7.5599995,0.0,0.0,36800.0,3.67394,30.165771
2026-04-10 08:00:00+02:00,8.987,4.8965297,4.68,0.0,0.0,36760.0,5.155614,28.693052
2026-04-10 09:00:00+02:00,12.387,1.609969,6.12,0.0,0.0,36860.0,6.1138062,26.948225
2026-04-10 10:00:00+02:00,14.887,3.0547013,8.28,0.0,0.0,39560.0,4.1265044,21.51923
2026-04-10 11:00:00+02:00,16.786999,1.8,6.12,0.0,0.0,41120.0,9.125309,17.245792
2026-04-10 12:00:00+02:00,19.036999,2.5455842,7.5599995,0.0,0.0,42260.0,9.079681,20.01664
2026-04-10 13:00:00+02:00,20.837,4.8965297,9.0,0.0,0.0,45500.0,7.958391,21.803795
2026-04-10 14:00:00+02:00,20.987,3.6179552,11.879999,0.0,0.0,43360.0,12.832521,24.897316
2026-04-10 15:00:00+02:00,21.337,4.3349743,10.799999,0.0,0.0,43740.0,14.878324,24.951414
2026-04-10 16:00:00+02:00,21.187,8.759178,14.4,0.0,0.0,42400.0,14.272824,30.024958
2026-04-10 17:00:00+02:00,21.437,6.8399997,16.199999,0.0,0.0,43760.0,5.562481,29.591993
2026-04-10 18:00:00+02:00,20.837,7.5685663,16.199999,0.0,0.0,42320.0,9.022324,30.710028
2026-04-10 19:00:00+02:00,19.536999,3.9763298,11.159999,0.0,0.0,40920.0,5.0333285,31.70989
2026-04-10 20:00:00+02:00,17.637,5.0911684,9.36,0.0,0.0,40900.0,2.278481,38.80179
2026-04-10 21:00:00+02:00,12.837001,5.0528407,8.28,0.0,0.0,32500.0,2.0379353,40.07175
2026-04-10 22:00:00+02:00,11.587001,4.510787,8.64,0.0,0.0,32260.0,2.9178793,35.74224
2026-04-10 23:00:00+02:00,10.287001,4.73506,7.5599995,0.0,0.0,22320.0,3.286072,32.77923
2026-04-11 00:00:00+02:00,10.137,5.815978,9.0,0.0,0.0,29420.0,5.487309,30.816475
2026-04-11 01:00:00+02:00,9.587001,5.1919937,8.64,0.0,0.0,28480.0,3.9200466,26.71851
2026-04-11 02:00:00+02:00,9.787001,5.0142193,7.92,0.0,0.0,25720.0,5.9240503,27.758083
2026-04-11 03:00:00+02:00,9.537001,5.8048253,10.440001,0.0,0.0,25600.0,6.3797464,27.549112
2026-04-11 04:00:00+02:00,8.587001,3.7585104,8.64,0.0,0.0,19680.0,4.0758705,32.58473
2026-04-11 05:00:00+02:00,8.487,5.3517847,5.7599998,0.0,0.0,25980.0,5.7641516,36.762436
2026-04-11 06:00:00+02:00,8.087001,4.510787,8.28,0.0,0.0,21860.0,5.543783,35.72607
2026-04-11 07:00:00+02:00,8.237,2.8799999,6.12,0.0,0.0,20720.0,6.970812,32.490005
2026-04-11 08:00:00+02:00,7.387,2.5455842,3.96,0.0,0.0,15100.0,11.528303,34.14357
2026-04-11 09:00:00+02:00,10.687,0.71999997,4.32,0.0,0.0,17960.0,13.836966,28.880415
2026-04-11 10:00:00+02:00,12.387,6.638072,13.32,0.0,0.0,24300.0,8.765491,25.63681
2026-04-11 11:00:00+02:00,15.287001,0.71999997,10.08,0.0,0.0,38920.0,14.388747,21.86555
2026-04-11 12:00:00+02:00,18.837,3.563818,6.8399997,0.0,0.0,41860.0,11.171529,20.01664
2026-04-11 13:00:00+02:00,19.286999,10.44,17.28,0.0,0.0,40620.0,8.84802,22.593443
2026-04-11 14:00:00+02:00,19.437,10.587918,16.199999,0.0,0.0,41240.0,4.323114,23.594372
2026-04-11 15:00:00+02:00,20.387,4.510787,19.08,0.0,0.0,41900.0,8.21518,30.22956
2026-04-11 16:00:00+02:00,21.036999,3.319036,6.4799995,0.0,0.0,43320.0,18.227848,36.372623
2026-04-11 17:00:00+02:00,21.286999,9.178235,20.16,0.0,0.0,41980.0,30.839556,32.990105
2026-04-11 18:00:00+02:00,19.536999,8.913181,16.199999,0.0,0.0,40180.0,11.392405,38.905903
2026-04-11 19:00:00+02:00,18.737,9.178235,17.64,0.0,0.1,39960.0,15.680186,41.590836
2026-04-11 20:00:00+02:00,17.437,6.4096174,11.879999,0.0,0.1,41260.0,15.09311,44.317413
2026-04-11 21:00:00+02:00,13.737,5.0142193,10.08,0.0,0.1,35540.0,11.680409,43.33285
2026-04-11 22:00:00+02:00,12.137,2.5455842,8.64,0.0,0.0,22340.0,3.2222586,41.007816
2026-04-11 23:00:00+02:00,13.787001,7.4128532,11.159999,0.0,0.0,36580.0,3.4704785,34.89689
2026-04-12 00:00:00+02:00,14.237,3.7585104,10.08,0.0,0.0,37140.0,13.548821,35.122475
2026-04-12 01:00:00+02:00,13.937,1.0182338,4.68,77.0,0.0,35420.0,14.155951,33.0601
2026-04-12 02:00:00+02:00,14.337001,4.5536795,9.72,93.0,0.0,33440.0,10.401459,33.0601
2026-04-12 03:00:00+02:00,14.087001,16.039202,23.039999,100.0,0.0,36580.0,19.988396,29.999285
2026-04-12 04:00:00+02:00,12.937,10.086427,32.039997,100.0,0.4,35940.0,12.969341,34.97959
2026-04-12 05:00:00+02:00,11.537001,7.5942073,15.4800005,100.0,0.2,29700.0,12.969341,43.65174
2026-04-12 06:00:00+02:00,10.887,5.692099,12.24,89.0,0.5,25420.0,6.0797453,45.276318
2026-04-12 07:00:00+02:00,10.687,1.609969,9.72,83.0,0.2,30180.0,6.6350365,33.568924
2026-04-12 08:00:00+02:00,10.287001,4.2136917,4.68,97.0,0.1,19680.0,7.418196,26.406677
2026-04-12 09:00:00+02:00,10.437,3.396233,6.8399997,98.0,0.0,21940.0,9.17071,28.659466
2026-04-12 10:00:00+02:00,10.787001,3.6,8.28,84.0,0.0,28860.0,5.9240503,28.150856
2026-04-12 11:00:00+02:00,11.137,2.6208394,5.04,89.0,0.1,22720.0,2.278481,29.857687
2026-04-12 12:00:00+02:00,11.887,3.671294,7.5599995,82.0,0.0,26540.0,0.64445174,22.041037
2026-04-12 13:00:00+02:00,12.437,8.669949,11.159999,71.0,0.0,30160.0,5.094838,19.490047
2026-04-12 14:00:00+02:00,11.637,5.3999996,13.679999,86.0,0.0,23820.0,4.323114,19.251385
2026-04-12 15:00:00+02:00,11.387,3.2599385,9.36,100.0,0.1,21780.0,6.1138062,20.632679
2026-04-12 16:00:00+02:00,11.587001,3.671294,7.2,100.0,0.1,24040.0,6.3960004,25.020798
2026-04-12 17:00:00+02:00,11.387,1.835647,5.7599998,100.0,0.0,25680.0,3.1898732,24.491692
2026-04-12 18:00:00+02:00,11.387,0.8049845,4.68,100.0,0.0,28460.0,1.2889035,28.150856
2026-04-12 19:00:00+02:00,11.237,1.2979984,3.96,84.0,0.0,26260.0,0.64445174,32.58473
2026-04-12 20:00:00+02:00,10.837001,2.2768397,3.96,81.0,0.0,25240.0,3.9200466,26.33363
2026-04-12 21:00:00+02:00,10.587001,1.5273507,3.6,100.0,0.0,21520.0,3.2222586,27.758083
2026-04-12 22:00:00+02:00,10.537001,1.484318,3.2399998,100.0,0.0,22640.0,2.0379353,41.265358
2026-04-12 23:00:00+02:00,10.137,3.219938,2.16,86.0,0.0,12880.0,1.3670886,46.06504
2026-04-13 00:00:00+02:00,9.887,3.219938,5.7599998,85.0,0.0,17040.0,5.3142853,48.022285
2026-04-13 01:00:00+02:00,9.737,0.8049845,5.3999996,98.0,0.0,17060.0,2.278481,47.270313
2026-04-13 02:00:00+02:00,9.537001,2.7416782,2.16,100.0,0.0,13300.0,1.0189676,52.21177
2026-04-13 03:00:00+02:00,9.537001,0.5091169,4.32,100.0,0.0,17500.0,1.3670886,47.69627
2026-04-13 04:00:00+02:00,9.437,0.5091169,2.52,100.0,0.0,15560.0,2.9178793,43.928867
2026-04-13 05:00:00+02:00,9.187,2.52,3.6,100.0,0.0,14280.0,2.453999,37.61707
2026-04-13 06:00:00+02:00,9.137,0.35999998,5.3999996,100.0,0.0,19200.0,3.89347,43.11448
2026-04-13 07:00:00+02:00,9.187,0.8049845,1.4399999,100.0,0.0,16340.0,2.278481,38.960327
2026-04-13 08:00:00+02:00,9.137,1.835647,2.52,100.0,0.0,15740.0,1.3670886,40.03328
2026-04-13 09:00:00+02:00,9.487,1.5273507,2.8799999,100.0,0.0,19260.0,2.0379353,37.262062
2026-04-13 10:00:00+02:00,9.837001,4.2136917,7.2,100.0,0.0,23440.0,1.3670886,34.4245
2026-04-13 11:00:00+02:00,9.637,6.12,12.24,100.0,0.0,22460.0,1.2889035,37.499107
2026-04-13 12:00:00+02:00,9.787001,7.7879906,14.04,100.0,0.0,26460.0,2.8820758,34.474827
2026-04-13 13:00:00+02:00,10.487,5.315336,13.32,100.0,0.0,28920.0,9.350104,36.767677
2026-04-13 14:00:00+02:00,10.437,2.6208394,12.959999,100.0,0.0,28840.0,10.035667,36.192112
2026-04-13 15:00:00+02:00,10.687,3.0758414,6.8399997,100.0,0.0,31420.0,11.671517,31.022066
2026-04-13 16:00:00+02:00,10.737,5.6233797,10.799999,100.0,0.0,28940.0,12.51299,31.238638
2026-04-13 17:00:00+02:00,10.087001,6.489992,14.04,100.0,0.0,25000.0,15.713261,24.206896
2026-04-13 18:00:00+02:00,9.987,4.829907,11.159999,100.0,0.1,29140.0,14.674548,22.499464
2026-04-13 19:00:00+02:00,8.887,7.42159,14.04,100.0,0.2,28760.0,14.947947,23.88647
2026-04-13 20:00:00+02:00,8.387,5.7599998,13.32,95.0,0.0,22000.0,13.670886,20.265303
2026-04-13 21:00:00+02:00,8.237,4.1046314,8.28,100.0,0.0,21380.0,12.603934,20.548483
2026-04-13 22:00:00+02:00,7.837,6.0347,9.72,100.0,0.0,23400.0,13.144288,20.818563
2026-04-13 23:00:00+02:00,7.637,3.8268526,9.72,100.0,0.1,27040.0,16.22688,21.103449
2026-04-14 00:00:00+02:00,7.437,3.319036,6.12,100.0,0.1,26340.0,14.5893955,19.430658
2026-04-14 01:00:00+02:00,7.037,4.5820518,8.64,100.0,0.0,26520.0,11.4288025,16.77011
2026-04-14 02:00:00+02:00,7.037,2.9024127,7.2,100.0,0.0,23980.0,12.636843,15.329903
2026-04-14 03:00:00+02:00,7.037,3.6179552,6.12,100.0,0.0,24140.0,10.802979,13.196042
2026-04-14 04:00:00+02:00,7.037,3.671294,5.7599998,100.0,0.1,21240.0,9.994197,11.545494
2026-04-14 05:00:00+02:00,6.987,2.6208394,6.12,100.0,0.0,21900.0,6.7744107,6.8275857
2026-04-14 06:00:00+02:00,6.937,2.8116899,4.68,100.0,0.0,20760.0,4.201311,8.092802
2026-04-14 07:00:00+02:00,6.837,1.609969,4.68,100.0,0.0,14260.0,5.094838,10.180067
2026-04-14 08:00:00+02:00,7.287,2.8116899,4.32,92.0,0.0,23880.0,3.67394,13.612786
2026-04-14 09:00:00+02:00,8.137,2.5455842,6.8399997,100.0,0.0,31520.0,1.8227848,14.648801
2026-04-14 10:00:00+02:00,9.087001,3.8268526,7.92,66.0,0.0,35540.0,2.734177,16.386677
2026-04-14 11:00:00+02:00,10.287001,2.8116899,6.12,54.0,0.0,36960.0,1.8227848,15.800178
2026-04-14 12:00:00+02:00,11.537001,5.0528407,9.36,61.0,0.0,38900.0,3.2222586,17.752157
2026-04-14 13:00:00+02:00,12.337001,6.849467,9.0,88.0,0.0,38760.0,0.4556962,16.71258
2026-04-14 14:00:00+02:00,12.087001,9.47012,11.5199995,100.0,0.0,38940.0,2.577807,19.871765
2026-04-14 15:00:00+02:00,12.237,10.239453,18.0,97.0,0.0,39160.0,6.47666,19.331268
2026-04-14 16:00:00+02:00,12.387,6.130579,16.199999,100.0,0.0,39140.0,7.7602262,16.245003
2026-04-14 17:00:00+02:00,11.537001,2.0991426,10.799999,100.0,0.0,38540.0,6.330734,16.77011
2026-04-14 18:00:00+02:00,11.637,3.219938,6.12,100.0,0.0,38160.0,9.227144,18.0
2026-04-14 19:00:00+02:00,11.337001,4.1046314,6.4799995,100.0,0.0,36160.0,11.02182,18.0
2026-04-14 20:00:00+02:00,10.687,3.2599385,8.64,100.0,0.0,35300.0,9.113924,20.189116
2026-04-14 21:00:00+02:00,10.337001,3.6179552,6.12,100.0,0.0,35480.0,7.6388597,18.096056
2026-04-14 22:00:00+02:00,9.637,4.5820518,7.92,84.0,0.0,30100.0,3.5591009,15.329903
2026-04-14 23:00:00+02:00,9.787001,2.2768397,7.2,100.0,0.0,29620.0,4.0758705,15.012479
2026-04-15 00:00:00+02:00,9.437,4.6102495,8.28,77.0,0.0,30560.0,9.688234,13.283339
2026-04-15 01:00:00+02:00,8.087001,2.9024127,6.8399997,87.0,0.0,20880.0,11.254866,12.735487
2026-04-15 02:00:00+02:00,8.737,3.0547013,7.2,93.0,0.0,26060.0,15.318443,10.330335
2026-04-15 03:00:00+02:00,8.587001,3.0547013,4.68,100.0,0.0,28400.0,11.883102,9.164372
2026-04-15 04:00:00+02:00,8.587001,4.6102495,7.2,100.0,0.0,27980.0,5.8357587,9.227215
2026-04-15 05:00:00+02:00,8.237,4.39436,6.4799995,100.0,0.0,25260.0,10.411436,7.777219
2026-04-15 06:00:00+02:00,7.637,3.4152596,7.5599995,82.0,0.0,20080.0,14.272824,6.2068963
2026-04-15 07:00:00+02:00,7.437,3.096837,5.3999996,100.0,0.0,20880.0,10.599223,8.1638975
2026-04-15 08:00:00+02:00,8.087001,2.8116899,6.12,100.0,0.0,20240.0,8.377872,6.8557405
2026-04-15 09:00:00+02:00,9.437,1.2979984,4.68,100.0,0.0,29480.0,9.837129,6.2378535
2026-04-15 10:00:00+02:00,10.687,0.71999997,2.8799999,81.0,0.0,32180.0,12.159491,6.939521
2026-04-15 11:00:00+02:00,12.137,2.4149535,7.92,53.0,0.0,34760.0,16.805244,5.7224755
2026-04-15 12:00:00+02:00,13.587001,7.4128532,13.679999,16.0,0.0,38180.0,15.73307,4.9655166
2026-04-15 13:00:00+02:00,13.837001,12.768586,20.16,0.0,0.0,36820.0,7.291139,3.1649084
2026-04-15 14:00:00+02:00,14.487,12.496718,16.199999,27.0,0.0,38520.0,3.67394,1.387904
2026-04-15 15:00:00+02:00,14.937,11.720751,16.56,49.0,0.0,39060.0,5.3142853,1.2413791
2026-04-15 16:00:00+02:00,15.487,10.948973,15.119999,12.0,0.0,39620.0,11.031237,1.7555753
2026-04-15 17:00:00+02:00,15.737,7.729527,15.4800005,19.0,0.0,40500.0,11.961482,2.5591688
2026-04-15 18:00:00+02:00,16.087,6.696387,13.32,18.0,0.0,41060.0,10.628571,3.9255857
2026-04-15 19:00:00+02:00,15.137,6.193674,12.24,11.0,0.0,40800.0,9.784211,4.1637125
2026-04-15 20:00:00+02:00,14.037001,4.0249224,10.440001,42.0,0.0,39600.0,12.396276,5.1183376
2026-04-15 21:00:00+02:00,12.187,5.1165614,8.64,46.0,0.0,38000.0,7.543114,10.714764
2026-04-15 22:00:00+02:00,11.337001,2.3051248,7.5599995,71.0,0.0,36360.0,8.800955,9.227215
2026-04-15 23:00:00+02:00,11.137,4.452954,5.3999996,96.0,0.0,35260.0,12.44643,10.714764
2026-04-16 00:00:00+02:00,11.237,0.35999998,6.4799995,79.0,0.0,34580.0,9.17071,10.624495
2026-04-16 01:00:00+02:00,11.387,0.8049845,2.16,75.0,0.0,36040.0,5.094838,12.367153
2026-04-16 02:00:00+02:00,10.237,1.9386592,2.16,81.0,0.0,30240.0,3.67394,11.9230585
2026-04-16 03:00:00+02:00,10.687,1.2979984,2.16,100.0,0.0,32780.0,4.9291077,12.289027
2026-04-16 04:00:00+02:00,10.937,0.8049845,1.4399999,99.0,0.0,33340.0,5.941551,11.444951
2026-04-16 05:00:00+02:00,10.387,0.8049845,1.8,100.0,0.0,27460.0,3.2222586,8.442291
2026-04-16 06:00:00+02:00,9.987,0.5091169,1.4399999,100.0,0.0,23580.0,5.333787,7.5764823
2026-04-16 07:00:00+02:00,10.237,2.0991426,3.2399998,91.0,0.0,25360.0,8.253009,8.092802
2026-04-16 08:00:00+02:00,10.587001,1.609969,4.32,89.0,0.0,25960.0,5.468354,7.5764823
2026-04-16 09:00:00+02:00,11.837001,0.8049845,2.52,73.0,0.0,28480.0,6.198138,6.7137847
2026-04-16 10:00:00+02:00,13.087001,1.484318,4.32,50.0,0.0,28880.0,4.6472077,6.390391
2026-04-16 11:00:00+02:00,14.637,2.5959969,5.3999996,40.0,0.0,35820.0,6.444517,7.022301
2026-04-16 12:00:00+02:00,16.237,4.379589,9.0,0.0,0.0,39240.0,4.556962,4.475857
2026-04-16 13:00:00+02:00,17.637,6.5693827,7.5599995,0.0,0.0,40900.0,0.9113924,2.775808
2026-04-16 14:00:00+02:00,18.387,11.4862,12.599999,0.0,0.0,41680.0,4.201311,2.5591688
2026-04-16 15:00:00+02:00,18.887,13.049689,17.64,0.0,0.0,42020.0,4.757608,4.5186887
2026-04-16 16:00:00+02:00,18.987,13.70839,22.68,0.0,0.0,41660.0,5.709857,6.939521
2026-04-16 17:00:00+02:00,19.286999,14.88242,23.4,0.0,0.0,42280.0,5.333787,8.442291
2026-04-16 18:00:00+02:00,19.087,10.799999,24.48,0.0,0.0,42460.0,4.201311,9.494725
2026-04-16 19:00:00+02:00,18.487,5.00128,18.359999,0.0,0.0,41760.0,6.572144,8.350525
2026-04-16 20:00:00+02:00,17.337,4.3349743,7.92,20.0,0.0,41780.0,5.468354,11.661699
2026-04-16 21:00:00+02:00,14.037001,3.96,7.92,0.0,0.0,40240.0,5.094838,12.226168
2026-04-16 22:00:00+02:00,11.387,3.4152596,6.8399997,0.0,0.0,35740.0,1.0189676,12.568007
2026-04-16 23:00:00+02:00,10.687,4.0249224,4.68,0.0,0.0,34900.0,2.7718916,11.661699
2026-04-17 00:00:00+02:00,9.637,3.6,5.7599998,0.0,0.0,32780.0,1.0189676,9.310345
2026-04-17 01:00:00+02:00,9.637,2.8799999,4.68,0.0,0.0,34160.0,3.67394,9.813965
2026-04-17 02:00:00+02:00,8.087001,4.1046314,4.32,0.0,0.0,27700.0,6.895935,8.622896
2026-04-17 03:00:00+02:00,7.687,2.5455842,6.12,0.0,0.0,28740.0,6.444517,9.474416
2026-04-17 04:00:00+02:00,8.737,2.2768397,3.2399998,0.0,0.0,33300.0,5.487309,10.274241
2026-04-17 05:00:00+02:00,7.787,2.16,2.52,0.0,0.0,28360.0,3.4704785,10.4046545
2026-04-17 06:00:00+02:00,8.187,1.835647,2.52,0.0,0.0,30380.0,3.89347,10.606349
2026-04-17 07:00:00+02:00,8.187,0.71999997,2.16,0.0,0.0,31420.0,3.1898732,12.367153
2026-04-17 08:00:00+02:00,8.687,1.1384199,1.8,0.0,0.0,34240.0,3.4704785,10.606349
2026-04-17 09:00:00+02:00,10.287001,1.0182338,2.8799999,0.0,0.0,28720.0,5.7641516,9.715329
2026-04-17 10:00:00+02:00,12.887,2.4149535,5.7599998,0.0,0.0,34660.0,6.970812,10.551724
2026-04-17 11:00:00+02:00,15.237,3.671294,8.64,0.0,0.0,38940.0,7.3053656,11.939204
2026-04-17 12:00:00+02:00,16.937,7.928177,9.36,0.0,0.0,39940.0,5.0333285,12.475707
2026-04-17 13:00:00+02:00,18.187,9.504272,11.159999,0.0,0.0,40760.0,3.67394,14.003396
2026-04-17 14:00:00+02:00,18.387,12.984975,17.28,0.0,0.0,41480.0,2.6571426,11.661699
2026-04-17 15:00:00+02:00,19.337,10.1887,17.28,0.0,0.0,41360.0,6.970812,8.6452055
2026-04-17 16:00:00+02:00,20.187,10.009036,13.679999,0.0,0.0,41980.0,7.866535,8.886923
2026-04-17 17:00:00+02:00,20.587,10.144082,15.4800005,0.0,0.0,43440.0,11.474137,7.0769506
2026-04-17 18:00:00+02:00,20.187,7.9526596,16.919998,0.0,0.0,45740.0,11.02182,4.3889384
2026-04-17 19:00:00+02:00,19.637,3.9763298,14.04,0.0,0.0,44920.0,9.580464,5.5862064
2026-04-17 20:00:00+02:00,17.687,1.8,6.12,0.0,0.0,42140.0,8.151741,8.711794
2026-04-17 21:00:00+02:00,15.087001,3.4152596,3.96,0.0,0.0,41100.0,7.515534,5.0041595
2026-04-17 22:00:00+02:00,12.237,4.0249224,5.7599998,0.0,0.0,36920.0,6.524576,5.6205835
2026-04-17 23:00:00+02:00,10.637,4.0249224,5.7599998,0.0,0.0,35040.0,4.556962,5.6205835
2026-04-18 00:00:00+02:00,10.387,4.379589,6.4799995,0.0,0.0,33620.0,5.333787,9.6356945
2026-04-18 01:00:00+02:00,9.187,3.5455887,6.8399997,0.0,0.0,31920.0,2.453999,7.238423
2026-04-18 02:00:00+02:00,8.737,4.198285,4.32,0.0,0.0,31820.0,3.2222586,7.777219
2026-04-18 03:00:00+02:00,7.937,2.7416782,5.3999996,0.0,0.0,31440.0,5.7641516,11.0510645
2026-04-18 04:00:00+02:00,8.137,2.9024127,3.96,0.0,0.0,26800.0,3.67394,10.180067
2026-04-18 05:00:00+02:00,8.037001,3.2599385,3.96,0.0,0.0,27180.0,4.323114,10.678748
2026-04-18 06:00:00+02:00,8.187,2.9024127,4.32,0.0,0.0,29680.0,2.278481,10.678748
2026-04-18 07:00:00+02:00,7.887,1.9386592,3.96,0.0,0.0,28360.0,2.6571426,8.886923
2026-04-18 08:00:00+02:00,8.937,1.8,3.2399998,11.0,0.0,27960.0,3.9200466,9.813965
2026-04-18 09:00:00+02:00,11.587001,1.609969,3.6,11.0,0.0,31140.0,4.201311,12.795844
2026-04-18 10:00:00+02:00,13.987,2.0991426,5.3999996,0.0,0.0,37260.0,2.6571426,14.490146
2026-04-18 11:00:00+02:00,16.437,2.5959969,3.96,0.0,0.0,40240.0,2.278481,14.072007
2026-04-18 12:00:00+02:00,18.637,5.3517847,6.12,0.0,0.0,41180.0,0.4556962,14.543223
2026-04-18 13:00:00+02:00,19.587,10.739832,12.959999,0.0,0.0,41440.0,4.1265044,13.283339
2026-04-18 14:00:00+02:00,20.687,9.290511,12.959999,0.0,0.0,41980.0,4.1265044,12.241913
2026-04-18 15:00:00+02:00,21.637,9.422101,13.679999,0.0,0.0,42700.0,5.195736,12.568007
2026-04-18 16:00:00+02:00,21.637,12.738099,19.08,0.0,0.0,42720.0,7.7468348,14.003396
2026-04-18 17:00:00+02:00,22.036999,10.30883,20.519999,0.0,0.0,45800.0,8.658227,13.879042
2026-04-18 18:00:00+02:00,21.337,8.4042845,16.56,0.0,0.0,47240.0,9.394418,16.562065
2026-04-18 19:00:00+02:00,20.536999,4.6800003,13.679999,0.0,0.0,44140.0,8.765491,16.433628
2026-04-18 20:00:00+02:00,19.137,2.5959969,6.12,0.0,0.0,42040.0,8.976174,14.909477
2026-04-18 21:00:00+02:00,15.287001,3.7585104,5.04,0.0,0.0,40260.0,8.598059,14.329733
2026-04-18 22:00:00+02:00,12.737,3.6,5.7599998,0.0,0.0,35260.0,7.1182017,15.628565
2026-04-18 23:00:00+02:00,11.637,2.6208394,5.3999996,0.0,0.0,33560.0,7.5842957,15.355014
2026-04-19 00:00:00+02:00,12.187,5.0911684,9.0,0.0,0.0,37500.0,2.0379353,20.016638
2026-04-19 01:00:00+02:00,10.737,3.2399998,7.92,0.0,0.0,31480.0,1.4410379,23.98305
2026-04-19 02:00:00+02:00,11.537001,3.7064266,5.04,0.0,0.0,35760.0,1.8788835,28.178215
2026-04-19 03:00:00+02:00,11.787001,2.968636,5.04,0.0,0.0,36360.0,1.3670886,26.068964
2026-04-19 04:00:00+02:00,11.737,2.8116899,5.04,6.0,0.0,35880.0,3.67394,27.422962
2026-04-19 05:00:00+02:00,11.287001,2.6208394,5.7599998,32.0,0.0,34620.0,4.844117,21.24899
2026-04-19 06:00:00+02:00,12.087001,2.3051248,5.7599998,46.0,0.0,36320.0,8.062088,16.149862
2026-04-19 07:00:00+02:00,11.437,3.8773184,6.12,49.0,0.0,33360.0,5.9240503,12.659634
2026-04-19 08:00:00+02:00,11.787001,4.0249224,8.28,0.0,0.0,27220.0,10.599223,8.622896
2026-04-19 09:00:00+02:00,13.437,2.0991426,6.8399997,0.0,0.0,27360.0,8.402622,22.788692
2026-04-19 10:00:00+02:00,17.687,2.9024127,5.3999996,0.0,0.0,40700.0,6.330734,25.136015
2026-04-19 11:00:00+02:00,19.137,2.16,5.7599998,0.0,0.0,41860.0,8.987734,26.054182
2026-04-19 12:00:00+02:00,20.536999,7.342588,12.959999,0.0,0.0,42880.0,7.7468348,22.653046
2026-04-19 13:00:00+02:00,20.587,12.738099,15.119999,0.0,0.0,42300.0,1.9333551,24.278408
2026-04-19 14:00:00+02:00,21.187,17.0763,24.84,0.0,0.0,41580.0,7.971428,21.24899
2026-04-19 15:00:00+02:00,20.887,18.472595,27.72,0.0,0.0,41940.0,14.787324,19.400894
2026-04-19 16:00:00+02:00,20.937,15.876775,27.72,0.0,0.0,42480.0,9.858215,22.379284
2026-04-19 17:00:00+02:00,20.786999,17.418196,35.64,0.0,0.0,42220.0,17.062765,27.993032
2026-04-19 18:00:00+02:00,19.786999,15.617529,30.599998,44.0,0.0,41620.0,18.700209,22.76332
2026-04-19 19:00:00+02:00,18.837,13.608762,25.56,56.0,0.0,41780.0,12.2276125,23.878408
2026-04-19 20:00:00+02:00,17.536999,9.346143,22.319998,50.0,0.0,41740.0,7.6388597,23.635157
2026-04-19 21:00:00+02:00,15.637,5.991594,14.4,58.0,0.0,40920.0,5.094838,24.710932
2026-04-19 22:00:00+02:00,14.537001,1.1384199,8.64,56.0,0.0,40380.0,4.57969,27.401884
2026-04-19 23:00:00+02:00,13.687,0.35999998,1.8,63.0,0.0,40420.0,3.2222586,28.612377
2026-04-20 00:00:00+02:00,12.737,1.4399999,1.4399999,47.0,0.0,39140.0,3.67394,30.640951
2026-04-20 01:00:00+02:00,11.637,1.0182338,1.8,18.0,0.0,37200.0,2.3236039,32.89655
2026-04-20 02:00:00+02:00,9.437,2.5455842,1.8,3.0,0.0,33960.0,1.4410379,37.262062
2026-04-20 03:00:00+02:00,9.337001,1.9386592,3.96,25.0,0.0,35360.0,4.1265044,39.724133
2026-04-20 04:00:00+02:00,9.037001,1.484318,3.6,3.0,0.0,35440.0,2.8820758,39.147755
2026-04-20 05:00:00+02:00,8.637,1.5273507,1.8,36.0,0.0,33380.0,3.4704785,41.04068
2026-04-20 06:00:00+02:00,8.487,1.835647,3.96,27.0,0.0,34620.0,2.9178793,42.225147
2026-04-20 07:00:00+02:00,8.187,2.0364676,2.52,0.0,0.0,34300.0,3.5591009,42.49798
2026-04-20 08:00:00+02:00,8.887,1.609969,4.32,32.0,0.0,32320.0,3.0569031,40.11499
2026-04-20 09:00:00+02:00,10.787001,1.5273507,3.96,3.0,0.0,34180.0,4.101266,37.044304
2026-04-20 10:00:00+02:00,12.537001,2.5455842,6.4799995,0.0,0.0,39400.0,2.577807,34.957558
2026-04-20 11:00:00+02:00,13.987,5.3999996,11.159999,0.0,0.0,40000.0,2.8820758,33.54022
2026-04-20 12:00:00+02:00,15.437,11.246759,14.759999,0.0,0.0,40560.0,3.757767,32.566986
2026-04-20 13:00:00+02:00,16.437,13.324863,17.64,0.0,0.0,40940.0,6.0797453,30.108244
2026-04-20 14:00:00+02:00,17.237,14.05845,19.8,22.0,0.0,41780.0,7.34788,26.253044
2026-04-20 15:00:00+02:00,17.737,13.324863,19.08,4.0,0.0,42000.0,7.866535,23.190878
2026-04-20 16:00:00+02:00,17.987,12.594856,18.72,0.0,0.0,44160.0,9.079681,24.989985
2026-04-20 17:00:00+02:00,18.387,8.669949,20.519999,0.0,0.0,45720.0,9.383359,27.317396
2026-04-20 18:00:00+02:00,18.187,10.233123,17.64,0.0,0.0,43200.0,11.618018,32.40095
2026-04-20 19:00:00+02:00,16.837,10.823973,18.359999,0.0,0.0,41540.0,10.955679,29.844782
2026-04-20 20:00:00+02:00,15.937,6.489992,17.28,0.0,0.0,42000.0,10.189676,31.170732
2026-04-20 21:00:00+02:00,12.587001,4.452954,9.72,17.0,0.0,39700.0,7.866535,31.040686
2026-04-20 22:00:00+02:00,10.487,3.671294,6.8399997,12.0,0.0,37080.0,6.524576,29.494188
2026-04-20 23:00:00+02:00,10.037001,4.32,6.4799995,0.0,0.0,37800.0,5.543783,25.71933
2026-04-21 00:00:00+02:00,9.737,3.9763298,7.2,0.0,0.0,37660.0,5.333787,24.593725
2026-04-21 01:00:00+02:00,9.437,2.16,6.12,0.0,0.0,37120.0,5.6366506,26.098505
2026-04-21 02:00:00+02:00,8.587001,2.968636,3.6,9.0,0.0,35780.0,5.195736,25.478535
2026-04-21 03:00:00+02:00,8.487,0.5091169,4.32,11.0,0.0,35260.0,4.0758705,25.5691
2026-04-21 04:00:00+02:00,8.187,1.2979984,2.16,2.0,0.0,35360.0,3.2222586,25.020798
2026-04-21 05:00:00+02:00,6.937,1.2979984,1.8,5.0,0.0,29260.0,2.9178793,23.635157
2026-04-21 06:00:00+02:00,7.337,1.8,4.68,0.0,0.0,35780.0,0.64445174,21.935911
2026-04-21 07:00:00+02:00,6.387,1.484318,2.52,0.0,0.0,30360.0,2.278481,18.631031
2026-04-21 08:00:00+02:00,6.687,1.484318,2.16,8.0,0.0,25380.0,1.4410379,14.153901
2026-04-21 09:00:00+02:00,9.137,0.35999998,3.6,0.0,0.0,26820.0,0.64445174,12.795844
2026-04-21 10:00:00+02:00,11.287001,4.0249224,7.2,0.0,0.0,38080.0,0.9113924,12.780782
2026-04-21 11:00:00+02:00,12.787001,5.495161,7.2,0.0,0.0,40020.0,1.8788835,12.96038
2026-04-21 12:00:00+02:00,14.237,11.200571,13.679999,0.0,0.0,40900.0,4.101266,15.566816
2026-04-21 13:00:00+02:00,15.537001,11.090103,16.199999,0.0,0.0,41400.0,7.958391,18.672342
2026-04-21 14:00:00+02:00,16.687,11.753876,18.72,15.0,0.0,41980.0,11.537306,19.490047
2026-04-21 15:00:00+02:00,17.387,13.755579,20.519999,9.0,0.0,42760.0,11.883102,20.632679
2026-04-21 16:00:00+02:00,18.036999,14.512064,23.039999,0.0,0.0,45920.0,8.976174,24.14315
2026-04-21 17:00:00+02:00,18.087,10.799999,24.119999,0.0,0.0,47440.0,10.870049,19.440569
2026-04-21 18:00:00+02:00,17.786999,10.144082,18.72,0.0,0.0,45580.0,11.254866,26.186924
2026-04-21 19:00:00+02:00,16.987,8.699793,17.64,0.0,0.0,44940.0,8.561753,17.478779
2026-04-21 20:00:00+02:00,15.437,6.3690495,14.04,0.0,0.0,43200.0,6.940957,21.24899
2026-04-21 21:00:00+02:00,11.237,4.3349743,11.5199995,0.0,0.0,40120.0,4.57969,24.214851
2026-04-21 22:00:00+02:00,9.637,4.5536795,7.2,0.0,0.0,38740.0,2.7718916,24.214851
2026-04-21 23:00:00+02:00,8.837001,3.6179552,7.2,0.0,0.0,36740.0,3.9200466,24.206896
2026-04-22 00:00:00+02:00,8.287001,3.6,7.2,0.0,0.0,36600.0,1.9333551,23.099329
2026-04-22 01:00:00+02:00,8.437,2.2768397,5.04,0.0,0.0,38400.0,3.286072,23.659594
2026-04-22 02:00:00+02:00,7.687,2.1897945,3.2399998,0.0,0.0,37560.0,3.4704785,22.353445
2026-04-22 03:00:00+02:00,7.237,1.08,2.8799999,0.0,0.0,36640.0,3.2222586,18.662022
2026-04-22 04:00:00+02:00,6.837,1.08,1.4399999,0.0,0.0,36220.0,3.2222586,20.716534
2026-04-22 05:00:00+02:00,5.587,2.0991426,1.4399999,0.0,0.0,32300.0,3.757767,23.878408
2026-04-22 06:00:00+02:00,5.287,1.484318,4.32,0.0,0.0,32880.0,5.941551,21.429527
2026-04-22 07:00:00+02:00,5.037,2.0364676,2.16,0.0,0.0,32740.0,8.21518,20.016638
2026-04-22 08:00:00+02:00,5.137,2.0991426,2.52,0.0,0.0,23240.0,12.44643,14.329733
2026-04-22 09:00:00+02:00,7.037,2.3051248,5.04,0.0,0.0,18520.0,16.587591,13.0492525
2026-04-22 10:00:00+02:00,9.937,4.0249224,9.0,0.0,0.0,37440.0,14.989566,15.517241
2026-04-22 11:00:00+02:00,11.737,6.9247384,11.5199995,0.0,0.0,39660.0,14.482251,12.4293
2026-04-22 12:00:00+02:00,12.937,8.714677,16.919998,0.0,0.0,39840.0,11.4288025,14.396789
2026-04-22 13:00:00+02:00,14.787001,7.9036193,12.959999,0.0,0.0,40860.0,7.205189,11.241167
2026-04-22 14:00:00+02:00,15.837001,7.0911775,11.159999,0.0,0.0,41000.0,0.4556962,5.6205835
2026-04-22 15:00:00+02:00,17.087,7.9036193,15.119999,0.0,0.0,40820.0,8.377872,5.0041595
2026-04-22 16:00:00+02:00,17.737,5.991594,14.4,0.0,0.0,41240.0,13.033229,3.7755077
2026-04-22 17:00:00+02:00,17.887,5.692099,11.879999,0.0,0.0,41480.0,18.454288,6.2378535
2026-04-22 18:00:00+02:00,17.937,2.52,9.72,0.0,0.0,41460.0,16.687443,0.0
2026-04-22 19:00:00+02:00,17.587,2.3051248,6.12,0.0,0.0,41560.0,15.086228,1.387904
2026-04-22 20:00:00+02:00,15.737,4.0249224,6.12,0.0,0.0,40600.0,14.482251,3.3425157
2026-04-22 21:00:00+02:00,12.287001,2.7416782,7.2,0.0,0.0,35840.0,10.189676,7.0769506
2026-04-22 22:00:00+02:00,10.837001,3.4152596,6.4799995,0.0,0.0,34540.0,6.524576,11.776757
2026-04-22 23:00:00+02:00,9.837001,4.198285,5.3999996,0.0,0.0,33000.0,6.940957,8.689655
2026-04-23 00:00:00+02:00,9.637,2.6208394,5.7599998,0.0,0.0,35440.0,6.198138,8.711794
2026-04-23 01:00:00+02:00,9.187,1.9386592,3.6,0.0,0.0,36740.0,3.0569031,10.839878
2026-04-23 02:00:00+02:00,7.637,0.5091169,2.52,0.0,0.0,32460.0,2.278481,12.241913
2026-04-23 03:00:00+02:00,7.687,1.9386592,3.6,0.0,0.0,35820.0,4.201311,15.89741
2026-04-23 04:00:00+02:00,7.437,2.2768397,2.8799999,0.0,0.0,36100.0,6.9559,17.167427
2026-04-23 05:00:00+02:00,6.837,1.0182338,2.52,0.0,0.0,34180.0,9.383359,17.752157
2026-04-23 06:00:00+02:00,6.437,1.1384199,0.71999997,0.0,0.0,33120.0,10.401459,16.398428
2026-04-23 07:00:00+02:00,5.737,1.2979984,1.4399999,0.0,0.0,30320.0,10.401459,17.290411
2026-04-23 08:00:00+02:00,6.587,1.5273507,4.68,0.0,0.0,31020.0,7.205189,15.355014
2026-04-23 09:00:00+02:00,9.287001,0.35999998,3.2399998,0.0,0.0,35200.0,8.765491,15.714606
2026-04-23 10:00:00+02:00,11.487,3.6,7.92,0.0,0.0,38740.0,8.151741,16.292364
2026-04-23 11:00:00+02:00,13.287001,6.1305785,10.799999,0.0,0.0,40940.0,3.9200466,15.11478
2026-04-23 12:00:00+02:00,14.687,7.729527,9.0,0.0,0.0,41100.0,3.0569031,15.216393
2026-04-23 13:00:00+02:00,16.137,7.5942082,9.36,0.0,0.0,41800.0,2.3236039,16.185604
2026-04-23 14:00:00+02:00,17.187,9.83268,11.5199995,0.0,0.0,41900.0,1.0189676,17.423588
2026-04-23 15:00:00+02:00,18.337,10.028439,13.32,0.0,0.0,41920.0,2.453999,15.566816
2026-04-23 16:00:00+02:00,18.837,9.511088,14.759999,0.0,0.0,42240.0,6.1138062,12.051613
2026-04-23 17:00:00+02:00,19.137,9.178235,16.919998,0.0,0.0,42440.0,10.240498,10.606349
2026-04-23 18:00:00+02:00,19.137,3.671294,15.4800005,0.0,0.0,42980.0,12.669665,7.777219
2026-04-23 19:00:00+02:00,18.687,3.319036,6.12,0.0,0.0,42820.0,15.044876,6.939521
2026-04-23 20:00:00+02:00,16.786999,4.510787,7.92,0.0,0.0,40340.0,11.254866,15.909525
2026-04-23 21:00:00+02:00,12.287001,3.9763298,7.5599995,0.0,0.0,35240.0,9.383359,18.599987
2026-04-23 22:00:00+02:00,10.337001,3.96,6.8399997,0.0,0.0,24060.0,8.074956,18.042753
2026-04-23 23:00:00+02:00,8.987,4.1046314,6.12,0.0,0.0,23960.0,8.658227,21.86555
2026-04-24 00:00:00+02:00,8.587001,3.6,6.8399997,0.0,0.0,28940.0,8.253009,21.94469
2026-04-24 01:00:00+02:00,8.937,3.8939953,5.7599998,0.0,0.0,31080.0,3.0569031,16.492132
2026-04-24 02:00:00+02:00,7.937,3.7064266,5.04,0.0,0.0,29340.0,2.0379353,10.624495
2026-04-24 03:00:00+02:00,7.587,2.5455842,4.68,0.0,0.0,27420.0,3.2222586,10.236675
2026-04-24 04:00:00+02:00,7.787,2.5455842,3.96,0.0,0.0,26200.0,6.6350365,8.327425
2026-04-24 05:00:00+02:00,6.987,2.3051248,3.2399998,0.0,0.0,24100.0,9.952556,5.3031745
2026-04-24 06:00:00+02:00,7.387,2.0364676,3.6,0.0,0.0,25720.0,9.515216,4.3448277
2026-04-24 07:00:00+02:00,6.987,0.0,2.16,0.0,0.0,26300.0,10.401459,2.775808
2026-04-24 08:00:00+02:00,7.987,1.0182338,2.16,0.0,0.0,23280.0,12.030725,1.2413791
2026-04-24 09:00:00+02:00,9.737,0.71999997,2.8799999,0.0,0.0,25140.0,14.272824,3.3425157
2026-04-24 10:00:00+02:00,12.737,3.8268526,7.92,0.0,0.0,33560.0,13.495072,4.475857
2026-04-24 11:00:00+02:00,14.937,5.00128,9.72,0.0,0.0,40420.0,7.7602262,4.3889384
2026-04-24 12:00:00+02:00,16.286999,8.4963045,10.08,0.0,0.0,41000.0,1.2889035,4.3889384
2026-04-24 13:00:00+02:00,17.536999,9.220499,10.799999,0.0,0.0,41520.0,2.577807,3.1649084
2026-04-24 14:00:00+02:00,18.687,9.178235,11.879999,0.0,0.0,42620.0,7.5842957,1.387904
2026-04-24 15:00:00+02:00,19.937,8.209263,15.4800005,0.0,0.0,44200.0,10.401459,0.6206896
2026-04-24 16:00:00+02:00,20.587,7.9036193,15.4800005,0.0,0.0,44860.0,11.528303,1.7555753
2026-04-24 17:00:00+02:00,21.137,5.3517847,13.679999,0.0,0.0,48180.0,13.057107,3.6192114
2026-04-24 18:00:00+02:00,20.587,6.638072,12.24,0.0,0.0,49400.0,13.708807,4.5186887
2026-04-24 19:00:00+02:00,19.737,3.96,11.5199995,0.0,0.0,45580.0,13.548821,5.1183376
2026-04-24 20:00:00+02:00,18.337,1.9386592,6.12,0.0,0.0,42720.0,13.670886,3.7241378
2026-04-24 21:00:00+02:00,13.387,4.896529,7.92,0.0,0.0,39380.0,10.035667,4.3889384
2026-04-24 22:00:00+02:00,10.787001,4.3349743,7.92,0.0,0.0,32480.0,6.47666,5.0041595
2026-04-24 23:00:00+02:00,9.187,4.379589,6.8399997,0.0,0.0,35780.0,8.402622,6.598021
2026-04-25 00:00:00+02:00,8.837001,3.8773184,6.8399997,0.0,0.0,38080.0,9.56962,9.164372
2026-04-25 01:00:00+02:00,8.037001,3.6,5.7599998,0.0,0.0,34820.0,7.3053656,10.839878
2026-04-25 02:00:00+02:00,7.387,4.379589,5.3999996,0.0,0.0,35860.0,7.7468357,7.0769506
2026-04-25 03:00:00+02:00,7.337,3.96,6.8399997,0.0,0.0,34160.0,5.506198,9.715329
2026-04-25 04:00:00+02:00,7.087,2.9024127,6.12,0.0,0.0,22120.0,2.278481,11.326523
2026-04-25 05:00:00+02:00,7.137,3.7585104,3.96,0.0,0.0,26960.0,2.3236039,8.327425
2026-04-25 06:00:00+02:00,6.187,1.9386592,6.12,0.0,0.0,31080.0,4.9291077,6.939521
2026-04-25 07:00:00+02:00,7.387,3.0758414,5.04,0.0,0.0,27540.0,2.8820758,6.48019
2026-04-25 08:00:00+02:00,8.887,0.8049845,4.68,0.0,0.0,27840.0,3.3175182,4.3889384
2026-04-25 09:00:00+02:00,13.087001,2.0991426,4.32,0.0,0.0,34760.0,0.9113924,7.4740934
2026-04-25 10:00:00+02:00,15.287001,2.0991426,6.12,0.0,0.0,40040.0,2.0379353,11.711148
2026-04-25 11:00:00+02:00,17.387,4.198285,7.92,0.0,0.0,41740.0,1.8227848,13.093462
2026-04-25 12:00:00+02:00,19.387,5.3517847,10.799999,0.0,0.0,43560.0,6.895935,14.181093
2026-04-25 13:00:00+02:00,21.087,6.618519,12.959999,0.0,0.0,46480.0,11.02182,19.490047
2026-04-25 14:00:00+02:00,21.987,9.0,12.959999,0.0,0.0,47900.0,11.848101,16.433628
2026-04-25 15:00:00+02:00,22.687,13.584932,23.4,0.0,0.0,49560.0,8.84802,10.551724
2026-04-25 16:00:00+02:00,22.587,14.4,24.48,0.0,0.0,49340.0,11.273301,8.068965
2026-04-25 17:00:00+02:00,22.536999,12.24,25.199999,0.0,0.0,48960.0,11.883102,6.7137847
2026-04-25 18:00:00+02:00,22.286999,8.654986,20.16,0.0,0.0,47480.0,11.02182,3.5111506
2026-04-25 19:00:00+02:00,21.536999,4.8965297,14.4,0.0,0.0,45820.0,12.889034,1.387904
2026-04-25 20:00:00+02:00,20.237,3.563818,7.2,0.0,0.0,44240.0,19.31206,3.7755077
2026-04-25 21:00:00+02:00,16.087,2.8116899,6.4799995,0.0,0.0,41420.0,14.482251,5.2667265
2026-04-25 22:00:00+02:00,12.987,5.4119864,9.0,0.0,0.0,40800.0,12.694226,7.4740934
2026-04-25 23:00:00+02:00,11.837001,5.04,8.28,0.0,0.0,40060.0,12.379514,10.678748
2026-04-26 00:00:00+02:00,11.287001,5.0528407,8.28,0.0,0.0,39920.0,9.394418,14.543223
2026-04-26 01:00:00+02:00,10.087001,3.6,7.2,0.0,0.0,37840.0,5.468354,12.241913
2026-04-26 02:00:00+02:00,11.037001,2.5959969,5.04,0.0,0.0,40480.0,5.094838,10.330335
2026-04-26 03:00:00+02:00,10.187,3.396233,4.32,0.0,0.0,39900.0,2.453999,11.444951
2026-04-26 04:00:00+02:00,10.237,3.6179552,4.32,0.0,0.0,39700.0,0.4556962,12.780782
2026-04-26 05:00:00+02:00,9.437,3.96,4.32,0.0,0.0,35400.0,1.0189676,11.189642
2026-04-26 06:00:00+02:00,8.737,3.2399998,3.96,0.0,0.0,36860.0,2.278481,9.931033
2026-04-26 07:00:00+02:00,9.737,3.2599385,4.32,0.0,0.0,32920.0,2.0379353,10.236675
2026-04-26 08:00:00+02:00,10.387,1.08,5.04,0.0,0.0,35300.0,1.8227848,11.41124
2026-04-26 09:00:00+02:00,12.187,1.0182338,4.32,0.0,0.0,37300.0,2.9178793,11.189641
2026-04-26 10:00:00+02:00,14.537001,2.3051248,5.3999996,0.0,0.0,38540.0,3.8667102,9.715329
2026-04-26 11:00:00+02:00,16.637,2.9024127,6.4799995,0.0,0.0,41340.0,4.201311,9.474416
2026-04-26 12:00:00+02:00,17.937,9.693296,11.879999,0.0,0.0,41700.0,1.643036,8.442291
2026-04-26 13:00:00+02:00,19.137,7.5942082,12.24,0.0,0.0,42700.0,2.0379353,8.092802
2026-04-26 14:00:00+02:00,20.337,9.339208,10.799999,0.0,0.0,42840.0,5.506198,1.7555753
2026-04-26 15:00:00+02:00,21.887,7.172949,14.04,0.0,0.0,42940.0,7.3619976,2.5591688
2026-04-26 16:00:00+02:00,22.786999,10.383987,17.64,0.0,0.0,44860.0,5.9240503,4.9655166
2026-04-26 17:00:00+02:00,22.737,12.397806,21.599998,0.0,0.0,45120.0,6.9559,6.48019
2026-04-26 18:00:00+02:00,22.337,10.195057,21.599998,0.0,0.0,44280.0,7.5842957,9.813965
2026-04-26 19:00:00+02:00,21.587,3.7585104,17.64,0.0,0.0,43820.0,7.971428,10.027549
2026-04-26 20:00:00+02:00,20.187,3.396233,5.7599998,0.0,0.0,42860.0,11.618018,6.939521
2026-04-26 21:00:00+02:00,16.786999,1.835647,5.3999996,0.0,0.0,41240.0,10.831774,5.551616
2026-04-26 22:00:00+02:00,13.387,4.73506,7.5599995,0.0,0.0,39760.0,8.646228,7.948705
2026-04-26 23:00:00+02:00,12.487,4.68,7.5599995,0.0,0.0,38820.0,8.753638,7.499821
2026-04-27 00:00:00+02:00,11.987,3.9763298,7.2,0.0,0.0,38960.0,7.205189,8.711794
2026-04-27 01:00:00+02:00,11.637,3.2599385,7.2,0.0,0.0,38400.0,3.67394,9.392738
2026-04-27 02:00:00+02:00,10.187,3.2599385,5.3999996,0.0,0.0,38120.0,6.3960004,10.4046545
2026-04-27 03:00:00+02:00,10.237,3.096837,4.32,0.0,0.0,38960.0,7.34788,11.939204
2026-04-27 04:00:00+02:00,10.887,2.1897945,4.32,0.0,0.0,38540.0,1.8227848,12.4293
2026-04-27 05:00:00+02:00,8.287001,2.9024127,3.2399998,0.0,0.0,36880.0,2.7718916,11.809426
2026-04-27 06:00:00+02:00,9.237,3.219938,4.32,0.0,0.0,34380.0,3.67394,9.950412
2026-04-27 07:00:00+02:00,10.187,1.484318,4.32,0.0,0.0,40240.0,4.488087,6.8557405
2026-04-27 08:00:00+02:00,10.787001,0.5091169,2.52,0.0,0.0,38880.0,5.487309,2.775808
2026-04-27 09:00:00+02:00,12.937,1.484318,3.96,0.0,0.0,37480.0,5.506198,1.8620689
2026-04-27 10:00:00+02:00,15.337001,2.3051248,5.7599998,0.0,0.0,37640.0,3.286072,4.1637125
2026-04-27 11:00:00+02:00,17.337,5.634891,6.8399997,0.0,0.0,40740.0,4.757608,7.238423
2026-04-27 12:00:00+02:00,18.987,9.290511,11.159999,0.0,0.0,41580.0,3.757767,6.6850314
2026-04-27 13:00:00+02:00,19.937,12.031756,15.119999,0.0,0.0,42220.0,1.0189676,8.092802
2026-04-27 14:00:00+02:00,20.987,11.019764,15.119999,0.0,0.0,43000.0,5.3142853,9.474416
2026-04-27 15:00:00+02:00,22.337,9.220499,16.56,0.0,0.0,44600.0,9.294415,11.0510645
2026-04-27 16:00:00+02:00,22.786999,11.808878,19.8,0.0,0.0,46680.0,11.02182,9.454063
2026-04-27 17:00:00+02:00,22.637,10.703569,20.519999,0.0,0.0,47880.0,10.638335,7.900089
2026-04-27 18:00:00+02:00,22.087,7.5599995,19.44,0.0,0.0,48120.0,10.490914,8.068965
2026-04-27 19:00:00+02:00,21.387,4.802999,12.959999,0.0,0.0,46920.0,13.881914,12.051613
2026-04-27 20:00:00+02:00,19.487,3.5455887,7.5599995,0.0,0.0,42560.0,11.618018,18.127962
2026-04-27 21:00:00+02:00,15.987,2.5455842,5.7599998,0.0,0.0,41380.0,8.21518,18.0
2026-04-27 22:00:00+02:00,12.287001,2.1897945,7.5599995,0.0,0.0,38980.0,6.895935,21.546066
2026-04-27 23:00:00+02:00,12.787001,3.8268526,4.32,0.0,0.0,40420.0,3.67394,30.050611
2026-04-28 00:00:00+02:00,12.137,3.219938,6.4799995,0.0,0.0,40500.0,4.57969,32.90241
2026-04-28 01:00:00+02:00,11.487,0.5091169,4.32,0.0,0.0,40300.0,3.9200466,33.769165
2026-04-28 02:00:00+02:00,10.737,3.8939953,3.6,0.0,0.0,40020.0,1.0189676,34.513916
2026-04-28 03:00:00+02:00,9.637,3.9763298,6.8399997,0.0,0.0,38040.0,1.8788835,33.269196
2026-04-28 04:00:00+02:00,10.137,3.7585104,6.12,0.0,0.0,32820.0,2.0379353,33.106678
2026-04-28 05:00:00+02:00,9.037001,4.802999,6.12,0.0,0.0,30620.0,4.488087,27.709465
2026-04-28 06:00:00+02:00,9.487,3.319036,8.28,0.0,0.0,26180.0,2.3236039,17.914183
2026-04-28 07:00:00+02:00,10.187,1.484318,5.3999996,0.0,0.0,28620.0,2.278481,17.256958
2026-04-28 08:00:00+02:00,12.087001,2.7416782,6.4799995,0.0,0.0,38740.0,5.543783,18.672342
2026-04-28 09:00:00+02:00,14.987,4.0249224,8.64,0.0,0.0,38380.0,2.278481,12.241913
2026-04-28 10:00:00+02:00,15.987,6.638072,11.159999,0.0,0.0,39940.0,4.0758705,13.612786
2026-04-28 11:00:00+02:00,16.387,3.8268526,8.64,0.0,0.0,40240.0,5.094838,11.444951
2026-04-28 12:00:00+02:00,15.837001,7.8954163,12.24,0.0,0.1,38020.0,4.9291077,14.922391
2026-04-28 13:00:00+02:00,16.587,4.3349743,9.72,0.0,0.2,39340.0,3.6455696,29.086447
2026-04-28 14:00:00+02:00,17.887,2.0991426,7.2,0.0,0.1,40940.0,3.6455696,28.307802
2026-04-28 15:00:00+02:00,19.137,6.297428,7.5599995,0.0,0.0,41680.0,1.8788835,25.987556
2026-04-28 16:00:00+02:00,17.987,10.195057,14.759999,0.0,0.0,41040.0,8.646228,18.877537
2026-04-28 17:00:00+02:00,16.937,3.5455887,14.4,14.0,0.1,16140.0,11.171529,16.70105
2026-04-28 18:00:00+02:00,16.437,3.096837,10.799999,23.0,0.1,22560.0,14.899244,7.5764823
2026-04-28 19:00:00+02:00,14.937,3.8268526,6.8399997,47.0,1.9,7980.0,18.733494,14.153901
2026-04-28 20:00:00+02:00,13.587001,2.0364676,6.4799995,45.0,2.9,9180.0,10.677303,11.9230585
2026-04-28 21:00:00+02:00,12.787001,0.35999998,7.5599995,55.0,2.5,17800.0,6.47666,17.773846
2026-04-28 22:00:00+02:00,12.437,2.5959969,3.96,66.0,1.7,11980.0,3.1898732,16.804535
2026-04-28 23:00:00+02:00,12.287001,1.484318,5.7599998,61.0,2.7,3180.0,2.453999,23.635157
2026-04-29 00:00:00+02:00,11.687,3.6,5.3999996,52.0,0.8,3320.0,5.8357587,33.769165
2026-04-29 01:00:00+02:00,11.237,2.5455842,5.3999996,15.0,0.0,9580.0,10.754816,30.050611
2026-04-29 02:00:00+02:00,11.287001,4.198285,6.12,0.0,0.0,19460.0,9.612922,28.980291
2026-04-29 03:00:00+02:00,11.237,2.5455842,7.2,0.0,0.0,21660.0,7.1327734,24.143152
2026-04-29 04:00:00+02:00,10.587001,2.16,3.6,0.0,0.0,15800.0,5.709857,23.7652
2026-04-29 05:00:00+02:00,11.037001,1.4399999,2.16,37.0,0.0,25940.0,3.3175182,21.085184
2026-04-29 06:00:00+02:00,10.937,3.5455887,5.3999996,21.0,0.0,22720.0,5.506198,19.49005
2026-04-29 07:00:00+02:00,10.937,1.0182338,4.68,16.0,0.0,24480.0,5.3142853,16.77011
2026-04-29 08:00:00+02:00,12.187,0.5091169,2.52,0.0,0.0,25100.0,7.7334204,16.292364
2026-04-29 09:00:00+02:00,13.187,3.6179552,7.2,0.0,0.0,21280.0,10.599223,13.152178
2026-04-29 10:00:00+02:00,15.137,3.8268526,7.5599995,0.0,0.0,26540.0,13.548821,10.236675
2026-04-29 11:00:00+02:00,15.987,6.193674,10.440001,31.0,0.0,27720.0,9.7416725,8.281033
2026-04-29 12:00:00+02:00,17.487,4.6800003,9.72,5.0,0.0,35080.0,7.958391,5.8883786
2026-04-29 13:00:00+02:00,18.487,8.0899935,10.08,0.0,0.0,37380.0,5.6366506,5.1183376
2026-04-29 14:00:00+02:00,18.687,6.28713,14.4,0.0,0.0,38560.0,2.7718916,10.98112
2026-04-29 15:00:00+02:00,19.737,7.7043357,10.08,3.0,0.0,39960.0,2.7718916,10.330335
2026-04-29 16:00:00+02:00,19.887,7.8954163,14.4,0.0,0.0,39840.0,6.330734,5.5862064
2026-04-29 17:00:00+02:00,18.087,8.4042845,13.679999,0.0,0.1,9140.0,10.638334,1.8620689
2026-04-29 18:00:00+02:00,17.887,6.6185193,11.5199995,0.0,0.5,38480.0,14.272824,8.092802
2026-04-29 19:00:00+02:00,18.087,1.0182338,11.5199995,0.0,0.0,38340.0,5.993747,13.739551
2026-04-29 20:00:00+02:00,17.286999,2.0364676,5.7599998,0.0,0.0,34180.0,4.57969,9.454063
2026-04-29 21:00:00+02:00,14.787001,3.0758414,5.7599998,0.0,0.0,26320.0,2.453999,10.330335
2026-04-29 22:00:00+02:00,11.937,4.68,7.5599995,19.0,0.0,9920.0,5.9240503,10.274241
2026-04-29 23:00:00+02:00,11.787001,2.6208394,7.2,0.0,0.0,20060.0,9.227144,11.776757
2026-04-30 00:00:00+02:00,10.887,4.73506,7.5599995,33.0,0.0,10820.0,6.835443,9.655664
2026-04-30 01:00:00+02:00,10.887,3.319036,8.28,0.0,0.0,18360.0,7.7468348,12.795844
2026-04-30 02:00:00+02:00,11.187,2.9024127,6.4799995,0.0,0.0,24380.0,7.418196,10.551724
2026-04-30 03:00:00+02:00,10.787001,3.7585104,7.2,0.0,0.0,26580.0,8.670211,7.777219
2026-04-30 04:00:00+02:00,10.687,1.2979984,5.3999996,3.0,0.0,28100.0,6.198138,6.6850314
2026-04-30 05:00:00+02:00,10.537001,2.9024127,3.2399998,77.0,0.0,30020.0,9.612922,4.3889384
2026-04-30 06:00:00+02:00,10.537001,0.5091169,4.32,39.0,0.0,29320.0,7.515534,4.3889384
2026-04-30 07:00:00+02:00,10.537001,1.4399999,2.8799999,56.0,0.0,29780.0,7.1327734,5.0041595
2026-04-30 08:00:00+02:00,11.187,2.968636,1.4399999,58.0,0.0,28960.0,8.151741,4.1637125
2026-04-30 09:00:00+02:00,13.087001,3.0758414,6.12,0.0,0.0,29880.0,12.2276125,5.00416
2026-04-30 10:00:00+02:00,14.587001,5.8048253,10.799999,0.0,0.0,36820.0,17.441916,5.7224755
2026-04-30 11:00:00+02:00,15.087001,9.449572,16.56,0.0,0.0,39300.0,12.065196,7.5764823
2026-04-30 12:00:00+02:00,16.137,8.913181,13.679999,0.0,0.0,39720.0,7.958391,7.0769506
2026-04-30 13:00:00+02:00,17.237,10.703569,13.32,0.0,0.0,40380.0,2.577807,7.4482756
2026-04-30 14:00:00+02:00,18.036999,5.95906,12.959999,0.0,0.0,40600.0,7.34788,9.037377
2026-04-30 15:00:00+02:00,19.237,7.289445,14.4,0.0,0.0,40880.0,12.133847,5.8883786
2026-04-30 16:00:00+02:00,20.137,3.8773184,13.32,0.0,0.0,41120.0,12.44643,5.00416
2026-04-30 17:00:00+02:00,20.237,6.9153743,11.159999,0.0,0.0,41160.0,11.618018,3.1649084
2026-04-30 18:00:00+02:00,20.087,5.6233797,12.599999,0.0,0.0,41400.0,15.493671,3.1034482
2026-04-30 19:00:00+02:00,19.536999,3.219938,10.440001,0.0,0.0,41120.0,15.318443,3.1034482
2026-04-30 20:00:00+02:00,18.137,4.379589,8.64,11.0,0.0,40180.0,14.155951,5.2667265
2026-04-30 21:00:00+02:00,14.887,5.506941,10.08,0.0,0.0,37080.0,8.753638,2.5591688
2026-04-30 22:00:00+02:00,12.887,3.096837,8.64,0.0,0.0,28160.0,7.78694,0.87778765
2026-04-30 23:00:00+02:00,12.587001,3.2399998,5.7599998,0.0,0.0,34140.0,7.971428,3.1034482
2026-05-01 00:00:00+02:00,12.237,1.9386592,5.3999996,0.0,0.0,34760.0,6.9559,4.8477407
2026-05-01 01:00:00+02:00,12.287001,2.1897945,3.6,0.0,0.0,35980.0,5.195736,5.1183376
2026-05-01 02:00:00+02:00,10.687,2.9024127,2.8799999,0.0,0.0,33020.0,1.8788835,8.1638975
2026-05-01 03:00:00+02:00,10.587001,1.484318,4.32,0.0,0.0,33600.0,0.64445174,6.8557405
2026-05-01 04:00:00+02:00,9.987,2.5455842,2.52,0.0,0.0,33740.0,0.0,6.8557405
2026-05-01 05:00:00+02:00,8.737,1.2979984,3.96,0.0,0.0,28560.0,2.0379353,8.777877
2026-05-01 06:00:00+02:00,8.887,1.2979984,2.16,17.0,0.0,30000.0,3.757767,7.0769506
2026-05-01 07:00:00+02:00,9.137,1.08,2.16,32.0,0.0,30920.0,4.6916795,4.475857
2026-05-01 08:00:00+02:00,9.887,1.835647,2.52,0.0,0.0,30820.0,8.377872,5.1183376
2026-05-01 09:00:00+02:00,12.037001,1.8,4.68,0.0,0.0,31980.0,11.012396,3.3425157
2026-05-01 10:00:00+02:00,14.087001,3.7064266,7.92,0.0,0.0,37520.0,10.411436,3.9743526
2026-05-01 11:00:00+02:00,15.687,6.792466,11.159999,0.0,0.0,40420.0,4.9291077,4.1637125
2026-05-01 12:00:00+02:00,16.837,8.209263,9.72,0.0,0.0,40900.0,0.4556962,6.390391
2026-05-01 13:00:00+02:00,18.337,7.653705,10.08,0.0,0.0,41520.0,3.2222586,6.7137847
2026-05-01 14:00:00+02:00,19.087,5.634891,12.599999,0.0,0.0,41860.0,8.377872,8.622896
2026-05-01 15:00:00+02:00,19.937,4.3498964,11.5199995,0.0,0.0,42040.0,9.383359,11.711148
2026-05-01 16:00:00+02:00,20.887,3.8939953,9.0,0.0,0.0,42360.0,10.599223,15.11478
2026-05-01 17:00:00+02:00,21.036999,3.396233,9.0,0.0,0.0,42740.0,11.883102,15.861018
2026-05-01 18:00:00+02:00,20.937,2.0364676,7.5599995,0.0,0.0,43520.0,11.883102,18.042753
2026-05-01 19:00:00+02:00,20.536999,0.8049845,4.32,0.0,0.0,43080.0,12.039351,16.884583
2026-05-01 20:00:00+02:00,19.437,1.0182338,2.16,0.0,0.0,41760.0,13.246578,12.367153
2026-05-01 21:00:00+02:00,17.087,2.2768397,3.96,0.0,0.0,40080.0,10.638334,9.813965
2026-05-01 22:00:00+02:00,12.987,4.5536795,7.2,0.0,0.0,34840.0,5.9240503,10.839878
2026-05-01 23:00:00+02:00,11.337001,3.2599385,6.4799995,0.0,0.0,25000.0,3.67394,11.711148
2026-05-02 00:00:00+02:00,10.737,2.1897945,5.04,7.0,0.0,25200.0,6.6350365,12.051613
2026-05-02 01:00:00+02:00,12.087001,3.96,7.2,18.0,0.0,30860.0,4.6916795,9.813965
2026-05-02 02:00:00+02:00,10.887,3.6179552,5.7599998,7.0,0.0,27400.0,1.3670886,13.6692705
2026-05-02 03:00:00+02:00,10.687,3.4152596,5.7599998,0.0,0.0,31440.0,5.506198,12.915714
2026-05-02 04:00:00+02:00,10.237,2.4149535,5.3999996,0.0,0.0,28140.0,5.709857,10.678748
2026-05-02 05:00:00+02:00,9.737,3.0758414,3.6,0.0,0.0,29480.0,8.561753,12.735487
2026-05-02 06:00:00+02:00,9.237,4.0249224,6.12,0.0,0.0,28000.0,8.765491,8.350525
2026-05-02 07:00:00+02:00,9.387,1.4399999,5.7599998,0.0,0.0,27720.0,10.240498,7.900089
2026-05-02 08:00:00+02:00,11.287001,2.0364676,4.32,0.0,0.0,26280.0,12.636843,5.339374
2026-05-02 09:00:00+02:00,13.437,0.5091169,4.32,0.0,0.0,30700.0,12.969341,3.1649084
2026-05-02 10:00:00+02:00,16.337,1.8,4.68,0.0,0.0,38880.0,13.152184,3.7241378
2026-05-02 11:00:00+02:00,18.637,2.968636,7.2,0.0,0.0,41720.0,12.159491,8.689655
2026-05-02 12:00:00+02:00,20.437,6.9247384,12.24,0.0,0.0,42400.0,9.666777,11.172413
2026-05-02 13:00:00+02:00,20.737,11.808878,14.4,0.0,0.0,40860.0,8.646228,12.568007
2026-05-02 14:00:00+02:00,21.137,13.830749,17.28,0.0,0.0,41520.0,4.57969,12.051613
2026-05-02 15:00:00+02:00,21.487,11.246759,18.72,0.0,0.0,42080.0,8.402622,13.0492525
2026-05-02 16:00:00+02:00,22.087,7.24486,16.56,0.0,0.0,42220.0,12.039351,11.809426
2026-05-02 17:00:00+02:00,22.286999,4.829907,13.679999,0.0,0.0,41960.0,12.108149,15.216393
2026-05-02 18:00:00+02:00,22.187,4.32,9.0,0.0,0.0,42160.0,11.618018,14.529971
2026-05-02 19:00:00+02:00,21.637,2.968636,7.5599995,0.0,0.0,41580.0,9.815996,15.95788
2026-05-02 20:00:00+02:00,20.387,4.3349743,5.04,0.0,0.0,40840.0,10.189676,19.725824
2026-05-02 21:00:00+02:00,18.087,2.52,6.12,0.0,0.0,40540.0,9.227144,24.452335
2026-05-02 22:00:00+02:00,16.036999,1.609969,3.96,12.0,0.0,39520.0,9.784211,27.792759
2026-05-02 23:00:00+02:00,14.487,0.8049845,2.8799999,0.0,0.0,38420.0,1.643036,32.77923
2026-05-03 00:00:00+02:00,13.287001,0.8049845,3.6,0.0,0.0,38120.0,11.031237,20.938503
2026-05-03 01:00:00+02:00,12.937,3.9763298,7.5599995,0.0,0.0,38820.0,14.723995,17.522804
2026-05-03 02:00:00+02:00,12.637,3.5455887,5.7599998,0.0,0.0,38760.0,23.85342,18.91831
2026-05-03 03:00:00+02:00,13.137,1.609969,8.28,0.0,0.0,38500.0,25.665043,24.483826
2026-05-03 04:00:00+02:00,11.887,5.4833565,8.28,0.0,0.0,35360.0,20.019539,19.716057
2026-05-03 05:00:00+02:00,13.237,4.802999,10.440001,0.0,0.0,37400.0,20.11784,22.898315
2026-05-03 06:00:00+02:00,12.337001,2.7416782,16.56,0.0,0.0,33160.0,26.828085,28.335009
2026-05-03 07:00:00+02:00,13.387,1.1384199,6.12,0.0,0.0,36960.0,22.948275,26.718508
2026-05-03 08:00:00+02:00,13.437,1.8,6.4799995,0.0,0.0,34580.0,27.311375,27.931032
2026-05-03 09:00:00+02:00,14.237,2.2768397,8.28,0.0,0.0,30660.0,23.431826,23.59437
2026-05-03 10:00:00+02:00,16.187,2.1897945,5.3999996,0.0,0.0,37540.0,27.542301,24.928242
2026-05-03 11:00:00+02:00,18.337,8.089993,5.3999996,0.0,0.0,40260.0,25.100548,26.948225
2026-05-03 12:00:00+02:00,18.786999,11.212135,24.84,0.0,0.0,40620.0,27.74138,33.93419
2026-05-03 13:00:00+02:00,19.987,14.05845,23.759998,0.0,0.0,41200.0,21.45163,26.718508
2026-05-03 14:00:00+02:00,18.437,16.981165,32.039997,0.0,0.0,42560.0,6.572144,14.329733
2026-05-03 15:00:00+02:00,17.187,7.7879906,24.84,37.0,0.5,40600.0,9.612922,24.734306
2026-05-03 16:00:00+02:00,18.286999,1.2979984,12.24,0.0,0.0,40720.0,12.396276,29.507248
2026-05-03 17:00:00+02:00,17.737,10.883676,18.0,0.0,0.0,41340.0,9.350104,21.185438
2026-05-03 18:00:00+02:00,16.687,6.87779,17.64,2.0,0.1,40500.0,5.993747,29.218596
2026-05-03 19:00:00+02:00,16.437,3.0758414,11.159999,0.0,0.0,40840.0,3.67394,27.48611
2026-05-03 20:00:00+02:00,15.637,2.4149535,5.04,0.0,0.0,38500.0,5.155614,32.210144
2026-05-03 21:00:00+02:00,14.837001,4.198285,7.5599995,0.0,0.0,37140.0,6.970812,30.024958
2026-05-03 22:00:00+02:00,11.987,3.219938,6.8399997,0.0,0.0,16600.0,5.195736,27.792759
2026-05-03 23:00:00+02:00,11.387,5.904439,11.5199995,0.0,0.0,20000.0,11.715913,23.757093
2026-05-04 00:00:00+02:00,11.687,3.563818,8.28,0.0,0.0,29180.0,13.049152,21.546066
2026-05-04 01:00:00+02:00,10.737,4.510787,6.4799995,0.0,0.0,23140.0,19.631992,18.877537
2026-05-04 02:00:00+02:00,11.237,3.9763298,6.8399997,0.0,0.0,30340.0,20.323235,15.628565
2026-05-04 03:00:00+02:00,11.687,1.9386592,6.4799995,0.0,0.0,27780.0,24.800928,21.076046
2026-05-04 04:00:00+02:00,10.787001,5.3517847,9.0,70.0,0.0,1160.0,4.201311,31.776642
2026-05-04 05:00:00+02:00,11.187,3.2399998,9.36,56.0,0.0,9540.0,18.766718,24.238705
2026-05-04 06:00:00+02:00,11.487,2.4149535,5.04,57.0,0.0,18540.0,18.788836,18.713562
2026-05-04 07:00:00+02:00,11.237,3.96,5.3999996,0.0,0.0,21900.0,10.189676,18.713562
2026-05-04 08:00:00+02:00,11.887,1.835647,7.92,0.0,0.0,15220.0,21.041126,18.785477
2026-05-04 09:00:00+02:00,12.737,1.2979984,5.3999996,0.0,0.0,17560.0,21.911358,21.112574
2026-05-04 10:00:00+02:00,14.687,2.0991426,5.04,0.0,0.0,24580.0,22.884842,21.076046
2026-05-04 11:00:00+02:00,15.887,9.885262,20.880001,0.0,0.0,31260.0,28.388811,25.326874
2026-05-04 12:00:00+02:00,16.036999,13.755579,24.84,9.0,0.0,33660.0,16.934494,25.020798
2026-05-04 13:00:00+02:00,15.637,13.044722,26.28,61.0,0.0,34680.0,2.8820758,31.465965
2026-05-04 14:00:00+02:00,15.337001,14.003028,23.4,32.0,0.4,24180.0,8.062088,32.299725
2026-05-04 15:00:00+02:00,14.887,10.739832,25.919998,87.0,0.6,32540.0,8.402622,38.271946
2026-05-04 16:00:00+02:00,14.037001,10.703569,19.8,81.0,0.0,27940.0,5.506198,40.843075
2026-05-04 17:00:00+02:00,12.937,13.783817,20.880001,93.0,0.1,14080.0,10.391472,34.188675
2026-05-04 18:00:00+02:00,13.087001,5.1165614,23.4,75.0,0.0,19540.0,10.004581,33.59187
2026-05-04 19:00:00+02:00,13.137,3.8939953,6.8399997,75.0,1.4,12340.0,21.615568,34.160492
2026-05-04 20:00:00+02:00,12.787001,0.8049845,7.5599995,3.0,1.3,15860.0,25.753891,26.105885
2026-05-04 21:00:00+02:00,11.937,2.52,3.96,9.0,0.1,9480.0,29.672785,21.330421
2026-05-04 22:00:00+02:00,11.087001,3.5455887,6.4799995,80.0,0.0,620.0,27.269524,22.593443
2026-05-04 23:00:00+02:00,10.487,2.7416782,5.3999996,89.0,0.0,280.0,38.1943,21.997295
2026-05-05 00:00:00+02:00,10.287001,3.8773184,6.12,95.0,0.0,160.0,40.374786,21.212698
2026-05-05 01:00:00+02:00,9.687,4.0249224,7.92,100.0,0.0,140.0,41.814934,21.185438
2026-05-05 02:00:00+02:00,9.837001,0.5091169,9.36,89.0,0.0,320.0,36.054756,30.22956
2026-05-05 03:00:00+02:00,9.987,1.609969,7.2,100.0,0.0,100.0,25.7982,33.367477
2026-05-05 04:00:00+02:00,10.287001,4.5536795,7.2,91.0,0.0,260.0,11.92671,33.871685
2026-05-05 05:00:00+02:00,10.587001,4.3349743,8.28,89.0,0.1,580.0,6.835443,37.86207
2026-05-05 06:00:00+02:00,11.037001,1.2979984,6.4799995,88.0,0.3,6920.0,9.994198,38.36746
2026-05-05 07:00:00+02:00,11.087001,2.9024127,4.68,81.0,0.3,2720.0,4.844117,40.819485
2026-05-05 08:00:00+02:00,11.337001,5.00128,6.12,76.0,0.4,1380.0,13.655687,33.72921
2026-05-05 09:00:00+02:00,11.887,3.6,7.5599995,41.0,0.5,3540.0,30.616545,25.831429
2026-05-05 10:00:00+02:00,13.487,0.5091169,5.3999996,0.0,0.1,20200.0,26.418589,20.265303
2026-05-05 11:00:00+02:00,13.637,10.195057,14.04,8.0,0.0,24180.0,24.813482,22.965515
2026-05-05 12:00:00+02:00,13.537001,11.966954,20.880001,62.0,0.0,20800.0,20.302786,21.830282
2026-05-05 13:00:00+02:00,13.437,14.113652,24.84,74.0,0.0,19720.0,6.0797453,18.26558
2026-05-05 14:00:00+02:00,13.037001,8.891343,25.199999,82.0,0.4,21260.0,7.866535,22.422277
2026-05-05 15:00:00+02:00,13.537001,3.096837,16.199999,73.0,0.7,27780.0,4.6916795,25.273579
2026-05-05 16:00:00+02:00,13.687,8.905908,19.08,0.0,1.5,22700.0,15.086228,47.841442
2026-05-05 17:00:00+02:00,15.037001,7.145796,19.44,0.0,0.0,32500.0,10.035667,43.15467
2026-05-05 18:00:00+02:00,15.987,5.3999996,9.72,0.0,0.0,35200.0,6.524576,41.405163
2026-05-05 19:00:00+02:00,14.887,9.021574,14.759999,42.0,0.0,29600.0,2.453999,34.780777
2026-05-05 20:00:00+02:00,13.537001,5.4119864,15.4800005,57.0,0.1,27700.0,1.643036,28.880415
2026-05-05 21:00:00+02:00,12.587001,2.8799999,10.08,83.0,0.1,24040.0,2.453999,33.769165
2026-05-05 22:00:00+02:00,12.087001,5.3517847,9.0,65.0,0.1,21060.0,4.57969,22.973904
2026-05-05 23:00:00+02:00,11.887,6.9527545,12.24,58.0,2.0,13680.0,20.236195,23.7652
2026-05-06 00:00:00+02:00,11.537001,5.0528407,10.440001,47.0,0.4,15500.0,14.155951,23.950901
2026-05-06 01:00:00+02:00,10.787001,4.8433046,9.0,0.0,0.0,24160.0,5.8000655,15.329903
2026-05-06 02:00:00+02:00,9.337001,3.6179552,6.8399997,21.0,0.0,10520.0,2.6571426,24.175043
2026-05-06 03:00:00+02:00,8.537001,2.968636,7.2,63.0,0.0,1340.0,4.201311,26.948225
2026-05-06 04:00:00+02:00,8.337001,3.396233,6.4799995,40.0,0.0,7480.0,5.941551,23.190878
2026-05-06 05:00:00+02:00,7.887,2.5455842,5.7599998,71.0,0.0,840.0,10.802979,15.95788
2026-05-06 06:00:00+02:00,8.487,1.4399999,3.6,0.0,0.0,18920.0,11.501252,18.074755
2026-05-06 07:00:00+02:00,8.937,4.3349743,6.12,39.0,0.0,28320.0,6.895935,15.628565
2026-05-06 08:00:00+02:00,9.087001,3.096837,6.12,53.0,0.0,20300.0,11.4288025,25.20489
2026-05-06 09:00:00+02:00,10.237,0.71999997,5.7599998,32.0,0.3,22840.0,8.215179,36.28779
2026-05-06 10:00:00+02:00,11.487,2.3051248,5.04,77.0,0.1,27240.0,5.333787,38.881138
2026-05-06 11:00:00+02:00,10.737,4.3349743,16.199999,92.0,0.5,8240.0,9.580464,29.565943
2026-05-06 12:00:00+02:00,11.387,1.484318,5.04,67.0,1.3,22780.0,3.67394,40.464016
2026-05-06 13:00:00+02:00,11.787001,11.966953,20.519999,68.0,0.1,28980.0,2.3236039,43.89816
2026-05-06 14:00:00+02:00,11.537001,16.263872,20.880001,97.0,0.0,25700.0,1.2889035,49.922123
2026-05-06 15:00:00+02:00,12.537001,7.8954163,26.28,94.0,0.0,33000.0,5.333787,43.946407
2026-05-06 16:00:00+02:00,12.537001,12.620554,25.199999,86.0,0.0,32000.0,9.482423,35.341175
2026-05-06 17:00:00+02:00,12.787001,4.6102495,22.68,96.0,0.3,33800.0,9.394418,43.629665
2026-05-06 18:00:00+02:00,13.287001,4.802999,8.64,59.0,0.0,36400.0,4.556962,36.00535
2026-05-06 19:00:00+02:00,13.137,5.3517847,10.08,8.0,0.0,37320.0,2.453999,29.441893
2026-05-06 20:00:00+02:00,12.187,3.396233,10.799999,11.0,0.0,30140.0,3.286072,31.034481
2026-05-06 21:00:00+02:00,10.187,5.3517847,8.64,29.0,0.0,24000.0,5.155614,34.74199
2026-05-06 22:00:00+02:00,8.687,4.198285,9.72,0.0,0.0,20680.0,5.8357587,33.75205
2026-05-06 23:00:00+02:00,7.687,5.04,5.7599998,23.0,0.0,12800.0,3.89347,40.119793
2026-05-07 00:00:00+02:00,8.437,3.4152596,9.0,39.0,0.0,21720.0,1.4410379,37.529915
2026-05-07 01:00:00+02:00,8.387,3.319036,5.3999996,12.0,0.0,18040.0,2.3236039,32.495934
2026-05-07 02:00:00+02:00,8.587001,2.16,5.04,51.0,0.1,16200.0,1.4410379,31.330996
2026-05-07 03:00:00+02:00,8.387,4.8433046,7.5599995,48.0,0.0,11640.0,6.9559,31.404686
2026-05-07 04:00:00+02:00,7.937,3.219938,8.28,48.0,0.1,8920.0,11.926711,24.780989
2026-05-07 05:00:00+02:00,7.387,3.396233,3.96,53.0,0.0,3180.0,6.572144,21.402544
2026-05-07 06:00:00+02:00,7.137,3.8773184,7.5599995,48.0,0.0,17940.0,0.4556962,16.884583
2026-05-07 07:00:00+02:00,7.537,2.5455842,6.8399997,17.0,0.0,19100.0,1.643036,14.153901
2026-05-07 08:00:00+02:00,8.987,1.2979984,2.8799999,37.0,0.0,8960.0,4.0758705,13.268828
2026-05-07 09:00:00+02:00,10.987,0.35999998,6.12,0.0,0.0,26020.0,3.0569031,8.886923
2026-05-07 10:00:00+02:00,12.987,2.0991426,5.3999996,0.0,0.0,29940.0,3.4704785,6.939521
2026-05-07 11:00:00+02:00,14.487,2.5455842,5.04,0.0,0.0,39160.0,4.1265044,3.6192114
2026-05-07 12:00:00+02:00,15.887,6.6087217,7.92,0.0,0.0,40400.0,1.8788835,11.776757
2026-05-07 13:00:00+02:00,16.036999,12.738099,16.56,0.0,0.0,39760.0,0.9113924,14.543223
2026-05-07 14:00:00+02:00,16.687,14.529915,18.72,0.0,0.0,40860.0,2.3236039,18.454428
2026-05-07 15:00:00+02:00,16.587,12.4811535,22.319998,8.0,0.0,41000.0,5.941551,18.454428
2026-05-07 16:00:00+02:00,14.937,8.39657,24.48,35.0,0.5,37620.0,8.513107,23.7652
2026-05-07 17:00:00+02:00,16.737,9.793058,10.440001,41.0,0.0,40780.0,7.7602262,19.311329
2026-05-07 18:00:00+02:00,16.437,8.28,17.64,59.0,0.0,40720.0,9.15938,21.724138
2026-05-07 19:00:00+02:00,15.987,4.5820518,14.04,54.0,0.0,40220.0,9.580464,23.090988
2026-05-07 20:00:00+02:00,15.437,5.1919937,7.2,30.0,0.0,40600.0,9.215885,22.729446
2026-05-07 21:00:00+02:00,13.037001,5.0528407,9.0,12.0,0.0,39680.0,5.543783,20.141356
2026-05-07 22:00:00+02:00,10.437,5.506941,9.36,0.0,0.0,33460.0,3.67394,22.014801
2026-05-07 23:00:00+02:00,9.087001,3.671294,8.28,0.0,0.0,26560.0,2.0379353,24.718725
2026-05-08 00:00:00+02:00,8.737,3.9763298,6.12,0.0,0.0,23380.0,1.0189676,23.7652
2026-05-08 01:00:00+02:00,8.487,2.9024127,5.7599998,0.0,0.0,25280.0,2.0379353,20.74441
2026-05-08 02:00:00+02:00,7.887,3.2399998,4.32,0.0,0.0,24360.0,2.453999,20.141356
2026-05-08 03:00:00+02:00,7.787,2.6208394,6.8399997,0.0,0.0,25500.0,3.67394,18.423088
2026-05-08 04:00:00+02:00,7.487,1.8,3.96,0.0,0.0,25500.0,2.3236039,15.824544
2026-05-08 05:00:00+02:00,8.087001,2.5455842,2.52,0.0,0.0,31680.0,1.8788835,15.824544
2026-05-08 06:00:00+02:00,9.037001,3.2399998,4.68,24.0,0.0,35340.0,2.0379353,10.857635
2026-05-08 07:00:00+02:00,7.987,2.8799999,5.04,0.0,0.0,27800.0,4.201311,10.839878
2026-05-08 08:00:00+02:00,10.287001,3.0758414,3.96,0.0,0.0,26960.0,8.753638,10.624495
2026-05-08 09:00:00+02:00,13.087001,1.1384199,3.96,0.0,0.0,37900.0,11.02182,10.714764
2026-05-08 10:00:00+02:00,14.837001,1.5273507,5.3999996,0.0,0.0,38560.0,10.240498,12.475707
2026-05-08 11:00:00+02:00,16.587,5.8048253,8.64,0.0,0.0,40680.0,7.4739733,14.714402
2026-05-08 12:00:00+02:00,17.737,8.854829,10.799999,0.0,0.0,39560.0,7.3053656,13.152178
2026-05-08 13:00:00+02:00,18.587,12.538134,15.84,0.0,0.0,40960.0,4.323114,13.268828
2026-05-08 14:00:00+02:00,19.187,10.948973,15.84,0.0,0.0,41440.0,1.0189676,12.4911375
2026-05-08 15:00:00+02:00,19.786999,5.8603754,14.04,0.0,0.0,42180.0,3.757767,13.166815
2026-05-08 16:00:00+02:00,19.137,11.792404,25.919998,0.0,0.0,41560.0,8.21518,13.0492525
2026-05-08 17:00:00+02:00,19.087,3.319036,16.56,15.0,0.1,39500.0,8.402622,19.430658
2026-05-08 18:00:00+02:00,18.987,2.5959969,15.84,0.0,0.0,40580.0,12.312233,15.11478
2026-05-08 19:00:00+02:00,17.387,4.896529,11.879999,0.0,0.0,39960.0,6.47666,6.939521
2026-05-08 20:00:00+02:00,16.337,4.0249224,13.679999,0.0,0.7,36780.0,13.548821,15.517241
2026-05-08 21:00:00+02:00,14.737,5.00128,9.72,5.0,0.1,35060.0,8.670211,18.877537
2026-05-08 22:00:00+02:00,14.187,4.5820518,7.92,3.0,1.8,14400.0,10.520564,18.672342
2026-05-08 23:00:00+02:00,13.437,3.7585104,10.440001,0.0,1.6,33860.0,4.201311,13.398848
2026-05-09 00:00:00+02:00,11.487,3.8773184,8.28,0.0,0.0,18680.0,7.78694,12.4293
2026-05-09 01:00:00+02:00,11.387,5.00128,7.92,0.0,0.0,23640.0,8.11344,14.714402
2026-05-09 02:00:00+02:00,10.337001,3.8939953,8.28,52.0,0.3,2640.0,7.0743074,11.0510645
2026-05-09 03:00:00+02:00,10.587001,2.7416782,7.2,54.0,0.0,1840.0,7.1327734,8.442291
2026-05-09 04:00:00+02:00,10.637,4.1046314,6.8399997,0.0,0.0,20460.0,5.487309,10.008319
2026-05-09 05:00:00+02:00,10.087001,3.2599385,7.2,0.0,0.0,20380.0,9.858215,11.41124
2026-05-09 06:00:00+02:00,9.037001,2.6208394,4.32,10.0,0.0,10540.0,11.883102,10.00832
2026-05-09 07:00:00+02:00,8.987,2.3051248,4.32,54.0,0.0,980.0,12.44643,10.027549
2026-05-09 08:00:00+02:00,11.587001,1.8,5.7599998,0.0,0.0,19920.0,10.401459,9.715329
2026-05-09 09:00:00+02:00,13.637,1.5273507,4.32,0.0,0.0,27220.0,13.456546,11.939203
2026-05-09 10:00:00+02:00,15.887,1.609969,4.32,0.0,0.0,35520.0,13.049152,11.394346
2026-05-09 11:00:00+02:00,17.387,6.439876,10.799999,0.0,0.0,39020.0,11.208644,13.152178
2026-05-09 12:00:00+02:00,18.286999,7.42159,14.04,0.0,0.0,38820.0,7.515534,13.196042
2026-05-09 13:00:00+02:00,19.487,8.4963045,9.72,0.0,0.0,40520.0,6.347113,12.051613
2026-05-09 14:00:00+02:00,20.937,10.00256,9.72,0.0,0.0,40980.0,2.9178793,11.809426
2026-05-09 15:00:00+02:00,22.036999,7.9036193,12.959999,0.0,0.0,41380.0,3.67394,16.71258
2026-05-09 16:00:00+02:00,22.687,10.383987,14.4,0.0,0.0,41700.0,4.556962,16.492132
2026-05-09 17:00:00+02:00,22.237,8.534353,20.16,0.0,0.0,41540.0,5.709857,16.71258
2026-05-09 18:00:00+02:00,21.587,5.95906,15.119999,0.0,0.0,41300.0,10.599223,17.78468
2026-05-09 19:00:00+02:00,21.637,4.802999,10.799999,0.0,0.0,41600.0,11.124962,19.390963
2026-05-09 20:00:00+02:00,20.637,1.8,7.5599995,0.0,0.0,41120.0,11.282507,19.430658
2026-05-09 21:00:00+02:00,19.036999,2.5455842,3.2399998,0.0,0.0,39820.0,11.02182,21.86555
2026-05-09 22:00:00+02:00,15.737,4.68,6.4799995,19.0,0.0,37580.0,7.5842957,22.379284
2026-05-09 23:00:00+02:00,14.887,3.7585104,7.5599995,0.0,0.0,37340.0,2.0379353,22.76332
2026-05-10 00:00:00+02:00,13.787001,2.9024127,7.2,0.0,0.0,36220.0,9.394418,18.877537
2026-05-10 01:00:00+02:00,12.837001,3.4152596,5.3999996,0.0,0.0,36780.0,17.32245,19.832952
2026-05-10 02:00:00+02:00,13.037001,2.2768397,6.12,0.0,0.0,37540.0,21.920834,23.364658
2026-05-10 03:00:00+02:00,12.237,0.0,3.2399998,0.0,0.0,37060.0,30.21716,27.225573
2026-05-10 04:00:00+02:00,12.637,2.52,3.2399998,0.0,0.0,39060.0,35.87287,27.225573
2026-05-10 05:00:00+02:00,13.487,3.671294,7.2,0.0,0.0,40080.0,33.868988,25.816511
2026-05-10 06:00:00+02:00,12.037001,4.2136917,8.64,0.0,0.0,38420.0,32.209694,29.611515
2026-05-10 07:00:00+02:00,12.837001,3.4152596,6.8399997,0.0,0.0,38420.0,29.3491,26.660769
2026-05-10 08:00:00+02:00,13.587001,2.9024127,6.4799995,8.0,0.0,39680.0,19.360386,20.103062
2026-05-10 09:00:00+02:00,15.237,2.9024127,9.72,16.0,0.0,35400.0,24.156197,37.760178
2026-05-10 10:00:00+02:00,16.437,5.904439,10.440001,26.0,0.0,37320.0,18.964846,39.432114
2026-05-10 11:00:00+02:00,16.786999,12.594856,20.880001,16.0,0.0,35920.0,16.43036,37.57608
2026-05-10 12:00:00+02:00,17.137,11.885453,22.68,2.0,0.0,36680.0,14.192577,42.87703
2026-05-10 13:00:00+02:00,17.637,11.019764,20.880001,38.0,0.0,38180.0,7.205189,44.19118
2026-05-10 14:00:00+02:00,16.437,13.830749,28.8,5.0,0.0,34320.0,3.67394,26.098505
2026-05-10 15:00:00+02:00,15.687,8.534353,24.48,49.0,1.8,30380.0,3.5591009,25.020798
2026-05-10 16:00:00+02:00,15.637,9.1641035,12.599999,48.0,0.0,28060.0,2.6571426,37.375618
2026-05-10 17:00:00+02:00,15.537001,6.489992,14.4,42.0,0.3,27580.0,2.9178793,35.87672
2026-05-10 18:00:00+02:00,15.587001,4.8433046,12.599999,44.0,0.0,31440.0,3.3175182,39.588127
2026-05-10 19:00:00+02:00,15.087001,2.8116899,10.440001,47.0,0.0,31920.0,5.3142853,33.866
2026-05-10 20:00:00+02:00,14.237,3.671294,6.12,23.0,0.0,25500.0,9.482423,43.470436
2026-05-10 21:00:00+02:00,13.087001,5.815978,10.08,7.0,0.0,17340.0,10.802979,39.61245
2026-05-10 22:00:00+02:00,12.137,0.8049845,9.36,0.0,0.0,19760.0,9.125309,37.83662
2026-05-10 23:00:00+02:00,12.087001,3.9763298,7.92,3.0,0.9,15900.0,7.3053656,31.330996
2026-05-11 00:00:00+02:00,12.687,3.6179552,16.919998,54.0,0.1,18360.0,7.291139,29.857687
2026-05-11 01:00:00+02:00,12.537001,4.3349743,9.72,18.0,1.6,18620.0,10.870049,29.179018
2026-05-11 02:00:00+02:00,12.637,3.2399998,9.36,49.0,0.4,27680.0,3.2222586,38.241734
2026-05-11 03:00:00+02:00,12.837001,4.379589,10.440001,69.0,1.4,14860.0,22.221907,12.051613
2026-05-11 04:00:00+02:00,12.687,8.4042845,18.0,12.0,1.5,36520.0,5.8357587,38.781925
2026-05-11 05:00:00+02:00,11.237,6.297428,16.919998,12.0,0.2,24640.0,6.198138,36.70475
2026-05-11 06:00:00+02:00,10.387,5.771239,10.08,26.0,0.0,20600.0,7.515534,35.00712
2026-05-11 07:00:00+02:00,10.187,5.692099,8.64,64.0,0.1,15460.0,6.7744107,28.335009
2026-05-11 08:00:00+02:00,10.837001,5.4119864,11.879999,86.0,1.7,7960.0,13.402427,40.843075
2026-05-11 09:00:00+02:00,13.237,2.7416782,12.599999,31.0,1.0,32860.0,17.352394,54.41222
2026-05-11 10:00:00+02:00,15.737,3.319036,5.7599998,57.0,0.0,41040.0,21.110098,43.65174
2026-05-11 11:00:00+02:00,13.837001,14.332341,33.48,79.0,0.0,36360.0,12.065196,52.174862
2026-05-11 12:00:00+02:00,13.637,12.475961,28.08,26.0,1.4,24280.0,27.75261,49.421864
2026-05-11 13:00:00+02:00,15.287001,10.086427,36.0,56.0,0.1,39800.0,17.32245,47.80922
2026-05-11 14:00:00+02:00,16.036999,14.386494,16.56,58.0,0.0,40540.0,13.285712,51.90836
2026-05-11 15:00:00+02:00,15.937,12.496719,36.0,65.0,0.0,40580.0,11.715913,55.533516
2026-05-11 16:00:00+02:00,14.037001,8.161764,37.079998,100.0,0.8,7800.0,13.739071,47.77294
2026-05-11 17:00:00+02:00,14.487,12.641076,21.24,66.0,1.8,39500.0,16.587591,53.98573
2026-05-11 18:00:00+02:00,15.537001,13.513193,28.44,4.0,0.0,40580.0,21.615568,51.633022
2026-05-11 19:00:00+02:00,14.237,4.3349743,21.599998,0.0,0.2,38800.0,28.311901,49.693947
2026-05-11 20:00:00+02:00,11.887,7.2359104,29.88,100.0,1.3,11740.0,10.9461975,53.252853
2026-05-11 21:00:00+02:00,11.187,4.1046314,11.5199995,100.0,3.1,21860.0,21.591537,57.43979
2026-05-11 22:00:00+02:00,10.837001,4.6800003,8.64,100.0,1.0,22040.0,22.661438,47.756817
2026-05-11 23:00:00+02:00,10.237,2.968636,10.440001,100.0,0.9,20520.0,6.970812,45.31034
2026-05-12 00:00:00+02:00,9.837001,2.1897945,11.159999,100.0,3.3,14300.0,6.6350365,49.670685
2026-05-12 01:00:00+02:00,9.487,12.72283,20.16,100.0,3.7,24060.0,16.124176,44.76717
2026-05-12 02:00:00+02:00,8.137,14.4,23.039999,100.0,1.5,14720.0,12.039351,43.466003
2026-05-12 03:00:00+02:00,7.337,9.83268,23.4,100.0,2.8,23100.0,15.2777195,48.69151
2026-05-12 04:00:00+02:00,6.787,7.5685663,17.28,97.0,0.7,22320.0,12.897088,56.486164
2026-05-12 05:00:00+02:00,6.337,6.8777895,12.24,75.0,0.3,26760.0,12.767628,66.146416
2026-05-12 06:00:00+02:00,6.037,6.638072,12.24,39.0,0.0,23440.0,14.410378,49.65905
2026-05-12 07:00:00+02:00,6.237,4.198285,9.36,39.0,0.0,25220.0,14.47508,44.938957
2026-05-12 08:00:00+02:00,7.487,2.0364676,7.2,68.0,0.0,22400.0,12.108149,41.34464
2026-05-12 09:00:00+02:00,8.437,3.7585104,10.08,79.0,0.4,27300.0,21.42257,33.64344
2026-05-12 10:00:00+02:00,9.737,3.8268526,10.799999,77.0,0.0,35720.0,13.057107,30.87268
2026-05-12 11:00:00+02:00,10.437,4.2136917,9.72,93.0,0.0,39040.0,15.713261,27.43701
2026-05-12 12:00:00+02:00,11.487,5.0911684,11.879999,88.0,0.0,40560.0,11.273301,29.487658
2026-05-12 13:00:00+02:00,12.287001,5.634891,12.599999,53.0,0.0,40640.0,5.8357587,32.281826
2026-05-12 14:00:00+02:00,12.637,9.360001,11.159999,82.0,0.0,40660.0,4.323114,30.922554
2026-05-12 15:00:00+02:00,13.187,12.10157,15.84,9.0,0.0,41080.0,9.752324,24.143152
2026-05-12 16:00:00+02:00,13.287001,11.384198,16.199999,47.0,0.0,42020.0,11.715913,23.95894
2026-05-12 17:00:00+02:00,13.737,9.957108,17.64,62.0,0.0,43300.0,10.599223,16.71258
2026-05-12 18:00:00+02:00,13.637,8.209263,14.04,0.0,0.0,43040.0,7.78694,14.714402
2026-05-12 19:00:00+02:00,12.887,7.42159,16.919998,2.0,0.0,41860.0,6.6350365,13.781546
2026-05-12 20:00:00+02:00,12.187,2.7416782,11.159999,0.0,0.0,41460.0,3.0569031,16.102081
2026-05-12 21:00:00+02:00,9.787001,3.7585104,6.4799995,0.0,0.0,40480.0,4.57969,15.861018
2026-05-12 22:00:00+02:00,6.837,3.9763298,8.28,0.0,0.0,36820.0,6.3960004,12.735487
2026-05-12 23:00:00+02:00,6.537,3.6179552,6.12,0.0,0.0,34240.0,4.0758705,14.072007
2026-05-13 00:00:00+02:00,6.487,2.9024127,5.04,0.0,0.0,32780.0,1.2889035,13.781546
2026-05-13 01:00:00+02:00,7.137,2.4149535,3.96,0.0,0.0,37440.0,3.8667102,9.813965
2026-05-13 02:00:00+02:00,7.987,2.6208394,3.2399998,0.0,0.0,37260.0,1.0189676,9.454063
2026-05-13 03:00:00+02:00,7.637,1.835647,3.2399998,0.0,0.0,35120.0,2.3236039,8.886923
2026-05-13 04:00:00+02:00,7.237,1.484318,1.8,0.0,0.0,34840.0,2.9178793,10.5517235
2026-05-13 05:00:00+02:00,7.487,0.5091169,3.96,24.0,0.0,38000.0,6.524576,13.166815
2026-05-13 06:00:00+02:00,7.687,2.968636,4.68,64.0,0.0,38160.0,5.487309,18.713562
2026-05-13 07:00:00+02:00,7.137,3.4152596,4.68,38.0,0.0,30240.0,5.506198,22.482334
2026-05-13 08:00:00+02:00,8.787001,1.2979984,6.12,7.0,0.0,29260.0,3.89347,24.897316
2026-05-13 09:00:00+02:00,10.487,1.1384199,3.96,21.0,0.0,39040.0,7.205189,25.448275
2026-05-13 10:00:00+02:00,12.287001,9.449572,16.56,6.0,0.0,40400.0,5.195736,24.835342
2026-05-13 11:00:00+02:00,13.137,13.1041975,17.64,0.0,0.0,41120.0,5.487309,23.040882
2026-05-13 12:00:00+02:00,13.737,14.145756,25.56,0.0,0.0,41400.0,9.666777,28.659466
2026-05-13 13:00:00+02:00,14.637,10.636766,25.56,0.0,0.0,42560.0,9.079681,29.960732
2026-05-13 14:00:00+02:00,15.187,14.04,18.72,0.0,0.0,42040.0,13.776805,31.63082
2026-05-13 15:00:00+02:00,15.887,12.413476,24.84,0.0,0.0,42100.0,15.311664,36.541702
2026-05-13 16:00:00+02:00,16.637,7.6367526,23.759998,66.0,0.0,42440.0,9.022324,41.265358
2026-05-13 17:00:00+02:00,15.637,14.264361,24.119999,34.0,0.0,42200.0,13.285712,41.405163
2026-05-13 18:00:00+02:00,15.987,11.269782,25.56,7.0,0.0,42740.0,11.85686,39.65619
2026-05-13 19:00:00+02:00,15.337001,7.6367526,19.44,0.0,0.0,41860.0,28.37418,36.430836
2026-05-13 20:00:00+02:00,14.487,9.693296,11.5199995,0.0,0.0,42720.0,38.551468,38.186287
2026-05-13 21:00:00+02:00,12.987,8.913181,16.199999,0.0,0.0,42640.0,36.11231,38.482754
2026-05-13 22:00:00+02:00,10.637,6.489992,13.679999,0.0,0.0,40180.0,35.46827,51.63675
2026-05-13 23:00:00+02:00,11.587001,13.746156,16.56,4.0,0.6,40920.0,31.732294,55.02125
2026-05-14 00:00:00+02:00,11.237,5.0528407,20.880001,96.0,0.3,23700.0,20.587181,55.7447
2026-05-14 01:00:00+02:00,10.637,5.4477882,12.959999,50.0,1.3,39480.0,11.124962,60.62457
2026-05-14 02:00:00+02:00,9.037001,3.319036,11.879999,100.0,0.8,38220.0,5.562481,49.65905
2026-05-14 03:00:00+02:00,8.687,1.609969,8.28,81.0,0.8,36300.0,10.240498,47.372078
2026-05-14 04:00:00+02:00,7.837,2.52,7.5599995,59.0,0.6,24960.0,11.124962,51.633022
2026-05-14 05:00:00+02:00,7.837,6.830519,5.7599998,60.0,0.4,34400.0,15.587208,53.89645
2026-05-14 06:00:00+02:00,7.187,3.396233,10.440001,77.0,0.0,32540.0,11.926711,52.052883
2026-05-14 07:00:00+02:00,7.087,5.0528407,7.5599995,63.0,0.0,29140.0,12.0307255,52.813354
2026-05-14 08:00:00+02:00,9.937,5.8048253,9.36,50.0,0.0,38560.0,10.240498,46.930866
2026-05-14 09:00:00+02:00,11.187,11.631956,19.44,63.0,0.0,39560.0,5.9240503,40.344826
2026-05-14 10:00:00+02:00,11.387,10.829959,19.8,67.0,0.0,38680.0,6.7744107,39.99958
2026-05-14 11:00:00+02:00,9.587001,14.707222,31.68,96.0,0.2,36060.0,9.215885,55.948204
2026-05-14 12:00:00+02:00,9.937,15.034041,26.64,85.0,0.0,35060.0,7.418196,55.862064
2026-05-14 13:00:00+02:00,10.887,10.00256,35.28,60.0,0.0,38640.0,5.195736,49.41407
2026-05-14 14:00:00+02:00,11.187,8.534353,30.239998,90.0,0.0,39500.0,4.488087,48.350086
2026-05-14 15:00:00+02:00,9.887,13.441071,27.359999,100.0,0.8,7340.0,11.671517,37.785675
2026-05-14 16:00:00+02:00,9.487,10.483357,24.48,91.0,3.1,25820.0,11.419714,52.21177
2026-05-14 17:00:00+02:00,10.087001,10.823973,22.68,100.0,0.2,39060.0,12.969341,48.667767
2026-05-14 18:00:00+02:00,9.337001,10.829959,27.72,89.0,1.4,38100.0,9.666777,56.62921
2026-05-14 19:00:00+02:00,10.537001,5.04,17.64,18.0,0.0,39600.0,7.418196,31.25713
2026-05-14 20:00:00+02:00,8.837001,9.290511,7.5599995,73.0,0.0,13260.0,11.02182,41.66025
2026-05-14 21:00:00+02:00,8.287001,5.4833565,17.64,78.0,0.4,38660.0,4.907998,42.470776
2026-05-14 22:00:00+02:00,6.037,2.968636,6.8399997,61.0,0.0,24700.0,0.9113924,41.157852
2026-05-14 23:00:00+02:00,5.637,0.35999998,6.12,51.0,0.0,16000.0,3.4704785,43.346184
2026-05-15 00:00:00+02:00,5.687,5.3999996,8.64,45.0,0.0,28360.0,2.278481,38.960327
2026-05-15 01:00:00+02:00,5.487,4.5820518,9.0,56.0,0.0,31120.0,3.4704785,33.59187
2026-05-15 02:00:00+02:00,5.537,3.4152596,5.3999996,66.0,0.0,25240.0,2.6571426,34.89689
2026-05-15 03:00:00+02:00,5.037,1.484318,5.3999996,63.0,0.0,23060.0,0.4556962,31.189268
2026-05-15 04:00:00+02:00,5.037,3.8773184,4.68,91.0,0.0,25540.0,3.0569031,22.249796
2026-05-15 05:00:00+02:00,5.787,1.835647,6.8399997,95.0,0.0,18640.0,5.6366506,18.999592
2026-05-15 06:00:00+02:00,6.137,1.835647,3.2399998,87.0,0.3,17380.0,5.941551,17.167427
2026-05-15 07:00:00+02:00,6.337,1.484318,3.96,99.0,0.4,12920.0,7.6388597,10.180067
2026-05-15 08:00:00+02:00,6.537,3.0547013,11.159999,96.0,1.2,17620.0,11.830561,6.6850314
2026-05-15 09:00:00+02:00,6.837,6.151683,10.440001,93.0,0.8,19020.0,9.113924,3.9743526
2026-05-15 10:00:00+02:00,6.787,5.495161,12.959999,95.0,0.6,22280.0,9.079681,4.7270317
2026-05-15 11:00:00+02:00,6.437,3.8939953,14.759999,100.0,0.9,12800.0,15.318443,5.551616
2026-05-15 12:00:00+02:00,7.037,2.1897945,6.4799995,100.0,1.0,17500.0,16.316214,11.0510645
2026-05-15 13:00:00+02:00,8.237,3.0758414,7.92,90.0,0.5,34100.0,14.410378,13.283339
2026-05-15 14:00:00+02:00,8.737,3.7585104,14.04,54.0,0.2,33360.0,14.236403,15.025306
2026-05-15 15:00:00+02:00,9.187,11.298495,17.28,67.0,0.1,36020.0,10.628571,14.044602
2026-05-15 16:00:00+02:00,9.237,10.587917,18.72,83.0,0.0,34420.0,11.254866,13.166815
2026-05-15 17:00:00+02:00,9.637,8.161764,18.72,47.0,0.0,37620.0,14.787324,14.181093
2026-05-15 18:00:00+02:00,8.837001,10.495713,21.24,41.0,0.0,36080.0,17.22628,14.948187
2026-05-15 19:00:00+02:00,8.487,4.73506,16.919998,49.0,0.1,31960.0,17.958132,18.074755
2026-05-15 20:00:00+02:00,7.837,4.3349743,10.08,23.0,0.0,34240.0,16.91609,19.400894
2026-05-15 21:00:00+02:00,6.787,3.396233,6.4799995,39.0,0.0,29660.0,8.987734,16.292364
2026-05-15 22:00:00+02:00,5.687,1.1384199,6.12,55.0,0.0,25180.0,10.754816,15.95788
2026-05-15 23:00:00+02:00,6.787,2.9024127,2.8799999,86.0,0.2,29680.0,12.44643,18.516953
2026-05-16 00:00:00+02:00,6.387,2.968636,5.04,100.0,0.4,21460.0,14.47508,20.331732
2026-05-16 01:00:00+02:00,6.487,0.5091169,3.6,99.0,0.6,23000.0,18.599998,18.516953
2026-05-16 02:00:00+02:00,6.187,2.8116899,7.5599995,100.0,0.4,19180.0,20.404812,15.329903
2026-05-16 03:00:00+02:00,5.737,1.8,6.12,98.0,0.1,16580.0,16.712313,15.861018
2026-05-16 04:00:00+02:00,5.787,1.0182338,4.68,100.0,0.1,20380.0,15.949366,16.952896
2026-05-16 05:00:00+02:00,5.487,1.0182338,6.12,83.0,0.1,8640.0,11.02182,18.908127
2026-05-16 06:00:00+02:00,5.437,4.1046314,6.12,96.0,1.0,1980.0,5.468354,16.13793
2026-05-16 07:00:00+02:00,6.137,4.73506,11.159999,77.0,1.2,29260.0,4.1265044,15.329903
2026-05-16 08:00:00+02:00,6.637,3.8773184,11.5199995,40.0,0.2,20160.0,4.844117,11.0510645
2026-05-16 09:00:00+02:00,7.437,4.802999,9.36,43.0,0.3,28540.0,4.6916795,10.027549
2026-05-16 10:00:00+02:00,7.137,10.630672,14.4,47.0,0.1,27700.0,2.7718916,11.545494
2026-05-16 11:00:00+02:00,7.337,12.984975,15.119999,88.0,0.2,29820.0,2.9178793,14.999642
2026-05-16 12:00:00+02:00,7.537,6.151683,20.519999,81.0,0.2,30040.0,7.7602262,14.329733
2026-05-16 13:00:00+02:00,9.137,6.1305785,11.5199995,86.0,0.2,36340.0,8.36547,13.948265
2026-05-16 14:00:00+02:00,9.387,2.9024127,12.24,71.0,0.0,37420.0,8.84802,13.626929
2026-05-16 15:00:00+02:00,10.737,3.319036,7.2,49.0,0.0,39360.0,6.1307654,15.329903
2026-05-16 16:00:00+02:00,11.537001,8.427383,15.119999,38.0,0.0,39960.0,6.198138,16.327795
2026-05-16 17:00:00+02:00,11.337001,9.339208,14.04,63.0,0.0,40580.0,8.074956,9.164372
2026-05-16 18:00:00+02:00,11.187,7.5170207,13.32,43.0,0.0,40920.0,6.970812,8.951714
2026-05-16 19:00:00+02:00,10.537001,5.8603754,11.159999,71.0,0.0,40100.0,5.9240503,14.003396
2026-05-16 20:00:00+02:00,9.987,5.904439,10.799999,33.0,0.0,38480.0,5.993747,15.41761
2026-05-16 21:00:00+02:00,8.937,3.8268526,11.159999,10.0,0.0,39960.0,4.9291077,17.167427
2026-05-16 22:00:00+02:00,6.587,4.1046314,6.4799995,0.0,0.0,34040.0,3.5591009,11.103232
2026-05-16 23:00:00+02:00,4.887,4.379589,6.12,0.0,0.0,23580.0,2.278481,8.327425
2026-05-17 00:00:00+02:00,4.237,4.379589,4.68,0.0,0.0,22160.0,1.8788835,7.948705
2026-05-17 01:00:00+02:00,4.237,3.396233,5.3999996,0.0,0.0,29980.0,0.4556962,5.7224755
2026-05-17 02:00:00+02:00,3.587,3.671294,5.04,0.0,0.0,27220.0,1.8227848,5.0041595
2026-05-17 03:00:00+02:00,3.737,2.9024127,5.3999996,0.0,0.0,34300.0,1.0189676,5.0041595
2026-05-17 04:00:00+02:00,2.987,2.6208394,4.32,0.0,0.0,31560.0,2.6571426,6.2068963
2026-05-17 05:00:00+02:00,2.337,2.6208394,3.96,0.0,0.0,30240.0,2.278481,9.950412
2026-05-17 06:00:00+02:00,2.237,4.0249224,3.96,0.0,0.0,30000.0,1.0189676,9.331011
2026-05-17 07:00:00+02:00,2.737,2.4149535,4.68,0.0,0.0,26760.0,3.5591009,6.8557405
2026-05-17 08:00:00+02:00,5.787,2.4149535,3.2399998,0.0,0.0,30680.0,4.6472077,9.494725
2026-05-17 09:00:00+02:00,9.287001,1.1384199,3.6,0.0,0.0,39780.0,4.907998,9.227215
2026-05-17 10:00:00+02:00,10.687,1.484318,4.32,0.0,0.0,40180.0,4.101266,10.330335
2026-05-17 11:00:00+02:00,12.287001,4.3498964,5.3999996,0.0,0.0,41420.0,2.8820758,11.776757
2026-05-17 12:00:00+02:00,13.687,10.163227,11.879999,0.0,0.0,42000.0,2.278481,14.922391
2026-05-17 13:00:00+02:00,13.787001,12.218805,16.199999,0.0,0.0,41540.0,4.201311,17.077427
2026-05-17 14:00:00+02:00,14.837001,15.072783,15.84,0.0,0.0,42220.0,2.3236039,13.556066
2026-05-17 15:00:00+02:00,14.887,15.349684,23.039999,16.0,0.0,41960.0,4.2990294,12.795844
2026-05-17 16:00:00+02:00,15.387,14.512064,21.96,0.0,0.0,42180.0,4.907998,18.0
2026-05-17 17:00:00+02:00,15.487,13.979872,22.68,0.0,0.0,42240.0,5.094838,25.455843
2026-05-17 18:00:00+02:00,15.537001,9.885262,19.44,0.0,0.0,42220.0,4.844117,24.333883
2026-05-17 19:00:00+02:00,14.837001,9.72,16.919998,0.0,0.0,41820.0,5.195736,28.966991
2026-05-17 20:00:00+02:00,14.437,4.3498964,14.4,0.0,0.0,41380.0,2.3236039,30.470741
2026-05-17 21:00:00+02:00,11.537001,5.692099,10.440001,0.0,0.0,40960.0,1.2889035,31.921795
2026-05-17 22:00:00+02:00,9.487,5.634891,10.08,0.0,0.0,40020.0,3.286072,31.65517
2026-05-17 23:00:00+02:00,8.887,5.6920996,9.72,0.0,0.0,39920.0,2.3236039,37.044304
2026-05-18 00:00:00+02:00,8.387,5.4119864,9.0,0.0,0.0,39720.0,2.7718916,35.138927
2026-05-18 01:00:00+02:00,8.037001,2.9024127,8.28,0.0,0.0,39800.0,1.0189676,34.137928
2026-05-18 02:00:00+02:00,7.937,5.0142193,4.32,0.0,0.0,39360.0,3.9200466,31.238638
2026-05-18 03:00:00+02:00,7.937,4.0249224,8.28,0.0,0.0,39240.0,4.907998,30.772688
2026-05-18 04:00:00+02:00,7.387,1.4399999,5.7599998,0.0,0.0,38260.0,3.2222586,28.980291
2026-05-18 05:00:00+02:00,7.687,4.896529,6.8399997,0.0,0.0,38200.0,0.64445174,32.281826
2026-05-18 06:00:00+02:00,7.987,4.5536795,7.2,0.0,0.0,36700.0,3.2222586,32.667385
2026-05-18 07:00:00+02:00,8.787001,2.3051248,8.64,4.0,0.0,35540.0,1.4410379,27.338541
2026-05-18 08:00:00+02:00,9.737,1.5273507,4.68,38.0,0.3,36120.0,3.89347,25.113012
2026-05-18 09:00:00+02:00,11.187,3.319036,6.8399997,53.0,0.0,35120.0,2.8820758,25.69685
2026-05-18 10:00:00+02:00,12.237,0.8049845,5.04,58.0,0.1,36180.0,2.734177,28.212376
2026-05-18 11:00:00+02:00,11.387,3.2599385,6.8399997,98.0,0.5,33180.0,6.1138062,33.797676
2026-05-18 12:00:00+02:00,12.587001,2.5959969,8.28,79.0,0.0,33940.0,5.941551,38.632633
2026-05-18 13:00:00+02:00,13.587001,2.9024127,9.0,46.0,0.1,36320.0,6.3797464,36.255924
2026-05-18 14:00:00+02:00,14.487,5.495161,16.919998,39.0,0.0,39780.0,9.784211,37.83662
2026-05-18 15:00:00+02:00,15.787001,4.73506,11.159999,44.0,0.0,40620.0,3.89347,37.30856
2026-05-18 16:00:00+02:00,15.787001,12.031756,18.0,55.0,0.0,40060.0,5.094838,31.312546
2026-05-18 17:00:00+02:00,13.537001,13.684735,39.6,60.0,0.0,36900.0,8.074956,28.102917
2026-05-18 18:00:00+02:00,13.087001,5.1919937,22.319998,59.0,0.1,37420.0,10.599223,21.357496
2026-05-18 19:00:00+02:00,12.787001,6.9247384,19.44,57.0,0.1,36060.0,12.133847,16.292364
2026-05-18 20:00:00+02:00,12.287001,1.2979984,17.64,6.0,0.1,35300.0,5.195736,25.136013
2026-05-18 21:00:00+02:00,10.787001,5.315336,11.879999,25.0,0.0,31260.0,0.4556962,16.65485
2026-05-18 22:00:00+02:00,8.837001,3.6179552,6.4799995,0.0,0.0,20760.0,3.5591009,16.952896
2026-05-18 23:00:00+02:00,9.287001,5.8603754,10.08,50.0,0.6,27460.0,1.8227848,19.271389
2026-05-19 00:00:00+02:00,8.337001,6.28713,10.440001,19.0,0.0,20940.0,1.4410379,10.551724
2026-05-19 01:00:00+02:00,6.287,4.452954,10.08,54.0,0.0,2940.0,3.2222586,9.6356945
2026-05-19 02:00:00+02:00,5.387,5.0142193,6.4799995,69.0,0.0,780.0,4.556962,11.939204
2026-05-19 03:00:00+02:00,4.937,3.9763298,7.5599995,75.0,0.0,420.0,3.0569031,11.172413
2026-05-19 04:00:00+02:00,4.587,3.671294,5.7599998,74.0,0.0,460.0,1.0189676,10.624495
2026-05-19 05:00:00+02:00,4.387,4.0249224,5.04,72.0,0.0,540.0,4.1265044,4.9655166
2026-05-19 06:00:00+02:00,4.387,3.2599385,6.4799995,70.0,0.0,540.0,4.6472077,4.1637125
2026-05-19 07:00:00+02:00,5.037,2.9024127,5.3999996,72.0,0.0,360.0,3.4704785,5.6205835
2026-05-19 08:00:00+02:00,7.787,2.0364676,4.32,0.0,0.0,16060.0,3.286072,8.068965
2026-05-19 09:00:00+02:00,10.687,1.609969,3.96,0.0,0.0,30580.0,6.3960004,9.715329
2026-05-19 10:00:00+02:00,12.187,3.0547013,6.12,0.0,0.0,32700.0,4.757608,12.226168
2026-05-19 11:00:00+02:00,13.587001,3.7585104,6.8399997,0.0,0.0,38760.0,2.278481,15.355014
2026-05-19 12:00:00+02:00,14.637,7.2,7.92,0.0,0.0,38580.0,2.6571426,15.566816
2026-05-19 13:00:00+02:00,15.137,8.14587,10.08,0.0,0.0,39580.0,0.9113924,19.040104
2026-05-19 14:00:00+02:00,15.037001,10.464797,9.36,4.0,0.0,39700.0,2.453999,24.103226
2026-05-19 15:00:00+02:00,14.187,10.1887,17.64,0.0,0.0,39360.0,1.8227848,27.653793
2026-05-19 16:00:00+02:00,14.937,3.219938,16.56,23.0,0.1,40660.0,2.7718916,36.192112
2026-05-19 17:00:00+02:00,15.537001,2.5959969,5.7599998,13.0,0.0,41440.0,3.6455696,32.383106
2026-05-19 18:00:00+02:00,15.987,5.0911684,9.0,0.0,0.0,41460.0,2.9178793,29.179014
2026-05-19 19:00:00+02:00,15.587001,4.452954,10.08,0.0,0.0,41280.0,3.286072,26.40668
2026-05-19 20:00:00+02:00,14.837001,6.6185193,8.28,0.0,0.0,41140.0,2.0379353,25.478533
2026-05-19 21:00:00+02:00,13.337001,3.0547013,9.72,0.0,0.0,39980.0,2.0379353,23.265514
2026-05-19 22:00:00+02:00,11.187,3.671294,5.3999996,0.0,0.0,35540.0,3.67394,21.103449
2026-05-19 23:00:00+02:00,11.237,5.0911684,6.8399997,0.0,0.0,34660.0,7.4739733,18.096056
2026-05-20 00:00:00+02:00,10.387,4.0249224,7.92,0.0,0.0,30480.0,8.062088,14.948187
2026-05-20 01:00:00+02:00,10.937,2.5959969,6.8399997,0.0,0.0,33260.0,6.347113,14.329733
2026-05-20 02:00:00+02:00,12.137,1.4399999,10.440001,38.0,0.4,35700.0,9.227144,17.167427
2026-05-20 03:00:00+02:00,11.887,5.00128,14.04,2.0,1.5,29960.0,9.079681,33.597603
2026-05-20 04:00:00+02:00,11.487,1.08,6.4799995,0.0,0.0,24960.0,4.488087,34.137928
2026-05-20 05:00:00+02:00,11.337001,1.8,5.7599998,41.0,0.1,25580.0,3.2222586,29.059942
2026-05-20 06:00:00+02:00,11.037001,3.7585104,7.92,39.0,1.4,23940.0,5.094838,34.941025
2026-05-20 07:00:00+02:00,11.387,3.319036,5.04,50.0,0.2,24460.0,6.572144,31.994127
2026-05-20 08:00:00+02:00,12.587001,2.3051248,4.32,56.0,0.0,23240.0,4.0758705,28.612377
2026-05-20 09:00:00+02:00,13.987,1.8,8.28,59.0,0.0,28280.0,2.278481,23.635157
2026-05-20 10:00:00+02:00,15.387,3.096837,6.12,2.0,0.0,30580.0,3.286072,23.04088
2026-05-20 11:00:00+02:00,17.286999,6.638072,11.879999,40.0,0.0,34040.0,1.4410379,21.357496
2026-05-20 12:00:00+02:00,18.036999,9.585739,16.919998,0.0,0.0,37480.0,1.2889035,22.249796
2026-05-20 13:00:00+02:00,18.637,14.565548,21.599998,0.0,0.0,38560.0,4.57969,20.632677
2026-05-20 14:00:00+02:00,19.587,12.904882,21.96,39.0,0.0,39980.0,7.971428,22.014801
2026-05-20 15:00:00+02:00,20.437,10.948973,18.359999,0.0,0.0,40440.0,10.974618,21.230852
2026-05-20 16:00:00+02:00,20.786999,12.397806,19.44,0.0,0.0,41140.0,14.192577,22.593443
2026-05-20 17:00:00+02:00,21.137,6.5693827,18.72,0.0,0.0,41500.0,11.987494,20.293798
2026-05-20 18:00:00+02:00,21.237,5.3999996,11.5199995,0.0,0.0,42820.0,9.580464,19.987747
2026-05-20 19:00:00+02:00,20.286999,8.4042845,14.4,0.0,0.0,41900.0,11.85686,19.120867
2026-05-20 20:00:00+02:00,19.187,6.1305785,14.4,0.0,0.0,41180.0,9.215885,19.871765
2026-05-20 21:00:00+02:00,16.786999,3.7064266,9.36,4.0,0.0,40320.0,11.528303,22.379284
2026-05-20 22:00:00+02:00,13.387,3.6179552,6.4799995,0.0,0.0,39460.0,5.487309,27.792759
2026-05-20 23:00:00+02:00,12.037001,4.1046314,6.8399997,0.0,0.0,36320.0,7.7602262,25.273579
2026-05-21 00:00:00+02:00,11.637,3.219938,7.2,0.0,0.0,36040.0,7.7468348,24.452335
2026-05-21 01:00:00+02:00,10.737,3.4152596,5.3999996,0.0,0.0,33600.0,6.347113,23.59437
2026-05-21 02:00:00+02:00,9.737,3.219938,5.3999996,0.0,0.0,33280.0,4.6472077,21.679756
2026-05-21 03:00:00+02:00,9.537001,2.6208394,5.3999996,0.0,0.0,34140.0,3.1898732,22.965515
2026-05-21 04:00:00+02:00,9.587001,2.2768397,3.96,0.0,0.0,33320.0,2.6571426,22.593443
2026-05-21 05:00:00+02:00,9.237,2.1897945,3.2399998,0.0,0.0,31460.0,2.3236039,21.330421
2026-05-21 06:00:00+02:00,9.137,2.6208394,3.6,0.0,0.0,32800.0,4.556962,19.862066
2026-05-21 07:00:00+02:00,9.487,1.609969,2.8799999,0.0,0.0,31740.0,7.971428,19.251385
2026-05-21 08:00:00+02:00,11.437,1.484318,3.6,0.0,0.0,23960.0,8.753638,18.170418
2026-05-21 09:00:00+02:00,14.137,0.8049845,3.6,0.0,0.0,36220.0,8.11344,17.478779
2026-05-21 10:00:00+02:00,16.536999,1.8,5.04,0.0,0.0,38500.0,6.572144,16.492132
2026-05-21 11:00:00+02:00,18.337,3.396233,7.5599995,0.0,0.0,41100.0,7.0889688,16.433628
2026-05-21 12:00:00+02:00,19.837,4.198285,9.0,0.0,0.0,41480.0,6.728273,13.879042
2026-05-21 13:00:00+02:00,21.137,8.217153,10.08,0.0,0.0,41700.0,2.453999,11.444951
2026-05-21 14:00:00+02:00,21.987,9.826088,11.879999,0.0,0.0,41040.0,1.3670886,7.4740934
2026-05-21 15:00:00+02:00,22.786999,8.891343,12.959999,0.0,0.0,40480.0,3.67394,6.939521
2026-05-21 16:00:00+02:00,23.187,7.9932966,14.4,0.0,0.0,40620.0,5.0333285,8.821657
2026-05-21 17:00:00+02:00,23.337,8.287822,14.04,0.0,0.0,40960.0,6.347113,10.180067
2026-05-21 18:00:00+02:00,23.187,5.3517847,14.4,0.0,0.0,41060.0,6.970812,9.474416
2026-05-21 19:00:00+02:00,22.887,2.1897945,9.0,0.0,0.0,40560.0,8.765491,10.1040945
2026-05-21 20:00:00+02:00,22.087,3.6,5.3999996,7.0,0.0,40600.0,5.9240503,8.951714
2026-05-21 21:00:00+02:00,19.187,4.5536795,6.8399997,3.0,0.0,39280.0,3.89347,8.821657
2026-05-21 22:00:00+02:00,15.087001,3.2599385,6.8399997,0.0,0.0,27620.0,3.2222586,11.189642
2026-05-21 23:00:00+02:00,14.137,2.2768397,5.04,0.0,0.0,24880.0,1.0189676,10.180067
2026-05-22 00:00:00+02:00,13.637,2.9024127,4.32,32.0,0.0,29660.0,2.278481,10.1040945
2026-05-22 01:00:00+02:00,13.237,2.16,5.04,7.0,0.0,27120.0,6.47666,11.444951
2026-05-22 02:00:00+02:00,13.037001,2.5455842,3.96,0.0,0.0,27460.0,7.3053656,9.813965
2026-05-22 03:00:00+02:00,13.287001,3.2399998,5.04,0.0,0.0,28420.0,6.970812,12.735487
2026-05-22 04:00:00+02:00,13.087001,2.16,4.68,0.0,0.0,25600.0,7.3619976,13.093462
2026-05-22 05:00:00+02:00,12.987,1.8,2.16,46.0,0.0,27660.0,7.958392,11.189641
2026-05-22 06:00:00+02:00,12.937,1.8,2.52,26.0,0.0,26300.0,7.7468357,10.027549
2026-05-22 07:00:00+02:00,13.187,1.2979984,2.16,0.0,0.0,24240.0,8.151741,8.327425
2026-05-22 08:00:00+02:00,14.087001,0.35999998,3.6,0.0,0.0,26960.0,12.44643,7.777219
2026-05-22 09:00:00+02:00,16.187,1.484318,3.96,0.0,0.0,34880.0,13.270073,8.622896
2026-05-22 10:00:00+02:00,18.786999,1.8,5.04,0.0,0.0,36620.0,10.831775,9.310345
2026-05-22 11:00:00+02:00,20.786999,6.439876,10.440001,0.0,0.0,40120.0,8.315675,10.98112
2026-05-22 12:00:00+02:00,21.637,8.669949,10.08,0.0,0.0,40000.0,2.278481,10.98112
2026-05-22 13:00:00+02:00,22.987,7.7879906,10.08,0.0,0.0,40920.0,1.8788835,10.00832
2026-05-22 14:00:00+02:00,23.937,8.404285,15.4800005,0.0,0.0,42700.0,6.572144,8.951714
2026-05-22 15:00:00+02:00,24.786999,6.1305785,14.4,0.0,0.0,42860.0,7.958392,8.442291
2026-05-22 16:00:00+02:00,25.487,3.6,10.440001,0.0,0.0,42960.0,8.976174,9.227214
2026-05-22 17:00:00+02:00,25.587,4.6102495,8.64,0.0,0.0,44460.0,12.438086,7.0769506
2026-05-22 18:00:00+02:00,25.487,1.9386592,7.2,0.0,0.0,48500.0,11.012396,6.598021
2026-05-22 19:00:00+02:00,24.286999,2.9024127,5.7599998,0.0,0.0,42300.0,11.392405,7.777219
2026-05-22 20:00:00+02:00,23.286999,2.4149535,4.32,0.0,0.0,41360.0,11.618018,5.0041595
2026-05-22 21:00:00+02:00,21.237,2.0991426,4.32,0.0,0.0,41800.0,13.859459,4.3889384
2026-05-22 22:00:00+02:00,15.737,4.0249224,7.92,0.0,0.0,38900.0,9.65603,6.2068963
2026-05-22 23:00:00+02:00,15.437,2.9024127,6.12,0.0,0.0,37620.0,5.9240503,6.2378535
2026-05-23 00:00:00+02:00,15.037001,2.5959969,4.68,0.0,0.0,37860.0,2.9178793,5.0041595
2026-05-23 01:00:00+02:00,13.887,2.5455842,3.6,0.0,0.0,33960.0,0.4556962,5.5862064
2026-05-23 02:00:00+02:00,13.137,2.1897945,3.2399998,0.0,0.0,35380.0,4.6472077,3.3425157
2026-05-23 03:00:00+02:00,13.087001,1.609969,3.2399998,0.0,0.0,35300.0,3.757767,3.9255857
2026-05-23 04:00:00+02:00,13.237,2.8799999,4.32,0.0,0.0,27860.0,3.2222586,6.48019
2026-05-23 05:00:00+02:00,11.087001,2.0991426,3.6,0.0,0.0,28580.0,3.67394,7.0769506
2026-05-23 06:00:00+02:00,11.037001,1.08,2.52,0.0,0.0,27420.0,3.4704785,8.092802
2026-05-23 07:00:00+02:00,13.387,2.0364676,2.16,0.0,0.0,23980.0,4.907998,9.227214
2026-05-23 08:00:00+02:00,14.637,1.484318,3.6,0.0,0.0,22580.0,4.323114,8.327425
2026-05-23 09:00:00+02:00,16.987,1.9386592,4.32,0.0,0.0,32680.0,3.0569031,8.068965
2026-05-23 10:00:00+02:00,19.687,2.0364676,4.32,0.0,0.0,38280.0,0.4556962,8.068965
2026-05-23 11:00:00+02:00,21.786999,2.5455842,4.32,0.0,0.0,42040.0,1.4410379,10.008319
2026-05-23 12:00:00+02:00,23.487,6.9247384,8.28,0.0,0.0,41740.0,2.9178793,11.326523
2026-05-23 13:00:00+02:00,24.536999,5.6233797,10.08,0.0,0.0,43100.0,3.286072,11.595439
2026-05-23 14:00:00+02:00,25.337,6.28713,10.440001,0.0,0.0,42440.0,4.201311,11.444951
2026-05-23 15:00:00+02:00,25.637,8.4963045,15.84,0.0,0.0,42180.0,6.970812,8.886923
2026-05-23 16:00:00+02:00,26.286999,5.0911684,14.759999,0.0,0.0,41620.0,10.520563,6.113084
2026-05-23 17:00:00+02:00,26.937,2.5959969,9.0,0.0,0.0,42300.0,12.51299,7.5764823
2026-05-23 18:00:00+02:00,26.987,3.219938,5.7599998,0.0,0.0,42720.0,11.124962,8.327425
2026-05-23 19:00:00+02:00,25.687,3.8773184,7.2,0.0,0.0,41200.0,15.500371,10.00832
2026-05-23 20:00:00+02:00,24.837,2.16,7.2,0.0,0.0,42000.0,17.123507,15.861018
2026-05-23 21:00:00+02:00,22.387,0.8049845,3.6,0.0,0.0,40800.0,11.85686,21.103449
2026-05-23 22:00:00+02:00,17.536999,3.9763298,7.5599995,0.0,0.0,39940.0,10.280973,19.725824
2026-05-23 23:00:00+02:00,16.286999,4.6938252,6.12,0.0,0.0,33040.0,11.02182,19.725824
2026-05-24 00:00:00+02:00,15.687,4.2136917,7.2,0.0,0.0,35100.0,7.840093,17.87112
2026-05-24 01:00:00+02:00,14.987,3.319036,6.4799995,0.0,0.0,33440.0,3.757767,16.65485
2026-05-24 02:00:00+02:00,15.087001,3.6179552,4.68,0.0,0.0,33040.0,10.331347,12.795844
2026-05-24 03:00:00+02:00,15.387,2.8799999,5.3999996,0.0,0.0,32700.0,11.926711,12.780782
2026-05-24 04:00:00+02:00,15.087001,3.0758414,3.2399998,0.0,0.0,29140.0,12.51299,14.072007
2026-05-24 05:00:00+02:00,14.187,2.7416782,3.96,0.0,0.0,27760.0,17.22628,14.490146
2026-05-24 06:00:00+02:00,14.187,2.0364676,5.7599998,0.0,0.0,29920.0,13.776805,15.517241
2026-05-24 07:00:00+02:00,15.487,1.609969,2.16,0.0,0.0,27940.0,12.438086,17.390388
2026-05-24 08:00:00+02:00,17.286999,1.484318,2.8799999,0.0,0.0,28020.0,13.9118,20.01664
2026-05-24 09:00:00+02:00,19.286999,1.609969,3.96,0.0,0.0,36340.0,13.049152,18.948832
2026-05-24 10:00:00+02:00,21.237,2.3051248,5.04,0.0,0.0,36260.0,9.994197,17.390388
2026-05-24 11:00:00+02:00,23.487,5.8048253,10.440001,0.0,0.0,40740.0,6.6350365,15.89741
2026-05-24 12:00:00+02:00,24.337,9.957108,12.24,0.0,0.0,40540.0,0.64445174,14.922391
2026-05-24 13:00:00+02:00,25.087,8.669949,14.759999,0.0,0.0,41440.0,5.543783,12.413793
2026-05-24 14:00:00+02:00,26.337,4.3349743,14.759999,0.0,0.0,41280.0,11.273301,12.795844
2026-05-24 15:00:00+02:00,27.187,3.396233,9.72,0.0,0.0,41460.0,14.67455,10.98112
2026-05-24 16:00:00+02:00,27.587,2.5959969,6.8399997,0.0,0.0,41780.0,17.177994,7.948705
2026-05-24 17:00:00+02:00,27.487,1.484318,5.7599998,0.0,0.0,41720.0,21.070715,9.392738
2026-05-24 18:00:00+02:00,27.437,0.71999997,3.6,0.0,0.0,42320.0,17.725351,8.6452055
2026-05-24 19:00:00+02:00,26.987,1.08,2.16,0.0,0.0,41800.0,13.548821,7.900089
2026-05-24 20:00:00+02:00,26.187,1.1384199,2.52,0.0,0.0,40660.0,11.537306,17.577684
2026-05-24 21:00:00+02:00,22.687,2.0991426,2.8799999,0.0,0.0,39560.0,12.2276125,17.489796
2026-05-24 22:00:00+02:00,17.987,4.1046314,7.5599995,0.0,0.0,35340.0,10.189676,11.858258
2026-05-24 23:00:00+02:00,18.737,3.396233,6.12,0.0,0.0,40360.0,4.2990294,7.0769506
2026-05-25 00:00:00+02:00,16.837,2.9024127,5.04,0.0,0.0,37960.0,0.4556962,5.339374
2026-05-25 01:00:00+02:00,16.487,4.510787,5.3999996,0.0,0.0,37160.0,2.278481,0.6206896
2026-05-25 02:00:00+02:00,15.937,1.2979984,5.04,0.0,0.0,33180.0,5.333787,1.2413791
2026-05-25 03:00:00+02:00,16.637,2.5455842,5.3999996,0.0,0.0,31580.0,13.049152,1.2413791
2026-05-25 04:00:00+02:00,16.637,2.4149535,3.96,0.0,0.0,28440.0,11.4288025,3.1649084
2026-05-25 05:00:00+02:00,15.737,2.1897945,5.04,0.0,0.0,31040.0,12.159491,7.499821
2026-05-25 06:00:00+02:00,15.537001,2.52,4.32,0.0,0.0,29580.0,13.120569,5.7224755
2026-05-25 07:00:00+02:00,16.887,1.2979984,3.6,0.0,0.0,27160.0,11.528303,5.5862064
2026-05-25 08:00:00+02:00,17.937,0.35999998,3.2399998,0.0,0.0,30600.0,8.670211,4.5186887
2026-05-25 09:00:00+02:00,19.887,2.7416782,6.12,0.0,0.0,37620.0,9.952556,4.1637125
2026-05-25 10:00:00+02:00,21.987,3.563818,7.2,0.0,0.0,37560.0,8.513107,4.475857
2026-05-25 11:00:00+02:00,24.087,6.8777895,9.72,0.0,0.0,40520.0,3.2222586,4.7270317
2026-05-25 12:00:00+02:00,25.237,7.7879906,10.08,0.0,0.0,41340.0,0.9113924,4.3448277
2026-05-25 13:00:00+02:00,26.587,6.3690495,9.72,0.0,0.0,42200.0,3.0569031,6.7137847
2026-05-25 14:00:00+02:00,27.137,7.386582,12.24,0.0,0.0,42880.0,6.347113,10.274241
2026-05-25 15:00:00+02:00,27.987,6.4096174,12.959999,0.0,0.0,41920.0,9.952556,7.022301
2026-05-25 16:00:00+02:00,28.536999,4.6102495,11.879999,0.0,0.0,41980.0,9.482423,3.3425157
2026-05-25 17:00:00+02:00,28.137,2.9024127,9.72,0.0,0.0,42100.0,10.974618,3.7755077
2026-05-25 18:00:00+02:00,28.437,3.396233,6.12,0.0,0.0,42320.0,11.821781,3.1034482
2026-05-25 19:00:00+02:00,27.637,6.130579,10.799999,0.0,0.0,41920.0,12.030725,3.1034482
2026-05-25 20:00:00+02:00,26.536999,7.42159,10.440001,0.0,0.0,41700.0,18.882545,7.4740934
2026-05-25 21:00:00+02:00,24.437,2.6208394,13.679999,0.0,0.0,42280.0,11.92671,6.329817
2026-05-25 22:00:00+02:00,19.536999,3.396233,8.28,0.0,0.0,37860.0,8.074956,6.329817
2026-05-25 23:00:00+02:00,19.536999,3.8268526,5.04,0.0,0.0,37800.0,6.850616,5.00416
2026-05-26 00:00:00+02:00,18.437,3.096837,5.3999996,0.0,0.0,36720.0,4.0758705,6.598021
2026-05-26 01:00:00+02:00,17.337,2.6208394,4.32,0.0,0.0,33980.0,0.9113924,7.677507
2026-05-26 02:00:00+02:00,16.987,3.319036,4.32,0.0,0.0,34360.0,5.506198,7.2649856
2026-05-26 03:00:00+02:00,16.737,3.563818,5.3999996,0.0,0.0,33340.0,9.394418,7.8511715
2026-05-26 04:00:00+02:00,15.837001,1.835647,5.3999996,0.0,0.0,31140.0,12.636843,7.2649856
2026-05-26 05:00:00+02:00,14.637,2.52,3.6,0.0,0.0,30420.0,14.67455,5.3031745
2026-05-26 06:00:00+02:00,14.937,2.6208394,3.6,0.0,0.0,30300.0,14.723995,4.9655166
2026-05-26 07:00:00+02:00,16.937,1.1384199,3.6,0.0,0.0,28320.0,13.97881,4.9655166
2026-05-26 08:00:00+02:00,18.087,0.35999998,2.8799999,0.0,0.0,19320.0,16.934494,6.8557405
2026-05-26 09:00:00+02:00,20.437,1.9386592,4.32,0.0,0.0,33740.0,14.301892,6.8275857
2026-05-26 10:00:00+02:00,22.536999,2.3051248,5.04,0.0,0.0,36960.0,9.294415,7.5764823
2026-05-26 11:00:00+02:00,24.737,2.7416782,7.2,0.0,0.0,40980.0,1.3670886,8.951714
2026-05-26 12:00:00+02:00,26.437,3.319036,4.68,0.0,0.0,42020.0,1.0189676,6.2068963
2026-05-26 13:00:00+02:00,27.437,6.489992,7.5599995,0.0,0.0,41920.0,0.64445174,4.3889384
2026-05-26 14:00:00+02:00,27.737,9.220499,10.799999,0.0,0.0,42860.0,3.9200466,6.329817
2026-05-26 15:00:00+02:00,28.487,6.1305785,15.4800005,0.0,0.0,44280.0,9.837129,6.8557405
2026-05-26 16:00:00+02:00,28.387,6.0347,10.799999,0.0,0.0,44180.0,11.501252,5.0041595
2026-05-26 17:00:00+02:00,28.286999,3.7585104,30.239998,0.0,0.1,42700.0,13.949067,6.598021
2026-05-26 18:00:00+02:00,26.137,11.770403,19.08,0.0,0.0,40200.0,13.309138,3.3425157
2026-05-26 19:00:00+02:00,25.187,1.8,18.0,0.0,0.0,40380.0,11.096928,5.1183376
2026-05-26 20:00:00+02:00,25.237,2.8799999,7.5599995,0.0,0.0,40840.0,11.254866,6.1445136
2026-05-26 21:00:00+02:00,23.286999,3.096837,6.8399997,0.0,0.0,41140.0,8.476439,7.2649856
2026-05-26 22:00:00+02:00,18.937,4.510787,7.92,0.0,0.0,36900.0,7.1327734,8.442291
2026-05-26 23:00:00+02:00,19.687,4.8965297,7.2,0.0,0.0,39120.0,5.993747,7.777219
2026-05-27 00:00:00+02:00,19.487,4.39436,7.5599995,0.0,0.0,39000.0,6.198138,10.274241
2026-05-27 01:00:00+02:00,18.737,3.5455887,7.2,0.0,0.0,38260.0,7.78694,10.606349
2026-05-27 02:00:00+02:00,18.237,3.219938,5.3999996,0.0,0.0,37700.0,8.377872,14.4368725
2026-05-27 03:00:00+02:00,17.786999,3.5455887,5.3999996,0.0,0.0,38160.0,7.6388597,12.367153
2026-05-27 04:00:00+02:00,17.237,1.484318,5.04,0.0,0.0,37520.0,4.323114,15.566816
2026-05-27 05:00:00+02:00,15.437,3.319036,2.8799999,0.0,0.0,29420.0,3.286072,14.329733
2026-05-27 06:00:00+02:00,15.287001,1.9386592,5.04,0.0,0.0,28860.0,2.9178793,14.909477
2026-05-27 07:00:00+02:00,16.087,2.3051248,5.3999996,0.0,0.0,17560.0,2.278481,14.289349
2026-05-27 08:00:00+02:00,18.987,0.35999998,3.6,0.0,0.0,16100.0,0.4556962,14.289349
2026-05-27 09:00:00+02:00,21.987,2.5455842,4.68,16.0,0.0,37660.0,2.0379353,12.475707
2026-05-27 10:00:00+02:00,24.087,1.4399999,4.68,0.0,0.0,40260.0,4.6472077,12.4293
2026-05-27 11:00:00+02:00,25.987,2.52,4.68,0.0,0.0,41960.0,4.757608,13.879042
2026-05-27 12:00:00+02:00,27.687,4.6938257,9.72,0.0,0.0,43320.0,4.57969,13.948265
2026-05-27 13:00:00+02:00,28.737,9.585739,14.04,0.0,0.0,42220.0,7.7468348,13.398848
2026-05-27 14:00:00+02:00,29.536999,14.57889,20.880001,0.0,0.0,43820.0,10.066657,12.780782
2026-05-27 15:00:00+02:00,29.987,15.192682,27.359999,0.0,0.0,45300.0,12.767628,16.018122
2026-05-27 16:00:00+02:00,30.536999,15.124284,26.64,0.0,0.0,46460.0,9.612922,8.777877
2026-05-27 17:00:00+02:00,30.437,10.587918,26.64,0.0,0.0,49240.0,15.792356,6.2068963
2026-05-27 18:00:00+02:00,29.637,9.726664,19.08,0.0,0.0,44080.0,16.436678,10.008319
2026-05-27 19:00:00+02:00,28.187,8.209263,16.199999,0.0,0.0,41880.0,16.755745,7.0769506
2026-05-27 20:00:00+02:00,28.036999,1.1384199,12.959999,0.0,0.0,42200.0,18.555286,5.0041595
2026-05-27 21:00:00+02:00,25.587,1.8,2.16,0.0,0.0,41940.0,14.989566,3.1034482
2026-05-27 22:00:00+02:00,20.487,3.396233,6.4799995,0.0,0.0,40500.0,10.189676,4.1637125
2026-05-27 23:00:00+02:00,19.437,5.2416787,8.64,0.0,0.0,40180.0,9.580464,5.8883786
2026-05-28 00:00:00+02:00,18.687,3.4152596,7.92,0.0,0.0,39220.0,8.377872,6.939521
2026-05-28 01:00:00+02:00,17.887,2.2768397,5.3999996,0.0,0.0,38080.0,3.3175182,5.339374
2026-05-28 02:00:00+02:00,17.587,1.609969,3.2399998,0.0,0.0,37980.0,1.4410379,5.6205835
2026-05-28 03:00:00+02:00,16.737,3.0547013,3.96,0.0,0.0,37380.0,1.9333551,5.8883786
2026-05-28 04:00:00+02:00,16.536999,2.2768397,3.2399998,0.0,0.0,37680.0,1.0189676,8.092802
2026-05-28 05:00:00+02:00,15.937,1.8,2.8799999,0.0,0.0,33080.0,3.5591009,6.2068963
2026-05-28 06:00:00+02:00,16.387,2.5455842,3.6,0.0,0.0,36120.0,3.67394,7.5510154
2026-05-28 07:00:00+02:00,16.536999,1.8,2.8799999,0.0,0.0,32660.0,1.4410379,8.1638975
2026-05-28 08:00:00+02:00,17.737,1.609969,6.12,0.0,0.0,32320.0,3.67394,6.939521
2026-05-28 09:00:00+02:00,20.536999,0.5091169,2.52,0.0,0.0,38680.0,2.9178793,4.3448277
2026-05-28 10:00:00+02:00,22.536999,2.2768397,6.12,0.0,0.0,39360.0,1.643036,5.0041595
2026-05-28 11:00:00+02:00,24.487,3.6,8.28,0.0,0.0,41300.0,4.9291077,5.6205835
2026-05-28 12:00:00+02:00,26.337,5.815978,11.879999,0.0,0.0,41480.0,5.468354,6.2068963
2026-05-28 13:00:00+02:00,27.937,7.9932976,15.4800005,0.0,0.0,42040.0,9.215885,8.092802
2026-05-28 14:00:00+02:00,28.536999,8.64,14.759999,0.0,0.0,41660.0,10.520564,2.4827583
2026-05-28 15:00:00+02:00,29.337,12.57426,20.519999,0.0,0.0,42560.0,13.670886,5.0041595
2026-05-28 16:00:00+02:00,30.036999,19.969458,34.56,0.0,0.0,43900.0,11.273301,8.442291
2026-05-28 17:00:00+02:00,29.837,24.063513,42.839996,0.0,0.0,45460.0,18.147924,9.227214
2026-05-28 18:00:00+02:00,29.387,20.371038,40.32,0.0,0.0,45180.0,22.343058,13.196042
2026-05-28 19:00:00+02:00,28.687,14.336861,31.68,0.0,0.0,45720.0,25.133617,8.622896
2026-05-28 20:00:00+02:00,27.937,12.4811535,24.119999,0.0,0.0,46900.0,30.80587,13.093462
2026-05-28 21:00:00+02:00,25.087,9.028754,20.880001,0.0,0.0,44600.0,28.563828,16.884583
2026-05-28 22:00:00+02:00,21.837,3.563818,14.04,0.0,0.0,42640.0,20.480995,23.090988
2026-05-28 23:00:00+02:00,19.937,8.707237,10.08,0.0,0.0,41280.0,16.587591,20.208189
2026-05-29 00:00:00+02:00,17.937,5.8603754,13.679999,0.0,0.0,40820.0,14.482251,18.599987
2026-05-29 01:00:00+02:00,16.536999,4.3498964,9.36,0.0,0.0,40920.0,11.528303,14.4368725
2026-05-29 02:00:00+02:00,15.637,3.671294,6.8399997,0.0,0.0,40320.0,6.524576,10.857635
2026-05-29 03:00:00+02:00,14.937,3.8773184,9.0,0.0,0.0,39960.0,6.895935,13.612786
2026-05-29 04:00:00+02:00,14.437,4.0249224,7.2,0.0,0.0,39700.0,4.6916795,15.824544
2026-05-29 05:00:00+02:00,13.887,3.6179552,5.7599998,0.0,0.0,38800.0,6.728273,16.386677
2026-05-29 06:00:00+02:00,14.087001,2.7416782,5.3999996,0.0,0.0,39700.0,7.1327734,17.577684
2026-05-29 07:00:00+02:00,15.437,1.2979984,4.68,0.0,0.0,34060.0,4.844117,16.245003
2026-05-29 08:00:00+02:00,18.036999,1.8,2.8799999,0.0,0.0,39900.0,8.377872,14.167504
2026-05-29 09:00:00+02:00,19.637,1.2979984,3.2399998,0.0,0.0,39200.0,9.688234,10.839878
2026-05-29 10:00:00+02:00,21.887,0.8049845,3.2399998,0.0,0.0,40100.0,6.7744107,7.8511715
2026-05-29 11:00:00+02:00,24.187,2.9024127,6.12,0.0,0.0,43400.0,6.572144,7.4740934
2026-05-29 12:00:00+02:00,25.937,4.73506,9.72,0.0,0.0,46420.0,7.1182017,8.711794
2026-05-29 13:00:00+02:00,27.536999,5.5887027,10.440001,0.0,0.0,47400.0,2.3236039,6.939521
2026-05-29 14:00:00+02:00,28.286999,5.1544156,12.24,0.0,0.0,43840.0,6.198138,6.390391
2026-05-29 15:00:00+02:00,29.237,7.072878,12.599999,0.0,0.0,43840.0,12.133847,3.7755077
2026-05-29 16:00:00+02:00,29.337,9.826088,17.64,0.0,0.0,43380.0,13.670886,2.2379284
2026-05-29 17:00:00+02:00,29.837,12.879752,20.880001,0.0,0.0,46100.0,13.152184,3.1034482
2026-05-29 18:00:00+02:00,29.786999,18.335276,32.039997,0.0,0.0,52140.0,24.607594,6.113084
2026-05-29 19:00:00+02:00,29.286999,11.592894,28.8,0.0,0.0,51000.0,17.60191,9.310345
2026-05-29 20:00:00+02:00,28.237,6.849467,19.08,0.0,0.0,51660.0,15.66031,5.00416
2026-05-29 21:00:00+02:00,24.337,1.08,9.72,0.0,0.0,44400.0,14.759212,8.068965
2026-05-29 22:00:00+02:00,19.437,4.802999,10.799999,0.0,0.0,41560.0,9.394418,8.350525
2026-05-29 23:00:00+02:00,17.687,5.4477882,7.5599995,0.0,0.0,40660.0,7.7468348,4.3448277
2026-05-30 00:00:00+02:00,17.286999,3.6,8.64,0.0,0.0,40560.0,4.907998,4.475857
2026-05-30 01:00:00+02:00,16.637,4.802999,7.2,0.0,0.0,40420.0,4.0758705,5.1183376
2026-05-30 02:00:00+02:00,15.437,4.5536795,7.92,0.0,0.0,37960.0,6.7744107,5.7224755
2026-05-30 03:00:00+02:00,15.387,4.1046314,6.4799995,0.0,0.0,36000.0,7.3053656,6.113084
2026-05-30 04:00:00+02:00,14.987,2.2768397,6.12,0.0,0.0,29480.0,3.67394,6.1445136
2026-05-30 05:00:00+02:00,14.187,1.8,4.32,0.0,0.0,31420.0,2.0379353,4.5186887
2026-05-30 06:00:00+02:00,15.087001,2.0991426,3.6,0.0,0.0,29800.0,5.562481,3.9255857
2026-05-30 07:00:00+02:00,15.237,1.08,5.04,0.0,0.0,28360.0,10.599223,3.1649084
2026-05-30 08:00:00+02:00,16.536999,2.0991426,5.04,0.0,0.0,24480.0,11.821781,7.2649856
2026-05-30 09:00:00+02:00,18.687,1.609969,6.12,0.0,0.0,36940.0,9.784211,10.569963
2026-05-30 10:00:00+02:00,21.137,3.096837,6.8399997,0.0,0.0,40080.0,6.572144,17.167427
2026-05-30 11:00:00+02:00,22.987,3.8939953,9.0,0.0,0.0,41520.0,1.3670886,18.042753
2026-05-30 12:00:00+02:00,24.587,5.634891,8.64,0.0,0.0,42880.0,5.487309,19.120867
2026-05-30 13:00:00+02:00,25.737,7.289445,13.679999,0.0,0.0,43680.0,10.391472,15.566816
2026-05-30 14:00:00+02:00,25.837,4.379589,13.679999,0.0,0.0,43920.0,14.301892,7.8511715
2026-05-30 15:00:00+02:00,26.487,3.8773184,9.72,0.0,0.0,43920.0,15.1685915,5.00416
2026-05-30 16:00:00+02:00,26.837,3.096837,8.28,0.0,0.0,43440.0,15.713261,4.9655166
2026-05-30 17:00:00+02:00,26.637,1.484318,8.28,0.0,0.0,42920.0,13.285712,4.9655166
2026-05-30 18:00:00+02:00,26.637,6.1305785,9.72,0.0,0.0,43840.0,14.038106,4.7270317
2026-05-30 19:00:00+02:00,25.987,2.5455842,11.879999,0.0,0.0,43440.0,15.57388,1.9627929
2026-05-30 20:00:00+02:00,25.237,3.0758414,5.04,0.0,0.0,42860.0,13.859459,3.9255857
2026-05-30 21:00:00+02:00,23.387,2.8799999,4.68,0.0,0.0,41820.0,12.039351,4.475857
2026-05-30 22:00:00+02:00,17.987,2.4149535,6.12,0.0,0.0,35880.0,8.765491,4.5186887
2026-05-30 23:00:00+02:00,17.437,2.2768397,3.6,0.0,0.0,33740.0,7.3053656,2.5591688
2026-05-31 00:00:00+02:00,16.337,3.396233,5.3999996,0.0,0.0,32540.0,9.15938,2.4827583
2026-05-31 01:00:00+02:00,16.036999,3.319036,5.3999996,0.0,0.0,30160.0,6.895935,5.7224755
2026-05-31 02:00:00+02:00,15.037001,3.6179552,6.4799995,0.0,0.0,25080.0,7.34788,5.339374
2026-05-31 03:00:00+02:00,14.937,3.2599385,7.5599995,0.0,0.0,31180.0,4.1265044,7.777219
2026-05-31 04:00:00+02:00,15.237,2.6208394,5.7599998,0.0,0.0,32340.0,4.6472077,6.7137847
2026-05-31 05:00:00+02:00,14.337001,3.7585104,3.6,0.0,0.0,32280.0,6.728273,5.0041595
2026-05-31 06:00:00+02:00,14.187,1.8,5.3999996,0.0,0.0,32420.0,6.1307654,3.3425157
2026-05-31 07:00:00+02:00,15.337001,1.484318,5.04,0.0,0.0,22320.0,4.201311,2.5591688
2026-05-31 08:00:00+02:00,17.137,1.835647,5.7599998,0.0,0.0,28340.0,6.3797464,3.9743526
2026-05-31 09:00:00+02:00,21.137,1.1384199,7.2,0.0,0.0,40100.0,3.8667102,6.939521
2026-05-31 10:00:00+02:00,22.887,1.08,6.4799995,0.0,0.0,40380.0,3.67394,10.678748
2026-05-31 11:00:00+02:00,24.987,4.73506,10.440001,0.0,0.0,41440.0,7.543114,10.551724
2026-05-31 12:00:00+02:00,26.137,8.287822,12.24,0.0,0.0,42620.0,5.506198,13.093462
2026-05-31 13:00:00+02:00,27.187,11.384198,15.119999,0.0,0.0,44040.0,6.940957,14.948187
2026-05-31 14:00:00+02:00,27.937,13.493999,24.119999,0.0,0.0,45740.0,6.6350365,20.632679
2026-05-31 15:00:00+02:00,26.237,20.88,37.44,0.0,0.0,44500.0,20.727915,29.093067
2026-05-31 16:00:00+02:00,24.987,7.208994,39.239998,0.0,0.0,40820.0,8.95301,32.37121
2026-05-31 17:00:00+02:00,26.487,17.555305,17.28,0.0,0.0,41560.0,14.265547,28.578697
2026-05-31 18:00:00+02:00,25.036999,9.585739,24.48,0.0,0.0,40480.0,34.274292,19.251387
2026-05-31 19:00:00+02:00,23.286999,7.208994,24.119999,0.0,0.5,41680.0,11.961482,36.430832
2026-05-31 20:00:00+02:00,23.987,5.154415,16.199999,0.0,0.0,41660.0,8.598059,33.269196
2026-05-31 21:00:00+02:00,22.187,10.661107,14.759999,84.0,0.1,37860.0,13.776805,30.866442
2026-05-31 22:00:00+02:00,20.487,7.968939,18.72,66.0,0.2,33360.0,15.175435,34.205574
2026-05-31 23:00:00+02:00,18.536999,11.525623,16.919998,88.0,3.6,23380.0,8.765491,40.578102
2026-06-01 00:00:00+02:00,18.487,9.107359,22.68,86.0,0.2,20440.0,10.004581,32.990105
2026-06-01 01:00:00+02:00,18.237,2.0991426,15.84,80.0,0.2,23700.0,13.655687,23.03252
2026-06-01 02:00:00+02:00,17.687,4.68,7.92,87.0,7.8,14720.0,12.889034,21.002802
2026-06-01 03:00:00+02:00,17.987,3.5455887,15.4800005,77.0,0.0,23960.0,12.133847,24.483826
2026-06-01 04:00:00+02:00,17.536999,3.0758414,5.7599998,61.0,0.0,22920.0,12.039351,23.17426
2026-06-01 05:00:00+02:00,16.637,1.1384199,4.68,78.0,0.0,16000.0,9.858215,21.357496
2026-06-01 06:00:00+02:00,16.687,1.8,3.96,82.0,0.0,16600.0,6.728273,20.331732
2026-06-01 07:00:00+02:00,16.637,0.35999998,6.4799995,100.0,0.0,12420.0,10.490913,17.122486
2026-06-01 08:00:00+02:00,17.587,0.5091169,7.92,85.0,0.0,24620.0,6.198138,19.430658
2026-06-01 09:00:00+02:00,18.387,2.2768397,4.32,53.0,0.0,25080.0,3.6455696,21.86555
2026-06-01 10:00:00+02:00,20.237,5.6002855,10.08,3.0,0.0,38020.0,4.488087,21.002802
2026-06-01 11:00:00+02:00,20.937,8.942214,11.5199995,5.0,0.0,39720.0,4.6472077,17.167427
2026-06-01 12:00:00+02:00,21.737,10.97262,14.4,0.0,0.0,40360.0,6.0797453,11.711148
2026-06-01 13:00:00+02:00,22.937,9.178235,14.759999,0.0,0.0,41080.0,5.195736,7.5764823
2026-06-01 14:00:00+02:00,23.786999,13.608762,16.199999,0.0,0.0,41880.0,5.0333285,8.711794
2026-06-01 15:00:00+02:00,24.637,12.88981,18.0,0.0,0.0,42480.0,6.940957,12.4911375
2026-06-01 16:00:00+02:00,24.987,13.551501,19.08,0.0,0.0,43120.0,7.20519,11.444951
2026-06-01 17:00:00+02:00,25.087,12.387348,20.16,0.0,0.0,43040.0,11.02182,10.569963
2026-06-01 18:00:00+02:00,24.887,11.457958,20.880001,0.0,0.0,43280.0,9.65603,15.41761
2026-06-01 19:00:00+02:00,24.237,8.905908,19.8,0.0,0.0,43180.0,7.34788,15.367554
2026-06-01 20:00:00+02:00,23.387,5.95906,14.759999,0.0,0.0,41720.0,12.396276,18.328745
2026-06-01 21:00:00+02:00,21.937,4.2136917,9.72,0.0,0.0,41340.0,8.476439,17.773846
2026-06-01 22:00:00+02:00,18.437,4.379589,7.2,0.0,0.0,39140.0,7.5842957,25.326874
2026-06-01 23:00:00+02:00,17.786999,4.68,6.8399997,0.0,0.0,39060.0,5.487309,32.186214
2026-06-02 00:00:00+02:00,16.587,4.802999,7.92,0.0,0.0,38220.0,2.0379353,32.186214
2026-06-02 01:00:00+02:00,14.987,3.0758414,7.5599995,0.0,0.0,34860.0,3.5591009,36.494225
2026-06-02 02:00:00+02:00,14.737,4.32,6.8399997,0.0,0.0,35420.0,3.2222586,36.451977
2026-06-02 03:00:00+02:00,14.437,4.3349743,7.5599995,0.0,0.0,36520.0,5.487309,39.961037
2026-06-02 04:00:00+02:00,14.237,2.8116899,7.2,0.0,0.0,38540.0,4.2990294,40.819485
2026-06-02 05:00:00+02:00,13.737,3.9763298,4.32,0.0,0.0,33720.0,3.2222586,41.265358
2026-06-02 06:00:00+02:00,14.537001,4.1046314,6.8399997,0.0,0.0,36740.0,3.6455696,39.94175
2026-06-02 07:00:00+02:00,15.037001,1.609969,6.12,0.0,0.0,36500.0,5.7641516,37.370464
2026-06-02 08:00:00+02:00,16.937,6.297428,7.2,0.0,0.0,33400.0,6.6350365,37.755074
2026-06-02 09:00:00+02:00,18.587,5.4477882,13.679999,0.0,0.0,36220.0,4.907998,45.208195
2026-06-02 10:00:00+02:00,19.587,4.8965297,9.36,0.0,0.0,36480.0,2.577807,48.286304
2026-06-02 11:00:00+02:00,21.387,2.16,8.28,0.0,0.0,39580.0,7.20519,48.87709
2026-06-02 12:00:00+02:00,23.937,4.3349743,9.0,0.0,0.0,40380.0,9.580463,39.961037
2026-06-02 13:00:00+02:00,23.536999,19.770523,32.399998,0.0,0.0,41240.0,14.309151,39.94175
2026-06-02 14:00:00+02:00,18.437,10.495713,33.48,82.0,0.4,30120.0,16.303482,39.961037
2026-06-02 15:00:00+02:00,20.987,10.739832,32.760002,16.0,2.9,39920.0,34.374115,62.94723
2026-06-02 16:00:00+02:00,22.036999,2.6208394,18.0,0.0,0.0,40380.0,15.419778,56.731167
2026-06-02 17:00:00+02:00,22.887,6.763786,8.28,0.0,0.0,41780.0,16.461926,61.526596
2026-06-02 18:00:00+02:00,16.286999,7.5685663,52.56,0.0,4.3,2680.0,44.539494,46.568268
2026-06-02 19:00:00+02:00,17.137,3.9763298,26.28,26.0,2.1,40120.0,14.155951,46.8158
2026-06-02 20:00:00+02:00,18.437,3.8268526,10.799999,4.0,0.0,41060.0,13.223043,54.97222
2026-06-02 21:00:00+02:00,16.737,1.2979984,6.4799995,0.0,0.0,38440.0,5.7641516,39.45165
2026-06-02 22:00:00+02:00,15.337001,3.7064266,7.92,70.0,0.0,35000.0,4.844117,29.591993
2026-06-02 23:00:00+02:00,15.537001,2.2768397,8.28,68.0,0.0,37140.0,3.67394,22.973904
2026-06-03 00:00:00+02:00,14.087001,9.422101,14.4,38.0,2.0,19060.0,21.041126,28.266945
2026-06-03 01:00:00+02:00,14.287001,6.830519,15.119999,81.0,1.2,25560.0,7.4739733,45.118626
2026-06-03 02:00:00+02:00,13.987,4.1046314,8.64,31.0,0.4,30740.0,17.292456,29.851236
2026-06-03 03:00:00+02:00,13.337001,1.1384199,7.2,14.0,0.0,29020.0,16.22688,31.034481
2026-06-03 04:00:00+02:00,12.837001,1.5273507,7.92,58.0,0.6,18760.0,14.301892,32.40095
2026-06-03 05:00:00+02:00,12.587001,5.0528407,11.5199995,88.0,2.7,16620.0,12.2276125,22.889902
2026-06-03 06:00:00+02:00,12.837001,2.9024127,18.0,76.0,0.4,19260.0,11.848101,20.632679
2026-06-03 07:00:00+02:00,12.887,2.2768397,13.679999,64.0,0.1,13320.0,10.035667,26.69687
2026-06-03 08:00:00+02:00,13.287001,3.396233,10.08,68.0,0.1,14240.0,13.548821,22.653046
2026-06-03 09:00:00+02:00,14.237,2.0991426,5.04,56.0,0.3,17820.0,12.303797,23.3729
2026-06-03 10:00:00+02:00,15.887,5.6920996,10.08,56.0,0.0,38240.0,7.6388597,29.179018
2026-06-03 11:00:00+02:00,16.637,9.0,12.24,92.0,0.0,39620.0,10.831775,23.553514
2026-06-03 12:00:00+02:00,17.237,9.114471,18.72,41.0,0.0,39960.0,10.520564,27.792759
2026-06-03 13:00:00+02:00,18.437,7.928177,14.759999,92.0,0.0,40200.0,6.728273,27.48611
2026-06-03 14:00:00+02:00,18.387,11.480557,14.759999,0.0,0.0,40100.0,6.524576,27.681644
2026-06-03 15:00:00+02:00,19.237,9.931042,21.24,3.0,0.0,40580.0,8.476439,21.944693
2026-06-03 16:00:00+02:00,19.687,8.913181,17.28,0.0,0.0,41260.0,10.331347,23.586206
2026-06-03 17:00:00+02:00,19.737,10.144082,15.84,0.0,0.0,41820.0,7.78694,18.948832
2026-06-03 18:00:00+02:00,19.587,8.473393,19.8,0.0,0.0,42040.0,9.394418,18.672342
2026-06-03 19:00:00+02:00,19.237,6.5693827,14.759999,0.0,0.0,41580.0,9.022324,24.238705
2026-06-03 20:00:00+02:00,18.887,4.198285,13.32,0.0,0.0,41320.0,8.377872,27.89653
2026-06-03 21:00:00+02:00,17.137,6.989936,10.799999,0.0,0.0,40600.0,5.562481,22.014801
2026-06-03 22:00:00+02:00,13.637,4.68,11.879999,0.0,0.0,35180.0,6.9559,20.52034
2026-06-03 23:00:00+02:00,13.137,4.73506,7.2,0.0,0.0,32720.0,3.89347,16.562065
2026-06-04 00:00:00+02:00,12.387,4.3349743,8.28,0.0,0.0,30720.0,3.5591009,14.003396
2026-06-04 01:00:00+02:00,11.237,3.219938,6.8399997,0.0,0.0,26200.0,4.907998,16.245003
2026-06-04 02:00:00+02:00,11.537001,5.0911684,6.8399997,0.0,0.0,35460.0,10.955679,20.41682
2026-06-04 03:00:00+02:00,10.987,3.671294,8.64,0.0,0.0,33940.0,8.202532,24.734306
2026-06-04 04:00:00+02:00,11.937,2.8116899,7.5599995,0.0,0.0,36920.0,2.6571426,28.639296
2026-06-04 05:00:00+02:00,11.937,3.5455887,5.04,0.0,0.0,36280.0,7.418196,31.70989
2026-06-04 06:00:00+02:00,11.737,1.484318,4.32,0.0,0.0,33400.0,2.6571426,37.370464
2026-06-04 07:00:00+02:00,12.587001,3.319036,5.7599998,0.0,0.0,33640.0,2.0379353,30.540203
2026-06-04 08:00:00+02:00,14.437,5.8048253,7.2,0.0,0.0,33400.0,5.195736,45.653397
2026-06-04 09:00:00+02:00,16.687,6.0347,12.24,0.0,0.0,39060.0,4.201311,48.31023
2026-06-04 10:00:00+02:00,17.837,3.096837,5.3999996,0.0,0.0,39840.0,5.094838,48.81399
2026-06-04 11:00:00+02:00,18.987,9.178235,9.72,0.0,0.0,40060.0,5.993747,54.863483
2026-06-04 12:00:00+02:00,18.637,11.659777,18.72,0.0,0.0,37880.0,4.6472077,53.32515
2026-06-04 13:00:00+02:00,19.737,2.8116899,17.28,0.0,0.0,39780.0,11.392405,51.37121
2026-06-04 14:00:00+02:00,19.237,18.0,26.28,48.0,0.0,39820.0,13.285712,48.33813
2026-06-04 15:00:00+02:00,16.786999,17.148247,29.16,86.0,1.5,13660.0,15.372571,32.40095
2026-06-04 16:00:00+02:00,15.687,11.770403,38.519997,64.0,2.9,5700.0,21.591537,47.901802
2026-06-04 17:00:00+02:00,14.337001,5.3999996,19.08,65.0,2.2,7300.0,25.112953,45.82186
2026-06-04 18:00:00+02:00,14.787001,3.8268526,9.0,83.0,1.6,9060.0,15.031068,45.79663
2026-06-04 19:00:00+02:00,14.287001,5.3999996,9.36,54.0,2.2,8400.0,14.192577,34.491585
2026-06-04 20:00:00+02:00,12.437,5.154415,11.159999,85.0,1.5,3800.0,9.612922,32.796856
2026-06-04 21:00:00+02:00,12.387,4.198285,8.28,72.0,1.1,17120.0,10.240498,33.12413
2026-06-04 22:00:00+02:00,12.337001,7.10031,10.799999,45.0,0.9,21520.0,8.800955,19.725824
2026-06-04 23:00:00+02:00,11.737,6.5693827,10.799999,25.0,0.3,13980.0,13.594724,19.040104
2026-06-05 00:00:00+02:00,11.637,5.495161,9.0,11.0,0.1,23780.0,6.47666,29.507248
2026-06-05 01:00:00+02:00,10.987,2.52,8.64,0.0,0.0,16540.0,2.7718916,25.455843
2026-06-05 02:00:00+02:00,10.037001,4.379589,3.96,45.0,0.0,17620.0,4.9291077,25.105341
2026-06-05 03:00:00+02:00,10.687,3.6,7.92,61.0,0.0,23340.0,9.113924,18.908127
2026-06-05 04:00:00+02:00,10.837001,4.0249224,6.4799995,73.0,0.0,21860.0,3.9200466,17.522804
2026-06-05 05:00:00+02:00,10.837001,3.0758414,6.12,37.0,0.0,20280.0,3.67394,14.529971
2026-06-05 06:00:00+02:00,10.587001,2.3051248,4.68,60.0,0.0,16180.0,3.9200466,18.877537
2026-06-05 07:00:00+02:00,10.787001,0.8049845,3.2399998,81.0,0.0,1200.0,5.195736,15.529648
2026-06-05 08:00:00+02:00,11.587001,2.16,6.12,96.0,0.0,23960.0,4.844117,10.236675
2026-06-05 09:00:00+02:00,12.837001,2.5455842,5.04,60.0,0.0,27920.0,4.488087,5.5862064
2026-06-05 10:00:00+02:00,13.887,7.5685663,12.959999,66.0,0.0,27400.0,4.9291077,2.5591688
2026-06-05 11:00:00+02:00,14.037001,8.891343,15.119999,39.0,0.0,32420.0,9.515216,5.7224755
2026-06-05 12:00:00+02:00,15.087001,5.3517847,14.4,55.0,0.0,37320.0,12.030725,10.569963
2026-06-05 13:00:00+02:00,15.537001,3.8939953,11.159999,9.0,0.0,39300.0,13.285712,9.695481
2026-06-05 14:00:00+02:00,17.087,5.0911684,6.8399997,0.0,0.0,40800.0,9.858215,8.886923
2026-06-05 15:00:00+02:00,17.087,5.3517847,10.799999,0.0,0.0,40760.0,13.678478,10.98112
2026-06-05 16:00:00+02:00,17.687,7.9932966,14.4,0.0,0.0,41160.0,12.269996,14.922391
2026-06-05 17:00:00+02:00,17.737,7.386582,17.28,0.0,0.0,41000.0,14.787324,15.355014
2026-06-05 18:00:00+02:00,17.987,6.3690495,12.959999,0.0,0.0,40860.0,11.883102,20.035875
2026-06-05 19:00:00+02:00,17.737,3.8939953,11.159999,0.0,0.0,40620.0,14.075039,24.206896
2026-06-05 20:00:00+02:00,16.987,5.1919937,6.8399997,42.0,0.0,39540.0,10.520563,23.065948
2026-06-05 21:00:00+02:00,15.687,4.1046314,8.28,42.0,0.0,38460.0,9.227144,20.41682
2026-06-05 22:00:00+02:00,13.637,3.8773184,7.2,71.0,0.0,34020.0,10.240498,19.440569
2026-06-05 23:00:00+02:00,13.337001,3.219938,5.7599998,55.0,0.0,33860.0,4.556962,19.871763
2026-06-06 00:00:00+02:00,12.537001,3.396233,6.12,8.0,0.0,34180.0,1.0189676,20.103062
2026-06-06 01:00:00+02:00,10.887,2.6208394,5.3999996,0.0,0.0,24760.0,1.4410379,19.271389
2026-06-06 02:00:00+02:00,10.487,3.6179552,5.04,0.0,0.0,26020.0,6.524576,20.331732
2026-06-06 03:00:00+02:00,10.787001,3.671294,6.12,0.0,0.0,28960.0,6.444517,24.175043
2026-06-06 04:00:00+02:00,10.837001,2.4149535,6.12,0.0,0.0,27980.0,4.511162,27.48611
2026-06-06 05:00:00+02:00,9.937,2.5959969,2.52,0.0,0.0,24260.0,3.1898732,26.40668
2026-06-06 06:00:00+02:00,9.937,2.6208394,4.32,2.0,0.0,23780.0,3.67394,32.192196
2026-06-06 07:00:00+02:00,10.687,2.3051248,3.2399998,0.0,0.0,23340.0,2.0379353,39.94175
2026-06-06 08:00:00+02:00,12.937,4.0249224,4.32,17.0,0.0,24180.0,5.094838,41.007816
2026-06-06 09:00:00+02:00,14.137,4.8433046,7.92,11.0,0.0,31440.0,5.562481,34.675392
2026-06-06 10:00:00+02:00,16.237,4.2136917,8.64,5.0,0.0,35140.0,2.453999,33.269196
2026-06-06 11:00:00+02:00,17.187,3.219938,11.879999,33.0,0.0,34420.0,5.0333285,36.451977
2026-06-06 12:00:00+02:00,19.237,3.8268526,9.0,0.0,0.0,38520.0,6.524576,37.739765
2026-06-06 13:00:00+02:00,20.087,15.580141,24.84,0.0,0.0,39860.0,5.9240503,29.428804
2026-06-06 14:00:00+02:00,21.087,10.739832,26.28,0.0,0.0,40780.0,7.7468357,24.214851
2026-06-06 15:00:00+02:00,21.737,11.988594,21.24,0.0,0.0,40960.0,10.240498,16.13793
2026-06-06 16:00:00+02:00,21.786999,15.072783,26.28,0.0,0.0,41000.0,11.273301,24.14315
2026-06-06 17:00:00+02:00,22.237,9.565437,27.72,0.0,0.0,41780.0,20.752945,27.493116
2026-06-06 18:00:00+02:00,22.587,7.208994,16.199999,0.0,0.0,42100.0,18.882547,34.80846
2026-06-06 19:00:00+02:00,22.387,5.00128,11.879999,0.0,0.0,42040.0,14.759212,34.474827
2026-06-06 20:00:00+02:00,22.036999,4.3349743,10.440001,0.0,0.0,41740.0,16.805244,38.905903
2026-06-06 21:00:00+02:00,19.536999,1.835647,8.64,0.0,0.0,40940.0,11.273301,38.752113
2026-06-06 22:00:00+02:00,15.937,3.0547013,5.7599998,0.0,0.0,38240.0,11.618018,37.816254
2026-06-06 23:00:00+02:00,15.087001,5.6920996,7.5599995,0.0,0.0,38560.0,15.693425,37.70402
2026-06-07 00:00:00+02:00,15.237,4.510787,8.64,0.0,0.0,39080.0,18.733494,33.228638
2026-06-07 01:00:00+02:00,15.087001,2.0991426,7.92,0.0,0.0,39200.0,12.4380865,34.608665
2026-06-07 02:00:00+02:00,15.487,4.1046314,4.68,25.0,0.0,37500.0,6.3797464,38.04478
2026-06-07 03:00:00+02:00,14.987,4.6938252,8.28,66.0,0.0,35520.0,7.34788,36.372623
2026-06-07 04:00:00+02:00,14.687,4.2136917,6.8399997,40.0,0.0,34700.0,3.67394,33.75205
2026-06-07 05:00:00+02:00,14.987,4.6102495,10.08,62.0,0.0,34880.0,4.1265044,36.846176
2026-06-07 06:00:00+02:00,14.837001,2.0991426,5.3999996,58.0,0.0,33920.0,5.012658,33.917152
2026-06-07 07:00:00+02:00,15.037001,2.8799999,4.32,64.0,0.0,31800.0,2.6571426,33.228638
2026-06-07 08:00:00+02:00,16.337,1.1384199,3.96,48.0,0.0,31840.0,1.8227848,36.919292
2026-06-07 09:00:00+02:00,18.137,2.4149535,4.68,34.0,0.0,38900.0,1.2889035,30.816475
2026-06-07 10:00:00+02:00,19.187,9.504273,11.5199995,0.0,0.0,39940.0,1.0189676,30.31864
2026-06-07 11:00:00+02:00,19.987,9.957108,14.759999,10.0,0.0,40720.0,2.577807,33.106678
2026-06-07 12:00:00+02:00,20.887,11.592894,14.759999,15.0,0.0,40960.0,2.9178793,33.05427
2026-06-07 13:00:00+02:00,21.286999,14.88242,20.880001,0.0,0.0,41020.0,4.1265044,32.192196
2026-06-07 14:00:00+02:00,22.337,10.587918,20.880001,0.0,0.0,41760.0,10.490914,33.45972
2026-06-07 15:00:00+02:00,22.887,11.988594,21.24,0.0,0.0,42120.0,11.474137,29.179018
2026-06-07 16:00:00+02:00,22.437,15.807239,21.96,0.0,0.0,41860.0,2.8820758,26.46497
2026-06-07 17:00:00+02:00,22.737,12.594856,26.28,0.0,0.0,41680.0,8.377872,23.364658
2026-06-07 18:00:00+02:00,22.737,9.605998,19.8,0.0,0.0,41560.0,7.958392,19.49005
2026-06-07 19:00:00+02:00,22.237,9.746631,17.28,0.0,0.0,41640.0,5.195736,18.042753
2026-06-07 20:00:00+02:00,21.637,5.3999996,15.4800005,0.0,0.0,41520.0,6.572144,14.289349
2026-06-07 21:00:00+02:00,19.737,5.692099,10.799999,0.0,0.0,41880.0,4.556962,15.824542
2026-06-07 22:00:00+02:00,16.337,6.28713,10.440001,0.0,0.0,39180.0,1.2889035,21.002802
2026-06-07 23:00:00+02:00,15.187,6.439876,9.72,0.0,0.0,35880.0,5.7641516,24.103226
2026-06-08 00:00:00+02:00,14.187,5.6920996,11.879999,0.0,0.0,37220.0,8.765491,27.204338
2026-06-08 01:00:00+02:00,12.737,3.8773184,8.64,0.0,0.0,33980.0,5.543783,32.042255
2026-06-08 02:00:00+02:00,12.637,4.73506,6.4799995,0.0,0.0,27920.0,8.658227,33.338604
2026-06-08 03:00:00+02:00,12.187,4.6800003,10.08,0.0,0.0,26100.0,8.670211,30.337694
2026-06-08 04:00:00+02:00,12.287001,4.5536795,7.5599995,0.0,0.0,22060.0,5.7641516,32.495934
2026-06-08 05:00:00+02:00,10.437,4.452954,7.2,0.0,0.0,35900.0,10.035667,26.105885
2026-06-08 06:00:00+02:00,9.937,3.8773184,6.8399997,0.0,0.0,34020.0,9.294415,25.020798
2026-06-08 07:00:00+02:00,10.887,2.2768397,6.8399997,0.0,0.0,15180.0,6.524576,27.792759
2026-06-08 08:00:00+02:00,15.387,3.396233,3.2399998,0.0,0.0,30140.0,10.569795,25.591688
2026-06-08 09:00:00+02:00,19.536999,3.9763298,7.5599995,0.0,0.0,39800.0,11.171529,22.499464
2026-06-08 10:00:00+02:00,21.786999,1.5273507,6.12,0.0,0.0,41100.0,8.215179,23.065948
2026-06-08 11:00:00+02:00,21.887,4.829907,10.08,0.0,0.0,40940.0,10.189676,22.499464
2026-06-08 12:00:00+02:00,23.387,4.072935,9.36,0.0,0.0,41100.0,10.638334,25.69685
2026-06-08 13:00:00+02:00,24.587,5.0911684,10.08,0.0,0.0,41600.0,13.246578,25.591688
2026-06-08 14:00:00+02:00,24.337,7.0911775,15.4800005,0.0,0.0,40980.0,18.454288,20.360134
2026-06-08 15:00:00+02:00,24.837,8.089993,14.759999,0.0,0.0,41220.0,26.90152,16.65485
2026-06-08 16:00:00+02:00,22.937,12.074766,27.0,0.0,0.0,40180.0,11.096928,27.57008
2026-06-08 17:00:00+02:00,22.887,3.6,16.56,0.0,0.0,38760.0,11.096928,38.246773
2026-06-08 18:00:00+02:00,22.837,4.0249224,9.0,4.0,0.5,7700.0,22.857605,23.17426
2026-06-08 19:00:00+02:00,20.137,8.78872,33.48,0.0,2.6,35940.0,23.002504,45.80084
2026-06-08 20:00:00+02:00,19.137,4.0249224,16.199999,0.0,0.0,22660.0,13.340306,56.42475
2026-06-08 21:00:00+02:00,18.237,9.6932955,15.4800005,27.0,0.5,23040.0,14.388747,59.921463
2026-06-08 22:00:00+02:00,17.337,2.7416782,16.199999,0.0,0.1,20260.0,17.748766,53.51266
2026-06-08 23:00:00+02:00,15.687,4.1046314,7.5599995,34.0,0.0,11400.0,10.754816,53.545048
2026-06-09 00:00:00+02:00,15.137,4.3349743,8.64,0.0,0.0,14080.0,12.065196,52.274452
2026-06-09 01:00:00+02:00,14.437,9.422101,11.879999,82.0,0.0,200.0,9.383359,48.766617
2026-06-09 02:00:00+02:00,15.937,2.2768397,16.199999,67.0,0.4,1360.0,8.36547,61.36043
2026-06-09 03:00:00+02:00,16.036999,7.2805495,11.159999,95.0,0.3,2960.0,7.0743074,58.595203
2026-06-09 04:00:00+02:00,16.087,4.5536795,11.159999,57.0,1.5,9540.0,9.079681,48.56078
2026-06-09 05:00:00+02:00,15.687,3.6,7.5599995,98.0,0.1,4940.0,15.2777195,56.809208
2026-06-09 06:00:00+02:00,15.887,2.0991426,12.24,100.0,0.0,17300.0,14.843389,49.817833
2026-06-09 07:00:00+02:00,15.887,3.8939953,7.92,100.0,0.0,15740.0,14.878324,50.4747
2026-06-09 08:00:00+02:00,15.887,3.319036,6.12,88.0,0.0,18140.0,12.379514,50.520477
2026-06-09 09:00:00+02:00,16.187,6.162207,9.36,83.0,0.0,15980.0,11.618018,52.78417
2026-06-09 10:00:00+02:00,17.187,7.072878,11.879999,78.0,0.0,28760.0,8.402622,52.78417
2026-06-09 11:00:00+02:00,16.036999,10.514218,16.56,96.0,0.0,30820.0,13.246578,50.56621
2026-06-09 12:00:00+02:00,16.536999,7.491114,18.0,87.0,0.0,32860.0,9.666777,48.87709
2026-06-09 13:00:00+02:00,18.237,7.072878,12.599999,70.0,0.0,37280.0,10.035667,45.779804
2026-06-09 14:00:00+02:00,17.437,11.966954,17.64,100.0,0.0,34320.0,8.646228,51.36746
2026-06-09 15:00:00+02:00,17.286999,13.009903,21.96,88.0,0.0,34720.0,8.253009,48.95585
2026-06-09 16:00:00+02:00,17.437,13.849476,23.759998,80.0,0.0,36280.0,8.670211,44.204258
2026-06-09 17:00:00+02:00,17.237,7.628263,23.759998,83.0,0.0,36380.0,10.411436,46.96369
2026-06-09 18:00:00+02:00,17.087,9.19939,15.4800005,79.0,0.0,35320.0,11.208644,43.968315
2026-06-09 19:00:00+02:00,16.587,7.8954163,15.84,69.0,0.0,36480.0,11.171529,37.907825
2026-06-09 20:00:00+02:00,15.637,7.42159,12.24,83.0,0.0,35100.0,14.155951,42.683414
2026-06-09 21:00:00+02:00,14.837001,6.489992,12.959999,70.0,0.0,35440.0,11.031237,36.55751
2026-06-09 22:00:00+02:00,13.987,4.452954,10.440001,69.0,0.0,34740.0,8.36547,32.186214
2026-06-09 23:00:00+02:00,14.537001,4.6800003,6.8399997,72.0,0.0,36200.0,8.062088,31.533234
2026-06-10 00:00:00+02:00,13.987,3.8773184,7.2,57.0,0.0,34520.0,8.062088,25.20489
2026-06-10 01:00:00+02:00,13.937,3.2399998,6.4799995,72.0,0.0,34080.0,8.765491,26.776121
2026-06-10 02:00:00+02:00,14.437,4.73506,5.3999996,80.0,0.0,38060.0,7.7602262,36.00535
2026-06-10 03:00:00+02:00,13.937,4.2136917,7.2,41.0,0.0,36540.0,5.709857,36.255924
2026-06-10 04:00:00+02:00,13.387,1.5273507,7.2,59.0,0.0,34340.0,6.0797453,28.800266
2026-06-10 05:00:00+02:00,13.887,4.6800003,5.04,86.0,0.0,37760.0,9.752324,31.312546
2026-06-10 06:00:00+02:00,13.637,4.379589,7.92,100.0,0.0,36500.0,11.282507,23.846117
2026-06-10 07:00:00+02:00,13.487,3.5455887,6.8399997,82.0,0.0,30280.0,10.240498,24.46021
2026-06-10 08:00:00+02:00,14.137,1.609969,8.28,74.0,0.0,33120.0,8.765491,22.76332
2026-06-10 09:00:00+02:00,15.087001,8.404285,14.4,77.0,0.0,37580.0,10.870049,19.98775
2026-06-10 10:00:00+02:00,15.037001,8.905908,16.56,82.0,0.0,37320.0,13.246578,22.379282
2026-06-10 11:00:00+02:00,15.987,11.119281,15.4800005,38.0,0.6,40980.0,18.073395,22.422277
2026-06-10 12:00:00+02:00,16.337,9.565437,17.28,63.0,0.0,41000.0,18.964846,26.076351
2026-06-10 13:00:00+02:00,15.537001,10.948973,23.759998,84.0,0.1,19600.0,20.236195,24.341797
2026-06-10 14:00:00+02:00,14.237,4.8965297,21.96,64.0,0.2,39400.0,10.391472,33.338604
2026-06-10 15:00:00+02:00,15.137,4.1046314,13.32,63.0,0.1,40460.0,7.34788,40.464016
2026-06-10 16:00:00+02:00,15.687,7.5685663,13.32,72.0,0.0,39540.0,14.482251,32.990105
2026-06-10 17:00:00+02:00,14.787001,15.580141,29.88,59.0,0.0,39640.0,8.976174,32.902405
2026-06-10 18:00:00+02:00,15.037001,5.3517847,22.68,19.0,0.0,39860.0,7.515534,31.951952
2026-06-10 19:00:00+02:00,15.337001,5.4477882,9.36,0.0,0.0,40620.0,8.598059,28.068626
2026-06-10 20:00:00+02:00,14.687,5.6002855,9.72,0.0,0.0,39560.0,8.11344,26.740126
2026-06-10 21:00:00+02:00,13.487,3.8268526,9.36,0.0,0.0,38840.0,3.9200466,22.041039
2026-06-10 22:00:00+02:00,11.587001,4.452954,7.2,0.0,0.0,31460.0,2.577807,22.102129
2026-06-10 23:00:00+02:00,9.687,3.96,7.2,0.0,0.0,14220.0,4.2990294,17.577684
2026-06-11 00:00:00+02:00,9.837001,3.563818,6.12,0.0,0.0,23560.0,6.330734,17.21225
2026-06-11 01:00:00+02:00,9.387,2.0991426,6.4799995,0.0,0.0,21320.0,6.9559,21.112572
2026-06-11 02:00:00+02:00,10.337001,2.6208394,4.32,0.0,0.0,27340.0,7.958392,22.249796
2026-06-11 03:00:00+02:00,10.187,1.08,4.32,0.0,0.0,31300.0,8.377872,24.238705
2026-06-11 04:00:00+02:00,9.887,2.5455842,5.3999996,22.0,0.0,32160.0,10.066657,25.69685
2026-06-11 05:00:00+02:00,9.287001,3.6,4.32,0.0,0.0,31660.0,10.9461975,18.631031
2026-06-11 06:00:00+02:00,9.787001,1.08,5.7599998,0.0,0.0,34780.0,11.02182,18.328745
2026-06-11 07:00:00+02:00,10.187,2.8799999,4.32,0.0,0.0,34820.0,12.969341,20.331732
2026-06-11 08:00:00+02:00,10.937,2.5959969,8.28,0.0,0.0,28020.0,9.079681,23.265514
2026-06-11 09:00:00+02:00,12.737,2.3051248,8.64,5.0,0.0,33680.0,9.580463,17.643314
2026-06-11 10:00:00+02:00,14.187,0.8049845,5.3999996,36.0,0.0,38740.0,7.0743074,25.051575
2026-06-11 11:00:00+02:00,15.487,6.6185193,8.64,7.0,0.0,41000.0,7.800262,23.265514
2026-06-11 12:00:00+02:00,16.687,6.989936,12.24,0.0,0.0,41420.0,8.215179,26.566677
2026-06-11 13:00:00+02:00,17.437,9.504272,16.199999,0.0,0.0,42960.0,9.65603,23.7652
2026-06-11 14:00:00+02:00,18.687,12.7279215,17.28,0.0,0.0,45540.0,8.151741,21.085184
2026-06-11 15:00:00+02:00,19.187,12.88981,16.919998,0.0,0.0,45180.0,8.987734,20.66999
2026-06-11 16:00:00+02:00,19.337,15.9134655,24.119999,0.0,0.0,45120.0,7.3053656,23.463383
2026-06-11 17:00:00+02:00,19.387,14.113652,30.599998,0.0,0.0,45400.0,7.20519,25.69685
2026-06-11 18:00:00+02:00,19.237,10.587918,22.319998,0.0,0.0,45040.0,9.688234,26.948225
2026-06-11 19:00:00+02:00,18.687,10.144082,18.359999,0.0,0.0,43700.0,10.189676,32.186214
2026-06-11 20:00:00+02:00,17.987,5.1544156,16.919998,0.0,0.0,42900.0,8.706063,34.02489
2026-06-11 21:00:00+02:00,16.286999,6.297428,11.5199995,0.0,0.0,42740.0,9.383359,39.182186
2026-06-11 22:00:00+02:00,13.437,4.73506,10.08,0.0,0.0,40720.0,6.1138062,43.629665
2026-06-11 23:00:00+02:00,12.837001,3.6179552,7.2,0.0,0.0,40880.0,3.0569031,39.280388
2026-06-12 00:00:00+02:00,12.387,3.8773184,5.7599998,0.0,0.0,40400.0,5.506198,40.587597
2026-06-12 01:00:00+02:00,12.937,4.0249224,6.12,0.0,0.0,40940.0,3.89347,36.9558
2026-06-12 02:00:00+02:00,12.987,3.671294,6.12,0.0,0.0,40840.0,4.323114,42.225143
2026-06-12 03:00:00+02:00,13.387,2.9024127,5.04,0.0,0.0,41100.0,7.205189,29.611515
2026-06-12 04:00:00+02:00,13.587001,3.671294,7.5599995,0.0,0.0,40920.0,7.7468357,29.954306
2026-06-12 05:00:00+02:00,13.437,3.6,5.04,0.0,0.0,40980.0,5.543783,31.034481
2026-06-12 06:00:00+02:00,14.137,1.08,5.04,0.0,0.0,41240.0,7.0889688,28.430025
2026-06-12 07:00:00+02:00,14.487,1.609969,4.32,44.0,0.0,40820.0,7.34788,30.540203
2026-06-12 08:00:00+02:00,14.887,1.484318,5.04,6.0,0.0,40660.0,7.34788,35.466312
2026-06-12 09:00:00+02:00,16.187,0.8049845,2.8799999,0.0,0.0,40200.0,4.907998,31.65517
2026-06-12 10:00:00+02:00,18.087,3.396233,6.4799995,0.0,0.0,41040.0,3.2222586,27.373749
2026-06-12 11:00:00+02:00,19.137,9.449572,14.04,0.0,0.0,41280.0,5.094838,29.799566
2026-06-12 12:00:00+02:00,20.286999,6.989936,14.04,0.0,0.0,42040.0,6.444517,28.980291
2026-06-12 13:00:00+02:00,21.137,10.464797,13.32,10.0,0.0,41460.0,8.377872,29.799566
2026-06-12 14:00:00+02:00,21.887,10.703569,17.28,14.0,0.0,41520.0,6.940957,32.281826
2026-06-12 15:00:00+02:00,22.036999,13.755579,20.16,50.0,0.0,41660.0,6.970812,27.716415
2026-06-12 16:00:00+02:00,22.786999,12.682018,20.880001,34.0,0.0,42200.0,8.253009,31.79482
2026-06-12 17:00:00+02:00,22.837,11.709688,22.319998,47.0,0.0,42320.0,10.240498,33.820465
2026-06-12 18:00:00+02:00,22.837,10.383987,20.519999,20.0,0.0,42040.0,9.65603,32.990105
2026-06-12 19:00:00+02:00,22.387,7.69592,17.64,8.0,0.0,41580.0,10.725815,42.796085
2026-06-12 20:00:00+02:00,21.337,5.8603754,12.959999,0.0,0.0,41000.0,4.323114,50.65755
2026-06-12 21:00:00+02:00,19.887,2.8116899,8.64,0.0,0.0,40340.0,2.7718916,47.319187
2026-06-12 22:00:00+02:00,16.036999,3.319036,5.3999996,0.0,0.0,35600.0,1.8227848,45.581615
2026-06-12 23:00:00+02:00,14.837001,3.6179552,5.3999996,0.0,0.0,34440.0,2.453999,42.755558
2026-06-13 00:00:00+02:00,14.187,3.0758414,5.3999996,0.0,0.0,36200.0,2.0379353,39.69503
2026-06-13 01:00:00+02:00,13.487,2.6208394,5.04,0.0,0.0,36640.0,6.524576,38.287045
2026-06-13 02:00:00+02:00,12.837001,3.219938,4.32,0.0,0.0,35180.0,2.6571426,41.157852
2026-06-13 03:00:00+02:00,13.737,4.0249224,4.32,0.0,0.0,34000.0,1.3670886,42.89949
2026-06-13 04:00:00+02:00,13.587001,1.4399999,6.12,0.0,0.0,26780.0,3.67394,39.422344
2026-06-13 05:00:00+02:00,12.937,3.2599385,2.8799999,0.0,0.0,24460.0,2.453999,33.917152
2026-06-13 06:00:00+02:00,13.187,2.6208394,4.68,0.0,0.0,24720.0,3.286072,34.02489
2026-06-13 07:00:00+02:00,13.687,2.4149535,3.2399998,0.0,0.0,25300.0,1.8788835,32.773354
2026-06-13 08:00:00+02:00,15.587001,1.2979984,5.3999996,0.0,0.0,35300.0,1.8788835,30.922554
2026-06-13 09:00:00+02:00,17.437,0.35999998,2.8799999,0.0,0.0,36660.0,2.0379353,30.816475
2026-06-13 10:00:00+02:00,19.637,1.8,4.68,0.0,0.0,36300.0,2.0379353,27.89653
2026-06-13 11:00:00+02:00,21.837,3.2399998,4.68,0.0,0.0,40500.0,1.8788835,29.80603
2026-06-13 12:00:00+02:00,23.536999,3.5455887,4.32,0.0,0.0,41220.0,1.3670886,27.57008
2026-06-13 13:00:00+02:00,25.187,4.8965297,5.7599998,0.0,0.0,42320.0,2.278481,25.136013
2026-06-13 14:00:00+02:00,25.087,11.090103,14.4,0.0,0.0,42560.0,3.67394,23.240662
2026-06-13 15:00:00+02:00,25.687,10.195057,15.84,0.0,0.0,45040.0,5.0333285,18.999592
2026-06-13 16:00:00+02:00,26.437,7.7043357,16.919998,0.0,0.0,49900.0,8.074956,16.952896
2026-06-13 17:00:00+02:00,26.887,4.2136917,12.959999,0.0,0.0,49460.0,9.079681,17.290411
2026-06-13 18:00:00+02:00,27.036999,3.5455887,7.2,0.0,0.0,50080.0,12.039351,20.331732
2026-06-13 19:00:00+02:00,26.587,5.904439,9.72,0.0,0.0,51240.0,15.553866,22.041037
2026-06-13 20:00:00+02:00,25.036999,5.991594,9.72,0.0,0.0,47660.0,15.713261,19.900824
2026-06-13 21:00:00+02:00,22.536999,2.9024127,8.64,0.0,0.0,42720.0,15.086228,21.733002
2026-06-13 22:00:00+02:00,17.437,4.5536795,7.2,0.0,0.0,40560.0,11.501252,29.337025
2026-06-13 23:00:00+02:00,17.237,6.9899354,9.36,0.0,0.0,40860.0,10.189676,26.537657
2026-06-14 00:00:00+02:00,15.387,4.379589,11.5199995,0.0,0.0,39920.0,11.501252,26.69687
2026-06-14 01:00:00+02:00,15.687,3.219938,7.2,0.0,0.0,40100.0,8.11344,29.172411
2026-06-14 02:00:00+02:00,15.887,4.072935,3.96,0.0,0.0,39800.0,3.5591009,28.558468
2026-06-14 03:00:00+02:00,15.737,3.396233,6.12,0.0,0.0,39840.0,3.1898732,27.563091
2026-06-14 04:00:00+02:00,15.487,2.2768397,5.04,0.0,0.0,39640.0,5.195736,25.92076
2026-06-14 05:00:00+02:00,14.337001,2.8116899,2.52,0.0,0.0,38620.0,4.511162,20.632677
2026-06-14 06:00:00+02:00,13.637,4.0249224,6.4799995,0.0,0.0,37500.0,3.67394,20.49216
2026-06-14 07:00:00+02:00,14.887,2.52,6.12,0.0,0.0,26660.0,2.3236039,22.889902
2026-06-14 08:00:00+02:00,16.786999,2.0991426,3.2399998,0.0,0.0,36200.0,3.286072,28.102917
2026-06-14 09:00:00+02:00,19.687,2.5959969,5.3999996,0.0,0.0,39000.0,2.278481,29.670004
2026-06-14 10:00:00+02:00,22.036999,1.2979984,5.3999996,0.0,0.0,41360.0,2.9178793,30.659805
2026-06-14 11:00:00+02:00,23.487,4.39436,8.64,0.0,0.0,41880.0,5.195736,30.816475
2026-06-14 12:00:00+02:00,24.937,5.3999996,10.440001,0.0,0.0,41980.0,7.515534,27.48611
2026-06-14 13:00:00+02:00,26.187,7.10031,12.959999,0.0,0.0,45380.0,10.802979,28.048029
2026-06-14 14:00:00+02:00,26.687,10.495713,18.72,0.0,0.0,47460.0,13.456546,25.591688
2026-06-14 15:00:00+02:00,27.036999,13.217443,23.4,0.0,0.0,49360.0,16.316214,19.430658
2026-06-14 16:00:00+02:00,27.187,14.693999,26.28,0.0,0.0,47620.0,14.878324,19.480164
2026-06-14 17:00:00+02:00,27.237,12.096214,29.16,0.0,0.0,48120.0,15.480263,21.402544
2026-06-14 18:00:00+02:00,26.687,13.281023,23.039999,0.0,0.0,44560.0,19.658419,16.102081
2026-06-14 19:00:00+02:00,26.087,14.8257065,26.28,0.0,0.0,45560.0,24.06145,13.781546
2026-06-14 20:00:00+02:00,25.286999,7.729527,23.4,0.0,0.0,46780.0,21.66355,12.241913
2026-06-14 21:00:00+02:00,23.437,4.452954,11.159999,0.0,0.0,43360.0,22.370924,14.753624
2026-06-14 22:00:00+02:00,18.536999,4.73506,8.64,0.0,0.0,41640.0,19.387182,17.752157
2026-06-14 23:00:00+02:00,16.887,4.802999,9.36,0.0,0.0,41220.0,16.587591,19.716057
2026-06-15 00:00:00+02:00,16.036999,3.8268526,7.5599995,0.0,0.0,41200.0,10.9461975,19.832952
2026-06-15 01:00:00+02:00,15.037001,3.8268526,6.12,0.0,0.0,40980.0,10.189676,21.935911
2026-06-15 02:00:00+02:00,15.437,3.0758414,6.12,0.0,0.0,41300.0,5.941551,21.94469
2026-06-15 03:00:00+02:00,14.437,3.096837,4.32,0.0,0.0,41020.0,5.543783,23.422297
2026-06-15 04:00:00+02:00,13.537001,1.5273507,4.32,0.0,0.0,40680.0,3.67394,29.14599
2026-06-15 05:00:00+02:00,12.987,2.4149535,2.52,0.0,0.0,40260.0,3.67394,25.561563
2026-06-15 06:00:00+02:00,12.337001,3.096837,4.68,0.0,0.0,39920.0,2.7718916,25.868687
2026-06-15 07:00:00+02:00,14.187,2.9024127,5.04,0.0,0.0,39320.0,1.0189676,27.253859
2026-06-15 08:00:00+02:00,17.286999,2.2768397,4.32,0.0,0.0,40440.0,4.556962,27.401884
2026-06-15 09:00:00+02:00,19.737,2.1897945,4.68,0.0,0.0,41200.0,4.2990294,27.875805
2026-06-15 10:00:00+02:00,21.187,5.1919937,9.0,0.0,0.0,41480.0,4.1265044,28.719894
2026-06-15 11:00:00+02:00,22.587,4.896529,10.440001,0.0,0.0,42800.0,8.215179,24.835342
2026-06-15 12:00:00+02:00,24.337,3.671294,10.799999,0.0,0.0,44980.0,10.870049,31.312546
2026-06-15 13:00:00+02:00,25.837,9.19939,16.56,0.0,0.0,47000.0,16.518595,31.170732
2026-06-15 14:00:00+02:00,26.437,17.31746,37.8,0.0,0.0,48140.0,17.1538,19.725824
2026-06-15 15:00:00+02:00,26.786999,17.84816,31.68,0.0,0.0,49160.0,17.536903,22.653046
2026-06-15 16:00:00+02:00,26.987,19.373219,33.839996,0.0,0.0,48520.0,18.97032,18.074755
2026-06-15 17:00:00+02:00,26.387,18.171976,36.36,0.0,0.0,47360.0,13.309138,12.659634
2026-06-15 18:00:00+02:00,25.587,18.218275,34.92,0.0,0.0,47480.0,7.971428,12.367153
2026-06-15 19:00:00+02:00,25.237,14.003028,29.16,0.0,0.0,46360.0,10.599223,10.998648
2026-06-15 20:00:00+02:00,24.786999,11.681987,23.039999,0.0,0.0,47060.0,14.272824,14.922391
2026-06-15 21:00:00+02:00,22.536999,7.6367526,19.8,0.0,0.0,45040.0,14.723995,21.429527
2026-06-15 22:00:00+02:00,17.737,5.3999996,10.799999,0.0,0.0,41320.0,13.701232,19.331268
2026-06-15 23:00:00+02:00,16.137,3.8773184,9.72,0.0,0.0,40760.0,8.062088,20.49216
2026-06-16 00:00:00+02:00,16.036999,3.096837,5.3999996,0.0,0.0,41140.0,5.6366506,11.809426
2026-06-16 01:00:00+02:00,14.387,2.52,5.3999996,0.0,0.0,40000.0,1.8788835,11.172413
2026-06-16 02:00:00+02:00,14.587001,2.0991426,5.7599998,0.0,0.0,39880.0,4.0758705,11.189642
2026-06-16 03:00:00+02:00,13.887,3.8939953,6.12,0.0,0.0,39500.0,2.8820758,12.659634
2026-06-16 04:00:00+02:00,13.437,2.5959969,5.7599998,0.0,0.0,39040.0,3.5591009,12.194616
2026-06-16 05:00:00+02:00,13.137,2.2768397,5.7599998,0.0,0.0,39120.0,6.444517,12.413793
2026-06-16 06:00:00+02:00,13.537001,2.8116899,4.32,0.0,0.0,39740.0,7.4739733,11.858258
2026-06-16 07:00:00+02:00,13.987,1.8,3.6,0.0,0.0,35940.0,5.562481,12.795844
2026-06-16 08:00:00+02:00,18.637,2.5959969,6.12,0.0,0.0,40440.0,6.1138062,11.9230585
2026-06-16 09:00:00+02:00,21.187,5.00128,8.64,0.0,0.0,41460.0,9.612922,11.661699
2026-06-16 10:00:00+02:00,23.087,1.08,9.0,0.0,0.0,42000.0,3.89347,12.5680065
2026-06-16 11:00:00+02:00,23.887,4.198285,7.2,0.0,0.0,42740.0,3.89347,17.752157
2026-06-16 12:00:00+02:00,24.887,8.891343,10.440001,0.0,0.0,43040.0,4.0758705,16.386677
2026-06-16 13:00:00+02:00,26.536999,1.9386592,10.440001,0.0,0.0,45880.0,4.488087,16.94153
2026-06-16 14:00:00+02:00,27.887,4.68,9.36,0.0,0.0,49720.0,3.2222586,19.716057
2026-06-16 15:00:00+02:00,27.887,11.720751,14.759999,0.0,0.0,44680.0,12.159491,16.13793
2026-06-16 16:00:00+02:00,28.087,10.97262,19.08,0.0,0.0,45960.0,12.864844,17.167427
2026-06-16 17:00:00+02:00,27.737,4.3349743,17.28,0.0,0.0,45460.0,21.398321,18.662022
2026-06-16 18:00:00+02:00,27.687,5.1544156,9.0,0.0,0.0,45700.0,24.216297,24.103226
2026-06-16 19:00:00+02:00,25.687,8.759178,15.119999,0.0,0.0,42220.0,24.293348,22.76332
2026-06-16 20:00:00+02:00,24.987,7.289444,15.119999,0.0,0.0,43400.0,4.488087,28.612377
2026-06-16 21:00:00+02:00,23.137,2.2768397,16.199999,0.0,0.0,41120.0,9.227144,41.40516
2026-06-16 22:00:00+02:00,20.487,3.0758414,6.8399997,0.0,0.0,39080.0,7.958391,30.108244
2026-06-16 23:00:00+02:00,19.786999,4.73506,9.72,0.0,0.0,39360.0,0.9113924,29.844782
2026-06-17 00:00:00+02:00,18.437,5.2416787,9.0,0.0,0.0,36640.0,8.21518,27.563091
2026-06-17 01:00:00+02:00,18.087,4.3498964,7.5599995,0.0,0.0,36640.0,10.391472,24.206896
2026-06-17 02:00:00+02:00,18.237,4.6938257,6.4799995,0.0,0.0,38380.0,11.319258,23.553514
2026-06-17 03:00:00+02:00,18.187,2.6208394,7.2,0.0,0.0,38760.0,8.36547,21.794956
2026-06-17 04:00:00+02:00,16.786999,2.9024127,5.04,0.0,0.0,36760.0,6.1138062,22.77178
2026-06-17 05:00:00+02:00,15.837001,4.452954,4.68,0.0,0.0,34820.0,5.506198,22.82248
2026-06-17 06:00:00+02:00,15.987,4.452954,7.2,0.0,0.0,34840.0,6.940957,21.679756
2026-06-17 07:00:00+02:00,17.837,4.8433046,7.5599995,0.0,0.0,34760.0,7.291139,19.480164
2026-06-17 08:00:00+02:00,22.987,4.0249224,7.5599995,0.0,0.0,42080.0,6.850616,18.908127
2026-06-17 09:00:00+02:00,23.536999,1.08,7.2,0.0,0.0,41220.0,5.333787,14.167504
2026-06-17 10:00:00+02:00,24.937,2.7416782,5.3999996,0.0,0.0,41500.0,3.1898732,11.939203
2026-06-17 11:00:00+02:00,25.987,4.3498964,8.64,0.0,0.0,42920.0,2.7718916,5.551616
2026-06-17 12:00:00+02:00,27.837,6.618519,11.5199995,0.0,0.0,44520.0,2.278481,2.4827583
2026-06-17 13:00:00+02:00,29.087,9.449572,14.04,0.0,0.0,45380.0,6.330734,11.172413
2026-06-17 14:00:00+02:00,29.887,12.979984,19.8,0.0,0.0,44100.0,8.402622,12.194616
2026-06-17 15:00:00+02:00,30.587,13.551501,19.44,0.0,0.0,45520.0,9.56962,10.4046545
2026-06-17 16:00:00+02:00,30.987,13.104198,19.08,0.0,0.0,47380.0,9.784211,13.034482
2026-06-17 17:00:00+02:00,30.737,8.913181,19.08,0.0,0.0,46380.0,8.95301,7.8511715
2026-06-17 18:00:00+02:00,30.837,8.287822,14.759999,0.0,0.0,48820.0,8.976174,7.677507
2026-06-17 19:00:00+02:00,29.687,9.659814,14.04,0.0,0.0,46840.0,10.481012,14.490146
2026-06-17 20:00:00+02:00,28.437,4.072935,14.4,0.0,0.0,45000.0,10.569795,21.076046
2026-06-17 21:00:00+02:00,25.637,3.6,6.12,0.0,0.0,41560.0,9.227144,18.98945
2026-06-17 22:00:00+02:00,21.987,4.072935,7.2,0.0,0.0,40420.0,3.9200466,15.566816
2026-06-17 23:00:00+02:00,20.487,4.8433046,6.4799995,0.0,0.0,40660.0,3.4704785,13.879042
2026-06-18 00:00:00+02:00,19.737,3.6,7.5599995,0.0,0.0,40220.0,1.4410379,13.093462
2026-06-18 01:00:00+02:00,18.937,3.396233,5.04,0.0,0.0,39500.0,3.2222586,9.494725
2026-06-18 02:00:00+02:00,18.786999,5.6233797,5.7599998,0.0,0.0,39640.0,5.012658,8.886923
2026-06-18 03:00:00+02:00,18.737,4.3349743,9.0,0.0,0.0,39820.0,6.198138,10.714764
2026-06-18 04:00:00+02:00,17.536999,2.968636,6.12,0.0,0.0,38480.0,5.195736,13.268828
2026-06-18 05:00:00+02:00,16.987,4.0249224,4.32,0.0,0.0,36660.0,5.195736,11.326523
2026-06-18 06:00:00+02:00,16.637,4.0249224,6.12,0.0,0.0,35820.0,8.074956,11.595439
2026-06-18 07:00:00+02:00,17.587,2.8116899,6.12,0.0,0.0,31880.0,7.34788,12.226168
2026-06-18 08:00:00+02:00,22.237,1.5273507,4.32,0.0,0.0,40080.0,6.524576,11.41124
2026-06-18 09:00:00+02:00,23.987,1.5273507,4.68,0.0,0.0,40020.0,7.6388597,13.626929
2026-06-18 10:00:00+02:00,25.487,2.0364676,5.04,0.0,0.0,41000.0,4.57969,13.948265
2026-06-18 11:00:00+02:00,26.786999,4.510787,7.2,0.0,0.0,43060.0,1.8788835,16.398428
2026-06-18 12:00:00+02:00,28.387,4.8965297,6.4799995,0.0,0.0,43840.0,0.9113924,15.025306
2026-06-18 13:00:00+02:00,29.637,8.209263,9.72,0.0,0.0,43760.0,2.0379353,14.289349
2026-06-18 14:00:00+02:00,29.786999,9.673221,13.32,0.0,0.0,43240.0,5.468354,19.390963
2026-06-18 15:00:00+02:00,30.687,8.78872,14.759999,0.0,0.0,45680.0,8.21518,16.386677
2026-06-18 16:00:00+02:00,31.237,9.449572,16.919998,0.0,0.0,45420.0,9.580464,11.41124
2026-06-18 17:00:00+02:00,31.237,8.0899935,17.28,0.0,0.0,44500.0,8.561753,9.227214
2026-06-18 18:00:00+02:00,31.337,4.68,12.959999,0.0,0.0,47780.0,11.961482,8.092802
2026-06-18 19:00:00+02:00,31.087,4.6800003,9.72,0.0,0.0,50900.0,10.490913,6.1445136
2026-06-18 20:00:00+02:00,29.637,5.0911684,6.8399997,0.0,0.0,47400.0,13.033229,3.9255857
2026-06-18 21:00:00+02:00,26.937,4.2136917,6.8399997,0.0,0.0,41820.0,8.765491,11.41124
2026-06-18 22:00:00+02:00,24.536999,9.585739,15.4800005,0.0,0.0,43220.0,10.189676,11.189642
2026-06-18 23:00:00+02:00,25.137,1.835647,17.64,0.0,0.0,43300.0,7.971428,11.103232
2026-06-19 00:00:00+02:00,20.237,4.379589,6.8399997,0.0,0.0,39460.0,7.7602262,16.492132
2026-06-19 01:00:00+02:00,19.737,1.609969,8.28,0.0,0.0,39400.0,8.987734,21.546066
2026-06-19 02:00:00+02:00,18.887,1.8,3.2399998,0.0,0.0,38040.0,9.350104,13.879042
2026-06-19 03:00:00+02:00,18.187,1.4399999,5.04,0.0,0.0,36840.0,9.994198,13.166815
2026-06-19 04:00:00+02:00,19.387,1.9386592,3.2399998,0.0,0.0,37700.0,8.84802,8.886923
2026-06-19 05:00:00+02:00,19.286999,2.52,5.3999996,0.0,0.0,37640.0,9.994198,5.855574
2026-06-19 06:00:00+02:00,18.286999,1.609969,3.2399998,0.0,0.0,36280.0,12.669665,2.775808
2026-06-19 07:00:00+02:00,18.987,0.5091169,2.16,0.0,0.0,33040.0,14.075039,1.8620689
2026-06-19 08:00:00+02:00,21.887,3.7064266,4.68,0.0,0.0,37260.0,12.669665,4.1637125
2026-06-19 09:00:00+02:00,22.937,1.5273507,9.0,0.0,0.0,37260.0,16.303482,8.350525
2026-06-19 10:00:00+02:00,25.187,1.2979984,3.96,0.0,0.0,40580.0,19.631992,12.915714
2026-06-19 11:00:00+02:00,26.987,4.6938257,10.440001,0.0,0.0,41760.0,16.86076,14.714402
2026-06-19 12:00:00+02:00,27.687,10.514218,17.64,0.0,0.0,41120.0,13.049152,16.952896
2026-06-19 13:00:00+02:00,28.987,11.019764,16.199999,0.0,0.0,42300.0,5.487309,19.440569
2026-06-19 14:00:00+02:00,29.786999,7.2,18.72,0.0,0.0,43980.0,15.5204525,18.328745
2026-06-19 15:00:00+02:00,29.737,8.699793,15.84,0.0,0.0,43580.0,18.555286,9.655664
2026-06-19 16:00:00+02:00,22.786999,20.150354,54.719997,0.0,1.7,2480.0,20.712883,6.2378535
2026-06-19 17:00:00+02:00,24.937,0.8049845,36.0,0.0,13.9,40220.0,22.04364,22.353445
2026-06-19 18:00:00+02:00,23.137,8.049845,19.08,0.0,1.9,21580.0,21.615568,26.370178
2026-06-19 19:00:00+02:00,21.337,4.0249224,22.68,0.0,7.1,2460.0,22.104788,15.714606
2026-06-19 20:00:00+02:00,20.737,8.287822,17.28,0.0,7.4,37480.0,9.752324,20.293798
2026-06-19 21:00:00+02:00,21.837,6.8777895,15.4800005,0.0,0.0,38540.0,3.286072,17.390388
2026-06-19 22:00:00+02:00,21.337,6.3690495,12.599999,0.0,0.0,37200.0,11.096928,15.824542
2026-06-19 23:00:00+02:00,19.536999,4.6800003,9.72,0.0,0.0,34240.0,10.035667,20.818563
2026-06-20 00:00:00+02:00,17.536999,4.198285,7.5599995,0.0,0.0,24640.0,8.598059,21.402544
2026-06-20 01:00:00+02:00,16.987,4.6800003,8.28,0.0,0.0,25520.0,10.240498,22.4909
2026-06-20 02:00:00+02:00,16.837,4.6800003,7.5599995,0.0,0.0,27160.0,12.396276,27.716415
2026-06-20 03:00:00+02:00,16.387,3.5455887,6.8399997,0.0,0.0,26920.0,13.285712,26.076351
2026-06-20 04:00:00+02:00,15.237,2.5455842,5.3999996,0.0,0.0,18580.0,13.548821,24.333883
2026-06-20 05:00:00+02:00,15.137,3.8268526,5.3999996,0.0,0.0,23980.0,12.661468,23.95894
2026-06-20 06:00:00+02:00,15.137,3.8268526,6.4799995,0.0,0.0,27200.0,13.678478,16.884583
2026-06-20 07:00:00+02:00,17.437,4.3349743,6.8399997,0.0,0.0,31600.0,13.881914,13.196042
2026-06-20 08:00:00+02:00,20.737,3.2599385,8.28,0.0,0.0,33880.0,8.377872,15.025306
2026-06-20 09:00:00+02:00,23.637,3.6179552,6.8399997,0.0,0.0,40800.0,4.6916795,13.626929
2026-06-20 10:00:00+02:00,24.587,0.0,6.12,0.0,0.0,40540.0,3.67394,10.027549
2026-06-20 11:00:00+02:00,25.687,2.5455842,5.04,0.0,0.0,40900.0,2.3236039,9.227215
2026-06-20 12:00:00+02:00,27.387,5.8048253,9.72,0.0,0.0,41480.0,2.9178793,6.390391
2026-06-20 13:00:00+02:00,28.937,8.0899935,9.36,0.0,0.0,43240.0,5.709857,7.499821
2026-06-20 14:00:00+02:00,29.387,7.9036193,11.5199995,0.0,0.0,43600.0,8.377872,9.331011
2026-06-20 15:00:00+02:00,30.337,5.8048253,14.4,0.0,0.0,44540.0,8.670211,11.444951
2026-06-20 16:00:00+02:00,31.137,7.4128532,13.32,0.0,0.0,46960.0,10.025316,12.5526705
2026-06-20 17:00:00+02:00,30.987,3.8939953,13.32,0.0,0.0,48840.0,9.15938,7.0769506
2026-06-20 18:00:00+02:00,30.937,2.16,8.64,0.0,0.0,49600.0,12.159491,10.839878
2026-06-20 19:00:00+02:00,30.786999,2.1897945,3.6,0.0,0.0,51200.0,7.543114,12.194616
2026-06-20 20:00:00+02:00,28.887,1.1384199,6.8399997,0.0,0.0,42820.0,12.269996,17.478779
2026-06-20 21:00:00+02:00,25.137,4.3349743,6.12,0.0,0.0,38880.0,11.760141,18.0
2026-06-20 22:00:00+02:00,20.487,2.7416782,9.36,0.0,0.0,38560.0,3.5591009,14.753624
2026-06-20 23:00:00+02:00,20.887,5.1165614,7.92,0.0,0.0,41200.0,1.0189676,11.189641
2026-06-21 00:00:00+02:00,20.187,5.1919937,8.28,0.0,0.0,40660.0,4.101266,7.0769506
2026-06-21 01:00:00+02:00,19.687,5.1544156,8.64,0.0,0.0,40900.0,7.866535,5.2667265
2026-06-21 02:00:00+02:00,18.987,4.5820518,7.92,0.0,0.0,39820.0,8.377872,6.7137847
2026-06-21 03:00:00+02:00,18.337,3.8268526,6.8399997,0.0,0.0,39520.0,7.20519,8.951714
2026-06-21 04:00:00+02:00,17.137,2.0991426,5.3999996,0.0,0.0,37140.0,6.444517,9.715329
2026-06-21 05:00:00+02:00,17.187,4.0249224,5.04,0.0,0.0,36480.0,7.0743074,9.227215
2026-06-21 06:00:00+02:00,17.036999,2.8116899,6.8399997,0.0,0.0,37600.0,8.215179,11.326523
2026-06-21 07:00:00+02:00,16.987,2.6208394,5.04,0.0,0.0,23360.0,7.205189,12.915714
2026-06-21 08:00:00+02:00,21.187,2.968636,4.32,0.0,0.0,34520.0,9.482423,12.735487
2026-06-21 09:00:00+02:00,24.687,4.6102495,7.92,0.0,0.0,35340.0,7.5842957,12.289027
2026-06-21 10:00:00+02:00,26.987,1.2979984,6.8399997,0.0,0.0,40260.0,6.47666,12.5680065
2026-06-21 11:00:00+02:00,28.337,3.7585104,8.28,0.0,0.0,42080.0,2.6571426,14.999642
2026-06-21 12:00:00+02:00,28.437,7.289445,9.0,0.0,0.0,41680.0,2.3236039,14.753624
2026-06-21 13:00:00+02:00,30.137,8.049845,9.36,0.0,0.0,44220.0,6.524576,11.939203
2026-06-21 14:00:00+02:00,30.637,3.319036,10.08,0.0,0.0,45380.0,7.7468357,5.3031745
2026-06-21 15:00:00+02:00,31.437,1.2979984,7.5599995,0.0,0.0,46640.0,10.628571,5.7224755
2026-06-21 16:00:00+02:00,32.137,0.8049845,2.8799999,0.0,0.0,47720.0,10.240498,7.5510154
2026-06-21 17:00:00+02:00,31.837,1.835647,3.2399998,0.0,0.0,45040.0,12.039351,11.189641
2026-06-21 18:00:00+02:00,31.487,3.6,6.4799995,0.0,0.0,45260.0,18.766718,14.153901
2026-06-21 19:00:00+02:00,29.487,3.096837,13.679999,0.0,0.0,42700.0,18.97032,12.226168
2026-06-21 20:00:00+02:00,28.837,2.9024127,5.3999996,0.0,0.0,40900.0,13.049152,17.577684
2026-06-21 21:00:00+02:00,25.637,4.6938252,6.4799995,0.0,0.0,38900.0,6.572144,13.612786
2026-06-21 22:00:00+02:00,22.937,4.6938257,6.8399997,0.0,0.0,39420.0,3.5591009,18.91831
2026-06-21 23:00:00+02:00,22.536999,3.563818,8.64,0.0,0.0,39800.0,0.64445174,15.367554
2026-06-22 00:00:00+02:00,21.237,2.7416782,6.4799995,0.0,0.0,38500.0,2.453999,15.41761
2026-06-22 01:00:00+02:00,20.187,1.2979984,5.04,0.0,0.0,37880.0,4.556962,16.245003
2026-06-22 02:00:00+02:00,20.137,2.0364676,2.8799999,0.0,0.0,38240.0,5.506198,16.386677
2026-06-22 03:00:00+02:00,20.187,1.1384199,2.8799999,0.0,0.0,39060.0,4.907998,15.628565
2026-06-22 04:00:00+02:00,19.437,0.5091169,2.16,0.0,0.0,38060.0,4.907998,16.149862
2026-06-22 05:00:00+02:00,19.187,0.5091169,0.71999997,0.0,0.0,38880.0,4.511162,14.753624
2026-06-22 06:00:00+02:00,19.437,1.2979984,1.4399999,0.0,0.0,39240.0,3.2222586,15.329903
2026-06-22 07:00:00+02:00,18.837,1.1384199,1.4399999,0.0,0.0,28600.0,3.67394,15.266946
2026-06-22 08:00:00+02:00,22.786999,3.319036,4.68,0.0,0.0,35360.0,5.543783,10.857635
2026-06-22 09:00:00+02:00,26.337,1.835647,5.7599998,0.0,0.0,39260.0,9.394418,7.8511715
2026-06-22 10:00:00+02:00,28.536999,0.5091169,5.04,0.0,0.0,41980.0,5.487309,7.677507
2026-06-22 11:00:00+02:00,29.036999,8.557102,9.72,0.0,0.0,41800.0,2.453999,6.48019
2026-06-22 12:00:00+02:00,30.137,7.9036193,12.24,0.0,0.0,43340.0,5.543783,7.022301
2026-06-22 13:00:00+02:00,31.837,6.830519,13.679999,0.0,0.0,46020.0,12.133847,8.442291
2026-06-22 14:00:00+02:00,31.887,1.484318,12.599999,0.0,0.0,43940.0,14.038106,8.092802
2026-06-22 15:00:00+02:00,32.987,2.7416782,6.4799995,0.0,0.0,43740.0,15.916782,5.551616
2026-06-22 16:00:00+02:00,33.787,7.289445,12.959999,0.0,0.0,45020.0,14.388747,6.2378535
2026-06-22 17:00:00+02:00,34.336998,13.237038,21.24,0.0,0.0,50300.0,15.975386,8.1638975
2026-06-22 18:00:00+02:00,34.187,9.1641035,22.319998,0.0,0.0,52060.0,9.612922,14.396789
2026-06-22 19:00:00+02:00,33.336998,2.5455842,14.4,0.0,0.0,47620.0,11.715913,14.609298
2026-06-22 20:00:00+02:00,32.586998,7.072878,6.4799995,0.0,0.0,50700.0,15.372571,13.6692705
2026-06-22 21:00:00+02:00,29.937,3.319036,11.879999,0.0,0.0,47460.0,14.899244,16.327795
2026-06-22 22:00:00+02:00,24.237,3.671294,7.2,0.0,0.0,42140.0,9.294415,12.051613
2026-06-22 23:00:00+02:00,22.637,5.634891,6.4799995,0.0,0.0,41340.0,10.520563,5.339374
2026-06-23 00:00:00+02:00,22.187,3.7064266,11.159999,0.0,0.0,41720.0,10.725815,8.350525
2026-06-23 01:00:00+02:00,21.137,4.3349743,6.8399997,0.0,0.0,41540.0,4.201311,5.855574
2026-06-23 02:00:00+02:00,20.337,3.0547013,5.7599998,0.0,0.0,41260.0,5.543783,8.350525
2026-06-23 03:00:00+02:00,18.937,3.671294,6.4799995,0.0,0.0,40360.0,2.6571426,9.227214
2026-06-23 04:00:00+02:00,17.786999,3.6179552,5.3999996,0.0,0.0,39500.0,0.9113924,12.780782
2026-06-23 05:00:00+02:00,17.587,2.9024127,5.04,0.0,0.0,39180.0,3.0569031,10.00832
2026-06-23 06:00:00+02:00,17.536999,2.5455842,5.3999996,0.0,0.0,38580.0,3.4704785,9.950412
2026-06-23 07:00:00+02:00,18.437,1.1384199,3.96,0.0,0.0,35540.0,2.9178793,10.839878
2026-06-23 08:00:00+02:00,22.687,1.2979984,5.3999996,0.0,0.0,36940.0,0.9113924,14.529971
2026-06-23 09:00:00+02:00,25.237,2.7416782,6.4799995,0.0,0.0,39960.0,3.8667102,13.948265
2026-06-23 10:00:00+02:00,26.737,6.1305785,9.36,0.0,0.0,41140.0,2.3236039,15.824544
2026-06-23 11:00:00+02:00,28.587,4.1046314,8.28,0.0,0.0,43100.0,1.2889035,16.398428
2026-06-23 12:00:00+02:00,30.337,7.754637,10.08,0.0,0.0,47140.0,5.333787,16.185604
2026-06-23 13:00:00+02:00,31.637,5.04,12.24,0.0,0.0,46620.0,11.319258,17.773846
2026-06-23 14:00:00+02:00,32.137,4.3349743,10.08,0.0,0.0,42940.0,19.035887,16.77011
2026-06-23 15:00:00+02:00,33.487,7.145796,12.599999,0.0,0.0,43960.0,20.587181,5.0041595
2026-06-23 16:00:00+02:00,32.437,4.379589,18.0,0.0,0.0,46240.0,6.728273,13.612786
2026-06-23 17:00:00+02:00,34.037,6.725354,10.440001,0.0,0.0,47500.0,11.85686,15.266946
2026-06-23 18:00:00+02:00,33.887,10.495713,18.359999,0.0,0.0,47320.0,12.792001,19.430658
2026-06-23 19:00:00+02:00,33.336998,8.161764,16.919998,0.0,0.0,47940.0,13.859459,15.529648
2026-06-23 20:00:00+02:00,32.687,8.049845,20.519999,0.0,0.0,48980.0,20.480995,10.839878
2026-06-23 21:00:00+02:00,27.137,4.0249224,12.24,0.0,0.0,41500.0,10.391472,18.074755
2026-06-23 22:00:00+02:00,23.786999,6.725354,11.879999,0.0,0.0,41040.0,9.113924,22.041037
2026-06-23 23:00:00+02:00,23.286999,3.6179552,9.72,0.0,0.0,40960.0,9.394418,16.245003
2026-06-24 00:00:00+02:00,21.837,4.0249224,6.4799995,0.0,0.0,40600.0,9.113924,15.529648
2026-06-24 01:00:00+02:00,20.687,3.7064266,5.7599998,0.0,0.0,40140.0,6.1138062,13.6692705
2026-06-24 02:00:00+02:00,19.786999,2.8116899,5.3999996,0.0,0.0,39600.0,6.198138,13.268828
2026-06-24 03:00:00+02:00,20.387,4.0249224,6.12,0.0,0.0,40400.0,3.9200466,11.858258
2026-06-24 04:00:00+02:00,18.737,2.3051248,5.3999996,0.0,0.0,38260.0,5.094838,6.939521
2026-06-24 05:00:00+02:00,17.837,2.8116899,3.6,0.0,0.0,35380.0,3.89347,2.775808
2026-06-24 06:00:00+02:00,16.987,2.16,4.68,0.0,0.0,32380.0,5.3142853,2.5591688
2026-06-24 07:00:00+02:00,18.187,1.9386592,4.32,0.0,0.0,21700.0,3.8667102,2.2379284
2026-06-24 08:00:00+02:00,22.487,3.6,3.96,0.0,0.0,34040.0,3.0569031,1.387904
2026-06-24 09:00:00+02:00,25.137,2.2768397,6.12,0.0,0.0,40140.0,7.840093,1.8620689
2026-06-24 10:00:00+02:00,27.337,1.5273507,5.3999996,0.0,0.0,41560.0,4.9291077,4.3889384
2026-06-24 11:00:00+02:00,28.786999,5.634891,8.28,0.0,0.0,43160.0,3.5591009,4.9655166
2026-06-24 12:00:00+02:00,30.237,6.6185193,7.5599995,0.0,0.0,44520.0,3.2222586,5.5862064
2026-06-24 13:00:00+02:00,31.637,8.427383,12.599999,0.0,0.0,45200.0,9.994197,6.6850314
2026-06-24 14:00:00+02:00,32.237,2.52,14.04,0.0,0.0,43060.0,17.352394,7.0769506
2026-06-24 15:00:00+02:00,33.586998,4.5536795,10.440001,0.0,0.0,44040.0,19.225843,8.281033
2026-06-24 16:00:00+02:00,34.137,6.725354,13.679999,0.0,0.0,44400.0,18.838505,11.0510645
2026-06-24 17:00:00+02:00,34.137,7.8625183,18.0,0.0,0.0,45200.0,19.57373,8.092802
2026-06-24 18:00:00+02:00,33.937,9.422101,16.56,0.0,0.1,46920.0,10.955679,10.569963
2026-06-24 19:00:00+02:00,33.637,10.44,19.44,0.0,0.0,47720.0,9.612922,14.753624
2026-06-24 20:00:00+02:00,32.887,6.849467,16.919998,0.0,0.0,45700.0,16.587591,13.6692705
2026-06-24 21:00:00+02:00,29.687,7.5942082,11.5199995,0.0,0.0,42540.0,6.3797464,11.9230585
2026-06-24 22:00:00+02:00,27.587,14.84318,24.84,0.0,0.0,42140.0,19.568422,18.26558
2026-06-24 23:00:00+02:00,27.087,4.6800003,28.44,0.0,0.0,41760.0,9.394418,19.331268
2026-06-25 00:00:00+02:00,25.286999,22.79684,32.760002,0.0,0.1,41500.0,14.836392,14.275861
2026-06-25 01:00:00+02:00,24.487,4.1046314,45.719997,0.0,0.0,41460.0,10.087265,9.331011
2026-06-25 02:00:00+02:00,22.687,3.563818,6.4799995,0.0,0.0,36800.0,8.402622,5.00416
2026-06-25 03:00:00+02:00,20.237,3.0547013,5.04,0.0,0.0,26980.0,15.466841,7.948705
2026-06-25 04:00:00+02:00,19.137,2.1897945,3.96,0.0,0.0,20540.0,14.947947,7.4740934
2026-06-25 05:00:00+02:00,18.687,2.5959969,5.04,0.0,0.0,26100.0,15.5204525,5.7224755
2026-06-25 06:00:00+02:00,18.387,2.5455842,4.32,0.0,0.0,24420.0,16.316214,3.9743526
2026-06-25 07:00:00+02:00,20.237,0.71999997,7.92,0.0,0.0,28800.0,16.512308,3.7241378
2026-06-25 08:00:00+02:00,21.837,1.609969,3.2399998,0.0,0.0,37080.0,16.934494,3.1034482
2026-06-25 09:00:00+02:00,23.987,1.9386592,4.32,0.0,0.0,38660.0,15.57388,2.775808
2026-06-25 10:00:00+02:00,25.737,2.0364676,4.68,0.0,0.0,39480.0,11.087566,2.6333632
2026-06-25 11:00:00+02:00,27.187,3.4152596,9.0,0.0,0.0,41200.0,5.155614,3.3425157
2026-06-25 12:00:00+02:00,28.637,4.3349743,9.36,0.0,0.0,41760.0,5.8357587,3.3425157
2026-06-25 13:00:00+02:00,30.137,8.435069,13.32,0.0,0.0,42240.0,8.987734,3.9743526
2026-06-25 14:00:00+02:00,30.637,8.161764,15.4800005,0.0,0.0,42960.0,11.012396,5.339374
2026-06-25 15:00:00+02:00,31.786999,3.563818,15.4800005,0.0,0.0,43720.0,15.086228,3.9255857
2026-06-25 16:00:00+02:00,32.637,4.3498964,7.92,0.0,0.0,44800.0,20.52657,3.9255857
2026-06-25 17:00:00+02:00,32.287,7.42159,16.56,0.0,0.0,44780.0,17.60781,6.390391
2026-06-25 18:00:00+02:00,31.036999,6.519877,12.599999,0.0,0.0,42980.0,18.821962,12.367153
2026-06-25 19:00:00+02:00,29.237,6.297428,9.72,0.0,0.0,40780.0,8.800955,5.00416
2026-06-25 20:00:00+02:00,31.087,10.636766,33.12,54.0,0.0,46960.0,5.9240503,15.152965
2026-06-25 21:00:00+02:00,28.187,7.968939,27.72,15.0,0.0,42340.0,10.118097,13.0492525
2026-06-25 22:00:00+02:00,26.887,3.9763298,15.4800005,0.0,0.0,41320.0,5.9240503,6.598021
2026-06-25 23:00:00+02:00,27.837,4.198285,10.440001,0.0,0.0,42080.0,8.706063,3.6192114
2026-06-26 00:00:00+02:00,26.286999,2.5959969,9.36,0.0,0.0,41820.0,7.6388597,8.442291
2026-06-26 01:00:00+02:00,24.387,4.0249224,6.4799995,0.0,0.0,40660.0,12.039351,10.606349
2026-06-26 02:00:00+02:00,23.937,0.35999998,6.4799995,0.0,0.0,40740.0,10.118097,11.0510645
2026-06-26 03:00:00+02:00,22.187,1.0182338,3.6,0.0,0.0,39100.0,5.487309,14.922391
2026-06-26 04:00:00+02:00,21.337,1.484318,4.32,0.0,0.0,38040.0,3.286072,16.018122
2026-06-26 05:00:00+02:00,22.087,1.609969,3.2399998,0.0,0.0,39220.0,2.3236039,12.735487
2026-06-26 06:00:00+02:00,21.137,2.2768397,3.96,0.0,0.0,37700.0,1.643036,11.444951
2026-06-26 07:00:00+02:00,22.137,1.1384199,3.96,0.0,0.0,38100.0,3.286072,8.092802
2026-06-26 08:00:00+02:00,25.536999,2.5959969,2.16,0.0,0.0,40720.0,1.9333551,10.606349
2026-06-26 09:00:00+02:00,26.987,0.35999998,3.96,0.0,0.0,39880.0,3.3175182,6.939521
2026-06-26 10:00:00+02:00,28.937,0.5091169,2.52,0.0,0.0,41560.0,3.67394,5.1183376
2026-06-26 11:00:00+02:00,30.137,4.3349743,5.7599998,0.0,0.0,42480.0,3.9200466,3.1034482
2026-06-26 12:00:00+02:00,31.737,6.151683,7.92,0.0,0.0,43780.0,5.155614,0.0
2026-06-26 13:00:00+02:00,32.987,6.12,10.440001,0.0,0.0,45000.0,5.094838,4.475857
2026-06-26 14:00:00+02:00,33.537,9.021574,9.72,0.0,0.0,43600.0,2.453999,5.7224755
2026-06-26 15:00:00+02:00,34.437,13.37825,18.359999,0.0,0.0,44100.0,6.7744107,1.9627929
2026-06-26 16:00:00+02:00,33.836998,13.783817,29.88,0.0,0.0,44400.0,12.312233,4.1637125
2026-06-26 17:00:00+02:00,31.536999,20.746122,47.519997,0.0,0.0,42600.0,14.836392,10.027549
2026-06-26 18:00:00+02:00,30.987,9.220499,42.839996,0.0,0.0,45240.0,5.9240503,3.1034482
2026-06-26 19:00:00+02:00,31.887,5.506941,17.28,0.0,0.0,45720.0,5.195736,6.2068963
2026-06-26 20:00:00+02:00,31.187,6.924738,10.08,0.0,0.0,44680.0,5.094838,5.1183376
2026-06-26 21:00:00+02:00,29.587,2.8799999,7.92,0.0,0.0,41860.0,6.524576,0.87778765
2026-06-26 22:00:00+02:00,27.087,3.096837,4.68,0.0,0.0,40880.0,3.5591009,3.6192114
2026-06-26 23:00:00+02:00,25.987,5.00128,7.92,0.0,0.0,40940.0,1.8227848,2.2379284
2026-06-27 00:00:00+02:00,26.387,2.1897945,8.64,0.0,0.0,41120.0,3.286072,7.2649856
2026-06-27 01:00:00+02:00,25.237,3.0547013,6.12,0.0,0.0,40500.0,7.20519,7.499821
2026-06-27 02:00:00+02:00,23.587,4.32,5.3999996,0.0,0.0,39600.0,8.987734,8.951714
2026-06-27 03:00:00+02:00,24.786999,3.7064266,6.8399997,0.0,0.0,41040.0,10.667574,7.5510154
2026-06-27 04:00:00+02:00,23.437,3.6,5.7599998,0.0,0.0,40140.0,13.655687,7.5510154
2026-06-27 05:00:00+02:00,22.237,2.7416782,4.68,0.0,0.0,38700.0,12.030725,5.00416
2026-06-27 06:00:00+02:00,21.737,1.835647,4.68,0.0,0.0,38340.0,13.402427,4.8477407
2026-06-27 07:00:00+02:00,22.237,1.0182338,2.52,0.0,0.0,35940.0,11.715913,5.551616
2026-06-27 08:00:00+02:00,24.687,2.8116899,5.7599998,0.0,0.0,33000.0,10.831774,6.48019
2026-06-27 09:00:00+02:00,26.637,3.096837,7.2,0.0,0.0,39700.0,10.520563,6.8557405
2026-06-27 10:00:00+02:00,28.786999,3.563818,7.5599995,0.0,0.0,40960.0,5.941551,7.0769506
2026-06-27 11:00:00+02:00,30.487,5.634891,7.5599995,0.0,0.0,42100.0,3.286072,6.48019
2026-06-27 12:00:00+02:00,32.037,6.28713,7.2,0.0,0.0,42680.0,5.8000655,6.2068963
2026-06-27 13:00:00+02:00,32.887,9.504272,11.159999,0.0,0.0,43300.0,7.4739733,7.4740934
2026-06-27 14:00:00+02:00,33.437,7.8954163,12.959999,0.0,0.0,44380.0,9.113924,7.0769506
2026-06-27 15:00:00+02:00,34.437,9.726664,18.0,0.0,0.0,44700.0,12.030725,11.545494
2026-06-27 16:00:00+02:00,34.737,15.7908325,26.64,0.0,0.0,44920.0,12.832521,14.490146
2026-06-27 17:00:00+02:00,34.887,12.261157,28.44,0.0,0.0,45800.0,10.520563,11.189642
2026-06-27 18:00:00+02:00,35.187,11.966953,21.24,0.0,0.0,49360.0,21.085493,18.381218
2026-06-27 19:00:00+02:00,32.086998,11.879999,33.48,0.0,0.0,46240.0,7.958391,14.609298
2026-06-27 20:00:00+02:00,29.437,5.815978,89.27999,0.0,0.0,42060.0,13.881914,16.102081
2026-06-27 21:00:00+02:00,27.737,5.0911684,11.879999,0.0,0.0,42400.0,8.765491,14.289349
2026-06-27 22:00:00+02:00,26.637,5.5887027,27.0,0.0,0.0,41700.0,16.265226,5.00416
2026-06-27 23:00:00+02:00,27.387,2.9024127,9.36,0.0,0.1,41460.0,3.1898732,19.598463
2026-06-28 00:00:00+02:00,26.737,7.653705,15.119999,0.0,0.0,41500.0,7.205189,21.733002
2026-06-28 01:00:00+02:00,26.187,5.6920996,11.5199995,0.0,0.0,41440.0,6.895935,19.832952
2026-06-28 02:00:00+02:00,25.387,0.8049845,10.440001,0.0,0.0,41720.0,5.487309,16.292364
2026-06-28 03:00:00+02:00,23.286999,5.1544156,8.64,0.0,0.0,39000.0,5.9240503,12.780782
2026-06-28 04:00:00+02:00,23.837,1.609969,8.28,0.0,0.0,40680.0,4.511162,16.245003
2026-06-28 05:00:00+02:00,22.786999,5.0911684,5.7599998,0.0,0.0,38940.0,2.9178793,15.824544
2026-06-28 06:00:00+02:00,22.437,3.2399998,6.8399997,0.0,0.0,37720.0,1.8788835,16.884583
2026-06-28 07:00:00+02:00,24.187,3.4152596,7.92,0.0,0.0,39920.0,5.506198,13.626929
2026-06-28 08:00:00+02:00,27.487,3.6,4.32,0.0,0.0,41340.0,6.0797453,11.858258
2026-06-28 09:00:00+02:00,28.286999,4.2136917,9.0,0.0,0.0,41200.0,5.487309,11.858258
2026-06-28 10:00:00+02:00,28.737,7.9932966,9.72,0.0,0.0,39700.0,1.4410379,9.715329
2026-06-28 11:00:00+02:00,29.187,8.4963045,11.159999,10.0,0.0,41120.0,7.971428,10.839878
2026-06-28 12:00:00+02:00,24.487,9.422101,44.28,0.0,8.3,38960.0,7.20519,10.1040945
2026-06-28 13:00:00+02:00,27.887,5.154415,13.32,0.0,0.0,40880.0,16.335295,13.093462
2026-06-28 14:00:00+02:00,30.437,4.5536795,9.36,20.0,0.0,42880.0,14.388747,21.546066
2026-06-28 15:00:00+02:00,31.837,2.9024127,8.28,0.0,0.0,43340.0,9.125309,20.208189
2026-06-28 16:00:00+02:00,33.086998,4.68,13.32,0.0,0.0,44420.0,7.840093,21.590723
2026-06-28 17:00:00+02:00,33.887,11.709688,13.679999,0.0,0.0,48720.0,12.792001,26.105885
2026-06-28 18:00:00+02:00,32.437,6.763786,20.880001,0.0,0.0,46420.0,9.294415,16.185604
2026-06-28 19:00:00+02:00,32.187,5.3517847,11.5199995,0.0,0.0,46100.0,10.520564,13.612786
2026-06-28 20:00:00+02:00,22.137,30.566095,11.5199995,0.0,0.0,1800.0,25.33933,22.76332
2026-06-28 21:00:00+02:00,24.987,4.198285,38.16,0.0,3.6,41520.0,14.41038,12.4293
2026-06-28 22:00:00+02:00,24.837,5.4833565,15.119999,0.0,0.0,41020.0,19.573729,11.661699
2026-06-28 23:00:00+02:00,25.786999,1.8,5.7599998,0.0,0.0,41120.0,12.512989,11.444951
2026-06-29 00:00:00+02:00,24.786999,2.1897945,5.7599998,0.0,0.0,40480.0,10.638335,13.326771
2026-06-29 01:00:00+02:00,23.337,1.1384199,5.3999996,0.0,0.0,40140.0,10.870049,18.096056
2026-06-29 02:00:00+02:00,23.286999,6.519877,14.04,0.0,0.0,39440.0,5.195736,12.4293
2026-06-29 03:00:00+02:00,23.937,6.5693827,12.959999,0.0,0.0,39720.0,5.8000655,11.444951
2026-06-29 04:00:00+02:00,22.337,4.39436,10.799999,0.0,0.0,33920.0,4.488087,12.780782
2026-06-29 05:00:00+02:00,21.837,1.8,6.8399997,0.0,0.0,36060.0,1.4410379,10.569963
2026-06-29 06:00:00+02:00,21.786999,3.8268526,6.4799995,0.0,0.0,37600.0,11.821781,7.948705
2026-06-29 07:00:00+02:00,22.137,4.2136917,6.4799995,73.0,0.0,37300.0,19.805754,3.7755077
2026-06-29 08:00:00+02:00,23.536999,3.7585104,13.32,0.0,0.0,36120.0,6.47666,5.1183376
2026-06-29 09:00:00+02:00,24.837,4.452954,11.159999,2.0,0.0,39620.0,5.709857,0.6206896
2026-06-29 10:00:00+02:00,25.837,5.634891,10.799999,0.0,0.0,40220.0,6.3960004,2.5591688
2026-06-29 11:00:00+02:00,27.286999,2.4149535,10.08,0.0,0.0,41880.0,7.958392,2.2379284
2026-06-29 12:00:00+02:00,28.536999,3.6,8.64,0.0,0.0,41140.0,7.543114,5.2667265
2026-06-29 13:00:00+02:00,30.286999,6.4096174,13.32,0.0,0.0,41420.0,7.958391,7.0769506
2026-06-29 14:00:00+02:00,31.536999,10.829958,21.24,0.0,0.0,41940.0,11.961482,8.442291
2026-06-29 15:00:00+02:00,32.137,16.676977,28.08,0.0,0.0,42400.0,12.669665,13.948265
2026-06-29 16:00:00+02:00,31.587,23.233252,41.760002,0.0,0.0,43280.0,24.800928,6.2068963
2026-06-29 17:00:00+02:00,24.487,15.575981,39.96,0.0,3.1,3380.0,16.284365,30.922554
2026-06-29 18:00:00+02:00,22.987,4.6938252,29.88,51.0,7.4,4580.0,15.73307,41.66025
2026-06-29 19:00:00+02:00,21.987,9.0645685,19.44,8.0,3.4,4280.0,18.056154,10.274241
2026-06-29 20:00:00+02:00,24.237,6.2145634,17.64,0.0,1.1,39340.0,5.506198,4.3889384
2026-06-29 21:00:00+02:00,23.587,6.28713,14.4,0.0,0.2,38020.0,7.7602262,6.113084
2026-06-29 22:00:00+02:00,23.637,3.6179552,11.5199995,0.0,0.0,39700.0,6.895935,7.8511715
2026-06-29 23:00:00+02:00,23.237,4.510787,8.64,0.0,0.0,37860.0,5.6366506,8.6452055
2026-06-30 00:00:00+02:00,23.387,3.319036,5.7599998,0.0,0.0,39460.0,3.6455696,4.1637125
2026-06-30 01:00:00+02:00,21.837,4.73506,10.440001,56.0,0.0,34720.0,2.6571426,6.2378535
2026-06-30 02:00:00+02:00,20.887,1.8,6.4799995,25.0,0.0,34660.0,5.012658,5.7224755
2026-06-30 03:00:00+02:00,20.187,4.3498964,8.64,0.0,0.0,33480.0,6.444517,3.5111506
2026-06-30 04:00:00+02:00,18.837,2.5455842,5.3999996,0.0,0.0,24920.0,9.994197,1.2413791
2026-06-30 05:00:00+02:00,18.987,1.8,4.32,39.0,0.0,29180.0,12.269996,3.1649084
2026-06-30 06:00:00+02:00,18.937,1.08,2.52,0.0,0.0,31020.0,10.599223,1.9627929
2026-06-30 07:00:00+02:00,19.937,2.8799999,4.68,0.0,0.0,33380.0,6.895935,4.1637125
2026-06-30 08:00:00+02:00,21.237,2.0364676,3.96,0.0,0.0,30600.0,7.7334204,3.7755077
2026-06-30 09:00:00+02:00,22.687,1.5273507,5.3999996,0.0,0.0,36480.0,7.20519,3.9255857
2026-06-30 10:00:00+02:00,24.137,5.315336,6.8399997,0.0,0.0,38860.0,1.4410379,5.8883786
2026-06-30 11:00:00+02:00,25.036999,6.638072,8.64,0.0,0.0,40200.0,4.0758705,6.390391
2026-06-30 12:00:00+02:00,25.437,5.3999996,8.28,0.0,0.0,38800.0,5.6366506,10.1040945
2026-06-30 13:00:00+02:00,27.637,4.8433046,10.799999,0.0,0.0,41060.0,6.9559,12.320337
2026-06-30 14:00:00+02:00,29.187,5.3517847,12.599999,5.0,0.0,40560.0,9.858215,12.413793
2026-06-30 15:00:00+02:00,30.587,6.297428,14.04,6.0,0.0,41560.0,7.0743074,11.241167
2026-06-30 16:00:00+02:00,30.437,18.11841,30.960001,9.0,0.0,42280.0,16.811422,17.256958
2026-06-30 17:00:00+02:00,28.286999,17.709658,37.079998,95.0,0.0,40540.0,20.712883,15.665498
2026-06-30 18:00:00+02:00,26.587,8.707238,36.0,30.0,0.4,39880.0,14.41038,14.909477
2026-06-30 19:00:00+02:00,27.187,3.7585104,11.879999,76.0,0.0,39080.0,20.78794,18.45443
2026-06-30 20:00:00+02:00,24.687,15.408671,19.44,79.0,0.0,35120.0,19.030432,36.021397
2026-06-30 21:00:00+02:00,25.036999,1.484318,21.24,39.0,0.1,39060.0,18.227848,20.103062
2026-06-30 22:00:00+02:00,24.387,3.396233,10.799999,0.0,0.0,38840.0,5.941551,12.367153
2026-06-30 23:00:00+02:00,24.887,14.33234,7.5599995,65.0,0.0,41780.0,25.555578,25.020798
2026-07-01 00:00:00+02:00,21.786999,12.015589,23.759998,0.0,0.9,36020.0,2.0379353,21.139927
2026-07-01 01:00:00+02:00,19.487,1.5273507,19.08,0.0,6.2,19600.0,9.113924,29.799566
2026-07-01 02:00:00+02:00,19.837,5.904439,11.5199995,30.0,0.0,22820.0,12.159491,18.91831
2026-07-01 03:00:00+02:00,20.387,1.4399999,16.919998,42.0,0.0,34480.0,5.6366506,23.331656
2026-07-01 04:00:00+02:00,19.887,3.396233,5.3999996,41.0,0.0,30240.0,5.941551,25.69685
2026-07-01 05:00:00+02:00,19.987,8.39657,10.440001,89.0,0.2,29600.0,13.049152,31.238638
2026-07-01 06:00:00+02:00,19.837,2.2768397,10.799999,50.0,0.0,27840.0,15.587208,28.753408
2026-07-01 07:00:00+02:00,20.887,3.8268526,9.36,6.0,0.0,31880.0,12.039351,26.926771
2026-07-01 08:00:00+02:00,20.937,7.5685663,5.3999996,7.0,0.0,20600.0,15.493671,25.478535
2026-07-01 09:00:00+02:00,22.387,1.8,12.599999,31.0,0.0,22960.0,21.495146,23.190878
2026-07-01 10:00:00+02:00,23.837,2.3051248,6.12,4.0,0.0,33140.0,17.352394,19.251387
2026-07-01 11:00:00+02:00,22.036999,5.95906,29.16,69.0,5.4,24020.0,13.049152,16.386677
2026-07-01 12:00:00+02:00,17.786999,13.441071,52.56,9.0,30.1,1780.0,41.91662,40.134197
2026-07-01 13:00:00+02:00,21.237,6.489992,39.96,14.0,6.0,32560.0,9.612922,36.414967
2026-07-01 14:00:00+02:00,21.587,6.849467,16.199999,0.0,0.1,41080.0,3.2222586,37.499107
2026-07-01 15:00:00+02:00,22.987,10.144082,17.64,0.0,0.0,41060.0,2.7718916,33.367477
2026-07-01 16:00:00+02:00,23.036999,2.0364676,19.08,21.0,0.0,41420.0,10.035667,34.188675
2026-07-01 17:00:00+02:00,23.337,3.7064266,11.879999,39.0,0.0,40780.0,9.952556,36.15484
2026-07-01 18:00:00+02:00,23.987,5.6920996,11.159999,40.0,0.0,40680.0,13.495072,37.755074
2026-07-01 19:00:00+02:00,24.036999,10.182337,18.359999,0.0,0.0,40940.0,14.582278,33.568924
2026-07-01 20:00:00+02:00,23.687,10.233123,17.28,0.0,0.0,41540.0,18.77225,36.340836
2026-07-01 21:00:00+02:00,23.036999,7.072878,21.599998,0.0,0.0,41780.0,15.818631,33.522987
2026-07-01 22:00:00+02:00,21.387,3.219938,9.36,0.0,0.0,41200.0,14.582278,36.668
2026-07-01 23:00:00+02:00,21.387,6.638072,9.0,0.0,0.0,41520.0,17.584206,31.776642
2026-07-02 00:00:00+02:00,20.237,3.396233,11.5199995,0.0,0.0,40540.0,14.133929,38.886093
2026-07-02 01:00:00+02:00,20.237,1.8,7.5599995,75.0,0.0,40580.0,19.600233,36.430832
2026-07-02 02:00:00+02:00,19.837,2.4149535,5.04,12.0,0.0,39400.0,12.710575,32.708637
2026-07-02 03:00:00+02:00,17.337,2.8116899,4.68,5.0,0.0,35340.0,16.411392,32.37121
2026-07-02 04:00:00+02:00,16.237,4.072935,6.8399997,6.0,0.0,33400.0,14.126582,30.533892
2026-07-02 05:00:00+02:00,14.637,4.510787,6.12,10.0,0.0,29580.0,13.859459,29.80603
2026-07-02 06:00:00+02:00,13.887,2.9024127,6.8399997,24.0,0.0,24780.0,15.09311,32.572903
2026-07-02 07:00:00+02:00,15.237,2.3051248,5.7599998,34.0,0.0,32980.0,13.495072,35.56936
2026-07-02 08:00:00+02:00,18.337,1.2979984,3.96,3.0,0.0,37800.0,12.108149,33.88306
2026-07-02 09:00:00+02:00,20.036999,3.0758414,6.4799995,0.0,0.0,37520.0,7.6388597,34.725353
2026-07-02 10:00:00+02:00,21.837,5.771239,10.440001,0.0,0.0,39740.0,6.0797453,34.474827
2026-07-02 11:00:00+02:00,23.536999,8.557102,13.679999,0.0,0.0,41340.0,6.444517,31.170732
2026-07-02 12:00:00+02:00,24.687,11.113451,16.919998,0.0,0.0,42180.0,12.379514,26.948225
2026-07-02 13:00:00+02:00,25.987,11.91812,17.28,0.0,0.0,42680.0,8.95301,25.74927
2026-07-02 14:00:00+02:00,26.587,12.303366,22.68,0.0,0.0,43000.0,11.087566,26.428555
2026-07-02 15:00:00+02:00,27.286999,8.435069,20.519999,0.0,0.0,44240.0,24.578041,23.364658
2026-07-02 16:00:00+02:00,27.536999,16.434305,28.8,0.0,0.0,45020.0,18.683542,24.8586
2026-07-02 17:00:00+02:00,27.737,9.178235,31.319998,0.0,0.0,46260.0,14.64622,30.108244
2026-07-02 18:00:00+02:00,27.587,9.931042,17.64,0.0,0.0,46940.0,11.474137,36.08551
2026-07-02 19:00:00+02:00,26.937,8.534353,19.08,0.0,0.0,47460.0,15.2777195,35.37931
2026-07-02 20:00:00+02:00,26.637,3.8939953,14.04,0.0,0.0,48240.0,19.905111,34.75862
2026-07-02 21:00:00+02:00,25.387,3.6,9.0,0.0,0.0,46140.0,18.504856,33.106678
2026-07-02 22:00:00+02:00,22.286999,4.3349743,7.2,0.0,0.0,42760.0,17.1538,30.204062
2026-07-02 23:00:00+02:00,20.487,5.6920996,9.0,0.0,0.0,41100.0,16.91609,26.689655
2026-07-03 00:00:00+02:00,18.887,5.0528407,10.08,0.0,0.0,40000.0,14.482251,19.400894
2026-07-03 01:00:00+02:00,17.987,5.0528407,9.36,0.0,0.0,39080.0,13.402427,14.289349
2026-07-03 02:00:00+02:00,17.437,3.6179552,8.28,0.0,0.0,37340.0,10.9461975,8.777877
2026-07-03 03:00:00+02:00,17.437,3.6,6.12,0.0,0.0,38020.0,12.537857,4.7270317
2026-07-03 04:00:00+02:00,17.687,1.9386592,5.7599998,0.0,0.0,38900.0,8.561753,10.274241
2026-07-03 05:00:00+02:00,16.637,2.52,1.8,0.0,0.0,38280.0,7.205189,8.821657
2026-07-03 06:00:00+02:00,15.437,2.5959969,4.68,0.0,0.0,34740.0,5.506198,6.329817
2026-07-03 07:00:00+02:00,16.286999,1.0182338,3.96,0.0,0.0,34820.0,5.941551,13.398848
2026-07-03 08:00:00+02:00,18.987,1.1384199,4.32,0.0,0.0,38680.0,3.67394,16.185604
2026-07-03 09:00:00+02:00,20.837,1.08,3.6,0.0,0.0,38560.0,6.6350365,16.185604
2026-07-03 10:00:00+02:00,22.687,3.219938,7.2,0.0,0.0,40400.0,9.215885,17.914183
2026-07-03 11:00:00+02:00,24.687,5.0142193,8.64,0.0,0.0,42000.0,7.7468348,19.480164
2026-07-03 12:00:00+02:00,25.887,9.6932955,15.84,0.0,0.0,42100.0,10.599223,16.292364
2026-07-03 13:00:00+02:00,27.036999,12.0694,18.72,0.0,0.0,42440.0,10.754816,11.326523
2026-07-03 14:00:00+02:00,27.587,18.204042,32.760002,0.0,0.0,42440.0,10.331347,13.0492525
2026-07-03 15:00:00+02:00,28.036999,18.359999,32.399998,0.0,0.0,43320.0,5.094838,7.5764823
2026-07-03 16:00:00+02:00,28.387,18.472595,32.039997,0.0,0.0,44240.0,7.958391,5.339374
2026-07-03 17:00:00+02:00,28.286999,16.641972,35.28,0.0,0.0,45300.0,7.0743074,0.87778765
2026-07-03 18:00:00+02:00,27.937,19.346441,34.2,0.0,0.0,45400.0,9.815996,1.2413791
2026-07-03 19:00:00+02:00,27.437,20.111729,35.28,0.0,0.0,44240.0,14.723995,0.0
2026-07-03 20:00:00+02:00,26.737,11.720751,34.56,0.0,0.0,42920.0,17.441916,2.5591688
2026-07-03 21:00:00+02:00,25.437,6.849467,17.28,0.0,0.0,42280.0,18.369701,6.390391
2026-07-03 22:00:00+02:00,23.837,3.671294,11.879999,0.0,0.0,41860.0,15.419778,14.181093
2026-07-03 23:00:00+02:00,21.437,4.73506,8.64,0.0,0.0,40820.0,13.049152,16.70105
2026-07-04 00:00:00+02:00,19.337,4.6938252,9.36,0.0,0.0,39400.0,10.974618,13.427569
2026-07-04 01:00:00+02:00,18.036999,3.96,7.5599995,0.0,0.0,38200.0,9.394418,12.413793
2026-07-04 02:00:00+02:00,17.337,3.9763298,6.12,0.0,0.0,38360.0,6.970812,12.5680065
2026-07-04 03:00:00+02:00,16.987,3.671294,6.8399997,0.0,0.0,37900.0,5.941551,16.71258
2026-07-04 04:00:00+02:00,16.887,3.2399998,5.3999996,0.0,0.0,38320.0,6.0797453,18.127962
2026-07-04 05:00:00+02:00,15.837001,3.2399998,4.68,0.0,0.0,36400.0,4.757608,18.454428
2026-07-04 06:00:00+02:00,15.537001,3.4152596,5.04,0.0,0.0,36260.0,3.1898732,20.66999
2026-07-04 07:00:00+02:00,16.437,0.35999998,4.32,0.0,0.0,35400.0,2.8820758,19.803793
2026-07-04 08:00:00+02:00,18.036999,2.4149535,3.2399998,0.0,0.0,37000.0,3.67394,19.716057
2026-07-04 09:00:00+02:00,20.036999,0.8049845,4.32,0.0,0.0,37660.0,4.488087,21.679756
2026-07-04 10:00:00+02:00,22.036999,4.39436,5.7599998,0.0,0.0,40180.0,3.9200466,24.710932
2026-07-04 11:00:00+02:00,23.737,7.0911775,10.08,0.0,0.0,41100.0,5.0333285,20.49216
2026-07-04 12:00:00+02:00,25.337,9.028754,16.919998,49.0,0.0,42120.0,8.36547,21.865547
2026-07-04 13:00:00+02:00,26.837,10.948973,17.64,0.0,0.0,45060.0,9.113924,22.284399
2026-07-04 14:00:00+02:00,27.687,11.503113,19.8,0.0,0.0,47420.0,8.84802,22.973904
2026-07-04 15:00:00+02:00,28.387,12.245293,18.0,0.0,0.0,48440.0,7.4739733,22.353445
2026-07-04 16:00:00+02:00,28.786999,15.379206,25.919998,0.0,0.0,50000.0,9.688234,17.390388
2026-07-04 17:00:00+02:00,28.887,14.77755,27.0,0.0,0.0,52260.0,7.418196,16.327795
2026-07-04 18:00:00+02:00,28.687,13.276144,27.359999,0.0,0.0,57760.0,5.506198,19.271389
2026-07-04 19:00:00+02:00,28.437,7.9932966,22.319998,0.0,0.0,59720.0,6.895935,22.593443
2026-07-04 20:00:00+02:00,27.786999,3.6,12.959999,0.0,0.0,55620.0,11.961482,22.593443
2026-07-04 21:00:00+02:00,25.337,3.219938,7.2,0.0,0.0,49600.0,18.301748,21.830282
2026-07-04 22:00:00+02:00,20.587,5.6920996,9.36,0.0,0.0,44980.0,17.536903,22.180428
2026-07-04 23:00:00+02:00,17.937,5.0911684,9.36,0.0,0.0,42180.0,13.464261,23.975016
2026-07-05 00:00:00+02:00,16.737,4.0249224,8.64,0.0,0.0,41200.0,8.202532,25.020798
2026-07-05 01:00:00+02:00,16.286999,2.6208394,6.12,0.0,0.0,40780.0,6.3797464,25.838884
2026-07-05 02:00:00+02:00,15.537001,2.5959969,3.96,0.0,0.0,39780.0,5.487309,20.331732
2026-07-05 03:00:00+02:00,14.687,4.0249224,5.7599998,0.0,0.0,39500.0,7.418196,19.62793
2026-07-05 04:00:00+02:00,13.937,3.2399998,5.7599998,0.0,0.0,36620.0,5.543783,20.49216
2026-07-05 05:00:00+02:00,13.037001,3.671294,5.04,0.0,0.0,37040.0,6.3797464,19.803793
2026-07-05 06:00:00+02:00,12.587001,3.319036,5.3999996,0.0,0.0,35900.0,5.094838,22.788692
2026-07-05 07:00:00+02:00,14.087001,2.2768397,5.04,0.0,0.0,32820.0,2.734177,22.788692
2026-07-05 08:00:00+02:00,18.337,3.0547013,4.68,0.0,0.0,36080.0,4.201311,25.478533
2026-07-05 09:00:00+02:00,21.737,2.8799999,5.3999996,0.0,0.0,41440.0,1.9333551,27.04099
2026-07-05 10:00:00+02:00,23.387,1.08,4.32,0.0,0.0,41560.0,1.3670886,28.041162
2026-07-05 11:00:00+02:00,25.087,3.096837,7.92,0.0,0.0,43540.0,2.577807,30.439116
2026-07-05 12:00:00+02:00,26.587,5.1919937,10.08,0.0,0.0,45180.0,7.840093,31.022066
2026-07-05 13:00:00+02:00,28.036999,6.4096174,12.24,0.0,0.0,47420.0,8.976174,29.999285
2026-07-05 14:00:00+02:00,28.737,4.829907,13.32,0.0,0.0,50000.0,8.11344,30.565416
2026-07-05 15:00:00+02:00,29.737,8.699793,15.84,0.0,0.0,54100.0,16.316214,28.880415
2026-07-05 16:00:00+02:00,30.137,8.404285,16.919998,0.0,0.0,53520.0,17.69604,23.846117
2026-07-05 17:00:00+02:00,30.036999,7.491114,23.4,0.0,0.0,51540.0,21.509632,26.105885
2026-07-05 18:00:00+02:00,29.536999,8.714677,16.199999,0.0,0.0,48760.0,24.89286,22.593443
2026-07-05 19:00:00+02:00,28.937,8.161764,15.119999,0.0,0.0,46740.0,20.802917,25.898457
2026-07-05 20:00:00+02:00,28.087,2.9024127,13.679999,0.0,0.0,45480.0,20.592224,24.593725
2026-07-05 21:00:00+02:00,26.187,4.8433046,7.2,0.0,0.0,44140.0,22.884842,27.204338
2026-07-05 22:00:00+02:00,21.437,4.379589,12.599999,0.0,0.0,41340.0,18.750113,29.14599
2026-07-05 23:00:00+02:00,19.687,4.5536795,7.92,0.0,0.0,40900.0,14.47508,33.78057
2026-07-06 00:00:00+02:00,18.937,5.1165614,8.28,0.0,0.0,40780.0,10.870049,32.84967
2026-07-06 01:00:00+02:00,18.637,2.5959969,8.28,0.0,0.0,40360.0,9.394418,33.42516
2026-07-06 02:00:00+02:00,17.587,3.096837,3.6,0.0,0.0,40060.0,10.189676,30.891392
2026-07-06 03:00:00+02:00,16.637,3.6179552,5.04,0.0,0.0,39020.0,7.78694,28.699764
2026-07-06 04:00:00+02:00,15.937,2.1897945,7.2,0.0,0.0,37200.0,4.201311,28.699764
2026-07-06 05:00:00+02:00,15.387,2.8799999,3.96,0.0,0.0,35540.0,2.6571426,24.341797
2026-07-06 06:00:00+02:00,15.187,2.9024127,4.32,0.0,0.0,35380.0,1.3670886,17.489796
2026-07-06 07:00:00+02:00,17.587,2.4149535,3.96,0.0,0.0,34320.0,1.643036,11.858258
2026-07-06 08:00:00+02:00,19.437,0.35999998,3.6,0.0,0.0,35100.0,5.012658,11.9230585
2026-07-06 09:00:00+02:00,21.587,2.1897945,4.68,0.0,0.0,40420.0,2.7718916,10.274241
2026-07-06 10:00:00+02:00,23.587,3.319036,7.2,0.0,0.0,40760.0,2.8820758,13.6692705
2026-07-06 11:00:00+02:00,25.137,4.072935,9.0,0.0,0.0,41660.0,9.383359,16.245003
2026-07-06 12:00:00+02:00,26.637,4.6102495,9.36,0.0,0.0,42500.0,10.411436,15.861018
2026-07-06 13:00:00+02:00,27.987,6.193674,11.879999,0.0,0.0,44600.0,8.658227,18.51695
2026-07-06 14:00:00+02:00,28.637,7.145796,14.759999,0.0,0.0,51900.0,8.670211,18.631031
2026-07-06 15:00:00+02:00,29.487,11.246759,20.16,0.0,0.0,54440.0,13.97881,14.999642
2026-07-06 16:00:00+02:00,30.187,9.726664,20.16,0.0,0.0,59220.0,12.864844,15.216393
2026-07-06 17:00:00+02:00,29.837,9.290511,20.880001,0.0,0.0,49320.0,10.035667,10.839878
2026-07-06 18:00:00+02:00,29.387,10.44,19.8,0.0,0.0,50500.0,9.17071,13.948265
2026-07-06 19:00:00+02:00,28.637,7.10031,17.64,0.0,0.0,48160.0,11.961482,20.141356
2026-07-06 20:00:00+02:00,26.987,4.5820518,11.159999,0.0,0.0,43700.0,14.075039,18.042753
2026-07-06 21:00:00+02:00,22.937,4.5536795,7.92,0.0,0.0,41080.0,12.065196,20.01664
2026-07-06 22:00:00+02:00,19.437,5.0911684,8.28,0.0,0.0,40800.0,10.520563,20.141356
2026-07-06 23:00:00+02:00,18.087,5.4477882,7.92,0.0,0.0,40920.0,8.765491,16.71258
2026-07-07 00:00:00+02:00,17.087,4.1046314,9.0,0.0,0.0,40400.0,8.074956,14.153901
2026-07-07 01:00:00+02:00,16.137,3.0758414,6.8399997,0.0,0.0,39860.0,5.0333285,13.196042
2026-07-07 02:00:00+02:00,16.137,3.396233,4.32,0.0,0.0,39960.0,5.709857,10.678748
2026-07-07 03:00:00+02:00,15.487,3.396233,5.3999996,0.0,0.0,39660.0,5.7641516,12.241913
2026-07-07 04:00:00+02:00,15.037001,3.0758414,4.32,0.0,0.0,39220.0,2.734177,13.626929
2026-07-07 05:00:00+02:00,13.987,3.7585104,4.32,0.0,0.0,34360.0,3.2222586,15.861018
2026-07-07 06:00:00+02:00,13.887,3.5455887,5.7599998,0.0,0.0,34160.0,3.67394,16.018122
2026-07-07 07:00:00+02:00,15.187,1.9386592,4.68,0.0,0.0,27380.0,3.2222586,15.025306
2026-07-07 08:00:00+02:00,19.387,3.096837,4.32,0.0,0.0,31260.0,1.8788835,16.677967
2026-07-07 09:00:00+02:00,23.437,4.6102495,8.64,0.0,0.0,40120.0,2.278481,19.49005
2026-07-07 10:00:00+02:00,24.837,3.219938,8.28,0.0,0.0,41120.0,3.1898732,19.480164
2026-07-07 11:00:00+02:00,25.937,1.484318,5.7599998,0.0,0.0,43420.0,3.5591009,20.331732
2026-07-07 12:00:00+02:00,27.437,2.7416782,6.12,0.0,0.0,43780.0,5.487309,20.331732
2026-07-07 13:00:00+02:00,29.036999,2.5455842,6.4799995,0.0,0.0,47820.0,5.7641516,19.987747
2026-07-07 14:00:00+02:00,30.036999,4.6800003,7.92,0.0,0.0,50100.0,9.65603,18.433542
2026-07-07 15:00:00+02:00,30.687,4.3349743,9.36,0.0,0.0,48660.0,12.030725,20.208189
2026-07-07 16:00:00+02:00,31.237,6.28713,11.159999,0.0,0.0,58820.0,14.787324,21.617472
2026-07-07 17:00:00+02:00,31.187,1.609969,11.879999,0.0,0.0,60580.0,14.69576,19.987747
2026-07-07 18:00:00+02:00,30.887,3.096837,6.4799995,0.0,0.0,54340.0,12.261531,23.323399
2026-07-07 19:00:00+02:00,29.387,5.495161,9.0,0.0,0.0,44380.0,10.974618,22.249796
2026-07-07 20:00:00+02:00,27.286999,4.452954,9.0,0.0,0.0,43460.0,15.230073,26.392084
2026-07-07 21:00:00+02:00,22.937,5.3999996,8.28,0.0,0.0,41480.0,16.22688,30.286854
2026-07-07 22:00:00+02:00,20.387,5.95906,9.36,0.0,0.0,43320.0,8.36547,27.653793
2026-07-07 23:00:00+02:00,19.137,6.489992,9.0,0.0,0.0,42100.0,11.671517,29.297602
2026-07-08 00:00:00+02:00,18.937,7.628263,13.32,0.0,0.0,42200.0,10.974618,29.670004
2026-07-08 01:00:00+02:00,18.137,4.8433046,11.879999,0.0,0.0,41960.0,11.961482,29.896374
2026-07-08 02:00:00+02:00,17.837,6.439876,7.2,0.0,0.0,41560.0,11.031237,32.114315
2026-07-08 03:00:00+02:00,17.536999,4.6938257,10.08,0.0,0.0,42000.0,10.391472,31.533234
2026-07-08 04:00:00+02:00,16.837,2.9024127,7.2,0.0,0.0,41740.0,9.994198,34.675392
2026-07-08 05:00:00+02:00,16.286999,5.1165614,4.68,0.0,0.0,40580.0,8.377872,33.54022
2026-07-08 06:00:00+02:00,16.087,4.1046314,7.5599995,0.0,0.0,40320.0,8.706063,36.15484
2026-07-08 07:00:00+02:00,17.137,2.5959969,6.4799995,0.0,0.0,38340.0,11.392405,35.292084
2026-07-08 08:00:00+02:00,19.737,2.9024127,4.32,0.0,0.0,32040.0,9.580464,36.451977
2026-07-08 09:00:00+02:00,23.487,2.8116899,5.3999996,0.0,0.0,35760.0,7.866535,36.867085
2026-07-08 10:00:00+02:00,25.137,2.5959969,5.3999996,0.0,0.0,42200.0,6.3960004,33.355934
2026-07-08 11:00:00+02:00,26.437,1.1384199,7.2,0.0,0.0,41540.0,6.835443,30.36308
2026-07-08 12:00:00+02:00,28.387,3.8939953,7.92,0.0,0.0,44280.0,9.045312,25.987556
2026-07-08 13:00:00+02:00,29.837,8.534353,15.84,0.0,0.0,50720.0,16.909952,22.889902
2026-07-08 14:00:00+02:00,31.187,9.449572,19.44,0.0,0.0,52500.0,17.975468,18.454428
2026-07-08 15:00:00+02:00,31.837,13.37825,23.759998,0.0,0.0,52920.0,22.235918,12.735487
2026-07-08 16:00:00+02:00,32.037,15.778516,28.08,0.0,0.0,54540.0,22.249924,11.9230585
2026-07-08 17:00:00+02:00,31.587,16.179987,30.239998,0.0,0.0,51300.0,17.584206,8.777877
2026-07-08 18:00:00+02:00,31.087,14.113652,28.8,0.0,0.0,51660.0,22.629341,5.00416
2026-07-08 19:00:00+02:00,29.987,9.957108,23.759998,0.0,0.0,48740.0,18.594416,6.1445136
2026-07-08 20:00:00+02:00,28.937,8.905908,15.119999,0.0,0.0,48520.0,15.916782,11.41124
2026-07-08 21:00:00+02:00,25.536999,5.6233797,14.759999,0.0,0.0,45320.0,15.086228,12.4911375
2026-07-08 22:00:00+02:00,20.887,5.0911684,9.72,0.0,0.0,41560.0,10.831775,14.072007
2026-07-08 23:00:00+02:00,20.887,6.0347,9.72,0.0,0.0,41140.0,8.253009,19.62793
2026-07-09 00:00:00+02:00,19.487,5.154415,9.0,0.0,0.0,40160.0,8.84802,21.830282
2026-07-09 01:00:00+02:00,18.187,4.0249224,8.28,0.0,0.0,39440.0,11.830561,17.423588
2026-07-09 02:00:00+02:00,17.987,3.9763298,5.7599998,0.0,0.0,39100.0,11.830561,17.555754
2026-07-09 03:00:00+02:00,17.737,4.0249224,6.8399997,0.0,0.0,38880.0,10.066657,19.331268
2026-07-09 04:00:00+02:00,16.987,3.319036,6.4799995,0.0,0.0,37140.0,8.513107,19.400894
2026-07-09 05:00:00+02:00,16.237,3.9763298,5.3999996,0.0,0.0,35660.0,6.850616,24.491692
2026-07-09 06:00:00+02:00,15.887,2.7416782,5.3999996,0.0,0.0,34860.0,4.757608,26.89098
2026-07-09 07:00:00+02:00,17.286999,2.16,4.32,0.0,0.0,32540.0,2.278481,24.718725
2026-07-09 08:00:00+02:00,20.837,1.5273507,2.52,0.0,0.0,33720.0,3.3175182,23.950901
2026-07-09 09:00:00+02:00,22.937,0.35999998,3.2399998,0.0,0.0,39860.0,3.89347,22.788692
2026-07-09 10:00:00+02:00,24.786999,1.4399999,3.96,0.0,0.0,41000.0,1.643036,21.86555
2026-07-09 11:00:00+02:00,26.536999,3.7585104,6.4799995,0.0,0.0,41600.0,2.453999,20.360134
2026-07-09 12:00:00+02:00,28.437,6.725354,12.959999,0.0,0.0,42720.0,8.074956,18.127962
2026-07-09 13:00:00+02:00,29.837,7.9932976,14.759999,0.0,0.0,43320.0,8.598059,15.824544
2026-07-09 14:00:00+02:00,30.437,11.367109,18.0,0.0,0.0,44080.0,9.688234,19.331268
2026-07-09 15:00:00+02:00,31.286999,15.034041,26.64,0.0,0.0,46200.0,9.580463,16.77011
2026-07-09 16:00:00+02:00,31.887,16.179985,29.16,0.0,0.0,49320.0,9.580463,9.474416
2026-07-09 17:00:00+02:00,31.937,15.807239,29.519999,0.0,0.0,48320.0,6.524576,9.655664
2026-07-09 18:00:00+02:00,31.737,13.324863,27.359999,0.0,0.0,47840.0,4.1265044,9.813965
2026-07-09 19:00:00+02:00,31.187,8.0899935,22.68,0.0,0.0,46400.0,8.253009,10.98112
2026-07-09 20:00:00+02:00,30.437,6.12,12.959999,0.0,0.0,46760.0,7.34788,11.444951
2026-07-09 21:00:00+02:00,27.036999,3.219938,9.72,0.0,0.0,43220.0,6.6350365,3.3425157
2026-07-09 22:00:00+02:00,21.487,4.1046314,8.28,0.0,0.0,40440.0,6.850616,3.1649084
2026-07-09 23:00:00+02:00,21.286999,3.9763298,5.7599998,0.0,0.0,40120.0,7.7468348,2.5591688
2026-07-10 00:00:00+02:00,20.237,3.96,6.12,0.0,0.0,39620.0,5.468354,0.6206896
2026-07-10 01:00:00+02:00,19.286999,3.2399998,6.8399997,0.0,0.0,38980.0,2.577807,4.475857
2026-07-10 02:00:00+02:00,19.036999,3.7585104,3.2399998,0.0,0.0,39280.0,2.9178793,5.551616
2026-07-10 03:00:00+02:00,17.987,2.52,5.3999996,0.0,0.0,37320.0,5.993747,6.48019
2026-07-10 04:00:00+02:00,18.887,2.3051248,4.32,0.0,0.0,28360.0,7.291139,7.2649856
2026-07-10 05:00:00+02:00,17.387,2.5959969,3.2399998,0.0,0.0,30820.0,8.253009,8.442291
2026-07-10 06:00:00+02:00,18.187,1.9386592,4.32,0.0,0.0,29540.0,9.294415,8.777877
2026-07-10 07:00:00+02:00,18.937,1.484318,2.16,0.0,0.0,28820.0,11.830561,8.092802
2026-07-10 08:00:00+02:00,19.536999,0.71999997,2.8799999,0.0,0.0,30560.0,11.273301,7.8511715
2026-07-10 09:00:00+02:00,21.786999,1.2979984,3.6,0.0,0.0,36500.0,9.113924,10.027549
2026-07-10 10:00:00+02:00,24.737,2.9024127,6.4799995,0.0,0.0,40200.0,3.1898732,11.595439
2026-07-10 11:00:00+02:00,26.286999,5.8048253,7.2,0.0,0.0,41380.0,1.4410379,12.367153
2026-07-10 12:00:00+02:00,27.987,7.145796,10.08,0.0,0.0,42100.0,5.543783,10.4046545
2026-07-10 13:00:00+02:00,29.587,7.928177,15.119999,0.0,0.0,43260.0,9.837129,15.266946
2026-07-10 14:00:00+02:00,30.387,8.891343,17.64,0.0,0.0,45600.0,12.961332,19.430658
2026-07-10 15:00:00+02:00,32.137,12.074766,19.08,0.0,0.0,49360.0,12.832521,22.379284
2026-07-10 16:00:00+02:00,32.336998,10.30883,23.4,0.0,0.0,49720.0,11.618018,21.794956
2026-07-10 17:00:00+02:00,32.387,5.315336,16.56,0.0,0.0,51200.0,13.533486,19.49005
2026-07-10 18:00:00+02:00,32.086998,5.495161,10.440001,0.0,0.0,54080.0,14.126582,14.4368725
2026-07-10 19:00:00+02:00,31.337,2.6208394,13.32,0.0,0.0,48940.0,11.618018,22.014801
2026-07-10 20:00:00+02:00,28.587,1.9386592,5.04,0.0,0.0,44080.0,15.713261,20.938503
2026-07-10 21:00:00+02:00,25.437,1.484318,6.4799995,0.0,0.0,42100.0,13.889393,22.593443
2026-07-10 22:00:00+02:00,21.786999,2.968636,8.64,0.0,0.0,40860.0,15.148044,21.402544
2026-07-10 23:00:00+02:00,24.187,11.874544,16.56,7.0,0.0,41420.0,9.15938,12.915714
2026-07-11 00:00:00+02:00,23.937,5.1165614,19.08,0.0,0.0,40780.0,1.4410379,17.773846
2026-07-11 01:00:00+02:00,21.587,2.3051248,11.5199995,0.0,0.0,37420.0,9.17071,15.628565
2026-07-11 02:00:00+02:00,21.536999,2.4149535,8.64,0.0,0.1,34420.0,8.765491,9.310345
2026-07-11 03:00:00+02:00,21.687,4.5536795,13.679999,0.0,0.0,37680.0,3.286072,5.00416
2026-07-11 04:00:00+02:00,21.786999,1.1384199,4.32,0.0,0.0,38140.0,4.488087,9.392738
2026-07-11 05:00:00+02:00,21.687,4.198285,6.12,0.0,0.0,39480.0,7.866535,14.948187
2026-07-11 06:00:00+02:00,21.337,0.0,7.2,0.0,0.0,39040.0,1.2889035,15.329903
2026-07-11 07:00:00+02:00,20.687,3.5455887,8.28,15.0,0.0,34740.0,10.391472,10.606349
2026-07-11 08:00:00+02:00,21.987,2.3051248,11.5199995,0.0,0.0,33400.0,6.330734,16.102081
2026-07-11 09:00:00+02:00,24.987,3.319036,7.92,0.0,0.0,40520.0,2.734177,12.4911375
2026-07-11 10:00:00+02:00,26.237,2.16,6.8399997,0.0,0.0,40600.0,3.5591009,11.394346
2026-07-11 11:00:00+02:00,27.837,1.835647,10.08,0.0,0.0,41180.0,9.7416725,10.569963
2026-07-11 12:00:00+02:00,30.036999,6.489992,12.24,0.0,0.0,42600.0,14.69576,8.068965
2026-07-11 13:00:00+02:00,31.187,10.739832,19.44,0.0,0.0,43340.0,18.594416,11.241167
2026-07-11 14:00:00+02:00,31.687,18.374111,30.239998,0.0,0.0,45740.0,17.958132,9.037377
2026-07-11 15:00:00+02:00,31.437,7.10031,37.079998,0.0,0.0,46640.0,12.261531,11.444951
2026-07-11 16:00:00+02:00,26.587,23.224882,44.639996,0.0,0.0,42240.0,7.958391,21.402544
2026-07-11 17:00:00+02:00,26.887,5.04,44.639996,0.0,0.0,41780.0,21.783041,18.127962
2026-07-11 18:00:00+02:00,24.687,22.226902,40.68,0.0,0.0,41540.0,22.495888,18.26558
2026-07-11 19:00:00+02:00,24.187,6.830519,33.48,0.0,0.0,41320.0,7.971428,11.858258
2026-07-11 20:00:00+02:00,24.536999,3.6,13.32,0.0,0.0,40880.0,8.513107,5.8883786
2026-07-11 21:00:00+02:00,24.437,5.6920996,11.879999,0.0,0.0,41620.0,11.848101,17.122486
2026-07-11 22:00:00+02:00,22.837,1.08,9.0,0.0,0.0,40900.0,8.800955,21.066906
2026-07-11 23:00:00+02:00,20.737,2.3051248,7.2,0.0,0.0,39080.0,4.201311,15.517241
2026-07-12 00:00:00+02:00,18.437,2.8116899,6.4799995,0.0,0.0,34260.0,4.907998,8.350525
2026-07-12 01:00:00+02:00,17.637,2.4149535,5.04,0.0,0.0,32860.0,4.323114,10.998648
2026-07-12 02:00:00+02:00,16.337,3.4152596,4.32,0.0,0.0,28400.0,3.5591009,8.092802
2026-07-12 03:00:00+02:00,17.187,1.8,5.3999996,0.0,0.0,36160.0,6.1307654,9.454063
2026-07-12 04:00:00+02:00,15.737,2.1897945,2.52,0.0,0.0,30780.0,4.488087,13.879042
2026-07-12 05:00:00+02:00,15.287001,2.5455842,3.2399998,0.0,0.0,32720.0,1.8788835,18.433542
2026-07-12 06:00:00+02:00,15.787001,1.5273507,3.96,0.0,0.0,36200.0,1.9333551,19.755098
2026-07-12 07:00:00+02:00,16.887,1.5273507,2.52,0.0,0.0,35140.0,2.453999,15.025306
2026-07-12 08:00:00+02:00,21.286999,2.8799999,5.04,0.0,0.0,39380.0,2.453999,14.714402
2026-07-12 09:00:00+02:00,23.536999,2.0991426,7.2,0.0,0.0,40840.0,4.511162,11.103232
2026-07-12 10:00:00+02:00,25.087,1.4399999,7.2,0.0,0.0,41080.0,3.9200466,9.715329
2026-07-12 11:00:00+02:00,26.587,1.9386592,5.7599998,0.0,0.0,41880.0,3.5591009,10.569963
2026-07-12 12:00:00+02:00,28.687,4.1046314,9.0,0.0,0.0,44040.0,4.57969,9.695481
2026-07-12 13:00:00+02:00,30.637,6.162207,11.879999,0.0,0.0,47780.0,1.8227848,9.164372
2026-07-12 14:00:00+02:00,31.437,6.12,11.5199995,0.0,0.0,43940.0,8.706063,4.9655166
2026-07-12 15:00:00+02:00,32.737,7.42159,14.4,0.0,0.0,45500.0,12.438086,5.8883786
2026-07-12 16:00:00+02:00,33.336998,14.986553,28.08,0.0,0.0,47060.0,11.419714,10.98112
2026-07-12 17:00:00+02:00,33.437,16.610792,34.2,0.0,0.0,49180.0,5.487309,11.545494
2026-07-12 18:00:00+02:00,33.336998,14.021525,31.319998,0.0,0.0,52540.0,4.9291077,9.164372
2026-07-12 19:00:00+02:00,32.937,8.669949,24.48,0.0,0.0,52660.0,3.286072,11.103232
2026-07-12 20:00:00+02:00,31.137,4.39436,14.4,0.0,0.0,48160.0,10.667574,14.490146
2026-07-12 21:00:00+02:00,25.487,3.5455887,7.5599995,0.0,0.0,41400.0,9.022324,16.386677
2026-07-12 22:00:00+02:00,21.187,4.3349743,8.64,0.0,0.0,40680.0,5.333787,18.0
2026-07-12 23:00:00+02:00,20.837,4.39436,7.2,0.0,0.0,40600.0,1.0189676,15.824544
2026-07-13 00:00:00+02:00,20.737,4.6102495,9.72,0.0,0.0,40760.0,5.487309,21.139927
2026-07-13 01:00:00+02:00,19.187,1.484318,6.4799995,0.0,0.0,39640.0,4.6472077,24.103226
2026-07-13 02:00:00+02:00,17.786999,3.9763298,6.12,0.0,0.0,29720.0,6.6350365,22.490902
2026-07-13 03:00:00+02:00,18.036999,4.1046314,6.4799995,0.0,0.0,26780.0,8.95301,18.096056
2026-07-13 04:00:00+02:00,18.137,2.1897945,6.4799995,0.0,0.0,25720.0,12.603934,14.8057575
2026-07-13 05:00:00+02:00,17.187,2.4149535,5.3999996,0.0,0.0,31960.0,9.215885,17.245792
2026-07-13 06:00:00+02:00,17.687,2.9024127,4.32,0.0,0.0,24560.0,9.7416725,21.794956
2026-07-13 07:00:00+02:00,18.237,2.16,3.2399998,0.0,0.0,21960.0,11.4288025,26.948225
2026-07-13 08:00:00+02:00,21.036999,2.968636,3.6,0.0,0.0,33520.0,10.936708,35.384754
2026-07-13 09:00:00+02:00,21.337,2.6208394,12.24,0.0,0.0,32560.0,6.970812,41.437717
2026-07-13 10:00:00+02:00,23.536999,1.1384199,9.36,0.0,0.0,38380.0,3.67394,35.98394
2026-07-13 11:00:00+02:00,25.687,1.9386592,8.64,0.0,0.0,40800.0,2.0379353,40.344826
2026-07-13 12:00:00+02:00,27.237,3.6179552,8.28,0.0,0.0,41320.0,5.709857,40.819485
2026-07-13 13:00:00+02:00,28.786999,2.968636,7.92,0.0,0.0,41540.0,2.734177,37.739765
2026-07-13 14:00:00+02:00,28.286999,3.396233,11.879999,0.0,0.0,41160.0,3.286072,39.65619
2026-07-13 15:00:00+02:00,29.536999,2.9024127,10.08,0.0,0.0,41980.0,2.577807,40.838356
2026-07-13 16:00:00+02:00,30.387,2.968636,7.92,0.0,0.0,43060.0,9.515216,44.28263
2026-07-13 17:00:00+02:00,28.387,4.452954,6.8399997,0.0,0.0,41800.0,5.8357587,46.38591
2026-07-13 18:00:00+02:00,28.137,6.989936,11.879999,0.0,0.0,41460.0,4.488087,48.59647
2026-07-13 19:00:00+02:00,27.937,4.2136917,15.4800005,0.0,0.0,40920.0,6.895935,43.581074
2026-07-13 20:00:00+02:00,25.587,3.8773184,5.7599998,0.0,0.0,40740.0,3.89347,43.03846
2026-07-13 21:00:00+02:00,23.786999,3.8773184,11.5199995,0.0,0.0,39260.0,5.9240503,43.753117
2026-07-13 22:00:00+02:00,21.887,4.0249224,6.8399997,0.0,0.0,35660.0,4.907998,38.39255
2026-07-13 23:00:00+02:00,21.137,3.8773184,7.5599995,0.0,0.0,29640.0,2.8820758,35.645096
2026-07-14 00:00:00+02:00,20.536999,4.6938257,9.0,0.0,0.0,38220.0,2.577807,33.407864
2026-07-14 01:00:00+02:00,19.837,1.9386592,7.5599995,0.0,0.0,37100.0,0.9113924,30.165771
2026-07-14 02:00:00+02:00,18.887,3.96,3.2399998,0.0,0.0,34940.0,4.757608,28.144014
2026-07-14 03:00:00+02:00,18.987,3.319036,6.8399997,0.0,0.0,36060.0,4.9291077,26.855139
2026-07-14 04:00:00+02:00,18.036999,2.1897945,5.04,0.0,0.0,27300.0,5.506198,27.062351
2026-07-14 05:00:00+02:00,17.887,4.5536795,5.7599998,0.0,0.0,28740.0,5.468354,23.635157
2026-07-14 06:00:00+02:00,17.587,3.5455887,9.0,0.0,0.0,32300.0,7.78694,21.402544
2026-07-14 07:00:00+02:00,18.487,2.5959969,5.3999996,0.0,0.0,19640.0,7.20519,20.331732
2026-07-14 08:00:00+02:00,21.587,2.6208394,3.96,0.0,0.0,21980.0,8.062088,19.900824
2026-07-14 09:00:00+02:00,26.937,3.0547013,5.7599998,0.0,0.0,40340.0,7.5842957,15.566816
2026-07-14 10:00:00+02:00,26.937,7.8954163,13.679999,0.0,0.0,38440.0,5.9240503,13.879042
2026-07-14 11:00:00+02:00,27.837,8.161764,14.759999,0.0,0.0,40660.0,7.78694,9.310345
2026-07-14 12:00:00+02:00,29.237,5.634891,16.199999,0.0,0.0,41300.0,6.1138062,11.189642
2026-07-14 13:00:00+02:00,30.687,7.10031,12.24,0.0,0.0,42540.0,7.840093,16.11404
2026-07-14 14:00:00+02:00,31.887,7.24486,15.4800005,0.0,0.0,44180.0,10.401459,17.522804
2026-07-14 15:00:00+02:00,32.887,7.5170207,14.04,0.0,0.0,43540.0,13.246578,25.816511
2026-07-14 16:00:00+02:00,33.586998,12.904882,22.68,0.0,0.0,47560.0,11.474137,29.67
2026-07-14 17:00:00+02:00,33.637,11.269782,24.84,0.0,0.0,47360.0,13.949067,31.921795
2026-07-14 18:00:00+02:00,33.237,11.542478,22.68,0.0,0.0,48080.0,11.926711,38.905903
2026-07-14 19:00:00+02:00,32.287,4.072935,18.72,0.0,0.0,43860.0,8.151741,36.14951
2026-07-14 20:00:00+02:00,30.637,4.39436,10.08,0.0,0.0,42380.0,10.004581,34.024887
2026-07-14 21:00:00+02:00,26.837,4.072935,7.92,0.0,0.0,41780.0,16.00136,21.429527
2026-07-14 22:00:00+02:00,23.687,4.3498964,6.4799995,0.0,0.0,41400.0,9.688234,23.17426
2026-07-14 23:00:00+02:00,22.937,4.1046314,7.2,0.0,0.0,40760.0,8.95301,30.108244
2026-07-15 00:00:00+02:00,22.137,4.6102495,7.2,0.0,0.0,40460.0,3.2222586,28.659466
2026-07-15 01:00:00+02:00,21.187,4.1046314,7.2,0.0,0.0,40460.0,5.012658,31.679502
2026-07-15 02:00:00+02:00,21.937,5.315336,7.2,0.0,0.0,40800.0,7.958392,34.413307
2026-07-15 03:00:00+02:00,21.286999,4.0249224,8.64,0.0,0.0,40680.0,7.866535,35.029118
2026-07-15 04:00:00+02:00,20.437,3.096837,5.7599998,0.0,0.0,40320.0,7.418196,35.111507
2026-07-15 05:00:00+02:00,19.536999,2.0991426,4.32,0.0,0.0,39660.0,3.3175182,33.042614
2026-07-15 06:00:00+02:00,19.737,2.9024127,6.12,0.0,0.0,40360.0,6.7744107,36.261242
2026-07-15 07:00:00+02:00,19.337,2.2768397,5.04,0.0,0.0,35380.0,4.6916795,34.413307
2026-07-15 08:00:00+02:00,21.286999,2.9024127,8.64,0.0,0.0,26860.0,5.941551,36.133522
2026-07-15 09:00:00+02:00,24.987,6.4096174,10.440001,0.0,0.0,40180.0,9.580463,31.189268
2026-07-15 10:00:00+02:00,26.937,4.198285,7.92,0.0,0.0,40620.0,5.8357587,33.60907
2026-07-15 11:00:00+02:00,27.837,1.8,7.92,0.0,0.0,40420.0,4.757608,36.893196
2026-07-15 12:00:00+02:00,29.237,3.096837,7.2,0.0,0.0,40500.0,12.710575,39.06402
2026-07-15 13:00:00+02:00,29.187,15.778516,28.44,0.0,0.0,41900.0,19.128386,30.261404
2026-07-15 14:00:00+02:00,26.637,15.94601,30.599998,0.0,0.0,2720.0,47.53241,64.51888
2026-07-15 15:00:00+02:00,24.837,14.512064,29.519999,0.0,0.9,37700.0,11.392405,61.760952
2026-07-15 16:00:00+02:00,26.187,2.52,23.4,0.0,0.0,40400.0,19.387182,54.12826
2026-07-15 17:00:00+02:00,25.487,9.227524,17.64,0.0,0.9,38140.0,26.73504,63.746967
2026-07-15 18:00:00+02:00,25.087,10.587917,17.28,0.0,0.0,39780.0,18.3697,46.96369
2026-07-15 19:00:00+02:00,24.536999,4.73506,19.44,0.0,0.0,34100.0,4.6916795,51.43866
2026-07-15 20:00:00+02:00,23.437,2.8799999,12.599999,0.0,0.0,29280.0,8.151741,57.937313
2026-07-15 21:00:00+02:00,21.237,2.5959969,7.2,0.0,0.0,20360.0,4.201311,56.82277
2026-07-15 22:00:00+02:00,20.437,6.989936,16.56,0.0,0.0,34320.0,2.9178793,50.371555
2026-07-15 23:00:00+02:00,18.286999,0.8049845,15.4800005,0.0,0.0,20740.0,7.4739733,47.319187
2026-07-16 00:00:00+02:00,18.036999,0.8049845,8.28,0.0,0.0,18520.0,8.11344,42.370876
2026-07-16 01:00:00+02:00,18.387,1.8,4.32,0.0,0.0,20960.0,7.840093,50.474697
2026-07-16 02:00:00+02:00,18.737,3.9763298,9.0,0.0,0.0,26120.0,10.066657,48.513157
2026-07-16 03:00:00+02:00,17.536999,5.0911684,12.959999,0.0,0.0,19900.0,9.125309,49.65905
2026-07-16 04:00:00+02:00,17.087,2.9024127,7.5599995,0.0,0.0,18180.0,3.286072,46.568268
2026-07-16 05:00:00+02:00,16.487,4.73506,7.5599995,0.0,0.0,14500.0,2.278481,41.433067
2026-07-16 06:00:00+02:00,15.837001,6.2145634,10.08,3.0,0.0,12160.0,8.765491,37.287903
2026-07-16 07:00:00+02:00,16.237,3.9763298,10.440001,65.0,0.0,420.0,6.1307654,38.56276
2026-07-16 08:00:00+02:00,19.237,2.1897945,4.68,0.0,0.0,14960.0,8.976174,33.88306
2026-07-16 09:00:00+02:00,23.387,4.0249224,8.28,0.0,0.0,38700.0,7.20519,36.877533
2026-07-16 10:00:00+02:00,23.887,4.39436,8.64,0.0,0.0,32420.0,3.6455696,49.75206
2026-07-16 11:00:00+02:00,24.487,5.1165614,9.36,0.0,0.0,38880.0,5.195736,51.81922
2026-07-16 12:00:00+02:00,26.187,4.1046314,8.28,0.0,0.0,39900.0,2.0379353,47.873642
2026-07-16 13:00:00+02:00,27.286999,7.289445,13.32,0.0,0.0,40960.0,5.012658,47.841442
2026-07-16 14:00:00+02:00,28.437,3.6,12.599999,0.0,0.0,41440.0,12.512989,53.89645
2026-07-16 15:00:00+02:00,30.036999,2.8116899,8.64,0.0,0.0,40540.0,20.647614,47.841442
2026-07-16 16:00:00+02:00,29.437,8.669949,17.28,0.0,0.0,40820.0,15.031068,57.506817
2026-07-16 17:00:00+02:00,27.536999,7.42159,28.08,0.0,0.0,38460.0,21.649166,55.640938
2026-07-16 18:00:00+02:00,23.687,9.339208,48.96,0.0,2.5,2360.0,11.096928,65.246254
2026-07-16 19:00:00+02:00,24.737,5.3999996,23.759998,0.0,0.6,35800.0,6.47666,67.472694
2026-07-16 20:00:00+02:00,25.637,11.183201,10.799999,3.0,0.0,38820.0,6.850616,64.13258
2026-07-16 21:00:00+02:00,22.536999,12.496719,67.32,21.0,4.5,37680.0,9.113924,76.71734
2026-07-16 22:00:00+02:00,21.837,4.1046314,28.44,0.0,0.0,33760.0,10.9461975,57.727467
2026-07-16 23:00:00+02:00,20.687,11.841756,11.159999,2.0,0.0,29400.0,33.957775,62.545067
2026-07-17 00:00:00+02:00,20.286999,10.365251,18.72,7.0,3.2,6480.0,27.299967,51.938038
2026-07-17 01:00:00+02:00,19.437,9.885262,15.4800005,27.0,6.6,8940.0,20.662695,76.407875
2026-07-17 02:00:00+02:00,18.987,1.4399999,12.959999,0.0,2.4,10240.0,25.794176,50.65755
2026-07-17 03:00:00+02:00,18.036999,7.653705,16.199999,0.0,1.2,24200.0,32.00272,34.228092
2026-07-17 04:00:00+02:00,18.437,8.287822,17.28,0.0,2.3,36240.0,31.604427,22.999043
2026-07-17 05:00:00+02:00,17.687,14.336861,18.72,0.0,1.7,11800.0,18.750113,76.4482
2026-07-17 06:00:00+02:00,18.487,8.311245,25.56,0.0,0.6,37720.0,25.47419,51.42742
2026-07-17 07:00:00+02:00,19.687,11.435313,22.319998,0.0,0.1,39200.0,13.215189,59.096043
2026-07-17 08:00:00+02:00,18.237,3.5455887,13.32,0.0,0.3,29280.0,24.813482,78.03182
2026-07-17 09:00:00+02:00,22.737,4.0249224,6.8399997,0.0,0.0,39640.0,23.15098,50.122368
2026-07-17 10:00:00+02:00,22.536999,11.4862,18.0,0.0,0.0,38580.0,2.453999,49.4764
2026-07-17 11:00:00+02:00,22.687,3.396233,19.8,0.0,0.0,39960.0,2.8820758,46.518604
2026-07-17 12:00:00+02:00,23.887,5.1544156,10.799999,0.0,0.0,39640.0,4.844117,39.69503
2026-07-17 13:00:00+02:00,25.937,5.2416787,11.5199995,0.0,0.0,41220.0,6.572144,40.134197
2026-07-17 14:00:00+02:00,27.337,9.6932955,23.759998,0.0,0.0,41480.0,4.0758705,45.24653
2026-07-17 15:00:00+02:00,27.937,11.165805,21.599998,0.0,0.0,41920.0,10.240498,48.576645
2026-07-17 16:00:00+02:00,28.237,9.693296,19.8,0.0,0.0,42180.0,10.087265,43.88938
2026-07-17 17:00:00+02:00,28.587,11.252519,22.68,0.0,0.0,42820.0,13.270073,46.66331
2026-07-17 18:00:00+02:00,28.536999,9.449572,20.16,0.0,0.0,42600.0,13.246579,44.417274
2026-07-17 19:00:00+02:00,28.437,5.95906,15.119999,0.0,0.0,42720.0,5.195736,45.10582
2026-07-17 20:00:00+02:00,27.137,5.3999996,10.440001,0.0,0.0,40880.0,8.21518,44.19118
2026-07-17 21:00:00+02:00,23.687,3.4152596,8.64,7.0,0.0,35920.0,6.850616,44.938957
2026-07-17 22:00:00+02:00,21.337,2.9024127,6.4799995,9.0,0.0,36660.0,6.940957,39.709587
2026-07-17 23:00:00+02:00,21.036999,3.4152596,5.3999996,38.0,0.0,37660.0,13.049152,44.758564
2026-07-18 00:00:00+02:00,20.786999,4.8433046,7.5599995,46.0,0.0,36140.0,3.2222586,46.819916
2026-07-18 01:00:00+02:00,18.087,3.2399998,7.2,4.0,0.0,20440.0,1.8788835,45.208195
2026-07-18 02:00:00+02:00,18.387,2.0991426,6.12,50.0,0.0,26020.0,3.8667102,47.57901
2026-07-18 03:00:00+02:00,18.536999,2.8116899,4.32,13.0,0.0,33360.0,0.9113924,43.359512
2026-07-18 04:00:00+02:00,17.536999,2.5959969,4.32,0.0,0.0,30200.0,1.9333551,40.729725
2026-07-18 05:00:00+02:00,16.637,2.9024127,3.6,23.0,0.0,19600.0,2.453999,37.251724
2026-07-18 06:00:00+02:00,17.137,3.319036,5.7599998,17.0,0.0,28780.0,2.8820758,32.14429
2026-07-18 07:00:00+02:00,16.337,2.2768397,4.68,80.0,0.0,200.0,3.89347,33.269196
2026-07-18 08:00:00+02:00,18.786999,3.219938,6.8399997,40.0,0.0,13680.0,2.7718916,30.866442
2026-07-18 09:00:00+02:00,22.337,3.219938,9.36,37.0,0.0,38200.0,2.278481,26.304356
2026-07-18 10:00:00+02:00,22.837,0.8049845,6.12,42.0,0.0,34440.0,1.4410379,30.108244
2026-07-18 11:00:00+02:00,24.786999,2.4149535,7.5599995,40.0,0.0,38960.0,2.3236039,30.816475
2026-07-18 12:00:00+02:00,25.786999,10.990322,15.84,18.0,0.0,40300.0,5.3142853,33.59187
2026-07-18 13:00:00+02:00,26.587,9.0,15.119999,27.0,0.0,40680.0,7.971428,32.572903
2026-07-18 14:00:00+02:00,27.786999,10.1376915,16.199999,2.0,0.0,41500.0,11.92671,43.22603
2026-07-18 15:00:00+02:00,28.237,14.081478,25.919998,32.0,0.0,41900.0,13.057107,42.805088
2026-07-18 16:00:00+02:00,28.286999,11.770403,25.919998,0.0,0.0,42600.0,12.969341,40.273144
2026-07-18 17:00:00+02:00,28.687,12.522619,21.24,3.0,0.0,43600.0,10.490914,46.96369
2026-07-18 18:00:00+02:00,27.987,11.659777,29.88,0.0,0.0,43380.0,13.215189,41.516666
2026-07-18 19:00:00+02:00,27.786999,4.0249224,18.72,0.0,0.0,43120.0,9.752324,40.587597
2026-07-18 20:00:00+02:00,26.337,4.1046314,7.5599995,0.0,0.0,41640.0,8.402622,38.960327
2026-07-18 21:00:00+02:00,23.036999,2.4149535,7.92,0.0,0.0,39900.0,8.765491,35.54769
2026-07-18 22:00:00+02:00,19.937,1.835647,5.04,0.0,0.0,39000.0,4.6472077,32.995945
2026-07-18 23:00:00+02:00,18.887,4.6938257,6.12,0.0,0.0,39600.0,4.556962,36.678505
2026-07-19 00:00:00+02:00,17.387,2.16,8.28,0.0,0.0,36660.0,4.488087,34.813995
2026-07-19 01:00:00+02:00,16.536999,2.9024127,5.7599998,0.0,0.0,35160.0,4.0758705,34.205574
2026-07-19 02:00:00+02:00,16.987,2.5959969,5.3999996,0.0,0.0,33780.0,2.453999,34.62536
2026-07-19 03:00:00+02:00,15.937,1.609969,4.32,0.0,0.0,25100.0,2.734177,36.762436
2026-07-19 04:00:00+02:00,16.137,1.8,2.8799999,0.0,0.0,29500.0,3.286072,36.261242
2026-07-19 05:00:00+02:00,16.587,1.835647,2.8799999,25.0,0.0,29400.0,1.8227848,33.97957
2026-07-19 06:00:00+02:00,16.337,1.484318,4.68,20.0,0.0,29160.0,2.453999,35.029118
2026-07-19 07:00:00+02:00,16.187,2.52,5.04,34.0,0.0,23620.0,4.323114,34.34046
2026-07-19 08:00:00+02:00,17.536999,1.0182338,7.2,24.0,0.0,24360.0,5.8000655,35.029118
2026-07-19 09:00:00+02:00,21.187,2.5455842,7.5599995,0.0,0.0,39580.0,6.330734,33.54022
2026-07-19 10:00:00+02:00,22.737,2.968636,6.12,5.0,0.0,38960.0,6.835443,30.57172
2026-07-19 11:00:00+02:00,24.387,3.219938,8.28,15.0,0.0,40220.0,11.961482,30.922554
2026-07-19 12:00:00+02:00,25.786999,4.5536795,9.0,2.0,0.0,41560.0,11.096928,29.218596
2026-07-19 13:00:00+02:00,26.987,8.435069,15.119999,0.0,0.0,42120.0,10.411436,25.816511
2026-07-19 14:00:00+02:00,27.487,11.440978,15.4800005,0.0,0.0,43280.0,14.69576,24.14315
2026-07-19 15:00:00+02:00,27.837,13.276144,24.119999,0.0,0.0,44000.0,14.989566,19.440569
2026-07-19 16:00:00+02:00,28.087,12.397806,22.319998,0.0,0.0,45180.0,11.600131,17.423588
2026-07-19 17:00:00+02:00,27.887,10.495713,22.319998,0.0,0.0,44320.0,16.436678,14.003396
2026-07-19 18:00:00+02:00,27.487,10.086427,19.44,0.0,0.0,43100.0,16.768133,14.153901
2026-07-19 19:00:00+02:00,27.137,9.290511,18.359999,0.0,0.0,43120.0,15.230073,13.398848
2026-07-19 20:00:00+02:00,26.286999,2.9024127,15.84,0.0,0.0,42340.0,13.776805,23.331656
2026-07-19 21:00:00+02:00,24.437,3.6,6.12,0.0,0.0,41500.0,13.402427,24.175043
2026-07-19 22:00:00+02:00,19.837,2.5455842,5.3999996,0.0,0.0,38140.0,11.124962,29.980017
2026-07-19 23:00:00+02:00,20.387,4.6938257,7.2,38.0,0.0,39380.0,6.524576,37.044304
2026-07-20 00:00:00+02:00,19.536999,3.7585104,8.28,23.0,0.0,38900.0,4.0758705,38.04478
2026-07-20 01:00:00+02:00,19.137,2.5455842,6.12,7.0,0.0,39040.0,3.89347,34.9851
2026-07-20 02:00:00+02:00,17.687,4.2136917,4.68,17.0,0.0,38040.0,3.2222586,39.45165
2026-07-20 03:00:00+02:00,17.387,3.4152596,6.8399997,12.0,0.0,37860.0,1.3670886,37.882412
2026-07-20 04:00:00+02:00,16.587,3.671294,5.04,0.0,0.0,36580.0,2.278481,35.682907
2026-07-20 05:00:00+02:00,15.537001,3.9763298,5.3999996,0.0,0.0,34760.0,1.643036,34.941025
2026-07-20 06:00:00+02:00,15.237,3.6,7.2,0.0,0.0,29800.0,2.0379353,35.029118
2026-07-20 07:00:00+02:00,15.687,2.5959969,5.04,0.0,0.0,32940.0,1.4410379,33.106678
2026-07-20 08:00:00+02:00,17.137,0.8049845,3.6,0.0,0.0,22360.0,1.2889035,32.14429
2026-07-20 09:00:00+02:00,19.786999,0.35999998,3.96,0.0,0.0,35480.0,1.0189676,32.14429
2026-07-20 10:00:00+02:00,21.587,4.1046314,7.92,0.0,0.0,39320.0,6.0797453,32.383106
2026-07-20 11:00:00+02:00,22.286999,5.634891,12.599999,0.0,0.0,40280.0,3.757767,32.620174
2026-07-20 12:00:00+02:00,23.587,9.19939,17.28,0.0,0.0,40720.0,5.993747,31.649084
2026-07-20 13:00:00+02:00,24.887,11.298495,18.72,0.0,0.0,41420.0,8.513107,32.773354
2026-07-20 14:00:00+02:00,25.937,12.287555,19.44,0.0,0.0,43180.0,8.646228,34.18304
2026-07-20 15:00:00+02:00,26.887,13.746156,19.08,0.0,0.0,45520.0,5.543783,31.65517
2026-07-20 16:00:00+02:00,27.437,13.044722,19.44,0.0,0.0,47240.0,6.3960004,31.921795
2026-07-20 17:00:00+02:00,27.786999,9.746631,21.96,0.0,0.0,47660.0,11.644798,42.206898
2026-07-20 18:00:00+02:00,27.737,10.594036,18.359999,0.0,0.0,46700.0,10.087265,43.88938
2026-07-20 19:00:00+02:00,27.437,5.815978,17.64,0.0,0.0,46840.0,8.84802,41.367928
2026-07-20 20:00:00+02:00,26.737,3.096837,15.84,0.0,0.0,44480.0,7.34788,45.314594
2026-07-20 21:00:00+02:00,24.536999,4.6102495,7.5599995,0.0,0.0,42600.0,5.941551,43.963932
2026-07-20 22:00:00+02:00,19.437,2.9024127,8.28,0.0,0.0,40440.0,2.278481,44.9818
2026-07-20 23:00:00+02:00,18.487,3.0547013,4.68,0.0,0.0,39880.0,3.0569031,46.13607
2026-07-21 00:00:00+02:00,16.536999,3.319036,5.04,0.0,0.0,38160.0,2.0379353,48.47741
2026-07-21 01:00:00+02:00,16.987,3.671294,5.7599998,0.0,0.0,39800.0,3.9200466,47.127472
2026-07-21 02:00:00+02:00,16.387,2.2768397,6.12,0.0,0.0,33180.0,1.3670886,53.296246
2026-07-21 03:00:00+02:00,16.187,2.4149535,5.3999996,0.0,0.0,37900.0,3.9200466,54.398052
2026-07-21 04:00:00+02:00,16.237,3.7064266,6.8399997,0.0,0.0,38540.0,4.201311,53.400955
2026-07-21 05:00:00+02:00,15.287001,2.4149535,5.3999996,0.0,0.0,36760.0,5.333787,53.985725
2026-07-21 06:00:00+02:00,15.837001,3.6,6.12,51.0,0.0,38240.0,5.7641516,53.031746
2026-07-21 07:00:00+02:00,16.786999,2.6208394,5.7599998,0.0,0.0,39320.0,1.2889035,54.80377
2026-07-21 08:00:00+02:00,17.187,3.319036,6.8399997,41.0,0.0,34060.0,5.941551,57.977192
2026-07-21 09:00:00+02:00,18.837,1.2979984,7.92,44.0,0.0,40380.0,4.0758705,55.255325
2026-07-21 10:00:00+02:00,19.687,3.671294,7.2,32.0,0.0,40420.0,7.20519,47.74471
2026-07-21 11:00:00+02:00,20.137,3.319036,7.92,47.0,0.0,40740.0,5.487309,48.47741
2026-07-21 12:00:00+02:00,21.637,7.729527,13.679999,30.0,0.0,41180.0,7.3619976,45.78401
2026-07-21 13:00:00+02:00,23.337,9.007196,17.28,14.0,0.0,41820.0,10.638335,40.0429
2026-07-21 14:00:00+02:00,24.487,10.00256,24.84,37.0,0.0,42880.0,13.859459,39.709587
2026-07-21 15:00:00+02:00,25.786999,11.808878,19.8,0.0,0.0,44360.0,13.309138,32.27586
2026-07-21 16:00:00+02:00,26.387,12.738099,20.880001,0.0,0.0,44800.0,11.821781,29.64402
2026-07-21 17:00:00+02:00,26.536999,13.138765,26.28,0.0,0.0,45740.0,19.160927,42.54328
2026-07-21 18:00:00+02:00,25.987,17.727943,30.599998,0.0,0.0,45480.0,23.788038,33.08922
2026-07-21 19:00:00+02:00,25.286999,17.072504,32.760002,0.0,0.0,45120.0,17.22628,17.478779
2026-07-21 20:00:00+02:00,25.087,8.714677,29.519999,0.0,0.0,44640.0,18.838505,18.631031
2026-07-21 21:00:00+02:00,23.187,4.896529,12.24,0.0,0.0,43260.0,13.655687,16.386677
2026-07-21 22:00:00+02:00,18.337,3.0758414,8.28,0.0,0.0,40500.0,12.694226,14.072007
2026-07-21 23:00:00+02:00,16.887,6.638072,8.64,0.0,0.0,40080.0,11.4288025,15.025306
2026-07-22 00:00:00+02:00,15.337001,5.1544156,11.159999,0.0,0.0,38820.0,8.646228,15.152965
2026-07-22 01:00:00+02:00,14.637,2.6208394,8.64,0.0,0.0,38240.0,4.9291077,12.4911375
2026-07-22 02:00:00+02:00,13.887,2.5455842,3.96,0.0,0.0,37520.0,1.9333551,10.857635
2026-07-22 03:00:00+02:00,13.687,3.2599385,4.32,0.0,0.0,38000.0,2.0379353,9.655664
2026-07-22 04:00:00+02:00,13.987,3.6,5.3999996,0.0,0.0,39140.0,1.8227848,12.915714
2026-07-22 05:00:00+02:00,12.937,3.319036,6.12,0.0,0.0,34780.0,0.9113924,13.781546
2026-07-22 06:00:00+02:00,12.787001,3.396233,4.32,0.0,0.0,35280.0,2.453999,13.093462
2026-07-22 07:00:00+02:00,12.187,3.2599385,5.7599998,0.0,0.0,27580.0,3.9200466,11.394346
2026-07-22 08:00:00+02:00,15.387,0.8049845,3.96,0.0,0.0,30580.0,6.47666,11.9230585
2026-07-22 09:00:00+02:00,17.737,2.5959969,5.7599998,0.0,0.0,38040.0,2.278481,12.320337
2026-07-22 10:00:00+02:00,19.687,1.609969,5.3999996,0.0,0.0,39720.0,2.3236039,12.320337
2026-07-22 11:00:00+02:00,21.487,4.6102495,7.92,0.0,0.0,41080.0,1.8227848,10.533453
2026-07-22 12:00:00+02:00,22.937,6.792466,9.0,0.0,0.0,41700.0,4.1265044,10.857635
2026-07-22 13:00:00+02:00,24.587,6.9247384,13.32,0.0,0.0,42860.0,6.198138,11.189641
2026-07-22 14:00:00+02:00,25.737,10.799999,16.56,0.0,0.0,43020.0,7.34788,13.398848
2026-07-22 15:00:00+02:00,26.687,12.229406,17.64,0.0,0.0,45920.0,10.520563,14.753624
2026-07-22 16:00:00+02:00,27.137,12.819235,20.16,0.0,0.0,48780.0,8.95301,16.562065
2026-07-22 17:00:00+02:00,27.337,8.287822,19.8,0.0,0.0,46860.0,14.836392,10.857635
2026-07-22 18:00:00+02:00,27.237,8.78872,16.919998,0.0,0.0,53400.0,14.69576,9.227214
2026-07-22 19:00:00+02:00,26.837,7.6367526,14.04,0.0,0.0,57220.0,12.669665,14.948187
2026-07-22 20:00:00+02:00,25.387,5.1165614,13.679999,0.0,0.0,51180.0,13.464261,18.339252
2026-07-22 21:00:00+02:00,23.036999,3.2599385,7.92,0.0,0.0,47920.0,12.897088,20.809309
2026-07-22 22:00:00+02:00,17.237,3.219938,7.92,0.0,0.0,40620.0,11.618018,28.123474
2026-07-22 23:00:00+02:00,15.737,4.379589,6.12,0.0,0.0,39180.0,9.65603,28.933727
2026-07-23 00:00:00+02:00,15.237,4.68,7.5599995,0.0,0.0,39040.0,7.958391,23.463383
2026-07-23 01:00:00+02:00,14.887,3.6,9.72,0.0,0.0,38320.0,5.487309,22.56785
2026-07-23 02:00:00+02:00,14.437,4.6800003,7.5599995,0.0,0.0,37200.0,4.757608,23.7652
2026-07-23 03:00:00+02:00,13.437,3.671294,7.2,0.0,0.0,33740.0,4.101266,24.718725
2026-07-23 04:00:00+02:00,13.337001,3.0758414,5.3999996,0.0,0.0,29600.0,4.488087,24.718725
2026-07-23 05:00:00+02:00,13.437,4.32,6.12,0.0,0.0,25740.0,2.577807,26.33363
2026-07-23 06:00:00+02:00,12.637,1.835647,9.36,0.0,0.0,29900.0,3.89347,28.531475
2026-07-23 07:00:00+02:00,14.887,1.9386592,5.3999996,0.0,0.0,36580.0,4.511162,28.800266
2026-07-23 08:00:00+02:00,16.786999,4.0249224,5.7599998,0.0,0.0,34600.0,1.9333551,33.407864
2026-07-23 09:00:00+02:00,19.087,3.319036,7.5599995,0.0,0.0,37100.0,2.3236039,29.896374
2026-07-23 10:00:00+02:00,21.087,1.9386592,7.2,0.0,0.0,40200.0,5.3142853,24.333883
2026-07-23 11:00:00+02:00,22.137,1.1384199,5.3999996,0.0,0.0,40480.0,6.9559,25.470974
2026-07-23 12:00:00+02:00,23.987,6.9153743,12.959999,0.0,0.0,42020.0,8.513107,26.776121
2026-07-23 13:00:00+02:00,25.087,10.1887,18.0,0.0,0.0,43580.0,9.56962,24.718725
2026-07-23 14:00:00+02:00,25.937,13.783817,23.039999,0.0,0.0,45760.0,13.120569,21.71527
2026-07-23 15:00:00+02:00,26.937,13.608762,25.919998,0.0,0.0,54020.0,15.871056,16.527136
2026-07-23 16:00:00+02:00,27.187,13.044722,23.759998,0.0,0.0,54620.0,14.075039,13.612786
2026-07-23 17:00:00+02:00,27.237,10.1887,24.119999,0.0,0.0,49440.0,15.680186,10.839878
2026-07-23 18:00:00+02:00,26.637,12.88981,21.599998,0.0,0.0,45220.0,16.303482,9.474416
2026-07-23 19:00:00+02:00,25.786999,12.313894,25.56,0.0,0.0,44420.0,19.333553,7.238423
2026-07-23 20:00:00+02:00,25.286999,6.12,18.359999,0.0,0.0,46280.0,23.774942,7.5510154
2026-07-23 21:00:00+02:00,21.437,4.8433046,9.0,0.0,0.0,42340.0,18.750113,10.4046545
2026-07-23 22:00:00+02:00,17.837,5.8048253,9.36,0.0,0.0,40580.0,12.4380865,11.9230585
2026-07-23 23:00:00+02:00,17.237,6.379216,10.440001,0.0,0.0,40420.0,11.087566,15.517241
2026-07-24 00:00:00+02:00,16.387,3.9763298,10.440001,0.0,0.0,40040.0,8.402622,15.517241
2026-07-24 01:00:00+02:00,15.337001,2.1897945,6.8399997,0.0,0.0,39340.0,5.487309,16.71258
2026-07-24 02:00:00+02:00,14.887,3.96,2.8799999,0.0,0.0,39540.0,7.0889688,16.77011
2026-07-24 03:00:00+02:00,14.087001,3.5455887,6.4799995,0.0,0.0,39080.0,5.709857,16.77011
2026-07-24 04:00:00+02:00,13.637,3.2599385,5.7599998,0.0,0.0,39200.0,2.734177,18.785477
2026-07-24 05:00:00+02:00,13.637,3.9763298,5.7599998,0.0,0.0,38480.0,4.101266,19.725824
2026-07-24 06:00:00+02:00,13.037001,3.396233,5.3999996,0.0,0.0,36180.0,4.907998,19.987747
2026-07-24 07:00:00+02:00,13.587001,3.096837,4.68,0.0,0.0,32160.0,7.840093,19.62793
2026-07-24 08:00:00+02:00,15.337001,0.35999998,3.96,0.0,0.0,32680.0,9.858215,17.78468
2026-07-24 09:00:00+02:00,17.786999,1.5273507,4.32,0.0,0.0,36480.0,7.418196,16.71258
2026-07-24 10:00:00+02:00,20.187,1.5273507,4.32,0.0,0.0,40340.0,7.205189,13.370063
2026-07-24 11:00:00+02:00,21.786999,3.8939953,7.92,0.0,0.0,41460.0,4.9291077,9.037377
2026-07-24 12:00:00+02:00,23.337,5.3517847,7.2,0.0,0.0,41700.0,1.4410379,6.390391
2026-07-24 13:00:00+02:00,24.987,6.6185193,9.72,0.0,0.0,43120.0,5.8357587,1.9627929
2026-07-24 14:00:00+02:00,25.887,6.193674,12.599999,0.0,0.0,43060.0,7.418196,2.5591688
2026-07-24 15:00:00+02:00,26.887,8.089993,13.32,0.0,0.0,42940.0,6.835443,11.394346
2026-07-24 16:00:00+02:00,27.937,6.9247384,11.5199995,0.0,0.0,46860.0,9.56962,12.659634
2026-07-24 17:00:00+02:00,28.187,6.489992,13.32,0.0,0.0,48800.0,11.087566,15.012479
2026-07-24 18:00:00+02:00,28.187,6.9899354,12.24,0.0,0.0,49100.0,12.767627,24.341797
2026-07-24 19:00:00+02:00,26.987,7.145796,15.84,0.0,0.0,45980.0,7.866535,23.975016
2026-07-24 20:00:00+02:00,25.487,4.5820518,10.08,0.0,0.0,43400.0,6.895935,27.373749
2026-07-24 21:00:00+02:00,21.937,5.4833565,8.28,0.0,0.0,42300.0,2.453999,29.980017
2026-07-24 22:00:00+02:00,17.387,3.4152596,7.92,0.0,0.0,38000.0,1.0189676,32.755714
2026-07-24 23:00:00+02:00,17.337,5.1544156,5.3999996,0.0,0.0,40860.0,7.958391,34.547386
2026-07-25 00:00:00+02:00,17.036999,4.452954,8.28,0.0,0.0,41120.0,7.7602262,38.36746
2026-07-25 01:00:00+02:00,15.437,1.835647,6.4799995,0.0,0.0,40280.0,6.198138,37.867157
2026-07-25 02:00:00+02:00,15.087001,4.73506,5.04,0.0,0.0,33540.0,7.34788,39.34408
2026-07-25 03:00:00+02:00,15.087001,5.2416787,8.28,0.0,0.0,26940.0,6.444517,35.72607
2026-07-25 04:00:00+02:00,14.637,2.8799999,7.92,0.0,0.0,20700.0,5.333787,31.429213
2026-07-25 05:00:00+02:00,15.937,2.9024127,3.2399998,0.0,0.0,26140.0,3.4704785,26.754532
2026-07-25 06:00:00+02:00,14.737,3.319036,8.28,0.0,0.0,34720.0,6.3960004,28.368979
2026-07-25 07:00:00+02:00,15.537001,2.3051248,5.7599998,0.0,0.0,32200.0,8.202532,30.891392
2026-07-25 08:00:00+02:00,17.387,1.484318,6.4799995,0.0,0.0,33300.0,10.490914,26.515873
2026-07-25 09:00:00+02:00,20.737,0.5091169,15.119999,0.0,0.0,31760.0,6.347113,26.855139
2026-07-25 10:00:00+02:00,21.887,3.8939953,14.04,0.0,0.0,40680.0,3.4704785,21.357496
2026-07-25 11:00:00+02:00,23.286999,1.0182338,10.440001,0.0,0.0,42080.0,2.6571426,18.433542
2026-07-25 12:00:00+02:00,25.036999,5.0142193,9.72,0.0,0.0,42220.0,2.6571426,13.879042
2026-07-25 13:00:00+02:00,24.337,2.9024127,14.759999,0.0,0.1,41360.0,9.383359,19.171173
2026-07-25 14:00:00+02:00,24.937,6.2145634,14.04,0.0,0.0,42240.0,8.062088,25.470974
2026-07-25 15:00:00+02:00,24.737,4.896529,14.759999,0.0,0.0,42100.0,5.941551,27.716415
2026-07-25 16:00:00+02:00,24.637,5.1919937,13.679999,7.0,0.1,40700.0,11.254866,29.086447
2026-07-25 17:00:00+02:00,25.437,7.342588,11.5199995,5.0,0.0,41520.0,5.8357587,36.846176
2026-07-25 18:00:00+02:00,22.587,10.233123,27.359999,0.0,4.8,36420.0,3.286072,36.872307
2026-07-25 19:00:00+02:00,24.187,2.7416782,18.0,0.0,0.0,38920.0,2.734177,28.068626
2026-07-25 20:00:00+02:00,23.536999,8.557102,13.32,0.0,0.1,36860.0,6.835443,27.204338
2026-07-25 21:00:00+02:00,22.337,11.435313,24.84,0.0,0.0,38860.0,3.0569031,19.120867
2026-07-25 22:00:00+02:00,21.687,8.373386,22.319998,0.0,0.0,38780.0,3.286072,13.948265
2026-07-25 23:00:00+02:00,21.036999,12.413476,17.64,0.0,0.4,40360.0,13.464261,9.310345
2026-07-26 00:00:00+02:00,17.687,7.0911775,31.68,0.0,13.8,27920.0,17.865383,11.241167
2026-07-26 01:00:00+02:00,17.786999,6.1305785,9.72,0.0,2.2,24800.0,15.553866,1.387904
2026-07-26 02:00:00+02:00,18.786999,3.2399998,8.28,0.0,0.0,30180.0,12.269996,3.3425157
2026-07-26 03:00:00+02:00,18.286999,1.4399999,6.4799995,0.0,0.1,32040.0,5.9240503,3.5111506
2026-07-26 04:00:00+02:00,18.687,3.2599385,7.5599995,0.0,0.0,35800.0,2.8820758,1.2413791
2026-07-26 05:00:00+02:00,17.337,5.4119864,6.8399997,46.0,0.3,19100.0,6.970812,9.813965
2026-07-26 06:00:00+02:00,16.987,6.9153743,11.879999,64.0,1.2,17400.0,8.062088,16.13793
2026-07-26 07:00:00+02:00,17.536999,2.5959969,11.5199995,0.0,0.9,8500.0,8.476439,19.28138
2026-07-26 08:00:00+02:00,17.286999,1.08,5.3999996,7.0,1.2,10320.0,4.323114,7.4740934
2026-07-26 09:00:00+02:00,17.137,3.671294,6.12,47.0,2.4,21720.0,2.3236039,14.181093
2026-07-26 10:00:00+02:00,17.786999,2.0991426,9.36,0.0,0.5,20680.0,5.506198,18.62069
2026-07-26 11:00:00+02:00,19.237,2.5455842,6.8399997,0.0,0.6,33900.0,4.844117,12.194616
2026-07-26 12:00:00+02:00,19.786999,4.8965297,8.64,25.0,0.0,33180.0,4.488087,15.517241
2026-07-26 13:00:00+02:00,19.987,2.0991426,7.5599995,0.0,0.0,35280.0,6.524576,15.529648
2026-07-26 14:00:00+02:00,20.887,0.35999998,6.4799995,0.0,0.0,38580.0,4.757608,14.609298
2026-07-26 15:00:00+02:00,21.637,3.8939953,7.5599995,0.0,0.0,39460.0,8.987734,15.824544
2026-07-26 16:00:00+02:00,22.587,1.484318,6.4799995,0.0,0.0,40400.0,7.840093,14.648801
2026-07-26 17:00:00+02:00,22.286999,3.096837,7.2,0.0,0.0,40300.0,6.47666,18.042753
2026-07-26 18:00:00+02:00,22.637,4.32,7.5599995,0.0,0.0,39960.0,7.971428,17.043554
2026-07-26 19:00:00+02:00,22.737,4.6938252,8.64,0.0,0.0,40940.0,8.377872,20.01664
2026-07-26 20:00:00+02:00,22.237,1.8,7.92,0.0,0.0,39840.0,10.520564,18.877537
2026-07-26 21:00:00+02:00,21.187,2.8799999,4.32,0.0,0.0,36600.0,10.831775,21.794956
2026-07-26 22:00:00+02:00,18.937,4.6102495,6.8399997,0.0,0.0,36580.0,8.765491,23.789505
2026-07-26 23:00:00+02:00,18.237,5.1919937,8.28,0.0,0.0,33720.0,8.598059,28.266945
2026-07-27 00:00:00+02:00,17.587,4.510787,7.92,0.0,0.0,32920.0,5.941551,24.491692
2026-07-27 01:00:00+02:00,18.137,3.5455887,6.8399997,28.0,0.0,31060.0,7.1182017,30.204062
2026-07-27 02:00:00+02:00,17.786999,5.0528407,14.4,66.0,0.7,27720.0,7.418196,22.379284
2026-07-27 03:00:00+02:00,17.187,2.5959969,8.28,14.0,0.0,23620.0,10.936708,24.103226
2026-07-27 04:00:00+02:00,18.387,2.3051248,5.3999996,20.0,0.0,33720.0,10.569795,24.951414
2026-07-27 05:00:00+02:00,17.286999,2.3051248,3.2399998,46.0,0.0,31820.0,9.952556,28.178215
2026-07-27 06:00:00+02:00,16.437,2.4149535,3.2399998,28.0,0.0,28940.0,7.78694,27.563091
2026-07-27 07:00:00+02:00,16.687,2.5959969,6.8399997,0.0,0.0,30360.0,9.227144,23.98305
2026-07-27 08:00:00+02:00,18.087,1.2979984,5.7599998,14.0,0.0,24440.0,11.4288025,23.659594
2026-07-27 09:00:00+02:00,20.887,3.2399998,6.12,0.0,0.0,37520.0,10.035667,20.632677
2026-07-27 10:00:00+02:00,22.637,7.10031,12.24,0.0,0.0,37400.0,7.840093,18.25503
2026-07-27 11:00:00+02:00,22.786999,12.181624,23.4,56.0,0.0,39580.0,10.004581,16.13793
2026-07-27 12:00:00+02:00,23.487,11.246759,20.16,54.0,0.0,40580.0,8.84802,19.98775
2026-07-27 13:00:00+02:00,24.036999,11.592895,15.119999,47.0,0.0,40600.0,5.993747,21.617472
2026-07-27 14:00:00+02:00,25.036999,12.904882,22.319998,0.0,0.0,41280.0,14.075039,17.643314
2026-07-27 15:00:00+02:00,25.737,8.78872,19.8,0.0,0.0,42220.0,15.1685915,15.152965
2026-07-27 16:00:00+02:00,26.387,10.630672,18.0,0.0,0.0,42660.0,11.85686,12.735487
2026-07-27 17:00:00+02:00,26.587,12.313894,19.44,0.0,0.0,43860.0,8.215179,11.189642
2026-07-27 18:00:00+02:00,26.487,11.808878,20.519999,0.0,0.0,44300.0,8.215179,11.189642
2026-07-27 19:00:00+02:00,26.187,6.489992,19.8,0.0,0.0,43980.0,8.765491,11.189642
2026-07-27 20:00:00+02:00,25.137,4.510787,10.440001,0.0,0.0,42580.0,7.866535,11.9230585
2026-07-27 21:00:00+02:00,23.237,4.6800003,7.5599995,0.0,0.0,41960.0,12.269996,17.122486
2026-07-27 22:00:00+02:00,19.337,3.7585104,8.64,0.0,0.0,39620.0,11.273301,20.141356
2026-07-27 23:00:00+02:00,17.786999,4.0249224,5.7599998,0.0,0.0,37320.0,10.280973,18.908127
2026-07-28 00:00:00+02:00,16.937,3.4152596,7.92,0.0,0.0,35700.0,8.202532,15.824542
2026-07-28 01:00:00+02:00,16.387,2.9024127,5.3999996,0.0,0.0,35680.0,4.6472077,13.034482
2026-07-28 02:00:00+02:00,15.637,3.5455887,4.68,0.0,0.0,33940.0,2.6571426,14.329733
2026-07-28 03:00:00+02:00,15.437,3.5455887,6.4799995,0.0,0.0,34100.0,5.3142853,12.795844
2026-07-28 04:00:00+02:00,14.937,3.2599385,6.12,0.0,0.0,33400.0,8.753638,8.442291
2026-07-28 05:00:00+02:00,14.187,2.8799999,5.04,0.0,0.0,31840.0,11.883102,7.4482756
2026-07-28 06:00:00+02:00,14.237,3.2399998,5.3999996,0.0,0.0,33220.0,14.539494,6.329817
2026-07-28 07:00:00+02:00,15.437,0.71999997,4.32,0.0,0.0,33020.0,12.661468,5.551616
2026-07-28 08:00:00+02:00,17.087,1.2979984,2.16,0.0,0.0,34340.0,10.189676,2.2379284
2026-07-28 09:00:00+02:00,19.536999,0.71999997,3.96,0.0,0.0,35760.0,10.599223,1.9627929
2026-07-28 10:00:00+02:00,21.987,0.35999998,2.16,0.0,0.0,38820.0,10.189676,3.9743526
2026-07-28 11:00:00+02:00,24.137,0.35999998,3.96,0.0,0.0,41560.0,8.561753,7.5764823
2026-07-28 12:00:00+02:00,25.786999,3.0547013,7.5599995,0.0,0.0,42400.0,6.850616,9.164372
2026-07-28 13:00:00+02:00,27.036999,8.942214,10.799999,0.0,0.0,42300.0,3.3175182,10.1040945
2026-07-28 14:00:00+02:00,27.487,11.457958,13.679999,0.0,0.0,42160.0,2.278481,9.813965
2026-07-28 15:00:00+02:00,28.437,10.464797,14.759999,0.0,0.0,43200.0,8.215179,8.442291
2026-07-28 16:00:00+02:00,29.337,8.699793,15.4800005,0.0,0.0,43920.0,10.066657,10.008319
2026-07-28 17:00:00+02:00,29.536999,5.00128,15.119999,0.0,0.0,42220.0,11.392405,13.093462
2026-07-28 18:00:00+02:00,29.737,5.2416787,9.36,0.0,0.0,43100.0,12.159491,16.13793
2026-07-28 19:00:00+02:00,29.687,3.4152596,9.36,0.0,0.0,43620.0,11.528303,17.290411
2026-07-28 20:00:00+02:00,28.337,1.8,5.7599998,0.0,0.0,40920.0,12.669665,15.329903
2026-07-28 21:00:00+02:00,26.187,4.3349743,6.12,0.0,0.0,40120.0,11.618018,24.593725
2026-07-28 22:00:00+02:00,23.087,3.9763298,6.8399997,0.0,0.0,39260.0,10.831775,22.422277
2026-07-28 23:00:00+02:00,22.937,4.6938252,5.7599998,0.0,0.0,39420.0,9.580463,22.387888
2026-07-29 00:00:00+02:00,21.786999,5.0528407,8.28,0.0,0.0,38300.0,7.840093,23.298607
2026-07-29 01:00:00+02:00,21.087,3.319036,7.5599995,0.0,0.0,37080.0,4.556962,25.051575
2026-07-29 02:00:00+02:00,21.437,3.396233,4.68,0.0,0.0,38520.0,4.201311,26.33363
2026-07-29 03:00:00+02:00,20.887,2.9024127,5.3999996,0.0,0.0,38000.0,3.5591009,25.928188
2026-07-29 04:00:00+02:00,20.036999,3.0758414,3.96,0.0,0.0,35120.0,2.0379353,26.46497
2026-07-29 05:00:00+02:00,18.587,4.452954,6.12,0.0,0.0,29000.0,4.6472077,28.980291
2026-07-29 06:00:00+02:00,17.837,4.5536795,7.5599995,0.0,0.0,24380.0,4.1265044,25.898457
2026-07-29 07:00:00+02:00,17.737,2.9024127,6.8399997,0.0,0.0,21060.0,3.6455696,24.578054
2026-07-29 08:00:00+02:00,21.087,1.1384199,4.68,0.0,0.0,26080.0,4.57969,26.348255
2026-07-29 09:00:00+02:00,24.137,2.5455842,5.04,0.0,0.0,35720.0,5.094838,25.020798
2026-07-29 10:00:00+02:00,25.737,2.9024127,6.4799995,0.0,0.0,39420.0,5.543783,26.194277
2026-07-29 11:00:00+02:00,27.786999,2.0991426,6.8399997,0.0,0.0,40800.0,4.907998,31.722036
2026-07-29 12:00:00+02:00,29.536999,5.3999996,10.08,0.0,0.0,41340.0,5.709857,29.799566
2026-07-29 13:00:00+02:00,30.687,7.928177,14.04,0.0,0.0,41560.0,2.6571426,30.165771
2026-07-29 14:00:00+02:00,31.536999,12.229406,20.880001,0.0,0.0,42400.0,4.57969,26.862312
2026-07-29 15:00:00+02:00,32.687,12.904882,23.759998,0.0,0.0,45260.0,15.065567,25.020798
2026-07-29 16:00:00+02:00,32.336998,13.779114,24.48,0.0,0.0,43640.0,11.618018,25.136013
2026-07-29 17:00:00+02:00,32.586998,7.5942082,24.119999,0.0,0.0,44360.0,18.027378,25.455843
2026-07-29 18:00:00+02:00,33.086998,1.609969,11.879999,0.0,0.0,47200.0,18.616735,20.208189
2026-07-29 19:00:00+02:00,31.286999,5.634891,8.64,0.0,0.0,42460.0,13.941624,21.86555
2026-07-29 20:00:00+02:00,29.387,3.319036,9.36,0.0,0.0,41520.0,10.638335,20.548483
2026-07-29 21:00:00+02:00,24.237,3.671294,5.3999996,0.0,0.0,40620.0,6.524576,18.516953
2026-07-29 22:00:00+02:00,21.837,4.1046314,11.159999,0.0,0.0,41740.0,7.20519,20.055098
2026-07-29 23:00:00+02:00,20.137,5.3517847,5.7599998,0.0,0.0,40980.0,3.67394,14.999642
2026-07-30 00:00:00+02:00,20.087,4.6102495,9.72,0.0,0.0,41160.0,4.907998,11.776757
2026-07-30 01:00:00+02:00,19.337,4.1046314,9.0,0.0,0.0,41220.0,7.0889688,12.5526705
2026-07-30 02:00:00+02:00,19.487,6.4096174,6.12,0.0,0.0,41000.0,5.195736,9.950412
2026-07-30 03:00:00+02:00,19.387,6.193674,10.440001,0.0,0.0,41320.0,6.835443,6.1445136
2026-07-30 04:00:00+02:00,18.237,5.0911684,9.36,0.0,0.0,40960.0,9.227144,8.622896
2026-07-30 05:00:00+02:00,17.286999,4.39436,7.5599995,0.0,0.0,40940.0,10.189676,18.672342
2026-07-30 06:00:00+02:00,15.937,3.0758414,6.4799995,0.0,0.0,40340.0,9.612922,19.251385
2026-07-30 07:00:00+02:00,14.937,2.968636,4.68,0.0,0.0,34460.0,12.636843,19.331268
2026-07-30 08:00:00+02:00,18.536999,2.5455842,5.04,0.0,0.0,28640.0,10.628571,19.251385
2026-07-30 09:00:00+02:00,23.286999,2.6208394,5.3999996,0.0,0.0,31860.0,9.752324,16.327795
2026-07-30 10:00:00+02:00,26.187,0.5091169,5.3999996,0.0,0.0,37880.0,10.240498,11.189641
2026-07-30 11:00:00+02:00,28.087,0.5091169,3.6,0.0,0.0,42320.0,7.5842957,5.00416
2026-07-30 12:00:00+02:00,29.437,1.1384199,3.96,0.0,0.0,41960.0,4.488087,4.1637125
2026-07-30 13:00:00+02:00,31.087,1.484318,6.12,0.0,0.0,44420.0,1.4410379,6.2378535
2026-07-30 14:00:00+02:00,31.786999,3.5455887,7.2,0.0,0.0,45140.0,2.3236039,12.051613
2026-07-30 15:00:00+02:00,30.637,20.188908,34.2,0.0,0.0,49960.0,10.087265,14.909477
2026-07-30 16:00:00+02:00,31.337,6.379216,33.12,0.0,0.0,49080.0,22.04364,5.3031745
2026-07-30 17:00:00+02:00,29.837,25.282152,41.399998,0.0,0.0,42580.0,21.996487,17.489796
2026-07-30 18:00:00+02:00,28.286999,5.991594,48.239998,0.0,0.0,41880.0,1.4410379,19.803793
2026-07-30 19:00:00+02:00,28.487,2.1897945,14.4,0.0,0.0,41280.0,15.09311,32.77923
2026-07-30 20:00:00+02:00,26.837,1.484318,11.5199995,0.0,0.0,41180.0,15.175435,31.53323
2026-07-30 21:00:00+02:00,24.587,4.73506,7.2,0.0,0.0,40020.0,9.482423,28.880415
2026-07-30 22:00:00+02:00,20.087,1.835647,10.08,0.0,0.0,40320.0,8.11344,29.059942
2026-07-30 23:00:00+02:00,19.036999,3.6179552,7.2,0.0,0.0,30860.0,7.78694,30.261404
2026-07-31 00:00:00+02:00,18.987,4.73506,7.5599995,0.0,0.0,24400.0,7.800262,29.611515
2026-07-31 01:00:00+02:00,18.237,3.7585104,7.5599995,0.0,0.0,23360.0,5.468354,28.800266
2026-07-31 02:00:00+02:00,17.637,4.802999,6.4799995,0.0,0.0,26380.0,4.511162,36.255924
2026-07-31 03:00:00+02:00,18.087,4.379589,8.64,0.0,0.0,20800.0,4.2990294,37.882412
2026-07-31 04:00:00+02:00,17.587,3.671294,7.2,0.0,0.0,19140.0,6.6350365,38.110546
2026-07-31 05:00:00+02:00,16.487,4.73506,5.7599998,0.0,0.0,31500.0,9.7416725,45.24653
2026-07-31 06:00:00+02:00,16.887,5.0528407,9.36,0.0,0.0,30160.0,12.396276,35.828365
2026-07-31 07:00:00+02:00,16.937,2.6208394,7.92,0.0,0.0,27220.0,8.513107,31.238638
2026-07-31 08:00:00+02:00,19.286999,1.9386592,6.4799995,0.0,0.0,22800.0,6.444517,37.80097
2026-07-31 09:00:00+02:00,23.487,1.609969,4.68,0.0,0.0,29480.0,9.837129,32.572903
2026-07-31 10:00:00+02:00,25.187,3.0547013,5.7599998,0.0,0.0,38700.0,9.580464,33.797676
2026-07-31 11:00:00+02:00,26.387,10.703569,17.64,0.0,0.0,41020.0,3.9200466,29.857687
2026-07-31 12:00:00+02:00,27.887,4.39436,21.96,0.0,0.0,41040.0,10.087265,29.980017
2026-07-31 13:00:00+02:00,28.937,4.0249224,8.28,0.0,0.0,41840.0,5.0333285,29.702448
2026-07-31 14:00:00+02:00,30.437,7.342588,15.84,0.0,0.0,42400.0,15.871056,45.36133
2026-07-31 15:00:00+02:00,26.837,2.4149535,38.519997,0.0,0.4,39120.0,6.444517,38.871227
2026-07-31 16:00:00+02:00,29.487,6.1305785,16.56,0.0,0.0,41760.0,8.074956,37.47341
2026-07-31 17:00:00+02:00,31.887,5.95906,8.28,0.0,0.0,44920.0,11.254866,37.755074
2026-07-31 18:00:00+02:00,29.637,13.779114,26.28,0.0,0.0,41720.0,7.78694,29.487658
2026-07-31 19:00:00+02:00,29.237,3.219938,20.16,0.0,0.0,42660.0,4.757608,31.600355
2026-07-31 20:00:00+02:00,27.887,2.2768397,15.119999,0.0,0.0,42120.0,11.02182,39.74353
2026-07-31 21:00:00+02:00,26.437,4.5536795,11.159999,0.0,0.0,41940.0,10.9461975,41.21865
2026-07-31 22:00:00+02:00,25.036999,5.5887027,16.56,0.0,0.6,38880.0,9.994198,44.204258
2026-07-31 23:00:00+02:00,24.687,3.319036,15.4800005,12.0,0.0,40280.0,7.20519,46.10266
2026-08-01 00:00:00+02:00,21.987,6.4096174,8.28,0.0,0.0,34960.0,3.757767,46.832253
2026-08-01 01:00:00+02:00,21.286999,5.8048253,7.92,0.0,0.0,35120.0,5.195736,49.53865
2026-08-01 02:00:00+02:00,20.437,1.2979984,9.0,0.0,0.0,37420.0,3.286072,45.619633
2026-08-01 03:00:00+02:00,20.137,4.3498964,9.36,0.0,0.0,36560.0,3.67394,52.758617
2026-08-01 04:00:00+02:00,18.737,2.5959969,7.2,0.0,0.0,32680.0,4.6472077,51.232277
2026-08-01 05:00:00+02:00,19.237,2.4149535,3.96,0.0,0.0,37320.0,5.993747,50.520473
2026-08-01 06:00:00+02:00,19.137,2.3051248,5.7599998,0.0,0.0,37000.0,0.9113924,45.276318
2026-08-01 07:00:00+02:00,19.737,2.7416782,5.3999996,0.0,0.0,36420.0,1.8788835,43.85865
2026-08-01 08:00:00+02:00,20.737,6.489992,6.12,0.0,0.0,35020.0,1.643036,47.857544
2026-08-01 09:00:00+02:00,22.487,1.9386592,11.5199995,0.0,0.0,36220.0,2.7718916,39.61245
2026-08-01 10:00:00+02:00,24.036999,2.0364676,5.04,0.0,0.0,35000.0,3.5591009,36.64172
2026-08-01 11:00:00+02:00,25.837,5.495161,12.24,0.0,0.0,40120.0,2.7718916,38.905903
2026-08-01 12:00:00+02:00,27.286999,11.631956,15.84,2.0,0.0,41200.0,4.757608,36.00535
2026-08-01 13:00:00+02:00,28.387,13.527572,18.0,13.0,0.0,41260.0,6.940957,31.238638
2026-08-01 14:00:00+02:00,30.087,16.279802,23.4,0.0,0.0,41800.0,6.835443,30.666088
2026-08-01 15:00:00+02:00,30.487,15.1884165,22.319998,56.0,0.0,42100.0,14.927093,29.086447
2026-08-01 16:00:00+02:00,30.887,15.281989,23.4,33.0,0.0,43500.0,9.612922,26.340944
2026-08-01 17:00:00+02:00,30.987,14.693999,24.48,0.0,0.0,45160.0,9.837129,29.960732
2026-08-01 18:00:00+02:00,30.937,10.383987,23.039999,0.0,0.0,45500.0,11.644798,24.804298
2026-08-01 19:00:00+02:00,30.237,10.390226,18.0,0.0,0.0,44360.0,11.618018,21.71527
2026-08-01 20:00:00+02:00,28.786999,5.506941,18.0,0.0,0.0,42740.0,10.118097,24.278408
2026-08-01 21:00:00+02:00,26.637,4.198285,7.92,0.0,0.0,41960.0,9.15938,21.653082
2026-08-01 22:00:00+02:00,22.286999,4.0249224,6.4799995,0.0,0.0,40200.0,6.3960004,22.4909
2026-08-01 23:00:00+02:00,21.536999,4.510787,7.2,0.0,0.0,39520.0,6.7744107,23.95894
2026-08-02 00:00:00+02:00,20.487,4.0249224,7.2,0.0,0.0,38280.0,4.757608,26.46497
2026-08-02 01:00:00+02:00,19.937,3.096837,6.4799995,0.0,0.0,37900.0,2.8820758,24.238705
2026-08-02 02:00:00+02:00,18.887,3.671294,3.96,0.0,0.0,37160.0,3.9200466,28.800266
2026-08-02 03:00:00+02:00,18.437,3.2599385,5.7599998,0.0,0.0,37160.0,3.0569031,28.612377
2026-08-02 04:00:00+02:00,18.887,3.9763298,5.7599998,0.0,0.0,34400.0,4.1265044,27.26799
2026-08-02 05:00:00+02:00,17.587,3.6179552,5.3999996,0.0,0.0,36280.0,5.0333285,27.43701
2026-08-02 06:00:00+02:00,17.987,1.9386592,5.3999996,0.0,0.0,37740.0,3.67394,24.593725
2026-08-02 07:00:00+02:00,18.637,2.8799999,5.04,0.0,0.0,34840.0,4.488087,21.546066
2026-08-02 08:00:00+02:00,20.887,2.0991426,3.6,0.0,0.0,37320.0,5.543783,22.593443
2026-08-02 09:00:00+02:00,23.987,3.2599385,5.7599998,0.0,0.0,39640.0,7.958391,23.298607
2026-08-02 10:00:00+02:00,25.187,4.8965297,8.64,0.0,0.0,40640.0,8.074956,23.700268
2026-08-02 11:00:00+02:00,26.536999,3.6,10.799999,0.0,0.0,41440.0,6.198138,27.653793
2026-08-02 12:00:00+02:00,28.187,5.8603754,9.72,0.0,0.0,41640.0,2.3236039,31.238638
2026-08-02 13:00:00+02:00,29.687,8.714677,10.440001,0.0,0.0,42640.0,1.4410379,33.4021
2026-08-02 14:00:00+02:00,30.187,9.726664,11.159999,0.0,0.0,42060.0,5.941551,37.83662
2026-08-02 15:00:00+02:00,31.286999,11.753877,14.759999,0.0,0.0,43180.0,5.941551,39.083736
2026-08-02 16:00:00+02:00,32.137,12.594856,16.56,0.0,0.0,43720.0,6.6350365,40.387775
2026-08-02 17:00:00+02:00,32.586998,11.885453,19.08,0.0,0.0,45420.0,6.444517,36.451977
2026-08-02 18:00:00+02:00,32.586998,10.144082,18.359999,0.0,0.0,45480.0,4.323114,33.64344
2026-08-02 19:00:00+02:00,31.737,8.049845,18.0,0.0,0.0,45800.0,0.64445174,30.204062
2026-08-02 20:00:00+02:00,29.837,5.8603754,15.4800005,0.0,0.0,42480.0,2.8820758,25.105341
2026-08-02 21:00:00+02:00,25.887,4.3349743,9.36,0.0,0.0,40640.0,3.0569031,23.03252
2026-08-02 22:00:00+02:00,22.286999,3.6179552,10.440001,0.0,0.0,40520.0,2.3236039,21.103449
2026-08-02 23:00:00+02:00,21.487,5.00128,6.4799995,0.0,0.0,40840.0,8.513107,18.62069
2026-08-03 00:00:00+02:00,21.637,4.510787,9.72,0.0,0.0,41240.0,12.864844,18.0
2026-08-03 01:00:00+02:00,21.536999,5.2416787,8.64,0.0,0.0,41140.0,14.589397,18.25503
2026-08-03 02:00:00+02:00,20.987,4.1046314,7.2,0.0,0.0,40060.0,17.465712,15.628565
2026-08-03 03:00:00+02:00,20.387,3.319036,6.12,0.0,0.0,39320.0,20.907467,21.997295
2026-08-03 04:00:00+02:00,19.337,3.096837,3.96,0.0,0.0,37560.0,27.95762,25.659342
2026-08-03 05:00:00+02:00,19.137,3.8268526,4.32,0.0,0.0,35660.0,25.7982,27.820469
2026-08-03 06:00:00+02:00,18.737,2.9024127,4.68,0.0,0.0,34880.0,24.76322,27.681644
2026-08-03 07:00:00+02:00,19.237,2.2768397,6.12,0.0,0.0,33560.0,22.482038,27.26799
2026-08-03 08:00:00+02:00,21.487,2.8799999,4.32,0.0,0.0,31800.0,22.347704,27.931032
2026-08-03 09:00:00+02:00,24.137,3.319036,5.7599998,0.0,0.0,29360.0,18.788836,25.987556
2026-08-03 10:00:00+02:00,26.786999,2.3051248,6.8399997,0.0,0.0,39660.0,13.049152,23.716516
2026-08-03 11:00:00+02:00,27.587,5.3999996,5.04,0.0,0.0,41320.0,13.881914,22.490902
2026-08-03 12:00:00+02:00,28.536999,2.9024127,11.5199995,0.0,0.0,41540.0,11.537306,21.546066
2026-08-03 13:00:00+02:00,29.786999,2.8116899,7.2,0.0,0.0,42100.0,7.3053656,16.292364
2026-08-03 14:00:00+02:00,30.036999,6.297428,7.5599995,0.0,0.0,41460.0,7.1182017,14.948187
2026-08-03 15:00:00+02:00,30.536999,9.504272,13.32,0.0,0.0,42700.0,3.286072,17.566723
2026-08-03 16:00:00+02:00,30.237,2.5455842,15.84,0.0,0.0,44060.0,7.1182017,8.821657
2026-08-03 17:00:00+02:00,27.387,23.78453,29.519999,0.0,0.0,2880.0,23.914282,5.6205835
2026-08-03 18:00:00+02:00,24.087,13.363711,33.48,0.0,4.7,38440.0,13.246578,15.025306
2026-08-03 19:00:00+02:00,24.687,5.315336,11.5199995,0.0,0.0,33840.0,14.560902,6.113084
2026-08-03 20:00:00+02:00,23.437,6.151683,10.08,0.0,0.0,13360.0,15.419778,11.444951
2026-08-03 21:00:00+02:00,23.387,4.3349743,16.56,0.0,0.4,36380.0,20.752945,21.733002
2026-08-03 22:00:00+02:00,21.987,17.610588,31.319998,0.0,0.0,26560.0,8.561753,10.1040945
2026-08-03 23:00:00+02:00,21.887,1.4399999,24.119999,0.0,0.2,35300.0,15.792356,17.773846
2026-08-04 00:00:00+02:00,21.987,3.8773184,14.04,0.0,0.0,37200.0,23.875175,16.562065
2026-08-04 01:00:00+02:00,20.337,4.8965297,8.28,0.0,0.0,28240.0,23.844715,18.339252
2026-08-04 02:00:00+02:00,19.987,2.0991426,7.92,0.0,0.0,28040.0,38.672474,21.724138
2026-08-04 03:00:00+02:00,19.687,2.9024127,4.32,0.0,0.0,24220.0,37.932434,24.780989
2026-08-04 04:00:00+02:00,18.837,1.835647,3.6,0.0,0.0,15540.0,33.303257,18.877537
2026-08-04 05:00:00+02:00,19.137,2.7416782,6.4799995,0.0,0.0,21920.0,32.936466,16.386677
2026-08-04 06:00:00+02:00,18.687,2.7416782,6.8399997,5.0,0.0,26620.0,30.859755,13.556066
2026-08-04 07:00:00+02:00,19.137,4.2136917,6.4799995,0.0,0.0,20800.0,28.694387,11.326523
2026-08-04 08:00:00+02:00,20.487,1.8,7.2,0.0,0.0,21140.0,28.82076,11.939204
2026-08-04 09:00:00+02:00,21.487,4.3349743,7.92,78.0,0.0,2900.0,29.41977,14.329733
2026-08-04 10:00:00+02:00,23.337,0.35999998,7.5599995,8.0,0.0,20980.0,21.203342,15.714606
2026-08-04 11:00:00+02:00,25.286999,1.8,3.96,0.0,0.0,32620.0,25.559643,14.153901
2026-08-04 12:00:00+02:00,27.137,6.3690495,11.5199995,0.0,0.0,38480.0,19.188004,13.879042
2026-08-04 13:00:00+02:00,28.036999,8.669949,15.4800005,0.0,0.0,40540.0,9.227144,15.517241
2026-08-04 14:00:00+02:00,27.687,6.763786,19.08,0.0,0.0,40820.0,7.7468357,17.555754
2026-08-04 15:00:00+02:00,28.737,0.8049845,11.879999,0.0,0.1,41500.0,13.285712,15.702343
2026-08-04 16:00:00+02:00,28.536999,10.00256,21.599998,0.0,0.1,41460.0,18.330091,6.390391
2026-08-04 17:00:00+02:00,22.087,5.904439,52.199997,2.0,13.0,2120.0,7.6388597,33.769165
2026-08-04 18:00:00+02:00,22.887,15.226764,26.28,0.0,13.9,13580.0,28.333897,12.289027
2026-08-04 19:00:00+02:00,21.786999,3.671294,32.399998,0.0,4.7,24960.0,5.487309,17.752157
2026-08-04 20:00:00+02:00,21.887,1.609969,12.959999,0.0,0.1,2400.0,15.5538645,26.948225
2026-08-04 21:00:00+02:00,21.337,6.87779,22.68,0.0,2.3,29140.0,6.970812,16.71258
2026-08-04 22:00:00+02:00,20.987,1.484318,16.56,60.0,5.7,7660.0,20.63252,45.37831
2026-08-04 23:00:00+02:00,20.536999,6.8399997,19.08,0.0,1.1,26400.0,13.889393,31.65517
2026-08-05 00:00:00+02:00,20.786999,4.5820518,16.56,0.0,0.0,31120.0,11.987494,43.04741
2026-08-05 01:00:00+02:00,19.937,1.609969,3.2399998,0.0,0.1,27160.0,6.0797453,23.846117
2026-08-05 02:00:00+02:00,19.286999,2.6208394,6.12,0.0,0.0,29420.0,12.694226,18.62069
2026-08-05 03:00:00+02:00,17.837,2.8116899,5.3999996,17.0,0.0,7320.0,11.392405,21.617472
2026-08-05 04:00:00+02:00,18.786999,1.2979984,8.28,0.0,0.0,20040.0,12.065196,19.49005
2026-08-05 05:00:00+02:00,18.286999,2.9024127,7.5599995,0.0,0.0,30080.0,5.0333285,22.422277
2026-08-05 06:00:00+02:00,17.437,3.2599385,6.12,0.0,0.0,29080.0,3.67394,22.014801
2026-08-05 07:00:00+02:00,17.487,2.5455842,5.04,0.0,0.0,28500.0,3.9200466,20.265303
2026-08-05 08:00:00+02:00,18.587,2.0364676,3.96,0.0,0.0,22760.0,2.0379353,21.724138
2026-08-05 09:00:00+02:00,19.837,1.8,6.12,0.0,0.0,23960.0,2.7718916,21.357496
2026-08-05 10:00:00+02:00,21.786999,1.08,4.32,0.0,0.0,21660.0,1.0189676,21.002802
2026-08-05 11:00:00+02:00,23.437,1.609969,5.3999996,0.0,0.0,36500.0,5.195736,20.01664
2026-08-05 12:00:00+02:00,25.137,3.0547013,6.8399997,0.0,0.0,39780.0,4.556962,20.293798
2026-08-05 13:00:00+02:00,26.637,7.145796,13.679999,0.0,0.0,40280.0,7.7468357,20.632677
2026-08-05 14:00:00+02:00,27.687,5.5887027,14.759999,15.0,0.0,40800.0,13.708807,23.635157
2026-08-05 15:00:00+02:00,28.786999,7.9932976,14.759999,37.0,0.0,41260.0,14.038106,24.780989
2026-08-05 16:00:00+02:00,28.987,10.739833,20.16,15.0,0.0,41520.0,13.215189,26.855139
2026-08-05 17:00:00+02:00,26.837,9.220499,19.8,26.0,0.0,17160.0,13.223043,24.278408
2026-08-05 18:00:00+02:00,27.487,2.968636,17.64,48.0,0.0,41400.0,15.713261,23.298607
2026-08-05 19:00:00+02:00,25.987,7.5942073,16.919998,3.0,0.0,40840.0,12.379514,32.525555
2026-08-05 20:00:00+02:00,24.837,4.829907,11.159999,12.0,0.0,39820.0,8.95301,26.804882
2026-08-05 21:00:00+02:00,25.237,6.3690495,10.08,24.0,0.0,41640.0,9.612922,25.987556
2026-08-05 22:00:00+02:00,23.687,6.4799995,17.28,2.0,0.8,39300.0,3.67394,35.122475
2026-08-05 23:00:00+02:00,22.137,2.16,10.799999,6.0,0.0,35900.0,4.101266,36.430832
2026-08-06 00:00:00+02:00,22.087,4.0249224,9.72,38.0,0.0,37540.0,4.101266,36.494225
2026-08-06 01:00:00+02:00,20.637,3.219938,5.7599998,23.0,0.0,32940.0,6.198138,32.990105
2026-08-06 02:00:00+02:00,18.286999,3.9763298,5.7599998,44.0,0.0,18060.0,3.3175182,29.960732
2026-08-06 03:00:00+02:00,17.536999,3.319036,6.8399997,37.0,0.0,16400.0,2.278481,26.948225
2026-08-06 04:00:00+02:00,17.237,3.319036,5.7599998,0.0,0.0,18720.0,3.0569031,23.364658
2026-08-06 05:00:00+02:00,17.187,4.1046314,5.7599998,0.0,0.0,23520.0,5.543783,15.517241
2026-08-06 06:00:00+02:00,17.637,4.3349743,7.2,9.0,0.0,24800.0,4.323114,13.196042
2026-08-06 07:00:00+02:00,17.737,2.5455842,6.8399997,37.0,0.0,25080.0,1.643036,13.612786
2026-08-06 08:00:00+02:00,19.487,0.5091169,3.96,45.0,0.0,26980.0,4.6916795,16.292364
2026-08-06 09:00:00+02:00,21.387,1.484318,3.6,49.0,0.0,32820.0,3.286072,16.018122
2026-08-06 10:00:00+02:00,23.536999,0.0,4.32,37.0,0.0,35380.0,6.835443,15.329903
2026-08-06 11:00:00+02:00,25.187,2.5959969,5.7599998,16.0,0.0,39300.0,7.7334204,16.245003
2026-08-06 12:00:00+02:00,26.587,5.4833565,10.799999,0.0,0.0,39940.0,8.476439,16.386677
2026-08-06 13:00:00+02:00,28.137,8.435069,15.4800005,5.0,0.0,41160.0,7.958392,18.62069
2026-08-06 14:00:00+02:00,29.337,10.495713,17.28,0.0,0.0,41920.0,14.410378,17.577684
2026-08-06 15:00:00+02:00,30.286999,11.298495,20.519999,0.0,0.0,42980.0,15.792356,14.543223
2026-08-06 16:00:00+02:00,30.437,15.072783,23.759998,0.0,0.0,43520.0,13.309138,14.8057575
2026-08-06 17:00:00+02:00,30.387,14.48972,28.8,0.0,0.0,43920.0,17.1538,14.543223
2026-08-06 18:00:00+02:00,29.987,12.387348,25.56,0.0,0.0,43760.0,14.674548,12.051613
2026-08-06 19:00:00+02:00,29.187,10.163227,21.24,0.0,0.0,43780.0,11.124962,11.939203
2026-08-06 20:00:00+02:00,28.286999,6.439876,16.919998,0.0,0.0,44700.0,14.236403,14.4368725
2026-08-06 21:00:00+02:00,25.837,4.2136917,8.28,0.0,0.0,42400.0,15.5204525,17.522804
2026-08-06 22:00:00+02:00,22.737,2.52,6.8399997,0.0,0.0,41100.0,13.548821,16.386677
2026-08-06 23:00:00+02:00,20.837,4.802999,6.4799995,0.0,0.0,39980.0,6.1138062,13.268828
2026-08-07 00:00:00+02:00,19.786999,4.0249224,9.36,0.0,0.0,39380.0,6.728273,13.781546
2026-08-07 01:00:00+02:00,19.487,4.0249224,6.4799995,0.0,0.0,39580.0,5.8357587,12.367153
2026-08-07 02:00:00+02:00,18.737,4.0249224,7.92,0.0,0.0,39020.0,5.094838,11.189642
2026-08-07 03:00:00+02:00,17.937,4.3349743,7.2,0.0,0.0,37980.0,4.556962,10.839878
2026-08-07 04:00:00+02:00,17.987,2.9024127,5.7599998,0.0,0.0,38040.0,1.2889035,11.41124
2026-08-07 05:00:00+02:00,17.536999,2.968636,4.32,0.0,0.0,36740.0,1.4410379,7.5510154
2026-08-07 06:00:00+02:00,17.637,3.9763298,5.3999996,0.0,0.0,37400.0,1.4410379,5.6205835
2026-08-07 07:00:00+02:00,17.187,2.7416782,5.7599998,0.0,0.0,34780.0,1.643036,6.598021
2026-08-07 08:00:00+02:00,18.587,1.484318,3.6,0.0,0.0,31300.0,1.0189676,9.310345
2026-08-07 09:00:00+02:00,20.937,0.5091169,4.32,0.0,0.0,36560.0,1.0189676,12.320337
2026-08-07 10:00:00+02:00,23.087,2.5455842,6.12,0.0,0.0,38960.0,3.4704785,14.490146
2026-08-07 11:00:00+02:00,24.536999,7.2,10.08,0.0,0.0,40480.0,7.7468357,15.517241
2026-08-07 12:00:00+02:00,25.786999,9.422101,13.679999,2.0,0.0,41140.0,8.976174,17.256958
2026-08-07 13:00:00+02:00,27.036999,11.212135,16.199999,0.0,0.0,41700.0,10.520563,21.96224
2026-08-07 14:00:00+02:00,28.036999,12.984975,21.24,0.0,0.0,42360.0,13.270073,28.307802
2026-08-07 15:00:00+02:00,28.937,11.988594,21.96,3.0,0.0,42660.0,11.760141,27.373749
2026-08-07 16:00:00+02:00,29.387,14.264361,23.039999,0.0,0.0,43000.0,12.969341,27.225573
2026-08-07 17:00:00+02:00,29.587,12.768586,25.919998,0.0,0.0,43800.0,16.436678,25.136013
2026-08-07 18:00:00+02:00,29.437,11.753877,22.68,0.0,0.0,44400.0,18.3697,21.402544
2026-08-07 19:00:00+02:00,28.887,11.525623,20.880001,0.0,0.0,44300.0,16.587591,21.002802
2026-08-07 20:00:00+02:00,27.536999,5.04,19.8,0.0,0.0,42580.0,10.240498,22.249796
2026-08-07 21:00:00+02:00,25.036999,4.0249224,8.64,0.0,0.0,41920.0,6.347113,19.480164
2026-08-07 22:00:00+02:00,20.687,3.319036,7.2,0.0,0.0,40220.0,8.36547,14.999642
2026-08-07 23:00:00+02:00,21.286999,5.00128,7.5599995,0.0,0.0,40460.0,5.941551,14.289349
2026-08-08 00:00:00+02:00,20.837,3.8939953,7.5599995,0.0,0.0,40700.0,3.4704785,14.714402
2026-08-08 01:00:00+02:00,18.387,2.968636,5.3999996,0.0,0.0,38080.0,3.67394,11.394346
2026-08-08 02:00:00+02:00,17.286999,4.0249224,7.2,0.0,0.0,36000.0,2.453999,11.189642
2026-08-08 03:00:00+02:00,16.536999,3.2599385,6.4799995,0.0,0.0,34660.0,1.643036,12.4911375
2026-08-08 04:00:00+02:00,17.387,3.2599385,5.7599998,0.0,0.0,31720.0,1.0189676,15.517241
2026-08-08 05:00:00+02:00,16.337,3.2599385,4.68,0.0,0.0,35060.0,1.2889035,15.628565
2026-08-08 06:00:00+02:00,15.987,2.2768397,4.68,0.0,0.0,34620.0,5.487309,11.858258
2026-08-08 07:00:00+02:00,16.587,2.3051248,3.6,0.0,0.0,36140.0,6.1138062,9.813965
2026-08-08 08:00:00+02:00,18.337,0.8049845,3.2399998,0.0,0.0,35440.0,5.9240503,10.180067
2026-08-08 09:00:00+02:00,20.987,0.8049845,2.52,0.0,0.0,37900.0,7.515534,10.533453
2026-08-08 10:00:00+02:00,23.536999,1.5273507,4.32,0.0,0.0,40480.0,7.418196,10.98112
2026-08-08 11:00:00+02:00,25.437,5.0911684,8.64,0.0,0.0,41440.0,5.993747,14.490146
2026-08-08 12:00:00+02:00,26.837,8.714677,10.440001,0.0,0.0,41560.0,2.8820758,15.41761
2026-08-08 13:00:00+02:00,27.937,12.496718,15.84,0.0,0.0,42000.0,3.9200466,16.292364
2026-08-08 14:00:00+02:00,28.837,10.296251,16.56,0.0,0.0,43180.0,5.7641516,19.794064
2026-08-08 15:00:00+02:00,29.987,12.031756,15.84,0.0,0.0,43700.0,7.20519,23.59437
2026-08-08 16:00:00+02:00,30.337,14.618837,23.039999,0.0,0.0,44380.0,9.125309,23.04088
2026-08-08 17:00:00+02:00,30.587,12.4811535,23.039999,0.0,0.0,44360.0,8.670211,21.112572
2026-08-08 18:00:00+02:00,30.687,10.587917,19.44,0.0,0.0,47920.0,9.125309,20.632677
2026-08-08 19:00:00+02:00,29.887,7.289445,18.72,0.0,0.0,48220.0,9.65603,21.402544
2026-08-08 20:00:00+02:00,28.437,4.8433046,11.5199995,0.0,0.0,45840.0,6.3960004,16.71258
2026-08-08 21:00:00+02:00,24.036999,5.1544156,8.28,0.0,0.0,41580.0,4.844117,19.62793
2026-08-08 22:00:00+02:00,21.437,4.072935,9.0,0.0,0.0,40920.0,2.734177,20.055098
2026-08-08 23:00:00+02:00,21.587,5.3517847,6.12,0.0,0.0,41120.0,5.562481,16.71258
2026-08-09 00:00:00+02:00,21.737,5.991594,9.0,0.0,0.0,41540.0,8.253009,21.002802
2026-08-09 01:00:00+02:00,20.237,2.16,8.64,0.0,0.0,41140.0,6.9559,23.03252
2026-08-09 02:00:00+02:00,18.036999,3.9763298,4.32,0.0,0.0,40800.0,7.7602262,19.949162
2026-08-09 03:00:00+02:00,18.187,3.4152596,6.8399997,0.0,0.0,41620.0,10.9461975,17.043554
2026-08-09 04:00:00+02:00,17.536999,3.8773184,5.7599998,0.0,0.0,41700.0,6.850616,15.216393
2026-08-09 05:00:00+02:00,16.337,4.3349743,5.7599998,0.0,0.0,40660.0,6.3960004,11.987508
2026-08-09 06:00:00+02:00,15.887,5.0528407,7.92,0.0,0.0,40300.0,6.6350365,10.008319
2026-08-09 07:00:00+02:00,16.987,3.8939953,7.92,0.0,0.0,40100.0,9.383359,9.392738
2026-08-09 08:00:00+02:00,24.036999,5.692099,6.12,0.0,0.0,42720.0,8.646228,17.290411
2026-08-09 09:00:00+02:00,25.536999,2.2768397,8.28,0.0,0.0,41100.0,7.3619976,18.042753
2026-08-09 10:00:00+02:00,27.737,2.1897945,5.3999996,0.0,0.0,43660.0,8.11344,17.256958
2026-08-09 11:00:00+02:00,28.887,3.319036,5.3999996,0.0,0.0,43300.0,11.760141,17.577684
2026-08-09 12:00:00+02:00,28.387,15.9134655,23.039999,0.0,0.0,41900.0,6.330734,23.7652
2026-08-09 13:00:00+02:00,29.637,9.673221,23.039999,0.0,0.0,43100.0,4.101266,29.960732
2026-08-09 14:00:00+02:00,27.687,21.129885,43.199997,0.0,0.0,34980.0,32.711876,25.326874
2026-08-09 15:00:00+02:00,27.437,3.6,36.36,0.0,0.4,41660.0,16.162767,47.270313
2026-08-09 16:00:00+02:00,28.387,6.9153743,18.72,0.0,0.0,41820.0,9.580463,39.728985
2026-08-09 17:00:00+02:00,31.536999,4.6102495,9.72,0.0,0.0,44960.0,5.543783,40.530605
2026-08-09 18:00:00+02:00,31.987,10.853866,18.72,0.0,0.0,45420.0,10.004581,37.044304
2026-08-09 19:00:00+02:00,31.837,2.2768397,16.56,0.0,0.0,44680.0,6.330734,38.15096
2026-08-09 20:00:00+02:00,27.637,10.182337,33.12,0.0,0.0,41180.0,21.183746,20.103062
2026-08-09 21:00:00+02:00,26.487,5.2416787,13.679999,0.0,0.0,41280.0,12.312233,26.869482
2026-08-09 22:00:00+02:00,23.087,6.6185193,11.159999,0.0,0.0,39580.0,16.00136,33.78057
2026-08-09 23:00:00+02:00,22.637,4.452954,8.64,0.0,0.0,40420.0,17.441916,22.76332
2026-08-10 00:00:00+02:00,20.737,1.2979984,3.6,0.0,0.0,39600.0,12.4380865,23.265514
2026-08-10 01:00:00+02:00,19.437,2.9024127,7.2,0.0,0.0,37460.0,14.192577,23.594372
2026-08-10 02:00:00+02:00,17.487,3.96,7.5599995,0.0,0.0,36980.0,10.035667,18.170418
2026-08-10 03:00:00+02:00,16.237,3.2599385,6.4799995,0.0,0.0,35320.0,8.377872,15.628565
2026-08-10 04:00:00+02:00,16.837,1.1384199,6.12,0.0,0.0,35360.0,6.347113,14.289349
2026-08-10 05:00:00+02:00,16.987,4.3349743,5.7599998,0.0,0.0,38840.0,5.333787,16.433628
2026-08-10 06:00:00+02:00,18.237,2.6208394,7.5599995,0.0,0.0,40040.0,8.84802,16.562065
2026-08-10 07:00:00+02:00,17.937,3.4152596,6.12,0.0,0.0,32880.0,5.993747,13.196042
2026-08-10 08:00:00+02:00,20.637,1.8,8.64,0.0,0.0,39840.0,9.227144,17.122486
2026-08-10 09:00:00+02:00,23.587,1.2979984,8.64,0.0,0.0,36560.0,9.215885,27.681644
2026-08-10 10:00:00+02:00,25.237,0.35999998,5.7599998,0.0,0.0,39140.0,12.897088,37.882412
2026-08-10 11:00:00+02:00,24.036999,6.989936,14.4,0.0,0.0,39740.0,5.468354,44.594723
2026-08-10 12:00:00+02:00,25.987,2.16,11.159999,0.0,0.0,41660.0,6.7744107,42.179504
2026-08-10 13:00:00+02:00,27.137,3.8939953,8.64,0.0,0.0,40700.0,6.524576,42.755558
2026-08-10 14:00:00+02:00,29.237,6.696387,11.159999,0.0,0.0,42140.0,4.556962,43.71788
2026-08-10 15:00:00+02:00,30.837,6.193674,11.879999,0.0,0.0,42960.0,6.0797453,40.119793
2026-08-10 16:00:00+02:00,31.187,13.044722,23.4,0.0,0.0,44040.0,10.725815,39.10837
2026-08-10 17:00:00+02:00,31.237,10.086427,24.48,0.0,0.0,44280.0,13.223043,34.278706
2026-08-10 18:00:00+02:00,31.036999,8.825508,18.359999,0.0,0.0,44460.0,15.50037,37.51451
2026-08-10 19:00:00+02:00,30.137,4.8965297,14.4,0.0,0.0,43280.0,11.087566,36.65749
2026-08-10 20:00:00+02:00,27.887,5.8048253,8.64,0.0,0.0,43200.0,5.3142853,36.667995
2026-08-10 21:00:00+02:00,22.737,5.4119864,10.440001,0.0,0.0,40660.0,4.57969,38.04478
2026-08-10 22:00:00+02:00,20.837,3.5455887,8.28,0.0,0.0,40540.0,3.2222586,35.618065
2026-08-10 23:00:00+02:00,20.737,3.319036,6.12,0.0,0.0,40640.0,4.757608,38.322243
2026-08-11 00:00:00+02:00,19.387,4.32,9.0,0.0,0.0,39940.0,2.3236039,32.867256
2026-08-11 01:00:00+02:00,18.887,3.96,6.4799995,0.0,0.0,40340.0,2.7718916,26.135382
2026-08-11 02:00:00+02:00,18.286999,4.5536795,6.4799995,0.0,0.0,40000.0,1.643036,26.33363
2026-08-11 03:00:00+02:00,17.837,4.452954,9.36,0.0,0.0,40000.0,5.195736,23.878408
2026-08-11 04:00:00+02:00,16.937,3.4152596,6.8399997,0.0,0.0,39260.0,4.9291077,21.759575
2026-08-11 05:00:00+02:00,17.137,3.7064266,5.3999996,0.0,0.0,39580.0,1.8788835,21.803795
2026-08-11 06:00:00+02:00,16.487,3.219938,6.12,0.0,0.0,37860.0,2.278481,21.112574
2026-08-11 07:00:00+02:00,16.387,2.4149535,5.04,0.0,0.0,31700.0,5.709857,13.711481
2026-08-11 08:00:00+02:00,19.687,0.5091169,3.96,0.0,0.0,35420.0,7.34788,10.569963
2026-08-11 09:00:00+02:00,21.487,0.35999998,5.7599998,0.0,0.0,39300.0,7.20519,8.711794
2026-08-11 10:00:00+02:00,24.137,1.8,6.12,0.0,0.0,40820.0,3.3175182,6.2068963
2026-08-11 11:00:00+02:00,25.687,1.08,5.04,0.0,0.0,40960.0,1.4410379,3.1034482
2026-08-11 12:00:00+02:00,27.587,3.319036,8.28,0.0,0.0,42360.0,5.993747,3.7755077
2026-08-11 13:00:00+02:00,28.987,3.4152596,8.28,0.0,0.0,43020.0,8.215179,6.2068963
2026-08-11 14:00:00+02:00,30.137,3.7585104,8.28,0.0,0.0,43600.0,12.897088,4.3889384
2026-08-11 15:00:00+02:00,31.286999,4.510787,9.72,0.0,0.0,42760.0,16.687443,1.387904
2026-08-11 16:00:00+02:00,32.137,8.373386,15.119999,0.0,0.0,43840.0,18.616735,4.475857
2026-08-11 17:00:00+02:00,27.837,35.132755,15.84,0.0,0.0,39820.0,21.996487,8.092802
2026-08-11 18:00:00+02:00,24.487,23.40277,63.36,0.0,0.1,40480.0,11.254866,29.093067
2026-08-11 19:00:00+02:00,24.737,5.0142193,30.960001,0.0,0.1,40560.0,3.9200466,12.320337
2026-08-11 20:00:00+02:00,20.937,5.904439,15.4800005,0.0,0.0,34160.0,11.012396,9.695481
2026-08-11 21:00:00+02:00,22.536999,6.6185193,15.119999,0.0,0.4,15800.0,3.6455696,5.3031745
2026-08-11 22:00:00+02:00,21.137,3.219938,10.440001,0.0,1.3,32140.0,18.239237,9.6356945
2026-08-11 23:00:00+02:00,21.937,4.0249224,7.5599995,0.0,0.0,37880.0,10.677303,15.012479
2026-08-12 00:00:00+02:00,19.837,1.1384199,6.4799995,0.0,0.0,30500.0,9.113924,13.612786
2026-08-12 01:00:00+02:00,18.487,2.2768397,5.04,0.0,0.0,27380.0,10.391472,20.864775
2026-08-12 02:00:00+02:00,18.187,4.3349743,4.68,0.0,0.0,23900.0,14.5893955,30.622086
2026-08-12 03:00:00+02:00,17.036999,2.1897945,7.2,0.0,0.0,11860.0,16.568802,29.82541
2026-08-12 04:00:00+02:00,16.937,2.0991426,5.3999996,0.0,0.0,16780.0,13.9118,24.593725
2026-08-12 05:00:00+02:00,16.087,3.8773184,4.32,0.0,0.0,16640.0,15.871056,21.997295
2026-08-12 06:00:00+02:00,16.087,3.2399998,5.7599998,0.0,0.0,20800.0,16.182028,17.290411
2026-08-12 07:00:00+02:00,16.437,2.968636,5.3999996,0.0,0.0,23260.0,15.419778,10.569963
2026-08-12 08:00:00+02:00,18.987,2.5959969,4.32,0.0,0.0,29000.0,14.236403,8.442291
2026-08-12 09:00:00+02:00,21.387,1.835647,4.32,0.0,0.0,32520.0,14.539494,9.655664
2026-08-12 10:00:00+02:00,23.237,1.08,3.2399998,0.0,0.0,35820.0,14.878324,11.0510645
2026-08-12 11:00:00+02:00,25.187,1.2979984,3.6,0.0,0.0,40260.0,15.942856,8.442291
2026-08-12 12:00:00+02:00,26.837,4.6102495,9.36,0.0,0.0,41400.0,14.899244,10.839878
2026-08-12 13:00:00+02:00,28.237,5.692099,11.879999,0.0,0.0,42020.0,9.815996,11.661699
2026-08-12 14:00:00+02:00,29.437,8.0899935,11.879999,0.0,0.0,43020.0,2.278481,11.9230585
2026-08-12 15:00:00+02:00,30.937,3.671294,10.08,0.0,0.0,44380.0,10.599223,11.545494
2026-08-12 16:00:00+02:00,31.687,2.9024127,7.5599995,0.0,0.0,42620.0,16.182028,10.00832
2026-08-12 17:00:00+02:00,31.587,2.0991426,7.92,0.0,0.0,43380.0,20.991722,8.711794
2026-08-12 18:00:00+02:00,31.687,1.8,12.599999,0.0,0.0,44020.0,21.495146,3.9743526
2026-08-12 19:00:00+02:00,31.387,2.968636,8.64,0.0,0.0,43940.0,14.759212,13.556066
2026-08-12 20:00:00+02:00,30.487,6.792466,4.68,0.0,0.0,44000.0,11.883102,6.2068963
2026-08-12 21:00:00+02:00,27.437,1.609969,7.92,0.0,0.0,41880.0,7.6388597,8.1638975
2026-08-12 22:00:00+02:00,22.687,2.5959969,7.2,0.0,0.0,38400.0,0.9113924,9.813965
2026-08-12 23:00:00+02:00,21.786999,2.5455842,4.32,0.0,0.0,38820.0,2.8820758,5.7224755
2026-08-13 00:00:00+02:00,21.187,2.9024127,5.04,0.0,0.0,38220.0,7.543114,0.87778765
2026-08-13 01:00:00+02:00,20.536999,2.6208394,6.12,0.0,0.0,37300.0,11.02182,0.6206896
2026-08-13 02:00:00+02:00,19.887,3.2599385,5.04,0.0,0.0,35360.0,13.057107,3.1649084
2026-08-13 03:00:00+02:00,19.987,3.219938,5.7599998,0.0,0.0,36340.0,10.667574,5.551616
2026-08-13 04:00:00+02:00,19.837,3.4152596,6.4799995,0.0,0.0,36520.0,7.958392,7.022301
2026-08-13 05:00:00+02:00,20.637,2.7416782,5.04,0.0,0.0,38240.0,6.6350365,9.227215
2026-08-13 06:00:00+02:00,20.137,1.484318,3.6,0.0,0.0,38500.0,7.20519,9.392738
2026-08-13 07:00:00+02:00,19.987,1.8,2.16,0.0,0.0,38720.0,7.78694,8.711794
2026-08-13 08:00:00+02:00,19.437,1.2979984,4.32,0.0,0.0,26900.0,7.418196,8.281033
2026-08-13 09:00:00+02:00,22.737,1.0182338,3.96,0.0,0.0,37300.0,5.6366506,6.939521
2026-08-13 10:00:00+02:00,25.286999,2.8116899,6.12,0.0,0.0,39620.0,2.3236039,5.7224755
2026-08-13 11:00:00+02:00,27.387,4.1046314,5.04,0.0,0.0,41060.0,2.7718916,5.6205835
2026-08-13 12:00:00+02:00,29.137,5.8048253,6.8399997,0.0,0.0,41620.0,5.9240503,4.5186887
2026-08-13 13:00:00+02:00,30.587,5.495161,11.5199995,0.0,0.0,42580.0,8.561753,2.775808
2026-08-13 14:00:00+02:00,31.536999,4.2136917,11.5199995,0.0,0.0,43400.0,13.678478,2.5591688
2026-08-13 15:00:00+02:00,32.586998,4.1046314,10.08,0.0,0.0,43780.0,15.680186,4.7270317
2026-08-13 16:00:00+02:00,33.187,5.6920996,12.24,0.0,0.0,44040.0,16.43036,11.809426
2026-08-13 17:00:00+02:00,33.637,1.9386592,10.08,0.0,0.0,45260.0,13.402427,12.568007
2026-08-13 18:00:00+02:00,33.586998,7.729527,24.119999,0.0,0.0,51060.0,10.725815,13.879042
2026-08-13 19:00:00+02:00,30.987,17.193533,30.599998,0.0,0.0,46200.0,6.198138,13.0492525
2026-08-13 20:00:00+02:00,31.587,4.072935,28.08,0.0,0.0,43940.0,11.618018,11.793103
2026-08-13 21:00:00+02:00,28.187,2.9024127,7.5599995,0.0,0.0,43300.0,5.8357587,7.0769506
2026-08-13 22:00:00+02:00,23.487,2.4149535,6.4799995,0.0,0.0,41040.0,1.4410379,5.6205835
2026-08-13 23:00:00+02:00,21.687,3.219938,4.32,0.0,0.0,40840.0,3.5591009,2.2379284
2026-08-14 00:00:00+02:00,21.687,3.0758414,5.3999996,0.0,0.0,41120.0,3.2222586,1.2413791
2026-08-14 01:00:00+02:00,20.837,3.6,5.7599998,0.0,0.0,41000.0,6.347113,0.87778765
2026-08-14 02:00:00+02:00,20.737,2.5959969,5.04,0.0,0.0,40960.0,7.800262,0.6206896
2026-08-14 03:00:00+02:00,20.137,2.9024127,5.04,0.0,0.0,40520.0,6.444517,1.7555753
2026-08-14 04:00:00+02:00,19.187,2.1897945,3.2399998,0.0,0.0,40160.0,5.6366506,4.3889384
2026-08-14 05:00:00+02:00,17.687,2.6208394,3.6,0.0,0.0,38880.0,5.9240503,4.1637125
2026-08-14 06:00:00+02:00,17.987,2.4149535,4.32,0.0,0.0,39720.0,6.850616,6.390391
2026-08-14 07:00:00+02:00,17.837,2.1897945,2.52,0.0,0.0,39260.0,5.993747,8.622896
2026-08-14 08:00:00+02:00,21.587,2.4149535,2.8799999,0.0,0.0,39880.0,5.333787,8.886923
2026-08-14 09:00:00+02:00,23.887,1.484318,3.6,0.0,0.0,29040.0,4.57969,5.8883786
2026-08-14 10:00:00+02:00,26.687,2.3051248,4.68,0.0,0.0,39980.0,3.1898732,5.0041595
2026-08-14 11:00:00+02:00,27.887,3.5455887,6.4799995,0.0,0.0,41020.0,1.9333551,3.7755077
2026-08-14 12:00:00+02:00,29.786999,6.4096174,7.5599995,0.0,0.0,42480.0,6.347113,4.1637125
2026-08-14 13:00:00+02:00,30.887,6.792466,11.159999,0.0,0.0,42980.0,7.1327734,5.7224755
2026-08-14 14:00:00+02:00,32.086998,5.0911684,12.599999,0.0,0.0,44600.0,11.208644,3.9743526
2026-08-14 15:00:00+02:00,30.637,26.250393,36.0,0.0,0.0,43320.0,26.434307,21.402544
2026-08-14 16:00:00+02:00,28.737,11.212135,56.16,0.0,0.0,43560.0,3.5591009,27.310343
2026-08-14 17:00:00+02:00,29.737,11.183201,24.119999,0.0,0.0,45820.0,4.6472077,11.939203
2026-08-14 18:00:00+02:00,28.837,8.766573,13.32,0.0,0.0,43120.0,12.537857,11.241167
2026-08-14 19:00:00+02:00,28.036999,16.831684,27.359999,0.0,0.2,14500.0,26.42252,12.96038
2026-08-14 20:00:00+02:00,26.536999,31.25372,49.68,0.0,0.5,43480.0,22.702635,13.268828
2026-08-14 21:00:00+02:00,25.937,24.066206,56.88,0.0,0.0,42660.0,15.2777195,13.781546
2026-08-14 22:00:00+02:00,23.387,5.3517847,38.88,0.0,0.0,41380.0,11.671517,7.948705
2026-08-14 23:00:00+02:00,23.036999,4.8433046,9.0,0.0,0.0,41300.0,13.533486,8.442291
2026-08-15 00:00:00+02:00,22.286999,3.563818,8.28,0.0,0.0,40740.0,11.926711,2.775808
2026-08-15 01:00:00+02:00,21.536999,3.319036,7.2,0.0,0.0,40840.0,11.501252,5.6205835
2026-08-15 02:00:00+02:00,21.187,4.6800003,7.2,0.0,0.0,40860.0,6.9559,9.392738
2026-08-15 03:00:00+02:00,21.137,5.95906,9.36,0.0,0.0,40920.0,9.113924,10.008319
2026-08-15 04:00:00+02:00,20.237,3.6,9.0,0.0,0.0,40600.0,9.752324,6.329817
2026-08-15 05:00:00+02:00,20.286999,4.452954,6.4799995,0.0,0.0,40640.0,6.198138,5.2667265
2026-08-15 06:00:00+02:00,20.437,5.3517847,8.64,0.0,0.0,40800.0,7.5842957,6.390391
2026-08-15 07:00:00+02:00,20.337,3.9763298,8.64,0.0,0.0,40460.0,9.858215,7.0769506
2026-08-15 08:00:00+02:00,22.637,3.4152596,7.2,0.0,0.0,40920.0,6.47666,9.715329
2026-08-15 09:00:00+02:00,23.987,5.00128,9.0,0.0,0.0,41200.0,6.7744107,10.4046545
2026-08-15 10:00:00+02:00,25.437,5.154415,10.799999,0.0,0.0,41620.0,5.562481,9.392738
2026-08-15 11:00:00+02:00,26.687,3.0758414,10.08,0.0,0.0,41860.0,1.8788835,9.331011
2026-08-15 12:00:00+02:00,28.687,1.2979984,7.2,0.0,0.0,43000.0,2.3236039,9.164372
2026-08-15 13:00:00+02:00,30.637,3.5455887,5.7599998,0.0,0.0,45120.0,3.3175182,10.1040945
2026-08-15 14:00:00+02:00,31.286999,2.3051248,11.159999,0.0,0.0,48680.0,6.0797453,20.01664
2026-08-15 15:00:00+02:00,32.037,9.793059,18.72,0.0,0.0,48020.0,12.832521,23.975016
2026-08-15 16:00:00+02:00,28.437,16.831684,41.039997,0.0,0.0,41700.0,21.006557,12.795845
2026-08-15 17:00:00+02:00,30.587,8.714677,24.84,0.0,0.0,42060.0,24.425486,19.725824
2026-08-15 18:00:00+02:00,29.286999,11.304229,24.84,0.0,0.0,46080.0,11.254866,25.591688
2026-08-15 19:00:00+02:00,27.637,1.1384199,32.760002,0.0,0.0,42440.0,1.9333551,23.594372
2026-08-15 20:00:00+02:00,27.737,1.609969,7.92,0.0,0.0,42060.0,4.201311,21.112574
2026-08-15 21:00:00+02:00,25.237,4.5820518,7.2,0.0,0.0,42520.0,2.6571426,21.759575
2026-08-15 22:00:00+02:00,20.687,4.510787,6.8399997,0.0,0.0,39180.0,4.323114,15.909525
2026-08-15 23:00:00+02:00,22.286999,5.6233797,9.0,0.0,0.0,40800.0,2.9178793,12.367153
2026-08-16 00:00:00+02:00,23.036999,2.9024127,10.440001,0.0,0.0,41360.0,4.323114,14.490146
2026-08-16 01:00:00+02:00,19.987,4.2136917,6.4799995,0.0,0.0,39960.0,8.402622,13.093462
2026-08-16 02:00:00+02:00,20.887,4.829907,7.92,0.0,0.0,40540.0,7.205189,13.711481
2026-08-16 03:00:00+02:00,20.286999,3.4152596,7.2,0.0,0.0,40360.0,6.895935,12.226168
2026-08-16 04:00:00+02:00,19.737,4.1046314,7.92,0.0,0.0,40080.0,6.524576,11.103232
2026-08-16 05:00:00+02:00,19.387,4.8433046,6.4799995,0.0,0.0,39960.0,2.3236039,12.795844
2026-08-16 06:00:00+02:00,20.286999,2.9024127,7.92,0.0,0.0,40420.0,5.3142853,8.711794
2026-08-16 07:00:00+02:00,18.786999,2.4149535,3.96,0.0,0.0,39180.0,2.9178793,10.027549
2026-08-16 08:00:00+02:00,21.587,3.319036,6.12,0.0,0.0,40320.0,2.3236039,11.939204
2026-08-16 09:00:00+02:00,24.786999,2.5455842,5.04,0.0,0.0,40700.0,7.958392,11.776757
2026-08-16 10:00:00+02:00,26.237,2.0991426,7.5599995,0.0,0.0,41160.0,8.598059,8.442291
2026-08-16 11:00:00+02:00,27.587,1.835647,12.24,0.0,0.0,43200.0,11.760141,4.8477407
2026-08-16 12:00:00+02:00,29.187,3.5455887,8.64,0.0,0.0,44060.0,7.1327734,9.392738
2026-08-16 13:00:00+02:00,30.987,4.829907,11.5199995,0.0,0.0,43920.0,11.392405,7.777219
2026-08-16 14:00:00+02:00,31.387,10.233123,27.359999,0.0,0.0,44280.0,12.438086,13.879042
2026-08-16 15:00:00+02:00,28.937,16.981165,25.199999,0.0,0.1,41940.0,15.680186,9.454063
2026-08-16 16:00:00+02:00,26.887,10.464797,39.6,0.0,1.4,41060.0,13.049152,16.327795
2026-08-16 17:00:00+02:00,27.137,5.6002855,15.119999,0.0,0.0,42460.0,10.240498,17.043554
2026-08-16 18:00:00+02:00,28.087,3.319036,19.44,0.0,0.0,41760.0,18.6891,19.271389
2026-08-16 19:00:00+02:00,28.587,3.4152596,7.92,0.0,0.0,42140.0,13.776805,23.950901
2026-08-16 20:00:00+02:00,28.286999,2.6208394,8.64,0.0,0.0,42300.0,13.285712,18.999592
2026-08-16 21:00:00+02:00,25.587,5.4477882,8.28,0.0,0.0,40760.0,16.512306,19.281382
2026-08-16 22:00:00+02:00,21.987,6.725354,11.879999,0.0,0.0,37080.0,12.694226,17.643314
2026-08-16 23:00:00+02:00,22.087,7.5685663,10.799999,0.0,0.0,38440.0,9.125309,21.085184
2026-08-17 00:00:00+02:00,20.737,4.2136917,11.5199995,0.0,0.0,36240.0,3.67394,23.422297
2026-08-17 01:00:00+02:00,20.337,2.8116899,6.8399997,0.0,0.0,36380.0,6.198138,21.510277
2026-08-17 02:00:00+02:00,20.786999,4.452954,8.28,0.0,0.0,39060.0,7.543114,16.245003
2026-08-17 03:00:00+02:00,19.487,4.198285,10.799999,41.0,0.0,34100.0,3.3175182,12.735487
2026-08-17 04:00:00+02:00,18.786999,3.319036,6.12,0.0,0.0,33980.0,2.9178793,12.289027
2026-08-17 05:00:00+02:00,17.887,2.1897945,5.04,0.0,0.0,31060.0,4.511162,13.427569
2026-08-17 06:00:00+02:00,17.587,2.16,6.4799995,0.0,0.0,32600.0,0.4556962,9.227214
2026-08-17 07:00:00+02:00,17.536999,1.1384199,8.28,0.0,0.0,32480.0,5.993747,14.529971
2026-08-17 08:00:00+02:00,18.887,4.802999,5.3999996,0.0,0.0,33220.0,7.418196,14.999642
2026-08-17 09:00:00+02:00,20.536999,4.6938257,8.64,0.0,0.0,36960.0,7.1327734,18.042755
2026-08-17 10:00:00+02:00,21.786999,5.1165614,10.08,67.0,0.1,36220.0,10.087265,23.618853
2026-08-17 11:00:00+02:00,20.237,3.7585104,19.44,96.0,1.9,15440.0,8.753638,32.867256
2026-08-17 12:00:00+02:00,22.536999,0.8049845,15.4800005,34.0,0.4,29560.0,12.694226,33.338604
2026-08-17 13:00:00+02:00,24.137,7.4128532,15.119999,8.0,0.0,39340.0,4.2990294,26.948225
2026-08-17 14:00:00+02:00,19.337,11.901798,40.68,84.0,6.2,600.0,21.45163,28.068626
2026-08-17 15:00:00+02:00,21.237,6.1305785,24.119999,66.0,1.7,25760.0,11.4288025,38.905903
2026-08-17 16:00:00+02:00,21.887,5.95906,14.759999,0.0,0.0,34120.0,8.84802,38.9801
2026-08-17 17:00:00+02:00,22.987,2.5455842,10.799999,0.0,0.0,38160.0,11.419714,36.192112
2026-08-17 18:00:00+02:00,23.786999,3.2599385,7.2,0.0,0.0,39980.0,5.9240503,34.413307
2026-08-17 19:00:00+02:00,23.487,5.3517847,9.36,0.0,0.0,39600.0,11.392405,40.616062
2026-08-17 20:00:00+02:00,21.837,4.829907,8.64,0.0,0.0,33980.0,7.1327734,41.590836
2026-08-17 21:00:00+02:00,20.536999,4.896529,6.8399997,0.0,0.0,21560.0,6.3797464,42.216022
2026-08-17 22:00:00+02:00,19.337,3.2399998,9.0,24.0,0.0,32660.0,7.515534,43.898163
2026-08-17 23:00:00+02:00,19.087,1.609969,6.12,31.0,0.0,35520.0,6.524576,37.0339
2026-08-18 00:00:00+02:00,19.036999,2.7416782,4.32,53.0,0.0,34460.0,5.3142853,30.30593
2026-08-18 01:00:00+02:00,18.687,1.1384199,4.32,57.0,0.0,31100.0,6.198138,29.179018
2026-08-18 02:00:00+02:00,18.587,3.096837,4.68,34.0,0.0,31480.0,6.850616,25.591688
2026-08-18 03:00:00+02:00,16.687,0.35999998,4.68,4.0,0.0,17600.0,8.670211,24.593725
2026-08-18 04:00:00+02:00,16.887,2.16,3.2399998,7.0,0.0,22280.0,9.125309,26.948225
2026-08-18 05:00:00+02:00,16.987,3.0547013,5.3999996,33.0,0.0,26920.0,9.394418,23.716516
2026-08-18 06:00:00+02:00,16.286999,2.5959969,5.7599998,7.0,0.0,20100.0,9.815996,25.455843
2026-08-18 07:00:00+02:00,15.437,1.8,5.3999996,27.0,0.0,10040.0,8.253009,31.189268
2026-08-18 08:00:00+02:00,17.837,0.5091169,4.68,11.0,0.0,15600.0,10.490914,25.051575
2026-08-18 09:00:00+02:00,21.036999,0.71999997,4.68,13.0,0.0,33440.0,10.189676,25.20489
2026-08-18 10:00:00+02:00,22.536999,3.2599385,10.440001,0.0,0.0,34940.0,9.515216,25.326874
2026-08-18 11:00:00+02:00,24.036999,4.3498964,9.36,0.0,0.0,37900.0,7.971428,19.725824
2026-08-18 12:00:00+02:00,24.987,6.3690495,11.879999,22.0,0.0,38240.0,8.36547,24.718725
2026-08-18 13:00:00+02:00,25.887,6.763786,14.4,4.0,0.0,39680.0,6.0797453,26.392084
2026-08-18 14:00:00+02:00,27.487,9.227524,14.04,0.0,0.0,41740.0,6.7744107,25.898457
2026-08-18 15:00:00+02:00,27.536999,9.504273,24.119999,0.0,0.0,42260.0,11.92671,24.238705
2026-08-18 16:00:00+02:00,27.437,10.464797,20.519999,0.0,0.0,42580.0,6.835443,25.659342
2026-08-18 17:00:00+02:00,27.987,8.161764,18.72,0.0,0.0,43760.0,13.495072,25.831429
2026-08-18 18:00:00+02:00,28.137,4.198285,14.759999,0.0,0.0,44500.0,10.481012,26.566677
2026-08-18 19:00:00+02:00,27.637,6.924738,12.24,0.0,0.0,43540.0,11.618018,27.04099
2026-08-18 20:00:00+02:00,26.337,3.5455887,12.599999,0.0,0.0,43020.0,10.802979,29.179018
2026-08-18 21:00:00+02:00,22.637,3.2599385,9.0,0.0,0.0,40480.0,8.062088,31.108875
2026-08-18 22:00:00+02:00,19.536999,2.4149535,6.12,0.0,0.0,37380.0,5.941551,30.622086
2026-08-18 23:00:00+02:00,18.487,1.8,5.04,0.0,0.0,37020.0,4.6916795,31.776642
2026-08-19 00:00:00+02:00,18.137,0.8049845,2.52,0.0,0.0,37580.0,4.57969,34.591965
2026-08-19 01:00:00+02:00,18.337,1.835647,4.32,0.0,0.0,37800.0,5.506198,33.60907
2026-08-19 02:00:00+02:00,18.487,4.0249224,5.3999996,0.0,0.0,37720.0,3.286072,34.413307
2026-08-19 03:00:00+02:00,17.536999,4.1046314,6.8399997,0.0,0.0,35420.0,4.201311,33.66061
2026-08-19 04:00:00+02:00,17.737,3.5455887,7.5599995,0.0,0.0,37080.0,2.9178793,32.299725
2026-08-19 05:00:00+02:00,17.387,4.452954,5.04,0.0,0.0,31760.0,2.0379353,32.281826
2026-08-19 06:00:00+02:00,17.286999,4.6938252,7.92,0.0,0.0,30960.0,2.734177,31.090292
2026-08-19 07:00:00+02:00,16.237,2.8799999,7.5599995,0.0,0.0,27420.0,5.468354,29.409164
2026-08-19 08:00:00+02:00,18.137,2.9024127,4.68,0.0,0.0,34660.0,7.800262,30.640951
2026-08-19 09:00:00+02:00,21.937,0.35999998,4.68,0.0,0.0,35460.0,9.215885,29.82541
2026-08-19 10:00:00+02:00,23.536999,3.8773184,7.92,0.0,0.0,38040.0,6.444517,32.667385
2026-08-19 11:00:00+02:00,25.587,3.319036,9.0,0.0,0.0,41900.0,5.941551,32.58473
2026-08-19 12:00:00+02:00,27.137,2.8116899,8.28,0.0,0.0,42200.0,3.6455696,35.860607
2026-08-19 13:00:00+02:00,28.737,5.904439,10.799999,0.0,0.0,43280.0,2.6571426,39.083736
2026-08-19 14:00:00+02:00,30.887,7.928178,14.759999,0.0,0.0,44900.0,11.883102,45.72086
2026-08-19 15:00:00+02:00,31.487,11.966953,21.96,0.0,0.0,44920.0,12.51299,51.36746
2026-08-19 16:00:00+02:00,31.337,13.0447235,23.4,0.0,0.0,44260.0,14.560902,47.889736
2026-08-19 17:00:00+02:00,31.937,12.303366,23.759998,0.0,0.0,45000.0,10.189676,49.28135
2026-08-19 18:00:00+02:00,32.137,10.990322,21.96,0.0,0.0,46460.0,8.670211,49.163948
2026-08-19 19:00:00+02:00,30.837,4.8433046,18.0,0.0,0.0,46060.0,20.782944,54.87753
2026-08-19 20:00:00+02:00,27.987,7.2,6.4799995,0.0,0.0,44260.0,21.706642,55.992947
2026-08-19 21:00:00+02:00,24.437,3.563818,11.5199995,0.0,0.0,41220.0,29.536005,50.85869
2026-08-19 22:00:00+02:00,20.837,6.28713,10.799999,0.0,0.0,38980.0,37.76784,52.539097
2026-08-19 23:00:00+02:00,21.286999,4.0249224,10.440001,0.0,0.0,40840.0,34.155945,55.516167
2026-08-20 00:00:00+02:00,20.887,4.3498964,9.0,0.0,0.0,40900.0,46.72386,46.95138
2026-08-20 01:00:00+02:00,20.487,4.32,7.5599995,0.0,0.0,40800.0,49.310036,43.00712
2026-08-20 02:00:00+02:00,23.437,4.73506,21.599998,0.0,0.0,42240.0,42.281635,65.81945
2026-08-20 03:00:00+02:00,24.387,1.0182338,22.319998,0.0,0.2,41760.0,33.377995,58.02037
2026-08-20 04:00:00+02:00,22.137,5.1544156,22.319998,0.0,0.1,37820.0,23.343035,55.992947
2026-08-20 05:00:00+02:00,23.837,0.8049845,15.84,0.0,0.5,41780.0,30.623327,55.879307
2026-08-20 06:00:00+02:00,21.987,5.8048253,18.72,0.0,0.0,39980.0,9.784211,61.898037
2026-08-20 07:00:00+02:00,21.387,2.6208394,7.5599995,0.0,0.0,39460.0,13.678478,56.205833
2026-08-20 08:00:00+02:00,20.587,3.7064266,3.6,0.0,0.0,38800.0,15.209606,59.792747
2026-08-20 09:00:00+02:00,23.087,4.829907,11.159999,0.0,0.0,38980.0,10.638335,58.83797
2026-08-20 10:00:00+02:00,24.036999,3.319036,9.36,0.0,0.0,39560.0,20.662695,54.422832
2026-08-20 11:00:00+02:00,22.737,3.6,20.880001,0.0,0.0,28940.0,13.655687,48.73501
2026-08-20 12:00:00+02:00,25.737,1.5273507,7.2,0.0,0.0,39820.0,8.765491,47.47363
2026-08-20 13:00:00+02:00,25.187,10.464797,17.28,0.0,0.0,39840.0,18.437403,54.071293
2026-08-20 14:00:00+02:00,26.437,9.746631,20.16,0.0,0.0,41040.0,8.95301,55.474514
2026-08-20 15:00:00+02:00,26.437,20.393293,32.760002,15.0,0.0,40660.0,7.5842957,51.36746
2026-08-20 16:00:00+02:00,23.237,23.950148,45.0,50.0,0.0,31700.0,4.844117,47.049747
2026-08-20 17:00:00+02:00,24.637,1.484318,39.6,42.0,5.9,38780.0,8.21518,59.99857
2026-08-20 18:00:00+02:00,24.587,6.2145634,25.56,31.0,0.0,35500.0,18.159363,56.724373
2026-08-20 19:00:00+02:00,23.137,11.923557,31.68,54.0,0.0,30880.0,3.4704785,46.96369
2026-08-20 20:00:00+02:00,24.987,4.6800003,24.119999,45.0,0.4,38860.0,5.195736,35.292084
2026-08-20 21:00:00+02:00,22.536999,7.7879906,20.880001,58.0,0.1,30760.0,3.5591009,33.66061
2026-08-20 22:00:00+02:00,21.837,8.287822,17.28,44.0,0.9,6140.0,8.706063,33.367477
2026-08-20 23:00:00+02:00,21.036999,0.5091169,12.959999,24.0,2.5,24980.0,3.4704785,29.179014
2026-08-21 00:00:00+02:00,21.237,5.2416787,10.08,79.0,0.0,32060.0,6.0797453,21.71527
2026-08-21 01:00:00+02:00,20.036999,7.342588,14.4,92.0,0.5,24560.0,9.784211,20.938503
2026-08-21 02:00:00+02:00,18.737,3.9763298,17.28,98.0,12.1,15220.0,13.79187,29.086447
2026-08-21 03:00:00+02:00,18.637,9.422101,14.759999,32.0,3.0,19100.0,5.9240503,31.70989
2026-08-21 04:00:00+02:00,18.337,2.9024127,16.56,14.0,0.0,13560.0,4.201311,25.69685
2026-08-21 05:00:00+02:00,17.637,3.8268526,4.32,89.0,0.0,1220.0,5.333787,35.138927
2026-08-21 06:00:00+02:00,17.536999,2.7416782,8.28,86.0,1.8,2840.0,6.572144,26.164846
2026-08-21 07:00:00+02:00,17.536999,3.671294,8.64,73.0,3.2,1560.0,7.1327734,17.21225
2026-08-21 08:00:00+02:00,17.137,4.1046314,5.7599998,73.0,5.9,420.0,8.976174,19.400894
2026-08-21 09:00:00+02:00,17.337,9.0645685,14.04,85.0,3.3,2320.0,17.352394,13.152178
2026-08-21 10:00:00+02:00,17.337,2.6208394,13.679999,70.0,3.4,4740.0,4.757608,26.855139
2026-08-21 11:00:00+02:00,16.036999,3.9763298,9.0,95.0,5.2,1360.0,6.940957,32.572903
2026-08-21 12:00:00+02:00,16.437,5.8603754,10.440001,87.0,2.8,14900.0,5.506198,22.014801
2026-08-21 13:00:00+02:00,16.536999,6.12,14.759999,85.0,0.3,21100.0,8.753638,25.561563
2026-08-21 14:00:00+02:00,16.337,6.193674,10.799999,100.0,0.3,11720.0,16.182028,37.344685
2026-08-21 15:00:00+02:00,16.437,6.0347,11.159999,95.0,0.6,21040.0,11.644798,41.0829
2026-08-21 16:00:00+02:00,17.437,4.829907,11.159999,76.0,0.0,33020.0,5.9240503,32.620174
2026-08-21 17:00:00+02:00,18.737,2.1897945,9.36,43.0,0.0,34260.0,2.3236039,45.91845
2026-08-21 18:00:00+02:00,19.487,2.968636,10.440001,26.0,0.0,34680.0,2.3236039,48.19446
2026-08-21 19:00:00+02:00,19.286999,6.379216,11.159999,0.0,0.0,35340.0,7.0743074,43.60759
2026-08-21 20:00:00+02:00,18.437,3.7064266,11.5199995,6.0,0.0,27940.0,11.208644,44.3869
2026-08-21 21:00:00+02:00,17.387,4.0249224,4.68,10.0,0.0,22380.0,9.837129,41.419117
2026-08-21 22:00:00+02:00,17.237,4.68,10.08,0.0,0.0,32540.0,17.441916,35.828365
2026-08-21 23:00:00+02:00,15.037001,2.3051248,7.5599995,54.0,0.0,21060.0,10.035667,33.42516
2026-08-22 00:00:00+02:00,15.187,2.5455842,4.68,49.0,0.0,28980.0,3.286072,37.514515
2026-08-22 01:00:00+02:00,15.787001,6.2145634,10.440001,74.0,0.1,26600.0,6.198138,29.494188
2026-08-22 02:00:00+02:00,15.237,6.725354,12.599999,48.0,1.1,27360.0,6.835443,31.776642
2026-08-22 03:00:00+02:00,14.637,6.2145634,10.440001,16.0,0.0,23520.0,3.0569031,37.370464
2026-08-22 04:00:00+02:00,13.537001,3.6179552,9.36,0.0,0.0,22840.0,4.2990294,33.568924
2026-08-22 05:00:00+02:00,14.237,1.609969,5.3999996,2.0,0.0,28520.0,3.67394,27.401884
2026-08-22 06:00:00+02:00,13.137,2.5959969,3.96,0.0,0.0,25500.0,6.0797453,27.993032
2026-08-22 07:00:00+02:00,12.087001,2.968636,5.3999996,20.0,0.0,13200.0,6.728273,23.040882
2026-08-22 08:00:00+02:00,12.987,1.0182338,5.04,12.0,0.0,14300.0,5.7641516,16.185604
2026-08-22 09:00:00+02:00,16.187,1.08,3.96,0.0,0.0,34340.0,5.993747,16.433628
2026-08-22 10:00:00+02:00,17.987,3.6,6.8399997,0.0,0.0,34600.0,5.9240503,14.909477
2026-08-22 11:00:00+02:00,19.737,6.489992,11.159999,0.0,0.0,39420.0,6.9559,11.858258
2026-08-22 12:00:00+02:00,20.187,8.435069,11.5199995,0.0,0.0,40660.0,5.993747,11.241167
2026-08-22 13:00:00+02:00,20.837,9.290511,12.24,0.0,0.0,41440.0,6.347113,8.092802
2026-08-22 14:00:00+02:00,21.987,11.200571,13.679999,0.0,0.0,41780.0,8.315675,13.612786
2026-08-22 15:00:00+02:00,22.437,13.044722,21.96,0.0,0.0,43460.0,7.800262,16.398428
2026-08-22 16:00:00+02:00,22.887,11.304229,22.319998,0.0,0.0,44740.0,4.757608,18.042753
2026-08-22 17:00:00+02:00,23.337,11.592894,20.880001,0.0,0.0,45580.0,6.7744107,23.422297
2026-08-22 18:00:00+02:00,23.036999,8.669949,19.8,0.0,0.0,43900.0,7.0743074,28.068626
2026-08-22 19:00:00+02:00,22.487,7.42159,15.4800005,0.0,0.0,43160.0,6.3960004,26.186924
2026-08-22 20:00:00+02:00,21.187,5.1544156,11.5199995,0.0,0.0,42380.0,9.612922,34.780777
2026-08-22 21:00:00+02:00,17.087,3.6,10.08,0.0,0.0,40540.0,9.394418,37.375618
2026-08-22 22:00:00+02:00,15.737,5.2416787,8.64,0.0,0.0,40640.0,6.970812,36.9558
2026-08-22 23:00:00+02:00,15.037001,5.4119864,9.0,0.0,0.0,39780.0,2.577807,39.142838
2026-08-23 00:00:00+02:00,14.337001,4.452954,9.0,0.0,0.0,39640.0,1.4410379,33.64344
2026-08-23 01:00:00+02:00,13.637,3.7585104,7.5599995,0.0,0.0,36560.0,3.9200466,32.042255
2026-08-23 02:00:00+02:00,12.637,3.671294,5.7599998,0.0,0.0,35360.0,1.0189676,30.816475
2026-08-23 03:00:00+02:00,12.587001,3.7585104,6.12,0.0,0.0,31880.0,0.64445174,30.261404
2026-08-23 04:00:00+02:00,12.937,2.4149535,4.68,0.0,0.0,29100.0,1.0189676,28.592175
2026-08-23 05:00:00+02:00,11.337001,1.8,2.52,0.0,0.0,20020.0,1.4410379,26.740126
2026-08-23 06:00:00+02:00,11.387,2.1897945,2.52,4.0,0.0,22380.0,2.7718916,24.206896
2026-08-23 07:00:00+02:00,11.787001,1.8,2.8799999,0.0,0.0,26760.0,1.8227848,26.098505
2026-08-23 08:00:00+02:00,12.837001,1.8,2.52,0.0,0.0,30960.0,1.643036,26.660769
2026-08-23 09:00:00+02:00,15.037001,2.2768397,4.68,0.0,0.0,29600.0,1.643036,27.48611
2026-08-23 10:00:00+02:00,17.387,0.71999997,5.7599998,0.0,0.0,34980.0,1.2889035,28.592175
2026-08-23 11:00:00+02:00,19.587,4.0249224,7.2,0.0,0.0,39640.0,5.468354,29.428804
2026-08-23 12:00:00+02:00,21.087,6.9153743,11.879999,0.0,0.0,40600.0,1.643036,30.56542
2026-08-23 13:00:00+02:00,22.187,9.422101,11.5199995,0.0,0.0,41300.0,3.67394,35.270245
2026-08-23 14:00:00+02:00,22.987,9.585739,12.599999,0.0,0.0,41980.0,4.1265044,38.960327
2026-08-23 15:00:00+02:00,23.887,10.464797,15.4800005,0.0,0.0,42560.0,3.757767,39.280388
2026-08-23 16:00:00+02:00,24.337,12.245293,19.08,0.0,0.0,42560.0,5.094838,40.72027
2026-08-23 17:00:00+02:00,24.437,11.384199,20.519999,0.0,0.0,42720.0,5.941551,41.007816
2026-08-23 18:00:00+02:00,24.187,9.107359,19.8,0.0,0.0,43540.0,6.850616,37.24138
2026-08-23 19:00:00+02:00,23.937,6.193674,15.119999,0.0,0.0,46040.0,5.6366506,37.70402
2026-08-23 20:00:00+02:00,22.337,4.8965297,10.08,0.0,0.0,44980.0,3.2222586,40.03328
2026-08-23 21:00:00+02:00,18.237,5.4119864,8.64,0.0,0.0,40980.0,2.453999,41.36327
2026-08-23 22:00:00+02:00,15.637,3.2599385,9.0,0.0,0.0,35620.0,3.757767,39.25586
2026-08-23 23:00:00+02:00,15.587001,4.3349743,5.04,0.0,0.0,34780.0,6.444517,40.729725
2026-08-24 00:00:00+02:00,15.937,3.7064266,7.5599995,0.0,0.0,26140.0,4.1265044,42.93988
2026-08-24 01:00:00+02:00,15.187,3.096837,6.12,0.0,0.0,33960.0,3.2222586,39.34408
2026-08-24 02:00:00+02:00,14.487,3.0758414,4.32,0.0,0.0,26440.0,6.198138,33.88306
2026-08-24 03:00:00+02:00,14.537001,2.0991426,4.32,0.0,0.0,28180.0,7.34788,30.722569
2026-08-24 04:00:00+02:00,13.987,0.71999997,1.8,0.0,0.0,29520.0,6.1138062,28.178215
2026-08-24 05:00:00+02:00,14.687,0.5091169,2.16,0.0,0.0,24620.0,6.524576,23.95894
2026-08-24 06:00:00+02:00,13.587001,2.6208394,2.52,0.0,0.0,23300.0,6.3797464,22.82248
2026-08-24 07:00:00+02:00,13.187,3.563818,3.6,0.0,0.0,29940.0,5.7641516,23.331656
2026-08-24 08:00:00+02:00,15.037001,2.968636,7.2,0.0,0.0,34080.0,4.9291077,26.186924
2026-08-24 09:00:00+02:00,17.036999,1.484318,5.3999996,0.0,0.0,34380.0,5.506198,31.170736
2026-08-24 10:00:00+02:00,19.687,4.73506,8.28,0.0,0.0,37380.0,5.195736,28.212376
2026-08-24 11:00:00+02:00,21.036999,5.634891,8.28,0.0,0.0,38820.0,4.201311,26.348255
2026-08-24 12:00:00+02:00,22.237,5.495161,8.64,0.0,0.0,40160.0,3.67394,23.099327
2026-08-24 13:00:00+02:00,23.587,4.1046314,7.92,0.0,0.0,40620.0,2.0379353,25.020798
2026-08-24 14:00:00+02:00,24.286999,4.6800003,6.4799995,0.0,0.0,41540.0,2.6571426,31.679502
2026-08-24 15:00:00+02:00,25.337,4.0249224,9.72,0.0,0.0,40920.0,3.5591009,35.00712
2026-08-24 16:00:00+02:00,26.036999,5.1165614,9.72,0.0,0.0,41880.0,5.487309,33.568924
2026-08-24 17:00:00+02:00,25.786999,0.71999997,9.0,0.0,0.0,42520.0,8.36547,34.80846
2026-08-24 18:00:00+02:00,25.737,2.3051248,5.7599998,0.0,0.0,41980.0,6.940957,23.190878
2026-08-24 19:00:00+02:00,23.887,10.787993,15.84,5.0,0.2,40460.0,6.6350365,20.85554
2026-08-24 20:00:00+02:00,21.887,17.731598,25.199999,44.0,0.4,36180.0,23.914282,17.903427
2026-08-24 21:00:00+02:00,19.837,6.519877,14.759999,0.0,2.0,31260.0,27.254288,32.27586
2026-08-24 22:00:00+02:00,19.987,7.928178,16.919998,0.0,0.1,34580.0,14.610731,35.078575
2026-08-24 23:00:00+02:00,19.437,12.0694,28.8,56.0,0.8,13620.0,13.285713,31.337141
2026-08-25 00:00:00+02:00,19.337,2.6208394,18.0,0.0,0.3,16400.0,2.278481,22.041037
2026-08-25 01:00:00+02:00,18.536999,2.8116899,7.92,70.0,0.9,6120.0,16.461926,29.960732
2026-08-25 02:00:00+02:00,18.437,5.95906,12.959999,86.0,6.9,15260.0,10.391472,21.076046
2026-08-25 03:00:00+02:00,17.887,6.9247384,10.08,98.0,6.2,9280.0,11.848101,34.941025
2026-08-25 04:00:00+02:00,17.786999,5.1544156,9.72,89.0,5.0,4120.0,10.391472,18.631031
2026-08-25 05:00:00+02:00,16.987,5.4833565,10.440001,78.0,5.2,2220.0,11.680409,27.338541
2026-08-25 06:00:00+02:00,16.837,2.3051248,7.5599995,53.0,3.1,2960.0,13.594724,35.806854
2026-08-25 07:00:00+02:00,16.737,2.9024127,9.72,39.0,0.0,15860.0,7.7468357,26.135382
2026-08-25 08:00:00+02:00,17.437,1.0182338,5.3999996,10.0,0.0,22820.0,11.282507,30.57172
2026-08-25 09:00:00+02:00,18.887,5.154415,10.08,17.0,0.0,23860.0,6.444517,28.719894
2026-08-25 10:00:00+02:00,21.036999,1.1384199,6.4799995,0.0,0.0,34520.0,7.7602262,34.334854
2026-08-25 11:00:00+02:00,22.187,2.6208394,5.04,0.0,0.0,36640.0,7.866535,35.54769
2026-08-25 12:00:00+02:00,23.387,8.78872,15.4800005,0.0,0.0,32120.0,1.8788835,39.34408
2026-08-25 13:00:00+02:00,23.487,12.031756,21.599998,0.0,0.0,37000.0,1.8788835,35.029118
2026-08-25 14:00:00+02:00,25.337,9.983106,22.68,17.0,0.0,40540.0,8.074956,32.25795
2026-08-25 15:00:00+02:00,26.036999,10.990322,19.44,1.0,0.0,40800.0,10.936708,28.907082
2026-08-25 16:00:00+02:00,25.237,11.681987,21.96,0.0,0.0,40100.0,9.215885,29.059942
2026-08-25 17:00:00+02:00,25.087,7.5170207,19.8,0.0,0.0,40180.0,13.941624,30.439116
2026-08-25 18:00:00+02:00,25.487,2.1897945,11.879999,0.0,0.0,40060.0,13.270073,32.84967
2026-08-25 19:00:00+02:00,25.036999,5.4119864,9.72,0.0,0.0,39240.0,5.094838,36.72574
2026-08-25 20:00:00+02:00,23.786999,1.8,8.28,0.0,0.0,38180.0,6.1307654,35.270245
2026-08-25 21:00:00+02:00,20.437,7.42159,12.24,0.0,0.0,36520.0,3.757767,31.090292
2026-08-25 22:00:00+02:00,18.036999,4.5536795,13.32,0.0,0.0,33200.0,5.709857,30.261404
2026-08-25 23:00:00+02:00,18.587,5.692099,7.92,0.0,0.0,35480.0,7.840093,35.989296
2026-08-26 00:00:00+02:00,17.786999,5.00128,9.72,0.0,0.0,33160.0,8.36547,35.504314
2026-08-26 01:00:00+02:00,17.137,3.5455887,8.64,0.0,0.0,33820.0,6.7744107,35.466312
2026-08-26 02:00:00+02:00,16.937,3.7064266,5.04,0.0,0.0,33320.0,5.8000655,34.137928
2026-08-26 03:00:00+02:00,16.536999,4.3498964,6.4799995,0.0,0.0,34560.0,4.201311,39.25586
2026-08-26 04:00:00+02:00,15.737,3.8773184,7.5599995,0.0,0.0,27040.0,4.323114,35.817608
2026-08-26 05:00:00+02:00,14.987,4.0249224,6.4799995,0.0,0.0,25340.0,5.487309,37.70402
2026-08-26 06:00:00+02:00,16.036999,5.315336,8.64,0.0,0.0,25200.0,3.6455696,34.697605
2026-08-26 07:00:00+02:00,15.187,3.2599385,7.2,0.0,0.0,19620.0,3.89347,32.572903
2026-08-26 08:00:00+02:00,16.087,3.5455887,5.04,0.0,0.0,20620.0,5.543783,36.9558
2026-08-26 09:00:00+02:00,19.637,1.0182338,5.7599998,0.0,0.0,17060.0,4.488087,33.106678
2026-08-26 10:00:00+02:00,21.786999,2.0364676,4.68,0.0,0.0,36880.0,3.67394,29.565943
2026-08-26 11:00:00+02:00,23.786999,2.16,6.12,0.0,0.0,41140.0,5.0333285,31.238638
2026-08-26 12:00:00+02:00,24.737,5.315336,9.72,0.0,0.0,41480.0,4.844117,31.79482
2026-08-26 13:00:00+02:00,25.437,8.905908,11.5199995,0.0,0.0,42480.0,4.2990294,40.47829
2026-08-26 14:00:00+02:00,26.337,4.2136917,11.879999,0.0,0.0,41300.0,4.556962,44.24346
2026-08-26 15:00:00+02:00,26.687,6.12,11.159999,0.0,0.0,42280.0,6.3960004,43.047413
2026-08-26 16:00:00+02:00,27.036999,4.198285,12.24,0.0,0.0,41940.0,7.543114,45.530872
2026-08-26 17:00:00+02:00,26.587,2.3051248,7.92,0.0,0.0,41700.0,4.488087,57.48672
2026-08-26 18:00:00+02:00,26.387,0.71999997,3.6,0.0,0.0,41240.0,2.3236039,55.328484
2026-08-26 19:00:00+02:00,25.786999,2.2768397,6.4799995,0.0,0.0,40420.0,4.1265044,53.609764
2026-08-26 20:00:00+02:00,23.937,4.198285,7.2,0.0,0.0,40460.0,6.850616,57.056194
2026-08-26 21:00:00+02:00,20.937,3.96,7.5599995,0.0,0.0,36440.0,12.537857,57.993805
2026-08-26 22:00:00+02:00,19.286999,4.198285,7.2,0.0,0.0,27140.0,15.4936695,58.50637
2026-08-26 23:00:00+02:00,19.387,4.452954,7.5599995,0.0,0.0,26500.0,17.590109,63.020634
2026-08-27 00:00:00+02:00,19.437,4.3498964,7.5599995,0.0,0.0,18740.0,21.475815,58.374535
2026-08-27 01:00:00+02:00,18.837,0.8049845,7.2,0.0,0.0,17860.0,20.465782,63.653225
2026-08-27 02:00:00+02:00,18.887,3.319036,3.96,0.0,0.0,25440.0,26.304367,64.96222
2026-08-27 03:00:00+02:00,18.786999,3.319036,4.32,0.0,0.0,25920.0,28.85676,63.979225
2026-08-27 04:00:00+02:00,17.837,0.8049845,4.32,0.0,0.0,35280.0,33.739986,63.807377
2026-08-27 05:00:00+02:00,17.687,2.0991426,5.04,0.0,0.0,24640.0,34.18936,65.64361
2026-08-27 06:00:00+02:00,17.937,1.835647,5.7599998,0.0,0.0,24700.0,32.161304,64.67693
2026-08-27 07:00:00+02:00,17.536999,5.315336,8.64,0.0,0.0,30680.0,33.872055,63.434967
2026-08-27 08:00:00+02:00,19.036999,4.0249224,7.5599995,55.0,0.0,27180.0,35.303955,64.183624
2026-08-27 09:00:00+02:00,20.187,1.4399999,8.28,0.0,0.0,27900.0,31.310675,66.910805
2026-08-27 10:00:00+02:00,21.737,1.1384199,5.04,0.0,0.0,29680.0,27.189447,63.203762
2026-08-27 11:00:00+02:00,23.786999,2.0991426,6.4799995,0.0,0.0,33100.0,30.398726,63.87074
2026-08-27 12:00:00+02:00,25.887,5.8603754,11.879999,0.0,0.0,39720.0,27.417614,66.27733
2026-08-27 13:00:00+02:00,27.487,9.1641035,16.56,0.0,0.0,41680.0,11.087566,56.523666
2026-08-27 14:00:00+02:00,27.137,9.255571,19.08,0.0,0.0,42120.0,4.0758705,58.36463
2026-08-27 15:00:00+02:00,28.437,3.6179552,16.199999,0.0,0.0,42220.0,6.198138,65.07776
2026-08-27 16:00:00+02:00,29.487,5.0911684,9.72,0.0,0.0,43680.0,3.3175182,71.97859
2026-08-27 17:00:00+02:00,29.337,0.35999998,10.440001,0.0,0.0,44380.0,4.6916795,73.359634
2026-08-27 18:00:00+02:00,29.137,3.6179552,6.8399997,0.0,0.0,43420.0,5.3142853,78.84469
2026-08-27 19:00:00+02:00,28.387,6.5693827,11.159999,0.0,0.0,42440.0,14.899244,73.24401
2026-08-27 20:00:00+02:00,26.737,1.9386592,10.799999,0.0,0.0,43120.0,11.02182,71.29019
2026-08-27 21:00:00+02:00,22.437,4.5536795,8.64,0.0,0.0,40140.0,13.246579,69.08641
2026-08-27 22:00:00+02:00,19.937,1.1384199,7.2,0.0,0.0,29400.0,17.177994,70.36825
2026-08-27 23:00:00+02:00,20.536999,2.1897945,9.0,0.0,0.0,28020.0,26.233223,81.461815
2026-08-28 00:00:00+02:00,21.237,3.2599385,6.4799995,0.0,0.0,26120.0,33.492893,85.57867
2026-08-28 01:00:00+02:00,19.036999,0.5091169,4.32,0.0,0.0,25520.0,33.06546,86.59899
2026-08-28 02:00:00+02:00,20.137,4.5536795,9.72,0.0,0.0,35560.0,26.402866,90.801186
2026-08-28 03:00:00+02:00,20.036999,2.5455842,3.2399998,0.0,0.0,32100.0,32.86072,87.97605
2026-08-28 04:00:00+02:00,19.837,8.669949,15.4800005,12.0,0.0,11840.0,20.947159,86.443146
2026-08-28 05:00:00+02:00,19.387,4.1046314,12.959999,0.0,0.0,17580.0,16.512306,83.37828
2026-08-28 06:00:00+02:00,18.937,5.4119864,8.64,22.0,0.0,9120.0,24.876171,86.1239
2026-08-28 07:00:00+02:00,19.286999,1.835647,9.36,0.0,0.0,15900.0,41.20713,91.86416
2026-08-28 08:00:00+02:00,21.036999,8.714677,5.7599998,0.0,0.0,30740.0,64.13023,112.782906
2026-08-28 09:00:00+02:00,28.887,7.289445,14.759999,0.0,0.0,44380.0,85.35276,100.05431
2026-08-28 10:00:00+02:00,23.087,21.485697,47.16,2.0,0.0,37860.0,32.277317,100.02544
2026-08-28 11:00:00+02:00,24.687,17.974781,45.36,100.0,0.0,39580.0,9.837129,65.90134
2026-08-28 12:00:00+02:00,20.337,4.1046314,45.36,86.0,5.8,37860.0,13.152184,47.02927
2026-08-28 13:00:00+02:00,18.337,14.578888,47.519997,82.0,13.5,35500.0,34.45256,65.81945
2026-08-28 14:00:00+02:00,20.587,11.885453,23.759998,83.0,0.0,8480.0,8.765491,69.95092
2026-08-28 15:00:00+02:00,21.536999,10.799999,23.039999,54.0,0.1,37300.0,9.294415,82.12359
2026-08-28 16:00:00+02:00,19.536999,7.8954163,27.359999,52.0,0.7,5960.0,9.125309,61.272472
2026-08-28 17:00:00+02:00,18.387,5.0142193,15.4800005,41.0,2.0,12420.0,22.417288,51.36746
2026-08-28 18:00:00+02:00,21.137,9.931042,16.56,37.0,0.3,38480.0,29.574648,63.41978
2026-08-28 19:00:00+02:00,20.437,5.8048253,19.8,0.0,0.1,37860.0,23.78804,70.26689
2026-08-28 20:00:00+02:00,18.536999,4.8965297,7.2,0.0,0.0,39340.0,22.702635,69.05293
2026-08-28 21:00:00+02:00,14.987,3.9763298,6.4799995,0.0,0.0,15200.0,17.196117,55.862064
2026-08-28 22:00:00+02:00,13.987,3.7585104,7.92,51.0,0.0,1680.0,13.836966,53.660046
2026-08-28 23:00:00+02:00,13.937,2.7416782,6.8399997,42.0,0.0,3860.0,7.205189,52.373848
2026-08-29 00:00:00+02:00,13.637,2.8799999,7.2,38.0,0.0,5820.0,5.012658,50.88898
2026-08-29 01:00:00+02:00,14.187,3.6,5.3999996,19.0,0.0,25440.0,6.330734,48.576645
2026-08-29 02:00:00+02:00,14.687,5.3999996,6.8399997,76.0,0.0,24580.0,5.9240503,43.346184
2026-08-29 03:00:00+02:00,14.937,5.3999996,9.0,61.0,0.0,25360.0,4.101266,35.860607
2026-08-29 04:00:00+02:00,14.787001,4.5536795,8.28,43.0,0.0,24900.0,1.8227848,32.40095
2026-08-29 05:00:00+02:00,13.887,4.3349743,7.2,54.0,0.0,17760.0,1.8227848,34.430096
2026-08-29 06:00:00+02:00,12.537001,4.0249224,8.28,60.0,0.0,2020.0,2.453999,36.667995
2026-08-29 07:00:00+02:00,12.187,3.6179552,7.2,3.0,0.0,14220.0,4.556962,33.407864
2026-08-29 08:00:00+02:00,13.187,2.968636,6.4799995,39.0,0.0,3320.0,5.8000655,31.951952
2026-08-29 09:00:00+02:00,16.137,1.609969,5.04,0.0,0.0,31040.0,6.6350365,26.948225
2026-08-29 10:00:00+02:00,18.387,2.6208394,5.3999996,0.0,0.0,35880.0,4.6916795,23.95894
2026-08-29 11:00:00+02:00,19.987,1.2979984,4.68,0.0,0.0,38680.0,8.753638,25.591688
2026-08-29 12:00:00+02:00,21.837,4.072935,7.92,0.0,0.0,39860.0,6.347113,27.820469
2026-08-29 13:00:00+02:00,22.337,9.726664,14.759999,0.0,0.0,40400.0,1.643036,30.816475
2026-08-29 14:00:00+02:00,22.937,11.988594,18.72,0.0,0.0,40680.0,2.577807,34.725353
2026-08-29 15:00:00+02:00,23.137,12.475961,18.0,0.0,0.0,40960.0,3.2222586,34.697605
2026-08-29 16:00:00+02:00,23.237,11.753877,18.359999,0.0,0.0,41480.0,3.3175182,34.430096
2026-08-29 17:00:00+02:00,23.536999,7.771331,18.0,0.0,0.0,41660.0,5.7641516,32.620174
2026-08-29 18:00:00+02:00,23.487,7.628263,14.4,0.0,0.0,41300.0,3.286072,29.337025
2026-08-29 19:00:00+02:00,22.637,5.771239,13.679999,0.0,0.0,40540.0,3.0569031,30.710028
2026-08-29 20:00:00+02:00,20.786999,5.634891,12.24,0.0,0.0,40520.0,1.4410379,30.439116
2026-08-29 21:00:00+02:00,17.437,6.763786,10.799999,0.0,0.0,36840.0,1.8227848,29.251541
2026-08-29 22:00:00+02:00,16.487,5.692099,11.159999,0.0,0.0,34720.0,0.9113924,24.491692
2026-08-29 23:00:00+02:00,16.637,5.3517847,9.36,0.0,0.0,35060.0,0.64445174,21.803795
2026-08-30 00:00:00+02:00,15.187,3.96,10.08,0.0,0.0,29900.0,1.643036,19.725824
2026-08-30 01:00:00+02:00,15.337001,4.0249224,7.92,0.0,0.0,33320.0,1.0189676,20.809309
2026-08-30 02:00:00+02:00,14.487,4.379589,6.12,0.0,0.0,28060.0,3.2222586,24.341797
2026-08-30 03:00:00+02:00,14.087001,4.2136917,9.0,0.0,0.0,30100.0,3.67394,24.206896
2026-08-30 04:00:00+02:00,13.637,3.2599385,6.8399997,0.0,0.0,24940.0,0.9113924,25.273579
2026-08-30 05:00:00+02:00,12.887,4.379589,7.2,0.0,0.0,25140.0,5.333787,28.853722
2026-08-30 06:00:00+02:00,12.537001,3.96,8.64,0.0,0.0,23060.0,4.844117,26.89098
2026-08-30 07:00:00+02:00,12.337001,3.2399998,6.8399997,0.0,0.0,18940.0,2.8820758,25.92076
2026-08-30 08:00:00+02:00,13.637,2.5455842,5.3999996,54.0,0.0,880.0,3.5591009,25.151335
2026-08-30 09:00:00+02:00,18.387,2.1897945,4.68,0.0,0.0,32180.0,4.323114,22.499464
2026-08-30 10:00:00+02:00,20.637,0.35999998,3.96,0.0,0.0,38940.0,4.201311,24.483826
2026-08-30 11:00:00+02:00,22.187,1.8,6.8399997,0.0,0.0,41540.0,4.844117,29.80603
2026-08-30 12:00:00+02:00,23.536999,2.5959969,6.12,0.0,0.0,41760.0,3.67394,31.410818
2026-08-30 13:00:00+02:00,25.036999,3.5455887,7.2,0.0,0.0,42680.0,5.012658,27.89653
2026-08-30 14:00:00+02:00,26.237,6.989936,18.0,0.0,0.0,42680.0,9.666777,28.966991
2026-08-30 15:00:00+02:00,25.887,10.009036,17.64,0.0,0.0,43160.0,8.598059,27.26799
2026-08-30 16:00:00+02:00,25.987,9.659814,15.4800005,0.0,0.0,41760.0,8.151741,30.83522
2026-08-30 17:00:00+02:00,26.587,4.5820518,13.32,0.0,0.0,42260.0,7.3619976,35.38475
2026-08-30 18:00:00+02:00,26.536999,2.8116899,8.64,0.0,0.0,41960.0,7.1327734,36.160164
2026-08-30 19:00:00+02:00,25.887,4.510787,7.5599995,0.0,0.0,41360.0,6.7744107,38.781925
2026-08-30 20:00:00+02:00,23.786999,4.8433046,9.72,0.0,0.0,40640.0,4.1265044,41.33998
2026-08-30 21:00:00+02:00,19.687,6.28713,10.440001,0.0,0.0,37800.0,6.0797453,44.814476
2026-08-30 22:00:00+02:00,18.237,4.379589,9.72,0.0,0.0,35740.0,11.760141,48.20645
2026-08-30 23:00:00+02:00,18.087,4.3349743,6.4799995,0.0,0.0,33180.0,11.680409,45.72086
2026-08-31 00:00:00+02:00,19.737,1.2979984,18.72,0.0,0.2,38840.0,32.03191,60.897217
2026-08-31 01:00:00+02:00,20.036999,12.031756,30.599998,0.0,0.0,30680.0,24.64554,58.595203
2026-08-31 02:00:00+02:00,18.587,3.4152596,17.64,80.0,2.3,25760.0,12.0307255,60.398552
2026-08-31 03:00:00+02:00,19.187,11.770403,15.4800005,60.0,0.0,30100.0,5.094838,68.063934
2026-08-31 04:00:00+02:00,18.837,7.0911775,20.519999,53.0,0.4,23680.0,14.148615,57.093323
2026-08-31 05:00:00+02:00,18.036999,4.1046314,12.959999,7.0,0.0,18740.0,21.610764,59.083
2026-08-31 06:00:00+02:00,17.387,3.4152596,7.92,27.0,0.0,18620.0,14.787324,55.33893
2026-08-31 07:00:00+02:00,16.987,2.3051248,6.12,0.0,0.0,21800.0,19.57373,51.90836
2026-08-31 08:00:00+02:00,17.187,1.5273507,4.68,0.0,0.0,20160.0,6.6350365,52.21177
2026-08-31 09:00:00+02:00,19.337,3.8939953,7.5599995,66.0,0.0,33140.0,6.970812,62.47111
2026-08-31 10:00:00+02:00,20.637,13.684735,23.759998,39.0,0.0,35540.0,4.6472077,61.31961
2026-08-31 11:00:00+02:00,21.837,11.620809,23.039999,52.0,0.0,39840.0,5.9240503,60.941483
2026-08-31 12:00:00+02:00,22.137,15.141414,26.28,46.0,0.0,40300.0,7.866535,54.28817
2026-08-31 13:00:00+02:00,22.786999,12.984975,25.56,36.0,0.0,40760.0,3.89347,51.845234
2026-08-31 14:00:00+02:00,23.587,12.144331,21.96,90.0,0.0,41160.0,9.784211,51.13066
2026-08-31 15:00:00+02:00,24.137,9.779817,23.039999,30.0,0.0,41420.0,11.644798,49.736565
2026-08-31 16:00:00+02:00,24.536999,13.049689,23.039999,5.0,0.0,42460.0,10.638334,46.96369
2026-08-31 17:00:00+02:00,24.937,13.627795,23.759998,0.0,0.0,43400.0,11.671517,46.66331
2026-08-31 18:00:00+02:00,24.637,10.308831,23.4,0.0,0.0,44180.0,11.031237,49.19528
2026-08-31 19:00:00+02:00,23.987,7.5170207,17.28,0.0,0.0,42980.0,12.039351,40.663464
2026-08-31 20:00:00+02:00,23.337,8.373386,16.199999,0.0,0.0,43360.0,9.784211,43.346184
2026-08-31 21:00:00+02:00,20.737,5.3517847,12.959999,11.0,0.0,41060.0,7.7468357,38.846447
2026-08-31 22:00:00+02:00,17.937,4.3349743,8.64,13.0,0.0,39880.0,7.78694,31.679502
2026-08-31 23:00:00+02:00,16.737,5.3517847,7.2,20.0,0.0,38500.0,7.5842957,27.422962
2026-09-01 00:00:00+02:00,15.687,3.9763298,8.64,31.0,0.0,36200.0,7.34788,26.869482
2026-09-01 01:00:00+02:00,15.937,3.96,6.8399997,42.0,0.0,36880.0,5.487309,27.958607
2026-09-01 02:00:00+02:00,15.487,4.0249224,7.2,47.0,0.0,36500.0,1.8227848,27.373749
2026-09-01 03:00:00+02:00,14.787001,4.3498964,7.5599995,28.0,0.0,36500.0,1.3670886,26.33363
2026-09-01 04:00:00+02:00,14.087001,3.6179552,7.2,3.0,0.0,35180.0,1.8227848,25.74927
2026-09-01 05:00:00+02:00,13.137,3.671294,6.12,8.0,0.0,32160.0,0.0,26.304356
2026-09-01 06:00:00+02:00,12.637,3.6179552,5.7599998,0.0,0.0,30680.0,0.0,23.364658
2026-09-01 07:00:00+02:00,12.687,3.0758414,5.04,0.0,0.0,31920.0,2.577807,22.593443
2026-09-01 08:00:00+02:00,13.637,3.396233,4.68,0.0,0.0,27600.0,4.556962,20.632679
2026-09-01 09:00:00+02:00,17.637,1.1384199,5.3999996,0.0,0.0,33560.0,3.757767,18.908127
2026-09-01 10:00:00+02:00,19.587,4.3498964,8.28,0.0,0.0,38800.0,1.4410379,17.522804
2026-09-01 11:00:00+02:00,20.987,4.39436,7.92,0.0,0.0,40580.0,1.4410379,20.557856
2026-09-01 12:00:00+02:00,22.437,6.696387,11.879999,0.0,0.0,41080.0,2.3236039,19.725824
2026-09-01 13:00:00+02:00,23.536999,8.404285,10.440001,0.0,0.0,41280.0,3.67394,20.632677
2026-09-01 14:00:00+02:00,24.437,11.885453,17.64,0.0,0.0,41480.0,5.709857,21.997295
2026-09-01 15:00:00+02:00,24.737,12.218805,17.28,0.0,0.0,42620.0,6.9559,21.438515
2026-09-01 16:00:00+02:00,25.087,12.10157,17.28,0.0,0.0,43420.0,8.315675,26.740126
2026-09-01 17:00:00+02:00,25.187,7.653705,19.8,0.0,0.0,44800.0,8.987734,25.265957
2026-09-01 18:00:00+02:00,25.087,6.193674,13.32,0.0,0.0,44460.0,6.940957,28.477415
2026-09-01 19:00:00+02:00,24.387,6.519877,10.799999,0.0,0.0,43140.0,4.844117,28.853722
2026-09-01 20:00:00+02:00,21.637,4.3349743,11.879999,0.0,0.0,41920.0,2.8820758,27.112131
2026-09-01 21:00:00+02:00,17.286999,6.9247384,11.5199995,0.0,0.0,40020.0,3.3175182,23.95894
2026-09-01 22:00:00+02:00,15.237,4.0249224,10.08,0.0,0.0,35520.0,2.278481,26.515873
2026-09-01 23:00:00+02:00,15.187,5.0911684,6.4799995,0.0,0.0,37280.0,3.0569031,28.006792
2026-09-02 00:00:00+02:00,14.787001,5.634891,9.72,0.0,0.0,38720.0,6.444517,28.368979
2026-09-02 01:00:00+02:00,13.387,3.6,9.0,0.0,0.0,37480.0,5.7641516,28.612377
2026-09-02 02:00:00+02:00,12.387,4.2136917,6.8399997,0.0,0.0,29880.0,3.67394,26.804884
2026-09-02 03:00:00+02:00,12.987,5.506941,9.72,0.0,0.0,26540.0,3.6455696,25.5691
2026-09-02 04:00:00+02:00,11.187,4.0249224,8.64,0.0,0.0,35900.0,5.487309,26.660769
2026-09-02 05:00:00+02:00,11.187,4.2136917,5.7599998,0.0,0.0,23820.0,3.6455696,29.507248
2026-09-02 06:00:00+02:00,12.037001,5.0142193,9.36,0.0,0.0,24580.0,5.506198,32.82621
2026-09-02 07:00:00+02:00,11.487,2.9024127,7.5599995,0.0,0.0,21320.0,6.198138,29.844782
2026-09-02 08:00:00+02:00,11.737,1.8,3.96,0.0,0.0,22560.0,2.577807,31.81905
2026-09-02 09:00:00+02:00,15.637,1.4399999,4.68,0.0,0.0,30700.0,5.333787,29.747807
2026-09-02 10:00:00+02:00,17.987,1.9386592,5.7599998,0.0,0.0,38540.0,3.5591009,28.933727
2026-09-02 11:00:00+02:00,20.387,2.968636,5.3999996,0.0,0.0,40580.0,5.3142853,28.880415
2026-09-02 12:00:00+02:00,21.837,4.3349743,8.28,0.0,0.0,42780.0,5.012658,33.036785
2026-09-02 13:00:00+02:00,23.237,4.1046314,9.0,0.0,0.0,41460.0,5.094838,34.697605
2026-09-02 14:00:00+02:00,24.786999,4.072935,9.0,0.0,0.0,42380.0,6.9559,29.857687
2026-09-02 15:00:00+02:00,26.036999,10.44,18.0,0.0,0.0,44100.0,12.159491,23.635157
2026-09-02 16:00:00+02:00,25.786999,12.661564,25.199999,0.0,0.0,45440.0,7.5842957,20.208189
2026-09-02 17:00:00+02:00,25.987,6.792466,18.72,0.0,0.0,43220.0,15.5204525,21.230852
2026-09-02 18:00:00+02:00,25.237,5.154415,11.879999,0.0,0.0,40980.0,12.269995,24.928242
2026-09-02 19:00:00+02:00,23.637,6.763786,11.5199995,0.0,0.0,41000.0,7.4739733,25.326874
2026-09-02 20:00:00+02:00,21.036999,4.379589,10.799999,0.0,0.0,40020.0,6.47666,24.734306
2026-09-02 21:00:00+02:00,16.987,3.219938,8.64,0.0,0.0,34980.0,5.487309,28.068626
2026-09-02 22:00:00+02:00,16.237,1.2979984,4.68,0.0,0.0,35240.0,6.198138,27.267992
2026-09-02 23:00:00+02:00,17.036999,5.154415,7.92,26.0,0.0,36420.0,6.524576,20.265303
2026-09-03 00:00:00+02:00,15.987,4.3349743,9.0,37.0,0.0,31680.0,4.488087,15.861018
2026-09-03 01:00:00+02:00,15.787001,3.319036,6.8399997,35.0,0.0,27100.0,4.488087,15.554438
2026-09-03 02:00:00+02:00,14.637,3.319036,6.4799995,38.0,0.0,25340.0,0.64445174,13.0492525
2026-09-03 03:00:00+02:00,15.337001,3.319036,4.68,4.0,0.0,33680.0,4.1265044,13.556066
2026-09-03 04:00:00+02:00,14.237,2.2768397,5.7599998,0.0,0.0,31500.0,2.6571426,17.773846
2026-09-03 05:00:00+02:00,13.937,4.0249224,4.68,0.0,0.0,33640.0,2.7718916,15.517241
2026-09-03 06:00:00+02:00,14.437,4.3349743,8.64,5.0,0.0,34780.0,0.64445174,12.795845
2026-09-03 07:00:00+02:00,13.687,2.6208394,5.3999996,0.0,0.0,29060.0,1.643036,15.566816
2026-09-03 08:00:00+02:00,14.237,2.7416782,3.96,0.0,0.0,29980.0,2.8820758,19.98775
2026-09-03 09:00:00+02:00,17.937,1.08,4.68,0.0,0.0,28080.0,3.0569031,18.91831
2026-09-03 10:00:00+02:00,19.837,0.35999998,3.96,0.0,0.0,36540.0,4.556962,19.871765
2026-09-03 11:00:00+02:00,22.036999,4.896529,7.2,0.0,0.0,39660.0,2.0379353,20.265303
2026-09-03 12:00:00+02:00,23.536999,5.6233797,7.92,0.0,0.0,40360.0,2.6571426,23.95894
2026-09-03 13:00:00+02:00,24.737,5.95906,7.92,0.0,0.0,40960.0,4.2990294,22.22381
2026-09-03 14:00:00+02:00,25.237,7.8954163,13.679999,0.0,0.0,41640.0,4.488087,23.878407
2026-09-03 15:00:00+02:00,26.087,5.904439,14.04,0.0,0.0,43940.0,4.2990294,20.864775
2026-09-03 16:00:00+02:00,26.536999,8.669949,11.5199995,0.0,0.0,48320.0,6.198138,21.230852
2026-09-03 17:00:00+02:00,26.587,5.904439,13.32,0.0,0.0,52760.0,5.8357587,24.175043
2026-09-03 18:00:00+02:00,26.237,5.4477882,11.159999,0.0,0.0,51260.0,9.394418,26.392084
2026-09-03 19:00:00+02:00,24.987,3.8939953,9.72,0.0,0.0,46320.0,7.7468357,28.966991
2026-09-03 20:00:00+02:00,22.337,3.6179552,5.3999996,0.0,0.0,45880.0,8.377872,27.338541
2026-09-03 21:00:00+02:00,16.786999,4.510787,8.28,0.0,0.0,36900.0,5.506198,31.600355
2026-09-03 22:00:00+02:00,15.187,3.0758414,6.8399997,0.0,0.0,29700.0,2.278481,32.47814
2026-09-03 23:00:00+02:00,15.137,3.7585104,4.68,0.0,0.0,29020.0,7.3053656,29.435349
2026-09-04 00:00:00+02:00,15.237,3.7585104,6.4799995,0.0,0.0,25400.0,5.195736,26.804882
2026-09-04 01:00:00+02:00,15.137,3.4152596,6.8399997,0.0,0.0,23360.0,0.4556962,26.804882
2026-09-04 02:00:00+02:00,13.437,2.968636,5.04,0.0,0.0,29860.0,5.3142853,26.776121
2026-09-04 03:00:00+02:00,13.037001,2.9024127,4.68,0.0,0.0,22780.0,6.1307654,23.846117
2026-09-04 04:00:00+02:00,13.737,2.1897945,4.68,0.0,0.0,19220.0,4.201311,24.333883
2026-09-04 05:00:00+02:00,12.887,3.4152596,2.8799999,0.0,0.0,20460.0,7.291139,23.298607
2026-09-04 06:00:00+02:00,12.537001,4.2136917,7.2,0.0,0.0,25680.0,9.15938,20.557856
2026-09-04 07:00:00+02:00,12.887,2.5455842,6.12,0.0,0.0,28440.0,10.638335,21.212698
2026-09-04 08:00:00+02:00,13.937,2.9024127,2.8799999,0.0,0.0,19920.0,10.118097,21.794956
2026-09-04 09:00:00+02:00,17.087,0.8049845,3.2399998,0.0,0.0,14960.0,13.285713,22.593443
2026-09-04 10:00:00+02:00,21.036999,2.6208394,5.3999996,0.0,0.0,36720.0,11.92671,23.716516
2026-09-04 11:00:00+02:00,22.637,0.71999997,6.12,0.0,0.0,39700.0,7.7602262,27.317396
2026-09-04 12:00:00+02:00,24.737,4.3498964,8.28,0.0,0.0,41460.0,5.094838,26.948227
2026-09-04 13:00:00+02:00,25.437,7.2,10.799999,0.0,0.0,41780.0,0.9113924,26.194279
2026-09-04 14:00:00+02:00,26.587,4.1046314,10.08,0.0,0.0,42120.0,1.8227848,32.77923
2026-09-04 15:00:00+02:00,27.536999,3.8268526,10.08,0.0,0.0,44520.0,4.0758705,36.767677
2026-09-04 16:00:00+02:00,28.036999,3.396233,7.2,0.0,0.0,44820.0,6.347113,38.87123
2026-09-04 17:00:00+02:00,28.387,1.9386592,6.4799995,0.0,0.0,44720.0,9.113924,39.06402
2026-09-04 18:00:00+02:00,27.786999,4.896529,7.92,0.0,0.0,43300.0,13.402427,39.45653
2026-09-04 19:00:00+02:00,26.087,4.0249224,9.36,0.0,0.0,42380.0,12.832521,41.493458
2026-09-04 20:00:00+02:00,22.737,4.829907,5.3999996,0.0,0.0,39540.0,11.85686,44.69827
2026-09-04 21:00:00+02:00,19.036999,4.896529,8.64,0.0,0.0,38360.0,14.69576,44.758564
2026-09-04 22:00:00+02:00,17.187,1.484318,7.92,0.0,0.0,37600.0,18.454288,39.90315
2026-09-04 23:00:00+02:00,18.036999,4.6800003,3.6,0.0,0.0,39100.0,15.587208,39.806484
2026-09-05 00:00:00+02:00,17.487,3.0758414,6.4799995,0.0,0.0,38500.0,9.383359,46.914444
2026-09-05 01:00:00+02:00,18.087,3.319036,4.68,0.0,0.0,40220.0,11.419714,44.360855
2026-09-05 02:00:00+02:00,16.937,3.6179552,3.6,0.0,0.0,37160.0,11.096928,46.914444
2026-09-05 03:00:00+02:00,17.237,5.3517847,7.92,0.0,0.0,37740.0,8.84802,45.55202
2026-09-05 04:00:00+02:00,17.237,4.379589,7.92,0.0,0.0,31000.0,7.1182017,47.57901
2026-09-05 05:00:00+02:00,16.337,3.0547013,7.92,0.0,0.0,26100.0,4.57969,47.732605
2026-09-05 06:00:00+02:00,15.287001,0.35999998,4.32,0.0,0.0,28000.0,7.205189,43.889385
2026-09-05 07:00:00+02:00,17.036999,2.5455842,3.6,0.0,0.0,36380.0,6.572144,41.752625
2026-09-05 08:00:00+02:00,17.087,1.9386592,5.04,35.0,0.0,26260.0,3.2222586,39.142838
2026-09-05 09:00:00+02:00,19.036999,2.5455842,4.32,0.0,0.0,31680.0,6.835443,44.758564
2026-09-05 10:00:00+02:00,20.237,3.6179552,10.440001,0.0,0.0,38240.0,7.205189,41.437717
2026-09-05 11:00:00+02:00,23.237,1.5273507,8.28,0.0,0.0,39360.0,3.9200466,38.861317
2026-09-05 12:00:00+02:00,24.887,7.42159,13.32,0.0,0.0,40580.0,5.941551,41.419117
2026-09-05 13:00:00+02:00,25.437,12.864649,18.72,0.0,0.0,42220.0,6.1138062,40.502075
2026-09-05 14:00:00+02:00,26.387,12.218805,22.68,0.0,0.0,42240.0,8.402622,37.033905
2026-09-05 15:00:00+02:00,26.937,11.457958,21.599998,0.0,0.0,42720.0,14.482251,29.702448
2026-09-05 16:00:00+02:00,27.137,9.693296,20.16,0.0,0.0,44520.0,12.767628,26.098505
2026-09-05 17:00:00+02:00,27.286999,11.503113,17.28,0.0,0.0,43320.0,10.974618,26.869482
2026-09-05 18:00:00+02:00,27.036999,7.8625183,19.08,0.0,0.0,42500.0,8.706063,28.612377
2026-09-05 19:00:00+02:00,25.937,6.989936,12.599999,0.0,0.0,41760.0,9.394418,32.990105
2026-09-05 20:00:00+02:00,24.137,3.396233,11.5199995,4.0,0.0,40660.0,9.482423,32.990105
2026-09-05 21:00:00+02:00,19.937,3.0758414,6.8399997,31.0,0.0,34600.0,7.0743074,35.54769
2026-09-05 22:00:00+02:00,18.937,3.9763298,6.8399997,14.0,0.0,35620.0,6.3960004,33.568924
2026-09-05 23:00:00+02:00,19.286999,3.96,6.12,45.0,0.0,35860.0,5.487309,30.710028
2026-09-06 00:00:00+02:00,18.286999,4.379589,6.8399997,25.0,0.0,35180.0,2.7718916,28.853722
2026-09-06 01:00:00+02:00,17.487,2.968636,6.8399997,2.0,0.0,32600.0,1.3670886,26.89098
2026-09-06 02:00:00+02:00,16.487,3.2599385,4.68,0.0,0.0,30880.0,1.3670886,26.304356
2026-09-06 03:00:00+02:00,16.837,3.4152596,3.96,0.0,0.0,36300.0,2.9178793,26.740126
2026-09-06 04:00:00+02:00,16.687,2.968636,5.3999996,0.0,0.0,34880.0,2.0379353,26.105885
2026-09-06 05:00:00+02:00,15.887,3.219938,3.96,0.0,0.0,32320.0,2.8820758,23.757093
2026-09-06 06:00:00+02:00,15.087001,2.52,5.3999996,0.0,0.0,31520.0,3.286072,19.171173
2026-09-06 07:00:00+02:00,15.437,1.0182338,2.8799999,0.0,0.0,25660.0,3.757767,15.11478
2026-09-06 08:00:00+02:00,16.286999,1.9386592,1.4399999,0.0,0.0,27820.0,6.895935,11.189642
2026-09-06 09:00:00+02:00,17.786999,2.16,4.68,0.0,0.0,30480.0,5.468354,15.95788
2026-09-06 10:00:00+02:00,20.137,2.16,4.68,0.0,0.0,32840.0,5.195736,17.31268
2026-09-06 11:00:00+02:00,22.437,3.6,5.7599998,0.0,0.0,37440.0,5.941551,17.555754
2026-09-06 12:00:00+02:00,24.286999,6.1305785,11.159999,0.0,0.0,40200.0,4.323114,19.598463
2026-09-06 13:00:00+02:00,25.036999,8.714677,11.5199995,0.0,0.0,39700.0,2.278481,20.482758
2026-09-06 14:00:00+02:00,25.937,7.4128532,11.5199995,0.0,0.0,41140.0,1.0189676,24.710932
2026-09-06 15:00:00+02:00,26.786999,8.209263,14.759999,0.0,0.0,41320.0,2.734177,29.999285
2026-09-06 16:00:00+02:00,27.286999,7.24486,14.759999,0.0,0.0,41820.0,3.1898732,33.866
2026-09-06 17:00:00+02:00,27.036999,6.12,12.959999,0.0,0.0,41920.0,1.8227848,36.11219
2026-09-06 18:00:00+02:00,26.887,4.379589,10.799999,0.0,0.0,42020.0,2.453999,34.18304
2026-09-06 19:00:00+02:00,26.087,2.9024127,7.92,0.0,0.0,41340.0,1.643036,35.812233
2026-09-06 20:00:00+02:00,23.286999,0.71999997,5.3999996,0.0,0.0,39520.0,6.6350365,32.042255
2026-09-06 21:00:00+02:00,20.187,4.68,7.5599995,0.0,0.0,39140.0,5.8357587,28.753408
2026-09-06 22:00:00+02:00,18.437,3.7585104,7.5599995,0.0,0.0,27600.0,6.3960004,23.463383
2026-09-06 23:00:00+02:00,17.137,2.8799999,5.7599998,0.0,0.0,27320.0,6.3960004,16.884583
2026-09-07 00:00:00+02:00,18.737,4.6938252,6.12,0.0,0.0,29620.0,5.709857,16.102081
2026-09-07 01:00:00+02:00,18.036999,3.7585104,8.28,0.0,0.0,33380.0,7.418196,14.490146
2026-09-07 02:00:00+02:00,16.187,3.9763298,6.4799995,0.0,0.0,37640.0,9.294415,11.776757
2026-09-07 03:00:00+02:00,15.837001,2.1897945,6.12,0.0,0.0,35840.0,9.079681,15.152965
2026-09-07 04:00:00+02:00,17.887,2.1897945,5.3999996,0.0,0.0,23280.0,8.402622,24.151127
2026-09-07 05:00:00+02:00,15.587001,2.5959969,13.32,0.0,0.0,18480.0,10.725815,29.702448
2026-09-07 06:00:00+02:00,18.137,6.4096174,21.24,0.0,0.1,20420.0,4.1265044,41.405163
2026-09-07 07:00:00+02:00,18.286999,5.8048253,14.04,0.0,0.0,22940.0,13.670886,32.58473
2026-09-07 08:00:00+02:00,18.387,3.8268526,12.24,0.0,0.6,27560.0,17.772152,40.110195
2026-09-07 09:00:00+02:00,20.087,5.8603754,9.36,0.0,0.0,15640.0,8.253009,33.59187
2026-09-07 10:00:00+02:00,22.837,6.3690495,17.28,0.0,0.0,37800.0,20.802917,46.381756
2026-09-07 11:00:00+02:00,26.087,3.5455887,17.28,0.0,0.0,41800.0,17.507277,38.52778
2026-09-07 12:00:00+02:00,26.937,6.9153743,12.599999,0.0,0.0,41380.0,9.113924,38.712326
2026-09-07 13:00:00+02:00,28.036999,2.52,11.159999,0.0,0.0,41380.0,4.844117,39.59299
2026-09-07 14:00:00+02:00,29.337,1.835647,7.2,0.0,0.0,43040.0,4.2990294,37.86207
2026-09-07 15:00:00+02:00,30.937,7.5685663,13.32,0.0,0.0,43260.0,11.848101,33.269196
2026-09-07 16:00:00+02:00,31.337,7.10031,16.199999,0.0,0.0,43900.0,9.227144,32.490005
2026-09-07 17:00:00+02:00,31.036999,7.9526596,14.04,0.0,0.0,44900.0,11.474137,36.877533
2026-09-07 18:00:00+02:00,29.987,6.4096174,15.84,0.0,0.0,43820.0,7.291139,27.875805
2026-09-07 19:00:00+02:00,28.036999,3.219938,9.72,0.0,0.0,41760.0,5.993747,30.722569
2026-09-07 20:00:00+02:00,24.137,3.671294,5.7599998,0.0,0.0,39420.0,5.0333285,29.954306
2026-09-07 21:00:00+02:00,20.887,5.1165614,9.0,0.0,0.0,40760.0,3.2222586,25.816511
2026-09-07 22:00:00+02:00,20.087,3.671294,8.64,0.0,0.0,40820.0,4.6916795,25.816511
2026-09-07 23:00:00+02:00,19.487,5.6002855,6.4799995,0.0,0.0,39920.0,5.0333285,30.204062
2026-09-08 00:00:00+02:00,18.687,4.0249224,8.28,0.0,0.0,38960.0,10.280973,36.53116
2026-09-08 01:00:00+02:00,18.837,4.6102495,7.92,0.0,0.0,39680.0,7.866535,35.531433
2026-09-08 02:00:00+02:00,18.737,4.8433046,7.92,0.0,0.0,38720.0,10.280973,32.204163
2026-09-08 03:00:00+02:00,18.786999,3.396233,9.0,0.0,0.0,39040.0,8.253009,36.919296
2026-09-08 04:00:00+02:00,17.587,3.096837,6.4799995,0.0,0.0,36160.0,7.971428,35.029118
2026-09-08 05:00:00+02:00,16.637,2.6208394,4.68,0.0,0.0,31920.0,10.240498,40.28271
2026-09-08 06:00:00+02:00,16.637,4.6938252,7.92,0.0,0.0,28860.0,13.941624,40.98432
2026-09-08 07:00:00+02:00,16.036999,3.671294,7.2,0.0,0.0,26920.0,13.057107,42.520634
2026-09-08 08:00:00+02:00,16.137,3.219938,5.3999996,0.0,0.0,17380.0,13.594724,49.78689
2026-09-08 09:00:00+02:00,19.137,2.3051248,4.68,46.0,0.0,1480.0,14.243696,53.900024
2026-09-08 10:00:00+02:00,23.387,2.2768397,4.68,0.0,0.0,39440.0,17.352394,56.741352
2026-09-08 11:00:00+02:00,25.337,2.2768397,6.8399997,0.0,0.0,39620.0,19.338923,57.670715
2026-09-08 12:00:00+02:00,29.286999,3.7585104,9.0,0.0,0.0,42500.0,21.991768,57.362606
2026-09-08 13:00:00+02:00,29.837,9.511088,16.919998,0.0,0.0,42240.0,21.783041,56.5407
2026-09-08 14:00:00+02:00,31.337,15.496736,18.72,0.0,0.0,44300.0,11.926711,67.680786
2026-09-08 15:00:00+02:00,31.937,15.463246,28.8,0.0,0.0,44780.0,14.075039,65.80482
2026-09-08 16:00:00+02:00,31.937,10.105681,24.84,0.0,0.0,44720.0,19.568422,65.24626
2026-09-08 17:00:00+02:00,30.237,10.990322,21.24,0.0,0.0,42360.0,13.152184,63.58964
2026-09-08 18:00:00+02:00,28.937,6.638072,22.68,0.0,0.1,42420.0,15.044876,55.7447
2026-09-08 19:00:00+02:00,25.387,5.0911684,13.679999,0.0,0.0,39140.0,32.53684,59.61206
2026-09-08 20:00:00+02:00,21.437,4.73506,15.4800005,0.0,0.0,37640.0,45.40756,55.43283
2026-09-08 21:00:00+02:00,21.536999,7.69592,18.359999,0.0,0.0,38780.0,37.3782,54.634792
2026-09-08 22:00:00+02:00,20.587,3.6,28.08,12.0,0.0,35220.0,24.700247,52.509754
2026-09-08 23:00:00+02:00,19.937,9.793058,21.599998,57.0,0.4,31020.0,8.561753,45.81766
2026-09-09 00:00:00+02:00,20.387,15.546833,35.64,83.0,0.2,37900.0,10.754816,47.69627
2026-09-09 01:00:00+02:00,19.036999,3.319036,13.679999,0.0,0.0,28820.0,6.572144,51.352455
2026-09-09 02:00:00+02:00,17.937,11.183201,9.0,65.0,0.0,15760.0,22.514343,46.435715
2026-09-09 03:00:00+02:00,18.187,6.2145634,20.519999,20.0,0.6,32200.0,13.144288,54.408676
2026-09-09 04:00:00+02:00,17.137,2.5455842,12.599999,53.0,0.0,15480.0,10.411436,50.668957
2026-09-09 05:00:00+02:00,16.536999,3.8939953,8.28,61.0,0.0,23340.0,5.468354,52.700165
2026-09-09 06:00:00+02:00,15.837001,4.6102495,7.92,0.0,0.0,16920.0,12.379514,61.975784
2026-09-09 07:00:00+02:00,15.537001,2.8116899,5.04,24.0,0.0,12960.0,9.7416725,52.509754
2026-09-09 08:00:00+02:00,16.987,4.8433046,10.08,86.0,0.1,20940.0,8.36547,52.90446
2026-09-09 09:00:00+02:00,16.937,8.4042845,16.919998,97.0,0.2,19840.0,13.79187,40.387775
2026-09-09 10:00:00+02:00,17.087,12.4811535,19.08,77.0,8.2,5180.0,24.700247,22.353445
2026-09-09 11:00:00+02:00,15.837001,12.0694,29.16,63.0,4.4,18680.0,17.981243,21.759575
2026-09-09 12:00:00+02:00,16.087,8.209263,14.759999,71.0,0.9,26220.0,9.294415,23.065948
2026-09-09 13:00:00+02:00,15.887,7.5942082,14.4,46.0,1.6,7640.0,8.476439,27.289175
2026-09-09 14:00:00+02:00,15.937,6.6185193,15.4800005,68.0,1.1,26980.0,1.2889035,17.665136
2026-09-09 15:00:00+02:00,16.337,7.10031,12.599999,65.0,0.1,31680.0,2.8820758,5.2667265
2026-09-09 16:00:00+02:00,16.887,7.928178,12.959999,81.0,0.0,35520.0,5.993747,12.320337
2026-09-09 17:00:00+02:00,14.887,9.504272,14.759999,100.0,0.0,29600.0,18.027378,13.196042
2026-09-09 18:00:00+02:00,14.837001,7.072878,14.759999,100.0,0.0,28460.0,21.495146,10.027549
2026-09-09 19:00:00+02:00,14.887,5.506941,11.5199995,100.0,0.0,30020.0,21.42257,6.48019
2026-09-09 20:00:00+02:00,14.387,5.4119864,8.64,100.0,0.0,31460.0,21.359468,2.4827583
2026-09-09 21:00:00+02:00,14.187,3.396233,8.28,100.0,0.0,24760.0,19.57373,5.3031745
2026-09-09 22:00:00+02:00,14.187,3.0547013,5.7599998,91.0,0.0,21460.0,15.916782,5.6205835
2026-09-09 23:00:00+02:00,14.137,4.8433046,5.04,82.0,0.0,32020.0,13.701232,10.839878
2026-09-10 00:00:00+02:00,13.587001,2.1897945,9.0,81.0,0.0,25440.0,15.851416,14.922391
2026-09-10 01:00:00+02:00,13.487,3.8268526,6.4799995,73.0,0.0,23560.0,13.836966,11.241167
2026-09-10 02:00:00+02:00,13.937,2.2768397,5.04,49.0,0.0,31940.0,15.818631,16.71258
2026-09-10 03:00:00+02:00,13.087001,2.0991426,6.12,87.0,0.0,22420.0,11.830561,11.809426
2026-09-10 04:00:00+02:00,13.137,1.0182338,2.8799999,100.0,0.0,17020.0,12.759493,11.172413
2026-09-10 05:00:00+02:00,13.737,3.0758414,4.32,100.0,0.0,27940.0,10.391472,6.939521
2026-09-10 06:00:00+02:00,13.637,1.1384199,4.32,93.0,0.0,28320.0,5.993747,4.8477407
2026-09-10 07:00:00+02:00,13.237,1.08,2.8799999,78.0,0.0,19720.0,6.347113,4.3889384
2026-09-10 08:00:00+02:00,12.837001,1.609969,1.4399999,72.0,0.0,14880.0,6.347113,1.9627929
2026-09-10 09:00:00+02:00,13.837001,1.484318,4.32,82.0,0.0,26320.0,4.2990294,2.2379284
2026-09-10 10:00:00+02:00,14.837001,0.35999998,3.2399998,57.0,0.0,32780.0,3.5591009,6.113084
2026-09-10 11:00:00+02:00,16.187,4.829907,7.92,47.0,0.0,37140.0,2.7718916,7.948705
2026-09-10 12:00:00+02:00,17.187,5.506941,11.5199995,77.0,0.0,39300.0,8.36547,7.777219
2026-09-10 13:00:00+02:00,17.786999,3.0758414,11.159999,75.0,0.0,39680.0,13.670886,5.339374
2026-09-10 14:00:00+02:00,17.237,8.049845,10.799999,97.0,0.0,39240.0,14.236403,2.2379284
2026-09-10 15:00:00+02:00,17.637,4.6800003,14.759999,100.0,0.0,40000.0,20.019537,3.6192114
2026-09-10 16:00:00+02:00,17.487,5.315336,9.0,100.0,0.0,39420.0,18.6891,6.2068963
2026-09-10 17:00:00+02:00,17.786999,3.96,9.72,84.0,0.0,39660.0,19.978004,8.281033
2026-09-10 18:00:00+02:00,17.737,2.4149535,6.4799995,75.0,0.0,39660.0,18.733494,9.227215
2026-09-10 19:00:00+02:00,16.737,4.3349743,6.8399997,71.0,0.0,34380.0,21.398321,7.5764823
2026-09-10 20:00:00+02:00,16.237,4.5536795,7.92,89.0,0.0,38940.0,17.748766,13.152178
2026-09-10 21:00:00+02:00,15.837001,3.0758414,7.5599995,90.0,0.0,38700.0,13.340306,13.0492525
2026-09-10 22:00:00+02:00,15.437,2.9024127,5.7599998,100.0,0.0,36620.0,8.215179,11.103232
2026-09-10 23:00:00+02:00,15.037001,4.1046314,6.12,81.0,0.0,36500.0,12.636843,16.292364
2026-09-11 00:00:00+02:00,13.587001,2.6208394,6.12,71.0,0.0,30540.0,3.757767,22.593443
2026-09-11 01:00:00+02:00,13.137,2.968636,5.7599998,74.0,0.0,31840.0,7.0743074,19.62793
2026-09-11 02:00:00+02:00,13.237,1.835647,3.6,81.0,0.0,33920.0,6.330734,19.440569
2026-09-11 03:00:00+02:00,13.487,1.1384199,3.6,68.0,0.0,35200.0,2.8820758,20.331732
2026-09-11 04:00:00+02:00,12.037001,1.4399999,4.32,6.0,0.0,30560.0,1.8788835,23.789505
2026-09-11 05:00:00+02:00,11.187,2.1897945,5.7599998,55.0,0.0,27680.0,3.286072,15.566816
2026-09-11 06:00:00+02:00,11.937,3.319036,5.04,49.0,0.0,31900.0,3.5591009,17.290411
2026-09-11 07:00:00+02:00,11.087001,3.219938,6.12,23.0,0.0,25420.0,1.0189676,16.952896
2026-09-11 08:00:00+02:00,10.987,1.484318,4.68,30.0,0.0,26220.0,5.094838,15.11478
2026-09-11 09:00:00+02:00,12.887,1.2979984,4.32,31.0,0.0,20240.0,2.278481,15.329903
2026-09-11 10:00:00+02:00,14.887,0.35999998,6.12,54.0,0.0,31700.0,2.6571426,11.858258
2026-09-11 11:00:00+02:00,16.737,2.3051248,6.8399997,0.0,0.0,36560.0,6.7744107,9.494725
2026-09-11 12:00:00+02:00,18.237,4.8433046,8.64,0.0,0.0,38680.0,5.993747,14.714402
2026-09-11 13:00:00+02:00,19.637,8.12197,11.5199995,0.0,0.0,40620.0,6.7744107,16.884583
2026-09-11 14:00:00+02:00,20.637,9.290511,16.56,0.0,0.0,41520.0,6.6350365,16.13793
2026-09-11 15:00:00+02:00,21.237,11.841756,16.919998,0.0,0.0,41800.0,7.205189,14.714402
2026-09-11 16:00:00+02:00,21.536999,9.387651,16.919998,0.0,0.0,42100.0,6.9559,15.266946
2026-09-11 17:00:00+02:00,21.536999,8.891343,17.28,0.0,0.0,41840.0,6.9559,11.545494
2026-09-11 18:00:00+02:00,21.286999,5.6233797,15.84,0.0,0.0,42060.0,6.895935,9.695481
2026-09-11 19:00:00+02:00,20.387,3.219938,9.36,0.0,0.0,41260.0,11.419714,7.499821
2026-09-11 20:00:00+02:00,16.737,4.32,8.28,0.0,0.0,39020.0,14.674548,3.1649084
2026-09-11 21:00:00+02:00,13.687,3.9763298,7.92,0.0,0.0,34560.0,10.411436,3.1034482
2026-09-11 22:00:00+02:00,13.037001,2.968636,5.7599998,0.0,0.0,34240.0,8.377872,5.00416
2026-09-11 23:00:00+02:00,12.687,2.9024127,5.04,0.0,0.0,34300.0,6.6350365,3.9255857
2026-09-12 00:00:00+02:00,12.437,3.4152596,4.68,19.0,0.0,35140.0,7.3619976,2.2379284
2026-09-12 01:00:00+02:00,12.737,3.4152596,5.04,50.0,0.0,37700.0,7.7468357,2.775808
2026-09-12 02:00:00+02:00,12.487,2.968636,5.7599998,74.0,0.0,36440.0,3.67394,4.475857
2026-09-12 03:00:00+02:00,11.787001,3.319036,5.04,24.0,0.0,30600.0,3.6455696,8.068965
2026-09-12 04:00:00+02:00,11.137,2.2768397,5.04,0.0,0.0,29780.0,6.7744107,9.6356945
2026-09-12 05:00:00+02:00,10.437,2.4149535,3.6,38.0,0.0,33500.0,3.89347,8.1638975
2026-09-12 06:00:00+02:00,10.937,2.6208394,4.32,0.0,0.0,34580.0,6.524576,6.48019
2026-09-12 07:00:00+02:00,9.787001,4.68,7.2,0.0,0.0,29500.0,6.9559,7.0769506
2026-09-12 08:00:00+02:00,10.587001,3.0758414,6.4799995,0.0,0.0,29080.0,6.1307654,5.855574
2026-09-12 09:00:00+02:00,13.337001,0.8049845,4.32,0.0,0.0,21420.0,6.7744107,9.392738
2026-09-12 10:00:00+02:00,16.387,1.9386592,7.2,0.0,0.0,36180.0,8.36547,9.494725
2026-09-12 11:00:00+02:00,18.137,2.8116899,9.0,0.0,0.0,39600.0,5.195736,9.392738
2026-09-12 12:00:00+02:00,19.687,4.829907,6.8399997,0.0,0.0,40820.0,2.278481,7.5510154
2026-09-12 13:00:00+02:00,20.587,11.183201,15.119999,0.0,0.0,40660.0,4.488087,6.2068963
2026-09-12 14:00:00+02:00,21.737,8.699793,15.4800005,0.0,0.0,41380.0,7.418196,6.2068963
2026-09-12 15:00:00+02:00,22.437,9.178235,14.04,0.0,0.0,41120.0,6.940957,6.2378535
2026-09-12 16:00:00+02:00,22.987,8.78872,15.84,0.0,0.0,41900.0,8.151741,5.5862064
2026-09-12 17:00:00+02:00,23.137,7.491114,18.72,0.0,0.0,42120.0,9.580463,6.2378535
2026-09-12 18:00:00+02:00,22.786999,3.396233,12.959999,0.0,0.0,41760.0,12.767628,6.8275857
2026-09-12 19:00:00+02:00,21.687,3.6,5.7599998,0.0,0.0,40980.0,11.419714,8.281033
2026-09-12 20:00:00+02:00,18.286999,4.379589,7.92,0.0,0.0,39520.0,12.030725,11.41124
2026-09-12 21:00:00+02:00,14.937,3.6,7.92,0.0,0.0,31400.0,11.208644,11.189641
2026-09-12 22:00:00+02:00,13.787001,2.5455842,5.3999996,0.0,0.0,27820.0,4.1265044,17.478779
2026-09-12 23:00:00+02:00,13.537001,1.9386592,4.32,0.0,0.0,34920.0,1.643036,16.433628
2026-09-13 00:00:00+02:00,12.837001,3.7585104,5.04,0.0,0.0,39020.0,2.3236039,13.093462
2026-09-13 01:00:00+02:00,13.537001,3.6,6.4799995,0.0,0.0,34900.0,3.3175182,12.413793
2026-09-13 02:00:00+02:00,11.987,3.5455887,5.7599998,0.0,0.0,35100.0,1.4410379,12.5526705
2026-09-13 03:00:00+02:00,11.937,2.2768397,5.3999996,0.0,0.0,33940.0,2.3236039,14.609298
2026-09-13 04:00:00+02:00,11.987,3.319036,4.32,0.0,0.0,37480.0,1.8788835,14.396789
2026-09-13 05:00:00+02:00,11.687,3.2599385,4.68,0.0,0.0,35420.0,2.6571426,14.490146
2026-09-13 06:00:00+02:00,11.637,2.9024127,4.68,0.0,0.0,36320.0,3.0569031,13.879042
2026-09-13 07:00:00+02:00,11.087001,1.9386592,4.68,0.0,0.0,33240.0,2.3236039,13.398848
2026-09-13 08:00:00+02:00,11.887,2.9024127,3.96,0.0,0.0,31420.0,3.89347,16.11404
2026-09-13 09:00:00+02:00,14.687,1.08,4.32,0.0,0.0,23780.0,3.9200466,14.003396
2026-09-13 10:00:00+02:00,17.437,1.8,5.04,0.0,0.0,34280.0,4.0758705,15.824542
2026-09-13 11:00:00+02:00,19.487,6.3690495,6.12,0.0,0.0,37900.0,2.3236039,13.6692705
2026-09-13 12:00:00+02:00,20.737,6.151683,11.159999,0.0,0.0,40460.0,3.757767,13.6692705
2026-09-13 13:00:00+02:00,21.987,4.802999,8.28,0.0,0.0,40840.0,3.286072,15.529648
2026-09-13 14:00:00+02:00,22.937,8.587338,12.599999,0.0,0.0,41740.0,6.198138,14.275861
2026-09-13 15:00:00+02:00,23.687,4.6102495,17.64,0.0,0.0,42300.0,7.34788,16.185604
2026-09-13 16:00:00+02:00,24.087,6.4096174,11.5199995,0.0,0.0,42040.0,10.401459,12.4293
2026-09-13 17:00:00+02:00,23.837,2.0991426,11.879999,0.0,0.0,42160.0,10.974618,18.26558
2026-09-13 18:00:00+02:00,23.587,2.4149535,5.7599998,0.0,0.0,42140.0,8.84802,20.055098
2026-09-13 19:00:00+02:00,22.237,4.3349743,7.92,0.0,0.0,41220.0,10.599223,19.832952
2026-09-13 20:00:00+02:00,19.487,3.6179552,7.2,0.0,0.0,41140.0,11.501252,13.879042
2026-09-13 21:00:00+02:00,15.787001,4.2136917,8.28,0.0,0.0,25900.0,14.067659,15.861018
2026-09-13 22:00:00+02:00,15.487,5.771239,7.5599995,0.0,0.0,35600.0,8.800955,23.422297
2026-09-13 23:00:00+02:00,15.437,6.130579,6.8399997,0.0,0.0,38900.0,14.878324,23.878407
2026-09-14 00:00:00+02:00,16.737,4.0249224,7.2,0.0,0.0,39360.0,6.940957,23.59437
2026-09-14 01:00:00+02:00,16.087,2.5455842,7.2,0.0,0.0,38860.0,3.2222586,24.554531
2026-09-14 02:00:00+02:00,14.687,3.0758414,6.4799995,0.0,0.0,35700.0,6.9559,33.176426
2026-09-14 03:00:00+02:00,15.237,2.0364676,3.6,0.0,0.0,38460.0,8.215179,33.269196
2026-09-14 04:00:00+02:00,15.137,1.484318,2.52,14.0,0.0,38420.0,7.3053656,29.507248
2026-09-14 05:00:00+02:00,14.437,3.396233,3.2399998,7.0,0.0,36340.0,8.21518,25.92076
2026-09-14 06:00:00+02:00,13.787001,3.096837,3.96,0.0,0.0,31920.0,5.562481,27.401884
2026-09-14 07:00:00+02:00,13.387,3.319036,4.32,0.0,0.0,30840.0,2.0379353,27.875805
2026-09-14 08:00:00+02:00,14.337001,2.2768397,3.96,0.0,0.0,30240.0,6.524576,28.612377
2026-09-14 09:00:00+02:00,17.237,2.0991426,3.2399998,0.0,0.0,34020.0,6.524576,27.422962
2026-09-14 10:00:00+02:00,19.237,1.484318,3.6,0.0,0.0,37000.0,4.57969,28.178215
2026-09-14 11:00:00+02:00,20.887,2.52,5.7599998,0.0,0.0,39860.0,5.195736,25.478535
2026-09-14 12:00:00+02:00,22.337,2.5959969,6.4799995,0.0,0.0,40620.0,4.57969,21.679756
2026-09-14 13:00:00+02:00,23.737,5.0142193,9.36,0.0,0.0,41020.0,6.9559,19.28138
2026-09-14 14:00:00+02:00,24.786999,6.6185193,14.4,0.0,0.0,41380.0,9.045312,21.330421
2026-09-14 15:00:00+02:00,25.637,6.379216,12.24,0.0,0.0,40540.0,8.987734,17.245792
2026-09-14 16:00:00+02:00,25.887,6.297428,14.759999,0.0,0.0,40760.0,13.776805,10.551724
2026-09-14 17:00:00+02:00,26.237,5.692099,11.5199995,0.0,0.0,41500.0,16.512308,9.813965
2026-09-14 18:00:00+02:00,25.837,3.0758414,9.72,0.0,0.0,41560.0,13.464261,6.8275857
2026-09-14 19:00:00+02:00,24.887,2.9024127,5.04,0.0,0.0,41000.0,14.155951,10.998648
2026-09-14 20:00:00+02:00,21.337,5.0142193,6.4799995,0.0,0.0,40540.0,8.151741,17.555754
2026-09-14 21:00:00+02:00,19.637,2.5455842,7.92,0.0,0.0,39400.0,4.323114,17.478779
2026-09-14 22:00:00+02:00,17.687,2.4149535,3.6,0.0,0.0,38400.0,2.7718916,16.149862
2026-09-14 23:00:00+02:00,16.937,2.5455842,4.32,0.0,0.0,37360.0,2.278481,17.077427
2026-09-15 00:00:00+02:00,15.937,3.319036,5.7599998,0.0,0.0,36240.0,0.64445174,15.909525
2026-09-15 01:00:00+02:00,15.687,2.968636,5.04,0.0,0.0,35740.0,2.453999,13.948265
2026-09-15 02:00:00+02:00,15.187,2.9024127,4.32,0.0,0.0,34300.0,4.201311,10.998648
2026-09-15 03:00:00+02:00,14.937,2.52,4.68,0.0,0.0,32940.0,3.2222586,9.331011
2026-09-15 04:00:00+02:00,14.537001,3.2599385,5.04,0.0,0.0,29720.0,3.4704785,12.96038
2026-09-15 05:00:00+02:00,14.337001,4.198285,5.04,0.0,0.0,30980.0,8.402622,14.922391
2026-09-15 06:00:00+02:00,14.937,3.8268526,7.2,0.0,0.0,34220.0,10.280973,17.665136
2026-09-15 07:00:00+02:00,14.637,0.35999998,5.04,0.0,0.0,35420.0,10.667574,15.216393
2026-09-15 08:00:00+02:00,14.937,1.9386592,2.52,0.0,0.0,35960.0,11.392405,11.172413
2026-09-15 09:00:00+02:00,17.237,0.5091169,3.2399998,0.0,0.0,36080.0,9.7416725,8.886923
2026-09-15 10:00:00+02:00,19.187,1.8,5.04,0.0,0.0,38240.0,6.850616,8.777877
2026-09-15 11:00:00+02:00,21.637,3.4152596,6.4799995,0.0,0.0,39820.0,5.094838,8.350525
2026-09-15 12:00:00+02:00,23.437,5.6002855,9.72,0.0,0.0,40920.0,4.488087,8.622896
2026-09-15 13:00:00+02:00,24.737,4.6938257,10.799999,0.0,0.0,41140.0,6.572144,7.5510154
2026-09-15 14:00:00+02:00,25.587,5.8603754,12.599999,0.0,0.0,41760.0,6.524576,9.227215
2026-09-15 15:00:00+02:00,26.036999,9.449572,15.119999,0.0,0.0,42380.0,5.941551,10.857635
2026-09-15 16:00:00+02:00,26.286999,7.754637,16.56,0.0,0.0,42660.0,7.20519,10.98112
2026-09-15 17:00:00+02:00,26.536999,2.0364676,13.32,0.0,0.0,42120.0,9.666777,8.068965
2026-09-15 18:00:00+02:00,26.337,3.6,6.12,0.0,0.0,41920.0,10.725815,6.113084
2026-09-15 19:00:00+02:00,24.837,4.452954,9.0,0.0,0.0,41180.0,11.474137,13.326771
2026-09-15 20:00:00+02:00,21.587,4.802999,6.8399997,0.0,0.0,39880.0,8.706063,20.66067
2026-09-15 21:00:00+02:00,19.237,4.6938252,8.28,0.0,0.0,38600.0,7.78694,24.710932
2026-09-15 22:00:00+02:00,18.536999,4.73506,7.5599995,0.0,0.0,39340.0,8.11344,33.08922
2026-09-15 23:00:00+02:00,18.237,2.968636,7.5599995,0.0,0.0,39880.0,9.045312,28.266945
2026-09-16 00:00:00+02:00,17.737,4.3498964,6.4799995,0.0,0.0,39540.0,8.476439,26.660769
2026-09-16 01:00:00+02:00,17.487,3.6179552,6.4799995,0.0,0.0,39520.0,6.572144,26.370178
2026-09-16 02:00:00+02:00,17.387,4.8433046,5.04,0.0,0.0,37980.0,6.198138,25.334478
2026-09-16 03:00:00+02:00,16.987,3.396233,7.92,0.0,0.0,37620.0,5.8357587,25.868687
2026-09-16 04:00:00+02:00,16.187,2.6208394,4.68,0.0,0.0,35700.0,5.094838,25.136015
2026-09-16 05:00:00+02:00,16.536999,3.6,4.68,0.0,0.0,36720.0,2.577807,28.006792
2026-09-16 06:00:00+02:00,15.987,3.8773184,6.4799995,0.0,0.0,31700.0,4.556962,21.438515
2026-09-16 07:00:00+02:00,16.536999,3.0547013,5.7599998,0.0,0.0,35420.0,6.0797453,17.489796
2026-09-16 08:00:00+02:00,16.887,8.287822,3.6,0.0,0.0,30100.0,12.889034,29.64402
2026-09-16 09:00:00+02:00,19.737,4.2136917,14.759999,0.0,0.0,37160.0,11.282507,26.304356
2026-09-16 10:00:00+02:00,22.687,2.8116899,5.7599998,0.0,0.0,40140.0,7.1182017,25.816511
2026-09-16 11:00:00+02:00,22.437,12.313894,26.64,0.0,0.0,33260.0,4.57969,23.190878
2026-09-16 12:00:00+02:00,22.286999,14.587776,25.56,80.0,0.0,37960.0,8.377872,25.334478
2026-09-16 13:00:00+02:00,21.337,7.968939,25.199999,83.0,0.5,8360.0,14.67455,24.238705
2026-09-16 14:00:00+02:00,20.437,2.4149535,20.880001,85.0,0.2,29060.0,16.303482,33.45972
2026-09-16 15:00:00+02:00,20.887,3.2599385,9.72,82.0,0.0,28260.0,13.4101715,36.64172
2026-09-16 16:00:00+02:00,20.786999,9.360001,19.08,73.0,0.0,37740.0,14.243696,36.64172
2026-09-16 17:00:00+02:00,18.187,5.00128,21.24,98.0,0.0,24060.0,8.598059,41.844795
2026-09-16 18:00:00+02:00,18.036999,6.130579,11.879999,84.0,0.2,26020.0,7.971428,41.973488
2026-09-16 19:00:00+02:00,17.337,6.8777895,17.28,92.0,0.2,36580.0,11.4288025,45.72086
2026-09-16 20:00:00+02:00,15.637,5.6233797,10.799999,100.0,0.0,34700.0,15.318443,34.491585
2026-09-16 21:00:00+02:00,15.087001,7.729527,14.04,100.0,0.3,35660.0,15.949366,36.15484
2026-09-16 22:00:00+02:00,14.487,3.671294,12.599999,100.0,0.1,34280.0,12.030725,34.430096
2026-09-16 23:00:00+02:00,13.787001,4.6938257,6.8399997,100.0,0.0,33260.0,15.284515,28.307802
2026-09-17 00:00:00+02:00,13.787001,1.835647,6.12,100.0,0.0,32040.0,13.402427,29.020142
2026-09-17 01:00:00+02:00,13.787001,4.198285,6.8399997,90.0,0.0,32440.0,12.84061,28.800266
2026-09-17 02:00:00+02:00,13.637,2.968636,5.7599998,68.0,0.0,29600.0,11.618018,33.93419
2026-09-17 03:00:00+02:00,13.487,2.52,6.4799995,64.0,0.0,27700.0,8.561753,33.338604
2026-09-17 04:00:00+02:00,13.137,2.0991426,5.7599998,41.0,0.0,26840.0,5.543783,27.289175
2026-09-17 05:00:00+02:00,12.537001,2.0364676,3.6,34.0,0.0,26240.0,6.47666,22.965515
2026-09-17 06:00:00+02:00,10.687,3.96,6.12,45.0,0.0,14780.0,4.6916795,18.042755
2026-09-17 07:00:00+02:00,9.587001,3.2599385,5.3999996,44.0,0.0,11280.0,5.094838,14.003396
2026-09-17 08:00:00+02:00,10.137,1.9386592,5.7599998,57.0,0.0,2260.0,2.0379353,9.813965
2026-09-17 09:00:00+02:00,13.037001,0.5091169,3.2399998,47.0,0.0,8020.0,1.0189676,9.695481
2026-09-17 10:00:00+02:00,14.987,2.7416782,5.7599998,25.0,0.0,28280.0,3.0569031,8.327425
2026-09-17 11:00:00+02:00,16.187,2.1897945,7.92,6.0,0.0,34260.0,4.6472077,7.5510154
2026-09-17 12:00:00+02:00,17.337,4.6938257,9.36,0.0,0.0,37100.0,6.850616,8.886923
2026-09-17 13:00:00+02:00,18.237,4.39436,10.08,0.0,0.0,39780.0,6.524576,10.839878
2026-09-17 14:00:00+02:00,19.237,2.4149535,8.64,0.0,0.0,41620.0,4.57969,15.517241
2026-09-17 15:00:00+02:00,19.887,3.0547013,7.5599995,0.0,0.0,41500.0,3.757767,14.609298
2026-09-17 16:00:00+02:00,19.637,7.10031,10.799999,0.0,0.0,41120.0,5.468354,13.879042
2026-09-17 17:00:00+02:00,19.337,5.5887027,12.599999,6.0,0.0,41120.0,7.0743074,13.739551
2026-09-17 18:00:00+02:00,18.487,6.989936,12.599999,0.0,0.0,40560.0,6.0797453,13.0492525
2026-09-17 19:00:00+02:00,17.187,5.692099,10.799999,29.0,0.0,40160.0,10.189676,14.289349
2026-09-17 20:00:00+02:00,15.237,4.896529,9.36,22.0,0.0,40540.0,11.254866,13.196042
2026-09-17 21:00:00+02:00,13.387,4.6800003,8.64,0.0,0.0,37480.0,6.572144,16.94153
2026-09-17 22:00:00+02:00,12.087001,3.6179552,7.2,0.0,0.0,29860.0,6.198138,18.096056
2026-09-17 23:00:00+02:00,12.487,3.6179552,5.3999996,0.0,0.0,29880.0,7.205189,18.423088
2026-09-18 00:00:00+02:00,12.287001,3.2599385,7.2,0.0,0.0,30680.0,5.9240503,18.0
2026-09-18 01:00:00+02:00,11.887,3.7585104,6.8399997,6.0,0.0,33620.0,4.9291077,20.632679
2026-09-18 02:00:00+02:00,11.437,3.2399998,5.3999996,0.0,0.0,28000.0,4.511162,21.96224
2026-09-18 03:00:00+02:00,10.687,3.6179552,6.12,0.0,0.0,23840.0,5.195736,25.470974
2026-09-18 04:00:00+02:00,11.437,3.671294,5.7599998,0.0,0.0,30940.0,9.17071,26.348255
2026-09-18 05:00:00+02:00,11.987,2.16,5.3999996,7.0,0.0,30900.0,5.562481,26.776121
2026-09-18 06:00:00+02:00,12.237,3.219938,5.04,0.0,0.0,31160.0,4.844117,27.225573
2026-09-18 07:00:00+02:00,11.687,1.08,5.04,2.0,0.0,29400.0,0.4556962,28.612377
2026-09-18 08:00:00+02:00,11.737,4.1046314,6.8399997,39.0,0.0,26360.0,5.3142853,22.041039
2026-09-18 09:00:00+02:00,13.937,2.0364676,6.12,20.0,0.0,29340.0,4.511162,22.788692
2026-09-18 10:00:00+02:00,15.487,3.0547013,5.7599998,0.0,0.0,31080.0,4.201311,20.265303
2026-09-18 11:00:00+02:00,17.437,1.0182338,5.7599998,3.0,0.0,38260.0,3.2222586,17.290411
2026-09-18 12:00:00+02:00,19.087,4.39436,8.64,0.0,0.0,40040.0,4.201311,13.739551
2026-09-18 13:00:00+02:00,19.937,9.085988,11.879999,6.0,0.0,40340.0,8.706063,10.839878
2026-09-18 14:00:00+02:00,20.837,13.004922,15.119999,19.0,0.0,42120.0,8.706063,10.678748
2026-09-18 15:00:00+02:00,20.987,11.983188,20.519999,27.0,0.0,42100.0,9.612922,15.517241
2026-09-18 16:00:00+02:00,21.137,11.298495,20.880001,38.0,0.0,43460.0,11.537306,15.152965
2026-09-18 17:00:00+02:00,21.187,8.473393,20.16,0.0,0.0,43000.0,10.831775,16.492132
2026-09-18 18:00:00+02:00,20.637,6.151683,14.04,0.0,0.0,42100.0,11.02182,15.517241
2026-09-18 19:00:00+02:00,19.387,5.692099,12.24,3.0,0.0,41540.0,12.159491,16.245003
2026-09-18 20:00:00+02:00,16.337,3.9763298,8.28,3.0,0.0,39700.0,9.227144,17.423588
2026-09-18 21:00:00+02:00,13.737,3.96,9.36,5.0,0.0,37080.0,7.3619976,14.490146
2026-09-18 22:00:00+02:00,13.237,2.0991426,6.12,7.0,0.0,37880.0,8.987734,12.194616
2026-09-18 23:00:00+02:00,12.537001,4.379589,7.2,26.0,0.0,35360.0,7.1182017,7.238423
2026-09-19 00:00:00+02:00,12.037001,3.219938,6.8399997,0.0,0.0,35000.0,3.757767,8.442291
2026-09-19 01:00:00+02:00,11.087001,2.8799999,5.3999996,0.0,0.0,30500.0,0.0,7.900089
2026-09-19 02:00:00+02:00,10.887,3.6179552,5.3999996,30.0,0.0,29900.0,4.0758705,4.475857
2026-09-19 03:00:00+02:00,10.837001,3.9763298,6.12,9.0,0.0,31340.0,3.1898732,3.9743526
2026-09-19 04:00:00+02:00,10.637,2.8799999,6.12,0.0,0.0,31540.0,3.2222586,4.7270317
2026-09-19 05:00:00+02:00,10.187,3.7585104,5.3999996,13.0,0.0,32060.0,3.3175182,3.9255857
2026-09-19 06:00:00+02:00,10.337001,3.9763298,6.12,15.0,0.0,30720.0,5.9240503,5.7224755
2026-09-19 07:00:00+02:00,9.687,2.6208394,5.7599998,0.0,0.0,29400.0,4.907998,5.855574
2026-09-19 08:00:00+02:00,9.937,3.2399998,4.32,0.0,0.0,28520.0,6.524576,7.948705
2026-09-19 09:00:00+02:00,12.687,1.8,5.7599998,0.0,0.0,26320.0,8.215179,8.777877
2026-09-19 10:00:00+02:00,16.536999,2.0364676,4.68,0.0,0.0,37120.0,11.618018,7.900089
2026-09-19 11:00:00+02:00,18.387,1.1384199,6.4799995,0.0,0.0,39940.0,10.189676,9.474416
2026-09-19 12:00:00+02:00,19.637,3.6,9.0,0.0,0.0,40640.0,6.6350365,8.327425
2026-09-19 13:00:00+02:00,20.536999,6.618519,8.64,0.0,0.0,40840.0,1.643036,6.939521
2026-09-19 14:00:00+02:00,20.887,9.1641035,13.679999,0.0,0.0,41080.0,4.907998,6.2378535
2026-09-19 15:00:00+02:00,21.837,5.8603754,12.24,0.0,0.0,41380.0,5.8000655,6.329817
2026-09-19 16:00:00+02:00,22.286999,5.1544156,11.879999,0.0,0.0,41380.0,8.151741,5.855574
2026-09-19 17:00:00+02:00,22.536999,2.968636,9.36,0.0,0.0,42400.0,9.784211,6.939521
2026-09-19 18:00:00+02:00,21.987,4.1046314,8.28,0.0,0.0,42000.0,9.994197,8.442291
2026-09-19 19:00:00+02:00,20.587,2.9024127,7.92,0.0,0.0,41200.0,6.940957,8.350525
2026-09-19 20:00:00+02:00,18.036999,3.8939953,5.04,0.0,0.0,40760.0,7.7468357,5.339374
2026-09-19 21:00:00+02:00,13.787001,2.9024127,7.5599995,0.0,0.0,34240.0,5.562481,4.7270317
2026-09-19 22:00:00+02:00,13.337001,3.671294,5.7599998,0.0,0.0,32460.0,3.757767,8.6452055
2026-09-19 23:00:00+02:00,12.837001,4.1046314,5.3999996,0.0,0.0,32360.0,1.0189676,7.677507
2026-09-20 00:00:00+02:00,12.937,3.2599385,4.32,0.0,0.0,37040.0,1.8227848,9.310345
2026-09-20 01:00:00+02:00,12.487,2.9024127,3.96,0.0,0.0,31900.0,3.757767,11.809426
2026-09-20 02:00:00+02:00,12.237,3.2599385,3.6,0.0,0.0,31000.0,1.643036,11.189642
2026-09-20 03:00:00+02:00,11.937,3.6,4.68,0.0,0.0,36040.0,4.201311,11.172413
2026-09-20 04:00:00+02:00,10.787001,2.52,4.32,0.0,0.0,33120.0,5.6366506,11.809426
2026-09-20 05:00:00+02:00,10.037001,1.1384199,3.2399998,0.0,0.0,29240.0,8.074956,12.413793
2026-09-20 06:00:00+02:00,10.487,2.5455842,2.52,0.0,0.0,31580.0,6.524576,15.628565
2026-09-20 07:00:00+02:00,10.887,1.2979984,3.2399998,0.0,0.0,31000.0,5.6366506,14.948187
2026-09-20 08:00:00+02:00,11.987,3.219938,3.6,0.0,0.0,33780.0,3.757767,20.47335
2026-09-20 09:00:00+02:00,13.737,1.1384199,3.96,0.0,0.0,24020.0,1.0189676,20.818563
2026-09-20 10:00:00+02:00,17.637,2.9024127,6.12,0.0,0.0,35980.0,2.0379353,22.284399
2026-09-20 11:00:00+02:00,19.487,0.35999998,4.32,0.0,0.0,39840.0,1.4410379,24.341797
2026-09-20 12:00:00+02:00,21.237,2.4149535,5.7599998,0.0,0.0,40600.0,1.8788835,20.818563
2026-09-20 13:00:00+02:00,22.536999,5.904439,10.08,0.0,0.0,41780.0,2.6571426,19.803793
2026-09-20 14:00:00+02:00,22.937,8.4963045,12.959999,0.0,0.0,41800.0,8.151741,18.91831
2026-09-20 15:00:00+02:00,23.587,6.489992,11.159999,0.0,0.0,42440.0,10.802979,18.877537
2026-09-20 16:00:00+02:00,23.937,2.7416782,14.04,0.0,0.0,43840.0,12.438086,25.051575
2026-09-20 17:00:00+02:00,23.286999,3.096837,7.2,0.0,0.0,43620.0,11.618018,23.716516
2026-09-20 18:00:00+02:00,22.437,2.0991426,5.3999996,0.0,0.0,41340.0,11.501252,25.113012
2026-09-20 19:00:00+02:00,20.337,2.5959969,6.8399997,0.0,0.0,42420.0,15.09311,28.531475
2026-09-20 20:00:00+02:00,16.637,4.452954,9.36,0.0,0.0,40360.0,11.419714,29.857687
2026-09-20 21:00:00+02:00,14.487,4.896529,7.92,0.0,0.0,36700.0,12.44643,28.531475
2026-09-20 22:00:00+02:00,13.837001,4.3498964,7.92,0.0,0.0,30360.0,9.580463,30.735107
2026-09-20 23:00:00+02:00,12.687,2.968636,6.4799995,0.0,0.0,37540.0,5.195736,29.980017
2026-09-21 00:00:00+02:00,12.487,3.563818,4.68,0.0,0.0,34840.0,3.286072,28.041162
2026-09-21 01:00:00+02:00,13.837001,3.096837,5.04,0.0,0.0,39280.0,5.709857,29.179014
2026-09-21 02:00:00+02:00,12.537001,4.0249224,5.7599998,0.0,0.0,37520.0,5.543783,25.994967
2026-09-21 03:00:00+02:00,12.087001,3.5455887,6.12,0.0,0.0,33160.0,10.240498,24.61721
2026-09-21 04:00:00+02:00,11.487,3.0758414,6.8399997,0.0,0.0,29120.0,7.866535,21.230852
2026-09-21 05:00:00+02:00,10.837001,2.9024127,3.96,0.0,0.0,28400.0,5.941551,22.898315
2026-09-21 06:00:00+02:00,11.487,2.8799999,4.32,0.0,0.0,28000.0,3.67394,21.103449
2026-09-21 07:00:00+02:00,11.337001,1.08,2.8799999,0.0,0.0,29080.0,5.9240503,22.499464
2026-09-21 08:00:00+02:00,10.737,3.8939953,3.96,0.0,0.0,29380.0,3.1898732,19.725824
2026-09-21 09:00:00+02:00,13.587001,1.609969,3.96,0.0,0.0,26240.0,2.734177,16.185604
2026-09-21 10:00:00+02:00,16.337,2.5455842,5.04,0.0,0.0,32280.0,1.643036,16.804535
2026-09-21 11:00:00+02:00,18.087,2.8116899,9.0,0.0,0.0,39680.0,3.67394,22.041037
2026-09-21 12:00:00+02:00,19.487,2.1897945,5.7599998,0.0,0.0,39660.0,3.3175182,21.076046
2026-09-21 13:00:00+02:00,20.786999,3.319036,7.5599995,0.0,0.0,40020.0,4.907998,21.794956
2026-09-21 14:00:00+02:00,21.837,4.3349743,7.92,0.0,0.0,41880.0,8.646228,23.397612
2026-09-21 15:00:00+02:00,22.536999,4.73506,9.36,0.0,0.0,41300.0,10.087265,19.271389
2026-09-21 16:00:00+02:00,22.887,4.0249224,10.440001,0.0,0.0,41160.0,13.456546,16.185604
2026-09-21 17:00:00+02:00,23.087,4.379589,7.2,0.0,0.0,41220.0,11.254866,21.103447
2026-09-21 18:00:00+02:00,22.187,3.0758414,8.28,0.0,0.0,40340.0,8.976174,22.353445
2026-09-21 19:00:00+02:00,20.737,3.0758414,5.04,0.0,0.0,37720.0,9.394418,24.214851
2026-09-21 20:00:00+02:00,17.837,2.8799999,5.3999996,0.0,0.0,37020.0,9.7416725,24.835342
2026-09-21 21:00:00+02:00,15.537001,1.2979984,4.68,11.0,0.0,32580.0,7.958391,22.422277
2026-09-21 22:00:00+02:00,14.887,2.9024127,3.96,6.0,0.0,35760.0,5.468354,22.284399
2026-09-21 23:00:00+02:00,14.387,2.6208394,4.32,8.0,0.0,34460.0,6.1138062,24.554531
2026-09-22 00:00:00+02:00,13.887,2.9024127,3.2399998,0.0,0.0,37000.0,4.2990294,27.225573
2026-09-22 01:00:00+02:00,13.287001,0.8049845,3.96,8.0,0.0,37120.0,2.9178793,29.435352
2026-09-22 02:00:00+02:00,12.687,2.9024127,2.8799999,55.0,0.0,34420.0,3.757767,30.87268
2026-09-22 03:00:00+02:00,12.087001,2.5455842,3.6,70.0,0.0,33060.0,3.2222586,31.65517
2026-09-22 04:00:00+02:00,11.637,2.4149535,3.96,63.0,0.0,32140.0,1.2889035,29.428804
2026-09-22 05:00:00+02:00,11.987,1.2979984,3.2399998,91.0,0.0,30900.0,1.643036,31.703814
2026-09-22 06:00:00+02:00,12.087001,1.8,3.96,82.0,0.0,31540.0,2.734177,31.806936
2026-09-22 07:00:00+02:00,11.337001,1.484318,3.96,63.0,0.0,27640.0,2.3236039,37.882412
2026-09-22 08:00:00+02:00,11.537001,2.0991426,4.32,62.0,0.0,27440.0,1.3670886,41.419117
2026-09-22 09:00:00+02:00,12.387,2.16,3.96,69.0,0.0,27320.0,3.8667102,40.68714
2026-09-22 10:00:00+02:00,14.787001,0.8049845,5.04,79.0,0.0,34260.0,2.453999,43.871822
2026-09-22 11:00:00+02:00,15.637,2.2768397,7.92,86.0,0.0,32380.0,0.9113924,48.086422
2026-09-22 12:00:00+02:00,17.036999,2.7416782,6.8399997,0.0,0.0,32920.0,2.453999,44.260868
2026-09-22 13:00:00+02:00,18.536999,5.0142193,10.440001,0.0,0.0,37680.0,7.7468357,40.01884
2026-09-22 14:00:00+02:00,19.587,3.9763298,10.08,0.0,0.0,40240.0,10.087265,42.755558
2026-09-22 15:00:00+02:00,20.837,4.072935,9.72,0.0,0.0,40920.0,12.84061,40.819485
2026-09-22 16:00:00+02:00,21.487,2.3051248,7.92,0.0,0.0,40980.0,12.694226,36.934944
2026-09-22 17:00:00+02:00,22.087,3.319036,5.04,0.0,0.0,41680.0,11.961482,38.04478
2026-09-22 18:00:00+02:00,21.687,2.968636,7.2,0.0,0.0,42000.0,11.987494,34.725353
2026-09-22 19:00:00+02:00,20.437,2.5959969,4.32,0.0,0.0,39840.0,9.612922,32.89655
2026-09-22 20:00:00+02:00,16.187,2.0991426,5.04,0.0,0.0,37740.0,11.474137,31.679502
2026-09-22 21:00:00+02:00,13.737,3.396233,5.7599998,0.0,0.0,36400.0,10.725815,28.578697
2026-09-22 22:00:00+02:00,12.737,2.9024127,5.04,0.0,0.0,37540.0,7.7602262,24.718725
2026-09-22 23:00:00+02:00,12.387,2.52,4.32,0.0,0.0,37260.0,2.577807,26.348255
2026-09-23 00:00:00+02:00,12.687,2.0991426,2.8799999,0.0,0.0,35620.0,5.487309,21.944693
2026-09-23 01:00:00+02:00,12.637,1.9386592,2.16,0.0,0.0,33800.0,6.444517,19.49005
2026-09-23 02:00:00+02:00,11.587001,1.0182338,2.8799999,0.0,0.0,34000.0,11.618018,17.566723
2026-09-23 03:00:00+02:00,11.587001,0.5091169,1.08,0.0,0.0,28640.0,10.667574,14.529971
2026-09-23 04:00:00+02:00,11.137,0.8049845,1.08,0.0,0.0,28280.0,12.694226,13.268828
2026-09-23 05:00:00+02:00,10.087001,1.2979984,1.4399999,0.0,0.0,22500.0,14.560902,13.093462
2026-09-23 06:00:00+02:00,9.837001,0.8049845,1.4399999,0.0,0.0,23080.0,15.148044,11.241167
2026-09-23 07:00:00+02:00,8.887,2.3051248,2.52,0.0,0.0,21240.0,13.152184,11.595439
2026-09-23 08:00:00+02:00,11.187,1.4399999,2.52,0.0,0.0,34940.0,11.715913,13.0492525
2026-09-23 09:00:00+02:00,11.537001,2.5455842,3.96,0.0,0.0,28540.0,9.612922,11.9230585
2026-09-23 10:00:00+02:00,13.887,1.08,5.04,0.0,0.0,30060.0,3.2222586,12.735487
2026-09-23 11:00:00+02:00,16.137,1.2979984,5.04,0.0,0.0,39460.0,3.1898732,13.196042
2026-09-23 12:00:00+02:00,17.786999,3.8773184,8.64,0.0,0.0,40360.0,5.8000655,13.196042
2026-09-23 13:00:00+02:00,19.187,6.4096174,11.159999,0.0,0.0,40520.0,6.7744107,13.196042
2026-09-23 14:00:00+02:00,20.087,4.072935,13.32,0.0,0.0,41480.0,8.987734,11.858258
2026-09-23 15:00:00+02:00,21.087,2.4149535,8.64,0.0,0.0,42420.0,6.444517,11.0510645
2026-09-23 16:00:00+02:00,21.937,3.0547013,7.2,0.0,0.0,42660.0,7.418196,11.711148
2026-09-23 17:00:00+02:00,21.887,1.8,6.8399997,0.0,0.0,42860.0,10.831774,14.714402
2026-09-23 18:00:00+02:00,21.786999,3.0547013,5.04,0.0,0.0,43060.0,8.377872,15.665498
2026-09-23 19:00:00+02:00,19.987,1.8,5.3999996,0.0,0.0,40900.0,7.78694,18.877537
2026-09-23 20:00:00+02:00,16.637,5.1919937,3.96,0.0,0.0,38440.0,10.955679,22.490902
2026-09-23 21:00:00+02:00,13.937,3.319036,9.0,0.0,0.0,35720.0,6.970812,23.099327
2026-09-23 22:00:00+02:00,13.137,3.2399998,7.2,0.0,0.0,37040.0,4.57969,27.479101
2026-09-23 23:00:00+02:00,12.637,4.379589,5.7599998,0.0,0.0,33380.0,8.513107,23.618853
2026-09-24 00:00:00+02:00,12.687,3.8268526,6.8399997,0.0,0.0,35720.0,2.0379353,26.71851
2026-09-24 01:00:00+02:00,12.387,2.9024127,6.12,0.0,0.0,35080.0,1.9333551,26.068964
2026-09-24 02:00:00+02:00,11.437,2.2768397,6.4799995,0.0,0.0,33960.0,1.8788835,24.405024
2026-09-24 03:00:00+02:00,11.587001,4.510787,6.8399997,0.0,0.0,36500.0,4.1265044,33.176426
2026-09-24 04:00:00+02:00,11.387,3.319036,5.04,0.0,0.0,30200.0,1.0189676,32.995945
2026-09-24 05:00:00+02:00,11.137,1.9386592,5.3999996,0.0,0.0,28100.0,4.6472077,39.927277
2026-09-24 06:00:00+02:00,10.337001,1.609969,4.68,0.0,0.0,29440.0,3.67394,38.472748
2026-09-24 07:00:00+02:00,11.337001,0.35999998,2.8799999,0.0,0.0,24120.0,1.4410379,36.678505
2026-09-24 08:00:00+02:00,11.687,3.8939953,2.52,0.0,0.0,26260.0,0.4556962,41.0829
2026-09-24 09:00:00+02:00,13.787001,1.2979984,3.96,0.0,0.0,31020.0,2.734177,38.04478
2026-09-24 10:00:00+02:00,14.987,1.08,3.96,0.0,0.0,31820.0,2.9178793,37.897663
2026-09-24 11:00:00+02:00,17.587,1.835647,5.3999996,0.0,0.0,39020.0,3.67394,36.15484
2026-09-24 12:00:00+02:00,19.187,1.8,8.28,0.0,0.0,39140.0,4.511162,34.413307
2026-09-24 13:00:00+02:00,21.187,1.1384199,7.5599995,0.0,0.0,40940.0,6.444517,33.367477
2026-09-24 14:00:00+02:00,21.737,3.319036,10.08,0.0,0.0,41160.0,8.95301,32.58473
2026-09-24 15:00:00+02:00,22.637,5.1165614,9.0,0.0,0.0,43100.0,6.524576,37.329205
2026-09-24 16:00:00+02:00,22.837,3.5455887,9.72,0.0,0.0,42840.0,7.78694,39.500446
2026-09-24 17:00:00+02:00,21.687,3.5455887,8.64,13.0,0.0,41860.0,8.074956,38.622658
2026-09-24 18:00:00+02:00,21.137,2.1897945,7.92,0.0,0.0,41940.0,11.02182,45.37831
2026-09-24 19:00:00+02:00,19.087,3.6179552,6.4799995,0.0,0.0,40340.0,10.677303,47.857544
2026-09-24 20:00:00+02:00,16.437,4.73506,7.92,0.0,0.0,39680.0,11.618018,49.69007
2026-09-24 21:00:00+02:00,12.987,4.1046314,7.5599995,0.0,0.0,33620.0,10.189676,55.67209
2026-09-24 22:00:00+02:00,13.037001,2.9024127,5.3999996,0.0,0.0,33020.0,4.6472077,54.76509
2026-09-24 23:00:00+02:00,13.937,2.16,6.4799995,0.0,0.0,39300.0,5.8357587,49.829433
2026-09-25 00:00:00+02:00,13.487,4.1046314,6.12,0.0,0.0,40000.0,7.34788,44.568798
2026-09-25 01:00:00+02:00,13.137,2.9024127,6.8399997,0.0,0.0,30900.0,7.800262,37.9789
2026-09-25 02:00:00+02:00,12.287001,3.2399998,5.3999996,0.0,0.0,32340.0,7.20519,36.668
2026-09-25 03:00:00+02:00,11.937,2.9024127,3.6,0.0,0.0,35840.0,4.757608,34.137928
2026-09-25 04:00:00+02:00,11.887,1.484318,3.6,0.0,0.0,38620.0,4.201311,33.51724
2026-09-25 05:00:00+02:00,11.387,3.2599385,4.68,2.0,0.0,31700.0,6.6350365,37.287903
2026-09-25 06:00:00+02:00,10.587001,4.3349743,6.8399997,0.0,0.0,29320.0,4.323114,32.902405
2026-09-25 07:00:00+02:00,10.537001,2.7416782,6.4799995,0.0,0.0,27440.0,3.3175182,30.024958
2026-09-25 08:00:00+02:00,10.037001,2.16,3.96,0.0,0.0,29800.0,1.8788835,29.793102
2026-09-25 09:00:00+02:00,11.737,1.2979984,2.16,0.0,0.0,31980.0,1.3670886,28.612377
2026-09-25 10:00:00+02:00,14.287001,1.2979984,3.6,0.0,0.0,27840.0,1.643036,27.993032
2026-09-25 11:00:00+02:00,16.087,2.9024127,5.04,0.0,0.0,35540.0,1.0189676,31.679502
2026-09-25 12:00:00+02:00,17.987,2.1897945,7.92,0.0,0.0,36980.0,1.0189676,32.89655
2026-09-25 13:00:00+02:00,19.487,3.319036,6.4799995,0.0,0.0,39260.0,3.0569031,29.896374
2026-09-25 14:00:00+02:00,20.036999,6.12,9.0,0.0,0.0,41000.0,6.47666,30.024958
2026-09-25 15:00:00+02:00,20.837,4.6800003,10.08,0.0,0.0,41720.0,10.331347,30.204062
2026-09-25 16:00:00+02:00,21.187,1.8,8.28,0.0,0.0,41360.0,13.525812,29.494188
2026-09-25 17:00:00+02:00,21.286999,1.5273507,4.32,0.0,0.0,40900.0,16.335295,31.312546
2026-09-25 18:00:00+02:00,20.786999,0.71999997,2.52,0.0,0.0,39980.0,17.536903,27.549112
2026-09-25 19:00:00+02:00,19.687,1.08,1.4399999,0.0,0.0,39140.0,17.123507,24.238705
2026-09-25 20:00:00+02:00,15.087001,4.73506,8.28,0.0,0.0,39600.0,12.694226,22.973904
2026-09-25 21:00:00+02:00,12.787001,3.4152596,7.2,0.0,0.0,27920.0,8.95301,20.49216
2026-09-25 22:00:00+02:00,12.537001,3.4152596,5.7599998,0.0,0.0,29580.0,6.6350365,16.804535
2026-09-25 23:00:00+02:00,11.187,2.9024127,4.68,0.0,0.0,35080.0,3.4704785,16.327795
2026-09-26 00:00:00+02:00,10.987,3.4152596,4.32,0.0,0.0,37440.0,1.643036,14.329733
2026-09-26 01:00:00+02:00,10.987,3.2599385,3.6,0.0,0.0,26540.0,1.8788835,13.0492525
2026-09-26 02:00:00+02:00,10.587001,2.9024127,3.6,0.0,0.0,28360.0,1.643036,11.444951
2026-09-26 03:00:00+02:00,10.687,3.6179552,3.6,0.0,0.0,24980.0,3.2222586,11.394346
2026-09-26 04:00:00+02:00,11.037001,2.5959969,3.96,0.0,0.0,23080.0,4.201311,10.857635
2026-09-26 05:00:00+02:00,11.287001,0.71999997,2.8799999,0.0,0.0,22160.0,3.89347,11.545494
2026-09-26 06:00:00+02:00,11.487,1.8,1.4399999,0.0,0.0,24340.0,3.89347,10.1040945
2026-09-26 07:00:00+02:00,10.937,1.609969,3.2399998,0.0,0.0,30380.0,4.757608,9.310345
2026-09-26 08:00:00+02:00,10.337001,1.1384199,2.52,0.0,0.0,29140.0,4.488087,10.180067
2026-09-26 09:00:00+02:00,12.187,1.08,2.8799999,0.0,0.0,14300.0,5.9240503,9.813965
2026-09-26 10:00:00+02:00,13.787001,2.0991426,5.04,0.0,0.0,23500.0,5.487309,8.6452055
2026-09-26 11:00:00+02:00,16.637,0.0,6.12,0.0,0.0,37460.0,0.64445174,8.1638975
2026-09-26 12:00:00+02:00,19.087,2.52,2.8799999,0.0,0.0,39500.0,2.453999,7.5510154
2026-09-26 13:00:00+02:00,20.637,2.1897945,5.04,0.0,0.0,41760.0,5.094838,7.0769506
2026-09-26 14:00:00+02:00,21.737,1.2979984,4.32,0.0,0.0,43000.0,6.1138062,9.813965
2026-09-26 15:00:00+02:00,22.437,0.8049845,3.96,0.0,0.0,42500.0,6.940957,11.41124
2026-09-26 16:00:00+02:00,22.937,1.0182338,3.6,0.0,0.0,42460.0,8.215179,10.551724
2026-09-26 17:00:00+02:00,22.887,1.5273507,2.52,0.0,0.0,42140.0,13.859459,12.241913
2026-09-26 18:00:00+02:00,22.387,1.5273507,4.32,0.0,0.0,40900.0,14.539494,12.4911375
2026-09-26 19:00:00+02:00,19.786999,2.5455842,3.2399998,0.0,0.0,35040.0,14.155951,13.948265
2026-09-26 20:00:00+02:00,15.437,4.452954,10.440001,0.0,0.0,37440.0,10.754816,13.612786
2026-09-26 21:00:00+02:00,14.337001,4.3498964,6.8399997,0.0,0.0,38780.0,5.993747,15.824542
2026-09-26 22:00:00+02:00,13.137,3.219938,6.8399997,0.0,0.0,38760.0,3.2222586,16.71258
2026-09-26 23:00:00+02:00,12.937,4.8965297,5.04,0.0,0.0,38440.0,5.7641516,12.4293
2026-09-27 00:00:00+02:00,12.387,3.8939953,7.2,0.0,0.0,38600.0,6.7744107,11.809426
2026-09-27 01:00:00+02:00,11.287001,2.9024127,6.4799995,0.0,0.0,36960.0,5.094838,11.189642
2026-09-27 02:00:00+02:00,11.437,4.0249224,4.32,0.0,0.0,37240.0,7.7602262,6.390391
2026-09-27 03:00:00+02:00,10.887,4.3498964,7.5599995,0.0,0.0,37100.0,8.315675,5.8883786
2026-09-27 04:00:00+02:00,10.837001,2.6208394,6.4799995,0.0,0.0,38360.0,7.515534,5.551616
2026-09-27 05:00:00+02:00,11.237,3.396233,3.2399998,0.0,0.0,38200.0,11.096928,5.3031745
2026-09-27 06:00:00+02:00,10.637,2.4149535,3.96,0.0,0.0,36740.0,15.57388,3.6192114
2026-09-27 07:00:00+02:00,10.837001,1.835647,4.68,0.0,0.0,39040.0,13.97881,3.3425157
2026-09-27 08:00:00+02:00,11.287001,1.8,1.8,0.0,0.0,29740.0,12.396276,3.7241378
2026-09-27 09:00:00+02:00,13.487,1.609969,3.6,0.0,0.0,23180.0,15.148044,1.7555753
2026-09-27 10:00:00+02:00,15.987,3.319036,6.4799995,0.0,0.0,15060.0,14.723995,3.9743526
2026-09-27 11:00:00+02:00,17.887,4.3349743,9.0,0.0,0.0,40060.0,8.21518,8.821657
2026-09-27 12:00:00+02:00,20.036999,3.6,7.92,0.0,0.0,41120.0,3.757767,10.1040945
2026-09-27 13:00:00+02:00,21.437,1.5273507,6.8399997,0.0,0.0,41900.0,0.9113924,10.98112
2026-09-27 14:00:00+02:00,22.137,0.8049845,4.68,0.0,0.0,42660.0,3.286072,13.166815
2026-09-27 15:00:00+02:00,23.187,4.1046314,7.92,0.0,0.0,42360.0,6.524576,12.413793
2026-09-27 16:00:00+02:00,23.087,1.2979984,8.28,0.0,0.0,42060.0,8.561753,12.4911375
2026-09-27 17:00:00+02:00,22.587,1.9386592,2.8799999,0.0,0.0,41500.0,7.418196,13.612786
2026-09-27 18:00:00+02:00,21.937,1.9386592,3.96,0.0,0.0,40360.0,9.784211,10.274241
2026-09-27 19:00:00+02:00,20.737,1.2979984,2.8799999,0.0,0.0,39180.0,9.383359,8.951714
2026-09-27 20:00:00+02:00,16.286999,4.452954,3.6,0.0,0.0,38480.0,6.347113,8.821657
2026-09-27 21:00:00+02:00,14.487,4.3349743,7.5599995,0.0,0.0,39280.0,4.757608,7.8511715
2026-09-27 22:00:00+02:00,13.937,3.0758414,6.12,0.0,0.0,30620.0,3.2222586,8.6452055
2026-09-27 23:00:00+02:00,14.037001,2.968636,3.96,0.0,0.0,27680.0,4.511162,8.442291
2026-09-28 00:00:00+02:00,13.237,3.5455887,5.7599998,0.0,0.0,34080.0,7.971428,7.8511715
2026-09-28 01:00:00+02:00,12.437,2.2768397,5.3999996,0.0,0.0,32100.0,11.848101,7.2649856
2026-09-28 02:00:00+02:00,12.787001,2.0991426,2.8799999,0.0,0.0,26020.0,17.196117,9.331011
2026-09-28 03:00:00+02:00,13.237,2.968636,4.32,0.0,0.0,30340.0,19.568422,10.569963
2026-09-28 04:00:00+02:00,14.337001,3.2599385,3.96,0.0,0.0,30700.0,17.536903,9.494725
2026-09-28 05:00:00+02:00,13.887,1.1384199,4.32,0.0,0.0,28640.0,16.934494,7.5764823
2026-09-28 06:00:00+02:00,13.337001,1.835647,2.52,0.0,0.0,27580.0,16.587591,7.0769506
2026-09-28 07:00:00+02:00,12.887,1.2979984,2.16,0.0,0.0,26100.0,13.708808,6.390391
2026-09-28 08:00:00+02:00,12.337001,1.4399999,1.8,0.0,0.0,23460.0,14.301892,6.48019
2026-09-28 09:00:00+02:00,13.337001,0.5091169,1.4399999,0.0,0.0,21340.0,15.148044,8.886923
2026-09-28 10:00:00+02:00,15.437,2.3051248,4.68,0.0,0.0,31980.0,12.969341,11.189641
2026-09-28 11:00:00+02:00,18.087,1.08,4.68,0.0,0.0,39640.0,8.95301,17.914183
2026-09-28 12:00:00+02:00,20.387,1.835647,5.04,0.0,0.0,39000.0,4.6472077,19.490047
2026-09-28 13:00:00+02:00,22.286999,2.3051248,5.3999996,0.0,0.0,39940.0,6.47666,18.096056
2026-09-28 14:00:00+02:00,22.786999,2.0991426,6.4799995,0.0,0.0,40660.0,9.994198,20.938503
2026-09-28 15:00:00+02:00,23.587,3.219938,7.2,0.0,0.0,42160.0,13.144288,13.166815
2026-09-28 16:00:00+02:00,23.786999,1.609969,5.3999996,0.0,0.0,42440.0,14.075039,10.714764
2026-09-28 17:00:00+02:00,22.837,2.16,3.2399998,0.0,0.0,41460.0,11.644798,12.795845
2026-09-28 18:00:00+02:00,22.187,1.1384199,4.32,0.0,0.0,39100.0,10.004581,10.4046545
2026-09-28 19:00:00+02:00,20.286999,4.3349743,5.7599998,0.0,0.0,34560.0,9.858215,8.442291
2026-09-28 20:00:00+02:00,17.437,2.8116899,7.2,0.0,0.0,37400.0,7.6388597,9.227215
2026-09-28 21:00:00+02:00,15.637,4.3349743,7.2,0.0,0.0,34380.0,1.0189676,8.281033
2026-09-28 22:00:00+02:00,14.937,2.9024127,6.12,0.0,0.0,28240.0,6.524576,12.051613
2026-09-28 23:00:00+02:00,14.637,4.0249224,5.3999996,0.0,0.0,28140.0,13.678478,10.008319
2026-09-29 00:00:00+02:00,14.787001,4.1046314,6.4799995,0.0,0.0,34100.0,12.694226,10.624495
2026-09-29 01:00:00+02:00,14.937,1.835647,5.7599998,0.0,0.0,29220.0,10.520563,10.008319
2026-09-29 02:00:00+02:00,15.387,2.9024127,2.52,0.0,0.0,28340.0,14.709885,9.494725
2026-09-29 03:00:00+02:00,14.837001,2.2768397,5.3999996,0.0,0.0,35020.0,18.193638,10.180067
2026-09-29 04:00:00+02:00,14.587001,1.1384199,2.8799999,0.0,0.0,30460.0,17.731209,8.951714
2026-09-29 05:00:00+02:00,14.587001,2.6208394,2.16,0.0,0.0,28040.0,20.40481,10.569963
2026-09-29 06:00:00+02:00,14.137,1.1384199,2.8799999,0.0,0.0,27820.0,20.647614,8.068965
2026-09-29 07:00:00+02:00,14.287001,0.35999998,2.16,0.0,0.0,28440.0,20.647614,4.3889384
2026-09-29 08:00:00+02:00,13.887,1.1384199,1.8,0.0,0.0,30940.0,23.844715,3.3425157
2026-09-29 09:00:00+02:00,14.487,2.4149535,3.96,0.0,0.0,27460.0,24.876171,4.5186887
2026-09-29 10:00:00+02:00,16.437,1.1384199,6.8399997,0.0,0.0,34380.0,24.963669,7.677507
2026-09-29 11:00:00+02:00,19.036999,0.8049845,5.04,0.0,0.0,35400.0,18.347078,6.2068963
2026-09-29 12:00:00+02:00,20.937,2.16,5.04,0.0,0.0,33760.0,11.848101,9.813965
2026-09-29 13:00:00+02:00,22.087,3.096837,7.2,0.0,0.0,36540.0,4.556962,11.394346
2026-09-29 14:00:00+02:00,22.387,2.3051248,7.2,0.0,0.0,38880.0,9.994198,17.665136
2026-09-29 15:00:00+02:00,22.786999,0.8049845,5.04,0.0,0.0,40100.0,9.752324,19.490047
2026-09-29 16:00:00+02:00,22.837,2.0991426,6.8399997,0.0,0.0,40420.0,8.765491,11.241167
2026-09-29 17:00:00+02:00,22.587,1.2979984,3.96,0.0,0.0,40440.0,6.7744107,9.454063
2026-09-29 18:00:00+02:00,21.887,0.8049845,2.52,0.0,0.0,38880.0,6.347113,9.310345
2026-09-29 19:00:00+02:00,20.036999,2.9024127,4.68,0.0,0.0,32120.0,6.524576,10.998648
2026-09-29 20:00:00+02:00,18.437,1.0182338,6.4799995,0.0,0.0,36440.0,4.323114,11.809426
2026-09-29 21:00:00+02:00,16.786999,3.4152596,5.04,0.0,0.0,32200.0,4.844117,11.326523
2026-09-29 22:00:00+02:00,15.887,3.2599385,5.04,0.0,0.0,30640.0,9.394418,11.172413
2026-09-29 23:00:00+02:00,15.737,4.0249224,5.7599998,0.0,0.0,30480.0,18.159363,9.931033
