date,temperature_2m,wind_speed_10m,wind_gusts_10m,cloud_cover_low,precipitation,visibility,wind_speed_850hPa,wind_speed_700hPa
2025-12-31 23:00:00+01:00,-1.508,3.7064266,6.4799995,0.0,0.0,34000.0,2.6571426,23.878408
2026-01-01 00:00:00+01:00,-1.8579999,3.396233,5.7599998,0.0,0.0,27960.0,1.8788835,24.14315
2026-01-01 01:00:00+01:00,-1.808,3.0547013,4.68,6.0,0.0,28740.0,1.8788835,23.950901
2026-01-01 02:00:00+01:00,-1.6079999,4.3349743,6.12,55.0,0.0,30200.0,0.64445174,20.208189
2026-01-01 03:00:00+01:00,-1.558,4.0249224,6.12,61.0,0.0,31060.0,0.64445174,20.360134
2026-01-01 04:00:00+01:00,-1.408,3.7585104,5.04,63.0,0.0,18500.0,1.0189676,16.94153
2026-01-01 05:00:00+01:00,-2.0080001,4.3349743,6.8399997,81.0,0.0,12260.0,1.4410379,18.381218
2026-01-01 06:00:00+01:00,-2.808,2.52,6.4799995,88.0,0.0,1000.0,0.64445174,21.402544
2026-01-01 07:00:00+01:00,-2.2580001,2.9024127,3.2399998,93.0,0.0,13900.0,2.3236039,23.878408
2026-01-01 08:00:00+01:00,-1.808,1.609969,2.16,91.0,0.0,3240.0,3.2222586,27.563091
2026-01-01 09:00:00+01:00,-2.158,5.0142193,5.7599998,0.0,0.0,44040.0,4.201311,29.954306
2026-01-01 10:00:00+01:00,-1.008,4.379589,5.3999996,0.0,0.0,10760.0,4.201311,30.439116
2026-01-01 11:00:00+01:00,0.592,3.6179552,7.5599995,0.0,0.0,18020.0,5.9240503,32.919964
2026-01-01 12:00:00+01:00,2.142,1.5273507,5.3999996,0.0,0.0,25360.0,7.20519,34.80846
2026-01-01 13:00:00+01:00,3.442,1.2979984,4.68,0.0,0.0,53580.0,13.120569,35.37931
2026-01-01 14:00:00+01:00,3.942,2.0991426,5.04,0.0,0.0,50580.0,15.148044,35.37931
2026-01-01 15:00:00+01:00,3.892,2.4149535,6.12,0.0,0.0,58360.0,12.108149,43.470432
2026-01-01 16:00:00+01:00,2.642,1.5273507,4.32,0.0,0.0,56960.0,13.464261,48.81399
2026-01-01 17:00:00+01:00,1.742,3.396233,3.6,0.0,0.0,58140.0,10.240498,48.20645
2026-01-01 18:00:00+01:00,1.142,2.3051248,3.96,0.0,0.0,48380.0,10.831774,46.53103
2026-01-01 19:00:00+01:00,1.342,0.5091169,4.32,3.0,0.0,59360.0,14.709885,34.780777
2026-01-01 20:00:00+01:00,0.94200003,3.319036,3.96,0.0,0.0,58260.0,12.312233,36.048122
2026-01-01 21:00:00+01:00,0.792,4.829907,6.4799995,0.0,0.0,58840.0,10.831775,37.90783
2026-01-01 22:00:00+01:00,1.142,1.0182338,5.7599998,55.0,0.0,55540.0,10.087265,32.990105
2026-01-01 23:00:00+01:00,0.642,1.609969,3.96,15.0,0.0,52880.0,10.638335,32.867256
2026-01-02 00:00:00+01:00,0.392,2.9024127,2.8799999,0.0,0.0,53560.0,7.7602262,37.882412
2026-01-02 01:00:00+01:00,0.89199996,2.0364676,3.96,12.0,0.0,59620.0,8.11344,38.50277
2026-01-02 02:00:00+01:00,-0.10800001,2.1897945,3.2399998,0.0,0.0,53880.0,6.1307654,42.211456
2026-01-02 03:00:00+01:00,0.69200003,2.3051248,3.6,0.0,0.0,61600.0,3.5591009,53.670815
2026-01-02 04:00:00+01:00,-1.308,3.7064266,4.32,0.0,0.0,34080.0,2.3236039,57.376034
2026-01-02 05:00:00+01:00,-1.9079999,3.8773184,4.68,0.0,0.0,26940.0,4.0758705,59.602367
2026-01-02 06:00:00+01:00,-0.908,4.6102495,6.12,0.0,0.0,47880.0,7.543114,60.216488
2026-01-02 07:00:00+01:00,-2.2580001,3.5455887,7.2,0.0,0.0,24040.0,5.8357587,56.35643
2026-01-02 08:00:00+01:00,-3.0080001,5.2416787,6.4799995,0.0,0.0,18820.0,4.907998,59.902184
2026-01-02 09:00:00+01:00,-3.108,3.319036,6.4799995,0.0,0.0,3460.0,4.6472077,63.06646
2026-01-02 10:00:00+01:00,-0.70799994,3.319036,5.3999996,0.0,0.0,29840.0,1.8788835,58.374535
2026-01-02 11:00:00+01:00,1.692,2.3051248,5.7599998,0.0,0.0,13840.0,3.757767,60.049915
2026-01-02 12:00:00+01:00,3.192,4.1046314,8.64,0.0,0.0,50440.0,4.57969,64.60541
2026-01-02 13:00:00+01:00,4.542,1.9386592,7.92,0.0,0.0,69000.0,3.1898732,60.525993
2026-01-02 14:00:00+01:00,5.842,1.484318,5.04,0.0,0.0,68940.0,4.556962,63.06646
2026-01-02 15:00:00+01:00,5.492,2.2768397,4.32,0.0,0.0,60280.0,7.1182017,67.01436
2026-01-02 16:00:00+01:00,3.2419999,3.219938,5.7599998,0.0,0.0,32880.0,9.350104,61.876247
2026-01-02 17:00:00+01:00,1.492,5.692099,8.28,0.0,0.0,41720.0,10.035667,65.85455
2026-01-02 18:00:00+01:00,1.442,4.3349743,9.72,0.0,0.0,63880.0,9.666777,64.13258
2026-01-02 19:00:00+01:00,1.042,6.4096174,10.440001,0.0,0.0,65140.0,14.878324,65.1251
2026-01-02 20:00:00+01:00,0.69200003,5.991594,12.959999,0.0,0.0,59440.0,11.319258,65.40843
2026-01-02 21:00:00+01:00,1.492,5.495161,9.36,0.0,0.0,69020.0,14.503743,65.03927
2026-01-02 22:00:00+01:00,0.442,5.315336,10.799999,0.0,0.0,57420.0,17.748766,58.742954
2026-01-02 23:00:00+01:00,-0.40800002,6.618519,10.799999,0.0,0.0,49780.0,16.512306,39.9755
2026-01-03 00:00:00+01:00,0.041999996,6.618519,12.959999,0.0,0.0,56940.0,15.09311,36.908855
2026-01-03 01:00:00+01:00,0.342,6.9153743,13.679999,0.0,0.0,58340.0,14.067659,36.451977
2026-01-03 02:00:00+01:00,0.492,8.714677,14.759999,0.0,0.0,66420.0,20.055809,38.387535
2026-01-03 03:00:00+01:00,0.242,8.0899935,14.04,0.0,0.0,67400.0,15.739669,38.186287
2026-01-03 04:00:00+01:00,0.69200003,9.686609,14.04,0.0,0.0,70340.0,20.667719,32.990105
2026-01-03 05:00:00+01:00,0.592,7.9932966,16.199999,0.0,0.0,69320.0,17.081009,36.64172
2026-01-03 06:00:00+01:00,0.292,9.339208,15.84,0.0,0.0,69580.0,12.832521,37.57608
2026-01-03 07:00:00+01:00,0.392,8.287822,16.199999,0.0,0.0,69940.0,13.464261,40.110195
2026-01-03 08:00:00+01:00,-0.20799997,6.618519,13.32,0.0,0.0,68160.0,9.994197,40.344826
2026-01-03 09:00:00+01:00,-0.508,5.6233797,11.879999,0.0,0.0,61620.0,6.6350365,38.989983
2026-01-03 10:00:00+01:00,2.5419998,5.1919937,9.0,0.0,0.0,73120.0,6.9559,37.287903
2026-01-03 11:00:00+01:00,5.042,2.52,10.799999,0.0,0.0,73220.0,4.1265044,34.14357
2026-01-03 12:00:00+01:00,6.292,3.7064266,7.2,0.0,0.0,70980.0,1.0189676,34.80846
2026-01-03 13:00:00+01:00,7.042,4.510787,8.64,0.0,0.0,76500.0,0.4556962,32.949207
2026-01-03 14:00:00+01:00,7.042,2.5959969,8.28,0.0,0.0,76200.0,2.278481,37.86207
2026-01-03 15:00:00+01:00,6.3919997,1.484318,4.68,0.0,0.0,73520.0,2.3236039,37.943382
2026-01-03 16:00:00+01:00,5.242,1.1384199,3.6,0.0,0.0,73180.0,3.1898732,36.192112
2026-01-03 17:00:00+01:00,3.642,4.0249224,4.32,0.0,0.0,73140.0,1.643036,37.262062
2026-01-03 18:00:00+01:00,1.292,4.802999,9.0,0.0,0.0,67780.0,3.67394,40.578102
2026-01-03 19:00:00+01:00,-0.058,6.12,6.12,0.0,0.0,47840.0,2.453999,37.287903
2026-01-03 20:00:00+01:00,-0.007999986,5.315336,10.799999,0.0,0.0,47920.0,2.278481,38.72725
2026-01-03 21:00:00+01:00,0.342,5.6233797,8.28,0.0,0.0,61640.0,2.3236039,41.812557
2026-01-03 22:00:00+01:00,0.392,5.1165614,9.36,0.0,0.0,65700.0,5.487309,39.801647
2026-01-03 23:00:00+01:00,0.14199999,5.1165614,12.24,0.0,0.0,65700.0,4.2990294,36.133522
2026-01-04 00:00:00+01:00,0.292,6.4096174,10.08,0.0,0.0,68100.0,4.9291077,34.14357
2026-01-04 01:00:00+01:00,-0.10800001,7.8954163,10.799999,0.0,0.0,64080.0,11.087566,30.470741
2026-01-04 02:00:00+01:00,-0.20799997,8.4963045,15.119999,0.0,0.0,68600.0,11.171529,32.27586
2026-01-04 03:00:00+01:00,-0.10800001,8.287822,15.84,0.0,0.0,73040.0,5.487309,41.34464
2026-01-04 04:00:00+01:00,0.242,8.287822,16.199999,0.0,0.0,74480.0,12.303797,44.80158
2026-01-04 05:00:00+01:00,0.592,9.220499,16.56,0.0,0.0,75860.0,12.337506,31.921795
2026-01-04 06:00:00+01:00,-0.007999986,8.942214,15.4800005,0.0,0.0,75780.0,10.240498,30.735107
2026-01-04 07:00:00+01:00,-0.508,8.891343,16.919998,0.0,0.0,75160.0,11.392405,23.846117
2026-01-04 08:00:00+01:00,-1.558,6.638072,14.759999,0.0,0.0,71400.0,10.955679,19.725824
2026-01-04 09:00:00+01:00,-1.9079999,5.8048253,11.159999,0.0,0.0,68340.0,8.36547,18.599987
2026-01-04 10:00:00+01:00,0.992,4.8965297,9.72,0.0,0.0,75540.0,9.350104,16.386677
2026-01-04 11:00:00+01:00,3.142,1.2979984,7.92,0.0,0.0,75740.0,3.67394,14.490146
2026-01-04 12:00:00+01:00,4.842,4.2136917,6.4799995,0.0,0.0,78520.0,3.67394,16.861752
2026-01-04 13:00:00+01:00,5.292,1.1384199,5.3999996,0.0,0.0,79880.0,2.453999,21.112574
2026-01-04 14:00:00+01:00,5.292,1.9386592,3.96,0.0,0.0,78780.0,4.0758705,18.713562
2026-01-04 15:00:00+01:00,4.992,1.609969,5.04,0.0,0.0,77120.0,5.6366506,16.245003
2026-01-04 16:00:00+01:00,3.9919999,1.484318,2.52,0.0,0.0,78300.0,5.094838,15.102031
2026-01-04 17:00:00+01:00,2.7419999,3.5455887,3.96,0.0,0.0,78460.0,5.195736,12.194616
2026-01-04 18:00:00+01:00,0.392,4.6800003,7.5599995,0.0,0.0,68420.0,5.487309,11.103232
2026-01-04 19:00:00+01:00,-0.45799997,6.1305785,5.7599998,0.0,0.0,70360.0,6.347113,11.939203
2026-01-04 20:00:00+01:00,-1.7080001,5.95906,7.92,0.0,0.0,62540.0,3.2222586,10.857635
2026-01-04 21:00:00+01:00,-1.508,5.0142193,7.2,0.0,0.0,72620.0,3.1898732,10.180067
2026-01-04 22:00:00+01:00,-0.908,5.1165614,6.8399997,0.0,0.0,75200.0,3.89347,12.051613
2026-01-04 23:00:00+01:00,-1.6579999,5.3517847,7.5599995,0.0,0.0,73820.0,2.7718916,14.044602
2026-01-05 00:00:00+01:00,-1.158,5.1919937,8.28,0.0,0.0,75860.0,3.286072,16.70105
2026-01-05 01:00:00+01:00,-1.558,3.8268526,7.5599995,0.0,0.0,72400.0,1.8788835,15.800178
2026-01-05 02:00:00+01:00,-1.758,6.618519,10.08,0.0,0.0,69880.0,1.643036,16.018122
2026-01-05 03:00:00+01:00,-1.158,2.9024127,10.799999,0.0,0.0,75480.0,1.643036,16.018122
2026-01-05 04:00:00+01:00,-2.2080002,4.8433046,7.5599995,0.0,0.0,66900.0,0.0,14.8057575
2026-01-05 05:00:00+01:00,-1.6079999,5.0911684,7.5599995,0.0,0.0,73480.0,1.4410379,16.13793
2026-01-05 06:00:00+01:00,-1.9079999,3.8268526,7.5599995,0.0,0.0,73560.0,1.643036,15.355014
2026-01-05 07:00:00+01:00,-2.358,4.1046314,4.68,0.0,0.0,71960.0,1.0189676,11.776757
2026-01-05 08:00:00+01:00,-2.4580002,4.198285,4.68,0.0,0.0,68400.0,1.4410379,10.1040945
2026-01-05 09:00:00+01:00,-2.2080002,3.219938,4.68,0.0,0.0,67320.0,4.2990294,9.931033
2026-01-05 10:00:00+01:00,-0.80799997,2.2768397,5.3999996,0.0,0.0,67520.0,3.5591009,12.413793
2026-01-05 11:00:00+01:00,1.242,1.484318,3.6,0.0,0.0,70120.0,3.0569031,11.189642
2026-01-05 12:00:00+01:00,2.4919999,1.8,5.04,0.0,0.0,75500.0,2.734177,13.781546
2026-01-05 13:00:00+01:00,2.842,3.8268526,5.7599998,0.0,0.0,76460.0,3.8667102,14.896551
2026-01-05 14:00:00+01:00,3.192,2.4149535,5.3999996,0.0,0.0,76660.0,2.453999,14.329733
2026-01-05 15:00:00+01:00,3.2419999,1.1384199,4.68,0.0,0.0,75860.0,2.577807,14.753624
2026-01-05 16:00:00+01:00,2.142,0.35999998,2.8799999,0.0,0.0,76100.0,1.643036,13.093462
2026-01-05 17:00:00+01:00,0.992,0.8049845,1.08,0.0,0.0,76340.0,2.3236039,14.289349
2026-01-05 18:00:00+01:00,0.09200001,2.9024127,3.6,0.0,0.0,75900.0,1.8788835,15.329903
2026-01-05 19:00:00+01:00,-1.458,2.6208394,4.68,0.0,0.0,75740.0,3.286072,14.8057575
2026-01-05 20:00:00+01:00,-0.308,3.7064266,4.68,0.0,0.0,78000.0,3.1898732,14.8057575
2026-01-05 21:00:00+01:00,-1.308,2.8116899,4.68,0.0,0.0,76620.0,3.5591009,17.256958
2026-01-05 22:00:00+01:00,-1.308,3.8773184,4.32,0.0,0.0,75940.0,6.347113,15.41761
2026-01-05 23:00:00+01:00,-1.7080001,2.1897945,3.96,0.0,0.0,76380.0,4.907998,16.018122
2026-01-06 00:00:00+01:00,-1.208,2.1897945,3.2399998,0.0,0.0,78300.0,4.844117,18.999592
2026-01-06 01:00:00+01:00,-1.9079999,2.5455842,2.52,0.0,0.0,77200.0,7.34788,14.153901
2026-01-06 02:00:00+01:00,-2.4580002,1.0182338,2.8799999,0.0,0.0,75880.0,6.524576,14.476846
2026-01-06 03:00:00+01:00,-2.858,2.4149535,2.8799999,0.0,0.0,75840.0,5.8000655,18.91831
2026-01-06 04:00:00+01:00,-3.2580001,1.8,2.52,0.0,0.0,76100.0,9.394418,18.91831
2026-01-06 05:00:00+01:00,-3.108,1.1384199,2.52,0.0,0.0,77580.0,7.1182017,19.281382
2026-01-06 06:00:00+01:00,-3.2080002,1.5273507,2.8799999,0.0,0.0,77940.0,6.835443,20.293798
2026-01-06 07:00:00+01:00,-1.558,3.8939953,2.8799999,0.0,0.0,81820.0,8.402622,23.975016
2026-01-06 08:00:00+01:00,-1.6579999,2.7416782,4.68,0.0,0.0,82080.0,5.941551,20.293798
2026-01-06 09:00:00+01:00,-2.308,4.2136917,5.3999996,0.0,0.0,80420.0,6.330734,20.548483
2026-01-06 10:00:00+01:00,0.442,2.6208394,6.4799995,0.0,0.0,78480.0,7.7468357,21.438515
2026-01-06 11:00:00+01:00,2.092,0.8049845,3.2399998,0.0,0.0,75900.0,6.524576,21.103449
2026-01-06 12:00:00+01:00,4.292,3.8773184,7.5599995,0.0,0.0,77580.0,5.094838,15.824542
2026-01-06 13:00:00+01:00,4.6419997,1.9386592,7.92,0.0,0.0,75820.0,5.941551,15.89741
2026-01-06 14:00:00+01:00,4.842,3.7585104,7.92,0.0,0.0,75880.0,6.524576,15.367554
2026-01-06 15:00:00+01:00,4.392,2.7416782,7.2,0.0,0.0,72380.0,5.941551,14.289349
2026-01-06 16:00:00+01:00,3.4919999,1.835647,5.04,0.0,0.0,67600.0,7.34788,10.551724
2026-01-06 17:00:00+01:00,1.592,6.696387,9.0,0.0,0.0,78660.0,7.800262,10.857635
2026-01-06 18:00:00+01:00,-0.15800002,7.928177,14.04,0.0,0.0,74420.0,5.9240503,14.181093
2026-01-06 19:00:00+01:00,0.392,8.161764,12.959999,0.0,0.0,75560.0,5.993747,12.5680065
2026-01-06 20:00:00+01:00,0.041999996,7.928177,14.4,0.0,0.0,75420.0,6.970812,12.241913
2026-01-06 21:00:00+01:00,-0.508,7.8954163,14.04,0.0,0.0,74800.0,7.3619976,17.245792
2026-01-06 22:00:00+01:00,-0.758,7.6367526,13.32,0.0,0.0,73400.0,7.20519,11.9230585
2026-01-06 23:00:00+01:00,-0.8579999,7.127636,14.759999,0.0,0.0,73420.0,6.9559,12.241913
2026-01-07 00:00:00+01:00,-2.358,6.638072,11.879999,0.0,0.0,61820.0,5.3142853,16.185604
2026-01-07 01:00:00+01:00,-2.5080001,6.3690495,11.159999,0.0,0.0,59400.0,7.5842957,15.11478
2026-01-07 02:00:00+01:00,-2.4580002,5.0911684,11.159999,0.0,0.0,66800.0,7.4739733,15.355014
2026-01-07 03:00:00+01:00,-2.558,5.3999996,8.64,0.0,0.0,71840.0,6.47666,15.909525
2026-01-07 04:00:00+01:00,-2.408,6.4096174,10.440001,0.0,0.0,73640.0,9.784211,14.922391
2026-01-07 05:00:00+01:00,-2.7080002,5.904439,10.440001,0.0,0.0,73420.0,7.4739733,13.948265
2026-01-07 06:00:00+01:00,-3.658,5.991594,10.08,0.0,0.0,69900.0,6.330734,12.051613
2026-01-07 07:00:00+01:00,-3.308,5.3999996,11.5199995,0.0,0.0,73140.0,8.84802,8.6452055
2026-01-07 08:00:00+01:00,-3.7080002,6.6087217,11.879999,0.0,0.0,71060.0,10.667574,9.813965
2026-01-07 09:00:00+01:00,-3.158,6.489992,11.5199995,0.0,0.0,70680.0,8.36547,9.227215
2026-01-07 10:00:00+01:00,-0.258,4.1046314,11.159999,0.0,0.0,74580.0,11.319258,5.0041595
2026-01-07 11:00:00+01:00,1.842,4.1046314,7.2,0.0,0.0,75680.0,10.401459,15.102031
2026-01-07 12:00:00+01:00,2.692,5.3517847,10.799999,0.0,0.0,79240.0,10.240498,25.51631
2026-01-07 13:00:00+01:00,4.192,1.1384199,10.440001,0.0,0.0,81940.0,8.377872,29.818954
2026-01-07 14:00:00+01:00,4.292,2.968636,5.7599998,0.0,0.0,80960.0,4.1265044,38.186287
2026-01-07 15:00:00+01:00,3.342,3.8939953,7.2,0.0,0.0,78040.0,0.9113924,41.530582
2026-01-07 16:00:00+01:00,2.642,5.2416787,6.8399997,0.0,0.0,75740.0,2.278481,39.142838
2026-01-07 17:00:00+01:00,0.94200003,3.2399998,8.64,0.0,0.0,73060.0,1.4410379,36.11219
2026-01-07 18:00:00+01:00,-0.6079999,4.802999,5.7599998,0.0,0.0,75880.0,2.734177,38.747143
2026-01-07 19:00:00+01:00,-2.408,4.0249224,9.72,0.0,0.0,76780.0,0.64445174,39.728985
2026-01-07 20:00:00+01:00,-1.9079999,4.3349743,6.12,0.0,0.0,80100.0,6.0797453,36.515335
2026-01-07 21:00:00+01:00,-2.9580002,6.297428,12.24,0.0,0.0,73360.0,6.198138,31.238638
2026-01-07 22:00:00+01:00,-2.108,2.7416782,10.08,0.0,0.0,75700.0,5.562481,24.780989
2026-01-07 23:00:00+01:00,-3.2080002,5.0911684,8.28,0.0,0.0,73400.0,5.155614,24.593725
2026-01-08 00:00:00+01:00,-2.558,4.510787,7.92,0.0,0.0,77420.0,6.524576,33.866
2026-01-08 01:00:00+01:00,-4.3580003,5.815978,7.5599995,0.0,0.0,75720.0,10.189676,41.007816
2026-01-08 02:00:00+01:00,-2.608,3.4152596,9.0,0.0,0.0,79420.0,8.151741,50.668957
2026-01-08 03:00:00+01:00,-2.108,4.3349743,6.4799995,0.0,0.0,77660.0,4.6472077,61.801495
2026-01-08 04:00:00+01:00,-2.658,4.802999,6.12,0.0,0.0,78520.0,1.2889035,78.35945
2026-01-08 05:00:00+01:00,-3.658,2.6208394,5.7599998,0.0,0.0,75880.0,3.2222586,78.16747
2026-01-08 06:00:00+01:00,-3.7080002,1.8,3.6,0.0,0.0,75900.0,3.89347,79.528244
2026-01-08 07:00:00+01:00,-3.908,3.319036,4.32,0.0,0.0,76680.0,3.9200466,76.7851
2026-01-08 08:00:00+01:00,-3.0080001,2.3051248,4.68,0.0,0.0,78000.0,6.347113,74.0678
2026-01-08 09:00:00+01:00,-3.408,1.609969,2.52,0.0,0.0,77000.0,4.9291077,72.800835
2026-01-08 10:00:00+01:00,-1.558,1.484318,1.4399999,0.0,0.0,75780.0,5.941551,69.21733
2026-01-08 11:00:00+01:00,0.542,5.0528407,8.64,29.0,0.0,71540.0,8.21518,57.536953
2026-01-08 12:00:00+01:00,2.292,3.0547013,8.28,0.0,0.0,78040.0,4.1265044,56.137253
2026-01-08 13:00:00+01:00,2.842,5.0911684,4.68,0.0,0.0,79800.0,6.6350365,55.283207
2026-01-08 14:00:00+01:00,3.2419999,9.007196,16.199999,0.0,0.0,74340.0,6.7744107,68.18834
2026-01-08 15:00:00+01:00,3.692,4.6800003,16.919998,0.0,0.0,49260.0,4.6472077,65.99773
2026-01-08 16:00:00+01:00,2.7919998,2.6208394,8.28,0.0,0.0,36140.0,4.323114,61.673565
2026-01-08 17:00:00+01:00,0.342,1.5273507,6.12,0.0,0.0,3040.0,1.8227848,62.495773
2026-01-08 18:00:00+01:00,-0.40800002,6.379216,9.72,0.0,0.0,4280.0,7.418196,56.971737
2026-01-08 19:00:00+01:00,-1.9079999,4.73506,10.08,75.0,0.0,1000.0,8.253009,63.31034
2026-01-08 20:00:00+01:00,-1.458,4.2136917,10.440001,33.0,0.0,6200.0,4.6472077,68.36044
2026-01-08 21:00:00+01:00,-2.5080001,1.609969,5.04,54.0,0.0,2300.0,3.286072,67.811584
2026-01-08 22:00:00+01:00,0.392,1.4399999,6.12,7.0,0.0,41140.0,4.844117,53.89645
2026-01-08 23:00:00+01:00,1.192,5.815978,6.4799995,0.0,0.0,47600.0,6.7744107,45.186886
2026-01-09 00:00:00+01:00,-0.358,3.319036,14.04,0.0,0.0,20940.0,3.757767,38.36746
2026-01-09 01:00:00+01:00,0.792,0.8049845,3.2399998,0.0,0.0,47980.0,2.6571426,35.22653
2026-01-09 02:00:00+01:00,0.592,4.68,7.2,49.0,0.0,32260.0,3.4704785,25.831429
2026-01-09 03:00:00+01:00,0.14199999,1.8,5.7599998,46.0,0.0,28140.0,2.278481,24.593725
2026-01-09 04:00:00+01:00,0.94200003,3.096837,4.32,23.0,0.0,41260.0,3.9200466,23.463383
2026-01-09 05:00:00+01:00,0.89199996,3.7064266,3.6,43.0,0.0,40900.0,4.323114,29.251541
2026-01-09 06:00:00+01:00,0.592,3.219938,10.799999,60.0,0.0,27680.0,4.201311,33.72921
2026-01-09 07:00:00+01:00,-0.358,2.2768397,8.28,59.0,0.0,2740.0,1.0189676,36.430836
2026-01-09 08:00:00+01:00,-0.508,4.198285,7.5599995,71.0,0.1,5300.0,4.6916795,62.665066
2026-01-09 09:00:00+01:00,0.492,1.2979984,3.6,69.0,0.0,18120.0,9.383359,68.504005
2026-01-09 10:00:00+01:00,1.242,3.396233,4.68,74.0,0.0,3760.0,0.9113924,35.384754
2026-01-09 11:00:00+01:00,1.842,1.2979984,10.08,45.0,0.0,6100.0,2.278481,27.681644
2026-01-09 12:00:00+01:00,1.6420001,2.1897945,7.2,82.0,0.0,1960.0,5.195736,27.549112
2026-01-09 13:00:00+01:00,2.2419999,1.1384199,8.64,26.0,0.0,12740.0,2.8820758,34.74199
2026-01-09 14:00:00+01:00,2.392,2.1897945,15.119999,14.0,0.0,18620.0,7.7468357,36.32493
2026-01-09 15:00:00+01:00,2.142,2.9024127,10.08,11.0,0.0,18980.0,11.392405,48.62421
2026-01-09 16:00:00+01:00,1.142,3.0758414,8.28,47.0,0.0,2920.0,5.094838,60.62457
2026-01-09 17:00:00+01:00,-0.308,5.2416787,7.92,81.0,0.0,740.0,6.7744107,63.17937
2026-01-09 18:00:00+01:00,-1.258,3.319036,9.0,44.0,0.0,2560.0,16.568802,55.550854
2026-01-09 19:00:00+01:00,-1.9079999,5.1919937,6.4799995,0.0,0.0,4160.0,22.666018,46.819916
2026-01-09 20:00:00+01:00,-1.9079999,6.193674,10.08,50.0,0.0,2400.0,17.725351,36.767677
2026-01-09 21:00:00+01:00,-0.20799997,4.3349743,12.24,0.0,0.0,31440.0,10.974618,40.24922
2026-01-09 22:00:00+01:00,-0.058,2.968636,5.7599998,0.0,0.0,53960.0,8.402622,38.846447
2026-01-09 23:00:00+01:00,0.14199999,7.6367526,10.799999,0.0,0.0,49200.0,14.539494,26.406677
2026-01-10 00:00:00+01:00,1.492,5.6233797,11.879999,0.0,0.0,58260.0,11.087566,19.62793
2026-01-10 01:00:00+01:00,1.592,3.0758414,8.64,0.0,0.0,67220.0,13.246578,25.994967
2026-01-10 02:00:00+01:00,0.242,6.638072,11.879999,0.0,0.0,54460.0,19.166344,39.500446
2026-01-10 03:00:00+01:00,-0.45799997,6.193674,12.24,0.0,0.0,43780.0,16.934494,46.10266
2026-01-10 04:00:00+01:00,0.392,7.0911775,12.599999,0.0,0.0,50460.0,18.369701,54.451145
2026-01-10 05:00:00+01:00,0.642,8.714677,15.119999,0.0,0.0,51740.0,16.63135,50.70316
2026-01-10 06:00:00+01:00,0.292,6.696387,13.32,0.0,0.0,52520.0,11.392405,48.08242
2026-01-10 07:00:00+01:00,0.292,6.638072,10.799999,0.0,0.0,54600.0,10.667574,54.429913
2026-01-10 08:00:00+01:00,0.69200003,5.1165614,10.08,0.0,0.0,55840.0,15.09311,53.999996
2026-01-10 09:00:00+01:00,0.542,5.0911684,10.08,0.0,0.0,47480.0,22.370924,51.39745
2026-01-10 10:00:00+01:00,2.7419999,4.6102495,9.0,0.0,0.0,58860.0,19.225843,50.041595
2026-01-10 11:00:00+01:00,4.392,1.1384199,7.5599995,0.0,0.0,53680.0,21.354607,48.286304
2026-01-10 12:00:00+01:00,5.842,3.7585104,6.8399997,0.0,0.0,45440.0,20.425156,47.889736
2026-01-10 13:00:00+01:00,7.792,4.510787,7.2,0.0,0.0,74580.0,21.198446,44.382565
2026-01-10 14:00:00+01:00,7.992,5.8048253,10.08,0.0,0.0,76100.0,28.135319,49.285255
2026-01-10 15:00:00+01:00,7.042,4.1046314,9.72,0.0,0.0,75880.0,24.645538,58.47015
2026-01-10 16:00:00+01:00,4.942,6.130579,6.4799995,0.0,0.0,73520.0,20.143627,58.02037
2026-01-10 17:00:00+01:00,2.442,7.92,12.959999,0.0,0.0,64380.0,19.61612,58.887062
2026-01-10 18:00:00+01:00,1.292,6.151683,14.04,0.0,0.0,63720.0,23.436256,59.291294
2026-01-10 19:00:00+01:00,2.442,9.83268,11.159999,0.0,0.0,73380.0,23.056606,61.13084
2026-01-10 20:00:00+01:00,2.092,7.628263,16.56,0.0,0.0,72680.0,19.31206,57.483368
2026-01-10 21:00:00+01:00,2.042,4.6102495,12.24,0.0,0.0,71320.0,23.696201,59.58943
2026-01-10 22:00:00+01:00,2.942,11.177405,9.36,0.0,0.0,75680.0,26.820343,57.39953
2026-01-10 23:00:00+01:00,3.2919998,12.964998,23.4,0.0,0.0,75680.0,39.31948,52.351776
2026-01-11 00:00:00+01:00,1.942,6.830519,21.96,0.0,0.0,73320.0,26.434307,48.41777
2026-01-11 01:00:00+01:00,2.4919999,11.525623,11.159999,0.0,0.0,74560.0,27.402464,38.542778
2026-01-11 02:00:00+01:00,2.142,10.464798,22.319998,0.0,0.0,74200.0,25.079855,34.00224
2026-01-11 03:00:00+01:00,1.442,7.928177,18.0,0.0,0.0,72040.0,19.144665,40.057327
2026-01-11 04:00:00+01:00,2.392,10.739833,13.32,0.0,0.0,75240.0,24.712854,34.941025
2026-01-11 05:00:00+01:00,2.692,9.360001,19.44,0.0,0.0,75580.0,20.51139,33.597603
2026-01-11 06:00:00+01:00,1.992,7.42159,15.119999,0.0,0.0,73540.0,13.739071,44.108284
2026-01-11 07:00:00+01:00,3.4919999,12.144331,14.759999,0.0,0.0,76280.0,27.530989,39.10837
2026-01-11 08:00:00+01:00,3.442,11.966954,23.759998,0.0,0.0,75820.0,25.910645,48.41777
2026-01-11 09:00:00+01:00,2.842,8.913181,19.08,0.0,0.0,75280.0,19.57373,53.39374
2026-01-11 10:00:00+01:00,5.742,9.904906,14.4,0.0,0.0,78000.0,21.041126,58.348125
2026-01-11 11:00:00+01:00,7.242,8.12197,19.08,0.0,0.0,78520.0,20.055809,50.58525
2026-01-11 12:00:00+01:00,7.8919997,5.0911684,12.599999,0.0,0.0,78400.0,14.709885,48.46946
2026-01-11 13:00:00+01:00,9.192,9.19939,12.599999,0.0,0.0,80380.0,12.897088,41.270023
2026-01-11 14:00:00+01:00,9.092,8.714677,17.28,0.0,0.0,80200.0,12.889034,39.083733
2026-01-11 15:00:00+01:00,8.342,9.178235,18.0,0.0,0.0,79240.0,10.677303,34.49717
2026-01-11 16:00:00+01:00,7.942,9.1641035,15.4800005,0.0,0.0,80460.0,9.227144,39.961037
2026-01-11 17:00:00+01:00,4.342,6.9153743,14.4,0.0,0.0,77200.0,5.506198,44.693962
2026-01-11 18:00:00+01:00,1.6420001,6.12,11.159999,0.0,0.0,75440.0,2.7718916,42.142952
2026-01-11 19:00:00+01:00,1.342,5.8048253,11.5199995,0.0,0.0,75860.0,0.9113924,43.827896
2026-01-11 20:00:00+01:00,1.592,5.2416787,10.799999,0.0,0.0,75900.0,4.201311,36.541702
2026-01-11 21:00:00+01:00,2.292,3.8939953,8.64,0.0,0.0,76520.0,3.2222586,31.649084
2026-01-11 22:00:00+01:00,1.392,9.028754,8.64,0.0,0.0,75860.0,1.0189676,31.36786
2026-01-11 23:00:00+01:00,1.542,6.0347,9.0,0.0,0.0,76100.0,1.4410379,35.341175
2026-01-12 00:00:00+01:00,2.192,5.3999996,7.5599995,0.0,0.0,76660.0,1.2889035,36.372623
2026-01-12 01:00:00+01:00,2.042,5.154415,7.92,0.0,0.0,76080.0,2.278481,42.206898
2026-01-12 02:00:00+01:00,1.8920001,4.39436,6.12,0.0,0.0,75440.0,0.64445174,40.880787
2026-01-12 03:00:00+01:00,1.542,3.4152596,7.5599995,0.0,0.0,75740.0,1.2889035,35.989296
2026-01-12 04:00:00+01:00,0.992,0.5091169,5.3999996,0.0,0.0,75020.0,2.0379353,35.817608
2026-01-12 05:00:00+01:00,1.492,3.319036,5.04,0.0,0.0,75780.0,0.4556962,34.430096
2026-01-12 06:00:00+01:00,1.942,3.096837,5.7599998,0.0,0.0,76700.0,0.4556962,29.565943
2026-01-12 07:00:00+01:00,0.69200003,4.1046314,6.12,0.0,0.0,74920.0,2.278481,28.612377
2026-01-12 08:00:00+01:00,1.592,4.198285,5.7599998,0.0,0.0,75820.0,1.4410379,29.999285
2026-01-12 09:00:00+01:00,1.792,3.219938,6.4799995,0.0,0.0,75880.0,2.7718916,32.114315
2026-01-12 10:00:00+01:00,2.5419998,0.35999998,3.6,0.0,0.0,76100.0,5.562481,30.722569
2026-01-12 11:00:00+01:00,4.292,1.4399999,2.8799999,0.0,0.0,72780.0,3.757767,24.46021
2026-01-12 12:00:00+01:00,4.792,2.52,6.12,0.0,0.0,75880.0,1.3670886,24.640675
2026-01-12 13:00:00+01:00,5.442,2.2768397,4.68,0.0,0.0,77180.0,1.0189676,23.422297
2026-01-12 14:00:00+01:00,5.692,1.609969,5.3999996,0.0,0.0,78240.0,2.8820758,23.240662
2026-01-12 15:00:00+01:00,5.992,1.5273507,3.6,0.0,0.0,77140.0,2.9178793,26.9768
2026-01-12 16:00:00+01:00,4.592,2.4149535,6.4799995,0.0,0.0,76140.0,2.7718916,29.507248
2026-01-12 17:00:00+01:00,3.392,2.9024127,4.68,0.0,0.0,75880.0,2.0379353,28.933727
2026-01-12 18:00:00+01:00,3.192,4.6938252,6.12,0.0,0.0,75900.0,1.9333551,34.362892
2026-01-12 19:00:00+01:00,1.592,0.5091169,7.5599995,0.0,0.0,70340.0,1.2889035,38.881138
2026-01-12 20:00:00+01:00,3.442,1.484318,2.52,0.0,0.0,77880.0,3.286072,41.530582
2026-01-12 21:00:00+01:00,2.292,1.835647,4.68,0.0,0.0,75540.0,4.101266,41.134445
2026-01-12 22:00:00+01:00,1.142,2.0364676,2.16,0.0,0.0,75200.0,2.278481,32.281826
2026-01-12 23:00:00+01:00,2.642,0.8049845,3.6,0.0,0.0,76940.0,5.3142853,28.612377
2026-01-13 00:00:00+01:00,1.492,3.6,5.3999996,0.0,0.0,75860.0,3.67394,27.48611
2026-01-13 01:00:00+01:00,0.041999996,3.396233,3.6,0.0,0.0,66040.0,4.201311,24.405024
2026-01-13 02:00:00+01:00,0.89199996,3.4152596,3.6,0.0,0.0,75000.0,4.101266,24.389233
2026-01-13 03:00:00+01:00,1.142,2.968636,3.96,0.0,0.0,75880.0,4.556962,23.716516
2026-01-13 04:00:00+01:00,1.342,0.5091169,4.32,0.0,0.0,76040.0,8.476439,23.659594
2026-01-13 05:00:00+01:00,1.792,1.9386592,3.96,0.0,0.0,76700.0,9.580463,26.71851
2026-01-13 06:00:00+01:00,1.342,4.3349743,5.3999996,0.0,0.0,75540.0,10.401459,27.993032
2026-01-13 07:00:00+01:00,-0.95799994,4.0249224,6.8399997,61.0,0.0,40680.0,10.331347,23.594372
2026-01-13 08:00:00+01:00,-0.258,2.8799999,4.68,43.0,0.0,41500.0,9.752324,26.135382
2026-01-13 09:00:00+01:00,0.342,1.8,3.2399998,0.0,0.0,48160.0,10.520563,23.586206
2026-01-13 10:00:00+01:00,2.142,3.6,3.6,95.0,0.0,70060.0,12.969341,16.952896
2026-01-13 11:00:00+01:00,3.9919999,3.8268526,6.12,71.0,0.0,68940.0,13.464261,17.773846
2026-01-13 12:00:00+01:00,6.192,5.0911684,9.0,77.0,0.0,76320.0,10.411436,16.398428
2026-01-13 13:00:00+01:00,5.742,1.8,7.92,72.0,0.0,76060.0,12.694226,16.94153
2026-01-13 14:00:00+01:00,5.942,2.0991426,4.32,100.0,0.0,74920.0,10.411436,18.433542
2026-01-13 15:00:00+01:00,5.742,1.484318,4.32,100.0,0.0,73260.0,9.784211,22.387888
2026-01-13 16:00:00+01:00,5.592,4.3498964,2.16,85.0,0.0,75400.0,6.7744107,22.422277
2026-01-13 17:00:00+01:00,4.842,2.0991426,6.8399997,77.0,0.0,74840.0,5.487309,21.546066
2026-01-13 18:00:00+01:00,5.042,2.1897945,2.8799999,94.0,0.0,74540.0,5.3142853,20.74441
2026-01-13 19:00:00+01:00,4.292,3.219938,2.16,100.0,0.0,71140.0,8.377872,21.617472
2026-01-13 20:00:00+01:00,4.6419997,3.319036,3.96,100.0,0.0,69740.0,6.7744107,20.632679
2026-01-13 21:00:00+01:00,4.992,2.5455842,5.04,84.0,0.0,74440.0,6.835443,20.265303
2026-01-13 22:00:00+01:00,4.192,2.5959969,4.32,81.0,0.0,72600.0,6.970812,19.803793
2026-01-13 23:00:00+01:00,4.442,4.198285,6.4799995,61.0,0.0,73700.0,5.012658,18.096056
2026-01-14 00:00:00+01:00,4.8919997,2.4149535,5.04,89.0,0.0,72860.0,2.9178793,16.292364
2026-01-14 01:00:00+01:00,3.7419999,2.9024127,3.2399998,52.0,0.0,62760.0,5.0333285,12.568007
2026-01-14 02:00:00+01:00,3.7419999,2.0991426,3.96,64.0,0.0,61220.0,3.2222586,13.556066
2026-01-14 03:00:00+01:00,3.942,3.319036,4.32,92.0,0.0,54340.0,2.577807,17.478779
2026-01-14 04:00:00+01:00,3.692,3.2599385,3.96,100.0,0.0,49160.0,4.9291077,20.41682
2026-01-14 05:00:00+01:00,4.192,4.198285,5.7599998,100.0,0.0,52420.0,4.201311,20.567223
2026-01-14 06:00:00+01:00,3.9919999,1.1384199,5.7599998,85.0,0.0,48440.0,3.67394,20.49216
2026-01-14 07:00:00+01:00,3.142,3.219938,4.68,70.0,0.0,40480.0,4.101266,18.631031
2026-01-14 08:00:00+01:00,2.5419998,2.9024127,3.96,47.0,0.0,30920.0,5.195736,17.390388
2026-01-14 09:00:00+01:00,2.9919999,1.1384199,2.8799999,38.0,0.0,32340.0,4.6916795,17.914183
2026-01-14 10:00:00+01:00,4.392,1.9386592,2.16,48.0,0.0,37020.0,3.8667102,21.185438
2026-01-14 11:00:00+01:00,5.992,3.5455887,6.4799995,25.0,0.0,33040.0,2.8820758,26.660769
2026-01-14 12:00:00+01:00,7.692,2.8799999,6.4799995,3.0,0.0,42860.0,2.278481,28.123474
2026-01-14 13:00:00+01:00,8.542001,0.8049845,3.96,33.0,0.0,49600.0,5.333787,22.430868
2026-01-14 14:00:00+01:00,8.942,0.35999998,3.6,0.0,0.0,53000.0,3.67394,23.716516
2026-01-14 15:00:00+01:00,8.792001,2.5455842,3.6,0.0,0.0,50780.0,1.643036,20.52034
2026-01-14 16:00:00+01:00,7.492,2.0991426,3.2399998,29.0,0.0,48620.0,4.0758705,22.180428
2026-01-14 17:00:00+01:00,6.092,2.9024127,3.2399998,15.0,0.0,46080.0,4.201311,22.965515
2026-01-14 18:00:00+01:00,5.992,1.1384199,3.6,35.0,0.0,54220.0,3.9200466,21.794956
2026-01-14 19:00:00+01:00,5.6419997,0.5091169,1.4399999,67.0,0.0,54460.0,4.6916795,20.548483
2026-01-14 20:00:00+01:00,5.092,1.2979984,3.96,80.0,0.0,51600.0,3.9200466,21.402544
2026-01-14 21:00:00+01:00,4.842,3.5455887,4.32,66.0,0.0,49620.0,3.2222586,25.334478
2026-01-14 22:00:00+01:00,3.692,1.835647,5.04,55.0,0.0,36560.0,5.012658,21.357496
2026-01-14 23:00:00+01:00,4.442,4.3349743,5.04,62.0,0.0,43200.0,2.0379353,21.86555
2026-01-15 00:00:00+01:00,4.6419997,2.3051248,6.4799995,72.0,0.0,39660.0,2.9178793,21.085184
2026-01-15 01:00:00+01:00,3.842,2.5959969,5.7599998,80.0,0.0,28020.0,1.8788835,17.566723
2026-01-15 02:00:00+01:00,4.042,1.8,3.6,100.0,0.0,26280.0,4.556962,18.91831
2026-01-15 03:00:00+01:00,4.6419997,3.319036,4.32,60.0,0.0,34480.0,2.9178793,23.298607
2026-01-15 04:00:00+01:00,4.242,1.609969,5.04,80.0,0.0,25460.0,4.1265044,21.944693
2026-01-15 05:00:00+01:00,4.392,2.8116899,4.68,97.0,0.0,23220.0,4.2990294,28.693052
2026-01-15 06:00:00+01:00,4.742,3.9763298,4.68,79.0,0.1,23780.0,5.941551,24.578054
2026-01-15 07:00:00+01:00,4.342,3.5455887,6.8399997,80.0,0.2,15660.0,6.835443,20.85554
2026-01-15 08:00:00+01:00,4.592,4.8433046,7.92,78.0,0.1,22040.0,5.941551,16.527136
2026-01-15 09:00:00+01:00,4.8919997,3.5455887,7.5599995,94.0,0.0,29880.0,5.195736,19.390963
2026-01-15 10:00:00+01:00,4.792,4.1046314,4.68,78.0,0.0,14640.0,2.453999,23.364658
2026-01-15 11:00:00+01:00,6.042,2.3051248,7.2,61.0,0.0,16180.0,4.488087,23.463383
2026-01-15 12:00:00+01:00,7.042,2.16,3.2399998,75.0,0.0,18120.0,3.67394,24.966848
2026-01-15 13:00:00+01:00,6.992,1.8,6.4799995,79.0,0.0,20100.0,5.094838,32.89655
2026-01-15 14:00:00+01:00,7.592,0.5091169,2.8799999,74.0,0.0,27840.0,4.556962,36.32493
2026-01-15 15:00:00+01:00,7.192,2.1897945,4.32,80.0,0.0,35340.0,3.67394,35.806854
2026-01-15 16:00:00+01:00,6.342,3.2599385,4.68,81.0,0.0,33880.0,4.2990294,37.499107
2026-01-15 17:00:00+01:00,6.092,4.1046314,6.8399997,77.0,0.0,32420.0,4.556962,37.57608
2026-01-15 18:00:00+01:00,5.692,3.8268526,5.3999996,76.0,0.0,30700.0,4.556962,36.11219
2026-01-15 19:00:00+01:00,4.692,3.396233,6.8399997,99.0,0.0,22580.0,3.2222586,30.31864
2026-01-15 20:00:00+01:00,4.542,0.8049845,5.04,91.0,0.2,21460.0,6.524576,27.882717
2026-01-15 21:00:00+01:00,4.692,2.0991426,2.16,83.0,0.1,30300.0,4.9291077,32.06629
2026-01-15 22:00:00+01:00,5.192,1.8,5.3999996,74.0,0.2,31720.0,5.9240503,24.928242
2026-01-15 23:00:00+01:00,5.342,2.5455842,2.8799999,93.0,0.1,37860.0,5.487309,30.439116
2026-01-16 00:00:00+01:00,4.942,3.2599385,5.7599998,68.0,0.1,21360.0,5.3142853,24.710932
2026-01-16 01:00:00+01:00,4.742,3.671294,4.32,97.0,0.0,19840.0,7.34788,26.40668
2026-01-16 02:00:00+01:00,5.042,3.8268526,7.2,70.0,0.2,22180.0,5.6366506,27.89653
2026-01-16 03:00:00+01:00,4.592,2.8116899,6.12,69.0,0.1,21100.0,4.1265044,26.653542
2026-01-16 04:00:00+01:00,5.042,4.0249224,3.96,67.0,0.1,32220.0,9.666777,23.463383
2026-01-16 05:00:00+01:00,4.342,4.6938257,7.5599995,59.0,0.0,11320.0,7.20519,25.831429
2026-01-16 06:00:00+01:00,4.392,4.198285,5.7599998,50.0,0.0,10980.0,5.562481,27.820469
2026-01-16 07:00:00+01:00,4.542,4.802999,5.7599998,83.0,0.0,6720.0,5.0333285,23.099327
2026-01-16 08:00:00+01:00,3.9919999,3.319036,7.92,50.0,0.0,8900.0,3.67394,25.994967
2026-01-16 09:00:00+01:00,4.492,3.396233,5.04,33.0,0.0,10280.0,3.757767,24.452335
2026-01-16 10:00:00+01:00,5.1419997,3.219938,6.12,54.0,0.0,9940.0,1.643036,26.9768
2026-01-16 11:00:00+01:00,6.242,2.5959969,5.3999996,45.0,0.0,10580.0,2.6571426,27.758083
2026-01-16 12:00:00+01:00,7.592,1.1384199,3.6,39.0,0.0,6160.0,4.1265044,27.792759
2026-01-16 13:00:00+01:00,8.092,2.7416782,5.3999996,10.0,0.0,11360.0,3.67394,27.373749
2026-01-16 14:00:00+01:00,8.692,3.096837,5.7599998,0.0,0.0,19120.0,2.6571426,26.40668
2026-01-16 15:00:00+01:00,8.392,3.319036,6.12,0.0,0.0,18820.0,1.643036,25.273579
2026-01-16 16:00:00+01:00,7.342,3.096837,5.3999996,19.0,0.0,24500.0,3.5591009,23.17426
2026-01-16 17:00:00+01:00,6.6419997,2.5959969,6.8399997,48.0,0.0,25880.0,2.3236039,26.537657
2026-01-16 18:00:00+01:00,6.342,1.4399999,3.2399998,46.0,0.0,34120.0,2.3236039,29.591993
2026-01-16 19:00:00+01:00,6.992,2.8799999,3.96,74.0,0.1,48840.0,1.4410379,31.429213
2026-01-16 20:00:00+01:00,6.342,2.3051248,3.96,81.0,0.2,38520.0,2.0379353,35.308456
2026-01-16 21:00:00+01:00,6.942,1.8,2.52,79.0,0.1,48140.0,4.323114,37.370464
2026-01-16 22:00:00+01:00,5.792,1.1384199,2.16,98.0,0.3,30900.0,5.487309,38.60769
2026-01-16 23:00:00+01:00,5.992,2.3051248,3.96,92.0,1.3,30980.0,3.4704785,39.72898
2026-01-17 00:00:00+01:00,5.992,1.835647,3.6,100.0,1.1,28780.0,9.952556,42.859055
2026-01-17 01:00:00+01:00,5.3919997,0.35999998,2.8799999,100.0,1.0,16460.0,8.84802,38.04478
2026-01-17 02:00:00+01:00,5.342,2.7416782,4.32,100.0,1.4,17340.0,10.391472,36.877533
2026-01-17 03:00:00+01:00,5.492,4.2136917,5.04,91.0,1.5,20320.0,10.831775,30.640951
2026-01-17 04:00:00+01:00,5.192,1.835647,5.04,95.0,0.8,18660.0,6.0797453,34.278706
2026-01-17 05:00:00+01:00,5.042,3.6179552,4.32,98.0,0.9,19120.0,3.6455696,32.299725
2026-01-17 06:00:00+01:00,5.242,3.2599385,5.7599998,91.0,0.9,24120.0,4.757608,31.70989
2026-01-17 07:00:00+01:00,4.292,3.8773184,3.6,87.0,0.5,4200.0,2.278481,35.817608
2026-01-17 08:00:00+01:00,4.6419997,4.6938257,7.5599995,84.0,0.6,6220.0,2.3236039,35.919647
2026-01-17 09:00:00+01:00,4.592,3.5455887,6.8399997,89.0,0.8,7000.0,2.278481,35.308456
2026-01-17 10:00:00+01:00,5.3919997,4.3349743,5.04,80.0,0.7,7520.0,2.6571426,28.578697
2026-01-17 11:00:00+01:00,6.1419997,4.6102495,9.0,78.0,0.4,11920.0,1.8227848,26.186924
2026-01-17 12:00:00+01:00,6.442,2.9024127,6.8399997,86.0,0.4,7680.0,2.3236039,25.63681
2026-01-17 13:00:00+01:00,6.692,2.9024127,5.3999996,85.0,0.4,5900.0,3.2222586,20.818563
2026-01-17 14:00:00+01:00,6.692,2.2768397,6.4799995,81.0,0.9,6740.0,4.57969,22.973904
2026-01-17 15:00:00+01:00,6.6419997,2.5455842,3.6,57.0,0.6,9220.0,5.487309,19.862066
2026-01-17 16:00:00+01:00,6.342,4.6938257,7.2,73.0,0.5,5660.0,3.4704785,23.659594
2026-01-17 17:00:00+01:00,6.342,2.9024127,7.2,79.0,0.2,19120.0,4.6472077,28.006792
2026-01-17 18:00:00+01:00,5.692,2.1897945,4.68,70.0,0.3,14520.0,5.195736,28.980291
2026-01-17 19:00:00+01:00,5.442,4.5536795,5.04,89.0,0.1,18320.0,1.8788835,31.040686
2026-01-17 20:00:00+01:00,5.342,4.6102495,6.8399997,78.0,0.0,18300.0,3.4704785,27.317396
2026-01-17 21:00:00+01:00,4.992,3.7064266,7.92,77.0,0.0,13820.0,5.543783,21.546066
2026-01-17 22:00:00+01:00,5.792,1.8,4.32,85.0,0.0,20600.0,4.757608,24.14315
2026-01-17 23:00:00+01:00,5.842,4.3349743,5.3999996,79.0,0.0,23540.0,3.5591009,24.389233
2026-01-18 00:00:00+01:00,5.842,3.5455887,6.4799995,88.0,0.2,23860.0,4.0758705,23.95894
2026-01-18 01:00:00+01:00,5.942,4.5536795,5.3999996,75.0,0.1,21160.0,6.0797453,26.537657
2026-01-18 02:00:00+01:00,5.992,5.00128,9.0,100.0,0.0,19180.0,3.67394,25.20489
2026-01-18 03:00:00+01:00,6.1419997,3.8268526,7.2,56.0,0.1,27180.0,4.57969,19.490047
2026-01-18 04:00:00+01:00,5.942,4.1046314,4.32,63.0,0.0,25960.0,7.78694,19.251385
2026-01-18 05:00:00+01:00,5.942,3.8939953,6.12,62.0,0.1,27060.0,7.5842957,15.012479
2026-01-18 06:00:00+01:00,5.492,2.8116899,5.3999996,45.0,0.1,26320.0,6.1307654,14.609298
2026-01-18 07:00:00+01:00,5.092,4.802999,5.04,66.0,0.0,18420.0,6.940957,12.051613
2026-01-18 08:00:00+01:00,5.292,2.8116899,6.8399997,71.0,0.0,24500.0,7.958391,16.149862
2026-01-18 09:00:00+01:00,5.592,3.396233,4.32,58.0,0.0,25980.0,6.940957,15.529648
2026-01-18 10:00:00+01:00,6.042,3.4152596,3.96,74.0,0.0,17800.0,4.907998,17.654228
2026-01-18 11:00:00+01:00,7.1419997,2.9024127,4.68,61.0,0.1,24240.0,5.333787,19.400894
2026-01-18 12:00:00+01:00,8.292,2.2768397,4.68,53.0,0.1,19100.0,3.89347,20.47335
2026-01-18 13:00:00+01:00,8.992001,2.9024127,4.68,46.0,0.0,28960.0,5.6366506,19.120867
2026-01-18 14:00:00+01:00,9.192,0.71999997,5.3999996,53.0,0.0,28160.0,6.850616,18.877537
2026-01-18 15:00:00+01:00,9.192,1.5273507,3.2399998,21.0,0.0,33420.0,5.012658,18.672342
2026-01-18 16:00:00+01:00,8.392,0.71999997,2.16,11.0,0.0,30400.0,5.993747,16.71258
2026-01-18 17:00:00+01:00,7.492,2.16,2.52,45.0,0.0,26000.0,6.6350365,13.948265
2026-01-18 18:00:00+01:00,7.092,3.0758414,3.6,50.0,0.0,33600.0,4.556962,17.423588
2026-01-18 19:00:00+01:00,6.442,2.5959969,6.4799995,76.0,0.1,40240.0,6.524576,17.654228
2026-01-18 20:00:00+01:00,6.3919997,3.6179552,5.04,78.0,0.1,42580.0,5.8000655,17.914183
2026-01-18 21:00:00+01:00,6.442,3.6179552,5.04,100.0,0.1,40900.0,5.6366506,18.074755
2026-01-18 22:00:00+01:00,6.092,2.2768397,5.04,96.0,1.1,43260.0,3.4704785,15.517241
2026-01-18 23:00:00+01:00,6.342,2.3051248,3.96,87.0,0.3,40060.0,2.3236039,15.628565
2026-01-19 00:00:00+01:00,6.192,2.4149535,2.8799999,87.0,0.4,41360.0,2.453999,15.95788
2026-01-19 01:00:00+01:00,5.192,2.5959969,5.04,89.0,0.3,27460.0,2.6571426,18.877537
2026-01-19 02:00:00+01:00,5.342,2.0364676,3.96,94.0,0.5,21280.0,3.4704785,20.016638
2026-01-19 03:00:00+01:00,5.292,2.7416782,3.2399998,90.0,0.8,20080.0,3.4704785,18.516953
2026-01-19 04:00:00+01:00,4.8919997,4.198285,4.68,80.0,0.3,17640.0,3.5591009,15.95788
2026-01-19 05:00:00+01:00,4.792,4.198285,5.3999996,79.0,0.3,12740.0,2.7718916,13.781546
2026-01-19 06:00:00+01:00,4.442,2.1897945,5.3999996,81.0,0.3,7140.0,2.9178793,13.781546
2026-01-19 07:00:00+01:00,4.442,3.0758414,2.52,83.0,0.3,13020.0,4.201311,15.566816
2026-01-19 08:00:00+01:00,4.442,3.7064266,4.68,87.0,0.4,11140.0,5.155614,17.423588
2026-01-19 09:00:00+01:00,4.542,2.52,5.04,82.0,0.5,10420.0,5.094838,18.010698
2026-01-19 10:00:00+01:00,4.6419997,2.52,3.2399998,84.0,0.3,10080.0,11.92671,16.804535
2026-01-19 11:00:00+01:00,5.492,1.9386592,3.6,89.0,0.4,9400.0,11.012396,18.0
2026-01-19 12:00:00+01:00,6.442,3.671294,5.7599998,86.0,0.5,9920.0,7.840093,14.275861
2026-01-19 13:00:00+01:00,6.692,4.6938252,6.12,94.0,0.2,6420.0,7.543114,12.194616
2026-01-19 14:00:00+01:00,6.842,3.319036,8.28,82.0,0.0,16560.0,6.0797453,10.008319
2026-01-19 15:00:00+01:00,6.842,2.4149535,6.8399997,69.0,0.1,17380.0,5.941551,13.0492525
2026-01-19 16:00:00+01:00,6.442,2.1897945,4.68,80.0,0.0,7520.0,6.1138062,11.858258
2026-01-19 17:00:00+01:00,5.592,2.7416782,4.68,96.0,0.0,11840.0,5.155614,9.037377
2026-01-19 18:00:00+01:00,5.192,1.5273507,2.8799999,82.0,0.1,10660.0,3.67394,11.595439
2026-01-19 19:00:00+01:00,4.492,1.8,3.2399998,87.0,0.0,9040.0,3.8667102,13.152178
2026-01-19 20:00:00+01:00,4.8919997,2.9024127,3.2399998,76.0,0.0,26720.0,3.67394,20.217718
2026-01-19 21:00:00+01:00,3.7419999,4.73506,6.4799995,65.0,0.0,8040.0,2.3236039,23.17426
2026-01-19 22:00:00+01:00,4.192,2.2768397,6.4799995,93.0,0.0,14380.0,0.64445174,18.672342
2026-01-19 23:00:00+01:00,4.342,0.71999997,2.16,100.0,0.0,20720.0,2.7718916,16.386677
2026-01-20 00:00:00+01:00,4.342,1.2979984,1.08,100.0,0.0,25940.0,2.7718916,16.13793
2026-01-20 01:00:00+01:00,4.942,1.1384199,2.52,89.0,0.0,28040.0,1.8788835,16.492132
2026-01-20 02:00:00+01:00,4.742,1.484318,1.8,73.0,0.0,31560.0,1.4410379,15.517241
2026-01-20 03:00:00+01:00,3.642,4.3498964,5.04,59.0,0.0,11660.0,2.0379353,15.216393
2026-01-20 04:00:00+01:00,3.592,1.835647,5.7599998,77.0,0.0,9420.0,1.0189676,15.824542
2026-01-20 05:00:00+01:00,3.442,3.8939953,4.32,77.0,0.0,13640.0,0.64445174,12.4293
2026-01-20 06:00:00+01:00,3.2919998,2.5959969,4.32,50.0,0.0,13540.0,1.8227848,14.289349
2026-01-20 07:00:00+01:00,3.5419998,2.6208394,3.6,68.0,0.0,13980.0,1.8788835,16.77011
2026-01-20 08:00:00+01:00,3.0419998,3.8939953,4.32,65.0,0.0,9060.0,1.0189676,18.662022
2026-01-20 09:00:00+01:00,3.2419999,2.4149535,4.32,50.0,0.0,11700.0,1.8227848,19.28138
2026-01-20 10:00:00+01:00,4.6419997,4.1046314,3.2399998,48.0,0.0,11880.0,3.4704785,18.62069
2026-01-20 11:00:00+01:00,6.042,4.452954,6.4799995,33.0,0.0,23200.0,3.4704785,18.713562
2026-01-20 12:00:00+01:00,6.942,3.4152596,7.5599995,9.0,0.0,30800.0,2.6571426,20.567223
2026-01-20 13:00:00+01:00,7.292,2.5959969,7.5599995,39.0,0.0,43700.0,1.8788835,22.999043
2026-01-20 14:00:00+01:00,7.492,2.7416782,5.04,18.0,0.0,50980.0,1.0189676,18.042755
2026-01-20 15:00:00+01:00,7.542,1.4399999,4.68,0.0,0.0,52600.0,1.8227848,16.13793
2026-01-20 16:00:00+01:00,6.992,1.0182338,3.2399998,0.0,0.0,48660.0,1.643036,14.948187
2026-01-20 17:00:00+01:00,5.592,1.8,3.6,0.0,0.0,49340.0,0.9113924,12.413793
2026-01-20 18:00:00+01:00,4.542,4.1046314,4.32,0.0,0.0,50920.0,2.278481,11.939204
2026-01-20 19:00:00+01:00,3.7919998,3.0547013,5.04,0.0,0.0,54880.0,2.278481,12.413793
2026-01-20 20:00:00+01:00,3.592,4.1046314,5.3999996,0.0,0.0,54020.0,4.201311,13.711481
2026-01-20 21:00:00+01:00,3.0419998,3.219938,4.68,0.0,0.0,45940.0,4.201311,14.289349
2026-01-20 22:00:00+01:00,2.342,4.6102495,3.96,0.0,0.0,42580.0,2.278481,16.149862
2026-01-20 23:00:00+01:00,2.692,3.319036,5.04,0.0,0.0,51160.0,4.201311,16.861752
2026-01-21 00:00:00+01:00,2.842,4.0249224,6.12,0.0,0.0,56960.0,5.709857,13.781546
2026-01-21 01:00:00+01:00,1.342,5.3999996,6.12,0.0,0.0,40840.0,4.1265044,11.776757
2026-01-21 02:00:00+01:00,1.942,2.9024127,7.92,0.0,0.0,53020.0,2.278481,9.227215
2026-01-21 03:00:00+01:00,2.442,4.2136917,4.68,0.0,0.0,63660.0,3.757767,7.948705
2026-01-21 04:00:00+01:00,0.442,5.1165614,7.2,0.0,0.0,50400.0,3.3175182,7.5764823
2026-01-21 05:00:00+01:00,1.142,4.8965297,6.12,0.0,0.0,60340.0,3.2222586,6.8557405
2026-01-21 06:00:00+01:00,0.94200003,5.00128,9.36,0.0,0.0,59500.0,3.8667102,5.8883786
2026-01-21 07:00:00+01:00,1.142,3.7064266,6.12,0.0,0.0,59420.0,4.6916795,4.5186887
2026-01-21 08:00:00+01:00,1.692,5.495161,6.4799995,0.0,0.0,67500.0,4.844117,4.7270317
2026-01-21 09:00:00+01:00,1.792,4.2136917,6.4799995,0.0,0.0,64580.0,4.2990294,5.3031745
2026-01-21 10:00:00+01:00,3.192,1.8,4.32,0.0,0.0,59140.0,2.8820758,3.3425157
2026-01-21 11:00:00+01:00,4.6419997,1.9386592,4.68,0.0,0.0,48400.0,0.0,3.1649084
2026-01-21 12:00:00+01:00,6.3919997,3.5455887,6.12,0.0,0.0,54800.0,2.7718916,2.5591688
2026-01-21 13:00:00+01:00,7.042,4.896529,6.8399997,0.0,0.0,60380.0,4.201311,4.7270317
2026-01-21 14:00:00+01:00,7.442,4.3349743,5.7599998,0.0,0.0,59400.0,4.101266,4.475857
2026-01-21 15:00:00+01:00,7.3919997,1.484318,5.7599998,0.0,0.0,52140.0,2.278481,6.2068963
2026-01-21 16:00:00+01:00,6.8919997,0.35999998,2.8799999,0.0,0.0,55080.0,0.0,6.390391
2026-01-21 17:00:00+01:00,5.342,1.0182338,2.16,0.0,0.0,51200.0,1.4410379,9.164372
2026-01-21 18:00:00+01:00,4.342,2.5455842,2.8799999,0.0,0.0,47600.0,1.643036,9.164372
2026-01-21 19:00:00+01:00,3.0419998,1.8,3.2399998,0.0,0.0,54160.0,2.3236039,7.777219
2026-01-21 20:00:00+01:00,2.4919999,2.5959969,2.8799999,0.0,0.0,66340.0,1.4410379,10.606349
2026-01-21 21:00:00+01:00,2.4919999,2.16,2.52,0.0,0.0,70100.0,0.4556962,11.939203
2026-01-21 22:00:00+01:00,0.992,4.452954,3.6,0.0,0.0,68380.0,1.0189676,12.568007
2026-01-21 23:00:00+01:00,-0.258,5.0911684,6.8399997,5.0,0.0,50700.0,2.278481,14.999642
2026-01-22 00:00:00+01:00,-0.007999986,0.35999998,5.7599998,0.0,0.0,50920.0,3.0569031,17.489796
2026-01-22 01:00:00+01:00,1.042,1.835647,1.4399999,37.0,0.0,54780.0,0.4556962,16.102081
2026-01-22 02:00:00+01:00,1.242,1.8,2.8799999,34.0,0.0,60940.0,0.9113924,16.185604
2026-01-22 03:00:00+01:00,0.69200003,3.4152596,3.6,35.0,0.0,55240.0,0.64445174,17.256958
2026-01-22 04:00:00+01:00,0.14199999,1.0182338,3.96,25.0,0.0,41100.0,1.8227848,16.71258
2026-01-22 05:00:00+01:00,0.542,3.319036,3.96,22.0,0.0,48360.0,1.643036,17.390388
2026-01-22 06:00:00+01:00,-0.908,3.2599385,5.04,16.0,0.0,29780.0,1.4410379,17.643314
2026-01-22 07:00:00+01:00,-0.908,3.0758414,4.32,7.0,0.0,20760.0,0.4556962,16.77011
2026-01-22 08:00:00+01:00,-1.258,4.452954,5.7599998,0.0,0.0,23380.0,1.9333551,13.612786
2026-01-22 09:00:00+01:00,-0.758,2.2768397,5.7599998,0.0,0.0,42480.0,3.0569031,12.320337
2026-01-22 10:00:00+01:00,1.142,1.5273507,2.16,0.0,0.0,33500.0,1.0189676,12.413793
2026-01-22 11:00:00+01:00,3.0419998,2.8799999,3.6,0.0,0.0,32000.0,0.4556962,14.153901
2026-01-22 12:00:00+01:00,4.492,2.0991426,3.96,0.0,0.0,43920.0,0.0,12.735487
2026-01-22 13:00:00+01:00,6.1419997,2.3051248,2.8799999,0.0,0.0,59720.0,1.8788835,11.0510645
2026-01-22 14:00:00+01:00,6.542,1.1384199,3.6,0.0,0.0,59720.0,1.643036,9.310345
2026-01-22 15:00:00+01:00,6.592,2.3051248,2.52,0.0,0.0,62160.0,0.0,7.238423
2026-01-22 16:00:00+01:00,6.092,3.6,3.6,0.0,0.0,57900.0,1.0189676,4.8477407
2026-01-22 17:00:00+01:00,4.542,4.6800003,5.3999996,0.0,0.0,44580.0,2.0379353,6.329817
2026-01-22 18:00:00+01:00,3.442,1.2979984,4.68,0.0,0.0,35800.0,0.64445174,6.939521
2026-01-22 19:00:00+01:00,2.292,5.692099,5.04,0.0,0.0,38800.0,1.4410379,8.951714
2026-01-22 20:00:00+01:00,1.392,0.35999998,6.12,0.0,0.0,17800.0,2.0379353,5.7224755
2026-01-22 21:00:00+01:00,1.242,1.2979984,1.08,0.0,0.0,19140.0,1.4410379,3.9743526
2026-01-22 22:00:00+01:00,0.69200003,1.1384199,2.8799999,0.0,0.0,14260.0,1.643036,2.5591688
2026-01-22 23:00:00+01:00,2.142,1.609969,6.12,0.0,0.0,66960.0,0.64445174,5.8883786
2026-01-23 00:00:00+01:00,1.692,1.8,2.8799999,0.0,0.0,60360.0,3.286072,6.939521
2026-01-23 01:00:00+01:00,1.792,1.9386592,3.96,0.0,0.0,62680.0,2.278481,11.776757
2026-01-23 02:00:00+01:00,2.042,1.2979984,1.4399999,0.0,0.0,65360.0,1.3670886,13.398848
2026-01-23 03:00:00+01:00,2.442,1.8,2.8799999,0.0,0.0,66900.0,1.9333551,16.71258
2026-01-23 04:00:00+01:00,1.242,1.835647,2.52,0.0,0.0,53880.0,0.4556962,19.430658
2026-01-23 05:00:00+01:00,1.8920001,1.1384199,2.52,0.0,0.0,62280.0,2.0379353,19.716057
2026-01-23 06:00:00+01:00,2.442,1.4399999,1.8,0.0,0.0,69600.0,1.4410379,20.557856
2026-01-23 07:00:00+01:00,2.142,2.9024127,3.2399998,0.0,0.0,58680.0,0.0,25.136013
2026-01-23 08:00:00+01:00,1.442,1.9386592,3.96,0.0,0.0,52340.0,1.9333551,24.175043
2026-01-23 09:00:00+01:00,1.942,1.1384199,2.16,0.0,0.0,55380.0,1.8788835,20.41682
2026-01-23 10:00:00+01:00,2.5419998,3.2599385,2.52,0.0,0.0,42900.0,1.643036,22.77178
2026-01-23 11:00:00+01:00,4.392,3.2599385,5.3999996,0.0,0.0,34900.0,1.0189676,24.554531
2026-01-23 12:00:00+01:00,5.192,0.8049845,5.04,0.0,0.0,43960.0,1.8788835,22.965515
2026-01-23 13:00:00+01:00,5.292,2.0364676,6.4799995,6.0,0.0,31100.0,4.101266,29.857687
2026-01-23 14:00:00+01:00,5.792,0.5091169,5.04,38.0,0.0,32540.0,2.453999,27.882717
2026-01-23 15:00:00+01:00,5.742,2.0364676,3.96,71.0,0.0,33340.0,1.8227848,30.622086
2026-01-23 16:00:00+01:00,4.8919997,0.5091169,4.32,99.0,0.0,29360.0,1.9333551,38.727253
2026-01-23 17:00:00+01:00,4.692,5.8048253,7.2,79.0,0.1,40160.0,2.453999,38.065025
2026-01-23 18:00:00+01:00,3.392,5.495161,9.72,85.0,0.3,24380.0,3.67394,38.881138
2026-01-23 19:00:00+01:00,3.192,4.072935,8.28,96.0,0.3,26000.0,2.0379353,38.667522
2026-01-23 20:00:00+01:00,2.442,3.5455887,8.28,97.0,0.9,12440.0,3.0569031,38.11055
2026-01-23 21:00:00+01:00,2.4919999,1.484318,5.3999996,100.0,0.8,18440.0,4.556962,32.06629
2026-01-23 22:00:00+01:00,1.8920001,4.072935,3.6,86.0,0.8,9260.0,2.734177,36.809563
2026-01-23 23:00:00+01:00,1.942,0.8049845,6.8399997,91.0,0.5,9200.0,3.0569031,32.949207
2026-01-24 00:00:00+01:00,2.192,0.35999998,2.52,90.0,0.6,12720.0,3.89347,30.420122
2026-01-24 01:00:00+01:00,2.092,2.1897945,2.52,90.0,0.5,11460.0,4.1265044,36.704754
2026-01-24 02:00:00+01:00,2.2419999,1.1384199,2.52,91.0,0.6,12200.0,5.543783,35.384754
2026-01-24 03:00:00+01:00,1.942,3.6179552,7.2,92.0,0.7,5740.0,7.34788,29.702448
2026-01-24 04:00:00+01:00,2.392,4.0249224,6.4799995,93.0,0.7,10580.0,6.6350365,43.04741
2026-01-24 05:00:00+01:00,2.342,4.6102495,7.92,100.0,1.0,10220.0,5.8357587,38.587734
2026-01-24 06:00:00+01:00,1.692,3.2599385,7.92,90.0,0.7,2460.0,4.9291077,28.484177
2026-01-24 07:00:00+01:00,2.092,2.5959969,6.4799995,79.0,0.4,7200.0,4.907998,21.402544
2026-01-24 08:00:00+01:00,1.592,5.1544156,9.0,75.0,0.1,2820.0,1.643036,13.711481
2026-01-24 09:00:00+01:00,1.992,1.0182338,7.92,55.0,0.0,7660.0,2.734177,17.478779
2026-01-24 10:00:00+01:00,3.342,5.6002855,7.2,75.0,0.0,8080.0,5.487309,17.555754
2026-01-24 11:00:00+01:00,4.492,4.3349743,10.799999,76.0,0.0,11060.0,2.453999,20.818563
2026-01-24 12:00:00+01:00,4.742,3.319036,7.5599995,62.0,0.0,7660.0,3.6455696,19.271389
2026-01-24 13:00:00+01:00,6.592,4.198285,7.92,41.0,0.0,33820.0,5.506198,16.884583
2026-01-24 14:00:00+01:00,7.692,2.3051248,8.64,17.0,0.0,51520.0,5.0333285,18.0
2026-01-24 15:00:00+01:00,6.8919997,5.2416787,9.36,75.0,0.0,21500.0,6.198138,18.096056
2026-01-24 16:00:00+01:00,6.542,3.5455887,10.799999,48.0,0.0,17160.0,2.734177,19.725824
2026-01-24 17:00:00+01:00,6.092,3.8268526,4.68,70.0,0.0,27620.0,1.8227848,25.265957
2026-01-24 18:00:00+01:00,5.192,0.71999997,4.68,62.0,0.0,12800.0,0.0,26.926771
2026-01-24 19:00:00+01:00,4.992,2.9024127,3.2399998,71.0,0.0,30380.0,1.0189676,29.80603
2026-01-24 20:00:00+01:00,4.8919997,3.096837,5.3999996,73.0,0.0,42920.0,3.5591009,31.722036
2026-01-24 21:00:00+01:00,4.692,1.609969,7.2,75.0,0.0,48960.0,4.57969,31.034481
2026-01-24 22:00:00+01:00,4.8919997,0.71999997,3.6,87.0,0.2,43900.0,5.195736,41.516666
2026-01-24 23:00:00+01:00,4.6419997,1.484318,8.64,95.0,0.6,39380.0,1.643036,42.502514
2026-01-25 00:00:00+01:00,4.842,3.396233,4.68,99.0,1.0,17620.0,3.5591009,44.44762
2026-01-25 01:00:00+01:00,4.542,2.2768397,2.8799999,100.0,1.2,7460.0,5.3142853,39.53944
2026-01-25 02:00:00+01:00,3.892,4.0249224,6.12,100.0,2.0,2340.0,3.9200466,45.276318
2026-01-25 03:00:00+01:00,3.842,3.6,7.92,100.0,2.3,8200.0,8.21518,52.802414
2026-01-25 04:00:00+01:00,3.592,3.219938,6.8399997,100.0,1.4,5260.0,11.961482,38.542778
2026-01-25 05:00:00+01:00,3.9919999,3.2399998,3.6,100.0,0.1,16020.0,14.192577,30.57172
2026-01-25 06:00:00+01:00,3.842,2.0991426,7.5599995,97.0,0.7,16900.0,10.870049,20.938503
2026-01-25 07:00:00+01:00,3.4919999,4.2136917,4.32,75.0,0.2,14220.0,5.709857,14.529971
2026-01-25 08:00:00+01:00,3.142,2.9024127,7.92,69.0,0.1,10200.0,2.453999,9.227214
2026-01-25 09:00:00+01:00,3.192,2.16,4.32,83.0,0.0,8740.0,1.2889035,8.327425
2026-01-25 10:00:00+01:00,3.692,2.6208394,2.52,73.0,0.0,13500.0,2.8820758,8.442291
2026-01-25 11:00:00+01:00,4.692,0.35999998,5.3999996,94.0,0.0,16740.0,4.201311,12.568007
2026-01-25 12:00:00+01:00,5.6419997,0.8049845,5.3999996,58.0,0.0,17220.0,3.286072,8.622896
2026-01-25 13:00:00+01:00,5.692,1.2979984,3.2399998,82.0,0.0,21060.0,5.993747,6.329817
2026-01-25 14:00:00+01:00,5.942,3.6,7.2,48.0,0.0,24440.0,3.4704785,8.327425
2026-01-25 15:00:00+01:00,6.542,0.35999998,5.3999996,39.0,0.0,15260.0,1.2889035,4.7270317
2026-01-25 16:00:00+01:00,6.442,0.71999997,2.16,65.0,0.0,19780.0,2.453999,5.8883786
2026-01-25 17:00:00+01:00,5.442,1.2979984,1.4399999,81.0,0.0,13660.0,1.9333551,5.7224755
2026-01-25 18:00:00+01:00,4.542,4.6800003,5.04,62.0,0.0,15840.0,1.2889035,10.857635
2026-01-25 19:00:00+01:00,4.142,2.5959969,6.8399997,81.0,0.0,12040.0,2.0379353,8.442291
2026-01-25 20:00:00+01:00,3.942,2.7416782,3.6,67.0,0.0,24520.0,2.278481,7.677507
2026-01-25 21:00:00+01:00,3.7419999,2.6208394,3.6,53.0,0.0,25960.0,3.2222586,6.329817
2026-01-25 22:00:00+01:00,3.4919999,3.6179552,3.96,76.0,0.0,18000.0,2.577807,5.5862064
2026-01-25 23:00:00+01:00,3.442,2.968636,4.68,77.0,0.0,14420.0,1.3670886,5.3031745
2026-01-26 00:00:00+01:00,3.4919999,2.8116899,3.6,59.0,0.0,22760.0,3.286072,4.7270317
2026-01-26 01:00:00+01:00,3.592,3.5455887,3.6,48.0,0.0,30400.0,2.278481,6.48019
2026-01-26 02:00:00+01:00,2.842,4.0249224,7.92,58.0,0.0,25400.0,1.3670886,8.886923
2026-01-26 03:00:00+01:00,2.7419999,3.319036,5.3999996,41.0,0.0,20680.0,2.453999,8.886923
2026-01-26 04:00:00+01:00,2.692,1.484318,4.68,54.0,0.0,19480.0,2.577807,5.7224755
2026-01-26 05:00:00+01:00,2.9919999,3.5455887,4.32,15.0,0.0,29100.0,3.4704785,8.951714
2026-01-26 06:00:00+01:00,2.4919999,3.8268526,8.28,4.0,0.0,26280.0,2.9178793,10.00832
2026-01-26 07:00:00+01:00,2.5419998,2.2768397,5.04,7.0,0.0,38320.0,1.4410379,14.753624
2026-01-26 08:00:00+01:00,2.392,3.2399998,2.8799999,0.0,0.0,41520.0,2.7718916,20.864775
2026-01-26 09:00:00+01:00,3.0419998,3.8939953,4.68,0.0,0.0,39020.0,4.201311,20.548483
2026-01-26 10:00:00+01:00,4.092,1.2979984,5.04,0.0,0.0,33900.0,2.8820758,18.042753
2026-01-26 11:00:00+01:00,5.692,2.0991426,5.3999996,0.0,0.0,16000.0,3.4704785,15.329903
2026-01-26 12:00:00+01:00,6.742,1.9386592,5.7599998,0.0,0.0,27380.0,3.6455696,16.527136
2026-01-26 13:00:00+01:00,8.242001,2.8799999,5.3999996,0.0,0.0,54600.0,3.1898732,18.042753
2026-01-26 14:00:00+01:00,9.092,3.0547013,7.2,0.0,0.0,65220.0,3.1898732,13.6692705
2026-01-26 15:00:00+01:00,9.392,2.5455842,5.7599998,0.0,0.0,65500.0,1.8788835,13.612786
2026-01-26 16:00:00+01:00,8.942,5.0142193,9.36,0.0,0.0,63600.0,2.9178793,16.245003
2026-01-26 17:00:00+01:00,7.192,2.8116899,8.64,0.0,0.0,61060.0,2.3236039,16.77011
2026-01-26 18:00:00+01:00,5.292,4.6938257,5.7599998,0.0,0.0,68460.0,4.488087,22.898315
2026-01-26 19:00:00+01:00,4.692,2.52,6.12,0.0,0.0,70320.0,3.4704785,19.331268
2026-01-26 20:00:00+01:00,2.4919999,4.0249224,9.72,0.0,0.0,54520.0,2.8820758,16.70105
2026-01-26 21:00:00+01:00,3.392,5.6920996,8.28,0.0,0.0,63800.0,2.9178793,15.909525
2026-01-26 22:00:00+01:00,3.192,3.2399998,8.64,0.0,0.0,59980.0,3.3175182,15.012479
2026-01-26 23:00:00+01:00,2.5419998,5.904439,7.92,0.0,0.0,58940.0,0.4556962,15.216393
2026-01-27 00:00:00+01:00,3.592,5.1919937,7.92,0.0,0.0,69860.0,2.278481,15.517241
2026-01-27 01:00:00+01:00,3.2919998,6.6185193,6.8399997,0.0,0.0,69020.0,2.9178793,15.824542
2026-01-27 02:00:00+01:00,2.4919999,3.096837,7.5599995,0.0,0.0,62820.0,3.67394,14.909477
2026-01-27 03:00:00+01:00,3.342,3.6,5.7599998,0.0,0.0,72300.0,1.2889035,16.77011
2026-01-27 04:00:00+01:00,2.2419999,2.9024127,6.12,0.0,0.0,73300.0,2.9178793,20.49216
2026-01-27 05:00:00+01:00,2.342,4.6102495,6.12,0.0,0.0,73140.0,4.757608,18.170418
2026-01-27 06:00:00+01:00,2.342,4.73506,5.7599998,0.0,0.0,75320.0,1.643036,18.672342
2026-01-27 07:00:00+01:00,1.042,4.3498964,5.3999996,0.0,0.0,71660.0,4.6472077,22.387888
2026-01-27 08:00:00+01:00,0.89199996,5.04,9.36,0.0,0.0,70680.0,3.286072,21.546066
2026-01-27 09:00:00+01:00,2.092,3.219938,6.4799995,0.0,0.0,74680.0,3.67394,24.238705
2026-01-27 10:00:00+01:00,3.442,4.3349743,4.68,0.0,0.0,73980.0,1.4410379,29.086447
2026-01-27 11:00:00+01:00,4.842,1.609969,7.2,0.0,0.0,56300.0,2.6571426,29.670004
2026-01-27 12:00:00+01:00,6.1419997,2.0364676,5.04,0.0,0.0,69980.0,3.3175182,27.563091
2026-01-27 13:00:00+01:00,6.492,2.7416782,5.3999996,0.0,0.0,69320.0,7.418196,28.578697
2026-01-27 14:00:00+01:00,6.992,1.4399999,5.7599998,0.0,0.0,71540.0,7.418196,29.441893
2026-01-27 15:00:00+01:00,6.8919997,2.6208394,5.3999996,0.0,0.0,66440.0,9.383359,29.721897
2026-01-27 16:00:00+01:00,6.542,1.484318,3.6,74.0,0.0,64040.0,9.215885,27.89653
2026-01-27 17:00:00+01:00,6.092,2.5959969,3.2399998,75.0,0.0,63560.0,6.6350365,28.477415
2026-01-27 18:00:00+01:00,5.692,2.8116899,5.3999996,79.0,0.0,67600.0,6.198138,31.410818
2026-01-27 19:00:00+01:00,5.442,3.8268526,3.2399998,91.0,0.0,74020.0,2.7718916,46.655056
2026-01-27 20:00:00+01:00,4.192,7.491114,9.0,94.0,0.2,48840.0,2.7718916,43.963932
2026-01-27 21:00:00+01:00,3.592,5.991594,12.959999,84.0,0.2,20060.0,1.8788835,44.73273
2026-01-27 22:00:00+01:00,3.2419999,3.6179552,10.440001,96.0,0.2,11400.0,0.64445174,39.665905
2026-01-27 23:00:00+01:00,3.192,2.5455842,5.3999996,100.0,0.6,16840.0,0.0,36.117523
2026-01-28 00:00:00+01:00,2.892,5.8603754,7.92,100.0,0.9,8120.0,4.556962,45.55202
2026-01-28 01:00:00+01:00,3.092,4.3498964,9.0,100.0,0.8,9140.0,2.0379353,36.893196
2026-01-28 02:00:00+01:00,3.192,2.6208394,6.8399997,100.0,1.6,17180.0,1.2889035,29.356714
2026-01-28 03:00:00+01:00,2.642,2.3051248,5.04,100.0,1.6,14280.0,4.6472077,32.995945
2026-01-28 04:00:00+01:00,1.942,3.319036,7.5599995,100.0,1.3,6020.0,6.970812,36.15484
2026-01-28 05:00:00+01:00,2.192,4.198285,7.92,100.0,1.7,6740.0,8.151741,37.251724
2026-01-28 06:00:00+01:00,1.842,4.3349743,7.92,97.0,1.1,2200.0,9.227144,29.251541
2026-01-28 07:00:00+01:00,2.042,5.8048253,9.36,94.0,0.7,4780.0,11.419714,37.20515
2026-01-28 08:00:00+01:00,2.5419998,6.297428,14.4,100.0,1.1,8200.0,12.669665,41.881607
2026-01-28 09:00:00+01:00,2.392,4.1046314,10.799999,100.0,2.9,3640.0,12.396276,44.382565
2026-01-28 10:00:00+01:00,2.092,5.991594,10.799999,100.0,3.4,3180.0,13.533486,39.74353
2026-01-28 11:00:00+01:00,2.592,4.39436,11.879999,100.0,3.3,4140.0,8.976174,39.25586
2026-01-28 12:00:00+01:00,2.7419999,5.0528407,10.08,100.0,3.5,3820.0,10.831774,41.71108
2026-01-28 13:00:00+01:00,3.5419998,2.2768397,10.440001,100.0,2.8,8700.0,6.895935,34.491585
2026-01-28 14:00:00+01:00,3.342,6.2145634,11.879999,100.0,2.2,6420.0,9.515216,31.465965
2026-01-28 15:00:00+01:00,3.592,3.6179552,11.5199995,86.0,1.7,4560.0,6.850616,28.907082
2026-01-28 16:00:00+01:00,3.842,6.379216,9.36,82.0,0.7,6260.0,2.0379353,20.52034
2026-01-28 17:00:00+01:00,3.692,2.6208394,10.440001,79.0,0.6,9160.0,1.0189676,21.94469
2026-01-28 18:00:00+01:00,3.642,4.8965297,8.64,97.0,1.1,10960.0,3.5591009,15.909525
2026-01-28 19:00:00+01:00,3.442,4.5536795,10.08,100.0,0.7,11060.0,1.8227848,13.879042
2026-01-28 20:00:00+01:00,3.692,3.8268526,7.5599995,92.0,0.9,13300.0,1.8788835,13.781546
2026-01-28 21:00:00+01:00,3.592,2.6208394,5.7599998,85.0,0.7,9760.0,2.278481,10.569963
2026-01-28 22:00:00+01:00,3.442,3.396233,6.4799995,57.0,0.3,8640.0,4.2990294,9.227215
2026-01-28 23:00:00+01:00,3.392,1.609969,5.04,44.0,0.0,13720.0,4.6916795,8.068965
2026-01-29 00:00:00+01:00,3.2419999,1.484318,2.52,65.0,0.0,12800.0,4.57969,5.551616
2026-01-29 01:00:00+01:00,3.442,3.2599385,2.8799999,87.0,0.2,14060.0,1.2889035,13.0492525
2026-01-29 02:00:00+01:00,3.692,1.8,3.6,100.0,1.1,10460.0,1.0189676,11.939203
2026-01-29 03:00:00+01:00,3.642,2.8116899,2.8799999,98.0,1.4,7540.0,2.0379353,9.6356945
2026-01-29 04:00:00+01:00,3.592,4.5536795,6.12,77.0,1.0,4860.0,4.907998,4.475857
2026-01-29 05:00:00+01:00,3.942,5.0142193,9.0,50.0,0.1,13080.0,5.155614,8.442291
2026-01-29 06:00:00+01:00,3.892,4.6938257,8.64,0.0,0.1,15140.0,4.9291077,14.329733
2026-01-29 07:00:00+01:00,3.7419999,2.9024127,7.5599995,0.0,0.0,21580.0,9.022324,23.17426
2026-01-29 08:00:00+01:00,3.642,2.1897945,5.3999996,0.0,0.0,29900.0,8.598059,22.379284
2026-01-29 09:00:00+01:00,3.942,1.9386592,5.3999996,0.0,0.0,39200.0,5.195736,20.818563
2026-01-29 10:00:00+01:00,6.442,2.9024127,3.96,0.0,0.0,46780.0,4.556962,16.884583
2026-01-29 11:00:00+01:00,8.942,2.8116899,7.5599995,0.0,0.0,38280.0,6.444517,13.711481
2026-01-29 12:00:00+01:00,9.142,4.6938257,11.879999,0.0,0.0,25840.0,4.488087,13.034482
2026-01-29 13:00:00+01:00,9.442,4.39436,10.440001,0.0,0.0,33700.0,1.8788835,11.189641
2026-01-29 14:00:00+01:00,9.992001,5.00128,10.08,0.0,0.0,47320.0,1.643036,10.857635
2026-01-29 15:00:00+01:00,9.742001,6.28713,11.5199995,0.0,0.0,39520.0,0.9113924,9.227215
2026-01-29 16:00:00+01:00,9.492001,3.7585104,7.2,0.0,0.0,34860.0,1.643036,7.5764823
2026-01-29 17:00:00+01:00,8.342,2.1897945,6.8399997,0.0,0.0,34120.0,1.0189676,7.5764823
2026-01-29 18:00:00+01:00,6.6419997,4.6938252,5.04,0.0,0.0,59460.0,1.4410379,6.48019
2026-01-29 19:00:00+01:00,4.192,6.9527545,7.5599995,0.0,0.0,37260.0,1.643036,7.4482756
2026-01-29 20:00:00+01:00,3.892,4.3349743,7.2,0.0,0.0,37180.0,2.6571426,7.4740934
2026-01-29 21:00:00+01:00,4.342,6.0347,6.12,0.0,0.0,60260.0,2.278481,9.474416
2026-01-29 22:00:00+01:00,3.392,6.6185193,6.8399997,57.0,0.0,31580.0,2.278481,11.444951
2026-01-29 23:00:00+01:00,2.9919999,4.896529,6.8399997,43.0,0.0,29500.0,2.453999,12.915714
2026-01-30 00:00:00+01:00,3.892,0.5091169,5.04,12.0,0.0,48200.0,2.453999,15.517241
2026-01-30 01:00:00+01:00,4.192,1.5273507,3.6,78.0,0.0,41160.0,1.2889035,13.427569
2026-01-30 02:00:00+01:00,4.192,2.0364676,2.8799999,50.0,0.0,42980.0,2.453999,10.606349
2026-01-30 03:00:00+01:00,3.9919999,4.3349743,5.7599998,67.0,0.0,46860.0,4.101266,10.274241
2026-01-30 04:00:00+01:00,1.942,2.3051248,5.3999996,79.0,0.0,24560.0,3.4704785,6.598021
2026-01-30 05:00:00+01:00,2.192,3.563818,4.68,16.0,0.0,14960.0,2.7718916,8.442291
2026-01-30 06:00:00+01:00,2.642,3.2599385,4.68,42.0,0.0,40980.0,1.8788835,11.711148
2026-01-30 07:00:00+01:00,1.792,4.0249224,6.12,38.0,0.0,35280.0,2.734177,9.950412
2026-01-30 08:00:00+01:00,1.692,3.319036,6.12,10.0,0.0,54260.0,2.7718916,8.442291
2026-01-30 09:00:00+01:00,2.592,3.6,4.68,0.0,0.0,61600.0,4.844117,10.5517235
2026-01-30 10:00:00+01:00,3.392,3.4152596,4.32,0.0,0.0,43700.0,5.468354,11.858258
2026-01-30 11:00:00+01:00,5.3919997,2.5455842,5.04,0.0,0.0,24580.0,5.468354,13.781546
2026-01-30 12:00:00+01:00,6.842,1.5273507,4.68,0.0,0.0,64440.0,2.3236039,14.289349
2026-01-30 13:00:00+01:00,7.342,3.7585104,3.6,0.0,0.0,74880.0,2.278481,14.275861
2026-01-30 14:00:00+01:00,7.942,2.3051248,4.68,0.0,0.0,74740.0,1.4410379,17.043554
2026-01-30 15:00:00+01:00,8.192,1.9386592,3.96,0.0,0.0,74580.0,2.453999,19.251387
2026-01-30 16:00:00+01:00,7.792,1.8,3.2399998,0.0,0.0,73420.0,2.278481,21.438515
2026-01-30 17:00:00+01:00,6.792,1.8,2.52,0.0,0.0,71880.0,0.64445174,20.548483
2026-01-30 18:00:00+01:00,5.592,2.5959969,3.6,0.0,0.0,69720.0,2.453999,20.055098
2026-01-30 19:00:00+01:00,3.342,4.829907,6.4799995,0.0,0.0,52180.0,2.278481,17.290411
2026-01-30 20:00:00+01:00,2.892,5.5887027,5.7599998,0.0,0.0,59840.0,1.4410379,16.11404
2026-01-30 21:00:00+01:00,2.142,6.6185193,6.4799995,0.0,0.0,49620.0,0.64445174,16.562065
2026-01-30 22:00:00+01:00,1.342,5.991594,6.4799995,0.0,0.0,33440.0,0.64445174,10.4046545
2026-01-30 23:00:00+01:00,1.942,3.0547013,6.4799995,0.0,0.0,51780.0,0.64445174,10.00832
2026-01-31 00:00:00+01:00,2.292,2.0991426,3.6,0.0,0.0,62180.0,1.0189676,9.695481
2026-01-31 01:00:00+01:00,1.092,4.1046314,7.92,0.0,0.0,42060.0,1.0189676,8.821657
2026-01-31 02:00:00+01:00,1.442,1.609969,4.68,0.0,0.0,53200.0,3.757767,6.598021
2026-01-31 03:00:00+01:00,2.042,3.7064266,4.32,0.0,0.0,56660.0,5.094838,6.2068963
2026-01-31 04:00:00+01:00,1.542,2.968636,4.68,0.0,0.0,62680.0,5.543783,5.0041595
2026-01-31 05:00:00+01:00,1.442,1.0182338,3.2399998,0.0,0.0,61680.0,3.3175182,4.3889384
2026-01-31 06:00:00+01:00,1.992,4.73506,5.04,0.0,0.0,67940.0,2.8820758,5.0041595
2026-01-31 07:00:00+01:00,1.792,3.2599385,5.04,0.0,0.0,64900.0,1.9333551,5.1183376
2026-01-31 08:00:00+01:00,0.89199996,3.5455887,6.4799995,0.0,0.0,60860.0,3.4704785,1.9627929
2026-01-31 09:00:00+01:00,0.992,0.8049845,3.6,0.0,0.0,57280.0,3.2222586,2.6333632
2026-01-31 10:00:00+01:00,4.292,1.5273507,1.4399999,0.0,0.0,65360.0,1.4410379,2.2379284
2026-01-31 11:00:00+01:00,5.492,4.3349743,6.4799995,0.0,0.0,56920.0,3.757767,3.1649084
2026-01-31 12:00:00+01:00,6.742,3.096837,7.5599995,0.0,0.0,62300.0,2.453999,4.3889384
2026-01-31 13:00:00+01:00,7.792,4.3349743,4.32,0.0,0.0,68820.0,2.8820758,1.387904
2026-01-31 14:00:00+01:00,8.392,4.39436,5.7599998,0.0,0.0,70740.0,3.3175182,1.9627929
2026-01-31 15:00:00+01:00,8.542001,0.8049845,5.7599998,0.0,0.0,70440.0,3.0569031,3.1649084
2026-01-31 16:00:00+01:00,8.092,1.835647,4.68,0.0,0.0,71140.0,2.278481,5.0041595
2026-01-31 17:00:00+01:00,6.592,3.096837,3.96,0.0,0.0,66620.0,2.278481,5.7224755
2026-01-31 18:00:00+01:00,4.942,1.0182338,3.6,0.0,0.0,58020.0,1.2889035,5.8883786
2026-01-31 19:00:00+01:00,3.392,5.5887027,6.8399997,0.0,0.0,67180.0,3.757767,4.475857
2026-01-31 20:00:00+01:00,1.692,5.8603754,9.36,0.0,0.0,49400.0,5.709857,7.777219
2026-01-31 21:00:00+01:00,2.042,5.154415,10.08,0.0,0.0,58320.0,5.941551,8.1638975
2026-01-31 22:00:00+01:00,1.542,5.8048253,8.28,0.0,0.0,40480.0,7.418196,9.331011
2026-01-31 23:00:00+01:00,1.592,4.1046314,9.0,0.0,0.0,44640.0,5.8357587,8.092802
2026-02-01 00:00:00+01:00,2.292,4.1046314,5.7599998,0.0,0.0,61440.0,2.9178793,9.037377
2026-02-01 01:00:00+01:00,0.842,4.6938257,6.4799995,0.0,0.0,39540.0,2.0379353,6.390391
2026-02-01 02:00:00+01:00,2.142,6.28713,6.8399997,0.0,0.0,60380.0,2.453999,8.442291
2026-02-01 03:00:00+01:00,1.6420001,6.519877,7.5599995,0.0,0.0,57180.0,1.4410379,9.454063
2026-02-01 04:00:00+01:00,2.5419998,4.3498964,7.2,0.0,0.0,68620.0,1.643036,10.4046545
2026-02-01 05:00:00+01:00,1.492,6.28713,6.8399997,0.0,0.0,61620.0,1.0189676,9.164372
2026-02-01 06:00:00+01:00,1.692,4.0249224,6.4799995,0.0,0.0,62420.0,1.4410379,10.4046545
2026-02-01 07:00:00+01:00,0.842,6.3690495,7.2,0.0,0.0,50580.0,5.094838,11.595439
2026-02-01 08:00:00+01:00,0.442,4.6938257,8.64,0.0,0.0,40980.0,2.577807,10.998648
2026-02-01 09:00:00+01:00,2.842,1.4399999,5.7599998,0.0,0.0,68180.0,3.6455696,9.813965
2026-02-01 10:00:00+01:00,3.7919998,1.609969,1.4399999,0.0,0.0,56160.0,3.67394,8.1638975
2026-02-01 11:00:00+01:00,5.592,1.8,4.68,0.0,0.0,56820.0,2.453999,5.7224755
2026-02-01 12:00:00+01:00,6.8919997,1.835647,4.68,0.0,0.0,61220.0,1.0189676,5.7224755
2026-02-01 13:00:00+01:00,7.6419997,1.609969,4.68,0.0,0.0,58440.0,1.0189676,5.00416
2026-02-01 14:00:00+01:00,8.592,3.8939953,5.04,0.0,0.0,64840.0,3.0569031,7.0769506
2026-02-01 15:00:00+01:00,8.142,5.2416787,5.7599998,0.0,0.0,65960.0,3.286072,9.392738
2026-02-01 16:00:00+01:00,7.192,4.73506,6.4799995,0.0,0.0,53500.0,2.3236039,9.392738
2026-02-01 17:00:00+01:00,5.742,4.1046314,6.12,0.0,0.0,42020.0,4.6472077,9.950412
2026-02-01 18:00:00+01:00,3.442,5.154415,9.0,0.0,0.0,20660.0,3.2222586,11.189642
2026-02-01 19:00:00+01:00,2.442,5.154415,6.8399997,6.0,0.0,16420.0,0.9113924,10.236675
2026-02-01 20:00:00+01:00,2.092,5.0911684,9.0,75.0,0.0,20360.0,4.323114,11.793103
2026-02-01 21:00:00+01:00,1.942,4.2136917,7.92,90.0,0.0,11500.0,1.9333551,15.012479
2026-02-01 22:00:00+01:00,2.7419999,3.563818,5.7599998,100.0,0.0,13140.0,1.3670886,16.245003
2026-02-01 23:00:00+01:00,3.2919998,3.7064266,6.12,100.0,0.0,28320.0,1.0189676,14.909477
2026-02-02 00:00:00+01:00,3.2419999,0.71999997,4.32,95.0,0.0,32360.0,1.8227848,11.809426
2026-02-02 01:00:00+01:00,3.592,4.6938257,2.8799999,100.0,0.0,29760.0,3.2222586,12.194616
2026-02-02 02:00:00+01:00,3.592,4.39436,7.2,100.0,0.0,31760.0,2.3236039,14.329733
2026-02-02 03:00:00+01:00,3.892,3.4152596,7.92,100.0,0.0,26680.0,1.8227848,14.181093
2026-02-02 04:00:00+01:00,3.7919998,3.6,5.04,100.0,0.1,30860.0,1.8788835,12.735487
2026-02-02 05:00:00+01:00,3.4919999,5.315336,9.0,100.0,0.0,23980.0,3.2222586,13.093462
2026-02-02 06:00:00+01:00,3.942,4.73506,7.2,100.0,0.0,41640.0,0.9113924,14.948187
2026-02-02 07:00:00+01:00,3.092,2.8116899,6.8399997,77.0,0.0,40660.0,4.844117,13.166815
2026-02-02 08:00:00+01:00,3.5419998,5.904439,6.8399997,77.0,0.0,43580.0,0.64445174,15.329903
2026-02-02 09:00:00+01:00,3.442,2.3051248,9.36,90.0,0.0,29560.0,1.9333551,18.631031
2026-02-02 10:00:00+01:00,4.942,2.4149535,4.32,77.0,0.0,25560.0,3.2222586,20.66999
2026-02-02 11:00:00+01:00,6.192,2.5959969,5.7599998,68.0,0.0,29220.0,3.89347,25.898457
2026-02-02 12:00:00+01:00,7.042,3.319036,8.28,63.0,0.0,34080.0,2.3236039,30.050611
2026-02-02 13:00:00+01:00,6.492,3.319036,6.8399997,85.0,0.0,36200.0,5.3142853,32.06629
2026-02-02 14:00:00+01:00,6.6419997,2.2768397,10.08,84.0,0.0,48500.0,3.5591009,29.435349
2026-02-02 15:00:00+01:00,6.792,2.5455842,4.68,78.0,0.0,54720.0,3.2222586,25.898457
2026-02-02 16:00:00+01:00,6.3919997,1.8,7.5599995,49.0,0.0,45940.0,4.0758705,24.640675
2026-02-02 17:00:00+01:00,5.8919997,0.5091169,2.8799999,55.0,0.0,43220.0,3.67394,21.510277
2026-02-02 18:00:00+01:00,5.342,3.0758414,3.2399998,65.0,0.0,38500.0,2.6571426,22.889902
2026-02-02 19:00:00+01:00,4.6419997,2.3051248,5.04,75.0,0.0,41300.0,4.6916795,29.954306
2026-02-02 20:00:00+01:00,3.942,5.315336,5.3999996,84.0,0.0,25200.0,2.8820758,39.422344
2026-02-02 21:00:00+01:00,3.7919998,3.6,6.4799995,78.0,0.1,19680.0,4.844117,40.28271
2026-02-02 22:00:00+01:00,3.942,3.8268526,5.7599998,89.0,0.2,20900.0,5.9240503,42.370876
2026-02-02 23:00:00+01:00,3.892,1.9386592,5.7599998,85.0,0.5,30660.0,4.2990294,40.464012
2026-02-03 00:00:00+01:00,3.892,2.4149535,2.8799999,89.0,0.2,29140.0,3.4704785,40.273144
2026-02-03 01:00:00+01:00,3.842,1.8,3.2399998,90.0,0.4,16760.0,3.1898732,43.871822
2026-02-03 02:00:00+01:00,3.7919998,2.7416782,3.2399998,89.0,0.5,20640.0,2.3236039,48.529037
2026-02-03 03:00:00+01:00,3.642,2.9024127,3.6,91.0,0.3,19940.0,2.3236039,47.42085
2026-02-03 04:00:00+01:00,3.2919998,3.6179552,3.96,94.0,0.6,12780.0,2.6571426,55.307587
2026-02-03 05:00:00+01:00,2.692,2.9024127,8.64,98.0,0.7,9640.0,1.4410379,49.794632
2026-02-03 06:00:00+01:00,2.7419999,3.0547013,5.3999996,100.0,0.9,15800.0,1.643036,57.103443
2026-02-03 07:00:00+01:00,2.442,5.1919937,8.64,100.0,1.4,3360.0,13.057107,49.226597
2026-02-03 08:00:00+01:00,2.342,6.725354,12.599999,99.0,2.4,3880.0,8.21518,55.126183
2026-02-03 09:00:00+01:00,2.5419998,5.495161,10.08,100.0,2.3,5180.0,7.3053656,58.67405
2026-02-03 10:00:00+01:00,1.942,2.5455842,10.08,100.0,1.7,4040.0,11.4288025,46.700447
2026-02-03 11:00:00+01:00,2.4919999,7.754637,13.32,100.0,0.8,6800.0,8.253009,36.372623
2026-02-03 12:00:00+01:00,3.2419999,2.968636,12.959999,100.0,0.3,6860.0,7.5842957,33.106678
2026-02-03 13:00:00+01:00,3.692,3.6,10.08,100.0,0.1,8280.0,3.67394,37.47341
2026-02-03 14:00:00+01:00,3.7419999,2.5455842,7.2,100.0,0.1,5780.0,1.0189676,34.23372
2026-02-03 15:00:00+01:00,3.892,3.6179552,6.4799995,100.0,0.0,6260.0,0.0,30.533892
2026-02-03 16:00:00+01:00,3.7919998,4.3498964,7.5599995,100.0,0.0,8720.0,2.0379353,32.042255
2026-02-03 17:00:00+01:00,3.842,4.1046314,8.28,93.0,0.0,9480.0,2.0379353,31.189268
2026-02-03 18:00:00+01:00,3.4919999,2.16,6.12,70.0,0.0,6920.0,1.4410379,25.273579
2026-02-03 19:00:00+01:00,3.692,3.6,2.8799999,66.0,0.0,23280.0,1.8788835,23.98305
2026-02-03 20:00:00+01:00,3.4919999,4.3349743,6.8399997,63.0,0.0,31560.0,3.1898732,24.333883
2026-02-03 21:00:00+01:00,3.4919999,4.1046314,7.2,61.0,0.0,38160.0,4.2990294,24.238705
2026-02-03 22:00:00+01:00,3.7919998,4.3349743,5.7599998,82.0,0.0,29980.0,2.278481,24.405024
2026-02-03 23:00:00+01:00,4.242,2.5959969,7.92,97.0,0.2,39580.0,1.9333551,28.980291
2026-02-04 00:00:00+01:00,4.092,3.219938,4.68,95.0,0.5,35140.0,2.453999,25.74927
2026-02-04 01:00:00+01:00,3.892,1.2979984,6.12,88.0,0.6,28980.0,4.6916795,31.70989
2026-02-04 02:00:00+01:00,3.842,3.5455887,7.5599995,81.0,0.5,29160.0,5.487309,28.612377
2026-02-04 03:00:00+01:00,3.942,1.08,6.8399997,86.0,0.1,32040.0,7.958392,24.238705
2026-02-04 04:00:00+01:00,3.842,3.8268526,4.68,84.0,0.2,32780.0,4.0758705,22.041037
2026-02-04 05:00:00+01:00,3.692,4.8433046,8.28,89.0,0.1,24080.0,5.012658,20.809309
2026-02-04 06:00:00+01:00,4.092,3.7585104,6.4799995,72.0,0.2,33020.0,5.506198,19.400894
2026-02-04 07:00:00+01:00,3.592,1.1384199,4.32,84.0,0.2,24460.0,6.1307654,17.773846
2026-02-04 08:00:00+01:00,3.4919999,4.510787,9.36,58.0,0.0,25700.0,5.3142853,20.055098
2026-02-04 09:00:00+01:00,3.942,1.8,5.7599998,13.0,0.0,30520.0,3.89347,19.430658
2026-02-04 10:00:00+01:00,4.492,4.5536795,5.3999996,77.0,0.1,20540.0,3.2222586,13.093462
2026-02-04 11:00:00+01:00,5.1419997,2.5455842,8.64,47.0,0.3,18920.0,3.2222586,17.077427
2026-02-04 12:00:00+01:00,5.742,2.9024127,5.7599998,42.0,0.4,26600.0,6.572144,21.51923
2026-02-04 13:00:00+01:00,5.292,2.2768397,6.12,95.0,0.4,13680.0,6.895935,32.036243
2026-02-04 14:00:00+01:00,5.592,2.7416782,5.7599998,55.0,0.5,7800.0,6.0797453,40.03328
2026-02-04 15:00:00+01:00,5.592,1.4399999,6.4799995,100.0,0.6,11700.0,0.0,34.780777
2026-02-04 16:00:00+01:00,5.342,3.7585104,4.32,94.0,0.8,9400.0,5.487309,25.136013
2026-02-04 17:00:00+01:00,5.242,3.8939953,8.28,100.0,0.7,14100.0,6.524576,24.982275
2026-02-04 18:00:00+01:00,4.942,3.219938,5.3999996,72.0,1.3,16060.0,10.490913,26.653542
2026-02-04 19:00:00+01:00,4.592,3.8939953,7.5599995,94.0,0.9,9700.0,7.7334204,26.194277
2026-02-04 20:00:00+01:00,4.342,4.0249224,7.2,92.0,0.8,6960.0,8.377872,21.103449
2026-02-04 21:00:00+01:00,3.892,4.3349743,9.36,63.0,0.4,3660.0,5.155614,16.65485
2026-02-04 22:00:00+01:00,4.042,3.7064266,7.5599995,54.0,0.1,10060.0,4.488087,9.813965
2026-02-04 23:00:00+01:00,3.692,1.609969,6.8399997,32.0,0.0,10480.0,4.2990294,9.695481
2026-02-05 00:00:00+01:00,3.7919998,1.0182338,2.16,32.0,0.0,19300.0,4.201311,9.310345
2026-02-05 01:00:00+01:00,3.642,2.0991426,3.6,27.0,0.0,21860.0,3.2222586,7.5764823
2026-02-05 02:00:00+01:00,3.7919998,2.4149535,3.2399998,26.0,0.0,28200.0,3.286072,2.5591688
2026-02-05 03:00:00+01:00,3.7419999,3.4152596,5.04,26.0,0.0,27640.0,4.9291077,2.4827583
2026-02-05 04:00:00+01:00,4.192,5.3999996,3.96,16.0,0.0,37960.0,5.487309,3.6192114
2026-02-05 05:00:00+01:00,3.9919999,4.8433046,7.92,0.0,0.0,40420.0,4.6916795,8.821657
2026-02-05 06:00:00+01:00,3.692,4.510787,7.92,0.0,0.0,46660.0,5.7641516,8.622896
2026-02-05 07:00:00+01:00,3.842,4.5536795,5.7599998,0.0,0.0,47560.0,1.4410379,6.598021
2026-02-05 08:00:00+01:00,3.5419998,2.6208394,5.3999996,0.0,0.0,57240.0,1.643036,10.1040945
2026-02-05 09:00:00+01:00,3.5419998,3.6179552,5.04,0.0,0.0,41520.0,2.734177,12.795844
2026-02-05 10:00:00+01:00,3.9919999,4.68,7.92,5.0,0.0,3800.0,6.1138062,11.9230585
2026-02-05 11:00:00+01:00,6.8919997,2.1897945,6.8399997,0.0,0.0,17600.0,2.7718916,9.037377
2026-02-05 12:00:00+01:00,8.642,0.35999998,9.72,0.0,0.0,33240.0,4.1265044,14.329733
2026-02-05 13:00:00+01:00,9.192,4.829907,6.8399997,0.0,0.0,32980.0,3.3175182,17.566723
2026-02-05 14:00:00+01:00,9.942,3.6179552,9.72,0.0,0.0,49620.0,2.9178793,21.546066
2026-02-05 15:00:00+01:00,10.342,4.379589,7.5599995,0.0,0.0,56860.0,2.9178793,21.185438
2026-02-05 16:00:00+01:00,10.442,0.0,10.799999,0.0,0.0,49140.0,3.67394,28.232851
2026-02-05 17:00:00+01:00,9.192,1.835647,3.2399998,3.0,0.0,37160.0,1.8788835,25.816511
2026-02-05 18:00:00+01:00,6.8919997,6.130579,7.92,9.0,0.0,45580.0,4.757608,20.938503
2026-02-05 19:00:00+01:00,4.742,3.5455887,9.0,53.0,0.0,32080.0,8.215179,24.238705
2026-02-05 20:00:00+01:00,4.192,3.096837,3.2399998,59.0,0.0,16720.0,10.004581,28.578697
2026-02-05 21:00:00+01:00,6.292,2.9024127,6.8399997,38.0,0.0,45240.0,3.1898732,29.409164
2026-02-05 22:00:00+01:00,5.8919997,2.6208394,8.28,100.0,0.0,22720.0,6.1307654,29.896374
2026-02-05 23:00:00+01:00,6.292,4.510787,6.8399997,100.0,1.6,21440.0,3.67394,30.432787
2026-02-06 00:00:00+01:00,6.342,3.0547013,6.12,96.0,1.5,34480.0,1.4410379,28.04116
2026-02-06 01:00:00+01:00,5.842,3.096837,3.96,85.0,0.7,32680.0,3.9200466,23.040882
2026-02-06 02:00:00+01:00,5.742,3.9763298,4.68,88.0,0.5,29980.0,1.8227848,20.632679
2026-02-06 03:00:00+01:00,6.242,1.2979984,5.04,100.0,0.9,30320.0,2.453999,16.77011
2026-02-06 04:00:00+01:00,5.792,2.4149535,2.16,100.0,1.2,25660.0,5.195736,19.040104
2026-02-06 05:00:00+01:00,4.942,4.39436,9.0,67.0,0.8,6140.0,6.198138,14.948187
2026-02-06 06:00:00+01:00,4.392,4.3349743,6.8399997,70.0,0.1,2860.0,6.47666,14.181093
2026-02-06 07:00:00+01:00,4.542,4.0249224,9.36,57.0,0.0,3980.0,3.757767,15.012479
2026-02-06 08:00:00+01:00,4.342,4.1046314,7.5599995,42.0,0.0,6880.0,1.8788835,14.396789
2026-02-06 09:00:00+01:00,4.592,3.6179552,5.7599998,0.0,0.0,10100.0,2.278481,17.043554
2026-02-06 10:00:00+01:00,5.792,1.4399999,5.04,0.0,0.0,7420.0,2.0379353,20.208189
2026-02-06 11:00:00+01:00,7.842,1.835647,5.7599998,0.0,0.0,18040.0,2.3236039,18.91831
2026-02-06 12:00:00+01:00,8.942,2.3051248,6.12,0.0,0.0,29920.0,2.8820758,20.208189
2026-02-06 13:00:00+01:00,9.792001,1.5273507,4.68,0.0,0.0,37660.0,0.9113924,20.66999
2026-02-06 14:00:00+01:00,10.442,2.4149535,6.12,0.0,0.0,49060.0,0.4556962,20.66067
2026-02-06 15:00:00+01:00,10.842,2.3051248,6.4799995,0.0,0.0,45980.0,1.643036,22.014801
2026-02-06 16:00:00+01:00,11.192,1.5273507,4.32,0.0,0.0,55020.0,1.4410379,19.49005
2026-02-06 17:00:00+01:00,10.492001,0.71999997,3.2399998,0.0,0.0,58580.0,3.286072,16.292364
2026-02-06 18:00:00+01:00,8.592,0.8049845,1.8,0.0,0.0,56560.0,3.67394,14.922391
2026-02-06 19:00:00+01:00,7.092,3.6,3.2399998,0.0,0.0,54160.0,4.57969,15.329903
2026-02-06 20:00:00+01:00,6.842,4.510787,5.3999996,0.0,0.0,63480.0,4.757608,16.13793
2026-02-06 21:00:00+01:00,6.792,4.5820518,6.12,0.0,0.0,60860.0,5.8357587,16.386677
2026-02-06 22:00:00+01:00,6.342,4.072935,6.12,0.0,0.0,58300.0,5.487309,12.4911375
2026-02-06 23:00:00+01:00,6.092,3.319036,8.28,0.0,0.0,58880.0,2.9178793,11.189642
2026-02-07 00:00:00+01:00,6.1419997,5.6233797,7.2,0.0,0.0,61600.0,3.286072,11.41124
2026-02-07 01:00:00+01:00,5.192,4.39436,8.64,0.0,0.0,56500.0,4.9291077,6.939521
2026-02-07 02:00:00+01:00,5.8919997,3.319036,6.8399997,0.0,0.0,69080.0,3.757767,5.5862064
2026-02-07 03:00:00+01:00,6.092,5.3517847,5.7599998,0.0,0.0,72400.0,3.9200466,6.598021
2026-02-07 04:00:00+01:00,5.942,5.495161,7.5599995,0.0,0.0,70680.0,3.8667102,9.454063
2026-02-07 05:00:00+01:00,4.942,4.6102495,8.28,0.0,0.0,58560.0,5.506198,14.329733
2026-02-07 06:00:00+01:00,5.542,1.9386592,5.04,0.0,0.0,65900.0,5.993747,13.612786
2026-02-07 07:00:00+01:00,4.792,2.968636,2.8799999,0.0,0.1,53640.0,4.323114,14.329733
2026-02-07 08:00:00+01:00,4.6419997,3.9763298,6.8399997,0.0,0.0,56100.0,6.1138062,13.326771
2026-02-07 09:00:00+01:00,5.942,1.484318,4.32,0.0,0.0,63280.0,6.835443,10.551724
2026-02-07 10:00:00+01:00,6.742,1.1384199,3.2399998,0.0,0.0,56960.0,3.89347,6.329817
2026-02-07 11:00:00+01:00,8.942,1.2979984,3.96,0.0,0.0,48780.0,2.8820758,8.092802
2026-02-07 12:00:00+01:00,10.542001,2.3051248,6.12,0.0,0.0,52740.0,1.0189676,10.624495
2026-02-07 13:00:00+01:00,10.842,3.396233,5.3999996,0.0,0.0,49420.0,4.0758705,10.236675
2026-02-07 14:00:00+01:00,11.442,4.1046314,6.4799995,0.0,0.0,60500.0,2.453999,7.948705
2026-02-07 15:00:00+01:00,11.792001,2.5455842,5.04,0.0,0.0,67760.0,1.8788835,6.7137847
2026-02-07 16:00:00+01:00,11.392,2.5455842,3.6,0.0,0.0,68440.0,1.0189676,5.551616
2026-02-07 17:00:00+01:00,10.242001,1.8,3.96,0.0,0.0,54840.0,1.4410379,4.7270317
2026-02-07 18:00:00+01:00,8.192,4.5536795,4.68,0.0,0.0,48080.0,1.0189676,4.5186887
2026-02-07 19:00:00+01:00,8.092,2.52,6.12,0.0,0.0,57740.0,2.278481,9.494725
2026-02-07 20:00:00+01:00,7.242,2.9024127,2.8799999,0.0,0.0,56660.0,0.4556962,7.5764823
2026-02-07 21:00:00+01:00,5.092,4.2136917,8.28,0.0,0.0,25280.0,1.0189676,6.1445136
2026-02-07 22:00:00+01:00,5.1419997,3.7585104,5.3999996,0.0,0.0,27080.0,1.3670886,2.4827583
2026-02-07 23:00:00+01:00,6.1419997,4.1046314,5.04,8.0,0.0,48980.0,2.0379353,4.1637125
2026-02-08 00:00:00+01:00,6.542,2.2768397,4.68,15.0,0.0,59740.0,0.9113924,6.329817
2026-02-08 01:00:00+01:00,6.542,2.16,3.96,13.0,0.0,61300.0,3.286072,4.3889384
2026-02-08 02:00:00+01:00,5.542,5.1165614,6.4799995,18.0,0.0,55220.0,1.8788835,5.00416
2026-02-08 03:00:00+01:00,5.292,2.2768397,7.2,25.0,0.0,52160.0,1.4410379,8.886923
2026-02-08 04:00:00+01:00,5.542,4.3349743,6.4799995,11.0,0.0,56860.0,3.0569031,6.939521
2026-02-08 05:00:00+01:00,4.042,4.198285,8.64,11.0,0.0,32700.0,1.8788835,7.238423
2026-02-08 06:00:00+01:00,4.8919997,1.8,6.4799995,0.0,0.0,44060.0,4.0758705,7.5764823
2026-02-08 07:00:00+01:00,5.042,4.072935,5.04,0.0,0.0,41400.0,6.1138062,8.442291
2026-02-08 08:00:00+01:00,5.192,3.563818,4.68,3.0,0.0,50540.0,6.330734,13.6692705
2026-02-08 09:00:00+01:00,5.442,1.4399999,5.7599998,10.0,0.0,50340.0,5.993747,10.998648
2026-02-08 10:00:00+01:00,6.3919997,1.1384199,1.8,27.0,0.0,39900.0,1.643036,10.330335
2026-02-08 11:00:00+01:00,8.292,4.2136917,5.7599998,16.0,0.0,49580.0,1.3670886,12.413793
2026-02-08 12:00:00+01:00,9.092,1.484318,6.12,29.0,0.0,50160.0,2.3236039,15.012479
2026-02-08 13:00:00+01:00,9.592,3.5455887,5.3999996,48.0,0.0,49040.0,2.278481,16.386677
2026-02-08 14:00:00+01:00,10.392,2.2768397,6.8399997,43.0,0.0,62160.0,0.4556962,13.612786
2026-02-08 15:00:00+01:00,10.992001,3.8939953,7.92,41.0,0.0,62580.0,3.2222586,15.266946
2026-02-08 16:00:00+01:00,10.392,2.0364676,6.8399997,42.0,0.0,56440.0,3.3175182,16.11404
2026-02-08 17:00:00+01:00,9.692,1.609969,3.6,37.0,0.0,46320.0,3.4704785,14.922391
2026-02-08 18:00:00+01:00,8.542001,3.219938,3.6,43.0,0.0,50060.0,1.4410379,13.739551
2026-02-08 19:00:00+01:00,6.3919997,4.73506,5.3999996,4.0,0.0,38160.0,1.9333551,6.939521
2026-02-08 20:00:00+01:00,5.942,4.452954,5.04,0.0,0.0,33140.0,1.4410379,6.8557405
2026-02-08 21:00:00+01:00,6.742,2.9024127,4.68,12.0,0.0,48520.0,1.2889035,8.068965
2026-02-08 22:00:00+01:00,7.242,0.35999998,3.2399998,53.0,0.0,59000.0,1.3670886,9.392738
2026-02-08 23:00:00+01:00,7.092,3.4152596,3.96,77.0,0.0,48020.0,0.9113924,7.5510154
2026-02-09 00:00:00+01:00,6.842,2.0991426,4.32,33.0,0.0,52260.0,1.4410379,7.4740934
2026-02-09 01:00:00+01:00,5.842,2.2768397,2.52,71.0,0.0,24680.0,2.0379353,8.711794
2026-02-09 02:00:00+01:00,5.792,2.0991426,3.2399998,57.0,0.0,28600.0,0.4556962,10.008319
2026-02-09 03:00:00+01:00,5.992,2.9024127,3.96,43.0,0.0,30320.0,1.8227848,9.392738
2026-02-09 04:00:00+01:00,5.592,4.0249224,3.96,51.0,0.0,31240.0,1.0189676,5.1183376
2026-02-09 05:00:00+01:00,5.492,2.6208394,5.3999996,63.0,0.0,34440.0,0.64445174,6.113084
2026-02-09 06:00:00+01:00,5.292,2.7416782,4.32,56.0,0.0,35840.0,0.4556962,6.2068963
2026-02-09 07:00:00+01:00,5.242,2.3051248,3.2399998,51.0,0.0,36380.0,1.0189676,5.7224755
2026-02-09 08:00:00+01:00,5.042,2.5959969,3.6,46.0,0.0,31860.0,0.9113924,7.0769506
2026-02-09 09:00:00+01:00,5.542,2.968636,3.96,55.0,0.0,32580.0,1.0189676,10.330335
2026-02-09 10:00:00+01:00,6.792,3.0758414,3.2399998,40.0,0.1,38220.0,3.0569031,11.858258
2026-02-09 11:00:00+01:00,7.792,1.1384199,7.2,48.0,0.0,33920.0,2.8820758,11.444951
2026-02-09 12:00:00+01:00,8.692,1.2979984,3.6,50.0,0.0,42700.0,2.8820758,11.41124
2026-02-09 13:00:00+01:00,9.042001,1.08,6.8399997,44.0,0.1,37320.0,5.195736,11.0510645
2026-02-09 14:00:00+01:00,9.592,1.0182338,5.7599998,50.0,0.0,46740.0,4.201311,11.189642
2026-02-09 15:00:00+01:00,9.542001,1.5273507,4.68,61.0,0.0,37520.0,3.67394,11.858258
2026-02-09 16:00:00+01:00,8.942,4.802999,3.96,43.0,0.0,32640.0,5.543783,9.813965
2026-02-09 17:00:00+01:00,8.092,4.2136917,9.72,25.0,0.0,9740.0,5.333787,11.0510645
2026-02-09 18:00:00+01:00,7.192,3.319036,7.2,39.0,0.0,14780.0,2.9178793,11.545494
2026-02-09 19:00:00+01:00,5.942,5.904439,3.6,49.0,0.0,16480.0,4.488087,14.490146
2026-02-09 20:00:00+01:00,5.3919997,3.6,6.4799995,68.0,0.0,14300.0,3.2222586,19.716057
2026-02-09 21:00:00+01:00,5.442,2.8116899,5.3999996,78.0,0.0,11640.0,2.3236039,15.95788
2026-02-09 22:00:00+01:00,5.442,1.609969,6.12,76.0,0.5,18020.0,4.907998,16.71258
2026-02-09 23:00:00+01:00,5.6419997,3.4152596,4.32,72.0,0.2,20640.0,7.34788,15.367554
2026-02-10 00:00:00+01:00,6.092,2.7416782,4.32,77.0,0.0,34620.0,3.3175182,18.096056
2026-02-10 01:00:00+01:00,5.6419997,2.16,5.04,81.0,0.2,21420.0,6.940957,17.489796
2026-02-10 02:00:00+01:00,5.492,5.1919937,7.2,88.0,0.2,19060.0,5.709857,16.386677
2026-02-10 03:00:00+01:00,5.492,2.5455842,9.36,81.0,0.0,21860.0,4.323114,17.390388
2026-02-10 04:00:00+01:00,4.992,4.3349743,3.6,85.0,0.0,10580.0,7.20519,15.824544
2026-02-10 05:00:00+01:00,5.042,4.3498964,8.64,79.0,0.2,9480.0,4.201311,13.283339
2026-02-10 06:00:00+01:00,5.042,2.5959969,7.5599995,80.0,0.1,15020.0,2.278481,14.153901
2026-02-10 07:00:00+01:00,4.942,3.0758414,3.6,91.0,0.2,13480.0,5.333787,13.093462
2026-02-10 08:00:00+01:00,5.192,4.6102495,9.36,83.0,0.2,17700.0,3.3175182,11.189642
2026-02-10 09:00:00+01:00,5.542,3.2599385,5.3999996,82.0,0.2,14760.0,5.094838,11.858258
2026-02-10 10:00:00+01:00,6.592,4.0249224,4.32,87.0,0.1,15820.0,3.3175182,10.1040945
2026-02-10 11:00:00+01:00,7.3919997,2.7416782,8.64,83.0,0.0,23220.0,3.2222586,7.948705
2026-02-10 12:00:00+01:00,7.992,1.0182338,5.7599998,72.0,0.0,28480.0,4.6916795,13.0492525
2026-02-10 13:00:00+01:00,7.292,1.1384199,2.8799999,100.0,0.0,10660.0,6.970812,10.98112
2026-02-10 14:00:00+01:00,7.442,1.1384199,7.92,91.0,0.2,10580.0,5.195736,12.320337
2026-02-10 15:00:00+01:00,7.692,0.8049845,4.32,98.0,0.0,14060.0,3.6455696,16.102081
2026-02-10 16:00:00+01:00,7.592,1.484318,3.2399998,91.0,0.0,15800.0,2.734177,20.632679
2026-02-10 17:00:00+01:00,7.242,1.2979984,5.3999996,97.0,0.0,14200.0,5.941551,24.640675
2026-02-10 18:00:00+01:00,7.042,1.609969,3.2399998,100.0,0.1,23320.0,6.3960004,21.51923
2026-02-10 19:00:00+01:00,6.692,0.0,3.2399998,93.0,0.1,15760.0,5.9240503,20.360134
2026-02-10 20:00:00+01:00,6.492,3.6,4.32,43.0,0.1,16520.0,7.3053656,12.320337
2026-02-10 21:00:00+01:00,6.592,2.8116899,4.68,44.0,0.1,32100.0,4.907998,21.402544
2026-02-10 22:00:00+01:00,6.792,2.4149535,3.6,100.0,0.7,24000.0,1.0189676,32.796856
2026-02-10 23:00:00+01:00,6.192,4.6800003,7.5599995,96.0,1.7,19620.0,1.4410379,39.422344
2026-02-11 00:00:00+01:00,6.1419997,4.1046314,6.4799995,93.0,0.6,19480.0,1.4410379,32.525555
2026-02-11 01:00:00+01:00,5.992,3.9763298,6.8399997,100.0,1.1,8080.0,4.6916795,26.194277
2026-02-11 02:00:00+01:00,5.992,2.5455842,7.2,89.0,0.7,17840.0,5.941551,20.265303
2026-02-11 03:00:00+01:00,5.742,3.7064266,7.2,79.0,0.4,22780.0,1.643036,15.554438
2026-02-11 04:00:00+01:00,5.1419997,2.2768397,6.4799995,93.0,0.1,4700.0,3.0569031,11.939203
2026-02-11 05:00:00+01:00,4.992,4.5820518,9.0,59.0,0.4,5400.0,1.4410379,8.442291
2026-02-11 06:00:00+01:00,5.042,2.8116899,6.8399997,41.0,0.0,14000.0,3.5591009,11.776757
2026-02-11 07:00:00+01:00,4.492,2.968636,7.2,59.0,0.0,3000.0,4.2990294,14.153901
2026-02-11 08:00:00+01:00,4.542,0.71999997,6.12,42.0,0.0,11800.0,3.2222586,24.389233
2026-02-11 09:00:00+01:00,5.742,1.8,2.52,40.0,0.0,38300.0,2.6571426,35.98394
2026-02-11 10:00:00+01:00,6.492,6.130579,6.12,11.0,0.0,8200.0,4.2990294,42.54328
2026-02-11 11:00:00+01:00,8.042,1.609969,13.679999,0.0,0.0,20640.0,0.9113924,35.04561
2026-02-11 12:00:00+01:00,9.242001,2.8116899,6.8399997,0.0,0.0,39280.0,3.2222586,47.72857
2026-02-11 13:00:00+01:00,9.892,3.9763298,7.2,0.0,0.0,52460.0,7.971428,39.500443
2026-02-11 14:00:00+01:00,10.442,6.162207,12.959999,0.0,0.0,63620.0,6.572144,39.99958
2026-02-11 15:00:00+01:00,11.092,2.0991426,11.879999,0.0,0.0,64280.0,4.511162,44.938957
2026-02-11 16:00:00+01:00,11.492001,1.8,6.4799995,0.0,0.0,64900.0,5.0333285,47.93798
2026-02-11 17:00:00+01:00,10.642,1.484318,6.4799995,0.0,0.0,54760.0,4.57969,46.918552
2026-02-11 18:00:00+01:00,8.042,7.42159,9.0,0.0,0.0,39800.0,5.487309,56.90407
2026-02-11 19:00:00+01:00,6.592,5.506941,11.159999,0.0,0.0,36860.0,3.4704785,42.033108
2026-02-11 20:00:00+01:00,5.3919997,5.6920996,9.72,0.0,0.0,26820.0,4.1265044,31.022066
2026-02-11 21:00:00+01:00,5.192,6.638072,9.72,0.0,0.0,28260.0,4.2990294,32.042255
2026-02-11 22:00:00+01:00,5.242,4.68,8.64,0.0,0.0,34680.0,4.907998,25.816511
2026-02-11 23:00:00+01:00,5.692,6.6087217,9.36,0.0,0.0,48060.0,4.511162,21.510277
2026-02-12 00:00:00+01:00,6.042,6.193674,9.72,2.0,0.0,46840.0,4.488087,27.89653
2026-02-12 01:00:00+01:00,5.592,3.8939953,9.72,61.0,0.0,24340.0,3.4704785,42.70146
2026-02-12 02:00:00+01:00,7.1419997,3.563818,8.64,77.0,0.0,51040.0,5.993747,45.619633
2026-02-12 03:00:00+01:00,6.3919997,5.991594,10.08,63.0,0.0,31960.0,2.7718916,49.18745
2026-02-12 04:00:00+01:00,6.092,5.0528407,10.08,100.0,0.0,11880.0,1.643036,38.781925
2026-02-12 05:00:00+01:00,5.792,4.072935,10.799999,100.0,0.0,11020.0,6.47666,32.490005
2026-02-12 06:00:00+01:00,6.1419997,3.4152596,8.28,93.0,0.2,17660.0,1.643036,23.090988
2026-02-12 07:00:00+01:00,6.242,1.5273507,4.68,71.0,0.0,21240.0,2.6571426,8.711794
2026-02-12 08:00:00+01:00,5.6419997,0.35999998,8.64,77.0,0.0,6320.0,0.64445174,11.809426
2026-02-12 09:00:00+01:00,5.8919997,4.0249224,6.4799995,73.0,0.0,2860.0,1.0189676,16.861752
2026-02-12 10:00:00+01:00,7.492,0.0,6.12,58.0,0.0,4800.0,3.2222586,26.69687
2026-02-12 11:00:00+01:00,8.642,1.1384199,6.12,55.0,0.0,9700.0,5.543783,38.88609
2026-02-12 12:00:00+01:00,9.742001,3.7064266,9.0,47.0,0.0,32780.0,11.401515,55.91032
2026-02-12 13:00:00+01:00,10.192,1.9386592,8.28,40.0,0.2,25040.0,7.3619976,62.009964
2026-02-12 14:00:00+01:00,10.442,7.42159,19.8,45.0,0.0,47160.0,11.830561,70.24495
2026-02-12 15:00:00+01:00,12.142,6.162207,17.28,0.0,0.0,67580.0,11.848101,68.04129
2026-02-12 16:00:00+01:00,12.142,10.296251,10.440001,0.0,0.0,67640.0,19.46735,57.083202
2026-02-12 17:00:00+01:00,10.992001,7.5685663,18.72,0.0,0.0,66920.0,21.398321,49.612476
2026-02-12 18:00:00+01:00,7.792,5.4833565,11.5199995,0.0,0.0,44500.0,20.727915,52.244965
2026-02-12 19:00:00+01:00,7.942,6.489992,11.5199995,0.0,0.0,59840.0,16.866917,45.208195
2026-02-12 20:00:00+01:00,7.492,4.8433046,13.32,0.0,0.0,58280.0,10.004581,49.163948
2026-02-12 21:00:00+01:00,6.542,6.3690495,10.799999,0.0,0.0,47540.0,10.240498,47.841442
2026-02-12 22:00:00+01:00,6.442,5.1165614,11.159999,0.0,0.0,49680.0,13.9118,41.807953
2026-02-12 23:00:00+01:00,5.742,6.1305785,10.440001,0.0,0.0,44160.0,18.594416,47.603294
2026-02-13 00:00:00+01:00,5.292,6.696387,11.879999,0.0,0.0,41800.0,19.084913,49.64353
2026-02-13 01:00:00+01:00,5.692,5.904439,11.879999,0.0,0.0,50700.0,12.710575,45.72086
2026-02-13 02:00:00+01:00,5.492,5.8603754,11.5199995,0.0,0.0,45460.0,16.162766,43.470436
2026-02-13 03:00:00+01:00,5.442,5.991594,12.24,0.0,0.0,50460.0,14.301892,45.225235
2026-02-13 04:00:00+01:00,5.442,7.42159,12.599999,0.0,0.0,52800.0,13.495072,50.40978
2026-02-13 05:00:00+01:00,5.542,6.792466,13.32,0.0,0.0,57080.0,12.030725,49.43745
2026-02-13 06:00:00+01:00,4.692,7.653705,13.679999,0.0,0.0,48120.0,10.391472,53.724625
2026-02-13 07:00:00+01:00,4.442,5.8048253,12.599999,0.0,0.0,55000.0,6.3797464,33.153194
2026-02-13 08:00:00+01:00,4.742,7.7879906,12.959999,0.0,0.0,60320.0,9.994197,31.108875
2026-02-13 09:00:00+01:00,5.492,5.0142193,14.04,0.0,0.0,47960.0,5.195736,28.041162
2026-02-13 10:00:00+01:00,8.642,5.4119864,10.799999,0.0,0.0,58240.0,7.34788,19.161121
2026-02-13 11:00:00+01:00,11.192,2.52,6.8399997,0.0,0.0,72900.0,1.8788835,23.364658
2026-02-13 12:00:00+01:00,12.442,3.9763298,8.28,0.0,0.0,75780.0,4.201311,28.307802
2026-02-13 13:00:00+01:00,12.892,1.835647,10.08,0.0,0.0,76700.0,2.6571426,32.40095
2026-02-13 14:00:00+01:00,13.642,1.835647,7.2,0.0,0.0,77880.0,1.2889035,33.597603
2026-02-13 15:00:00+01:00,13.842,1.1384199,4.32,0.0,0.0,76420.0,6.524576,33.153194
2026-02-13 16:00:00+01:00,13.142,4.6938257,7.92,0.0,0.0,75460.0,4.101266,33.407864
2026-02-13 17:00:00+01:00,11.592,3.4152596,7.2,0.0,0.0,68160.0,4.1265044,30.267769
2026-02-13 18:00:00+01:00,8.642,6.130579,10.799999,0.0,0.0,63100.0,3.67394,25.92076
2026-02-13 19:00:00+01:00,7.842,4.5536795,10.08,0.0,0.0,62720.0,1.4410379,29.591993
2026-02-13 20:00:00+01:00,6.692,6.28713,10.440001,0.0,0.0,41840.0,3.67394,24.405024
2026-02-13 21:00:00+01:00,7.242,6.12,10.799999,0.0,0.0,56660.0,5.9240503,26.69687
2026-02-13 22:00:00+01:00,6.242,3.5455887,10.440001,0.0,0.0,32080.0,4.556962,23.975016
2026-02-13 23:00:00+01:00,6.842,2.1897945,5.04,12.0,0.0,42480.0,5.094838,26.926771
2026-02-14 00:00:00+01:00,7.092,5.1165614,8.28,51.0,0.0,41540.0,8.402622,31.034481
2026-02-14 01:00:00+01:00,7.092,2.9024127,12.599999,100.0,1.0,19980.0,5.6366506,36.36733
2026-02-14 02:00:00+01:00,7.092,4.198285,6.4799995,100.0,1.1,19560.0,2.577807,29.14599
2026-02-14 03:00:00+01:00,6.8919997,2.0991426,6.4799995,90.0,0.9,28340.0,4.201311,36.11219
2026-02-14 04:00:00+01:00,6.342,2.6208394,6.4799995,93.0,0.5,20200.0,8.561753,33.568924
2026-02-14 05:00:00+01:00,6.3919997,2.5455842,4.68,88.0,0.4,26460.0,4.57969,24.835342
2026-02-14 06:00:00+01:00,6.192,3.7064266,7.2,74.0,0.7,19260.0,5.8357587,16.245003
2026-02-14 07:00:00+01:00,5.8919997,3.319036,7.2,85.0,0.6,10460.0,5.506198,22.379284
2026-02-14 08:00:00+01:00,6.092,3.6,6.4799995,77.0,0.3,23060.0,6.524576,21.96224
2026-02-14 09:00:00+01:00,6.042,2.6208394,6.4799995,52.0,0.1,11100.0,5.941551,21.357496
2026-02-14 10:00:00+01:00,6.792,2.9024127,5.7599998,80.0,0.0,6920.0,4.556962,8.281033
2026-02-14 11:00:00+01:00,7.592,1.8,6.4799995,51.0,0.2,11480.0,3.67394,7.777219
2026-02-14 12:00:00+01:00,8.042,2.0364676,5.04,46.0,0.1,17900.0,3.2222586,9.813965
2026-02-14 13:00:00+01:00,8.742001,0.8049845,5.3999996,29.0,0.1,19700.0,4.323114,10.998648
2026-02-14 14:00:00+01:00,9.342,2.9024127,6.12,0.0,0.0,30140.0,5.012658,14.289349
2026-02-14 15:00:00+01:00,9.292001,3.396233,7.2,0.0,0.0,35240.0,5.094838,19.900824
2026-02-14 16:00:00+01:00,9.942,1.484318,6.4799995,0.0,0.0,36720.0,8.800955,18.631031
2026-02-14 17:00:00+01:00,9.742001,0.8049845,3.6,0.0,0.0,37660.0,11.096928,18.042755
2026-02-14 18:00:00+01:00,9.042001,2.0991426,2.8799999,0.0,0.0,40600.0,9.294415,23.594372
2026-02-14 19:00:00+01:00,7.942,7.5685663,4.68,0.0,0.0,44400.0,14.589397,25.478535
2026-02-14 20:00:00+01:00,8.342,7.8954163,14.4,0.0,0.0,55500.0,15.148044,25.20489
2026-02-14 21:00:00+01:00,7.442,6.989936,13.32,0.0,0.0,54240.0,13.678478,30.03137
2026-02-14 22:00:00+01:00,7.692,9.9571085,14.04,0.0,0.0,64760.0,18.788836,21.438515
2026-02-14 23:00:00+01:00,7.242,10.464798,20.16,0.0,0.0,66140.0,20.071335,21.944693
2026-02-15 00:00:00+01:00,6.742,8.587338,18.0,0.0,0.0,66560.0,15.66031,26.948225
2026-02-15 01:00:00+01:00,8.092,11.27553,15.119999,0.0,0.0,75200.0,18.788836,19.62793
2026-02-15 02:00:00+01:00,7.292,11.304229,20.519999,0.0,0.0,73900.0,20.097183,19.331268
2026-02-15 03:00:00+01:00,6.592,8.373386,18.72,0.0,0.0,73180.0,16.265226,22.559313
2026-02-15 04:00:00+01:00,7.6419997,14.764389,15.84,0.0,0.0,75540.0,24.947025,22.889902
2026-02-15 05:00:00+01:00,7.3919997,11.966953,25.919998,0.0,0.0,75680.0,15.473553,24.206896
2026-02-15 06:00:00+01:00,6.242,6.9153743,20.519999,0.0,0.0,74360.0,13.246579,37.86207
2026-02-15 07:00:00+01:00,7.342,12.6462,12.959999,0.0,0.0,75880.0,20.071335,35.204647
2026-02-15 08:00:00+01:00,7.342,11.503113,24.119999,0.0,0.0,76260.0,13.859459,35.466316
2026-02-15 09:00:00+01:00,7.842,7.42159,18.72,0.0,0.0,75900.0,13.859459,37.570953
2026-02-15 10:00:00+01:00,9.742001,11.91812,15.4800005,0.0,0.0,77960.0,16.430359,29.851236
2026-02-15 11:00:00+01:00,10.892,14.291592,27.0,0.0,0.0,79380.0,15.8972025,29.337025
2026-02-15 12:00:00+01:00,11.792001,14.707222,27.72,0.0,0.0,79860.0,13.708807,30.891392
2026-02-15 13:00:00+01:00,12.742001,19.201874,29.519999,0.0,0.0,81100.0,8.84802,38.886093
2026-02-15 14:00:00+01:00,13.042001,19.66536,37.44,0.0,0.0,81040.0,7.1327734,44.082077
2026-02-15 15:00:00+01:00,13.142,15.725037,36.0,0.0,0.0,81200.0,3.757767,48.556816
2026-02-15 16:00:00+01:00,13.292001,10.464797,28.44,0.0,0.0,82020.0,5.094838,46.05668
2026-02-15 17:00:00+01:00,11.842,4.3349743,15.119999,0.0,0.0,78860.0,2.278481,28.232851
2026-02-15 18:00:00+01:00,10.442,5.4833565,6.4799995,0.0,0.0,78260.0,3.2222586,27.737257
2026-02-15 19:00:00+01:00,6.3919997,6.5693827,9.36,0.0,0.0,68320.0,7.971428,23.635157
2026-02-15 20:00:00+01:00,6.542,5.495161,13.679999,0.0,0.0,66900.0,7.3619976,35.029118
2026-02-15 21:00:00+01:00,7.342,6.6185193,11.159999,0.0,0.0,66100.0,3.2222586,38.10549
2026-02-15 22:00:00+01:00,7.742,4.379589,11.879999,0.0,0.0,73720.0,6.1138062,43.03846
2026-02-15 23:00:00+01:00,7.592,5.0911684,10.08,0.0,0.0,73760.0,8.074956,47.37208
2026-02-16 00:00:00+01:00,7.442,6.439876,12.959999,0.0,0.0,75300.0,8.765491,48.41379
2026-02-16 01:00:00+01:00,6.6419997,7.145796,11.5199995,9.0,0.0,75780.0,5.468354,46.023205
2026-02-16 02:00:00+01:00,6.692,3.7064266,15.4800005,39.0,0.0,70360.0,5.3142853,54.355545
2026-02-16 03:00:00+01:00,6.292,5.04,8.28,100.0,0.0,61280.0,10.569795,53.609768
2026-02-16 04:00:00+01:00,5.992,6.12,11.879999,48.0,0.6,56260.0,8.765491,61.473347
2026-02-16 05:00:00+01:00,5.192,7.342588,14.04,55.0,0.1,27520.0,10.189676,72.47199
2026-02-16 06:00:00+01:00,5.1419997,5.95906,16.56,63.0,0.1,27840.0,12.603934,64.89991
2026-02-16 07:00:00+01:00,4.142,6.763786,9.72,65.0,0.3,8460.0,7.1182017,50.763912
2026-02-16 08:00:00+01:00,4.142,6.162207,13.32,83.0,0.6,4560.0,13.270073,47.1479
2026-02-16 09:00:00+01:00,4.792,6.9899354,12.599999,56.0,0.3,11980.0,6.9559,41.66025
2026-02-16 10:00:00+01:00,6.042,2.968636,12.959999,26.0,0.0,26860.0,6.444517,39.980316
2026-02-16 11:00:00+01:00,6.592,2.4149535,7.2,15.0,0.0,26020.0,9.394418,32.77923
2026-02-16 12:00:00+01:00,7.492,4.2136917,11.5199995,0.0,0.0,44680.0,11.254866,27.338541
2026-02-16 13:00:00+01:00,7.3919997,1.484318,10.799999,52.0,0.0,37860.0,5.941551,8.350525
2026-02-16 14:00:00+01:00,8.042,2.0991426,5.3999996,44.0,0.0,51400.0,6.7744107,15.025306
2026-02-16 15:00:00+01:00,8.292,2.1897945,9.0,12.0,0.1,50060.0,5.8357587,15.11478
2026-02-16 16:00:00+01:00,9.142,2.1897945,6.4799995,0.0,0.0,56940.0,7.78694,44.49959
2026-02-16 17:00:00+01:00,8.892,4.6938252,7.5599995,0.0,0.0,53020.0,13.949067,52.889893
2026-02-16 18:00:00+01:00,7.242,1.1384199,7.2,0.0,0.0,29040.0,16.284365,68.18834
2026-02-16 19:00:00+01:00,6.192,6.130579,5.3999996,0.0,0.0,50180.0,18.70576,62.329105
2026-02-16 20:00:00+01:00,6.342,6.9247384,15.84,0.0,0.0,58460.0,13.402427,57.083202
2026-02-16 21:00:00+01:00,5.292,7.10031,11.879999,0.0,0.0,53520.0,18.3697,53.609764
2026-02-16 22:00:00+01:00,6.492,10.587918,18.72,0.0,0.0,67560.0,17.081009,56.126957
2026-02-16 23:00:00+01:00,4.692,2.1897945,15.84,0.0,0.0,44540.0,12.603934,55.91032
2026-02-17 00:00:00+01:00,4.942,2.9024127,6.12,0.0,0.0,63140.0,18.788836,49.28135
2026-02-17 01:00:00+01:00,4.142,5.692099,10.08,6.0,0.0,63400.0,20.225931,60.573708
2026-02-17 02:00:00+01:00,4.842,12.768586,24.48,10.0,0.0,47980.0,20.470856,68.18834
2026-02-17 03:00:00+01:00,4.442,12.074766,25.56,0.0,0.0,41400.0,23.222628,70.42571
2026-02-17 04:00:00+01:00,3.7419999,7.289445,18.72,4.0,0.0,46400.0,26.99399,69.89858
2026-02-17 05:00:00+01:00,3.0419998,3.8773184,12.24,0.0,0.0,47480.0,23.289597,71.29559
2026-02-17 06:00:00+01:00,1.992,4.829907,11.5199995,0.0,0.0,30840.0,19.429977,72.87753
2026-02-17 07:00:00+01:00,4.442,5.315336,8.28,28.0,0.0,62080.0,21.359468,72.130974
2026-02-17 08:00:00+01:00,4.592,6.379216,10.799999,0.0,0.0,68420.0,22.839428,73.50914
2026-02-17 09:00:00+01:00,3.2919998,3.7585104,11.159999,0.0,0.0,14820.0,15.693425,67.13785
2026-02-17 10:00:00+01:00,6.792,3.396233,6.8399997,0.0,0.0,24580.0,21.422567,63.692554
2026-02-17 11:00:00+01:00,8.842,10.464797,21.599998,0.0,0.0,71700.0,33.51149,66.81573
2026-02-17 12:00:00+01:00,9.842,5.6233797,19.44,0.0,0.0,72980.0,22.884842,58.975315
2026-02-17 13:00:00+01:00,10.592,5.6233797,10.799999,0.0,0.0,73360.0,18.594416,56.126957
2026-02-17 14:00:00+01:00,11.242001,5.0142193,13.679999,0.0,0.0,75840.0,18.073395,54.124702
2026-02-17 15:00:00+01:00,10.592,8.311245,19.08,0.0,0.0,75540.0,18.147924,53.999996
2026-02-17 16:00:00+01:00,10.342,6.519877,16.56,0.0,0.0,75300.0,13.049152,50.4747
2026-02-17 17:00:00+01:00,9.092,6.193674,11.5199995,0.0,0.0,70280.0,15.713261,57.362606
2026-02-17 18:00:00+01:00,6.542,6.193674,14.4,0.0,0.0,67440.0,19.014057,60.258064
2026-02-17 19:00:00+01:00,5.442,6.4096174,10.440001,0.0,0.0,70640.0,14.155951,65.98021
2026-02-17 20:00:00+01:00,5.342,4.2136917,9.36,0.0,0.0,72260.0,22.370924,68.34636
2026-02-17 21:00:00+01:00,3.192,6.1305785,10.08,0.0,0.0,48020.0,18.599998,63.894863
2026-02-17 22:00:00+01:00,3.5419998,6.638072,12.959999,0.0,0.0,56960.0,12.661468,64.69778
2026-02-17 23:00:00+01:00,2.842,5.8603754,9.36,0.0,0.0,49600.0,15.942856,61.272472
2026-02-18 00:00:00+01:00,2.842,5.8048253,11.159999,0.0,0.0,55180.0,12.396276,61.922928
2026-02-18 01:00:00+01:00,2.342,5.8603754,9.36,0.0,0.0,53300.0,14.482251,57.06295
2026-02-18 02:00:00+01:00,2.042,4.6102495,10.799999,0.0,0.0,56860.0,8.765491,50.919254
2026-02-18 03:00:00+01:00,2.392,5.6002855,7.92,0.0,0.0,67520.0,7.1327734,44.347828
2026-02-18 04:00:00+01:00,1.442,4.510787,9.0,0.0,0.0,62360.0,7.543114,40.057327
2026-02-18 05:00:00+01:00,0.742,4.0249224,9.72,0.0,0.0,53660.0,5.487309,36.372623
2026-02-18 06:00:00+01:00,1.042,5.8048253,9.0,0.0,0.0,61420.0,4.6472077,30.30593
2026-02-18 07:00:00+01:00,1.492,4.8965297,10.08,0.0,0.0,62500.0,1.8788835,25.561563
2026-02-18 08:00:00+01:00,2.042,4.510787,8.28,0.0,0.0,63960.0,4.101266,24.718725
2026-02-18 09:00:00+01:00,4.542,5.0528407,7.5599995,0.0,0.0,74760.0,1.0189676,26.348255
2026-02-18 10:00:00+01:00,6.842,3.5455887,7.5599995,0.0,0.0,40940.0,3.9200466,32.566986
2026-02-18 11:00:00+01:00,8.292,3.8773184,7.92,0.0,0.0,43020.0,3.9200466,32.919964
2026-02-18 12:00:00+01:00,8.992001,4.3498964,9.36,0.0,0.0,42480.0,2.0379353,30.108244
2026-02-18 13:00:00+01:00,9.542001,2.5455842,7.2,0.0,0.0,44040.0,5.333787,26.926771
2026-02-18 14:00:00+01:00,10.292001,1.8,6.8399997,0.0,0.0,44780.0,6.47666,28.048029
2026-02-18 15:00:00+01:00,10.392,2.6208394,6.12,0.0,0.0,45340.0,6.6350365,27.681644
2026-02-18 16:00:00+01:00,10.742001,1.609969,3.96,0.0,0.0,45240.0,10.025316,24.734306
2026-02-18 17:00:00+01:00,9.992001,0.8049845,3.96,0.0,0.0,44620.0,6.970812,24.483826
2026-02-18 18:00:00+01:00,8.092,3.8773184,5.04,0.0,0.0,43260.0,3.5591009,18.877537
2026-02-18 19:00:00+01:00,7.8919997,2.2768397,3.96,0.0,0.0,43600.0,4.1265044,20.189116
2026-02-18 20:00:00+01:00,5.042,4.829907,8.64,0.0,0.0,40700.0,5.487309,20.208189
2026-02-18 21:00:00+01:00,5.042,5.95906,9.72,0.0,0.0,39620.0,3.89347,34.278706
2026-02-18 22:00:00+01:00,4.942,5.6002855,9.36,0.0,0.0,39580.0,7.800262,32.114315
2026-02-18 23:00:00+01:00,4.792,5.692099,9.36,0.0,0.0,39480.0,6.0797453,35.682907
2026-02-19 00:00:00+01:00,5.192,3.8939953,9.72,0.0,0.0,40340.0,5.941551,31.722036
2026-02-19 01:00:00+01:00,5.092,4.072935,7.92,0.0,0.0,39860.0,3.67394,37.816254
2026-02-19 02:00:00+01:00,5.3919997,3.319036,9.0,73.0,0.0,40740.0,0.64445174,41.21865
2026-02-19 03:00:00+01:00,5.792,5.4477882,8.28,77.0,0.0,41420.0,3.67394,46.38591
2026-02-19 04:00:00+01:00,5.8919997,4.6938252,7.2,80.0,0.0,41340.0,5.562481,61.57354
2026-02-19 05:00:00+01:00,5.8919997,5.315336,7.2,100.0,0.0,40640.0,9.580464,37.432266
2026-02-19 06:00:00+01:00,5.242,3.7585104,10.440001,76.0,0.2,35960.0,1.8227848,21.935911
2026-02-19 07:00:00+01:00,4.392,2.5455842,9.72,74.0,1.0,25740.0,8.21518,14.753624
2026-02-19 08:00:00+01:00,3.192,7.9036193,16.199999,100.0,1.8,9560.0,8.21518,3.5111506
2026-02-19 09:00:00+01:00,3.092,2.0364676,13.32,93.0,3.0,7360.0,4.6472077,1.387904
2026-02-19 10:00:00+01:00,1.992,2.8799999,9.36,99.0,2.1,300.0,5.8357587,12.475707
2026-02-19 11:00:00+01:00,2.192,4.0249224,8.64,86.0,1.8,420.0,6.47666,14.8057575
2026-02-19 12:00:00+01:00,3.2919998,3.671294,10.799999,72.0,0.7,940.0,6.6350365,27.48611
2026-02-19 13:00:00+01:00,4.742,3.6,9.72,51.0,0.1,1480.0,7.971428,29.64402
2026-02-19 14:00:00+01:00,6.6419997,4.0249224,9.0,0.0,0.0,27600.0,1.0189676,34.9851
2026-02-19 15:00:00+01:00,8.342,0.71999997,6.8399997,0.0,0.0,34840.0,2.8820758,36.32493
2026-02-19 16:00:00+01:00,8.592,1.8,4.68,0.0,0.0,34720.0,5.8000655,41.14381
2026-02-19 17:00:00+01:00,6.792,3.219938,6.4799995,0.0,0.0,25040.0,6.198138,41.71108
2026-02-19 18:00:00+01:00,4.842,1.9386592,5.04,6.0,0.0,9260.0,4.1265044,46.996494
2026-02-19 19:00:00+01:00,3.842,1.835647,2.16,0.0,0.0,17000.0,2.9178793,49.608597
2026-02-19 20:00:00+01:00,4.592,1.2979984,5.04,0.0,0.0,34720.0,6.940957,46.96369
2026-02-19 21:00:00+01:00,4.592,2.5959969,3.2399998,0.0,0.0,36600.0,6.524576,43.346184
2026-02-19 22:00:00+01:00,3.0419998,2.2768397,3.96,59.0,0.0,1080.0,5.012658,48.59647
2026-02-19 23:00:00+01:00,2.5419998,1.609969,3.2399998,0.0,0.0,22540.0,7.866535,46.646797
2026-02-20 00:00:00+01:00,3.842,3.4152596,5.04,0.0,0.0,39400.0,14.1559515,45.54356
2026-02-20 01:00:00+01:00,2.9919999,5.3517847,4.68,0.0,0.0,37120.0,17.824654,50.06084
2026-02-20 02:00:00+01:00,2.842,5.634891,7.5599995,0.0,0.0,37260.0,18.31876,53.896454
2026-02-20 03:00:00+01:00,1.242,3.7585104,7.5599995,0.0,0.0,29180.0,26.229265,54.97222
2026-02-20 04:00:00+01:00,2.892,8.12197,5.7599998,0.0,0.0,31600.0,23.258368,64.08451
2026-02-20 05:00:00+01:00,4.992,10.483357,18.72,0.0,0.0,39560.0,25.067432,57.670715
2026-02-20 06:00:00+01:00,4.792,8.942214,18.0,0.0,0.0,39480.0,27.132107,59.125374
2026-02-20 07:00:00+01:00,5.542,10.30883,14.759999,0.0,0.0,39800.0,23.244972,75.9299
2026-02-20 08:00:00+01:00,6.792,10.30883,19.44,0.0,0.0,40920.0,25.265467,75.26742
2026-02-20 09:00:00+01:00,8.542001,6.12,17.28,0.0,0.0,41240.0,24.156197,67.44986
2026-02-20 10:00:00+01:00,12.092,14.917212,12.24,0.0,0.0,42240.0,42.340527,44.082077
2026-02-20 11:00:00+01:00,14.292001,12.371645,29.16,0.0,0.0,44360.0,26.45394,23.364658
2026-02-20 12:00:00+01:00,15.442,5.506941,21.24,0.0,0.0,45020.0,15.73307,26.194279
2026-02-20 13:00:00+01:00,16.442,9.339208,10.440001,0.0,0.0,45780.0,20.827858,19.271389
2026-02-20 14:00:00+01:00,16.092,8.913181,19.44,0.0,0.0,45500.0,24.100254,19.598463
2026-02-20 15:00:00+01:00,15.092,10.829958,19.08,0.0,0.0,43940.0,15.031068,33.88306
2026-02-20 16:00:00+01:00,14.242001,15.021105,28.8,0.0,0.0,43940.0,18.027378,33.269196
2026-02-20 17:00:00+01:00,12.642,12.7279215,28.08,0.0,0.0,43180.0,17.871193,30.816475
2026-02-20 18:00:00+01:00,9.992001,7.9932966,20.880001,0.0,0.0,41700.0,12.512989,29.591993
2026-02-20 19:00:00+01:00,10.292001,11.792404,15.84,0.0,0.0,42420.0,17.177994,24.206896
2026-02-20 20:00:00+01:00,10.242001,11.090103,22.319998,0.0,0.0,42280.0,14.878324,24.278408
2026-02-20 21:00:00+01:00,8.292,8.942214,18.0,0.0,0.0,40960.0,11.848101,30.439116
2026-02-20 22:00:00+01:00,8.192,6.638072,15.119999,0.0,0.0,41020.0,7.3619976,34.580822
2026-02-20 23:00:00+01:00,7.8919997,6.193674,11.5199995,0.0,0.0,40520.0,7.418196,36.085506
2026-02-21 00:00:00+01:00,7.042,6.1094027,9.72,0.0,0.0,39720.0,6.7744107,42.302624
2026-02-21 01:00:00+01:00,6.942,5.692099,11.159999,0.0,0.0,40800.0,9.079681,50.653748
2026-02-21 02:00:00+01:00,5.8919997,4.5820518,8.28,0.0,0.0,39820.0,7.800262,46.38591
2026-02-21 03:00:00+01:00,5.242,4.6102495,10.440001,0.0,0.0,39180.0,9.612922,52.68189
2026-02-21 04:00:00+01:00,5.242,5.7599998,7.2,0.0,0.0,40220.0,16.360699,55.948204
2026-02-21 05:00:00+01:00,5.3919997,4.802999,9.36,0.0,0.0,40580.0,13.594724,59.69602
2026-02-21 06:00:00+01:00,4.8919997,5.8048253,6.12,0.0,0.0,40480.0,14.067659,63.979218
2026-02-21 07:00:00+01:00,3.7419999,4.0249224,9.0,0.0,0.0,37740.0,15.065567,67.834305
2026-02-21 08:00:00+01:00,5.342,5.0528407,6.4799995,0.0,0.0,40700.0,18.465538,65.7931
2026-02-21 09:00:00+01:00,6.942,2.8799999,6.4799995,0.0,0.0,39180.0,21.663548,60.58961
2026-02-21 10:00:00+01:00,10.592,0.8049845,3.96,0.0,0.0,37680.0,21.495146,60.770557
2026-02-21 11:00:00+01:00,14.242001,1.2979984,6.4799995,0.0,0.0,41740.0,28.245811,62.009964
2026-02-21 12:00:00+01:00,15.142,6.379216,12.959999,0.0,0.0,43180.0,28.85676,73.85162
2026-02-21 13:00:00+01:00,15.242001,9.746631,15.4800005,0.0,0.0,43660.0,30.062136,76.48347
2026-02-21 14:00:00+01:00,15.542001,10.009036,19.44,0.0,0.0,42660.0,37.33651,77.64825
2026-02-21 15:00:00+01:00,14.842,12.303366,24.48,0.0,0.0,41660.0,32.40894,81.68615
2026-02-21 16:00:00+01:00,14.642,10.636766,22.319998,0.0,0.0,41980.0,35.04123,77.01806
2026-02-21 17:00:00+01:00,13.242001,8.654986,18.0,0.0,0.0,41440.0,35.794636,73.69235
2026-02-21 18:00:00+01:00,10.292001,7.8954163,14.04,0.0,0.0,40380.0,32.85124,72.29102
2026-02-21 19:00:00+01:00,9.192,6.830519,14.04,0.0,0.0,40380.0,30.886656,78.9033
2026-02-21 20:00:00+01:00,7.742,4.6102495,9.72,0.0,0.0,38940.0,23.222628,82.36483
2026-02-21 21:00:00+01:00,6.292,3.6,8.28,0.0,0.0,35560.0,16.86076,84.72356
2026-02-21 22:00:00+01:00,6.3919997,2.2768397,5.3999996,0.0,0.0,38280.0,16.866917,82.2525
2026-02-21 23:00:00+01:00,6.442,2.2768397,4.32,0.0,0.0,39180.0,14.64622,73.0122
2026-02-22 00:00:00+01:00,6.292,3.671294,4.68,0.0,0.0,39920.0,6.198138,66.55286
2026-02-22 01:00:00+01:00,5.992,5.4119864,5.04,0.0,0.0,40980.0,0.9113924,69.309105
2026-02-22 02:00:00+01:00,6.6419997,6.4799995,7.2,0.0,0.0,41360.0,1.643036,61.08355
2026-02-22 03:00:00+01:00,5.992,6.849467,7.2,0.0,0.0,40740.0,3.1898732,52.509754
2026-02-22 04:00:00+01:00,5.342,6.9899354,7.5599995,0.0,0.0,38920.0,3.4704785,47.857544
2026-02-22 05:00:00+01:00,6.242,4.5536795,9.36,0.0,0.0,40900.0,7.7602262,45.779804
2026-02-22 06:00:00+01:00,5.742,5.8048253,7.92,0.0,0.0,40640.0,8.11344,46.96369
2026-02-22 07:00:00+01:00,5.042,4.198285,10.08,0.0,0.0,40000.0,5.562481,37.83662
2026-02-22 08:00:00+01:00,6.692,5.0911684,6.4799995,0.0,0.0,42220.0,7.3053656,32.042255
2026-02-22 09:00:00+01:00,9.992001,3.6,5.04,0.0,0.0,43240.0,4.323114,25.478533
2026-02-22 10:00:00+01:00,13.092,1.835647,4.68,0.0,0.0,42920.0,3.67394,20.265303
2026-02-22 11:00:00+01:00,13.592,2.968636,6.4799995,0.0,0.0,41520.0,2.6571426,21.653082
2026-02-22 12:00:00+01:00,13.842,4.3498964,5.04,0.0,0.0,39600.0,0.64445174,24.389233
2026-02-22 13:00:00+01:00,14.742001,3.396233,5.3999996,0.0,0.0,41160.0,1.643036,29.82541
2026-02-22 14:00:00+01:00,15.192,3.6,7.92,0.0,0.0,41340.0,3.3175182,33.476986
2026-02-22 15:00:00+01:00,14.592,5.95906,11.5199995,0.0,0.0,40960.0,5.9240503,39.69503
2026-02-22 16:00:00+01:00,14.292001,4.5536795,11.5199995,0.0,0.0,40500.0,5.709857,41.881607
2026-02-22 17:00:00+01:00,13.092,2.5959969,7.92,0.0,0.0,40760.0,3.2222586,30.922554
2026-02-22 18:00:00+01:00,10.292001,3.6,8.64,0.0,0.0,40660.0,6.524576,31.213963
2026-02-22 19:00:00+01:00,7.342,5.506941,8.64,0.0,0.0,33980.0,3.67394,28.314606
2026-02-22 20:00:00+01:00,7.992,3.7585104,8.64,0.0,0.0,40580.0,2.9178793,28.953691
2026-02-22 21:00:00+01:00,8.192,5.937272,7.5599995,0.0,0.0,41260.0,5.195736,30.816475
2026-02-22 22:00:00+01:00,7.192,5.0142193,10.799999,0.0,0.0,39540.0,5.8357587,35.56936
2026-02-22 23:00:00+01:00,7.8919997,3.2399998,7.5599995,0.0,0.0,41120.0,3.8667102,38.632633
2026-02-23 00:00:00+01:00,7.792,3.7585104,4.68,0.0,0.0,41520.0,6.444517,44.434612
2026-02-23 01:00:00+01:00,5.1419997,7.072878,5.04,0.0,0.0,36320.0,4.9291077,45.24653
2026-02-23 02:00:00+01:00,6.542,1.9386592,9.36,0.0,0.0,40420.0,4.9291077,42.502514
2026-02-23 03:00:00+01:00,6.992,4.1046314,5.7599998,0.0,0.0,40340.0,8.253009,42.370876
2026-02-23 04:00:00+01:00,5.742,4.510787,9.0,0.0,0.0,39720.0,10.936708,40.98432
2026-02-23 05:00:00+01:00,7.192,3.096837,5.3999996,0.0,0.0,41580.0,11.171529,43.020554
2026-02-23 06:00:00+01:00,7.3919997,2.5455842,3.6,0.0,0.0,41680.0,6.850616,47.127472
2026-02-23 07:00:00+01:00,6.792,5.2416787,3.96,0.0,0.0,41600.0,5.094838,45.779804
2026-02-23 08:00:00+01:00,6.192,5.4833565,8.28,0.0,0.0,40080.0,11.4288025,37.30856
2026-02-23 09:00:00+01:00,10.392,1.08,7.2,0.0,0.0,41420.0,11.4288025,39.588127
2026-02-23 10:00:00+01:00,12.242001,1.08,4.32,0.0,0.0,38240.0,14.709885,29.799566
2026-02-23 11:00:00+01:00,14.092,1.9386592,5.3999996,0.0,0.0,40240.0,16.303482,28.232851
2026-02-23 12:00:00+01:00,14.592,2.3051248,8.28,0.0,0.0,40020.0,14.878324,26.855139
2026-02-23 13:00:00+01:00,15.742001,3.671294,7.2,0.0,0.0,39840.0,18.838505,32.495934
2026-02-23 14:00:00+01:00,16.442,2.0364676,7.92,0.0,0.0,40680.0,14.787324,33.3097
2026-02-23 15:00:00+01:00,16.491999,3.4152596,9.0,0.0,0.0,39520.0,10.391472,31.722036
2026-02-23 16:00:00+01:00,16.491999,3.2599385,11.159999,0.0,0.0,41220.0,18.838505,31.70989
2026-02-23 17:00:00+01:00,15.992001,1.609969,3.96,0.0,0.0,40880.0,18.964846,37.12741
2026-02-23 18:00:00+01:00,11.692,7.5942073,12.599999,0.0,0.0,40140.0,15.5204525,41.66025
2026-02-23 19:00:00+01:00,10.742001,5.3999996,13.32,0.0,0.0,41500.0,17.123507,39.94175
2026-02-23 20:00:00+01:00,9.542001,4.452954,7.5599995,0.0,0.0,41040.0,16.335295,38.781925
2026-02-23 21:00:00+01:00,8.642,5.154415,7.2,0.0,0.0,40320.0,14.038106,42.629227
2026-02-23 22:00:00+01:00,8.942,2.16,8.28,0.0,0.0,41740.0,15.148044,48.87709
2026-02-23 23:00:00+01:00,7.8919997,4.8965297,8.28,0.0,0.0,40780.0,13.889393,57.002155
2026-02-24 00:00:00+01:00,7.592,3.5455887,6.4799995,0.0,0.0,40100.0,11.671517,61.200123
2026-02-24 01:00:00+01:00,7.792,3.2399998,5.04,0.0,0.0,40360.0,7.543114,60.830753
2026-02-24 02:00:00+01:00,7.792,2.5455842,3.2399998,0.0,0.0,36300.0,5.094838,59.511806
2026-02-24 03:00:00+01:00,7.242,2.1897945,2.8799999,0.0,0.0,35920.0,6.6350365,58.440487
2026-02-24 04:00:00+01:00,7.942,4.0249224,2.52,0.0,0.0,41400.0,5.562481,63.66835
2026-02-24 05:00:00+01:00,7.942,3.319036,4.32,0.0,0.0,41240.0,10.035667,59.291294
2026-02-24 06:00:00+01:00,8.092,2.5959969,4.68,0.0,0.0,38920.0,11.644798,57.214657
2026-02-24 07:00:00+01:00,8.092,3.6179552,2.8799999,0.0,0.0,41960.0,9.113924,62.51734
2026-02-24 08:00:00+01:00,8.042,1.08,4.32,0.0,0.0,37260.0,18.142204,64.219635
2026-02-24 09:00:00+01:00,9.342,1.2979984,3.6,0.0,0.0,30080.0,19.631992,61.058323
2026-02-24 10:00:00+01:00,11.292001,3.319036,3.2399998,0.0,0.0,24720.0,21.335148,61.651703
2026-02-24 11:00:00+01:00,13.892,2.6208394,9.0,0.0,0.0,36020.0,22.661438,52.60871
2026-02-24 12:00:00+01:00,16.042,2.5959969,6.4799995,0.0,0.0,40180.0,19.344288,48.09844
2026-02-24 13:00:00+01:00,20.942,9.746631,15.84,0.0,0.0,44800.0,15.975386,44.1781
2026-02-24 14:00:00+01:00,20.942,9.178235,19.08,0.0,0.0,44620.0,8.074956,39.14776
2026-02-24 15:00:00+01:00,20.342,13.450708,24.48,0.0,0.0,44140.0,6.347113,34.9851
2026-02-24 16:00:00+01:00,20.392,12.979984,24.84,0.0,0.0,46160.0,7.543114,35.54769
2026-02-24 17:00:00+01:00,19.142,10.636766,25.56,0.0,0.0,44860.0,3.4704785,33.106678
2026-02-24 18:00:00+01:00,14.142,5.6920996,17.28,0.0,0.0,40740.0,2.6571426,29.980017
2026-02-24 19:00:00+01:00,11.992001,6.725354,11.159999,0.0,0.0,40120.0,3.2222586,27.401884
2026-02-24 20:00:00+01:00,11.192,6.12,9.0,0.0,0.0,39240.0,8.062088,20.632679
2026-02-24 21:00:00+01:00,10.792001,7.7879906,13.679999,47.0,0.0,20960.0,5.9240503,18.26558
2026-02-24 22:00:00+01:00,11.242001,7.968939,13.679999,4.0,0.0,35440.0,4.511162,17.654228
2026-02-24 23:00:00+01:00,9.792001,4.510787,12.959999,47.0,0.0,34360.0,3.5591009,15.702343
2026-02-25 00:00:00+01:00,8.942,4.6102495,6.8399997,74.0,0.0,31140.0,2.278481,11.776757
2026-02-25 01:00:00+01:00,8.792001,3.219938,7.2,75.0,0.0,34160.0,0.4556962,11.661699
2026-02-25 02:00:00+01:00,8.192,2.5455842,4.68,100.0,0.0,32420.0,1.8227848,9.655664
2026-02-25 03:00:00+01:00,7.8919997,2.9024127,3.96,91.0,0.0,31740.0,0.64445174,11.103232
2026-02-25 04:00:00+01:00,8.642,4.1046314,5.3999996,100.0,0.0,27100.0,1.3670886,12.413793
2026-02-25 05:00:00+01:00,8.692,1.8,6.12,100.0,0.0,24900.0,1.3670886,14.044602
2026-02-25 06:00:00+01:00,8.342,2.9024127,3.2399998,100.0,0.0,22540.0,1.8788835,14.153901
2026-02-25 07:00:00+01:00,8.792001,1.0182338,3.2399998,88.0,0.0,28840.0,5.6366506,10.678748
2026-02-25 08:00:00+01:00,8.592,2.5455842,3.2399998,90.0,0.0,25680.0,4.101266,8.622896
2026-02-25 09:00:00+01:00,9.192,2.3051248,3.6,95.0,0.0,18080.0,1.8788835,7.4740934
2026-02-25 10:00:00+01:00,10.442,1.484318,4.32,100.0,0.0,20340.0,1.643036,7.5764823
2026-02-25 11:00:00+01:00,11.142,1.4399999,4.32,77.0,0.0,25800.0,2.3236039,5.855574
2026-02-25 12:00:00+01:00,12.492001,3.6,3.96,47.0,0.0,28840.0,1.3670886,5.551616
2026-02-25 13:00:00+01:00,13.042001,3.7064266,3.6,36.0,0.0,34580.0,0.4556962,3.1649084
2026-02-25 14:00:00+01:00,13.742001,4.6938257,5.04,12.0,0.0,37300.0,0.4556962,2.5591688
2026-02-25 15:00:00+01:00,13.692,6.725354,8.28,13.0,0.0,37560.0,1.0189676,1.2413791
2026-02-25 16:00:00+01:00,13.892,4.896529,8.28,0.0,0.0,38900.0,1.4410379,2.775808
2026-02-25 17:00:00+01:00,13.492001,2.4149535,5.7599998,0.0,0.0,38920.0,3.3175182,3.1649084
2026-02-25 18:00:00+01:00,11.692,4.6938257,5.7599998,0.0,0.0,36460.0,4.1265044,3.9743526
2026-02-25 19:00:00+01:00,9.892,2.6208394,6.12,0.0,0.0,38200.0,5.0333285,6.48019
2026-02-25 20:00:00+01:00,9.242001,2.968636,4.68,0.0,0.0,39020.0,3.3175182,9.037377
2026-02-25 21:00:00+01:00,9.042001,1.835647,3.2399998,0.0,0.0,40240.0,3.3175182,10.839878
2026-02-25 22:00:00+01:00,9.142,2.9024127,2.8799999,0.0,0.0,40540.0,3.3175182,11.939204
2026-02-25 23:00:00+01:00,8.892,2.6208394,3.96,0.0,0.0,40760.0,2.734177,12.795845
2026-02-26 00:00:00+01:00,8.792001,2.8116899,3.6,0.0,0.0,40040.0,4.323114,12.780782
2026-02-26 01:00:00+01:00,6.3919997,4.072935,3.2399998,0.0,0.0,36280.0,6.895935,11.987508
2026-02-26 02:00:00+01:00,6.592,1.835647,5.3999996,0.0,0.0,36880.0,5.0333285,11.776757
2026-02-26 03:00:00+01:00,7.6419997,1.484318,2.8799999,0.0,0.0,37480.0,3.1898732,10.839878
2026-02-26 04:00:00+01:00,6.442,2.3051248,2.8799999,0.0,0.0,34780.0,5.0333285,9.6356945
2026-02-26 05:00:00+01:00,5.8919997,2.9024127,3.2399998,0.0,0.0,33600.0,3.6455696,10.624495
2026-02-26 06:00:00+01:00,7.1419997,1.484318,3.2399998,0.0,0.0,37840.0,2.453999,8.6452055
2026-02-26 07:00:00+01:00,6.292,2.16,1.8,0.0,0.0,34460.0,2.3236039,10.274241
2026-02-26 08:00:00+01:00,5.592,2.52,2.8799999,0.0,0.0,32860.0,3.3175182,7.5764823
2026-02-26 09:00:00+01:00,6.8919997,1.609969,4.68,0.0,0.0,21520.0,3.89347,5.339374
2026-02-26 10:00:00+01:00,10.042001,0.8049845,4.68,0.0,0.0,35000.0,2.278481,5.1183376
2026-02-26 11:00:00+01:00,12.292001,2.16,3.6,0.0,0.0,36680.0,1.8788835,4.7270317
2026-02-26 12:00:00+01:00,14.142,4.829907,5.3999996,0.0,0.0,39440.0,1.8227848,5.551616
2026-02-26 13:00:00+01:00,14.892,5.154415,7.2,0.0,0.0,40540.0,1.0189676,4.3889384
2026-02-26 14:00:00+01:00,15.792001,4.6800003,6.12,0.0,0.0,41100.0,0.64445174,5.1183376
2026-02-26 15:00:00+01:00,15.842,6.725354,7.92,0.0,0.0,41180.0,0.64445174,6.2378535
2026-02-26 16:00:00+01:00,15.642,4.896529,7.92,0.0,0.0,40740.0,0.4556962,6.48019
2026-02-26 17:00:00+01:00,14.742001,5.04,6.4799995,0.0,0.0,40380.0,0.9113924,6.113084
2026-02-26 18:00:00+01:00,12.742001,4.3349743,6.8399997,0.0,0.0,37920.0,0.9113924,6.6850314
2026-02-26 19:00:00+01:00,10.542001,5.8603754,6.4799995,0.0,0.0,38340.0,0.64445174,6.329817
2026-02-26 20:00:00+01:00,9.942,4.6938252,6.12,0.0,0.0,39720.0,1.643036,7.677507
2026-02-26 21:00:00+01:00,8.592,5.5887027,6.8399997,0.0,0.0,37720.0,1.9333551,8.068965
2026-02-26 22:00:00+01:00,8.842,1.2979984,6.12,0.0,0.0,39200.0,2.3236039,7.5510154
2026-02-26 23:00:00+01:00,8.992001,2.968636,6.12,0.0,0.0,40880.0,2.0379353,8.711794
2026-02-27 00:00:00+01:00,9.092,3.671294,3.6,0.0,0.0,40880.0,1.0189676,9.494725
2026-02-27 01:00:00+01:00,7.242,5.8603754,6.12,0.0,0.0,39540.0,1.4410379,10.1040945
2026-02-27 02:00:00+01:00,8.092,2.2768397,6.4799995,0.0,0.0,41100.0,0.64445174,11.545494
2026-02-27 03:00:00+01:00,8.192,1.835647,2.8799999,0.0,0.0,40980.0,0.64445174,14.072007
2026-02-27 04:00:00+01:00,7.3919997,1.9386592,2.52,0.0,0.0,40300.0,1.643036,14.289349
2026-02-27 05:00:00+01:00,7.292,5.8603754,5.7599998,0.0,0.0,40180.0,1.4410379,14.167504
2026-02-27 06:00:00+01:00,7.1419997,5.3517847,6.12,0.0,0.0,40140.0,1.0189676,13.612786
2026-02-27 07:00:00+01:00,6.592,3.8268526,6.4799995,0.0,0.0,39660.0,0.4556962,12.051613
2026-02-27 08:00:00+01:00,7.292,1.9386592,5.04,0.0,0.0,39660.0,0.9113924,10.1040945
2026-02-27 09:00:00+01:00,8.542001,1.4399999,2.8799999,0.0,0.0,36680.0,1.0189676,8.281033
2026-02-27 10:00:00+01:00,10.942,2.5455842,3.96,0.0,0.0,32600.0,1.0189676,7.4740934
2026-02-27 11:00:00+01:00,12.992001,2.1897945,3.96,0.0,0.0,36360.0,1.0189676,8.281033
2026-02-27 12:00:00+01:00,14.692,2.9024127,3.96,0.0,0.0,39840.0,1.0189676,9.227215
2026-02-27 13:00:00+01:00,15.392,4.0249224,6.8399997,0.0,0.0,40980.0,1.2889035,9.164372
2026-02-27 14:00:00+01:00,15.742001,5.815978,6.8399997,0.0,0.0,41600.0,1.3670886,10.551724
2026-02-27 15:00:00+01:00,15.592,7.072878,8.64,0.0,0.0,41360.0,1.8788835,12.051613
2026-02-27 16:00:00+01:00,15.242001,6.379216,8.64,0.0,0.0,41180.0,3.2222586,10.1040945
2026-02-27 17:00:00+01:00,14.392,4.73506,9.36,0.0,0.0,39660.0,5.506198,9.655664
2026-02-27 18:00:00+01:00,12.642,2.8116899,6.8399997,0.0,0.0,38860.0,3.2222586,12.5680065
2026-02-27 19:00:00+01:00,9.242001,4.829907,7.5599995,0.0,0.0,32700.0,2.0379353,16.386677
2026-02-27 20:00:00+01:00,8.742001,3.319036,9.0,0.0,0.0,32820.0,1.0189676,13.626929
2026-02-27 21:00:00+01:00,8.542001,4.510787,4.68,0.0,0.0,36680.0,1.0189676,13.093462
2026-02-27 22:00:00+01:00,7.792,4.3349743,5.04,0.0,0.0,29700.0,1.9333551,11.394346
2026-02-27 23:00:00+01:00,8.992001,5.154415,5.7599998,0.0,0.0,38380.0,0.64445174,12.4911375
2026-02-28 00:00:00+01:00,8.742001,5.7599998,5.7599998,0.0,0.0,38640.0,3.3175182,13.739551
2026-02-28 01:00:00+01:00,7.492,5.1919937,7.92,0.0,0.0,31460.0,2.0379353,13.0492525
2026-02-28 02:00:00+01:00,8.492001,3.671294,6.4799995,0.0,0.0,37940.0,2.3236039,10.624495
2026-02-28 03:00:00+01:00,8.742001,2.3051248,3.96,0.0,0.0,39000.0,0.4556962,6.8557405
2026-02-28 04:00:00+01:00,8.092,2.0991426,3.96,0.0,0.0,36720.0,1.8788835,7.8511715
2026-02-28 05:00:00+01:00,7.242,2.5959969,3.6,0.0,0.0,37640.0,1.0189676,8.821657
2026-02-28 06:00:00+01:00,7.242,2.0991426,3.6,0.0,0.0,38580.0,0.4556962,10.533453
2026-02-28 07:00:00+01:00,5.992,6.8777895,2.8799999,44.0,0.0,35200.0,1.0189676,12.5680065
2026-02-28 08:00:00+01:00,5.992,4.3349743,7.2,27.0,0.0,27960.0,0.9113924,17.245792
2026-02-28 09:00:00+01:00,8.242001,1.8,4.68,0.0,0.0,27940.0,0.9113924,18.764957
2026-02-28 10:00:00+01:00,10.142,1.5273507,2.8799999,39.0,0.0,27440.0,1.643036,19.98775
2026-02-28 11:00:00+01:00,11.842,2.5455842,5.04,0.0,0.0,28920.0,1.2889035,24.42869
2026-02-28 12:00:00+01:00,13.342,3.6,4.32,0.0,0.0,35920.0,0.9113924,26.855139
2026-02-28 13:00:00+01:00,13.342,3.563818,6.4799995,9.0,0.0,36740.0,1.643036,29.670004
2026-02-28 14:00:00+01:00,13.692,6.638072,8.28,0.0,0.0,37000.0,0.4556962,27.737257
2026-02-28 15:00:00+01:00,14.242001,5.991594,8.28,0.0,0.0,38100.0,1.0189676,25.455843
2026-02-28 16:00:00+01:00,13.992001,4.829907,6.8399997,0.0,0.0,38480.0,1.0189676,22.387888
2026-02-28 17:00:00+01:00,13.342,3.7064266,6.4799995,0.0,0.0,36260.0,2.278481,16.70105
2026-02-28 18:00:00+01:00,11.842,2.968636,5.7599998,0.0,0.0,33320.0,1.4410379,13.781546
2026-02-28 19:00:00+01:00,9.092,5.506941,5.7599998,0.0,0.0,30440.0,1.4410379,9.227215
2026-02-28 20:00:00+01:00,8.492001,4.379589,5.7599998,0.0,0.0,32880.0,1.0189676,9.454063
2026-02-28 21:00:00+01:00,8.242001,3.319036,4.68,40.0,0.0,32240.0,1.4410379,8.886923
2026-02-28 22:00:00+01:00,8.592,3.6179552,4.32,69.0,0.0,34120.0,1.643036,7.900089
2026-02-28 23:00:00+01:00,8.542001,4.6938257,4.68,24.0,0.0,33560.0,1.4410379,10.569963
2026-03-01 00:00:00+01:00,8.142,4.6800003,5.04,43.0,0.0,31320.0,1.643036,11.858258
2026-03-01 01:00:00+01:00,8.542001,3.8773184,4.68,42.0,0.0,33600.0,1.0189676,13.781546
2026-03-01 02:00:00+01:00,9.042001,3.319036,5.04,75.0,0.0,34320.0,0.9113924,13.948265
2026-03-01 03:00:00+01:00,9.592,2.3051248,3.6,100.0,0.0,37120.0,0.4556962,13.283339
2026-03-01 04:00:00+01:00,9.592,2.0364676,2.52,95.0,0.1,36280.0,3.0569031,15.554438
2026-03-01 05:00:00+01:00,9.692,4.1046314,4.68,67.0,0.0,35200.0,1.2889035,19.62793
2026-03-01 06:00:00+01:00,9.192,3.7064266,4.68,100.0,0.1,31880.0,2.9178793,19.331268
2026-03-01 07:00:00+01:00,9.292001,3.4152596,5.3999996,80.0,0.0,35840.0,5.195736,15.41761
2026-03-01 08:00:00+01:00,9.642,2.6208394,4.68,88.0,0.0,36020.0,5.195736,19.390963
2026-03-01 09:00:00+01:00,10.642,2.0991426,3.6,81.0,0.0,37060.0,5.941551,18.91831
2026-03-01 10:00:00+01:00,10.742001,1.2979984,2.16,89.0,0.0,37140.0,6.7744107,15.89741
2026-03-01 11:00:00+01:00,10.942,3.219938,7.5599995,84.0,0.1,25760.0,8.706063,14.072007
2026-03-01 12:00:00+01:00,11.592,3.096837,7.92,76.0,0.2,15260.0,8.476439,12.915714
2026-03-01 13:00:00+01:00,11.142,5.2416787,10.799999,90.0,0.0,660.0,6.1138062,19.171173
2026-03-01 14:00:00+01:00,11.792001,4.6938252,9.0,76.0,0.0,19640.0,4.9291077,17.773846
2026-03-01 15:00:00+01:00,12.442,4.3498964,9.36,64.0,0.0,25300.0,6.1307654,15.216393
2026-03-01 16:00:00+01:00,11.692,5.3999996,9.36,74.0,0.0,19700.0,6.1138062,11.241167
2026-03-01 17:00:00+01:00,11.242001,3.8939953,11.879999,62.0,0.0,18060.0,7.0889688,8.092802
2026-03-01 18:00:00+01:00,10.592,3.8939953,6.12,52.0,0.0,22200.0,3.286072,7.4740934
2026-03-01 19:00:00+01:00,10.392,3.563818,5.7599998,89.0,0.0,33600.0,3.4704785,5.855574
2026-03-01 20:00:00+01:00,10.192,3.319036,6.12,88.0,0.1,33300.0,3.4704785,7.5764823
2026-03-01 21:00:00+01:00,10.042001,3.396233,5.7599998,92.0,0.0,34400.0,1.643036,6.939521
2026-03-01 22:00:00+01:00,10.292001,1.835647,3.6,76.0,0.2,34480.0,2.3236039,10.1040945
2026-03-01 23:00:00+01:00,9.892,2.9024127,3.96,68.0,0.1,35260.0,4.2990294,6.48019
2026-03-02 00:00:00+01:00,9.342,4.2136917,7.5599995,100.0,0.1,34340.0,5.155614,8.442291
2026-03-02 01:00:00+01:00,9.392,1.2979984,6.8399997,80.0,0.0,34640.0,5.543783,10.551724
2026-03-02 02:00:00+01:00,9.442,1.1384199,3.2399998,90.0,0.1,32960.0,4.488087,12.780782
2026-03-02 03:00:00+01:00,9.442,2.0364676,2.8799999,94.0,0.1,32920.0,3.67394,9.813965
2026-03-02 04:00:00+01:00,8.592,3.8268526,3.6,100.0,0.2,28780.0,6.7744107,6.598021
2026-03-02 05:00:00+01:00,8.492001,4.0249224,6.4799995,68.0,0.0,28680.0,5.195736,8.821657
2026-03-02 06:00:00+01:00,8.692,3.0758414,7.5599995,81.0,0.0,31180.0,3.2222586,10.839878
2026-03-02 07:00:00+01:00,8.492001,3.6,6.4799995,100.0,0.0,28320.0,3.3175182,12.241913
2026-03-02 08:00:00+01:00,8.542001,2.9024127,6.12,80.0,0.4,21920.0,7.958392,14.476846
2026-03-02 09:00:00+01:00,9.392,2.5455842,4.68,82.0,0.3,29740.0,6.524576,15.329903
2026-03-02 10:00:00+01:00,10.442,2.4149535,4.32,84.0,0.2,22520.0,5.941551,7.0769506
2026-03-02 11:00:00+01:00,10.242001,4.3498964,10.440001,94.0,1.1,16180.0,9.666777,14.4368725
2026-03-02 12:00:00+01:00,10.392,4.802999,9.36,79.0,1.0,11940.0,7.800262,15.861018
2026-03-02 13:00:00+01:00,10.342,2.5959969,9.36,74.0,0.6,780.0,12.396276,12.735487
2026-03-02 14:00:00+01:00,11.042001,2.5455842,5.7599998,59.0,0.0,30940.0,7.291139,9.164372
2026-03-02 15:00:00+01:00,10.492001,8.350138,14.759999,96.0,0.2,15960.0,6.524576,9.331011
2026-03-02 16:00:00+01:00,9.592,2.1897945,16.199999,94.0,0.7,16280.0,6.3960004,14.896551
2026-03-02 17:00:00+01:00,9.392,1.2979984,5.3999996,79.0,0.4,22400.0,8.253009,9.494725
2026-03-02 18:00:00+01:00,9.292001,1.835647,3.6,40.0,0.0,30020.0,5.333787,9.813965
2026-03-02 19:00:00+01:00,8.392,2.9024127,2.8799999,48.0,0.0,28420.0,3.67394,11.711148
2026-03-02 20:00:00+01:00,7.992,2.0364676,4.68,40.0,0.0,30320.0,3.4704785,10.998648
2026-03-02 21:00:00+01:00,8.042,1.9386592,2.8799999,38.0,0.0,33040.0,1.8788835,10.236675
2026-03-02 22:00:00+01:00,7.792,1.8,3.2399998,53.0,0.0,32740.0,2.6571426,7.0769506
2026-03-02 23:00:00+01:00,7.3919997,2.5455842,3.6,54.0,0.0,29680.0,1.0189676,5.3031745
2026-03-03 00:00:00+01:00,6.792,2.6208394,3.6,52.0,0.0,27600.0,0.9113924,5.00416
2026-03-03 01:00:00+01:00,6.792,2.0991426,3.2399998,64.0,0.0,27180.0,1.8227848,3.6192114
2026-03-03 02:00:00+01:00,6.692,3.219938,3.96,66.0,0.0,30440.0,1.4410379,4.9655166
2026-03-03 03:00:00+01:00,6.8919997,3.219938,4.32,51.0,0.0,33720.0,2.0379353,6.48019
2026-03-03 04:00:00+01:00,6.6419997,4.829907,5.7599998,55.0,0.0,30400.0,1.8788835,7.0769506
2026-03-03 05:00:00+01:00,6.692,3.096837,6.8399997,33.0,0.0,32380.0,3.2222586,7.5764823
2026-03-03 06:00:00+01:00,6.542,4.1046314,5.3999996,16.0,0.0,34360.0,4.6916795,8.6452055
2026-03-03 07:00:00+01:00,6.1419997,3.319036,5.7599998,0.0,0.0,33420.0,3.67394,9.331011
2026-03-03 08:00:00+01:00,6.442,2.7416782,4.32,0.0,0.0,33740.0,2.3236039,10.008319
2026-03-03 09:00:00+01:00,8.292,1.9386592,3.2399998,0.0,0.0,33200.0,1.8788835,6.8275857
2026-03-03 10:00:00+01:00,9.942,2.3051248,2.8799999,0.0,0.0,29000.0,1.0189676,5.1183376
2026-03-03 11:00:00+01:00,11.192,2.0991426,2.8799999,0.0,0.0,36600.0,1.8788835,3.7241378
2026-03-03 12:00:00+01:00,12.592,2.7416782,2.52,0.0,0.0,39760.0,1.0189676,4.475857
2026-03-03 13:00:00+01:00,13.442,3.6,3.96,0.0,0.0,39760.0,1.643036,3.6192114
2026-03-03 14:00:00+01:00,13.842,3.8939953,5.04,0.0,0.0,40820.0,1.643036,6.2068963
2026-03-03 15:00:00+01:00,14.192,4.510787,5.3999996,0.0,0.0,40920.0,2.9178793,8.068965
2026-03-03 16:00:00+01:00,14.292001,3.7585104,5.3999996,0.0,0.0,40720.0,0.64445174,8.281033
2026-03-03 17:00:00+01:00,13.542001,3.319036,4.32,0.0,0.0,40020.0,1.643036,9.331011
2026-03-03 18:00:00+01:00,12.042001,3.6179552,4.68,12.0,0.0,37940.0,3.1898732,8.281033
2026-03-03 19:00:00+01:00,8.992001,4.3349743,5.3999996,0.0,0.0,33980.0,2.3236039,6.6850314
2026-03-03 20:00:00+01:00,8.142,5.04,7.5599995,0.0,0.0,32920.0,1.0189676,6.939521
2026-03-03 21:00:00+01:00,7.042,5.6920996,7.5599995,0.0,0.0,26400.0,0.9113924,6.939521
2026-03-03 22:00:00+01:00,6.8919997,5.634891,5.7599998,0.0,0.0,28100.0,2.7718916,6.8557405
2026-03-03 23:00:00+01:00,6.792,5.692099,7.92,0.0,0.0,28600.0,2.3236039,10.027549
2026-03-04 00:00:00+01:00,6.842,4.829907,7.92,0.0,0.0,30540.0,2.278481,12.226168
2026-03-04 01:00:00+01:00,5.8919997,4.6938257,6.12,0.0,0.0,26420.0,2.0379353,9.392738
2026-03-04 02:00:00+01:00,6.442,3.8939953,5.7599998,0.0,0.0,35300.0,1.8227848,10.569963
2026-03-04 03:00:00+01:00,6.6419997,4.39436,5.04,0.0,0.0,38720.0,2.6571426,11.41124
2026-03-04 04:00:00+01:00,5.3919997,3.8939953,6.4799995,0.0,0.0,31440.0,2.0379353,10.00832
2026-03-04 05:00:00+01:00,5.6419997,4.6102495,6.8399997,0.0,0.0,32720.0,4.201311,9.655664
2026-03-04 06:00:00+01:00,5.842,4.510787,6.8399997,0.0,0.0,36820.0,4.844117,9.474416
2026-03-04 07:00:00+01:00,5.792,3.219938,6.12,0.0,0.0,39260.0,3.89347,9.494725
2026-03-04 08:00:00+01:00,6.492,3.6,5.04,0.0,0.0,39860.0,3.286072,10.5517235
2026-03-04 09:00:00+01:00,8.942,1.08,4.68,0.0,0.0,40060.0,2.0379353,7.4740934
2026-03-04 10:00:00+01:00,10.442,1.835647,4.32,0.0,0.0,38240.0,2.7718916,5.6205835
2026-03-04 11:00:00+01:00,12.192,2.5455842,3.96,0.0,0.0,39720.0,0.4556962,5.3031745
2026-03-04 12:00:00+01:00,13.342,3.319036,3.6,0.0,0.0,40760.0,1.0189676,5.3031745
2026-03-04 13:00:00+01:00,13.942,5.00128,6.4799995,0.0,0.0,41180.0,1.643036,4.475857
2026-03-04 14:00:00+01:00,14.342,4.8965297,7.2,0.0,0.0,41060.0,3.3175182,4.8477407
2026-03-04 15:00:00+01:00,14.592,4.198285,5.7599998,0.0,0.0,41000.0,2.453999,5.7224755
2026-03-04 16:00:00+01:00,14.442,4.2136917,7.2,0.0,0.0,40960.0,1.3670886,5.2667265
2026-03-04 17:00:00+01:00,13.592,4.6938257,7.2,0.0,0.0,39940.0,2.278481,3.3425157
2026-03-04 18:00:00+01:00,11.942,1.9386592,7.2,0.0,0.0,37640.0,1.0189676,3.1034482
2026-03-04 19:00:00+01:00,8.642,5.506941,7.2,0.0,0.0,27680.0,0.9113924,7.4740934
2026-03-04 20:00:00+01:00,7.542,5.154415,8.28,0.0,0.0,26420.0,2.0379353,8.350525
2026-03-04 21:00:00+01:00,7.492,4.2136917,5.3999996,0.0,0.0,30840.0,1.4410379,10.1040945
2026-03-04 22:00:00+01:00,7.6419997,4.3349743,4.68,0.0,0.0,34840.0,1.2889035,8.951714
2026-03-04 23:00:00+01:00,7.3919997,4.0249224,6.8399997,0.0,0.0,34660.0,1.0189676,11.0510645
2026-03-05 00:00:00+01:00,7.842,2.4149535,4.68,0.0,0.0,37500.0,1.0189676,14.476846
2026-03-05 01:00:00+01:00,8.392,3.2599385,2.8799999,0.0,0.0,37960.0,0.9113924,15.665498
2026-03-05 02:00:00+01:00,7.942,3.8268526,4.68,0.0,0.0,37960.0,0.0,15.89741
2026-03-05 03:00:00+01:00,6.792,3.671294,5.3999996,0.0,0.0,35700.0,1.4410379,15.517241
2026-03-05 04:00:00+01:00,7.592,1.609969,3.96,0.0,0.0,34160.0,1.8227848,11.939203
2026-03-05 05:00:00+01:00,7.542,2.4149535,3.6,4.0,0.0,34380.0,0.9113924,12.226168
2026-03-05 06:00:00+01:00,7.342,3.6,4.32,4.0,0.0,37720.0,1.3670886,13.370063
2026-03-05 07:00:00+01:00,6.942,4.39436,5.04,76.0,0.0,36520.0,2.6571426,15.11478
2026-03-05 08:00:00+01:00,7.192,3.4152596,5.04,55.0,0.0,34020.0,2.453999,16.292364
2026-03-05 09:00:00+01:00,8.392,3.7064266,5.3999996,57.0,0.0,27160.0,1.8788835,17.914183
2026-03-05 10:00:00+01:00,10.492001,1.0182338,5.3999996,51.0,0.0,30200.0,2.9178793,23.789505
2026-03-05 11:00:00+01:00,11.942,1.1384199,6.4799995,7.0,0.0,34920.0,1.8227848,24.341797
2026-03-05 12:00:00+01:00,13.342,4.198285,4.68,0.0,0.0,38920.0,2.278481,23.17426
2026-03-05 13:00:00+01:00,13.092,6.130579,8.64,0.0,0.0,40340.0,3.1898732,26.098505
2026-03-05 14:00:00+01:00,13.642,5.4477882,8.28,0.0,0.0,39540.0,4.57969,24.718725
2026-03-05 15:00:00+01:00,14.142,8.089993,11.159999,0.0,0.0,39420.0,4.844117,21.71527
2026-03-05 16:00:00+01:00,13.392,5.815978,11.159999,11.0,0.0,38500.0,5.195736,18.25503
2026-03-05 17:00:00+01:00,12.392,6.130579,9.0,0.0,0.0,35980.0,3.67394,18.631031
2026-03-05 18:00:00+01:00,10.992001,3.8939953,9.36,43.0,0.0,31380.0,2.453999,18.599987
2026-03-05 19:00:00+01:00,10.142,4.802999,6.12,71.0,0.0,32740.0,0.0,17.245792
2026-03-05 20:00:00+01:00,9.992001,3.319036,5.3999996,59.0,0.0,35660.0,3.0569031,18.631031
2026-03-05 21:00:00+01:00,9.442,2.9024127,4.32,0.0,0.0,37360.0,2.453999,17.256958
2026-03-05 22:00:00+01:00,7.992,3.396233,7.2,0.0,0.0,27080.0,1.8227848,18.423088
2026-03-05 23:00:00+01:00,7.842,1.0182338,3.96,0.0,0.0,29680.0,2.278481,13.781546
2026-03-06 00:00:00+01:00,8.342,3.396233,2.8799999,0.0,0.0,35040.0,1.0189676,10.857635
2026-03-06 01:00:00+01:00,7.742,1.8,4.68,18.0,0.0,34420.0,0.4556962,7.0769506
2026-03-06 02:00:00+01:00,7.692,3.9763298,4.68,43.0,0.0,34240.0,1.4410379,6.939521
2026-03-06 03:00:00+01:00,7.292,5.1165614,6.8399997,0.0,0.0,32900.0,2.8820758,8.327425
2026-03-06 04:00:00+01:00,5.742,4.0249224,6.12,0.0,0.0,32140.0,1.643036,8.6452055
2026-03-06 05:00:00+01:00,5.742,3.219938,5.3999996,0.0,0.0,34840.0,2.0379353,8.281033
2026-03-06 06:00:00+01:00,5.542,3.0758414,3.96,0.0,0.0,36020.0,2.9178793,10.839878
2026-03-06 07:00:00+01:00,4.992,2.6208394,3.6,0.0,0.0,37040.0,2.278481,9.392738
2026-03-06 08:00:00+01:00,6.1419997,1.0182338,2.8799999,0.0,0.0,39360.0,1.2889035,9.6356945
2026-03-06 09:00:00+01:00,7.742,1.835647,3.2399998,0.0,0.0,37760.0,1.0189676,7.0769506
2026-03-06 10:00:00+01:00,9.792001,1.609969,3.2399998,0.0,0.0,37740.0,0.64445174,6.2068963
2026-03-06 11:00:00+01:00,11.842,2.0991426,3.6,0.0,0.0,40400.0,1.2889035,5.339374
2026-03-06 12:00:00+01:00,13.442,4.1046314,4.32,0.0,0.0,41460.0,1.2889035,7.0769506
2026-03-06 13:00:00+01:00,13.642,5.8603754,8.64,0.0,0.0,41580.0,0.64445174,6.113084
2026-03-06 14:00:00+01:00,13.892,7.172949,8.64,0.0,0.0,41600.0,3.3175182,7.499821
2026-03-06 15:00:00+01:00,14.142,6.5693827,8.64,0.0,0.0,41660.0,4.57969,8.442291
2026-03-06 16:00:00+01:00,13.942,6.489992,10.440001,0.0,0.0,41640.0,3.3175182,8.821657
2026-03-06 17:00:00+01:00,13.342,3.6,10.08,0.0,0.0,40340.0,1.4410379,8.622896
2026-03-06 18:00:00+01:00,11.892,2.2768397,5.7599998,0.0,0.0,38120.0,0.9113924,9.310345
2026-03-06 19:00:00+01:00,9.742001,6.12,6.8399997,0.0,0.0,37000.0,1.4410379,10.98112
2026-03-06 20:00:00+01:00,8.892,4.6938252,6.8399997,0.0,0.0,38340.0,0.4556962,12.241913
2026-03-06 21:00:00+01:00,9.342,1.9386592,4.68,0.0,0.0,40200.0,0.9113924,12.96038
2026-03-06 22:00:00+01:00,8.942,1.484318,4.32,0.0,0.0,40120.0,1.0189676,12.5526705
2026-03-06 23:00:00+01:00,8.792001,2.52,2.52,0.0,0.0,40440.0,1.8788835,14.396789
2026-03-07 00:00:00+01:00,8.542001,2.0991426,3.2399998,0.0,0.0,40400.0,2.0379353,15.012479
2026-03-07 01:00:00+01:00,6.792,3.8939953,3.2399998,0.0,0.0,38900.0,2.278481,16.149862
2026-03-07 02:00:00+01:00,6.742,4.829907,5.7599998,0.0,0.0,39560.0,2.9178793,12.413793
2026-03-07 03:00:00+01:00,6.092,2.2768397,6.12,0.0,0.0,38440.0,3.4704785,10.569963
2026-03-07 04:00:00+01:00,5.242,1.5273507,2.8799999,0.0,0.0,36820.0,3.1898732,9.331011
2026-03-07 05:00:00+01:00,5.242,3.6179552,5.3999996,0.0,0.0,36880.0,1.643036,6.2068963
2026-03-07 06:00:00+01:00,4.942,1.8,3.96,0.0,0.0,36540.0,2.3236039,2.775808
2026-03-07 07:00:00+01:00,4.142,2.968636,5.04,0.0,0.0,37700.0,1.8227848,3.6192114
2026-03-07 08:00:00+01:00,5.192,2.3051248,5.7599998,0.0,0.0,38140.0,2.278481,5.6205835
2026-03-07 09:00:00+01:00,7.542,1.1384199,2.52,0.0,0.0,38060.0,1.8227848,7.2649856
2026-03-07 10:00:00+01:00,10.942,1.8,3.96,0.0,0.0,39960.0,0.9113924,7.5764823
2026-03-07 11:00:00+01:00,13.042001,2.9024127,2.8799999,0.0,0.0,41140.0,1.8788835,9.474416
2026-03-07 12:00:00+01:00,14.242001,4.3498964,5.04,0.0,0.0,41400.0,3.1898732,11.189641
2026-03-07 13:00:00+01:00,14.992001,5.0142193,6.8399997,0.0,0.0,42160.0,3.286072,7.8511715
2026-03-07 14:00:00+01:00,15.442,5.5887027,7.2,0.0,0.0,42260.0,2.453999,5.6205835
2026-03-07 15:00:00+01:00,15.692,6.379216,8.28,0.0,0.0,42720.0,3.2222586,6.6850314
2026-03-07 16:00:00+01:00,15.542001,5.6920996,11.159999,0.0,0.0,42320.0,1.4410379,6.48019
2026-03-07 17:00:00+01:00,14.892,2.5455842,9.36,0.0,0.0,41380.0,0.4556962,4.1637125
2026-03-07 18:00:00+01:00,13.142,1.4399999,3.6,0.0,0.0,40880.0,1.8227848,2.775808
2026-03-07 19:00:00+01:00,9.192,6.4799995,9.0,0.0,0.0,37340.0,1.4410379,3.1034482
2026-03-07 20:00:00+01:00,8.492001,5.3999996,10.799999,0.0,0.0,40000.0,3.0569031,3.6192114
2026-03-07 21:00:00+01:00,7.342,5.0528407,7.92,8.0,0.0,39160.0,3.1898732,6.113084
2026-03-07 22:00:00+01:00,7.292,4.802999,7.2,0.0,0.0,38160.0,3.67394,6.598021
2026-03-07 23:00:00+01:00,6.442,5.506941,8.64,0.0,0.0,33780.0,4.0758705,7.022301
2026-03-08 00:00:00+01:00,6.442,6.0347,6.4799995,0.0,0.0,34140.0,2.0379353,8.622896
2026-03-08 01:00:00+01:00,6.8919997,4.829907,6.12,0.0,0.0,38360.0,0.9113924,10.00832
2026-03-08 02:00:00+01:00,7.542,4.1046314,5.04,0.0,0.0,40160.0,1.0189676,11.595439
2026-03-08 03:00:00+01:00,7.8919997,3.563818,4.32,0.0,0.0,40560.0,1.2889035,11.939204
2026-03-08 04:00:00+01:00,6.8919997,5.00128,4.68,0.0,0.0,40060.0,1.643036,11.189642
2026-03-08 05:00:00+01:00,5.792,4.8965297,9.36,0.0,0.0,38160.0,3.3175182,9.331011
2026-03-08 06:00:00+01:00,6.8919997,4.6102495,6.8399997,0.0,0.0,40000.0,3.5591009,7.4740934
2026-03-08 07:00:00+01:00,6.092,4.8433046,8.64,0.0,0.0,38920.0,2.8820758,6.939521
2026-03-08 08:00:00+01:00,6.842,3.5455887,6.4799995,0.0,0.0,39040.0,2.3236039,6.6850314
2026-03-08 09:00:00+01:00,9.042001,2.3051248,3.96,0.0,0.0,38920.0,0.64445174,7.0769506
2026-03-08 10:00:00+01:00,11.242001,1.8,3.6,0.0,0.0,40160.0,1.643036,8.068965
2026-03-08 11:00:00+01:00,13.292001,2.5959969,4.32,0.0,0.0,41400.0,2.278481,7.777219
2026-03-08 12:00:00+01:00,14.342,4.829907,5.7599998,0.0,0.0,41920.0,4.1265044,7.499821
2026-03-08 13:00:00+01:00,14.792001,6.763786,9.0,0.0,0.0,42300.0,5.0333285,5.8883786
2026-03-08 14:00:00+01:00,15.192,6.379216,9.0,0.0,0.0,42420.0,3.4704785,5.6205835
2026-03-08 15:00:00+01:00,15.592,6.9527545,9.0,0.0,0.0,42580.0,6.1138062,5.6205835
2026-03-08 16:00:00+01:00,15.542001,6.28713,10.799999,0.0,0.0,42740.0,4.201311,5.0041595
2026-03-08 17:00:00+01:00,15.092,3.5455887,9.72,0.0,0.0,41880.0,0.9113924,6.8557405
2026-03-08 18:00:00+01:00,13.742001,1.9386592,6.4799995,21.0,0.0,40700.0,0.64445174,6.8275857
2026-03-08 19:00:00+01:00,10.342,5.2416787,9.0,0.0,0.0,39620.0,4.0758705,8.092802
2026-03-08 20:00:00+01:00,8.542001,4.73506,7.5599995,0.0,0.0,37520.0,6.572144,10.008319
2026-03-08 21:00:00+01:00,7.742,5.506941,7.5599995,0.0,0.0,37280.0,2.6571426,11.444951
2026-03-08 22:00:00+01:00,8.092,6.0347,6.8399997,0.0,0.0,39300.0,1.643036,10.236675
2026-03-08 23:00:00+01:00,7.942,5.815978,6.12,0.0,0.0,39260.0,1.643036,11.444951
2026-03-09 00:00:00+01:00,8.292,5.00128,5.7599998,0.0,0.0,39480.0,0.0,12.5526705
2026-03-09 01:00:00+01:00,9.042001,2.2768397,5.3999996,0.0,0.0,40460.0,2.0379353,10.714764
2026-03-09 02:00:00+01:00,8.592,4.8965297,5.3999996,0.0,0.0,40020.0,2.734177,8.1638975
2026-03-09 03:00:00+01:00,8.492001,3.219938,6.8399997,0.0,0.0,40080.0,2.3236039,11.809426
2026-03-09 04:00:00+01:00,8.392,3.8939953,5.04,0.0,0.0,39800.0,2.3236039,4.3889384
2026-03-09 05:00:00+01:00,7.942,4.1046314,6.4799995,0.0,0.0,39860.0,2.278481,2.5591688
2026-03-09 06:00:00+01:00,7.942,3.8268526,5.04,0.0,0.0,40000.0,1.0189676,6.390391
2026-03-09 07:00:00+01:00,7.042,4.3349743,5.3999996,0.0,0.0,38960.0,0.4556962,3.6192114
2026-03-09 08:00:00+01:00,7.742,4.6102495,7.2,0.0,0.0,38920.0,1.0189676,3.1034482
2026-03-09 09:00:00+01:00,9.492001,2.16,7.2,0.0,0.0,39120.0,0.64445174,8.068965
2026-03-09 10:00:00+01:00,11.592,2.9024127,3.96,0.0,0.0,40580.0,3.0569031,13.948265
2026-03-09 11:00:00+01:00,13.142,2.0991426,5.04,0.0,0.0,41340.0,2.577807,18.631031
2026-03-09 12:00:00+01:00,14.042001,3.219938,4.68,0.0,0.0,41540.0,3.286072,16.952896
2026-03-09 13:00:00+01:00,14.492001,4.5536795,6.4799995,0.0,0.0,42880.0,5.3142853,17.043554
2026-03-09 14:00:00+01:00,14.542001,6.9527545,11.879999,16.0,0.0,42840.0,8.800955,13.283339
2026-03-09 15:00:00+01:00,15.142,6.6185193,13.679999,0.0,0.0,43680.0,11.096928,13.612786
2026-03-09 16:00:00+01:00,15.092,5.991594,13.32,0.0,0.0,43060.0,10.066657,13.879042
2026-03-09 17:00:00+01:00,14.492001,4.2136917,11.159999,10.0,0.0,41760.0,7.800262,11.661699
2026-03-09 18:00:00+01:00,13.492001,2.9024127,6.8399997,4.0,0.0,40960.0,3.2222586,10.551724
2026-03-09 19:00:00+01:00,12.842,2.6208394,4.32,0.0,0.0,40980.0,5.6366506,9.813965
2026-03-09 20:00:00+01:00,10.492001,5.4477882,9.0,0.0,0.0,38780.0,8.646228,7.4740934
2026-03-09 21:00:00+01:00,10.442,5.4477882,9.36,0.0,0.0,39340.0,8.215179,7.948705
2026-03-09 22:00:00+01:00,9.892,2.7416782,10.08,0.0,0.0,37100.0,10.955679,13.626929
2026-03-09 23:00:00+01:00,10.592,7.5942073,12.599999,39.0,0.0,40080.0,6.524576,17.256958
2026-03-10 00:00:00+01:00,9.642,1.8,12.959999,44.0,0.2,38060.0,3.9200466,26.406677
2026-03-10 01:00:00+01:00,10.542001,3.5455887,3.2399998,58.0,0.8,39260.0,1.4410379,18.454428
2026-03-10 02:00:00+01:00,10.642,3.319036,5.04,56.0,0.1,39980.0,4.323114,16.292364
2026-03-10 03:00:00+01:00,10.492001,3.396233,5.7599998,27.0,0.0,39820.0,3.67394,21.085184
2026-03-10 04:00:00+01:00,9.242001,5.154415,6.8399997,79.0,0.1,33940.0,2.734177,24.593725
2026-03-10 05:00:00+01:00,9.142,3.7064266,9.0,77.0,0.1,33180.0,5.012658,24.238705
2026-03-10 06:00:00+01:00,9.542001,3.096837,5.3999996,25.0,0.0,36580.0,3.2222586,24.46021
2026-03-10 07:00:00+01:00,9.292001,0.8049845,3.96,58.0,0.0,37480.0,3.2222586,22.22381
2026-03-10 08:00:00+01:00,9.742001,4.1046314,6.12,64.0,0.0,38680.0,2.7718916,21.546066
2026-03-10 09:00:00+01:00,10.342,2.968636,6.12,52.0,0.0,37840.0,2.3236039,20.66067
2026-03-10 10:00:00+01:00,11.092,3.0547013,6.4799995,70.0,0.0,38320.0,5.7641516,17.167427
2026-03-10 11:00:00+01:00,12.092,0.35999998,4.68,61.0,0.0,39780.0,5.6366506,14.8057575
2026-03-10 12:00:00+01:00,12.092,2.9024127,6.4799995,76.0,0.0,39620.0,5.993747,16.398428
2026-03-10 13:00:00+01:00,11.742001,4.829907,8.64,75.0,0.3,38000.0,6.9559,15.566816
2026-03-10 14:00:00+01:00,11.692,4.379589,9.72,65.0,0.2,32780.0,7.291139,15.216393
2026-03-10 15:00:00+01:00,11.242001,5.3999996,11.879999,85.0,0.4,21640.0,4.6472077,22.344826
2026-03-10 16:00:00+01:00,10.992001,3.8773184,10.08,77.0,0.9,27980.0,3.5591009,28.178215
2026-03-10 17:00:00+01:00,10.742001,1.835647,6.4799995,74.0,0.3,23100.0,6.524576,28.484177
2026-03-10 18:00:00+01:00,10.492001,1.4399999,2.8799999,85.0,0.4,21400.0,7.3053656,29.251541
2026-03-10 19:00:00+01:00,9.792001,2.3051248,3.2399998,65.0,0.6,16640.0,6.895935,22.206465
2026-03-10 20:00:00+01:00,9.592,5.1919937,9.0,49.0,0.4,30180.0,7.34788,18.25503
2026-03-10 21:00:00+01:00,9.542001,3.0758414,8.64,76.0,0.1,34700.0,3.757767,21.112572
2026-03-10 22:00:00+01:00,8.992001,3.8939953,5.7599998,73.0,0.3,21260.0,6.7744107,17.245792
2026-03-10 23:00:00+01:00,8.942,2.8116899,6.12,61.0,1.1,20700.0,8.315675,13.612786
2026-03-11 00:00:00+01:00,9.092,1.484318,5.04,81.0,0.0,29380.0,6.198138,11.545494
2026-03-11 01:00:00+01:00,8.592,2.5455842,3.96,92.0,0.0,17400.0,5.709857,12.051613
2026-03-11 02:00:00+01:00,8.742001,2.9024127,9.72,89.0,0.0,23940.0,3.89347,10.569963
2026-03-11 03:00:00+01:00,8.742001,3.0758414,5.3999996,91.0,0.0,23640.0,1.643036,11.9230585
2026-03-11 04:00:00+01:00,8.292,2.9024127,5.3999996,90.0,0.1,18340.0,1.8788835,6.939521
2026-03-11 05:00:00+01:00,8.142,2.0364676,3.96,74.0,0.0,20280.0,3.0569031,5.7224755
2026-03-11 06:00:00+01:00,7.8919997,2.7416782,4.68,68.0,0.0,22840.0,0.0,8.622896
2026-03-11 07:00:00+01:00,7.8919997,2.16,3.2399998,84.0,0.0,17840.0,1.4410379,10.569963
2026-03-11 08:00:00+01:00,8.292,2.4149535,2.16,79.0,0.0,18360.0,0.0,10.839878
2026-03-11 09:00:00+01:00,9.492001,2.968636,5.7599998,82.0,0.0,18220.0,2.7718916,9.813965
2026-03-11 10:00:00+01:00,10.642,3.563818,5.3999996,69.0,0.0,24000.0,5.094838,10.330335
2026-03-11 11:00:00+01:00,10.992001,1.4399999,7.5599995,56.0,0.0,29500.0,5.709857,9.310345
2026-03-11 12:00:00+01:00,11.592,2.5455842,6.12,88.0,0.0,29580.0,5.487309,9.310345
2026-03-11 13:00:00+01:00,10.842,1.5273507,7.5599995,100.0,0.0,26940.0,5.3142853,8.821657
2026-03-11 14:00:00+01:00,11.392,1.609969,4.68,58.0,0.0,28000.0,6.198138,11.103232
2026-03-11 15:00:00+01:00,11.742001,2.16,6.4799995,66.0,0.0,29680.0,6.1307654,11.987508
2026-03-11 16:00:00+01:00,11.392,1.2979984,4.68,53.0,0.0,28020.0,6.347113,12.226168
2026-03-11 17:00:00+01:00,11.192,1.484318,2.52,60.0,0.0,26380.0,5.333787,13.166815
2026-03-11 18:00:00+01:00,10.842,0.71999997,3.2399998,42.0,0.0,26360.0,4.323114,12.475707
2026-03-11 19:00:00+01:00,10.142,2.0991426,1.8,60.0,0.0,28980.0,4.2990294,14.003396
2026-03-11 20:00:00+01:00,9.542001,3.8939953,5.04,51.0,0.0,27380.0,2.8820758,17.423588
2026-03-11 21:00:00+01:00,9.142,4.0249224,6.4799995,47.0,0.0,30920.0,1.0189676,16.94153
2026-03-11 22:00:00+01:00,8.992001,2.6208394,5.3999996,50.0,0.0,32360.0,4.1265044,15.012479
2026-03-11 23:00:00+01:00,9.442,2.8116899,3.6,55.0,0.0,36180.0,3.67394,13.166815
2026-03-12 00:00:00+01:00,9.242001,3.6,5.04,56.0,0.2,34180.0,3.3175182,12.475707
2026-03-12 01:00:00+01:00,8.592,4.510787,7.2,88.0,0.4,27140.0,1.0189676,17.78468
2026-03-12 02:00:00+01:00,8.442,3.7585104,8.28,55.0,0.4,24360.0,2.6571426,12.226168
2026-03-12 03:00:00+01:00,8.342,1.8,5.7599998,30.0,0.2,26560.0,6.198138,14.329733
2026-03-12 04:00:00+01:00,7.992,2.7416782,3.2399998,0.0,0.0,17700.0,8.402622,13.781546
2026-03-12 05:00:00+01:00,7.842,4.6938257,5.3999996,0.0,0.0,30520.0,10.240498,18.26558
2026-03-12 06:00:00+01:00,6.8919997,5.00128,7.2,0.0,0.0,30900.0,9.227144,21.679756
2026-03-12 07:00:00+01:00,6.692,3.5455887,9.0,0.0,0.0,28500.0,14.947947,18.908127
2026-03-12 08:00:00+01:00,8.292,2.6208394,7.2,0.0,0.0,34780.0,14.075039,19.62793
2026-03-12 09:00:00+01:00,9.942,0.8049845,3.6,0.0,0.0,27860.0,12.897088,18.45443
2026-03-12 10:00:00+01:00,11.692,2.8116899,5.04,0.0,0.0,29880.0,10.677303,11.394346
2026-03-12 11:00:00+01:00,13.592,4.0249224,10.08,0.0,0.0,39780.0,5.195736,7.4482756
2026-03-12 12:00:00+01:00,14.692,4.3498964,8.28,0.0,0.0,40840.0,1.9333551,5.0041595
2026-03-12 13:00:00+01:00,15.342,6.2145634,8.28,0.0,0.0,41000.0,4.201311,1.387904
2026-03-12 14:00:00+01:00,15.792001,7.072878,9.72,0.0,0.0,41280.0,3.286072,1.387904
2026-03-12 15:00:00+01:00,15.792001,7.42159,9.72,0.0,0.0,41520.0,0.9113924,4.1637125
2026-03-12 16:00:00+01:00,16.292,5.00128,9.72,0.0,0.0,41180.0,3.2222586,7.8511715
2026-03-12 17:00:00+01:00,15.692,3.8773184,9.36,0.0,0.0,40500.0,2.278481,10.027549
2026-03-12 18:00:00+01:00,14.242001,1.9386592,6.8399997,0.0,0.0,39420.0,2.734177,10.678748
2026-03-12 19:00:00+01:00,11.342,4.68,9.0,0.0,0.0,37740.0,6.3960004,7.948705
2026-03-12 20:00:00+01:00,9.342,4.73506,7.5599995,4.0,0.0,35120.0,7.800262,7.677507
2026-03-12 21:00:00+01:00,8.792001,4.68,7.5599995,2.0,0.0,34500.0,5.487309,8.777877
2026-03-12 22:00:00+01:00,8.742001,5.0528407,7.92,14.0,0.0,33800.0,5.0333285,7.238423
2026-03-12 23:00:00+01:00,8.292,5.0528407,8.64,15.0,0.0,29400.0,6.3960004,5.551616
2026-03-13 00:00:00+01:00,8.342,5.6920996,9.36,0.0,0.0,29280.0,5.012658,3.5111506
2026-03-13 01:00:00+01:00,9.642,4.829907,6.4799995,52.0,0.0,34040.0,6.3797464,3.1649084
2026-03-13 02:00:00+01:00,9.492001,3.8939953,7.92,54.0,0.0,29980.0,2.3236039,0.6206896
2026-03-13 03:00:00+01:00,10.192,2.0991426,5.7599998,73.0,0.0,34120.0,1.8227848,4.1637125
2026-03-13 04:00:00+01:00,9.392,1.609969,5.3999996,77.0,0.0,28360.0,1.643036,2.2379284
2026-03-13 05:00:00+01:00,9.042001,4.6938252,6.12,43.0,0.0,30660.0,1.4410379,4.1637125
2026-03-13 06:00:00+01:00,8.392,3.096837,6.4799995,59.0,0.0,35580.0,1.0189676,4.8477407
2026-03-13 07:00:00+01:00,8.442,2.5455842,3.6,74.0,0.0,36040.0,1.643036,4.5186887
2026-03-13 08:00:00+01:00,9.142,2.968636,5.04,53.0,0.0,37480.0,0.64445174,9.331011
2026-03-13 09:00:00+01:00,10.642,1.8,5.04,71.0,0.0,35380.0,1.3670886,9.813965
2026-03-13 10:00:00+01:00,12.642,1.2979984,3.6,48.0,0.0,40760.0,0.4556962,12.659634
2026-03-13 11:00:00+01:00,14.142,2.7416782,4.32,42.0,0.0,41660.0,2.453999,11.793103
2026-03-13 12:00:00+01:00,15.142,4.3349743,6.8399997,0.0,0.0,41080.0,3.67394,9.454063
2026-03-13 13:00:00+01:00,14.642,8.089993,10.440001,63.0,0.0,40820.0,7.7468357,9.037377
2026-03-13 14:00:00+01:00,14.892,6.9153743,14.04,0.0,0.0,40900.0,11.528303,9.494725
2026-03-13 15:00:00+01:00,15.542001,6.1305785,15.84,0.0,0.0,41420.0,12.4380865,10.569963
2026-03-13 16:00:00+01:00,14.542001,5.3517847,11.879999,37.0,0.0,40940.0,11.961482,10.00832
2026-03-13 17:00:00+01:00,14.092,3.2599385,11.159999,0.0,0.0,40760.0,11.02182,5.7224755
2026-03-13 18:00:00+01:00,13.442,0.5091169,5.3999996,0.0,0.0,41000.0,9.580464,11.444951
2026-03-13 19:00:00+01:00,11.842,3.6,9.36,7.0,0.0,40320.0,10.035667,21.546066
2026-03-13 20:00:00+01:00,11.142,1.484318,5.04,48.0,0.1,38540.0,15.031068,17.256958
2026-03-13 21:00:00+01:00,11.192,3.671294,4.68,44.0,0.0,38400.0,13.79187,21.230852
2026-03-13 22:00:00+01:00,10.542001,3.8939953,8.28,34.0,0.0,37740.0,13.701232,22.898315
2026-03-13 23:00:00+01:00,10.392,1.08,5.3999996,100.0,0.2,27380.0,13.941624,16.292364
2026-03-14 00:00:00+01:00,10.442,4.379589,3.2399998,100.0,0.5,23460.0,12.312233,25.357279
2026-03-14 01:00:00+01:00,10.392,6.4799995,11.159999,54.0,2.5,34560.0,24.156197,21.212698
2026-03-14 02:00:00+01:00,10.092,5.8048253,13.679999,92.0,0.4,27080.0,26.118193,29.721897
2026-03-14 03:00:00+01:00,10.192,4.32,11.5199995,28.0,0.5,34160.0,26.465712,28.123474
2026-03-14 04:00:00+01:00,10.342,7.4128532,9.0,61.0,0.3,35180.0,25.555576,32.773354
2026-03-14 05:00:00+01:00,9.892,6.162207,15.4800005,100.0,1.1,12920.0,32.05783,41.10165
2026-03-14 06:00:00+01:00,9.942,7.9526596,15.4800005,54.0,4.6,16640.0,28.712477,48.17847
2026-03-14 07:00:00+01:00,9.792001,9.0,11.5199995,100.0,3.9,14620.0,33.517685,46.96369
2026-03-14 08:00:00+01:00,9.992001,9.746631,19.44,100.0,2.1,10040.0,44.72792,50.31033
2026-03-14 09:00:00+01:00,10.692,10.636766,20.519999,54.0,3.1,4940.0,45.562782,51.741096
2026-03-14 10:00:00+01:00,10.342,15.315873,34.2,27.0,3.1,11380.0,45.226555,44.082073
2026-03-14 11:00:00+01:00,10.792001,12.758432,26.64,40.0,1.8,11300.0,35.663868,47.37208
2026-03-14 12:00:00+01:00,11.292001,6.28713,20.880001,95.0,1.4,11320.0,31.426521,50.291183
2026-03-14 13:00:00+01:00,9.392,14.021525,14.04,100.0,5.6,6060.0,19.61612,47.9661
2026-03-14 14:00:00+01:00,8.592,8.699793,25.56,100.0,4.8,4820.0,9.784211,48.59647
2026-03-14 15:00:00+01:00,7.6419997,9.3669195,19.8,100.0,4.8,5040.0,9.580463,65.55846
2026-03-14 16:00:00+01:00,7.442,4.802999,18.0,100.0,6.6,5380.0,12.133847,68.896545
2026-03-14 17:00:00+01:00,6.842,5.00128,10.440001,100.0,4.1,5280.0,9.482423,70.277855
2026-03-14 18:00:00+01:00,6.742,5.5887027,13.32,100.0,4.6,8460.0,17.22628,59.34
2026-03-14 19:00:00+01:00,6.342,2.5455842,7.5599995,100.0,4.0,14660.0,13.594724,67.32122
2026-03-14 20:00:00+01:00,6.442,4.6800003,7.92,100.0,3.4,13200.0,15.419778,68.582695
2026-03-14 21:00:00+01:00,6.742,1.609969,10.799999,100.0,3.9,13260.0,17.014013,65.79603
2026-03-14 22:00:00+01:00,5.992,5.8048253,8.64,100.0,3.8,14960.0,25.162518,55.755066
2026-03-14 23:00:00+01:00,5.792,7.42159,14.759999,100.0,4.8,9880.0,24.186266,53.710278
2026-03-15 00:00:00+01:00,5.042,8.435069,16.199999,100.0,6.3,11880.0,22.235918,61.960247
2026-03-15 01:00:00+01:00,4.192,8.4042845,16.56,100.0,4.1,15220.0,31.360373,57.993805
2026-03-15 02:00:00+01:00,4.742,7.928178,17.28,100.0,4.7,11440.0,29.338484,58.414112
2026-03-15 03:00:00+01:00,4.342,3.396233,12.24,100.0,5.1,11880.0,23.200262,57.083202
2026-03-15 04:00:00+01:00,3.942,7.2805495,8.64,100.0,4.2,17440.0,27.831066,53.133354
2026-03-15 05:00:00+01:00,4.292,5.2416787,13.679999,100.0,3.1,16920.0,23.853422,56.4964
2026-03-15 06:00:00+01:00,4.392,2.3051248,9.36,100.0,2.3,23580.0,19.225843,55.862064
2026-03-15 07:00:00+01:00,4.792,5.6920996,10.440001,100.0,1.1,17260.0,27.436544,56.619007
2026-03-15 08:00:00+01:00,5.542,5.2416787,14.04,98.0,1.4,15540.0,23.630384,51.577026
2026-03-15 09:00:00+01:00,6.192,2.6208394,12.599999,55.0,0.7,34160.0,22.78481,57.056194
2026-03-15 10:00:00+01:00,7.242,3.0758414,6.4799995,60.0,0.0,35400.0,17.725351,47.603294
2026-03-15 11:00:00+01:00,8.692,2.4149535,6.8399997,41.0,0.0,36440.0,11.926711,41.844795
2026-03-15 12:00:00+01:00,10.192,2.1897945,6.8399997,50.0,0.0,38340.0,6.1138062,39.728985
2026-03-15 13:00:00+01:00,10.292001,3.0758414,6.4799995,50.0,0.0,38780.0,5.709857,35.531433
2026-03-15 14:00:00+01:00,10.242001,2.4149535,9.36,53.0,0.0,39380.0,6.444517,34.474827
2026-03-15 15:00:00+01:00,10.542001,5.771239,10.799999,85.0,0.0,38720.0,3.9200466,24.989985
2026-03-15 16:00:00+01:00,10.692,3.563818,7.92,47.0,0.4,38700.0,8.11344,27.479101
2026-03-15 17:00:00+01:00,10.292001,5.506941,9.36,56.0,0.0,35020.0,2.453999,21.185438
2026-03-15 18:00:00+01:00,9.592,4.6102495,11.159999,38.0,0.0,39400.0,8.062088,18.631031
2026-03-15 19:00:00+01:00,8.142,5.692099,10.08,42.0,0.0,35240.0,2.278481,16.149862
2026-03-15 20:00:00+01:00,8.142,3.319036,9.0,48.0,0.0,36280.0,4.907998,16.804535
2026-03-15 21:00:00+01:00,7.842,4.802999,9.72,42.0,0.5,29020.0,1.8227848,12.568007
2026-03-15 22:00:00+01:00,7.992,4.1046314,5.3999996,61.0,0.4,32960.0,2.278481,13.0492525
2026-03-15 23:00:00+01:00,7.6419997,5.6233797,9.36,0.0,0.2,27560.0,2.3236039,9.655664
2026-03-16 00:00:00+01:00,7.6419997,6.1305785,10.799999,19.0,0.0,30840.0,1.643036,12.367153
2026-03-16 01:00:00+01:00,7.6419997,5.154415,10.08,46.0,0.0,30000.0,1.0189676,13.739551
2026-03-16 02:00:00+01:00,7.242,4.8965297,8.28,33.0,0.0,30760.0,3.0569031,15.11478
2026-03-16 03:00:00+01:00,7.042,1.835647,8.28,16.0,0.0,32320.0,5.506198,14.167504
2026-03-16 04:00:00+01:00,6.542,5.00128,12.599999,22.0,0.0,30420.0,4.844117,13.152178
2026-03-16 05:00:00+01:00,6.542,5.1165614,9.36,0.0,0.0,32640.0,5.195736,22.965515
2026-03-16 06:00:00+01:00,6.1419997,5.315336,9.36,0.0,0.0,30640.0,5.155614,24.278408
2026-03-16 07:00:00+01:00,6.192,5.692099,9.0,0.0,0.0,33320.0,4.556962,16.13793
2026-03-16 08:00:00+01:00,7.242,5.904439,11.879999,0.0,0.0,28940.0,5.941551,12.194616
2026-03-16 09:00:00+01:00,10.042001,5.2416787,10.08,0.0,0.0,29540.0,7.1182017,14.922391
2026-03-16 10:00:00+01:00,11.992001,2.6208394,8.64,0.0,0.0,36580.0,9.56962,22.839355
2026-03-16 11:00:00+01:00,13.792001,2.968636,9.36,0.0,0.0,40700.0,10.638335,29.020142
2026-03-16 12:00:00+01:00,14.742001,2.968636,7.2,0.0,0.0,41760.0,13.120569,35.574776
2026-03-16 13:00:00+01:00,15.892,5.2416787,8.28,0.0,0.0,42260.0,19.894674,36.0
2026-03-16 14:00:00+01:00,16.242,6.87779,15.84,0.0,0.0,44820.0,24.224873,47.889736
2026-03-16 15:00:00+01:00,16.592,5.0142193,12.24,0.0,0.0,48900.0,17.441916,54.284622
2026-03-16 16:00:00+01:00,16.741999,7.754637,10.440001,0.0,0.0,51960.0,26.703953,49.82943
2026-03-16 17:00:00+01:00,15.342,6.849467,15.84,0.0,0.0,49920.0,34.1529,36.0
2026-03-16 18:00:00+01:00,12.942,5.8603754,12.599999,0.0,0.0,49200.0,28.96809,43.71788
2026-03-16 19:00:00+01:00,12.142,11.384198,14.04,0.0,0.0,48180.0,27.417616,50.40978
2026-03-16 20:00:00+01:00,11.192,11.480557,21.599998,0.0,0.0,45360.0,24.867823,53.194946
2026-03-16 21:00:00+01:00,10.692,8.714677,20.880001,0.0,0.0,43940.0,15.4936695,57.18435
2026-03-16 22:00:00+01:00,11.492001,14.57889,18.0,0.0,0.0,46100.0,18.027378,51.819218
2026-03-16 23:00:00+01:00,11.242001,13.896187,26.64,0.0,0.0,45000.0,17.014015,49.87966
2026-03-17 00:00:00+01:00,10.742001,11.4862,25.199999,0.0,0.0,44200.0,13.057107,51.18338
2026-03-17 01:00:00+01:00,10.892,11.808878,19.8,0.0,0.0,44700.0,14.899244,55.69976
2026-03-17 02:00:00+01:00,10.492001,10.464797,20.519999,0.0,0.0,44280.0,12.570939,56.01702
2026-03-17 03:00:00+01:00,9.492001,7.42159,17.64,0.0,0.0,42660.0,9.612922,54.779156
2026-03-17 04:00:00+01:00,6.342,4.3349743,11.879999,0.0,0.0,39620.0,6.6350365,53.803448
2026-03-17 05:00:00+01:00,5.6419997,6.4096174,10.440001,0.0,0.0,38980.0,4.907998,49.97997
2026-03-17 06:00:00+01:00,5.542,6.439876,11.159999,0.0,0.0,39660.0,4.0758705,42.755558
2026-03-17 07:00:00+01:00,5.242,5.8048253,11.5199995,0.0,0.0,38800.0,4.0758705,37.514515
2026-03-17 08:00:00+01:00,7.942,5.315336,10.440001,0.0,0.0,40600.0,6.9559,33.78057
2026-03-17 09:00:00+01:00,10.692,1.5273507,8.64,0.0,0.0,40820.0,4.511162,35.817608
2026-03-17 10:00:00+01:00,13.042001,3.096837,7.92,0.0,0.0,44400.0,2.7718916,38.72725
2026-03-17 11:00:00+01:00,13.792001,8.39657,10.08,0.0,0.0,43200.0,0.4556962,37.943382
2026-03-17 12:00:00+01:00,14.592,7.928177,9.72,0.0,0.0,44200.0,2.0379353,37.246548
2026-03-17 13:00:00+01:00,15.592,7.9036193,10.799999,0.0,0.0,46040.0,3.3175182,40.387775
2026-03-17 14:00:00+01:00,15.992001,8.891343,10.440001,0.0,0.0,46460.0,3.9200466,43.731094
2026-03-17 15:00:00+01:00,16.092,8.0899935,11.159999,0.0,0.0,42620.0,4.556962,45.037437
2026-03-17 16:00:00+01:00,16.542,3.8773184,13.32,0.0,0.0,43440.0,7.418196,55.986065
2026-03-17 17:00:00+01:00,16.142,6.849467,12.959999,0.0,0.0,42480.0,3.757767,55.986065
2026-03-17 18:00:00+01:00,15.092,3.7064266,12.599999,0.0,0.0,41640.0,6.940957,50.4136
2026-03-17 19:00:00+01:00,12.392,3.4152596,6.4799995,0.0,0.0,41780.0,6.198138,58.50638
2026-03-17 20:00:00+01:00,10.892,4.6800003,6.12,0.0,0.0,40720.0,3.67394,54.793217
2026-03-17 21:00:00+01:00,9.842,3.319036,7.92,0.0,0.0,39960.0,4.511162,45.463135
2026-03-17 22:00:00+01:00,10.092,2.9024127,5.7599998,6.0,0.0,40760.0,4.9291077,47.237705
2026-03-17 23:00:00+01:00,8.592,4.6102495,8.28,40.0,0.0,39460.0,12.832521,42.827583
2026-03-18 00:00:00+01:00,8.642,4.510787,9.36,80.0,0.0,38120.0,13.402427,39.743526
2026-03-18 01:00:00+01:00,10.042001,0.5091169,6.12,100.0,0.0,40000.0,18.616735,44.138847
2026-03-18 02:00:00+01:00,10.292001,2.16,3.2399998,89.0,0.0,40720.0,13.859459,41.007812
2026-03-18 03:00:00+01:00,9.642,1.8,5.3999996,85.0,0.0,40960.0,12.792001,37.246548
2026-03-18 04:00:00+01:00,8.342,6.151683,8.64,64.0,0.0,40580.0,4.907998,40.649246
2026-03-18 05:00:00+01:00,7.692,5.6920996,10.08,48.0,0.0,39980.0,3.6455696,35.6451
2026-03-18 06:00:00+01:00,6.592,3.2399998,9.72,40.0,0.0,39000.0,4.201311,26.537657
2026-03-18 07:00:00+01:00,6.292,4.0249224,7.5599995,42.0,0.0,38120.0,6.1307654,14.153901
2026-03-18 08:00:00+01:00,7.342,2.0991426,6.4799995,43.0,0.0,37600.0,8.765491,19.331268
2026-03-18 09:00:00+01:00,9.692,6.9527545,14.04,3.0,0.0,38860.0,17.69604,27.681644
2026-03-18 10:00:00+01:00,11.242001,7.342588,17.64,0.0,0.0,39900.0,12.396276,45.458893
2026-03-18 11:00:00+01:00,12.642,8.473393,15.4800005,0.0,0.0,41040.0,1.8788835,47.74471
2026-03-18 12:00:00+01:00,13.942,10.787993,14.4,0.0,0.0,47040.0,5.094838,29.27787
2026-03-18 13:00:00+01:00,14.642,11.792404,16.56,0.0,0.0,46840.0,9.394418,14.289349
2026-03-18 14:00:00+01:00,14.392,10.948973,16.199999,0.0,0.0,46340.0,10.520563,11.545494
2026-03-18 15:00:00+01:00,14.042001,13.009903,19.8,22.0,0.0,43900.0,13.215189,14.153901
2026-03-18 16:00:00+01:00,14.692,9.021574,26.28,0.0,0.0,44780.0,7.418196,11.394346
2026-03-18 17:00:00+01:00,14.392,6.162207,16.919998,0.0,0.0,45240.0,2.453999,23.065948
2026-03-18 18:00:00+01:00,13.442,6.193674,11.159999,0.0,0.0,43920.0,5.7641516,33.106678
2026-03-18 19:00:00+01:00,10.742001,5.0911684,10.799999,0.0,0.0,41760.0,6.6350365,34.413307
2026-03-18 20:00:00+01:00,7.792,5.0911684,9.36,0.0,0.0,39900.0,2.577807,31.873484
2026-03-18 21:00:00+01:00,7.442,4.73506,7.92,0.0,0.0,40420.0,4.57969,30.420122
2026-03-18 22:00:00+01:00,6.592,5.4477882,8.64,0.0,0.0,40420.0,3.89347,24.989985
2026-03-18 23:00:00+01:00,6.8919997,5.4477882,7.2,0.0,0.0,40840.0,6.728273,19.480164
2026-03-19 00:00:00+01:00,7.042,5.0142193,7.5599995,0.0,0.0,40780.0,5.0333285,22.593443
2026-03-19 01:00:00+01:00,5.792,4.8433046,7.5599995,0.0,0.0,38860.0,5.0333285,18.454428
2026-03-19 02:00:00+01:00,5.842,6.1305785,8.64,0.0,0.0,39580.0,3.89347,14.948187
2026-03-19 03:00:00+01:00,5.8919997,3.4152596,10.440001,0.0,0.0,39820.0,1.4410379,13.0492525
2026-03-19 04:00:00+01:00,4.692,4.6938257,5.04,0.0,0.0,39600.0,1.4410379,8.1638975
2026-03-19 05:00:00+01:00,4.192,2.9024127,6.8399997,0.0,0.0,39040.0,1.0189676,11.189642
2026-03-19 06:00:00+01:00,4.842,4.1046314,4.68,0.0,0.0,40900.0,1.4410379,10.569963
2026-03-19 07:00:00+01:00,3.692,5.1919937,6.8399997,0.0,0.0,39360.0,3.67394,10.027549
2026-03-19 08:00:00+01:00,5.8919997,5.315336,8.28,0.0,0.0,36500.0,5.012658,15.517241
2026-03-19 09:00:00+01:00,10.142,2.1897945,8.64,0.0,0.0,40800.0,4.488087,21.185438
2026-03-19 10:00:00+01:00,11.742001,1.8,8.64,0.0,0.0,41780.0,4.0758705,25.020798
2026-03-19 11:00:00+01:00,13.192,2.9024127,6.8399997,0.0,0.0,42440.0,2.6571426,25.273579
2026-03-19 12:00:00+01:00,14.842,3.8268526,4.68,0.0,0.0,43940.0,2.7718916,26.105885
2026-03-19 13:00:00+01:00,16.142,3.6,5.3999996,0.0,0.0,47560.0,7.3053656,30.30593
2026-03-19 14:00:00+01:00,16.642,7.24486,14.759999,0.0,0.0,49180.0,9.215885,29.409164
2026-03-19 15:00:00+01:00,16.792,9.0,16.199999,0.0,0.0,49460.0,4.907998,30.83522
2026-03-19 16:00:00+01:00,16.892,7.172949,12.599999,0.0,0.0,50540.0,3.67394,32.90241
2026-03-19 17:00:00+01:00,16.491999,5.95906,13.32,0.0,0.0,45200.0,4.1265044,31.330996
2026-03-19 18:00:00+01:00,14.642,1.08,9.72,0.0,0.0,45100.0,2.8820758,28.430025
2026-03-19 19:00:00+01:00,10.392,5.4477882,7.92,0.0,0.0,42800.0,2.577807,24.175043
2026-03-19 20:00:00+01:00,9.092,6.0347,9.72,0.0,0.0,42380.0,3.67394,20.66999
2026-03-19 21:00:00+01:00,7.742,5.6920996,10.08,0.0,0.0,41080.0,3.5591009,15.152965
2026-03-19 22:00:00+01:00,6.042,6.725354,9.0,0.0,0.0,39060.0,8.706063,10.1040945
2026-03-19 23:00:00+01:00,5.742,3.9763298,10.440001,0.0,0.0,40580.0,3.286072,8.886923
2026-03-20 00:00:00+01:00,6.092,5.2416787,6.8399997,0.0,0.0,41440.0,6.3797464,7.677507
2026-03-20 01:00:00+01:00,4.842,3.6,7.2,0.0,0.0,40400.0,8.476439,10.569963
2026-03-20 02:00:00+01:00,4.542,6.519877,8.28,0.0,0.0,40400.0,11.680409,10.998648
2026-03-20 03:00:00+01:00,4.342,6.130579,8.64,0.0,0.0,40120.0,14.560902,10.551724
2026-03-20 04:00:00+01:00,3.2919998,5.4119864,8.28,19.0,0.0,40540.0,13.495072,11.858258
2026-03-20 05:00:00+01:00,3.592,4.73506,7.2,0.0,0.0,40960.0,9.215885,12.735487
2026-03-20 06:00:00+01:00,2.9919999,5.1919937,8.64,0.0,0.0,40280.0,5.543783,14.543223
2026-03-20 07:00:00+01:00,2.892,4.8965297,6.8399997,0.0,0.0,38940.0,4.2990294,14.948187
2026-03-20 08:00:00+01:00,5.8919997,3.6179552,5.7599998,0.0,0.0,40120.0,5.562481,16.386677
2026-03-20 09:00:00+01:00,9.292001,2.2768397,5.04,0.0,0.0,38240.0,5.562481,15.665498
2026-03-20 10:00:00+01:00,11.142,4.3349743,8.28,0.0,0.0,41340.0,3.3175182,12.5680065
2026-03-20 11:00:00+01:00,12.542001,5.4833565,6.12,0.0,0.0,41680.0,2.6571426,13.370063
2026-03-20 12:00:00+01:00,13.692,7.145796,8.28,0.0,0.0,42280.0,5.941551,16.492132
2026-03-20 13:00:00+01:00,14.442,9.178235,11.159999,0.0,0.0,42860.0,8.21518,16.492132
2026-03-20 14:00:00+01:00,15.192,8.0899935,12.959999,0.0,0.0,42740.0,5.709857,18.381218
2026-03-20 15:00:00+01:00,15.542001,7.491114,15.4800005,0.0,0.0,43420.0,10.189676,22.15436
2026-03-20 16:00:00+01:00,15.542001,6.439876,15.84,0.0,0.0,44000.0,3.89347,19.120867
2026-03-20 17:00:00+01:00,15.142,5.8603754,12.959999,0.0,0.0,43400.0,5.155614,16.185604
2026-03-20 18:00:00+01:00,12.992001,3.6179552,11.159999,0.0,0.0,41860.0,8.11344,18.010698
2026-03-20 19:00:00+01:00,9.742001,5.937272,8.64,0.0,0.0,42220.0,5.993747,9.331011
2026-03-20 20:00:00+01:00,7.942,5.4833565,7.92,0.0,0.0,41300.0,4.57969,9.494725
2026-03-20 21:00:00+01:00,6.942,3.8773184,7.92,0.0,0.0,40700.0,6.0797453,11.189641
2026-03-20 22:00:00+01:00,6.3919997,3.96,5.3999996,0.0,0.0,40960.0,5.7641516,11.103232
2026-03-20 23:00:00+01:00,5.242,3.671294,5.04,0.0,0.0,40300.0,7.1182017,11.189642
2026-03-21 00:00:00+01:00,4.942,4.379589,5.7599998,0.0,0.0,40260.0,6.835443,8.951714
2026-03-21 01:00:00+01:00,3.942,4.32,6.8399997,0.0,0.0,39820.0,7.7602262,7.948705
2026-03-21 02:00:00+01:00,4.142,5.0528407,6.4799995,0.0,0.0,40320.0,6.7744107,10.274241
2026-03-21 03:00:00+01:00,3.9919999,5.506941,7.2,0.0,0.0,40320.0,4.9291077,10.274241
2026-03-21 04:00:00+01:00,5.192,5.692099,6.12,0.0,0.0,39720.0,3.3175182,11.939203
2026-03-21 05:00:00+01:00,5.092,4.6800003,6.8399997,39.0,0.0,39660.0,4.1265044,11.444951
2026-03-21 06:00:00+01:00,5.092,4.39436,5.7599998,37.0,0.0,39580.0,3.1898732,13.879042
2026-03-21 07:00:00+01:00,5.842,4.198285,5.3999996,65.0,0.0,38300.0,3.3175182,13.739551
2026-03-21 08:00:00+01:00,7.092,4.0249224,6.8399997,67.0,0.0,35560.0,1.0189676,18.096056
2026-03-21 09:00:00+01:00,9.642,3.319036,7.5599995,46.0,0.0,39840.0,0.4556962,19.28138
2026-03-21 10:00:00+01:00,10.742001,2.8116899,8.28,44.0,0.0,40980.0,1.4410379,17.555754
2026-03-21 11:00:00+01:00,12.042001,2.968636,5.04,40.0,0.0,41380.0,0.9113924,17.555754
2026-03-21 12:00:00+01:00,13.692,4.6800003,5.04,40.0,0.0,41920.0,2.577807,14.329733
2026-03-21 13:00:00+01:00,14.192,8.049845,10.08,0.0,0.0,42560.0,5.094838,17.077427
2026-03-21 14:00:00+01:00,14.592,6.297428,10.799999,0.0,0.0,43620.0,6.572144,15.566816
2026-03-21 15:00:00+01:00,14.792001,4.8433046,11.159999,0.0,0.0,43360.0,10.725815,15.517241
2026-03-21 16:00:00+01:00,15.392,2.2768397,12.599999,7.0,0.0,42660.0,22.679756,14.329733
2026-03-21 17:00:00+01:00,14.242001,7.127636,12.959999,6.0,0.0,43160.0,7.0889688,12.780782
2026-03-21 18:00:00+01:00,12.592,1.835647,12.24,48.0,0.0,41780.0,1.2889035,11.394346
2026-03-21 19:00:00+01:00,10.792001,4.32,6.8399997,87.0,0.1,41220.0,12.261531,6.2378535
2026-03-21 20:00:00+01:00,9.892,5.7599998,15.4800005,40.0,0.1,40440.0,17.014015,1.7555753
2026-03-21 21:00:00+01:00,8.842,3.563818,7.92,49.0,0.3,38940.0,17.081009,4.7270317
2026-03-21 22:00:00+01:00,8.142,4.68,5.04,77.0,0.4,35060.0,19.642567,3.6192114
2026-03-21 23:00:00+01:00,7.592,6.849467,12.24,100.0,0.7,32300.0,22.347704,6.2068963
2026-03-22 00:00:00+01:00,7.192,3.6179552,11.879999,93.0,0.8,32080.0,21.873417,16.492132
2026-03-22 01:00:00+01:00,6.742,6.725354,6.12,100.0,1.1,27340.0,23.400787,25.935617
2026-03-22 02:00:00+01:00,6.842,7.928178,18.0,100.0,0.9,34040.0,27.34557,31.649084
2026-03-22 03:00:00+01:00,6.6419997,3.0758414,12.599999,100.0,0.7,32020.0,21.27667,30.108244
2026-03-22 04:00:00+01:00,6.342,6.2145634,9.0,88.0,0.7,31840.0,20.097183,34.024887
2026-03-22 05:00:00+01:00,6.492,2.968636,10.799999,100.0,0.3,35340.0,16.405064,35.111507
2026-03-22 06:00:00+01:00,5.942,5.937272,10.440001,89.0,1.0,29940.0,13.340306,23.716516
2026-03-22 07:00:00+01:00,5.592,2.1897945,10.440001,81.0,0.3,29200.0,9.15938,22.653046
2026-03-22 08:00:00+01:00,6.542,0.8049845,2.52,70.0,0.3,28020.0,9.580464,20.818563
2026-03-22 09:00:00+01:00,7.542,1.8,4.32,48.0,0.3,33360.0,10.520564,17.31268
2026-03-22 10:00:00+01:00,7.342,3.096837,8.64,90.0,0.2,21200.0,10.725815,13.655171
2026-03-22 11:00:00+01:00,8.292,6.3690495,12.599999,83.0,0.7,21160.0,10.411436,9.037377
2026-03-22 12:00:00+01:00,8.492001,7.42159,14.759999,68.0,0.7,29840.0,9.113924,8.281033
2026-03-22 13:00:00+01:00,8.942,3.096837,14.04,67.0,0.1,35320.0,10.520563,4.3889384
2026-03-22 14:00:00+01:00,9.242001,5.3517847,9.72,83.0,0.1,36560.0,5.468354,10.839878
2026-03-22 15:00:00+01:00,9.142,9.726664,16.56,23.0,0.3,37380.0,12.159491,12.795845
2026-03-22 16:00:00+01:00,10.442,5.904439,16.199999,22.0,0.0,39620.0,5.543783,10.1040945
2026-03-22 17:00:00+01:00,10.442,2.9024127,9.0,0.0,0.0,40100.0,7.7602262,7.5764823
2026-03-22 18:00:00+01:00,9.142,3.6179552,6.12,0.0,0.0,33940.0,7.800262,7.5764823
2026-03-22 19:00:00+01:00,7.342,3.396233,5.7599998,0.0,0.0,37620.0,4.757608,8.622896
2026-03-22 20:00:00+01:00,4.692,5.815978,6.12,0.0,0.0,35920.0,3.3175182,6.7137847
2026-03-22 21:00:00+01:00,3.942,5.6920996,6.12,0.0,0.0,29980.0,2.3236039,7.777219
2026-03-22 22:00:00+01:00,4.242,5.495161,5.7599998,0.0,0.0,34100.0,2.7718916,6.113084
2026-03-22 23:00:00+01:00,3.9919999,5.315336,5.7599998,0.0,0.0,33360.0,3.286072,5.6205835
2026-03-23 00:00:00+01:00,4.592,4.198285,7.2,0.0,0.0,38240.0,3.2222586,3.1649084
2026-03-23 01:00:00+01:00,4.542,4.3349743,7.92,0.0,0.0,38740.0,4.488087,4.5186887
2026-03-23 02:00:00+01:00,4.042,4.6102495,6.8399997,0.0,0.0,37540.0,4.511162,8.442291
2026-03-23 03:00:00+01:00,3.9919999,4.6938257,6.8399997,0.0,0.0,38460.0,4.1265044,14.529971
2026-03-23 04:00:00+01:00,3.392,5.0142193,6.4799995,0.0,0.0,36780.0,6.330734,19.62793
2026-03-23 05:00:00+01:00,3.092,5.154415,7.2,0.0,0.0,36480.0,5.487309,21.679756
2026-03-23 06:00:00+01:00,2.692,5.4833565,7.2,0.0,0.0,34620.0,5.155614,22.56785
2026-03-23 07:00:00+01:00,2.842,5.634891,8.64,0.0,0.0,34480.0,6.835443,24.982275
2026-03-23 08:00:00+01:00,5.742,2.0991426,7.92,0.0,0.0,38080.0,6.572144,23.04088
2026-03-23 09:00:00+01:00,7.792,2.0991426,5.04,0.0,0.0,37340.0,6.9559,23.422297
2026-03-23 10:00:00+01:00,10.142,2.5959969,7.92,0.0,0.0,41120.0,9.482423,20.66067
2026-03-23 11:00:00+01:00,12.392,5.00128,11.159999,0.0,0.0,42320.0,8.753638,17.903427
2026-03-23 12:00:00+01:00,13.842,6.489992,14.04,0.0,0.0,43520.0,7.7602262,16.71258
2026-03-23 13:00:00+01:00,15.042001,8.427383,15.119999,0.0,0.0,44800.0,6.835443,14.753624
2026-03-23 14:00:00+01:00,15.492001,8.654986,14.759999,0.0,0.0,46120.0,6.0797453,13.739551
2026-03-23 15:00:00+01:00,15.792001,8.311245,10.440001,0.0,0.0,45900.0,6.1138062,15.216393
2026-03-23 16:00:00+01:00,16.342,2.52,10.08,0.0,0.0,46280.0,8.987734,11.595439
2026-03-23 17:00:00+01:00,16.092,3.219938,6.4799995,0.0,0.0,45940.0,13.152184,8.886923
2026-03-23 18:00:00+01:00,14.692,3.319036,7.2,0.0,0.0,43040.0,9.7416725,9.227215
2026-03-23 19:00:00+01:00,12.642,3.96,10.799999,0.0,0.0,46020.0,12.039351,10.624495
2026-03-23 20:00:00+01:00,9.942,7.754637,14.759999,0.0,0.0,41800.0,8.646228,16.433628
2026-03-23 21:00:00+01:00,9.142,6.792466,14.04,0.0,0.0,41780.0,7.20519,18.26558
2026-03-23 22:00:00+01:00,8.442,5.315336,11.5199995,0.0,0.0,41740.0,10.802979,19.120867
2026-03-23 23:00:00+01:00,7.1419997,4.510787,9.72,0.0,0.0,40920.0,8.753638,15.329903
2026-03-24 00:00:00+01:00,6.742,4.0249224,8.28,0.0,0.0,41000.0,7.1182017,9.474416
2026-03-24 01:00:00+01:00,6.6419997,3.8268526,7.2,0.0,0.0,41000.0,4.556962,5.00416
2026-03-24 02:00:00+01:00,6.8919997,4.6800003,6.4799995,0.0,0.0,41440.0,4.0758705,4.475857
2026-03-24 03:00:00+01:00,6.1419997,5.495161,7.5599995,0.0,0.0,40820.0,3.9200466,4.3889384
2026-03-24 04:00:00+01:00,5.942,5.0528407,8.28,0.0,0.0,40840.0,3.286072,5.0041595
2026-03-24 05:00:00+01:00,4.8919997,5.692099,9.0,0.0,0.0,39520.0,5.155614,8.711794
2026-03-24 06:00:00+01:00,4.542,6.28713,10.799999,0.0,0.0,39480.0,9.227144,13.739551
2026-03-24 07:00:00+01:00,4.692,5.5887027,9.72,0.0,0.0,40020.0,9.045312,20.818563
2026-03-24 08:00:00+01:00,7.542,3.396233,9.36,0.0,0.0,40820.0,9.350104,26.869482
2026-03-24 09:00:00+01:00,10.992001,3.6,7.2,0.0,0.0,42020.0,9.17071,26.194279
2026-03-24 10:00:00+01:00,12.892,3.7585104,9.36,0.0,0.0,44040.0,4.488087,23.789505
2026-03-24 11:00:00+01:00,14.542001,5.506941,6.12,0.0,0.0,45300.0,1.9333551,21.212698
2026-03-24 12:00:00+01:00,15.992001,5.3999996,6.4799995,0.0,0.0,47060.0,4.2990294,20.809309
2026-03-24 13:00:00+01:00,16.692,6.28713,10.799999,0.0,0.0,49580.0,2.6571426,22.284399
2026-03-24 14:00:00+01:00,17.092,7.628263,9.0,0.0,0.0,49360.0,4.201311,23.265514
2026-03-24 15:00:00+01:00,17.542,5.904439,12.959999,0.0,0.0,48500.0,9.394418,26.253044
2026-03-24 16:00:00+01:00,17.692,5.8048253,14.4,0.0,0.0,48700.0,2.453999,23.878408
2026-03-24 17:00:00+01:00,17.142,3.5455887,12.959999,0.0,0.0,48280.0,2.0379353,26.428555
2026-03-24 18:00:00+01:00,16.092,3.319036,6.8399997,0.0,0.0,45820.0,1.643036,27.653793
2026-03-24 19:00:00+01:00,11.442,5.8048253,7.92,0.0,0.0,41380.0,0.9113924,26.869482
2026-03-24 20:00:00+01:00,9.392,4.73506,10.440001,0.0,0.0,40320.0,1.8788835,21.944693
2026-03-24 21:00:00+01:00,8.092,5.7599998,8.28,0.0,0.0,40400.0,2.8820758,18.010698
2026-03-24 22:00:00+01:00,7.242,5.3999996,7.5599995,0.0,0.0,40860.0,3.757767,13.166815
2026-03-24 23:00:00+01:00,7.242,4.896529,6.8399997,0.0,0.0,40660.0,4.201311,13.739551
2026-03-25 00:00:00+01:00,7.092,6.151683,6.4799995,0.0,0.0,40240.0,3.67394,13.152178
2026-03-25 01:00:00+01:00,6.942,6.12,6.12,0.0,0.0,39400.0,4.0758705,11.545494
2026-03-25 02:00:00+01:00,7.342,5.991594,6.8399997,0.0,0.0,39820.0,3.3175182,13.6692705
2026-03-25 03:00:00+01:00,7.292,4.3349743,7.5599995,0.0,0.0,39300.0,2.453999,15.367554
2026-03-25 04:00:00+01:00,7.342,4.1046314,5.7599998,0.0,0.0,40660.0,3.89347,14.153901
2026-03-25 05:00:00+01:00,6.242,3.319036,8.28,0.0,0.0,39400.0,1.643036,13.326771
2026-03-25 06:00:00+01:00,6.192,5.8603754,8.64,0.0,0.0,38960.0,0.4556962,20.141356
2026-03-25 07:00:00+01:00,5.742,3.563818,8.64,0.0,0.0,38740.0,1.8227848,21.002802
2026-03-25 08:00:00+01:00,8.142,2.7416782,6.4799995,0.0,0.0,40360.0,2.278481,26.304356
2026-03-25 09:00:00+01:00,10.392,1.08,5.7599998,0.0,0.0,40780.0,2.7718916,36.58385
2026-03-25 10:00:00+01:00,12.342,2.5455842,6.8399997,0.0,0.0,41780.0,5.487309,34.847176
2026-03-25 11:00:00+01:00,13.892,4.39436,10.799999,0.0,0.0,42160.0,6.728273,28.659466
2026-03-25 12:00:00+01:00,15.042001,7.5685663,15.119999,0.0,0.0,43120.0,10.087265,26.164846
2026-03-25 13:00:00+01:00,15.942,9.449572,21.24,11.0,0.0,42540.0,18.70576,23.397612
2026-03-25 14:00:00+01:00,16.092,10.630672,24.119999,6.0,0.0,43060.0,20.225931,22.041037
2026-03-25 15:00:00+01:00,16.192,9.983106,20.880001,42.0,0.0,43380.0,14.038106,21.230852
2026-03-25 16:00:00+01:00,16.342,4.73506,20.880001,16.0,0.0,44620.0,11.987494,24.206896
2026-03-25 17:00:00+01:00,15.892,6.489992,10.799999,50.0,0.0,45220.0,8.598059,17.043554
2026-03-25 18:00:00+01:00,12.892,3.8268526,39.239998,46.0,0.6,41380.0,11.848101,43.8235
2026-03-25 19:00:00+01:00,10.942,15.745627,31.319998,0.0,0.0,40780.0,23.98365,57.325653
2026-03-25 20:00:00+01:00,11.392,8.891343,26.28,0.0,0.0,43120.0,32.622883,39.74353
2026-03-25 21:00:00+01:00,9.392,10.086427,17.64,0.0,0.0,43760.0,35.81204,38.307163
2026-03-25 22:00:00+01:00,8.742001,16.79314,20.519999,0.0,0.0,45640.0,51.751118,42.279854
2026-03-25 23:00:00+01:00,9.592,16.595179,32.399998,0.0,0.0,50260.0,53.442886,33.3097
2026-03-26 00:00:00+01:00,9.192,11.304229,31.319998,0.0,0.0,50820.0,52.111008,21.944693
2026-03-26 01:00:00+01:00,9.692,12.979984,19.8,0.0,0.0,50520.0,63.164486,37.499107
2026-03-26 02:00:00+01:00,9.492001,14.759999,29.16,0.0,0.0,51280.0,62.564945,31.133633
2026-03-26 03:00:00+01:00,8.792001,11.879999,27.72,0.0,0.0,50440.0,52.931423,24.238705
2026-03-26 04:00:00+01:00,8.642,17.782686,21.96,0.0,0.0,50560.0,58.81306,44.108284
2026-03-26 05:00:00+01:00,8.792001,15.517629,32.760002,0.0,0.0,51540.0,63.799095,42.755558
2026-03-26 06:00:00+01:00,8.242001,13.779114,33.12,0.0,0.0,49860.0,61.124474,34.160492
2026-03-26 07:00:00+01:00,8.592,12.641076,25.56,0.0,0.0,50760.0,69.97274,44.41293
2026-03-26 08:00:00+01:00,9.142,20.969807,39.6,0.0,0.0,52760.0,71.335014,33.797676
2026-03-26 09:00:00+01:00,9.692,22.461807,45.0,0.0,0.0,52040.0,63.027905,32.042255
2026-03-26 10:00:00+01:00,10.342,23.469128,45.0,0.0,0.0,53780.0,70.37519,33.797676
2026-03-26 11:00:00+01:00,11.392,24.535524,51.12,0.0,0.0,55120.0,60.689774,30.666088
2026-03-26 12:00:00+01:00,11.992001,23.143827,49.32,0.0,0.0,54160.0,50.721664,25.591688
2026-03-26 13:00:00+01:00,11.942,24.1388,50.76,0.0,0.0,55200.0,59.038597,16.70105
2026-03-26 14:00:00+01:00,11.842,28.001427,59.76,0.0,0.0,56180.0,57.182156,12.795844
2026-03-26 15:00:00+01:00,11.642,26.525429,57.6,0.0,0.0,54560.0,53.24435,19.311329
2026-03-26 16:00:00+01:00,11.042001,25.264202,52.56,0.0,0.0,55900.0,60.489273,10.569963
2026-03-26 17:00:00+01:00,10.692,20.172853,55.079998,0.0,0.0,55900.0,55.109104,7.0769506
2026-03-26 18:00:00+01:00,9.842,15.517629,42.48,0.0,0.0,53920.0,45.132328,15.367554
2026-03-26 19:00:00+01:00,8.542001,1.8,27.72,0.0,0.0,56700.0,44.686115,13.612786
2026-03-26 20:00:00+01:00,7.092,12.758432,24.48,0.0,0.0,51220.0,36.19559,10.678748
2026-03-26 21:00:00+01:00,6.742,10.383987,25.56,0.0,0.0,50180.0,31.548529,15.025306
2026-03-26 22:00:00+01:00,6.942,12.9249525,21.24,0.0,0.0,50020.0,33.78919,9.164372
2026-03-26 23:00:00+01:00,6.542,11.966953,25.199999,0.0,0.0,49620.0,30.869844,11.189642
2026-03-27 00:00:00+01:00,5.592,10.829959,23.759998,0.0,0.0,47940.0,26.241138,21.510277
2026-03-27 01:00:00+01:00,6.092,14.404499,20.519999,0.0,0.0,49460.0,27.52722,18.25503
2026-03-27 02:00:00+01:00,5.6419997,13.661038,28.44,0.0,0.0,48460.0,24.100254,18.454428
2026-03-27 03:00:00+01:00,4.942,9.449572,24.84,0.0,0.0,47800.0,20.225931,26.948225
2026-03-27 04:00:00+01:00,5.942,14.869351,21.24,0.0,0.0,48800.0,24.497644,14.543223
2026-03-27 05:00:00+01:00,5.692,13.849476,28.44,0.0,0.0,48540.0,22.440435,18.764957
2026-03-27 06:00:00+01:00,5.1419997,10.495713,24.48,0.0,0.0,48360.0,22.217234,25.020798
2026-03-27 07:00:00+01:00,5.942,12.245294,18.72,0.0,0.0,47900.0,21.783041,22.839355
2026-03-27 08:00:00+01:00,7.692,9.47012,25.919998,0.0,0.0,50960.0,17.772152,23.635157
2026-03-27 09:00:00+01:00,9.142,2.7416782,16.919998,0.0,0.0,51900.0,15.419778,28.362186
2026-03-27 10:00:00+01:00,11.092,5.495161,5.7599998,0.0,0.0,53880.0,5.506198,25.478533
2026-03-27 11:00:00+01:00,12.442,6.8399997,16.56,0.0,0.0,55640.0,6.347113,22.206465
2026-03-27 12:00:00+01:00,12.992001,9.793058,15.84,0.0,0.0,54180.0,10.189676,20.557856
2026-03-27 13:00:00+01:00,13.642,4.0249224,17.28,0.0,0.0,55060.0,5.487309,20.66999
2026-03-27 14:00:00+01:00,14.242001,5.4477882,13.679999,0.0,0.0,54220.0,9.022324,14.948187
2026-03-27 15:00:00+01:00,13.792001,10.137692,16.199999,0.0,0.0,53640.0,9.079681,8.821657
2026-03-27 16:00:00+01:00,14.142,10.308831,22.68,0.0,0.0,53400.0,9.858215,5.3031745
2026-03-27 17:00:00+01:00,12.842,12.181625,21.599998,0.0,0.0,51540.0,9.612922,2.5591688
2026-03-27 18:00:00+01:00,10.792001,13.584932,27.359999,0.0,0.0,50500.0,10.240498,6.598021
2026-03-27 19:00:00+01:00,8.842,14.512064,27.72,0.0,0.0,47560.0,13.776805,14.476846
2026-03-27 20:00:00+01:00,8.192,13.755579,27.72,0.0,0.0,46180.0,15.680186,13.612786
2026-03-27 21:00:00+01:00,7.842,11.988594,25.919998,0.0,0.0,45920.0,16.755745,11.661699
2026-03-27 22:00:00+01:00,7.942,12.475961,22.319998,0.0,0.0,46700.0,18.788836,10.180067
2026-03-27 23:00:00+01:00,7.742,11.753876,23.4,0.0,0.0,46640.0,16.805244,14.4368725
2026-03-28 00:00:00+01:00,7.542,10.691453,21.24,0.0,0.0,47020.0,16.316214,15.824542
2026-03-28 01:00:00+01:00,7.3919997,11.090103,18.72,0.0,0.0,46480.0,16.805244,9.310345
2026-03-28 02:00:00+01:00,7.342,9.504272,20.16,0.0,0.0,46800.0,14.836392,9.164372
2026-03-28 03:00:00+01:00,6.742,9.0,16.56,0.0,0.0,46000.0,12.570939,11.394346
2026-03-28 04:00:00+01:00,6.992,9.659814,16.199999,0.0,0.0,45800.0,17.795506,18.096056
2026-03-28 05:00:00+01:00,6.992,9.360001,18.72,0.0,0.0,46180.0,18.3697,25.20489
2026-03-28 06:00:00+01:00,5.442,7.289445,16.56,0.0,0.0,43600.0,14.236403,27.709465
2026-03-28 07:00:00+01:00,5.992,8.557102,12.959999,0.0,0.0,44260.0,16.053188,30.816475
2026-03-28 08:00:00+01:00,9.892,5.3999996,14.759999,0.0,0.0,49760.0,15.1685915,30.439116
2026-03-28 09:00:00+01:00,11.692,4.5536795,9.72,0.0,0.0,49300.0,12.269996,28.753408
2026-03-28 10:00:00+01:00,13.692,4.198285,10.08,0.0,0.0,55340.0,16.335295,25.719328
2026-03-28 11:00:00+01:00,15.392,0.71999997,9.36,0.0,0.0,55760.0,16.104847,26.537657
2026-03-28 12:00:00+01:00,16.491999,5.692099,12.959999,0.0,0.0,54640.0,8.074956,30.816475
2026-03-28 13:00:00+01:00,17.192,5.3999996,13.679999,0.0,0.0,53120.0,12.039351,31.133633
2026-03-28 14:00:00+01:00,17.892,4.5536795,16.199999,0.0,0.0,56800.0,10.087265,32.32953
2026-03-28 15:00:00+01:00,18.292,5.0142193,10.440001,0.0,0.0,63800.0,6.6350365,29.198812
2026-03-28 16:00:00+01:00,17.741999,8.825508,23.759998,0.0,0.0,66040.0,9.113924,28.612377
2026-03-28 17:00:00+01:00,16.491999,9.178235,17.28,0.0,0.0,66480.0,16.182028,23.594372
2026-03-28 18:00:00+01:00,14.642,12.144331,22.68,0.0,0.0,55780.0,15.2777195,25.71933
2026-03-28 19:00:00+01:00,13.042001,10.799999,23.759998,0.0,0.0,50140.0,17.250372,17.423588
2026-03-28 20:00:00+01:00,12.092,10.086427,20.880001,0.0,0.0,47500.0,16.182028,19.241377
2026-03-28 21:00:00+01:00,11.142,6.8777895,18.0,0.0,0.0,45220.0,15.044876,21.24899
2026-03-28 22:00:00+01:00,11.842,10.787993,12.599999,0.0,0.0,47380.0,12.269995,15.012479
2026-03-28 23:00:00+01:00,11.442,11.090103,22.68,0.0,0.0,46920.0,13.836966,17.290411
2026-03-29 00:00:00+01:00,10.792001,7.8954163,20.16,0.0,0.0,46160.0,14.482251,21.438515
2026-03-29 01:00:00+01:00,10.942,10.787993,14.4,0.0,0.0,48320.0,15.2777195,15.665498
2026-03-29 03:00:00+02:00,10.542001,11.298495,23.759998,0.0,0.0,47920.0,19.57373,17.78468
2026-03-29 04:00:00+02:00,9.742001,10.44,21.24,0.0,0.0,47000.0,16.182028,24.804298
2026-03-29 05:00:00+02:00,9.842,11.923557,19.8,0.0,0.0,48680.0,17.441916,22.102129
2026-03-29 06:00:00+02:00,9.342,11.681987,23.039999,0.0,0.0,48040.0,14.878324,23.422297
2026-03-29 07:00:00+02:00,8.642,9.422101,20.880001,0.0,0.0,46900.0,16.687443,28.123474
2026-03-29 08:00:00+02:00,9.342,11.440979,16.56,0.0,0.0,47020.0,17.731209,23.323399
2026-03-29 09:00:00+02:00,10.742001,8.891343,22.319998,0.0,0.0,48860.0,15.942856,23.59437
2026-03-29 10:00:00+02:00,12.042001,6.763786,15.84,0.0,0.0,49640.0,15.871056,28.266945
2026-03-29 11:00:00+02:00,13.542001,1.609969,14.04,0.0,0.0,49780.0,12.261531,25.326874
2026-03-29 12:00:00+02:00,15.042001,5.4477882,12.24,0.0,0.0,52480.0,10.391472,23.789505
2026-03-29 13:00:00+02:00,15.942,6.696387,16.56,0.0,0.0,54060.0,13.033229,21.830282
2026-03-29 14:00:00+02:00,16.741999,7.172949,18.0,0.0,0.0,55660.0,13.402427,16.386677
2026-03-29 15:00:00+02:00,16.991999,8.707238,18.359999,0.0,0.0,55560.0,12.661468,13.152178
2026-03-29 16:00:00+02:00,16.142,16.923828,27.359999,0.0,0.0,55000.0,10.870049,11.661699
2026-03-29 17:00:00+02:00,16.192,11.269782,36.36,0.0,0.0,55460.0,10.677303,10.678748
2026-03-29 18:00:00+02:00,15.242001,10.8955765,24.84,0.0,0.0,53840.0,14.41038,7.0769506
2026-03-29 19:00:00+02:00,13.292001,13.53236,25.56,0.0,0.0,52060.0,10.955679,4.3889384
2026-03-29 20:00:00+02:00,11.192,13.246826,25.919998,0.0,0.0,49140.0,10.189676,5.855574
2026-03-29 21:00:00+02:00,10.342,11.808878,25.919998,0.0,0.0,46460.0,12.312233,6.1445136
2026-03-29 22:00:00+02:00,9.592,10.703569,21.24,0.0,0.0,45120.0,12.312233,10.1040945
2026-03-29 23:00:00+02:00,9.592,10.195057,20.519999,0.0,0.0,45020.0,15.311664,9.715329
2026-03-30 00:00:00+02:00,8.992001,7.653705,17.28,0.0,0.0,44440.0,10.974618,9.6356945
2026-03-30 01:00:00+02:00,8.192,7.9036193,16.56,0.0,0.0,43700.0,9.784211,10.5517235
2026-03-30 02:00:00+02:00,8.192,7.5685663,14.04,0.0,0.0,44400.0,11.031237,8.442291
2026-03-30 03:00:00+02:00,7.792,6.763786,12.599999,0.0,0.0,44140.0,9.994198,11.0510645
2026-03-30 04:00:00+02:00,7.742,5.315336,12.599999,0.0,0.0,43840.0,7.20519,19.430658
2026-03-30 05:00:00+02:00,7.742,5.692099,10.799999,0.0,0.0,43680.0,7.7602262,28.068626
2026-03-30 06:00:00+02:00,7.842,3.396233,8.64,0.0,0.0,43660.0,11.087566,30.816475
2026-03-30 07:00:00+02:00,7.442,3.7064266,9.0,0.0,0.0,43440.0,8.513107,43.448277
2026-03-30 08:00:00+02:00,6.942,5.0911684,5.7599998,0.0,0.0,43460.0,11.830561,55.948204
2026-03-30 09:00:00+02:00,8.992001,0.8049845,6.4799995,0.0,0.0,44020.0,17.60191,63.313385
2026-03-30 10:00:00+02:00,11.892,3.0758414,8.28,0.0,0.0,42940.0,21.605959,61.133984
2026-03-30 11:00:00+02:00,13.792001,8.089993,10.08,0.0,0.0,47160.0,28.737778,61.020454
2026-03-30 12:00:00+02:00,14.442,8.587338,18.72,0.0,0.0,47320.0,27.587502,58.45367
2026-03-30 13:00:00+02:00,15.292001,6.28713,17.64,0.0,0.0,48300.0,37.36153,55.755066
2026-03-30 14:00:00+02:00,15.842,16.489416,31.68,0.0,0.0,54020.0,39.136845,50.794262
2026-03-30 15:00:00+02:00,14.842,19.878391,41.399998,0.0,0.0,52800.0,34.949253,38.02959
2026-03-30 16:00:00+02:00,14.292001,14.118243,36.719997,0.0,0.0,52300.0,26.54406,39.476055
2026-03-30 17:00:00+02:00,14.042001,13.049689,33.48,0.0,0.0,51240.0,25.938683,42.796085
2026-03-30 18:00:00+02:00,12.592,9.726665,24.119999,0.0,0.0,49460.0,23.634777,51.63675
2026-03-30 19:00:00+02:00,10.192,4.6102495,20.880001,0.0,0.0,43260.0,16.562534,66.41669
2026-03-30 20:00:00+02:00,8.542001,13.584932,20.519999,0.0,0.0,41840.0,29.676287,56.968353
2026-03-30 21:00:00+02:00,8.142,9.422101,25.56,0.0,0.0,42460.0,29.29244,57.224754
2026-03-30 22:00:00+02:00,7.092,5.3517847,16.56,0.0,0.0,41900.0,18.683542,46.55586
2026-03-30 23:00:00+02:00,7.442,6.6185193,6.8399997,45.0,0.1,41220.0,16.755745,48.429703
2026-03-31 00:00:00+02:00,6.6419997,9.227524,18.0,0.0,0.0,40980.0,26.371387,52.141624
2026-03-31 01:00:00+02:00,5.542,5.3517847,16.199999,0.0,0.0,40460.0,20.225931,60.321964
2026-03-31 02:00:00+02:00,6.242,10.853866,9.36,0.0,0.0,41860.0,25.559643,52.244965
2026-03-31 03:00:00+02:00,5.592,10.041354,19.08,0.0,0.0,41600.0,31.915,58.308495
2026-03-31 04:00:00+02:00,5.192,6.849467,17.28,0.0,0.0,41860.0,30.947105,57.379387
2026-03-31 05:00:00+02:00,5.442,12.979984,12.959999,0.0,0.0,41340.0,35.39208,53.281788
2026-03-31 06:00:00+02:00,5.792,11.720751,24.119999,0.0,0.0,42460.0,34.854057,50.137737
2026-03-31 07:00:00+02:00,4.442,8.766573,20.16,0.0,0.0,42000.0,36.41295,51.621826
2026-03-31 08:00:00+02:00,5.1419997,12.522619,15.4800005,0.0,0.0,41820.0,34.767555,51.621826
2026-03-31 09:00:00+02:00,8.042,9.931042,21.599998,0.0,0.0,43920.0,43.16624,51.42742
2026-03-31 10:00:00+02:00,9.842,10.1887,19.08,0.0,0.0,46960.0,48.432594,47.20915
2026-03-31 11:00:00+02:00,11.392,5.1919937,20.16,0.0,0.0,46780.0,40.893497,45.530872
2026-03-31 12:00:00+02:00,12.342,12.496719,24.119999,0.0,0.0,48980.0,50.201096,52.174862
2026-03-31 13:00:00+02:00,12.592,16.87398,32.760002,0.0,0.0,49380.0,53.33787,54.128265
2026-03-31 14:00:00+02:00,12.992001,13.661038,33.839996,0.0,0.0,49820.0,52.754585,53.10797
2026-03-31 15:00:00+02:00,13.242001,18.374111,35.28,0.0,0.0,52120.0,58.53169,55.7447
2026-03-31 16:00:00+02:00,12.792001,20.523157,39.96,0.0,0.0,52520.0,51.89337,55.27275
2026-03-31 17:00:00+02:00,12.392,17.227419,37.44,0.0,0.0,53220.0,51.07051,50.82459
2026-03-31 18:00:00+02:00,11.792001,15.256526,34.2,0.0,0.0,53440.0,50.915764,52.274452
2026-03-31 19:00:00+02:00,10.942,2.7416782,27.0,0.0,0.0,53260.0,40.9341,50.6119
2026-03-31 20:00:00+02:00,8.142,14.24163,17.64,0.0,0.0,47640.0,35.768524,45.79663
2026-03-31 21:00:00+02:00,7.1419997,12.43434,26.28,0.0,0.0,45760.0,36.184116,53.75688
2026-03-31 22:00:00+02:00,5.492,7.9036193,21.599998,0.0,0.0,43100.0,32.873356,59.33026
2026-03-31 23:00:00+02:00,7.192,13.556282,13.679999,0.0,0.0,47720.0,46.214424,58.70359
2026-04-01 00:00:00+02:00,6.742,10.805999,24.84,0.0,0.0,47020.0,43.484974,41.844795
2026-04-01 01:00:00+02:00,5.992,7.8954163,21.96,0.0,0.0,45520.0,23.236036,40.464016
2026-04-01 02:00:00+02:00,5.992,10.739833,13.32,0.0,0.0,45560.0,17.441916,21.402544
2026-04-01 03:00:00+02:00,5.842,9.9571085,21.24,0.0,0.0,45080.0,16.811422,23.88647
2026-04-01 04:00:00+02:00,4.492,7.754637,17.64,0.0,0.0,43080.0,17.795506,31.65517
2026-04-01 05:00:00+02:00,5.592,11.440978,14.759999,0.0,0.0,45240.0,20.782944,27.792759
2026-04-01 06:00:00+02:00,5.3919997,10.390226,21.96,0.0,0.0,44620.0,21.649166,27.57008
2026-04-01 07:00:00+02:00,4.742,8.891344,18.359999,0.0,0.0,43540.0,21.920834,26.340944
2026-04-01 08:00:00+02:00,6.792,11.165805,16.56,0.0,0.0,46380.0,20.947159,20.265303
2026-04-01 09:00:00+02:00,8.342,9.339208,21.96,0.0,0.0,47000.0,19.34429,18.454428
2026-04-01 10:00:00+02:00,9.642,6.792466,17.64,0.0,0.0,48100.0,16.436678,18.91831
2026-04-01 11:00:00+02:00,11.692,5.3999996,14.04,0.0,0.0,50860.0,16.162767,23.331656
2026-04-01 12:00:00+02:00,13.042001,9.793058,20.519999,0.0,0.0,53820.0,16.587591,22.482334
2026-04-01 13:00:00+02:00,13.842,12.324414,25.56,0.0,0.0,54580.0,16.461926,20.567223
2026-04-01 14:00:00+02:00,15.292001,4.3349743,24.84,0.0,0.0,57820.0,14.878324,21.230852
2026-04-01 15:00:00+02:00,15.342,6.4096174,14.759999,0.0,0.0,57220.0,9.784211,27.882717
2026-04-01 16:00:00+02:00,15.242001,9.0,15.119999,0.0,0.0,56060.0,6.728273,29.409164
2026-04-01 17:00:00+02:00,15.342,8.287822,15.119999,0.0,0.0,54980.0,7.34788,24.710932
2026-04-01 18:00:00+02:00,14.842,12.397806,22.319998,0.0,0.0,53560.0,13.525812,24.951414
2026-04-01 19:00:00+02:00,13.292001,11.770403,23.759998,0.0,0.0,50800.0,12.2276125,26.186924
2026-04-01 20:00:00+02:00,10.842,10.00256,21.96,0.0,0.0,48280.0,10.974618,25.357279
2026-04-01 21:00:00+02:00,9.742001,8.39657,19.44,0.0,0.0,46100.0,11.392405,22.76332
2026-04-01 22:00:00+02:00,8.342,5.991594,14.4,0.0,0.0,43720.0,12.0307255,18.877537
2026-04-01 23:00:00+02:00,7.8919997,7.729527,12.959999,0.0,0.0,43780.0,13.285712,15.102031
2026-04-02 00:00:00+02:00,6.8919997,6.439876,14.759999,0.0,0.0,42680.0,12.396276,10.678748
2026-04-02 01:00:00+02:00,5.792,5.634891,11.5199995,0.0,0.0,41860.0,9.858215,13.196042
2026-04-02 02:00:00+02:00,5.6419997,5.634891,9.72,0.0,0.0,41920.0,11.618018,13.626929
2026-04-02 03:00:00+02:00,5.342,5.95906,10.440001,0.0,0.0,41860.0,11.618018,18.127962
2026-04-02 04:00:00+02:00,4.6419997,5.815978,10.08,0.0,0.0,41320.0,9.394418,22.422277
2026-04-02 05:00:00+02:00,4.492,6.0347,10.440001,0.0,0.0,41340.0,13.889393,17.903427
2026-04-02 06:00:00+02:00,4.442,5.3517847,11.159999,0.0,0.0,41600.0,12.905135,17.566723
2026-04-02 07:00:00+02:00,3.942,5.6920996,10.08,0.0,0.0,41420.0,11.618018,22.041039
2026-04-02 08:00:00+02:00,6.092,6.28713,9.0,0.0,0.0,41880.0,14.787324,25.265957
2026-04-02 09:00:00+02:00,9.842,1.4399999,10.440001,0.0,0.0,41780.0,14.532351,23.422297
2026-04-02 10:00:00+02:00,12.742001,2.5455842,7.2,0.0,0.0,42920.0,10.870049,22.729446
2026-04-02 11:00:00+02:00,15.192,4.3349743,8.28,0.0,0.0,47800.0,17.584206,19.281382
2026-04-02 12:00:00+02:00,16.942,0.8049845,10.799999,0.0,0.0,50140.0,14.787324,12.915714
2026-04-02 13:00:00+02:00,18.142,4.1046314,10.440001,0.0,0.0,51880.0,9.858215,10.4046545
2026-04-02 14:00:00+02:00,19.042,5.1919937,15.84,0.0,0.0,52520.0,10.331347,21.076046
2026-04-02 15:00:00+02:00,19.792,2.4149535,13.32,0.0,0.0,53640.0,7.78694,25.816511
2026-04-02 16:00:00+02:00,19.491999,5.4119864,12.24,0.0,0.0,51800.0,6.3960004,21.865547
2026-04-02 17:00:00+02:00,19.241999,11.252519,28.44,0.0,0.0,52240.0,18.227848,18.096056
2026-04-02 18:00:00+02:00,18.241999,7.928178,23.039999,0.0,0.0,51340.0,16.316214,16.018122
2026-04-02 19:00:00+02:00,16.142,10.931203,20.16,0.0,0.0,49180.0,13.285712,25.816511
2026-04-02 20:00:00+02:00,13.442,11.631956,20.519999,0.0,0.0,47620.0,17.934988,19.803793
2026-04-02 21:00:00+02:00,12.392,10.829958,21.96,0.0,0.0,46960.0,21.026318,22.249796
2026-04-02 22:00:00+02:00,11.192,7.4128532,18.72,0.0,0.0,46660.0,18.147924,27.493116
2026-04-02 23:00:00+02:00,11.642,11.503113,14.4,0.0,0.0,48140.0,21.495146,18.599987
2026-04-03 00:00:00+02:00,11.442,10.495713,21.599998,0.0,0.0,48880.0,20.712883,17.773846
2026-04-03 01:00:00+02:00,10.542001,8.0899935,18.359999,0.0,0.0,46740.0,17.412127,19.040104
2026-04-03 02:00:00+02:00,10.742001,10.966713,15.4800005,0.0,0.0,46920.0,17.725351,14.529971
2026-04-03 03:00:00+02:00,10.642,9.983106,20.519999,0.0,0.0,46140.0,16.22688,14.329733
2026-04-03 04:00:00+02:00,9.642,8.39657,17.64,0.0,0.0,44500.0,14.836392,14.753624
2026-04-03 05:00:00+02:00,9.592,9.83268,14.759999,0.0,0.0,43720.0,13.548821,12.194616
2026-04-03 06:00:00+02:00,9.242001,8.699793,17.64,0.0,0.0,43340.0,14.836392,14.753624
2026-04-03 07:00:00+02:00,8.642,7.7879906,14.759999,0.0,0.0,42780.0,13.033229,15.012479
2026-04-03 08:00:00+02:00,10.592,10.144082,14.759999,0.0,0.0,43660.0,15.5204525,24.897316
2026-04-03 09:00:00+02:00,12.792001,9.220499,19.8,0.0,0.0,45060.0,16.162767,32.75571
2026-04-03 10:00:00+02:00,14.442,6.379216,16.919998,0.0,0.0,46500.0,13.889393,28.068626
2026-04-03 11:00:00+02:00,16.491999,6.297428,12.959999,0.0,0.0,50420.0,19.568422,24.238705
2026-04-03 12:00:00+02:00,18.192,5.154415,14.759999,0.0,0.0,54180.0,17.824654,22.430868
2026-04-03 13:00:00+02:00,19.342,3.9763298,10.799999,0.0,0.0,55880.0,11.883102,20.818563
2026-04-03 14:00:00+02:00,20.792,7.8954163,15.119999,0.0,0.0,60480.0,11.961482,26.428555
2026-04-03 15:00:00+02:00,21.442,10.44,20.880001,0.0,0.0,62960.0,6.1307654,29.23178
2026-04-03 16:00:00+02:00,21.592,14.417988,22.319998,0.0,0.0,63640.0,5.543783,30.470741
2026-04-03 17:00:00+02:00,21.491999,18.089775,31.319998,0.0,0.0,65540.0,8.800955,35.111507
2026-04-03 18:00:00+02:00,20.442,17.026896,36.0,0.0,0.0,62620.0,10.569795,33.72921
2026-04-03 19:00:00+02:00,19.042,14.917212,31.68,0.0,0.0,59880.0,10.066657,32.995945
2026-04-03 20:00:00+02:00,16.942,11.966954,27.0,0.0,0.0,57820.0,11.087566,31.806936
2026-04-03 21:00:00+02:00,15.242001,8.891343,20.880001,0.0,0.0,54280.0,13.223043,31.63082
2026-04-03 22:00:00+02:00,13.542001,7.145796,15.4800005,0.0,0.0,50900.0,9.666777,32.77923
2026-04-03 23:00:00+02:00,13.842,8.14587,12.599999,0.0,0.0,51240.0,12.159491,32.40095
2026-04-04 00:00:00+02:00,12.942,7.386582,15.119999,0.0,0.0,49160.0,13.594724,26.304356
2026-04-04 01:00:00+02:00,11.792001,7.729527,13.679999,0.0,0.0,46980.0,11.012396,28.484177
2026-04-04 02:00:00+02:00,11.942,7.5942082,13.32,0.0,0.0,46140.0,13.285712,28.880415
2026-04-04 03:00:00+02:00,11.542001,5.904439,13.32,0.0,0.0,45440.0,12.603934,29.702448
2026-04-04 04:00:00+02:00,10.742001,6.792466,12.24,0.0,0.0,43940.0,10.831775,32.75571
2026-04-04 05:00:00+02:00,11.442,6.989936,12.599999,0.0,0.0,43960.0,12.969341,32.65559
2026-04-04 06:00:00+02:00,11.142,4.3349743,12.24,0.0,0.0,43400.0,12.537857,32.566986
2026-04-04 07:00:00+02:00,9.992001,5.3999996,9.36,0.0,0.0,42300.0,8.513107,32.490005
2026-04-04 08:00:00+02:00,11.542001,4.6938257,10.440001,0.0,0.0,42280.0,11.254866,30.420122
2026-04-04 09:00:00+02:00,13.742001,1.5273507,8.28,0.0,0.0,41800.0,8.315675,28.266945
2026-04-04 10:00:00+02:00,17.342,4.1046314,9.36,0.0,0.0,45500.0,5.993747,31.649084
2026-04-04 11:00:00+02:00,19.491999,3.0758414,10.799999,0.0,0.0,46620.0,7.418196,31.752386
2026-04-04 12:00:00+02:00,21.342,4.0249224,10.08,0.0,0.0,47580.0,4.57969,26.804884
2026-04-04 13:00:00+02:00,22.442,4.68,11.159999,0.0,0.0,48280.0,0.4556962,26.33363
2026-04-04 14:00:00+02:00,23.192,2.5455842,6.12,0.0,0.0,49140.0,1.2889035,23.190878
2026-04-04 15:00:00+02:00,23.192,5.1165614,6.8399997,0.0,0.0,49000.0,4.757608,22.77178
2026-04-04 16:00:00+02:00,23.292,4.6800003,10.440001,0.0,0.0,49640.0,5.506198,25.92076
2026-04-04 17:00:00+02:00,23.942,3.563818,12.24,0.0,0.0,49160.0,2.278481,23.95894
2026-04-04 18:00:00+02:00,23.392,5.1544156,10.799999,0.0,0.0,49060.0,2.7718916,23.065948
2026-04-04 19:00:00+02:00,21.991999,3.671294,11.159999,0.0,0.0,47320.0,2.278481,21.375526
2026-04-04 20:00:00+02:00,18.392,5.4119864,11.879999,0.0,0.0,46240.0,4.0758705,20.265303
2026-04-04 21:00:00+02:00,15.192,6.439876,10.799999,0.0,0.0,42160.0,3.2222586,18.127962
2026-04-04 22:00:00+02:00,13.542001,6.725354,10.799999,0.0,0.0,41480.0,2.278481,14.072007
2026-04-04 23:00:00+02:00,12.442,5.95906,7.2,0.0,0.0,40800.0,1.0189676,11.661699
2026-04-05 00:00:00+02:00,12.542001,5.8603754,8.28,0.0,0.0,41180.0,4.0758705,12.96038
2026-04-05 01:00:00+02:00,12.692,6.28713,7.92,0.0,0.0,41480.0,4.6472077,14.153901
2026-04-05 02:00:00+02:00,12.292001,5.3517847,9.0,0.0,0.0,40480.0,6.0797453,16.884583
2026-04-05 03:00:00+02:00,11.792001,5.5887027,10.08,0.0,0.0,40300.0,4.57969,17.478779
2026-04-05 04:00:00+02:00,12.092,4.896529,8.28,0.0,0.0,40640.0,3.67394,17.773846
2026-04-05 05:00:00+02:00,12.792001,4.452954,7.2,0.0,0.0,40880.0,1.0189676,16.884583
2026-04-05 06:00:00+02:00,12.492001,5.0911684,6.8399997,0.0,0.0,40840.0,1.0189676,15.702343
2026-04-05 07:00:00+02:00,11.692,5.0142193,6.12,0.0,0.0,40500.0,1.3670886,18.8469
2026-04-05 08:00:00+02:00,12.292001,3.4152596,5.7599998,0.0,0.0,40640.0,0.64445174,20.47335
2026-04-05 09:00:00+02:00,14.792001,2.8116899,5.04,0.0,0.0,40200.0,0.0,21.997295
2026-04-05 10:00:00+02:00,16.542,2.2768397,6.4799995,0.0,0.0,40840.0,0.64445174,24.734306
2026-04-05 11:00:00+02:00,18.642,2.52,4.68,0.0,0.0,42840.0,2.7718916,24.554531
2026-04-05 12:00:00+02:00,20.342,3.096837,5.7599998,0.0,0.0,43500.0,2.6571426,25.935617
2026-04-05 13:00:00+02:00,21.642,7.072878,8.28,0.0,0.0,44740.0,3.8667102,25.326874
2026-04-05 14:00:00+02:00,22.241999,7.628263,11.879999,0.0,0.0,46240.0,4.844117,26.515873
2026-04-05 15:00:00+02:00,22.792,7.42159,15.84,0.0,0.0,46680.0,9.045312,28.484177
2026-04-05 16:00:00+02:00,22.942,8.427383,18.0,0.0,0.0,45660.0,13.9118,27.653793
2026-04-05 17:00:00+02:00,23.042,5.3999996,18.359999,0.0,0.0,44940.0,9.394418,29.494188
2026-04-05 18:00:00+02:00,22.741999,4.896529,12.24,0.0,0.0,47100.0,6.970812,29.591993
2026-04-05 19:00:00+02:00,21.491999,3.4152596,9.72,0.0,0.0,44760.0,6.835443,31.465965
2026-04-05 20:00:00+02:00,18.192,6.5693827,9.72,0.0,0.0,41780.0,6.6350365,30.024958
2026-04-05 21:00:00+02:00,15.692,6.849467,12.959999,0.0,0.0,41120.0,7.1327734,28.266945
2026-04-05 22:00:00+02:00,14.592,6.725354,11.5199995,0.0,0.0,40820.0,7.0743074,31.649084
2026-04-05 23:00:00+02:00,14.292001,5.506941,12.24,0.0,0.0,40980.0,8.84802,35.682907
2026-04-06 00:00:00+02:00,14.442,6.725354,11.5199995,0.0,0.0,40940.0,12.603934,32.867256
2026-04-06 01:00:00+02:00,14.342,4.510787,11.159999,0.0,0.0,40560.0,12.51299,42.033108
2026-04-06 02:00:00+02:00,13.992001,5.3517847,6.12,0.0,0.0,39780.0,13.670886,42.046856
2026-04-06 03:00:00+02:00,14.392,3.8939953,10.799999,0.0,0.0,40540.0,13.270073,38.472748
2026-04-06 04:00:00+02:00,14.242001,5.8603754,9.0,0.0,0.0,40880.0,13.402427,45.41226
2026-04-06 05:00:00+02:00,13.592,3.396233,10.08,0.0,0.0,41140.0,14.388747,41.265354
2026-04-06 06:00:00+02:00,13.592,4.2136917,9.0,0.0,0.0,41740.0,10.280973,40.07175
2026-04-06 07:00:00+02:00,12.842,5.692099,9.36,0.0,0.0,41600.0,10.280973,39.88384
2026-04-06 08:00:00+02:00,13.992001,3.8773184,9.36,0.0,0.0,41920.0,7.958392,25.831429
2026-04-06 09:00:00+02:00,16.342,0.71999997,6.4799995,0.0,0.0,42180.0,7.418196,18.25503
2026-04-06 10:00:00+02:00,19.042,3.6,7.92,0.0,0.0,44400.0,7.3053656,13.948265
2026-04-06 11:00:00+02:00,20.642,3.0758414,9.0,0.0,0.0,46300.0,8.658227,12.413793
2026-04-06 12:00:00+02:00,22.692,4.452954,10.440001,0.0,0.0,48540.0,5.333787,9.695481
2026-04-06 13:00:00+02:00,24.292,3.7585104,9.0,0.0,0.0,49140.0,3.757767,10.330335
2026-04-06 14:00:00+02:00,24.442,5.0142193,5.7599998,0.0,0.0,50600.0,3.89347,10.00832
2026-04-06 15:00:00+02:00,24.592,8.049845,9.72,0.0,0.0,50800.0,6.198138,10.678748
2026-04-06 16:00:00+02:00,24.792,8.12197,10.08,0.0,0.0,50380.0,5.562481,12.915714
2026-04-06 17:00:00+02:00,25.241999,6.5693827,11.5199995,0.0,0.0,49220.0,2.734177,19.390963
2026-04-06 18:00:00+02:00,24.442,6.12,9.36,0.0,0.0,45060.0,1.9333551,15.665498
2026-04-06 19:00:00+02:00,23.392,4.32,8.64,0.0,0.0,43840.0,1.8788835,11.595439
2026-04-06 20:00:00+02:00,20.942,3.7064266,7.5599995,0.0,0.0,42620.0,6.7744107,10.236675
2026-04-06 21:00:00+02:00,16.892,6.9247384,11.5199995,0.0,0.0,39780.0,8.151741,14.396789
2026-04-06 22:00:00+02:00,17.142,6.489992,11.879999,0.0,0.0,41880.0,7.1327734,16.185604
2026-04-06 23:00:00+02:00,15.642,5.315336,11.159999,0.0,0.0,43560.0,9.383359,16.185604
2026-04-07 00:00:00+02:00,15.042001,5.634891,9.72,0.0,0.0,42960.0,8.377872,14.948187
2026-04-07 01:00:00+02:00,14.542001,5.815978,9.0,0.0,0.0,43000.0,4.323114,13.398848
2026-04-07 02:00:00+02:00,13.492001,5.315336,8.28,0.0,0.0,41360.0,2.9178793,8.068965
2026-04-07 03:00:00+02:00,13.342,5.815978,7.2,0.0,0.0,41200.0,2.6571426,5.2667265
2026-04-07 04:00:00+02:00,13.492001,6.12,9.36,0.0,0.0,41580.0,3.4704785,5.339374
2026-04-07 05:00:00+02:00,12.292001,5.315336,9.72,0.0,0.0,40780.0,3.0569031,6.598021
2026-04-07 06:00:00+02:00,11.792001,6.12,8.28,0.0,0.0,41020.0,2.453999,8.327425
2026-04-07 07:00:00+02:00,11.742001,6.28713,9.36,0.0,0.0,41600.0,4.2990294,11.189642
2026-04-07 08:00:00+02:00,12.742001,4.6800003,9.36,0.0,0.0,40560.0,2.278481,10.606349
2026-04-07 09:00:00+02:00,16.242,2.6208394,6.4799995,0.0,0.0,41140.0,2.3236039,10.998648
2026-04-07 10:00:00+02:00,18.442,2.3051248,6.4799995,0.0,0.0,43100.0,1.0189676,10.274241
2026-04-07 11:00:00+02:00,20.392,2.2768397,5.04,0.0,0.0,45180.0,1.8788835,11.103232
2026-04-07 12:00:00+02:00,22.192,1.5273507,5.7599998,0.0,0.0,47080.0,1.8788835,11.41124
2026-04-07 13:00:00+02:00,23.392,5.4477882,6.12,0.0,0.0,49040.0,1.8227848,12.241913
2026-04-07 14:00:00+02:00,23.542,8.287822,10.440001,0.0,0.0,48840.0,2.6571426,13.326771
2026-04-07 15:00:00+02:00,23.892,8.12197,10.440001,0.0,0.0,47040.0,3.2222586,16.102081
2026-04-07 16:00:00+02:00,24.192,6.9527545,14.759999,0.0,0.0,45880.0,6.1138062,18.908127
2026-04-07 17:00:00+02:00,24.592,5.0528407,14.759999,0.0,0.0,44700.0,0.4556962,19.440569
2026-04-07 18:00:00+02:00,24.292,5.0528407,10.440001,0.0,0.0,44500.0,2.278481,20.331732
2026-04-07 19:00:00+02:00,22.392,4.6938252,9.36,0.0,0.0,41980.0,2.6571426,21.429527
2026-04-07 20:00:00+02:00,18.491999,6.28713,7.5599995,0.0,0.0,40860.0,8.402622,21.330421
2026-04-07 21:00:00+02:00,16.842,5.4477882,12.959999,0.0,0.0,40820.0,12.159491,20.52034
2026-04-07 22:00:00+02:00,14.792001,5.1165614,8.64,0.0,0.0,40200.0,9.394418,23.586206
2026-04-07 23:00:00+02:00,15.942,6.9527545,7.5599995,0.0,0.0,40960.0,14.133929,23.586206
2026-04-08 00:00:00+02:00,15.992001,6.763786,11.879999,0.0,0.0,42820.0,16.518595,21.139927
2026-04-08 01:00:00+02:00,15.292001,6.9247384,11.879999,0.0,0.0,43880.0,14.67455,17.478779
2026-04-08 02:00:00+02:00,15.192,7.0911775,12.24,0.0,0.0,42780.0,16.303482,13.879042
2026-04-08 03:00:00+02:00,15.092,6.763786,12.599999,0.0,0.0,43460.0,14.927093,10.839878
2026-04-08 04:00:00+02:00,13.792001,6.297428,12.24,0.0,0.0,42440.0,11.124962,8.281033
2026-04-08 05:00:00+02:00,13.742001,7.754637,10.799999,0.0,0.0,41580.0,14.539494,6.7137847
2026-04-08 06:00:00+02:00,13.792001,7.8954163,13.32,0.0,0.0,41780.0,14.410378,8.327425
2026-04-08 07:00:00+02:00,12.942,6.12,12.959999,0.0,0.0,41440.0,11.961482,9.454063
2026-04-08 08:00:00+02:00,14.792001,5.5887027,10.799999,0.0,0.0,41040.0,13.246578,13.196042
2026-04-08 09:00:00+02:00,17.942,1.609969,9.36,0.0,0.0,41000.0,9.688234,13.612786
2026-04-08 10:00:00+02:00,20.592,5.00128,8.64,0.0,0.0,42580.0,6.330734,10.180067
2026-04-08 11:00:00+02:00,20.392,6.489992,9.72,0.0,0.0,41220.0,4.9291077,12.241913
2026-04-08 12:00:00+02:00,21.642,7.928178,9.72,0.0,0.0,42400.0,2.9178793,13.948265
2026-04-08 13:00:00+02:00,23.042,7.9932976,9.72,0.0,0.0,43560.0,2.0379353,16.292364
2026-04-08 14:00:00+02:00,23.392,8.049845,10.08,0.0,0.0,44740.0,2.9178793,14.529971
2026-04-08 15:00:00+02:00,24.142,7.2359104,9.36,0.0,0.0,46880.0,2.278481,15.517241
2026-04-08 16:00:00+02:00,24.442,6.28713,10.08,0.0,0.0,44740.0,2.7718916,18.26558
2026-04-08 17:00:00+02:00,24.792,4.802999,11.879999,0.0,0.0,43960.0,2.3236039,20.632679
2026-04-08 18:00:00+02:00,24.241999,4.5536795,10.08,0.0,0.0,42500.0,1.4410379,22.965515
2026-04-08 19:00:00+02:00,22.741999,2.4149535,8.64,0.0,0.0,41480.0,1.4410379,23.17426
2026-04-08 20:00:00+02:00,19.092,6.725354,9.36,0.0,0.0,40500.0,4.1265044,25.455843
2026-04-08 21:00:00+02:00,15.592,5.815978,11.5199995,0.0,0.0,36800.0,7.418196,23.586206
2026-04-08 22:00:00+02:00,14.492001,5.2416787,10.799999,0.0,0.0,36800.0,7.1327734,21.803795
2026-04-08 23:00:00+02:00,16.442,4.0249224,8.64,0.0,0.0,41160.0,9.858215,16.433628
2026-04-09 00:00:00+02:00,14.992001,4.5536795,6.12,0.0,0.0,40740.0,7.418196,15.566816
2026-04-09 01:00:00+02:00,13.392,6.489992,7.92,0.0,0.0,42400.0,4.556962,14.948187
2026-04-09 02:00:00+02:00,12.142,5.815978,7.5599995,0.0,0.0,41000.0,5.506198,12.194616
2026-04-09 03:00:00+02:00,13.042001,3.563818,8.28,0.0,0.0,41360.0,3.89347,11.939203
2026-04-09 04:00:00+02:00,12.442,7.928178,8.28,0.0,0.0,41200.0,2.278481,13.781546
2026-04-09 05:00:00+02:00,11.642,6.519877,9.72,21.0,0.0,33420.0,2.0379353,15.89741
2026-04-09 06:00:00+02:00,11.892,6.162207,7.2,18.0,0.0,33740.0,2.3236039,15.367554
2026-04-09 07:00:00+02:00,11.642,3.96,7.92,68.0,0.0,35700.0,1.643036,17.167427
2026-04-09 08:00:00+02:00,12.192,2.4149535,6.8399997,40.0,0.0,36840.0,2.6571426,18.127962
2026-04-09 09:00:00+02:00,14.192,2.7416782,6.12,0.0,0.0,27800.0,2.6571426,21.066906
2026-04-09 10:00:00+02:00,15.492001,5.2416787,7.2,0.0,0.0,30620.0,2.278481,24.593725
2026-04-09 11:00:00+02:00,16.792,5.937272,8.28,0.0,0.0,38700.0,4.1265044,27.931032
2026-04-09 12:00:00+02:00,18.542,6.28713,8.28,0.0,0.0,40420.0,3.4704785,27.57008
2026-04-09 13:00:00+02:00,19.792,8.825508,10.440001,0.0,0.0,41480.0,1.4410379,27.493116
2026-04-09 14:00:00+02:00,20.741999,7.9932976,10.799999,0.0,0.0,42000.0,0.0,29.14599
2026-04-09 15:00:00+02:00,21.792,7.6367526,9.72,0.0,0.0,42860.0,1.4410379,30.822723
2026-04-09 16:00:00+02:00,22.241999,7.208994,9.36,0.0,0.0,43280.0,1.2889035,30.261404
2026-04-09 17:00:00+02:00,22.892,5.4833565,12.959999,0.0,0.0,42800.0,8.513107,31.649084
2026-04-09 18:00:00+02:00,22.991999,5.8603754,11.879999,0.0,0.0,43080.0,19.905111,29.611515
2026-04-09 19:00:00+02:00,21.592,2.5455842,11.5199995,0.0,0.0,42240.0,17.590109,34.513916
2026-04-09 20:00:00+02:00,17.542,8.557102,7.92,0.0,0.0,42700.0,17.90602,37.018295
2026-04-09 21:00:00+02:00,15.492001,7.2,16.919998,0.0,0.0,41980.0,12.269995,35.87672
2026-04-09 22:00:00+02:00,14.142,6.87779,12.24,0.0,0.0,41100.0,9.515216,33.956886
2026-04-09 23:00:00+02:00,13.442,5.8048253,11.879999,0.0,0.0,40960.0,9.666777,32.54332
2026-04-10 00:00:00+02:00,14.142,3.319036,8.64,0.0,0.0,42420.0,11.4288025,33.153194
2026-04-10 01:00:00+02:00,14.042001,4.6800003,5.04,0.0,0.0,42280.0,9.837129,32.400948
2026-04-10 02:00:00+02:00,14.292001,3.8773184,7.5599995,0.0,0.0,42340.0,11.85686,31.79482
2026-04-10 03:00:00+02:00,14.242001,2.3051248,4.68,0.0,0.0,42680.0,12.4380865,35.28663
2026-04-10 04:00:00+02:00,12.992001,2.2768397,3.96,0.0,0.0,42060.0,8.84802,36.372623
2026-04-10 05:00:00+02:00,12.992001,1.835647,4.68,0.0,0.0,42300.0,9.815996,38.427654
2026-04-10 06:00:00+02:00,12.542001,2.7416782,6.12,0.0,0.0,42360.0,11.528303,41.66025
2026-04-10 07:00:00+02:00,10.792001,3.319036,7.2,0.0,0.0,41380.0,11.961482,37.20515
2026-04-10 08:00:00+02:00,12.842,4.6800003,5.04,0.0,0.0,40960.0,10.391472,39.1871
2026-04-10 09:00:00+02:00,14.442,3.319036,6.12,0.0,0.0,37060.0,8.646228,48.03432
2026-04-10 10:00:00+02:00,17.792,4.5536795,9.0,0.0,0.0,40480.0,7.515534,42.805088
2026-04-10 11:00:00+02:00,17.942,8.647496,13.32,0.0,0.0,37760.0,7.1182017,41.66025
2026-04-10 12:00:00+02:00,18.592,9.72,19.44,0.0,0.0,39000.0,7.1182017,40.530605
2026-04-10 13:00:00+02:00,19.741999,9.028754,19.08,0.0,0.0,40440.0,7.840093,39.588127
2026-04-10 14:00:00+02:00,20.092,8.28,18.72,0.0,0.0,40840.0,13.309138,24.718725
2026-04-10 15:00:00+02:00,21.292,7.208994,16.56,0.0,0.0,41600.0,5.8357587,26.340944
2026-04-10 16:00:00+02:00,21.741999,8.28,16.56,0.0,0.0,42140.0,6.895935,28.639296
2026-04-10 17:00:00+02:00,22.092,5.815978,17.64,0.0,0.0,42660.0,1.8788835,28.068626
2026-04-10 18:00:00+02:00,21.692,3.396233,12.24,0.0,0.0,42180.0,2.734177,39.083736
2026-04-10 19:00:00+02:00,20.442,2.9024127,7.5599995,0.0,0.0,42020.0,1.3670886,42.48438
2026-04-10 20:00:00+02:00,17.642,4.8965297,7.2,0.0,0.0,42800.0,1.643036,40.464016
2026-04-10 21:00:00+02:00,14.892,5.4833565,8.28,0.0,0.0,41720.0,3.757767,33.66061
2026-04-10 22:00:00+02:00,13.842,5.634891,8.64,0.0,0.0,41180.0,1.643036,30.816475
2026-04-10 23:00:00+02:00,12.342,6.28713,9.72,0.0,0.0,39520.0,2.453999,29.507248
2026-04-11 00:00:00+02:00,11.792001,6.489992,9.0,0.0,0.0,39280.0,1.0189676,31.63082
2026-04-11 01:00:00+02:00,12.842,6.28713,11.879999,0.0,0.0,39400.0,2.7718916,31.63082
2026-04-11 02:00:00+02:00,12.842,5.8048253,10.799999,0.0,0.0,35080.0,1.9333551,31.040686
2026-04-11 03:00:00+02:00,11.692,6.489992,11.159999,4.0,0.0,29600.0,2.8820758,29.67
2026-04-11 04:00:00+02:00,10.492001,4.896529,11.159999,43.0,0.0,29520.0,2.8820758,27.549112
2026-04-11 05:00:00+02:00,10.192,3.8773184,8.28,37.0,0.0,28280.0,0.4556962,29.67
2026-04-11 06:00:00+02:00,10.292001,4.379589,7.2,45.0,0.0,32140.0,0.64445174,31.238638
2026-04-11 07:00:00+02:00,9.542001,4.3498964,6.4799995,62.0,0.0,27120.0,1.0189676,29.14599
2026-04-11 08:00:00+02:00,12.142,1.1384199,6.12,54.0,0.0,31420.0,0.9113924,26.740126
2026-04-11 09:00:00+02:00,13.792001,2.6208394,6.8399997,71.0,0.0,30000.0,1.9333551,25.816511
2026-04-11 10:00:00+02:00,15.192,5.0142193,6.4799995,51.0,0.0,36620.0,2.577807,21.375526
2026-04-11 11:00:00+02:00,16.292,3.5455887,6.4799995,48.0,0.0,39260.0,3.2222586,21.590723
2026-04-11 12:00:00+02:00,17.642,4.896529,7.92,0.0,0.0,40240.0,5.3142853,24.14315
2026-04-11 13:00:00+02:00,18.792,6.28713,7.5599995,0.0,0.0,40640.0,4.488087,21.402544
2026-04-11 14:00:00+02:00,19.942,5.937272,9.36,0.0,0.0,41620.0,5.333787,19.480164
2026-04-11 15:00:00+02:00,20.442,6.9527545,15.4800005,0.0,0.0,41760.0,8.987734,18.328745
2026-04-11 16:00:00+02:00,20.942,6.9153743,14.759999,0.0,0.0,41940.0,9.688234,17.752157
2026-04-11 17:00:00+02:00,21.592,1.609969,14.759999,0.0,0.0,42700.0,7.515534,18.127962
2026-04-11 18:00:00+02:00,21.241999,2.5455842,6.12,0.0,0.0,43320.0,7.3053656,17.167427
2026-04-11 19:00:00+02:00,19.942,1.8,6.8399997,0.0,0.0,42860.0,6.3960004,15.025306
2026-04-11 20:00:00+02:00,16.542,5.937272,9.0,0.0,0.0,41420.0,7.34788,15.824542
2026-04-11 21:00:00+02:00,14.742001,6.489992,12.959999,0.0,0.0,40900.0,1.4410379,15.216393
2026-04-11 22:00:00+02:00,13.092,6.489992,10.799999,0.0,0.0,39920.0,1.0189676,16.861752
2026-04-11 23:00:00+02:00,12.542001,5.815978,6.8399997,0.0,0.0,39960.0,3.0569031,16.13793
2026-04-12 00:00:00+02:00,11.842,6.28713,7.92,0.0,0.0,38960.0,1.0189676,16.77011
2026-04-12 01:00:00+02:00,12.042001,5.4119864,7.5599995,0.0,0.0,39740.0,3.4704785,19.62793
2026-04-12 02:00:00+02:00,11.092,4.379589,7.92,3.0,0.0,38700.0,9.350104,22.014801
2026-04-12 03:00:00+02:00,10.892,5.2416787,9.36,0.0,0.0,39020.0,6.1307654,26.566677
2026-04-12 04:00:00+02:00,10.742001,4.6938252,7.2,0.0,0.0,38960.0,4.323114,26.370178
2026-04-12 05:00:00+02:00,10.942,6.151683,6.12,0.0,0.0,36660.0,5.487309,28.362186
2026-04-12 06:00:00+02:00,11.092,5.3999996,7.5599995,0.0,0.0,35400.0,2.278481,25.516308
2026-04-12 07:00:00+02:00,10.742001,5.0142193,7.92,0.0,0.0,36260.0,0.4556962,23.757093
2026-04-12 08:00:00+02:00,12.092,1.484318,5.3999996,0.0,0.0,36040.0,0.9113924,26.194279
2026-04-12 09:00:00+02:00,14.492001,2.1897945,5.3999996,0.0,0.0,31340.0,2.3236039,25.319267
2026-04-12 10:00:00+02:00,16.342,5.315336,8.28,0.0,0.0,38960.0,6.524576,26.428555
2026-04-12 11:00:00+02:00,16.342,5.1544156,7.92,84.0,0.0,38400.0,5.195736,31.951952
2026-04-12 12:00:00+02:00,15.592,4.6938252,9.72,79.0,0.0,38140.0,4.511162,33.18223
2026-04-12 13:00:00+02:00,16.392,7.172949,10.08,50.0,0.0,37840.0,6.347113,27.958607
2026-04-12 14:00:00+02:00,14.692,7.4128532,15.119999,85.0,0.2,32660.0,8.253009,24.835342
2026-04-12 15:00:00+02:00,14.742001,3.9763298,12.599999,76.0,0.4,30820.0,9.227144,21.546066
2026-04-12 16:00:00+02:00,15.592,8.707238,16.56,37.0,0.0,35260.0,12.4380865,23.03252
2026-04-12 17:00:00+02:00,15.992001,5.815978,17.64,33.0,0.0,37760.0,8.706063,25.326874
2026-04-12 18:00:00+02:00,15.742001,3.9763298,12.599999,28.0,0.0,38140.0,6.347113,26.515873
2026-04-12 19:00:00+02:00,15.342,2.0991426,7.2,38.0,0.0,37940.0,7.78694,25.151335
2026-04-12 20:00:00+02:00,13.992001,2.6208394,3.96,62.0,0.0,34280.0,6.444517,23.553514
2026-04-12 21:00:00+02:00,13.642,1.0182338,3.2399998,61.0,0.0,34520.0,7.3619976,21.679756
2026-04-12 22:00:00+02:00,13.342,4.3349743,5.7599998,89.0,0.0,31080.0,8.95301,21.112572
2026-04-12 23:00:00+02:00,12.692,5.6233797,7.2,98.0,0.3,17360.0,15.949368,31.238638
2026-04-13 00:00:00+02:00,12.692,6.9247384,12.24,100.0,1.0,9300.0,19.784773,47.049747
2026-04-13 01:00:00+02:00,12.542001,5.6002855,13.679999,81.0,0.4,25820.0,15.031068,33.338604
2026-04-13 02:00:00+02:00,12.342,2.7416782,13.32,68.0,0.3,13840.0,15.73307,38.861317
2026-04-13 03:00:00+02:00,12.492001,3.5455887,6.4799995,78.0,0.1,20660.0,12.832521,41.0829
2026-04-13 04:00:00+02:00,12.842,6.8777895,11.879999,82.0,0.4,30880.0,9.580464,48.30624
2026-04-13 05:00:00+02:00,12.642,2.2768397,8.64,91.0,0.1,31520.0,9.350104,37.760178
2026-04-13 06:00:00+02:00,11.892,4.3349743,7.2,73.0,0.4,1780.0,15.09311,38.562763
2026-04-13 07:00:00+02:00,12.192,2.4149535,7.5599995,75.0,1.7,19580.0,5.8357587,37.51451
2026-04-13 08:00:00+02:00,11.542001,2.0991426,6.8399997,86.0,1.5,10420.0,1.3670886,47.306976
2026-04-13 09:00:00+02:00,11.142,2.5455842,7.92,73.0,1.7,16340.0,7.34788,40.344826
2026-04-13 10:00:00+02:00,11.942,2.1897945,10.440001,100.0,2.2,6120.0,5.333787,41.807953
2026-04-13 11:00:00+02:00,12.292001,6.8399997,7.2,100.0,3.2,6180.0,3.2222586,47.355812
2026-04-13 12:00:00+02:00,12.392,8.557102,16.199999,100.0,2.7,10880.0,9.113924,54.571293
2026-04-13 13:00:00+02:00,12.992001,7.968939,16.919998,83.0,0.9,19000.0,6.728273,45.619633
2026-04-13 14:00:00+02:00,13.242001,5.1165614,13.679999,92.0,0.3,37580.0,8.976174,44.417274
2026-04-13 15:00:00+02:00,13.742001,1.835647,9.36,100.0,0.1,19740.0,6.970812,31.533234
2026-04-13 16:00:00+02:00,13.842,1.1384199,3.2399998,78.0,0.6,36560.0,5.8357587,29.844782
2026-04-13 17:00:00+02:00,13.092,2.2768397,9.0,57.0,0.3,20320.0,4.844117,29.702448
2026-04-13 18:00:00+02:00,12.842,1.5273507,5.3999996,67.0,0.1,16500.0,7.515534,26.194277
2026-04-13 19:00:00+02:00,12.492001,4.1046314,8.28,67.0,0.6,13000.0,8.21518,17.122486
2026-04-13 20:00:00+02:00,11.692,3.6,7.5599995,40.0,1.0,21380.0,11.961482,19.755098
2026-04-13 21:00:00+02:00,11.442,5.8048253,11.5199995,54.0,0.5,26080.0,9.688234,19.171173
2026-04-13 22:00:00+02:00,10.992001,4.6938257,9.36,41.0,0.3,21080.0,14.503743,19.040104
2026-04-13 23:00:00+02:00,11.292001,4.5820518,9.36,41.0,0.0,29600.0,6.7744107,17.077427
2026-04-14 00:00:00+02:00,11.442,3.6,7.2,46.0,0.0,35040.0,5.941551,16.492132
2026-04-14 01:00:00+02:00,11.942,3.319036,4.68,34.0,0.0,36420.0,5.012658,10.569963
2026-04-14 02:00:00+02:00,11.842,4.3349743,8.64,20.0,0.0,35260.0,5.993747,12.659634
2026-04-14 03:00:00+02:00,10.942,4.3349743,7.5599995,5.0,0.0,33140.0,3.67394,8.442291
2026-04-14 04:00:00+02:00,11.342,4.8433046,7.2,0.0,0.0,35920.0,2.6571426,6.7137847
2026-04-14 05:00:00+02:00,10.992001,4.8965297,7.5599995,66.0,0.0,26440.0,3.5591009,7.499821
2026-04-14 06:00:00+02:00,11.142,3.096837,8.28,6.0,0.0,33220.0,7.958392,8.327425
2026-04-14 07:00:00+02:00,11.042001,2.52,7.2,51.0,0.0,34920.0,8.84802,10.678748
2026-04-14 08:00:00+02:00,12.192,3.6179552,4.68,0.0,0.0,32260.0,11.961482,13.612786
2026-04-14 09:00:00+02:00,13.642,1.5273507,5.3999996,0.0,0.0,23060.0,10.035667,11.545494
2026-04-14 10:00:00+02:00,15.692,3.9763298,8.28,0.0,0.0,38080.0,8.706063,8.350525
2026-04-14 11:00:00+02:00,16.692,3.671294,8.28,0.0,0.0,39320.0,7.7468357,7.948705
2026-04-14 12:00:00+02:00,17.392,6.12,11.879999,0.0,0.0,39640.0,6.970812,7.4740934
2026-04-14 13:00:00+02:00,18.142,5.8603754,9.0,0.0,0.0,40300.0,4.556962,7.777219
2026-04-14 14:00:00+02:00,18.142,5.771239,9.72,0.0,0.0,40240.0,1.8227848,9.454063
2026-04-14 15:00:00+02:00,19.592,2.9024127,10.08,0.0,0.0,40380.0,2.0379353,9.037377
2026-04-14 16:00:00+02:00,19.491999,4.379589,9.0,0.0,0.0,39860.0,5.094838,11.41124
2026-04-14 17:00:00+02:00,19.741999,2.16,9.0,3.0,0.0,40200.0,5.941551,11.444951
2026-04-14 18:00:00+02:00,18.292,5.6233797,10.440001,49.0,0.1,39980.0,7.840093,5.6205835
2026-04-14 19:00:00+02:00,17.442,5.634891,12.24,69.0,0.0,39400.0,7.7602262,8.689655
2026-04-14 20:00:00+02:00,16.491999,3.396233,9.36,82.0,0.0,38520.0,5.195736,7.0769506
2026-04-14 21:00:00+02:00,14.942,5.937272,10.08,62.0,0.0,34000.0,3.1898732,5.551616
2026-04-14 22:00:00+02:00,14.042001,5.6920996,10.440001,80.0,0.0,31620.0,4.6916795,3.5111506
2026-04-14 23:00:00+02:00,13.792001,4.2136917,10.799999,60.0,0.0,30720.0,5.094838,1.2413791
2026-04-15 00:00:00+02:00,12.992001,4.6938257,7.2,50.0,0.0,22860.0,5.195736,0.6206896
2026-04-15 01:00:00+02:00,12.392,4.6938252,6.8399997,71.0,0.0,15460.0,4.6916795,1.9627929
2026-04-15 02:00:00+02:00,13.442,3.671294,6.12,48.0,0.0,18800.0,6.198138,3.7755077
2026-04-15 03:00:00+02:00,13.442,1.8,5.3999996,41.0,0.1,23420.0,7.0743074,1.7555753
2026-04-15 04:00:00+02:00,13.242001,0.8049845,2.16,53.0,0.0,18440.0,5.094838,2.2379284
2026-04-15 05:00:00+02:00,13.142,2.8116899,3.6,58.0,0.0,18540.0,4.0758705,0.87778765
2026-04-15 06:00:00+02:00,12.292001,3.7585104,5.04,21.0,0.0,14940.0,3.757767,1.7555753
2026-04-15 07:00:00+02:00,11.742001,0.35999998,5.04,0.0,0.0,19200.0,4.1265044,1.387904
2026-04-15 08:00:00+02:00,12.042001,1.1384199,1.4399999,3.0,0.0,24340.0,1.9333551,1.8620689
2026-04-15 09:00:00+02:00,13.642,1.484318,3.96,0.0,0.0,21720.0,2.577807,1.9627929
2026-04-15 10:00:00+02:00,15.492001,3.6179552,5.04,0.0,0.0,38720.0,1.3670886,4.3448277
2026-04-15 11:00:00+02:00,16.392,1.8,3.96,0.0,0.0,39820.0,2.6571426,3.7241378
2026-04-15 12:00:00+02:00,16.991999,5.0528407,5.7599998,0.0,0.0,41080.0,2.0379353,2.4827583
2026-04-15 13:00:00+02:00,17.542,5.7599998,6.8399997,6.0,0.0,40580.0,3.67394,3.9255857
2026-04-15 14:00:00+02:00,19.092,6.849467,10.08,11.0,0.0,41120.0,3.67394,2.5591688
2026-04-15 15:00:00+02:00,19.442,7.6367526,10.440001,0.0,0.0,41420.0,6.572144,4.5186887
2026-04-15 16:00:00+02:00,20.192,6.151683,11.879999,16.0,0.0,41260.0,8.706063,4.8477407
2026-04-15 17:00:00+02:00,20.342,3.7585104,12.959999,3.0,0.0,40940.0,4.0758705,6.48019
2026-04-15 18:00:00+02:00,19.991999,4.6938257,9.36,62.0,0.0,40760.0,6.572144,5.5862064
2026-04-15 19:00:00+02:00,19.042,3.396233,10.440001,71.0,0.0,40160.0,6.9559,7.4740934
2026-04-15 20:00:00+02:00,17.892,2.6208394,4.68,47.0,0.0,38520.0,5.195736,5.8883786
2026-04-15 21:00:00+02:00,15.192,5.0142193,8.64,44.0,0.0,33660.0,6.444517,7.0769506
2026-04-15 22:00:00+02:00,14.092,5.5887027,8.28,20.0,0.0,29820.0,5.543783,7.2649856
2026-04-15 23:00:00+02:00,13.042001,4.829907,6.12,0.0,0.0,20240.0,3.0569031,6.939521
2026-04-16 00:00:00+02:00,13.192,5.495161,6.8399997,0.0,0.0,26520.0,2.278481,6.2068963
2026-04-16 01:00:00+02:00,13.042001,4.896529,6.8399997,11.0,0.0,26380.0,3.286072,5.5862064
2026-04-16 02:00:00+02:00,12.492001,4.5820518,5.3999996,3.0,0.0,24640.0,3.1898732,8.777877
2026-04-16 03:00:00+02:00,12.792001,3.8268526,7.5599995,0.0,0.0,30600.0,4.907998,10.624495
2026-04-16 04:00:00+02:00,12.842,2.4149535,5.04,0.0,0.0,32840.0,3.67394,12.194616
2026-04-16 05:00:00+02:00,12.242001,3.8268526,5.04,0.0,0.0,33560.0,4.201311,15.355014
2026-04-16 06:00:00+02:00,11.742001,4.1046314,5.7599998,0.0,0.0,34400.0,5.506198,16.433628
2026-04-16 07:00:00+02:00,11.592,3.219938,6.12,0.0,0.0,34100.0,5.506198,14.909477
2026-04-16 08:00:00+02:00,12.892,3.6179552,5.3999996,0.0,0.0,34640.0,5.562481,9.950412
2026-04-16 09:00:00+02:00,15.542001,1.4399999,4.68,0.0,0.0,31520.0,4.6916795,7.5510154
2026-04-16 10:00:00+02:00,17.292,3.2599385,7.5599995,0.0,0.0,39440.0,4.9291077,6.329817
2026-04-16 11:00:00+02:00,19.042,3.6,7.2,0.0,0.0,41600.0,5.3142853,5.551616
2026-04-16 12:00:00+02:00,20.892,4.0249224,8.28,0.0,0.0,43500.0,4.488087,5.7224755
2026-04-16 13:00:00+02:00,22.042,4.072935,6.8399997,0.0,0.0,43900.0,4.0758705,4.8477407
2026-04-16 14:00:00+02:00,22.042,9.114471,11.879999,0.0,0.0,43320.0,5.562481,3.1034482
2026-04-16 15:00:00+02:00,22.842,9.107359,12.959999,0.0,0.0,45420.0,3.757767,4.475857
2026-04-16 16:00:00+02:00,23.292,5.495161,11.879999,0.0,0.0,47920.0,5.562481,8.350525
2026-04-16 17:00:00+02:00,23.491999,6.28713,9.36,0.0,0.0,46640.0,4.101266,5.339374
2026-04-16 18:00:00+02:00,23.092,5.692099,14.04,0.0,0.0,44180.0,8.706063,8.821657
2026-04-16 19:00:00+02:00,22.592,3.0547013,10.08,0.0,0.0,44600.0,5.487309,9.454063
2026-04-16 20:00:00+02:00,20.792,2.8116899,5.04,5.0,0.0,41280.0,4.201311,6.390391
2026-04-16 21:00:00+02:00,17.442,5.154415,9.36,0.0,0.0,38840.0,3.757767,6.8557405
2026-04-16 22:00:00+02:00,15.742001,5.506941,9.36,0.0,0.0,35840.0,3.286072,7.4482756
2026-04-16 23:00:00+02:00,15.692,3.8773184,9.0,32.0,0.0,36200.0,1.8788835,5.7224755
2026-04-17 00:00:00+02:00,14.792001,5.0142193,6.8399997,37.0,0.0,30340.0,3.286072,7.499821
2026-04-17 01:00:00+02:00,14.792001,5.00128,5.3999996,13.0,0.0,32140.0,2.3236039,9.227215
2026-04-17 02:00:00+02:00,15.542001,3.6,5.7599998,84.0,0.0,30800.0,2.0379353,9.813965
2026-04-17 03:00:00+02:00,15.792001,3.6,5.04,60.0,0.0,34880.0,3.4704785,9.164372
2026-04-17 04:00:00+02:00,14.842,4.2136917,7.2,60.0,0.0,33400.0,2.278481,11.103232
2026-04-17 05:00:00+02:00,15.192,3.2399998,6.4799995,79.0,0.0,38980.0,3.0569031,9.037377
2026-04-17 06:00:00+02:00,14.792001,4.6800003,6.8399997,43.0,0.0,39680.0,3.2222586,9.310345
2026-04-17 07:00:00+02:00,14.842,3.4152596,7.5599995,20.0,0.0,39660.0,2.6571426,8.1638975
2026-04-17 08:00:00+02:00,14.792001,2.0991426,5.3999996,63.0,0.0,39160.0,3.0569031,7.8511715
2026-04-17 09:00:00+02:00,16.142,2.7416782,5.04,90.0,0.0,38660.0,3.9200466,6.6850314
2026-04-17 10:00:00+02:00,17.592,1.609969,6.12,56.0,0.0,40340.0,3.67394,5.3031745
2026-04-17 11:00:00+02:00,18.442,3.2599385,4.68,60.0,0.0,42080.0,4.2990294,6.390391
2026-04-17 12:00:00+02:00,19.892,4.32,6.8399997,19.0,0.0,41780.0,3.89347,7.0769506
2026-04-17 13:00:00+02:00,20.942,5.506941,6.4799995,0.0,0.0,40580.0,2.9178793,8.068965
2026-04-17 14:00:00+02:00,21.241999,6.28713,9.72,0.0,0.0,40080.0,4.556962,8.6452055
2026-04-17 15:00:00+02:00,21.792,5.937272,8.28,0.0,0.0,40540.0,3.8667102,9.715329
2026-04-17 16:00:00+02:00,22.442,5.95906,7.92,0.0,0.0,40940.0,4.556962,13.268828
2026-04-17 17:00:00+02:00,22.442,6.12,11.159999,0.0,0.0,41760.0,4.323114,17.390388
2026-04-17 18:00:00+02:00,22.241999,5.1919937,13.679999,0.0,0.0,41800.0,5.012658,17.423588
2026-04-17 19:00:00+02:00,21.692,3.8773184,10.799999,0.0,0.0,41580.0,3.6455696,17.390388
2026-04-17 20:00:00+02:00,20.241999,2.5959969,6.8399997,0.0,0.0,40340.0,4.101266,13.268828
2026-04-17 21:00:00+02:00,16.592,5.634891,9.72,0.0,0.0,34600.0,4.757608,10.839878
2026-04-17 22:00:00+02:00,15.392,6.151683,10.799999,0.0,0.0,33960.0,2.8820758,10.4046545
2026-04-17 23:00:00+02:00,15.092,5.00128,7.2,0.0,0.0,33180.0,1.8788835,7.777219
2026-04-18 00:00:00+02:00,14.892,5.8048253,5.7599998,0.0,0.0,35620.0,1.643036,8.350525
2026-04-18 01:00:00+02:00,14.692,5.3517847,6.8399997,0.0,0.0,34740.0,1.2889035,8.350525
2026-04-18 02:00:00+02:00,14.142,5.00128,5.7599998,0.0,0.0,35120.0,2.0379353,8.821657
2026-04-18 03:00:00+02:00,13.892,5.315336,5.3999996,0.0,0.0,35420.0,0.4556962,8.442291
2026-04-18 04:00:00+02:00,13.992001,4.829907,5.7599998,25.0,0.0,36620.0,0.4556962,8.327425
2026-04-18 05:00:00+02:00,14.242001,3.8268526,5.04,41.0,0.0,37940.0,1.8227848,9.164372
2026-04-18 06:00:00+02:00,13.642,4.6938257,6.8399997,46.0,0.0,35600.0,1.643036,8.886923
2026-04-18 07:00:00+02:00,14.092,4.5820518,7.5599995,64.0,0.0,36680.0,1.8788835,9.695481
2026-04-18 08:00:00+02:00,14.942,3.4152596,6.8399997,71.0,0.0,33920.0,1.2889035,10.678748
2026-04-18 09:00:00+02:00,16.342,3.0758414,7.5599995,48.0,0.0,36520.0,1.4410379,10.678748
2026-04-18 10:00:00+02:00,18.592,4.6938257,8.64,0.0,0.0,40560.0,1.0189676,12.5680065
2026-04-18 11:00:00+02:00,20.292,3.219938,8.28,0.0,0.0,41900.0,2.3236039,12.780782
2026-04-18 12:00:00+02:00,21.741999,3.563818,6.4799995,0.0,0.0,42000.0,3.89347,14.181093
2026-04-18 13:00:00+02:00,22.292,6.0347,7.2,0.0,0.0,41620.0,2.8820758,15.824542
2026-04-18 14:00:00+02:00,23.042,6.28713,8.28,0.0,0.0,41740.0,4.9291077,18.908127
2026-04-18 15:00:00+02:00,23.692,6.28713,10.440001,0.0,0.0,41920.0,6.524576,21.375526
2026-04-18 16:00:00+02:00,24.142,5.495161,10.08,0.0,0.0,42360.0,5.195736,22.82248
2026-04-18 17:00:00+02:00,24.491999,6.5693827,9.36,0.0,0.0,43180.0,3.5591009,20.548483
2026-04-18 18:00:00+02:00,24.241999,4.5820518,13.32,0.0,0.0,43580.0,4.201311,19.716057
2026-04-18 19:00:00+02:00,23.442,3.563818,10.440001,0.0,0.0,42540.0,4.907998,22.788692
2026-04-18 20:00:00+02:00,21.392,1.484318,6.12,0.0,0.0,40880.0,2.9178793,19.49005
2026-04-18 21:00:00+02:00,17.792,5.0528407,7.92,0.0,0.0,36320.0,2.278481,20.265303
2026-04-18 22:00:00+02:00,16.491999,5.7599998,7.5599995,0.0,0.0,35800.0,2.8820758,18.91831
2026-04-18 23:00:00+02:00,15.442,5.2416787,6.8399997,0.0,0.0,37440.0,4.9291077,17.245792
2026-04-19 00:00:00+02:00,15.092,5.95906,6.4799995,0.0,0.0,35700.0,3.2222586,15.824542
2026-04-19 01:00:00+02:00,15.442,5.95906,9.72,50.0,0.0,34960.0,4.757608,16.884583
2026-04-19 02:00:00+02:00,15.292001,5.904439,10.440001,16.0,0.0,33000.0,5.094838,20.52034
2026-04-19 03:00:00+02:00,15.392,4.8433046,10.08,57.0,0.0,33080.0,3.3175182,16.884583
2026-04-19 04:00:00+02:00,15.592,2.0991426,10.08,86.0,0.1,30460.0,3.67394,13.879042
2026-04-19 05:00:00+02:00,14.892,3.319036,9.36,43.0,0.1,35920.0,4.556962,12.568007
2026-04-19 06:00:00+02:00,14.392,2.8799999,10.440001,26.0,0.0,36000.0,5.941551,14.529971
2026-04-19 07:00:00+02:00,13.942,4.510787,6.4799995,3.0,0.0,35760.0,4.201311,18.454428
2026-04-19 08:00:00+02:00,14.742001,2.16,8.28,0.0,0.0,35560.0,3.1898732,21.066906
2026-04-19 09:00:00+02:00,16.741999,3.2599385,6.8399997,0.0,0.0,36780.0,2.734177,19.794064
2026-04-19 10:00:00+02:00,18.241999,2.7416782,6.8399997,0.0,0.0,39460.0,4.0758705,19.987747
2026-04-19 11:00:00+02:00,18.542,4.6102495,8.28,0.0,0.0,40120.0,2.3236039,18.764957
2026-04-19 12:00:00+02:00,19.991999,2.1897945,7.2,0.0,0.0,40940.0,4.57969,16.77011
2026-04-19 13:00:00+02:00,21.241999,1.835647,10.08,0.0,0.0,41140.0,3.2222586,23.7652
2026-04-19 14:00:00+02:00,20.442,9.904906,8.64,0.0,0.0,41360.0,18.616735,33.956886
2026-04-19 15:00:00+02:00,22.342,5.3517847,22.68,0.0,0.0,41140.0,11.680409,28.933727
2026-04-19 16:00:00+02:00,22.342,7.5942082,15.4800005,7.0,0.0,40480.0,5.9240503,28.612377
2026-04-19 17:00:00+02:00,22.342,5.8603754,15.119999,0.0,0.0,40500.0,8.658227,29.954306
2026-04-19 18:00:00+02:00,21.942,9.504273,17.64,57.0,0.0,40840.0,1.4410379,21.944693
2026-04-19 19:00:00+02:00,19.842,6.4096174,20.880001,25.0,0.1,39540.0,0.4556962,25.591688
2026-04-19 20:00:00+02:00,18.292,3.0547013,9.0,0.0,0.1,40700.0,12.269996,40.83364
2026-04-19 21:00:00+02:00,15.592,5.8603754,11.159999,0.0,0.0,38920.0,3.67394,35.98394
2026-04-19 22:00:00+02:00,14.592,7.145796,12.24,0.0,0.0,39880.0,1.3670886,31.63082
2026-04-19 23:00:00+02:00,14.792001,4.6938257,12.599999,11.0,0.0,40940.0,0.64445174,34.813995
2026-04-20 00:00:00+02:00,13.842,7.127636,12.24,0.0,0.0,40420.0,8.074956,44.260868
2026-04-20 01:00:00+02:00,13.792001,6.3690495,12.599999,0.0,0.0,41040.0,0.4556962,39.59299
2026-04-20 02:00:00+02:00,13.042001,4.3349743,11.879999,0.0,0.0,40600.0,0.4556962,38.88609
2026-04-20 03:00:00+02:00,12.492001,4.8433046,8.28,0.0,0.0,40360.0,0.4556962,40.535355
2026-04-20 04:00:00+02:00,12.342,3.8268526,8.64,0.0,0.0,40840.0,1.2889035,40.196545
2026-04-20 05:00:00+02:00,12.642,4.896529,7.5599995,0.0,0.0,41260.0,1.4410379,39.59299
2026-04-20 06:00:00+02:00,12.142,4.510787,8.64,0.0,0.0,40680.0,1.643036,40.663464
2026-04-20 07:00:00+02:00,11.892,4.8433046,7.2,0.0,0.0,40640.0,2.9178793,41.437717
2026-04-20 08:00:00+02:00,12.892,3.563818,8.64,0.0,0.0,40160.0,3.4704785,41.265358
2026-04-20 09:00:00+02:00,14.742001,2.4149535,6.12,0.0,0.0,36860.0,2.3236039,41.549133
2026-04-20 10:00:00+02:00,16.942,3.4152596,7.5599995,0.0,0.0,41660.0,4.201311,42.36178
2026-04-20 11:00:00+02:00,18.491999,2.5959969,7.92,0.0,0.0,43460.0,6.347113,38.271946
2026-04-20 12:00:00+02:00,19.741999,5.1919937,11.5199995,0.0,0.0,43600.0,9.17071,36.9558
2026-04-20 13:00:00+02:00,20.342,6.763786,14.4,0.0,0.0,42380.0,9.858215,35.54769
2026-04-20 14:00:00+02:00,20.642,5.95906,14.04,0.0,0.0,40380.0,8.21518,25.719328
2026-04-20 15:00:00+02:00,21.741999,1.2979984,12.959999,67.0,0.0,41200.0,14.309151,21.71527
2026-04-20 16:00:00+02:00,21.542,1.1384199,5.7599998,12.0,0.0,41220.0,9.994198,21.357496
2026-04-20 17:00:00+02:00,21.892,2.0364676,18.72,64.0,0.0,41480.0,9.113924,25.113012
2026-04-20 18:00:00+02:00,21.142,7.628263,20.16,73.0,0.0,41720.0,9.045312,25.831429
2026-04-20 19:00:00+02:00,20.241999,4.32,20.519999,0.0,0.1,41480.0,7.5842957,28.753408
2026-04-20 20:00:00+02:00,19.042,3.096837,7.92,9.0,0.0,40440.0,8.21518,28.307802
2026-04-20 21:00:00+02:00,15.642,5.8048253,9.72,7.0,0.0,36680.0,2.278481,19.803793
2026-04-20 22:00:00+02:00,15.292001,7.5942082,13.679999,28.0,0.0,37140.0,3.5591009,23.553514
2026-04-20 23:00:00+02:00,15.442,7.145796,12.959999,22.0,0.0,40080.0,4.0758705,26.428555
2026-04-21 00:00:00+02:00,14.792001,6.9153743,12.599999,0.0,0.0,41200.0,3.67394,29.954306
2026-04-21 01:00:00+02:00,13.192,7.386582,12.959999,0.0,0.0,41120.0,4.556962,34.188675
2026-04-21 02:00:00+02:00,12.442,7.127636,12.599999,0.0,0.0,41380.0,6.444517,32.902405
2026-04-21 03:00:00+02:00,12.592,5.3517847,12.24,0.0,0.0,41740.0,3.5591009,34.80846
2026-04-21 04:00:00+02:00,12.042001,5.8603754,10.440001,0.0,0.0,41720.0,3.0569031,36.08551
2026-04-21 05:00:00+02:00,11.442,5.3999996,10.08,0.0,0.0,41540.0,5.6366506,32.65559
2026-04-21 06:00:00+02:00,11.442,3.8939953,9.36,0.0,0.0,41900.0,2.453999,26.406677
2026-04-21 07:00:00+02:00,10.292001,4.829907,9.0,0.0,0.0,40780.0,3.5591009,26.186924
2026-04-21 08:00:00+02:00,11.542001,2.5959969,8.64,0.0,0.0,40820.0,2.278481,20.864775
2026-04-21 09:00:00+02:00,14.042001,2.8116899,5.7599998,0.0,0.0,39580.0,0.4556962,21.185438
2026-04-21 10:00:00+02:00,15.392,4.510787,5.3999996,0.0,0.0,41800.0,3.67394,21.103449
2026-04-21 11:00:00+02:00,16.592,4.829907,7.2,0.0,0.0,40340.0,7.1182017,19.98775
2026-04-21 12:00:00+02:00,17.792,4.198285,10.440001,0.0,0.0,39280.0,6.198138,18.599987
2026-04-21 13:00:00+02:00,18.991999,3.5455887,10.08,70.0,0.0,40120.0,5.487309,18.764957
2026-04-21 14:00:00+02:00,19.392,4.5536795,11.159999,13.0,0.0,40560.0,10.974618,18.25503
2026-04-21 15:00:00+02:00,19.892,1.609969,11.159999,21.0,0.0,40960.0,14.410378,18.454428
2026-04-21 16:00:00+02:00,20.092,2.6208394,12.24,77.0,0.0,41440.0,10.118097,19.430658
2026-04-21 17:00:00+02:00,18.942,7.0911775,11.879999,11.0,0.0,40160.0,6.940957,17.752157
2026-04-21 18:00:00+02:00,16.692,5.0911684,14.04,37.0,0.1,24680.0,7.7468357,19.803793
2026-04-21 19:00:00+02:00,14.492001,7.8954163,28.08,43.0,0.5,37960.0,5.7641516,26.804882
2026-04-21 20:00:00+02:00,14.292001,5.0142193,7.2,0.0,0.0,36020.0,5.709857,33.59187
2026-04-21 21:00:00+02:00,12.342,4.39436,11.879999,10.0,0.0,30340.0,1.4410379,39.25586
2026-04-21 22:00:00+02:00,12.142,2.5455842,11.159999,56.0,0.0,31900.0,1.4410379,31.91576
2026-04-21 23:00:00+02:00,11.442,4.8965297,6.8399997,47.0,0.0,25440.0,5.3142853,28.753408
2026-04-22 00:00:00+02:00,11.442,5.315336,8.64,52.0,0.0,22480.0,1.4410379,24.238705
2026-04-22 01:00:00+02:00,11.742001,3.671294,9.36,85.0,0.1,21040.0,2.278481,27.422962
2026-04-22 02:00:00+02:00,11.592,2.4149535,7.92,100.0,0.1,15560.0,9.752324,25.455843
2026-04-22 03:00:00+02:00,11.392,1.8,11.159999,87.0,1.5,13200.0,6.7744107,19.725824
2026-04-22 04:00:00+02:00,11.042001,3.5455887,5.7599998,100.0,1.7,23460.0,11.02182,17.043554
2026-04-22 05:00:00+02:00,10.992001,0.8049845,6.8399997,93.0,0.6,24460.0,13.402427,22.973904
2026-04-22 06:00:00+02:00,11.092,1.08,7.2,85.0,0.2,26520.0,11.419714,18.672342
2026-04-22 07:00:00+02:00,10.792001,1.9386592,7.2,100.0,1.6,16720.0,12.269995,9.6356945
2026-04-22 08:00:00+02:00,10.792001,0.8049845,6.12,86.0,0.3,19260.0,15.713261,11.711148
2026-04-22 09:00:00+02:00,11.542001,1.1384199,5.04,69.0,0.0,24420.0,8.670211,14.999642
2026-04-22 10:00:00+02:00,12.142,2.16,5.04,58.0,0.0,26180.0,6.850616,15.95788
2026-04-22 11:00:00+02:00,12.692,2.8116899,5.04,48.0,0.0,31100.0,8.21518,17.043554
2026-04-22 12:00:00+02:00,13.792001,1.609969,7.92,61.0,0.0,34780.0,6.0797453,18.010698
2026-04-22 13:00:00+02:00,14.692,1.0182338,5.3999996,37.0,0.0,37400.0,4.323114,17.31268
2026-04-22 14:00:00+02:00,15.942,2.1897945,8.64,13.0,0.0,39320.0,2.453999,13.612786
2026-04-22 15:00:00+02:00,16.642,7.2,11.159999,0.0,0.0,41060.0,4.57969,12.915714
2026-04-22 16:00:00+02:00,16.991999,6.8777895,15.119999,20.0,0.0,41700.0,8.84802,15.517241
2026-04-22 17:00:00+02:00,18.192,3.0547013,14.4,0.0,0.0,41800.0,10.599223,18.672342
2026-04-22 18:00:00+02:00,18.142,4.3498964,9.0,2.0,0.0,41700.0,14.236403,17.077427
2026-04-22 19:00:00+02:00,17.592,4.452954,9.0,48.0,0.0,41780.0,8.706063,16.433628
2026-04-22 20:00:00+02:00,15.492001,6.489992,8.28,44.0,0.0,40980.0,8.074956,14.275861
2026-04-22 21:00:00+02:00,13.292001,6.792466,12.599999,49.0,0.0,39660.0,7.3053656,11.809426
2026-04-22 22:00:00+02:00,11.642,5.2416787,11.5199995,37.0,0.0,37240.0,7.418196,14.289349
2026-04-22 23:00:00+02:00,11.842,5.1544156,9.0,70.0,0.0,37280.0,4.57969,12.475707
2026-04-23 00:00:00+02:00,11.392,4.0249224,8.28,87.0,0.0,35700.0,2.734177,13.268828
2026-04-23 01:00:00+02:00,11.092,4.379589,7.5599995,52.0,0.0,36320.0,4.101266,14.529971
2026-04-23 02:00:00+02:00,9.992001,5.0142193,7.92,38.0,0.0,29980.0,4.844117,13.0492525
2026-04-23 03:00:00+02:00,9.592,5.0142193,9.0,6.0,0.0,26460.0,4.2990294,13.196042
2026-04-23 04:00:00+02:00,9.692,4.802999,7.2,12.0,0.0,29220.0,2.278481,16.292364
2026-04-23 05:00:00+02:00,9.692,1.5273507,4.68,8.0,0.0,34840.0,3.67394,15.800178
2026-04-23 06:00:00+02:00,9.692,1.835647,1.8,0.0,0.0,36540.0,3.6455696,17.167427
2026-04-23 07:00:00+02:00,9.992001,3.396233,3.6,0.0,0.0,37140.0,3.89347,18.62069
2026-04-23 08:00:00+02:00,10.292001,2.52,7.2,0.0,0.0,28640.0,5.8000655,19.794064
2026-04-23 09:00:00+02:00,12.992001,1.1384199,4.68,0.0,0.0,34080.0,4.757608,18.91831
2026-04-23 10:00:00+02:00,14.492001,2.9024127,8.28,0.0,0.0,38100.0,4.201311,19.49005
2026-04-23 11:00:00+02:00,16.042,6.3690495,9.0,0.0,0.0,40840.0,6.572144,20.360134
2026-04-23 12:00:00+02:00,17.292,5.3517847,12.599999,0.0,0.0,41520.0,6.1307654,18.764957
2026-04-23 13:00:00+02:00,18.392,9.178235,12.959999,0.0,0.0,44460.0,3.4704785,20.66067
2026-04-23 14:00:00+02:00,19.542,8.049845,11.879999,0.0,0.0,42360.0,4.511162,21.230852
2026-04-23 15:00:00+02:00,20.442,7.2805495,12.24,0.0,0.0,43460.0,4.488087,20.85554
2026-04-23 16:00:00+02:00,20.642,8.089993,11.159999,44.0,0.0,43960.0,1.9333551,22.4909
2026-04-23 17:00:00+02:00,21.292,5.4477882,13.679999,0.0,0.0,42900.0,8.402622,22.014801
2026-04-23 18:00:00+02:00,21.042,6.12,13.32,0.0,0.0,43580.0,7.5842957,19.040104
2026-04-23 19:00:00+02:00,20.292,2.8799999,11.879999,0.0,0.0,42180.0,6.524576,20.41682
2026-04-23 20:00:00+02:00,18.042,4.1046314,5.04,0.0,0.0,40500.0,13.120569,12.5680065
2026-04-23 21:00:00+02:00,14.292001,6.9899354,12.959999,0.0,0.0,39140.0,14.899244,14.072007
2026-04-23 22:00:00+02:00,12.942,5.2416787,12.24,0.0,0.0,38960.0,12.396276,14.948187
2026-04-23 23:00:00+02:00,12.742001,7.628263,9.36,0.0,0.0,39880.0,15.798928,18.999592
2026-04-24 00:00:00+02:00,12.242001,6.763786,13.679999,0.0,0.0,42660.0,12.51299,18.433542
2026-04-24 01:00:00+02:00,11.242001,6.151683,12.599999,0.0,0.0,43860.0,11.319258,14.948187
2026-04-24 02:00:00+02:00,10.142,7.42159,11.159999,0.0,0.0,42540.0,14.301892,12.915714
2026-04-24 03:00:00+02:00,9.642,7.289444,13.679999,0.0,0.0,43280.0,13.533486,11.444951
2026-04-24 04:00:00+02:00,8.692,6.28713,12.959999,0.0,0.0,42780.0,9.994198,10.98112
2026-04-24 05:00:00+02:00,7.342,5.5887027,10.440001,0.0,0.0,41820.0,8.062088,9.164372
2026-04-24 06:00:00+02:00,9.042001,5.95906,7.5599995,0.0,0.0,47020.0,6.835443,8.092802
2026-04-24 07:00:00+02:00,9.442,6.0347,8.28,0.0,0.0,45500.0,8.21518,11.189642
2026-04-24 08:00:00+02:00,13.042001,4.2136917,7.5599995,0.0,0.0,45080.0,5.487309,12.413793
2026-04-24 09:00:00+02:00,15.542001,1.8,4.32,0.0,0.0,37940.0,4.844117,13.093462
2026-04-24 10:00:00+02:00,17.491999,1.609969,5.7599998,0.0,0.0,42460.0,2.6571426,15.012479
2026-04-24 11:00:00+02:00,18.741999,0.35999998,3.96,0.0,0.0,46060.0,1.0189676,18.096056
2026-04-24 12:00:00+02:00,20.292,6.12,6.8399997,0.0,0.0,48740.0,1.8788835,20.716534
2026-04-24 13:00:00+02:00,21.192,7.5942073,9.36,0.0,0.0,54180.0,2.734177,20.938503
2026-04-24 14:00:00+02:00,22.542,5.0528407,14.04,0.0,0.0,48960.0,1.8227848,23.635157
2026-04-24 15:00:00+02:00,22.942,6.0347,12.959999,0.0,0.0,51220.0,1.2889035,24.710932
2026-04-24 16:00:00+02:00,23.392,6.193674,14.04,0.0,0.0,55260.0,9.858215,27.563091
2026-04-24 17:00:00+02:00,24.241999,2.8799999,12.24,0.0,0.0,47620.0,1.8788835,27.563091
2026-04-24 18:00:00+02:00,23.792,3.2599385,8.28,0.0,0.0,45760.0,3.2222586,23.17426
2026-04-24 19:00:00+02:00,22.842,1.4399999,6.12,0.0,0.0,43520.0,3.2222586,21.139927
2026-04-24 20:00:00+02:00,18.491999,6.379216,7.92,0.0,0.0,41540.0,4.201311,13.093462
2026-04-24 21:00:00+02:00,14.292001,7.289444,12.599999,0.0,0.0,40160.0,1.8788835,10.624495
2026-04-24 22:00:00+02:00,11.692,6.9899354,12.599999,0.0,0.0,35980.0,1.8788835,10.008319
2026-04-24 23:00:00+02:00,11.842,6.763786,7.2,0.0,0.0,36720.0,3.2222586,7.677507
2026-04-25 00:00:00+02:00,11.692,6.151683,8.28,0.0,0.0,34720.0,3.1898732,6.7137847
2026-04-25 01:00:00+02:00,12.592,4.198285,7.92,0.0,0.0,39860.0,4.57969,8.622896
2026-04-25 02:00:00+02:00,11.842,5.506941,7.92,0.0,0.0,37380.0,5.333787,8.886923
2026-04-25 03:00:00+02:00,11.392,5.634891,7.5599995,0.0,0.0,39960.0,4.556962,8.622896
2026-04-25 04:00:00+02:00,11.142,6.489992,6.8399997,0.0,0.0,41140.0,2.3236039,10.274241
2026-04-25 05:00:00+02:00,10.392,6.439876,7.2,0.0,0.0,40360.0,2.577807,8.442291
2026-04-25 06:00:00+02:00,10.542001,5.3517847,6.4799995,0.0,0.0,41100.0,4.488087,7.777219
2026-04-25 07:00:00+02:00,11.642,6.2145634,6.4799995,0.0,0.0,42100.0,3.5591009,7.238423
2026-04-25 08:00:00+02:00,12.742001,3.96,7.92,0.0,0.0,40100.0,2.453999,5.339374
2026-04-25 09:00:00+02:00,15.492001,1.9386592,6.4799995,0.0,0.0,40880.0,1.0189676,5.5862064
2026-04-25 10:00:00+02:00,17.292,1.8,4.32,0.0,0.0,41600.0,1.4410379,6.8275857
2026-04-25 11:00:00+02:00,18.741999,2.7416782,3.96,0.0,0.0,43060.0,3.2222586,8.886923
2026-04-25 12:00:00+02:00,20.292,4.379589,6.12,0.0,0.0,45020.0,3.9200466,9.813965
2026-04-25 13:00:00+02:00,21.642,6.5693827,8.64,0.0,0.0,49860.0,5.487309,9.813965
2026-04-25 14:00:00+02:00,22.392,5.5887027,11.159999,0.0,0.0,44540.0,6.728273,9.392738
2026-04-25 15:00:00+02:00,23.042,6.151683,14.04,0.0,0.0,43940.0,10.189676,12.241913
2026-04-25 16:00:00+02:00,23.542,6.193674,14.759999,0.0,0.0,43680.0,10.004581,17.478779
2026-04-25 17:00:00+02:00,24.392,2.6208394,14.4,0.0,0.0,43240.0,9.515216,20.208189
2026-04-25 18:00:00+02:00,24.192,3.319036,7.92,0.0,0.0,43680.0,5.543783,19.871763
2026-04-25 19:00:00+02:00,22.942,2.1897945,6.12,0.0,0.0,42280.0,4.556962,21.759575
2026-04-25 20:00:00+02:00,19.592,6.2145634,4.68,0.0,0.0,41240.0,2.734177,7.8511715
2026-04-25 21:00:00+02:00,15.392,6.5693827,12.24,0.0,0.0,39800.0,4.323114,11.172413
2026-04-25 22:00:00+02:00,13.092,5.506941,11.159999,0.0,0.0,33720.0,7.20519,13.0492525
2026-04-25 23:00:00+02:00,14.242001,7.5685663,9.36,0.0,0.0,39360.0,13.941624,13.6692705
2026-04-26 00:00:00+02:00,14.642,6.830519,12.959999,0.0,0.0,41720.0,15.473553,16.245003
2026-04-26 01:00:00+02:00,13.392,6.792466,12.24,0.0,0.0,41060.0,12.030725,17.167427
2026-04-26 02:00:00+02:00,13.792001,7.10031,12.24,0.0,0.0,41500.0,13.057107,12.475707
2026-04-26 03:00:00+02:00,12.742001,6.763786,12.599999,0.0,0.0,41320.0,12.2276125,8.442291
2026-04-26 04:00:00+02:00,11.692,6.792466,12.599999,0.0,0.0,40940.0,10.189676,10.274241
2026-04-26 05:00:00+02:00,11.842,6.6087217,11.879999,0.0,0.0,41180.0,12.2276125,12.568007
2026-04-26 06:00:00+02:00,10.942,7.0911775,11.879999,0.0,0.0,40800.0,12.661468,12.051613
2026-04-26 07:00:00+02:00,10.492001,6.6185193,11.879999,0.0,0.0,39820.0,12.95332,9.950412
2026-04-26 08:00:00+02:00,13.642,4.3498964,10.799999,0.0,0.0,40320.0,15.175435,7.677507
2026-04-26 09:00:00+02:00,17.092,1.484318,7.2,0.0,0.0,34220.0,11.319258,5.1183376
2026-04-26 10:00:00+02:00,20.092,3.0758414,7.92,0.0,0.0,43220.0,8.706063,3.6192114
2026-04-26 11:00:00+02:00,21.692,3.219938,7.92,0.0,0.0,45400.0,7.958392,3.5111506
2026-04-26 12:00:00+02:00,22.642,6.162207,9.36,0.0,0.0,46200.0,5.487309,2.2379284
2026-04-26 13:00:00+02:00,23.741999,6.489992,9.0,0.0,0.0,50760.0,4.0758705,0.6206896
2026-04-26 14:00:00+02:00,23.842,6.830519,15.4800005,0.0,0.0,48700.0,7.34788,1.387904
2026-04-26 15:00:00+02:00,24.592,8.14587,16.56,0.0,0.0,56200.0,17.536903,0.6206896
2026-04-26 16:00:00+02:00,24.991999,7.289445,16.919998,0.0,0.0,50720.0,17.590109,3.1034482
2026-04-26 17:00:00+02:00,24.892,4.8433046,14.04,0.0,0.0,45780.0,16.518595,2.6333632
2026-04-26 18:00:00+02:00,24.892,1.2979984,9.36,0.0,0.0,43880.0,14.301892,4.5186887
2026-04-26 19:00:00+02:00,23.892,1.2979984,2.8799999,0.0,0.0,42400.0,9.688234,6.48019
2026-04-26 20:00:00+02:00,20.542,5.0142193,10.08,0.0,0.0,41340.0,4.1265044,6.113084
2026-04-26 21:00:00+02:00,15.642,6.162207,9.72,0.0,0.0,36260.0,5.7641516,5.855574
2026-04-26 22:00:00+02:00,14.092,6.130579,9.72,0.0,0.0,38960.0,5.195736,4.8477407
2026-04-26 23:00:00+02:00,13.942,6.28713,7.92,0.0,0.0,40700.0,6.1307654,6.1445136
2026-04-27 00:00:00+02:00,14.292001,7.172949,7.2,0.0,0.0,40020.0,5.195736,6.598021
2026-04-27 01:00:00+02:00,14.292001,6.489992,7.2,0.0,0.0,38940.0,3.89347,5.7224755
2026-04-27 02:00:00+02:00,13.942,6.297428,7.5599995,0.0,0.0,37220.0,1.2889035,7.677507
2026-04-27 03:00:00+02:00,13.892,5.4833565,7.5599995,0.0,0.0,37340.0,1.8788835,8.711794
2026-04-27 04:00:00+02:00,14.292001,3.8773184,6.8399997,0.0,0.0,39200.0,2.0379353,8.689655
2026-04-27 05:00:00+02:00,13.642,6.725354,6.4799995,11.0,0.0,39820.0,0.4556962,9.331011
2026-04-27 06:00:00+02:00,13.142,5.2416787,6.8399997,0.0,0.0,38740.0,0.4556962,8.711794
2026-04-27 07:00:00+02:00,13.742001,4.829907,5.3999996,0.0,0.0,39660.0,1.0189676,7.4740934
2026-04-27 08:00:00+02:00,15.592,4.379589,5.7599998,0.0,0.0,38860.0,3.757767,5.1183376
2026-04-27 09:00:00+02:00,17.342,0.5091169,5.3999996,6.0,0.0,39280.0,3.3175182,5.0041595
2026-04-27 10:00:00+02:00,19.192,1.8,5.04,33.0,0.0,40520.0,3.67394,7.4740934
2026-04-27 11:00:00+02:00,20.092,4.379589,6.12,16.0,0.0,41700.0,4.9291077,8.092802
2026-04-27 12:00:00+02:00,20.991999,5.5887027,6.8399997,0.0,0.0,42040.0,6.198138,6.7137847
2026-04-27 13:00:00+02:00,22.292,6.9527545,9.36,0.0,0.0,41980.0,7.418196,5.8883786
2026-04-27 14:00:00+02:00,23.192,6.763786,11.159999,0.0,0.0,41800.0,7.7334204,7.4740934
2026-04-27 15:00:00+02:00,23.741999,7.7879906,15.84,0.0,0.0,41460.0,9.394418,9.695481
2026-04-27 16:00:00+02:00,24.292,7.127636,15.84,12.0,0.0,42020.0,10.118097,10.274241
2026-04-27 17:00:00+02:00,24.592,6.4096174,14.759999,0.0,0.0,43480.0,13.309138,8.068965
2026-04-27 18:00:00+02:00,24.491999,4.8965297,12.599999,0.0,0.0,44120.0,11.671517,11.41124
2026-04-27 19:00:00+02:00,23.792,4.0249224,11.159999,30.0,0.0,43700.0,11.618018,12.367153
2026-04-27 20:00:00+02:00,21.642,1.9386592,6.8399997,18.0,0.0,41500.0,2.278481,10.274241
2026-04-27 21:00:00+02:00,18.092,4.379589,7.92,19.0,0.0,40260.0,5.3142853,6.390391
2026-04-27 22:00:00+02:00,16.142,5.7599998,8.28,18.0,0.0,38340.0,4.844117,6.329817
2026-04-27 23:00:00+02:00,15.892,4.8965297,10.440001,0.0,0.0,37760.0,9.227144,7.4740934
2026-04-28 00:00:00+02:00,17.042,10.163227,15.84,15.0,0.0,39400.0,8.670211,14.181093
2026-04-28 01:00:00+02:00,16.592,6.0347,15.84,0.0,0.0,36240.0,5.468354,17.773846
2026-04-28 02:00:00+02:00,16.342,7.145796,10.08,37.0,0.0,33500.0,13.708807,20.141356
2026-04-28 03:00:00+02:00,16.242,7.5685663,20.519999,71.0,6.9,27140.0,3.67394,27.57008
2026-04-28 04:00:00+02:00,15.542001,7.9036193,16.919998,58.0,0.4,19160.0,6.3960004,28.933727
2026-04-28 05:00:00+02:00,15.692,2.1897945,15.4800005,50.0,0.0,31380.0,10.066657,23.364658
2026-04-28 06:00:00+02:00,15.092,9.19939,16.919998,56.0,0.0,28160.0,3.757767,23.789505
2026-04-28 07:00:00+02:00,16.292,8.287822,17.64,56.0,0.3,37400.0,2.6571426,16.71258
2026-04-28 08:00:00+02:00,15.242001,5.4477882,12.599999,62.0,0.0,34840.0,5.3142853,13.370063
2026-04-28 09:00:00+02:00,15.742001,4.3498964,8.28,23.0,0.0,31820.0,3.2222586,12.96038
2026-04-28 10:00:00+02:00,17.392,1.8,9.72,0.0,0.0,33240.0,3.67394,13.326771
2026-04-28 11:00:00+02:00,17.292,2.16,6.8399997,39.0,0.0,37540.0,5.094838,12.5680065
2026-04-28 12:00:00+02:00,17.491999,2.3051248,10.08,48.0,0.0,37600.0,5.0333285,10.008319
2026-04-28 13:00:00+02:00,17.342,5.815978,11.159999,13.0,0.3,29400.0,9.815996,12.241913
2026-04-28 14:00:00+02:00,16.042,2.52,12.959999,3.0,0.7,12780.0,8.706063,27.792759
2026-04-28 15:00:00+02:00,16.991999,2.1897945,6.8399997,33.0,0.1,35220.0,4.844117,26.797695
2026-04-28 16:00:00+02:00,17.042,2.6208394,9.0,49.0,0.1,34600.0,6.1307654,27.147633
2026-04-28 17:00:00+02:00,15.592,1.5273507,6.8399997,43.0,0.8,7820.0,5.333787,27.26799
2026-04-28 18:00:00+02:00,16.142,6.1305785,12.599999,51.0,0.4,33380.0,6.0797453,23.757093
2026-04-28 19:00:00+02:00,16.392,5.3999996,11.159999,10.0,0.0,34420.0,7.958392,20.265303
2026-04-28 20:00:00+02:00,15.742001,5.6002855,9.36,8.0,0.0,38160.0,5.7641516,19.62793
2026-04-28 21:00:00+02:00,15.142,6.12,11.5199995,0.0,0.0,38560.0,4.6916795,18.877537
2026-04-28 22:00:00+02:00,15.192,5.154415,10.440001,15.0,0.4,38800.0,6.940957,20.557856
2026-04-28 23:00:00+02:00,14.442,6.8777895,8.64,15.0,0.3,36920.0,8.513107,11.444951
2026-04-29 00:00:00+02:00,14.342,6.0347,10.799999,72.0,0.4,22000.0,2.8820758,22.284399
2026-04-29 01:00:00+02:00,13.292001,6.8777895,13.679999,61.0,1.6,24820.0,9.666777,24.103226
2026-04-29 02:00:00+02:00,13.342,7.289444,16.56,46.0,1.0,20340.0,7.418196,24.897316
2026-04-29 03:00:00+02:00,13.442,7.24486,15.84,55.0,2.8,22400.0,6.524576,33.42516
2026-04-29 04:00:00+02:00,13.192,5.0142193,10.799999,75.0,0.5,14340.0,3.2222586,25.659342
2026-04-29 05:00:00+02:00,13.142,2.5959969,8.64,81.0,1.9,24880.0,2.278481,23.397612
2026-04-29 06:00:00+02:00,13.342,3.7064266,7.5599995,65.0,0.1,31200.0,2.3236039,20.189116
2026-04-29 07:00:00+02:00,13.092,4.072935,4.68,60.0,1.1,16280.0,2.6571426,15.152965
2026-04-29 08:00:00+02:00,13.242001,3.8773184,5.3999996,57.0,0.2,20680.0,1.3670886,9.494725
2026-04-29 09:00:00+02:00,14.192,2.1897945,7.5599995,47.0,0.0,16600.0,3.2222586,9.227215
2026-04-29 10:00:00+02:00,15.142,2.7416782,5.7599998,40.0,0.0,28000.0,3.757767,5.8883786
2026-04-29 11:00:00+02:00,14.542001,4.379589,8.64,50.0,0.0,26440.0,3.1898732,4.3889384
2026-04-29 12:00:00+02:00,15.492001,1.2979984,8.64,29.0,0.0,32900.0,3.4704785,4.5186887
2026-04-29 13:00:00+02:00,16.892,1.8,6.8399997,33.0,0.0,36620.0,4.201311,6.113084
2026-04-29 14:00:00+02:00,17.542,0.5091169,6.8399997,7.0,0.0,36980.0,5.562481,7.4740934
2026-04-29 15:00:00+02:00,18.192,3.8773184,6.4799995,0.0,0.0,37400.0,2.0379353,7.8511715
2026-04-29 16:00:00+02:00,19.192,2.3051248,6.4799995,30.0,0.0,38500.0,4.488087,8.442291
2026-04-29 17:00:00+02:00,18.542,5.4477882,5.3999996,22.0,0.0,38360.0,0.0,11.939203
2026-04-29 18:00:00+02:00,18.042,3.5455887,9.72,16.0,0.0,36840.0,0.4556962,11.858258
2026-04-29 19:00:00+02:00,17.542,3.2599385,7.92,0.0,0.0,34800.0,0.4556962,12.413793
2026-04-29 20:00:00+02:00,17.192,1.8,5.04,0.0,0.0,37060.0,1.0189676,14.167504
2026-04-29 21:00:00+02:00,16.542,2.0991426,2.8799999,0.0,0.0,36780.0,3.0569031,15.665498
2026-04-29 22:00:00+02:00,16.142,3.8268526,5.3999996,8.0,0.0,38080.0,4.556962,14.948187
2026-04-29 23:00:00+02:00,14.142,4.896529,8.28,66.0,0.0,25600.0,6.835443,15.367554
2026-04-30 00:00:00+02:00,14.542001,4.8965297,7.5599995,62.0,0.0,30160.0,12.269996,16.018122
2026-04-30 01:00:00+02:00,15.342,2.0364676,11.5199995,100.0,0.0,38860.0,12.312233,12.051613
2026-04-30 02:00:00+02:00,14.742001,2.0364676,5.04,97.0,0.0,33560.0,14.133929,9.715329
2026-04-30 03:00:00+02:00,14.692,1.8,5.04,100.0,0.0,35360.0,11.961482,13.948265
2026-04-30 04:00:00+02:00,14.392,1.2979984,2.8799999,100.0,0.1,33360.0,12.51299,12.226168
2026-04-30 05:00:00+02:00,13.592,3.319036,7.5599995,98.0,0.3,22340.0,14.272824,12.320337
2026-04-30 06:00:00+02:00,13.492001,2.5455842,5.04,100.0,0.0,24820.0,17.772152,10.533453
2026-04-30 07:00:00+02:00,13.292001,3.671294,6.4799995,100.0,0.1,29380.0,20.055809,10.330335
2026-04-30 08:00:00+02:00,13.142,2.0364676,6.4799995,100.0,0.0,29680.0,20.343658,11.661699
2026-04-30 09:00:00+02:00,13.492001,1.609969,4.32,100.0,0.1,33880.0,21.783041,12.051613
2026-04-30 10:00:00+02:00,14.042001,4.0249224,7.5599995,100.0,0.0,36920.0,19.231243,14.329733
2026-04-30 11:00:00+02:00,14.042001,9.673221,18.359999,100.0,0.0,39460.0,18.882547,13.6692705
2026-04-30 12:00:00+02:00,14.792001,10.195057,19.44,100.0,0.0,40760.0,13.655687,16.804535
2026-04-30 13:00:00+02:00,15.392,10.086427,21.24,70.0,0.0,41840.0,6.0797453,18.096056
2026-04-30 14:00:00+02:00,16.692,6.830519,16.919998,31.0,0.0,41900.0,1.4410379,12.659634
2026-04-30 15:00:00+02:00,17.392,6.763786,9.36,12.0,0.0,42080.0,1.8788835,13.948265
2026-04-30 16:00:00+02:00,17.842,7.5685663,13.32,4.0,0.0,42200.0,3.5591009,12.96038
2026-04-30 17:00:00+02:00,17.942,2.9024127,13.679999,0.0,0.0,42300.0,0.4556962,12.96038
2026-04-30 18:00:00+02:00,17.942,3.7585104,7.2,0.0,0.0,41840.0,1.643036,14.753624
2026-04-30 19:00:00+02:00,17.292,3.0758414,7.2,0.0,0.0,41580.0,1.9333551,16.102081
2026-04-30 20:00:00+02:00,15.542001,2.5455842,7.2,0.0,0.0,40320.0,3.757767,13.948265
2026-04-30 21:00:00+02:00,12.742001,5.3517847,9.72,5.0,0.0,38060.0,3.2222586,13.948265
2026-04-30 22:00:00+02:00,11.192,4.6938252,7.92,31.0,0.0,36040.0,8.21518,11.394346
2026-04-30 23:00:00+02:00,10.742001,4.5536795,9.0,53.0,0.0,29720.0,5.094838,13.556066
2026-05-01 00:00:00+02:00,10.692,3.9763298,7.2,61.0,0.0,29740.0,5.094838,13.556066
2026-05-01 01:00:00+02:00,10.292001,4.802999,6.4799995,61.0,0.0,30100.0,5.0333285,12.4911375
2026-05-01 02:00:00+02:00,10.892,4.5536795,7.92,97.0,0.0,27540.0,7.20519,11.189642
2026-05-01 03:00:00+02:00,11.892,4.829907,8.64,86.0,0.0,34980.0,5.562481,12.5680065
2026-05-01 04:00:00+02:00,12.142,5.154415,8.64,93.0,0.0,36180.0,2.8820758,13.0492525
2026-05-01 05:00:00+02:00,12.442,4.0249224,8.64,100.0,0.0,38820.0,2.734177,13.879042
2026-05-01 06:00:00+02:00,11.992001,4.0249224,6.12,89.0,0.0,37180.0,3.5591009,14.4368725
2026-05-01 07:00:00+02:00,11.642,2.7416782,6.4799995,92.0,0.0,38360.0,2.3236039,18.25503
2026-05-01 08:00:00+02:00,12.442,1.609969,3.96,78.0,0.0,37720.0,1.8227848,20.208189
2026-05-01 09:00:00+02:00,13.492001,1.8,4.32,73.0,0.0,40520.0,5.195736,19.390963
2026-05-01 10:00:00+02:00,14.392,0.35999998,4.68,67.0,0.0,41160.0,3.757767,19.871765
2026-05-01 11:00:00+02:00,15.592,2.16,7.2,20.0,0.0,41840.0,3.0569031,16.386677
2026-05-01 12:00:00+02:00,16.642,5.634891,6.4799995,0.0,0.0,42900.0,3.3175182,14.153901
2026-05-01 13:00:00+02:00,17.192,9.085988,19.08,25.0,0.0,45300.0,5.094838,11.711148
2026-05-01 14:00:00+02:00,18.192,8.217153,19.44,0.0,0.0,44400.0,3.6455696,10.4046545
2026-05-01 15:00:00+02:00,18.842,9.885262,18.359999,0.0,0.0,44200.0,4.201311,6.2378535
2026-05-01 16:00:00+02:00,19.392,7.2,18.72,0.0,0.0,43920.0,5.094838,3.1649084
2026-05-01 17:00:00+02:00,19.741999,5.991594,14.759999,0.0,0.0,44020.0,4.6472077,4.3889384
2026-05-01 18:00:00+02:00,19.592,5.6920996,13.679999,0.0,0.0,44560.0,5.543783,5.1183376
2026-05-01 19:00:00+02:00,19.042,3.6179552,11.159999,0.0,0.0,44060.0,5.468354,3.7755077
2026-05-01 20:00:00+02:00,18.092,2.1897945,7.2,0.0,0.0,42080.0,7.34788,1.9627929
2026-05-01 21:00:00+02:00,14.142,7.342588,12.24,0.0,0.0,40320.0,6.940957,2.5591688
2026-05-01 22:00:00+02:00,12.642,6.0347,12.24,0.0,0.0,39800.0,3.67394,1.387904
2026-05-01 23:00:00+02:00,11.592,5.991594,8.28,0.0,0.0,38520.0,4.488087,1.7555753
2026-05-02 00:00:00+02:00,11.192,5.495161,10.799999,0.0,0.0,38480.0,2.0379353,3.3425157
2026-05-02 01:00:00+02:00,11.142,4.5536795,9.0,0.0,0.0,39240.0,0.9113924,6.113084
2026-05-02 02:00:00+02:00,10.992001,1.835647,4.68,0.0,0.0,38760.0,0.64445174,7.499821
2026-05-02 03:00:00+02:00,10.892,0.0,1.8,0.0,0.0,39480.0,1.2889035,7.2649856
2026-05-02 04:00:00+02:00,12.042001,5.04,5.3999996,0.0,0.0,41480.0,1.0189676,5.5862064
2026-05-02 05:00:00+02:00,8.792001,1.609969,5.7599998,0.0,0.0,32860.0,2.3236039,7.2649856
2026-05-02 06:00:00+02:00,9.192,6.489992,6.8399997,0.0,0.0,37480.0,1.643036,4.5186887
2026-05-02 07:00:00+02:00,10.542001,3.319036,6.8399997,0.0,0.0,37960.0,1.643036,2.775808
2026-05-02 08:00:00+02:00,12.392,1.4399999,3.96,0.0,0.0,34580.0,2.8820758,8.821657
2026-05-02 09:00:00+02:00,14.542001,2.4149535,3.96,0.0,0.0,37260.0,1.8227848,8.886923
2026-05-02 10:00:00+02:00,16.042,2.5959969,3.6,0.0,0.0,38320.0,2.0379353,8.442291
2026-05-02 11:00:00+02:00,16.991999,4.6938252,5.3999996,0.0,0.0,40160.0,2.453999,3.6192114
2026-05-02 12:00:00+02:00,18.292,5.506941,6.4799995,0.0,0.0,41000.0,3.67394,1.7555753
2026-05-02 13:00:00+02:00,19.241999,7.5170207,9.0,0.0,0.0,40480.0,3.2222586,3.7241378
2026-05-02 14:00:00+02:00,20.392,8.557102,10.799999,0.0,0.0,42560.0,4.844117,4.5186887
2026-05-02 15:00:00+02:00,21.241999,7.5685663,14.759999,0.0,0.0,42660.0,4.9291077,4.3889384
2026-05-02 16:00:00+02:00,21.642,7.729527,14.759999,0.0,0.0,43320.0,6.47666,5.339374
2026-05-02 17:00:00+02:00,21.792,6.792466,15.119999,0.0,0.0,43320.0,5.195736,5.8883786
2026-05-02 18:00:00+02:00,21.692,5.6233797,13.679999,0.0,0.0,42800.0,3.5591009,7.4482756
2026-05-02 19:00:00+02:00,20.792,4.3498964,11.159999,0.0,0.0,42020.0,5.543783,8.689655
2026-05-02 20:00:00+02:00,19.042,2.5455842,6.4799995,0.0,0.0,41280.0,2.453999,12.4293
2026-05-02 21:00:00+02:00,14.692,7.072878,11.5199995,0.0,0.0,37960.0,3.89347,13.655171
2026-05-02 22:00:00+02:00,13.042001,5.6920996,11.5199995,0.0,0.0,36820.0,3.757767,14.289349
2026-05-02 23:00:00+02:00,12.642,5.5887027,9.0,0.0,0.0,39680.0,2.7718916,15.529648
2026-05-03 00:00:00+02:00,12.392,5.6920996,6.8399997,0.0,0.0,40420.0,5.195736,18.713562
2026-05-03 01:00:00+02:00,12.142,6.28713,6.4799995,0.0,0.0,39660.0,2.0379353,22.76332
2026-05-03 02:00:00+02:00,12.542001,5.1919937,6.8399997,0.0,0.0,39640.0,4.844117,25.448275
2026-05-03 03:00:00+02:00,12.092,5.95906,6.8399997,0.0,0.0,39320.0,4.844117,25.357279
2026-05-03 04:00:00+02:00,12.392,5.315336,6.12,0.0,0.0,39900.0,3.0569031,25.136015
2026-05-03 05:00:00+02:00,12.292001,4.5820518,5.3999996,0.0,0.0,39480.0,2.6571426,27.681644
2026-05-03 06:00:00+02:00,11.992001,4.6102495,9.0,0.0,0.0,39900.0,3.2222586,26.515873
2026-05-03 07:00:00+02:00,13.392,4.198285,7.2,0.0,0.0,41240.0,1.4410379,27.225573
2026-05-03 08:00:00+02:00,13.292001,3.2599385,5.3999996,0.0,0.0,36300.0,2.278481,27.48611
2026-05-03 09:00:00+02:00,15.842,0.71999997,5.7599998,0.0,0.0,38320.0,3.2222586,26.660769
2026-05-03 10:00:00+02:00,17.292,0.8049845,3.6,0.0,0.0,39180.0,2.3236039,25.273579
2026-05-03 11:00:00+02:00,18.942,4.0249224,8.28,0.0,0.0,41260.0,4.101266,24.341797
2026-05-03 12:00:00+02:00,19.741999,5.2416787,10.799999,0.0,0.0,43560.0,7.418196,22.593443
2026-05-03 13:00:00+02:00,20.642,5.0142193,11.879999,0.0,0.0,42620.0,9.515216,24.554531
2026-05-03 14:00:00+02:00,21.741999,8.78872,14.4,11.0,0.0,43920.0,11.715913,28.068626
2026-05-03 15:00:00+02:00,22.192,8.557102,21.24,12.0,0.0,45580.0,16.411392,32.042255
2026-05-03 16:00:00+02:00,21.991999,6.28713,20.16,12.0,0.0,43580.0,15.5204525,26.098505
2026-05-03 17:00:00+02:00,21.042,8.534353,11.159999,28.0,0.0,44220.0,6.198138,26.515873
2026-05-03 18:00:00+02:00,20.842,6.4799995,14.759999,0.0,0.0,44680.0,5.094838,30.533892
2026-05-03 19:00:00+02:00,20.442,2.5959969,10.440001,0.0,0.0,44480.0,8.670211,26.9768
2026-05-03 20:00:00+02:00,19.542,2.5455842,3.96,0.0,0.0,43320.0,8.513107,28.006792
2026-05-03 21:00:00+02:00,16.892,5.4833565,9.36,0.0,0.0,42460.0,7.34788,31.53323
2026-05-03 22:00:00+02:00,15.792001,6.489992,11.879999,0.0,0.0,43280.0,7.543114,26.689655
2026-05-03 23:00:00+02:00,14.242001,6.28713,11.5199995,0.0,0.0,41320.0,7.205189,24.333883
2026-05-04 00:00:00+02:00,13.442,5.4833565,12.599999,0.0,0.0,41400.0,7.4739733,23.878408
2026-05-04 01:00:00+02:00,13.842,6.9247384,10.440001,0.0,0.0,42320.0,1.643036,29.591993
2026-05-04 02:00:00+02:00,12.592,5.154415,10.799999,0.0,0.0,41000.0,8.800955,29.073198
2026-05-04 03:00:00+02:00,12.442,5.8048253,10.799999,0.0,0.0,41160.0,5.993747,28.853722
2026-05-04 04:00:00+02:00,12.792001,5.3999996,7.5599995,0.0,0.0,41680.0,2.453999,32.192196
2026-05-04 05:00:00+02:00,12.992001,5.1919937,6.4799995,0.0,0.0,40840.0,3.0569031,33.338604
2026-05-04 06:00:00+02:00,12.942,3.8939953,9.0,0.0,0.0,40920.0,3.286072,33.956886
2026-05-04 07:00:00+02:00,12.542001,5.8048253,9.0,0.0,0.0,41240.0,5.333787,29.507248
2026-05-04 08:00:00+02:00,13.942,1.609969,9.0,0.0,0.0,40020.0,5.6366506,32.06629
2026-05-04 09:00:00+02:00,15.692,1.8,4.32,0.0,0.0,37600.0,6.0797453,31.312546
2026-05-04 10:00:00+02:00,17.142,3.319036,6.8399997,0.0,0.0,40880.0,5.333787,32.22808
2026-05-04 11:00:00+02:00,17.392,2.3051248,6.8399997,0.0,0.0,41220.0,5.543783,40.663464
2026-05-04 12:00:00+02:00,19.092,3.6179552,8.28,0.0,0.0,42660.0,4.488087,45.55202
2026-05-04 13:00:00+02:00,19.042,4.3349743,13.32,0.0,0.0,42660.0,7.515534,38.10549
2026-05-04 14:00:00+02:00,20.042,6.638072,12.959999,0.0,0.0,43100.0,12.065196,36.893196
2026-05-04 15:00:00+02:00,20.042,9.693296,19.08,0.0,0.0,43720.0,11.715913,39.801647
2026-05-04 16:00:00+02:00,19.842,3.5455887,17.64,0.0,0.0,43140.0,7.7602262,43.368397
2026-05-04 17:00:00+02:00,20.192,5.8048253,9.0,0.0,0.0,43260.0,4.2990294,49.03448
2026-05-04 18:00:00+02:00,20.042,6.0347,11.5199995,0.0,0.0,42780.0,5.012658,42.211456
2026-05-04 19:00:00+02:00,19.342,2.8799999,9.36,0.0,0.0,41740.0,3.2222586,38.186287
2026-05-04 20:00:00+02:00,18.241999,1.484318,3.2399998,0.0,0.0,41260.0,2.0379353,39.801647
2026-05-04 21:00:00+02:00,15.392,5.0142193,7.92,0.0,0.0,40620.0,0.9113924,38.56276
2026-05-04 22:00:00+02:00,14.192,6.28713,6.4799995,0.0,0.0,40140.0,1.2889035,36.0
2026-05-04 23:00:00+02:00,14.192,4.510787,8.28,15.0,0.0,39200.0,2.9178793,35.466316
2026-05-05 00:00:00+02:00,13.642,5.00128,7.2,40.0,0.0,37300.0,3.5591009,29.23178
2026-05-05 01:00:00+02:00,13.892,4.2136917,5.7599998,56.0,0.0,38100.0,3.89347,29.23178
2026-05-05 02:00:00+02:00,13.892,5.692099,6.8399997,32.0,0.0,38540.0,0.9113924,29.337025
2026-05-05 03:00:00+02:00,13.392,5.1919937,8.28,32.0,0.0,38400.0,3.0569031,32.867256
2026-05-05 04:00:00+02:00,14.142,2.7416782,7.5599995,4.0,0.0,39220.0,3.2222586,28.123474
2026-05-05 05:00:00+02:00,14.292001,2.6208394,8.28,12.0,0.0,39620.0,4.556962,31.951952
2026-05-05 06:00:00+02:00,14.192,4.5820518,7.2,0.0,0.1,39700.0,4.323114,38.905903
2026-05-05 07:00:00+02:00,14.642,6.696387,12.24,7.0,0.5,21900.0,4.556962,47.127472
2026-05-05 08:00:00+02:00,13.342,5.0142193,11.879999,100.0,0.9,11220.0,6.47666,38.241734
2026-05-05 09:00:00+02:00,12.992001,4.0249224,9.0,100.0,1.7,7940.0,1.8788835,33.4021
2026-05-05 10:00:00+02:00,13.142,5.0528407,9.72,69.0,4.2,7040.0,5.941551,39.9755
2026-05-05 11:00:00+02:00,12.192,4.510787,10.440001,100.0,1.6,9180.0,3.2222586,40.97022
2026-05-05 12:00:00+02:00,12.692,2.9024127,10.08,91.0,1.5,13260.0,3.3175182,32.949207
2026-05-05 13:00:00+02:00,13.792001,1.8,7.5599995,67.0,0.7,31100.0,8.21518,32.949207
2026-05-05 14:00:00+02:00,12.742001,3.8773184,7.2,87.0,0.3,17720.0,9.079681,33.522987
2026-05-05 15:00:00+02:00,13.292001,0.8049845,8.28,85.0,0.3,22600.0,8.765491,25.516308
2026-05-05 16:00:00+02:00,13.192,2.9024127,8.28,93.0,0.3,26240.0,6.3797464,23.364658
2026-05-05 17:00:00+02:00,12.792001,2.7416782,6.4799995,76.0,0.1,26680.0,9.784211,18.877537
2026-05-05 18:00:00+02:00,12.792001,2.0991426,6.4799995,100.0,0.0,28500.0,12.961332,27.716415
2026-05-05 19:00:00+02:00,12.442,2.0364676,5.7599998,98.0,0.0,25640.0,8.315675,27.89653
2026-05-05 20:00:00+02:00,12.142,1.484318,4.68,100.0,0.0,19680.0,13.941624,24.143152
2026-05-05 21:00:00+02:00,11.742001,4.32,9.72,81.0,0.0,15860.0,9.580464,27.253859
2026-05-05 22:00:00+02:00,11.892,2.5455842,8.28,65.0,0.1,20880.0,5.094838,25.265957
2026-05-05 23:00:00+02:00,11.692,2.5455842,8.64,85.0,0.0,10480.0,9.580464,25.561563
2026-05-06 00:00:00+02:00,11.692,1.609969,5.3999996,84.0,0.1,15260.0,14.1559515,20.818563
2026-05-06 01:00:00+02:00,11.892,2.3051248,6.12,85.0,0.1,22900.0,11.4288025,23.975016
2026-05-06 02:00:00+02:00,11.642,1.609969,7.2,92.0,0.1,7260.0,16.866917,21.653082
2026-05-06 03:00:00+02:00,11.642,1.8,7.5599995,80.0,1.6,12380.0,9.215885,22.4909
2026-05-06 04:00:00+02:00,11.842,4.6102495,7.2,84.0,1.5,11680.0,9.079681,30.312284
2026-05-06 05:00:00+02:00,11.392,0.5091169,9.0,95.0,0.4,280.0,10.025316,25.59169
2026-05-06 06:00:00+02:00,11.892,9.19939,16.919998,71.0,1.1,15740.0,17.934988,19.949162
2026-05-06 07:00:00+02:00,12.592,6.9247384,20.16,67.0,0.9,8840.0,15.148044,29.441893
2026-05-06 08:00:00+02:00,12.192,5.7599998,10.799999,100.0,1.1,14860.0,13.594724,40.01884
2026-05-06 09:00:00+02:00,12.342,5.692099,20.16,100.0,2.2,6940.0,16.335293,44.143208
2026-05-06 10:00:00+02:00,11.792001,4.3498964,12.24,90.0,7.0,4200.0,8.95301,49.081596
2026-05-06 11:00:00+02:00,12.842,9.9571085,11.159999,100.0,5.2,23440.0,16.73094,54.355545
2026-05-06 12:00:00+02:00,13.192,1.835647,19.44,100.0,2.5,20060.0,14.836392,45.779804
2026-05-06 13:00:00+02:00,13.492001,5.3517847,19.44,86.0,2.6,4260.0,31.495829,61.43573
2026-05-06 14:00:00+02:00,11.442,21.67487,28.8,73.0,2.1,1680.0,18.70576,47.274387
2026-05-06 15:00:00+02:00,10.492001,13.1041975,55.079998,78.0,19.3,2760.0,10.391472,51.352455
2026-05-06 16:00:00+02:00,10.792001,15.937878,36.36,97.0,3.0,34340.0,6.970812,47.80922
2026-05-06 17:00:00+02:00,12.592,12.522619,30.599998,61.0,0.0,36760.0,2.3236039,30.439116
2026-05-06 18:00:00+02:00,13.192,7.9932966,19.8,9.0,0.0,38680.0,1.643036,26.566677
2026-05-06 19:00:00+02:00,13.542001,5.1544156,15.84,0.0,0.0,37100.0,4.488087,20.360134
2026-05-06 20:00:00+02:00,13.342,6.6087217,9.0,0.0,0.0,38720.0,3.9200466,17.256958
2026-05-06 21:00:00+02:00,13.192,4.829907,14.4,100.0,0.8,27400.0,17.772152,13.0492525
2026-05-06 22:00:00+02:00,11.892,5.8048253,8.64,71.0,1.5,25280.0,12.379514,6.598021
2026-05-06 23:00:00+02:00,11.592,4.68,12.599999,95.0,1.1,18960.0,8.658227,20.74441
2026-05-07 00:00:00+02:00,11.542001,2.8799999,9.0,100.0,0.2,29380.0,4.757608,34.697605
2026-05-07 01:00:00+02:00,11.392,6.28713,11.159999,86.0,0.0,26420.0,5.7641516,18.999592
2026-05-07 02:00:00+02:00,11.442,6.1305785,12.959999,72.0,0.0,29540.0,3.2222586,25.994967
2026-05-07 03:00:00+02:00,10.842,3.6179552,11.5199995,53.0,0.0,29360.0,3.89347,26.696869
2026-05-07 04:00:00+02:00,10.342,2.6208394,4.68,21.0,0.0,30280.0,3.0569031,16.952896
2026-05-07 05:00:00+02:00,9.192,4.8433046,4.32,48.0,0.0,32800.0,6.7744107,11.939203
2026-05-07 06:00:00+02:00,8.992001,4.198285,6.4799995,26.0,0.0,34360.0,5.9240503,8.442291
2026-05-07 07:00:00+02:00,9.142,4.6938257,6.8399997,3.0,0.0,33480.0,7.3619976,7.4482756
2026-05-07 08:00:00+02:00,11.292001,2.16,8.28,0.0,0.0,33520.0,5.7641516,6.113084
2026-05-07 09:00:00+02:00,12.942,3.319036,7.2,0.0,0.0,31720.0,5.012658,3.7755077
2026-05-07 10:00:00+02:00,14.492001,2.9024127,7.2,0.0,0.0,38320.0,3.3175182,4.9655166
2026-05-07 11:00:00+02:00,15.542001,2.9024127,5.04,0.0,0.0,39700.0,1.643036,5.3031745
2026-05-07 12:00:00+02:00,16.792,2.8799999,4.32,0.0,0.0,40620.0,1.8788835,3.9255857
2026-05-07 13:00:00+02:00,17.442,6.9899354,9.36,0.0,0.0,41220.0,2.8820758,5.5862064
2026-05-07 14:00:00+02:00,18.192,3.4152596,10.440001,0.0,0.0,41320.0,8.11344,5.7224755
2026-05-07 15:00:00+02:00,18.192,6.489992,11.5199995,18.0,0.0,42080.0,4.511162,13.0492525
2026-05-07 16:00:00+02:00,18.592,2.16,17.28,0.0,0.0,41000.0,4.907998,10.606349
2026-05-07 17:00:00+02:00,19.442,1.1384199,7.5599995,0.0,0.0,41360.0,1.4410379,12.780782
2026-05-07 18:00:00+02:00,19.692,1.1384199,4.68,0.0,0.0,42180.0,5.0333285,16.102081
2026-05-07 19:00:00+02:00,19.092,2.0991426,4.68,0.0,0.0,41340.0,3.3175182,12.915714
2026-05-07 20:00:00+02:00,18.192,1.4399999,4.32,0.0,0.0,41040.0,4.757608,7.677507
2026-05-07 21:00:00+02:00,14.242001,6.489992,10.08,22.0,0.0,33560.0,4.1265044,6.2068963
2026-05-07 22:00:00+02:00,12.392,6.9527545,10.08,13.0,0.0,30540.0,3.2222586,5.551616
2026-05-07 23:00:00+02:00,11.592,5.95906,8.28,0.0,0.0,31180.0,3.757767,7.022301
2026-05-08 00:00:00+02:00,12.042001,5.1919937,6.4799995,0.0,0.0,35560.0,1.4410379,8.951714
2026-05-08 01:00:00+02:00,12.942,3.6,6.12,0.0,0.0,39400.0,2.0379353,12.735487
2026-05-08 02:00:00+02:00,11.642,4.39436,4.68,4.0,0.0,35760.0,1.9333551,14.543223
2026-05-08 03:00:00+02:00,10.892,6.193674,9.72,9.0,0.0,30660.0,1.643036,14.8057575
2026-05-08 04:00:00+02:00,11.342,4.39436,9.72,28.0,0.0,35320.0,3.0569031,14.044602
2026-05-08 05:00:00+02:00,11.442,3.4152596,7.92,38.0,0.0,36900.0,4.511162,11.711148
2026-05-08 06:00:00+02:00,11.392,4.510787,6.8399997,3.0,0.0,36440.0,3.286072,10.998648
2026-05-08 07:00:00+02:00,11.892,4.1046314,6.4799995,12.0,0.0,37820.0,1.8788835,10.008319
2026-05-08 08:00:00+02:00,12.942,2.5455842,5.3999996,14.0,0.0,29780.0,1.8788835,6.8275857
2026-05-08 09:00:00+02:00,15.292001,1.0182338,5.04,0.0,0.0,38480.0,3.0569031,3.9743526
2026-05-08 10:00:00+02:00,16.792,2.6208394,5.7599998,0.0,0.0,40120.0,3.286072,5.7224755
2026-05-08 11:00:00+02:00,17.642,2.8799999,5.04,0.0,0.0,40600.0,4.844117,5.00416
2026-05-08 12:00:00+02:00,18.592,4.3349743,8.28,0.0,0.0,40960.0,5.8357587,4.1637125
2026-05-08 13:00:00+02:00,18.792,4.379589,9.72,0.0,0.0,40600.0,5.8000655,3.7755077
2026-05-08 14:00:00+02:00,18.491999,7.5942082,15.119999,0.0,0.0,40120.0,7.0889688,5.0041595
2026-05-08 15:00:00+02:00,19.592,3.96,10.799999,39.0,0.0,41140.0,6.524576,7.022301
2026-05-08 16:00:00+02:00,19.392,5.1919937,11.879999,0.0,0.0,38980.0,6.3797464,7.4740934
2026-05-08 17:00:00+02:00,19.442,2.8799999,15.84,0.0,0.0,39560.0,6.970812,6.2378535
2026-05-08 18:00:00+02:00,18.692,6.638072,14.759999,78.0,0.0,37800.0,9.079681,5.3031745
2026-05-08 19:00:00+02:00,15.892,3.9763298,13.32,66.0,8.0,2220.0,10.411436,11.987508
2026-05-08 20:00:00+02:00,17.092,2.2768397,11.159999,5.0,1.7,36500.0,5.9240503,6.1445136
2026-05-08 21:00:00+02:00,15.692,4.896529,5.7599998,0.0,0.0,38380.0,2.8820758,8.886923
2026-05-08 22:00:00+02:00,14.592,2.5959969,5.7599998,0.0,0.0,39100.0,1.2889035,10.236675
2026-05-08 23:00:00+02:00,15.092,2.0991426,7.2,0.0,0.0,40220.0,1.8788835,7.8511715
2026-05-09 00:00:00+02:00,13.942,4.39436,6.12,0.0,0.0,39920.0,1.0189676,7.4740934
2026-05-09 01:00:00+02:00,11.692,6.12,8.28,0.0,0.0,32620.0,2.278481,9.037377
2026-05-09 02:00:00+02:00,11.992001,5.1165614,8.64,0.0,0.0,34980.0,1.4410379,11.987508
2026-05-09 03:00:00+02:00,12.092,4.39436,7.2,0.0,0.0,36780.0,1.643036,12.4911375
2026-05-09 04:00:00+02:00,12.592,3.096837,5.7599998,0.0,0.0,39100.0,0.64445174,9.813965
2026-05-09 05:00:00+02:00,11.442,4.3498964,5.7599998,0.0,0.0,38720.0,1.8227848,9.474416
2026-05-09 06:00:00+02:00,11.092,4.072935,6.12,0.0,0.0,38540.0,2.278481,10.274241
2026-05-09 07:00:00+02:00,11.842,2.8116899,5.3999996,0.0,0.0,38860.0,1.4410379,11.189641
2026-05-09 08:00:00+02:00,13.342,2.4149535,4.32,0.0,0.0,36540.0,2.0379353,10.180067
2026-05-09 09:00:00+02:00,15.642,2.1897945,6.4799995,0.0,0.0,37940.0,3.1898732,13.6692705
2026-05-09 10:00:00+02:00,17.491999,1.609969,5.3999996,0.0,0.0,40020.0,1.4410379,10.569963
2026-05-09 11:00:00+02:00,18.592,2.0991426,4.68,0.0,0.0,40760.0,3.5591009,9.695481
2026-05-09 12:00:00+02:00,19.842,3.2599385,6.12,0.0,0.0,41500.0,2.3236039,7.5764823
2026-05-09 13:00:00+02:00,20.842,5.506941,7.92,0.0,0.0,42400.0,2.8820758,9.655664
2026-05-09 14:00:00+02:00,21.792,7.0911775,7.5599995,0.0,0.0,42240.0,7.515534,9.310345
2026-05-09 15:00:00+02:00,22.342,8.534353,18.359999,0.0,0.0,43520.0,14.41038,8.821657
2026-05-09 16:00:00+02:00,22.942,9.449572,20.16,0.0,0.0,47640.0,13.670886,6.48019
2026-05-09 17:00:00+02:00,22.892,9.726664,20.16,0.0,0.0,44260.0,17.292456,4.475857
2026-05-09 18:00:00+02:00,22.842,8.78872,19.8,6.0,0.0,43900.0,12.864844,5.6205835
2026-05-09 19:00:00+02:00,22.342,5.495161,16.919998,0.0,0.0,43740.0,6.7744107,11.103232
2026-05-09 20:00:00+02:00,21.092,3.2599385,10.08,0.0,0.0,44000.0,8.706063,18.672342
2026-05-09 21:00:00+02:00,16.292,6.28713,11.159999,0.0,0.0,41140.0,6.835443,17.31268
2026-05-09 22:00:00+02:00,13.992001,5.5887027,11.879999,0.0,0.0,39240.0,5.9240503,14.329733
2026-05-09 23:00:00+02:00,13.292001,5.0142193,10.440001,0.0,0.0,37640.0,7.7602262,18.631031
2026-05-10 00:00:00+02:00,13.742001,6.379216,10.440001,0.0,0.0,39860.0,5.333787,20.818563
2026-05-10 01:00:00+02:00,14.042001,5.3517847,10.08,0.0,0.0,39940.0,5.094838,21.429527
2026-05-10 02:00:00+02:00,14.242001,4.8433046,9.0,24.0,0.0,38620.0,4.1265044,22.999043
2026-05-10 03:00:00+02:00,14.342,4.1046314,9.36,46.0,0.0,39180.0,1.0189676,25.455843
2026-05-10 04:00:00+02:00,14.742001,3.5455887,6.12,26.0,0.0,39680.0,1.8788835,16.185604
2026-05-10 05:00:00+02:00,13.992001,4.3498964,7.2,26.0,1.8,32020.0,5.487309,23.594372
2026-05-10 06:00:00+02:00,13.942,4.0249224,10.799999,0.0,0.1,33560.0,3.89347,25.63681
2026-05-10 07:00:00+02:00,14.592,3.2599385,6.12,29.0,0.0,36360.0,6.7744107,22.482334
2026-05-10 08:00:00+02:00,13.642,3.2399998,5.7599998,0.0,0.7,6500.0,19.85288,15.329903
2026-05-10 09:00:00+02:00,13.742001,6.792466,11.159999,81.0,3.3,5920.0,8.987734,30.261404
2026-05-10 10:00:00+02:00,13.792001,5.771239,14.759999,91.0,4.2,7020.0,5.487309,30.822723
2026-05-10 11:00:00+02:00,13.192,3.4152596,9.36,100.0,2.4,12440.0,3.3175182,32.40095
2026-05-10 12:00:00+02:00,13.742001,3.396233,8.64,81.0,6.2,3200.0,7.7334204,27.89653
2026-05-10 13:00:00+02:00,13.842,2.3051248,6.8399997,86.0,4.1,5600.0,2.6571426,28.477413
2026-05-10 14:00:00+02:00,13.892,3.219938,8.28,71.0,3.2,6660.0,14.192577,22.014801
2026-05-10 15:00:00+02:00,13.842,3.9763298,14.4,65.0,2.0,10560.0,11.537306,25.478535
2026-05-10 16:00:00+02:00,14.492001,1.8,9.0,51.0,0.8,30260.0,1.8788835,25.92819
2026-05-10 17:00:00+02:00,14.242001,1.9386592,3.96,55.0,0.1,28960.0,2.453999,24.14315
2026-05-10 18:00:00+02:00,13.442,4.0249224,8.64,73.0,2.3,20160.0,1.2889035,25.357279
2026-05-10 19:00:00+02:00,13.642,2.3051248,6.12,86.0,0.3,20500.0,1.643036,17.566723
2026-05-10 20:00:00+02:00,13.242001,1.0182338,4.68,100.0,0.3,20780.0,5.333787,18.0
2026-05-10 21:00:00+02:00,12.842,2.4149535,3.2399998,62.0,0.1,17160.0,6.330734,17.167427
2026-05-10 22:00:00+02:00,12.642,2.968636,6.8399997,68.0,0.0,16420.0,3.2222586,16.292364
2026-05-10 23:00:00+02:00,12.742001,0.5091169,4.68,100.0,0.0,18540.0,4.556962,12.795844
2026-05-11 00:00:00+02:00,12.742001,3.7064266,6.12,91.0,0.0,14120.0,7.800262,11.0510645
2026-05-11 01:00:00+02:00,12.892,0.0,7.2,66.0,0.0,19800.0,7.958391,13.948265
2026-05-11 02:00:00+02:00,12.742001,3.9763298,2.52,88.0,0.0,25960.0,11.848101,17.914183
2026-05-11 03:00:00+02:00,12.642,1.9386592,7.5599995,100.0,0.0,26600.0,8.476439,30.87268
2026-05-11 04:00:00+02:00,12.492001,0.8049845,7.5599995,85.0,0.0,23160.0,5.8357587,34.80846
2026-05-11 05:00:00+02:00,12.592,6.696387,6.4799995,87.0,0.0,18200.0,2.6571426,25.334478
2026-05-11 06:00:00+02:00,12.592,4.198285,10.08,70.0,0.0,20620.0,6.970812,22.379284
2026-05-11 07:00:00+02:00,12.642,2.0991426,4.32,63.0,0.0,19140.0,7.7602262,29.27787
2026-05-11 08:00:00+02:00,12.592,3.7585104,3.6,100.0,0.0,12600.0,13.708808,33.917152
2026-05-11 09:00:00+02:00,13.042001,5.3517847,10.08,99.0,1.3,16420.0,21.006556,32.204163
2026-05-11 10:00:00+02:00,13.392,1.9386592,13.32,89.0,2.1,16240.0,13.4101715,30.666088
2026-05-11 11:00:00+02:00,14.292001,8.78872,9.36,100.0,0.5,25600.0,13.594724,23.265514
2026-05-11 12:00:00+02:00,14.092,8.669949,23.4,89.0,0.1,29500.0,20.465782,27.204338
2026-05-11 13:00:00+02:00,14.042001,2.1897945,20.880001,100.0,0.9,20920.0,4.511162,17.122486
2026-05-11 14:00:00+02:00,13.542001,9.9571085,19.8,38.0,4.1,5100.0,6.835443,25.326874
2026-05-11 15:00:00+02:00,13.242001,15.349684,28.8,74.0,10.1,4540.0,5.333787,26.076351
2026-05-11 16:00:00+02:00,13.442,13.979871,25.199999,0.0,2.1,35680.0,2.6571426,42.302624
2026-05-11 17:00:00+02:00,15.442,8.427383,17.28,0.0,0.0,36880.0,3.3175182,42.805088
2026-05-11 18:00:00+02:00,15.892,3.6179552,17.64,0.0,0.0,38580.0,3.3175182,45.82186
2026-05-11 19:00:00+02:00,15.842,2.3051248,8.28,0.0,0.0,38480.0,8.476439,40.344826
2026-05-11 20:00:00+02:00,13.792001,4.32,9.36,0.0,0.0,22060.0,9.394418,36.667995
2026-05-11 21:00:00+02:00,12.542001,3.8939953,9.72,0.0,0.0,21700.0,4.323114,50.24903
2026-05-11 22:00:00+02:00,13.042001,5.0142193,7.2,0.0,0.0,39720.0,11.848101,55.41893
2026-05-11 23:00:00+02:00,11.042001,6.489992,10.799999,0.0,0.0,33780.0,25.277792,40.464012
2026-05-12 00:00:00+02:00,10.492001,6.1305785,26.28,0.0,0.0,22700.0,23.524694,45.935226
2026-05-12 01:00:00+02:00,10.342,5.8048253,13.32,0.0,0.0,29360.0,17.12957,43.731094
2026-05-12 02:00:00+02:00,9.442,7.729527,11.879999,0.0,0.0,28800.0,12.2276125,47.50202
2026-05-12 03:00:00+02:00,10.442,5.3517847,12.24,0.0,0.0,34800.0,16.568802,45.31459
2026-05-12 04:00:00+02:00,10.242001,5.8603754,25.199999,0.0,0.0,25420.0,16.335295,42.211456
2026-05-12 05:00:00+02:00,10.142,7.42159,12.24,0.0,0.0,31740.0,22.629341,50.06084
2026-05-12 06:00:00+02:00,8.892,7.8954163,14.04,0.0,0.0,30180.0,20.802917,60.74202
2026-05-12 07:00:00+02:00,9.942,6.1305785,15.4800005,0.0,0.0,39840.0,25.620502,65.38487
2026-05-12 08:00:00+02:00,12.892,8.699793,10.440001,0.0,0.0,41820.0,39.33268,40.616062
2026-05-12 09:00:00+02:00,14.142,8.714677,16.919998,0.0,0.0,41920.0,41.67067,39.10837
2026-05-12 10:00:00+02:00,14.142,16.23596,29.88,0.0,0.0,45080.0,40.67966,58.02037
2026-05-12 11:00:00+02:00,16.092,2.9024127,30.599998,0.0,0.0,47360.0,41.35804,60.72616
2026-05-12 12:00:00+02:00,16.292,9.449572,19.8,0.0,0.0,47800.0,44.11083,56.63261
2026-05-12 13:00:00+02:00,16.792,11.753876,24.48,0.0,0.0,47460.0,42.565536,54.38389
2026-05-12 14:00:00+02:00,17.792,10.163227,26.28,0.0,0.0,50120.0,35.544304,59.382195
2026-05-12 15:00:00+02:00,17.442,15.617529,31.68,0.0,0.0,49600.0,36.37015,53.75688
2026-05-12 16:00:00+02:00,17.792,18.532133,36.719997,0.0,0.0,50120.0,26.571426,50.991077
2026-05-12 17:00:00+02:00,18.342,17.114204,36.719997,0.0,0.0,52420.0,29.672785,43.65174
2026-05-12 18:00:00+02:00,17.642,18.58451,36.719997,0.0,0.0,52380.0,24.259136,38.02959
2026-05-12 19:00:00+02:00,16.741999,19.0392,37.8,0.0,0.0,51840.0,11.92671,37.70402
2026-05-12 20:00:00+02:00,15.492001,19.201874,38.16,0.0,0.0,51500.0,12.030725,32.773354
2026-05-12 21:00:00+02:00,14.392,13.979872,36.36,0.0,0.0,50380.0,10.677303,25.659342
2026-05-12 22:00:00+02:00,13.092,9.793059,24.84,0.0,0.0,46980.0,12.0307255,20.189116
2026-05-12 23:00:00+02:00,12.592,8.913181,17.64,0.0,0.0,46960.0,11.02182,15.554438
2026-05-13 00:00:00+02:00,11.242001,5.6002855,15.4800005,0.0,0.0,43800.0,5.9240503,16.492132
2026-05-13 01:00:00+02:00,11.342,1.5273507,9.0,0.0,0.0,44400.0,6.0797453,15.95788
2026-05-13 02:00:00+02:00,9.992001,4.5536795,5.04,0.0,0.0,43640.0,4.907998,15.329903
2026-05-13 03:00:00+02:00,11.042001,1.9386592,6.12,0.0,0.0,44500.0,7.958392,17.87112
2026-05-13 04:00:00+02:00,10.592,4.8965297,6.8399997,0.0,0.0,43500.0,9.837129,17.665136
2026-05-13 05:00:00+02:00,8.492001,4.8965297,12.599999,6.0,0.0,40360.0,12.438086,15.702343
2026-05-13 06:00:00+02:00,9.142,5.6233797,10.08,46.0,0.0,40700.0,12.636843,14.999642
2026-05-13 07:00:00+02:00,10.342,4.2136917,10.08,44.0,0.0,40580.0,11.254866,16.71258
2026-05-13 08:00:00+02:00,11.092,4.2136917,7.2,15.0,0.0,39820.0,9.394418,18.51695
2026-05-13 09:00:00+02:00,12.592,1.1384199,7.92,31.0,0.0,42600.0,8.976174,16.018122
2026-05-13 10:00:00+02:00,13.942,3.319036,8.28,45.0,0.0,43280.0,6.6350365,15.861018
2026-05-13 11:00:00+02:00,14.942,3.0547013,12.24,0.0,0.0,42180.0,9.580463,17.566723
2026-05-13 12:00:00+02:00,15.842,8.161764,15.4800005,0.0,0.0,41460.0,9.752324,15.824542
2026-05-13 13:00:00+02:00,17.342,7.145796,17.64,0.0,0.0,43320.0,16.162767,21.402544
2026-05-13 14:00:00+02:00,18.292,5.1544156,17.28,0.0,0.0,44240.0,12.767628,18.948832
2026-05-13 15:00:00+02:00,18.991999,7.5170207,16.919998,0.0,0.0,44440.0,16.00136,19.716057
2026-05-13 16:00:00+02:00,19.192,9.826088,21.24,0.0,0.0,44840.0,14.589397,22.249796
2026-05-13 17:00:00+02:00,18.942,9.346143,21.599998,0.0,0.0,44840.0,15.2777195,30.267769
2026-05-13 18:00:00+02:00,19.142,3.319036,16.919998,0.0,0.0,44260.0,10.331347,30.710028
2026-05-13 19:00:00+02:00,18.491999,4.0249224,14.4,0.0,0.0,44020.0,8.402622,28.006792
2026-05-13 20:00:00+02:00,17.442,2.3051248,8.28,0.0,0.0,43660.0,6.524576,33.88306
2026-05-13 21:00:00+02:00,14.292001,4.829907,12.24,7.0,0.0,41660.0,9.294415,31.806936
2026-05-13 22:00:00+02:00,13.292001,4.5536795,7.2,33.0,0.0,41240.0,7.7602262,29.198812
2026-05-13 23:00:00+02:00,12.092,4.0249224,9.36,36.0,0.0,40600.0,4.556962,24.710932
2026-05-14 00:00:00+02:00,11.792001,4.896529,9.0,49.0,0.0,39820.0,7.205189,23.364658
2026-05-14 01:00:00+02:00,11.442,5.4833565,12.599999,47.0,0.0,38860.0,5.506198,22.559313
2026-05-14 02:00:00+02:00,11.192,4.6938257,8.64,69.0,0.0,37260.0,3.67394,21.24899
2026-05-14 03:00:00+02:00,10.842,5.1165614,12.24,50.0,0.0,34560.0,2.6571426,17.043554
2026-05-14 04:00:00+02:00,11.192,4.3498964,11.879999,44.0,0.0,37100.0,3.2222586,18.381218
2026-05-14 05:00:00+02:00,10.592,2.2768397,11.5199995,15.0,0.0,30960.0,7.1182017,13.0492525
2026-05-14 06:00:00+02:00,10.092,4.3498964,11.5199995,56.0,0.1,29160.0,2.278481,10.569963
2026-05-14 07:00:00+02:00,10.642,4.32,10.799999,90.0,0.1,31460.0,2.734177,21.94469
2026-05-14 08:00:00+02:00,10.442,7.928177,15.4800005,82.0,0.4,24820.0,9.125309,36.64172
2026-05-14 09:00:00+02:00,11.292001,6.924738,19.8,47.0,0.0,23200.0,6.524576,34.89689
2026-05-14 10:00:00+02:00,12.642,5.937272,19.08,68.0,0.0,28700.0,8.21518,34.334854
2026-05-14 11:00:00+02:00,12.092,7.729527,22.68,37.0,0.1,31440.0,7.866535,30.666088
2026-05-14 12:00:00+02:00,11.542001,2.968636,13.32,100.0,1.8,8240.0,9.952556,36.085506
2026-05-14 13:00:00+02:00,13.992001,9.565437,20.519999,0.0,0.5,37120.0,11.012396,26.797695
2026-05-14 14:00:00+02:00,14.042001,8.473393,19.8,34.0,0.0,38720.0,7.291139,19.900824
2026-05-14 15:00:00+02:00,15.442,4.68,13.32,3.0,0.0,39240.0,6.1138062,20.482758
2026-05-14 16:00:00+02:00,15.092,7.928178,10.799999,26.0,0.0,37880.0,6.7744107,15.216393
2026-05-14 17:00:00+02:00,14.842,6.1305785,23.039999,0.0,0.8,38620.0,7.543114,27.147633
2026-05-14 18:00:00+02:00,14.342,5.0528407,11.159999,0.0,0.0,36080.0,9.045312,16.77011
2026-05-14 19:00:00+02:00,14.192,5.8048253,9.36,0.0,0.0,35560.0,2.8820758,17.522804
2026-05-14 20:00:00+02:00,14.292001,2.0991426,27.359999,0.0,0.2,41240.0,7.3619976,34.244972
2026-05-14 21:00:00+02:00,11.892,4.5536795,25.919998,77.0,0.0,37760.0,6.0797453,24.578054
2026-05-14 22:00:00+02:00,10.842,1.08,11.159999,0.0,0.0,37960.0,5.9240503,22.490902
2026-05-14 23:00:00+02:00,10.142,3.671294,5.3999996,0.0,0.0,35540.0,3.9200466,17.577684
2026-05-15 00:00:00+02:00,10.192,4.5536795,5.3999996,0.0,0.0,38720.0,4.6472077,15.800178
2026-05-15 01:00:00+02:00,7.792,6.792466,13.679999,0.0,0.0,24500.0,4.57969,20.66067
2026-05-15 02:00:00+02:00,6.992,4.6800003,11.159999,0.0,0.0,22140.0,4.2990294,14.003396
2026-05-15 03:00:00+02:00,7.592,5.1165614,8.28,45.0,0.0,31360.0,6.1307654,13.326771
2026-05-15 04:00:00+02:00,7.192,6.1305785,12.959999,0.0,0.0,25640.0,7.1182017,12.320337
2026-05-15 05:00:00+02:00,7.042,2.8116899,9.36,0.0,0.0,32280.0,3.9200466,13.283339
2026-05-15 06:00:00+02:00,6.492,5.4833565,6.12,0.0,0.0,26340.0,2.577807,16.398428
2026-05-15 07:00:00+02:00,7.6419997,3.396233,5.7599998,0.0,0.0,29200.0,1.0189676,16.861752
2026-05-15 08:00:00+02:00,8.942,2.7416782,5.04,0.0,0.0,22640.0,2.278481,16.149862
2026-05-15 09:00:00+02:00,10.342,2.16,5.3999996,0.0,0.0,32040.0,4.2990294,13.0492525
2026-05-15 10:00:00+02:00,11.242001,2.7416782,6.4799995,31.0,0.0,35340.0,3.8667102,10.98112
2026-05-15 11:00:00+02:00,11.342,3.319036,6.12,45.0,0.0,38280.0,8.765491,9.310345
2026-05-15 12:00:00+02:00,11.292001,5.00128,10.08,46.0,0.1,33240.0,9.612922,7.0769506
2026-05-15 13:00:00+02:00,11.892,1.08,9.36,20.0,0.4,28320.0,8.062088,1.9627929
2026-05-15 14:00:00+02:00,11.342,1.2979984,7.92,6.0,0.3,38920.0,8.646228,7.2649856
2026-05-15 15:00:00+02:00,12.442,2.9024127,7.5599995,0.0,0.1,38980.0,7.34788,11.241167
2026-05-15 16:00:00+02:00,12.792001,6.489992,9.36,0.0,0.0,38340.0,4.844117,16.562065
2026-05-15 17:00:00+02:00,11.792001,7.342588,18.359999,48.0,0.0,37460.0,1.4410379,18.98945
2026-05-15 18:00:00+02:00,11.292001,7.172949,18.359999,65.0,0.1,35400.0,1.0189676,26.054182
2026-05-15 19:00:00+02:00,11.242001,2.5959969,11.5199995,9.0,0.1,34040.0,4.757608,29.093067
2026-05-15 20:00:00+02:00,10.992001,3.96,5.04,3.0,0.0,33820.0,9.394418,28.612377
2026-05-15 21:00:00+02:00,9.792001,1.835647,9.72,0.0,0.0,33860.0,10.725815,28.068626
2026-05-15 22:00:00+02:00,9.042001,0.71999997,3.6,0.0,0.0,32040.0,9.7416725,25.273579
2026-05-15 23:00:00+02:00,8.892,3.2599385,2.52,0.0,0.0,37820.0,13.270073,23.397612
2026-05-16 00:00:00+02:00,7.792,6.725354,12.599999,0.0,0.0,32220.0,15.57388,22.249796
2026-05-16 01:00:00+02:00,7.342,5.00128,10.799999,0.0,0.0,35460.0,11.987494,24.206896
2026-05-16 02:00:00+02:00,7.1419997,6.9527545,9.72,0.0,0.0,38080.0,13.4101715,19.251387
2026-05-16 03:00:00+02:00,6.842,5.95906,12.959999,0.0,0.0,38420.0,13.340306,20.632679
2026-05-16 04:00:00+02:00,6.492,5.1165614,10.08,0.0,0.0,37380.0,13.594724,26.054182
2026-05-16 05:00:00+02:00,6.942,7.968939,10.799999,0.0,0.0,39360.0,15.818631,23.364658
2026-05-16 06:00:00+02:00,6.742,7.8954163,15.119999,0.0,0.0,39340.0,15.148044,23.190878
2026-05-16 07:00:00+02:00,7.6419997,6.638072,13.679999,0.0,0.0,37880.0,13.701232,25.74927
2026-05-16 08:00:00+02:00,10.992001,7.69592,10.440001,0.0,0.0,40720.0,19.85288,20.035875
2026-05-16 09:00:00+02:00,13.192,7.928178,15.84,0.0,0.0,42240.0,23.074612,17.665136
2026-05-16 10:00:00+02:00,14.592,2.2768397,14.4,0.0,0.0,42740.0,16.111294,20.217718
2026-05-16 11:00:00+02:00,16.292,7.4128532,17.28,0.0,0.0,45580.0,17.90602,11.595439
2026-05-16 12:00:00+02:00,17.192,10.296251,21.24,0.0,0.0,46440.0,20.561947,6.8557405
2026-05-16 13:00:00+02:00,17.592,14.145756,27.0,0.0,0.0,48700.0,11.171529,20.52034
2026-05-16 14:00:00+02:00,18.392,16.311613,30.960001,0.0,0.0,49120.0,19.931175,16.386677
2026-05-16 15:00:00+02:00,18.741999,14.24163,31.68,0.0,0.0,48400.0,9.215885,23.364658
2026-05-16 16:00:00+02:00,19.092,9.9571085,27.359999,0.0,0.0,50240.0,7.34788,24.278408
2026-05-16 17:00:00+02:00,18.642,9.931042,18.0,0.0,0.0,50160.0,18.250618,14.648801
2026-05-16 18:00:00+02:00,18.092,9.957108,21.24,0.0,0.0,47920.0,21.13959,8.951714
2026-05-16 19:00:00+02:00,17.192,9.885262,20.519999,0.0,0.0,49800.0,15.5538645,8.6452055
2026-05-16 20:00:00+02:00,15.742001,10.365251,18.0,0.0,0.0,49440.0,17.777994,9.310345
2026-05-16 21:00:00+02:00,13.442,10.137692,20.880001,0.0,0.0,44800.0,12.303797,10.180067
2026-05-16 22:00:00+02:00,12.042001,7.9932966,18.0,0.0,0.0,43200.0,9.952556,18.877537
2026-05-16 23:00:00+02:00,12.342,9.83268,15.119999,0.0,0.0,44380.0,10.520563,14.948187
2026-05-17 00:00:00+02:00,11.692,9.178235,18.359999,0.0,0.0,43940.0,12.2276125,12.320337
2026-05-17 01:00:00+02:00,10.892,7.729527,16.199999,0.0,0.0,43220.0,13.949067,6.939521
2026-05-17 02:00:00+02:00,10.942,8.854829,15.119999,0.0,0.0,43140.0,13.670886,9.6356945
2026-05-17 03:00:00+02:00,10.342,8.39657,16.56,0.0,0.0,42680.0,14.836392,14.753624
2026-05-17 04:00:00+02:00,9.242001,7.7043357,15.4800005,0.0,0.0,41780.0,13.949067,19.716057
2026-05-17 05:00:00+02:00,8.592,6.439876,14.04,0.0,0.0,41700.0,13.246578,22.729446
2026-05-17 06:00:00+02:00,8.792001,6.6087217,12.599999,0.0,0.0,42020.0,10.004581,18.764957
2026-05-17 07:00:00+02:00,9.692,6.4096174,12.599999,0.0,0.0,41740.0,7.1182017,17.752157
2026-05-17 08:00:00+02:00,11.742001,4.6938252,10.440001,0.0,0.0,42020.0,3.8667102,9.950412
2026-05-17 09:00:00+02:00,13.342,4.452954,10.799999,0.0,0.0,42720.0,1.643036,8.068965
2026-05-17 10:00:00+02:00,14.992001,3.8939953,9.72,0.0,0.0,43920.0,0.0,7.8511715
2026-05-17 11:00:00+02:00,17.042,2.6208394,9.72,0.0,0.0,48420.0,5.543783,3.9255857
2026-05-17 12:00:00+02:00,18.491999,5.6002855,13.32,0.0,0.0,49940.0,13.223043,4.475857
2026-05-17 13:00:00+02:00,19.192,8.4963045,18.359999,0.0,0.0,49060.0,9.952556,7.499821
2026-05-17 14:00:00+02:00,19.942,9.220499,16.199999,0.0,0.0,51920.0,12.4380865,5.3031745
2026-05-17 15:00:00+02:00,20.542,7.729527,19.8,0.0,0.0,51600.0,12.864844,5.551616
2026-05-17 16:00:00+02:00,20.792,6.2145634,17.64,0.0,0.0,52160.0,11.392405,7.677507
2026-05-17 17:00:00+02:00,20.991999,3.9763298,12.959999,0.0,0.0,51880.0,12.4380865,12.289027
2026-05-17 18:00:00+02:00,20.442,2.2768397,6.8399997,0.0,0.0,46820.0,14.075039,14.153901
2026-05-17 19:00:00+02:00,20.042,2.5959969,5.7599998,0.0,0.0,47040.0,11.501252,13.166815
2026-05-17 20:00:00+02:00,18.892,3.6,7.92,0.0,0.0,46040.0,3.4704785,14.153901
2026-05-17 21:00:00+02:00,14.992001,5.634891,11.5199995,0.0,0.0,42360.0,3.757767,13.556066
2026-05-17 22:00:00+02:00,12.392,5.4119864,9.0,0.0,0.0,41060.0,4.323114,12.795845
2026-05-17 23:00:00+02:00,10.842,5.815978,9.0,0.0,0.0,40480.0,6.0797453,12.051613
2026-05-18 00:00:00+02:00,10.392,6.28713,11.159999,0.0,0.0,40540.0,9.215885,10.008319
2026-05-18 01:00:00+02:00,10.842,6.6185193,12.24,0.0,0.0,40620.0,4.57969,11.809426
2026-05-18 02:00:00+02:00,10.842,5.315336,7.5599995,0.0,0.0,39640.0,4.101266,12.795845
2026-05-18 03:00:00+02:00,11.092,6.12,7.92,0.0,0.0,39760.0,1.0189676,12.289027
2026-05-18 04:00:00+02:00,11.842,5.4833565,7.5599995,0.0,0.0,40440.0,0.64445174,19.390963
2026-05-18 05:00:00+02:00,10.542001,5.8603754,8.64,0.0,0.0,39440.0,1.0189676,15.665498
2026-05-18 06:00:00+02:00,10.492001,4.8433046,9.36,0.0,0.0,39860.0,1.643036,17.245792
2026-05-18 07:00:00+02:00,11.892,4.072935,8.28,0.0,0.0,39320.0,1.0189676,18.423088
2026-05-18 08:00:00+02:00,12.992001,2.52,6.12,0.0,0.0,38340.0,2.3236039,16.77011
2026-05-18 09:00:00+02:00,14.542001,1.8,9.36,11.0,0.0,39180.0,5.094838,18.042753
2026-05-18 10:00:00+02:00,15.992001,0.35999998,9.0,0.0,0.0,40740.0,4.2990294,13.612786
2026-05-18 11:00:00+02:00,16.142,2.6208394,3.6,0.0,0.0,41260.0,5.7641516,10.569963
2026-05-18 12:00:00+02:00,16.842,5.0142193,15.4800005,15.0,0.0,42220.0,6.524576,10.839878
2026-05-18 13:00:00+02:00,15.742001,5.04,12.959999,27.0,0.1,40060.0,7.20519,9.950412
2026-05-18 14:00:00+02:00,16.042,12.261157,23.039999,0.0,0.3,23920.0,10.520564,11.809426
2026-05-18 15:00:00+02:00,16.892,2.4149535,21.599998,0.0,0.2,40600.0,4.488087,13.283339
2026-05-18 16:00:00+02:00,17.342,4.5536795,10.440001,0.0,0.0,41140.0,3.286072,13.427569
2026-05-18 17:00:00+02:00,18.442,5.4833565,11.159999,0.0,0.0,42100.0,9.482423,11.394346
2026-05-18 18:00:00+02:00,18.192,5.5887027,14.759999,0.0,0.0,42740.0,13.9118,13.398848
2026-05-18 19:00:00+02:00,17.542,15.629972,29.519999,0.0,0.0,41360.0,15.209606,11.776757
2026-05-18 20:00:00+02:00,15.642,10.829959,31.319998,37.0,0.0,40300.0,9.394418,11.326523
2026-05-18 21:00:00+02:00,14.392,3.319036,18.0,48.0,0.0,38760.0,2.6571426,11.939203
2026-05-18 22:00:00+02:00,12.842,4.39436,7.2,15.0,0.0,35460.0,3.89347,6.2068963
2026-05-18 23:00:00+02:00,11.942,3.7064266,7.5599995,0.0,0.0,36700.0,6.444517,2.2379284
2026-05-19 00:00:00+02:00,12.492001,3.7585104,4.68,0.0,0.0,39100.0,10.118097,3.3425157
2026-05-19 01:00:00+02:00,11.042001,5.6920996,9.36,0.0,0.0,36540.0,10.391472,3.1034482
2026-05-19 02:00:00+02:00,11.292001,3.8773184,10.08,0.0,0.0,38420.0,9.113924,1.387904
2026-05-19 03:00:00+02:00,11.392,4.39436,6.4799995,0.0,0.0,39420.0,6.1307654,2.6333632
2026-05-19 04:00:00+02:00,10.742001,4.6102495,6.8399997,0.0,0.0,39960.0,3.9200466,5.7224755
2026-05-19 05:00:00+02:00,9.242001,4.8433046,6.12,0.0,0.0,40040.0,3.5591009,6.390391
2026-05-19 06:00:00+02:00,9.092,3.8939953,7.92,0.0,0.0,40200.0,2.453999,5.855574
2026-05-19 07:00:00+02:00,9.992001,4.39436,7.5599995,0.0,0.0,39260.0,3.9200466,3.5111506
2026-05-19 08:00:00+02:00,12.092,2.8799999,5.7599998,0.0,0.0,36040.0,3.8667102,3.6192114
2026-05-19 09:00:00+02:00,13.892,2.8116899,6.12,0.0,0.0,36900.0,1.8788835,3.9255857
2026-05-19 10:00:00+02:00,15.942,3.319036,5.3999996,0.0,0.0,40840.0,1.8227848,3.7755077
2026-05-19 11:00:00+02:00,17.642,1.9386592,4.68,0.0,0.0,41860.0,3.1898732,2.775808
2026-05-19 12:00:00+02:00,18.542,5.8603754,7.5599995,0.0,0.0,42700.0,4.201311,1.7555753
2026-05-19 13:00:00+02:00,19.042,4.896529,10.799999,0.0,0.0,42480.0,6.47666,2.775808
2026-05-19 14:00:00+02:00,19.842,7.145796,13.32,0.0,0.0,42720.0,11.031237,5.00416
2026-05-19 15:00:00+02:00,20.942,6.4096174,16.56,0.0,0.0,43120.0,11.4288025,4.9655166
2026-05-19 16:00:00+02:00,21.292,6.8777895,14.759999,0.0,0.0,43600.0,9.784211,8.886923
2026-05-19 17:00:00+02:00,20.842,6.9153743,15.119999,0.0,0.0,42940.0,5.8000655,13.093462
2026-05-19 18:00:00+02:00,20.542,6.4096174,13.679999,0.0,0.0,42620.0,5.3142853,10.027549
2026-05-19 19:00:00+02:00,20.342,4.1046314,12.959999,0.0,0.0,41800.0,4.844117,11.189642
2026-05-19 20:00:00+02:00,19.491999,0.35999998,7.2,0.0,0.0,41640.0,3.0569031,15.329903
2026-05-19 21:00:00+02:00,16.092,5.8048253,10.440001,0.0,0.0,39520.0,4.2990294,15.367554
2026-05-19 22:00:00+02:00,13.842,5.506941,9.72,0.0,0.0,37260.0,3.2222586,18.25503
2026-05-19 23:00:00+02:00,13.542001,5.8603754,8.64,0.0,0.0,37500.0,3.5591009,20.864775
2026-05-20 00:00:00+02:00,12.942,6.28713,8.64,0.0,0.0,36640.0,5.333787,23.635157
2026-05-20 01:00:00+02:00,12.492001,6.379216,9.0,0.0,0.0,35220.0,3.286072,22.965515
2026-05-20 02:00:00+02:00,13.142,4.510787,6.4799995,0.0,0.0,36140.0,5.468354,25.92076
2026-05-20 03:00:00+02:00,12.942,3.319036,7.2,0.0,0.0,37280.0,3.3175182,18.631031
2026-05-20 04:00:00+02:00,13.642,5.4477882,5.7599998,0.0,0.0,39780.0,2.0379353,15.025306
2026-05-20 05:00:00+02:00,11.792001,5.692099,7.5599995,0.0,0.0,37380.0,3.5591009,13.427569
2026-05-20 06:00:00+02:00,11.892,4.8965297,8.28,0.0,0.0,36000.0,3.4704785,17.245792
2026-05-20 07:00:00+02:00,13.692,3.8268526,6.8399997,0.0,0.0,38900.0,4.1265044,18.339252
2026-05-20 08:00:00+02:00,15.542001,2.1897945,4.68,0.0,0.0,36960.0,3.2222586,21.375526
2026-05-20 09:00:00+02:00,17.092,1.609969,5.7599998,0.0,0.0,38840.0,3.4704785,18.877537
2026-05-20 10:00:00+02:00,18.692,3.219938,8.28,0.0,0.0,40080.0,1.2889035,17.566723
2026-05-20 11:00:00+02:00,19.642,1.9386592,6.8399997,0.0,0.0,40420.0,5.7641516,16.185604
2026-05-20 12:00:00+02:00,20.692,1.2979984,5.7599998,0.0,0.0,41100.0,4.6472077,15.367554
2026-05-20 13:00:00+02:00,22.142,3.4152596,10.440001,0.0,0.0,42420.0,5.0333285,17.043554
2026-05-20 14:00:00+02:00,22.892,4.1046314,9.36,0.0,0.0,42980.0,4.757608,21.357496
2026-05-20 15:00:00+02:00,22.942,5.771239,12.599999,0.0,0.0,42840.0,4.556962,22.041039
2026-05-20 16:00:00+02:00,23.892,4.8433046,17.28,0.0,0.0,43080.0,10.490913,29.179014
2026-05-20 17:00:00+02:00,25.042,4.0249224,9.72,0.0,0.0,45980.0,22.104788,26.776121
2026-05-20 18:00:00+02:00,24.692,6.2145634,15.84,0.0,0.0,44120.0,26.371386,32.667385
2026-05-20 19:00:00+02:00,23.942,5.692099,12.24,0.0,0.0,44620.0,23.661121,32.281826
2026-05-20 20:00:00+02:00,21.442,8.4963045,12.599999,0.0,0.0,44920.0,20.63252,30.991003
2026-05-20 21:00:00+02:00,18.491999,7.386582,16.919998,0.0,0.0,42760.0,20.465782,31.465965
2026-05-20 22:00:00+02:00,16.842,6.618519,14.04,0.0,0.0,41640.0,13.223043,30.816475
2026-05-20 23:00:00+02:00,16.491999,7.7043357,12.959999,0.0,0.0,42060.0,15.031068,27.563091
2026-05-21 00:00:00+02:00,15.642,6.489992,14.04,0.0,0.0,41400.0,15.099987,25.319267
2026-05-21 01:00:00+02:00,14.742001,7.491114,13.32,0.0,0.0,40860.0,13.739071,22.593443
2026-05-21 02:00:00+02:00,14.742001,7.10031,15.119999,0.0,0.0,40620.0,17.90602,16.185604
2026-05-21 03:00:00+02:00,14.292001,6.638072,13.32,0.0,0.0,40360.0,15.031068,16.292364
2026-05-21 04:00:00+02:00,12.992001,6.4096174,11.5199995,0.0,0.0,39260.0,11.528303,19.281382
2026-05-21 05:00:00+02:00,12.442,7.24486,11.879999,0.0,0.0,38740.0,15.419778,19.62793
2026-05-21 06:00:00+02:00,12.242001,5.904439,12.24,0.0,0.0,39020.0,13.708808,21.830282
2026-05-21 07:00:00+02:00,12.692,6.439876,11.879999,0.0,0.0,34280.0,10.411436,22.180428
2026-05-21 08:00:00+02:00,15.942,3.219938,11.5199995,0.0,0.0,37260.0,11.528303,23.98305
2026-05-21 09:00:00+02:00,18.741999,3.8268526,8.28,0.0,0.0,40740.0,9.294415,27.875805
2026-05-21 10:00:00+02:00,19.942,3.096837,7.92,0.0,0.0,41420.0,6.198138,29.494188
2026-05-21 11:00:00+02:00,22.491999,2.5455842,6.8399997,0.0,0.0,43620.0,4.2990294,29.799566
2026-05-21 12:00:00+02:00,24.042,2.52,7.2,0.0,0.0,43260.0,2.6571426,26.71851
2026-05-21 13:00:00+02:00,24.942,4.510787,7.2,0.0,0.0,43040.0,1.643036,27.422962
2026-05-21 14:00:00+02:00,25.741999,5.506941,7.92,0.0,0.0,46520.0,1.4410379,24.491692
2026-05-21 15:00:00+02:00,26.392,6.2145634,10.440001,0.0,0.0,46540.0,3.3175182,22.041037
2026-05-21 16:00:00+02:00,26.592,7.172949,9.0,0.0,0.0,46980.0,5.155614,27.937927
2026-05-21 17:00:00+02:00,27.142,4.379589,12.959999,0.0,0.0,49300.0,5.6366506,26.754532
2026-05-21 18:00:00+02:00,26.842,3.9763298,10.440001,0.0,0.0,47100.0,5.195736,24.405024
2026-05-21 19:00:00+02:00,26.292,2.2768397,7.5599995,0.0,0.0,44780.0,3.286072,25.020798
2026-05-21 20:00:00+02:00,24.692,4.73506,3.96,0.0,0.0,43140.0,7.866535,19.400894
2026-05-21 21:00:00+02:00,19.442,5.5887027,9.0,0.0,0.0,40460.0,5.9240503,19.490047
2026-05-21 22:00:00+02:00,16.942,6.130579,10.08,0.0,0.0,38920.0,1.643036,18.785477
2026-05-21 23:00:00+02:00,16.192,6.5693827,9.0,0.0,0.0,39380.0,3.2222586,17.043554
2026-05-22 00:00:00+02:00,15.492001,5.937272,8.64,0.0,0.0,38440.0,3.3175182,16.327795
2026-05-22 01:00:00+02:00,15.342,6.725354,7.5599995,0.0,0.0,38400.0,3.2222586,16.94153
2026-05-22 02:00:00+02:00,14.992001,6.6185193,6.8399997,0.0,0.0,37220.0,2.0379353,11.41124
2026-05-22 03:00:00+02:00,14.942,6.6185193,8.28,0.0,0.0,36980.0,1.8788835,10.236675
2026-05-22 04:00:00+02:00,14.942,5.3517847,6.8399997,0.0,0.0,37380.0,1.8788835,11.444951
2026-05-22 05:00:00+02:00,14.742001,5.1165614,5.7599998,0.0,0.0,38300.0,2.0379353,13.0492525
2026-05-22 06:00:00+02:00,15.342,3.396233,6.8399997,0.0,0.0,39500.0,1.8227848,12.475707
2026-05-22 07:00:00+02:00,16.592,2.7416782,3.96,0.0,0.0,40260.0,0.64445174,9.454063
2026-05-22 08:00:00+02:00,17.842,3.2399998,5.7599998,38.0,0.0,36540.0,2.577807,7.4740934
2026-05-22 09:00:00+02:00,19.892,4.510787,8.28,6.0,0.0,38520.0,2.278481,8.711794
2026-05-22 10:00:00+02:00,21.842,3.396233,9.0,0.0,0.0,40460.0,1.0189676,9.331011
2026-05-22 11:00:00+02:00,23.491999,1.484318,6.12,0.0,0.0,41560.0,2.0379353,9.227215
2026-05-22 12:00:00+02:00,24.991999,2.5455842,4.68,0.0,0.0,41920.0,2.0379353,10.4046545
2026-05-22 13:00:00+02:00,25.792,6.6185193,7.92,0.0,0.0,42940.0,3.4704785,13.370063
2026-05-22 14:00:00+02:00,26.642,5.937272,11.879999,0.0,0.0,42680.0,2.453999,13.166815
2026-05-22 15:00:00+02:00,27.442,7.289444,10.08,0.0,0.0,44840.0,4.757608,16.13793
2026-05-22 16:00:00+02:00,27.741999,7.4128532,16.919998,0.0,0.0,44560.0,5.8357587,19.28138
2026-05-22 17:00:00+02:00,28.092,6.2145634,16.199999,0.0,0.0,46040.0,1.0189676,18.096056
2026-05-22 18:00:00+02:00,27.942,3.671294,13.679999,0.0,0.0,44820.0,0.9113924,17.654228
2026-05-22 19:00:00+02:00,27.292,4.2136917,8.64,0.0,0.0,43840.0,1.4410379,18.672342
2026-05-22 20:00:00+02:00,25.792,2.0991426,7.92,0.0,0.0,42040.0,3.67394,6.939521
2026-05-22 21:00:00+02:00,21.592,5.4119864,9.72,0.0,0.0,40380.0,4.101266,3.1649084
2026-05-22 22:00:00+02:00,19.142,6.162207,8.64,0.0,0.0,39020.0,6.0797453,6.2378535
2026-05-22 23:00:00+02:00,18.142,5.0528407,7.5599995,0.0,0.0,39160.0,6.347113,5.6205835
2026-05-23 00:00:00+02:00,17.592,5.771239,9.72,0.0,0.0,38460.0,7.958392,3.6192114
2026-05-23 01:00:00+02:00,17.192,5.8048253,9.72,0.0,0.0,37820.0,4.323114,2.4827583
2026-05-23 02:00:00+02:00,16.692,5.506941,8.28,0.0,0.0,35580.0,2.577807,2.2379284
2026-05-23 03:00:00+02:00,16.392,5.3517847,6.12,0.0,0.0,33380.0,2.0379353,3.5111506
2026-05-23 04:00:00+02:00,16.342,5.6920996,5.7599998,0.0,0.0,32960.0,0.9113924,4.8477407
2026-05-23 05:00:00+02:00,16.242,3.096837,5.7599998,43.0,0.0,35620.0,1.0189676,4.1637125
2026-05-23 06:00:00+02:00,16.642,2.5959969,3.6,44.0,0.0,37780.0,1.2889035,6.2378535
2026-05-23 07:00:00+02:00,17.442,2.52,2.8799999,23.0,0.0,38100.0,1.643036,6.939521
2026-05-23 08:00:00+02:00,19.092,1.484318,3.96,44.0,0.0,33640.0,2.9178793,10.027549
2026-05-23 09:00:00+02:00,20.991999,1.4399999,4.32,13.0,0.0,39200.0,2.453999,11.987508
2026-05-23 10:00:00+02:00,22.792,1.1384199,3.6,0.0,0.0,39980.0,1.4410379,13.0492525
2026-05-23 11:00:00+02:00,24.342,3.396233,3.6,0.0,0.0,40720.0,2.278481,12.226168
2026-05-23 12:00:00+02:00,25.491999,5.4477882,6.12,0.0,0.0,41260.0,1.643036,15.329903
2026-05-23 13:00:00+02:00,26.592,6.725354,8.28,0.0,0.0,41280.0,2.6571426,18.599987
2026-05-23 14:00:00+02:00,27.192,7.072878,10.08,0.0,0.0,41800.0,2.0379353,15.665498
2026-05-23 15:00:00+02:00,27.942,7.8625183,10.08,0.0,0.0,42440.0,1.3670886,16.398428
2026-05-23 16:00:00+02:00,28.542,6.9527545,11.5199995,0.0,0.0,42900.0,3.3175182,19.430658
2026-05-23 17:00:00+02:00,28.642,5.4477882,15.119999,0.0,0.0,42960.0,2.278481,19.98775
2026-05-23 18:00:00+02:00,28.442,4.452954,12.959999,0.0,0.0,43000.0,1.8788835,22.249796
2026-05-23 19:00:00+02:00,27.892,3.671294,9.0,0.0,0.0,42440.0,3.1898732,21.375526
2026-05-23 20:00:00+02:00,26.241999,4.3349743,7.92,0.0,0.0,41060.0,8.377872,15.012479
2026-05-23 21:00:00+02:00,21.542,6.28713,10.799999,0.0,0.0,38980.0,10.520563,9.813965
2026-05-23 22:00:00+02:00,19.592,5.5887027,11.159999,0.0,0.0,37600.0,7.34788,10.027549
2026-05-23 23:00:00+02:00,19.692,4.1046314,10.08,0.0,0.0,38300.0,4.6916795,6.2068963
2026-05-24 00:00:00+02:00,18.442,4.73506,7.5599995,0.0,0.0,35200.0,2.3236039,8.777877
2026-05-24 01:00:00+02:00,18.542,6.4799995,8.28,0.0,0.0,35620.0,3.286072,10.606349
2026-05-24 02:00:00+02:00,18.092,4.73506,9.72,3.0,0.0,31300.0,5.6366506,10.839878
2026-05-24 03:00:00+02:00,17.642,6.130579,8.64,0.0,0.0,27820.0,5.094838,9.695481
2026-05-24 04:00:00+02:00,17.142,5.5887027,6.8399997,0.0,0.0,27080.0,3.5591009,8.951714
2026-05-24 05:00:00+02:00,16.842,4.510787,5.7599998,11.0,0.0,20440.0,3.67394,9.454063
2026-05-24 06:00:00+02:00,17.292,3.5455887,6.12,15.0,0.0,26320.0,4.2990294,13.196042
2026-05-24 07:00:00+02:00,18.991999,3.4152596,5.04,0.0,0.0,33080.0,4.2990294,14.072007
2026-05-24 08:00:00+02:00,21.042,2.1897945,5.04,0.0,0.0,36840.0,6.1307654,15.367554
2026-05-24 09:00:00+02:00,22.192,2.5455842,6.4799995,0.0,0.0,37860.0,5.709857,14.072007
2026-05-24 10:00:00+02:00,24.042,2.52,6.8399997,0.0,0.0,40380.0,3.1898732,13.948265
2026-05-24 11:00:00+02:00,25.692,2.2768397,5.7599998,0.0,0.0,41680.0,3.2222586,15.861018
2026-05-24 12:00:00+02:00,26.692,6.519877,7.5599995,0.0,0.0,42840.0,1.643036,15.665498
2026-05-24 13:00:00+02:00,27.842,7.342588,9.36,0.0,0.0,43640.0,2.278481,16.527136
2026-05-24 14:00:00+02:00,28.542,6.9899354,12.24,0.0,0.0,43200.0,2.278481,15.824544
2026-05-24 15:00:00+02:00,29.241999,7.628263,11.879999,4.0,0.0,43980.0,3.9200466,17.903427
2026-05-24 16:00:00+02:00,29.741999,8.0899935,15.4800005,3.0,0.0,42460.0,7.205189,18.877537
2026-05-24 17:00:00+02:00,29.792,6.9247384,17.64,0.0,0.0,42180.0,5.8000655,21.71527
2026-05-24 18:00:00+02:00,29.692,4.39436,14.04,0.0,0.0,42360.0,6.835443,20.01664
2026-05-24 19:00:00+02:00,29.442,2.5959969,9.36,7.0,0.0,42580.0,8.402622,19.171173
2026-05-24 20:00:00+02:00,27.991999,2.5455842,4.68,0.0,0.0,42040.0,6.524576,14.181093
2026-05-24 21:00:00+02:00,23.942,4.73506,8.64,6.0,0.0,40060.0,5.468354,13.152178
2026-05-24 22:00:00+02:00,21.491999,5.8048253,8.28,0.0,0.0,38420.0,5.941551,11.103232
2026-05-24 23:00:00+02:00,20.692,4.73506,7.92,50.0,0.0,36840.0,5.9240503,8.951714
2026-05-25 00:00:00+02:00,19.991999,5.4119864,7.92,20.0,0.0,35600.0,6.1138062,6.2068963
2026-05-25 01:00:00+02:00,19.741999,5.937272,8.64,0.0,0.0,35800.0,2.9178793,3.9743526
2026-05-25 02:00:00+02:00,20.292,5.2416787,6.8399997,20.0,0.0,37440.0,4.201311,2.5591688
2026-05-25 03:00:00+02:00,20.542,4.072935,7.5599995,4.0,0.0,38420.0,2.3236039,5.0041595
2026-05-25 04:00:00+02:00,20.442,5.315336,5.7599998,0.0,0.0,39240.0,2.453999,5.5862064
2026-05-25 05:00:00+02:00,19.542,4.5820518,6.4799995,0.0,0.0,37660.0,2.278481,9.392738
2026-05-25 06:00:00+02:00,19.342,5.1165614,8.28,0.0,0.0,36360.0,3.2222586,9.392738
2026-05-25 07:00:00+02:00,20.491999,5.4833565,9.72,0.0,0.0,35540.0,4.201311,8.092802
2026-05-25 08:00:00+02:00,22.192,0.8049845,8.64,0.0,0.0,36640.0,4.6916795,7.4740934
2026-05-25 09:00:00+02:00,24.192,3.396233,6.12,0.0,0.0,40600.0,3.9200466,8.689655
2026-05-25 10:00:00+02:00,25.692,3.396233,6.12,0.0,0.0,41580.0,4.201311,8.092802
2026-05-25 11:00:00+02:00,26.991999,1.1384199,6.12,0.0,0.0,42200.0,2.8820758,6.113084
2026-05-25 12:00:00+02:00,28.342,4.68,5.3999996,0.0,0.0,42700.0,1.643036,7.499821
2026-05-25 13:00:00+02:00,29.392,6.9899354,8.28,0.0,0.0,42840.0,1.4410379,8.6452055
2026-05-25 14:00:00+02:00,29.892,7.342588,10.799999,0.0,0.0,42520.0,1.3670886,13.948265
2026-05-25 15:00:00+02:00,30.692,6.763786,15.4800005,0.0,0.0,43640.0,3.9200466,13.948265
2026-05-25 16:00:00+02:00,31.241999,5.315336,14.04,0.0,0.0,43880.0,6.728273,14.922391
2026-05-25 17:00:00+02:00,30.842,5.634891,14.759999,0.0,0.0,43320.0,4.9291077,14.753624
2026-05-25 18:00:00+02:00,30.642,3.396233,11.159999,0.0,0.0,43240.0,2.7718916,19.040104
2026-05-25 19:00:00+02:00,30.142,2.5455842,7.5599995,0.0,0.0,42860.0,4.0758705,18.042753
2026-05-25 20:00:00+02:00,28.642,2.968636,5.7599998,0.0,0.0,41960.0,4.6916795,13.612786
2026-05-25 21:00:00+02:00,23.942,6.162207,9.36,0.0,0.0,40360.0,5.941551,8.951714
2026-05-25 22:00:00+02:00,21.692,7.072878,10.440001,0.0,0.0,40000.0,2.0379353,8.622896
2026-05-25 23:00:00+02:00,21.442,6.489992,10.440001,0.0,0.0,39460.0,2.3236039,7.2649856
2026-05-26 00:00:00+02:00,21.542,6.28713,6.8399997,0.0,0.0,40540.0,0.4556962,4.3448277
2026-05-26 01:00:00+02:00,21.491999,5.6920996,6.4799995,0.0,0.0,40320.0,1.8227848,3.1034482
2026-05-26 02:00:00+02:00,20.991999,6.696387,5.7599998,0.0,0.0,40260.0,3.286072,3.1034482
2026-05-26 03:00:00+02:00,20.842,5.315336,9.0,0.0,0.0,39880.0,4.2990294,4.1637125
2026-05-26 04:00:00+02:00,21.342,5.00128,7.92,0.0,0.0,40580.0,4.2990294,5.0041595
2026-05-26 05:00:00+02:00,20.842,4.5820518,6.8399997,0.0,0.0,40000.0,3.4704785,5.0041595
2026-05-26 06:00:00+02:00,20.642,4.6102495,6.8399997,0.0,0.0,39880.0,2.453999,5.1183376
2026-05-26 07:00:00+02:00,21.991999,4.0249224,6.4799995,0.0,0.0,39700.0,1.4410379,5.7224755
2026-05-26 08:00:00+02:00,22.292,3.4152596,6.12,0.0,0.0,36920.0,2.0379353,5.6205835
2026-05-26 09:00:00+02:00,23.991999,3.671294,7.5599995,0.0,0.0,38500.0,3.286072,8.068965
2026-05-26 10:00:00+02:00,26.142,3.4152596,7.5599995,0.0,0.0,41340.0,2.453999,8.777877
2026-05-26 11:00:00+02:00,27.491999,1.2979984,7.2,0.0,0.0,43340.0,3.5591009,9.164372
2026-05-26 12:00:00+02:00,29.042,3.6,7.5599995,0.0,0.0,44420.0,4.488087,8.622896
2026-05-26 13:00:00+02:00,29.991999,6.519877,9.0,0.0,0.0,45400.0,5.8000655,8.068965
2026-05-26 14:00:00+02:00,30.342,4.896529,16.199999,0.0,0.0,43300.0,8.765491,8.092802
2026-05-26 15:00:00+02:00,31.092,6.297428,14.4,0.0,0.0,44840.0,11.124962,10.008319
2026-05-26 16:00:00+02:00,31.692,9.387651,20.519999,0.0,0.0,45680.0,16.335295,11.326523
2026-05-26 17:00:00+02:00,31.741999,4.1046314,18.359999,0.0,0.0,45820.0,8.377872,18.25503
2026-05-26 18:00:00+02:00,31.392,7.9932966,16.199999,0.0,0.0,45020.0,11.501252,15.329903
2026-05-26 19:00:00+02:00,30.792,2.968636,16.199999,0.0,0.0,43700.0,8.765491,12.226168
2026-05-26 20:00:00+02:00,28.842,3.2399998,9.36,0.0,0.0,41280.0,7.78694,13.948265
2026-05-26 21:00:00+02:00,24.842,6.924738,11.879999,0.0,0.0,40580.0,4.511162,11.444951
2026-05-26 22:00:00+02:00,22.892,6.28713,11.879999,0.0,0.0,40640.0,4.556962,9.227215
2026-05-26 23:00:00+02:00,22.642,6.439876,8.28,0.0,0.0,38940.0,3.9200466,7.0769506
2026-05-27 00:00:00+02:00,22.292,5.95906,9.72,0.0,0.0,38600.0,3.0569031,4.7270317
2026-05-27 01:00:00+02:00,22.392,5.3517847,8.28,0.0,0.0,39040.0,3.757767,6.48019
2026-05-27 02:00:00+02:00,21.642,5.3517847,9.0,0.0,0.0,37240.0,2.0379353,8.777877
2026-05-27 03:00:00+02:00,21.692,4.3349743,8.64,0.0,0.0,38280.0,3.67394,13.0492525
2026-05-27 04:00:00+02:00,21.792,4.829907,6.4799995,0.0,0.0,38960.0,4.57969,14.896551
2026-05-27 05:00:00+02:00,21.542,4.6102495,6.4799995,0.0,0.0,39680.0,3.757767,15.012479
2026-05-27 06:00:00+02:00,21.292,3.6,6.12,0.0,0.0,39440.0,3.757767,14.153901
2026-05-27 07:00:00+02:00,22.241999,4.6102495,5.7599998,0.0,0.0,39260.0,4.101266,12.795844
2026-05-27 08:00:00+02:00,23.192,1.4399999,5.7599998,0.0,0.0,35580.0,3.9200466,7.948705
2026-05-27 09:00:00+02:00,24.741999,2.4149535,5.3999996,0.0,0.0,38560.0,4.0758705,7.022301
2026-05-27 10:00:00+02:00,26.442,2.0991426,6.12,0.0,0.0,40380.0,1.3670886,7.0769506
2026-05-27 11:00:00+02:00,27.692,1.8,4.68,0.0,0.0,41500.0,1.3670886,8.092802
2026-05-27 12:00:00+02:00,29.542,1.484318,5.04,0.0,0.0,42840.0,2.3236039,10.180067
2026-05-27 13:00:00+02:00,30.692,4.32,5.3999996,0.0,0.0,43400.0,3.1898732,12.735487
2026-05-27 14:00:00+02:00,31.042,9.565437,8.28,0.0,0.0,45740.0,4.323114,9.695481
2026-05-27 15:00:00+02:00,30.991999,10.182337,21.599998,0.0,0.1,44840.0,5.094838,11.241167
2026-05-27 16:00:00+02:00,32.292,4.1046314,18.359999,0.0,0.0,45920.0,7.3053656,23.03252
2026-05-27 17:00:00+02:00,32.242,3.2599385,12.959999,0.0,0.0,43100.0,7.3053656,19.400894
2026-05-27 18:00:00+02:00,31.991999,4.510787,11.879999,0.0,0.0,43860.0,2.6571426,19.62793
2026-05-27 19:00:00+02:00,31.092,2.4149535,8.28,0.0,0.0,42420.0,2.3236039,19.62793
2026-05-27 20:00:00+02:00,28.442,5.0911684,6.4799995,0.0,0.0,40440.0,9.65603,15.517241
2026-05-27 21:00:00+02:00,25.692,8.225035,14.04,0.0,0.0,41500.0,6.3960004,18.0
2026-05-27 22:00:00+02:00,24.991999,7.653705,14.759999,0.0,0.0,43160.0,11.02182,22.593443
2026-05-27 23:00:00+02:00,25.142,7.145796,14.04,0.0,0.0,45000.0,13.246579,17.752157
2026-05-28 00:00:00+02:00,23.942,7.729527,15.119999,0.0,0.0,44760.0,13.859459,17.566723
2026-05-28 01:00:00+02:00,22.442,8.0899935,14.4,0.0,0.0,43180.0,14.723995,15.367554
2026-05-28 02:00:00+02:00,21.892,6.989936,15.4800005,0.0,0.0,42720.0,13.464261,12.226168
2026-05-28 03:00:00+02:00,21.292,7.754637,14.04,0.0,0.0,42340.0,14.038106,10.714764
2026-05-28 04:00:00+02:00,19.692,7.289445,13.679999,0.0,0.0,41240.0,10.802979,11.809426
2026-05-28 05:00:00+02:00,20.142,7.289445,12.599999,0.0,0.0,41340.0,14.075039,13.655171
2026-05-28 06:00:00+02:00,19.092,6.6087217,14.4,0.0,0.0,40620.0,11.4288025,14.948187
2026-05-28 07:00:00+02:00,19.142,5.991594,11.879999,0.0,0.0,38340.0,10.004581,14.003396
2026-05-28 08:00:00+02:00,22.142,5.3517847,10.440001,0.0,0.0,39720.0,11.392405,12.5526705
2026-05-28 09:00:00+02:00,25.192,4.73506,9.72,0.0,0.0,38760.0,8.753638,12.367153
2026-05-28 10:00:00+02:00,26.592,3.6,10.799999,0.0,0.0,42200.0,8.476439,11.595439
2026-05-28 11:00:00+02:00,28.741999,5.00128,8.28,0.0,0.0,45540.0,8.21518,12.051613
2026-05-28 12:00:00+02:00,30.592,4.6800003,11.159999,0.0,0.0,48720.0,2.278481,12.241913
2026-05-28 13:00:00+02:00,31.892,2.8799999,8.28,0.0,0.0,48260.0,2.577807,11.809426
2026-05-28 14:00:00+02:00,31.991999,6.5693827,9.72,0.0,0.0,52880.0,7.7334204,11.939204
2026-05-28 15:00:00+02:00,32.942,1.484318,12.959999,0.0,0.0,50800.0,8.151741,14.753624
2026-05-28 16:00:00+02:00,33.242,3.396233,8.64,0.0,0.0,50640.0,7.4739733,25.020798
2026-05-28 17:00:00+02:00,32.642002,4.6800003,11.159999,0.0,0.0,50300.0,8.84802,23.040882
2026-05-28 18:00:00+02:00,32.542,1.8,9.0,0.0,0.0,52480.0,12.065196,26.428555
2026-05-28 19:00:00+02:00,31.392,3.7585104,6.4799995,0.0,0.0,50040.0,9.515216,19.120867
2026-05-28 20:00:00+02:00,28.792,11.298495,16.56,0.0,0.0,51600.0,20.055809,7.238423
2026-05-28 21:00:00+02:00,26.241999,9.826088,21.599998,0.0,0.0,49760.0,12.337506,14.529971
2026-05-28 22:00:00+02:00,24.642,9.422101,33.48,0.0,0.0,42420.0,7.20519,16.102081
2026-05-28 23:00:00+02:00,23.491999,5.1919937,13.679999,0.0,0.0,39660.0,1.4410379,13.370063
2026-05-29 00:00:00+02:00,20.642,2.5959969,18.0,0.0,0.0,41160.0,13.525812,15.824542
2026-05-29 01:00:00+02:00,20.842,5.815978,11.879999,0.0,0.0,40000.0,19.852879,17.555754
2026-05-29 02:00:00+02:00,20.442,7.5170207,12.24,0.0,0.0,43240.0,18.70576,14.922391
2026-05-29 03:00:00+02:00,20.442,8.089993,15.84,0.0,0.0,44620.0,16.952879,11.172413
2026-05-29 04:00:00+02:00,19.592,6.9527545,14.4,0.0,0.0,43460.0,17.795506,2.4827583
2026-05-29 05:00:00+02:00,18.792,7.754637,12.599999,0.0,0.0,42780.0,16.124176,5.5862064
2026-05-29 06:00:00+02:00,18.092,5.904439,14.759999,0.0,0.0,42020.0,11.4288025,3.3425157
2026-05-29 07:00:00+02:00,19.342,5.634891,11.5199995,0.0,0.0,41220.0,10.936708,8.951714
2026-05-29 08:00:00+02:00,21.142,4.32,8.28,0.0,0.0,39780.0,4.2990294,8.622896
2026-05-29 09:00:00+02:00,23.192,6.6185193,13.679999,0.0,0.0,39040.0,0.4556962,7.5510154
2026-05-29 10:00:00+02:00,24.692,5.692099,13.32,0.0,0.0,40820.0,5.012658,8.092802
2026-05-29 11:00:00+02:00,26.042,5.815978,13.32,0.0,0.0,41040.0,6.895935,8.442291
2026-05-29 12:00:00+02:00,27.092,5.8048253,13.32,0.0,0.0,41380.0,4.907998,9.813965
2026-05-29 13:00:00+02:00,28.292,7.289445,16.199999,0.0,0.0,43480.0,9.666777,10.678748
2026-05-29 14:00:00+02:00,28.592,7.386582,19.08,0.0,0.0,44720.0,13.949067,15.665498
2026-05-29 15:00:00+02:00,29.542,8.669949,19.08,0.0,0.0,48880.0,15.318443,13.948265
2026-05-29 16:00:00+02:00,30.292,9.0,19.08,0.0,0.0,51580.0,16.182028,22.180428
2026-05-29 17:00:00+02:00,30.241999,6.1094027,21.24,0.0,0.0,46520.0,17.177994,27.653793
2026-05-29 18:00:00+02:00,29.991999,1.609969,10.799999,0.0,0.0,43120.0,8.987734,28.178215
2026-05-29 19:00:00+02:00,28.991999,1.609969,5.3999996,0.0,0.0,42740.0,8.598059,24.989985
2026-05-29 20:00:00+02:00,27.642,2.968636,3.6,0.0,0.0,42060.0,5.094838,28.266945
2026-05-29 21:00:00+02:00,24.192,5.8048253,10.08,0.0,0.0,40860.0,5.0333285,21.546066
2026-05-29 22:00:00+02:00,21.442,5.4477882,9.72,0.0,0.0,39260.0,7.205189,18.516953
2026-05-29 23:00:00+02:00,20.542,5.3999996,7.92,27.0,0.0,39540.0,5.6366506,9.931033
2026-05-30 00:00:00+02:00,20.092,5.4119864,9.36,45.0,0.0,39340.0,5.7641516,6.2068963
2026-05-30 01:00:00+02:00,19.792,5.5887027,9.36,0.0,0.0,38980.0,4.844117,11.189641
2026-05-30 02:00:00+02:00,18.991999,5.8048253,8.28,0.0,0.0,36160.0,5.543783,12.194616
2026-05-30 03:00:00+02:00,19.342,3.219938,9.72,0.0,0.0,38500.0,6.1138062,10.624495
2026-05-30 04:00:00+02:00,18.392,4.5536795,7.5599995,0.0,0.0,36400.0,7.1327734,10.1040945
2026-05-30 05:00:00+02:00,17.342,4.6800003,8.28,0.0,0.0,29880.0,10.240498,8.1638975
2026-05-30 06:00:00+02:00,17.491999,4.2136917,9.36,0.0,0.0,33880.0,7.4739733,8.281033
2026-05-30 07:00:00+02:00,19.241999,4.6800003,5.7599998,0.0,0.0,39460.0,3.9200466,6.48019
2026-05-30 08:00:00+02:00,20.842,1.609969,5.3999996,0.0,0.0,40040.0,6.330734,8.711794
2026-05-30 09:00:00+02:00,22.892,1.2979984,4.32,0.0,0.0,41100.0,4.0758705,9.037377
2026-05-30 10:00:00+02:00,24.192,0.5091169,5.04,0.0,0.0,41480.0,2.278481,13.739551
2026-05-30 11:00:00+02:00,24.942,5.4119864,5.3999996,0.0,0.0,41580.0,1.9333551,11.939203
2026-05-30 12:00:00+02:00,26.642,5.0911684,6.4799995,0.0,0.0,42780.0,2.6571426,13.948265
2026-05-30 13:00:00+02:00,27.342,6.519877,9.0,0.0,0.0,41720.0,3.286072,15.517241
2026-05-30 14:00:00+02:00,27.942,5.8603754,10.799999,16.0,0.0,41800.0,4.556962,16.70105
2026-05-30 15:00:00+02:00,28.942,6.9527545,11.879999,33.0,0.0,43680.0,5.3142853,16.292364
2026-05-30 16:00:00+02:00,29.741999,7.9932966,17.28,0.0,0.0,46820.0,14.899244,18.339252
2026-05-30 17:00:00+02:00,29.491999,6.1305785,17.64,0.0,0.0,44800.0,9.045312,17.654228
2026-05-30 18:00:00+02:00,29.292,5.3999996,13.32,0.0,0.0,43440.0,8.753638,15.517241
2026-05-30 19:00:00+02:00,28.792,2.9024127,11.159999,0.0,0.0,43200.0,6.198138,18.096056
2026-05-30 20:00:00+02:00,26.842,3.2599385,5.7599998,0.0,0.0,40820.0,5.993747,15.012479
2026-05-30 21:00:00+02:00,23.392,5.5887027,8.64,0.0,0.0,38700.0,6.1138062,16.149862
2026-05-30 22:00:00+02:00,21.292,5.8048253,9.72,0.0,0.0,38340.0,4.907998,16.149862
2026-05-30 23:00:00+02:00,20.491999,6.28713,9.0,0.0,0.0,38240.0,3.67394,10.027549
2026-05-31 00:00:00+02:00,20.392,6.297428,10.08,0.0,0.0,38160.0,4.488087,11.711148
2026-05-31 01:00:00+02:00,20.292,5.815978,10.440001,0.0,0.0,38160.0,2.7718916,11.9230585
2026-05-31 02:00:00+02:00,20.241999,4.829907,8.28,0.0,0.0,38680.0,4.1265044,11.444951
2026-05-31 03:00:00+02:00,20.192,5.1919937,7.2,0.0,0.0,39360.0,5.9240503,12.241913
2026-05-31 04:00:00+02:00,19.292,4.452954,7.5599995,0.0,0.0,37700.0,4.2990294,11.776757
2026-05-31 05:00:00+02:00,17.842,6.1305785,6.8399997,0.0,0.0,33720.0,4.6472077,12.568007
2026-05-31 06:00:00+02:00,18.741999,4.1046314,7.2,0.0,0.0,39260.0,4.201311,10.606349
2026-05-31 07:00:00+02:00,20.241999,4.8965297,6.4799995,0.0,0.0,39700.0,3.3175182,9.715329
2026-05-31 08:00:00+02:00,20.892,2.9024127,5.7599998,0.0,0.0,35560.0,2.9178793,7.900089
2026-05-31 09:00:00+02:00,23.592,2.5455842,4.68,0.0,0.0,40560.0,0.4556962,8.327425
2026-05-31 10:00:00+02:00,24.942,1.08,5.04,0.0,0.0,41700.0,2.0379353,9.813965
2026-05-31 11:00:00+02:00,26.392,3.2599385,6.12,0.0,0.0,42760.0,3.8667102,10.714764
2026-05-31 12:00:00+02:00,27.942,5.771239,10.08,0.0,0.0,45640.0,6.572144,11.939204
2026-05-31 13:00:00+02:00,29.192,5.506941,11.5199995,0.0,0.0,47760.0,9.045312,11.939204
2026-05-31 14:00:00+02:00,29.942,6.28713,15.84,0.0,0.0,46940.0,14.1779375,10.624495
2026-05-31 15:00:00+02:00,30.542,10.495713,22.319998,0.0,0.0,45540.0,20.752947,6.8275857
2026-05-31 16:00:00+02:00,30.342,17.072504,32.399998,0.0,0.0,42120.0,16.303482,10.00832
2026-05-31 17:00:00+02:00,25.192,19.852295,56.519997,0.0,0.0,41840.0,23.98365,5.00416
2026-05-31 18:00:00+02:00,26.392,16.65754,36.36,0.0,0.0,44260.0,17.46571,16.185604
2026-05-31 19:00:00+02:00,24.592,13.138765,29.16,0.0,0.0,41800.0,3.1898732,26.076353
2026-05-31 20:00:00+02:00,24.241999,13.746156,27.0,0.0,0.0,41240.0,9.113924,24.214851
2026-05-31 21:00:00+02:00,23.092,1.9386592,25.56,0.0,0.0,40480.0,4.488087,27.373749
2026-05-31 22:00:00+02:00,20.241999,14.689588,37.8,0.0,2.5,38900.0,22.661438,22.206465
2026-05-31 23:00:00+02:00,18.692,8.161764,22.319998,0.0,0.0,36200.0,9.994198,25.113012
2026-06-01 00:00:00+02:00,17.842,7.7043357,12.959999,0.0,0.0,32400.0,11.02182,27.338541
2026-06-01 01:00:00+02:00,18.292,4.39436,14.759999,0.0,0.0,35080.0,18.239237,25.136015
2026-06-01 02:00:00+02:00,18.642,8.534353,16.199999,0.0,0.1,38540.0,22.440435,28.212376
2026-06-01 03:00:00+02:00,17.592,8.4963045,16.919998,0.0,0.0,37120.0,19.188004,31.189268
2026-06-01 04:00:00+02:00,16.142,6.8777895,15.4800005,0.0,0.0,29340.0,12.792001,36.877533
2026-06-01 05:00:00+02:00,16.892,7.5942082,12.599999,0.0,0.0,37480.0,16.866917,37.329205
2026-06-01 06:00:00+02:00,17.042,5.3517847,12.599999,0.0,0.0,36980.0,15.065567,37.018295
2026-06-01 07:00:00+02:00,17.042,5.692099,9.72,0.0,0.0,33300.0,9.612922,34.80846
2026-06-01 08:00:00+02:00,19.392,4.3349743,11.159999,0.0,0.0,31140.0,9.952556,38.246773
2026-06-01 09:00:00+02:00,22.442,5.2416787,10.08,0.0,0.0,40100.0,9.666777,37.51451
2026-06-01 10:00:00+02:00,23.542,5.937272,11.879999,0.0,0.0,41180.0,5.941551,34.244972
2026-06-01 11:00:00+02:00,24.942,5.495161,12.599999,0.0,0.0,41780.0,19.188004,25.516308
2026-06-01 12:00:00+02:00,26.292,6.130579,15.84,0.0,0.0,43340.0,20.587181,16.292364
2026-06-01 13:00:00+02:00,27.442,1.9386592,12.24,0.0,0.0,43800.0,10.280973,13.196042
2026-06-01 14:00:00+02:00,28.642,2.5455842,10.440001,0.0,0.0,46040.0,16.43036,4.5186887
2026-06-01 15:00:00+02:00,29.442,5.04,11.5199995,0.0,0.0,47860.0,9.612922,5.8883786
2026-06-01 16:00:00+02:00,29.542,8.12197,12.959999,0.0,0.0,48400.0,4.6472077,10.98112
2026-06-01 17:00:00+02:00,29.692,6.849467,12.24,0.0,0.0,48240.0,2.0379353,11.987508
2026-06-01 18:00:00+02:00,29.592,3.319036,11.879999,0.0,0.0,49100.0,5.9240503,10.533453
2026-06-01 19:00:00+02:00,28.241999,3.96,6.8399997,0.0,0.0,43660.0,6.970812,10.533453
2026-06-01 20:00:00+02:00,26.442,3.219938,7.5599995,0.0,0.0,42120.0,7.0743074,8.777877
2026-06-01 21:00:00+02:00,22.442,5.634891,9.72,0.0,0.0,40700.0,6.198138,8.711794
2026-06-01 22:00:00+02:00,21.192,4.5536795,8.28,0.0,0.0,40200.0,11.618018,12.5680065
2026-06-01 23:00:00+02:00,22.042,3.671294,8.64,0.0,0.0,40620.0,9.688234,14.153901
2026-06-02 00:00:00+02:00,21.592,3.396233,5.04,19.0,0.0,39680.0,11.124962,19.430658
2026-06-02 01:00:00+02:00,21.142,2.5455842,4.32,60.0,0.0,38800.0,11.92671,15.012479
2026-06-02 02:00:00+02:00,20.092,15.281989,32.399998,76.0,5.6,2060.0,16.518595,19.241377
2026-06-02 03:00:00+02:00,19.192,2.2768397,25.199999,63.0,12.8,2100.0,17.1538,13.948265
2026-06-02 04:00:00+02:00,18.442,7.8625183,21.96,63.0,14.5,20980.0,14.243696,23.757093
2026-06-02 05:00:00+02:00,17.892,3.8268526,15.4800005,90.0,2.3,16520.0,11.618018,15.554438
2026-06-02 06:00:00+02:00,17.142,6.2145634,17.28,82.0,4.0,13720.0,10.411436,36.11219
2026-06-02 07:00:00+02:00,17.542,2.5959969,13.679999,31.0,0.0,12660.0,8.84802,21.510277
2026-06-02 08:00:00+02:00,17.241999,3.396233,13.32,84.0,1.4,14080.0,11.501252,20.103062
2026-06-02 09:00:00+02:00,17.042,4.39436,23.039999,82.0,13.6,4100.0,6.524576,28.266945
2026-06-02 10:00:00+02:00,16.792,2.3051248,8.28,82.0,7.0,16120.0,7.3053656,14.543223
2026-06-02 11:00:00+02:00,17.991999,4.0249224,6.8399997,54.0,0.5,18660.0,3.5591009,23.846117
2026-06-02 12:00:00+02:00,19.392,3.6179552,9.72,0.0,0.1,27740.0,6.835443,20.01664
2026-06-02 13:00:00+02:00,19.392,3.6,11.879999,8.0,0.2,22760.0,10.240498,15.702343
2026-06-02 14:00:00+02:00,20.542,4.1046314,12.959999,24.0,0.0,30000.0,11.419714,12.367153
2026-06-02 15:00:00+02:00,20.642,9.0645685,18.72,15.0,0.0,30860.0,12.889034,6.939521
2026-06-02 16:00:00+02:00,20.042,7.4128532,19.08,12.0,0.0,22080.0,21.897139,14.329733
2026-06-02 17:00:00+02:00,19.142,11.592894,18.72,6.0,0.0,2160.0,9.666777,21.402544
2026-06-02 18:00:00+02:00,17.991999,7.5685663,32.399998,0.0,13.6,3700.0,12.661468,16.185604
2026-06-02 19:00:00+02:00,16.991999,6.792466,16.56,0.0,8.4,12760.0,14.843389,12.4911375
2026-06-02 20:00:00+02:00,16.991999,6.9153743,11.879999,12.0,0.1,8320.0,10.802979,12.4293
2026-06-02 21:00:00+02:00,16.342,5.5887027,16.919998,41.0,6.1,11040.0,11.392405,35.55311
2026-06-02 22:00:00+02:00,16.342,6.792466,12.959999,13.0,2.1,26660.0,8.36547,34.80846
2026-06-02 23:00:00+02:00,16.192,6.0347,14.4,0.0,0.4,25060.0,13.655687,28.753408
2026-06-03 00:00:00+02:00,16.292,6.638072,10.799999,0.0,0.0,29080.0,10.628571,27.563091
2026-06-03 01:00:00+02:00,15.142,2.968636,10.799999,0.0,0.0,26600.0,8.253009,30.36308
2026-06-03 02:00:00+02:00,13.342,5.315336,6.4799995,0.0,0.0,17820.0,16.111294,28.639296
2026-06-03 03:00:00+02:00,13.692,4.6938257,10.440001,0.0,0.0,31180.0,8.976174,26.076351
2026-06-03 04:00:00+02:00,12.742001,5.1919937,9.0,0.0,0.0,28820.0,7.958391,32.525555
2026-06-03 05:00:00+02:00,12.242001,5.8048253,10.08,0.0,0.0,26060.0,17.412127,31.612547
2026-06-03 06:00:00+02:00,12.642,7.2,14.4,0.0,0.0,33920.0,20.379353,33.0601
2026-06-03 07:00:00+02:00,13.842,6.8777895,15.119999,0.0,0.0,33240.0,17.412127,39.61245
2026-06-03 08:00:00+02:00,16.042,7.289444,12.959999,0.0,0.0,33320.0,19.784773,43.581078
2026-06-03 09:00:00+02:00,18.491999,8.049845,15.119999,0.0,0.0,37940.0,23.700583,40.464012
2026-06-03 10:00:00+02:00,20.042,4.829907,14.04,0.0,0.0,39700.0,20.551847,43.047413
2026-06-03 11:00:00+02:00,21.292,9.793058,11.879999,0.0,0.0,41260.0,13.246579,41.66025
2026-06-03 12:00:00+02:00,22.192,8.78872,19.44,0.0,0.0,42000.0,10.725815,35.04561
2026-06-03 13:00:00+02:00,23.442,6.763786,17.28,0.0,0.0,43000.0,13.285713,26.098505
2026-06-03 14:00:00+02:00,24.692,9.0,17.64,0.0,0.0,44520.0,14.192577,24.61721
2026-06-03 15:00:00+02:00,24.542,12.387348,24.84,0.0,0.0,44680.0,13.701232,25.051575
2026-06-03 16:00:00+02:00,24.592,10.787993,24.119999,0.0,0.0,44820.0,12.889034,25.928188
2026-06-03 17:00:00+02:00,24.592,13.18308,24.119999,0.0,0.0,46400.0,16.866917,22.249796
2026-06-03 18:00:00+02:00,23.991999,13.392774,29.519999,0.0,0.0,46260.0,10.035667,22.559313
2026-06-03 19:00:00+02:00,22.892,9.686609,25.56,0.0,0.0,44620.0,6.0797453,29.82541
2026-06-03 20:00:00+02:00,22.292,8.913181,18.72,0.0,0.0,45860.0,5.709857,29.297602
2026-06-03 21:00:00+02:00,18.741999,6.9153743,15.84,0.0,0.0,42320.0,4.556962,28.612377
2026-06-03 22:00:00+02:00,16.592,8.39657,16.56,0.0,0.0,41140.0,4.0758705,24.640675
2026-06-03 23:00:00+02:00,16.092,8.4963045,15.119999,0.0,0.0,41180.0,0.4556962,20.85554
2026-06-04 00:00:00+02:00,15.842,7.10031,15.119999,0.0,0.0,40940.0,1.2889035,17.21225
2026-06-04 01:00:00+02:00,15.792001,6.28713,12.959999,0.0,0.0,41000.0,1.4410379,16.492132
2026-06-04 02:00:00+02:00,16.042,6.1305785,11.5199995,0.0,0.0,41080.0,3.2222586,21.679756
2026-06-04 03:00:00+02:00,14.942,6.489992,12.599999,0.0,0.0,39540.0,3.8667102,23.586206
2026-06-04 04:00:00+02:00,14.342,5.937272,13.32,0.0,0.0,39620.0,3.67394,23.635157
2026-06-04 05:00:00+02:00,15.242001,5.00128,10.799999,0.0,0.0,39800.0,3.1898732,20.548483
2026-06-04 06:00:00+02:00,15.342,5.0142193,9.0,0.0,0.0,40020.0,4.511162,19.803793
2026-06-04 07:00:00+02:00,15.592,4.3498964,10.440001,0.0,0.0,35960.0,3.3175182,22.379284
2026-06-04 08:00:00+02:00,17.642,3.0758414,7.92,0.0,0.0,37060.0,5.709857,28.800266
2026-06-04 09:00:00+02:00,19.241999,0.8049845,5.7599998,0.0,0.0,40820.0,4.488087,26.862312
2026-06-04 10:00:00+02:00,19.542,1.609969,8.28,8.0,0.0,38560.0,7.543114,33.367477
2026-06-04 11:00:00+02:00,20.642,0.8049845,7.2,18.0,0.0,38380.0,3.5591009,34.23372
2026-06-04 12:00:00+02:00,21.491999,4.32,10.799999,43.0,0.0,40440.0,4.844117,41.405163
2026-06-04 13:00:00+02:00,21.642,3.2599385,9.72,32.0,0.0,40020.0,5.195736,37.12741
2026-06-04 14:00:00+02:00,21.692,6.3690495,14.04,0.0,0.0,40580.0,10.638335,33.568924
2026-06-04 15:00:00+02:00,21.991999,7.5685663,16.919998,0.0,0.0,40760.0,14.610731,30.816475
2026-06-04 16:00:00+02:00,21.491999,6.4096174,14.4,0.0,0.0,40720.0,17.795506,24.151127
2026-06-04 17:00:00+02:00,21.442,6.849467,11.879999,81.0,0.0,40840.0,13.246579,32.984264
2026-06-04 18:00:00+02:00,18.942,7.729527,16.56,61.0,1.9,3440.0,13.941624,26.304356
2026-06-04 19:00:00+02:00,18.142,3.096837,11.159999,65.0,1.3,16100.0,10.936708,32.204163
2026-06-04 20:00:00+02:00,16.842,6.151683,7.5599995,69.0,4.0,3840.0,30.839556,37.882412
2026-06-04 21:00:00+02:00,16.842,5.3999996,10.08,82.0,8.6,20580.0,26.64167,45.78401
2026-06-04 22:00:00+02:00,16.542,3.6,11.159999,80.0,2.2,11520.0,12.159491,40.464012
2026-06-04 23:00:00+02:00,15.992001,8.209263,11.879999,74.0,4.2,4880.0,7.20519,22.430868
2026-06-05 00:00:00+02:00,15.642,10.233123,25.199999,73.0,9.1,9280.0,19.600233,16.185604
2026-06-05 01:00:00+02:00,14.942,7.653705,16.919998,24.0,6.9,10800.0,15.419778,18.45443
2026-06-05 02:00:00+02:00,14.092,10.495713,15.84,34.0,1.5,26460.0,22.592606,16.77011
2026-06-05 03:00:00+02:00,13.842,8.4963045,23.759998,0.0,1.2,34640.0,15.5204525,15.216393
2026-06-05 04:00:00+02:00,13.592,8.714677,17.28,0.0,1.1,32560.0,14.388747,15.566816
2026-06-05 05:00:00+02:00,13.592,11.457958,21.24,4.0,0.1,36620.0,15.553866,34.188675
2026-06-05 06:00:00+02:00,12.342,8.287822,21.599998,0.0,0.0,34440.0,15.57388,25.59169
2026-06-05 07:00:00+02:00,12.692,5.00128,14.4,0.0,0.0,27980.0,12.889034,19.400894
2026-06-05 08:00:00+02:00,15.192,6.1305785,10.440001,0.0,0.0,33000.0,11.644798,14.329733
2026-06-05 09:00:00+02:00,17.842,6.297428,12.959999,0.0,0.0,39900.0,11.282507,10.274241
2026-06-05 10:00:00+02:00,18.991999,6.130579,12.24,0.0,0.0,40320.0,11.392405,8.350525
2026-06-05 11:00:00+02:00,20.292,7.7043357,11.879999,21.0,0.0,41440.0,16.335295,8.622896
2026-06-05 12:00:00+02:00,21.642,7.5685663,16.919998,0.0,0.0,42060.0,14.192577,6.2378535
2026-06-05 13:00:00+02:00,22.842,6.162207,15.84,0.0,0.0,42900.0,6.940957,3.1034482
2026-06-05 14:00:00+02:00,24.442,5.771239,11.879999,0.0,0.0,47380.0,7.866535,1.9627929
2026-06-05 15:00:00+02:00,25.442,3.319036,10.799999,0.0,0.0,53460.0,7.3619976,10.274241
2026-06-05 16:00:00+02:00,24.692,5.04,10.440001,0.0,0.0,44940.0,5.487309,8.442291
2026-06-05 17:00:00+02:00,24.592,3.319036,11.5199995,0.0,0.0,43560.0,14.878324,7.4740934
2026-06-05 18:00:00+02:00,24.342,6.696387,14.04,0.0,0.0,43780.0,14.301892,3.1034482
2026-06-05 19:00:00+02:00,22.991999,3.4152596,12.959999,40.0,0.0,41340.0,9.383359,5.551616
2026-06-05 20:00:00+02:00,22.192,4.3349743,5.04,0.0,0.0,41500.0,11.124962,6.939521
2026-06-05 21:00:00+02:00,19.991999,4.3349743,7.2,2.0,0.0,40060.0,4.9291077,12.051613
2026-06-05 22:00:00+02:00,17.942,5.00128,9.36,67.0,0.0,36120.0,5.6366506,15.95788
2026-06-05 23:00:00+02:00,18.392,5.3517847,9.36,61.0,0.0,36000.0,4.57969,11.858258
2026-06-06 00:00:00+02:00,18.442,5.0528407,15.84,45.0,0.0,30300.0,3.757767,12.4293
2026-06-06 01:00:00+02:00,17.092,5.692099,11.159999,16.0,0.0,33740.0,13.941624,12.659634
2026-06-06 02:00:00+02:00,16.942,4.198285,20.16,83.0,0.0,25140.0,5.487309,21.997295
2026-06-06 03:00:00+02:00,16.842,3.0758414,9.36,68.0,1.2,22840.0,12.379514,13.0492525
2026-06-06 04:00:00+02:00,16.741999,5.1919937,18.0,66.0,0.7,4080.0,13.739071,17.043554
2026-06-06 05:00:00+02:00,16.642,1.4399999,9.72,48.0,0.0,23760.0,6.444517,21.590723
2026-06-06 06:00:00+02:00,16.392,1.8,4.32,46.0,0.0,24860.0,4.101266,24.389233
2026-06-06 07:00:00+02:00,16.342,4.8433046,6.4799995,75.0,0.9,9820.0,3.2222586,21.803795
2026-06-06 08:00:00+02:00,15.992001,4.3498964,7.92,100.0,2.9,9180.0,16.91609,14.396789
2026-06-06 09:00:00+02:00,16.442,6.162207,10.799999,85.0,2.3,11520.0,14.192577,18.127962
2026-06-06 10:00:00+02:00,16.792,3.7064266,12.599999,52.0,0.2,23960.0,8.658227,21.066906
2026-06-06 11:00:00+02:00,16.142,4.0249224,10.440001,63.0,0.5,15360.0,17.15985,14.948187
2026-06-06 12:00:00+02:00,16.192,3.096837,14.4,62.0,2.1,6480.0,10.831774,20.208189
2026-06-06 13:00:00+02:00,16.392,2.52,11.879999,65.0,2.6,2240.0,11.254866,14.4368725
2026-06-06 14:00:00+02:00,16.892,2.4149535,6.8399997,100.0,0.1,15860.0,9.952556,18.010698
2026-06-06 15:00:00+02:00,19.042,1.0182338,6.12,39.0,0.0,27340.0,3.89347,24.982275
2026-06-06 16:00:00+02:00,19.842,4.68,7.2,0.0,0.0,34700.0,3.286072,28.873745
2026-06-06 17:00:00+02:00,20.542,2.9024127,6.12,0.0,0.0,35940.0,2.7718916,25.20489
2026-06-06 18:00:00+02:00,20.942,1.609969,5.7599998,0.0,0.0,37920.0,3.9200466,23.364658
2026-06-06 19:00:00+02:00,20.991999,1.08,4.32,0.0,0.0,37880.0,4.201311,24.238705
2026-06-06 20:00:00+02:00,20.442,1.2979984,2.52,0.0,0.0,35460.0,4.6472077,21.724138
2026-06-06 21:00:00+02:00,18.092,5.00128,8.64,0.0,0.0,15040.0,5.195736,25.561563
2026-06-06 22:00:00+02:00,16.692,5.904439,10.08,0.0,0.0,28920.0,5.562481,28.592175
2026-06-06 23:00:00+02:00,15.542001,5.8048253,12.959999,0.0,0.0,29760.0,3.2222586,22.76332
2026-06-07 00:00:00+02:00,14.692,5.95906,9.72,0.0,0.0,26240.0,4.6472077,21.24899
2026-06-07 01:00:00+02:00,14.742001,5.3999996,9.0,0.0,0.0,28180.0,3.67394,18.096056
2026-06-07 02:00:00+02:00,15.192,4.1046314,7.5599995,0.0,0.0,31360.0,2.7718916,14.329733
2026-06-07 03:00:00+02:00,15.242001,4.5820518,7.92,0.0,0.0,33320.0,2.0379353,15.566816
2026-06-07 04:00:00+02:00,15.492001,4.1046314,6.8399997,0.0,0.0,35860.0,2.3236039,12.5680065
2026-06-07 05:00:00+02:00,15.192,3.8268526,6.4799995,3.0,0.0,32600.0,2.734177,8.350525
2026-06-07 06:00:00+02:00,15.442,3.7064266,5.04,9.0,0.0,34180.0,2.0379353,10.027549
2026-06-07 07:00:00+02:00,16.092,1.9386592,6.4799995,0.0,0.0,31920.0,5.0333285,9.474416
2026-06-07 08:00:00+02:00,17.392,1.4399999,2.52,0.0,0.0,21740.0,4.57969,9.813965
2026-06-07 09:00:00+02:00,19.392,0.5091169,5.7599998,0.0,0.0,37240.0,3.89347,7.948705
2026-06-07 10:00:00+02:00,21.142,1.1384199,3.96,0.0,0.0,37920.0,3.5591009,7.5764823
2026-06-07 11:00:00+02:00,21.892,1.835647,4.68,0.0,0.0,39940.0,3.757767,7.5764823
2026-06-07 12:00:00+02:00,22.692,5.771239,6.8399997,0.0,0.0,40700.0,4.556962,4.7270317
2026-06-07 13:00:00+02:00,23.642,6.2145634,7.92,4.0,0.0,41380.0,6.970812,5.00416
2026-06-07 14:00:00+02:00,24.192,5.2416787,11.879999,17.0,0.0,41120.0,9.580463,6.8557405
2026-06-07 15:00:00+02:00,25.292,7.5942082,16.199999,0.0,0.0,41240.0,12.396276,7.677507
2026-06-07 16:00:00+02:00,25.692,7.42159,16.919998,35.0,0.0,41520.0,12.537857,7.677507
2026-06-07 17:00:00+02:00,25.692,7.289445,14.759999,43.0,0.0,40980.0,11.392405,9.454063
2026-06-07 18:00:00+02:00,25.692,6.297428,14.759999,7.0,0.0,41060.0,7.418196,12.051613
2026-06-07 19:00:00+02:00,25.342,3.0547013,12.24,21.0,0.0,41200.0,3.4704785,14.167504
2026-06-07 20:00:00+02:00,24.392,1.8,4.68,0.0,0.0,39980.0,2.278481,14.922391
2026-06-07 21:00:00+02:00,20.942,6.0347,10.799999,0.0,0.0,34280.0,3.67394,13.0492525
2026-06-07 22:00:00+02:00,18.142,6.28713,10.799999,0.0,0.0,30920.0,4.907998,12.795844
2026-06-07 23:00:00+02:00,17.692,6.9247384,8.64,0.0,0.0,30520.0,4.488087,11.987508
2026-06-08 00:00:00+02:00,17.542,7.10031,11.159999,0.0,0.0,32360.0,4.556962,12.659634
2026-06-08 01:00:00+02:00,17.442,6.439876,11.159999,0.0,0.0,32440.0,1.3670886,11.326523
2026-06-08 02:00:00+02:00,17.342,4.8965297,10.08,0.0,0.0,29520.0,1.0189676,11.189641
2026-06-08 03:00:00+02:00,17.192,4.510787,7.92,0.0,0.0,30600.0,1.3670886,11.103232
2026-06-08 04:00:00+02:00,17.942,2.8116899,6.12,0.0,0.0,36620.0,1.4410379,11.711148
2026-06-08 05:00:00+02:00,18.241999,4.1046314,3.2399998,0.0,0.0,38680.0,1.8788835,10.027549
2026-06-08 06:00:00+02:00,17.792,2.9024127,3.96,0.0,0.0,38560.0,1.8227848,8.886923
2026-06-08 07:00:00+02:00,18.292,3.219938,4.32,0.0,0.0,36800.0,2.453999,10.98112
2026-06-08 08:00:00+02:00,19.292,3.6,5.7599998,0.0,0.0,29200.0,1.8788835,8.951714
2026-06-08 09:00:00+02:00,20.991999,1.4399999,6.12,0.0,0.0,37740.0,3.6455696,11.858258
2026-06-08 10:00:00+02:00,22.442,1.0182338,3.6,0.0,0.0,39380.0,3.2222586,14.948187
2026-06-08 11:00:00+02:00,23.592,1.484318,5.3999996,0.0,0.0,40660.0,3.67394,10.180067
2026-06-08 12:00:00+02:00,24.542,4.73506,8.64,0.0,0.0,40800.0,4.907998,10.533453
2026-06-08 13:00:00+02:00,25.392,6.725354,10.08,0.0,0.0,41200.0,8.36547,9.164372
2026-06-08 14:00:00+02:00,26.042,6.1305785,15.4800005,0.0,0.0,41400.0,14.47508,8.886923
2026-06-08 15:00:00+02:00,26.741999,7.42159,16.919998,0.0,0.0,41880.0,13.836966,6.939521
2026-06-08 16:00:00+02:00,26.991999,7.8954163,17.28,0.0,0.0,41560.0,13.402427,6.7137847
2026-06-08 17:00:00+02:00,26.991999,9.227524,15.84,0.0,0.0,41700.0,19.742744,6.329817
2026-06-08 18:00:00+02:00,27.092,5.7599998,18.0,0.0,0.0,41900.0,9.394418,11.172413
2026-06-08 19:00:00+02:00,26.442,3.8268526,10.440001,2.0,0.0,41480.0,9.65603,8.092802
2026-06-08 20:00:00+02:00,23.842,2.1897945,7.2,0.0,0.0,39280.0,10.490913,13.0492525
2026-06-08 21:00:00+02:00,21.991999,6.6185193,11.5199995,0.0,0.0,37420.0,8.765491,16.245003
2026-06-08 22:00:00+02:00,19.942,2.2768397,10.08,39.0,0.0,34100.0,8.84802,16.433628
2026-06-08 23:00:00+02:00,19.491999,4.510787,10.799999,0.0,0.0,32260.0,2.8820758,14.753624
2026-06-09 00:00:00+02:00,18.892,5.95906,8.64,4.0,0.0,35380.0,6.524576,11.326523
2026-06-09 01:00:00+02:00,18.592,5.6233797,7.2,6.0,0.0,35060.0,0.64445174,11.326523
2026-06-09 02:00:00+02:00,18.592,4.6102495,10.440001,38.0,0.0,31180.0,3.2222586,12.5680065
2026-06-09 03:00:00+02:00,19.292,1.835647,6.12,41.0,0.0,36500.0,1.643036,11.545494
2026-06-09 04:00:00+02:00,18.442,5.3517847,7.92,38.0,0.0,33460.0,2.3236039,15.41761
2026-06-09 05:00:00+02:00,19.491999,3.6,7.92,35.0,0.0,37460.0,3.67394,11.987508
2026-06-09 06:00:00+02:00,18.991999,0.35999998,8.28,47.0,0.0,33240.0,3.9200466,8.442291
2026-06-09 07:00:00+02:00,19.042,0.71999997,8.28,39.0,0.0,27900.0,4.57969,13.0492525
2026-06-09 08:00:00+02:00,20.292,3.5455887,5.3999996,31.0,0.0,25600.0,6.198138,17.665136
2026-06-09 09:00:00+02:00,21.142,1.835647,10.440001,13.0,0.0,24680.0,8.476439,14.999642
2026-06-09 10:00:00+02:00,21.892,1.835647,10.440001,52.0,0.0,30740.0,6.970812,14.714402
2026-06-09 11:00:00+02:00,22.642,0.8049845,10.799999,55.0,0.1,35720.0,9.515216,21.357496
2026-06-09 12:00:00+02:00,24.241999,6.9247384,23.039999,77.0,0.0,37700.0,15.473553,29.179018
2026-06-09 13:00:00+02:00,24.392,6.4096174,25.199999,56.0,0.0,38520.0,12.603934,26.9768
2026-06-09 14:00:00+02:00,25.292,13.004921,14.04,46.0,0.0,40860.0,16.182028,30.666088
2026-06-09 15:00:00+02:00,25.192,10.365251,21.599998,22.0,0.0,40740.0,15.955876,23.59437
2026-06-09 16:00:00+02:00,25.342,3.6179552,17.64,0.0,0.0,40580.0,11.474137,15.517241
2026-06-09 17:00:00+02:00,24.741999,11.457958,16.199999,61.0,0.0,39720.0,14.69576,41.66025
2026-06-09 18:00:00+02:00,21.491999,14.799459,39.96,56.0,0.0,39300.0,10.831774,36.515335
2026-06-09 19:00:00+02:00,20.892,14.77755,29.88,13.0,0.0,39660.0,5.333787,30.261404
2026-06-09 20:00:00+02:00,21.042,10.163227,28.08,41.0,0.0,39120.0,4.556962,29.27787
2026-06-09 21:00:00+02:00,19.991999,7.4128532,18.72,20.0,0.0,37480.0,3.67394,28.266945
2026-06-09 22:00:00+02:00,19.542,11.384199,20.880001,50.0,0.0,35860.0,6.444517,29.14599
2026-06-09 23:00:00+02:00,19.042,12.413477,19.44,69.0,0.1,33200.0,19.04134,25.326874
2026-06-10 00:00:00+02:00,18.592,6.9527545,24.119999,11.0,0.3,27220.0,6.6350365,43.047413
2026-06-10 01:00:00+02:00,18.442,7.754637,14.759999,3.0,0.1,30340.0,0.4556962,29.487658
2026-06-10 02:00:00+02:00,17.741999,9.021574,11.879999,82.0,0.0,20560.0,7.515534,29.670004
2026-06-10 03:00:00+02:00,17.542,15.021105,34.2,34.0,20.8,4080.0,13.708808,15.95788
2026-06-10 04:00:00+02:00,16.442,6.9527545,28.8,0.0,26.9,17120.0,7.4739733,35.15537
2026-06-10 05:00:00+02:00,16.942,9.36,11.5199995,22.0,0.0,6160.0,5.941551,36.64172
2026-06-10 06:00:00+02:00,16.242,8.913181,20.16,9.0,4.8,26440.0,5.941551,53.57382
2026-06-10 07:00:00+02:00,16.942,6.2145634,15.4800005,10.0,0.0,27340.0,3.89347,35.28663
2026-06-10 08:00:00+02:00,16.991999,6.9153743,10.08,6.0,0.0,24620.0,16.027294,29.435349
2026-06-10 09:00:00+02:00,18.792,2.1897945,12.599999,0.0,0.0,31960.0,9.580464,35.61807
2026-06-10 10:00:00+02:00,20.092,3.8939953,9.72,0.0,0.0,36620.0,9.125309,28.430025
2026-06-10 11:00:00+02:00,21.092,1.9386592,8.64,0.0,0.0,38140.0,5.9240503,29.896374
2026-06-10 12:00:00+02:00,22.392,3.9763298,10.08,0.0,0.0,40220.0,8.476439,24.578054
2026-06-10 13:00:00+02:00,22.241999,4.32,15.84,0.0,0.0,38280.0,10.725815,18.433542
2026-06-10 14:00:00+02:00,19.942,5.991594,21.24,77.0,0.0,35600.0,0.4556962,21.375526
2026-06-10 15:00:00+02:00,18.042,4.8965297,18.359999,11.0,4.7,7360.0,3.1898732,16.292364
2026-06-10 16:00:00+02:00,18.042,4.5820518,30.239998,52.0,1.4,38920.0,13.4101715,22.284399
2026-06-10 17:00:00+02:00,19.142,13.104198,25.56,0.0,0.0,40740.0,23.71372,34.97959
2026-06-10 18:00:00+02:00,18.442,16.375053,32.039997,0.0,0.0,41340.0,18.31876,46.646797
2026-06-10 19:00:00+02:00,18.491999,11.457958,30.599998,0.0,0.0,41440.0,24.876173,33.866
2026-06-10 20:00:00+02:00,17.092,9.826088,20.16,0.0,0.0,41360.0,29.29244,31.312546
2026-06-10 21:00:00+02:00,15.292001,8.707238,18.0,0.0,0.0,41640.0,28.432667,40.530605
2026-06-10 22:00:00+02:00,14.442,9.346143,17.64,0.0,0.0,41400.0,25.665043,38.781925
2026-06-10 23:00:00+02:00,16.292,14.386494,16.56,0.0,0.0,43920.0,24.169088,32.490005
2026-06-11 00:00:00+02:00,15.942,12.181624,27.0,0.0,0.0,43840.0,21.949236,30.735107
2026-06-11 01:00:00+02:00,15.192,9.449572,22.319998,0.0,0.0,43180.0,13.79187,29.844782
2026-06-11 02:00:00+02:00,15.292001,9.290511,16.919998,0.0,0.0,42980.0,18.70576,26.718508
2026-06-11 03:00:00+02:00,15.492001,9.387651,19.8,0.0,0.0,43460.0,19.188004,27.04099
2026-06-11 04:00:00+02:00,14.942,8.209263,16.919998,0.0,0.0,42740.0,17.795506,25.455843
2026-06-11 05:00:00+02:00,14.992001,9.028754,16.199999,0.0,0.0,43220.0,18.31876,24.175043
2026-06-11 06:00:00+02:00,14.592,9.511088,18.72,0.0,0.0,42720.0,18.70576,23.463383
2026-06-11 07:00:00+02:00,15.742001,7.491114,17.64,0.0,0.0,42480.0,16.866917,26.948225
2026-06-11 08:00:00+02:00,16.892,11.298495,16.199999,0.0,0.0,43240.0,19.035887,28.873745
2026-06-11 09:00:00+02:00,18.092,11.709688,23.4,0.0,0.0,43700.0,18.239237,21.357496
2026-06-11 10:00:00+02:00,19.292,11.043261,23.039999,0.0,0.0,42820.0,14.610731,24.175043
2026-06-11 11:00:00+02:00,21.241999,14.113652,23.759998,0.0,0.0,46720.0,15.66031,22.014801
2026-06-11 12:00:00+02:00,23.042,8.942214,29.16,0.0,0.0,49080.0,15.955876,23.099327
2026-06-11 13:00:00+02:00,23.892,3.319036,15.119999,0.0,0.0,51640.0,14.1559515,26.076351
2026-06-11 14:00:00+02:00,24.892,8.0899935,16.56,0.0,0.0,53260.0,9.215885,34.636482
2026-06-11 15:00:00+02:00,24.842,13.281023,21.96,0.0,0.0,53300.0,11.474137,32.47814
2026-06-11 16:00:00+02:00,24.991999,14.578888,23.759998,0.0,0.0,53100.0,10.936708,37.755074
2026-06-11 17:00:00+02:00,24.892,18.331741,28.08,0.0,0.0,56080.0,13.246579,35.138927
2026-06-11 18:00:00+02:00,24.241999,18.345877,36.36,0.0,0.0,54480.0,16.506018,36.9558
2026-06-11 19:00:00+02:00,23.392,15.725037,34.92,0.0,0.0,51960.0,15.587208,37.47341
2026-06-11 20:00:00+02:00,22.292,13.513193,30.239998,0.0,0.0,52680.0,19.31206,36.667995
2026-06-11 21:00:00+02:00,20.741999,11.457958,26.28,0.0,0.0,49920.0,19.166346,33.866
2026-06-11 22:00:00+02:00,18.392,7.145796,20.16,0.0,0.0,46240.0,15.500371,39.06402
2026-06-11 23:00:00+02:00,17.892,6.696387,13.32,0.0,0.0,44940.0,19.209635,39.500446
2026-06-12 00:00:00+02:00,16.842,5.991594,12.24,0.0,0.0,43560.0,16.00136,45.463135
2026-06-12 01:00:00+02:00,15.692,6.638072,11.5199995,0.0,0.0,42740.0,7.7602262,41.66025
2026-06-12 02:00:00+02:00,15.492001,4.6102495,11.5199995,0.0,0.0,42360.0,6.850616,41.19528
2026-06-12 03:00:00+02:00,15.242001,3.0758414,6.4799995,0.0,0.0,42360.0,5.094838,40.98432
2026-06-12 04:00:00+02:00,13.742001,5.495161,10.08,0.0,0.0,41480.0,6.330734,44.108284
2026-06-12 05:00:00+02:00,13.842,4.896529,9.72,0.0,0.0,41720.0,8.598059,48.719193
2026-06-12 06:00:00+02:00,14.292001,4.510787,6.12,0.0,0.0,42320.0,9.350104,42.357235
2026-06-12 07:00:00+02:00,15.192,3.0547013,6.8399997,0.0,0.0,41440.0,8.11344,42.005604
2026-06-12 08:00:00+02:00,16.142,1.609969,3.2399998,0.0,0.0,36020.0,9.858215,41.19528
2026-06-12 09:00:00+02:00,18.692,2.0991426,6.4799995,0.0,0.0,41360.0,7.1327734,41.66025
2026-06-12 10:00:00+02:00,20.292,3.4152596,7.92,0.0,0.0,43180.0,5.9240503,41.71108
2026-06-12 11:00:00+02:00,21.042,0.5091169,10.440001,0.0,0.0,42480.0,9.17071,48.373985
2026-06-12 12:00:00+02:00,22.991999,3.396233,9.0,0.0,0.0,43100.0,6.198138,45.96876
2026-06-12 13:00:00+02:00,24.241999,2.1897945,8.64,0.0,0.0,45360.0,4.556962,44.814476
2026-06-12 14:00:00+02:00,25.342,0.5091169,9.72,0.0,0.0,45720.0,7.515534,44.44762
2026-06-12 15:00:00+02:00,26.491999,1.484318,6.12,0.0,0.0,44800.0,10.725815,42.755558
2026-06-12 16:00:00+02:00,26.741999,4.452954,10.799999,0.0,0.0,43120.0,7.34788,43.89816
2026-06-12 17:00:00+02:00,26.092,7.2359104,15.119999,0.0,0.0,42900.0,11.273301,37.370464
2026-06-12 18:00:00+02:00,26.042,6.489992,14.759999,0.0,0.0,42840.0,8.151741,40.416378
2026-06-12 19:00:00+02:00,25.542,3.2599385,13.679999,0.0,0.0,42560.0,3.286072,43.505867
2026-06-12 20:00:00+02:00,25.092,6.1094027,5.7599998,0.0,0.0,43560.0,13.941624,44.204258
2026-06-12 21:00:00+02:00,21.991999,5.3999996,11.879999,0.0,0.0,42180.0,17.292456,45.1357
2026-06-12 22:00:00+02:00,19.592,6.1305785,10.799999,0.0,0.0,41220.0,11.171529,50.85869
2026-06-12 23:00:00+02:00,19.241999,6.489992,10.440001,0.0,0.0,40820.0,13.79187,53.83208
2026-06-13 00:00:00+02:00,18.741999,5.0911684,12.959999,0.0,0.0,40460.0,13.708808,54.634792
2026-06-13 01:00:00+02:00,17.792,4.8965297,8.28,0.0,0.0,39940.0,11.883102,55.017754
2026-06-13 02:00:00+02:00,18.342,4.379589,7.92,0.0,0.0,41440.0,9.784211,60.245274
2026-06-13 03:00:00+02:00,17.741999,4.0249224,5.3999996,0.0,0.0,41480.0,9.394418,59.61206
2026-06-13 04:00:00+02:00,17.092,3.563818,5.04,0.0,0.0,41100.0,9.227144,61.31961
2026-06-13 05:00:00+02:00,17.592,5.0142193,8.64,0.0,0.0,41820.0,13.340306,62.505016
2026-06-13 06:00:00+02:00,17.192,4.8965297,7.2,0.0,0.0,41340.0,14.309151,61.526596
2026-06-13 07:00:00+02:00,18.092,4.8433046,8.64,0.0,0.0,40220.0,13.120569,60.67539
2026-06-13 08:00:00+02:00,19.892,1.9386592,8.28,0.0,0.0,39940.0,15.2777195,61.37613
2026-06-13 09:00:00+02:00,22.292,2.5455842,6.12,0.0,0.0,39940.0,11.012396,57.27859
2026-06-13 10:00:00+02:00,24.392,1.4399999,5.04,0.0,0.0,41460.0,7.418196,52.174862
2026-06-13 11:00:00+02:00,26.192,2.1897945,6.4799995,0.0,0.0,47060.0,7.418196,47.80922
2026-06-13 12:00:00+02:00,27.692,3.4152596,9.0,0.0,0.0,46680.0,6.347113,45.276318
2026-06-13 13:00:00+02:00,29.092,1.484318,8.28,0.0,0.0,48480.0,5.9240503,44.143208
2026-06-13 14:00:00+02:00,29.392,5.4119864,10.799999,0.0,0.0,48360.0,6.850616,43.88938
2026-06-13 15:00:00+02:00,30.292,3.2599385,12.599999,0.0,0.0,51640.0,5.0333285,39.811325
2026-06-13 16:00:00+02:00,30.392,5.04,11.879999,0.0,0.0,49620.0,5.993747,36.872307
2026-06-13 17:00:00+02:00,30.942,4.6938252,11.879999,0.0,0.0,48800.0,9.17071,34.80846
2026-06-13 18:00:00+02:00,30.642,4.39436,10.440001,0.0,0.0,46680.0,13.708808,24.46021
2026-06-13 19:00:00+02:00,29.592,3.096837,9.0,0.0,0.0,43960.0,7.6388597,27.204338
2026-06-13 20:00:00+02:00,27.991999,4.0249224,6.4799995,0.0,0.0,41720.0,4.844117,28.314606
2026-06-13 21:00:00+02:00,23.991999,6.9527545,11.159999,0.0,0.0,40120.0,2.7718916,28.068626
2026-06-13 22:00:00+02:00,21.542,8.534353,15.4800005,0.0,0.0,39580.0,3.3175182,35.384754
2026-06-13 23:00:00+02:00,21.491999,7.7043357,17.28,0.0,0.0,40180.0,5.487309,38.271946
2026-06-14 00:00:00+02:00,21.442,6.989936,14.759999,0.0,0.0,42100.0,6.850616,33.522987
2026-06-14 01:00:00+02:00,20.692,6.8777895,12.24,0.0,0.0,42820.0,8.84802,32.89655
2026-06-14 02:00:00+02:00,20.092,6.3690495,13.679999,0.0,0.0,42000.0,12.512989,33.60907
2026-06-14 03:00:00+02:00,19.692,6.618519,12.959999,0.0,0.0,42140.0,12.961332,37.246548
2026-06-14 04:00:00+02:00,19.842,6.8777895,12.959999,0.0,0.0,42720.0,11.618018,42.49798
2026-06-14 05:00:00+02:00,19.542,6.12,12.24,0.0,0.0,42500.0,14.148615,41.34464
2026-06-14 06:00:00+02:00,18.842,5.3999996,11.5199995,0.0,0.0,41920.0,11.171529,34.957558
2026-06-14 07:00:00+02:00,20.491999,5.8603754,11.159999,0.0,0.0,41540.0,8.513107,30.816475
2026-06-14 08:00:00+02:00,20.692,2.9024127,9.72,0.0,0.0,39760.0,11.096928,28.335009
2026-06-14 09:00:00+02:00,23.192,3.8268526,7.5599995,0.0,0.0,40920.0,12.030725,28.232851
2026-06-14 10:00:00+02:00,24.842,2.0364676,7.5599995,0.0,0.0,43160.0,13.144288,33.956886
2026-06-14 11:00:00+02:00,25.292,2.0991426,6.8399997,0.0,0.0,42280.0,16.316214,36.00535
2026-06-14 12:00:00+02:00,27.491999,1.08,6.12,0.0,0.0,44620.0,14.192577,43.55897
2026-06-14 13:00:00+02:00,28.592,1.4399999,5.7599998,0.0,0.0,44400.0,13.533486,43.505867
2026-06-14 14:00:00+02:00,28.842,7.386582,8.64,0.0,0.0,44180.0,25.555578,45.075916
2026-06-14 15:00:00+02:00,29.642,6.9527545,15.84,0.0,0.0,46520.0,35.544304,38.20646
2026-06-14 16:00:00+02:00,30.042,3.2599385,13.679999,0.0,0.0,46520.0,33.340645,35.292084
2026-06-14 17:00:00+02:00,30.142,7.0911775,9.72,0.0,0.0,49080.0,39.501263,30.533892
2026-06-14 18:00:00+02:00,28.991999,9.693296,19.44,0.0,0.0,47460.0,37.75684,29.073198
2026-06-14 19:00:00+02:00,27.192,8.78872,18.359999,0.0,0.0,43620.0,34.00666,29.441893
2026-06-14 20:00:00+02:00,26.442,11.177405,16.56,0.0,0.0,47080.0,36.663017,24.554531
2026-06-14 21:00:00+02:00,23.942,11.928989,22.68,0.0,0.0,45380.0,39.05452,27.225573
2026-06-14 22:00:00+02:00,22.292,9.0,21.24,0.0,0.0,44780.0,35.462418,35.504314
2026-06-14 23:00:00+02:00,21.692,10.144082,16.919998,0.0,0.0,45040.0,36.387276,32.54332
2026-06-15 00:00:00+02:00,20.741999,8.891343,19.08,0.0,0.0,44660.0,34.18936,36.372623
2026-06-15 01:00:00+02:00,19.491999,8.435069,15.84,0.0,0.0,43300.0,25.388453,37.432266
2026-06-15 02:00:00+02:00,19.942,8.714677,15.4800005,0.0,0.0,43660.0,27.95762,34.430096
2026-06-15 03:00:00+02:00,19.042,8.161764,15.4800005,0.0,0.0,43180.0,27.097643,36.085506
2026-06-15 04:00:00+02:00,18.392,8.209263,15.4800005,0.0,0.0,42860.0,23.524694,36.55751
2026-06-15 05:00:00+02:00,17.792,7.491114,15.84,0.0,0.0,43300.0,23.98365,38.712326
2026-06-15 06:00:00+02:00,17.892,8.587338,15.84,0.0,0.0,42700.0,26.9786,42.133812
2026-06-15 07:00:00+02:00,19.292,7.42159,15.84,0.0,0.0,42280.0,20.907467,43.452705
2026-06-15 08:00:00+02:00,20.342,6.763786,14.04,0.0,0.0,41480.0,23.074612,53.252853
2026-06-15 09:00:00+02:00,23.092,6.763786,12.599999,0.0,0.0,42260.0,26.990145,49.226597
2026-06-15 10:00:00+02:00,24.392,6.0347,12.599999,0.0,0.0,43940.0,24.224873,50.70316
2026-06-15 11:00:00+02:00,25.491999,9.826088,12.599999,0.0,0.0,45700.0,23.524696,55.79651
2026-06-15 12:00:00+02:00,26.692,8.311245,20.16,0.0,0.0,47260.0,22.440435,51.07789
2026-06-15 13:00:00+02:00,27.991999,3.096837,15.4800005,0.0,0.0,48200.0,21.203342,47.270313
2026-06-15 14:00:00+02:00,28.991999,7.172949,9.0,0.0,0.0,50300.0,28.964502,44.758568
2026-06-15 15:00:00+02:00,28.842,11.304229,23.039999,0.0,0.0,49380.0,36.696987,37.83662
2026-06-15 16:00:00+02:00,28.892,9.826088,23.4,0.0,0.0,48800.0,35.303955,38.622658
2026-06-15 17:00:00+02:00,28.491999,13.551501,19.44,0.0,0.0,50180.0,34.44352,34.14357
2026-06-15 18:00:00+02:00,28.142,11.246759,27.72,0.0,0.0,49620.0,33.29078,30.533892
2026-06-15 19:00:00+02:00,27.192,8.669949,21.24,0.0,0.0,47820.0,25.65695,29.14599
2026-06-15 20:00:00+02:00,26.442,9.693296,16.199999,0.0,0.0,48560.0,28.245811,28.61238
2026-06-15 21:00:00+02:00,23.942,9.220499,19.08,0.0,0.0,46200.0,22.78481,28.423246
2026-06-15 22:00:00+02:00,21.741999,8.913181,16.919998,0.0,0.0,44100.0,15.031068,27.338541
2026-06-15 23:00:00+02:00,20.942,8.78872,15.4800005,0.0,0.0,42960.0,19.467348,26.194277
2026-06-16 00:00:00+02:00,20.192,7.8954163,15.84,0.0,0.0,42400.0,18.683542,25.326874
2026-06-16 01:00:00+02:00,19.192,7.928177,14.4,0.0,0.0,41640.0,11.474137,22.839355
2026-06-16 02:00:00+02:00,19.592,7.928177,14.04,0.0,0.0,42120.0,16.053188,24.804298
2026-06-16 03:00:00+02:00,18.892,7.145796,14.759999,0.0,0.0,41640.0,12.889034,21.402544
2026-06-16 04:00:00+02:00,18.342,7.42159,12.959999,0.0,0.0,41300.0,10.974618,21.357496
2026-06-16 05:00:00+02:00,18.392,6.989936,12.959999,0.0,0.0,41440.0,13.402427,17.773846
2026-06-16 06:00:00+02:00,18.092,6.193674,12.959999,0.0,0.0,40900.0,10.240498,15.824542
2026-06-16 07:00:00+02:00,19.292,3.5455887,10.440001,0.0,0.0,40980.0,4.6472077,15.909525
2026-06-16 08:00:00+02:00,19.892,1.835647,5.7599998,0.0,0.0,39120.0,2.734177,15.861018
2026-06-16 09:00:00+02:00,21.542,1.609969,5.04,0.0,0.0,39880.0,1.0189676,16.527136
2026-06-16 10:00:00+02:00,23.042,4.0249224,6.12,0.0,0.0,41920.0,1.4410379,15.012479
2026-06-16 11:00:00+02:00,23.442,3.9763298,7.5599995,0.0,0.0,41620.0,3.757767,18.042753
2026-06-16 12:00:00+02:00,24.741999,3.671294,7.2,0.0,0.0,41860.0,4.201311,17.773846
2026-06-16 13:00:00+02:00,25.642,6.151683,8.28,0.0,0.0,42540.0,6.7744107,21.546066
2026-06-16 14:00:00+02:00,26.292,5.0142193,15.4800005,4.0,0.0,41700.0,5.195736,26.804882
2026-06-16 15:00:00+02:00,26.642,5.154415,12.599999,0.0,0.0,42300.0,6.198138,32.990105
2026-06-16 16:00:00+02:00,27.342,5.315336,11.879999,0.0,0.0,42440.0,7.34788,36.72574
2026-06-16 17:00:00+02:00,27.142,4.73506,11.879999,0.0,0.0,41600.0,5.195736,31.849302
2026-06-16 18:00:00+02:00,27.092,3.6,11.159999,0.0,0.0,41600.0,2.7718916,29.799566
2026-06-16 19:00:00+02:00,26.592,4.3498964,9.72,0.0,0.0,41920.0,7.840093,28.853722
2026-06-16 20:00:00+02:00,25.892,3.319036,7.5599995,0.0,0.0,40700.0,9.56962,22.379282
2026-06-16 21:00:00+02:00,24.342,8.557102,16.919998,0.0,0.0,39960.0,9.56962,19.400894
2026-06-16 22:00:00+02:00,22.642,5.0142193,16.919998,0.0,0.0,40200.0,4.0758705,22.490902
2026-06-16 23:00:00+02:00,20.642,5.8048253,7.92,0.0,0.0,36940.0,3.3175182,25.591688
2026-06-17 00:00:00+02:00,20.142,5.991594,9.72,0.0,0.0,37240.0,5.9240503,25.987556
2026-06-17 01:00:00+02:00,20.142,5.0142193,9.36,0.0,0.0,38040.0,5.195736,24.238705
2026-06-17 02:00:00+02:00,19.192,5.3517847,10.440001,0.0,0.0,33540.0,4.1265044,20.74441
2026-06-17 03:00:00+02:00,19.092,5.692099,9.36,0.0,0.0,34720.0,4.57969,23.298607
2026-06-17 04:00:00+02:00,18.842,4.829907,9.0,0.0,0.0,35880.0,5.094838,23.716516
2026-06-17 05:00:00+02:00,18.842,4.6938257,8.64,0.0,0.0,39600.0,3.89347,25.326874
2026-06-17 06:00:00+02:00,18.592,5.3517847,9.0,0.0,0.0,40100.0,4.844117,26.46497
2026-06-17 07:00:00+02:00,19.592,4.39436,9.0,0.0,0.0,40100.0,4.0758705,24.143152
2026-06-17 08:00:00+02:00,20.042,2.968636,6.8399997,0.0,0.0,28920.0,6.47666,24.640675
2026-06-17 09:00:00+02:00,22.592,1.8,6.12,0.0,0.0,39100.0,7.418196,22.889902
2026-06-17 10:00:00+02:00,24.092,2.0991426,5.7599998,0.0,0.0,41080.0,6.198138,23.265514
2026-06-17 11:00:00+02:00,25.241999,1.1384199,5.3999996,0.0,0.0,42620.0,3.9200466,21.085184
2026-06-17 12:00:00+02:00,26.542,4.32,8.28,0.0,0.0,42680.0,4.488087,19.794064
2026-06-17 13:00:00+02:00,27.792,7.5599995,9.36,0.0,0.0,45560.0,5.562481,14.476846
2026-06-17 14:00:00+02:00,28.642,5.4119864,9.72,0.0,0.0,47500.0,6.330734,16.884583
2026-06-17 15:00:00+02:00,29.491999,4.0249224,12.24,0.0,0.0,44180.0,5.941551,19.832952
2026-06-17 16:00:00+02:00,29.942,5.1544156,12.599999,0.0,0.0,44400.0,8.765491,22.593443
2026-06-17 17:00:00+02:00,29.842,5.1544156,10.799999,0.0,0.0,43260.0,6.3797464,20.035875
2026-06-17 18:00:00+02:00,29.942,2.52,11.5199995,0.0,0.0,42800.0,4.907998,21.997295
2026-06-17 19:00:00+02:00,29.442,1.9386592,6.8399997,0.0,0.0,41960.0,4.757608,19.271389
2026-06-17 20:00:00+02:00,28.442,2.968636,4.32,0.0,0.0,41040.0,4.6916795,15.909525
2026-06-17 21:00:00+02:00,24.592,6.763786,10.440001,0.0,0.0,40280.0,3.4704785,14.999642
2026-06-17 22:00:00+02:00,22.292,8.427383,12.599999,0.0,0.0,40320.0,2.3236039,15.665498
2026-06-17 23:00:00+02:00,22.042,7.9036193,12.959999,0.0,0.0,40440.0,1.8788835,13.093462
2026-06-18 00:00:00+02:00,21.692,6.28713,12.959999,0.0,0.0,40320.0,2.7718916,11.0510645
2026-06-18 01:00:00+02:00,21.592,5.815978,9.36,0.0,0.0,40540.0,1.4410379,10.569963
2026-06-18 02:00:00+02:00,21.142,5.1919937,8.28,0.0,0.0,40160.0,2.0379353,8.777877
2026-06-18 03:00:00+02:00,21.392,5.1919937,8.28,0.0,0.0,40620.0,1.643036,6.390391
2026-06-18 04:00:00+02:00,21.741999,4.6938257,7.2,0.0,0.0,41000.0,1.0189676,8.1638975
2026-06-18 05:00:00+02:00,20.192,5.0911684,6.12,0.0,0.0,39500.0,0.9113924,8.1638975
2026-06-18 06:00:00+02:00,20.692,4.39436,7.92,0.0,0.0,40360.0,0.4556962,8.1638975
2026-06-18 07:00:00+02:00,21.741999,4.8433046,6.8399997,0.0,0.0,40480.0,1.643036,9.6356945
2026-06-18 08:00:00+02:00,22.592,2.968636,6.8399997,0.0,0.0,36040.0,1.0189676,7.4740934
2026-06-18 09:00:00+02:00,24.842,2.3051248,5.7599998,0.0,0.0,39540.0,1.4410379,6.6850314
2026-06-18 10:00:00+02:00,26.142,1.835647,5.04,0.0,0.0,40880.0,2.453999,7.238423
2026-06-18 11:00:00+02:00,27.092,0.8049845,4.68,0.0,0.0,41380.0,3.9200466,7.677507
2026-06-18 12:00:00+02:00,28.592,5.0528407,7.5599995,0.0,0.0,44240.0,6.198138,7.5510154
2026-06-18 13:00:00+02:00,29.842,5.3999996,9.36,0.0,0.0,45240.0,6.835443,5.7224755
2026-06-18 14:00:00+02:00,30.042,5.771239,9.72,0.0,0.0,42980.0,8.753638,5.7224755
2026-06-18 15:00:00+02:00,30.741999,6.924738,14.759999,0.0,0.0,43200.0,6.330734,8.711794
2026-06-18 16:00:00+02:00,31.092,6.151683,17.28,0.0,0.0,43180.0,12.767628,7.4482756
2026-06-18 17:00:00+02:00,30.942,6.489992,14.759999,0.0,0.0,42880.0,11.282507,9.950412
2026-06-18 18:00:00+02:00,30.991999,7.145796,14.759999,0.0,0.0,42600.0,18.239237,7.4482756
2026-06-18 19:00:00+02:00,30.292,5.315336,14.4,0.0,0.0,41860.0,15.2777195,5.3031745
2026-06-18 20:00:00+02:00,28.592,0.5091169,9.0,0.0,0.0,41040.0,11.273301,5.0041595
2026-06-18 21:00:00+02:00,25.092,7.42159,14.04,0.0,0.0,42920.0,7.515534,3.6192114
2026-06-18 22:00:00+02:00,22.292,7.8625183,14.04,0.0,0.0,41160.0,4.201311,3.6192114
2026-06-18 23:00:00+02:00,21.192,7.6367526,12.24,0.0,0.0,41420.0,4.0758705,3.5111506
2026-06-19 00:00:00+02:00,20.192,7.42159,11.159999,0.0,0.0,42520.0,3.5591009,5.0041595
2026-06-19 01:00:00+02:00,20.442,7.8625183,9.36,0.0,0.0,42740.0,6.330734,8.068965
2026-06-19 02:00:00+02:00,19.692,6.830519,9.36,0.0,0.0,43860.0,6.940957,5.7224755
2026-06-19 03:00:00+02:00,19.842,6.9527545,8.64,0.0,0.0,42140.0,3.3175182,6.7137847
2026-06-19 04:00:00+02:00,20.692,4.896529,7.2,0.0,0.0,41940.0,3.757767,6.2068963
2026-06-19 05:00:00+02:00,21.491999,4.2136917,6.12,0.0,0.0,41900.0,4.1265044,3.9255857
2026-06-19 06:00:00+02:00,18.942,6.439876,10.799999,0.0,0.0,38240.0,2.8820758,1.9627929
2026-06-19 07:00:00+02:00,20.942,4.1046314,9.0,0.0,0.0,39420.0,2.0379353,2.775808
2026-06-19 08:00:00+02:00,22.092,2.5455842,5.04,3.0,0.0,31840.0,2.8820758,6.2378535
2026-06-19 09:00:00+02:00,24.292,3.9763298,8.28,0.0,0.0,38880.0,2.278481,7.2649856
2026-06-19 10:00:00+02:00,26.092,0.35999998,7.92,0.0,0.0,40720.0,3.67394,9.454063
2026-06-19 11:00:00+02:00,27.442,3.2599385,6.4799995,0.0,0.0,42280.0,6.1307654,10.274241
2026-06-19 12:00:00+02:00,28.741999,4.0249224,8.64,0.0,0.0,44420.0,6.198138,11.939203
2026-06-19 13:00:00+02:00,29.842,5.3999996,10.08,0.0,0.0,42500.0,7.7602262,12.5680065
2026-06-19 14:00:00+02:00,30.592,5.815978,13.679999,0.0,0.0,42940.0,12.0307255,11.394346
2026-06-19 15:00:00+02:00,31.241999,7.172949,15.119999,0.0,0.0,42440.0,13.033229,12.795844
2026-06-19 16:00:00+02:00,31.792,5.1165614,16.199999,0.0,0.0,43300.0,12.961332,18.096056
2026-06-19 17:00:00+02:00,31.392,7.628263,12.959999,0.0,0.0,44200.0,11.02182,18.381218
2026-06-19 18:00:00+02:00,30.642,5.771239,14.4,0.0,0.0,44220.0,9.837129,19.490047
2026-06-19 19:00:00+02:00,29.892,1.9386592,11.5199995,0.0,0.0,42520.0,11.85686,19.120867
2026-06-19 20:00:00+02:00,29.892,2.1897945,26.28,6.0,1.5,43800.0,12.312233,20.548483
2026-06-19 21:00:00+02:00,26.192,6.439876,24.84,0.0,0.1,39760.0,13.270073,28.699764
2026-06-19 22:00:00+02:00,23.142,6.9153743,19.08,0.0,0.0,40460.0,5.941551,22.102129
2026-06-19 23:00:00+02:00,22.642,2.7416782,10.799999,0.0,0.0,40560.0,2.0379353,19.49005
2026-06-20 00:00:00+02:00,21.642,5.0911684,12.959999,0.0,0.0,38860.0,4.6472077,18.877537
2026-06-20 01:00:00+02:00,22.792,5.154415,7.2,0.0,0.0,41100.0,7.34788,16.185604
2026-06-20 02:00:00+02:00,21.392,7.145796,10.08,0.0,0.0,38700.0,2.3236039,15.89741
2026-06-20 03:00:00+02:00,21.892,3.6,11.879999,0.0,0.0,40600.0,4.323114,13.948265
2026-06-20 04:00:00+02:00,21.892,4.6938257,6.8399997,0.0,0.0,41000.0,0.4556962,11.189642
2026-06-20 05:00:00+02:00,21.342,4.3349743,9.36,0.0,0.0,40060.0,3.5591009,10.330335
2026-06-20 06:00:00+02:00,19.592,5.815978,11.5199995,0.0,0.0,36060.0,3.67394,8.442291
2026-06-20 07:00:00+02:00,21.741999,4.6102495,9.0,0.0,0.0,37300.0,5.195736,8.777877
2026-06-20 08:00:00+02:00,23.692,2.5455842,7.92,0.0,0.0,36000.0,4.201311,10.274241
2026-06-20 09:00:00+02:00,25.142,2.3051248,5.3999996,0.0,0.0,38400.0,4.201311,7.2649856
2026-06-20 10:00:00+02:00,26.592,2.8116899,6.8399997,0.0,0.0,40360.0,3.3175182,6.8275857
2026-06-20 11:00:00+02:00,28.092,1.835647,6.4799995,0.0,0.0,41560.0,1.4410379,6.48019
2026-06-20 12:00:00+02:00,29.642,2.8799999,3.6,0.0,0.0,42140.0,2.0379353,7.0769506
2026-06-20 13:00:00+02:00,31.042,6.130579,7.5599995,0.0,0.0,43980.0,3.0569031,6.939521
2026-06-20 14:00:00+02:00,31.241999,9.178235,11.159999,7.0,0.0,44100.0,9.045312,4.475857
2026-06-20 15:00:00+02:00,32.292,7.289444,17.64,2.0,0.0,44880.0,15.5204525,5.2667265
2026-06-20 16:00:00+02:00,28.692,22.077717,45.36,0.0,0.0,41800.0,4.201311,4.7270317
2026-06-20 17:00:00+02:00,31.092,20.774214,42.48,0.0,0.0,43720.0,15.851416,15.216393
2026-06-20 18:00:00+02:00,29.491999,11.367109,47.16,0.0,0.0,42840.0,4.6916795,8.1638975
2026-06-20 19:00:00+02:00,29.292,4.510787,18.72,0.0,0.0,43460.0,5.993747,11.809426
2026-06-20 20:00:00+02:00,28.842,3.563818,6.8399997,0.0,0.0,42300.0,3.67394,14.275861
2026-06-20 21:00:00+02:00,26.491999,4.39436,10.08,0.0,0.0,41580.0,4.488087,12.795845
2026-06-20 22:00:00+02:00,25.491999,4.896529,7.2,0.0,0.0,42620.0,5.333787,13.655171
2026-06-20 23:00:00+02:00,23.991999,5.3999996,8.28,0.0,0.0,41220.0,4.757608,14.275861
2026-06-21 00:00:00+02:00,23.392,5.6002855,9.72,0.0,0.0,39220.0,3.67394,11.189642
2026-06-21 01:00:00+02:00,23.942,3.6179552,9.72,0.0,0.0,40960.0,5.195736,6.2068963
2026-06-21 02:00:00+02:00,23.092,5.1165614,6.8399997,0.0,0.0,40800.0,2.0379353,6.1445136
2026-06-21 03:00:00+02:00,22.792,4.5536795,7.2,0.0,0.0,40600.0,2.278481,5.855574
2026-06-21 04:00:00+02:00,22.292,4.379589,6.4799995,0.0,0.0,40500.0,5.094838,10.00832
2026-06-21 05:00:00+02:00,22.942,2.7416782,7.2,0.0,0.0,40720.0,8.21518,14.167504
2026-06-21 06:00:00+02:00,21.042,5.95906,10.440001,0.0,0.0,37620.0,9.56962,16.527136
2026-06-21 07:00:00+02:00,21.942,2.2768397,10.440001,0.0,0.0,36400.0,5.941551,16.018122
2026-06-21 08:00:00+02:00,23.292,2.52,6.8399997,0.0,0.0,27160.0,7.958392,19.271389
2026-06-21 09:00:00+02:00,25.642,2.5959969,6.12,0.0,0.0,39140.0,7.866535,20.016638
2026-06-21 10:00:00+02:00,27.192,2.8116899,8.28,0.0,0.0,40900.0,5.543783,19.251385
2026-06-21 11:00:00+02:00,28.842,1.8,8.28,0.0,0.0,41420.0,4.201311,20.49216
2026-06-21 12:00:00+02:00,31.092,2.1897945,6.4799995,0.0,0.0,41860.0,1.643036,20.52034
2026-06-21 13:00:00+02:00,32.042,7.9526596,9.72,0.0,0.0,42740.0,2.6571426,21.330421
2026-06-21 14:00:00+02:00,32.492,7.208994,10.799999,0.0,0.0,43620.0,1.643036,20.482758
2026-06-21 15:00:00+02:00,33.292,7.9932976,9.72,0.0,0.0,45380.0,2.734177,22.999043
2026-06-21 16:00:00+02:00,34.142002,6.489992,14.04,0.0,0.0,44760.0,9.482423,19.900824
2026-06-21 17:00:00+02:00,33.842003,3.563818,19.8,0.0,0.0,46000.0,6.0797453,23.789505
2026-06-21 18:00:00+02:00,33.542,3.671294,14.04,0.0,0.0,44000.0,8.402622,23.95894
2026-06-21 19:00:00+02:00,33.092003,4.8965297,10.440001,0.0,0.0,42760.0,16.124176,22.482334
2026-06-21 20:00:00+02:00,30.491999,6.130579,10.08,0.0,0.0,41180.0,11.273301,27.04099
2026-06-21 21:00:00+02:00,27.592,1.9386592,12.24,0.0,0.0,39520.0,14.482251,26.754532
2026-06-21 22:00:00+02:00,25.592,6.849467,13.679999,0.0,0.0,39500.0,4.488087,26.428555
2026-06-21 23:00:00+02:00,24.292,6.162207,11.879999,0.0,0.0,39660.0,4.556962,23.618853
2026-06-22 00:00:00+02:00,23.292,6.28713,8.28,0.0,0.0,38720.0,5.195736,17.773846
2026-06-22 01:00:00+02:00,23.292,5.4833565,6.8399997,0.0,0.0,40220.0,5.543783,16.492132
2026-06-22 02:00:00+02:00,22.842,5.1165614,9.36,0.0,0.0,36760.0,5.333787,15.11478
2026-06-22 03:00:00+02:00,22.642,5.6233797,9.0,0.0,0.0,36300.0,7.958392,15.529648
2026-06-22 04:00:00+02:00,21.592,5.815978,11.5199995,0.0,0.0,22060.0,10.754816,14.490146
2026-06-22 05:00:00+02:00,21.642,5.6920996,10.08,0.0,0.0,22820.0,11.124962,12.367153
2026-06-22 06:00:00+02:00,21.292,5.8048253,10.08,0.0,0.0,33700.0,7.34788,10.569963
2026-06-22 07:00:00+02:00,22.342,4.3349743,9.72,0.0,0.0,33500.0,4.2990294,14.329733
2026-06-22 08:00:00+02:00,24.491999,1.8,6.4799995,0.0,0.0,32160.0,2.0379353,16.75862
2026-06-22 09:00:00+02:00,27.142,0.71999997,3.96,0.0,0.0,40240.0,3.67394,14.896551
2026-06-22 10:00:00+02:00,27.842,1.1384199,3.6,0.0,0.0,40600.0,2.8820758,13.655171
2026-06-22 11:00:00+02:00,29.042,0.5091169,6.12,0.0,0.0,41440.0,2.8820758,9.310345
2026-06-22 12:00:00+02:00,30.741999,2.7416782,7.5599995,0.0,0.0,42500.0,3.4704785,11.172413
2026-06-22 13:00:00+02:00,31.942,5.7599998,6.8399997,0.0,0.0,44740.0,3.286072,13.166815
2026-06-22 14:00:00+02:00,31.892,6.924738,13.32,0.0,0.0,43540.0,3.286072,12.051613
2026-06-22 15:00:00+02:00,32.892002,6.519877,15.4800005,0.0,0.0,45140.0,4.556962,13.879042
2026-06-22 16:00:00+02:00,33.392002,7.69592,15.119999,0.0,0.0,44940.0,9.383359,17.478779
2026-06-22 17:00:00+02:00,33.042,9.0645685,12.24,0.0,0.0,44180.0,10.936708,16.149862
2026-06-22 18:00:00+02:00,27.092,9.826088,33.12,0.0,1.1,37120.0,6.3960004,18.631031
2026-06-22 19:00:00+02:00,27.542,5.5887027,15.119999,0.0,0.0,34300.0,5.094838,24.278408
2026-06-22 20:00:00+02:00,29.342,4.198285,14.759999,0.0,0.0,40200.0,2.9178793,23.618853
2026-06-22 21:00:00+02:00,26.542,6.638072,12.599999,0.0,0.0,35940.0,1.9333551,20.716534
2026-06-22 22:00:00+02:00,24.842,6.489992,12.599999,0.0,0.0,34460.0,2.9178793,16.75862
2026-06-22 23:00:00+02:00,23.842,6.297428,11.5199995,0.0,0.0,33920.0,3.4704785,12.795845
2026-06-23 00:00:00+02:00,23.592,7.9036193,15.4800005,0.0,0.0,35260.0,4.488087,14.909477
2026-06-23 01:00:00+02:00,22.692,7.628263,14.4,0.0,0.0,34700.0,7.543114,8.821657
2026-06-23 02:00:00+02:00,22.491999,5.3999996,10.440001,0.0,0.0,37220.0,6.970812,10.998648
2026-06-23 03:00:00+02:00,21.842,6.638072,11.159999,0.0,0.0,31380.0,10.638335,12.96038
2026-06-23 04:00:00+02:00,21.892,3.4152596,15.119999,6.0,0.0,33120.0,5.3142853,8.886923
2026-06-23 05:00:00+02:00,22.292,10.105681,11.5199995,0.0,0.0,33180.0,13.548821,18.010698
2026-06-23 06:00:00+02:00,20.542,6.9247384,15.84,0.0,0.0,25000.0,12.603934,21.139927
2026-06-23 07:00:00+02:00,21.491999,3.7064266,13.679999,0.0,0.0,32100.0,9.784211,21.139927
2026-06-23 08:00:00+02:00,25.092,2.4149535,6.4799995,0.0,0.0,33760.0,8.36547,16.77011
2026-06-23 09:00:00+02:00,27.142,2.0991426,6.12,0.0,0.0,39860.0,6.7744107,14.909477
2026-06-23 10:00:00+02:00,28.092,1.1384199,6.12,0.0,0.0,40120.0,3.4704785,15.517241
2026-06-23 11:00:00+02:00,29.592,2.9024127,5.7599998,0.0,0.0,40980.0,1.4410379,13.655171
2026-06-23 12:00:00+02:00,30.842,2.8116899,6.8399997,0.0,0.0,41400.0,2.6571426,11.939204
2026-06-23 13:00:00+02:00,32.092,2.0364676,8.28,0.0,0.0,41720.0,5.487309,14.753624
2026-06-23 14:00:00+02:00,32.842003,1.2979984,9.72,0.0,0.0,41580.0,7.3619976,15.355014
2026-06-23 15:00:00+02:00,33.542,2.2768397,7.92,0.0,0.0,41580.0,9.079681,16.245003
2026-06-23 16:00:00+02:00,33.992,4.2136917,10.440001,0.0,0.0,41660.0,11.671517,23.099329
2026-06-23 17:00:00+02:00,33.592003,2.9024127,13.32,0.0,0.0,42360.0,7.3053656,22.379284
2026-06-23 18:00:00+02:00,33.392002,2.5455842,7.5599995,0.0,0.0,43000.0,7.34788,21.429527
2026-06-23 19:00:00+02:00,30.491999,5.5887027,10.08,0.0,0.0,42080.0,1.9333551,25.478535
2026-06-23 20:00:00+02:00,29.942,1.609969,9.72,0.0,0.0,41400.0,4.1265044,21.429527
2026-06-23 21:00:00+02:00,26.942,5.815978,7.92,0.0,0.0,39180.0,3.3175182,17.478779
2026-06-23 22:00:00+02:00,24.092,7.289444,9.0,0.0,0.0,33360.0,2.453999,15.529648
2026-06-23 23:00:00+02:00,24.241999,5.95906,13.679999,0.0,0.0,37160.0,5.195736,11.809426
2026-06-24 00:00:00+02:00,23.792,5.1919937,10.08,0.0,0.0,36540.0,3.89347,11.241167
2026-06-24 01:00:00+02:00,23.741999,5.4833565,8.64,0.0,0.0,36800.0,2.453999,8.442291
2026-06-24 02:00:00+02:00,23.442,4.1046314,10.799999,0.0,0.0,35880.0,2.278481,12.413793
2026-06-24 03:00:00+02:00,22.792,2.8116899,12.959999,0.0,0.0,39320.0,10.520563,9.454063
2026-06-24 04:00:00+02:00,23.142,5.937272,10.08,0.0,0.0,36860.0,8.402622,11.326523
2026-06-24 05:00:00+02:00,21.792,4.510787,9.72,0.0,0.0,32900.0,5.562481,10.5517235
2026-06-24 06:00:00+02:00,21.942,4.6102495,6.4799995,0.0,0.0,37660.0,3.5591009,9.310345
2026-06-24 07:00:00+02:00,23.292,3.5455887,6.4799995,0.0,0.0,38560.0,4.2990294,9.227215
2026-06-24 08:00:00+02:00,24.942,1.484318,5.3999996,0.0,0.0,37400.0,5.6366506,8.281033
2026-06-24 09:00:00+02:00,26.692,1.8,5.04,0.0,0.0,40100.0,5.195736,6.390391
2026-06-24 10:00:00+02:00,27.542,5.0528407,8.64,0.0,0.0,40680.0,6.940957,6.2068963
2026-06-24 11:00:00+02:00,29.241999,3.6179552,9.0,0.0,0.0,42200.0,4.757608,3.9255857
2026-06-24 12:00:00+02:00,30.642,4.379589,10.799999,0.0,0.0,42060.0,3.89347,6.329817
2026-06-24 13:00:00+02:00,31.692,5.4833565,10.08,0.0,0.0,41900.0,5.8000655,9.037377
2026-06-24 14:00:00+02:00,32.142002,7.6367526,12.24,0.0,0.0,43440.0,6.47666,14.714402
2026-06-24 15:00:00+02:00,33.392002,6.9527545,12.24,0.0,0.0,42600.0,7.840093,18.908127
2026-06-24 16:00:00+02:00,33.942,8.78872,19.44,0.0,0.0,43340.0,15.916782,20.864775
2026-06-24 17:00:00+02:00,34.492,2.0991426,20.519999,0.0,0.0,44180.0,16.587591,20.557856
2026-06-24 18:00:00+02:00,33.742,4.73506,10.08,54.0,0.0,42700.0,12.030725,21.103449
2026-06-24 19:00:00+02:00,33.142002,4.802999,10.799999,0.0,0.0,42500.0,12.108149,15.012479
2026-06-24 20:00:00+02:00,30.792,6.696387,11.159999,48.0,0.1,41360.0,14.589397,14.181093
2026-06-24 21:00:00+02:00,29.292,4.1046314,10.08,0.0,0.0,40740.0,9.113924,21.139927
2026-06-24 22:00:00+02:00,26.342,6.162207,8.28,0.0,0.0,39160.0,4.2990294,12.780782
2026-06-24 23:00:00+02:00,27.092,12.397806,7.92,0.0,0.0,39340.0,9.994198,6.939521
2026-06-25 00:00:00+02:00,24.842,5.3999996,15.84,0.0,0.0,34840.0,2.7718916,1.9627929
2026-06-25 01:00:00+02:00,25.292,5.0142193,9.0,0.0,0.0,38220.0,3.67394,1.9627929
2026-06-25 02:00:00+02:00,24.792,3.7585104,5.7599998,54.0,0.0,33160.0,4.907998,0.0
2026-06-25 03:00:00+02:00,24.192,4.3349743,9.0,11.0,0.5,30840.0,2.7718916,1.7555753
2026-06-25 04:00:00+02:00,23.542,3.096837,6.12,3.0,0.0,30620.0,2.6571426,3.3425157
2026-06-25 05:00:00+02:00,23.442,3.6,5.04,0.0,0.0,32780.0,4.323114,4.3448277
2026-06-25 06:00:00+02:00,23.642,2.1897945,6.8399997,22.0,0.0,35380.0,5.094838,5.7224755
2026-06-25 07:00:00+02:00,25.342,1.484318,3.2399998,24.0,0.0,37740.0,2.734177,6.2068963
2026-06-25 08:00:00+02:00,25.692,2.8799999,4.32,32.0,0.0,27580.0,0.4556962,5.2667265
2026-06-25 09:00:00+02:00,27.042,1.2979984,4.68,28.0,0.0,35340.0,0.4556962,5.339374
2026-06-25 10:00:00+02:00,28.042,1.835647,2.52,33.0,0.0,36720.0,1.643036,4.475857
2026-06-25 11:00:00+02:00,28.792,2.6208394,5.04,0.0,0.0,39680.0,4.511162,1.9627929
2026-06-25 12:00:00+02:00,30.092,4.3349743,9.36,0.0,0.0,41020.0,7.0889688,3.3425157
2026-06-25 13:00:00+02:00,31.292,5.5887027,10.08,26.0,0.0,41200.0,8.11344,5.0041595
2026-06-25 14:00:00+02:00,31.792,7.42159,18.359999,13.0,0.0,41260.0,11.282507,9.715329
2026-06-25 15:00:00+02:00,33.092003,6.9153743,16.919998,9.0,0.0,41620.0,13.144288,11.0510645
2026-06-25 16:00:00+02:00,32.192,5.692099,18.72,42.0,0.0,41800.0,11.830561,11.711148
2026-06-25 17:00:00+02:00,32.392002,9.957108,14.04,9.0,0.0,41340.0,17.250372,13.948265
2026-06-25 18:00:00+02:00,32.342,10.296251,24.48,0.0,0.0,41460.0,18.97032,9.037377
2026-06-25 19:00:00+02:00,30.442,12.475961,25.919998,41.0,0.1,40800.0,13.402427,6.2378535
2026-06-25 20:00:00+02:00,25.491999,4.32,19.8,39.0,0.0,3180.0,14.723995,4.7270317
2026-06-25 21:00:00+02:00,28.042,10.514218,26.64,3.0,1.0,41920.0,24.527294,6.7137847
2026-06-25 22:00:00+02:00,24.792,8.854829,25.919998,0.0,0.1,31320.0,12.864844,8.327425
2026-06-25 23:00:00+02:00,24.142,11.013882,21.24,10.0,0.0,36160.0,19.231243,16.77011
2026-06-26 00:00:00+02:00,24.642,11.525623,33.48,0.0,1.0,32140.0,17.90602,10.4046545
2026-06-26 01:00:00+02:00,22.892,8.654986,24.84,0.0,1.2,33360.0,9.482423,29.611515
2026-06-26 02:00:00+02:00,23.142,3.5455887,14.04,0.0,0.0,35760.0,9.858215,17.78468
2026-06-26 03:00:00+02:00,23.241999,5.0528407,8.28,0.0,0.0,35620.0,9.752324,10.551724
2026-06-26 04:00:00+02:00,22.241999,4.3349743,11.5199995,0.0,0.0,31400.0,2.6571426,14.8057575
2026-06-26 05:00:00+02:00,22.741999,3.8939953,8.64,0.0,0.0,34560.0,4.0758705,18.423088
2026-06-26 06:00:00+02:00,22.792,2.4149535,6.4799995,0.0,0.0,36720.0,3.89347,16.71258
2026-06-26 07:00:00+02:00,23.592,2.0991426,3.6,0.0,0.0,36600.0,1.8788835,12.4911375
2026-06-26 08:00:00+02:00,24.042,2.6208394,5.3999996,0.0,0.0,28760.0,0.4556962,8.711794
2026-06-26 09:00:00+02:00,25.292,2.16,5.3999996,0.0,0.0,34380.0,4.556962,13.093462
2026-06-26 10:00:00+02:00,26.542,2.1897945,6.4799995,0.0,0.0,36960.0,3.89347,11.858258
2026-06-26 11:00:00+02:00,27.692,0.8049845,5.7599998,0.0,0.0,39580.0,2.0379353,12.413793
2026-06-26 12:00:00+02:00,28.991999,2.5455842,4.32,0.0,0.0,39640.0,1.9333551,13.166815
2026-06-26 13:00:00+02:00,30.042,5.7599998,7.5599995,0.0,0.0,41860.0,4.323114,14.490146
2026-06-26 14:00:00+02:00,30.942,4.32,11.159999,9.0,0.0,41680.0,2.0379353,12.795845
2026-06-26 15:00:00+02:00,31.942,6.28713,12.24,0.0,0.0,41720.0,4.844117,13.370063
2026-06-26 16:00:00+02:00,32.592003,6.830519,11.879999,0.0,0.0,41480.0,5.195736,16.13793
2026-06-26 17:00:00+02:00,32.792,4.8965297,14.4,0.0,0.0,42020.0,14.301892,11.41124
2026-06-26 18:00:00+02:00,33.142002,7.289445,16.919998,0.0,0.0,42280.0,20.470856,9.310345
2026-06-26 19:00:00+02:00,33.092003,2.9024127,17.64,0.0,0.0,43080.0,9.394418,8.951714
2026-06-26 20:00:00+02:00,31.642,6.379216,6.12,6.0,0.0,40980.0,12.864844,3.1649084
2026-06-26 21:00:00+02:00,30.042,3.7585104,12.24,0.0,0.0,40420.0,7.20519,2.775808
2026-06-26 22:00:00+02:00,26.542,7.10031,8.64,0.0,0.0,35160.0,4.201311,6.8557405
2026-06-26 23:00:00+02:00,25.792,4.8965297,11.879999,0.0,0.0,34580.0,2.278481,5.00416
2026-06-27 00:00:00+02:00,25.192,4.2136917,10.440001,0.0,0.0,32480.0,3.2222586,3.3425157
2026-06-27 01:00:00+02:00,24.991999,4.829907,7.5599995,0.0,0.0,32200.0,3.9200466,3.3425157
2026-06-27 02:00:00+02:00,26.042,14.512064,6.4799995,0.0,0.0,20200.0,11.02182,11.189642
2026-06-27 03:00:00+02:00,26.092,4.0249224,26.28,69.0,1.7,39460.0,13.246578,8.777877
2026-06-27 04:00:00+02:00,23.692,5.00128,18.0,25.0,0.0,28960.0,6.0797453,9.474416
2026-06-27 05:00:00+02:00,25.692,4.5536795,9.0,39.0,0.0,38240.0,1.3670886,5.7224755
2026-06-27 06:00:00+02:00,24.542,2.8116899,8.64,23.0,0.0,37960.0,1.2889035,10.624495
2026-06-27 07:00:00+02:00,24.892,2.3051248,7.2,3.0,0.0,38980.0,1.0189676,8.281033
2026-06-27 08:00:00+02:00,25.542,2.1897945,5.04,0.0,0.0,37080.0,1.2889035,4.8477407
2026-06-27 09:00:00+02:00,26.342,3.9763298,6.8399997,9.0,0.0,36540.0,2.278481,3.1649084
2026-06-27 10:00:00+02:00,27.942,4.0249224,6.4799995,0.0,0.0,40080.0,1.9333551,1.9627929
2026-06-27 11:00:00+02:00,29.142,3.319036,6.12,2.0,0.0,40600.0,3.89347,3.9255857
2026-06-27 12:00:00+02:00,30.642,1.2979984,6.4799995,5.0,0.0,41480.0,4.6472077,7.499821
2026-06-27 13:00:00+02:00,31.491999,3.2399998,6.4799995,0.0,0.0,41380.0,3.67394,7.677507
2026-06-27 14:00:00+02:00,32.742,5.95906,11.159999,0.0,0.0,41940.0,12.95332,8.711794
2026-06-27 15:00:00+02:00,33.642002,8.78872,18.72,5.0,0.0,42540.0,13.9118,7.4740934
2026-06-27 16:00:00+02:00,33.692,8.78872,21.599998,0.0,0.0,42700.0,13.548821,5.5862064
2026-06-27 17:00:00+02:00,33.992,5.495161,19.44,0.0,0.0,42500.0,6.444517,6.939521
2026-06-27 18:00:00+02:00,33.792,5.3517847,13.679999,0.0,0.0,42680.0,6.524576,3.3425157
2026-06-27 19:00:00+02:00,32.292,5.771239,12.959999,0.0,0.0,42360.0,9.837129,10.714764
2026-06-27 20:00:00+02:00,32.042,4.3498964,11.879999,0.0,0.0,42240.0,6.7744107,4.3889384
2026-06-27 21:00:00+02:00,29.292,9.9571085,20.519999,41.0,0.1,39900.0,4.844117,10.839878
2026-06-27 22:00:00+02:00,28.592,16.418526,31.68,2.0,0.1,40740.0,1.0189676,8.350525
2026-06-27 23:00:00+02:00,27.491999,7.9526596,31.68,0.0,0.0,40980.0,4.556962,8.821657
2026-06-28 00:00:00+02:00,27.042,2.5455842,16.919998,18.0,0.0,40840.0,11.419714,7.2649856
2026-06-28 01:00:00+02:00,25.392,5.0142193,9.36,0.0,0.0,39920.0,10.599223,11.103232
2026-06-28 02:00:00+02:00,25.542,4.829907,9.72,0.0,0.0,40880.0,6.0797453,17.752157
2026-06-28 03:00:00+02:00,24.792,5.00128,9.72,0.0,0.0,40060.0,2.577807,17.643314
2026-06-28 04:00:00+02:00,25.892,4.68,7.92,0.0,0.0,40980.0,1.8788835,17.78468
2026-06-28 05:00:00+02:00,25.692,2.968636,5.04,6.0,0.0,40660.0,2.0379353,13.739551
2026-06-28 06:00:00+02:00,24.991999,3.0547013,9.72,15.0,0.0,39580.0,1.643036,8.6452055
2026-06-28 07:00:00+02:00,25.792,2.5959969,5.04,17.0,0.0,40160.0,1.9333551,4.1637125
2026-06-28 08:00:00+02:00,26.491999,3.319036,3.96,0.0,0.0,38780.0,3.8667102,5.855574
2026-06-28 09:00:00+02:00,27.792,3.219938,8.28,0.0,0.0,39440.0,2.7718916,2.775808
2026-06-28 10:00:00+02:00,29.592,3.396233,9.0,0.0,0.0,41040.0,4.488087,1.8620689
2026-06-28 11:00:00+02:00,31.042,2.7416782,7.2,0.0,0.0,41700.0,4.1265044,3.5111506
2026-06-28 12:00:00+02:00,32.692,4.3498964,5.7599998,0.0,0.0,42220.0,3.5591009,2.5591688
2026-06-28 13:00:00+02:00,33.442,7.754637,9.72,0.0,0.0,42640.0,4.201311,2.5591688
2026-06-28 14:00:00+02:00,33.942,13.570615,16.56,19.0,0.0,42700.0,7.418196,4.7270317
2026-06-28 15:00:00+02:00,34.592003,15.072783,25.919998,66.0,0.0,42240.0,14.503743,4.1637125
2026-06-28 16:00:00+02:00,32.742,12.783802,41.039997,0.0,0.0,44240.0,14.41038,10.236675
2026-06-28 17:00:00+02:00,24.792,22.89611,51.12,0.0,0.0,38820.0,11.848101,18.454428
2026-06-28 18:00:00+02:00,25.991999,16.135872,48.96,0.0,0.0,41040.0,7.3619976,16.185604
2026-06-28 19:00:00+02:00,27.092,9.085988,29.88,0.0,0.0,41360.0,18.788836,9.474416
2026-06-28 20:00:00+02:00,27.842,4.8433046,15.84,0.0,0.0,42140.0,22.221907,6.7137847
2026-06-28 21:00:00+02:00,27.491999,4.379589,9.36,0.0,0.0,42180.0,16.461926,10.857635
2026-06-28 22:00:00+02:00,24.392,9.339208,16.919998,0.0,0.0,40700.0,13.594724,9.950412
2026-06-28 23:00:00+02:00,22.991999,5.634891,15.119999,0.0,0.0,39920.0,6.835443,1.7555753
2026-06-29 00:00:00+02:00,23.642,5.6233797,9.0,0.0,0.0,40940.0,3.67394,4.3889384
2026-06-29 01:00:00+02:00,23.092,6.8777895,16.199999,0.0,0.0,40480.0,1.8227848,7.948705
2026-06-29 02:00:00+02:00,23.342,2.8116899,11.159999,0.0,0.0,41260.0,5.506198,9.474416
2026-06-29 03:00:00+02:00,22.642,2.9024127,9.72,0.0,0.0,41000.0,3.2222586,7.499821
2026-06-29 04:00:00+02:00,22.991999,4.3498964,9.72,0.0,0.0,41100.0,0.9113924,7.238423
2026-06-29 05:00:00+02:00,21.792,6.4096174,10.799999,0.0,0.0,40760.0,4.1265044,11.444951
2026-06-29 06:00:00+02:00,22.491999,5.3517847,10.08,0.0,0.0,41080.0,6.47666,12.4293
2026-06-29 07:00:00+02:00,24.092,4.8433046,10.799999,0.0,0.0,41420.0,7.34788,11.987508
2026-06-29 08:00:00+02:00,24.692,3.5455887,7.5599995,0.0,0.0,40820.0,11.254866,10.533453
2026-06-29 09:00:00+02:00,26.741999,3.9763298,7.5599995,0.0,0.0,39460.0,11.830561,10.606349
2026-06-29 10:00:00+02:00,27.942,1.484318,10.799999,0.0,0.0,42100.0,8.074956,9.454063
2026-06-29 11:00:00+02:00,29.392,3.8773184,8.28,0.0,0.0,42460.0,10.677303,5.8883786
2026-06-29 12:00:00+02:00,30.592,4.6800003,9.72,0.0,0.0,42620.0,7.1182017,2.4827583
2026-06-29 13:00:00+02:00,32.492,4.452954,7.5599995,0.0,0.0,43200.0,1.0189676,2.775808
2026-06-29 14:00:00+02:00,32.492,6.162207,10.799999,0.0,0.0,43360.0,1.4410379,2.775808
2026-06-29 15:00:00+02:00,33.692,18.998314,36.36,0.0,0.0,45620.0,18.369701,2.2379284
2026-06-29 16:00:00+02:00,28.692,22.380884,46.8,0.0,0.0,41760.0,6.835443,15.025306
2026-06-29 17:00:00+02:00,27.892,18.671474,38.88,0.0,0.0,42640.0,22.445059,23.265514
2026-06-29 18:00:00+02:00,25.942,16.870138,36.719997,0.0,0.0,41240.0,15.209606,12.367153
2026-06-29 19:00:00+02:00,27.592,10.630672,33.839996,0.0,0.0,41600.0,34.25308,4.8477407
2026-06-29 20:00:00+02:00,26.592,8.435069,26.64,0.0,0.0,27240.0,14.836392,19.480164
2026-06-29 21:00:00+02:00,25.741999,4.896529,13.679999,0.0,0.1,41040.0,15.099987,24.175043
2026-06-29 22:00:00+02:00,23.942,8.311245,16.199999,0.0,0.0,40320.0,13.402427,21.510277
2026-06-29 23:00:00+02:00,23.042,5.5887027,16.199999,0.0,0.0,39920.0,12.396276,13.152178
2026-06-30 00:00:00+02:00,22.142,5.904439,14.04,0.0,0.0,39460.0,8.215179,6.7137847
2026-06-30 01:00:00+02:00,22.442,7.0911775,12.599999,0.0,0.0,39880.0,12.570939,6.939521
2026-06-30 02:00:00+02:00,21.991999,7.172949,13.32,0.0,0.0,40120.0,17.725351,9.164372
2026-06-30 03:00:00+02:00,21.892,5.8603754,13.679999,0.0,0.0,40280.0,15.09311,10.98112
2026-06-30 04:00:00+02:00,22.542,5.0142193,12.599999,0.0,0.0,40540.0,10.189676,7.0769506
2026-06-30 05:00:00+02:00,19.642,5.8048253,9.0,0.0,0.0,37620.0,3.5591009,9.813965
2026-06-30 06:00:00+02:00,19.192,4.896529,7.92,0.0,0.0,37260.0,2.577807,9.310345
2026-06-30 07:00:00+02:00,22.241999,5.3999996,9.0,0.0,0.0,39940.0,6.970812,12.735487
2026-06-30 08:00:00+02:00,23.342,2.9024127,9.0,0.0,0.0,38180.0,5.8357587,13.948265
2026-06-30 09:00:00+02:00,25.592,2.52,6.8399997,0.0,0.0,40400.0,4.1265044,14.529971
2026-06-30 10:00:00+02:00,26.442,4.0249224,9.0,0.0,0.0,41060.0,2.3236039,14.4368725
2026-06-30 11:00:00+02:00,28.292,2.6208394,9.36,0.0,0.0,41840.0,3.1898732,13.612786
2026-06-30 12:00:00+02:00,30.092,5.00128,11.5199995,0.0,0.0,44200.0,9.113924,11.41124
2026-06-30 13:00:00+02:00,28.592,17.462782,39.239998,0.0,0.0,42240.0,15.680186,7.0769506
2026-06-30 14:00:00+02:00,28.442,15.39184,33.48,0.0,0.0,41440.0,12.269996,3.7241378
2026-06-30 15:00:00+02:00,30.942,14.471821,32.039997,0.0,0.0,42660.0,11.208644,4.5186887
2026-06-30 16:00:00+02:00,31.942,10.086427,27.0,0.0,0.0,43480.0,3.0569031,1.9627929
2026-06-30 17:00:00+02:00,30.491999,6.924738,14.4,0.0,0.0,42320.0,6.347113,1.387904
2026-06-30 18:00:00+02:00,30.442,4.5536795,10.440001,2.0,0.0,41800.0,6.444517,0.6206896
2026-06-30 19:00:00+02:00,30.192,2.3051248,12.24,0.0,0.0,41400.0,7.34788,3.1034482
2026-06-30 20:00:00+02:00,29.142,5.0142193,4.68,22.0,0.0,40740.0,5.468354,1.387904
2026-06-30 21:00:00+02:00,26.741999,3.8268526,9.72,0.0,0.0,39680.0,4.6472077,7.948705
2026-06-30 22:00:00+02:00,24.092,5.0528407,8.64,34.0,0.0,37620.0,7.958392,7.4482756
2026-06-30 23:00:00+02:00,24.342,12.181624,14.759999,5.0,0.4,37900.0,8.658227,9.227215
2026-07-01 00:00:00+02:00,23.142,6.6087217,21.599998,0.0,0.1,37200.0,7.7602262,4.475857
2026-07-01 01:00:00+02:00,21.792,4.1046314,11.5199995,0.0,0.0,35440.0,6.198138,1.387904
2026-07-01 02:00:00+02:00,21.741999,6.193674,12.24,0.0,0.0,35380.0,2.8820758,6.2068963
2026-07-01 03:00:00+02:00,21.842,5.8603754,15.119999,0.0,0.0,34720.0,2.0379353,5.3031745
2026-07-01 04:00:00+02:00,22.042,5.8603754,12.959999,0.0,0.0,35760.0,1.0189676,6.939521
2026-07-01 05:00:00+02:00,22.991999,4.1046314,11.159999,0.0,0.0,39000.0,1.8227848,6.48019
2026-07-01 06:00:00+02:00,22.942,3.319036,8.28,0.0,0.0,39260.0,1.3670886,10.008319
2026-07-01 07:00:00+02:00,23.292,0.8049845,6.4799995,0.0,0.0,39780.0,3.9200466,13.268828
2026-07-01 08:00:00+02:00,23.642,2.52,9.0,0.0,0.0,38060.0,3.5591009,12.795844
2026-07-01 09:00:00+02:00,25.442,4.73506,8.64,0.0,0.0,40360.0,5.543783,13.612786
2026-07-01 10:00:00+02:00,25.991999,3.319036,9.0,0.0,0.0,40420.0,7.800262,13.948265
2026-07-01 11:00:00+02:00,27.592,5.815978,12.599999,0.0,0.0,41640.0,15.209606,9.695481
2026-07-01 12:00:00+02:00,27.442,7.24486,29.88,0.0,0.0,42320.0,20.587181,7.0769506
2026-07-01 13:00:00+02:00,25.692,6.696387,21.599998,0.0,0.2,4920.0,15.148044,22.898315
2026-07-01 14:00:00+02:00,22.991999,14.77755,24.48,0.0,3.9,40820.0,26.99399,21.103449
2026-07-01 15:00:00+02:00,24.792,17.826363,35.28,0.0,0.0,42340.0,29.025377,28.477413
2026-07-01 16:00:00+02:00,25.192,17.935081,41.039997,0.0,0.0,43240.0,19.594936,31.951952
2026-07-01 17:00:00+02:00,26.241999,13.797913,32.760002,0.0,0.0,43880.0,26.990145,22.353445
2026-07-01 18:00:00+02:00,26.991999,11.659777,25.919998,0.0,0.0,45160.0,27.74138,12.194616
2026-07-01 19:00:00+02:00,26.192,9.931042,21.24,0.0,0.0,44840.0,24.100254,18.599987
2026-07-01 20:00:00+02:00,24.942,14.081478,18.0,0.0,0.0,44960.0,32.083725,16.292364
2026-07-01 21:00:00+02:00,22.241999,11.165805,28.44,0.0,0.0,43320.0,22.679756,26.105885
2026-07-01 22:00:00+02:00,19.942,7.208994,18.72,0.0,0.0,42340.0,27.673931,38.04478
2026-07-01 23:00:00+02:00,20.792,14.917212,17.28,0.0,0.0,43600.0,35.884445,34.608665
2026-07-02 00:00:00+02:00,21.092,13.009903,29.16,0.0,0.0,43440.0,33.03719,43.448277
2026-07-02 01:00:00+02:00,19.192,8.647496,23.039999,0.0,0.0,42120.0,30.162132,44.758568
2026-07-02 02:00:00+02:00,21.741999,14.113653,15.84,0.0,0.0,43440.0,36.967606,33.45972
2026-07-02 03:00:00+02:00,21.542,12.015589,27.72,0.0,0.0,43440.0,34.383175,35.00712
2026-07-02 04:00:00+02:00,19.991999,7.928178,21.24,0.0,0.0,42340.0,27.258099,36.51006
2026-07-02 05:00:00+02:00,20.642,11.165805,14.4,0.0,0.0,42960.0,27.55361,33.4021
2026-07-02 06:00:00+02:00,19.592,8.64,20.519999,0.0,0.0,42020.0,22.825785,32.042255
2026-07-02 07:00:00+02:00,20.392,5.692099,15.84,0.0,0.0,41260.0,17.12957,34.334854
2026-07-02 08:00:00+02:00,22.942,7.69592,10.08,0.0,0.0,42080.0,21.821138,28.144014
2026-07-02 09:00:00+02:00,25.042,5.3517847,15.4800005,0.0,0.0,42880.0,20.34876,23.331656
2026-07-02 10:00:00+02:00,26.142,4.0249224,9.72,0.0,0.0,43360.0,15.5204525,20.66067
2026-07-02 11:00:00+02:00,27.842,7.5942082,11.879999,0.0,0.0,46100.0,17.69604,17.577684
2026-07-02 12:00:00+02:00,29.692,6.6087217,15.84,0.0,0.0,48540.0,15.148044,16.292364
2026-07-02 13:00:00+02:00,30.991999,3.9763298,14.04,0.0,0.0,49220.0,6.7744107,17.489796
2026-07-02 14:00:00+02:00,31.892,5.4119864,10.440001,0.0,0.0,51480.0,10.628571,32.192196
2026-07-02 15:00:00+02:00,32.942,4.452954,15.4800005,0.0,0.0,53680.0,7.800262,32.383106
2026-07-02 16:00:00+02:00,33.242,3.5455887,9.36,0.0,0.0,54540.0,8.706063,29.851236
2026-07-02 17:00:00+02:00,32.842003,10.1887,16.199999,0.0,0.0,56580.0,5.8000655,24.278408
2026-07-02 18:00:00+02:00,32.242,10.495713,23.039999,0.0,0.0,55180.0,13.678478,19.400894
2026-07-02 19:00:00+02:00,31.392,5.1919937,20.16,0.0,0.0,49160.0,12.792001,20.208189
2026-07-02 20:00:00+02:00,29.692,7.9036193,12.959999,0.0,0.0,47900.0,13.594724,21.24899
2026-07-02 21:00:00+02:00,26.342,7.968939,17.28,0.0,0.0,46900.0,14.482251,20.52034
2026-07-02 22:00:00+02:00,23.342,6.763786,14.04,0.0,0.0,46120.0,13.701232,22.973904
2026-07-02 23:00:00+02:00,23.042,8.766573,12.959999,0.0,0.0,44620.0,18.882545,18.26558
2026-07-03 00:00:00+02:00,22.542,8.373386,16.919998,0.0,0.0,44500.0,16.430359,18.170418
2026-07-03 01:00:00+02:00,21.292,8.0899935,15.119999,0.0,0.0,43320.0,14.878324,17.043554
2026-07-03 02:00:00+02:00,22.491999,8.225035,14.759999,0.0,0.0,44060.0,12.133847,10.274241
2026-07-03 03:00:00+02:00,21.592,7.729527,16.199999,0.0,0.0,43040.0,11.760141,7.5764823
2026-07-03 04:00:00+02:00,20.792,7.7879906,14.04,0.0,0.0,42360.0,12.2276125,7.4740934
2026-07-03 05:00:00+02:00,21.192,8.699793,14.04,0.0,0.0,42520.0,15.148044,7.5764823
2026-07-03 06:00:00+02:00,20.942,7.729527,16.56,0.0,0.0,42020.0,14.482251,7.677507
2026-07-03 07:00:00+02:00,20.892,7.491114,13.679999,0.0,0.0,40620.0,14.067659,9.6356945
2026-07-03 08:00:00+02:00,23.092,5.3999996,12.24,0.0,0.0,40860.0,11.848101,11.41124
2026-07-03 09:00:00+02:00,25.842,5.3999996,10.799999,0.0,0.0,42440.0,11.528303,12.915714
2026-07-03 10:00:00+02:00,27.042,5.6920996,12.24,0.0,0.0,43360.0,11.680409,12.735487
2026-07-03 11:00:00+02:00,28.942,4.6938257,12.24,0.0,0.0,45620.0,16.805244,12.051613
2026-07-03 12:00:00+02:00,30.342,2.1897945,12.599999,0.0,0.0,46640.0,12.312233,11.103232
2026-07-03 13:00:00+02:00,31.342,5.3999996,12.959999,0.0,0.0,47440.0,7.78694,11.793103
2026-07-03 14:00:00+02:00,32.642002,5.4119864,13.679999,0.0,0.0,50420.0,13.594724,7.499821
2026-07-03 15:00:00+02:00,33.242,5.937272,15.119999,0.0,0.0,53080.0,10.802979,7.8511715
2026-07-03 16:00:00+02:00,33.692,5.991594,15.84,0.0,0.0,54740.0,7.971428,16.327795
2026-07-03 17:00:00+02:00,33.542,6.638072,11.5199995,0.0,0.0,57500.0,12.864844,18.98945
2026-07-03 18:00:00+02:00,32.992,10.041354,19.08,0.0,0.0,56040.0,12.792001,14.072007
2026-07-03 19:00:00+02:00,31.792,10.24578,22.319998,0.0,0.0,51260.0,13.678478,14.167504
2026-07-03 20:00:00+02:00,30.092,9.0,21.96,0.0,0.0,49260.0,11.537306,12.289027
2026-07-03 21:00:00+02:00,26.991999,9.693296,17.64,0.0,0.0,46620.0,9.858215,16.77011
2026-07-03 22:00:00+02:00,25.942,9.290511,18.72,0.0,0.0,45860.0,8.658227,21.230852
2026-07-03 23:00:00+02:00,25.142,9.387651,16.919998,0.0,0.0,44800.0,9.215885,22.898315
2026-07-04 00:00:00+02:00,23.942,9.085988,17.64,0.0,0.0,44000.0,10.411436,22.593443
2026-07-04 01:00:00+02:00,22.292,7.9932966,16.56,0.0,0.0,42640.0,9.227144,18.764957
2026-07-04 02:00:00+02:00,20.792,8.287822,15.119999,0.0,0.0,41840.0,11.848101,16.94153
2026-07-04 03:00:00+02:00,20.642,7.4128532,15.4800005,0.0,0.0,42020.0,11.392405,15.702343
2026-07-04 04:00:00+02:00,19.741999,7.10031,13.32,0.0,0.0,41720.0,8.476439,15.714606
2026-07-04 05:00:00+02:00,18.991999,6.9247384,13.32,0.0,0.0,41920.0,10.118097,14.153901
2026-07-04 06:00:00+02:00,18.592,6.763786,12.599999,0.0,0.0,41880.0,9.752324,13.948265
2026-07-04 07:00:00+02:00,19.241999,6.9247384,12.959999,0.0,0.0,41120.0,8.765491,13.370063
2026-07-04 08:00:00+02:00,21.892,4.6102495,12.24,0.0,0.0,41420.0,8.561753,12.5680065
2026-07-04 09:00:00+02:00,25.342,4.32,8.64,0.0,0.0,43240.0,7.958391,15.665498
2026-07-04 10:00:00+02:00,26.741999,5.506941,11.879999,0.0,0.0,44600.0,5.506198,19.390963
2026-07-04 11:00:00+02:00,29.192,3.7585104,11.879999,0.0,0.0,46600.0,5.941551,22.889902
2026-07-04 12:00:00+02:00,30.892,4.32,9.36,0.0,0.0,50020.0,2.7718916,22.788692
2026-07-04 13:00:00+02:00,31.842,3.219938,9.0,0.0,0.0,52040.0,3.4704785,33.42516
2026-07-04 14:00:00+02:00,32.842003,3.2599385,11.879999,0.0,0.0,50820.0,6.9559,31.679502
2026-07-04 15:00:00+02:00,33.492,6.638072,15.119999,0.0,0.0,51440.0,8.598059,31.951952
2026-07-04 16:00:00+02:00,33.742,2.4149535,15.119999,0.0,0.0,51020.0,8.753638,35.308456
2026-07-04 17:00:00+02:00,33.742,8.4963045,7.2,0.0,0.0,53360.0,5.941551,37.251724
2026-07-04 18:00:00+02:00,33.342003,6.9247384,18.359999,0.0,0.0,56880.0,15.851416,30.866442
2026-07-04 19:00:00+02:00,32.492,2.4149535,12.599999,0.0,0.0,55800.0,20.179676,26.653542
2026-07-04 20:00:00+02:00,29.692,8.4042845,12.959999,0.0,0.0,50340.0,21.892395,20.265303
2026-07-04 21:00:00+02:00,26.342,9.449572,18.0,0.0,0.0,50860.0,22.175133,20.265303
2026-07-04 22:00:00+02:00,24.241999,7.9932966,17.64,0.0,0.0,48860.0,15.600524,28.423246
2026-07-04 23:00:00+02:00,24.442,9.085988,15.119999,0.0,0.0,48040.0,15.4936695,27.57008
2026-07-05 00:00:00+02:00,23.342,7.653705,16.199999,0.0,0.0,46360.0,15.5538645,30.30593
2026-07-05 01:00:00+02:00,22.142,7.9932966,14.4,0.0,0.0,45880.0,12.337506,32.708637
2026-07-05 02:00:00+02:00,21.842,8.287822,15.119999,0.0,0.0,46340.0,15.50037,27.43701
2026-07-05 03:00:00+02:00,21.092,7.491114,14.759999,0.0,0.0,46300.0,15.5538645,25.831429
2026-07-05 04:00:00+02:00,20.192,8.39657,15.119999,0.0,0.0,45340.0,13.739071,27.716415
2026-07-05 05:00:00+02:00,20.192,7.9036193,15.119999,0.0,0.0,44200.0,13.859459,25.326874
2026-07-05 06:00:00+02:00,19.342,7.289445,14.04,0.0,0.0,43540.0,11.987494,22.014801
2026-07-05 07:00:00+02:00,19.292,6.297428,12.599999,0.0,0.0,41520.0,8.253009,24.175043
2026-07-05 08:00:00+02:00,22.642,3.096837,10.799999,0.0,0.0,41680.0,10.280973,23.700268
2026-07-05 09:00:00+02:00,25.991999,3.6,7.5599995,0.0,0.0,45480.0,11.92671,27.43701
2026-07-05 10:00:00+02:00,27.892,4.0249224,9.0,0.0,0.0,49380.0,9.515216,30.439116
2026-07-05 11:00:00+02:00,30.092,2.1897945,9.36,0.0,0.0,52760.0,16.284365,35.28663
2026-07-05 12:00:00+02:00,31.442,0.5091169,7.92,0.0,0.0,55960.0,12.905135,36.255924
2026-07-05 13:00:00+02:00,33.042,4.829907,11.879999,0.0,0.0,54880.0,9.994197,34.491585
2026-07-05 14:00:00+02:00,33.842003,2.968636,11.159999,0.0,0.0,55740.0,7.6388597,35.270245
2026-07-05 15:00:00+02:00,34.542,10.805999,22.68,0.0,0.0,59820.0,11.961482,40.344826
2026-07-05 16:00:00+02:00,34.342003,6.830519,23.039999,0.0,0.0,60940.0,29.380919,44.108284
2026-07-05 17:00:00+02:00,33.992,10.028439,19.44,0.0,0.0,60620.0,31.604427,36.00535
2026-07-05 18:00:00+02:00,33.142002,4.198285,20.519999,0.0,0.0,57100.0,32.280533,29.487658
2026-07-05 19:00:00+02:00,32.442,13.276144,27.359999,0.0,0.0,58140.0,37.75684,30.470741
2026-07-05 20:00:00+02:00,31.542,5.692099,23.4,0.0,0.0,58060.0,43.480198,36.32493
2026-07-05 21:00:00+02:00,28.741999,5.0142193,13.32,0.0,0.0,55820.0,41.658207,40.876076
2026-07-05 22:00:00+02:00,23.741999,7.92,17.28,0.0,0.0,45260.0,35.462418,43.234943
2026-07-05 23:00:00+02:00,24.042,9.028754,14.04,0.0,0.0,44680.0,25.31063,43.963932
2026-07-06 00:00:00+02:00,23.092,7.172949,15.84,0.0,0.0,43700.0,21.335148,47.18874
2026-07-06 01:00:00+02:00,21.892,6.439876,12.959999,0.0,0.0,42820.0,21.996489,48.050358
2026-07-06 02:00:00+02:00,22.241999,7.754637,11.159999,0.0,0.0,43460.0,23.788038,47.270313
2026-07-06 03:00:00+02:00,22.042,7.5685663,14.4,0.0,0.0,43220.0,23.661121,48.086422
2026-07-06 04:00:00+02:00,20.842,7.5170207,13.679999,0.0,0.0,42320.0,24.662384,45.144234
2026-07-06 05:00:00+02:00,21.741999,8.311245,13.32,0.0,0.0,42840.0,24.666595,49.421864
2026-07-06 06:00:00+02:00,21.142,5.991594,14.4,0.0,0.0,42200.0,17.981243,46.55586
2026-07-06 07:00:00+02:00,21.692,5.1165614,10.440001,0.0,0.0,41540.0,15.5538645,41.66025
2026-07-06 08:00:00+02:00,22.442,5.634891,9.72,0.0,0.0,40600.0,21.538576,40.800606
2026-07-06 09:00:00+02:00,26.392,4.829907,9.72,0.0,0.0,42840.0,20.981829,37.760178
2026-07-06 10:00:00+02:00,28.142,5.8603754,12.24,0.0,0.0,46500.0,14.1559515,35.989296
2026-07-06 11:00:00+02:00,30.392,6.489992,14.759999,0.0,0.0,49600.0,15.5538645,36.867085
2026-07-06 12:00:00+02:00,31.442,2.5959969,14.04,0.0,0.0,51300.0,16.718523,34.278706
2026-07-06 13:00:00+02:00,32.492,5.904439,13.32,0.0,0.0,51840.0,9.227144,30.286854
2026-07-06 14:00:00+02:00,33.142002,2.5455842,14.04,0.0,0.0,51120.0,6.444517,29.721897
2026-07-06 15:00:00+02:00,34.042,1.835647,6.4799995,0.0,0.0,51880.0,5.094838,32.192196
2026-07-06 16:00:00+02:00,33.592003,8.78872,11.5199995,0.0,0.0,48600.0,5.333787,36.64172
2026-07-06 17:00:00+02:00,32.792,12.261158,13.679999,0.0,0.0,53180.0,4.0758705,36.678505
2026-07-06 18:00:00+02:00,32.392002,8.404285,25.919998,0.0,0.0,56100.0,20.752945,38.080208
2026-07-06 19:00:00+02:00,31.241999,4.6102495,15.4800005,0.0,0.0,51540.0,28.245813,34.547386
2026-07-06 20:00:00+02:00,29.792,9.422101,9.36,0.0,0.0,51140.0,32.613335,26.340944
2026-07-06 21:00:00+02:00,27.142,8.699793,19.8,0.0,0.0,48240.0,21.878162,27.57008
2026-07-06 22:00:00+02:00,24.842,6.989936,15.4800005,0.0,0.0,46760.0,16.411392,27.04099
2026-07-06 23:00:00+02:00,24.442,8.534353,16.919998,0.0,0.0,46260.0,16.007849,24.966848
2026-07-07 00:00:00+02:00,22.942,6.638072,15.119999,0.0,0.0,43980.0,10.520564,21.617472
2026-07-07 01:00:00+02:00,20.892,6.989936,13.32,0.0,0.0,42060.0,8.402622,18.877537
2026-07-07 02:00:00+02:00,21.042,6.638072,12.599999,0.0,0.0,41940.0,7.866535,18.423088
2026-07-07 03:00:00+02:00,20.592,6.297428,10.799999,0.0,0.0,41960.0,5.468354,18.51695
2026-07-07 04:00:00+02:00,19.792,6.151683,11.5199995,0.0,0.0,41660.0,3.1898732,18.25503
2026-07-07 05:00:00+02:00,19.642,6.297428,10.799999,0.0,0.0,41840.0,3.6455696,18.454428
2026-07-07 06:00:00+02:00,19.491999,6.12,10.08,0.0,0.0,42140.0,5.941551,20.208189
2026-07-07 07:00:00+02:00,20.392,5.315336,10.08,0.0,0.0,41520.0,5.6366506,20.632679
2026-07-07 08:00:00+02:00,23.142,2.16,8.28,0.0,0.0,41540.0,4.323114,18.877537
2026-07-07 09:00:00+02:00,24.741999,1.2979984,5.04,0.0,0.0,41880.0,5.012658,20.189116
2026-07-07 10:00:00+02:00,26.942,1.609969,6.12,0.0,0.0,45540.0,3.0569031,23.716516
2026-07-07 11:00:00+02:00,28.342,0.71999997,5.3999996,0.0,0.0,47800.0,2.278481,19.390963
2026-07-07 12:00:00+02:00,30.042,2.9024127,7.92,0.0,0.0,50300.0,3.6455696,25.470974
2026-07-07 13:00:00+02:00,31.142,6.725354,9.72,0.0,0.0,54540.0,6.835443,29.896374
2026-07-07 14:00:00+02:00,31.792,6.0347,13.32,0.0,0.0,53660.0,5.506198,29.428804
2026-07-07 15:00:00+02:00,32.792,5.991594,14.04,0.0,0.0,55700.0,6.7744107,30.56542
2026-07-07 16:00:00+02:00,32.942,6.12,13.32,0.0,0.0,54660.0,5.3142853,32.37121
2026-07-07 17:00:00+02:00,33.192,5.8048253,12.959999,0.0,0.0,50840.0,1.2889035,29.799566
2026-07-07 18:00:00+02:00,33.092003,6.5693827,13.32,0.0,0.0,50980.0,6.3797464,32.37121
2026-07-07 19:00:00+02:00,31.991999,5.4119864,13.32,0.0,0.0,46780.0,9.580464,29.409164
2026-07-07 20:00:00+02:00,28.741999,8.209263,10.08,0.0,0.0,43540.0,21.203342,28.880415
2026-07-07 21:00:00+02:00,25.642,7.6367526,15.119999,0.0,0.0,43100.0,29.200134,35.769176
2026-07-07 22:00:00+02:00,23.392,7.754637,14.759999,0.0,0.0,47920.0,25.47419,42.683414
2026-07-07 23:00:00+02:00,23.241999,8.891344,14.04,0.0,0.0,47720.0,26.99399,42.579487
2026-07-08 00:00:00+02:00,22.241999,6.379216,14.759999,0.0,0.0,47280.0,22.839428,45.884876
2026-07-08 01:00:00+02:00,20.792,6.439876,11.879999,0.0,0.0,45280.0,18.54969,47.74471
2026-07-08 02:00:00+02:00,21.442,5.771239,10.799999,0.0,0.0,47600.0,13.285712,50.041595
2026-07-08 03:00:00+02:00,22.342,4.1046314,7.2,0.0,0.0,51160.0,18.027378,50.27969
2026-07-08 04:00:00+02:00,21.392,6.489992,8.28,0.0,0.0,47680.0,19.972805,48.65589
2026-07-08 05:00:00+02:00,20.642,5.2416787,9.36,0.0,0.0,48800.0,16.86076,47.756813
2026-07-08 06:00:00+02:00,20.491999,4.510787,6.8399997,0.0,0.0,48580.0,19.209635,45.463127
2026-07-08 07:00:00+02:00,21.542,5.991594,7.92,0.0,0.0,45340.0,17.536903,49.285255
2026-07-08 08:00:00+02:00,21.491999,3.219938,8.28,0.0,0.0,39680.0,13.495072,55.087734
2026-07-08 09:00:00+02:00,24.592,1.2979984,3.96,0.0,0.0,40940.0,14.41038,56.741352
2026-07-08 10:00:00+02:00,26.192,1.484318,5.04,0.0,0.0,40580.0,12.396276,54.28817
2026-07-08 11:00:00+02:00,29.642,3.4152596,5.7599998,0.0,0.0,42940.0,14.410378,57.18435
2026-07-08 12:00:00+02:00,32.542,4.6102495,10.440001,0.0,0.0,50940.0,14.539494,52.465717
2026-07-08 13:00:00+02:00,33.692,8.12197,17.64,0.0,0.0,52420.0,18.027378,43.359512
2026-07-08 14:00:00+02:00,35.592003,6.924738,16.56,0.0,0.0,57280.0,17.352394,43.181446
2026-07-08 15:00:00+02:00,35.992,9.1641035,19.08,0.0,0.0,56460.0,17.90602,38.886093
2026-07-08 16:00:00+02:00,35.342003,12.758432,26.64,0.0,0.0,54080.0,26.90152,40.800606
2026-07-08 17:00:00+02:00,35.542,8.669949,25.199999,0.0,0.0,53340.0,25.133617,32.042255
2026-07-08 18:00:00+02:00,35.492,11.019764,19.8,0.0,0.0,54780.0,38.37059,30.267769
2026-07-08 19:00:00+02:00,33.942,10.691453,28.44,0.0,0.0,53440.0,43.523163,26.776121
2026-07-08 20:00:00+02:00,31.592,10.948973,17.64,0.0,0.0,50820.0,40.13491,29.435349
2026-07-08 21:00:00+02:00,28.491999,12.599999,25.56,0.0,0.0,48080.0,37.17766,33.269196
2026-07-08 22:00:00+02:00,26.042,8.4042845,22.68,0.0,0.0,44880.0,31.15109,33.042614
2026-07-08 23:00:00+02:00,26.792,14.081478,14.759999,0.0,0.0,45480.0,34.65988,26.855139
2026-07-09 00:00:00+02:00,26.241999,11.874544,26.28,0.0,0.0,44740.0,28.766668,25.868687
2026-07-09 01:00:00+02:00,24.991999,8.587338,21.24,0.0,0.0,43960.0,18.58883,31.034481
2026-07-09 02:00:00+02:00,25.592,10.787993,14.759999,0.0,0.0,44440.0,17.725351,27.04099
2026-07-09 03:00:00+02:00,24.342,9.339208,19.8,0.0,0.0,43540.0,16.335293,23.594372
2026-07-09 04:00:00+02:00,22.442,7.9036193,16.56,0.0,0.0,42340.0,11.821781,20.52034
2026-07-09 05:00:00+02:00,22.642,8.854829,14.4,0.0,0.0,42540.0,13.859459,17.478779
2026-07-09 06:00:00+02:00,21.942,7.5942082,15.84,0.0,0.0,42280.0,11.883102,17.31268
2026-07-09 07:00:00+02:00,22.592,5.6233797,13.679999,0.0,0.0,41560.0,7.4739733,18.381218
2026-07-09 08:00:00+02:00,24.892,2.968636,9.36,0.0,0.0,41260.0,8.987734,18.713562
2026-07-09 09:00:00+02:00,27.392,3.219938,7.92,0.0,0.0,43640.0,9.482423,18.010698
2026-07-09 10:00:00+02:00,29.392,3.7585104,9.72,0.0,0.0,47100.0,6.47666,19.871763
2026-07-09 11:00:00+02:00,30.592,4.510787,8.28,0.0,0.0,47820.0,4.57969,19.900824
2026-07-09 12:00:00+02:00,31.342,7.69592,9.36,0.0,0.0,47820.0,3.67394,18.785477
2026-07-09 13:00:00+02:00,32.342,9.504273,11.879999,0.0,0.0,46540.0,6.970812,23.3729
2026-07-09 14:00:00+02:00,33.342003,5.8048253,15.4800005,0.0,0.0,48520.0,10.189676,27.48611
2026-07-09 15:00:00+02:00,34.192,8.435069,18.359999,0.0,0.0,48260.0,12.84061,30.439116
2026-07-09 16:00:00+02:00,34.342003,10.182337,21.599998,0.0,0.0,48380.0,16.468233,27.931032
2026-07-09 17:00:00+02:00,34.492,8.4963045,22.68,0.0,0.0,46740.0,16.755745,27.373749
2026-07-09 18:00:00+02:00,34.192,8.435069,17.64,0.0,0.0,46020.0,13.285712,22.482334
2026-07-09 19:00:00+02:00,33.492,7.127636,17.64,0.0,0.0,45340.0,12.694226,21.759575
2026-07-09 20:00:00+02:00,31.741999,2.8116899,14.04,0.0,0.0,42760.0,1.8788835,12.5526705
2026-07-09 21:00:00+02:00,28.042,7.342588,12.599999,0.0,0.0,41820.0,2.734177,10.839878
2026-07-09 22:00:00+02:00,25.192,6.130579,12.959999,0.0,0.0,40880.0,3.89347,11.939203
2026-07-09 23:00:00+02:00,23.842,6.151683,9.36,0.0,0.0,40440.0,1.8227848,8.350525
2026-07-10 00:00:00+02:00,23.392,5.7599998,11.159999,0.0,0.0,40220.0,1.8788835,9.227214
2026-07-10 01:00:00+02:00,22.842,6.12,10.799999,0.0,0.0,40080.0,3.89347,11.189641
2026-07-10 02:00:00+02:00,21.642,4.73506,7.5599995,0.0,0.0,38220.0,6.6350365,11.809426
2026-07-10 03:00:00+02:00,21.991999,5.4477882,9.36,0.0,0.0,38340.0,7.34788,15.566816
2026-07-10 04:00:00+02:00,22.592,6.28713,9.36,0.0,0.0,39340.0,6.6350365,14.896551
2026-07-10 05:00:00+02:00,21.442,5.771239,10.08,28.0,0.0,37140.0,6.970812,15.517241
2026-07-10 06:00:00+02:00,22.342,4.802999,10.799999,38.0,0.0,38100.0,7.866535,16.149862
2026-07-10 07:00:00+02:00,22.792,4.39436,9.36,43.0,0.0,35860.0,10.638335,13.0492525
2026-07-10 08:00:00+02:00,24.741999,3.0758414,6.4799995,44.0,0.0,28600.0,11.02182,12.475707
2026-07-10 09:00:00+02:00,26.442,1.1384199,7.2,20.0,0.0,39320.0,10.520563,12.4293
2026-07-10 10:00:00+02:00,27.542,1.08,4.32,7.0,0.0,40000.0,10.189676,11.858258
2026-07-10 11:00:00+02:00,28.842,3.671294,9.0,0.0,0.0,41700.0,9.227144,10.606349
2026-07-10 12:00:00+02:00,30.392,4.1046314,10.440001,0.0,0.0,41960.0,9.580463,9.310345
2026-07-10 13:00:00+02:00,31.642,7.9932966,17.28,0.0,0.0,43320.0,13.309138,10.00832
2026-07-10 14:00:00+02:00,32.342,8.14587,20.16,0.0,0.0,44060.0,16.335295,10.4046545
2026-07-10 15:00:00+02:00,33.042,9.449572,20.519999,0.0,0.0,44660.0,17.90602,10.1040945
2026-07-10 16:00:00+02:00,32.942,11.200571,24.119999,0.0,0.0,44360.0,14.878324,6.2378535
2026-07-10 17:00:00+02:00,33.192,13.584932,23.759998,0.0,0.0,45140.0,11.618018,1.9627929
2026-07-10 18:00:00+02:00,31.842,13.551501,31.319998,0.0,0.0,44320.0,7.1182017,2.5591688
2026-07-10 19:00:00+02:00,29.042,5.8603754,22.319998,0.0,0.0,42640.0,1.8788835,5.0041595
2026-07-10 20:00:00+02:00,27.392,31.259945,12.599999,32.0,0.4,40520.0,20.071335,24.804298
2026-07-10 21:00:00+02:00,22.342,14.336861,65.88,0.0,3.1,37600.0,18.159363,5.855574
2026-07-10 22:00:00+02:00,21.892,9.387651,25.199999,0.0,0.4,38360.0,12.396276,15.329903
2026-07-10 23:00:00+02:00,22.192,7.754637,14.759999,0.0,0.0,37820.0,6.347113,11.858258
2026-07-11 00:00:00+02:00,21.241999,4.5536795,13.679999,0.0,0.0,37660.0,6.1138062,11.241167
2026-07-11 01:00:00+02:00,22.092,4.5820518,8.28,0.0,0.0,39940.0,0.9113924,10.569963
2026-07-11 02:00:00+02:00,21.392,3.6,7.5599995,0.0,0.0,38560.0,1.3670886,10.551724
2026-07-11 03:00:00+02:00,21.542,4.6800003,5.3999996,0.0,0.0,40320.0,1.8788835,11.939204
2026-07-11 04:00:00+02:00,21.042,5.2416787,7.2,0.0,0.0,38980.0,1.4410379,12.475707
2026-07-11 05:00:00+02:00,19.241999,5.00128,6.8399997,0.0,0.0,37800.0,2.0379353,18.908127
2026-07-11 06:00:00+02:00,20.142,3.671294,8.64,0.0,0.0,40440.0,1.8788835,13.612786
2026-07-11 07:00:00+02:00,22.192,3.8773184,6.8399997,0.0,0.0,40200.0,0.9113924,14.529971
2026-07-11 08:00:00+02:00,22.741999,3.2599385,5.3999996,0.0,0.0,35260.0,2.3236039,13.626929
2026-07-11 09:00:00+02:00,24.092,3.6179552,7.92,0.0,0.0,37780.0,1.4410379,11.444951
2026-07-11 10:00:00+02:00,26.241999,2.5455842,6.8399997,0.0,0.0,40420.0,2.577807,8.092802
2026-07-11 11:00:00+02:00,27.542,2.52,6.8399997,0.0,0.0,41900.0,4.201311,2.4827583
2026-07-11 12:00:00+02:00,29.192,2.52,7.92,0.0,0.0,42680.0,3.3175182,5.339374
2026-07-11 13:00:00+02:00,30.642,6.725354,10.08,0.0,0.0,42900.0,7.840093,6.598021
2026-07-11 14:00:00+02:00,31.142,12.0694,16.919998,0.0,0.0,42620.0,17.1538,3.9743526
2026-07-11 15:00:00+02:00,31.442,9.826088,27.72,0.0,0.0,42640.0,14.5893955,7.0769506
2026-07-11 16:00:00+02:00,31.642,12.181625,26.28,0.0,0.0,43060.0,10.638334,6.939521
2026-07-11 17:00:00+02:00,30.892,13.570615,23.039999,0.0,0.0,44420.0,6.835443,8.886923
2026-07-11 18:00:00+02:00,29.842,10.853866,34.56,0.0,0.0,43220.0,5.8357587,4.3889384
2026-07-11 19:00:00+02:00,27.991999,12.287555,27.0,0.0,0.0,41400.0,5.543783,4.1637125
2026-07-11 20:00:00+02:00,27.292,13.755579,26.28,0.0,0.0,41300.0,12.269996,17.773846
2026-07-11 21:00:00+02:00,24.491999,19.486609,69.12,2.0,0.0,41160.0,9.482423,12.194616
2026-07-11 22:00:00+02:00,23.642,9.360001,35.64,0.0,0.0,40800.0,0.9113924,20.208189
2026-07-11 23:00:00+02:00,22.842,9.0,20.16,0.0,0.0,39140.0,9.394418,12.413793
2026-07-12 00:00:00+02:00,22.142,4.8965297,17.28,0.0,0.0,37440.0,8.062088,10.1040945
2026-07-12 01:00:00+02:00,20.692,5.3517847,11.159999,0.0,0.0,36840.0,6.524576,9.454063
2026-07-12 02:00:00+02:00,20.142,4.0249224,10.799999,0.0,0.0,35400.0,5.8357587,7.0769506
2026-07-12 03:00:00+02:00,20.741999,4.8965297,6.4799995,0.0,0.0,39280.0,5.487309,9.331011
2026-07-12 04:00:00+02:00,20.142,5.8048253,8.28,0.0,0.0,38000.0,7.20519,13.166815
2026-07-12 05:00:00+02:00,18.491999,5.3517847,8.64,0.0,0.0,34680.0,9.17071,14.396789
2026-07-12 06:00:00+02:00,17.991999,4.510787,7.92,0.0,0.0,32940.0,6.198138,11.444951
2026-07-12 07:00:00+02:00,19.392,4.0249224,7.2,0.0,0.0,34920.0,3.9200466,11.189642
2026-07-12 08:00:00+02:00,22.792,0.8049845,6.4799995,0.0,0.0,30740.0,5.195736,10.236675
2026-07-12 09:00:00+02:00,24.892,1.0182338,5.04,0.0,0.0,38160.0,4.556962,10.839878
2026-07-12 10:00:00+02:00,26.892,2.0364676,6.8399997,0.0,0.0,41540.0,2.6571426,11.776757
2026-07-12 11:00:00+02:00,29.292,2.0991426,5.04,0.0,0.0,44380.0,4.201311,13.781546
2026-07-12 12:00:00+02:00,30.991999,5.2416787,9.36,0.0,0.0,44540.0,2.453999,12.659634
2026-07-12 13:00:00+02:00,31.991999,5.0911684,9.0,0.0,0.0,45360.0,4.488087,10.714764
2026-07-12 14:00:00+02:00,32.292,3.0547013,12.959999,0.0,0.0,43300.0,4.907998,10.4046545
2026-07-12 15:00:00+02:00,33.142002,4.829907,12.959999,0.0,0.0,43000.0,9.045312,14.003396
2026-07-12 16:00:00+02:00,33.792,6.618519,15.4800005,10.0,0.0,42680.0,17.177994,16.562065
2026-07-12 17:00:00+02:00,33.542,1.2979984,19.08,0.0,0.0,42180.0,10.677303,16.884583
2026-07-12 18:00:00+02:00,32.992,3.671294,9.72,2.0,0.0,42120.0,11.821781,16.327795
2026-07-12 19:00:00+02:00,32.242,1.2979984,7.5599995,0.0,0.0,42400.0,10.401459,14.490146
2026-07-12 20:00:00+02:00,30.842,3.5455887,4.68,0.0,0.0,41500.0,9.515216,15.714606
2026-07-12 21:00:00+02:00,27.092,6.28713,10.799999,0.0,0.0,40100.0,7.7468348,10.839878
2026-07-12 22:00:00+02:00,23.991999,6.489992,11.879999,0.0,0.0,40320.0,7.958392,7.5764823
2026-07-12 23:00:00+02:00,23.092,4.6938252,12.24,0.0,0.0,39660.0,6.330734,5.8883786
2026-07-13 00:00:00+02:00,22.192,6.4799995,9.0,0.0,0.0,37740.0,5.941551,10.236675
2026-07-13 01:00:00+02:00,22.142,5.771239,8.64,0.0,0.0,40180.0,5.487309,13.326771
2026-07-13 02:00:00+02:00,21.442,5.4477882,8.28,0.0,0.0,37840.0,4.844117,14.714402
2026-07-13 03:00:00+02:00,21.192,5.0528407,9.36,0.0,0.0,36540.0,6.835443,16.952896
2026-07-13 04:00:00+02:00,21.692,6.2145634,10.799999,21.0,0.0,34900.0,6.6350365,16.71258
2026-07-13 05:00:00+02:00,21.592,5.634891,10.799999,36.0,0.0,30300.0,7.7468357,19.49005
2026-07-13 06:00:00+02:00,21.991999,3.6,11.159999,82.0,0.0,31180.0,7.34788,19.430658
2026-07-13 07:00:00+02:00,22.892,3.396233,8.28,63.0,0.0,31080.0,5.9240503,14.529971
2026-07-13 08:00:00+02:00,24.741999,1.1384199,5.04,71.0,0.0,27080.0,5.6366506,17.167427
2026-07-13 09:00:00+02:00,26.292,1.484318,5.7599998,56.0,0.0,39080.0,6.1138062,18.8469
2026-07-13 10:00:00+02:00,26.842,4.3349743,10.08,44.0,0.0,37980.0,7.20519,23.04088
2026-07-13 11:00:00+02:00,28.342,3.8773184,10.08,0.0,0.0,38900.0,5.8357587,27.48611
2026-07-13 12:00:00+02:00,28.692,4.802999,10.440001,0.0,0.0,39280.0,4.511162,23.422297
2026-07-13 13:00:00+02:00,30.092,6.297428,12.24,0.0,0.0,40220.0,6.572144,23.757093
2026-07-13 14:00:00+02:00,30.292,6.6087217,10.799999,4.0,0.0,40200.0,9.113924,24.804298
2026-07-13 15:00:00+02:00,30.692,7.386582,16.56,6.0,0.0,41060.0,10.490913,28.61238
2026-07-13 16:00:00+02:00,31.042,6.439876,18.0,0.0,0.0,41400.0,2.7718916,26.370178
2026-07-13 17:00:00+02:00,29.692,6.151683,16.56,2.0,0.0,41160.0,7.958392,23.099329
2026-07-13 18:00:00+02:00,27.042,5.8603754,32.760002,0.0,0.4,8480.0,15.318443,32.042255
2026-07-13 19:00:00+02:00,26.442,4.8965297,24.119999,0.0,0.5,37280.0,9.515216,20.567223
2026-07-13 20:00:00+02:00,27.792,1.484318,20.519999,0.0,0.0,39700.0,2.9178793,20.49216
2026-07-13 21:00:00+02:00,25.642,3.7064266,7.5599995,0.0,0.0,33340.0,2.3236039,16.71258
2026-07-13 22:00:00+02:00,24.042,6.9899354,12.599999,49.0,0.0,33400.0,9.688234,15.266946
2026-07-13 23:00:00+02:00,22.792,7.289444,20.880001,0.0,1.2,36560.0,6.1307654,26.406677
2026-07-14 00:00:00+02:00,23.342,6.0347,11.5199995,0.0,0.0,31500.0,1.4410379,25.326874
2026-07-14 01:00:00+02:00,22.892,5.8603754,7.92,0.0,0.0,36100.0,6.524576,21.96224
2026-07-14 02:00:00+02:00,22.942,4.6800003,9.0,2.0,0.0,35380.0,6.524576,22.593443
2026-07-14 03:00:00+02:00,23.042,3.6,9.0,0.0,0.0,36380.0,5.195736,20.265303
2026-07-14 04:00:00+02:00,23.741999,3.4152596,6.12,17.0,0.0,38680.0,4.2990294,20.632679
2026-07-14 05:00:00+02:00,22.392,5.00128,4.68,40.0,0.0,34660.0,5.0333285,16.386677
2026-07-14 06:00:00+02:00,22.592,4.3498964,7.5599995,45.0,0.0,37200.0,1.0189676,16.13793
2026-07-14 07:00:00+02:00,23.692,1.9386592,5.04,44.0,0.0,36200.0,1.0189676,15.95788
2026-07-14 08:00:00+02:00,24.342,3.9763298,3.96,37.0,0.0,29640.0,2.6571426,16.185604
2026-07-14 09:00:00+02:00,26.092,2.4149535,9.72,7.0,0.0,37500.0,3.89347,15.355014
2026-07-14 10:00:00+02:00,27.491999,1.2979984,5.3999996,0.0,0.0,39220.0,3.2222586,18.45443
2026-07-14 11:00:00+02:00,28.692,3.7064266,5.7599998,0.0,0.0,40120.0,4.201311,21.997295
2026-07-14 12:00:00+02:00,30.592,4.0249224,5.7599998,0.0,0.0,41060.0,4.6916795,20.864775
2026-07-14 13:00:00+02:00,31.142,6.151683,10.08,0.0,0.0,40900.0,7.5842957,20.66067
2026-07-14 14:00:00+02:00,32.792,5.1544156,13.679999,0.0,0.0,42220.0,6.9559,18.62069
2026-07-14 15:00:00+02:00,33.692,5.95906,14.759999,0.0,0.0,42540.0,14.236403,18.877537
2026-07-14 16:00:00+02:00,34.042,8.714677,19.8,0.0,0.0,43080.0,15.419778,21.724138
2026-07-14 17:00:00+02:00,33.842003,8.699793,20.16,0.0,0.0,43420.0,12.603934,22.249796
2026-07-14 18:00:00+02:00,33.992,6.5693827,18.72,4.0,0.0,43600.0,11.208644,30.31864
2026-07-14 19:00:00+02:00,32.692,6.12,11.879999,0.0,0.0,42320.0,7.0889688,39.142838
2026-07-14 20:00:00+02:00,29.542,9.387651,38.519997,0.0,0.0,40720.0,19.726961,53.803448
2026-07-14 21:00:00+02:00,24.692,25.661207,73.799995,29.0,0.0,39720.0,29.954878,35.72607
2026-07-14 22:00:00+02:00,24.342,26.044699,52.56,0.0,0.0,40200.0,16.959002,42.225143
2026-07-14 23:00:00+02:00,23.991999,15.379206,48.6,0.0,0.0,39800.0,3.3175182,45.767178
2026-07-15 00:00:00+02:00,24.892,10.799999,33.839996,0.0,0.0,40140.0,3.0569031,39.142838
2026-07-15 01:00:00+02:00,22.792,7.289444,17.64,0.0,0.0,38640.0,4.0758705,38.989983
2026-07-15 02:00:00+02:00,22.092,4.32,13.32,7.0,0.0,38720.0,0.0,43.00712
2026-07-15 03:00:00+02:00,21.442,4.510787,9.0,0.0,0.0,37440.0,5.468354,35.817608
2026-07-15 04:00:00+02:00,22.042,4.0249224,5.7599998,0.0,0.0,39720.0,5.993747,35.341175
2026-07-15 05:00:00+02:00,21.991999,2.9024127,6.12,0.0,0.0,39900.0,5.709857,33.338604
2026-07-15 06:00:00+02:00,21.042,4.198285,7.92,0.0,0.0,37400.0,3.5591009,32.796856
2026-07-15 07:00:00+02:00,22.292,3.319036,7.5599995,0.0,0.0,37080.0,1.0189676,31.36786
2026-07-15 08:00:00+02:00,23.491999,7.7043357,6.4799995,17.0,0.0,35680.0,5.333787,28.578697
2026-07-15 09:00:00+02:00,23.592,2.5959969,10.440001,0.0,1.3,35220.0,5.155614,30.439116
2026-07-15 10:00:00+02:00,25.442,3.0758414,7.5599995,0.0,0.0,37700.0,4.556962,29.356714
2026-07-15 11:00:00+02:00,26.642,2.6208394,9.36,0.0,0.0,39680.0,3.3175182,39.961037
2026-07-15 12:00:00+02:00,27.292,4.896529,11.159999,0.0,0.0,39780.0,4.556962,31.65517
2026-07-15 13:00:00+02:00,26.991999,11.928989,23.759998,0.0,0.0,39940.0,12.396276,19.390963
2026-07-15 14:00:00+02:00,26.342,8.12197,17.28,0.0,0.0,1280.0,5.3142853,12.320337
2026-07-15 15:00:00+02:00,22.142,11.013882,25.919998,0.0,13.8,6500.0,17.824654,12.051613
2026-07-15 16:00:00+02:00,24.542,9.422101,19.44,0.0,0.4,35380.0,13.889393,51.90836
2026-07-15 17:00:00+02:00,23.442,8.209263,23.759998,32.0,0.4,28680.0,11.883102,62.421753
2026-07-15 18:00:00+02:00,25.292,5.6920996,16.919998,0.0,0.0,38540.0,12.969341,60.296406
2026-07-15 19:00:00+02:00,25.292,2.3051248,12.959999,0.0,0.0,37540.0,12.864844,70.00873
2026-07-15 20:00:00+02:00,23.942,1.1384199,12.959999,0.0,0.0,33360.0,11.987494,53.609768
2026-07-15 21:00:00+02:00,22.241999,5.2416787,13.32,11.0,0.0,15640.0,11.537306,43.04741
2026-07-15 22:00:00+02:00,22.142,7.208994,10.799999,0.0,0.0,38260.0,4.488087,33.036785
2026-07-15 23:00:00+02:00,20.192,6.849467,9.36,0.0,0.0,29100.0,4.556962,29.999285
2026-07-16 00:00:00+02:00,20.991999,5.771239,12.24,0.0,0.0,30760.0,6.3960004,30.891392
2026-07-16 01:00:00+02:00,21.342,4.6102495,12.599999,0.0,0.0,33440.0,12.065196,34.697605
2026-07-16 02:00:00+02:00,19.792,6.1305785,10.08,0.0,0.0,24620.0,11.883102,35.98394
2026-07-16 03:00:00+02:00,19.692,4.3498964,10.08,0.0,0.0,31420.0,7.4739733,45.52664
2026-07-16 04:00:00+02:00,20.292,4.1046314,6.12,0.0,0.0,37180.0,7.418196,40.057327
2026-07-16 05:00:00+02:00,19.842,4.39436,8.64,0.0,0.0,35240.0,10.677303,39.06402
2026-07-16 06:00:00+02:00,19.491999,5.0142193,7.2,0.0,0.0,35300.0,8.753638,36.51006
2026-07-16 07:00:00+02:00,20.592,5.1919937,7.5599995,0.0,0.0,36320.0,8.36547,39.65619
2026-07-16 08:00:00+02:00,22.292,3.396233,9.0,0.0,0.0,28740.0,9.858215,38.287045
2026-07-16 09:00:00+02:00,23.892,1.484318,7.5599995,0.0,0.0,30220.0,6.940957,37.943382
2026-07-16 10:00:00+02:00,25.442,2.0991426,5.3999996,0.0,0.0,37900.0,7.205189,37.9789
2026-07-16 11:00:00+02:00,27.042,1.1384199,5.3999996,0.0,0.0,40700.0,5.9240503,36.668
2026-07-16 12:00:00+02:00,28.342,3.9763298,9.36,0.0,0.0,41080.0,4.556962,31.059296
2026-07-16 13:00:00+02:00,29.491999,7.69592,10.799999,0.0,0.0,43200.0,6.6350365,27.373749
2026-07-16 14:00:00+02:00,30.842,6.792466,11.159999,0.0,0.0,43620.0,11.419714,21.759575
2026-07-16 15:00:00+02:00,31.692,10.00256,21.599998,0.0,0.0,43480.0,17.1538,20.818563
2026-07-16 16:00:00+02:00,31.241999,9.290511,19.8,0.0,0.0,42420.0,17.081009,23.700268
2026-07-16 17:00:00+02:00,29.542,14.512064,23.759998,10.0,0.0,40980.0,11.012396,38.04478
2026-07-16 18:00:00+02:00,28.442,7.7879906,33.839996,0.0,0.0,40960.0,4.556962,11.939204
2026-07-16 19:00:00+02:00,28.692,3.6,12.599999,0.0,0.0,41020.0,4.0758705,17.122486
2026-07-16 20:00:00+02:00,27.292,2.2768397,7.92,0.0,0.0,40420.0,4.0758705,36.877533
2026-07-16 21:00:00+02:00,24.241999,6.8777895,12.24,0.0,0.0,36000.0,9.688234,32.042255
2026-07-16 22:00:00+02:00,22.692,5.8603754,11.159999,0.0,0.0,35480.0,7.866535,37.47341
2026-07-16 23:00:00+02:00,23.642,4.829907,21.24,0.0,0.1,39880.0,21.266907,27.338541
2026-07-17 00:00:00+02:00,22.442,7.7043357,20.519999,0.0,0.0,37720.0,4.844117,38.387535
2026-07-17 01:00:00+02:00,21.392,4.5820518,9.72,0.0,0.0,36600.0,8.151741,37.262062
2026-07-17 02:00:00+02:00,22.192,2.2768397,5.04,0.0,0.0,38680.0,1.0189676,41.62787
2026-07-17 03:00:00+02:00,21.741999,4.68,33.48,12.0,5.3,38400.0,19.160927,49.72495
2026-07-17 04:00:00+02:00,20.442,10.853866,27.72,0.0,0.3,12220.0,17.590109,65.24035
2026-07-17 05:00:00+02:00,19.642,2.5455842,18.0,0.0,0.7,28620.0,15.148044,35.98394
2026-07-17 06:00:00+02:00,19.342,6.0347,7.2,0.0,0.1,33240.0,22.75289,47.355812
2026-07-17 07:00:00+02:00,19.542,8.699793,17.28,0.0,0.0,29200.0,11.208644,51.550877
2026-07-17 08:00:00+02:00,20.792,2.7416782,11.879999,0.0,0.0,22220.0,1.643036,37.370464
2026-07-17 09:00:00+02:00,23.642,1.609969,10.799999,0.0,0.0,37360.0,6.1138062,28.980291
2026-07-17 10:00:00+02:00,24.392,1.1384199,8.28,0.0,0.0,35680.0,4.907998,23.757093
2026-07-17 11:00:00+02:00,24.642,2.968636,10.799999,0.0,0.0,40140.0,5.941551,24.491692
2026-07-17 12:00:00+02:00,25.892,3.9763298,9.0,0.0,0.0,40420.0,8.062088,24.835342
2026-07-17 13:00:00+02:00,27.092,3.9763298,9.36,0.0,0.0,40660.0,7.1182017,27.563091
2026-07-17 14:00:00+02:00,28.342,7.289444,10.799999,0.0,0.0,41700.0,8.476439,23.040882
2026-07-17 15:00:00+02:00,29.442,6.763786,16.199999,0.0,0.0,43240.0,7.4739733,16.327795
2026-07-17 16:00:00+02:00,29.942,6.6185193,16.199999,0.0,0.0,43100.0,11.02182,15.216393
2026-07-17 17:00:00+02:00,29.842,6.763786,15.84,2.0,0.0,43640.0,5.9240503,11.189642
2026-07-17 18:00:00+02:00,29.491999,5.154415,13.679999,0.0,0.0,43700.0,5.506198,11.189641
2026-07-17 19:00:00+02:00,28.991999,2.968636,8.64,0.0,0.0,42060.0,3.67394,12.4293
2026-07-17 20:00:00+02:00,27.741999,2.9024127,7.2,0.0,0.0,41000.0,4.556962,14.003396
2026-07-17 21:00:00+02:00,26.241999,2.4149535,3.96,0.0,0.0,40360.0,5.012658,13.655171
2026-07-17 22:00:00+02:00,22.292,5.6920996,10.08,0.0,0.0,32860.0,7.6388597,14.609298
2026-07-17 23:00:00+02:00,21.442,6.9899354,10.440001,0.0,0.0,38060.0,10.240498,18.26558
2026-07-18 00:00:00+02:00,20.842,5.4833565,11.879999,0.0,0.0,37240.0,8.987734,19.949162
2026-07-18 01:00:00+02:00,21.741999,3.096837,8.28,0.0,0.0,39660.0,9.515216,20.716534
2026-07-18 02:00:00+02:00,21.241999,6.12,6.8399997,0.0,0.0,39760.0,15.916782,22.041037
2026-07-18 03:00:00+02:00,20.892,3.8939953,9.0,0.0,0.0,39660.0,15.493671,39.196926
2026-07-18 04:00:00+02:00,20.491999,6.3690495,8.64,0.0,0.0,40540.0,13.548821,39.806484
2026-07-18 05:00:00+02:00,19.842,5.904439,10.440001,0.0,0.0,39960.0,13.340306,38.846447
2026-07-18 06:00:00+02:00,20.142,5.1165614,8.64,0.0,0.0,40740.0,10.520564,31.53323
2026-07-18 07:00:00+02:00,21.342,5.3517847,7.2,0.0,0.0,40820.0,7.866535,29.82541
2026-07-18 08:00:00+02:00,22.491999,3.396233,7.2,0.0,0.0,38000.0,7.1327734,23.98305
2026-07-18 09:00:00+02:00,24.792,4.379589,8.64,0.0,0.0,39400.0,6.444517,22.430868
2026-07-18 10:00:00+02:00,26.542,4.5536795,9.72,0.0,0.0,41200.0,7.0743074,20.632679
2026-07-18 11:00:00+02:00,28.292,4.3498964,10.08,0.0,0.0,42220.0,3.757767,20.632677
2026-07-18 12:00:00+02:00,30.042,2.5959969,8.64,0.0,0.0,43580.0,5.562481,22.430868
2026-07-18 13:00:00+02:00,30.542,7.172949,15.84,0.0,0.0,46180.0,12.603934,20.52034
2026-07-18 14:00:00+02:00,31.642,6.489992,16.199999,0.0,0.0,47100.0,16.91609,20.818563
2026-07-18 15:00:00+02:00,32.392002,6.696387,15.119999,0.0,0.0,46660.0,13.889393,24.710932
2026-07-18 16:00:00+02:00,32.642002,5.1919937,13.679999,0.0,0.0,46860.0,11.961482,22.430868
2026-07-18 17:00:00+02:00,30.192,12.819235,26.28,6.0,0.0,43180.0,11.392405,34.18304
2026-07-18 18:00:00+02:00,29.741999,5.95906,23.4,0.0,0.0,42720.0,1.643036,27.253859
2026-07-18 19:00:00+02:00,29.842,1.9386592,8.64,0.0,0.0,42880.0,0.4556962,31.090292
2026-07-18 20:00:00+02:00,27.192,2.9024127,5.3999996,0.0,0.0,40240.0,3.6455696,31.090292
2026-07-18 21:00:00+02:00,26.741999,5.4119864,6.4799995,0.0,0.0,41800.0,3.9200466,26.69687
2026-07-18 22:00:00+02:00,23.991999,5.495161,11.159999,0.0,0.1,40440.0,3.2222586,24.389233
2026-07-18 23:00:00+02:00,22.942,7.653705,12.599999,0.0,0.0,41020.0,7.6388597,27.373749
2026-07-19 00:00:00+02:00,22.592,7.928177,14.4,0.0,0.0,41020.0,10.411436,26.253044
2026-07-19 01:00:00+02:00,23.042,5.00128,13.32,0.0,0.0,41720.0,4.9291077,25.59169
2026-07-19 02:00:00+02:00,21.942,5.6002855,9.72,0.0,0.0,41160.0,5.9240503,24.238705
2026-07-19 03:00:00+02:00,21.241999,4.6938257,11.5199995,0.0,0.0,41380.0,7.971428,27.373749
2026-07-19 04:00:00+02:00,20.792,4.8433046,7.2,0.0,0.0,41840.0,7.1182017,27.993032
2026-07-19 05:00:00+02:00,19.092,6.6087217,10.440001,0.0,0.0,41080.0,2.8820758,28.484177
2026-07-19 06:00:00+02:00,16.692,6.2145634,11.879999,0.0,0.0,36900.0,5.487309,37.293064
2026-07-19 07:00:00+02:00,17.542,5.0528407,7.92,0.0,0.0,34700.0,6.3960004,37.499107
2026-07-19 08:00:00+02:00,20.092,1.0182338,8.28,0.0,0.0,24400.0,6.835443,32.566986
2026-07-19 09:00:00+02:00,23.642,4.0249224,8.28,0.0,0.0,40420.0,5.8000655,34.813995
2026-07-19 10:00:00+02:00,24.892,5.0142193,10.799999,0.0,0.0,40800.0,8.377872,34.62536
2026-07-19 11:00:00+02:00,26.741999,1.8,10.440001,0.0,0.0,41320.0,12.133847,33.78057
2026-07-19 12:00:00+02:00,27.692,1.484318,6.12,0.0,0.0,42380.0,12.864844,30.22956
2026-07-19 13:00:00+02:00,29.592,5.3517847,11.879999,0.0,0.0,43680.0,12.792001,26.40668
2026-07-19 14:00:00+02:00,29.442,17.339897,15.119999,0.0,0.0,43720.0,7.958391,31.921795
2026-07-19 15:00:00+02:00,31.042,15.463244,31.68,0.0,0.0,46620.0,5.562481,30.31864
2026-07-19 16:00:00+02:00,31.491999,13.493999,22.68,0.0,0.0,48400.0,3.67394,27.792759
2026-07-19 17:00:00+02:00,31.592,10.446206,20.880001,0.0,0.0,46740.0,3.67394,34.14357
2026-07-19 18:00:00+02:00,31.192,9.028754,18.0,0.0,0.0,49800.0,2.6571426,31.36786
2026-07-19 19:00:00+02:00,29.991999,9.904906,18.72,0.0,0.0,48020.0,3.9200466,22.82248
2026-07-19 20:00:00+02:00,27.392,8.942214,18.72,0.0,0.0,46000.0,8.706063,21.375526
2026-07-19 21:00:00+02:00,24.342,7.928177,16.919998,0.0,0.0,43620.0,9.294415,19.271389
2026-07-19 22:00:00+02:00,23.442,7.127636,15.4800005,0.0,0.0,43160.0,9.952556,16.861752
2026-07-19 23:00:00+02:00,22.042,6.9153743,12.959999,0.0,0.0,42200.0,11.401515,17.773846
2026-07-20 00:00:00+02:00,21.592,6.696387,12.599999,0.0,0.0,42260.0,9.7416725,22.889902
2026-07-20 01:00:00+02:00,21.392,6.638072,11.159999,0.0,0.0,42420.0,8.84802,28.966991
2026-07-20 02:00:00+02:00,21.092,5.6233797,11.5199995,0.0,0.0,42360.0,6.444517,25.020798
2026-07-20 03:00:00+02:00,21.491999,5.8603754,9.0,0.0,0.0,43600.0,1.2889035,25.987556
2026-07-20 04:00:00+02:00,21.192,7.145796,9.36,0.0,0.0,44160.0,2.453999,26.098505
2026-07-20 05:00:00+02:00,18.642,6.9527545,10.08,0.0,0.0,41660.0,4.556962,23.594372
2026-07-20 06:00:00+02:00,18.942,7.145796,14.04,0.0,0.0,41700.0,14.47508,30.57172
2026-07-20 07:00:00+02:00,17.092,5.904439,12.959999,0.0,0.0,36560.0,5.941551,35.919647
2026-07-20 08:00:00+02:00,19.892,2.6208394,9.72,0.0,0.0,30780.0,6.524576,34.591965
2026-07-20 09:00:00+02:00,23.142,0.8049845,5.7599998,0.0,0.0,40240.0,4.556962,33.476986
2026-07-20 10:00:00+02:00,24.642,3.9763298,8.28,0.0,0.0,41680.0,6.198138,32.40095
2026-07-20 11:00:00+02:00,26.142,4.452954,10.08,0.0,0.0,44180.0,4.488087,31.312546
2026-07-20 12:00:00+02:00,27.542,3.396233,10.08,0.0,0.0,41740.0,10.035667,30.891392
2026-07-20 13:00:00+02:00,28.542,0.71999997,11.159999,2.0,0.0,40520.0,8.976174,30.267769
2026-07-20 14:00:00+02:00,29.741999,1.5273507,8.64,25.0,0.0,41020.0,15.5204525,30.267769
2026-07-20 15:00:00+02:00,30.392,1.4399999,8.28,56.0,0.0,41740.0,11.282507,31.722036
2026-07-20 16:00:00+02:00,30.592,10.44,21.599998,9.0,0.0,42300.0,13.655687,33.338604
2026-07-20 17:00:00+02:00,30.392,4.5536795,23.039999,34.0,0.0,42140.0,13.525812,32.773354
2026-07-20 18:00:00+02:00,30.491999,3.0547013,9.0,54.0,0.0,41920.0,9.113924,29.435352
2026-07-20 19:00:00+02:00,29.692,3.319036,7.5599995,17.0,0.0,41660.0,6.330734,27.317396
2026-07-20 20:00:00+02:00,28.442,1.9386592,6.8399997,0.0,0.0,41760.0,8.706063,20.331732
2026-07-20 21:00:00+02:00,24.642,5.937272,8.28,0.0,0.0,40420.0,10.025316,16.75862
2026-07-20 22:00:00+02:00,22.092,4.829907,10.799999,0.0,0.0,38620.0,9.079681,14.003396
2026-07-20 23:00:00+02:00,20.792,4.896529,9.36,0.0,0.0,38520.0,7.34788,14.153901
2026-07-21 00:00:00+02:00,20.292,5.3517847,8.64,0.0,0.0,37320.0,5.941551,18.98945
2026-07-21 01:00:00+02:00,20.342,6.6185193,9.36,0.0,0.0,37420.0,6.895935,23.190878
2026-07-21 02:00:00+02:00,19.741999,5.95906,8.28,12.0,0.0,33860.0,6.850616,23.364658
2026-07-21 03:00:00+02:00,19.241999,5.4833565,10.08,17.0,0.0,32180.0,4.907998,23.789505
2026-07-21 04:00:00+02:00,19.491999,4.896529,10.08,43.0,0.0,32740.0,7.205189,22.284399
2026-07-21 05:00:00+02:00,21.241999,2.8116899,8.64,59.0,0.1,35120.0,6.1138062,24.206896
2026-07-21 06:00:00+02:00,21.042,3.219938,10.08,80.0,0.1,30720.0,11.087566,21.51923
2026-07-21 07:00:00+02:00,20.842,3.2399998,4.68,92.0,0.2,23840.0,4.6916795,33.042614
2026-07-21 08:00:00+02:00,21.692,5.0142193,11.159999,71.0,0.2,33000.0,7.958391,26.9768
2026-07-21 09:00:00+02:00,19.692,4.3349743,19.08,53.0,4.8,29320.0,11.4288025,55.533516
2026-07-21 10:00:00+02:00,21.491999,3.0758414,7.92,0.0,0.0,37260.0,10.066657,38.241734
2026-07-21 11:00:00+02:00,23.142,1.9386592,10.440001,0.0,0.0,33440.0,17.250372,38.727253
2026-07-21 12:00:00+02:00,24.192,2.7416782,7.2,0.0,0.0,38660.0,12.4380865,44.49959
2026-07-21 13:00:00+02:00,25.342,3.9763298,9.72,0.0,0.0,39140.0,9.079681,43.310616
2026-07-21 14:00:00+02:00,26.692,1.609969,9.72,0.0,0.0,38380.0,10.189676,46.700447
2026-07-21 15:00:00+02:00,28.342,0.35999998,7.92,0.0,0.0,40940.0,8.253009,43.22603
2026-07-21 16:00:00+02:00,28.942,1.4399999,5.7599998,0.0,0.0,41280.0,4.6472077,34.273087
2026-07-21 17:00:00+02:00,28.991999,12.620554,6.4799995,0.0,0.0,41400.0,6.7744107,32.036243
2026-07-21 18:00:00+02:00,25.542,18.0,42.48,0.0,0.0,39900.0,4.556962,28.933727
2026-07-21 19:00:00+02:00,26.292,11.013882,33.12,0.0,0.0,40960.0,14.539494,26.40668
2026-07-21 20:00:00+02:00,24.342,7.6367526,19.8,0.0,0.0,40200.0,12.832521,23.88647
2026-07-21 21:00:00+02:00,22.342,10.00256,18.0,0.0,0.0,42740.0,19.905111,22.430868
2026-07-21 22:00:00+02:00,21.392,10.948973,20.16,0.0,0.0,43520.0,18.594416,28.953691
2026-07-21 23:00:00+02:00,22.542,10.587918,19.8,0.0,0.0,46360.0,19.85288,30.22956
2026-07-22 00:00:00+02:00,21.692,10.296251,19.08,0.0,0.0,45440.0,17.32245,29.179018
2026-07-22 01:00:00+02:00,20.042,8.435069,18.72,0.0,0.0,43640.0,10.520563,26.9768
2026-07-22 02:00:00+02:00,20.192,6.4096174,15.4800005,0.0,0.0,44140.0,9.515216,22.499464
2026-07-22 03:00:00+02:00,18.142,7.386582,13.679999,0.0,0.0,41980.0,8.215179,16.884583
2026-07-22 04:00:00+02:00,16.842,5.6233797,12.599999,0.0,0.0,41380.0,4.0758705,17.167427
2026-07-22 05:00:00+02:00,16.892,4.39436,10.08,0.0,0.0,41960.0,4.0758705,15.367554
2026-07-22 06:00:00+02:00,15.942,5.95906,9.0,0.0,0.0,41720.0,3.757767,18.51695
2026-07-22 07:00:00+02:00,16.242,5.4833565,9.72,0.0,0.0,40820.0,4.0758705,18.0
2026-07-22 08:00:00+02:00,18.792,0.5091169,9.36,0.0,0.0,40520.0,1.8788835,18.0
2026-07-22 09:00:00+02:00,21.842,2.5959969,5.3999996,0.0,0.0,42840.0,2.3236039,18.0
2026-07-22 10:00:00+02:00,23.642,2.2768397,5.3999996,0.0,0.0,45800.0,1.8227848,20.85554
2026-07-22 11:00:00+02:00,25.192,4.3498964,7.92,0.0,0.0,47240.0,4.0758705,19.62793
2026-07-22 12:00:00+02:00,26.292,6.9247384,12.959999,0.0,0.0,49740.0,6.47666,22.379284
2026-07-22 13:00:00+02:00,27.342,7.928177,14.4,0.0,0.0,42880.0,11.501252,25.020798
2026-07-22 14:00:00+02:00,28.592,8.435069,16.56,0.0,0.0,44540.0,13.402427,25.334478
2026-07-22 15:00:00+02:00,29.592,8.435069,19.08,0.0,0.0,46780.0,14.155951,27.04099
2026-07-22 16:00:00+02:00,29.642,10.739832,18.72,0.0,0.0,44980.0,13.402427,28.753408
2026-07-22 17:00:00+02:00,30.642,3.8268526,20.519999,0.0,0.0,45740.0,18.34142,28.880415
2026-07-22 18:00:00+02:00,30.192,4.6938257,10.440001,0.0,0.0,45420.0,14.69576,22.788692
2026-07-22 19:00:00+02:00,29.192,8.669949,15.84,0.0,0.0,44920.0,9.580463,24.103226
2026-07-22 20:00:00+02:00,27.741999,2.52,13.32,0.0,0.0,42940.0,5.012658,21.357496
2026-07-22 21:00:00+02:00,24.042,6.6185193,11.159999,0.0,0.0,41300.0,4.57969,20.557856
2026-07-22 22:00:00+02:00,21.442,5.3517847,11.879999,0.0,0.0,39960.0,5.3142853,20.557856
2026-07-22 23:00:00+02:00,20.792,4.802999,10.440001,0.0,0.0,40000.0,2.0379353,19.832952
2026-07-23 00:00:00+02:00,19.642,5.5887027,9.36,0.0,0.0,39900.0,1.9333551,23.065948
2026-07-23 01:00:00+02:00,18.892,6.151683,9.36,0.0,0.0,37960.0,0.64445174,23.59437
2026-07-23 02:00:00+02:00,18.642,5.8048253,8.28,0.0,0.0,36880.0,1.4410379,22.4909
2026-07-23 03:00:00+02:00,18.792,5.95906,10.440001,0.0,0.0,37860.0,1.8788835,23.635157
2026-07-23 04:00:00+02:00,18.642,5.154415,8.64,0.0,0.0,38360.0,3.0569031,24.804298
2026-07-23 05:00:00+02:00,18.092,4.8965297,8.64,0.0,0.0,39600.0,5.9240503,24.827585
2026-07-23 06:00:00+02:00,17.442,4.3349743,7.2,0.0,0.0,39700.0,5.333787,26.46497
2026-07-23 07:00:00+02:00,18.542,3.396233,6.8399997,0.0,0.0,40900.0,4.757608,28.232851
2026-07-23 08:00:00+02:00,19.692,1.2979984,4.32,0.0,0.0,39680.0,6.940957,28.307802
2026-07-23 09:00:00+02:00,22.142,1.835647,4.68,0.0,0.0,40260.0,7.0743074,27.253859
2026-07-23 10:00:00+02:00,24.142,1.9386592,5.3999996,0.0,0.0,43340.0,7.515534,30.666088
2026-07-23 11:00:00+02:00,25.692,1.609969,9.36,0.0,0.0,44980.0,5.0333285,28.307802
2026-07-23 12:00:00+02:00,26.792,6.924738,14.759999,0.0,0.0,44160.0,2.0379353,31.164553
2026-07-23 13:00:00+02:00,28.042,7.8954163,14.04,0.0,0.0,44200.0,3.67394,32.90241
2026-07-23 14:00:00+02:00,29.342,6.0347,9.36,0.0,0.0,44220.0,2.278481,26.392084
2026-07-23 15:00:00+02:00,30.442,7.342588,16.56,0.0,0.0,46360.0,2.8820758,27.563091
2026-07-23 16:00:00+02:00,30.991999,4.6938257,15.4800005,0.0,0.0,47140.0,3.8667102,27.48611
2026-07-23 17:00:00+02:00,31.491999,5.1544156,11.5199995,0.0,0.0,49640.0,8.402622,33.568924
2026-07-23 18:00:00+02:00,31.042,7.145796,16.919998,0.0,0.0,52080.0,19.726961,28.612377
2026-07-23 19:00:00+02:00,29.491999,2.9024127,15.84,0.0,0.0,54680.0,26.920809,23.463383
2026-07-23 20:00:00+02:00,27.092,11.043261,13.679999,0.0,0.0,50500.0,30.842924,24.405024
2026-07-23 21:00:00+02:00,24.942,10.1376915,19.8,0.0,0.0,49940.0,31.201048,21.112572
2026-07-23 22:00:00+02:00,22.542,6.725354,18.0,0.0,0.0,46840.0,20.071335,27.57008
2026-07-23 23:00:00+02:00,22.642,9.47012,11.879999,0.0,0.0,46320.0,21.461308,28.048029
2026-07-24 00:00:00+02:00,21.442,8.217153,18.0,0.0,0.0,44600.0,17.15985,33.59187
2026-07-24 01:00:00+02:00,19.991999,7.491114,14.04,0.0,0.0,44180.0,13.881914,36.641724
2026-07-24 02:00:00+02:00,20.092,9.565437,12.959999,0.0,0.0,45540.0,17.177994,34.49717
2026-07-24 03:00:00+02:00,19.042,8.534353,18.0,0.0,0.0,44940.0,16.335293,29.337025
2026-07-24 04:00:00+02:00,18.892,7.729527,16.919998,0.0,0.0,45020.0,16.959002,27.931032
2026-07-24 05:00:00+02:00,19.741999,9.693296,14.4,0.0,0.0,47560.0,17.69604,22.379284
2026-07-24 06:00:00+02:00,18.142,6.989936,17.64,0.0,0.0,45260.0,12.312233,20.52034
2026-07-24 07:00:00+02:00,16.741999,5.904439,11.879999,0.0,0.0,41780.0,6.330734,21.330421
2026-07-24 08:00:00+02:00,20.042,1.8,10.799999,0.0,0.0,41740.0,4.201311,20.567223
2026-07-24 09:00:00+02:00,23.241999,2.52,6.12,0.0,0.0,43640.0,3.286072,22.353445
2026-07-24 10:00:00+02:00,24.692,5.4833565,7.5599995,0.0,0.0,48660.0,0.64445174,23.594372
2026-07-24 11:00:00+02:00,25.842,5.3517847,8.28,0.0,0.0,51200.0,1.4410379,21.759575
2026-07-24 12:00:00+02:00,27.292,6.439876,12.959999,0.0,0.0,51680.0,2.0379353,21.679756
2026-07-24 13:00:00+02:00,28.442,7.7879906,16.56,0.0,0.0,51160.0,8.402622,23.789505
2026-07-24 14:00:00+02:00,29.542,10.44,23.4,0.0,0.0,56100.0,18.54969,22.77178
2026-07-24 15:00:00+02:00,30.442,10.514218,22.68,0.0,0.0,55240.0,19.128386,22.76332
2026-07-24 16:00:00+02:00,30.692,11.592894,24.48,0.0,0.0,55380.0,16.284365,24.151127
2026-07-24 17:00:00+02:00,31.392,6.6185193,24.119999,0.0,0.0,55540.0,17.441916,25.326874
2026-07-24 18:00:00+02:00,30.991999,2.0364676,13.32,0.0,0.0,46000.0,16.182028,26.194277
2026-07-24 19:00:00+02:00,29.991999,2.0991426,5.3999996,10.0,0.0,43100.0,11.600131,24.578054
2026-07-24 20:00:00+02:00,28.192,7.2,10.799999,0.0,0.0,43320.0,10.974618,23.463383
2026-07-24 21:00:00+02:00,25.642,6.792466,13.32,0.0,0.0,41960.0,10.667574,20.141356
2026-07-24 22:00:00+02:00,23.692,3.4152596,10.799999,0.0,0.0,41480.0,8.670211,18.948832
2026-07-24 23:00:00+02:00,21.241999,5.0911684,9.36,0.0,0.0,40840.0,9.56962,18.339252
2026-07-25 00:00:00+02:00,19.991999,5.7599998,9.72,0.0,0.0,40180.0,10.280973,16.562065
2026-07-25 01:00:00+02:00,19.491999,5.771239,10.440001,0.0,0.0,39600.0,9.815996,18.170418
2026-07-25 02:00:00+02:00,18.592,5.0911684,10.08,0.0,0.0,38920.0,10.599223,22.15436
2026-07-25 03:00:00+02:00,18.092,6.2145634,11.159999,0.0,0.0,38900.0,9.65603,24.491692
2026-07-25 04:00:00+02:00,18.092,6.0347,11.159999,0.0,0.0,38820.0,8.976174,28.907082
2026-07-25 05:00:00+02:00,17.692,5.495161,11.159999,13.0,0.0,35700.0,6.444517,27.792759
2026-07-25 06:00:00+02:00,17.892,5.815978,7.92,38.0,0.0,35740.0,5.6366506,24.151127
2026-07-25 07:00:00+02:00,19.042,3.7064266,8.28,42.0,0.0,36200.0,6.1138062,21.679756
2026-07-25 08:00:00+02:00,21.792,2.5455842,5.3999996,23.0,0.0,36520.0,5.941551,24.989985
2026-07-25 09:00:00+02:00,23.692,5.154415,7.5599995,3.0,0.0,39780.0,1.4410379,25.59169
2026-07-25 10:00:00+02:00,24.842,3.563818,6.4799995,0.0,0.0,40100.0,2.6571426,24.710932
2026-07-25 11:00:00+02:00,25.642,7.24486,12.24,0.0,0.0,41140.0,5.8000655,19.251385
2026-07-25 12:00:00+02:00,26.542,6.6087217,14.759999,0.0,0.0,41840.0,7.5842957,16.65485
2026-07-25 13:00:00+02:00,27.042,8.217153,16.199999,0.0,0.0,43560.0,11.124962,20.141356
2026-07-25 14:00:00+02:00,28.741999,11.183201,19.08,0.0,0.0,44600.0,17.590109,24.238705
2026-07-25 15:00:00+02:00,29.692,11.91812,24.84,0.0,0.0,46780.0,14.038106,22.422277
2026-07-25 16:00:00+02:00,30.042,9.83268,22.319998,0.0,0.0,46220.0,9.837129,23.716516
2026-07-25 17:00:00+02:00,29.592,7.9526596,16.919998,0.0,0.0,46420.0,8.253009,22.387888
2026-07-25 18:00:00+02:00,29.241999,6.792466,15.119999,0.0,0.0,46860.0,6.1307654,21.510277
2026-07-25 19:00:00+02:00,28.692,0.5091169,11.879999,0.0,0.0,47080.0,8.11344,19.794064
2026-07-25 20:00:00+02:00,26.292,2.2768397,3.96,0.0,0.0,43620.0,2.9178793,24.278408
2026-07-25 21:00:00+02:00,25.142,3.2399998,3.2399998,0.0,0.0,42940.0,9.666777,26.660769
2026-07-25 22:00:00+02:00,24.392,13.896187,23.4,0.0,0.0,42060.0,8.987734,26.105885
2026-07-25 23:00:00+02:00,23.642,6.12,29.16,0.0,0.0,41460.0,8.84802,22.379284
2026-07-26 00:00:00+02:00,22.142,3.2399998,13.679999,0.0,0.0,40680.0,4.1265044,11.41124
2026-07-26 01:00:00+02:00,21.392,2.8116899,9.36,0.0,0.0,40380.0,0.4556962,11.0510645
2026-07-26 02:00:00+02:00,18.392,5.6002855,13.32,50.0,0.3,5120.0,4.201311,13.370063
2026-07-26 03:00:00+02:00,18.342,5.95906,15.119999,19.0,6.2,7620.0,7.34788,13.739551
2026-07-26 04:00:00+02:00,18.342,4.198285,12.24,44.0,7.0,20680.0,2.3236039,8.092802
2026-07-26 05:00:00+02:00,17.741999,8.427383,6.8399997,12.0,1.3,14980.0,8.476439,11.0510645
2026-07-26 06:00:00+02:00,17.741999,4.8433046,13.32,36.0,2.7,5540.0,3.286072,15.152965
2026-07-26 07:00:00+02:00,17.392,8.404285,15.119999,0.0,19.0,1180.0,6.940957,6.48019
2026-07-26 08:00:00+02:00,18.642,3.671294,16.56,2.0,23.8,16160.0,2.453999,3.9743526
2026-07-26 09:00:00+02:00,19.792,4.3349743,10.440001,12.0,0.0,23520.0,2.8820758,2.2379284
2026-07-26 10:00:00+02:00,20.792,2.9024127,7.2,36.0,0.0,29540.0,1.643036,5.3031745
2026-07-26 11:00:00+02:00,21.542,1.835647,5.7599998,33.0,0.0,34340.0,1.2889035,9.227215
2026-07-26 12:00:00+02:00,22.241999,2.0991426,4.68,0.0,0.0,36580.0,3.286072,7.948705
2026-07-26 13:00:00+02:00,22.542,2.8116899,5.3999996,0.0,0.0,37800.0,3.0569031,7.2649856
2026-07-26 14:00:00+02:00,25.042,5.3999996,8.28,0.0,0.0,41140.0,11.02182,11.858258
2026-07-26 15:00:00+02:00,23.342,12.620554,26.28,0.0,0.0,37320.0,12.438086,16.292364
2026-07-26 16:00:00+02:00,22.991999,8.225035,22.68,12.0,0.4,23760.0,9.350104,18.170418
2026-07-26 17:00:00+02:00,25.491999,6.519877,16.199999,0.0,0.0,41160.0,6.3797464,18.25503
2026-07-26 18:00:00+02:00,25.842,5.937272,14.759999,0.0,0.0,41180.0,3.3175182,20.864775
2026-07-26 19:00:00+02:00,25.842,3.7064266,11.5199995,0.0,0.0,41080.0,1.643036,23.364658
2026-07-26 20:00:00+02:00,24.741999,2.16,6.8399997,0.0,0.0,40300.0,3.2222586,25.516308
2026-07-26 21:00:00+02:00,23.192,4.1046314,4.68,0.0,0.0,39180.0,2.6571426,26.406677
2026-07-26 22:00:00+02:00,20.342,5.00128,9.36,0.0,0.0,34900.0,5.0333285,26.105885
2026-07-26 23:00:00+02:00,20.142,3.396233,10.08,0.0,0.0,36220.0,6.444517,26.718508
2026-07-27 00:00:00+02:00,19.642,4.39436,8.28,0.0,0.0,34480.0,11.537306,26.33363
2026-07-27 01:00:00+02:00,19.192,5.0911684,9.36,0.0,0.0,37280.0,9.7416725,23.716516
2026-07-27 02:00:00+02:00,18.692,5.0911684,10.440001,0.0,0.0,36500.0,12.759493,18.764957
2026-07-27 03:00:00+02:00,18.542,4.3349743,10.08,0.0,0.0,37980.0,12.337506,15.329903
2026-07-27 04:00:00+02:00,18.392,4.5820518,8.64,0.0,0.0,38680.0,9.612922,16.398428
2026-07-27 05:00:00+02:00,18.092,5.495161,7.92,0.0,0.0,38780.0,14.610731,13.626929
2026-07-27 06:00:00+02:00,17.991999,3.8939953,8.64,0.0,0.0,39640.0,14.64622,13.0492525
2026-07-27 07:00:00+02:00,18.642,4.072935,5.3999996,0.0,0.0,39780.0,8.21518,13.626929
2026-07-27 08:00:00+02:00,20.392,4.072935,9.36,0.0,0.0,35920.0,14.1559515,14.181093
2026-07-27 09:00:00+02:00,24.042,4.6938257,9.36,0.0,0.0,40740.0,13.246579,15.266946
2026-07-27 10:00:00+02:00,25.692,3.6,9.36,0.0,0.0,42200.0,10.490914,17.390388
2026-07-27 11:00:00+02:00,27.491999,3.2599385,8.28,0.0,0.0,42900.0,9.612922,16.65485
2026-07-27 12:00:00+02:00,29.092,3.396233,9.0,0.0,0.0,43200.0,5.993747,16.386677
2026-07-27 13:00:00+02:00,30.392,5.692099,11.5199995,0.0,0.0,43740.0,4.488087,19.390963
2026-07-27 14:00:00+02:00,32.492,2.4149535,9.36,0.0,0.0,48220.0,2.278481,14.714402
2026-07-27 15:00:00+02:00,33.242,4.3349743,7.2,0.0,0.0,50300.0,0.4556962,17.566723
2026-07-27 16:00:00+02:00,32.842003,6.9247384,9.0,0.0,0.0,50680.0,5.195736,19.725824
2026-07-27 17:00:00+02:00,33.542,2.7416782,8.64,0.0,0.0,49900.0,2.6571426,19.716057
2026-07-27 18:00:00+02:00,33.542,1.5273507,7.5599995,0.0,0.0,49900.0,4.201311,18.096056
2026-07-27 19:00:00+02:00,32.792,1.2979984,3.2399998,0.0,0.0,48280.0,3.3175182,17.78468
2026-07-27 20:00:00+02:00,30.892,3.0547013,3.6,0.0,0.0,44940.0,3.286072,21.96224
2026-07-27 21:00:00+02:00,26.142,6.989936,12.599999,0.0,0.0,41900.0,2.7718916,22.82248
2026-07-27 22:00:00+02:00,24.142,8.714677,15.4800005,0.0,0.0,41680.0,3.0569031,22.839355
2026-07-27 23:00:00+02:00,23.741999,7.127636,15.84,0.0,0.0,41600.0,7.958391,20.265303
2026-07-28 00:00:00+02:00,22.642,6.696387,12.24,0.0,0.0,41160.0,8.561753,20.360134
2026-07-28 01:00:00+02:00,21.642,5.904439,11.879999,0.0,0.0,40680.0,6.47666,18.62069
2026-07-28 02:00:00+02:00,21.292,5.904439,10.799999,0.0,0.0,40660.0,3.5591009,15.41761
2026-07-28 03:00:00+02:00,21.142,5.692099,10.08,0.0,0.0,40820.0,1.8788835,17.043554
2026-07-28 04:00:00+02:00,20.942,6.12,11.159999,0.0,0.0,41060.0,1.643036,14.490146
2026-07-28 05:00:00+02:00,20.241999,5.1919937,9.72,0.0,0.0,40560.0,0.9113924,11.858258
2026-07-28 06:00:00+02:00,20.042,5.315336,7.92,0.0,0.0,40960.0,1.0189676,10.569963
2026-07-28 07:00:00+02:00,20.692,4.510787,7.5599995,0.0,0.0,40720.0,0.4556962,7.777219
2026-07-28 08:00:00+02:00,22.392,3.319036,6.12,0.0,0.0,39080.0,1.0189676,6.329817
2026-07-28 09:00:00+02:00,24.442,2.7416782,5.7599998,0.0,0.0,40060.0,2.0379353,5.8883786
2026-07-28 10:00:00+02:00,26.042,3.0758414,4.32,0.0,0.0,41860.0,2.9178793,7.0769506
2026-07-28 11:00:00+02:00,27.292,3.96,5.04,0.0,0.0,43660.0,3.286072,6.939521
2026-07-28 12:00:00+02:00,28.792,5.154415,12.24,0.0,0.0,43100.0,5.562481,6.6850314
2026-07-28 13:00:00+02:00,29.741999,6.489992,15.119999,0.0,0.0,41860.0,8.706063,6.6850314
2026-07-28 14:00:00+02:00,30.491999,7.386582,16.56,0.0,0.0,41820.0,10.677303,6.2378535
2026-07-28 15:00:00+02:00,31.442,8.161764,18.359999,0.0,0.0,42320.0,15.713261,5.0041595
2026-07-28 16:00:00+02:00,31.991999,8.4963045,19.8,0.0,0.0,43500.0,15.473553,4.5186887
2026-07-28 17:00:00+02:00,32.042,9.659814,18.359999,0.0,0.0,44260.0,18.454288,4.8477407
2026-07-28 18:00:00+02:00,32.042,8.089993,19.44,0.0,0.0,45140.0,17.292456,3.9743526
2026-07-28 19:00:00+02:00,31.491999,5.2416787,16.56,0.0,0.0,44020.0,14.67455,3.5111506
2026-07-28 20:00:00+02:00,29.991999,0.8049845,9.36,0.0,0.0,42100.0,8.976174,1.9627929
2026-07-28 21:00:00+02:00,26.192,6.0347,10.799999,0.0,0.0,39360.0,3.5591009,2.5591688
2026-07-28 22:00:00+02:00,23.792,5.4477882,9.72,0.0,0.0,37260.0,7.7602262,3.1649084
2026-07-28 23:00:00+02:00,22.991999,5.0142193,10.08,0.0,0.0,35920.0,9.994198,4.475857
2026-07-29 00:00:00+02:00,22.642,6.151683,11.159999,5.0,0.0,34760.0,5.709857,7.5764823
2026-07-29 01:00:00+02:00,22.741999,5.95906,10.08,2.0,0.0,35200.0,3.67394,11.444951
2026-07-29 02:00:00+02:00,22.642,6.297428,10.08,39.0,0.0,32520.0,4.1265044,10.027549
2026-07-29 03:00:00+02:00,22.392,5.315336,9.36,39.0,0.0,31200.0,3.89347,10.998648
2026-07-29 04:00:00+02:00,23.142,5.315336,6.4799995,60.0,0.0,34240.0,3.286072,15.566816
2026-07-29 05:00:00+02:00,23.491999,4.0249224,7.92,59.0,0.0,34740.0,4.323114,16.185604
2026-07-29 06:00:00+02:00,23.241999,3.8268526,7.5599995,64.0,0.0,34160.0,3.67394,14.948187
2026-07-29 07:00:00+02:00,23.642,3.219938,5.7599998,59.0,0.0,34980.0,2.3236039,10.027549
2026-07-29 08:00:00+02:00,24.392,1.609969,5.04,53.0,0.0,32560.0,3.4704785,6.6850314
2026-07-29 09:00:00+02:00,25.142,0.5091169,3.6,71.0,0.0,36240.0,4.323114,6.8557405
2026-07-29 10:00:00+02:00,26.241999,0.8049845,2.8799999,61.0,0.0,37760.0,4.0758705,5.6205835
2026-07-29 11:00:00+02:00,27.792,2.8799999,5.04,12.0,0.0,39740.0,2.453999,5.1183376
2026-07-29 12:00:00+02:00,28.792,4.3349743,7.5599995,0.0,0.0,39700.0,2.577807,5.3031745
2026-07-29 13:00:00+02:00,29.892,4.379589,7.2,7.0,0.0,40240.0,5.195736,3.7241378
2026-07-29 14:00:00+02:00,30.842,6.6185193,9.72,6.0,0.0,41260.0,5.195736,3.7755077
2026-07-29 15:00:00+02:00,32.092,7.7879906,16.919998,2.0,0.0,42000.0,8.062088,6.329817
2026-07-29 16:00:00+02:00,32.692,7.386582,18.0,3.0,0.0,42360.0,13.246578,10.678748
2026-07-29 17:00:00+02:00,32.792,8.587338,16.56,0.0,0.0,42600.0,16.959002,15.152965
2026-07-29 18:00:00+02:00,32.742,8.209263,18.359999,6.0,0.0,42460.0,17.536903,18.948832
2026-07-29 19:00:00+02:00,32.442,6.9899354,15.84,2.0,0.0,42360.0,10.754816,21.002802
2026-07-29 20:00:00+02:00,28.942,11.183201,30.239998,0.0,0.0,41200.0,0.9113924,23.422297
2026-07-29 21:00:00+02:00,26.542,9.449572,25.56,0.0,0.0,40740.0,3.286072,15.266946
2026-07-29 22:00:00+02:00,25.491999,4.8965297,16.919998,0.0,0.0,40120.0,4.323114,17.167427
2026-07-29 23:00:00+02:00,25.442,4.8433046,8.28,0.0,0.0,38080.0,2.734177,14.922391
2026-07-30 00:00:00+02:00,24.092,4.1046314,10.08,0.0,0.0,33880.0,3.2222586,13.196042
2026-07-30 01:00:00+02:00,25.142,3.4152596,6.4799995,21.0,0.0,38920.0,3.67394,11.41124
2026-07-30 02:00:00+02:00,24.842,4.198285,4.68,49.0,0.0,36320.0,4.57969,10.1040945
2026-07-30 03:00:00+02:00,23.892,5.3999996,9.72,31.0,0.0,34660.0,6.572144,7.900089
2026-07-30 04:00:00+02:00,24.092,4.6938257,9.0,26.0,0.0,38180.0,7.205189,8.068965
2026-07-30 05:00:00+02:00,22.892,5.8603754,8.64,19.0,0.0,36120.0,5.709857,10.839878
2026-07-30 06:00:00+02:00,22.892,5.1165614,10.08,0.0,0.0,37520.0,5.012658,10.857635
2026-07-30 07:00:00+02:00,23.442,4.198285,9.0,0.0,0.0,38320.0,4.323114,11.0510645
2026-07-30 08:00:00+02:00,24.792,2.2768397,6.8399997,0.0,0.0,37220.0,3.286072,12.194616
2026-07-30 09:00:00+02:00,26.842,2.16,5.04,0.0,0.0,40360.0,4.757608,11.858258
2026-07-30 10:00:00+02:00,28.592,3.396233,7.2,0.0,0.0,41400.0,3.286072,7.4482756
2026-07-30 11:00:00+02:00,30.241999,2.5455842,5.3999996,0.0,0.0,42360.0,0.4556962,3.9255857
2026-07-30 12:00:00+02:00,31.942,3.2599385,5.7599998,0.0,0.0,43100.0,2.8820758,3.6192114
2026-07-30 13:00:00+02:00,32.942,7.172949,11.159999,7.0,0.0,43560.0,6.835443,6.6850314
2026-07-30 14:00:00+02:00,33.492,7.5942082,16.919998,0.0,0.0,43640.0,9.994198,8.622896
2026-07-30 15:00:00+02:00,34.392002,8.14587,18.0,0.0,0.0,43480.0,14.155951,10.606349
2026-07-30 16:00:00+02:00,34.692,8.404285,19.44,18.0,0.0,43060.0,12.832521,12.226168
2026-07-30 17:00:00+02:00,35.142002,7.754637,17.64,0.0,0.0,44180.0,18.347078,14.490146
2026-07-30 18:00:00+02:00,34.992,8.854829,19.8,0.0,0.0,44560.0,17.292456,18.0
2026-07-30 19:00:00+02:00,34.342003,6.1305785,17.64,0.0,0.0,44340.0,13.285712,13.612786
2026-07-30 20:00:00+02:00,31.892,3.8773184,10.08,0.0,0.0,41300.0,12.030725,9.715329
2026-07-30 21:00:00+02:00,28.292,7.5685663,9.72,0.0,0.0,40380.0,2.9178793,11.809426
2026-07-30 22:00:00+02:00,25.892,8.209263,9.72,0.0,0.0,37860.0,0.9113924,6.329817
2026-07-30 23:00:00+02:00,26.892,6.792466,15.84,0.0,0.0,40140.0,0.4556962,18.074755
2026-07-31 00:00:00+02:00,25.792,6.1094027,11.159999,0.0,0.0,39360.0,2.0379353,22.284399
2026-07-31 01:00:00+02:00,25.692,5.634891,11.5199995,0.0,0.0,40240.0,3.286072,19.271389
2026-07-31 02:00:00+02:00,25.142,4.8965297,9.36,0.0,0.0,40120.0,1.8788835,15.355014
2026-07-31 03:00:00+02:00,24.842,5.00128,9.0,2.0,0.0,40300.0,3.2222586,13.781546
2026-07-31 04:00:00+02:00,24.692,5.692099,7.92,0.0,0.0,40440.0,2.453999,14.329733
2026-07-31 05:00:00+02:00,25.042,4.8433046,8.28,0.0,0.0,40440.0,1.4410379,17.256958
2026-07-31 06:00:00+02:00,24.442,3.7064266,11.879999,0.0,0.0,39680.0,0.9113924,16.884583
2026-07-31 07:00:00+02:00,25.491999,4.1046314,5.7599998,0.0,0.0,40740.0,1.2889035,16.102081
2026-07-31 08:00:00+02:00,25.592,2.9024127,6.4799995,0.0,0.0,37060.0,2.6571426,13.879042
2026-07-31 09:00:00+02:00,27.642,1.2979984,5.3999996,0.0,0.0,39680.0,3.5591009,10.606349
2026-07-31 10:00:00+02:00,29.491999,1.5273507,5.04,0.0,0.0,40940.0,4.6916795,8.6452055
2026-07-31 11:00:00+02:00,30.892,2.6208394,9.36,0.0,0.0,42400.0,6.444517,9.310345
2026-07-31 12:00:00+02:00,32.342,6.2145634,11.5199995,0.0,0.0,44240.0,8.706063,10.027549
2026-07-31 13:00:00+02:00,33.292,9.360001,19.08,0.0,0.0,43660.0,12.864844,13.370063
2026-07-31 14:00:00+02:00,32.442,16.854767,20.519999,43.0,0.0,43380.0,18.70576,18.096056
2026-07-31 15:00:00+02:00,30.241999,9.673221,30.599998,0.0,0.0,40400.0,16.91609,24.206896
2026-07-31 16:00:00+02:00,32.092,8.707237,20.880001,0.0,0.0,41320.0,5.333787,36.372623
2026-07-31 17:00:00+02:00,29.792,16.75064,16.199999,25.0,0.0,41780.0,7.0743074,33.228638
2026-07-31 18:00:00+02:00,30.192,13.237039,30.599998,0.0,0.0,41240.0,2.8820758,25.69685
2026-07-31 19:00:00+02:00,30.442,8.089993,25.56,0.0,0.0,41740.0,5.155614,21.944693
2026-07-31 20:00:00+02:00,28.942,1.2979984,15.84,0.0,0.0,41740.0,11.254866,18.127962
2026-07-31 21:00:00+02:00,28.592,12.9249525,24.48,0.0,0.0,41660.0,19.679535,19.794064
2026-07-31 22:00:00+02:00,27.942,8.4042845,38.16,0.0,0.0,42160.0,8.84802,14.543223
2026-07-31 23:00:00+02:00,25.491999,7.928177,10.08,0.0,0.0,40640.0,9.580464,25.051575
2026-08-01 00:00:00+02:00,24.942,5.0142193,16.199999,0.0,0.0,41020.0,5.941551,25.113012
2026-08-01 01:00:00+02:00,24.292,8.707237,15.119999,0.0,0.0,40240.0,6.895935,25.265957
2026-08-01 02:00:00+02:00,23.592,7.4128532,17.28,0.0,0.0,39100.0,9.858215,19.120867
2026-08-01 03:00:00+02:00,23.741999,5.3999996,10.08,0.0,0.0,40060.0,3.757767,25.935617
2026-08-01 04:00:00+02:00,22.642,4.2136917,12.599999,0.0,0.0,39760.0,2.3236039,17.390388
2026-08-01 05:00:00+02:00,22.192,5.0911684,9.72,0.0,0.0,39740.0,1.0189676,16.149862
2026-08-01 06:00:00+02:00,22.241999,6.1094027,10.440001,0.0,0.0,39480.0,3.67394,18.713562
2026-08-01 07:00:00+02:00,22.292,6.439876,11.879999,0.0,0.0,38800.0,6.47666,15.517241
2026-08-01 08:00:00+02:00,24.192,3.4152596,11.159999,0.0,0.0,38420.0,7.958391,13.879042
2026-08-01 09:00:00+02:00,26.442,0.8049845,5.3999996,0.0,0.0,39760.0,5.6366506,6.113084
2026-08-01 10:00:00+02:00,28.342,2.968636,7.5599995,0.0,0.0,40980.0,5.333787,10.839878
2026-08-01 11:00:00+02:00,29.592,2.7416782,6.8399997,0.0,0.0,42900.0,3.67394,30.540203
2026-08-01 12:00:00+02:00,31.792,2.4149535,7.92,0.0,0.0,45280.0,5.709857,25.928188
2026-08-01 13:00:00+02:00,33.142002,5.3517847,10.799999,0.0,0.0,45660.0,5.506198,19.794064
2026-08-01 14:00:00+02:00,34.492,8.654987,11.879999,0.0,0.0,47480.0,11.85686,20.141356
2026-08-01 15:00:00+02:00,33.492,15.175612,28.8,0.0,0.0,46680.0,14.47508,20.265303
2026-08-01 16:00:00+02:00,27.642,19.05281,52.199997,0.0,0.4,41120.0,7.4739733,11.776757
2026-08-01 17:00:00+02:00,27.042,4.6938252,33.48,0.0,0.0,40260.0,9.580463,12.051613
2026-08-01 18:00:00+02:00,27.592,3.7064266,7.92,0.0,0.0,39860.0,4.57969,2.2379284
2026-08-01 19:00:00+02:00,27.842,1.2979984,9.0,0.0,0.0,40580.0,1.643036,7.0769506
2026-08-01 20:00:00+02:00,28.442,4.1046314,5.3999996,0.0,0.0,41040.0,4.201311,10.569963
2026-08-01 21:00:00+02:00,26.991999,1.8,13.32,0.0,0.0,41200.0,11.883102,9.310345
2026-08-01 22:00:00+02:00,25.192,5.2416787,11.5199995,0.0,0.0,40380.0,9.784211,10.569963
2026-08-01 23:00:00+02:00,23.592,20.140705,11.879999,0.0,0.0,3560.0,11.926711,17.122486
2026-08-02 00:00:00+02:00,24.192,13.324863,28.44,0.0,5.7,37900.0,20.827858,10.839878
2026-08-02 01:00:00+02:00,25.442,7.771331,29.519999,0.0,0.5,40960.0,18.330091,17.752157
2026-08-02 02:00:00+02:00,22.991999,11.966953,11.159999,0.0,0.0,37960.0,16.959002,17.390388
2026-08-02 03:00:00+02:00,22.342,5.154415,19.08,0.0,0.0,36380.0,11.830561,21.794956
2026-08-02 04:00:00+02:00,21.991999,3.8268526,8.28,0.0,0.0,36080.0,7.958391,18.8469
2026-08-02 05:00:00+02:00,21.892,5.00128,7.92,0.0,0.0,37040.0,1.3670886,17.167427
2026-08-02 06:00:00+02:00,21.741999,5.8603754,10.08,0.0,0.0,36460.0,1.4410379,17.555754
2026-08-02 07:00:00+02:00,23.342,4.829907,10.08,0.0,0.0,38640.0,1.3670886,17.577684
2026-08-02 08:00:00+02:00,23.241999,1.0182338,6.8399997,31.0,0.0,36980.0,3.3175182,18.433542
2026-08-02 09:00:00+02:00,25.142,7.42159,13.32,3.0,0.0,39220.0,2.3236039,10.98112
2026-08-02 10:00:00+02:00,23.192,3.6179552,14.04,23.0,0.7,34640.0,10.955679,13.612786
2026-08-02 11:00:00+02:00,26.392,5.8048253,15.84,0.0,0.1,40240.0,8.21518,15.012479
2026-08-02 12:00:00+02:00,26.392,2.968636,10.799999,0.0,0.0,39820.0,6.1138062,19.120867
2026-08-02 13:00:00+02:00,27.542,6.849467,14.04,0.0,0.0,39640.0,11.644798,19.871765
2026-08-02 14:00:00+02:00,29.642,11.212135,17.28,0.0,0.0,40980.0,7.1327734,10.98112
2026-08-02 15:00:00+02:00,31.092,6.725354,26.28,0.0,0.0,42160.0,3.8667102,12.915714
2026-08-02 16:00:00+02:00,32.242,3.096837,15.119999,0.0,0.0,42420.0,4.6472077,15.355014
2026-08-02 17:00:00+02:00,31.942,7.628263,13.32,0.0,0.0,42920.0,8.074956,13.152178
2026-08-02 18:00:00+02:00,31.991999,5.937272,16.199999,0.0,0.0,43420.0,8.84802,12.5680065
2026-08-02 19:00:00+02:00,30.991999,7.42159,13.32,0.0,0.0,42100.0,7.515534,17.773846
2026-08-02 20:00:00+02:00,28.792,2.3051248,15.84,0.0,0.0,41240.0,5.9240503,13.612786
2026-08-02 21:00:00+02:00,27.792,3.7585104,5.3999996,0.0,0.0,40780.0,3.286072,14.490146
2026-08-02 22:00:00+02:00,26.741999,2.9024127,7.92,0.0,0.0,40960.0,2.3236039,14.003396
2026-08-02 23:00:00+02:00,25.991999,5.3517847,6.4799995,0.0,0.0,40940.0,3.4704785,15.11478
2026-08-03 00:00:00+02:00,25.892,3.319036,8.64,0.0,0.0,40780.0,3.67394,17.31268
2026-08-03 01:00:00+02:00,25.342,4.39436,8.64,0.0,0.0,40860.0,5.487309,13.326771
2026-08-03 02:00:00+02:00,25.542,3.319036,6.12,0.0,0.0,40940.0,1.3670886,13.268828
2026-08-03 03:00:00+02:00,24.991999,4.3349743,6.12,0.0,0.0,41160.0,1.643036,13.556066
2026-08-03 04:00:00+02:00,24.292,5.3517847,9.0,0.0,0.0,40560.0,1.8788835,13.093462
2026-08-03 05:00:00+02:00,24.042,4.6938257,9.36,0.0,0.0,40700.0,3.9200466,10.551724
2026-08-03 06:00:00+02:00,23.792,4.3349743,6.4799995,0.0,0.0,40460.0,3.1898732,11.711148
2026-08-03 07:00:00+02:00,24.342,4.452954,7.5599995,0.0,0.0,40680.0,0.0,12.780782
2026-08-03 08:00:00+02:00,24.542,3.9763298,5.7599998,0.0,0.0,39280.0,2.278481,13.6692705
2026-08-03 09:00:00+02:00,26.741999,1.4399999,8.28,0.0,0.0,40200.0,2.453999,8.327425
2026-08-03 10:00:00+02:00,27.642,5.04,15.4800005,0.0,0.0,41340.0,5.195736,12.735487
2026-08-03 11:00:00+02:00,27.542,3.319036,12.599999,0.0,0.0,41160.0,2.0379353,12.795844
2026-08-03 12:00:00+02:00,28.842,6.2145634,10.799999,0.0,0.0,41680.0,2.453999,10.624495
2026-08-03 13:00:00+02:00,31.292,4.5536795,11.5199995,0.0,0.0,42460.0,4.556962,14.753624
2026-08-03 14:00:00+02:00,32.842003,3.0547013,9.0,0.0,0.0,44580.0,7.3053656,21.112574
2026-08-03 15:00:00+02:00,32.592003,11.609651,18.72,0.0,0.0,44820.0,5.195736,22.379282
2026-08-03 16:00:00+02:00,33.342003,11.928989,20.880001,0.0,0.0,43660.0,2.6571426,16.562065
2026-08-03 17:00:00+02:00,33.442,10.390226,18.359999,0.0,0.0,44140.0,8.253009,14.909477
2026-08-03 18:00:00+02:00,33.142002,8.049845,20.16,0.0,0.0,44320.0,8.84802,12.194616
2026-08-03 19:00:00+02:00,32.342,6.725354,16.199999,0.0,0.0,43600.0,10.240498,16.71258
2026-08-03 20:00:00+02:00,30.092,2.1897945,12.599999,0.0,0.0,42220.0,11.171529,17.478779
2026-08-03 21:00:00+02:00,26.542,6.638072,10.799999,0.0,0.0,41080.0,13.270073,16.884583
2026-08-03 22:00:00+02:00,23.842,5.1544156,12.599999,0.0,0.0,38100.0,10.035667,21.733002
2026-08-03 23:00:00+02:00,23.842,6.193674,11.879999,0.0,0.0,38200.0,8.21518,25.455843
2026-08-04 00:00:00+02:00,24.142,5.2416787,12.599999,0.0,0.0,38280.0,10.520564,27.937927
2026-08-04 01:00:00+02:00,24.942,4.802999,13.32,0.0,0.0,40900.0,6.728273,30.024958
2026-08-04 02:00:00+02:00,24.442,6.9153743,8.64,0.0,0.0,40040.0,7.34788,28.102919
2026-08-04 03:00:00+02:00,24.442,6.4096174,11.5199995,0.0,0.0,40240.0,8.074956,28.578697
2026-08-04 04:00:00+02:00,22.642,4.829907,11.879999,0.0,0.4,34460.0,2.278481,39.495567
2026-08-04 05:00:00+02:00,22.442,4.0249224,13.32,0.0,0.0,38000.0,4.0758705,33.956886
2026-08-04 06:00:00+02:00,22.842,6.9153743,10.440001,0.0,0.0,39040.0,1.8788835,28.423246
2026-08-04 07:00:00+02:00,23.592,3.396233,12.599999,0.0,0.0,39420.0,1.8788835,24.483826
2026-08-04 08:00:00+02:00,25.241999,2.7416782,4.32,4.0,0.0,39040.0,1.9333551,26.948225
2026-08-04 09:00:00+02:00,27.192,3.2599385,6.8399997,3.0,0.0,40020.0,2.3236039,29.980017
2026-08-04 10:00:00+02:00,28.542,2.7416782,6.8399997,0.0,0.0,40420.0,2.6571426,28.592175
2026-08-04 11:00:00+02:00,30.542,1.9386592,6.4799995,0.0,0.0,42000.0,4.757608,30.565416
2026-08-04 12:00:00+02:00,32.392002,2.7416782,7.92,0.0,0.0,43260.0,6.347113,28.335009
2026-08-04 13:00:00+02:00,33.642002,6.193674,14.04,0.0,0.0,43320.0,8.95301,27.57008
2026-08-04 14:00:00+02:00,33.942,10.009036,18.0,0.0,0.0,43480.0,15.73307,38.861317
2026-08-04 15:00:00+02:00,34.792,10.799999,23.759998,0.0,0.0,44880.0,15.044876,32.27586
2026-08-04 16:00:00+02:00,34.792,9.449572,20.880001,0.0,0.0,45160.0,12.767627,26.718508
2026-08-04 17:00:00+02:00,35.242,5.1544156,20.519999,0.0,0.0,45900.0,15.57388,30.816475
2026-08-04 18:00:00+02:00,34.542,8.534353,18.72,0.0,0.0,45440.0,12.312233,28.907082
2026-08-04 19:00:00+02:00,30.491999,19.652176,43.56,0.0,0.0,42860.0,8.706063,26.69687
2026-08-04 20:00:00+02:00,29.241999,10.948973,36.0,0.0,0.0,42120.0,3.89347,32.773354
2026-08-04 21:00:00+02:00,26.942,4.5536795,18.0,0.0,0.0,41360.0,2.0379353,32.519634
2026-08-04 22:00:00+02:00,25.241999,1.8,6.8399997,0.0,0.0,40980.0,7.20519,26.370178
2026-08-04 23:00:00+02:00,23.792,6.618519,8.28,0.0,0.0,40040.0,5.468354,26.194277
2026-08-05 00:00:00+02:00,24.142,2.9024127,10.799999,0.0,0.0,40740.0,4.6472077,29.218596
2026-08-05 01:00:00+02:00,24.692,4.3498964,5.7599998,0.0,0.0,41420.0,3.0569031,27.479101
2026-08-05 02:00:00+02:00,23.991999,2.5959969,5.3999996,0.0,0.0,41360.0,1.8788835,29.64402
2026-08-05 03:00:00+02:00,23.792,4.3349743,5.3999996,0.0,0.0,41640.0,0.9113924,26.660769
2026-08-05 04:00:00+02:00,23.692,4.6102495,5.7599998,0.0,0.0,41840.0,1.4410379,23.331656
2026-08-05 05:00:00+02:00,22.241999,5.315336,6.12,0.0,0.0,40460.0,1.0189676,19.281382
2026-08-05 06:00:00+02:00,22.741999,5.904439,10.08,0.0,0.0,40620.0,2.0379353,20.01664
2026-08-05 07:00:00+02:00,23.542,5.8048253,8.64,0.0,0.0,41140.0,5.094838,20.01664
2026-08-05 08:00:00+02:00,25.342,2.9024127,7.92,0.0,0.0,40740.0,3.67394,21.103449
2026-08-05 09:00:00+02:00,26.542,3.6179552,7.92,0.0,0.0,39940.0,2.8820758,21.679756
2026-08-05 10:00:00+02:00,28.342,2.3051248,7.2,0.0,0.0,41160.0,1.643036,19.251387
2026-08-05 11:00:00+02:00,29.942,0.8049845,4.32,0.0,0.0,42280.0,1.3670886,20.632677
2026-08-05 12:00:00+02:00,32.042,0.8049845,3.6,0.0,0.0,43800.0,2.7718916,19.161121
2026-08-05 13:00:00+02:00,33.992,4.198285,9.72,0.0,0.0,45040.0,5.7641516,19.803793
2026-08-05 14:00:00+02:00,34.492,6.489992,14.4,0.0,0.0,44860.0,9.215885,20.548483
2026-08-05 15:00:00+02:00,35.042,8.435069,18.359999,0.0,0.0,45480.0,12.792001,20.557856
2026-08-05 16:00:00+02:00,35.242,8.587338,17.64,0.0,0.0,46120.0,9.666777,17.245792
2026-08-05 17:00:00+02:00,35.142002,7.9932966,14.04,0.0,0.0,46380.0,9.952556,16.185604
2026-08-05 18:00:00+02:00,34.842003,7.2805495,15.4800005,0.0,0.0,45760.0,11.848101,15.266946
2026-08-05 19:00:00+02:00,33.842003,4.3498964,15.119999,0.0,0.0,45980.0,11.4288025,17.043554
2026-08-05 20:00:00+02:00,31.192,1.484318,7.5599995,0.0,0.0,43560.0,9.994197,18.45443
2026-08-05 21:00:00+02:00,26.592,7.2359104,12.24,0.0,0.0,40460.0,6.835443,20.548483
2026-08-05 22:00:00+02:00,24.692,6.379216,11.159999,0.0,0.0,40200.0,4.9291077,20.632677
2026-08-05 23:00:00+02:00,25.092,5.6233797,9.36,0.0,0.0,40480.0,4.0758705,23.496197
2026-08-06 00:00:00+02:00,24.241999,4.32,12.959999,0.0,0.0,40200.0,2.9178793,28.477413
2026-08-06 01:00:00+02:00,24.942,5.95906,7.5599995,0.0,0.0,41060.0,2.734177,24.710932
2026-08-06 02:00:00+02:00,25.392,4.198285,8.64,0.0,0.0,41440.0,3.5591009,28.639296
2026-08-06 03:00:00+02:00,25.241999,3.8268526,9.0,0.0,0.0,41840.0,3.2222586,29.27787
2026-08-06 04:00:00+02:00,25.442,5.815978,6.4799995,0.0,0.0,42220.0,2.8820758,27.04099
2026-08-06 05:00:00+02:00,24.642,8.891344,6.4799995,0.0,0.0,39720.0,3.757767,25.591688
2026-08-06 06:00:00+02:00,24.842,5.3999996,21.24,0.0,0.0,39820.0,2.0379353,33.153194
2026-08-06 07:00:00+02:00,23.092,4.6102495,9.72,0.0,0.0,32620.0,1.9333551,23.95894
2026-08-06 08:00:00+02:00,24.292,2.968636,7.5599995,0.0,0.0,35840.0,0.64445174,23.240662
2026-08-06 09:00:00+02:00,26.192,2.9024127,6.12,0.0,0.0,34080.0,1.4410379,21.402544
2026-08-06 10:00:00+02:00,28.092,3.219938,6.8399997,0.0,0.0,40580.0,0.4556962,18.096056
2026-08-06 11:00:00+02:00,30.542,4.0249224,4.68,0.0,0.0,41360.0,1.8227848,16.527136
2026-08-06 12:00:00+02:00,32.692,0.8049845,9.0,0.0,0.0,43180.0,5.7641516,16.398428
2026-08-06 13:00:00+02:00,34.042,4.6102495,11.159999,0.0,0.0,44580.0,7.7468357,14.153901
2026-08-06 14:00:00+02:00,34.892002,7.653705,11.5199995,0.0,0.0,45540.0,11.087566,15.800178
2026-08-06 15:00:00+02:00,35.542,7.2,15.119999,0.0,0.0,47580.0,7.3053656,21.085184
2026-08-06 16:00:00+02:00,36.042,9.028754,13.32,0.0,0.0,52800.0,7.7334204,20.01664
2026-08-06 17:00:00+02:00,35.042,13.661038,26.28,0.0,0.0,50940.0,11.282507,18.096056
2026-08-06 18:00:00+02:00,32.542,12.661564,32.039997,0.0,0.0,43340.0,7.4739733,10.839878
2026-08-06 19:00:00+02:00,31.642,10.883676,23.759998,0.0,0.0,43120.0,8.800955,9.392738
2026-08-06 20:00:00+02:00,30.292,3.671294,18.0,0.0,0.1,41900.0,5.941551,8.777877
2026-08-06 21:00:00+02:00,27.292,4.8965297,7.2,0.0,0.0,41300.0,4.9291077,5.7224755
2026-08-06 22:00:00+02:00,26.942,6.1094027,12.959999,0.0,0.0,41480.0,10.035667,3.1034482
2026-08-06 23:00:00+02:00,28.042,13.281023,11.159999,0.0,0.0,41320.0,5.9240503,8.886923
2026-08-07 00:00:00+02:00,27.292,4.3349743,29.88,0.0,0.0,41320.0,10.802979,13.326771
2026-08-07 01:00:00+02:00,24.442,4.452954,11.159999,0.0,0.0,40080.0,9.227144,12.780782
2026-08-07 02:00:00+02:00,25.042,6.1305785,12.599999,0.0,0.0,41620.0,8.800955,13.0492525
2026-08-07 03:00:00+02:00,25.542,5.3517847,11.5199995,0.0,0.0,41820.0,7.840093,12.4911375
2026-08-07 04:00:00+02:00,25.292,6.28713,11.879999,0.0,0.0,41560.0,11.501252,16.245003
2026-08-07 05:00:00+02:00,24.842,4.5820518,10.440001,0.0,0.0,41460.0,12.537857,21.139927
2026-08-07 06:00:00+02:00,24.792,6.6087217,12.959999,0.0,0.0,41720.0,13.836966,17.752157
2026-08-07 07:00:00+02:00,24.991999,5.6002855,11.159999,0.0,0.1,41240.0,8.215179,17.390388
2026-08-07 08:00:00+02:00,25.342,22.33161,10.440001,0.0,0.0,30000.0,6.330734,27.401884
2026-08-07 09:00:00+02:00,22.892,7.771331,41.399998,0.0,3.0,32220.0,4.844117,27.737257
2026-08-07 10:00:00+02:00,24.192,6.519877,15.119999,10.0,0.0,35720.0,3.89347,18.91831
2026-08-07 11:00:00+02:00,21.542,21.749483,11.879999,97.0,0.0,1060.0,16.768133,20.208189
2026-08-07 12:00:00+02:00,20.942,7.172949,33.12,62.0,15.3,15820.0,5.094838,37.12741
2026-08-07 13:00:00+02:00,23.792,12.522619,28.08,17.0,0.1,29980.0,4.201311,20.85554
2026-08-07 14:00:00+02:00,27.292,10.8955765,24.48,22.0,0.0,38720.0,16.512308,16.292364
2026-08-07 15:00:00+02:00,26.142,13.246826,29.519999,0.0,0.0,39340.0,15.949368,7.0769506
2026-08-07 16:00:00+02:00,25.092,16.343367,29.88,0.0,0.0,37120.0,1.643036,8.6452055
2026-08-07 17:00:00+02:00,26.892,6.87779,30.960001,20.0,3.9,40240.0,3.757767,3.5111506
2026-08-07 18:00:00+02:00,26.991999,2.9024127,17.28,0.0,0.0,39560.0,6.347113,8.711794
2026-08-07 19:00:00+02:00,24.741999,10.308831,22.319998,0.0,0.0,40520.0,11.087566,1.387904
2026-08-07 20:00:00+02:00,24.842,4.3349743,17.64,0.0,0.0,40260.0,2.8820758,3.1649084
2026-08-07 21:00:00+02:00,23.642,4.8433046,14.4,0.0,0.1,40100.0,6.1307654,4.3889384
2026-08-07 22:00:00+02:00,22.991999,4.198285,11.879999,0.0,0.0,39720.0,8.976174,1.387904
2026-08-07 23:00:00+02:00,22.892,7.0911775,11.5199995,0.0,0.0,39440.0,9.994197,7.4740934
2026-08-08 00:00:00+02:00,22.542,5.00128,10.799999,0.0,0.0,39200.0,3.4704785,4.1637125
2026-08-08 01:00:00+02:00,21.842,6.12,11.5199995,0.0,0.0,38160.0,5.094838,13.711481
2026-08-08 02:00:00+02:00,21.142,5.692099,10.799999,0.0,0.0,37260.0,5.9240503,14.167504
2026-08-08 03:00:00+02:00,21.792,6.297428,10.440001,0.0,0.0,39560.0,7.0743074,15.152965
2026-08-08 04:00:00+02:00,21.642,4.6938257,10.799999,0.0,0.0,40160.0,6.850616,11.394346
2026-08-08 05:00:00+02:00,20.741999,6.1094027,10.08,0.0,0.0,40000.0,2.8820758,9.454063
2026-08-08 06:00:00+02:00,20.792,4.8965297,10.08,0.0,0.0,40820.0,1.8788835,9.695481
2026-08-08 07:00:00+02:00,21.842,3.8939953,6.4799995,0.0,0.0,41520.0,2.0379353,11.858258
2026-08-08 08:00:00+02:00,22.142,1.5273507,5.04,0.0,0.0,38600.0,8.215179,14.153901
2026-08-08 09:00:00+02:00,24.442,2.5455842,5.3999996,0.0,0.0,40000.0,9.837129,16.527136
2026-08-08 10:00:00+02:00,26.342,3.319036,7.92,0.0,0.0,41680.0,6.1138062,19.281382
2026-08-08 11:00:00+02:00,27.692,2.5455842,8.28,0.0,0.0,41860.0,7.20519,21.085184
2026-08-08 12:00:00+02:00,29.092,2.6208394,9.0,0.0,0.0,42380.0,7.971428,21.139927
2026-08-08 13:00:00+02:00,30.491999,5.1919937,11.879999,0.0,0.0,42120.0,8.377872,21.066906
2026-08-08 14:00:00+02:00,30.842,5.904439,14.759999,0.0,0.0,42220.0,12.244582,18.0
2026-08-08 15:00:00+02:00,31.542,6.1094027,14.4,0.0,0.0,42260.0,11.883102,14.543223
2026-08-08 16:00:00+02:00,32.092,7.491114,16.199999,0.0,0.0,42840.0,11.096928,9.392738
2026-08-08 17:00:00+02:00,32.492,10.44,17.64,0.0,0.0,44100.0,16.468233,8.821657
2026-08-08 18:00:00+02:00,32.442,7.729527,21.96,0.0,0.0,44840.0,11.821781,11.545494
2026-08-08 19:00:00+02:00,31.892,5.495161,15.84,0.0,0.0,44500.0,10.667574,11.103232
2026-08-08 20:00:00+02:00,29.842,2.0991426,9.72,0.0,0.0,42460.0,13.340306,10.180067
2026-08-08 21:00:00+02:00,26.792,4.5536795,5.3999996,0.0,0.0,41040.0,10.725815,7.948705
2026-08-08 22:00:00+02:00,24.491999,4.6938252,7.92,0.0,0.0,40060.0,10.725815,11.103232
2026-08-08 23:00:00+02:00,24.592,3.319036,9.0,0.0,0.0,40540.0,8.151741,10.714764
2026-08-09 00:00:00+02:00,23.241999,5.00128,6.4799995,0.0,0.0,38560.0,5.195736,13.556066
2026-08-09 01:00:00+02:00,23.142,4.6938252,7.2,13.0,0.0,38500.0,9.394418,15.102031
2026-08-09 02:00:00+02:00,23.392,5.2416787,9.36,40.0,0.0,36760.0,9.752324,18.516953
2026-08-09 03:00:00+02:00,22.792,4.5536795,9.0,40.0,0.0,33240.0,8.151741,18.042755
2026-08-09 04:00:00+02:00,22.991999,4.829907,10.08,48.0,0.0,35580.0,9.125309,14.948187
2026-08-09 05:00:00+02:00,22.392,4.5820518,9.72,67.0,0.0,33200.0,7.866535,13.612786
2026-08-09 06:00:00+02:00,22.142,5.3999996,9.0,58.0,0.0,32980.0,6.850616,15.517241
2026-08-09 07:00:00+02:00,22.392,4.3349743,8.64,79.0,0.0,31800.0,5.0333285,12.289027
2026-08-09 08:00:00+02:00,24.241999,3.2399998,7.2,53.0,0.0,31160.0,7.3053656,12.4911375
2026-08-09 09:00:00+02:00,25.892,3.219938,8.64,45.0,0.0,36180.0,7.3053656,11.661699
2026-08-09 10:00:00+02:00,27.942,4.198285,8.64,0.0,0.0,39740.0,5.468354,8.951714
2026-08-09 11:00:00+02:00,29.442,1.609969,7.2,0.0,0.0,41160.0,3.2222586,5.339374
2026-08-09 12:00:00+02:00,31.042,4.1046314,8.64,0.0,0.0,42140.0,2.9178793,5.0041595
2026-08-09 13:00:00+02:00,31.741999,5.692099,8.64,0.0,0.0,41840.0,3.67394,6.390391
2026-08-09 14:00:00+02:00,32.392002,6.12,13.32,0.0,0.0,42960.0,10.118097,8.442291
2026-08-09 15:00:00+02:00,33.442,7.8954163,18.0,0.0,0.0,44040.0,13.057107,10.330335
2026-08-09 16:00:00+02:00,34.092003,7.386582,16.919998,0.0,0.0,44920.0,10.725815,9.715329
2026-08-09 17:00:00+02:00,33.342003,9.387651,19.44,0.0,0.0,45000.0,17.32245,8.068965
2026-08-09 18:00:00+02:00,32.942,8.913181,21.599998,0.0,0.0,44200.0,19.360386,8.281033
2026-08-09 19:00:00+02:00,31.991999,4.0249224,16.919998,0.0,0.0,43340.0,11.012396,4.7270317
2026-08-09 20:00:00+02:00,29.792,3.5455887,6.8399997,0.0,0.0,41660.0,11.537306,8.1638975
2026-08-09 21:00:00+02:00,26.442,12.429127,40.68,0.0,0.1,39080.0,4.1265044,7.4740934
2026-08-09 22:00:00+02:00,24.692,6.130579,23.759998,38.0,0.1,38000.0,4.57969,10.839878
2026-08-09 23:00:00+02:00,26.442,12.181624,10.440001,0.0,0.1,41360.0,11.600131,14.329733
2026-08-10 00:00:00+02:00,23.892,5.6233797,20.880001,0.0,0.0,39940.0,5.094838,16.149862
2026-08-10 01:00:00+02:00,22.792,7.24486,11.5199995,0.0,0.0,40380.0,9.383359,18.516953
2026-08-10 02:00:00+02:00,22.392,6.489992,12.599999,0.0,0.0,38040.0,6.0797453,16.70105
2026-08-10 03:00:00+02:00,22.542,5.2416787,11.879999,0.0,0.0,38880.0,2.278481,15.102031
2026-08-10 04:00:00+02:00,22.542,5.315336,8.64,0.0,0.0,38420.0,1.8788835,18.25503
2026-08-10 05:00:00+02:00,21.792,4.896529,8.64,0.0,0.0,37320.0,3.286072,19.390963
2026-08-10 06:00:00+02:00,21.892,4.379589,9.0,0.0,0.0,39180.0,3.8667102,15.89741
2026-08-10 07:00:00+02:00,21.542,6.9247384,9.36,0.0,0.0,38640.0,4.844117,20.055098
2026-08-10 08:00:00+02:00,23.192,0.8049845,10.440001,0.0,0.0,38040.0,3.286072,21.375526
2026-08-10 09:00:00+02:00,25.692,2.16,7.92,0.0,0.0,40500.0,4.1265044,19.480164
2026-08-10 10:00:00+02:00,27.392,1.5273507,9.72,0.0,0.0,41660.0,1.4410379,10.180067
2026-08-10 11:00:00+02:00,29.192,5.3517847,6.4799995,0.0,0.0,42820.0,1.8227848,8.777877
2026-08-10 12:00:00+02:00,31.442,2.5455842,6.4799995,0.0,0.0,44860.0,2.3236039,11.326523
2026-08-10 13:00:00+02:00,32.892002,7.42159,9.36,0.0,0.0,48800.0,4.6916795,15.11478
2026-08-10 14:00:00+02:00,32.192,5.0142193,15.84,0.0,0.0,47460.0,7.78694,16.94153
2026-08-10 15:00:00+02:00,33.642002,7.729527,10.799999,0.0,0.0,51620.0,7.840093,15.566816
2026-08-10 16:00:00+02:00,34.242,5.00128,12.959999,0.0,0.0,50460.0,8.062088,16.149862
2026-08-10 17:00:00+02:00,33.892002,6.193674,11.879999,0.0,0.0,49100.0,14.503743,11.858258
2026-08-10 18:00:00+02:00,33.792,4.6102495,14.4,0.0,0.0,50760.0,11.319258,10.624495
2026-08-10 19:00:00+02:00,32.942,5.3999996,12.24,0.0,0.0,54460.0,10.754816,6.1445136
2026-08-10 20:00:00+02:00,31.592,1.1384199,7.92,0.0,0.0,47220.0,9.815996,14.490146
2026-08-10 21:00:00+02:00,26.092,7.9526596,8.28,0.0,0.0,39740.0,4.0758705,13.781546
2026-08-10 22:00:00+02:00,24.792,7.072878,10.08,0.0,0.0,42180.0,2.3236039,15.824542
2026-08-10 23:00:00+02:00,25.542,5.991594,10.08,0.0,0.0,42020.0,2.0379353,13.879042
2026-08-11 00:00:00+02:00,24.741999,6.193674,11.159999,0.0,0.0,41560.0,4.1265044,12.96038
2026-08-11 01:00:00+02:00,24.342,6.763786,11.879999,0.0,0.0,41880.0,6.1138062,11.987508
2026-08-11 02:00:00+02:00,23.991999,6.193674,11.5199995,0.0,0.0,41860.0,5.941551,13.6692705
2026-08-11 03:00:00+02:00,23.792,5.991594,11.879999,0.0,0.0,41280.0,7.866535,16.861752
2026-08-11 04:00:00+02:00,23.342,6.297428,11.879999,0.0,0.0,40800.0,7.20519,20.818563
2026-08-11 05:00:00+02:00,22.592,6.297428,11.5199995,0.0,0.0,39940.0,6.198138,20.016638
2026-08-11 06:00:00+02:00,22.642,5.692099,10.799999,0.0,0.0,40440.0,5.506198,21.24899
2026-08-11 07:00:00+02:00,22.491999,5.8048253,10.08,0.0,0.0,40120.0,3.89347,19.862066
2026-08-11 08:00:00+02:00,24.842,2.5455842,10.08,0.0,0.0,40880.0,1.8788835,17.390388
2026-08-11 09:00:00+02:00,26.842,4.39436,9.72,0.0,0.0,40360.0,3.2222586,17.390388
2026-08-11 10:00:00+02:00,28.792,3.396233,8.64,0.0,0.0,41740.0,1.8788835,16.77011
2026-08-11 11:00:00+02:00,30.642,1.8,6.4799995,0.0,0.0,45900.0,2.3236039,13.711481
2026-08-11 12:00:00+02:00,32.542,1.1384199,6.12,0.0,0.0,48680.0,2.3236039,12.5526705
2026-08-11 13:00:00+02:00,33.792,6.439876,7.5599995,0.0,0.0,50500.0,4.556962,10.998648
2026-08-11 14:00:00+02:00,34.142002,6.12,10.440001,0.0,0.0,53740.0,3.286072,9.6356945
2026-08-11 15:00:00+02:00,34.792,7.5942082,12.24,0.0,0.0,53460.0,7.4739733,7.948705
2026-08-11 16:00:00+02:00,35.192,8.942214,17.28,0.0,0.0,51100.0,10.802979,8.886923
2026-08-11 17:00:00+02:00,35.742,10.464797,20.16,0.0,0.0,53540.0,15.493671,8.886923
2026-08-11 18:00:00+02:00,35.842003,8.427383,19.44,0.0,0.0,53500.0,12.710575,8.350525
2026-08-11 19:00:00+02:00,34.442,8.78872,17.64,0.0,0.0,46420.0,8.95301,4.7270317
2026-08-11 20:00:00+02:00,32.242,6.792466,17.28,0.0,0.0,45300.0,11.644798,6.48019
2026-08-11 21:00:00+02:00,26.491999,8.12197,11.5199995,0.0,0.0,41000.0,5.709857,7.0769506
2026-08-11 22:00:00+02:00,28.392,15.124284,26.64,0.0,0.0,42760.0,5.195736,1.7555753
2026-08-11 23:00:00+02:00,28.642,12.218805,33.48,0.0,0.0,43080.0,8.765491,4.5186887
2026-08-12 00:00:00+02:00,26.542,8.669949,21.24,0.0,0.0,41920.0,9.858215,6.6850314
2026-08-12 01:00:00+02:00,24.892,7.24486,14.759999,0.0,0.0,41320.0,10.189676,8.777877
2026-08-12 02:00:00+02:00,24.892,2.9024127,12.959999,0.0,0.0,41460.0,5.012658,8.689655
2026-08-12 03:00:00+02:00,24.792,5.6233797,8.28,0.0,0.0,41640.0,2.278481,13.034482
2026-08-12 04:00:00+02:00,24.342,4.072935,7.92,0.0,0.0,41520.0,1.9333551,10.569963
2026-08-12 05:00:00+02:00,22.942,5.3517847,9.0,0.0,0.0,40840.0,5.333787,9.6356945
2026-08-12 06:00:00+02:00,23.292,4.8965297,10.08,0.0,0.0,41160.0,2.3236039,8.442291
2026-08-12 07:00:00+02:00,24.442,3.5455887,7.2,0.0,0.0,41620.0,0.64445174,8.092802
2026-08-12 08:00:00+02:00,24.792,2.7416782,5.04,0.0,0.0,40200.0,1.4410379,3.3425157
2026-08-12 09:00:00+02:00,26.842,1.9386592,5.04,0.0,0.0,40680.0,2.6571426,3.5111506
2026-08-12 10:00:00+02:00,28.842,1.0182338,4.68,0.0,0.0,41760.0,5.8357587,3.1034482
2026-08-12 11:00:00+02:00,30.342,0.35999998,4.68,0.0,0.0,43980.0,7.34788,2.775808
2026-08-12 12:00:00+02:00,32.192,3.319036,9.0,0.0,0.0,45500.0,6.835443,2.6333632
2026-08-12 13:00:00+02:00,33.342003,7.289445,14.759999,0.0,0.0,44780.0,10.677303,3.5111506
2026-08-12 14:00:00+02:00,34.392002,4.8433046,16.199999,0.0,0.0,45280.0,9.858215,4.3889384
2026-08-12 15:00:00+02:00,34.942,7.928177,18.0,0.0,0.0,45520.0,12.767628,4.7270317
2026-08-12 16:00:00+02:00,35.292,7.386582,17.64,0.0,0.0,46900.0,12.261531,7.2649856
2026-08-12 17:00:00+02:00,35.392002,5.6002855,16.199999,0.0,0.0,48780.0,16.73094,6.390391
2026-08-12 18:00:00+02:00,30.842,12.72283,41.399998,0.0,0.0,45160.0,4.907998,5.00416
2026-08-12 19:00:00+02:00,29.792,2.5455842,24.48,0.0,0.0,45120.0,9.815996,5.6205835
2026-08-12 20:00:00+02:00,31.042,4.829907,14.4,0.0,0.0,45980.0,5.9240503,9.227215
2026-08-12 21:00:00+02:00,26.542,5.4477882,11.879999,0.0,0.0,41900.0,2.9178793,5.7224755
2026-08-12 22:00:00+02:00,26.292,6.489992,12.599999,0.0,0.0,41240.0,4.57969,8.092802
2026-08-12 23:00:00+02:00,25.842,7.127636,11.879999,0.0,0.0,39780.0,7.5842957,6.2378535
2026-08-13 00:00:00+02:00,25.442,6.3690495,13.32,0.0,0.0,39980.0,3.5591009,4.1637125
2026-08-13 01:00:00+02:00,25.342,4.39436,11.5199995,0.0,0.0,40340.0,1.3670886,3.6192114
2026-08-13 02:00:00+02:00,24.991999,4.198285,6.4799995,0.0,0.0,40780.0,3.2222586,1.387904
2026-08-13 03:00:00+02:00,24.392,3.6,5.3999996,0.0,0.0,40700.0,2.3236039,2.2379284
2026-08-13 04:00:00+02:00,24.342,3.563818,4.68,0.0,0.0,40920.0,1.8227848,4.3889384
2026-08-13 05:00:00+02:00,23.692,3.8773184,5.7599998,0.0,0.0,40480.0,1.8788835,7.2649856
2026-08-13 06:00:00+02:00,23.142,4.39436,6.12,0.0,0.0,40380.0,3.286072,9.037377
2026-08-13 07:00:00+02:00,23.491999,4.8433046,6.4799995,0.0,0.0,40540.0,2.9178793,9.813965
2026-08-13 08:00:00+02:00,24.542,2.5959969,7.5599995,0.0,0.0,39300.0,1.2889035,11.987508
2026-08-13 09:00:00+02:00,26.741999,2.7416782,5.3999996,0.0,0.0,40440.0,1.3670886,14.329733
2026-08-13 10:00:00+02:00,28.991999,1.835647,5.3999996,0.0,0.0,41740.0,3.0569031,15.95788
2026-08-13 11:00:00+02:00,30.392,2.16,6.12,0.0,0.0,43440.0,5.941551,18.26558
2026-08-13 12:00:00+02:00,32.342,2.2768397,7.5599995,0.0,0.0,43840.0,4.0758705,17.423588
2026-08-13 13:00:00+02:00,33.192,6.6087217,8.64,0.0,0.0,42580.0,3.4704785,17.423588
2026-08-13 14:00:00+02:00,34.042,5.634891,9.0,0.0,0.0,42520.0,2.453999,16.185604
2026-08-13 15:00:00+02:00,34.842003,7.24486,16.199999,0.0,0.0,42500.0,8.476439,16.804535
2026-08-13 16:00:00+02:00,34.992,8.404285,21.599998,0.0,0.0,43380.0,13.548821,17.555754
2026-08-13 17:00:00+02:00,35.492,3.2599385,21.24,0.0,0.0,43760.0,15.942856,20.293798
2026-08-13 18:00:00+02:00,35.242,9.178235,19.8,23.0,0.0,44080.0,10.004581,19.251385
2026-08-13 19:00:00+02:00,30.192,13.397612,47.519997,0.0,0.0,43260.0,3.4704785,21.679756
2026-08-13 20:00:00+02:00,30.392,3.319036,24.119999,0.0,0.0,41100.0,8.253009,23.496197
2026-08-13 21:00:00+02:00,27.592,5.3517847,9.36,0.0,0.0,39740.0,1.8788835,16.952896
2026-08-13 22:00:00+02:00,26.142,5.8048253,10.08,0.0,0.0,40020.0,3.5591009,9.813965
2026-08-13 23:00:00+02:00,25.442,5.00128,10.440001,0.0,0.0,39520.0,4.201311,5.551616
2026-08-14 00:00:00+02:00,24.442,5.815978,8.64,0.0,0.0,38900.0,2.0379353,5.7224755
2026-08-14 01:00:00+02:00,25.491999,4.6102495,10.08,0.0,0.0,39880.0,9.17071,8.068965
2026-08-14 02:00:00+02:00,25.142,4.510787,10.440001,37.0,0.0,38840.0,3.89347,9.310345
2026-08-14 03:00:00+02:00,25.241999,3.563818,6.8399997,48.0,0.0,39480.0,2.453999,11.41124
2026-08-14 04:00:00+02:00,24.942,4.3349743,6.8399997,39.0,0.0,39260.0,3.3175182,12.051613
2026-08-14 05:00:00+02:00,24.192,5.1165614,9.0,78.0,0.0,38320.0,5.094838,11.444951
2026-08-14 06:00:00+02:00,23.592,4.072935,8.64,48.0,0.0,37220.0,3.3175182,11.444951
2026-08-14 07:00:00+02:00,24.491999,2.7416782,6.12,51.0,0.0,38480.0,3.4704785,12.051613
2026-08-14 08:00:00+02:00,24.592,1.8,3.6,45.0,0.0,33840.0,4.323114,16.71258
2026-08-14 09:00:00+02:00,26.592,1.2979984,4.32,46.0,0.0,37480.0,5.0333285,19.331268
2026-08-14 10:00:00+02:00,28.292,2.0991426,5.7599998,40.0,0.0,40480.0,6.198138,21.103447
2026-08-14 11:00:00+02:00,29.842,2.5959969,7.92,2.0,0.0,41140.0,4.57969,21.724136
2026-08-14 12:00:00+02:00,31.342,3.6,8.28,0.0,0.0,41160.0,3.0569031,21.112574
2026-08-14 13:00:00+02:00,32.692,6.1305785,12.24,0.0,0.0,41860.0,3.286072,20.716534
2026-08-14 14:00:00+02:00,33.942,2.968636,9.72,0.0,0.0,42600.0,1.0189676,21.944693
2026-08-14 15:00:00+02:00,34.692,4.6800003,11.879999,0.0,0.0,42860.0,2.453999,18.8469
2026-08-14 16:00:00+02:00,34.192,10.44,24.119999,10.0,0.0,43020.0,19.31206,16.185604
2026-08-14 17:00:00+02:00,33.892002,11.983188,22.319998,0.0,0.0,43020.0,18.70576,11.545494
2026-08-14 18:00:00+02:00,33.242,5.3999996,23.4,0.0,0.0,43720.0,3.286072,6.2068963
2026-08-14 19:00:00+02:00,31.991999,9.178235,19.44,0.0,0.0,43160.0,7.34788,6.48019
2026-08-14 20:00:00+02:00,30.042,6.989936,15.84,0.0,0.0,42400.0,8.151741,3.3425157
2026-08-14 21:00:00+02:00,27.842,13.089354,24.84,0.0,0.0,41420.0,9.215885,3.6192114
2026-08-14 22:00:00+02:00,27.142,4.452954,24.119999,0.0,0.0,42980.0,10.240498,1.7555753
2026-08-14 23:00:00+02:00,27.241999,8.161764,8.28,0.0,0.0,42760.0,13.836966,1.387904
2026-08-15 00:00:00+02:00,25.741999,4.1046314,15.119999,0.0,0.0,41640.0,4.2990294,1.9627929
2026-08-15 01:00:00+02:00,23.991999,5.3999996,10.799999,0.0,0.0,40360.0,2.6571426,5.00416
2026-08-15 02:00:00+02:00,23.392,4.3349743,10.440001,0.0,0.0,40060.0,2.734177,4.3889384
2026-08-15 03:00:00+02:00,24.042,3.0547013,5.7599998,0.0,0.0,40740.0,1.643036,6.8557405
2026-08-15 04:00:00+02:00,23.842,3.319036,3.6,0.0,0.0,41140.0,2.453999,8.711794
2026-08-15 05:00:00+02:00,22.942,2.7416782,5.3999996,0.0,0.0,41140.0,1.8788835,10.839878
2026-08-15 06:00:00+02:00,22.642,1.609969,2.8799999,0.0,0.0,40980.0,3.89347,10.00832
2026-08-15 07:00:00+02:00,22.592,2.6208394,4.68,0.0,0.0,40700.0,3.286072,8.327425
2026-08-15 08:00:00+02:00,23.292,2.968636,5.7599998,3.0,0.0,39300.0,2.3236039,8.1638975
2026-08-15 09:00:00+02:00,25.592,2.3051248,5.7599998,0.0,0.0,39580.0,1.0189676,7.4482756
2026-08-15 10:00:00+02:00,27.842,2.1897945,3.6,0.0,0.0,41620.0,0.0,7.2649856
2026-08-15 11:00:00+02:00,29.342,1.2979984,2.16,0.0,0.0,42340.0,1.4410379,7.238423
2026-08-15 12:00:00+02:00,31.092,4.2136917,5.04,0.0,0.0,43580.0,2.278481,5.3031745
2026-08-15 13:00:00+02:00,32.092,7.5685663,9.36,0.0,0.0,43220.0,5.094838,5.0041595
2026-08-15 14:00:00+02:00,32.942,5.991594,12.24,0.0,0.0,44420.0,6.728273,8.777877
2026-08-15 15:00:00+02:00,33.692,6.763786,14.4,0.0,0.0,45740.0,7.515534,9.331011
2026-08-15 16:00:00+02:00,33.742,13.202726,19.44,0.0,0.0,45000.0,11.254866,10.624495
2026-08-15 17:00:00+02:00,33.092003,12.313894,20.519999,0.0,0.0,44060.0,16.568802,16.861752
2026-08-15 18:00:00+02:00,30.392,14.007655,29.519999,0.0,0.0,40600.0,11.4288025,8.689655
2026-08-15 19:00:00+02:00,29.991999,6.162207,27.359999,0.0,0.0,41060.0,5.094838,15.329903
2026-08-15 20:00:00+02:00,28.142,11.090103,10.799999,0.0,0.0,43340.0,4.6916795,11.394346
2026-08-15 21:00:00+02:00,25.741999,5.991594,20.16,0.0,0.0,41820.0,0.9113924,10.533453
2026-08-15 22:00:00+02:00,25.042,5.3517847,11.159999,0.0,0.0,41820.0,1.643036,8.622896
2026-08-15 23:00:00+02:00,24.342,5.991594,9.72,0.0,0.0,41600.0,1.9333551,10.569963
2026-08-16 00:00:00+02:00,24.491999,3.096837,12.24,0.0,0.0,42020.0,0.9113924,11.0510645
2026-08-16 01:00:00+02:00,23.642,5.0142193,11.159999,0.0,0.0,42040.0,8.36547,11.9230585
2026-08-16 02:00:00+02:00,23.592,10.853866,11.5199995,0.0,0.0,40760.0,5.7641516,21.944693
2026-08-16 03:00:00+02:00,23.892,2.9024127,14.4,10.0,0.1,39960.0,4.6472077,14.648801
2026-08-16 04:00:00+02:00,23.342,6.489992,15.84,4.0,0.0,40340.0,2.9178793,12.795845
2026-08-16 05:00:00+02:00,22.592,4.1046314,11.879999,0.0,0.0,40040.0,1.9333551,12.367153
2026-08-16 06:00:00+02:00,22.741999,5.692099,9.36,0.0,0.0,40460.0,1.0189676,13.612786
2026-08-16 07:00:00+02:00,23.192,4.0249224,10.440001,0.0,0.0,40660.0,2.9178793,8.442291
2026-08-16 08:00:00+02:00,23.842,3.563818,8.28,0.0,0.0,41040.0,2.7718916,8.350525
2026-08-16 09:00:00+02:00,24.542,2.5455842,7.5599995,0.0,0.0,38980.0,2.278481,10.236675
2026-08-16 10:00:00+02:00,26.342,1.484318,7.5599995,0.0,0.0,41080.0,2.0379353,8.886923
2026-08-16 11:00:00+02:00,28.842,5.00128,6.8399997,0.0,0.0,42920.0,1.8227848,5.0041595
2026-08-16 12:00:00+02:00,31.292,3.219938,6.8399997,0.0,0.0,45920.0,4.556962,3.3425157
2026-08-16 13:00:00+02:00,32.492,7.729527,9.36,0.0,0.0,46920.0,6.47666,5.339374
2026-08-16 14:00:00+02:00,32.992,5.8048253,12.24,0.0,0.0,45040.0,6.444517,9.474416
2026-08-16 15:00:00+02:00,33.592003,9.726664,20.880001,0.0,0.0,44740.0,16.755745,9.931033
2026-08-16 16:00:00+02:00,32.992,6.696387,22.319998,2.0,0.0,44740.0,7.34788,7.948705
2026-08-16 17:00:00+02:00,28.342,17.555307,28.08,12.0,0.0,41980.0,11.319258,21.212698
2026-08-16 18:00:00+02:00,25.292,17.581125,42.48,8.0,0.1,40320.0,15.680186,17.31268
2026-08-16 19:00:00+02:00,22.342,7.7043357,23.759998,0.0,3.1,22420.0,24.64554,13.556066
2026-08-16 20:00:00+02:00,24.142,12.245294,15.4800005,0.0,0.0,39720.0,11.961482,13.166815
2026-08-16 21:00:00+02:00,22.241999,3.7064266,24.48,0.0,1.1,37680.0,17.12957,6.8557405
2026-08-16 22:00:00+02:00,21.442,6.9899354,12.24,0.0,0.3,33460.0,11.644798,13.948265
2026-08-16 23:00:00+02:00,20.392,2.7416782,10.08,0.0,0.0,26020.0,13.144288,17.478779
2026-08-17 00:00:00+02:00,20.592,4.6800003,9.0,0.0,0.1,27220.0,10.667574,24.843096
2026-08-17 01:00:00+02:00,21.741999,6.0347,14.759999,0.0,0.0,36040.0,11.85686,18.98945
2026-08-17 02:00:00+02:00,20.491999,5.154415,16.199999,0.0,1.3,30560.0,3.757767,24.710932
2026-08-17 03:00:00+02:00,19.991999,3.0547013,8.64,0.0,0.0,28780.0,6.444517,21.935911
2026-08-17 04:00:00+02:00,20.192,3.563818,6.12,0.0,0.0,35220.0,5.195736,15.702343
2026-08-17 05:00:00+02:00,19.241999,5.0911684,9.0,0.0,0.0,36020.0,5.487309,16.952896
2026-08-17 06:00:00+02:00,18.991999,3.396233,7.5599995,0.0,0.0,34840.0,4.6472077,14.167504
2026-08-17 07:00:00+02:00,19.392,4.198285,5.3999996,0.0,0.0,35500.0,5.094838,15.012479
2026-08-17 08:00:00+02:00,19.692,3.319036,8.64,0.0,0.0,19140.0,6.3960004,12.915714
2026-08-17 09:00:00+02:00,21.292,1.08,5.3999996,0.0,0.0,25860.0,3.5591009,14.948187
2026-08-17 10:00:00+02:00,23.392,4.6938252,11.5199995,0.0,0.0,35440.0,2.0379353,15.861018
2026-08-17 11:00:00+02:00,24.842,2.3051248,9.0,0.0,0.0,38960.0,2.8820758,13.879042
2026-08-17 12:00:00+02:00,26.142,1.9386592,6.4799995,0.0,0.0,40080.0,5.094838,16.65485
2026-08-17 13:00:00+02:00,25.692,6.28713,16.56,0.0,0.2,41120.0,10.391472,35.919647
2026-08-17 14:00:00+02:00,25.142,16.965895,24.48,41.0,0.0,40900.0,12.4380865,33.88306
2026-08-17 15:00:00+02:00,24.392,13.493999,33.12,0.0,0.1,14720.0,19.616121,35.55311
2026-08-17 16:00:00+02:00,25.042,7.208994,26.64,0.0,0.4,40640.0,25.539322,32.773354
2026-08-17 17:00:00+02:00,27.792,8.404285,19.44,0.0,0.0,42340.0,19.188004,47.692234
2026-08-17 18:00:00+02:00,28.292,6.9153743,17.64,0.0,0.0,42960.0,23.59961,50.489964
2026-08-17 19:00:00+02:00,28.142,5.991594,14.4,0.0,0.0,43460.0,20.019539,47.91788
2026-08-17 20:00:00+02:00,25.942,9.028754,10.08,0.0,0.0,42200.0,17.981243,46.38591
2026-08-17 21:00:00+02:00,23.542,7.42159,17.28,0.0,0.0,41920.0,17.731209,42.805088
2026-08-17 22:00:00+02:00,21.342,5.634891,14.759999,0.0,0.0,41160.0,11.848101,54.195835
2026-08-17 23:00:00+02:00,21.491999,5.6233797,11.879999,0.0,0.0,41500.0,9.079681,49.332138
2026-08-18 00:00:00+02:00,21.842,3.6,11.5199995,0.0,0.0,41160.0,9.394418,41.419117
2026-08-18 01:00:00+02:00,20.292,6.28713,11.159999,0.0,0.0,40420.0,13.464261,44.19118
2026-08-18 02:00:00+02:00,20.292,5.1919937,11.5199995,0.0,0.0,40540.0,12.44643,42.805088
2026-08-18 03:00:00+02:00,20.042,4.6938257,9.72,0.0,0.0,40440.0,12.269995,39.811325
2026-08-18 04:00:00+02:00,19.442,6.439876,11.5199995,0.0,0.0,40120.0,15.284514,42.21146
2026-08-18 05:00:00+02:00,20.042,6.9247384,11.879999,0.0,0.0,40740.0,15.818631,45.81766
2026-08-18 06:00:00+02:00,19.991999,6.1305785,12.24,0.0,0.0,40900.0,12.379514,45.96876
2026-08-18 07:00:00+02:00,18.942,5.8048253,10.799999,0.0,0.0,39920.0,10.280973,43.7311
2026-08-18 08:00:00+02:00,22.392,1.9386592,10.799999,0.0,0.0,41040.0,8.598059,43.946407
2026-08-18 09:00:00+02:00,24.241999,1.2979984,5.3999996,0.0,0.0,39020.0,9.482423,41.10165
2026-08-18 10:00:00+02:00,26.741999,2.9024127,7.5599995,0.0,0.0,42800.0,11.254866,37.370464
2026-08-18 11:00:00+02:00,28.042,4.73506,12.599999,0.0,0.0,44440.0,7.971428,39.182186
2026-08-18 12:00:00+02:00,30.042,4.6938252,11.5199995,0.0,0.0,46140.0,8.11344,35.111507
2026-08-18 13:00:00+02:00,31.491999,5.315336,13.32,0.0,0.0,46220.0,8.21518,32.919964
2026-08-18 14:00:00+02:00,32.542,1.2979984,13.679999,0.0,0.0,46800.0,9.688234,29.409164
2026-08-18 15:00:00+02:00,33.192,4.510787,11.159999,0.0,0.0,47680.0,7.3053656,27.225573
2026-08-18 16:00:00+02:00,32.792,5.692099,12.599999,0.0,0.0,46620.0,6.47666,30.735107
2026-08-18 17:00:00+02:00,33.042,3.4152596,11.159999,0.0,0.0,44440.0,7.20519,31.189268
2026-08-18 18:00:00+02:00,32.592003,2.8116899,9.72,0.0,0.0,44280.0,7.800262,31.600355
2026-08-18 19:00:00+02:00,31.142,2.8116899,6.12,0.0,0.0,43680.0,4.6472077,29.441893
2026-08-18 20:00:00+02:00,28.991999,5.815978,5.7599998,0.0,0.0,42760.0,6.7744107,28.800266
2026-08-18 21:00:00+02:00,25.292,6.9527545,13.32,0.0,0.0,41080.0,8.36547,27.04099
2026-08-18 22:00:00+02:00,23.092,6.763786,12.599999,0.0,0.0,39820.0,6.940957,28.041162
2026-08-18 23:00:00+02:00,23.342,6.696387,12.24,0.0,0.0,40780.0,9.994197,24.780989
2026-08-19 00:00:00+02:00,23.592,5.3999996,11.879999,0.0,0.0,41600.0,6.895935,25.719328
2026-08-19 01:00:00+02:00,23.292,5.692099,9.0,0.0,0.0,41820.0,4.757608,26.304356
2026-08-19 02:00:00+02:00,22.892,5.1919937,11.159999,0.0,0.0,41320.0,5.941551,23.975016
2026-08-19 03:00:00+02:00,22.892,4.6938257,7.92,0.0,0.0,41560.0,5.012658,24.14315
2026-08-19 04:00:00+02:00,22.042,6.12,10.440001,0.0,0.0,41140.0,4.6472077,24.989985
2026-08-19 05:00:00+02:00,21.942,4.8965297,10.799999,0.0,0.0,41440.0,4.201311,25.63681
2026-08-19 06:00:00+02:00,22.092,4.5536795,6.4799995,0.0,0.0,42080.0,2.3236039,26.253044
2026-08-19 07:00:00+02:00,21.042,6.489992,9.36,0.0,0.0,41160.0,1.8227848,30.514961
2026-08-19 08:00:00+02:00,24.442,0.71999997,8.64,0.0,0.0,41540.0,1.4410379,29.896374
2026-08-19 09:00:00+02:00,25.991999,2.1897945,5.7599998,0.0,0.0,41140.0,4.2990294,25.020798
2026-08-19 10:00:00+02:00,27.991999,1.8,5.7599998,0.0,0.0,42200.0,4.556962,19.480164
2026-08-19 11:00:00+02:00,29.142,1.0182338,8.28,0.0,0.0,42100.0,4.488087,17.21225
2026-08-19 12:00:00+02:00,30.292,4.510787,11.5199995,0.0,0.0,42900.0,10.240498,16.492132
2026-08-19 13:00:00+02:00,31.342,6.8777895,15.84,0.0,0.0,43180.0,13.859459,15.11478
2026-08-19 14:00:00+02:00,31.542,12.24,22.319998,0.0,0.0,42360.0,19.483345,10.551724
2026-08-19 15:00:00+02:00,32.042,7.69592,24.119999,0.0,0.0,42100.0,17.69604,16.386677
2026-08-19 16:00:00+02:00,32.342,7.771331,18.359999,1.0,0.0,41860.0,13.285713,14.648801
2026-08-19 17:00:00+02:00,31.892,6.0347,16.199999,54.0,0.0,41920.0,11.528303,15.800178
2026-08-19 18:00:00+02:00,30.642,6.2145634,23.4,32.0,0.1,41340.0,13.285712,22.422277
2026-08-19 19:00:00+02:00,30.442,5.4477882,14.759999,2.0,0.0,41320.0,11.680409,24.718725
2026-08-19 20:00:00+02:00,28.892,6.4799995,9.36,0.0,0.0,41340.0,10.035667,31.38628
2026-08-19 21:00:00+02:00,22.241999,19.107151,53.639996,44.0,4.7,4100.0,25.079855,22.889902
2026-08-19 22:00:00+02:00,21.042,11.212135,40.32,2.0,24.0,29220.0,14.388747,33.568924
2026-08-19 23:00:00+02:00,20.092,7.42159,16.919998,78.0,0.0,1480.0,7.1182017,24.982275
2026-08-20 00:00:00+02:00,21.241999,14.689589,38.519997,53.0,49.5,24120.0,8.765491,31.703814
2026-08-20 01:00:00+02:00,22.942,2.2768397,26.64,17.0,0.0,38380.0,9.113924,25.591688
2026-08-20 02:00:00+02:00,21.892,4.8433046,9.72,45.0,0.0,32320.0,7.866535,22.284399
2026-08-20 03:00:00+02:00,21.892,6.28713,20.519999,67.0,0.0,30200.0,10.667574,29.702448
2026-08-20 04:00:00+02:00,21.642,4.3349743,19.8,46.0,0.1,26460.0,12.303797,26.740126
2026-08-20 05:00:00+02:00,21.842,2.7416782,16.919998,64.0,0.1,20800.0,8.402622,20.716534
2026-08-20 06:00:00+02:00,21.292,1.484318,10.799999,79.0,0.0,16960.0,9.612922,40.663464
2026-08-20 07:00:00+02:00,21.442,6.28713,11.159999,63.0,0.0,19180.0,7.78694,44.434612
2026-08-20 08:00:00+02:00,22.042,2.4149535,13.679999,81.0,0.2,20040.0,8.202532,40.989017
2026-08-20 09:00:00+02:00,23.542,0.35999998,11.159999,91.0,0.0,26000.0,18.766718,42.279854
2026-08-20 10:00:00+02:00,23.142,2.16,18.72,67.0,0.1,22820.0,16.430359,45.779804
2026-08-20 11:00:00+02:00,20.892,14.764389,14.759999,12.0,0.2,1820.0,15.949368,33.956886
2026-08-20 12:00:00+02:00,21.542,15.137133,35.28,62.0,18.3,35580.0,22.333761,45.075916
2026-08-20 13:00:00+02:00,22.392,7.8625183,28.8,66.0,0.4,33400.0,11.92671,47.18874
2026-08-20 14:00:00+02:00,20.292,15.408671,18.0,88.0,0.1,980.0,15.587208,39.7726
2026-08-20 15:00:00+02:00,21.692,12.229406,41.039997,45.0,16.7,29500.0,11.92671,37.044304
2026-08-20 16:00:00+02:00,23.792,10.440001,23.4,52.0,0.0,35340.0,16.182028,14.909477
2026-08-20 17:00:00+02:00,21.692,6.725354,16.56,29.0,0.3,5640.0,20.480995,9.474416
2026-08-20 18:00:00+02:00,20.241999,15.315873,28.8,47.0,13.3,11580.0,12.792001,6.8275857
2026-08-20 19:00:00+02:00,20.491999,6.162207,14.04,50.0,0.2,10300.0,9.752324,8.711794
2026-08-20 20:00:00+02:00,20.292,0.0,12.24,35.0,0.3,1600.0,11.02182,9.715329
2026-08-20 21:00:00+02:00,20.042,4.5820518,11.5199995,29.0,9.6,13560.0,12.312233,13.948265
2026-08-20 22:00:00+02:00,20.192,1.8,13.679999,14.0,0.9,24560.0,9.482423,11.189642
2026-08-20 23:00:00+02:00,19.892,4.072935,4.68,0.0,0.0,30880.0,9.952556,24.103226
2026-08-21 00:00:00+02:00,19.442,4.198285,8.28,4.0,0.3,29300.0,6.1138062,16.65485
2026-08-21 01:00:00+02:00,18.842,2.9024127,10.08,0.0,0.0,18700.0,6.347113,15.824544
2026-08-21 02:00:00+02:00,18.491999,3.0547013,3.96,45.0,0.0,19020.0,4.6472077,17.122486
2026-08-21 03:00:00+02:00,18.792,1.835647,8.64,80.0,0.0,25100.0,7.1327734,23.364658
2026-08-21 04:00:00+02:00,19.142,2.0991426,4.32,40.0,0.0,29960.0,5.195736,25.326874
2026-08-21 05:00:00+02:00,18.692,2.4149535,4.32,19.0,0.0,31800.0,3.3175182,27.792759
2026-08-21 06:00:00+02:00,18.692,4.510787,8.28,37.0,0.0,30940.0,5.0333285,30.31864
2026-08-21 07:00:00+02:00,19.842,3.6,4.68,32.0,0.0,36700.0,9.580463,28.853722
2026-08-21 08:00:00+02:00,18.792,6.87779,7.5599995,31.0,0.0,23880.0,6.3960004,22.653046
2026-08-21 09:00:00+02:00,20.192,5.8603754,12.599999,0.0,0.1,33280.0,17.69604,26.076351
2026-08-21 10:00:00+02:00,18.892,5.506941,20.16,54.0,5.1,2380.0,11.537306,34.23372
2026-08-21 11:00:00+02:00,17.842,5.154415,11.5199995,84.0,10.1,540.0,9.383359,31.606453
2026-08-21 12:00:00+02:00,17.991999,7.42159,24.48,77.0,14.4,4180.0,13.402427,14.329733
2026-08-21 13:00:00+02:00,17.991999,5.6233797,10.440001,47.0,9.2,4300.0,9.294415,4.1637125
2026-08-21 14:00:00+02:00,18.991999,1.609969,13.679999,85.0,4.3,6760.0,3.1898732,19.480164
2026-08-21 15:00:00+02:00,18.241999,9.726665,18.0,46.0,9.4,3440.0,9.858215,19.862066
2026-08-21 16:00:00+02:00,19.892,7.729527,18.0,0.0,1.9,31620.0,14.67455,22.014801
2026-08-21 17:00:00+02:00,21.792,8.4963045,13.679999,0.0,0.0,38800.0,10.870049,27.04099
2026-08-21 18:00:00+02:00,22.292,2.5455842,15.119999,0.0,0.0,39360.0,4.1265044,33.956886
2026-08-21 19:00:00+02:00,20.741999,4.68,10.799999,0.0,0.0,28120.0,1.643036,32.84967
2026-08-21 20:00:00+02:00,20.092,2.2768397,10.799999,0.0,0.2,31060.0,1.2889035,30.866442
2026-08-21 21:00:00+02:00,18.241999,2.4149535,10.08,0.0,0.0,34800.0,6.1138062,37.344685
2026-08-21 22:00:00+02:00,17.642,5.3517847,7.92,0.0,0.0,29660.0,7.1327734,31.404686
2026-08-21 23:00:00+02:00,16.642,6.297428,11.879999,0.0,0.0,19280.0,8.658227,26.253044
2026-08-22 00:00:00+02:00,16.542,6.3690495,11.159999,0.0,0.0,29340.0,7.78694,24.405024
2026-08-22 01:00:00+02:00,16.092,5.6233797,11.159999,0.0,0.0,32060.0,6.524576,22.353445
2026-08-22 02:00:00+02:00,15.592,4.896529,11.159999,0.0,0.0,33900.0,7.958391,24.103226
2026-08-22 03:00:00+02:00,15.192,5.154415,11.5199995,0.0,0.0,35400.0,7.34788,21.944693
2026-08-22 04:00:00+02:00,14.942,6.1305785,10.799999,0.0,0.0,35800.0,8.315675,19.28138
2026-08-22 05:00:00+02:00,14.392,6.638072,11.879999,0.0,0.0,34700.0,9.17071,18.170418
2026-08-22 06:00:00+02:00,14.192,7.42159,13.32,0.0,0.0,34900.0,8.253009,20.567223
2026-08-22 07:00:00+02:00,14.392,6.638072,12.599999,0.0,0.0,36880.0,7.418196,23.878408
2026-08-22 08:00:00+02:00,16.342,4.8433046,11.879999,0.0,0.0,37580.0,9.079681,25.105341
2026-08-22 09:00:00+02:00,18.741999,4.802999,10.440001,0.0,0.0,32060.0,9.7416725,24.897316
2026-08-22 10:00:00+02:00,20.942,5.1544156,10.799999,0.0,0.0,39620.0,11.02182,25.92819
2026-08-22 11:00:00+02:00,22.542,5.4477882,12.959999,0.0,0.0,41480.0,10.974618,24.734306
2026-08-22 12:00:00+02:00,23.892,5.2416787,12.24,0.0,0.0,42320.0,8.658227,22.593443
2026-08-22 13:00:00+02:00,24.692,6.162207,12.959999,0.0,0.0,43200.0,6.524576,21.24899
2026-08-22 14:00:00+02:00,26.292,5.4119864,16.199999,0.0,0.0,45960.0,4.57969,24.206896
2026-08-22 15:00:00+02:00,27.042,6.130579,13.679999,0.0,0.0,46660.0,7.3619976,21.330421
2026-08-22 16:00:00+02:00,27.142,6.489992,13.32,0.0,0.0,46780.0,3.286072,17.290411
2026-08-22 17:00:00+02:00,27.942,1.9386592,13.32,0.0,0.0,49300.0,1.8788835,18.908127
2026-08-22 18:00:00+02:00,27.392,1.9386592,4.68,0.0,0.0,44620.0,1.643036,19.161121
2026-08-22 19:00:00+02:00,25.991999,2.0991426,3.6,0.0,0.0,41340.0,3.67394,18.042753
2026-08-22 20:00:00+02:00,23.292,5.8603754,6.4799995,0.0,0.0,40740.0,4.1265044,13.711481
2026-08-22 21:00:00+02:00,17.792,7.5170207,12.599999,0.0,0.0,36860.0,2.7718916,17.654228
2026-08-22 22:00:00+02:00,17.192,8.373386,12.599999,0.0,0.0,38180.0,1.0189676,22.593443
2026-08-22 23:00:00+02:00,17.741999,7.42159,15.84,0.0,0.0,39840.0,1.2889035,28.041162
2026-08-23 00:00:00+02:00,17.442,6.489992,14.04,0.0,0.0,39980.0,1.8788835,26.186924
2026-08-23 01:00:00+02:00,17.741999,6.12,11.159999,0.0,0.0,40780.0,3.2222586,23.635157
2026-08-23 02:00:00+02:00,17.542,3.8939953,10.799999,0.0,0.0,40780.0,4.323114,23.757093
2026-08-23 03:00:00+02:00,16.692,5.154415,10.440001,0.0,0.0,39660.0,4.2990294,23.757093
2026-08-23 04:00:00+02:00,17.342,5.495161,7.5599995,0.0,0.0,40460.0,3.8667102,23.323399
2026-08-23 05:00:00+02:00,15.642,5.1165614,8.64,0.0,0.0,36940.0,4.488087,24.554531
2026-08-23 06:00:00+02:00,15.442,5.3517847,9.36,0.0,0.0,35680.0,5.487309,24.333883
2026-08-23 07:00:00+02:00,17.192,3.319036,7.92,39.0,0.0,39740.0,4.201311,22.889902
2026-08-23 08:00:00+02:00,17.942,1.8,3.96,0.0,0.0,39560.0,4.556962,20.103062
2026-08-23 09:00:00+02:00,19.692,4.6800003,9.36,0.0,0.0,39880.0,5.0333285,18.45443
2026-08-23 10:00:00+02:00,20.991999,1.8,9.36,0.0,0.0,39300.0,5.941551,18.62069
2026-08-23 11:00:00+02:00,21.842,1.609969,5.7599998,37.0,0.0,39380.0,3.286072,16.245003
2026-08-23 12:00:00+02:00,22.692,1.484318,3.96,54.0,0.0,41100.0,5.3142853,19.251385
2026-08-23 13:00:00+02:00,23.842,2.5455842,7.5599995,11.0,0.0,41080.0,5.8000655,20.49216
2026-08-23 14:00:00+02:00,25.142,2.8799999,8.64,0.0,0.0,41220.0,4.844117,19.251385
2026-08-23 15:00:00+02:00,25.741999,5.5887027,9.72,0.0,0.0,41120.0,5.562481,20.016638
2026-08-23 16:00:00+02:00,25.991999,4.802999,8.28,0.0,0.0,40800.0,5.195736,21.230852
2026-08-23 17:00:00+02:00,26.241999,4.8965297,9.0,0.0,0.0,41000.0,4.844117,25.838884
2026-08-23 18:00:00+02:00,26.192,4.072935,10.799999,0.0,0.0,41440.0,3.0569031,30.565416
2026-08-23 19:00:00+02:00,25.392,1.9386592,8.28,0.0,0.0,40500.0,2.9178793,29.747807
2026-08-23 20:00:00+02:00,24.092,0.35999998,3.2399998,0.0,0.0,39760.0,3.2222586,28.699764
2026-08-23 21:00:00+02:00,20.292,4.802999,6.12,0.0,0.0,33560.0,4.6916795,25.326874
2026-08-23 22:00:00+02:00,18.241999,5.5887027,7.5599995,0.0,0.0,26840.0,4.844117,20.49216
2026-08-23 23:00:00+02:00,18.142,5.95906,7.2,0.0,0.0,33240.0,5.562481,18.170418
2026-08-24 00:00:00+02:00,18.092,6.763786,9.36,0.0,0.0,33720.0,5.195736,16.71258
2026-08-24 01:00:00+02:00,18.292,5.692099,7.5599995,0.0,0.0,35220.0,3.4704785,15.355014
2026-08-24 02:00:00+02:00,18.292,4.3349743,9.0,0.0,0.0,34800.0,3.5591009,17.478779
2026-08-24 03:00:00+02:00,19.241999,4.896529,6.4799995,0.0,0.0,39260.0,4.907998,23.98305
2026-08-24 04:00:00+02:00,18.642,4.8965297,6.8399997,0.0,0.0,38120.0,3.67394,30.622086
2026-08-24 05:00:00+02:00,17.542,4.3349743,6.8399997,0.0,0.0,34600.0,1.4410379,31.465965
2026-08-24 06:00:00+02:00,18.392,3.396233,5.3999996,0.0,0.0,37620.0,0.64445174,28.041162
2026-08-24 07:00:00+02:00,18.342,2.8116899,4.32,6.0,0.0,37480.0,1.0189676,23.331656
2026-08-24 08:00:00+02:00,19.042,2.9024127,6.8399997,9.0,0.0,33140.0,3.67394,16.386677
2026-08-24 09:00:00+02:00,21.092,2.5455842,6.12,15.0,0.0,35100.0,3.4704785,14.896551
2026-08-24 10:00:00+02:00,22.542,1.609969,7.2,13.0,0.0,37240.0,5.543783,14.896551
2026-08-24 11:00:00+02:00,23.991999,0.8049845,6.12,0.0,0.0,39720.0,6.3960004,12.5526705
2026-08-24 12:00:00+02:00,25.342,2.968636,8.64,0.0,0.0,40620.0,4.9291077,10.4046545
2026-08-24 13:00:00+02:00,25.942,4.802999,8.28,43.0,0.0,40840.0,5.9240503,14.153901
2026-08-24 14:00:00+02:00,26.342,4.896529,12.24,0.0,0.0,40560.0,9.815996,18.042753
2026-08-24 15:00:00+02:00,27.192,6.3690495,15.4800005,10.0,0.0,40960.0,9.7416725,18.339252
2026-08-24 16:00:00+02:00,27.092,6.6087217,14.04,4.0,0.0,41060.0,8.21518,18.339252
2026-08-24 17:00:00+02:00,27.241999,8.39657,15.119999,0.0,0.0,41200.0,16.405064,20.632677
2026-08-24 18:00:00+02:00,27.292,7.69592,18.359999,0.0,0.0,41480.0,18.279041,17.566723
2026-08-24 19:00:00+02:00,26.592,6.28713,15.119999,0.0,0.0,41520.0,18.31876,23.331656
2026-08-24 20:00:00+02:00,25.192,3.7064266,10.440001,16.0,0.0,41340.0,17.250372,28.266945
2026-08-24 21:00:00+02:00,23.142,4.452954,15.119999,43.0,0.0,39620.0,15.8972025,29.093067
2026-08-24 22:00:00+02:00,22.842,2.5455842,12.599999,41.0,0.0,39560.0,14.243696,29.073198
2026-08-24 23:00:00+02:00,20.241999,9.957108,15.119999,0.0,5.2,2840.0,12.669665,29.435349
2026-08-25 00:00:00+02:00,19.892,6.297428,17.28,42.0,3.4,15540.0,11.4288025,17.752157
2026-08-25 01:00:00+02:00,19.042,2.16,14.4,4.0,3.4,7820.0,6.347113,12.659634
2026-08-25 02:00:00+02:00,18.741999,7.2805495,13.679999,80.0,1.8,1880.0,16.587591,42.54328
2026-08-25 03:00:00+02:00,19.092,2.1897945,17.28,82.0,5.2,18740.0,36.696987,57.174244
2026-08-25 04:00:00+02:00,18.792,3.6179552,16.199999,85.0,3.7,9540.0,36.184116,52.436337
2026-08-25 05:00:00+02:00,18.642,5.0911684,16.56,92.0,3.0,7820.0,22.91658,51.75599
2026-08-25 06:00:00+02:00,18.042,11.165805,20.16,85.0,7.4,6580.0,7.1327734,39.665905
2026-08-25 07:00:00+02:00,19.192,5.495161,36.719997,62.0,17.5,10140.0,19.387182,48.556816
2026-08-25 08:00:00+02:00,17.241999,4.1046314,14.759999,81.0,0.3,820.0,6.7744107,22.482334
2026-08-25 09:00:00+02:00,18.342,3.8939953,14.4,57.0,0.0,4100.0,2.7718916,19.598463
2026-08-25 10:00:00+02:00,20.192,3.2599385,12.24,20.0,0.0,21620.0,4.201311,25.470974
2026-08-25 11:00:00+02:00,21.642,3.0758414,8.28,0.0,0.0,32940.0,4.323114,30.922554
2026-08-25 12:00:00+02:00,22.991999,3.8773184,9.0,0.0,0.0,37860.0,1.643036,29.441893
2026-08-25 13:00:00+02:00,23.642,6.162207,9.0,0.0,0.0,39380.0,2.577807,28.430025
2026-08-25 14:00:00+02:00,25.192,4.6938252,8.28,0.0,0.0,40160.0,4.907998,28.558466
2026-08-25 15:00:00+02:00,25.942,3.6179552,11.5199995,0.0,0.0,39880.0,5.993747,26.46497
2026-08-25 16:00:00+02:00,26.692,3.8939953,9.72,0.0,0.0,40140.0,5.709857,28.612377
2026-08-25 17:00:00+02:00,27.292,2.1897945,11.5199995,0.0,0.0,40760.0,2.0379353,27.225573
2026-08-25 18:00:00+02:00,27.092,2.5959969,7.2,0.0,0.0,40680.0,3.6455696,22.387888
2026-08-25 19:00:00+02:00,26.592,3.396233,7.92,0.0,0.0,40840.0,5.993747,20.141356
2026-08-25 20:00:00+02:00,24.842,0.8049845,5.3999996,0.0,0.0,39300.0,4.201311,17.077427
2026-08-25 21:00:00+02:00,21.042,5.154415,8.28,0.0,0.0,26720.0,5.506198,18.877537
2026-08-25 22:00:00+02:00,19.892,5.315336,7.92,0.0,0.0,23800.0,4.201311,20.49216
2026-08-25 23:00:00+02:00,20.042,4.6938257,8.28,0.0,0.0,24480.0,4.323114,20.74441
2026-08-26 00:00:00+02:00,19.642,5.1919937,7.5599995,0.0,0.0,27240.0,3.9200466,21.71527
2026-08-26 01:00:00+02:00,19.592,5.00128,6.12,0.0,0.0,30400.0,1.0189676,23.757093
2026-08-26 02:00:00+02:00,18.792,4.829907,5.3999996,21.0,0.0,30980.0,3.757767,29.611515
2026-08-26 03:00:00+02:00,18.392,5.00128,5.3999996,2.0,0.0,35080.0,1.4410379,28.933727
2026-08-26 04:00:00+02:00,18.892,4.3498964,5.04,2.0,0.0,35780.0,1.4410379,26.186924
2026-08-26 05:00:00+02:00,18.092,4.6938257,4.68,10.0,0.0,28920.0,1.8788835,23.59437
2026-08-26 06:00:00+02:00,18.842,2.8116899,4.68,32.0,0.0,34020.0,1.2889035,21.112572
2026-08-26 07:00:00+02:00,18.942,2.0364676,2.8799999,33.0,0.0,32000.0,1.2889035,19.040104
2026-08-26 08:00:00+02:00,20.542,1.835647,4.32,25.0,0.0,29880.0,2.3236039,18.042755
2026-08-26 09:00:00+02:00,22.592,0.8049845,3.96,33.0,0.0,30860.0,2.8820758,20.016638
2026-08-26 10:00:00+02:00,23.991999,1.2979984,4.68,0.0,0.0,34940.0,3.3175182,22.76332
2026-08-26 11:00:00+02:00,24.942,1.1384199,5.3999996,0.0,0.0,38880.0,4.201311,21.997295
2026-08-26 12:00:00+02:00,26.092,4.3349743,9.36,9.0,0.0,40060.0,5.506198,19.171173
2026-08-26 13:00:00+02:00,26.741999,5.6920996,9.36,72.0,0.0,40660.0,6.524576,16.292364
2026-08-26 14:00:00+02:00,27.842,6.638072,11.879999,22.0,0.0,40500.0,8.561753,24.143152
2026-08-26 15:00:00+02:00,28.092,6.792466,12.959999,28.0,0.0,40980.0,5.8357587,23.7652
2026-08-26 16:00:00+02:00,28.241999,5.1919937,11.159999,0.0,0.0,40960.0,6.940957,24.46021
2026-08-26 17:00:00+02:00,27.991999,5.8048253,10.799999,0.0,0.0,40540.0,8.21518,28.102917
2026-08-26 18:00:00+02:00,27.692,6.763786,14.4,0.0,0.0,40300.0,10.638335,25.20489
2026-08-26 19:00:00+02:00,26.741999,3.5455887,12.599999,0.0,0.0,39460.0,12.312233,20.360134
2026-08-26 20:00:00+02:00,25.592,0.5091169,5.7599998,0.0,0.0,40020.0,10.974618,21.185438
2026-08-26 21:00:00+02:00,23.092,5.00128,9.36,42.0,0.0,37080.0,9.079681,23.099327
2026-08-26 22:00:00+02:00,22.241999,3.8773184,8.64,42.0,0.0,31340.0,8.074956,27.225573
2026-08-26 23:00:00+02:00,21.642,3.0547013,9.72,37.0,0.0,29740.0,10.936708,29.093067
2026-08-27 00:00:00+02:00,21.542,4.3349743,6.4799995,42.0,0.0,28300.0,9.580464,30.267769
2026-08-27 01:00:00+02:00,21.792,5.315336,9.0,0.0,0.0,28680.0,6.444517,29.611515
2026-08-27 02:00:00+02:00,21.092,4.39436,8.64,10.0,0.0,27380.0,6.895935,35.504314
2026-08-27 03:00:00+02:00,21.241999,5.3517847,8.28,52.0,0.0,29920.0,1.8788835,45.075916
2026-08-27 04:00:00+02:00,21.392,4.5820518,7.5599995,56.0,0.0,31540.0,4.0758705,47.692234
2026-08-27 05:00:00+02:00,20.991999,4.8433046,8.28,76.0,0.0,32920.0,5.333787,53.609764
2026-08-27 06:00:00+02:00,21.292,3.8268526,8.64,43.0,0.0,34940.0,6.895935,52.388554
2026-08-27 07:00:00+02:00,20.792,4.8433046,11.5199995,62.0,0.0,29980.0,4.488087,51.770874
2026-08-27 08:00:00+02:00,21.642,4.6938257,7.5599995,57.0,0.0,32760.0,3.67394,46.518604
2026-08-27 09:00:00+02:00,23.092,0.5091169,10.08,52.0,0.0,29640.0,7.34788,46.11937
2026-08-27 10:00:00+02:00,24.442,0.8049845,6.4799995,51.0,0.0,37480.0,6.444517,44.1781
2026-08-27 11:00:00+02:00,24.042,2.0364676,7.5599995,51.0,0.0,36620.0,10.831775,34.725353
2026-08-27 12:00:00+02:00,25.542,3.6,8.64,44.0,0.0,38760.0,6.6350365,48.41777
2026-08-27 13:00:00+02:00,26.292,2.9024127,9.36,45.0,0.0,39900.0,6.3960004,54.677082
2026-08-27 14:00:00+02:00,27.142,4.1046314,10.799999,75.0,0.0,40980.0,7.800262,49.226597
2026-08-27 15:00:00+02:00,27.442,4.8433046,10.08,22.0,0.0,40800.0,8.765491,47.40866
2026-08-27 16:00:00+02:00,27.741999,5.815978,11.879999,17.0,0.0,40420.0,10.974618,50.0339
2026-08-27 17:00:00+02:00,28.042,5.991594,13.679999,20.0,0.0,41060.0,12.961332,49.28135
2026-08-27 18:00:00+02:00,27.842,6.924738,14.04,20.0,0.0,41000.0,16.959,45.37831
2026-08-27 19:00:00+02:00,26.942,1.9386592,11.5199995,0.0,0.0,40260.0,18.733494,42.755558
2026-08-27 20:00:00+02:00,25.092,2.2768397,3.6,2.0,0.0,39200.0,11.273301,51.81922
2026-08-27 21:00:00+02:00,23.542,5.692099,8.64,35.0,0.0,37300.0,9.952556,53.252853
2026-08-27 22:00:00+02:00,22.592,3.8268526,9.0,39.0,0.0,32600.0,13.594724,55.157623
2026-08-27 23:00:00+02:00,23.442,3.0758414,6.4799995,67.0,0.0,35060.0,13.246579,66.8042
2026-08-28 00:00:00+02:00,22.592,9.885262,18.0,75.0,0.8,26560.0,19.144665,70.01424
2026-08-28 01:00:00+02:00,22.241999,0.8049845,14.04,63.0,0.0,24880.0,16.506018,67.79454
2026-08-28 02:00:00+02:00,22.192,6.6185193,18.359999,88.0,0.1,22740.0,15.739669,61.121384
2026-08-28 03:00:00+02:00,22.991999,4.0249224,18.0,50.0,1.6,34860.0,20.587181,69.14215
2026-08-28 04:00:00+02:00,22.842,3.5455887,12.24,54.0,0.0,35840.0,14.64622,60.58961
2026-08-28 05:00:00+02:00,21.592,15.463246,16.56,91.0,0.3,16940.0,13.949067,32.990105
2026-08-28 06:00:00+02:00,21.392,7.8625183,22.68,69.0,6.2,17320.0,16.405064,70.641464
2026-08-28 07:00:00+02:00,21.692,3.8939953,16.199999,60.0,0.0,21580.0,16.007849,59.563572
2026-08-28 08:00:00+02:00,21.542,4.8965297,8.28,59.0,0.0,13080.0,26.90152,46.369293
2026-08-28 09:00:00+02:00,24.292,12.904882,22.68,66.0,0.0,32900.0,33.859795,89.96361
2026-08-28 10:00:00+02:00,24.292,5.495161,29.519999,48.0,0.1,26720.0,22.624754,87.011734
2026-08-28 11:00:00+02:00,25.892,12.429127,15.84,83.0,0.2,36680.0,28.421711,103.61241
2026-08-28 12:00:00+02:00,26.442,9.531505,22.68,61.0,0.2,37340.0,28.385155,84.54376
2026-08-28 13:00:00+02:00,26.342,9.957108,19.44,8.0,0.6,37100.0,38.321857,97.9117
2026-08-28 14:00:00+02:00,25.491999,13.237039,20.519999,59.0,0.1,33900.0,27.097643,89.10517
2026-08-28 15:00:00+02:00,25.942,9.826088,38.519997,64.0,0.1,37160.0,32.35764,82.10483
2026-08-28 16:00:00+02:00,25.042,1.609969,39.6,42.0,0.2,31680.0,27.718918,84.55971
2026-08-28 17:00:00+02:00,26.392,13.698934,24.48,68.0,0.6,39220.0,27.673931,92.00035
2026-08-28 18:00:00+02:00,26.991999,11.183201,30.599998,18.0,0.0,39780.0,35.061962,74.61712
2026-08-28 19:00:00+02:00,26.292,4.3349743,19.8,50.0,0.0,39440.0,21.461308,66.910805
2026-08-28 20:00:00+02:00,24.342,5.5887027,14.759999,64.0,0.0,37480.0,21.892395,57.002155
2026-08-28 21:00:00+02:00,22.642,7.2,12.599999,12.0,0.0,34460.0,25.652903,57.157394
2026-08-28 22:00:00+02:00,21.741999,4.3349743,15.119999,74.0,0.1,31840.0,17.08101,47.47363
2026-08-28 23:00:00+02:00,21.741999,1.08,15.84,40.0,0.2,28720.0,22.273243,34.278706
2026-08-29 00:00:00+02:00,21.292,6.439876,10.08,16.0,0.0,30000.0,10.638334,30.133825
2026-08-29 01:00:00+02:00,20.342,2.3051248,12.959999,2.0,0.0,25440.0,7.7602262,22.249796
2026-08-29 02:00:00+02:00,19.892,5.1165614,8.28,0.0,0.0,24840.0,9.215885,23.090988
2026-08-29 03:00:00+02:00,18.991999,6.3690495,12.599999,0.0,0.0,28340.0,11.537306,29.565943
2026-08-29 04:00:00+02:00,18.542,6.8777895,12.599999,0.0,0.0,36480.0,8.561753,28.933727
2026-08-29 05:00:00+02:00,17.892,6.618519,11.879999,0.0,0.0,36080.0,10.035667,28.232851
2026-08-29 06:00:00+02:00,17.692,5.6233797,11.879999,0.0,0.0,39900.0,8.598059,22.82248
2026-08-29 07:00:00+02:00,16.392,5.991594,10.440001,0.0,0.0,37740.0,8.151741,18.096056
2026-08-29 08:00:00+02:00,18.592,4.8433046,10.440001,0.0,0.0,39220.0,7.20519,14.329733
2026-08-29 09:00:00+02:00,20.442,3.4152596,7.5599995,0.0,0.0,32020.0,5.195736,11.939204
2026-08-29 10:00:00+02:00,22.042,2.8116899,7.5599995,0.0,0.0,36220.0,4.323114,14.003396
2026-08-29 11:00:00+02:00,23.542,3.5455887,7.5599995,0.0,0.0,40940.0,1.2889035,15.355014
2026-08-29 12:00:00+02:00,24.892,0.71999997,6.8399997,0.0,0.0,42160.0,1.8227848,15.824542
2026-08-29 13:00:00+02:00,26.342,2.3051248,5.3999996,0.0,0.0,43260.0,1.9333551,15.012479
2026-08-29 14:00:00+02:00,27.142,5.634891,7.92,0.0,0.0,45440.0,9.227144,12.96038
2026-08-29 15:00:00+02:00,27.192,5.2416787,14.759999,0.0,0.0,47400.0,10.802979,14.753624
2026-08-29 16:00:00+02:00,27.542,5.4477882,11.879999,0.0,0.0,45680.0,7.78694,13.093462
2026-08-29 17:00:00+02:00,27.592,2.6208394,10.440001,0.0,0.0,44500.0,5.6366506,13.034482
2026-08-29 18:00:00+02:00,27.042,3.6179552,8.64,0.0,0.0,42940.0,3.4704785,14.609298
2026-08-29 19:00:00+02:00,25.942,1.2979984,6.8399997,0.0,0.0,41080.0,1.643036,17.914183
2026-08-29 20:00:00+02:00,24.241999,2.3051248,2.52,0.0,0.0,39980.0,2.278481,19.331268
2026-08-29 21:00:00+02:00,20.042,6.6087217,8.64,0.0,0.0,34160.0,0.4556962,20.331732
2026-08-29 22:00:00+02:00,19.491999,6.439876,10.799999,0.0,0.0,37780.0,1.0189676,20.331732
2026-08-29 23:00:00+02:00,18.792,5.991594,9.72,0.0,0.0,32360.0,2.0379353,19.725824
2026-08-30 00:00:00+02:00,18.542,5.692099,9.0,0.0,0.0,34280.0,1.8788835,19.598463
2026-08-30 01:00:00+02:00,19.042,4.8965297,9.0,0.0,0.0,38940.0,2.278481,18.98945
2026-08-30 02:00:00+02:00,18.991999,3.6,7.5599995,0.0,0.0,38860.0,2.278481,16.804535
2026-08-30 03:00:00+02:00,18.442,3.7064266,7.5599995,0.0,0.0,38420.0,2.0379353,16.149862
2026-08-30 04:00:00+02:00,19.342,4.510787,6.4799995,0.0,0.0,40540.0,1.4410379,14.289349
2026-08-30 05:00:00+02:00,18.342,3.096837,6.4799995,0.0,0.0,39460.0,0.9113924,13.655171
2026-08-30 06:00:00+02:00,18.792,4.1046314,5.04,0.0,0.0,40180.0,1.2889035,13.655171
2026-08-30 07:00:00+02:00,18.342,4.8965297,6.4799995,0.0,0.0,39560.0,0.64445174,12.4293
2026-08-30 08:00:00+02:00,18.491999,4.198285,6.4799995,0.0,0.0,35440.0,0.4556962,8.886923
2026-08-30 09:00:00+02:00,21.042,2.16,6.8399997,0.0,0.0,28440.0,0.64445174,8.068965
2026-08-30 10:00:00+02:00,23.092,2.0364676,5.04,0.0,0.0,39900.0,1.8788835,8.350525
2026-08-30 11:00:00+02:00,24.092,1.8,3.96,0.0,0.0,40660.0,1.8788835,9.474416
2026-08-30 12:00:00+02:00,25.442,1.8,4.68,0.0,0.0,41620.0,2.278481,9.227215
2026-08-30 13:00:00+02:00,26.292,5.3517847,6.4799995,0.0,0.0,42200.0,5.0333285,7.8511715
2026-08-30 14:00:00+02:00,26.942,6.6185193,9.0,0.0,0.0,42800.0,7.971428,7.2649856
2026-08-30 15:00:00+02:00,27.592,6.12,14.4,0.0,0.0,42060.0,10.004581,6.598021
2026-08-30 16:00:00+02:00,27.741999,6.489992,14.759999,0.0,0.0,41680.0,9.952556,5.339374
2026-08-30 17:00:00+02:00,27.942,6.3690495,14.4,0.0,0.0,42280.0,10.599223,9.715329
2026-08-30 18:00:00+02:00,27.642,5.1919937,13.679999,0.0,0.0,41840.0,9.394418,12.051613
2026-08-30 19:00:00+02:00,26.392,1.8,9.72,14.0,0.0,40660.0,6.895935,14.072007
2026-08-30 20:00:00+02:00,23.892,6.12,4.68,0.0,0.0,39840.0,4.201311,13.6692705
2026-08-30 21:00:00+02:00,20.592,5.495161,9.72,0.0,0.0,33160.0,7.418196,15.025306
2026-08-30 22:00:00+02:00,19.491999,5.4477882,10.440001,0.0,0.0,35300.0,7.515534,19.794064
2026-08-30 23:00:00+02:00,19.292,5.0142193,10.440001,0.0,0.0,28680.0,9.227144,21.357496
2026-08-31 00:00:00+02:00,19.842,5.00128,11.879999,0.0,0.0,29520.0,8.646228,21.402544
2026-08-31 01:00:00+02:00,20.192,5.1919937,10.440001,0.0,0.0,32580.0,5.6366506,24.61721
2026-08-31 02:00:00+02:00,19.642,4.5820518,9.36,0.0,0.0,30700.0,5.941551,28.232851
2026-08-31 03:00:00+02:00,19.642,6.1094027,9.72,0.0,0.0,34040.0,2.3236039,20.331732
2026-08-31 04:00:00+02:00,19.991999,3.6,9.0,0.0,0.0,36820.0,2.453999,18.877537
2026-08-31 05:00:00+02:00,19.842,6.725354,12.599999,0.0,0.0,34700.0,6.3960004,23.265514
2026-08-31 06:00:00+02:00,19.692,4.3498964,10.440001,0.0,0.0,35680.0,5.094838,25.591688
2026-08-31 07:00:00+02:00,18.792,6.1305785,10.440001,0.0,0.0,31880.0,7.840093,30.822723
2026-08-31 08:00:00+02:00,19.342,2.9024127,10.440001,0.0,0.0,26480.0,5.941551,25.838884
2026-08-31 09:00:00+02:00,21.542,1.8,5.04,0.0,0.0,18840.0,5.9240503,14.948187
2026-08-31 10:00:00+02:00,23.241999,2.8116899,6.8399997,0.0,0.0,37780.0,5.0333285,10.624495
2026-08-31 11:00:00+02:00,24.142,3.0758414,10.799999,0.0,0.0,40000.0,5.333787,8.092802
2026-08-31 12:00:00+02:00,25.592,2.6208394,8.64,0.0,0.0,41200.0,5.094838,11.987508
2026-08-31 13:00:00+02:00,27.092,2.6208394,7.2,0.0,0.0,41740.0,4.844117,12.96038
2026-08-31 14:00:00+02:00,28.342,4.379589,8.64,0.0,0.0,43140.0,7.0889688,16.185604
2026-08-31 15:00:00+02:00,28.642,5.5887027,12.599999,0.0,0.0,41920.0,9.045312,18.042753
2026-08-31 16:00:00+02:00,29.342,4.896529,12.959999,0.0,0.0,42820.0,8.062088,16.71258
2026-08-31 17:00:00+02:00,29.642,3.7585104,9.36,0.0,0.0,43680.0,5.562481,15.012479
2026-08-31 18:00:00+02:00,29.092,3.7585104,10.08,0.0,0.0,43020.0,4.556962,18.785477
2026-08-31 19:00:00+02:00,27.991999,2.5455842,7.5599995,0.0,0.0,41300.0,5.993747,19.120867
2026-08-31 20:00:00+02:00,26.192,4.0249224,5.3999996,0.0,0.0,40740.0,8.753638,21.185438
2026-08-31 21:00:00+02:00,22.741999,5.937272,11.159999,0.0,0.0,39640.0,16.461926,18.042755
2026-08-31 22:00:00+02:00,21.592,5.154415,11.159999,0.0,0.0,39360.0,15.1685915,23.789505
2026-08-31 23:00:00+02:00,21.092,5.904439,9.36,0.0,0.0,39160.0,12.396276,25.478535
2026-09-01 00:00:00+02:00,20.442,6.9153743,12.24,0.0,0.0,40820.0,12.969341,26.69687
2026-09-01 01:00:00+02:00,20.192,6.8777895,12.959999,0.0,0.0,41440.0,8.658227,26.186924
2026-09-01 02:00:00+02:00,20.092,7.928177,15.4800005,0.0,0.0,41480.0,11.096928,23.422297
2026-09-01 03:00:00+02:00,19.592,7.729527,15.119999,0.0,0.0,41420.0,10.599223,22.379282
2026-09-01 04:00:00+02:00,18.542,7.4128532,15.4800005,0.0,0.0,41020.0,10.118097,19.832952
2026-09-01 05:00:00+02:00,18.042,6.6087217,14.04,0.0,0.0,40800.0,10.628571,18.339252
2026-09-01 06:00:00+02:00,17.442,5.95906,12.24,0.0,0.0,40800.0,11.031237,14.948187
2026-09-01 07:00:00+02:00,16.842,6.12,11.5199995,0.0,0.0,40300.0,8.753638,15.367554
2026-09-01 08:00:00+02:00,19.342,5.3999996,11.879999,0.0,0.0,41180.0,5.6366506,16.245003
2026-09-01 09:00:00+02:00,21.542,3.4152596,9.0,0.0,0.0,40660.0,4.556962,18.096056
2026-09-01 10:00:00+02:00,23.092,3.4152596,9.0,0.0,0.0,40060.0,5.709857,18.631031
2026-09-01 11:00:00+02:00,24.892,1.835647,7.5599995,0.0,0.0,41960.0,5.487309,16.527136
2026-09-01 12:00:00+02:00,26.192,3.319036,8.28,0.0,0.0,46060.0,4.844117,15.824542
2026-09-01 13:00:00+02:00,27.092,3.8773184,8.28,0.0,0.0,44740.0,5.562481,15.702343
2026-09-01 14:00:00+02:00,27.842,7.653705,14.4,0.0,0.0,44820.0,14.69576,13.0492525
2026-09-01 15:00:00+02:00,28.392,8.373386,18.0,0.0,0.0,44700.0,17.1538,11.41124
2026-09-01 16:00:00+02:00,28.542,5.815978,17.64,0.0,0.0,43040.0,13.049152,13.152178
2026-09-01 17:00:00+02:00,28.292,6.9247384,14.4,0.0,0.0,41960.0,10.118097,13.6692705
2026-09-01 18:00:00+02:00,27.892,6.489992,15.4800005,0.0,0.0,41480.0,8.21518,13.879042
2026-09-01 19:00:00+02:00,26.842,2.7416782,12.599999,0.0,0.0,40580.0,6.940957,16.804535
2026-09-01 20:00:00+02:00,25.292,4.5536795,5.04,0.0,0.0,40260.0,3.2222586,17.423588
2026-09-01 21:00:00+02:00,21.392,5.5887027,10.08,0.0,0.0,31780.0,5.8357587,19.251385
2026-09-01 22:00:00+02:00,20.642,6.6185193,7.92,0.0,0.0,36580.0,3.5591009,20.208189
2026-09-01 23:00:00+02:00,20.442,5.815978,7.5599995,0.0,0.0,35340.0,4.757608,21.402544
2026-09-02 00:00:00+02:00,20.342,5.8048253,6.8399997,0.0,0.0,35200.0,4.511162,21.590723
2026-09-02 01:00:00+02:00,21.241999,5.1165614,8.64,0.0,0.0,36980.0,2.0379353,20.208189
2026-09-02 02:00:00+02:00,20.991999,3.6,9.0,40.0,0.0,36360.0,4.201311,18.26558
2026-09-02 03:00:00+02:00,21.241999,5.1165614,6.8399997,43.0,0.0,39000.0,3.67394,21.794956
2026-09-02 04:00:00+02:00,20.542,4.8965297,8.28,48.0,0.0,38340.0,3.9200466,23.975016
2026-09-02 05:00:00+02:00,20.042,3.563818,8.64,66.0,0.0,37440.0,2.278481,23.59437
2026-09-02 06:00:00+02:00,19.442,5.1919937,9.0,77.0,0.0,35400.0,0.4556962,23.397612
2026-09-02 07:00:00+02:00,19.692,5.3999996,7.2,69.0,0.0,38400.0,4.556962,27.882717
2026-09-02 08:00:00+02:00,20.092,4.6800003,10.799999,54.0,0.0,34040.0,2.3236039,26.164846
2026-09-02 09:00:00+02:00,21.542,1.835647,7.2,0.0,0.0,29540.0,3.0569031,23.323399
2026-09-02 10:00:00+02:00,23.442,3.219938,8.64,0.0,0.0,39280.0,2.6571426,22.014801
2026-09-02 11:00:00+02:00,24.442,3.6,7.5599995,0.0,0.0,40440.0,3.0569031,21.679756
2026-09-02 12:00:00+02:00,25.392,1.609969,7.2,0.0,0.0,40780.0,3.67394,20.055098
2026-09-02 13:00:00+02:00,26.491999,3.9763298,8.64,0.0,0.0,41200.0,4.201311,20.632679
2026-09-02 14:00:00+02:00,27.592,1.835647,8.28,0.0,0.0,41800.0,5.333787,24.843096
2026-09-02 15:00:00+02:00,28.292,3.8773184,9.36,0.0,0.0,41960.0,8.377872,20.557856
2026-09-02 16:00:00+02:00,28.442,4.0249224,10.440001,0.0,0.0,41940.0,6.6350365,22.102129
2026-09-02 17:00:00+02:00,28.342,3.5455887,8.64,0.0,0.0,40840.0,3.67394,22.82248
2026-09-02 18:00:00+02:00,28.192,2.968636,7.92,0.0,0.0,41440.0,4.9291077,22.889902
2026-09-02 19:00:00+02:00,27.442,1.484318,6.12,0.0,0.0,41160.0,3.89347,21.617472
2026-09-02 20:00:00+02:00,25.491999,3.219938,4.32,0.0,0.0,40520.0,6.970812,19.331268
2026-09-02 21:00:00+02:00,22.542,4.8965297,10.440001,0.0,0.0,39680.0,10.974618,18.877537
2026-09-02 22:00:00+02:00,21.642,6.1305785,11.159999,0.0,0.0,39600.0,11.392405,24.640675
2026-09-02 23:00:00+02:00,21.592,7.7043357,12.24,0.0,0.0,40960.0,18.43177,23.364658
2026-09-03 00:00:00+02:00,20.892,6.638072,12.959999,0.0,0.0,40960.0,16.111294,23.7652
2026-09-03 01:00:00+02:00,20.192,7.2,12.599999,0.0,0.0,40900.0,10.087265,23.59437
2026-09-03 02:00:00+02:00,19.892,5.991594,12.24,0.0,0.0,40840.0,10.066657,18.042753
2026-09-03 03:00:00+02:00,19.491999,6.297428,11.879999,0.0,0.0,41080.0,9.7416725,15.861018
2026-09-03 04:00:00+02:00,18.991999,7.289445,12.959999,0.0,0.0,41080.0,7.543114,14.476846
2026-09-03 05:00:00+02:00,18.892,6.6087217,12.959999,0.0,0.0,41360.0,6.970812,13.370063
2026-09-03 06:00:00+02:00,17.942,6.763786,12.599999,0.0,0.0,40980.0,6.6350365,12.568007
2026-09-03 07:00:00+02:00,17.642,6.9527545,12.24,0.0,0.0,40920.0,5.941551,11.103232
2026-09-03 08:00:00+02:00,19.842,5.634891,12.599999,0.0,0.0,40720.0,5.506198,13.093462
2026-09-03 09:00:00+02:00,21.892,3.096837,8.64,0.0,0.0,40240.0,4.556962,16.70105
2026-09-03 10:00:00+02:00,23.542,2.9024127,7.2,0.0,0.0,40600.0,4.1265044,21.230852
2026-09-03 11:00:00+02:00,24.942,1.609969,7.2,0.0,0.0,42220.0,2.278481,18.0
2026-09-03 12:00:00+02:00,26.842,2.0991426,6.8399997,0.0,0.0,44480.0,3.286072,20.632679
2026-09-03 13:00:00+02:00,28.342,1.8,5.7599998,0.0,0.0,47520.0,3.286072,23.846117
2026-09-03 14:00:00+02:00,28.942,4.3349743,7.2,0.0,0.0,49020.0,3.3175182,28.61238
2026-09-03 15:00:00+02:00,29.342,7.342588,10.08,0.0,0.0,50640.0,5.9240503,35.54769
2026-09-03 16:00:00+02:00,29.442,5.0528407,9.36,0.0,0.0,48740.0,2.7718916,34.97959
2026-09-03 17:00:00+02:00,29.792,2.9024127,6.8399997,0.0,0.0,47120.0,4.57969,35.56936
2026-09-03 18:00:00+02:00,29.292,2.9024127,7.2,0.0,0.0,46160.0,4.6916795,36.934944
2026-09-03 19:00:00+02:00,27.991999,1.2979984,5.7599998,0.0,0.0,42700.0,4.57969,34.4245
2026-09-03 20:00:00+02:00,24.542,4.2136917,8.28,0.0,0.0,40160.0,5.941551,33.956886
2026-09-03 21:00:00+02:00,22.192,6.151683,10.799999,0.0,0.0,41340.0,8.36547,36.00535
2026-09-03 22:00:00+02:00,21.491999,5.3517847,10.08,0.0,0.0,42040.0,7.0743074,34.513916
2026-09-03 23:00:00+02:00,20.592,6.12,10.440001,0.0,0.0,41260.0,9.079681,36.15484
2026-09-04 00:00:00+02:00,20.842,4.510787,10.440001,0.0,0.0,41140.0,6.6350365,33.54022
2026-09-04 01:00:00+02:00,20.542,5.95906,10.799999,0.0,0.0,40980.0,7.3053656,32.525555
2026-09-04 02:00:00+02:00,21.092,5.3999996,10.799999,0.0,0.0,41160.0,9.580463,30.312284
2026-09-04 03:00:00+02:00,20.842,5.1919937,9.36,0.0,0.0,41140.0,7.543114,30.540203
2026-09-04 04:00:00+02:00,20.592,5.634891,9.36,0.0,0.0,41060.0,7.800262,28.307802
2026-09-04 05:00:00+02:00,19.991999,5.154415,9.36,0.0,0.0,40800.0,5.6366506,27.931032
2026-09-04 06:00:00+02:00,19.991999,5.00128,8.28,0.0,0.0,41080.0,4.101266,24.718725
2026-09-04 07:00:00+02:00,19.991999,5.315336,8.28,0.0,0.0,41260.0,3.4704785,23.364658
2026-09-04 08:00:00+02:00,20.442,4.6938257,7.92,0.0,0.0,40460.0,2.278481,21.944693
2026-09-04 09:00:00+02:00,22.042,2.16,5.3999996,0.0,0.0,38700.0,1.3670886,19.794064
2026-09-04 10:00:00+02:00,24.092,2.1897945,5.3999996,0.0,0.0,39880.0,0.9113924,18.25503
2026-09-04 11:00:00+02:00,25.842,2.5959969,6.12,0.0,0.0,41760.0,2.278481,15.554438
2026-09-04 12:00:00+02:00,27.842,1.9386592,6.12,0.0,0.0,43040.0,2.8820758,16.292364
2026-09-04 13:00:00+02:00,28.942,5.506941,6.4799995,0.0,0.0,46240.0,4.6916795,19.440569
2026-09-04 14:00:00+02:00,29.892,4.802999,6.8399997,0.0,0.0,48720.0,5.543783,23.789505
2026-09-04 15:00:00+02:00,30.292,5.5887027,10.799999,0.0,0.0,45900.0,6.572144,29.702448
2026-09-04 16:00:00+02:00,30.542,5.95906,10.799999,0.0,0.0,47680.0,6.444517,29.409164
2026-09-04 17:00:00+02:00,30.692,5.3517847,10.08,0.0,0.0,45480.0,5.487309,23.716516
2026-09-04 18:00:00+02:00,30.192,3.8939953,11.879999,0.0,0.0,42820.0,3.0569031,24.238705
2026-09-04 19:00:00+02:00,28.942,3.219938,7.92,0.0,0.0,41140.0,3.757767,23.586206
2026-09-04 20:00:00+02:00,25.142,7.2359104,10.08,0.0,0.0,38940.0,5.195736,18.26558
2026-09-04 21:00:00+02:00,22.642,7.072878,10.440001,0.0,0.0,40580.0,2.734177,19.949162
2026-09-04 22:00:00+02:00,22.942,6.151683,7.5599995,0.0,0.0,41140.0,1.8227848,22.559313
2026-09-04 23:00:00+02:00,22.592,5.815978,6.4799995,0.0,0.0,41180.0,1.3670886,25.105341
2026-09-05 00:00:00+02:00,22.442,6.151683,6.12,0.0,0.0,40300.0,1.4410379,32.519634
2026-09-05 01:00:00+02:00,22.491999,5.00128,7.5599995,0.0,0.0,40120.0,2.278481,35.078575
2026-09-05 02:00:00+02:00,22.942,4.8433046,9.36,0.0,0.0,40600.0,7.543114,27.563091
2026-09-05 03:00:00+02:00,22.792,3.8939953,7.5599995,0.0,0.0,40480.0,7.418196,24.897316
2026-09-05 04:00:00+02:00,22.142,5.3517847,8.28,0.0,0.0,40500.0,9.17071,24.710932
2026-09-05 05:00:00+02:00,21.142,4.6938257,7.2,0.0,0.0,40780.0,8.402622,31.337141
2026-09-05 06:00:00+02:00,21.292,5.8048253,6.4799995,0.0,0.0,41180.0,13.285712,43.581074
2026-09-05 07:00:00+02:00,20.842,4.198285,9.0,0.0,0.0,41020.0,12.44643,36.9558
2026-09-05 08:00:00+02:00,21.392,5.1919937,8.64,0.0,0.0,40480.0,12.969341,31.034481
2026-09-05 09:00:00+02:00,23.142,2.6208394,7.92,0.0,0.0,39580.0,16.512308,32.525555
2026-09-05 10:00:00+02:00,24.942,2.4149535,6.8399997,0.0,0.0,40040.0,11.644798,39.607586
2026-09-05 11:00:00+02:00,25.942,2.2768397,7.2,0.0,0.0,40280.0,13.246578,42.755558
2026-09-05 12:00:00+02:00,28.192,2.1897945,7.2,0.0,0.0,41480.0,13.144288,42.520634
2026-09-05 13:00:00+02:00,30.092,3.7064266,9.0,0.0,0.0,43140.0,18.21075,38.241734
2026-09-05 14:00:00+02:00,30.991999,2.1897945,11.5199995,0.0,0.0,44240.0,14.301892,32.984264
2026-09-05 15:00:00+02:00,31.991999,4.0249224,8.64,0.0,0.0,44920.0,19.568422,29.64402
2026-09-05 16:00:00+02:00,31.942,7.5599995,15.4800005,0.0,0.0,46400.0,14.787324,28.933727
2026-09-05 17:00:00+02:00,31.692,7.9036193,14.759999,0.0,0.0,47560.0,14.067659,30.659805
2026-09-05 18:00:00+02:00,30.942,4.896529,15.119999,0.0,0.0,45200.0,12.4380865,27.147633
2026-09-05 19:00:00+02:00,29.042,5.904439,11.5199995,0.0,0.0,44840.0,12.159491,28.853722
2026-09-05 20:00:00+02:00,25.942,10.009036,15.84,0.0,0.0,43900.0,17.725351,25.020798
2026-09-05 21:00:00+02:00,24.942,9.422101,19.08,0.0,0.0,43160.0,16.909952,21.357496
2026-09-05 22:00:00+02:00,23.792,8.4963045,16.919998,0.0,0.0,42300.0,12.379514,21.230852
2026-09-05 23:00:00+02:00,24.142,9.387651,16.56,0.0,0.0,42440.0,15.818631,18.908127
2026-09-06 00:00:00+02:00,22.842,8.39657,16.56,0.0,0.0,41480.0,13.97881,17.665136
2026-09-06 01:00:00+02:00,22.042,7.491114,15.4800005,0.0,0.0,41020.0,11.671517,16.292364
2026-09-06 02:00:00+02:00,20.042,6.696387,13.679999,0.0,0.0,39100.0,11.031237,17.390388
2026-09-06 03:00:00+02:00,20.142,7.10031,11.879999,0.0,0.0,40120.0,10.391472,19.251385
2026-09-06 04:00:00+02:00,19.442,5.991594,12.599999,0.0,0.0,39920.0,8.21518,18.26558
2026-09-06 05:00:00+02:00,19.292,4.6938257,10.08,0.0,0.0,40920.0,3.89347,16.185604
2026-09-06 06:00:00+02:00,18.741999,6.439876,10.440001,0.0,0.0,40440.0,4.201311,15.824544
2026-09-06 07:00:00+02:00,18.042,5.815978,11.879999,0.0,0.0,39480.0,5.195736,17.256958
2026-09-06 08:00:00+02:00,20.592,3.219938,9.72,0.0,0.0,41320.0,4.57969,12.289027
2026-09-06 09:00:00+02:00,22.692,1.08,2.52,0.0,0.0,40000.0,3.286072,9.715329
2026-09-06 10:00:00+02:00,24.442,1.4399999,3.6,0.0,0.0,40260.0,2.278481,9.6356945
2026-09-06 11:00:00+02:00,25.642,1.2979984,3.96,0.0,0.0,41800.0,5.195736,9.931033
2026-09-06 12:00:00+02:00,26.792,2.1897945,6.8399997,0.0,0.0,44000.0,6.940957,11.809426
2026-09-06 13:00:00+02:00,27.991999,3.96,9.36,0.0,0.0,45100.0,7.20519,13.6692705
2026-09-06 14:00:00+02:00,28.842,4.802999,10.799999,0.0,0.0,44340.0,5.709857,12.795845
2026-09-06 15:00:00+02:00,29.442,4.198285,11.159999,0.0,0.0,44500.0,5.487309,14.181093
2026-09-06 16:00:00+02:00,29.592,5.692099,12.599999,0.0,0.0,42740.0,9.350104,14.8057575
2026-09-06 17:00:00+02:00,29.842,4.6938257,13.32,0.0,0.0,42920.0,3.9200466,21.724138
2026-09-06 18:00:00+02:00,29.741999,3.8268526,11.159999,0.0,0.0,43380.0,2.577807,23.846117
2026-09-06 19:00:00+02:00,28.491999,1.835647,8.64,0.0,0.0,42240.0,4.9291077,23.95894
2026-09-06 20:00:00+02:00,24.392,6.519877,6.8399997,0.0,0.0,36380.0,4.6916795,24.46021
2026-09-06 21:00:00+02:00,22.192,6.5693827,8.28,0.0,0.0,36720.0,3.286072,25.136013
2026-09-06 22:00:00+02:00,21.792,6.9527545,7.2,0.0,0.0,37020.0,3.0569031,27.062351
2026-09-06 23:00:00+02:00,21.342,5.6920996,6.8399997,0.0,0.0,35440.0,5.3142853,24.640675
2026-09-07 00:00:00+02:00,21.542,5.315336,7.2,0.0,0.0,36220.0,4.6472077,24.593725
2026-09-07 01:00:00+02:00,22.241999,4.802999,7.2,0.0,0.0,39140.0,6.198138,23.7652
2026-09-07 02:00:00+02:00,21.192,5.154415,7.92,0.0,0.0,33740.0,7.866535,24.238705
2026-09-07 03:00:00+02:00,20.842,4.8965297,9.36,0.0,0.0,32400.0,5.012658,22.82248
2026-09-07 04:00:00+02:00,21.692,1.8,6.8399997,0.0,0.0,36480.0,3.67394,19.331268
2026-09-07 05:00:00+02:00,21.491999,3.6,2.8799999,2.0,0.0,37640.0,5.941551,19.62793
2026-09-07 06:00:00+02:00,20.792,4.072935,6.12,0.0,0.0,35460.0,4.907998,21.185438
2026-09-07 07:00:00+02:00,20.642,4.0249224,6.8399997,0.0,0.0,35980.0,1.2889035,20.01664
2026-09-07 08:00:00+02:00,21.741999,4.510787,3.96,0.0,0.0,36060.0,5.0333285,17.665136
2026-09-07 09:00:00+02:00,22.642,6.130579,11.159999,3.0,0.0,23080.0,12.030725,20.818563
2026-09-07 10:00:00+02:00,24.241999,5.8048253,14.759999,0.0,0.0,36300.0,9.294415,15.517241
2026-09-07 11:00:00+02:00,25.991999,5.00128,12.24,0.0,0.0,39940.0,5.8357587,21.935911
2026-09-07 12:00:00+02:00,25.942,4.2136917,13.679999,0.0,0.0,39980.0,2.8820758,23.3729
2026-09-07 13:00:00+02:00,27.792,3.096837,8.28,0.0,0.0,40620.0,3.757767,26.926771
2026-09-07 14:00:00+02:00,28.342,5.771239,9.36,0.0,0.0,41160.0,4.0758705,33.769165
2026-09-07 15:00:00+02:00,29.241999,4.73506,11.159999,0.0,0.0,41160.0,5.7641516,36.53116
2026-09-07 16:00:00+02:00,29.642,5.4477882,11.879999,0.0,0.0,42020.0,6.895935,42.796085
2026-09-07 17:00:00+02:00,29.342,4.452954,12.24,0.0,0.0,41360.0,8.402622,41.405163
2026-09-07 18:00:00+02:00,28.892,2.52,10.799999,0.0,0.0,41100.0,6.835443,28.639296
2026-09-07 19:00:00+02:00,27.592,3.6179552,5.7599998,0.0,0.0,39520.0,7.958391,22.206465
2026-09-07 20:00:00+02:00,24.392,5.4119864,10.08,0.0,0.0,33960.0,7.7602262,16.185604
2026-09-07 21:00:00+02:00,22.192,6.297428,10.440001,0.0,0.0,31220.0,5.487309,16.292364
2026-09-07 22:00:00+02:00,22.892,4.1046314,10.08,0.0,0.0,36840.0,4.0758705,24.734306
2026-09-07 23:00:00+02:00,23.092,3.8773184,9.36,0.0,0.0,37940.0,2.278481,28.880415
2026-09-08 00:00:00+02:00,23.392,3.7064266,5.7599998,0.0,0.0,39060.0,0.0,24.897316
2026-09-08 01:00:00+02:00,23.741999,3.2599385,4.68,0.0,0.0,40000.0,2.9178793,17.478779
2026-09-08 02:00:00+02:00,20.991999,5.315336,6.12,0.0,0.0,32480.0,3.757767,18.516953
2026-09-08 03:00:00+02:00,22.692,3.096837,5.3999996,0.0,0.0,39060.0,2.7718916,15.329903
2026-09-08 04:00:00+02:00,22.491999,3.319036,3.96,7.0,0.0,38920.0,1.8227848,14.167504
2026-09-08 05:00:00+02:00,21.192,5.3999996,4.32,20.0,0.0,37200.0,0.9113924,10.606349
2026-09-08 06:00:00+02:00,21.192,3.0547013,7.5599995,23.0,0.0,35880.0,1.643036,12.241913
2026-09-08 07:00:00+02:00,21.241999,1.0182338,3.6,40.0,0.0,36800.0,2.3236039,14.072007
2026-09-08 08:00:00+02:00,20.991999,2.1897945,2.52,48.0,0.0,32580.0,3.4704785,21.066906
2026-09-08 09:00:00+02:00,22.792,1.8,4.68,0.0,0.0,30440.0,5.155614,27.26799
2026-09-08 10:00:00+02:00,24.542,3.6179552,6.8399997,33.0,0.0,34660.0,4.757608,28.800266
2026-09-08 11:00:00+02:00,25.442,1.2979984,7.5599995,41.0,0.0,38900.0,6.835443,29.857687
2026-09-08 12:00:00+02:00,26.042,3.4152596,7.92,61.0,0.0,39300.0,6.198138,29.086447
2026-09-08 13:00:00+02:00,26.942,3.0758414,7.5599995,53.0,0.0,39660.0,7.20519,15.566816
2026-09-08 14:00:00+02:00,28.491999,4.5536795,9.0,0.0,0.0,40620.0,9.952556,18.8469
2026-09-08 15:00:00+02:00,28.842,7.42159,14.759999,10.0,0.0,40640.0,8.513107,12.780782
2026-09-08 16:00:00+02:00,26.991999,6.9153743,30.239998,0.0,0.1,38940.0,9.952556,15.95788
2026-09-08 17:00:00+02:00,23.342,3.319036,13.679999,46.0,0.0,32240.0,16.866917,11.939204
2026-09-08 18:00:00+02:00,23.991999,1.0182338,14.759999,47.0,0.3,25000.0,10.087265,15.41761
2026-09-08 19:00:00+02:00,23.842,5.0911684,7.5599995,41.0,0.0,25220.0,5.941551,19.987747
2026-09-08 20:00:00+02:00,24.092,4.6938257,10.440001,36.0,0.7,31060.0,6.895935,29.435352
2026-09-08 21:00:00+02:00,23.192,6.162207,11.5199995,50.0,0.2,18720.0,11.254866,23.95894
2026-09-08 22:00:00+02:00,22.442,5.8603754,16.56,80.0,3.4,19280.0,6.1307654,29.844782
2026-09-08 23:00:00+02:00,22.892,12.181624,12.959999,53.0,2.4,20960.0,23.735603,42.755558
2026-09-09 00:00:00+02:00,21.342,24.387178,52.92,87.0,0.2,33120.0,9.666777,27.373749
2026-09-09 01:00:00+02:00,21.792,8.714677,41.760002,72.0,0.1,36900.0,4.57969,30.83522
2026-09-09 02:00:00+02:00,19.792,9.726665,12.599999,52.0,0.0,2180.0,8.513107,14.003396
2026-09-09 03:00:00+02:00,19.192,14.529915,40.68,48.0,42.9,1500.0,2.0379353,44.594723
2026-09-09 04:00:00+02:00,18.692,15.856354,27.0,67.0,16.7,1320.0,18.073395,55.755066
2026-09-09 05:00:00+02:00,19.192,3.396233,37.079998,0.0,2.4,32340.0,11.848101,48.59647
2026-09-09 06:00:00+02:00,18.741999,2.0991426,15.119999,0.0,0.0,24140.0,6.835443,23.040882
2026-09-09 07:00:00+02:00,19.741999,2.8116899,6.12,0.0,0.0,35200.0,10.280973,22.965515
2026-09-09 08:00:00+02:00,19.442,2.5455842,6.4799995,0.0,0.0,26920.0,1.8227848,16.492132
2026-09-09 09:00:00+02:00,20.792,1.0182338,7.92,0.0,0.0,25900.0,1.643036,10.839878
2026-09-09 10:00:00+02:00,21.342,6.849467,13.32,0.0,0.0,26340.0,4.2990294,13.427569
2026-09-09 11:00:00+02:00,22.192,2.9024127,12.24,0.0,0.0,26540.0,3.0569031,11.326523
2026-09-09 12:00:00+02:00,22.542,2.3051248,5.04,0.0,0.0,31580.0,1.643036,24.175043
2026-09-09 13:00:00+02:00,22.542,2.5455842,6.4799995,0.0,0.1,32600.0,4.57969,21.185438
2026-09-09 14:00:00+02:00,22.592,4.510787,9.36,0.0,0.2,31520.0,3.89347,29.441893
2026-09-09 15:00:00+02:00,22.642,1.5273507,11.879999,53.0,0.0,31100.0,9.784211,16.327795
2026-09-09 16:00:00+02:00,19.042,9.290511,25.919998,81.0,11.5,1600.0,16.182028,11.189642
2026-09-09 17:00:00+02:00,18.092,6.3690495,15.4800005,0.0,6.6,6860.0,13.525812,20.265303
2026-09-09 18:00:00+02:00,18.842,4.39436,15.84,0.0,1.4,32280.0,12.261531,22.249796
2026-09-09 19:00:00+02:00,18.442,3.6,7.2,0.0,0.0,23320.0,13.309138,12.051613
2026-09-09 20:00:00+02:00,17.842,7.628263,9.36,0.0,0.0,35400.0,14.236403,8.327425
2026-09-09 21:00:00+02:00,18.042,8.39657,16.919998,0.0,0.0,37880.0,13.402427,4.3448277
2026-09-09 22:00:00+02:00,18.192,9.085988,17.64,0.0,0.0,39480.0,14.503743,3.9743526
2026-09-09 23:00:00+02:00,17.292,7.5942082,14.759999,0.0,0.0,35080.0,12.84061,4.3889384
2026-09-10 00:00:00+02:00,17.392,8.473393,19.44,0.0,0.0,38580.0,12.261531,3.9743526
2026-09-10 01:00:00+02:00,16.892,7.9036193,14.04,0.0,0.2,31700.0,12.767628,5.339374
2026-09-10 02:00:00+02:00,17.092,7.4128532,19.08,0.0,0.7,37340.0,16.866917,19.871763
2026-09-10 03:00:00+02:00,16.642,9.021574,20.519999,0.0,1.0,36740.0,16.712313,36.32493
2026-09-10 04:00:00+02:00,16.042,8.287822,17.64,0.0,0.1,35680.0,12.312233,31.53323
2026-09-10 05:00:00+02:00,16.542,9.028754,19.08,0.0,0.0,39140.0,13.525812,1.8620689
2026-09-10 06:00:00+02:00,14.642,5.0142193,15.119999,0.0,0.0,25240.0,13.152184,7.948705
2026-09-10 07:00:00+02:00,15.742001,4.6800003,9.36,0.0,0.0,38060.0,11.096928,10.00832
2026-09-10 08:00:00+02:00,17.192,2.4149535,7.2,0.0,0.0,39260.0,8.151741,14.167504
2026-09-10 09:00:00+02:00,18.142,2.1897945,6.12,0.0,0.0,34500.0,10.240498,13.093462
2026-09-10 10:00:00+02:00,19.092,1.0182338,4.68,0.0,0.0,33680.0,10.490913,11.776757
2026-09-10 11:00:00+02:00,20.192,3.671294,9.36,0.0,0.0,37380.0,14.410378,10.1040945
2026-09-10 12:00:00+02:00,21.292,3.8268526,9.0,0.0,0.0,40760.0,15.50037,10.839878
2026-09-10 13:00:00+02:00,20.991999,3.219938,7.92,0.0,0.0,36820.0,12.961332,13.739551
2026-09-10 14:00:00+02:00,21.192,2.7416782,9.72,0.0,0.0,37680.0,11.02182,8.092802
2026-09-10 15:00:00+02:00,21.642,3.96,8.28,19.0,0.0,36920.0,8.976174,11.394346
2026-09-10 16:00:00+02:00,20.642,3.9763298,10.799999,7.0,0.0,37140.0,5.8357587,9.164372
2026-09-10 17:00:00+02:00,22.142,2.52,6.4799995,24.0,0.0,40080.0,4.0758705,4.1637125
2026-09-10 18:00:00+02:00,21.991999,1.5273507,7.5599995,31.0,0.0,39320.0,5.3142853,5.00416
2026-09-10 19:00:00+02:00,21.241999,2.2768397,3.6,47.0,0.0,34400.0,4.1265044,6.939521
2026-09-10 20:00:00+02:00,18.892,4.198285,6.12,18.0,0.0,31580.0,1.2889035,9.037377
2026-09-10 21:00:00+02:00,18.042,3.8268526,10.799999,60.0,0.0,33500.0,0.9113924,7.0769506
2026-09-10 22:00:00+02:00,17.842,3.6,6.8399997,41.0,0.0,32940.0,1.643036,6.390391
2026-09-10 23:00:00+02:00,18.092,2.2768397,6.12,100.0,0.0,27900.0,9.688234,12.5526705
2026-09-11 00:00:00+02:00,17.792,4.2136917,13.32,72.0,3.0,18780.0,2.734177,8.622896
2026-09-11 01:00:00+02:00,17.892,2.9024127,7.92,54.0,0.0,23580.0,1.0189676,2.2379284
2026-09-11 02:00:00+02:00,17.241999,6.379216,5.04,48.0,0.0,29740.0,2.6571426,3.9743526
2026-09-11 03:00:00+02:00,16.692,2.5455842,8.28,55.0,0.0,17320.0,3.67394,2.5591688
2026-09-11 04:00:00+02:00,16.592,1.1384199,5.04,38.0,0.0,21160.0,3.67394,7.022301
2026-09-11 05:00:00+02:00,16.142,4.3349743,3.6,0.0,0.0,26660.0,4.556962,10.569963
2026-09-11 06:00:00+02:00,16.192,4.1046314,6.12,18.0,0.0,28920.0,6.572144,12.5680065
2026-09-11 07:00:00+02:00,16.042,5.00128,7.92,0.0,0.0,31680.0,8.215179,18.631031
2026-09-11 08:00:00+02:00,16.292,5.3517847,11.159999,0.0,0.0,34120.0,12.969341,23.88647
2026-09-11 09:00:00+02:00,18.241999,3.396233,9.36,0.0,0.0,31860.0,10.870049,26.515873
2026-09-11 10:00:00+02:00,20.741999,3.8773184,7.92,0.0,0.0,39960.0,6.940957,23.635157
2026-09-11 11:00:00+02:00,21.292,2.6208394,6.8399997,0.0,0.0,40200.0,3.89347,20.265303
2026-09-11 12:00:00+02:00,21.892,1.8,7.92,0.0,0.0,40000.0,2.9178793,20.01664
2026-09-11 13:00:00+02:00,22.842,1.8,5.7599998,0.0,0.0,41060.0,1.643036,17.566723
2026-09-11 14:00:00+02:00,23.292,4.0249224,6.8399997,0.0,0.0,41100.0,3.5591009,18.51695
2026-09-11 15:00:00+02:00,23.542,6.638072,9.0,0.0,0.0,39960.0,5.195736,17.489796
2026-09-11 16:00:00+02:00,23.792,6.638072,10.08,0.0,0.0,40800.0,4.511162,18.516953
2026-09-11 17:00:00+02:00,24.092,5.4477882,9.36,0.0,0.0,41280.0,3.9200466,22.014801
2026-09-11 18:00:00+02:00,23.942,2.52,7.5599995,0.0,0.0,41020.0,3.4704785,21.112572
2026-09-11 19:00:00+02:00,22.842,1.9386592,5.7599998,0.0,0.0,39960.0,3.286072,20.055098
2026-09-11 20:00:00+02:00,19.991999,6.12,10.440001,0.0,0.0,34080.0,4.6472077,17.077427
2026-09-11 21:00:00+02:00,18.692,5.8048253,10.440001,0.0,0.0,32680.0,6.0797453,13.556066
2026-09-11 22:00:00+02:00,17.092,5.815978,9.72,0.0,0.0,21120.0,3.2222586,10.4046545
2026-09-11 23:00:00+02:00,16.692,6.193674,7.5599995,0.0,0.0,23140.0,4.844117,9.813965
2026-09-12 00:00:00+02:00,16.692,6.297428,10.08,0.0,0.0,27820.0,2.6571426,7.777219
2026-09-12 01:00:00+02:00,16.242,6.763786,10.08,0.0,0.0,32520.0,2.453999,4.8477407
2026-09-12 02:00:00+02:00,15.442,6.1305785,9.0,0.0,0.0,37240.0,1.0189676,8.777877
2026-09-12 03:00:00+02:00,15.492001,6.297428,11.5199995,0.0,0.0,39620.0,2.278481,10.1040945
2026-09-12 04:00:00+02:00,15.492001,5.8048253,11.159999,0.0,0.0,40600.0,2.9178793,10.569963
2026-09-12 05:00:00+02:00,15.442,5.8603754,9.72,0.0,0.0,39880.0,2.278481,11.0510645
2026-09-12 06:00:00+02:00,15.392,5.3517847,10.440001,0.0,0.0,40280.0,3.0569031,12.780782
2026-09-12 07:00:00+02:00,15.392,5.315336,8.64,0.0,0.0,40880.0,3.67394,13.948265
2026-09-12 08:00:00+02:00,15.792001,5.3999996,7.92,0.0,0.0,39180.0,4.6916795,18.877537
2026-09-12 09:00:00+02:00,17.491999,0.35999998,9.0,0.0,0.0,36560.0,4.201311,20.567223
2026-09-12 10:00:00+02:00,19.792,1.609969,5.3999996,0.0,0.0,40940.0,1.643036,18.170418
2026-09-12 11:00:00+02:00,21.142,1.835647,6.12,0.0,0.0,42220.0,0.9113924,19.400894
2026-09-12 12:00:00+02:00,22.142,3.4152596,6.12,0.0,0.0,42480.0,1.4410379,19.490047
2026-09-12 13:00:00+02:00,23.042,4.829907,8.64,15.0,0.0,44380.0,5.195736,21.944693
2026-09-12 14:00:00+02:00,23.942,5.2416787,9.72,3.0,0.0,41800.0,4.556962,23.618853
2026-09-12 15:00:00+02:00,24.442,5.00128,13.679999,29.0,0.0,40620.0,7.78694,22.422277
2026-09-12 16:00:00+02:00,25.092,4.5820518,11.5199995,0.0,0.0,40820.0,6.1307654,25.478535
2026-09-12 17:00:00+02:00,25.542,3.6179552,11.5199995,3.0,0.0,41260.0,3.2222586,24.951414
2026-09-12 18:00:00+02:00,25.241999,1.1384199,8.64,0.0,0.0,41440.0,1.9333551,24.897316
2026-09-12 19:00:00+02:00,24.292,2.1897945,3.2399998,0.0,0.0,40920.0,1.4410379,26.69687
2026-09-12 20:00:00+02:00,20.592,4.829907,7.92,0.0,0.0,37600.0,5.9240503,20.52034
2026-09-12 21:00:00+02:00,19.042,5.154415,9.36,0.0,0.0,35200.0,7.7468348,18.631031
2026-09-12 22:00:00+02:00,17.741999,4.5536795,9.36,0.0,0.0,31080.0,4.323114,19.400894
2026-09-12 23:00:00+02:00,17.092,5.634891,8.64,0.0,0.0,25520.0,8.253009,19.400894
2026-09-13 00:00:00+02:00,16.642,5.315336,9.72,0.0,0.0,26620.0,4.1265044,19.949162
2026-09-13 01:00:00+02:00,16.491999,5.815978,6.12,0.0,0.0,26600.0,1.4410379,19.331268
2026-09-13 02:00:00+02:00,16.741999,5.8048253,6.12,46.0,0.0,24420.0,1.8788835,16.77011
2026-09-13 03:00:00+02:00,16.942,5.8048253,7.92,38.0,0.0,25860.0,2.3236039,17.773846
2026-09-13 04:00:00+02:00,17.292,5.3517847,7.92,65.0,0.0,27360.0,1.3670886,21.997295
2026-09-13 05:00:00+02:00,16.892,5.1919937,8.28,55.0,0.0,24840.0,2.278481,20.035875
2026-09-13 06:00:00+02:00,16.942,4.6102495,7.2,44.0,0.0,29240.0,1.643036,21.997295
2026-09-13 07:00:00+02:00,16.942,4.6800003,6.8399997,0.0,0.0,27020.0,0.64445174,21.402544
2026-09-13 08:00:00+02:00,17.042,3.8773184,4.68,19.0,0.0,24600.0,0.64445174,21.679756
2026-09-13 09:00:00+02:00,19.241999,1.8,4.32,0.0,0.0,24540.0,1.8227848,20.035875
2026-09-13 10:00:00+02:00,21.092,1.08,4.32,0.0,0.0,36920.0,2.453999,22.284399
2026-09-13 11:00:00+02:00,22.292,1.4399999,7.2,0.0,0.0,37980.0,2.577807,25.319267
2026-09-13 12:00:00+02:00,23.092,4.39436,6.4799995,0.0,0.0,38180.0,2.278481,22.76332
2026-09-13 13:00:00+02:00,23.542,5.95906,10.440001,6.0,0.0,38520.0,6.572144,22.430868
2026-09-13 14:00:00+02:00,24.342,4.896529,12.24,0.0,0.0,36700.0,4.511162,20.293798
2026-09-13 15:00:00+02:00,25.142,5.3517847,10.08,0.0,0.0,39980.0,1.4410379,19.98775
2026-09-13 16:00:00+02:00,25.542,5.3999996,12.24,0.0,0.0,41100.0,4.844117,26.9768
2026-09-13 17:00:00+02:00,25.542,4.73506,11.879999,0.0,0.0,41240.0,3.0569031,29.179018
2026-09-13 18:00:00+02:00,25.192,2.6208394,9.0,0.0,0.0,41120.0,2.6571426,29.428804
2026-09-13 19:00:00+02:00,24.192,1.609969,4.68,0.0,0.0,40560.0,2.6571426,28.639296
2026-09-13 20:00:00+02:00,21.392,5.8048253,9.0,0.0,0.0,35080.0,4.201311,27.563091
2026-09-13 21:00:00+02:00,20.092,4.379589,9.0,0.0,0.0,34400.0,5.543783,28.558466
2026-09-13 22:00:00+02:00,18.892,3.319036,8.28,0.0,0.0,29180.0,6.3960004,29.086447
2026-09-13 23:00:00+02:00,19.491999,5.506941,7.92,0.0,0.0,34640.0,17.90602,39.35877
2026-09-14 00:00:00+02:00,19.292,3.219938,8.64,0.0,0.0,32620.0,14.836392,28.307802
2026-09-14 01:00:00+02:00,18.842,3.8939953,7.92,0.0,0.0,35240.0,11.92671,38.502773
2026-09-14 02:00:00+02:00,18.842,5.506941,7.92,0.0,0.0,38880.0,13.941624,43.8235
2026-09-14 03:00:00+02:00,17.892,5.315336,9.72,0.0,0.0,38680.0,12.889034,44.260868
2026-09-14 04:00:00+02:00,17.741999,6.151683,11.159999,0.0,0.0,38980.0,14.836392,52.24496
2026-09-14 05:00:00+02:00,17.942,7.491114,10.799999,0.0,0.0,39520.0,21.13959,55.171593
2026-09-14 06:00:00+02:00,18.292,6.8777895,12.24,0.0,0.0,39860.0,23.311878,51.819218
2026-09-14 07:00:00+02:00,17.892,7.10031,11.879999,0.0,0.0,39480.0,17.865383,43.11448
2026-09-14 08:00:00+02:00,19.442,7.2,13.32,0.0,0.0,39700.0,18.821962,42.39814
2026-09-14 09:00:00+02:00,21.342,5.00128,14.04,0.0,0.0,38960.0,17.795506,37.514515
2026-09-14 10:00:00+02:00,23.092,3.9763298,10.08,0.0,0.0,36820.0,16.053188,29.960732
2026-09-14 11:00:00+02:00,23.942,2.9024127,11.159999,0.0,0.0,40800.0,10.638335,29.702448
2026-09-14 12:00:00+02:00,25.442,3.319036,6.8399997,0.0,0.0,41600.0,11.392405,26.054182
2026-09-14 13:00:00+02:00,26.892,5.7599998,11.879999,0.0,0.0,42560.0,10.520563,23.3729
2026-09-14 14:00:00+02:00,27.991999,0.0,12.599999,0.0,0.0,43460.0,9.580463,14.289349
2026-09-14 15:00:00+02:00,27.542,5.506941,12.24,0.0,0.0,41620.0,7.7602262,14.896551
2026-09-14 16:00:00+02:00,26.692,7.2359104,11.879999,0.0,0.0,41100.0,6.7744107,16.804535
2026-09-14 17:00:00+02:00,26.842,5.4119864,9.36,0.0,0.0,41300.0,10.628571,15.714606
2026-09-14 18:00:00+02:00,26.192,3.9763298,10.440001,0.0,0.0,40580.0,9.815996,15.95788
2026-09-14 19:00:00+02:00,25.092,0.0,6.8399997,0.0,0.0,39060.0,6.47666,14.753624
2026-09-14 20:00:00+02:00,21.991999,5.1165614,8.64,0.0,0.0,37000.0,3.757767,10.180067
2026-09-14 21:00:00+02:00,20.592,5.315336,9.72,0.0,0.0,37040.0,0.9113924,12.413793
2026-09-14 22:00:00+02:00,19.241999,5.4833565,9.36,0.0,0.0,32500.0,1.3670886,12.96038
2026-09-14 23:00:00+02:00,18.442,5.8048253,9.36,0.0,0.0,31620.0,0.64445174,11.326523
2026-09-15 00:00:00+02:00,17.991999,5.3517847,9.0,0.0,0.0,31020.0,3.286072,9.310345
2026-09-15 01:00:00+02:00,18.392,5.3517847,5.7599998,15.0,0.0,27240.0,5.094838,7.4482756
2026-09-15 02:00:00+02:00,18.892,4.3349743,6.4799995,73.0,0.0,25120.0,5.543783,8.711794
2026-09-15 03:00:00+02:00,19.192,3.6,6.8399997,63.0,0.0,28520.0,4.757608,7.677507
2026-09-15 04:00:00+02:00,19.292,4.39436,6.4799995,63.0,0.0,28900.0,3.2222586,10.027549
2026-09-15 05:00:00+02:00,18.692,4.2136917,6.4799995,58.0,0.0,30720.0,2.278481,14.490146
2026-09-15 06:00:00+02:00,18.942,2.6208394,6.12,62.0,0.0,32700.0,1.643036,16.327795
2026-09-15 07:00:00+02:00,19.241999,2.5455842,2.8799999,72.0,0.0,35120.0,1.4410379,19.949162
2026-09-15 08:00:00+02:00,19.241999,1.835647,2.8799999,62.0,0.0,31700.0,3.1898732,23.040882
2026-09-15 09:00:00+02:00,20.342,2.2768397,4.68,50.0,0.0,23740.0,3.2222586,21.139927
2026-09-15 10:00:00+02:00,21.592,1.0182338,5.04,52.0,0.0,36520.0,5.506198,19.900824
2026-09-15 11:00:00+02:00,22.592,3.0547013,6.8399997,82.0,0.0,39600.0,5.6366506,19.400894
2026-09-15 12:00:00+02:00,22.991999,1.484318,6.8399997,67.0,0.0,39040.0,4.556962,17.914183
2026-09-15 13:00:00+02:00,23.991999,3.4152596,7.5599995,23.0,0.0,37600.0,4.488087,18.074755
2026-09-15 14:00:00+02:00,24.442,5.5887027,7.5599995,6.0,0.0,37180.0,3.8667102,15.355014
2026-09-15 15:00:00+02:00,25.192,4.3498964,7.2,0.0,0.0,40540.0,3.0569031,14.153901
2026-09-15 16:00:00+02:00,25.442,6.439876,8.28,0.0,0.0,41060.0,4.0758705,14.609298
2026-09-15 17:00:00+02:00,25.692,5.4833565,9.36,0.0,0.0,40940.0,1.2889035,13.879042
2026-09-15 18:00:00+02:00,25.392,3.7064266,11.159999,10.0,0.0,40780.0,1.8788835,12.568007
2026-09-15 19:00:00+02:00,24.192,1.8,7.5599995,30.0,0.0,39620.0,2.0379353,9.715329
2026-09-15 20:00:00+02:00,21.842,4.6800003,7.92,43.0,0.0,35820.0,2.0379353,7.948705
2026-09-15 21:00:00+02:00,20.292,4.829907,8.64,61.0,0.0,32220.0,1.643036,6.113084
2026-09-15 22:00:00+02:00,19.392,4.5536795,8.64,58.0,0.0,27620.0,1.4410379,6.48019
2026-09-15 23:00:00+02:00,19.491999,3.8939953,5.7599998,43.0,0.0,28940.0,2.278481,8.092802
2026-09-16 00:00:00+02:00,19.592,4.8433046,7.92,67.0,0.0,31320.0,1.8788835,10.624495
2026-09-16 01:00:00+02:00,19.642,4.072935,8.28,73.0,0.0,31840.0,0.64445174,11.241167
2026-09-16 02:00:00+02:00,20.692,3.0547013,6.4799995,87.0,0.0,31960.0,1.643036,11.326523
2026-09-16 03:00:00+02:00,20.991999,3.219938,4.32,83.0,0.0,33740.0,1.8227848,13.879042
2026-09-16 04:00:00+02:00,20.642,3.8773184,6.8399997,98.0,0.0,32600.0,0.64445174,15.216393
2026-09-16 05:00:00+02:00,20.692,3.5455887,6.12,100.0,0.0,31020.0,2.8820758,12.659634
2026-09-16 06:00:00+02:00,20.692,2.5455842,6.12,87.0,0.0,31480.0,3.757767,10.839878
2026-09-16 07:00:00+02:00,20.542,3.6179552,5.7599998,97.0,0.0,31380.0,4.1265044,12.194616
2026-09-16 08:00:00+02:00,20.092,3.96,5.3999996,76.0,0.0,28020.0,5.9240503,14.289349
2026-09-16 09:00:00+02:00,20.892,3.7064266,7.5599995,74.0,0.0,26320.0,4.1265044,14.753624
2026-09-16 10:00:00+02:00,22.142,1.9386592,7.2,58.0,0.0,31480.0,2.8820758,14.922391
2026-09-16 11:00:00+02:00,23.292,1.4399999,5.7599998,30.0,0.0,35580.0,2.8820758,11.41124
2026-09-16 12:00:00+02:00,24.241999,3.6,5.7599998,11.0,0.0,37040.0,4.2990294,11.711148
2026-09-16 13:00:00+02:00,24.392,4.73506,9.0,46.0,0.0,36800.0,6.198138,13.612786
2026-09-16 14:00:00+02:00,25.042,2.968636,9.72,16.0,0.0,37040.0,6.7744107,11.711148
2026-09-16 15:00:00+02:00,25.592,5.1165614,10.799999,51.0,0.0,38020.0,6.728273,9.037377
2026-09-16 16:00:00+02:00,25.042,4.2136917,13.679999,74.0,0.1,39880.0,6.728273,5.3031745
2026-09-16 17:00:00+02:00,23.741999,14.773164,19.44,79.0,0.0,39040.0,14.482251,12.194616
2026-09-16 18:00:00+02:00,23.142,10.587918,25.56,38.0,0.0,37500.0,19.483345,19.62793
2026-09-16 19:00:00+02:00,20.942,17.0763,34.92,56.0,3.2,1500.0,15.975386,16.884583
2026-09-16 20:00:00+02:00,20.342,10.163227,15.119999,56.0,9.9,25600.0,1.3670886,22.82248
2026-09-16 21:00:00+02:00,20.491999,3.563818,17.28,53.0,0.0,28660.0,7.7468348,13.196042
2026-09-16 22:00:00+02:00,19.892,3.7585104,10.440001,66.0,0.6,22640.0,4.201311,10.569963
2026-09-16 23:00:00+02:00,19.292,3.9763298,5.04,0.0,0.1,28240.0,5.506198,21.733002
2026-09-17 00:00:00+02:00,19.491999,3.2399998,7.92,0.0,0.0,28000.0,3.2222586,18.713562
2026-09-17 01:00:00+02:00,19.542,1.484318,6.4799995,0.0,0.0,29760.0,4.907998,13.152178
2026-09-17 02:00:00+02:00,19.592,3.5455887,6.4799995,0.0,0.1,35180.0,4.844117,21.679756
2026-09-17 03:00:00+02:00,19.292,2.52,7.2,0.0,0.0,37480.0,1.4410379,26.098505
2026-09-17 04:00:00+02:00,19.592,3.2599385,7.2,0.0,0.0,38600.0,3.4704785,19.161121
2026-09-17 05:00:00+02:00,18.942,4.510787,10.08,0.0,0.0,39660.0,8.95301,25.63681
2026-09-17 06:00:00+02:00,18.342,5.495161,12.599999,0.0,0.0,39820.0,10.004581,24.278408
2026-09-17 07:00:00+02:00,16.842,7.653705,14.759999,0.0,0.0,38740.0,8.987734,23.586206
2026-09-17 08:00:00+02:00,18.192,6.638072,13.679999,0.0,0.0,39900.0,11.883102,23.594372
2026-09-17 09:00:00+02:00,19.692,4.2136917,12.599999,0.0,0.0,40340.0,6.1307654,20.567223
2026-09-17 10:00:00+02:00,20.692,5.771239,11.879999,0.0,0.0,40820.0,6.7744107,16.327795
2026-09-17 11:00:00+02:00,22.192,4.32,11.159999,0.0,0.0,42600.0,6.728273,10.569963
2026-09-17 12:00:00+02:00,23.241999,2.7416782,8.28,0.0,0.0,42860.0,5.094838,8.092802
2026-09-17 13:00:00+02:00,24.342,2.6208394,7.92,0.0,0.0,42660.0,3.2222586,6.6850314
2026-09-17 14:00:00+02:00,25.741999,3.2599385,5.7599998,0.0,0.0,46860.0,2.8820758,8.622896
2026-09-17 15:00:00+02:00,25.842,4.5536795,10.799999,0.0,0.0,45360.0,6.7744107,10.569963
2026-09-17 16:00:00+02:00,25.642,1.609969,10.440001,0.0,0.0,42080.0,12.261531,13.0492525
2026-09-17 17:00:00+02:00,25.192,2.3051248,6.8399997,87.0,0.0,40720.0,12.51299,11.103232
2026-09-17 18:00:00+02:00,23.892,4.198285,9.0,22.0,0.0,39760.0,8.253009,10.274241
2026-09-17 19:00:00+02:00,22.542,5.692099,12.24,79.0,0.0,38180.0,9.215885,11.858258
2026-09-17 20:00:00+02:00,21.192,5.1165614,11.5199995,89.0,0.0,36160.0,11.096928,14.490146
2026-09-17 21:00:00+02:00,20.741999,4.6102495,9.0,66.0,0.0,35500.0,7.543114,17.043554
2026-09-17 22:00:00+02:00,20.142,3.8939953,9.0,76.0,0.0,34680.0,5.562481,23.789505
2026-09-17 23:00:00+02:00,20.442,0.71999997,7.92,78.0,0.0,35520.0,8.706063,17.773846
2026-09-18 00:00:00+02:00,20.142,4.072935,7.5599995,86.0,0.0,32400.0,14.236403,15.012479
2026-09-18 01:00:00+02:00,19.692,1.1384199,8.28,94.0,0.1,28180.0,12.84061,14.922391
2026-09-18 02:00:00+02:00,19.442,1.4399999,6.12,80.0,0.0,31960.0,13.246578,14.003396
2026-09-18 03:00:00+02:00,19.491999,2.6208394,7.92,77.0,0.0,31080.0,14.532351,11.858258
2026-09-18 04:00:00+02:00,19.192,3.396233,3.96,71.0,0.0,32540.0,15.713261,12.320337
2026-09-18 05:00:00+02:00,18.642,4.3349743,10.799999,84.0,0.0,31620.0,11.4288025,22.379284
2026-09-18 06:00:00+02:00,17.592,3.8939953,7.2,66.0,0.0,28120.0,8.658227,21.002802
2026-09-18 07:00:00+02:00,16.991999,4.510787,10.08,67.0,0.0,26320.0,5.543783,25.357279
2026-09-18 08:00:00+02:00,18.292,4.0249224,7.5599995,81.0,0.0,30660.0,3.3175182,28.232851
2026-09-18 09:00:00+02:00,18.842,2.0991426,7.5599995,80.0,0.0,25400.0,5.9240503,26.46497
2026-09-18 10:00:00+02:00,19.392,0.8049845,6.12,100.0,0.0,33340.0,7.3053656,21.96224
2026-09-18 11:00:00+02:00,18.392,4.896529,4.68,82.0,0.3,19940.0,1.9333551,23.422297
2026-09-18 12:00:00+02:00,18.442,2.8116899,13.679999,82.0,2.0,23540.0,7.6388597,16.398428
2026-09-18 13:00:00+02:00,17.592,0.5091169,5.3999996,100.0,4.6,3520.0,7.515534,14.003396
2026-09-18 14:00:00+02:00,18.092,0.8049845,5.7599998,63.0,0.1,17560.0,6.940957,11.41124
2026-09-18 15:00:00+02:00,17.942,2.8116899,11.5199995,100.0,0.9,10060.0,4.0758705,9.813965
2026-09-18 16:00:00+02:00,17.991999,0.35999998,7.5599995,100.0,0.2,19480.0,4.556962,10.714764
2026-09-18 17:00:00+02:00,19.642,0.71999997,3.96,17.0,0.0,29020.0,3.0569031,13.948265
2026-09-18 18:00:00+02:00,19.991999,2.5455842,6.12,0.0,0.0,27440.0,4.6472077,14.648801
2026-09-18 19:00:00+02:00,19.542,0.0,5.04,0.0,0.0,28520.0,3.9200466,15.152965
2026-09-18 20:00:00+02:00,18.142,4.0249224,3.2399998,3.0,0.0,21280.0,2.3236039,15.665498
2026-09-18 21:00:00+02:00,17.442,3.8268526,7.2,3.0,0.0,27760.0,2.6571426,14.648801
2026-09-18 22:00:00+02:00,17.192,3.563818,5.7599998,0.0,0.0,35100.0,2.278481,10.857635
2026-09-18 23:00:00+02:00,16.442,4.198285,6.12,4.0,0.0,30580.0,3.67394,8.821657
2026-09-19 00:00:00+02:00,16.342,4.3349743,7.2,0.0,0.0,34160.0,2.8820758,7.5764823
2026-09-19 01:00:00+02:00,16.292,4.8965297,7.5599995,0.0,0.0,35640.0,3.4704785,7.0769506
2026-09-19 02:00:00+02:00,15.942,4.3349743,7.2,5.0,0.0,35180.0,2.8820758,4.8477407
2026-09-19 03:00:00+02:00,15.792001,5.1165614,7.92,8.0,0.0,34480.0,1.643036,7.0769506
2026-09-19 04:00:00+02:00,15.992001,4.5820518,9.0,25.0,0.0,34820.0,3.9200466,5.855574
2026-09-19 05:00:00+02:00,15.642,2.4149535,6.12,44.0,0.0,33580.0,1.643036,3.9743526
2026-09-19 06:00:00+02:00,15.242001,4.8965297,9.72,46.0,0.0,31280.0,2.453999,5.2667265
2026-09-19 07:00:00+02:00,15.592,4.3349743,7.92,32.0,0.0,35920.0,2.6571426,6.598021
2026-09-19 08:00:00+02:00,15.192,3.0758414,6.12,57.0,0.0,32860.0,2.278481,7.777219
2026-09-19 09:00:00+02:00,16.491999,1.8,4.32,52.0,0.0,27420.0,1.0189676,5.855574
2026-09-19 10:00:00+02:00,18.491999,2.2768397,6.8399997,36.0,0.0,34040.0,1.2889035,5.3031745
2026-09-19 11:00:00+02:00,19.892,1.8,5.04,0.0,0.0,39140.0,2.0379353,6.48019
2026-09-19 12:00:00+02:00,21.342,2.5455842,5.7599998,0.0,0.0,40540.0,2.6571426,5.8883786
2026-09-19 13:00:00+02:00,22.241999,3.6179552,6.4799995,0.0,0.0,41000.0,4.1265044,5.1183376
2026-09-19 14:00:00+02:00,23.042,5.0528407,6.4799995,0.0,0.0,41760.0,3.0569031,4.5186887
2026-09-19 15:00:00+02:00,23.542,3.9763298,7.92,0.0,0.0,40940.0,3.3175182,7.238423
2026-09-19 16:00:00+02:00,23.792,4.73506,8.28,0.0,0.0,40960.0,4.488087,10.678748
2026-09-19 17:00:00+02:00,24.241999,4.452954,6.8399997,0.0,0.0,41580.0,3.4704785,9.227214
2026-09-19 18:00:00+02:00,23.892,3.9763298,9.0,0.0,0.0,41160.0,2.6571426,9.695481
2026-09-19 19:00:00+02:00,22.842,1.9386592,6.8399997,0.0,0.0,40540.0,3.5591009,10.274241
2026-09-19 20:00:00+02:00,18.442,5.2416787,7.92,0.0,0.0,29680.0,2.734177,8.442291
2026-09-19 21:00:00+02:00,17.392,5.4833565,8.64,0.0,0.0,27840.0,2.278481,13.166815
2026-09-19 22:00:00+02:00,16.892,6.0347,6.8399997,0.0,0.0,29780.0,3.67394,11.172413
2026-09-19 23:00:00+02:00,17.642,4.39436,7.5599995,0.0,0.0,33180.0,2.7718916,10.569963
2026-09-20 00:00:00+02:00,17.741999,3.8268526,6.8399997,0.0,0.0,34320.0,2.0379353,10.5517235
2026-09-20 01:00:00+02:00,18.042,3.4152596,6.12,0.0,0.0,36680.0,2.453999,10.714764
2026-09-20 02:00:00+02:00,17.342,1.8,3.96,0.0,0.0,35260.0,1.2889035,11.326523
2026-09-20 03:00:00+02:00,17.241999,2.5959969,2.8799999,0.0,0.0,35200.0,2.7718916,11.241167
2026-09-20 04:00:00+02:00,16.892,4.1046314,5.3999996,0.0,0.0,34520.0,3.4704785,13.0492525
2026-09-20 05:00:00+02:00,16.442,5.00128,5.3999996,0.0,0.0,32260.0,3.3175182,11.241167
2026-09-20 06:00:00+02:00,16.542,3.7064266,7.5599995,0.0,0.0,32760.0,4.9291077,13.034482
2026-09-20 07:00:00+02:00,16.692,3.8773184,5.04,0.0,0.0,33720.0,4.511162,15.529648
2026-09-20 08:00:00+02:00,16.642,4.39436,4.68,0.0,0.0,35300.0,5.562481,19.900824
2026-09-20 09:00:00+02:00,18.741999,1.9386592,6.4799995,0.0,0.0,33760.0,5.506198,22.379284
2026-09-20 10:00:00+02:00,20.342,1.0182338,6.12,0.0,0.0,36940.0,3.5591009,23.099329
2026-09-20 11:00:00+02:00,21.741999,2.1897945,4.32,0.0,0.0,39360.0,2.8820758,22.653046
2026-09-20 12:00:00+02:00,23.292,2.0991426,6.12,0.0,0.0,40460.0,0.9113924,23.95894
2026-09-20 13:00:00+02:00,23.842,6.130579,7.2,0.0,0.0,40860.0,0.64445174,23.975016
2026-09-20 14:00:00+02:00,24.692,4.3349743,7.2,0.0,0.0,41200.0,2.3236039,29.179018
2026-09-20 15:00:00+02:00,25.042,5.771239,7.5599995,0.0,0.0,40960.0,2.453999,30.659805
2026-09-20 16:00:00+02:00,25.092,6.2145634,7.92,0.0,0.0,41020.0,2.577807,29.799566
2026-09-20 17:00:00+02:00,25.241999,3.319036,9.0,0.0,0.0,40920.0,4.757608,32.114315
2026-09-20 18:00:00+02:00,24.542,2.5455842,7.2,0.0,0.0,40540.0,4.556962,32.667385
2026-09-20 19:00:00+02:00,23.592,1.2979984,3.96,0.0,0.0,40280.0,5.487309,34.02489
2026-09-20 20:00:00+02:00,20.192,4.6102495,3.96,0.0,0.0,25240.0,12.889034,37.12741
2026-09-20 21:00:00+02:00,19.792,6.130579,8.28,0.0,0.0,39040.0,19.742744,40.616062
2026-09-20 22:00:00+02:00,19.042,4.3498964,7.5599995,0.0,0.0,39780.0,13.941624,40.72027
2026-09-20 23:00:00+02:00,18.092,6.193674,8.64,0.0,0.0,38780.0,11.987494,41.72955
2026-09-21 00:00:00+02:00,17.642,5.6233797,10.440001,0.0,0.0,39100.0,11.096928,39.980316
2026-09-21 01:00:00+02:00,17.092,6.3690495,11.159999,0.0,0.0,39900.0,9.394418,41.11571
2026-09-21 02:00:00+02:00,17.292,7.289445,13.679999,0.0,0.0,40240.0,11.537306,36.00535
2026-09-21 03:00:00+02:00,18.292,7.7043357,15.119999,0.0,0.0,41100.0,14.309151,32.400948
2026-09-21 04:00:00+02:00,17.741999,8.209263,14.759999,0.0,0.0,41120.0,15.099987,36.192112
2026-09-21 05:00:00+02:00,17.892,8.587338,14.4,0.0,0.0,41120.0,16.63135,33.106678
2026-09-21 06:00:00+02:00,17.942,9.085988,17.64,0.0,0.0,41200.0,18.953892,28.362186
2026-09-21 07:00:00+02:00,17.542,8.587338,17.28,0.0,0.0,41180.0,17.69604,29.073198
2026-09-21 08:00:00+02:00,16.991999,9.339208,16.919998,0.0,0.0,39760.0,18.347078,31.806936
2026-09-21 09:00:00+02:00,18.542,9.0,16.919998,0.0,0.0,38800.0,16.909952,31.022066
2026-09-21 10:00:00+02:00,21.142,6.4096174,15.84,0.0,0.0,38540.0,15.73307,31.63082
2026-09-21 11:00:00+02:00,23.542,6.4096174,12.599999,0.0,0.0,41200.0,17.530981,29.857687
2026-09-21 12:00:00+02:00,25.392,6.3690495,14.759999,0.0,0.0,42540.0,18.683542,31.806936
2026-09-21 13:00:00+02:00,26.542,6.489992,12.959999,0.0,0.0,43840.0,11.273301,33.72921
2026-09-21 14:00:00+02:00,27.942,4.6800003,14.04,0.0,0.0,49380.0,17.725351,30.439116
2026-09-21 15:00:00+02:00,28.142,5.937272,11.879999,0.0,0.0,49400.0,20.055809,29.960732
2026-09-21 16:00:00+02:00,28.542,2.9024127,9.72,0.0,0.0,51160.0,13.739071,31.63082
2026-09-21 17:00:00+02:00,27.241999,6.489992,8.64,0.0,0.0,47280.0,18.279041,32.620174
2026-09-21 18:00:00+02:00,24.892,6.725354,13.32,0.0,0.0,45820.0,16.91609,38.387535
2026-09-21 19:00:00+02:00,21.491999,6.489992,12.959999,0.0,0.0,44600.0,14.126582,39.083733
2026-09-21 20:00:00+02:00,20.892,9.107359,11.879999,0.0,0.0,45100.0,18.369701,39.417454
2026-09-21 21:00:00+02:00,19.692,8.373386,16.56,0.0,0.0,43640.0,16.027294,41.701843
2026-09-21 22:00:00+02:00,17.892,6.8777895,14.4,0.0,0.0,42060.0,12.603934,40.965515
2026-09-21 23:00:00+02:00,19.592,9.021574,12.24,0.0,0.0,44320.0,17.725351,36.62595
2026-09-22 00:00:00+02:00,18.991999,9.339208,17.28,0.0,0.0,44540.0,18.555286,34.76416
2026-09-22 01:00:00+02:00,17.092,7.491114,17.28,0.0,0.0,42520.0,14.301892,32.27586
2026-09-22 02:00:00+02:00,17.042,7.9036193,13.679999,0.0,0.0,43180.0,15.284515,27.422962
2026-09-22 03:00:00+02:00,16.442,7.4128532,13.679999,0.0,0.0,43040.0,14.989566,26.797695
2026-09-22 04:00:00+02:00,15.642,6.9247384,12.959999,0.0,0.0,42160.0,10.955679,31.040686
2026-09-22 05:00:00+02:00,14.242001,6.12,11.879999,0.0,0.0,41360.0,11.618018,34.34046
2026-09-22 06:00:00+02:00,13.892,5.1919937,10.08,0.0,0.0,41340.0,7.0743074,38.271946
2026-09-22 07:00:00+02:00,12.192,4.5536795,10.440001,0.0,0.0,39880.0,5.9240503,41.19528
2026-09-22 08:00:00+02:00,12.692,4.379589,7.2,0.0,0.0,38840.0,5.941551,44.108284
2026-09-22 09:00:00+02:00,16.342,2.0991426,6.12,0.0,0.0,38280.0,5.195736,42.84557
2026-09-22 10:00:00+02:00,18.692,3.219938,7.2,0.0,0.0,35860.0,5.487309,42.93988
2026-09-22 11:00:00+02:00,20.442,6.519877,11.159999,0.0,0.0,40860.0,5.195736,44.96467
2026-09-22 12:00:00+02:00,21.292,5.0911684,9.72,0.0,0.0,40860.0,1.8788835,45.968758
2026-09-22 13:00:00+02:00,22.042,5.154415,7.2,0.0,0.0,38860.0,3.1898732,44.073334
2026-09-22 14:00:00+02:00,23.092,7.072878,8.64,0.0,0.0,39960.0,4.323114,44.086445
2026-09-22 15:00:00+02:00,23.392,6.5693827,8.28,0.0,0.0,41400.0,3.0569031,42.211456
2026-09-22 16:00:00+02:00,23.491999,5.506941,7.92,0.0,0.0,41300.0,3.757767,40.363914
2026-09-22 17:00:00+02:00,24.092,3.0758414,10.799999,0.0,0.0,41060.0,2.9178793,36.62595
2026-09-22 18:00:00+02:00,23.741999,2.5455842,7.5599995,0.0,0.0,40600.0,6.330734,33.51724
2026-09-22 19:00:00+02:00,21.692,2.52,4.68,0.0,0.0,39640.0,10.401459,34.160492
2026-09-22 20:00:00+02:00,18.092,6.849467,9.72,0.0,0.0,38820.0,12.84061,31.133633
2026-09-22 21:00:00+02:00,16.092,6.2145634,12.599999,0.0,0.0,29460.0,11.501252,28.659466
2026-09-22 22:00:00+02:00,15.142,5.1544156,11.5199995,0.0,0.0,27160.0,8.753638,25.5691
2026-09-22 23:00:00+02:00,15.642,4.2136917,10.440001,0.0,0.0,32500.0,8.062088,21.24899
2026-09-23 00:00:00+02:00,15.642,3.2599385,5.3999996,14.0,0.0,38440.0,1.2889035,18.713562
2026-09-23 01:00:00+02:00,15.192,4.73506,6.8399997,56.0,0.0,35940.0,6.728273,22.422277
2026-09-23 02:00:00+02:00,15.892,4.2136917,8.64,93.0,0.0,31780.0,12.832521,16.861752
2026-09-23 03:00:00+02:00,17.092,2.5959969,5.7599998,83.0,0.0,36560.0,12.84061,14.003396
2026-09-23 04:00:00+02:00,16.292,4.896529,8.64,81.0,0.0,37380.0,7.7468348,16.492132
2026-09-23 05:00:00+02:00,15.492001,4.1046314,8.28,69.0,0.0,36360.0,6.7744107,19.871763
2026-09-23 06:00:00+02:00,14.392,4.452954,9.0,86.0,0.0,32560.0,8.21518,22.76332
2026-09-23 07:00:00+02:00,13.992001,5.506941,9.72,84.0,0.0,33580.0,12.396276,27.147633
2026-09-23 08:00:00+02:00,14.142,4.452954,9.72,66.0,0.0,33880.0,7.78694,28.719894
2026-09-23 09:00:00+02:00,15.842,1.484318,7.2,15.0,0.0,17020.0,5.195736,27.48611
2026-09-23 10:00:00+02:00,18.642,0.8049845,4.68,12.0,0.0,38660.0,4.323114,26.186924
2026-09-23 11:00:00+02:00,20.092,1.2979984,4.32,0.0,0.0,41460.0,3.8667102,28.102919
2026-09-23 12:00:00+02:00,20.842,1.5273507,5.7599998,0.0,0.0,41240.0,3.3175182,28.266945
2026-09-23 13:00:00+02:00,21.592,5.904439,12.959999,0.0,0.0,41900.0,7.1182017,30.56542
2026-09-23 14:00:00+02:00,22.342,2.9024127,13.679999,0.0,0.0,42160.0,4.2990294,33.12413
2026-09-23 15:00:00+02:00,22.692,5.692099,12.599999,0.0,0.0,42660.0,5.709857,34.62536
2026-09-23 16:00:00+02:00,22.741999,6.1305785,14.04,0.0,0.0,42820.0,7.205189,36.58385
2026-09-23 17:00:00+02:00,23.042,3.6,13.32,0.0,0.0,42640.0,4.57969,33.568924
2026-09-23 18:00:00+02:00,22.592,1.5273507,7.92,0.0,0.0,42100.0,5.195736,31.238638
2026-09-23 19:00:00+02:00,20.892,3.8268526,5.3999996,0.0,0.0,40920.0,3.5591009,32.40095
2026-09-23 20:00:00+02:00,16.842,5.506941,9.72,0.0,0.0,37760.0,7.866535,31.465965
2026-09-23 21:00:00+02:00,14.842,5.3517847,9.36,0.0,0.0,31840.0,11.4288025,33.568924
2026-09-23 22:00:00+02:00,14.242001,4.73506,9.72,0.0,0.0,32280.0,6.835443,34.154854
2026-09-23 23:00:00+02:00,13.942,4.379589,9.0,0.0,0.0,33180.0,4.556962,36.32493
2026-09-24 00:00:00+02:00,14.092,6.519877,9.72,0.0,0.0,34940.0,5.195736,32.40095
2026-09-24 01:00:00+02:00,14.042001,4.5536795,10.08,0.0,0.0,34840.0,5.941551,34.474827
2026-09-24 02:00:00+02:00,14.292001,3.096837,7.92,0.0,0.0,36840.0,3.757767,31.465965
2026-09-24 03:00:00+02:00,14.942,7.072878,7.92,0.0,0.0,39600.0,4.757608,29.27787
2026-09-24 04:00:00+02:00,13.642,5.3517847,11.5199995,0.0,0.0,34740.0,6.3797464,34.9851
2026-09-24 05:00:00+02:00,13.542001,5.0911684,9.36,0.0,0.0,38340.0,5.094838,41.493458
2026-09-24 06:00:00+02:00,14.142,5.154415,8.64,0.0,0.0,40660.0,4.844117,41.637127
2026-09-24 07:00:00+02:00,15.092,4.0249224,6.8399997,0.0,0.0,41380.0,4.907998,42.805088
2026-09-24 08:00:00+02:00,14.792001,5.8048253,7.2,0.0,0.0,41320.0,4.556962,46.95138
2026-09-24 09:00:00+02:00,17.241999,1.08,5.04,0.0,0.0,39320.0,8.062088,45.348587
2026-09-24 10:00:00+02:00,18.292,0.71999997,7.2,0.0,0.0,40360.0,6.728273,47.372078
2026-09-24 11:00:00+02:00,19.042,2.2768397,8.64,0.0,0.0,38880.0,5.195736,48.667767
2026-09-24 12:00:00+02:00,20.792,2.5455842,7.2,0.0,0.0,39520.0,7.5842957,51.908356
2026-09-24 13:00:00+02:00,21.241999,3.8773184,9.0,0.0,0.0,39940.0,10.802979,54.028526
2026-09-24 14:00:00+02:00,22.692,5.815978,10.440001,0.0,0.0,41360.0,11.419714,48.286304
2026-09-24 15:00:00+02:00,23.042,6.519877,14.759999,0.0,0.0,41720.0,11.760141,51.032616
2026-09-24 16:00:00+02:00,23.042,3.9763298,16.199999,0.0,0.0,41540.0,20.071335,60.87823
2026-09-24 17:00:00+02:00,24.842,2.2768397,8.64,0.0,0.0,42600.0,19.769024,67.48412
2026-09-24 18:00:00+02:00,24.092,2.6208394,6.12,0.0,0.0,41640.0,21.242481,69.69988
2026-09-24 19:00:00+02:00,21.592,4.73506,6.8399997,0.0,0.0,40300.0,22.624752,73.49342
2026-09-24 20:00:00+02:00,18.042,7.342588,12.959999,0.0,0.0,43120.0,25.729689,69.89858
2026-09-24 21:00:00+02:00,18.192,6.9527545,13.32,0.0,0.0,45340.0,22.217234,70.36825
2026-09-24 22:00:00+02:00,15.842,6.792466,12.599999,0.0,0.0,42360.0,18.838505,68.00731
2026-09-24 23:00:00+02:00,17.092,6.297428,11.879999,0.0,0.0,43520.0,13.246579,66.146416
2026-09-25 00:00:00+02:00,15.742001,4.3498964,9.36,0.0,0.0,43140.0,9.227144,57.910706
2026-09-25 01:00:00+02:00,14.892,4.8433046,7.5599995,0.0,0.0,42880.0,5.9240503,52.61603
2026-09-25 02:00:00+02:00,14.742001,4.0249224,7.2,0.0,0.0,43000.0,1.0189676,55.63055
2026-09-25 03:00:00+02:00,16.792,3.6179552,3.96,0.0,0.0,47820.0,1.2889035,47.873642
2026-09-25 04:00:00+02:00,13.292001,7.072878,13.32,0.0,0.0,39580.0,3.286072,42.615665
2026-09-25 05:00:00+02:00,13.442,4.6800003,10.799999,0.0,0.0,25420.0,2.453999,42.660843
2026-09-25 06:00:00+02:00,12.942,4.6800003,7.5599995,0.0,0.0,24260.0,5.941551,36.53116
2026-09-25 07:00:00+02:00,12.342,5.6920996,7.92,0.0,0.0,29500.0,3.3175182,35.384754
2026-09-25 08:00:00+02:00,13.992001,3.0547013,6.4799995,31.0,0.0,27380.0,1.2889035,35.42284
2026-09-25 09:00:00+02:00,15.442,1.0182338,3.6,39.0,0.0,26060.0,5.7641516,37.78568
2026-09-25 10:00:00+02:00,17.942,3.396233,7.5599995,55.0,0.0,30500.0,5.8357587,38.712326
2026-09-25 11:00:00+02:00,19.192,4.510787,9.0,51.0,0.0,30460.0,1.9333551,41.433067
2026-09-25 12:00:00+02:00,20.092,5.00128,11.159999,59.0,0.0,33900.0,2.0379353,42.142952
2026-09-25 13:00:00+02:00,20.792,6.638072,10.440001,55.0,0.0,36320.0,6.9559,43.11448
2026-09-25 14:00:00+02:00,21.542,5.692099,10.799999,26.0,0.0,38240.0,3.89347,40.421146
2026-09-25 15:00:00+02:00,22.292,3.8939953,11.879999,3.0,0.0,39460.0,3.757767,38.56276
2026-09-25 16:00:00+02:00,22.192,5.3999996,11.5199995,17.0,0.0,40400.0,6.835443,39.84518
2026-09-25 17:00:00+02:00,22.642,1.484318,10.799999,25.0,0.0,40720.0,5.012658,39.34408
2026-09-25 18:00:00+02:00,21.991999,1.9386592,3.96,38.0,0.0,40020.0,5.506198,34.188675
2026-09-25 19:00:00+02:00,19.842,4.8965297,8.28,34.0,0.0,38060.0,6.3960004,34.14357
2026-09-25 20:00:00+02:00,17.592,5.6920996,9.36,33.0,0.0,34560.0,6.1138062,29.799566
2026-09-25 21:00:00+02:00,16.491999,4.6800003,9.36,36.0,0.0,32240.0,5.468354,27.317396
2026-09-25 22:00:00+02:00,15.192,4.6800003,7.92,18.0,0.0,27800.0,1.2889035,27.958607
2026-09-25 23:00:00+02:00,16.242,4.2136917,7.5599995,70.0,0.0,31480.0,2.278481,26.689655
2026-09-26 00:00:00+02:00,16.342,2.7416782,6.12,95.0,0.0,32580.0,1.9333551,28.551722
2026-09-26 01:00:00+02:00,16.692,3.2599385,4.32,86.0,0.0,35880.0,3.286072,27.931032
2026-09-26 02:00:00+02:00,16.392,2.968636,6.4799995,90.0,0.0,30820.0,3.757767,24.835342
2026-09-26 03:00:00+02:00,16.692,3.7585104,6.12,100.0,0.0,32980.0,4.907998,24.214851
2026-09-26 04:00:00+02:00,16.942,3.0758414,6.12,100.0,0.0,32480.0,7.800262,24.835342
2026-09-26 05:00:00+02:00,17.342,2.5455842,3.96,97.0,0.0,34340.0,4.9291077,23.040882
2026-09-26 06:00:00+02:00,16.592,3.396233,4.68,72.0,0.0,29260.0,3.2222586,22.482334
2026-09-26 07:00:00+02:00,16.192,2.1897945,4.32,77.0,0.0,29620.0,3.0569031,22.422277
2026-09-26 08:00:00+02:00,16.292,0.5091169,3.6,77.0,0.0,26140.0,4.6472077,20.632679
2026-09-26 09:00:00+02:00,17.592,1.609969,3.6,67.0,0.0,27320.0,3.2222586,18.98945
2026-09-26 10:00:00+02:00,18.241999,4.3349743,6.12,97.0,0.0,23720.0,1.8788835,16.77011
2026-09-26 11:00:00+02:00,19.542,2.8799999,6.8399997,61.0,0.0,33140.0,1.8788835,16.433628
2026-09-26 12:00:00+02:00,20.192,4.379589,6.8399997,41.0,0.0,34840.0,0.64445174,11.326523
2026-09-26 13:00:00+02:00,20.991999,3.6179552,6.8399997,31.0,0.0,37520.0,1.8788835,10.027549
2026-09-26 14:00:00+02:00,22.392,1.8,7.2,0.0,0.0,40360.0,3.0569031,7.948705
2026-09-26 15:00:00+02:00,22.542,5.991594,13.32,58.0,0.0,40440.0,5.562481,8.622896
2026-09-26 16:00:00+02:00,22.542,4.829907,13.679999,54.0,0.0,40560.0,4.0758705,9.813965
2026-09-26 17:00:00+02:00,22.892,3.9763298,11.159999,0.0,0.0,41460.0,1.643036,11.189641
2026-09-26 18:00:00+02:00,22.491999,2.5455842,7.92,0.0,0.0,41500.0,1.0189676,11.41124
2026-09-26 19:00:00+02:00,20.741999,3.6179552,4.68,0.0,0.0,40560.0,1.643036,10.274241
2026-09-26 20:00:00+02:00,17.292,5.95906,11.5199995,0.0,0.0,37400.0,1.0189676,8.711794
2026-09-26 21:00:00+02:00,15.742001,4.829907,10.08,0.0,0.0,34820.0,0.64445174,9.813965
2026-09-26 22:00:00+02:00,16.292,3.096837,5.04,0.0,0.0,38140.0,1.643036,10.330335
2026-09-26 23:00:00+02:00,15.642,4.8433046,7.2,0.0,0.0,34360.0,1.643036,11.711148
2026-09-27 00:00:00+02:00,15.742001,4.6938257,7.5599995,0.0,0.0,37220.0,0.4556962,12.780782
2026-09-27 01:00:00+02:00,16.042,1.9386592,6.12,0.0,0.0,38380.0,0.4556962,12.413793
2026-09-27 02:00:00+02:00,14.692,1.484318,2.16,0.0,0.0,33540.0,0.64445174,12.241913
2026-09-27 03:00:00+02:00,14.992001,2.0991426,2.52,0.0,0.0,35760.0,0.9113924,12.4911375
2026-09-27 04:00:00+02:00,14.492001,2.2768397,2.8799999,0.0,0.0,34080.0,0.64445174,12.568007
2026-09-27 05:00:00+02:00,13.642,2.968636,2.8799999,0.0,0.0,30600.0,1.0189676,11.326523
2026-09-27 06:00:00+02:00,13.242001,5.8603754,6.4799995,0.0,0.0,32100.0,1.3670886,10.008319
2026-09-27 07:00:00+02:00,13.192,2.4149535,6.4799995,0.0,0.0,32340.0,1.4410379,7.499821
2026-09-27 08:00:00+02:00,13.742001,3.7585104,2.8799999,0.0,0.0,31280.0,3.1898732,8.821657
2026-09-27 09:00:00+02:00,15.392,1.8,5.04,0.0,0.0,27620.0,1.4410379,9.454063
2026-09-27 10:00:00+02:00,17.692,0.8049845,3.6,0.0,0.0,31900.0,1.8788835,7.0769506
2026-09-27 11:00:00+02:00,19.592,2.3051248,2.52,0.0,0.0,38040.0,1.0189676,6.390391
2026-09-27 12:00:00+02:00,20.892,4.2136917,5.04,0.0,0.0,39700.0,1.8788835,5.339374
2026-09-27 13:00:00+02:00,21.642,5.0911684,6.4799995,37.0,0.0,40380.0,2.577807,5.00416
2026-09-27 14:00:00+02:00,22.842,5.5887027,6.8399997,47.0,0.0,40720.0,2.6571426,5.00416
2026-09-27 15:00:00+02:00,23.292,5.3517847,9.0,29.0,0.0,40660.0,2.577807,7.238423
2026-09-27 16:00:00+02:00,23.692,4.802999,8.64,0.0,0.0,42220.0,2.0379353,8.951714
2026-09-27 17:00:00+02:00,23.792,4.6800003,6.12,0.0,0.0,41620.0,2.0379353,8.442291
2026-09-27 18:00:00+02:00,23.292,3.671294,9.36,4.0,0.0,41520.0,1.0189676,7.0769506
2026-09-27 19:00:00+02:00,21.592,2.6208394,6.4799995,36.0,0.0,40820.0,2.278481,5.8883786
2026-09-27 20:00:00+02:00,18.142,5.8048253,10.799999,0.0,0.0,33780.0,1.643036,4.5186887
2026-09-27 21:00:00+02:00,16.342,5.634891,10.440001,0.0,0.0,29960.0,1.8788835,2.5591688
2026-09-27 22:00:00+02:00,15.892,5.4833565,10.08,0.0,0.0,30920.0,1.4410379,1.387904
2026-09-27 23:00:00+02:00,16.342,4.6938257,7.2,0.0,0.0,30400.0,1.9333551,2.2379284
2026-09-28 00:00:00+02:00,16.491999,1.1384199,4.68,0.0,0.0,35440.0,2.278481,2.5591688
2026-09-28 01:00:00+02:00,16.692,4.2136917,4.68,0.0,0.0,38200.0,1.8227848,4.7270317
2026-09-28 02:00:00+02:00,16.792,5.8603754,6.8399997,0.0,0.0,38780.0,2.453999,7.022301
2026-09-28 03:00:00+02:00,15.442,1.484318,6.4799995,0.0,0.0,35840.0,2.0379353,10.839878
2026-09-28 04:00:00+02:00,15.742001,5.3999996,5.3999996,0.0,0.0,37520.0,2.278481,10.998648
2026-09-28 05:00:00+02:00,14.642,1.5273507,5.3999996,0.0,0.0,31540.0,4.201311,9.950412
2026-09-28 06:00:00+02:00,14.992001,5.315336,6.12,0.0,0.0,36140.0,4.2990294,9.931033
2026-09-28 07:00:00+02:00,14.492001,1.484318,6.12,0.0,0.0,33420.0,4.907998,8.777877
2026-09-28 08:00:00+02:00,14.492001,4.0249224,1.8,0.0,0.0,31380.0,5.506198,9.392738
2026-09-28 09:00:00+02:00,16.342,1.08,5.04,0.0,0.0,28920.0,4.201311,12.413793
2026-09-28 10:00:00+02:00,18.642,1.9386592,5.04,0.0,0.0,33500.0,3.2222586,13.655171
2026-09-28 11:00:00+02:00,20.942,2.0991426,5.04,0.0,0.0,38860.0,3.4704785,17.390388
2026-09-28 12:00:00+02:00,21.741999,3.7585104,5.04,0.0,0.0,39940.0,1.8227848,18.62069
2026-09-28 13:00:00+02:00,22.792,3.6179552,5.04,0.0,0.0,40820.0,2.278481,20.016638
2026-09-28 14:00:00+02:00,23.491999,5.0528407,7.2,0.0,0.0,41240.0,2.3236039,18.713562
2026-09-28 15:00:00+02:00,23.842,4.73506,7.2,0.0,0.0,40180.0,3.757767,17.390388
2026-09-28 16:00:00+02:00,24.142,6.379216,8.64,0.0,0.0,41140.0,4.57969,15.529648
2026-09-28 17:00:00+02:00,24.192,4.2136917,9.0,0.0,0.0,41800.0,3.4704785,17.37931
2026-09-28 18:00:00+02:00,23.592,2.5455842,9.36,0.0,0.0,41060.0,3.67394,16.77011
2026-09-28 19:00:00+02:00,21.142,6.2145634,9.72,49.0,0.0,38560.0,2.7718916,15.566816
2026-09-28 20:00:00+02:00,18.942,6.830519,12.959999,7.0,0.0,37920.0,0.4556962,18.042755
2026-09-28 21:00:00+02:00,17.392,6.12,13.679999,0.0,0.0,36060.0,1.2889035,17.390388
2026-09-28 22:00:00+02:00,16.942,5.154415,7.92,0.0,0.0,35640.0,1.4410379,15.012479
2026-09-28 23:00:00+02:00,17.092,5.3999996,5.04,0.0,0.0,36220.0,1.643036,15.012479
2026-09-29 00:00:00+02:00,17.142,5.1544156,6.8399997,3.0,0.0,36760.0,1.0189676,14.153901
2026-09-29 01:00:00+02:00,17.192,4.3498964,5.7599998,4.0,0.0,35280.0,1.643036,13.326771
2026-09-29 02:00:00+02:00,17.592,3.096837,4.68,83.0,0.0,35920.0,2.734177,12.4911375
2026-09-29 03:00:00+02:00,17.592,5.00128,5.3999996,100.0,0.0,35340.0,1.4410379,11.661699
2026-09-29 04:00:00+02:00,17.592,2.9024127,5.3999996,90.0,0.0,34660.0,0.4556962,13.948265
2026-09-29 05:00:00+02:00,18.442,2.0364676,4.68,84.0,0.0,36240.0,1.0189676,14.181093
2026-09-29 06:00:00+02:00,18.042,1.835647,3.6,70.0,0.0,34800.0,2.7718916,11.711148
2026-09-29 07:00:00+02:00,17.642,1.1384199,2.16,100.0,0.0,32380.0,1.8227848,12.241913
2026-09-29 08:00:00+02:00,17.892,2.9024127,3.6,100.0,0.0,29220.0,3.2222586,11.9230585
2026-09-29 09:00:00+02:00,18.642,1.08,3.96,100.0,0.0,33020.0,2.0379353,11.9230585
2026-09-29 10:00:00+02:00,19.642,0.5091169,1.8,100.0,0.0,31480.0,0.64445174,12.915714
2026-09-29 11:00:00+02:00,20.942,4.1046314,3.96,11.0,0.0,34420.0,4.0758705,11.103232
2026-09-29 12:00:00+02:00,22.042,4.3349743,5.7599998,30.0,0.0,37400.0,3.8667102,13.948265
2026-09-29 13:00:00+02:00,22.991999,4.2136917,5.3999996,46.0,0.0,38500.0,3.5591009,16.185604
2026-09-29 14:00:00+02:00,23.092,3.7585104,6.4799995,86.0,0.0,39640.0,5.506198,19.120867
2026-09-29 15:00:00+02:00,23.592,4.510787,9.36,59.0,0.0,39860.0,5.333787,18.51695
2026-09-29 16:00:00+02:00,23.942,5.4833565,8.64,47.0,0.0,41480.0,4.2990294,20.141356
2026-09-29 17:00:00+02:00,23.542,4.8433046,9.36,41.0,0.0,41340.0,5.195736,19.716057
2026-09-29 18:00:00+02:00,23.142,1.8,9.36,43.0,0.0,41000.0,2.7718916,18.908127
2026-09-29 19:00:00+02:00,21.042,5.5887027,9.0,48.0,0.0,38780.0,2.7718916,18.25503
2026-09-29 20:00:00+02:00,18.692,4.6102495,10.799999,78.0,0.0,35840.0,6.7744107,16.11404
2026-09-29 21:00:00+02:00,18.142,5.154415,9.0,61.0,0.0,37320.0,7.1182017,18.516953
2026-09-29 22:00:00+02:00,16.991999,5.2416787,9.72,3.0,0.0,36500.0,4.844117,19.040104
2026-09-29 23:00:00+02:00,17.392,5.692099,9.36,7.0,0.0,34540.0,3.9200466,21.71527
