date,temperature_2m,wind_speed_10m,wind_gusts_10m,cloud_cover_low,precipitation,visibility,wind_speed_850hPa,wind_speed_700hPa
2025-12-31 23:00:00+01:00,-5.4915004,4.2136917,7.5599995,0.0,0.0,42440.0,2.453999,22.593443
2026-01-01 00:00:00+01:00,-5.6415,4.0249224,6.8399997,0.0,0.0,38300.0,2.3236039,23.846117
2026-01-01 01:00:00+01:00,-6.1415,4.802999,6.4799995,0.0,0.0,33360.0,4.6916795,28.980291
2026-01-01 02:00:00+01:00,-6.4915004,4.198285,8.28,0.0,0.0,25460.0,7.418196,27.57008
2026-01-01 03:00:00+01:00,-6.1915,2.968636,6.12,0.0,0.0,29960.0,11.618018,29.179018
2026-01-01 04:00:00+01:00,-6.8915,2.8799999,3.96,0.0,0.0,28520.0,13.708807,29.702448
2026-01-01 05:00:00+01:00,-7.0415,3.6,5.3999996,0.0,0.0,25080.0,14.709885,31.040686
2026-01-01 06:00:00+01:00,-7.0415,3.96,5.7599998,0.0,0.0,17060.0,16.162766,31.189268
2026-01-01 07:00:00+01:00,-7.3915,4.379589,7.92,0.0,0.0,14560.0,14.482251,35.384754
2026-01-01 08:00:00+01:00,-7.2415004,4.3498964,7.5599995,0.0,0.0,16080.0,17.975468,37.49397
2026-01-01 09:00:00+01:00,-6.9915004,4.379589,7.92,0.0,0.0,17980.0,22.123568,44.30872
2026-01-01 10:00:00+01:00,-4.6915,4.0249224,7.2,0.0,0.0,16500.0,28.820757,45.82186
2026-01-01 11:00:00+01:00,-2.6415,5.3517847,10.08,0.0,0.0,39320.0,41.45583,50.919254
2026-01-01 12:00:00+01:00,-1.0914999,4.3349743,10.440001,0.0,0.0,58960.0,62.050026,61.473347
2026-01-01 13:00:00+01:00,0.4585,7.968939,14.4,0.0,0.0,64260.0,69.02707,69.85171
2026-01-01 14:00:00+01:00,0.95849997,6.4096174,14.4,10.0,0.0,61260.0,70.69168,77.24781
2026-01-01 15:00:00+01:00,1.2585001,9.686609,16.919998,0.0,0.0,56660.0,76.37909,78.63919
2026-01-01 16:00:00+01:00,1.1585001,7.42159,16.919998,0.0,0.0,54120.0,70.422386,81.77336
2026-01-01 17:00:00+01:00,0.008499999,8.350138,14.04,0.0,0.0,55140.0,74.300835,77.64825
2026-01-01 18:00:00+01:00,-0.4415,6.87779,14.4,0.0,0.0,54100.0,81.06014,74.64809
2026-01-01 19:00:00+01:00,-0.7415,2.8116899,10.799999,0.0,0.0,50260.0,78.257774,79.99194
2026-01-01 20:00:00+01:00,-2.4915,3.4152596,6.8399997,0.0,0.0,28520.0,77.304665,79.796646
2026-01-01 21:00:00+01:00,-3.2415,5.3999996,10.08,3.0,0.0,53200.0,74.18197,83.50525
2026-01-01 22:00:00+01:00,-3.1415,4.0249224,11.159999,0.0,0.0,41420.0,60.008457,86.883255
2026-01-01 23:00:00+01:00,-3.2415,2.6208394,6.8399997,0.0,0.0,40520.0,57.735104,88.3671
2026-01-02 00:00:00+01:00,-3.1915,5.3517847,9.36,0.0,0.0,33520.0,62.828262,90.824524
2026-01-02 01:00:00+01:00,-2.5915,5.315336,9.36,0.0,0.0,35380.0,58.913605,89.92934
2026-01-02 02:00:00+01:00,-2.2914999,4.802999,10.440001,0.0,0.0,26020.0,65.060905,87.77877
2026-01-02 03:00:00+01:00,-1.9415,2.8799999,9.72,0.0,0.0,27860.0,63.123375,87.55245
2026-01-02 04:00:00+01:00,-1.7414999,6.489992,9.72,49.0,0.0,32360.0,61.848907,86.57897
2026-01-02 05:00:00+01:00,-1.5914999,6.725354,11.5199995,0.0,0.0,29100.0,65.0226,89.387924
2026-01-02 06:00:00+01:00,-1.3414999,6.519877,11.879999,0.0,0.0,33880.0,67.33519,88.39545
2026-01-02 07:00:00+01:00,-0.9415,6.519877,11.5199995,0.0,0.0,44200.0,67.70271,87.18425
2026-01-02 08:00:00+01:00,-1.1415,5.634891,11.159999,0.0,0.0,46360.0,60.489273,80.94944
2026-01-02 09:00:00+01:00,-0.6415,7.9932966,13.679999,89.0,0.0,54880.0,61.897568,65.184235
2026-01-02 10:00:00+01:00,0.4085,7.754637,19.44,91.0,0.0,67060.0,54.601833,60.592793
2026-01-02 11:00:00+01:00,1.1085,12.10157,21.96,92.0,0.0,71500.0,58.13655,61.845108
2026-01-02 12:00:00+01:00,1.7585001,13.896187,25.199999,83.0,0.0,71500.0,56.583447,65.22263
2026-01-02 13:00:00+01:00,2.1085,13.397612,27.0,74.0,0.0,69940.0,51.24303,61.835762
2026-01-02 14:00:00+01:00,1.8085,12.6462,25.199999,77.0,0.0,65380.0,43.408497,66.76381
2026-01-02 15:00:00+01:00,1.0585,7.8625183,25.199999,44.0,0.0,54300.0,44.33622,71.94915
2026-01-02 16:00:00+01:00,1.5085001,6.439876,15.4800005,59.0,0.0,58880.0,48.194042,73.2519
2026-01-02 17:00:00+01:00,0.5085,2.5455842,11.5199995,73.0,0.0,37460.0,51.404873,67.66655
2026-01-02 18:00:00+01:00,0.8585,9.220499,14.4,74.0,0.0,50100.0,64.35489,66.6483
2026-01-02 19:00:00+01:00,1.8585,14.693999,22.319998,81.0,0.0,65060.0,62.157032,64.626274
2026-01-02 20:00:00+01:00,1.5085001,12.397806,25.919998,92.0,0.0,59600.0,60.153618,64.74242
2026-01-02 21:00:00+01:00,1.3085,15.827721,28.08,100.0,0.0,53700.0,60.03614,68.37735
2026-01-02 22:00:00+01:00,0.5085,17.373497,31.68,100.0,0.8,5240.0,55.641605,65.17241
2026-01-02 23:00:00+01:00,-0.4415,13.849476,28.44,100.0,1.4,4720.0,50.267235,55.875854
2026-01-03 00:00:00+01:00,-0.54150003,16.965895,30.599998,89.0,0.1,8920.0,39.7528,49.670685
2026-01-03 01:00:00+01:00,-0.79150003,13.0447235,30.239998,87.0,0.0,11040.0,34.3076,55.02125
2026-01-03 02:00:00+01:00,-1.1415,5.4477882,21.599998,90.0,0.0,9840.0,33.868988,47.50202
2026-01-03 03:00:00+01:00,-1.3915,5.506941,9.72,91.0,0.0,11580.0,32.161304,54.634792
2026-01-03 04:00:00+01:00,-1.5914999,5.4477882,12.599999,97.0,0.0,7980.0,30.694447,56.63261
2026-01-03 05:00:00+01:00,-1.9415,5.8048253,10.440001,90.0,0.0,9200.0,30.839556,69.88205
2026-01-03 06:00:00+01:00,-2.5414999,5.4833565,11.159999,83.0,0.0,16240.0,34.325752,68.809814
2026-01-03 07:00:00+01:00,-2.4915,5.3999996,15.4800005,100.0,0.0,28760.0,31.928017,66.74938
2026-01-03 08:00:00+01:00,-3.1415,6.489992,11.879999,71.0,0.0,28600.0,28.867552,64.438225
2026-01-03 09:00:00+01:00,-3.5414999,7.8954163,14.759999,87.0,0.0,17280.0,29.511385,65.76088
2026-01-03 10:00:00+01:00,-3.1915,3.319036,13.32,81.0,0.0,14240.0,26.241138,74.4103
2026-01-03 11:00:00+01:00,-2.6415,3.219938,9.36,71.0,0.0,16040.0,29.114672,69.74132
2026-01-03 12:00:00+01:00,-2.0915,5.1544156,10.799999,67.0,0.0,20140.0,33.933308,71.541046
2026-01-03 13:00:00+01:00,-1.9914999,3.96,10.440001,72.0,0.0,12620.0,39.810223,67.67794
2026-01-03 14:00:00+01:00,-1.5914999,5.5887027,11.5199995,46.0,0.0,28380.0,45.132328,69.39521
2026-01-03 15:00:00+01:00,-1.2414999,7.729527,14.4,0.0,0.0,57460.0,48.85097,63.504772
2026-01-03 16:00:00+01:00,-1.5415,5.95906,14.4,0.0,0.0,36280.0,44.33622,57.937313
2026-01-03 17:00:00+01:00,-1.7915,5.0528407,11.159999,0.0,0.0,30160.0,40.865555,57.70077
2026-01-03 18:00:00+01:00,-2.1415,5.771239,10.440001,65.0,0.0,33680.0,40.7638,57.960583
2026-01-03 19:00:00+01:00,-2.3415,5.1544156,11.5199995,100.0,0.0,29180.0,45.571896,58.43719
2026-01-03 20:00:00+01:00,-2.2914999,6.130579,10.799999,100.0,0.0,46440.0,42.536255,57.910706
2026-01-03 21:00:00+01:00,-3.1415,5.5887027,13.679999,100.0,0.4,4080.0,41.94633,59.28804
2026-01-03 22:00:00+01:00,-2.9415,3.6179552,10.799999,69.0,0.2,10660.0,38.806484,56.332504
2026-01-03 23:00:00+01:00,-3.6915,4.6938252,15.119999,85.0,0.1,12260.0,36.484165,53.68517
2026-01-04 00:00:00+01:00,-3.9915001,3.2399998,6.8399997,55.0,0.0,19260.0,32.613335,47.433033
2026-01-04 01:00:00+01:00,-4.3915,2.968636,6.4799995,61.0,0.0,16020.0,29.19658,31.752386
2026-01-04 02:00:00+01:00,-4.5415,2.0991426,6.12,100.0,0.0,20060.0,26.465712,15.824544
2026-01-04 03:00:00+01:00,-4.3915,3.5455887,9.36,85.0,0.0,28760.0,23.90994,15.266946
2026-01-04 04:00:00+01:00,-5.6915,3.8773184,5.7599998,7.0,0.0,27540.0,20.480995,19.430658
2026-01-04 05:00:00+01:00,-6.3915,4.0249224,7.92,0.0,0.0,22400.0,18.964846,19.803793
2026-01-04 06:00:00+01:00,-6.5915003,3.0547013,6.4799995,0.0,0.0,26220.0,20.071335,19.49005
2026-01-04 07:00:00+01:00,-6.8915,2.8116899,4.68,0.0,0.0,29180.0,21.649166,14.648801
2026-01-04 08:00:00+01:00,-6.8915,2.5455842,5.04,0.0,0.0,33140.0,19.71643,10.569963
2026-01-04 09:00:00+01:00,-6.9915004,3.319036,5.04,4.0,0.0,30980.0,16.587591,9.164372
2026-01-04 10:00:00+01:00,-6.0915003,2.3051248,5.3999996,0.0,0.0,32880.0,10.240498,10.008319
2026-01-04 11:00:00+01:00,-4.2915,2.8799999,5.7599998,0.0,0.0,38660.0,4.323114,13.093462
2026-01-04 12:00:00+01:00,-3.4415,1.609969,5.7599998,0.0,0.0,47140.0,3.2222586,16.327795
2026-01-04 13:00:00+01:00,-2.7415,4.198285,5.3999996,0.0,0.0,54020.0,3.89347,19.241377
2026-01-04 14:00:00+01:00,-2.3915,6.1305785,10.440001,0.0,0.0,59660.0,1.643036,21.733002
2026-01-04 15:00:00+01:00,-2.2415,4.3349743,11.159999,0.0,0.0,63700.0,1.8227848,22.482334
2026-01-04 16:00:00+01:00,-2.3415,2.7416782,8.64,0.0,0.0,67860.0,4.2990294,23.03252
2026-01-04 17:00:00+01:00,-2.7914999,1.4399999,5.7599998,0.0,0.0,65940.0,5.195736,24.554531
2026-01-04 18:00:00+01:00,-4.4415,3.396233,5.3999996,0.0,0.0,51620.0,8.062088,24.928242
2026-01-04 19:00:00+01:00,-6.7415004,4.5536795,6.8399997,0.0,0.0,35420.0,11.012396,22.593443
2026-01-04 20:00:00+01:00,-7.1415,4.3498964,7.92,0.0,0.0,33560.0,11.821781,22.180428
2026-01-04 21:00:00+01:00,-7.5415,4.6938257,7.92,0.0,0.0,34040.0,11.618018,25.326874
2026-01-04 22:00:00+01:00,-8.1915,4.5536795,7.92,0.0,0.0,29680.0,12.44643,22.593443
2026-01-04 23:00:00+01:00,-8.2415,4.6800003,7.92,0.0,0.0,34140.0,11.680409,23.364658
2026-01-05 00:00:00+01:00,-8.4915,4.198285,8.28,0.0,0.0,34340.0,12.030725,24.206896
2026-01-05 01:00:00+01:00,-8.6414995,5.2416787,7.2,63.0,0.0,23620.0,14.272824,21.103449
2026-01-05 02:00:00+01:00,-8.591499,4.5536795,8.28,60.0,0.0,19940.0,13.152184,24.42869
2026-01-05 03:00:00+01:00,-8.2415,4.2136917,7.92,61.0,0.0,23220.0,10.667574,25.020798
2026-01-05 04:00:00+01:00,-7.2415004,4.1046314,6.8399997,80.0,0.0,23020.0,6.6350365,21.794956
2026-01-05 05:00:00+01:00,-7.3415003,4.452954,7.5599995,95.0,0.0,22900.0,2.7718916,23.17426
2026-01-05 06:00:00+01:00,-7.4915004,4.5536795,7.5599995,88.0,0.0,25260.0,1.643036,23.03252
2026-01-05 07:00:00+01:00,-5.6415,4.2136917,7.5599995,98.0,0.0,31220.0,2.0379353,21.139927
2026-01-05 08:00:00+01:00,-5.8915,4.1046314,6.8399997,87.0,0.0,36240.0,4.1265044,18.62069
2026-01-05 09:00:00+01:00,-6.3415003,3.0758414,6.8399997,63.0,0.0,33800.0,4.0758705,16.75862
2026-01-05 10:00:00+01:00,-5.3415003,1.8,5.04,63.0,0.0,43460.0,3.5591009,16.13793
2026-01-05 11:00:00+01:00,-4.6415,2.16,5.7599998,62.0,0.0,52480.0,4.0758705,13.6692705
2026-01-05 12:00:00+01:00,-4.1415,1.08,5.04,64.0,0.0,55940.0,2.0379353,15.566816
2026-01-05 13:00:00+01:00,-3.9415,1.2979984,3.96,100.0,0.0,51580.0,5.562481,15.529648
2026-01-05 14:00:00+01:00,-3.7914999,1.8,5.04,100.0,0.0,51480.0,5.562481,15.517241
2026-01-05 15:00:00+01:00,-3.7415,4.6102495,9.36,79.0,0.0,52520.0,7.4739733,16.245003
2026-01-05 16:00:00+01:00,-3.9915001,2.5959969,10.08,62.0,0.0,58480.0,10.677303,14.753624
2026-01-05 17:00:00+01:00,-4.8415003,4.8965297,9.0,42.0,0.0,54620.0,9.113924,15.152965
2026-01-05 18:00:00+01:00,-5.5915003,1.835647,7.5599995,0.0,0.0,51360.0,6.728273,15.41761
2026-01-05 19:00:00+01:00,-7.6915,3.7064266,4.32,0.0,0.0,34400.0,8.377872,13.196042
2026-01-05 20:00:00+01:00,-7.7915,3.5455887,6.4799995,0.0,0.0,35280.0,4.907998,11.939203
2026-01-05 21:00:00+01:00,-7.9415,3.7585104,6.12,0.0,0.0,38040.0,1.4410379,7.0769506
2026-01-05 22:00:00+01:00,-8.9415,5.0528407,8.64,0.0,0.0,36700.0,2.6571426,16.70105
2026-01-05 23:00:00+01:00,-8.7915,4.3349743,8.64,0.0,0.0,42500.0,1.8788835,19.161121
2026-01-06 00:00:00+01:00,-8.841499,3.8773184,7.92,0.0,0.0,33380.0,2.734177,20.809309
2026-01-06 01:00:00+01:00,-9.5415,4.2136917,7.2,0.0,0.0,24360.0,5.195736,25.020798
2026-01-06 02:00:00+01:00,-9.6414995,4.510787,7.92,0.0,0.0,20600.0,3.89347,21.103449
2026-01-06 03:00:00+01:00,-9.4915,5.0911684,7.5599995,0.0,0.0,21920.0,2.9178793,17.577684
2026-01-06 04:00:00+01:00,-10.091499,3.319036,8.28,59.0,0.0,12360.0,3.2222586,13.626929
2026-01-06 05:00:00+01:00,-9.6915,1.8,4.32,83.0,0.0,2280.0,6.347113,9.950412
2026-01-06 06:00:00+01:00,-9.9415,2.5959969,2.8799999,94.0,0.0,1340.0,9.752324,13.0492525
2026-01-06 07:00:00+01:00,-10.341499,4.379589,6.4799995,5.0,0.0,11900.0,7.0743074,11.858258
2026-01-06 08:00:00+01:00,-10.4415,1.5273507,6.12,60.0,0.0,3080.0,5.6366506,14.948187
2026-01-06 09:00:00+01:00,-10.0415,1.8,3.96,60.0,0.0,1360.0,5.941551,12.413793
2026-01-06 10:00:00+01:00,-8.5415,1.484318,4.68,80.0,0.0,860.0,5.094838,14.329733
2026-01-06 11:00:00+01:00,-7.5915003,1.484318,4.32,60.0,0.0,1360.0,3.3175182,12.4293
2026-01-06 12:00:00+01:00,-6.6915,3.2599385,7.5599995,59.0,0.0,14060.0,2.3236039,12.5526705
2026-01-06 13:00:00+01:00,-5.6915,2.5455842,7.2,64.0,0.0,31040.0,0.0,11.939203
2026-01-06 14:00:00+01:00,-5.2915,5.1919937,8.64,78.0,0.0,30760.0,1.643036,12.795844
2026-01-06 15:00:00+01:00,-5.1415,5.3999996,10.08,79.0,0.0,39340.0,1.0189676,11.41124
2026-01-06 16:00:00+01:00,-4.6915,4.198285,9.36,72.0,0.0,49660.0,3.0569031,10.4046545
2026-01-06 17:00:00+01:00,-5.3415003,4.39436,9.72,77.0,0.0,41680.0,6.850616,6.8275857
2026-01-06 18:00:00+01:00,-6.0915003,3.0758414,6.4799995,83.0,0.0,25160.0,10.9461975,8.281033
2026-01-06 19:00:00+01:00,-5.9915004,1.8,5.04,82.0,0.1,7240.0,10.189676,8.886923
2026-01-06 20:00:00+01:00,-6.0915003,1.484318,2.8799999,80.0,0.1,6540.0,5.094838,8.711794
2026-01-06 21:00:00+01:00,-6.1915,1.609969,3.96,86.0,0.0,9960.0,5.468354,9.037377
2026-01-06 22:00:00+01:00,-6.0415,2.1897945,3.6,92.0,0.1,7160.0,8.84802,7.0769506
2026-01-06 23:00:00+01:00,-6.2415004,2.52,5.04,79.0,0.1,6040.0,5.941551,8.281033
2026-01-07 00:00:00+01:00,-6.3915,1.9386592,3.96,87.0,0.1,2040.0,3.0569031,7.5510154
2026-01-07 01:00:00+01:00,-5.5915003,1.08,4.32,98.0,0.1,4200.0,1.8788835,9.331011
2026-01-07 02:00:00+01:00,-5.6915,1.4399999,1.8,96.0,0.0,4020.0,1.8788835,9.6356945
2026-01-07 03:00:00+01:00,-6.2915,2.4149535,3.96,87.0,0.0,2840.0,2.6571426,11.595439
2026-01-07 04:00:00+01:00,-6.1915,1.08,3.6,94.0,0.0,2920.0,4.757608,13.879042
2026-01-07 05:00:00+01:00,-6.1915,2.2768397,3.96,87.0,0.1,2040.0,6.347113,17.489796
2026-01-07 06:00:00+01:00,-6.5915003,1.835647,3.96,78.0,0.0,2360.0,10.240498,17.87112
2026-01-07 07:00:00+01:00,-6.6915,3.319036,6.4799995,89.0,0.0,1080.0,10.599223,18.074755
2026-01-07 08:00:00+01:00,-6.8415003,3.319036,5.7599998,96.0,0.0,620.0,10.870049,16.245003
2026-01-07 09:00:00+01:00,-7.0415,2.0364676,6.12,81.0,0.0,440.0,11.282507,20.103062
2026-01-07 10:00:00+01:00,-6.1915,1.08,4.32,67.0,0.0,1200.0,16.805244,22.965515
2026-01-07 11:00:00+01:00,-5.1915,4.73506,9.0,63.0,0.0,10740.0,20.63252,23.594372
2026-01-07 12:00:00+01:00,-4.4915004,5.2416787,11.159999,43.0,0.0,29860.0,22.291882,24.951414
2026-01-07 13:00:00+01:00,-4.2915,3.0758414,10.08,7.0,0.0,39260.0,27.93161,18.908127
2026-01-07 14:00:00+01:00,-3.7914999,4.5536795,9.72,14.0,0.0,47320.0,28.45092,19.311329
2026-01-07 15:00:00+01:00,-3.5915,5.00128,9.36,0.0,0.0,48520.0,31.79767,20.864775
2026-01-07 16:00:00+01:00,-4.1415,9.904906,13.679999,0.0,0.0,55460.0,34.082905,23.099329
2026-01-07 17:00:00+01:00,-5.1415,7.928177,17.64,0.0,0.0,47500.0,34.779503,25.92819
2026-01-07 18:00:00+01:00,-5.1415,5.991594,13.32,0.0,0.0,45460.0,35.72205,34.00224
2026-01-07 19:00:00+01:00,-5.4915004,1.484318,9.0,0.0,0.0,44540.0,42.670296,41.157852
2026-01-07 20:00:00+01:00,-5.0415,3.396233,6.4799995,84.0,0.0,41860.0,48.92106,45.95619
2026-01-07 21:00:00+01:00,-5.1415,8.891344,15.119999,96.0,0.4,4960.0,58.53169,45.208195
2026-01-07 22:00:00+01:00,-4.4415,13.009903,20.16,90.0,0.2,11840.0,70.32501,56.140682
2026-01-07 23:00:00+01:00,-4.2915,12.429127,22.68,89.0,0.2,8780.0,63.019672,54.05704
2026-01-08 00:00:00+01:00,-4.2415004,9.178235,20.519999,100.0,0.1,5700.0,62.64953,54.227814
2026-01-08 01:00:00+01:00,-3.7415,7.729527,15.84,86.0,0.1,12300.0,63.46459,52.373848
2026-01-08 02:00:00+01:00,-3.5414999,10.041354,18.359999,84.0,0.0,14560.0,59.97211,49.91055
2026-01-08 03:00:00+01:00,-2.9915,7.42159,16.199999,100.0,0.0,18040.0,60.279488,46.34852
2026-01-08 04:00:00+01:00,-2.7914999,7.4128532,13.32,74.0,0.0,30220.0,65.721436,56.02046
2026-01-08 05:00:00+01:00,-2.3415,7.42159,12.959999,100.0,0.0,39080.0,63.577377,63.858677
2026-01-08 06:00:00+01:00,-2.0414999,8.427383,13.679999,74.0,0.0,48320.0,59.515038,73.6139
2026-01-08 07:00:00+01:00,-1.8915,5.8048253,16.919998,76.0,0.0,55400.0,53.074425,75.05983
2026-01-08 08:00:00+01:00,-2.0414999,6.0347,10.08,79.0,0.0,29740.0,53.46425,75.5127
2026-01-08 09:00:00+01:00,-1.9914999,11.726277,19.8,88.0,0.1,7380.0,53.08029,56.809208
2026-01-08 10:00:00+01:00,-1.0415,8.557102,20.880001,93.0,0.1,7480.0,63.26961,62.701946
2026-01-08 11:00:00+01:00,-0.8915,10.829959,19.08,87.0,0.5,3400.0,61.248344,64.438225
2026-01-08 12:00:00+01:00,-0.54150003,10.829958,21.599998,93.0,0.7,3840.0,73.37275,64.55172
2026-01-08 13:00:00+01:00,-0.3415,12.224107,20.519999,90.0,0.5,5120.0,74.618774,72.453384
2026-01-08 14:00:00+01:00,0.1585,12.641076,23.4,100.0,0.1,6420.0,69.54408,62.628174
2026-01-08 15:00:00+01:00,0.8085,10.028439,22.68,78.0,0.1,9180.0,74.73973,56.968353
2026-01-08 16:00:00+01:00,1.6085,10.636766,16.919998,100.0,0.0,17720.0,70.1861,71.05744
2026-01-08 17:00:00+01:00,2.0585,6.924738,18.359999,100.0,0.0,21160.0,68.42426,75.96034
2026-01-08 18:00:00+01:00,2.0585,3.319036,12.959999,100.0,0.5,16060.0,68.22823,76.39527
2026-01-08 19:00:00+01:00,1.7585001,7.072878,11.879999,97.0,1.2,8980.0,70.62556,94.11792
2026-01-08 20:00:00+01:00,2.0585,10.990322,19.08,100.0,1.0,10320.0,80.48297,86.73679
2026-01-08 21:00:00+01:00,2.3085,10.163227,19.08,100.0,0.4,12400.0,82.776306,78.327484
2026-01-08 22:00:00+01:00,2.6085,8.311245,16.919998,100.0,0.4,17220.0,79.28851,78.071304
2026-01-08 23:00:00+01:00,2.5085,6.9899354,14.4,100.0,0.9,12880.0,87.048706,85.477325
2026-01-09 00:00:00+01:00,2.7085001,7.7879906,13.32,77.0,0.3,12660.0,93.60537,87.52603
2026-01-09 01:00:00+01:00,3.1085,9.19939,15.84,61.0,0.2,11580.0,77.141975,96.208885
2026-01-09 02:00:00+01:00,3.3085,6.0347,16.199999,52.0,0.0,21520.0,75.86487,98.937225
2026-01-09 03:00:00+01:00,3.2085001,5.8048253,10.799999,89.0,0.1,21960.0,84.98215,106.42972
2026-01-09 04:00:00+01:00,3.0585,5.3517847,11.5199995,84.0,0.0,14260.0,91.30314,100.54789
2026-01-09 05:00:00+01:00,2.8585,5.5887027,10.08,83.0,0.1,12640.0,108.63743,121.83553
2026-01-09 06:00:00+01:00,4.8585,18.278645,39.96,82.0,0.1,35680.0,104.5999,102.26132
2026-01-09 07:00:00+01:00,4.4084997,23.358425,41.039997,79.0,1.3,21820.0,96.77189,95.10334
2026-01-09 08:00:00+01:00,4.0085,15.277749,38.88,32.0,0.0,27940.0,90.40374,87.52603
2026-01-09 09:00:00+01:00,4.2584996,15.124284,31.319998,25.0,0.0,37200.0,92.99999,80.46254
2026-01-09 10:00:00+01:00,5.1085,15.2947035,32.399998,60.0,0.3,44800.0,77.10293,90.54625
2026-01-09 11:00:00+01:00,5.0084996,24.162947,50.399998,80.0,0.6,31760.0,99.9056,98.76769
2026-01-09 12:00:00+01:00,4.9585,20.3774,44.28,100.0,0.1,13440.0,83.11304,83.89419
2026-01-09 13:00:00+01:00,4.6085,15.484185,42.839996,58.0,0.5,24520.0,79.85222,91.68155
2026-01-09 14:00:00+01:00,5.3085,17.31746,44.639996,76.0,0.1,40440.0,75.4036,90.63982
2026-01-09 15:00:00+01:00,5.5585,22.9724,52.199997,74.0,0.0,59000.0,80.295685,80.090614
2026-01-09 16:00:00+01:00,4.8585,21.566973,47.88,39.0,0.0,60080.0,80.65951,83.061165
2026-01-09 17:00:00+01:00,3.9585001,20.26899,40.32,9.0,0.1,54500.0,82.45457,78.167465
2026-01-09 18:00:00+01:00,3.6085,18.504139,37.8,0.0,0.1,55980.0,85.875465,73.67406
2026-01-09 19:00:00+01:00,3.9585001,19.171478,38.519997,21.0,0.0,61200.0,80.70327,77.17547
2026-01-09 20:00:00+01:00,3.5085,18.374111,36.36,89.0,0.0,56680.0,81.99746,78.477356
2026-01-09 21:00:00+01:00,2.8085,17.566378,43.199997,16.0,0.0,38960.0,79.83402,76.152824
2026-01-09 22:00:00+01:00,3.1085,15.192682,36.719997,95.0,0.0,50920.0,68.16125,74.50603
2026-01-09 23:00:00+01:00,2.7085001,17.283749,35.64,72.0,0.3,37080.0,72.50584,72.155
2026-01-10 00:00:00+01:00,2.3585,16.1198,36.36,100.0,0.0,32600.0,67.74411,76.36753
2026-01-10 01:00:00+01:00,2.1585,16.45007,35.64,83.0,0.1,24520.0,72.445656,77.00554
2026-01-10 02:00:00+01:00,0.7585,11.298495,41.399998,89.0,0.7,3480.0,74.019424,75.72668
2026-01-10 03:00:00+01:00,1.3585,17.87718,37.079998,91.0,0.1,11440.0,74.76751,75.734314
2026-01-10 04:00:00+01:00,1.5085001,15.778518,38.88,82.0,0.1,16260.0,68.44855,77.586205
2026-01-10 05:00:00+01:00,1.3085,15.1884165,37.079998,82.0,0.1,19300.0,69.02105,76.36753
2026-01-10 06:00:00+01:00,1.1085,15.463246,32.760002,95.0,0.0,16180.0,71.218475,75.764824
2026-01-10 07:00:00+01:00,1.1585001,15.646544,35.28,100.0,0.1,8620.0,70.37519,75.74703
2026-01-10 08:00:00+01:00,0.6085,14.118243,33.839996,100.0,0.9,2120.0,74.514336,72.0107
2026-01-10 09:00:00+01:00,0.5585,15.941944,37.44,92.0,0.6,3060.0,67.35214,68.28714
2026-01-10 10:00:00+01:00,0.4585,14.512064,36.719997,94.0,0.4,3220.0,64.445175,65.79603
2026-01-10 11:00:00+01:00,0.4585,16.78156,38.519997,96.0,0.5,2280.0,70.350105,69.58648
2026-01-10 12:00:00+01:00,0.3585,15.978484,37.079998,100.0,0.9,1800.0,65.347534,70.76951
2026-01-10 13:00:00+01:00,-0.09150001,12.224107,36.0,100.0,1.1,200.0,63.760017,66.83014
2026-01-10 14:00:00+01:00,0.108500004,14.417988,32.039997,100.0,0.7,1480.0,60.262268,67.9988
2026-01-10 15:00:00+01:00,0.2085,13.708391,34.56,92.0,1.0,3300.0,60.62301,67.03735
2026-01-10 16:00:00+01:00,-0.3415,11.525623,37.8,100.0,0.4,5480.0,61.897568,68.94127
2026-01-10 17:00:00+01:00,-0.49150002,8.350138,19.44,89.0,0.5,3060.0,57.41953,62.69272
2026-01-10 18:00:00+01:00,-0.49150002,13.324863,24.48,93.0,0.2,9320.0,56.728226,61.64857
2026-01-10 19:00:00+01:00,-0.5915,9.346143,25.199999,93.0,0.3,6420.0,48.518272,48.082417
2026-01-10 20:00:00+01:00,-0.49150002,9.021574,17.28,97.0,0.3,3840.0,45.04943,40.435436
2026-01-10 21:00:00+01:00,-0.54150003,11.901798,20.880001,98.0,0.4,4360.0,38.451687,32.042255
2026-01-10 22:00:00+01:00,-0.54150003,11.252519,21.96,90.0,0.5,3660.0,34.23792,23.59437
2026-01-10 23:00:00+01:00,-0.9415,12.015589,21.96,91.0,0.3,3760.0,25.09641,24.710932
2026-01-11 00:00:00+01:00,-1.1915,10.661107,21.599998,95.0,0.4,620.0,26.288576,24.103226
2026-01-11 01:00:00+01:00,-0.8915,11.726277,23.759998,87.0,0.4,5380.0,22.024792,20.265303
2026-01-11 02:00:00+01:00,-1.2915,7.6367526,20.16,92.0,0.0,5060.0,22.857605,21.724138
2026-01-11 03:00:00+01:00,-1.5914999,7.172949,15.4800005,84.0,0.0,6580.0,24.117481,23.700268
2026-01-11 04:00:00+01:00,-1.2915,4.68,11.5199995,91.0,0.0,2800.0,23.875175,27.493116
2026-01-11 05:00:00+01:00,-1.5914999,5.0911684,9.36,84.0,0.2,2740.0,20.225931,26.948225
2026-01-11 06:00:00+01:00,-1.5415,4.8965297,10.440001,85.0,0.2,1860.0,15.693425,26.253044
2026-01-11 07:00:00+01:00,-1.4914999,6.12,14.04,93.0,0.1,2980.0,14.067659,26.33363
2026-01-11 08:00:00+01:00,-1.8414999,3.7585104,11.879999,90.0,0.0,4180.0,8.95301,24.897316
2026-01-11 09:00:00+01:00,-1.9415,2.6208394,5.3999996,100.0,0.0,3220.0,6.895935,22.653046
2026-01-11 10:00:00+01:00,-1.3414999,1.835647,5.3999996,88.0,0.0,2640.0,5.562481,23.789505
2026-01-11 11:00:00+01:00,-1.0415,1.484318,3.6,74.0,0.0,8260.0,9.752324,21.679756
2026-01-11 12:00:00+01:00,-0.6915,1.9386592,3.96,72.0,0.0,11400.0,13.776805,23.496197
2026-01-11 13:00:00+01:00,-0.2915,3.6179552,9.36,75.0,0.0,14420.0,16.811422,20.103062
2026-01-11 14:00:00+01:00,-0.24150002,0.8049845,6.12,70.0,0.0,17880.0,14.927093,17.390388
2026-01-11 15:00:00+01:00,-0.1415,2.3051248,7.92,66.0,0.0,29500.0,16.111294,11.793103
2026-01-11 16:00:00+01:00,-0.8915,2.5455842,5.04,5.0,0.0,26640.0,13.464261,11.661699
2026-01-11 17:00:00+01:00,-2.3915,2.5959969,3.6,20.0,0.0,17540.0,13.859459,16.13793
2026-01-11 18:00:00+01:00,-3.9415,4.39436,6.4799995,9.0,0.0,11420.0,11.618018,18.170418
2026-01-11 19:00:00+01:00,-4.6915,6.763786,9.72,21.0,0.0,3520.0,12.312233,16.292364
2026-01-11 20:00:00+01:00,-4.9415,6.12,11.879999,67.0,0.0,1880.0,12.512989,20.293798
2026-01-11 21:00:00+01:00,-4.7915,3.396233,10.799999,22.0,0.0,12100.0,15.1685915,22.4909
2026-01-11 22:00:00+01:00,-4.5415,3.319036,6.12,100.0,0.0,540.0,21.354607,22.422277
2026-01-11 23:00:00+01:00,-3.9915001,3.6179552,7.92,87.0,0.0,2380.0,24.700247,25.455843
2026-01-12 00:00:00+01:00,-4.0415,2.1897945,5.7599998,95.0,0.0,2120.0,29.954878,32.796856
2026-01-12 01:00:00+01:00,-4.9915004,4.6938252,7.5599995,49.0,0.0,5740.0,28.94299,39.767754
2026-01-12 02:00:00+01:00,-4.4915004,5.5887027,10.440001,0.0,0.0,12120.0,32.99316,41.405163
2026-01-12 03:00:00+01:00,-3.4915,3.4152596,9.72,0.0,0.0,34640.0,37.314255,42.791584
2026-01-12 04:00:00+01:00,-3.1915,4.802999,6.8399997,0.0,0.0,35480.0,48.4883,45.91845
2026-01-12 05:00:00+01:00,-2.5414999,6.6087217,11.159999,16.0,0.0,45460.0,54.912807,51.640484
2026-01-12 06:00:00+01:00,-1.3414999,5.4833565,11.879999,97.0,0.0,59160.0,52.333687,51.232277
2026-01-12 07:00:00+01:00,-1.3915,6.8777895,8.64,88.0,0.1,8080.0,65.43328,61.473347
2026-01-12 08:00:00+01:00,-0.54150003,12.287555,20.880001,91.0,0.3,8120.0,70.99799,63.68953
2026-01-12 09:00:00+01:00,1.1085,8.311245,20.519999,100.0,0.0,13060.0,74.67302,52.84982
2026-01-12 10:00:00+01:00,1.2585001,7.10031,14.04,86.0,0.0,18340.0,71.234505,58.070152
2026-01-12 11:00:00+01:00,2.0585,6.792466,12.599999,46.0,0.0,30080.0,71.422295,54.535984
2026-01-12 12:00:00+01:00,2.6085,6.1094027,11.5199995,75.0,0.1,37600.0,69.229836,51.18338
2026-01-12 13:00:00+01:00,3.0085,6.6087217,9.72,77.0,0.1,52080.0,67.08801,53.814186
2026-01-12 14:00:00+01:00,3.8585,9.83268,16.919998,64.0,0.1,37100.0,57.71352,68.13464
2026-01-12 15:00:00+01:00,3.9085,8.534353,17.28,100.0,0.1,46340.0,59.878548,59.792747
2026-01-12 16:00:00+01:00,3.6085,9.021574,16.919998,84.0,0.0,32200.0,64.25962,62.591244
2026-01-12 17:00:00+01:00,3.9085,8.404285,14.4,75.0,0.0,36120.0,54.539047,53.43702
2026-01-12 18:00:00+01:00,4.1584997,7.386582,15.119999,72.0,0.1,35160.0,51.897373,60.258064
2026-01-12 19:00:00+01:00,3.7085001,5.0911684,13.32,100.0,0.4,22280.0,50.327103,58.374535
2026-01-12 20:00:00+01:00,3.6085,6.439876,11.159999,68.0,0.1,21600.0,53.766357,58.67405
2026-01-12 21:00:00+01:00,3.6585,8.089993,12.24,0.0,0.0,24380.0,46.703854,63.41978
2026-01-12 22:00:00+01:00,3.5085,5.937272,13.679999,17.0,0.0,22020.0,44.518505,65.67001
2026-01-12 23:00:00+01:00,3.9585001,3.2399998,7.92,0.0,0.0,30560.0,47.89798,67.34696
2026-01-13 00:00:00+01:00,3.2585,4.6938252,6.8399997,0.0,0.0,26480.0,55.426598,65.51142
2026-01-13 01:00:00+01:00,3.0085,6.489992,8.64,0.0,0.0,20560.0,67.22098,60.995193
2026-01-13 02:00:00+01:00,3.1585,6.638072,11.5199995,44.0,0.0,21100.0,59.70837,61.736
2026-01-13 03:00:00+01:00,3.1585,6.1305785,12.24,0.0,0.0,22620.0,59.240505,64.69777
2026-01-13 04:00:00+01:00,3.0585,6.4096174,11.159999,0.0,0.0,21640.0,59.354317,63.459255
2026-01-13 05:00:00+01:00,3.3585,6.193674,9.36,0.0,0.0,25180.0,59.263287,58.348125
2026-01-13 06:00:00+01:00,2.9585001,7.145796,12.599999,8.0,0.0,24480.0,53.277493,54.708782
2026-01-13 07:00:00+01:00,2.9085,5.95906,14.4,0.0,0.0,21820.0,47.902317,49.65905
2026-01-13 08:00:00+01:00,3.0085,6.28713,10.08,0.0,0.0,23000.0,45.76288,46.8158
2026-01-13 09:00:00+01:00,2.9585001,6.12,11.159999,0.0,0.0,21540.0,35.073807,49.7172
2026-01-13 10:00:00+01:00,3.4085,4.379589,9.0,0.0,0.0,19620.0,28.531094,47.91788
2026-01-13 11:00:00+01:00,3.7585,3.9763298,7.5599995,0.0,0.0,17700.0,23.524694,48.576645
2026-01-13 12:00:00+01:00,4.0585,3.0758414,7.92,0.0,0.0,17180.0,20.480995,53.19857
2026-01-13 13:00:00+01:00,5.1085,3.096837,4.32,0.0,0.0,30900.0,11.821781,50.653748
2026-01-13 14:00:00+01:00,5.0585,1.0182338,4.68,0.0,0.0,25000.0,10.667574,47.60329
2026-01-13 15:00:00+01:00,4.9585,1.609969,4.32,0.0,0.0,13740.0,9.515216,47.473625
2026-01-13 16:00:00+01:00,5.5585,5.495161,2.16,0.0,0.0,31320.0,18.54969,53.713867
2026-01-13 17:00:00+01:00,4.5585,5.1544156,9.72,0.0,0.0,26660.0,22.417288,50.531914
2026-01-13 18:00:00+01:00,4.1085,5.937272,10.08,0.0,0.0,29860.0,25.894613,45.82186
2026-01-13 19:00:00+01:00,2.9085,6.489992,11.159999,0.0,0.0,25560.0,20.179676,40.53536
2026-01-13 20:00:00+01:00,3.0085,6.489992,11.5199995,0.0,0.0,31360.0,27.097643,38.587734
2026-01-13 21:00:00+01:00,3.1585,6.2145634,12.24,0.0,0.0,33240.0,28.603785,35.56936
2026-01-13 22:00:00+01:00,3.1585,6.130579,11.159999,0.0,0.0,30620.0,20.907467,39.083736
2026-01-13 23:00:00+01:00,3.3085,4.6938252,10.440001,0.0,0.0,32360.0,16.518595,42.357235
2026-01-14 00:00:00+01:00,3.4085,5.04,8.64,0.0,0.0,35100.0,9.113924,49.72495
2026-01-14 01:00:00+01:00,3.7585,4.802999,7.92,0.0,0.0,40900.0,8.765491,58.119884
2026-01-14 02:00:00+01:00,3.9585001,1.8,6.4799995,0.0,0.0,47900.0,10.118097,62.809372
2026-01-14 03:00:00+01:00,3.6085,3.7585104,4.68,0.0,0.0,45800.0,12.905135,64.5905
2026-01-14 04:00:00+01:00,2.8085,5.5887027,7.92,0.0,0.0,32540.0,22.347704,74.39218
2026-01-14 05:00:00+01:00,2.6585,6.162207,11.879999,0.0,0.0,41160.0,45.53771,70.236725
2026-01-14 06:00:00+01:00,2.7585,6.9247384,11.5199995,0.0,0.0,37920.0,70.07209,71.08726
2026-01-14 07:00:00+01:00,3.1585,7.289445,13.32,0.0,0.0,47080.0,73.12326,67.893906
2026-01-14 08:00:00+01:00,3.1085,6.989936,12.599999,0.0,0.0,46740.0,61.56117,66.27442
2026-01-14 09:00:00+01:00,3.1585,6.763786,12.599999,0.0,0.0,47780.0,63.18421,61.130833
2026-01-14 10:00:00+01:00,4.2584996,6.989936,11.5199995,0.0,0.0,57780.0,61.22292,62.20846
2026-01-14 11:00:00+01:00,5.5585,6.696387,11.879999,0.0,0.0,64040.0,64.38231,64.44719
2026-01-14 12:00:00+01:00,6.0585,7.2,12.24,0.0,0.0,61400.0,57.310932,72.47465
2026-01-14 13:00:00+01:00,7.4084997,6.6185193,12.959999,0.0,0.0,67500.0,52.5495,72.048134
2026-01-14 14:00:00+01:00,7.9585,7.289444,12.599999,0.0,0.0,67420.0,57.693726,62.809372
2026-01-14 15:00:00+01:00,8.3085,7.289444,13.32,0.0,0.0,71520.0,47.85678,50.581444
2026-01-14 16:00:00+01:00,8.3585005,6.489992,12.599999,0.0,0.0,74500.0,40.687317,44.108284
2026-01-14 17:00:00+01:00,6.8085,6.9247384,12.24,0.0,0.0,69760.0,42.655697,39.142838
2026-01-14 18:00:00+01:00,6.0585,6.4096174,12.24,0.0,0.0,69060.0,35.96537,40.502075
2026-01-14 19:00:00+01:00,5.1085,5.6920996,11.879999,0.0,0.0,60060.0,31.390156,42.302624
2026-01-14 20:00:00+01:00,4.6085,5.5887027,10.440001,0.0,0.0,55700.0,34.03413,40.502075
2026-01-14 21:00:00+01:00,4.9084997,4.68,9.36,0.0,0.0,58180.0,35.25687,45.259296
2026-01-14 22:00:00+01:00,4.8585,4.3349743,9.0,0.0,0.0,53960.0,29.380919,43.963932
2026-01-14 23:00:00+01:00,4.3585,5.0528407,8.28,0.0,0.0,50960.0,25.079855,51.42742
2026-01-15 00:00:00+01:00,4.6085,4.0249224,8.28,0.0,0.0,55300.0,23.788038,52.758617
2026-01-15 01:00:00+01:00,4.0585,4.5536795,7.92,0.0,0.0,47500.0,18.454288,49.937557
2026-01-15 02:00:00+01:00,3.7585,4.896529,7.92,0.0,0.0,43560.0,18.465538,51.845234
2026-01-15 03:00:00+01:00,3.3085,6.0347,10.799999,0.0,0.0,33540.0,24.666595,50.272026
2026-01-15 04:00:00+01:00,3.9585001,8.161764,13.679999,0.0,0.0,32980.0,50.0955,47.583057
2026-01-15 05:00:00+01:00,4.4084997,7.491114,15.119999,25.0,0.0,34700.0,54.647453,48.373985
2026-01-15 06:00:00+01:00,4.6085,6.1305785,12.959999,29.0,0.0,40420.0,49.52644,42.868042
2026-01-15 07:00:00+01:00,5.1584997,7.2,11.5199995,7.0,0.0,50120.0,50.07892,51.989933
2026-01-15 08:00:00+01:00,4.8085,4.6102495,12.599999,53.0,0.0,43000.0,47.700314,52.889893
2026-01-15 09:00:00+01:00,5.1085,3.319036,6.8399997,52.0,0.0,47580.0,44.27998,53.122475
2026-01-15 10:00:00+01:00,6.0585,2.7416782,9.72,38.0,0.0,56380.0,22.638515,51.737373
2026-01-15 11:00:00+01:00,6.8085,3.0547013,8.28,6.0,0.0,48940.0,14.67455,42.206898
2026-01-15 12:00:00+01:00,8.0585,4.5536795,9.0,0.0,0.0,53580.0,10.520563,43.8235
2026-01-15 13:00:00+01:00,8.7585,4.3349743,12.599999,0.0,0.0,55320.0,9.515216,44.938957
2026-01-15 14:00:00+01:00,9.2585,0.8049845,6.12,0.0,0.0,55920.0,13.215189,42.357235
2026-01-15 15:00:00+01:00,9.7085,3.8268526,7.92,0.0,0.0,59420.0,15.031068,40.838356
2026-01-15 16:00:00+01:00,9.2585,3.4152596,6.8399997,0.0,0.0,55120.0,13.79187,44.360855
2026-01-15 17:00:00+01:00,6.5084996,4.510787,7.5599995,0.0,0.0,47760.0,23.15098,42.211456
2026-01-15 18:00:00+01:00,4.7085,6.297428,10.799999,0.0,0.0,28640.0,16.959,37.70402
2026-01-15 19:00:00+01:00,4.2085,6.9527545,11.159999,0.0,0.0,25900.0,16.335293,49.285255
2026-01-15 20:00:00+01:00,4.2085,5.154415,11.879999,0.0,0.0,42680.0,17.795504,42.425396
2026-01-15 21:00:00+01:00,4.8085,2.8116899,6.4799995,0.0,0.0,54120.0,19.13924,30.991003
2026-01-15 22:00:00+01:00,4.6584997,2.52,4.32,0.0,0.0,45320.0,26.006641,35.270245
2026-01-15 23:00:00+01:00,4.3085,2.9024127,3.2399998,0.0,0.0,33380.0,25.396633,27.373749
2026-01-16 00:00:00+01:00,3.9585001,1.8,3.96,0.0,0.0,26840.0,23.236036,19.120867
2026-01-16 01:00:00+01:00,3.1085,1.9386592,2.52,0.0,0.0,10580.0,22.661438,15.41761
2026-01-16 02:00:00+01:00,2.2585,2.5959969,3.2399998,7.0,0.0,2780.0,27.417614,12.413793
2026-01-16 03:00:00+01:00,1.7585001,3.6,5.04,65.0,0.0,1000.0,27.920458,6.2068963
2026-01-16 04:00:00+01:00,1.7085,2.2768397,5.7599998,0.0,0.0,3940.0,22.857605,11.444951
2026-01-16 05:00:00+01:00,1.8085,2.3051248,3.2399998,0.0,0.0,5660.0,17.44787,7.4740934
2026-01-16 06:00:00+01:00,1.2585001,3.4152596,4.32,0.0,0.0,7340.0,14.532351,10.678748
2026-01-16 07:00:00+01:00,0.70849997,2.9024127,5.3999996,0.0,0.0,16080.0,12.159491,10.1040945
2026-01-16 08:00:00+01:00,0.8585,1.8,4.32,0.0,0.0,27120.0,8.21518,13.166815
2026-01-16 09:00:00+01:00,0.9085,2.0991426,3.96,0.0,0.0,18200.0,11.926711,20.864775
2026-01-16 10:00:00+01:00,0.2585,1.2979984,3.6,75.0,0.0,660.0,10.638334,10.857635
2026-01-16 11:00:00+01:00,0.7585,0.5091169,4.32,100.0,0.0,140.0,6.47666,19.987747
2026-01-16 12:00:00+01:00,1.3085,2.52,7.92,75.0,0.0,440.0,2.9178793,18.51695
2026-01-16 13:00:00+01:00,3.5585,2.4149535,6.4799995,0.0,0.0,21980.0,10.004581,19.803793
2026-01-16 14:00:00+01:00,4.3085,2.52,6.4799995,0.0,0.0,23640.0,14.309151,14.909477
2026-01-16 15:00:00+01:00,4.9585,5.0528407,10.08,0.0,0.0,17920.0,17.370333,10.606349
2026-01-16 16:00:00+01:00,4.5585,4.3498964,10.799999,0.0,0.0,23480.0,14.133929,12.367153
2026-01-16 17:00:00+01:00,2.6585,3.2599385,8.28,0.0,0.0,15400.0,9.383359,14.529971
2026-01-16 18:00:00+01:00,1.6585001,2.0364676,3.6,0.0,0.0,15200.0,5.3142853,15.329903
2026-01-16 19:00:00+01:00,1.1085,0.71999997,2.16,0.0,0.0,9640.0,8.598059,15.529648
2026-01-16 20:00:00+01:00,0.95849997,1.484318,3.6,0.0,0.0,14940.0,5.333787,16.71258
2026-01-16 21:00:00+01:00,1.2085,2.2768397,2.8799999,0.0,0.0,18680.0,9.294415,21.546066
2026-01-16 22:00:00+01:00,0.7585,1.08,3.2399998,0.0,0.0,7500.0,6.895935,16.11404
2026-01-16 23:00:00+01:00,0.6585,1.835647,2.52,0.0,0.0,9240.0,23.056606,20.864775
2026-01-17 00:00:00+01:00,-0.2915,1.08,1.8,68.0,0.0,1000.0,24.779985,29.251541
2026-01-17 01:00:00+01:00,-0.1415,2.968636,2.8799999,46.0,0.0,2100.0,20.143627,32.22808
2026-01-17 02:00:00+01:00,0.2085,1.609969,4.32,44.0,0.0,4800.0,24.013935,33.871685
2026-01-17 03:00:00+01:00,0.108500004,0.8049845,2.16,56.0,0.0,3380.0,21.359468,30.108244
2026-01-17 04:00:00+01:00,-0.54150003,1.1384199,3.2399998,54.0,0.0,1820.0,6.3960004,30.659805
2026-01-17 05:00:00+01:00,-1.4914999,2.9024127,3.96,100.0,0.0,100.0,5.6366506,28.699764
2026-01-17 06:00:00+01:00,-0.8415,0.5091169,4.32,87.0,0.0,760.0,6.444517,33.568924
2026-01-17 07:00:00+01:00,-0.6415,2.5455842,2.52,79.0,0.0,620.0,6.1307654,27.267992
2026-01-17 08:00:00+01:00,-1.0415,2.7416782,4.68,0.0,0.0,4060.0,9.56962,23.17426
2026-01-17 09:00:00+01:00,-1.4415,1.9386592,3.2399998,43.0,0.0,2300.0,5.094838,24.238705
2026-01-17 10:00:00+01:00,-0.7415,1.1384199,5.04,0.0,0.0,3980.0,16.411392,20.716534
2026-01-17 11:00:00+01:00,0.008499999,2.2768397,5.7599998,0.0,0.0,4040.0,11.02182,21.230852
2026-01-17 12:00:00+01:00,1.7585001,4.802999,9.72,0.0,0.0,7400.0,8.253009,23.190878
2026-01-17 13:00:00+01:00,4.0085,5.3999996,10.799999,4.0,0.0,16220.0,6.572144,27.549112
2026-01-17 14:00:00+01:00,4.8585,5.0911684,11.159999,0.0,0.0,20320.0,4.907998,24.710932
2026-01-17 15:00:00+01:00,4.1085,4.829907,11.159999,0.0,0.0,11420.0,4.2990294,19.725824
2026-01-17 16:00:00+01:00,3.1585,3.0547013,9.0,0.0,0.0,6080.0,5.562481,11.41124
2026-01-17 17:00:00+01:00,1.6585001,1.484318,4.68,20.0,0.0,2620.0,5.195736,8.711794
2026-01-17 18:00:00+01:00,0.9085,3.319036,4.32,0.0,0.0,5960.0,6.198138,1.387904
2026-01-17 19:00:00+01:00,-0.6415,4.8433046,5.7599998,33.0,0.0,2620.0,5.941551,7.5510154
2026-01-17 20:00:00+01:00,-0.3415,4.8965297,8.28,0.0,0.0,5820.0,10.401459,10.839878
2026-01-17 21:00:00+01:00,0.2585,3.6,7.5599995,0.0,0.0,4680.0,11.618018,14.167504
2026-01-17 22:00:00+01:00,-0.54150003,4.8965297,6.12,0.0,0.0,3240.0,15.792356,13.152178
2026-01-17 23:00:00+01:00,-1.0914999,4.6102495,8.28,71.0,0.0,1000.0,13.594724,11.776757
2026-01-18 00:00:00+01:00,-1.0914999,3.396233,7.2,74.0,0.0,1000.0,7.78694,12.226168
2026-01-18 01:00:00+01:00,-1.2414999,3.6,5.7599998,100.0,0.0,300.0,6.1138062,11.394346
2026-01-18 02:00:00+01:00,-1.2915,4.198285,7.92,100.0,0.0,200.0,5.7641516,11.858258
2026-01-18 03:00:00+01:00,-0.8915,3.7064266,9.0,100.0,0.0,1160.0,5.3142853,14.153901
2026-01-18 04:00:00+01:00,-1.0914999,3.319036,5.7599998,100.0,0.0,860.0,4.57969,17.555754
2026-01-18 05:00:00+01:00,-1.3915,3.319036,8.28,100.0,0.0,300.0,3.67394,14.490146
2026-01-18 06:00:00+01:00,-1.4914999,3.0758414,6.12,100.0,0.0,400.0,3.757767,11.858258
2026-01-18 07:00:00+01:00,-1.3915,3.6,5.7599998,100.0,0.0,140.0,6.6350365,8.886923
2026-01-18 08:00:00+01:00,-1.4415,3.396233,6.4799995,100.0,0.0,240.0,7.800262,9.494725
2026-01-18 09:00:00+01:00,-1.3414999,3.4152596,7.2,100.0,0.0,200.0,11.680409,9.392738
2026-01-18 10:00:00+01:00,-1.4415,2.6208394,7.92,100.0,0.0,160.0,15.209606,8.092802
2026-01-18 11:00:00+01:00,-0.8415,1.9386592,6.4799995,100.0,0.0,360.0,13.464261,5.7224755
2026-01-18 12:00:00+01:00,0.2085,1.8,5.7599998,100.0,0.0,4220.0,20.647614,3.6192114
2026-01-18 13:00:00+01:00,0.2085,3.319036,6.4799995,100.0,0.0,4700.0,23.204739,4.3889384
2026-01-18 14:00:00+01:00,1.1085,2.3051248,7.92,80.0,0.0,10540.0,30.636887,7.238423
2026-01-18 15:00:00+01:00,1.4585,2.7416782,6.12,68.0,0.0,12640.0,30.337183,8.821657
2026-01-18 16:00:00+01:00,0.5085,3.096837,6.4799995,92.0,0.0,6480.0,16.43036,8.442291
2026-01-18 17:00:00+01:00,0.0585,3.2599385,6.12,98.0,0.0,4200.0,11.501252,12.320337
2026-01-18 18:00:00+01:00,-0.49150002,2.7416782,5.3999996,95.0,0.0,2540.0,12.269996,13.427569
2026-01-18 19:00:00+01:00,-1.3414999,3.0758414,5.3999996,91.0,0.0,520.0,25.65695,11.661699
2026-01-18 20:00:00+01:00,-1.8414999,2.52,5.04,100.0,0.0,160.0,27.315176,12.795845
2026-01-18 21:00:00+01:00,-1.8414999,2.7416782,4.68,100.0,0.0,220.0,28.135319,11.939204
2026-01-18 22:00:00+01:00,-1.4415,1.609969,5.04,100.0,0.0,120.0,28.45092,10.1040945
2026-01-18 23:00:00+01:00,-1.1415,2.16,4.32,100.0,0.0,280.0,30.694447,10.00832
2026-01-19 00:00:00+01:00,-0.9415,1.8,3.6,91.0,0.0,540.0,31.390156,10.857635
2026-01-19 01:00:00+01:00,-1.6415,1.609969,3.96,100.0,0.0,120.0,29.651783,14.543223
2026-01-19 02:00:00+01:00,-1.4914999,1.8,3.96,100.0,0.0,120.0,28.723324,16.245003
2026-01-19 03:00:00+01:00,-1.5415,2.0991426,3.6,100.0,0.0,140.0,30.175896,17.643314
2026-01-19 04:00:00+01:00,-1.8414999,2.16,5.3999996,100.0,0.0,100.0,29.082558,14.490146
2026-01-19 05:00:00+01:00,-1.5914999,2.5455842,5.7599998,100.0,0.0,140.0,29.465612,14.289349
2026-01-19 06:00:00+01:00,-1.6415,2.9024127,5.3999996,100.0,0.0,220.0,26.571424,12.241913
2026-01-19 07:00:00+01:00,-2.1415,1.9386592,5.3999996,100.0,0.0,140.0,18.992203,13.879042
2026-01-19 08:00:00+01:00,-2.3915,0.35999998,5.04,100.0,0.0,120.0,15.148044,10.839878
2026-01-19 09:00:00+01:00,-2.0915,3.396233,6.12,100.0,0.0,120.0,14.1559515,7.8511715
2026-01-19 10:00:00+01:00,-2.1415,1.1384199,6.12,100.0,0.0,200.0,15.5538645,5.7224755
2026-01-19 11:00:00+01:00,-0.9415,1.1384199,3.6,63.0,0.0,980.0,17.871193,5.0041595
2026-01-19 12:00:00+01:00,0.6085,1.484318,4.68,0.0,0.0,7920.0,18.594416,6.1445136
2026-01-19 13:00:00+01:00,0.5585,2.7416782,6.4799995,0.0,0.0,7340.0,12.512989,6.939521
2026-01-19 14:00:00+01:00,1.7585001,1.8,7.2,0.0,0.0,21700.0,13.701232,10.624495
2026-01-19 15:00:00+01:00,2.8585,4.5820518,9.0,0.0,0.0,28680.0,9.65603,13.398848
2026-01-19 16:00:00+01:00,1.4585,4.39436,10.08,0.0,0.0,16140.0,9.227144,16.11404
2026-01-19 17:00:00+01:00,0.2585,2.2768397,7.5599995,0.0,0.0,8080.0,14.075039,15.909525
2026-01-19 18:00:00+01:00,-0.4415,2.4149535,3.96,0.0,0.0,5120.0,11.883102,15.012479
2026-01-19 19:00:00+01:00,-1.2915,2.5455842,3.6,68.0,0.0,1420.0,6.524576,13.326771
2026-01-19 20:00:00+01:00,-2.1915,1.9386592,2.8799999,100.0,0.0,160.0,5.094838,10.330335
2026-01-19 21:00:00+01:00,-1.8915,2.3051248,3.6,100.0,0.0,100.0,7.6388597,10.180067
2026-01-19 22:00:00+01:00,-1.8414999,2.2768397,5.04,100.0,0.0,80.0,9.515216,10.180067
2026-01-19 23:00:00+01:00,-1.5415,2.16,5.04,100.0,0.0,80.0,11.528303,10.714764
2026-01-20 00:00:00+01:00,-1.6915,1.0182338,3.6,100.0,0.0,80.0,13.120569,10.5517235
2026-01-20 01:00:00+01:00,-2.0915,0.71999997,2.52,100.0,0.0,80.0,0.0,8.442291
2026-01-20 02:00:00+01:00,-2.2415,1.0182338,2.16,100.0,0.0,80.0,2.9178793,7.4482756
2026-01-20 03:00:00+01:00,-2.4915,1.835647,3.6,100.0,0.0,80.0,5.6366506,7.4740934
2026-01-20 04:00:00+01:00,-3.0915,1.484318,3.96,100.0,0.0,80.0,5.094838,5.551616
2026-01-20 05:00:00+01:00,-3.0915,1.0182338,3.2399998,100.0,0.0,100.0,12.039351,7.4740934
2026-01-20 06:00:00+01:00,-3.0414999,1.484318,3.2399998,100.0,0.0,100.0,12.108149,7.8511715
2026-01-20 07:00:00+01:00,-3.4415,3.7585104,6.12,100.0,0.0,160.0,9.394418,12.289027
2026-01-20 08:00:00+01:00,-3.7914999,3.319036,8.28,100.0,0.0,100.0,6.524576,13.283339
2026-01-20 09:00:00+01:00,-3.7415,2.8116899,6.4799995,100.0,0.0,160.0,4.2990294,14.476846
2026-01-20 10:00:00+01:00,-3.5414999,1.1384199,6.8399997,100.0,0.0,140.0,9.482423,13.326771
2026-01-20 11:00:00+01:00,-2.1415,1.1384199,3.2399998,66.0,0.0,800.0,11.671517,14.396789
2026-01-20 12:00:00+01:00,-0.6415,1.484318,4.32,14.0,0.0,6800.0,11.644798,15.566816
2026-01-20 13:00:00+01:00,1.4585,2.0364676,4.32,0.0,0.0,28340.0,11.02182,14.753624
2026-01-20 14:00:00+01:00,2.7085001,1.1384199,6.8399997,0.0,0.0,34300.0,16.360699,14.948187
2026-01-20 15:00:00+01:00,2.9585001,4.6938257,8.64,0.0,0.0,39340.0,11.254866,14.543223
2026-01-20 16:00:00+01:00,2.7585,5.1165614,9.0,0.0,0.0,27420.0,7.7468357,18.51695
2026-01-20 17:00:00+01:00,1.4085001,3.6,7.5599995,0.0,0.0,16520.0,8.253009,16.527136
2026-01-20 18:00:00+01:00,0.4085,1.9386592,6.4799995,0.0,0.0,6700.0,9.227144,18.096056
2026-01-20 19:00:00+01:00,0.2585,2.0364676,3.2399998,0.0,0.0,5440.0,6.0797453,16.292364
2026-01-20 20:00:00+01:00,0.008499999,1.8,3.96,0.0,0.0,8220.0,5.543783,17.256958
2026-01-20 21:00:00+01:00,-1.0914999,1.1384199,4.32,0.0,0.0,3260.0,7.3053656,13.781546
2026-01-20 22:00:00+01:00,-1.3915,1.9386592,2.16,100.0,0.0,100.0,8.202532,10.180067
2026-01-20 23:00:00+01:00,-2.4915,2.0991426,7.2,100.0,0.0,80.0,11.012396,11.0510645
2026-01-21 00:00:00+01:00,-2.1415,1.8,4.32,100.0,0.0,80.0,12.603934,12.4911375
2026-01-21 01:00:00+01:00,-1.4415,1.1384199,4.32,100.0,0.0,60.0,15.148044,14.4368725
2026-01-21 02:00:00+01:00,-1.6415,1.8,4.32,100.0,0.0,80.0,18.733494,19.832952
2026-01-21 03:00:00+01:00,-1.6915,2.16,4.32,100.0,0.0,120.0,21.610764,25.020798
2026-01-21 04:00:00+01:00,-2.1915,1.0182338,4.68,100.0,0.0,180.0,23.383032,18.25503
2026-01-21 05:00:00+01:00,-2.7914999,2.5959969,4.68,100.0,0.0,120.0,21.882908,16.952896
2026-01-21 06:00:00+01:00,-1.6415,3.6,6.8399997,0.0,0.0,8080.0,12.438086,13.739551
2026-01-21 07:00:00+01:00,-2.8915,3.096837,8.28,100.0,0.0,140.0,7.418196,11.858258
2026-01-21 08:00:00+01:00,-2.7415,3.7585104,14.759999,89.0,0.0,740.0,8.377872,5.855574
2026-01-21 09:00:00+01:00,-3.0414999,1.609969,7.5599995,100.0,0.0,120.0,3.8667102,1.7555753
2026-01-21 10:00:00+01:00,-3.2415,1.4399999,5.7599998,77.0,0.0,840.0,5.709857,5.855574
2026-01-21 11:00:00+01:00,-2.9915,1.2979984,6.4799995,91.0,0.0,260.0,8.21518,6.48019
2026-01-21 12:00:00+01:00,-1.2915,2.4149535,6.8399997,16.0,0.0,6120.0,8.402622,5.339374
2026-01-21 13:00:00+01:00,0.2585,3.0758414,8.64,0.0,0.0,11440.0,7.34788,6.7137847
2026-01-21 14:00:00+01:00,1.4585,3.6179552,9.0,0.0,0.0,27640.0,12.832521,7.4740934
2026-01-21 15:00:00+01:00,2.2585,5.315336,10.08,0.0,0.0,31560.0,14.589397,5.551616
2026-01-21 16:00:00+01:00,1.5585,3.7064266,11.159999,0.0,0.0,28820.0,19.616121,5.1183376
2026-01-21 17:00:00+01:00,0.6085,2.16,6.12,0.0,0.0,19560.0,21.461308,4.3889384
2026-01-21 18:00:00+01:00,-0.041500002,2.3051248,3.6,0.0,0.0,13460.0,20.465782,3.3425157
2026-01-21 19:00:00+01:00,-1.2915,2.968636,3.2399998,0.0,0.0,4840.0,17.441916,5.7224755
2026-01-21 20:00:00+01:00,-2.2914999,3.319036,5.04,0.0,0.0,3400.0,14.133929,4.7270317
2026-01-21 21:00:00+01:00,-3.0414999,2.1897945,5.3999996,49.0,0.0,2160.0,9.65603,5.551616
2026-01-21 22:00:00+01:00,-3.4415,1.609969,2.8799999,100.0,0.0,160.0,7.971428,6.939521
2026-01-21 23:00:00+01:00,-3.7415,1.609969,3.96,100.0,0.0,120.0,8.706063,5.7224755
2026-01-22 00:00:00+01:00,-3.7415,1.0182338,3.2399998,100.0,0.0,120.0,10.118097,6.6850314
2026-01-22 01:00:00+01:00,-3.5414999,1.609969,4.68,100.0,0.0,180.0,10.401459,8.1638975
2026-01-22 02:00:00+01:00,-3.9915001,2.16,4.32,100.0,0.0,120.0,8.800955,10.274241
2026-01-22 03:00:00+01:00,-3.7914999,3.319036,6.4799995,100.0,0.0,140.0,9.994198,12.289027
2026-01-22 04:00:00+01:00,-4.2415004,1.9386592,5.7599998,100.0,0.0,120.0,16.755745,13.326771
2026-01-22 05:00:00+01:00,-3.8915,6.696387,12.24,100.0,0.0,140.0,25.079855,13.626929
2026-01-22 06:00:00+01:00,-2.7415,5.3517847,12.24,83.0,0.0,1060.0,28.183254,11.939203
2026-01-22 07:00:00+01:00,-2.7415,2.2768397,8.64,22.0,0.0,3480.0,23.542343,12.659634
2026-01-22 08:00:00+01:00,-3.0414999,3.5455887,6.8399997,38.0,0.0,4120.0,20.11784,14.003396
2026-01-22 09:00:00+01:00,-2.9915,2.968636,5.3999996,0.0,0.0,8700.0,11.401515,13.152178
2026-01-22 10:00:00+01:00,-2.9415,2.8116899,5.3999996,87.0,0.0,400.0,7.291139,10.714764
2026-01-22 11:00:00+01:00,-2.8915,3.6,7.92,100.0,0.0,220.0,8.706063,9.227215
2026-01-22 12:00:00+01:00,-1.6915,2.5455842,6.4799995,95.0,0.0,1360.0,10.087265,10.606349
2026-01-22 13:00:00+01:00,-1.4415,1.08,7.2,89.0,0.0,1340.0,7.4739733,7.5510154
2026-01-22 14:00:00+01:00,-0.6915,2.5455842,7.2,78.0,0.0,4820.0,5.941551,9.392738
2026-01-22 15:00:00+01:00,0.1585,1.8,6.4799995,4.0,0.0,11960.0,5.195736,9.331011
2026-01-22 16:00:00+01:00,0.0585,1.1384199,5.3999996,0.0,0.0,8740.0,5.993747,7.8511715
2026-01-22 17:00:00+01:00,-0.041500002,1.8,2.52,0.0,0.0,9440.0,2.8820758,8.886923
2026-01-22 18:00:00+01:00,-0.49150002,1.1384199,3.2399998,0.0,0.0,7780.0,1.643036,15.329903
2026-01-22 19:00:00+01:00,-1.1415,3.096837,7.2,0.0,0.0,5440.0,5.155614,13.0492525
2026-01-22 20:00:00+01:00,-1.0914999,1.08,7.92,0.0,0.0,10880.0,5.9240503,13.626929
2026-01-22 21:00:00+01:00,-0.8915,3.0758414,4.32,0.0,0.0,18500.0,10.411436,14.543223
2026-01-22 22:00:00+01:00,-1.1915,3.2399998,8.28,0.0,0.0,22060.0,13.859459,12.241913
2026-01-22 23:00:00+01:00,-1.0914999,2.0364676,4.68,0.0,0.0,23860.0,13.836966,13.626929
2026-01-23 00:00:00+01:00,-1.0415,3.9763298,5.7599998,22.0,0.0,27680.0,11.883102,14.922391
2026-01-23 01:00:00+01:00,-1.7915,2.5455842,5.7599998,10.0,0.0,19080.0,7.418196,18.170418
2026-01-23 02:00:00+01:00,-2.6415,2.8799999,5.04,3.0,0.0,9340.0,5.941551,19.490047
2026-01-23 03:00:00+01:00,-2.8415,3.219938,5.7599998,0.0,0.0,8660.0,5.941551,18.516953
2026-01-23 04:00:00+01:00,-3.1415,2.7416782,4.68,0.0,0.0,5140.0,4.2990294,19.98775
2026-01-23 05:00:00+01:00,-3.4915,2.1897945,5.04,0.0,0.0,4180.0,2.6571426,14.072007
2026-01-23 06:00:00+01:00,-3.5915,1.8,3.6,0.0,0.0,4740.0,4.907998,14.153901
2026-01-23 07:00:00+01:00,-4.2915,1.9386592,6.12,59.0,0.0,1340.0,6.444517,16.65485
2026-01-23 08:00:00+01:00,-4.0415,2.1897945,3.2399998,0.0,0.0,4640.0,9.784211,17.78468
2026-01-23 09:00:00+01:00,-4.2415004,3.319036,5.04,32.0,0.0,2620.0,11.319258,15.329903
2026-01-23 10:00:00+01:00,-2.7914999,3.2599385,7.5599995,0.0,0.0,5740.0,8.11344,17.773846
2026-01-23 11:00:00+01:00,-1.6415,2.0364676,6.4799995,0.0,0.0,6960.0,9.079681,13.948265
2026-01-23 12:00:00+01:00,0.0585,4.510787,9.36,0.0,0.0,17460.0,7.543114,13.398848
2026-01-23 13:00:00+01:00,0.6085,7.5942082,13.32,0.0,0.0,17420.0,11.012396,18.91831
2026-01-23 14:00:00+01:00,0.3085,4.5820518,15.84,79.0,0.0,8000.0,12.0307255,19.794064
2026-01-23 15:00:00+01:00,0.2585,6.297428,14.04,83.0,0.0,6840.0,10.004581,20.265303
2026-01-23 16:00:00+01:00,-0.54150003,2.3051248,10.08,94.0,0.0,2720.0,3.67394,17.489796
2026-01-23 17:00:00+01:00,-0.8415,1.9386592,6.4799995,84.0,0.0,3340.0,4.556962,15.102031
2026-01-23 18:00:00+01:00,-1.0914999,1.835647,5.3999996,0.0,0.0,3660.0,7.7468357,23.95894
2026-01-23 19:00:00+01:00,-1.4415,1.8,1.8,95.0,0.0,840.0,1.4410379,42.370876
2026-01-23 20:00:00+01:00,-1.5914999,1.484318,2.8799999,100.0,0.0,600.0,2.453999,48.62421
2026-01-23 21:00:00+01:00,-2.1415,1.8,5.3999996,100.0,0.0,100.0,2.453999,35.292084
2026-01-23 22:00:00+01:00,-2.2914999,2.5959969,6.8399997,100.0,0.0,80.0,7.0889688,40.344826
2026-01-23 23:00:00+01:00,-2.2914999,4.379589,7.5599995,100.0,0.0,80.0,18.21075,44.143208
2026-01-24 00:00:00+01:00,-2.1915,2.5455842,11.5199995,100.0,0.0,80.0,29.87157,39.845184
2026-01-24 01:00:00+01:00,-1.9914999,4.3349743,7.92,100.0,0.0,120.0,32.35443,44.590405
2026-01-24 02:00:00+01:00,-1.0914999,7.8954163,15.4800005,91.0,0.0,1000.0,33.01518,45.95619
2026-01-24 03:00:00+01:00,-0.3915,7.7043357,13.679999,71.0,0.0,3360.0,34.301548,41.026596
2026-01-24 04:00:00+01:00,0.0585,6.3690495,14.4,17.0,0.0,4680.0,28.344889,30.267769
2026-01-24 05:00:00+01:00,0.1585,1.609969,9.36,3.0,0.0,7400.0,12.636843,28.592175
2026-01-24 06:00:00+01:00,-0.19150001,4.6938257,7.5599995,0.0,0.0,7220.0,7.7602262,28.048029
2026-01-24 07:00:00+01:00,-0.8915,4.6800003,9.36,14.0,0.0,3120.0,7.7602262,27.204338
2026-01-24 08:00:00+01:00,-1.1915,4.198285,10.440001,0.0,0.0,3960.0,10.240498,18.328745
2026-01-24 09:00:00+01:00,-1.4914999,4.2136917,7.92,8.0,0.0,3600.0,11.618018,11.939204
2026-01-24 10:00:00+01:00,-0.1415,3.6179552,9.0,22.0,0.0,6940.0,10.401459,5.3031745
2026-01-24 11:00:00+01:00,1.3585,3.5455887,7.5599995,16.0,0.0,11440.0,12.261531,2.5591688
2026-01-24 12:00:00+01:00,2.5585,2.3051248,7.2,50.0,0.0,16180.0,9.227144,6.939521
2026-01-24 13:00:00+01:00,2.1085,3.671294,7.5599995,79.0,0.0,6000.0,6.330734,11.711148
2026-01-24 14:00:00+01:00,3.1585,2.4149535,5.7599998,70.0,0.0,15320.0,5.506198,13.427569
2026-01-24 15:00:00+01:00,3.2085001,11.246759,19.8,0.0,0.0,25180.0,12.961332,15.152965
2026-01-24 16:00:00+01:00,2.2085001,5.1919937,23.4,0.0,0.0,22700.0,14.133929,17.78468
2026-01-24 17:00:00+01:00,1.5585,0.35999998,8.64,64.0,0.0,21540.0,8.706063,21.185438
2026-01-24 18:00:00+01:00,0.3085,4.3349743,7.2,90.0,0.0,3220.0,6.444517,21.944693
2026-01-24 19:00:00+01:00,0.70849997,4.3498964,7.5599995,100.0,0.0,3260.0,8.377872,23.757093
2026-01-24 20:00:00+01:00,0.6585,2.7416782,7.92,100.0,0.0,2700.0,5.487309,25.71933
2026-01-24 21:00:00+01:00,0.7585,4.5820518,6.4799995,100.0,0.0,3040.0,6.524576,26.076353
2026-01-24 22:00:00+01:00,0.70849997,0.8049845,6.4799995,97.0,0.0,3800.0,14.482251,23.659594
2026-01-24 23:00:00+01:00,0.5085,1.0182338,5.7599998,100.0,0.0,3200.0,12.379514,29.23178
2026-01-25 00:00:00+01:00,0.4085,3.2399998,6.4799995,100.0,0.0,3120.0,9.350104,32.042255
2026-01-25 01:00:00+01:00,0.5585,2.3051248,4.32,100.0,0.0,3340.0,13.889393,28.266945
2026-01-25 02:00:00+01:00,0.5085,1.9386592,5.7599998,95.0,0.0,3320.0,15.818631,28.980291
2026-01-25 03:00:00+01:00,0.5085,3.0758414,4.68,100.0,0.0,3060.0,16.805244,25.020798
2026-01-25 04:00:00+01:00,0.5585,2.4149535,6.12,99.0,0.0,3540.0,19.46735,18.45443
2026-01-25 05:00:00+01:00,0.5585,2.9024127,5.04,92.0,0.0,2960.0,18.904528,21.733002
2026-01-25 06:00:00+01:00,0.5085,5.1165614,9.0,86.0,0.0,2740.0,20.184822,32.65559
2026-01-25 07:00:00+01:00,0.4585,4.3349743,8.64,88.0,0.0,3000.0,18.392296,21.759575
2026-01-25 08:00:00+01:00,0.3585,3.9763298,7.2,65.0,0.0,3460.0,17.123507,26.71851
2026-01-25 09:00:00+01:00,0.4085,2.52,6.12,83.0,0.0,3920.0,19.333553,26.69687
2026-01-25 10:00:00+01:00,0.9085,3.6,4.32,82.0,0.0,3780.0,21.085493,20.208189
2026-01-25 11:00:00+01:00,1.7085,5.3999996,10.08,72.0,0.0,5320.0,21.006556,23.789505
2026-01-25 12:00:00+01:00,2.7085001,6.12,14.4,91.0,0.0,12980.0,20.966978,21.230852
2026-01-25 13:00:00+01:00,3.0085,4.5536795,11.879999,67.0,0.0,19480.0,30.107002,14.490146
2026-01-25 14:00:00+01:00,3.6085,5.0142193,11.159999,52.0,0.0,24780.0,30.586008,13.556066
2026-01-25 15:00:00+01:00,3.4585001,6.830519,13.679999,58.0,0.0,21460.0,27.34557,17.752157
2026-01-25 16:00:00+01:00,2.8085,4.829907,12.599999,21.0,0.0,18300.0,20.981829,20.331732
2026-01-25 17:00:00+01:00,2.0085,5.904439,10.08,5.0,0.0,15780.0,22.857605,24.843096
2026-01-25 18:00:00+01:00,1.3085,6.1305785,11.5199995,0.0,0.0,10980.0,18.027378,28.266945
2026-01-25 19:00:00+01:00,1.3085,6.1305785,11.879999,60.0,0.0,15620.0,14.843389,30.312284
2026-01-25 20:00:00+01:00,1.3585,6.1305785,11.159999,100.0,0.0,13160.0,20.52657,29.721897
2026-01-25 21:00:00+01:00,1.4585,6.9153743,11.879999,67.0,0.0,13160.0,25.31063,33.769165
2026-01-25 22:00:00+01:00,1.9085001,8.049845,15.84,79.0,0.0,16920.0,29.707758,32.281826
2026-01-25 23:00:00+01:00,1.8085,6.3690495,13.32,62.0,0.0,14020.0,31.548529,26.076353
2026-01-26 00:00:00+01:00,1.6585001,6.6087217,11.879999,55.0,0.0,15800.0,27.718918,25.448275
2026-01-26 01:00:00+01:00,1.8085,5.3999996,11.159999,56.0,0.0,16740.0,27.976185,33.367477
2026-01-26 02:00:00+01:00,1.6585001,5.5887027,10.08,91.0,0.0,15460.0,30.947105,36.877533
2026-01-26 03:00:00+01:00,1.7085,4.1046314,9.36,83.0,0.0,15260.0,33.61358,36.133522
2026-01-26 04:00:00+01:00,1.5085001,4.73506,6.8399997,87.0,0.2,8260.0,37.49469,35.574776
2026-01-26 05:00:00+01:00,1.8085,5.692099,9.36,98.0,0.1,8160.0,33.517685,38.04478
2026-01-26 06:00:00+01:00,1.6085,4.8433046,9.0,99.0,0.2,6720.0,33.41841,40.387775
2026-01-26 07:00:00+01:00,2.1085,7.172949,10.08,91.0,0.1,8560.0,39.78152,44.844555
2026-01-26 08:00:00+01:00,1.8585,7.6367526,13.32,99.0,0.2,6700.0,49.444614,42.868042
2026-01-26 09:00:00+01:00,2.0585,5.6002855,12.599999,96.0,0.8,7400.0,50.793266,42.868042
2026-01-26 10:00:00+01:00,2.7585,5.6002855,13.679999,100.0,0.4,9180.0,45.40527,45.327347
2026-01-26 11:00:00+01:00,3.3585,9.290511,16.919998,92.0,0.3,15340.0,50.051956,42.370876
2026-01-26 12:00:00+01:00,4.1085,11.983188,21.96,87.0,0.0,23420.0,44.350266,42.660843
2026-01-26 13:00:00+01:00,4.4084997,12.879752,27.359999,96.0,0.0,30500.0,38.801132,42.279854
2026-01-26 14:00:00+01:00,4.5084996,9.983106,23.4,100.0,0.0,30820.0,37.907784,39.767754
2026-01-26 15:00:00+01:00,4.7584996,9.346143,17.28,98.0,0.0,30780.0,37.62461,37.246548
2026-01-26 16:00:00+01:00,4.8585,5.8048253,16.56,90.0,0.0,25860.0,34.1529,40.843075
2026-01-26 17:00:00+01:00,4.0085,3.7064266,10.799999,48.0,0.0,22280.0,40.065,41.10165
2026-01-26 18:00:00+01:00,3.4085,3.96,7.5599995,80.0,0.0,30840.0,32.825947,34.697605
2026-01-26 19:00:00+01:00,3.9085,2.4149535,5.7599998,85.0,0.0,36280.0,29.3137,30.722569
2026-01-26 20:00:00+01:00,2.5585,4.6102495,7.92,22.0,0.0,24000.0,32.99316,29.23178
2026-01-26 21:00:00+01:00,2.0085,2.9024127,7.5599995,39.0,0.0,23560.0,33.090572,32.65559
2026-01-26 22:00:00+01:00,2.0585,1.2979984,6.8399997,11.0,0.0,29140.0,34.88383,28.659466
2026-01-26 23:00:00+01:00,1.4585,4.829907,6.8399997,4.0,0.0,23320.0,32.816452,30.204062
2026-01-27 00:00:00+01:00,0.8585,6.0347,9.72,0.0,0.0,18920.0,27.356956,29.337025
2026-01-27 01:00:00+01:00,0.8085,6.28713,11.879999,8.0,0.0,19460.0,22.638515,31.679502
2026-01-27 02:00:00+01:00,0.6085,5.4477882,11.159999,0.0,0.0,22400.0,17.590109,31.133633
2026-01-27 03:00:00+01:00,0.2585,3.7064266,8.64,0.0,0.0,22020.0,18.073395,32.490005
2026-01-27 04:00:00+01:00,0.2585,3.6179552,6.12,0.0,0.0,26460.0,21.920834,39.319595
2026-01-27 05:00:00+01:00,-0.79150003,4.802999,9.0,0.0,0.0,15260.0,20.782944,38.56276
2026-01-27 06:00:00+01:00,-0.8915,3.5455887,9.36,0.0,0.0,20600.0,18.964846,34.14357
2026-01-27 07:00:00+01:00,-1.2915,3.0547013,7.92,0.0,0.0,17580.0,16.959002,31.312546
2026-01-27 08:00:00+01:00,-1.7414999,1.835647,6.12,0.0,0.0,17960.0,15.587208,33.269196
2026-01-27 09:00:00+01:00,-1.1415,0.0,3.6,0.0,0.0,21200.0,13.655687,33.568924
2026-01-27 10:00:00+01:00,-1.2915,1.0182338,4.68,0.0,0.0,15240.0,13.594724,39.709587
2026-01-27 11:00:00+01:00,-0.1415,1.8,8.28,0.0,0.0,14180.0,11.715913,42.791584
2026-01-27 12:00:00+01:00,1.2085,5.692099,11.159999,0.0,0.0,18580.0,10.638335,44.968952
2026-01-27 13:00:00+01:00,3.1085,4.8433046,11.879999,0.0,0.0,38820.0,9.227144,45.344337
2026-01-27 14:00:00+01:00,2.7585,8.12197,14.04,0.0,0.0,35220.0,7.958391,38.065025
2026-01-27 15:00:00+01:00,2.4585001,1.835647,14.4,0.0,0.0,42700.0,14.482251,21.617472
2026-01-27 16:00:00+01:00,2.5085,2.3051248,12.959999,100.0,0.0,44280.0,18.233543,35.682907
2026-01-27 17:00:00+01:00,2.2085001,7.9932966,14.04,0.0,0.3,35260.0,21.591537,26.566677
2026-01-27 18:00:00+01:00,2.6085,3.8268526,13.679999,31.0,0.0,54180.0,13.836966,21.002802
2026-01-27 19:00:00+01:00,2.5585,5.0142193,6.12,0.0,0.0,50540.0,6.572144,36.160164
2026-01-27 20:00:00+01:00,2.0585,3.396233,6.4799995,22.0,0.0,41320.0,13.670886,55.855167
2026-01-27 21:00:00+01:00,1.9585,4.73506,8.64,54.0,0.0,46160.0,18.904528,49.608597
2026-01-27 22:00:00+01:00,1.3585,5.3999996,9.36,65.0,0.2,20580.0,15.500371,55.35633
2026-01-27 23:00:00+01:00,1.5585,2.968636,12.24,75.0,0.5,13560.0,26.73504,35.860607
2026-01-28 00:00:00+01:00,1.1585001,1.0182338,9.36,43.0,0.7,6220.0,12.669665,28.933727
2026-01-28 01:00:00+01:00,1.0085,2.8799999,2.8799999,0.0,0.0,3540.0,10.754816,16.433628
2026-01-28 02:00:00+01:00,0.8585,1.1384199,6.4799995,0.0,0.0,4200.0,1.4410379,20.41682
2026-01-28 03:00:00+01:00,1.0085,2.9024127,5.7599998,0.0,0.0,7440.0,8.11344,32.82621
2026-01-28 04:00:00+01:00,0.7585,1.484318,4.32,48.0,0.0,6860.0,10.311228,27.875805
2026-01-28 05:00:00+01:00,0.6585,2.9024127,3.6,58.0,0.0,5860.0,9.612922,33.568924
2026-01-28 06:00:00+01:00,0.4585,2.6208394,3.96,47.0,0.0,6240.0,8.987734,32.620174
2026-01-28 07:00:00+01:00,0.008499999,2.5455842,3.96,100.0,0.0,160.0,12.84061,19.430658
2026-01-28 08:00:00+01:00,-0.3415,2.968636,6.8399997,100.0,0.0,140.0,7.418196,25.319267
2026-01-28 09:00:00+01:00,-0.041500002,3.2599385,5.7599998,100.0,0.0,140.0,3.8667102,41.752625
2026-01-28 10:00:00+01:00,0.4585,3.396233,7.2,87.0,0.0,2400.0,4.201311,24.491692
2026-01-28 11:00:00+01:00,1.3585,3.096837,5.7599998,78.0,0.0,3200.0,4.201311,23.586206
2026-01-28 12:00:00+01:00,2.3085,2.1897945,7.2,72.0,0.0,2720.0,5.993747,23.659594
2026-01-28 13:00:00+01:00,2.4585001,1.5273507,6.4799995,85.0,0.0,12480.0,5.7641516,17.390388
2026-01-28 14:00:00+01:00,2.4585001,2.16,4.32,91.0,0.3,9840.0,8.215179,21.679756
2026-01-28 15:00:00+01:00,2.3585,2.0991426,4.32,87.0,0.4,7520.0,9.515216,18.328745
2026-01-28 16:00:00+01:00,1.8585,3.563818,5.04,90.0,0.1,4120.0,10.638335,15.367554
2026-01-28 17:00:00+01:00,1.3585,3.096837,7.2,88.0,0.4,3140.0,13.495072,28.953691
2026-01-28 18:00:00+01:00,1.0085,2.0991426,4.68,89.0,0.4,2620.0,16.959,22.788692
2026-01-28 19:00:00+01:00,1.0585,2.3051248,6.12,86.0,0.3,2640.0,18.239237,19.62793
2026-01-28 20:00:00+01:00,0.8085,3.5455887,5.7599998,90.0,0.1,2280.0,20.055809,23.397612
2026-01-28 21:00:00+01:00,0.8585,2.8116899,5.7599998,90.0,0.1,2500.0,24.216297,27.04099
2026-01-28 22:00:00+01:00,0.9085,2.52,4.32,91.0,0.0,2240.0,24.662384,29.251541
2026-01-28 23:00:00+01:00,1.0085,3.5455887,6.12,83.0,0.0,2380.0,27.632627,29.857687
2026-01-29 00:00:00+01:00,1.0085,3.6179552,6.4799995,86.0,0.0,2720.0,29.41977,29.999285
2026-01-29 01:00:00+01:00,1.3085,3.7585104,6.4799995,97.0,0.0,2840.0,29.409178,25.273579
2026-01-29 02:00:00+01:00,1.3585,3.319036,7.2,88.0,0.0,3880.0,31.637262,25.935617
2026-01-29 03:00:00+01:00,1.2085,3.96,7.5599995,92.0,0.3,3240.0,30.299517,28.853722
2026-01-29 04:00:00+01:00,1.1085,1.9386592,6.12,88.0,0.5,2940.0,31.101055,28.719894
2026-01-29 05:00:00+01:00,0.6085,3.671294,5.3999996,92.0,0.5,2120.0,34.23792,23.594372
2026-01-29 06:00:00+01:00,0.4085,3.0758414,7.5599995,85.0,0.5,2140.0,37.383755,21.733002
2026-01-29 07:00:00+01:00,0.9085,4.3498964,7.5599995,86.0,0.2,2900.0,41.05567,29.27787
2026-01-29 08:00:00+01:00,0.95849997,4.3498964,7.92,88.0,0.2,3820.0,36.23286,33.042614
2026-01-29 09:00:00+01:00,1.1085,4.6800003,8.28,85.0,0.3,3340.0,32.469753,27.48611
2026-01-29 10:00:00+01:00,1.6585001,6.297428,9.72,83.0,0.2,3520.0,23.351929,26.348255
2026-01-29 11:00:00+01:00,2.5085,6.4799995,12.24,84.0,0.2,6860.0,25.166643,24.103226
2026-01-29 12:00:00+01:00,3.2585,5.8603754,12.24,88.0,0.1,7720.0,23.974989,23.3729
2026-01-29 13:00:00+01:00,3.8085,6.638072,13.32,91.0,0.0,12300.0,22.624754,23.757093
2026-01-29 14:00:00+01:00,4.0085,7.24486,15.4800005,85.0,0.1,25300.0,24.662384,21.402544
2026-01-29 15:00:00+01:00,4.0085,7.6367526,15.119999,85.0,0.4,16760.0,20.782944,18.62069
2026-01-29 16:00:00+01:00,3.9585001,3.6,12.959999,88.0,0.3,14000.0,19.344288,15.367554
2026-01-29 17:00:00+01:00,3.5585,2.0991426,5.3999996,79.0,0.0,13660.0,17.352394,12.5680065
2026-01-29 18:00:00+01:00,2.8585,2.968636,5.04,69.0,0.0,9700.0,15.66031,10.180067
2026-01-29 19:00:00+01:00,2.5585,4.3349743,6.8399997,92.0,0.0,4820.0,14.1559515,9.164372
2026-01-29 20:00:00+01:00,2.5085,4.3349743,7.5599995,84.0,0.1,8520.0,13.270073,5.3031745
2026-01-29 21:00:00+01:00,2.1585,4.0249224,7.2,85.0,0.0,11060.0,9.383359,6.8275857
2026-01-29 22:00:00+01:00,1.3585,4.802999,7.5599995,56.0,0.0,6580.0,9.994198,10.4046545
2026-01-29 23:00:00+01:00,0.95849997,4.452954,7.92,44.0,0.0,9400.0,12.897088,10.274241
2026-01-30 00:00:00+01:00,0.9085,4.2136917,7.2,24.0,0.0,11920.0,14.133929,10.678748
2026-01-30 01:00:00+01:00,0.5085,4.6800003,7.92,0.0,0.0,9940.0,12.832521,11.9230585
2026-01-30 02:00:00+01:00,0.008499999,4.829907,8.64,0.0,0.0,7040.0,11.171529,14.153901
2026-01-30 03:00:00+01:00,-0.49150002,4.8965297,8.64,0.0,0.0,4920.0,9.215885,16.527136
2026-01-30 04:00:00+01:00,-0.9415,4.0249224,7.92,0.0,0.0,4180.0,9.952556,15.566816
2026-01-30 05:00:00+01:00,-1.3414999,1.8,6.8399997,65.0,0.0,2780.0,11.618018,14.476846
2026-01-30 06:00:00+01:00,-1.0914999,2.2768397,3.96,100.0,0.0,800.0,11.644798,18.599987
2026-01-30 07:00:00+01:00,-0.99149996,3.0758414,4.68,100.0,0.0,80.0,15.311664,27.04099
2026-01-30 08:00:00+01:00,-0.6415,1.8,6.12,100.0,0.0,100.0,15.466841,26.253044
2026-01-30 09:00:00+01:00,-0.3415,2.968636,5.04,100.0,0.0,100.0,19.972805,20.938503
2026-01-30 10:00:00+01:00,0.1585,1.8,8.28,60.0,0.0,2480.0,20.323233,25.357279
2026-01-30 11:00:00+01:00,0.8585,3.219938,7.2,99.0,0.0,1080.0,19.166344,27.549112
2026-01-30 12:00:00+01:00,1.2585001,4.379589,10.08,100.0,0.2,8720.0,27.617594,29.896374
2026-01-30 13:00:00+01:00,0.2585,7.7043357,11.5199995,100.0,1.0,240.0,34.44352,44.082073
2026-01-30 14:00:00+01:00,0.7585,8.699793,15.84,92.0,1.3,1000.0,52.023262,43.981453
2026-01-30 15:00:00+01:00,1.0585,8.089993,16.199999,100.0,0.3,3020.0,57.223904,39.90315
2026-01-30 16:00:00+01:00,1.2585001,7.289445,15.119999,83.0,0.0,3640.0,57.49904,39.103443
2026-01-30 17:00:00+01:00,1.5085001,7.42159,12.959999,92.0,0.1,6460.0,54.342606,33.042614
2026-01-30 18:00:00+01:00,1.7085,6.8777895,15.119999,73.0,0.1,9360.0,46.53013,37.493973
2026-01-30 19:00:00+01:00,1.8085,5.1165614,11.879999,74.0,0.0,10020.0,45.83316,37.10146
2026-01-30 20:00:00+01:00,1.6085,5.1165614,9.36,74.0,0.0,10080.0,41.688107,39.709587
2026-01-30 21:00:00+01:00,1.6585001,6.4096174,11.5199995,72.0,0.0,11740.0,43.58038,34.697605
2026-01-30 22:00:00+01:00,1.6585001,4.0249224,12.24,49.0,0.0,11240.0,34.70479,28.853722
2026-01-30 23:00:00+01:00,1.6585001,4.0249224,6.4799995,0.0,0.0,14740.0,28.549284,29.857687
2026-01-31 00:00:00+01:00,1.6085,1.9386592,6.12,0.0,0.0,18500.0,22.624752,23.878408
2026-01-31 01:00:00+01:00,1.3085,2.6208394,3.2399998,0.0,0.0,9400.0,19.71643,18.516953
2026-01-31 02:00:00+01:00,0.3085,4.6800003,7.5599995,0.0,0.0,7440.0,14.674548,16.327795
2026-01-31 03:00:00+01:00,-0.5915,5.315336,9.36,0.0,0.0,5560.0,11.392405,15.102031
2026-01-31 04:00:00+01:00,-0.5915,5.4833565,10.08,0.0,0.0,5600.0,6.835443,15.11478
2026-01-31 05:00:00+01:00,-0.99149996,3.8939953,9.36,0.0,0.0,4860.0,2.7718916,10.839878
2026-01-31 06:00:00+01:00,-1.0415,4.829907,7.2,0.0,0.0,6740.0,3.8667102,4.475857
2026-01-31 07:00:00+01:00,-1.4914999,3.8773184,7.92,0.0,0.0,3620.0,4.907998,7.0769506
2026-01-31 08:00:00+01:00,-1.7915,3.5455887,6.12,0.0,0.0,3900.0,5.333787,4.8477407
2026-01-31 09:00:00+01:00,-1.4415,3.4152596,6.12,16.0,0.0,2980.0,11.883102,1.9627929
2026-01-31 10:00:00+01:00,-0.041500002,4.1046314,8.28,100.0,0.0,440.0,13.678478,2.4827583
2026-01-31 11:00:00+01:00,1.1585001,2.4149535,8.28,100.0,0.0,1560.0,10.520563,4.5186887
2026-01-31 12:00:00+01:00,1.7585001,1.9386592,5.04,100.0,0.0,2080.0,7.0743074,6.390391
2026-01-31 13:00:00+01:00,2.1085,4.0249224,7.92,100.0,0.0,1540.0,4.57969,6.390391
2026-01-31 14:00:00+01:00,2.0085,1.484318,10.08,100.0,0.0,3080.0,1.9333551,3.1034482
2026-01-31 15:00:00+01:00,1.8085,2.8799999,12.24,100.0,0.0,4960.0,6.728273,3.7755077
2026-01-31 16:00:00+01:00,1.4585,2.6208394,7.92,100.0,0.0,4560.0,7.971428,3.7241378
2026-01-31 17:00:00+01:00,0.95849997,3.219938,6.4799995,100.0,0.0,4520.0,7.7468357,3.6192114
2026-01-31 18:00:00+01:00,0.5585,3.671294,6.4799995,100.0,0.0,3200.0,10.240498,5.551616
2026-01-31 19:00:00+01:00,0.6085,3.319036,7.5599995,100.0,0.0,1980.0,9.045312,8.821657
2026-01-31 20:00:00+01:00,0.6085,4.5536795,7.92,100.0,0.0,3200.0,5.094838,9.695481
2026-01-31 21:00:00+01:00,0.5085,3.0758414,8.28,98.0,0.0,4000.0,3.1898732,10.569963
2026-01-31 22:00:00+01:00,0.70849997,3.0547013,5.7599998,100.0,0.0,3620.0,3.757767,9.474416
2026-01-31 23:00:00+01:00,0.5585,2.3051248,6.12,100.0,0.0,3440.0,2.7718916,10.839878
2026-02-01 00:00:00+01:00,0.4585,1.2979984,3.2399998,99.0,0.0,3280.0,4.6916795,11.939204
2026-02-01 01:00:00+01:00,0.5085,2.3051248,3.96,100.0,0.0,3840.0,4.757608,9.931033
2026-02-01 02:00:00+01:00,0.4585,0.8049845,3.6,100.0,0.0,4180.0,5.195736,8.886923
2026-02-01 03:00:00+01:00,0.4085,2.2768397,2.8799999,99.0,0.0,4180.0,7.3053656,5.1183376
2026-02-01 04:00:00+01:00,0.3085,2.2768397,4.68,100.0,0.0,5280.0,6.198138,3.5111506
2026-02-01 05:00:00+01:00,0.2585,2.6208394,5.7599998,100.0,0.0,5180.0,9.394418,1.9627929
2026-02-01 06:00:00+01:00,0.2085,3.8268526,6.4799995,100.0,0.0,5000.0,9.65603,3.9743526
2026-02-01 07:00:00+01:00,0.1585,3.0758414,7.5599995,100.0,0.0,5640.0,7.3053656,5.8883786
2026-02-01 08:00:00+01:00,0.108500004,5.1919937,9.36,100.0,0.0,3160.0,7.34788,4.7270317
2026-02-01 09:00:00+01:00,0.2085,6.1305785,10.799999,100.0,0.0,3520.0,4.57969,4.7270317
2026-02-01 10:00:00+01:00,0.4085,4.510787,11.5199995,80.0,0.0,5340.0,3.4704785,6.48019
2026-02-01 11:00:00+01:00,1.1085,4.1046314,11.159999,73.0,0.0,9200.0,4.556962,3.3425157
2026-02-01 12:00:00+01:00,2.5085,1.4399999,8.28,42.0,0.0,16240.0,5.941551,2.775808
2026-02-01 13:00:00+01:00,3.5585,2.0364676,6.12,28.0,0.0,22520.0,3.89347,2.2379284
2026-02-01 14:00:00+01:00,4.4084997,2.16,6.12,37.0,0.0,29200.0,3.67394,4.8477407
2026-02-01 15:00:00+01:00,4.7584996,1.9386592,6.4799995,49.0,0.0,30900.0,4.201311,6.598021
2026-02-01 16:00:00+01:00,5.1085,1.9386592,4.68,26.0,0.0,34820.0,2.453999,9.695481
2026-02-01 17:00:00+01:00,3.9585001,3.0547013,5.3999996,16.0,0.0,21920.0,4.57969,11.444951
2026-02-01 18:00:00+01:00,2.3585,4.1046314,5.3999996,5.0,0.0,14940.0,5.993747,14.289349
2026-02-01 19:00:00+01:00,1.0585,3.5455887,5.7599998,41.0,0.0,7760.0,7.1327734,20.055098
2026-02-01 20:00:00+01:00,0.7585,3.396233,6.12,43.0,0.0,9340.0,7.7602262,22.82248
2026-02-01 21:00:00+01:00,0.7585,3.0547013,4.32,7.0,0.0,11020.0,10.118097,28.699764
2026-02-01 22:00:00+01:00,0.4085,3.5455887,4.32,53.0,0.0,10840.0,12.905135,31.337141
2026-02-01 23:00:00+01:00,0.1585,3.396233,7.2,3.0,0.0,7780.0,13.033229,31.170732
2026-02-02 00:00:00+01:00,0.5585,1.0182338,5.04,67.0,0.0,10440.0,14.301892,31.806936
2026-02-02 01:00:00+01:00,0.3085,1.8,2.8799999,39.0,0.0,5440.0,9.688234,30.439116
2026-02-02 02:00:00+01:00,0.108500004,2.52,4.32,78.0,0.0,3880.0,11.501252,34.62536
2026-02-02 03:00:00+01:00,-0.041500002,2.5455842,6.12,77.0,0.0,6120.0,14.272824,36.64172
2026-02-02 04:00:00+01:00,0.2585,3.4152596,7.92,72.0,0.0,14100.0,14.539494,36.430832
2026-02-02 05:00:00+01:00,-0.041500002,4.510787,8.28,68.0,0.0,14460.0,13.120569,34.430096
2026-02-02 06:00:00+01:00,0.008499999,3.671294,7.92,64.0,0.0,17640.0,14.482251,37.499107
2026-02-02 07:00:00+01:00,-0.5915,4.3349743,7.92,12.0,0.0,6480.0,5.9240503,50.489964
2026-02-02 08:00:00+01:00,-0.49150002,5.0142193,8.64,65.0,0.0,6160.0,11.254866,47.20915
2026-02-02 09:00:00+01:00,-0.041500002,0.71999997,8.28,44.0,0.0,11400.0,15.466841,38.110546
2026-02-02 10:00:00+01:00,0.6085,1.4399999,10.440001,0.0,0.0,10480.0,3.757767,51.42742
2026-02-02 11:00:00+01:00,2.7085001,1.9386592,5.7599998,0.0,0.0,23060.0,1.2889035,56.072018
2026-02-02 12:00:00+01:00,3.7585,5.0911684,10.440001,0.0,0.0,14780.0,4.323114,58.61164
2026-02-02 13:00:00+01:00,4.4084997,1.9386592,14.04,3.0,0.0,23020.0,11.319258,66.67721
2026-02-02 14:00:00+01:00,5.2584996,3.2399998,9.0,0.0,0.0,33940.0,12.396276,73.611275
2026-02-02 15:00:00+01:00,5.8585,1.609969,7.2,0.0,0.0,35080.0,9.815996,65.05407
2026-02-02 16:00:00+01:00,6.2584996,1.4399999,5.04,60.0,0.0,39380.0,9.858215,61.35102
2026-02-02 17:00:00+01:00,5.2584996,1.08,4.32,0.0,0.0,32400.0,8.315675,59.17748
2026-02-02 18:00:00+01:00,2.7585,4.6938257,8.28,64.0,0.0,18080.0,10.189676,57.657352
2026-02-02 19:00:00+01:00,3.9585001,6.989936,11.159999,79.0,0.0,32420.0,7.866535,54.199394
2026-02-02 20:00:00+01:00,4.1085,7.072878,13.679999,62.0,0.0,55100.0,8.598059,47.270313
2026-02-02 21:00:00+01:00,3.7585,6.439876,11.879999,12.0,0.0,48880.0,11.618018,49.109062
2026-02-02 22:00:00+01:00,3.4085,3.0547013,10.440001,39.0,0.0,43300.0,11.02182,39.59299
2026-02-02 23:00:00+01:00,2.7585,6.193674,10.08,56.0,0.2,20280.0,27.299967,40.464016
2026-02-03 00:00:00+01:00,2.8085,3.96,11.5199995,42.0,0.3,20860.0,16.284365,58.12652
2026-02-03 01:00:00+01:00,2.6585,4.1046314,10.440001,25.0,0.0,11260.0,14.148615,54.694695
2026-02-03 02:00:00+01:00,2.0585,4.6938257,10.08,0.0,0.0,12220.0,12.537857,46.996494
2026-02-03 03:00:00+01:00,2.0085,5.1165614,9.72,0.0,0.0,14800.0,15.5204525,35.292084
2026-02-03 04:00:00+01:00,2.8085,9.0,11.879999,0.0,0.0,27220.0,17.352394,23.240662
2026-02-03 05:00:00+01:00,4.0085,11.770403,20.519999,0.0,0.0,44280.0,20.947159,18.042755
2026-02-03 06:00:00+01:00,3.9085,9.178235,21.24,0.0,0.0,48280.0,22.679756,17.390388
2026-02-03 07:00:00+01:00,3.6085,11.435313,17.64,0.0,0.0,47720.0,23.647955,26.653542
2026-02-03 08:00:00+01:00,2.4585001,5.815978,18.359999,0.0,0.0,30980.0,26.680613,48.65589
2026-02-03 09:00:00+01:00,2.0085,4.452954,8.64,0.0,0.0,16820.0,53.33787,44.60768
2026-02-03 10:00:00+01:00,2.3585,2.2768397,7.2,0.0,0.0,18140.0,45.76288,54.146053
2026-02-03 11:00:00+01:00,3.1585,1.8,3.96,0.0,0.0,22580.0,35.896015,43.71788
2026-02-03 12:00:00+01:00,4.9084997,1.08,5.04,0.0,0.0,28080.0,50.885166,46.481323
2026-02-03 13:00:00+01:00,7.2085,7.771331,18.72,57.0,0.0,44060.0,35.962486,46.181976
2026-02-03 14:00:00+01:00,7.9585,16.454008,32.760002,75.0,0.0,47660.0,55.16183,41.697224
2026-02-03 15:00:00+01:00,7.3085,14.759999,32.399998,27.0,0.3,33020.0,48.76162,52.469387
2026-02-03 16:00:00+01:00,7.3085,8.12197,25.199999,25.0,0.0,38880.0,46.883587,54.28817
2026-02-03 17:00:00+01:00,6.6584997,2.5959969,11.159999,29.0,0.0,33800.0,38.521828,41.49346
2026-02-03 18:00:00+01:00,4.9585,6.5693827,11.159999,0.0,0.0,22340.0,43.446754,36.03209
2026-02-03 19:00:00+01:00,4.1584997,7.072878,13.32,0.0,0.0,23380.0,30.261795,34.780777
2026-02-03 20:00:00+01:00,3.7085001,6.130579,12.959999,0.0,0.0,34380.0,24.357378,28.144014
2026-02-03 21:00:00+01:00,3.0085,5.4833565,10.08,0.0,0.0,38700.0,12.636843,21.546066
2026-02-03 22:00:00+01:00,1.5585,6.9247384,9.72,0.0,0.0,19240.0,7.800262,19.62793
2026-02-03 23:00:00+01:00,1.3085,6.28713,11.879999,0.0,0.0,19180.0,10.490914,12.735487
2026-02-04 00:00:00+01:00,2.0585,5.8048253,11.159999,0.0,0.0,30140.0,12.694226,5.0041595
2026-02-04 01:00:00+01:00,1.7085,5.6002855,9.36,0.0,0.0,27280.0,11.096928,7.5510154
2026-02-04 02:00:00+01:00,0.8585,5.154415,9.36,0.0,0.0,17200.0,7.840093,14.909477
2026-02-04 03:00:00+01:00,0.108500004,4.6938257,9.0,0.0,0.0,10140.0,10.677303,15.012479
2026-02-04 04:00:00+01:00,-0.4415,4.5820518,6.12,0.0,0.0,6520.0,12.2276125,16.018122
2026-02-04 05:00:00+01:00,-1.4914999,2.9024127,7.92,64.0,0.0,1180.0,14.503743,20.47335
2026-02-04 06:00:00+01:00,-1.6415,1.08,5.7599998,65.0,0.0,1000.0,15.949366,24.491692
2026-02-04 07:00:00+01:00,-1.7915,2.1897945,2.8799999,62.0,0.0,1700.0,14.41038,17.043554
2026-02-04 08:00:00+01:00,-2.1915,1.2979984,6.12,86.0,0.0,580.0,21.359468,21.679756
2026-02-04 09:00:00+01:00,-1.3915,2.968636,6.4799995,69.0,0.0,660.0,20.097183,22.653046
2026-02-04 10:00:00+01:00,-0.5915,3.396233,7.2,72.0,0.0,900.0,20.506329,17.31268
2026-02-04 11:00:00+01:00,0.1585,3.7585104,8.28,77.0,0.0,580.0,20.071335,21.330421
2026-02-04 12:00:00+01:00,0.8585,2.968636,7.2,81.0,0.0,880.0,8.765491,31.649084
2026-02-04 13:00:00+01:00,1.5585,1.8,7.5599995,100.0,0.0,1280.0,12.133847,21.330421
2026-02-04 14:00:00+01:00,2.2085001,4.0249224,8.64,100.0,0.0,3900.0,15.798928,22.653046
2026-02-04 15:00:00+01:00,2.7085001,4.379589,9.0,76.0,0.0,9000.0,15.680186,17.043554
2026-02-04 16:00:00+01:00,2.7085001,1.5273507,8.64,47.0,0.0,12600.0,16.162767,5.339374
2026-02-04 17:00:00+01:00,2.4585001,1.4399999,2.8799999,3.0,0.0,17420.0,17.196117,4.9655166
2026-02-04 18:00:00+01:00,1.2085,3.8268526,6.4799995,0.0,0.0,10040.0,14.843389,5.551616
2026-02-04 19:00:00+01:00,0.6585,3.6,7.2,0.0,0.0,7340.0,23.520283,8.886923
2026-02-04 20:00:00+01:00,0.3585,2.0364676,6.4799995,0.0,0.0,6800.0,17.1538,7.777219
2026-02-04 21:00:00+01:00,0.0585,2.8799999,3.6,21.0,0.0,5660.0,15.792356,8.442291
2026-02-04 22:00:00+01:00,-0.3415,2.0991426,5.7599998,76.0,0.0,3720.0,11.961482,4.7270317
2026-02-04 23:00:00+01:00,-0.19150001,2.9024127,4.32,95.0,0.0,2600.0,16.436678,5.855574
2026-02-05 00:00:00+01:00,-0.1415,2.0364676,5.04,100.0,0.0,1560.0,19.504648,5.1183376
2026-02-05 01:00:00+01:00,-0.24150002,3.8268526,7.92,100.0,0.0,1800.0,22.509731,6.6850314
2026-02-05 02:00:00+01:00,-0.19150001,5.6002855,9.72,82.0,0.0,1100.0,25.652903,9.392738
2026-02-05 03:00:00+01:00,0.008499999,6.3690495,12.24,57.0,0.0,5840.0,29.686777,8.281033
2026-02-05 04:00:00+01:00,-0.4415,4.1046314,10.440001,88.0,0.0,540.0,24.220583,5.00416
2026-02-05 05:00:00+01:00,-0.79150003,4.6102495,7.92,100.0,0.0,260.0,22.347704,7.4740934
2026-02-05 06:00:00+01:00,-0.8415,4.0249224,7.5599995,100.0,0.0,180.0,29.41977,9.227214
2026-02-05 07:00:00+01:00,-0.6415,4.6800003,7.5599995,100.0,0.0,100.0,32.622883,8.951714
2026-02-05 08:00:00+01:00,-0.54150003,7.145796,12.959999,100.0,0.0,100.0,31.15109,9.227214
2026-02-05 09:00:00+01:00,0.0585,4.6938257,14.04,86.0,0.0,380.0,19.231243,11.41124
2026-02-05 10:00:00+01:00,0.2585,3.6,9.36,54.0,0.0,1620.0,4.844117,14.948187
2026-02-05 11:00:00+01:00,1.1585001,4.3349743,12.599999,79.0,0.0,1340.0,4.757608,20.66067
2026-02-05 12:00:00+01:00,2.7585,7.2,12.599999,84.0,0.0,7020.0,7.1327734,23.635157
2026-02-05 13:00:00+01:00,3.3085,2.16,11.879999,74.0,0.0,9080.0,10.490913,23.04088
2026-02-05 14:00:00+01:00,4.4084997,2.5959969,8.28,57.0,0.0,19620.0,13.495072,20.74441
2026-02-05 15:00:00+01:00,5.1584997,3.8939953,11.879999,49.0,0.0,28000.0,11.4288025,23.59437
2026-02-05 16:00:00+01:00,4.8085,4.510787,12.24,0.0,0.0,25520.0,9.784211,22.56785
2026-02-05 17:00:00+01:00,2.9585001,3.7585104,9.0,0.0,0.0,12220.0,9.383359,21.679756
2026-02-05 18:00:00+01:00,1.9085001,1.2979984,5.04,0.0,0.0,9480.0,11.92671,18.45443
2026-02-05 19:00:00+01:00,0.1585,3.096837,4.68,0.0,0.0,4060.0,18.6891,10.330335
2026-02-05 20:00:00+01:00,-0.9415,1.1384199,4.68,70.0,0.0,1000.0,19.467348,7.022301
2026-02-05 21:00:00+01:00,-0.8415,1.08,5.3999996,87.0,0.0,760.0,14.836392,14.167504
2026-02-05 22:00:00+01:00,-0.3415,1.1384199,4.68,55.0,0.0,2080.0,19.600233,11.939203
2026-02-05 23:00:00+01:00,-0.49150002,2.0991426,3.2399998,71.0,0.0,1000.0,14.532351,13.268828
2026-02-06 00:00:00+01:00,-0.49150002,3.563818,5.3999996,51.0,0.0,2160.0,35.544304,24.593725
2026-02-06 01:00:00+01:00,-0.1415,1.484318,6.12,0.0,0.0,3320.0,20.867702,8.622896
2026-02-06 02:00:00+01:00,0.1585,3.4152596,6.12,0.0,0.0,6280.0,21.882908,18.631031
2026-02-06 03:00:00+01:00,0.3585,4.2136917,5.04,0.0,0.0,8420.0,38.109932,31.600355
2026-02-06 04:00:00+01:00,1.1085,3.396233,7.5599995,46.0,0.3,7900.0,34.49172,53.307083
2026-02-06 05:00:00+01:00,1.1585001,1.4399999,5.7599998,52.0,0.1,7620.0,37.907784,44.029602
2026-02-06 06:00:00+01:00,1.3585,5.904439,10.08,63.0,0.6,7840.0,38.688576,53.8893
2026-02-06 07:00:00+01:00,1.7585001,6.8777895,11.5199995,87.0,0.6,6440.0,52.482277,53.89645
2026-02-06 08:00:00+01:00,2.4085,7.42159,14.04,85.0,0.4,6760.0,53.230698,50.210682
2026-02-06 09:00:00+01:00,2.7085001,5.904439,12.599999,87.0,0.4,5920.0,42.185753,49.7172
2026-02-06 10:00:00+01:00,3.8585,6.151683,12.24,73.0,0.1,10140.0,55.783245,48.60836
2026-02-06 11:00:00+01:00,5.1584997,6.924738,12.24,85.0,0.0,23040.0,59.53597,49.109062
2026-02-06 12:00:00+01:00,5.5585,6.2145634,12.959999,94.0,0.1,21620.0,56.495304,47.57901
2026-02-06 13:00:00+01:00,5.7584996,6.519877,12.959999,100.0,0.0,10940.0,55.214508,47.93798
2026-02-06 14:00:00+01:00,6.2584996,8.654986,15.119999,76.0,0.0,14220.0,51.614506,47.355812
2026-02-06 15:00:00+01:00,6.2085,6.379216,15.4800005,83.0,0.0,19940.0,50.02083,46.081764
2026-02-06 16:00:00+01:00,6.7085,10.483357,15.119999,84.0,0.0,27320.0,46.83927,43.11448
2026-02-06 17:00:00+01:00,6.2085,8.217153,19.08,52.0,0.0,19940.0,41.565887,41.265358
2026-02-06 18:00:00+01:00,5.4084997,6.989936,14.4,62.0,0.0,17880.0,47.76122,43.11448
2026-02-06 19:00:00+01:00,5.4585,6.12,12.24,64.0,0.0,16180.0,47.525856,40.918465
2026-02-06 20:00:00+01:00,5.3085,7.7879906,13.32,81.0,0.1,17020.0,49.29108,40.206123
2026-02-06 21:00:00+01:00,5.4084997,6.297428,12.959999,90.0,0.1,18820.0,42.95163,40.502075
2026-02-06 22:00:00+01:00,5.7085,4.510787,10.799999,70.0,0.0,18420.0,44.099056,40.843075
2026-02-06 23:00:00+01:00,5.4585,5.2416787,12.599999,87.0,0.1,17240.0,44.061367,40.630287
2026-02-07 00:00:00+01:00,5.3585,4.2136917,9.0,73.0,0.2,16000.0,40.359352,35.531433
2026-02-07 01:00:00+01:00,5.3085,5.4477882,7.92,87.0,0.2,11580.0,43.768192,38.632633
2026-02-07 02:00:00+01:00,5.0585,5.8603754,10.08,94.0,0.3,11300.0,36.141045,45.276318
2026-02-07 03:00:00+01:00,4.5585,7.42159,13.32,93.0,0.2,7620.0,25.990667,36.03209
2026-02-07 04:00:00+01:00,4.7085,6.9153743,13.679999,58.0,0.1,7880.0,21.538576,23.496197
2026-02-07 05:00:00+01:00,4.6584997,5.6233797,12.959999,97.0,0.1,9600.0,18.882545,22.965515
2026-02-07 06:00:00+01:00,4.4585,5.315336,10.08,93.0,0.0,12240.0,13.708807,20.035875
2026-02-07 07:00:00+01:00,4.4585,4.6938257,8.64,67.0,0.0,8860.0,13.285712,17.665136
2026-02-07 08:00:00+01:00,3.8085,4.0249224,8.64,45.0,0.0,9200.0,8.21518,12.780782
2026-02-07 09:00:00+01:00,4.2584996,3.6179552,6.8399997,25.0,0.0,12380.0,6.198138,14.003396
2026-02-07 10:00:00+01:00,5.9585,1.9386592,5.7599998,16.0,0.0,9740.0,2.278481,11.987508
2026-02-07 11:00:00+01:00,7.5585,1.609969,4.68,0.0,0.0,21360.0,4.9291077,10.274241
2026-02-07 12:00:00+01:00,8.408501,5.0528407,6.8399997,54.0,0.0,32660.0,4.201311,7.8511715
2026-02-07 13:00:00+01:00,9.3585005,5.495161,8.64,90.0,0.0,49980.0,4.9291077,9.164372
2026-02-07 14:00:00+01:00,9.5585,5.5887027,7.92,59.0,0.0,52500.0,2.278481,10.98112
2026-02-07 15:00:00+01:00,9.4585,7.289444,10.08,29.0,0.0,48040.0,1.643036,10.678748
2026-02-07 16:00:00+01:00,9.5585,7.754637,13.679999,9.0,0.0,58240.0,3.67394,9.474416
2026-02-07 17:00:00+01:00,8.2585,4.896529,13.679999,0.0,0.0,44120.0,2.8820758,8.281033
2026-02-07 18:00:00+01:00,5.9585,5.3999996,8.28,0.0,0.0,19520.0,3.4704785,5.5862064
2026-02-07 19:00:00+01:00,4.5084996,6.28713,10.440001,0.0,0.0,12680.0,2.278481,5.7224755
2026-02-07 20:00:00+01:00,3.5585,6.28713,10.440001,0.0,0.0,11500.0,4.323114,7.4740934
2026-02-07 21:00:00+01:00,3.0085,6.830519,12.24,34.0,0.0,12880.0,11.537306,7.2649856
2026-02-07 22:00:00+01:00,3.0585,5.95906,11.5199995,47.0,0.0,10400.0,10.401459,2.2379284
2026-02-07 23:00:00+01:00,2.7085001,6.763786,12.599999,0.0,0.0,11040.0,9.752324,5.1183376
2026-02-08 00:00:00+01:00,2.2085001,6.151683,11.159999,0.0,0.0,10500.0,7.34788,6.598021
2026-02-08 01:00:00+01:00,1.2085,6.28713,9.72,0.0,0.0,5340.0,6.3960004,6.2068963
2026-02-08 02:00:00+01:00,1.0085,5.3517847,9.72,0.0,0.0,6040.0,7.800262,7.0769506
2026-02-08 03:00:00+01:00,0.8585,5.634891,9.36,0.0,0.0,6040.0,9.580464,8.622896
2026-02-08 04:00:00+01:00,0.4585,4.6800003,9.0,30.0,0.0,4820.0,9.580464,13.612786
2026-02-08 05:00:00+01:00,-0.1415,2.7416782,9.36,53.0,0.0,2140.0,9.580464,12.795844
2026-02-08 06:00:00+01:00,-0.24150002,4.39436,7.2,47.0,0.0,2380.0,10.638335,14.999642
2026-02-08 07:00:00+01:00,-0.3415,3.319036,6.8399997,56.0,0.0,2160.0,11.087566,19.040104
2026-02-08 08:00:00+01:00,-0.8415,2.8116899,5.7599998,94.0,0.0,300.0,13.859459,19.480164
2026-02-08 09:00:00+01:00,-0.09150001,2.5455842,5.04,72.0,0.0,760.0,15.099987,21.076046
2026-02-08 10:00:00+01:00,1.6585001,2.8116899,6.12,70.0,0.0,1220.0,21.203342,23.364658
2026-02-08 11:00:00+01:00,4.1085,3.671294,9.0,94.0,0.0,17500.0,24.220585,24.341797
2026-02-08 12:00:00+01:00,5.1085,4.452954,11.5199995,67.0,0.0,25680.0,25.166643,22.379282
2026-02-08 13:00:00+01:00,4.3585,5.3999996,13.679999,94.0,0.0,13940.0,21.878162,22.965515
2026-02-08 14:00:00+01:00,5.0585,3.096837,10.799999,94.0,0.0,28220.0,15.818631,21.830282
2026-02-08 15:00:00+01:00,5.4084997,3.671294,7.92,100.0,0.0,28840.0,12.269995,20.293798
2026-02-08 16:00:00+01:00,4.9585,4.829907,7.5599995,86.0,0.0,17540.0,18.193638,21.653082
2026-02-08 17:00:00+01:00,4.0085,4.510787,13.32,100.0,0.0,11840.0,23.489357,19.161121
2026-02-08 18:00:00+01:00,3.9085,3.671294,7.92,100.0,0.0,12300.0,21.920834,18.096056
2026-02-08 19:00:00+01:00,3.5585,4.0249224,9.36,91.0,0.0,7040.0,21.359468,19.480164
2026-02-08 20:00:00+01:00,3.3585,1.8,6.4799995,100.0,0.0,7000.0,15.031068,17.78468
2026-02-08 21:00:00+01:00,3.3085,1.609969,3.2399998,100.0,0.0,6220.0,13.881914,15.861018
2026-02-08 22:00:00+01:00,3.4085,2.0991426,3.96,100.0,0.0,6560.0,11.474137,18.672342
2026-02-08 23:00:00+01:00,3.3085,2.2768397,4.32,100.0,0.0,7180.0,5.941551,18.45443
2026-02-09 00:00:00+01:00,3.2085001,2.1897945,3.96,100.0,0.0,6720.0,4.1265044,17.522804
2026-02-09 01:00:00+01:00,3.1585,2.5455842,3.2399998,100.0,0.0,7220.0,2.278481,19.832952
2026-02-09 02:00:00+01:00,3.1085,3.0547013,5.3999996,100.0,0.0,5960.0,1.643036,17.489796
2026-02-09 03:00:00+01:00,2.9585001,1.9386592,5.3999996,97.0,0.0,5580.0,1.8227848,14.476846
2026-02-09 04:00:00+01:00,2.6585,2.8116899,4.68,86.0,0.0,4740.0,3.2222586,17.914183
2026-02-09 05:00:00+01:00,2.4085,3.8268526,6.4799995,84.0,0.0,3900.0,4.6916795,18.074755
2026-02-09 06:00:00+01:00,2.3085,4.2136917,7.2,76.0,0.0,3540.0,7.7468357,18.672342
2026-02-09 07:00:00+01:00,2.1585,3.319036,6.4799995,95.0,0.0,5380.0,12.905135,18.423088
2026-02-09 08:00:00+01:00,2.0585,3.5455887,6.12,92.0,0.0,5500.0,12.312233,18.51695
2026-02-09 09:00:00+01:00,2.3085,2.3051248,5.7599998,91.0,0.0,6680.0,12.261531,16.292364
2026-02-09 10:00:00+01:00,3.0585,3.5455887,6.12,95.0,0.0,7400.0,11.760141,17.21225
2026-02-09 11:00:00+01:00,3.7085001,5.6002855,11.159999,88.0,0.0,20840.0,17.196117,15.566816
2026-02-09 12:00:00+01:00,4.4084997,5.692099,11.879999,95.0,0.0,28840.0,20.802917,14.999642
2026-02-09 13:00:00+01:00,4.3085,5.8048253,11.879999,82.0,0.0,30880.0,19.360386,17.043554
2026-02-09 14:00:00+01:00,5.0084996,5.0911684,12.599999,40.0,0.0,36180.0,16.182028,20.632679
2026-02-09 15:00:00+01:00,5.5585,3.0758414,10.440001,0.0,0.0,42920.0,17.32245,22.490902
2026-02-09 16:00:00+01:00,5.2085,1.2979984,6.8399997,0.0,0.0,41980.0,19.338923,24.46021
2026-02-09 17:00:00+01:00,4.8585,2.9024127,6.12,0.0,0.0,39640.0,19.46735,28.639296
2026-02-09 18:00:00+01:00,3.6585,3.7585104,6.12,0.0,0.0,26580.0,16.811422,27.57008
2026-02-09 19:00:00+01:00,2.0585,4.68,6.12,0.0,0.0,11740.0,15.680186,33.228638
2026-02-09 20:00:00+01:00,1.6585001,4.802999,7.92,0.0,0.0,18180.0,14.82239,33.64344
2026-02-09 21:00:00+01:00,1.2585001,4.198285,7.92,0.0,0.0,21360.0,14.192577,38.322243
2026-02-09 22:00:00+01:00,0.5585,4.829907,6.4799995,0.0,0.0,11380.0,11.618018,35.74224
2026-02-09 23:00:00+01:00,0.4585,4.0249224,7.92,0.0,0.0,11680.0,12.2276125,29.799566
2026-02-10 00:00:00+01:00,0.5585,2.3051248,5.7599998,0.0,0.0,16980.0,14.539494,28.531475
2026-02-10 01:00:00+01:00,-0.3415,3.6,4.68,0.0,0.0,10260.0,19.46735,26.862312
2026-02-10 02:00:00+01:00,-0.24150002,3.319036,5.04,0.0,0.0,19040.0,19.568422,29.487658
2026-02-10 03:00:00+01:00,-0.54150003,3.396233,5.3999996,0.0,0.0,21140.0,19.344288,35.25386
2026-02-10 04:00:00+01:00,-0.4415,2.8116899,3.6,0.0,0.0,18380.0,16.712313,41.405163
2026-02-10 05:00:00+01:00,-0.5915,1.8,5.04,0.0,0.0,16200.0,17.590109,38.02959
2026-02-10 06:00:00+01:00,-1.0914999,3.8773184,5.7599998,0.0,0.0,7900.0,18.3697,33.568924
2026-02-10 07:00:00+01:00,-0.6915,4.072935,7.2,8.0,0.0,5800.0,21.605959,38.080208
2026-02-10 08:00:00+01:00,-0.09150001,6.28713,10.799999,87.0,0.0,6940.0,28.245811,49.538654
2026-02-10 09:00:00+01:00,1.6085,3.8939953,13.679999,77.0,0.2,23220.0,31.390156,56.65982
2026-02-10 10:00:00+01:00,1.5085001,4.379589,6.4799995,78.0,0.0,14920.0,32.81329,56.013584
2026-02-10 11:00:00+01:00,2.2585,4.198285,7.2,93.0,0.5,17960.0,37.428165,55.464096
2026-02-10 12:00:00+01:00,3.3585,6.638072,11.879999,77.0,0.5,21860.0,43.120518,51.97882
2026-02-10 13:00:00+01:00,4.6085,9.178235,18.72,85.0,0.1,18460.0,49.318455,51.84152
2026-02-10 14:00:00+01:00,6.2085,8.905908,16.56,69.0,0.0,31440.0,49.175087,63.008404
2026-02-10 15:00:00+01:00,5.6584997,3.9763298,15.84,100.0,0.4,9200.0,39.23224,56.332504
2026-02-10 16:00:00+01:00,5.4585,6.379216,9.0,53.0,1.0,28700.0,35.722046,66.76381
2026-02-10 17:00:00+01:00,4.9585,4.198285,10.440001,13.0,0.1,32560.0,29.082558,70.236725
2026-02-10 18:00:00+01:00,4.0085,4.379589,7.92,0.0,0.0,34020.0,17.400198,64.22264
2026-02-10 19:00:00+01:00,3.4585001,3.5455887,6.8399997,0.0,0.0,23220.0,19.338923,61.698544
2026-02-10 20:00:00+01:00,3.1085,3.6179552,6.12,0.0,0.0,20260.0,21.144497,56.431576
2026-02-10 21:00:00+01:00,3.2585,4.896529,10.799999,100.0,0.1,14920.0,27.436543,51.640484
2026-02-10 22:00:00+01:00,3.7585,8.089993,14.759999,69.0,1.3,14280.0,32.825947,71.98394
2026-02-10 23:00:00+01:00,4.3585,8.373386,14.759999,78.0,1.1,18300.0,36.88888,65.17537
2026-02-11 00:00:00+01:00,4.2085,8.350138,14.4,100.0,0.2,19900.0,49.53692,63.26164
2026-02-11 01:00:00+01:00,4.9585,12.879752,24.84,92.0,2.0,21860.0,54.510483,92.16771
2026-02-11 02:00:00+01:00,5.6085,13.896187,29.88,94.0,0.3,19600.0,76.70464,93.396774
2026-02-11 03:00:00+01:00,5.8085,9.793058,25.919998,64.0,0.9,15560.0,88.743835,91.37639
2026-02-11 04:00:00+01:00,6.1085,7.8954163,18.0,100.0,0.0,15740.0,80.97172,79.53551
2026-02-11 05:00:00+01:00,7.5084996,13.783817,24.84,100.0,0.0,36640.0,77.85473,70.5323
2026-02-11 06:00:00+01:00,7.3585,11.885453,25.919998,86.0,0.0,36940.0,73.783394,68.57146
2026-02-11 07:00:00+01:00,7.3585,9.360001,21.96,81.0,0.2,39280.0,72.946976,66.09106
2026-02-11 08:00:00+01:00,6.7584996,8.14587,21.599998,100.0,0.1,27100.0,68.48949,69.44238
2026-02-11 09:00:00+01:00,7.1085,14.081477,25.199999,100.0,0.4,34500.0,83.42352,75.12652
2026-02-11 10:00:00+01:00,7.3085,13.755579,35.64,98.0,0.0,35320.0,76.17218,67.70071
2026-02-11 11:00:00+01:00,7.7085,13.746156,28.44,100.0,0.4,15960.0,82.73364,70.20656
2026-02-11 12:00:00+01:00,8.5585,18.35647,34.2,82.0,0.2,41280.0,79.1509,70.181854
2026-02-11 13:00:00+01:00,8.3585005,20.073025,42.48,85.0,0.0,43560.0,80.41973,78.26844
2026-02-11 14:00:00+01:00,8.8085,18.79255,39.239998,67.0,0.1,48580.0,75.21749,76.344826
2026-02-11 15:00:00+01:00,8.9585,18.374111,37.44,100.0,0.3,44460.0,74.04327,71.3793
2026-02-11 16:00:00+01:00,8.3085,19.969458,44.639996,85.0,0.3,38660.0,71.47606,73.989746
2026-02-11 17:00:00+01:00,7.7584996,12.819235,36.719997,92.0,0.0,34780.0,77.85473,71.3793
2026-02-11 18:00:00+01:00,7.8085,15.281989,28.8,80.0,0.0,47440.0,72.764565,56.904068
2026-02-11 19:00:00+01:00,7.7085,10.739832,27.72,7.0,0.0,48560.0,71.84698,54.947685
2026-02-11 20:00:00+01:00,7.0585,11.91812,24.119999,0.0,0.0,49760.0,74.46694,53.140602
2026-02-11 21:00:00+01:00,6.7085,9.449572,21.96,0.0,0.0,56260.0,65.83509,57.214657
2026-02-11 22:00:00+01:00,5.7085,8.39657,15.4800005,0.0,0.0,33640.0,60.257103,54.28817
2026-02-11 23:00:00+01:00,5.4585,6.3690495,15.84,0.0,0.0,42000.0,39.311558,69.89307
2026-02-12 00:00:00+01:00,5.4585,4.198285,11.159999,0.0,0.0,48160.0,29.756647,74.74093
2026-02-12 01:00:00+01:00,5.6584997,3.2599385,10.08,88.0,0.0,45600.0,37.29199,99.9291
2026-02-12 02:00:00+01:00,5.7085,4.39436,14.4,100.0,0.8,37640.0,28.549284,106.03624
2026-02-12 03:00:00+01:00,5.4084997,8.913181,15.4800005,30.0,1.1,28640.0,48.159565,116.58396
2026-02-12 04:00:00+01:00,5.1085,7.754637,19.08,43.0,0.0,28780.0,42.772373,87.77876
2026-02-12 05:00:00+01:00,5.2085,2.8116899,12.959999,19.0,0.4,37140.0,48.844597,99.37433
2026-02-12 06:00:00+01:00,5.0585,4.802999,13.32,98.0,0.0,33920.0,56.910965,90.877525
2026-02-12 07:00:00+01:00,4.6584997,8.287822,15.4800005,44.0,0.0,14960.0,54.46475,81.61065
2026-02-12 08:00:00+01:00,4.8585,7.386582,16.919998,22.0,0.0,20600.0,49.168755,64.8019
2026-02-12 09:00:00+01:00,5.5585,5.5887027,12.24,100.0,0.1,19360.0,53.14285,71.624466
2026-02-12 10:00:00+01:00,6.4585,7.5170207,13.32,66.0,0.1,14280.0,61.518986,65.39665
2026-02-12 11:00:00+01:00,7.1085,8.404285,15.4800005,100.0,0.3,18660.0,62.071777,77.23035
2026-02-12 12:00:00+01:00,6.7584996,24.464113,47.16,100.0,1.2,10440.0,79.5056,88.67394
2026-02-12 13:00:00+01:00,5.5585,23.893261,50.76,100.0,2.4,14420.0,90.87683,90.10267
2026-02-12 14:00:00+01:00,6.6584997,17.709658,46.079998,98.0,0.6,29100.0,78.91442,82.866135
2026-02-12 15:00:00+01:00,7.1085,18.057508,39.96,78.0,0.2,35860.0,80.5397,87.27038
2026-02-12 16:00:00+01:00,7.0084996,20.780453,38.88,100.0,0.2,13620.0,72.31225,76.50613
2026-02-12 17:00:00+01:00,6.7085,14.707222,36.0,99.0,0.7,24140.0,76.59086,76.385185
2026-02-12 18:00:00+01:00,6.4585,15.1884165,29.88,93.0,0.0,28800.0,73.40105,82.68928
2026-02-12 19:00:00+01:00,6.4084997,16.563911,32.760002,80.0,0.2,32120.0,67.38451,80.107445
2026-02-12 20:00:00+01:00,5.8585,14.168641,29.16,78.0,0.1,23420.0,67.38297,73.06759
2026-02-12 21:00:00+01:00,5.8585,11.090103,26.64,96.0,0.0,28040.0,63.34341,81.5965
2026-02-12 22:00:00+01:00,5.7085,13.891522,34.92,83.0,0.4,17360.0,63.90966,70.236725
2026-02-12 23:00:00+01:00,5.5585,15.408671,31.68,54.0,0.1,21480.0,58.927696,62.267265
2026-02-13 00:00:00+01:00,5.2584996,17.873556,37.8,87.0,0.1,25500.0,66.077515,61.14344
2026-02-13 01:00:00+01:00,5.3585,14.693999,33.839996,79.0,0.2,27600.0,58.81306,67.72631
2026-02-13 02:00:00+01:00,5.2085,15.315873,28.08,87.0,0.0,25280.0,62.063416,69.520004
2026-02-13 03:00:00+01:00,4.9585,15.941944,29.88,81.0,0.0,26860.0,64.56911,65.80481
2026-02-13 04:00:00+01:00,4.8585,13.1041975,29.519999,78.0,0.0,30240.0,59.74489,59.702473
2026-02-13 05:00:00+01:00,4.4585,9.220499,21.599998,59.0,0.0,26900.0,57.47014,57.84415
2026-02-13 06:00:00+01:00,3.9585001,7.0911775,15.84,64.0,0.0,22520.0,49.175087,59.666965
2026-02-13 07:00:00+01:00,4.6085,7.386582,14.4,75.0,0.0,33580.0,61.520676,49.425762
2026-02-13 08:00:00+01:00,4.3085,3.4152596,12.599999,19.0,0.0,30020.0,55.522053,49.87966
2026-02-13 09:00:00+01:00,4.2584996,4.8965297,9.0,16.0,0.0,21000.0,55.347862,45.41226
2026-02-13 10:00:00+01:00,5.9585,6.830519,15.84,3.0,0.0,44500.0,38.551464,50.900333
2026-02-13 11:00:00+01:00,7.0585,4.198285,11.5199995,0.0,0.0,53340.0,28.333897,44.421608
2026-02-13 12:00:00+01:00,8.0585,3.7064266,10.08,0.0,0.0,56260.0,21.006556,42.791584
2026-02-13 13:00:00+01:00,8.9585,3.8939953,12.24,0.0,0.0,65640.0,14.192577,43.612003
2026-02-13 14:00:00+01:00,9.658501,0.35999998,10.08,0.0,0.0,72120.0,13.594724,36.085506
2026-02-13 15:00:00+01:00,10.0585,6.130579,12.959999,0.0,0.0,73560.0,5.8357587,38.04478
2026-02-13 16:00:00+01:00,9.908501,5.3517847,20.16,0.0,0.0,73080.0,3.8667102,44.814476
2026-02-13 17:00:00+01:00,9.0085,6.1094027,11.879999,0.0,0.0,57140.0,5.941551,42.502514
2026-02-13 18:00:00+01:00,7.6584997,9.19939,17.28,0.0,0.0,45980.0,10.628571,33.3097
2026-02-13 19:00:00+01:00,6.9585,9.021574,16.56,0.0,0.0,52840.0,1.4410379,27.57008
2026-02-13 20:00:00+01:00,6.4084997,10.086427,18.359999,0.0,0.0,55680.0,1.4410379,24.804298
2026-02-13 21:00:00+01:00,6.3085,13.684735,24.84,0.0,0.0,50700.0,2.7718916,18.877537
2026-02-13 22:00:00+01:00,6.0585,11.440979,26.28,0.0,0.0,43440.0,7.34788,16.245003
2026-02-13 23:00:00+01:00,5.5585,9.585739,19.8,0.0,0.0,35660.0,11.273301,13.948265
2026-02-14 00:00:00+01:00,5.4585,9.085988,17.64,0.0,0.0,38200.0,11.4288025,24.151127
2026-02-14 01:00:00+01:00,4.9585,6.4096174,14.4,0.0,0.0,36160.0,13.678478,15.11478
2026-02-14 02:00:00+01:00,4.7085,5.692099,11.159999,0.0,0.0,31240.0,10.490914,17.478779
2026-02-14 03:00:00+01:00,4.4084997,5.495161,10.08,0.0,0.0,25480.0,6.835443,21.679756
2026-02-14 04:00:00+01:00,4.1584997,4.5820518,8.64,0.0,0.0,21920.0,7.866535,12.226168
2026-02-14 05:00:00+01:00,3.8585,4.8433046,7.92,0.0,0.0,17000.0,7.6388597,13.879042
2026-02-14 06:00:00+01:00,3.8585,5.0911684,9.72,0.0,0.0,16180.0,5.6366506,12.241913
2026-02-14 07:00:00+01:00,3.7585,6.12,8.64,24.0,0.0,14280.0,2.7718916,5.3031745
2026-02-14 08:00:00+01:00,3.7085001,6.193674,11.159999,61.0,0.0,13020.0,1.4410379,7.0769506
2026-02-14 09:00:00+01:00,4.2085,6.792466,12.24,95.0,0.0,15320.0,1.0189676,6.329817
2026-02-14 10:00:00+01:00,5.0585,8.942214,15.4800005,94.0,0.0,24700.0,4.6916795,6.2068963
2026-02-14 11:00:00+01:00,5.3585,8.404285,17.64,100.0,0.0,30480.0,6.7744107,9.037377
2026-02-14 12:00:00+01:00,5.8085,8.373386,15.84,100.0,0.0,34420.0,14.236403,13.093462
2026-02-14 13:00:00+01:00,5.8585,8.891344,17.64,88.0,0.1,36860.0,13.548821,15.355014
2026-02-14 14:00:00+01:00,6.0084996,8.209263,16.199999,92.0,0.1,35580.0,14.192577,14.8057575
2026-02-14 15:00:00+01:00,5.8585,8.557102,16.199999,94.0,0.4,23860.0,16.952879,10.714764
2026-02-14 16:00:00+01:00,5.5084996,7.8954163,19.44,88.0,0.5,26680.0,19.035887,15.102031
2026-02-14 17:00:00+01:00,5.1085,5.95906,16.199999,88.0,0.3,23520.0,22.04364,11.172413
2026-02-14 18:00:00+01:00,4.5084996,11.841756,21.96,91.0,0.4,23540.0,20.470856,15.95788
2026-02-14 19:00:00+01:00,3.5085,15.192682,30.960001,88.0,0.7,12780.0,31.980005,22.82248
2026-02-14 20:00:00+01:00,2.4585001,12.849528,27.72,94.0,0.4,7640.0,33.024612,20.293798
2026-02-14 21:00:00+01:00,1.4085001,9.605998,23.4,89.0,0.6,4180.0,29.567625,18.98945
2026-02-14 22:00:00+01:00,1.3085,8.311245,17.64,86.0,0.3,3920.0,26.700062,24.405024
2026-02-14 23:00:00+01:00,0.9085,6.8399997,17.64,92.0,0.3,2380.0,23.879524,20.809309
2026-02-15 00:00:00+01:00,0.5585,4.896529,12.24,83.0,0.4,2400.0,19.160927,16.11404
2026-02-15 01:00:00+01:00,0.9085,7.2359104,13.679999,100.0,0.1,5560.0,15.798928,15.566816
2026-02-15 02:00:00+01:00,0.5085,6.924738,13.32,90.0,0.2,4800.0,11.319258,13.398848
2026-02-15 03:00:00+01:00,0.2085,7.5170207,13.32,92.0,0.2,3340.0,11.031237,13.093462
2026-02-15 04:00:00+01:00,0.2085,6.924738,13.679999,87.0,0.4,4420.0,4.488087,14.490146
2026-02-15 05:00:00+01:00,0.0585,6.9899354,12.959999,82.0,0.1,8840.0,6.850616,18.25503
2026-02-15 06:00:00+01:00,0.108500004,6.12,12.24,90.0,0.1,10920.0,9.515216,23.757093
2026-02-15 07:00:00+01:00,0.008499999,5.315336,10.799999,87.0,0.0,9180.0,7.0743074,23.3729
2026-02-15 08:00:00+01:00,-0.24150002,3.2599385,8.64,89.0,0.1,6520.0,5.487309,27.48611
2026-02-15 09:00:00+01:00,0.008499999,4.1046314,7.92,89.0,0.1,3660.0,4.201311,30.816475
2026-02-15 10:00:00+01:00,0.7585,4.452954,7.5599995,84.0,0.1,16700.0,4.556962,27.737257
2026-02-15 11:00:00+01:00,1.4085001,2.5959969,8.28,77.0,0.0,25800.0,10.035667,25.113012
2026-02-15 12:00:00+01:00,1.9585,2.5959969,8.28,85.0,0.0,31460.0,10.240498,27.26799
2026-02-15 13:00:00+01:00,2.7085001,4.6800003,10.440001,70.0,0.0,35280.0,11.961482,24.103226
2026-02-15 14:00:00+01:00,3.1585,4.896529,10.799999,69.0,0.0,40520.0,15.175435,31.090292
2026-02-15 15:00:00+01:00,3.2085001,3.6,12.24,70.0,0.0,43680.0,24.624466,38.287045
2026-02-15 16:00:00+01:00,3.2085001,6.763786,12.959999,65.0,0.0,46940.0,28.896315,38.80179
2026-02-15 17:00:00+01:00,2.7085001,7.10031,14.4,53.0,0.0,37240.0,31.735567,49.670685
2026-02-15 18:00:00+01:00,1.8085,8.913181,15.119999,0.0,0.0,28460.0,42.99029,48.810047
2026-02-15 19:00:00+01:00,1.0585,7.968939,16.56,0.0,0.0,22220.0,58.336227,61.476475
2026-02-15 20:00:00+01:00,0.6085,11.988594,20.880001,54.0,0.3,5920.0,57.238415,63.789257
2026-02-15 21:00:00+01:00,0.5585,6.763786,19.8,100.0,0.8,2860.0,54.271866,84.70765
2026-02-15 22:00:00+01:00,0.2085,10.483357,16.919998,100.0,1.3,200.0,77.608955,107.98037
2026-02-15 23:00:00+01:00,1.0085,12.879752,23.759998,100.0,1.6,2980.0,104.01458,108.47873
2026-02-16 00:00:00+01:00,1.7085,6.725354,20.880001,96.0,0.2,5420.0,95.108505,97.00448
2026-02-16 01:00:00+01:00,2.0085,6.696387,13.32,100.0,0.1,5400.0,95.6061,99.50412
2026-02-16 02:00:00+01:00,2.9085,7.10031,11.5199995,100.0,0.1,10740.0,82.425606,102.64112
2026-02-16 03:00:00+01:00,4.8585,16.489416,30.239998,89.0,0.4,22300.0,74.7814,96.30495
2026-02-16 04:00:00+01:00,4.0085,5.991594,29.88,100.0,1.6,7880.0,77.91872,90.69081
2026-02-16 05:00:00+01:00,4.8085,16.039202,29.88,100.0,2.4,9180.0,78.80778,81.84164
2026-02-16 06:00:00+01:00,4.4084997,13.324863,49.68,56.0,1.5,13980.0,72.368225,104.07246
2026-02-16 07:00:00+01:00,4.6584997,14.291592,35.28,57.0,0.0,25620.0,75.5879,96.4129
2026-02-16 08:00:00+01:00,4.2584996,12.475961,24.84,75.0,0.2,20400.0,59.43124,87.44898
2026-02-16 09:00:00+01:00,4.0585,13.37825,25.56,100.0,0.1,14460.0,46.53013,67.563995
2026-02-16 10:00:00+01:00,4.5585,11.592895,25.56,90.0,0.1,20420.0,48.260784,58.056885
2026-02-16 11:00:00+01:00,5.4585,11.901798,23.759998,94.0,0.1,21600.0,45.869392,66.6483
2026-02-16 12:00:00+01:00,4.4084997,11.090103,37.8,93.0,0.5,15280.0,56.940147,55.89309
2026-02-16 13:00:00+01:00,5.1085,9.504273,33.12,83.0,0.6,22440.0,52.9726,61.4514
2026-02-16 14:00:00+01:00,5.6085,10.966713,32.399998,100.0,0.2,26460.0,58.30241,75.22902
2026-02-16 15:00:00+01:00,6.2584996,15.546833,33.12,93.0,0.2,33300.0,62.468616,77.625916
2026-02-16 16:00:00+01:00,4.7584996,19.48661,48.96,100.0,0.2,11580.0,62.25717,82.77542
2026-02-16 17:00:00+01:00,2.2085001,16.700275,42.48,89.0,3.1,5080.0,76.49862,81.44526
2026-02-16 18:00:00+01:00,2.5085,7.5942082,27.0,100.0,0.1,10320.0,72.66175,75.175224
2026-02-16 19:00:00+01:00,2.6585,8.78872,19.8,100.0,0.2,8160.0,50.927998,76.60678
2026-02-16 20:00:00+01:00,2.8585,10.587918,21.96,100.0,0.4,8800.0,46.919006,54.99324
2026-02-16 21:00:00+01:00,2.5585,9.0,17.64,95.0,0.1,5880.0,49.773205,60.465492
2026-02-16 22:00:00+01:00,2.9585001,9.085988,15.84,100.0,0.5,6900.0,61.14146,58.860886
2026-02-16 23:00:00+01:00,2.6585,7.145796,22.319998,88.0,0.5,8260.0,52.29399,47.91788
2026-02-17 00:00:00+01:00,1.4585,11.304229,26.64,100.0,1.6,1720.0,59.65966,60.245274
2026-02-17 01:00:00+01:00,2.1085,7.289444,15.119999,85.0,0.4,6320.0,57.091297,63.595703
2026-02-17 02:00:00+01:00,2.2085001,10.464797,23.4,97.0,0.0,11420.0,61.200863,67.34696
2026-02-17 03:00:00+01:00,2.2085001,15.844089,27.72,100.0,0.5,7000.0,71.68928,81.092094
2026-02-17 04:00:00+01:00,2.6585,13.849476,27.0,100.0,0.6,18440.0,64.2677,77.177956
2026-02-17 05:00:00+01:00,1.2585001,14.84318,30.960001,100.0,1.3,1560.0,64.47255,72.22438
2026-02-17 06:00:00+01:00,0.6585,5.3999996,23.039999,86.0,1.1,1280.0,61.248344,70.181854
2026-02-17 07:00:00+01:00,0.9085,3.96,9.36,100.0,0.0,4220.0,56.39781,71.44674
2026-02-17 08:00:00+01:00,1.6085,8.557102,18.359999,94.0,0.0,6300.0,52.956917,64.38439
2026-02-17 09:00:00+01:00,0.6585,4.2136917,18.359999,95.0,0.7,800.0,56.788593,50.46325
2026-02-17 10:00:00+01:00,1.8085,4.802999,9.0,94.0,0.6,3400.0,55.041233,62.566624
2026-02-17 11:00:00+01:00,2.8585,9.346143,24.119999,96.0,0.2,8300.0,47.525856,57.187717
2026-02-17 12:00:00+01:00,3.2085001,12.522619,23.4,100.0,0.3,10740.0,47.00965,57.540306
2026-02-17 13:00:00+01:00,2.5585,16.23596,33.48,100.0,0.3,6900.0,53.565147,59.34
2026-02-17 14:00:00+01:00,2.7085001,4.8965297,29.519999,87.0,1.1,4780.0,59.724026,70.00873
2026-02-17 15:00:00+01:00,3.8585,4.6102495,25.199999,100.0,0.3,6060.0,44.667522,71.33881
2026-02-17 16:00:00+01:00,4.2584996,13.698934,36.719997,100.0,0.2,11720.0,55.62481,77.9429
2026-02-17 17:00:00+01:00,3.2585,20.966715,38.88,70.0,0.7,24360.0,75.05857,70.31348
2026-02-17 18:00:00+01:00,2.4585001,15.978486,39.6,43.0,0.0,27900.0,71.962494,68.49557
2026-02-17 19:00:00+01:00,1.7085,11.367109,26.28,12.0,0.0,31020.0,60.153618,53.19857
2026-02-17 20:00:00+01:00,0.7585,6.162207,19.08,5.0,0.0,33660.0,47.576077,48.983383
2026-02-17 21:00:00+01:00,0.3085,4.8965297,10.08,0.0,0.0,30560.0,43.255146,53.39374
2026-02-17 22:00:00+01:00,0.70849997,3.9763298,9.0,41.0,0.0,39780.0,42.467854,57.10682
2026-02-17 23:00:00+01:00,0.8085,3.2599385,7.2,98.0,0.0,44800.0,43.077152,52.373848
2026-02-18 00:00:00+01:00,0.5085,4.3349743,8.28,60.0,0.0,35920.0,40.579994,49.300888
2026-02-18 01:00:00+01:00,0.3585,4.0249224,7.5599995,61.0,0.0,33320.0,45.67203,51.78575
2026-02-18 02:00:00+01:00,0.3085,3.219938,6.4799995,45.0,0.0,36660.0,47.882805,54.224262
2026-02-18 03:00:00+01:00,0.108500004,3.319036,5.3999996,68.0,0.0,38620.0,46.30196,55.948208
2026-02-18 04:00:00+01:00,-0.2915,4.2136917,7.92,88.0,0.0,28800.0,40.865555,55.36329
2026-02-18 05:00:00+01:00,-0.19150001,4.6102495,9.72,60.0,0.0,24420.0,37.811802,55.213478
2026-02-18 06:00:00+01:00,0.008499999,5.6233797,9.72,52.0,0.0,17160.0,43.95756,49.856483
2026-02-18 07:00:00+01:00,0.2585,4.8965297,9.36,86.0,0.0,10940.0,39.200466,42.302624
2026-02-18 08:00:00+01:00,0.8085,5.0911684,10.799999,39.0,0.0,22480.0,37.62461,31.53323
2026-02-18 09:00:00+01:00,1.2085,1.1384199,9.72,38.0,0.0,26560.0,35.930714,47.756817
2026-02-18 10:00:00+01:00,2.4085,2.7416782,2.52,81.0,0.0,32660.0,25.794176,52.31865
2026-02-18 11:00:00+01:00,2.5085,10.30883,18.72,91.0,0.1,7340.0,23.524694,59.602367
2026-02-18 12:00:00+01:00,2.1585,6.489992,17.64,100.0,0.6,3540.0,22.010645,66.734955
2026-02-18 13:00:00+01:00,0.8085,1.1384199,11.159999,100.0,1.3,220.0,14.410378,65.86626
2026-02-18 14:00:00+01:00,0.4585,1.9386592,5.3999996,100.0,1.3,200.0,30.967232,69.36745
2026-02-18 15:00:00+01:00,0.4085,3.6179552,5.7599998,100.0,2.1,760.0,52.482277,68.27868
2026-02-18 16:00:00+01:00,0.4085,2.9024127,9.0,100.0,1.4,880.0,55.29155,70.76951
2026-02-18 17:00:00+01:00,1.3085,3.9763298,6.4799995,100.0,1.5,12100.0,62.365482,66.460175
2026-02-18 18:00:00+01:00,2.0585,5.0528407,7.5599995,100.0,0.5,17360.0,62.031616,54.28817
2026-02-18 19:00:00+01:00,1.4585,3.8773184,5.7599998,88.0,0.2,10100.0,42.24478,50.520473
2026-02-18 20:00:00+01:00,1.6585001,4.3498964,8.28,88.0,0.2,12780.0,33.228344,50.24903
2026-02-18 21:00:00+01:00,1.8585,4.6938257,7.92,8.0,0.1,14740.0,25.273685,59.13514
2026-02-18 22:00:00+01:00,1.4585,2.8116899,6.8399997,0.0,0.0,10800.0,15.086228,62.70194
2026-02-18 23:00:00+01:00,0.70849997,3.9763298,7.5599995,50.0,0.0,5120.0,13.464261,65.76088
2026-02-19 00:00:00+01:00,0.2085,3.9763298,7.92,82.0,0.0,600.0,13.670886,64.45616
2026-02-19 01:00:00+01:00,-0.09150001,4.510787,7.92,100.0,0.0,200.0,12.767627,51.18338
2026-02-19 02:00:00+01:00,0.0585,1.08,7.2,94.0,0.0,500.0,21.878162,35.61807
2026-02-19 03:00:00+01:00,0.2085,1.9386592,9.0,100.0,0.0,180.0,19.658419,28.068626
2026-02-19 04:00:00+01:00,0.5085,3.0758414,6.12,75.0,0.0,1620.0,21.42257,28.880415
2026-02-19 05:00:00+01:00,0.4585,1.8,14.4,100.0,0.4,2000.0,34.262173,18.764957
2026-02-19 06:00:00+01:00,1.1085,3.319036,7.5599995,79.0,1.3,11420.0,50.05196,35.15537
2026-02-19 07:00:00+01:00,1.0085,6.4096174,11.5199995,70.0,0.3,12400.0,33.024616,32.25795
2026-02-19 08:00:00+01:00,1.9085001,6.638072,14.04,76.0,0.1,19580.0,31.604427,35.682907
2026-02-19 09:00:00+01:00,2.6585,5.0911684,11.159999,63.0,0.2,19760.0,30.839556,36.430832
2026-02-19 10:00:00+01:00,3.2085001,2.5455842,7.2,74.0,0.1,22600.0,26.99399,30.640951
2026-02-19 11:00:00+01:00,4.2584996,6.151683,11.5199995,58.0,0.0,23180.0,16.335293,43.827896
2026-02-19 12:00:00+01:00,4.9585,4.8433046,12.24,73.0,0.0,21580.0,13.889393,48.683594
2026-02-19 13:00:00+01:00,4.8585,2.16,9.72,72.0,0.0,25440.0,15.284515,49.269623
2026-02-19 14:00:00+01:00,5.0084996,1.1384199,5.7599998,88.0,0.1,27460.0,28.549284,48.62421
2026-02-19 15:00:00+01:00,5.2085,3.6,10.08,100.0,0.9,11080.0,35.748196,44.844555
2026-02-19 16:00:00+01:00,5.0585,5.6920996,9.36,100.0,2.1,11200.0,36.318726,46.8158
2026-02-19 17:00:00+01:00,4.6085,9.178235,16.199999,88.0,1.4,13180.0,39.68745,38.662537
2026-02-19 18:00:00+01:00,4.1085,6.193674,16.56,100.0,1.6,17480.0,45.769684,41.10165
2026-02-19 19:00:00+01:00,3.8585,5.506941,10.08,89.0,1.3,21300.0,37.998066,37.122223
2026-02-19 20:00:00+01:00,3.6085,2.968636,10.440001,93.0,0.2,20860.0,36.933887,33.59187
2026-02-19 21:00:00+01:00,3.7085001,2.9024127,5.3999996,95.0,0.6,20580.0,37.502995,27.792759
2026-02-19 22:00:00+01:00,3.6085,3.0758414,6.4799995,91.0,0.3,18140.0,41.478367,24.175043
2026-02-19 23:00:00+01:00,3.8585,4.5820518,7.92,96.0,0.1,16340.0,30.162128,23.635157
2026-02-20 00:00:00+01:00,3.9085,4.3349743,8.64,99.0,0.3,18860.0,24.666594,20.331732
2026-02-20 01:00:00+01:00,3.8085,3.4152596,7.2,99.0,0.3,12400.0,25.265467,26.776121
2026-02-20 02:00:00+01:00,3.6585,5.1165614,9.0,100.0,0.4,3840.0,26.33987,27.338541
2026-02-20 03:00:00+01:00,3.6585,6.12,11.159999,96.0,1.0,1960.0,31.350441,29.409164
2026-02-20 04:00:00+01:00,3.8585,7.289445,14.759999,91.0,0.8,2500.0,23.42296,30.36308
2026-02-20 05:00:00+01:00,3.5585,1.5273507,11.5199995,91.0,0.4,9780.0,28.896315,30.772688
2026-02-20 06:00:00+01:00,3.5085,5.6920996,9.72,96.0,0.7,1100.0,28.311901,31.79482
2026-02-20 07:00:00+01:00,3.3585,1.0182338,13.679999,100.0,0.3,7520.0,29.550064,32.495934
2026-02-20 08:00:00+01:00,3.5585,1.2979984,2.16,100.0,0.3,12380.0,25.922665,31.022066
2026-02-20 09:00:00+01:00,3.6585,7.4128532,12.599999,100.0,0.4,560.0,30.1759,29.428804
2026-02-20 10:00:00+01:00,3.8085,3.096837,12.599999,100.0,0.1,1520.0,26.45394,26.696869
2026-02-20 11:00:00+01:00,3.9085,6.297428,11.879999,100.0,0.1,1100.0,30.0794,25.051575
2026-02-20 12:00:00+01:00,4.9585,7.42159,14.04,81.0,0.0,17080.0,31.070993,31.79482
2026-02-20 13:00:00+01:00,5.0585,8.766573,19.44,100.0,0.0,20340.0,33.770744,29.487658
2026-02-20 14:00:00+01:00,5.5084996,8.891344,20.519999,96.0,0.0,24140.0,38.73686,29.670004
2026-02-20 15:00:00+01:00,5.9084997,8.707238,16.919998,100.0,0.0,26040.0,32.43456,27.681644
2026-02-20 16:00:00+01:00,6.0084996,10.829959,18.359999,79.0,0.0,31260.0,34.824253,27.563091
2026-02-20 17:00:00+01:00,5.5585,6.130579,19.44,77.0,0.0,29260.0,32.35764,32.37121
2026-02-20 18:00:00+01:00,5.1085,2.968636,9.72,86.0,0.0,26560.0,32.810127,29.297602
2026-02-20 19:00:00+01:00,5.0585,2.6208394,4.68,95.0,0.1,25120.0,29.746176,25.478533
2026-02-20 20:00:00+01:00,4.5585,2.7416782,6.4799995,100.0,0.1,13460.0,28.245813,34.725353
2026-02-20 21:00:00+01:00,4.5585,5.904439,9.72,100.0,0.6,14820.0,31.849869,34.14357
2026-02-20 22:00:00+01:00,4.6085,4.73506,14.759999,76.0,0.0,19940.0,45.242622,33.917152
2026-02-20 23:00:00+01:00,4.2085,4.0249224,6.4799995,92.0,0.1,15080.0,47.148586,44.434616
2026-02-21 00:00:00+01:00,4.2584996,2.7416782,7.2,83.0,0.5,14700.0,52.73884,45.989704
2026-02-21 01:00:00+01:00,4.3585,5.771239,10.08,100.0,0.1,15380.0,51.507782,47.518238
2026-02-21 02:00:00+01:00,4.7085,9.0,15.4800005,100.0,0.2,26040.0,50.37659,54.99324
2026-02-21 03:00:00+01:00,4.4585,11.874544,22.319998,63.0,0.0,27460.0,51.51786,52.329693
2026-02-21 04:00:00+01:00,4.5084996,7.172949,19.44,100.0,0.0,28780.0,56.15427,57.120308
2026-02-21 05:00:00+01:00,4.8085,9.19939,21.96,100.0,0.4,32360.0,56.15427,65.40843
2026-02-21 06:00:00+01:00,4.8085,11.298495,24.84,100.0,0.2,29520.0,58.506844,68.292786
2026-02-21 07:00:00+01:00,4.4084997,7.7043357,19.44,94.0,0.1,26000.0,53.551575,72.861664
2026-02-21 08:00:00+01:00,4.8585,11.753876,20.880001,90.0,0.1,29620.0,54.25847,60.373035
2026-02-21 09:00:00+01:00,5.2584996,11.966954,20.880001,91.0,0.1,29480.0,54.25847,65.29053
2026-02-21 10:00:00+01:00,5.1085,11.457958,25.56,91.0,0.2,28580.0,52.665943,71.44674
2026-02-21 11:00:00+01:00,5.5084996,13.755579,24.84,100.0,0.3,28560.0,66.401985,68.70617
2026-02-21 12:00:00+01:00,5.8085,10.97262,26.28,100.0,0.2,27680.0,69.27181,77.13801
2026-02-21 13:00:00+01:00,6.0585,9.726664,24.119999,98.0,0.2,23620.0,70.19053,79.188416
2026-02-21 14:00:00+01:00,7.1085,14.654254,26.64,100.0,0.1,29360.0,64.83389,75.84868
2026-02-21 15:00:00+01:00,7.4585,13.708391,28.44,100.0,0.1,30940.0,58.09009,78.76891
2026-02-21 16:00:00+01:00,7.4084997,12.181624,24.48,100.0,0.3,29900.0,52.190647,71.14955
2026-02-21 17:00:00+01:00,7.2085,10.495713,22.319998,100.0,0.1,28280.0,57.43399,65.46731
2026-02-21 18:00:00+01:00,7.0084996,8.161764,18.0,100.0,0.1,27460.0,51.511814,65.39665
2026-02-21 19:00:00+01:00,6.7584996,5.8048253,15.4800005,100.0,0.1,22520.0,53.8204,60.61186
2026-02-21 20:00:00+01:00,7.0585,6.989936,12.959999,85.0,0.1,27740.0,48.79355,60.535538
2026-02-21 21:00:00+01:00,6.7584996,5.0911684,11.5199995,91.0,0.0,27620.0,44.846153,55.533516
2026-02-21 22:00:00+01:00,6.1584997,5.8603754,8.64,82.0,0.0,21940.0,46.53013,48.41379
2026-02-21 23:00:00+01:00,5.8585,7.10031,13.679999,4.0,0.0,23020.0,36.478474,44.19118
2026-02-22 00:00:00+01:00,5.3085,5.1165614,12.959999,2.0,0.0,23900.0,37.009712,42.17037
2026-02-22 01:00:00+01:00,4.6584997,5.8603754,10.440001,0.0,0.0,25000.0,37.009712,40.932587
2026-02-22 02:00:00+01:00,4.0585,7.289445,12.959999,0.0,0.0,21780.0,33.424625,43.612003
2026-02-22 03:00:00+01:00,4.0085,8.707237,15.119999,44.0,0.0,22440.0,34.05243,54.57835
2026-02-22 04:00:00+01:00,3.9585001,8.049845,15.4800005,0.0,0.0,23960.0,30.555439,56.72777
2026-02-22 05:00:00+01:00,4.0585,5.937272,14.4,21.0,0.0,25260.0,31.86291,50.137737
2026-02-22 06:00:00+01:00,4.3585,6.1094027,10.440001,68.0,0.0,26820.0,31.833565,46.66331
2026-02-22 07:00:00+01:00,4.1584997,7.289445,12.959999,59.0,0.0,24620.0,33.72152,44.434612
2026-02-22 08:00:00+01:00,4.6085,6.638072,10.799999,88.0,0.0,27700.0,32.083725,42.629227
2026-02-22 09:00:00+01:00,5.6584997,6.725354,13.679999,67.0,0.0,31180.0,28.694387,51.33745
2026-02-22 10:00:00+01:00,6.8085,7.172949,11.159999,47.0,0.0,32260.0,32.280533,52.244965
2026-02-22 11:00:00+01:00,8.3085,7.208994,13.32,20.0,0.0,36260.0,34.70479,60.130062
2026-02-22 12:00:00+01:00,9.2585,6.489992,13.679999,0.0,0.0,36560.0,45.28162,61.281902
2026-02-22 13:00:00+01:00,9.6085005,8.12197,18.359999,3.0,0.0,36980.0,46.13572,65.21968
2026-02-22 14:00:00+01:00,10.5585,9.504273,18.359999,21.0,0.0,37900.0,47.049393,64.57857
2026-02-22 15:00:00+01:00,10.7585,8.854829,18.72,44.0,0.0,37220.0,44.539494,60.235687
2026-02-22 16:00:00+01:00,10.5085,6.638072,16.919998,21.0,0.0,38080.0,40.26663,55.865513
2026-02-22 17:00:00+01:00,9.658501,6.924738,13.679999,43.0,0.0,35960.0,39.147457,55.328484
2026-02-22 18:00:00+01:00,8.658501,4.5536795,11.879999,66.0,0.0,34960.0,39.01462,55.244858
2026-02-22 19:00:00+01:00,8.658501,4.1046314,7.2,38.0,0.0,37160.0,37.18883,52.773224
2026-02-22 20:00:00+01:00,7.7584996,5.00128,7.92,45.0,0.0,34840.0,37.62461,58.35803
2026-02-22 21:00:00+01:00,7.5084996,2.9024127,8.28,87.0,0.0,34020.0,34.874905,60.411312
2026-02-22 22:00:00+01:00,7.2584996,5.95906,7.5599995,60.0,0.0,31640.0,47.813362,67.106285
2026-02-22 23:00:00+01:00,7.1584997,5.8048253,11.159999,31.0,0.0,32780.0,51.495686,70.27237
2026-02-23 00:00:00+01:00,6.9585,5.5887027,9.72,63.0,0.0,27540.0,56.508163,70.46946
2026-02-23 01:00:00+01:00,7.2584996,5.6920996,9.36,62.0,0.0,28800.0,60.214005,80.97799
2026-02-23 02:00:00+01:00,7.1085,6.162207,11.5199995,100.0,1.1,24060.0,57.109478,69.85171
2026-02-23 03:00:00+01:00,7.2584996,9.746631,16.919998,92.0,0.8,22460.0,57.1531,56.24695
2026-02-23 04:00:00+01:00,7.2085,9.659814,18.0,87.0,0.2,22400.0,58.13655,64.73349
2026-02-23 05:00:00+01:00,7.1584997,8.759178,17.28,100.0,0.0,25800.0,55.924522,58.71343
2026-02-23 06:00:00+01:00,7.1085,10.105681,17.64,75.0,0.1,30780.0,55.62481,64.89991
2026-02-23 07:00:00+01:00,6.8085,3.96,18.72,85.0,0.0,32160.0,56.66047,62.885994
2026-02-23 08:00:00+01:00,6.7085,7.2,12.599999,62.0,0.0,27400.0,64.766594,58.12652
2026-02-23 09:00:00+01:00,7.3585,8.669949,15.119999,89.0,0.0,27720.0,58.676968,58.795395
2026-02-23 10:00:00+01:00,8.658501,7.5685663,15.4800005,26.0,0.0,32320.0,58.927696,60.830753
2026-02-23 11:00:00+01:00,10.0085,16.75064,28.44,92.0,0.0,35420.0,55.62481,61.4984
2026-02-23 12:00:00+01:00,10.4585,16.167967,31.68,95.0,0.0,36320.0,53.11549,64.69778
2026-02-23 13:00:00+01:00,11.7085,16.766108,32.760002,83.0,0.0,38200.0,41.126427,63.359005
2026-02-23 14:00:00+01:00,11.9585,18.844202,36.0,72.0,0.0,38660.0,37.907784,64.00631
2026-02-23 15:00:00+01:00,11.908501,19.44,36.36,96.0,0.0,37880.0,41.025314,68.292786
2026-02-23 16:00:00+01:00,12.6085005,16.418526,33.839996,61.0,0.0,39500.0,42.362595,62.80017
2026-02-23 17:00:00+01:00,11.9585,10.853866,28.8,72.0,0.0,37960.0,44.509182,65.83993
2026-02-23 18:00:00+01:00,10.0585,12.181624,22.68,100.0,0.2,28680.0,60.387917,61.52659
2026-02-23 19:00:00+01:00,9.908501,6.763786,20.16,80.0,0.2,26460.0,63.461323,73.4541
2026-02-23 20:00:00+01:00,9.408501,3.96,11.879999,77.0,0.1,20720.0,66.55661,68.94127
2026-02-23 21:00:00+01:00,9.5585,8.699793,15.84,97.0,0.2,26020.0,67.70271,70.31348
2026-02-23 22:00:00+01:00,9.7085,7.2,18.359999,60.0,0.0,29640.0,58.517494,65.3613
2026-02-23 23:00:00+01:00,9.7085,13.32,25.56,68.0,0.0,33780.0,64.33229,57.469963
2026-02-24 00:00:00+01:00,9.4585,12.303366,25.199999,78.0,0.0,32560.0,59.240505,61.080406
2026-02-24 01:00:00+01:00,9.6085005,9.346143,21.599998,39.0,0.0,33760.0,57.48278,60.101223
2026-02-24 02:00:00+01:00,9.1085005,7.491114,16.56,11.0,0.0,32620.0,51.330086,67.08044
2026-02-24 03:00:00+01:00,8.7585,6.439876,12.599999,51.0,0.0,31980.0,53.77408,71.640594
2026-02-24 04:00:00+01:00,8.8585005,4.829907,14.04,76.0,0.0,28340.0,52.293995,65.05408
2026-02-24 05:00:00+01:00,8.5585,5.0528407,10.08,87.0,0.1,25160.0,51.65674,64.22863
2026-02-24 06:00:00+01:00,8.3585005,4.6938252,8.28,100.0,0.1,23340.0,49.689693,62.836967
2026-02-24 07:00:00+01:00,8.658501,6.162207,11.5199995,83.0,0.0,25660.0,52.436752,65.85748
2026-02-24 08:00:00+01:00,8.658501,5.04,13.32,75.0,0.1,24800.0,50.656116,57.940636
2026-02-24 09:00:00+01:00,9.2085,3.8268526,6.4799995,84.0,0.0,28540.0,42.990295,58.50637
2026-02-24 10:00:00+01:00,9.3585005,6.489992,8.28,100.0,0.0,27260.0,39.63509,49.050186
2026-02-24 11:00:00+01:00,9.7085,8.217153,14.759999,84.0,0.0,27820.0,30.724873,44.029602
2026-02-24 12:00:00+01:00,10.8585005,10.239453,19.08,79.0,0.0,31940.0,25.68122,39.65619
2026-02-24 13:00:00+01:00,12.0585,8.209263,20.16,87.0,0.0,36420.0,16.411392,30.024958
2026-02-24 14:00:00+01:00,12.6085005,8.209263,15.4800005,70.0,0.0,37720.0,16.027294,28.699764
2026-02-24 15:00:00+01:00,13.1085005,6.638072,16.56,94.0,0.0,39020.0,14.709885,30.439116
2026-02-24 16:00:00+01:00,13.0085,3.4152596,11.5199995,46.0,0.0,37200.0,11.85686,18.599987
2026-02-24 17:00:00+01:00,12.6085005,4.1046314,8.64,25.0,0.0,37480.0,5.094838,16.292364
2026-02-24 18:00:00+01:00,11.9585,3.8773184,7.5599995,0.0,0.0,37640.0,5.195736,22.430868
2026-02-24 19:00:00+01:00,10.0585,4.73506,8.28,13.0,0.0,29840.0,1.8788835,30.413792
2026-02-24 20:00:00+01:00,8.8085,5.495161,9.36,0.0,0.0,25500.0,4.907998,34.80846
2026-02-24 21:00:00+01:00,8.158501,6.28713,11.159999,0.0,0.0,24900.0,6.524576,32.949207
2026-02-24 22:00:00+01:00,7.2085,6.439876,10.799999,0.0,0.0,20600.0,7.958391,33.367477
2026-02-24 23:00:00+01:00,6.8585,6.12,11.159999,0.0,0.0,22980.0,6.1138062,25.265957
2026-02-25 00:00:00+01:00,6.4585,6.297428,10.799999,0.0,0.0,23040.0,6.895935,21.94469
2026-02-25 01:00:00+01:00,5.4585,5.495161,10.08,0.0,0.0,20060.0,5.9240503,17.87112
2026-02-25 02:00:00+01:00,4.9084997,5.692099,9.72,0.0,0.0,18780.0,5.6366506,15.11478
2026-02-25 03:00:00+01:00,5.0585,4.072935,9.0,0.0,0.0,20780.0,6.850616,12.5526705
2026-02-25 04:00:00+01:00,3.4085,3.0547013,5.7599998,53.0,0.0,3700.0,6.524576,11.241167
2026-02-25 05:00:00+01:00,3.3585,2.2768397,4.32,51.0,0.0,3860.0,4.6472077,10.008319
2026-02-25 06:00:00+01:00,2.9085,2.6208394,3.96,82.0,0.0,920.0,3.9200466,8.1638975
2026-02-25 07:00:00+01:00,3.1085,1.835647,4.32,93.0,0.0,380.0,6.6350365,6.6850314
2026-02-25 08:00:00+01:00,2.8085,1.8,4.32,100.0,0.0,120.0,8.215179,7.4740934
2026-02-25 09:00:00+01:00,3.5585,2.6208394,5.04,100.0,0.0,60.0,7.971428,8.092802
2026-02-25 10:00:00+01:00,4.3085,2.8116899,8.28,100.0,0.0,80.0,7.1182017,6.598021
2026-02-25 11:00:00+01:00,5.4585,1.835647,7.2,100.0,0.0,160.0,7.6388597,2.5591688
2026-02-25 12:00:00+01:00,7.0084996,1.835647,5.3999996,90.0,0.0,1520.0,8.202532,1.2413791
2026-02-25 13:00:00+01:00,9.5585,2.5455842,5.7599998,0.0,0.0,26360.0,6.850616,0.6206896
2026-02-25 14:00:00+01:00,11.5085,3.5455887,9.0,0.0,0.0,39100.0,7.3619976,3.1034482
2026-02-25 15:00:00+01:00,12.5585,1.4399999,7.5599995,0.0,0.0,40340.0,10.004581,4.475857
2026-02-25 16:00:00+01:00,13.3585005,2.6208394,6.4799995,0.0,0.0,40740.0,12.95332,5.7224755
2026-02-25 17:00:00+01:00,12.8085,3.219938,6.8399997,0.0,0.0,40520.0,13.708807,5.00416
2026-02-25 18:00:00+01:00,11.1085005,3.5455887,5.3999996,0.0,0.0,39300.0,15.493671,4.8477407
2026-02-25 19:00:00+01:00,9.158501,4.5536795,6.8399997,0.0,0.0,36980.0,20.097183,4.7270317
2026-02-25 20:00:00+01:00,9.0085,4.3498964,7.2,0.0,0.0,39900.0,22.440435,5.7224755
2026-02-25 21:00:00+01:00,8.5585,4.68,6.8399997,0.0,0.0,40640.0,25.685263,4.9655166
2026-02-25 22:00:00+01:00,7.3085,5.771239,9.0,0.0,0.0,38400.0,25.09641,5.6205835
2026-02-25 23:00:00+01:00,6.9084997,5.8048253,9.72,0.0,0.0,38280.0,24.254854,7.8511715
2026-02-26 00:00:00+01:00,6.9585,5.4119864,9.36,0.0,0.0,38240.0,23.101595,9.695481
2026-02-26 01:00:00+01:00,6.6085,5.0911684,9.0,0.0,0.0,35180.0,22.221907,11.41124
2026-02-26 02:00:00+01:00,6.5084996,5.0528407,7.92,0.0,0.0,34520.0,18.821962,13.196042
2026-02-26 03:00:00+01:00,6.3585,5.4119864,8.28,0.0,0.0,32860.0,18.369701,15.012479
2026-02-26 04:00:00+01:00,6.0585,5.3999996,8.64,0.0,0.0,33360.0,12.767627,16.11404
2026-02-26 05:00:00+01:00,5.8085,5.4477882,9.0,0.0,0.0,32020.0,9.837129,14.003396
2026-02-26 06:00:00+01:00,6.0084996,4.379589,9.0,0.0,0.0,32940.0,10.955679,13.879042
2026-02-26 07:00:00+01:00,5.3585,5.04,6.4799995,0.0,0.0,32140.0,15.284514,13.556066
2026-02-26 08:00:00+01:00,5.5585,4.73506,7.92,0.0,0.0,31780.0,15.148044,11.987508
2026-02-26 09:00:00+01:00,7.1085,3.9763298,7.5599995,0.0,0.0,31920.0,17.917614,13.398848
2026-02-26 10:00:00+01:00,9.658501,2.6208394,5.7599998,0.0,0.0,39500.0,28.245811,9.931033
2026-02-26 11:00:00+01:00,11.7585,2.52,7.2,0.0,0.0,40720.0,29.114672,9.454063
2026-02-26 12:00:00+01:00,13.6085005,3.396233,7.92,0.0,0.0,41000.0,25.7982,11.776757
2026-02-26 13:00:00+01:00,14.8585005,4.6938257,12.24,0.0,0.0,40960.0,24.76322,8.092802
2026-02-26 14:00:00+01:00,15.658501,5.3517847,11.879999,0.0,0.0,41060.0,23.311878,9.494725
2026-02-26 15:00:00+01:00,16.1085,7.5685663,14.4,0.0,0.0,41160.0,17.917614,7.8511715
2026-02-26 16:00:00+01:00,16.4085,6.9527545,14.759999,0.0,0.0,42380.0,14.64622,9.813965
2026-02-26 17:00:00+01:00,15.6085005,5.95906,13.32,0.0,0.0,41620.0,14.589397,11.444951
2026-02-26 18:00:00+01:00,13.5585,5.904439,10.08,0.0,0.0,41060.0,12.337506,12.915714
2026-02-26 19:00:00+01:00,11.5085,6.28713,10.440001,0.0,0.0,41080.0,9.294415,13.626929
2026-02-26 20:00:00+01:00,10.658501,6.2145634,10.799999,0.0,0.0,40660.0,6.9559,13.370063
2026-02-26 21:00:00+01:00,10.1085005,6.162207,10.440001,0.0,0.0,40480.0,7.0889688,13.711481
2026-02-26 22:00:00+01:00,9.3085,6.9899354,10.799999,0.0,0.0,40220.0,7.840093,13.711481
2026-02-26 23:00:00+01:00,8.9585,5.3999996,11.159999,0.0,0.0,40160.0,9.113924,11.595439
2026-02-27 00:00:00+01:00,8.4585,5.4477882,9.0,0.0,0.0,40100.0,8.706063,12.241913
2026-02-27 01:00:00+01:00,7.8085,5.771239,9.0,0.0,0.0,39440.0,9.045312,14.072007
2026-02-27 02:00:00+01:00,7.4585,5.3999996,9.72,0.0,0.0,39900.0,10.754816,17.577684
2026-02-27 03:00:00+01:00,7.0084996,5.8048253,9.72,0.0,0.0,39800.0,10.677303,21.71527
2026-02-27 04:00:00+01:00,6.4585,6.130579,10.08,0.0,0.0,39360.0,7.4739733,23.3729
2026-02-27 05:00:00+01:00,6.3585,5.4119864,9.72,0.0,0.0,39420.0,7.4739733,24.238705
2026-02-27 06:00:00+01:00,6.2085,5.8048253,10.440001,0.0,0.0,36940.0,7.0743074,21.330421
2026-02-27 07:00:00+01:00,5.8585,5.0528407,8.64,0.0,0.0,37400.0,10.754816,16.71258
2026-02-27 08:00:00+01:00,5.9585,5.4119864,8.64,0.0,0.0,36940.0,12.244582,12.475707
2026-02-27 09:00:00+01:00,8.0085,3.2599385,9.0,0.0,0.0,36840.0,12.570939,13.093462
2026-02-27 10:00:00+01:00,10.7585,3.096837,4.32,0.0,0.0,41360.0,15.311664,13.034482
2026-02-27 11:00:00+01:00,12.9585,4.3349743,9.36,0.0,0.0,42420.0,14.038106,10.624495
2026-02-27 12:00:00+01:00,14.908501,3.9763298,10.440001,0.0,0.0,43700.0,13.949067,11.41124
2026-02-27 13:00:00+01:00,16.3085,3.219938,9.0,0.0,0.0,45380.0,13.9118,12.795844
2026-02-27 14:00:00+01:00,17.1085,4.2136917,10.08,0.0,0.0,45220.0,15.500371,15.329903
2026-02-27 15:00:00+01:00,17.4585,3.5455887,9.36,0.0,0.0,45080.0,16.335293,14.329733
2026-02-27 16:00:00+01:00,17.508501,4.379589,9.0,0.0,0.0,45520.0,16.104847,13.739551
2026-02-27 17:00:00+01:00,16.4585,5.154415,9.72,0.0,0.0,44500.0,16.512308,15.517241
2026-02-27 18:00:00+01:00,13.908501,4.198285,10.08,0.0,0.0,42200.0,15.693425,17.903427
2026-02-27 19:00:00+01:00,11.5085,6.849467,10.08,0.0,0.0,41460.0,18.027378,16.185604
2026-02-27 20:00:00+01:00,10.408501,7.5685663,12.959999,0.0,0.0,41880.0,18.454288,18.25503
2026-02-27 21:00:00+01:00,9.8085,7.208994,12.24,0.0,0.0,42540.0,17.772152,21.002802
2026-02-27 22:00:00+01:00,9.408501,6.4799995,11.5199995,0.0,0.0,42080.0,14.155951,20.557856
2026-02-27 23:00:00+01:00,8.908501,5.4119864,9.72,0.0,0.0,41280.0,17.824654,19.480164
2026-02-28 00:00:00+01:00,8.658501,5.4119864,9.0,0.0,0.0,41240.0,20.184822,19.98775
2026-02-28 01:00:00+01:00,8.2585,6.849467,11.159999,0.0,0.0,40680.0,19.160927,18.599987
2026-02-28 02:00:00+01:00,7.8585,5.8603754,10.799999,0.0,0.0,40700.0,22.104788,16.952896
2026-02-28 03:00:00+01:00,7.7584996,5.4477882,10.08,0.0,0.0,40680.0,29.114672,13.166815
2026-02-28 04:00:00+01:00,7.7085,2.968636,9.0,0.0,0.0,40880.0,33.72152,15.800178
2026-02-28 05:00:00+01:00,7.8085,1.484318,3.2399998,0.0,0.0,41060.0,34.743656,15.11478
2026-02-28 06:00:00+01:00,7.2085,2.52,3.96,10.0,0.0,37380.0,27.097643,13.034482
2026-02-28 07:00:00+01:00,6.1085,5.0142193,6.4799995,0.0,0.0,36220.0,27.074642,17.043554
2026-02-28 08:00:00+01:00,6.1085,4.198285,8.64,0.0,0.0,36860.0,27.375927,23.03252
2026-02-28 09:00:00+01:00,7.4084997,3.671294,6.4799995,83.0,0.0,36440.0,23.766205,27.338541
2026-02-28 10:00:00+01:00,8.908501,2.1897945,6.12,89.0,0.0,38100.0,19.726961,28.659466
2026-02-28 11:00:00+01:00,9.8085,2.0364676,5.04,83.0,0.0,37980.0,17.795504,31.63082
2026-02-28 12:00:00+01:00,10.658501,4.1046314,8.64,85.0,0.0,38160.0,18.788836,30.87268
2026-02-28 13:00:00+01:00,10.7585,4.6938252,15.119999,87.0,0.0,36820.0,17.46571,31.533234
2026-02-28 14:00:00+01:00,11.1085005,8.707238,16.919998,76.0,0.0,36680.0,19.631992,29.179018
2026-02-28 15:00:00+01:00,11.0085,11.792404,20.880001,100.0,0.0,37060.0,13.049152,31.034481
2026-02-28 16:00:00+01:00,9.908501,12.7279215,25.56,92.0,0.0,35020.0,15.311664,37.897663
2026-02-28 17:00:00+01:00,9.4585,11.183201,22.319998,75.0,0.0,34180.0,14.075039,37.83662
2026-02-28 18:00:00+01:00,8.7585,9.726664,19.8,100.0,0.0,34120.0,11.392405,41.007816
2026-02-28 19:00:00+01:00,8.5085,2.8799999,16.199999,100.0,0.0,29440.0,14.589397,37.80097
2026-02-28 20:00:00+01:00,8.2085,3.2599385,6.8399997,100.0,0.0,33080.0,13.678478,35.54769
2026-02-28 21:00:00+01:00,7.7085,2.52,9.0,100.0,0.0,30760.0,11.171529,33.42516
2026-02-28 22:00:00+01:00,7.8585,1.1384199,3.2399998,100.0,0.0,33340.0,9.113924,31.951952
2026-02-28 23:00:00+01:00,7.5084996,2.3051248,4.32,93.0,0.1,30880.0,6.47666,28.693052
2026-03-01 00:00:00+01:00,7.2085,2.5959969,4.68,90.0,0.0,31580.0,8.765491,24.966848
2026-03-01 01:00:00+01:00,7.1584997,2.3051248,3.6,100.0,0.0,33000.0,8.074956,23.846117
2026-03-01 02:00:00+01:00,7.0585,1.9386592,3.6,98.0,0.0,33640.0,5.993747,25.113012
2026-03-01 03:00:00+01:00,6.5084996,2.0991426,5.3999996,98.0,0.0,28820.0,4.323114,24.333883
2026-03-01 04:00:00+01:00,6.3585,0.8049845,3.2399998,88.0,0.0,28080.0,1.8788835,22.387888
2026-03-01 05:00:00+01:00,6.1085,1.484318,3.96,100.0,0.0,24980.0,1.643036,24.827585
2026-03-01 06:00:00+01:00,6.0084996,1.8,2.8799999,98.0,0.1,23720.0,1.643036,24.578054
2026-03-01 07:00:00+01:00,5.8585,2.5959969,2.8799999,92.0,0.2,18620.0,5.333787,24.175043
2026-03-01 08:00:00+01:00,5.8585,2.3051248,4.32,80.0,0.1,17440.0,7.418196,25.470974
2026-03-01 09:00:00+01:00,6.7085,3.0758414,6.12,71.0,0.0,24240.0,8.062088,26.33363
2026-03-01 10:00:00+01:00,7.4084997,6.151683,7.2,80.0,0.0,30480.0,6.572144,22.973904
2026-03-01 11:00:00+01:00,8.2085,7.5685663,14.4,71.0,0.0,33640.0,5.709857,27.653793
2026-03-01 12:00:00+01:00,8.908501,4.0249224,14.4,86.0,0.0,35520.0,5.562481,35.769176
2026-03-01 13:00:00+01:00,9.0585,3.396233,7.92,79.0,0.0,35880.0,4.907998,36.51006
2026-03-01 14:00:00+01:00,9.3585005,6.193674,12.24,84.0,0.0,37420.0,4.844117,33.568924
2026-03-01 15:00:00+01:00,9.408501,7.9036193,14.759999,100.0,0.0,37640.0,2.0379353,31.65517
2026-03-01 16:00:00+01:00,9.3585005,8.669949,15.119999,76.0,0.0,39180.0,4.201311,29.428804
2026-03-01 17:00:00+01:00,8.908501,8.089993,15.84,44.0,0.0,38400.0,9.65603,28.659466
2026-03-01 18:00:00+01:00,7.8085,7.754637,14.4,24.0,0.0,35740.0,7.7602262,27.875805
2026-03-01 19:00:00+01:00,6.7584996,7.968939,14.04,4.0,0.0,33760.0,8.753638,24.103226
2026-03-01 20:00:00+01:00,5.3585,6.9899354,13.32,0.0,0.0,27200.0,10.004581,20.217718
2026-03-01 21:00:00+01:00,4.4585,7.289444,12.24,0.0,0.0,24460.0,11.208644,18.599987
2026-03-01 22:00:00+01:00,3.9585001,6.6185193,11.879999,0.0,0.0,22340.0,10.391472,18.877537
2026-03-01 23:00:00+01:00,4.2584996,5.495161,10.440001,0.0,0.0,26640.0,13.548821,20.331732
2026-03-02 00:00:00+01:00,3.8085,5.154415,9.0,0.0,0.0,25200.0,14.309151,19.987747
2026-03-02 01:00:00+01:00,3.3085,4.896529,8.28,0.0,0.0,23940.0,16.73094,20.85554
2026-03-02 02:00:00+01:00,2.9085,4.1046314,7.92,0.0,0.0,22560.0,20.587181,23.59437
2026-03-02 03:00:00+01:00,2.9585001,3.0758414,6.12,0.0,0.0,24600.0,23.236036,23.099327
2026-03-02 04:00:00+01:00,2.5085,5.0528407,5.04,0.0,0.0,21960.0,24.425486,21.51923
2026-03-02 05:00:00+01:00,2.4585001,4.5536795,8.28,0.0,0.0,22820.0,15.099987,20.49216
2026-03-02 06:00:00+01:00,2.3585,3.219938,6.8399997,0.0,0.0,24300.0,9.15938,19.281382
2026-03-02 07:00:00+01:00,1.8085,2.7416782,4.32,0.0,0.0,21240.0,5.7641516,15.152965
2026-03-02 08:00:00+01:00,1.5085001,1.9386592,3.6,0.0,0.0,12280.0,2.7718916,14.153901
2026-03-02 09:00:00+01:00,2.4585001,1.835647,3.2399998,48.0,0.0,3080.0,2.0379353,10.98112
2026-03-02 10:00:00+01:00,4.6584997,3.7064266,9.0,0.0,0.0,15180.0,1.8227848,9.310345
2026-03-02 11:00:00+01:00,7.0084996,5.95906,9.36,0.0,0.0,27140.0,1.2889035,8.886923
2026-03-02 12:00:00+01:00,9.2585,5.904439,7.5599995,0.0,0.0,35080.0,3.0569031,7.0769506
2026-03-02 13:00:00+01:00,10.0585,8.12197,9.72,0.0,0.0,34920.0,4.488087,6.8275857
2026-03-02 14:00:00+01:00,11.3585005,8.647496,12.24,0.0,0.0,37480.0,7.34788,7.499821
2026-03-02 15:00:00+01:00,12.158501,9.83268,15.119999,0.0,0.0,40020.0,8.074956,8.886923
2026-03-02 16:00:00+01:00,12.6085005,10.883676,19.08,0.0,0.0,41100.0,9.7416725,9.6356945
2026-03-02 17:00:00+01:00,11.7585,9.659814,20.16,0.0,0.0,40960.0,7.800262,9.310345
2026-03-02 18:00:00+01:00,10.3085,8.854829,16.56,0.0,0.0,41100.0,8.646228,8.281033
2026-03-02 19:00:00+01:00,8.658501,7.5170207,14.759999,0.0,0.0,41080.0,6.970812,7.8511715
2026-03-02 20:00:00+01:00,7.7085,5.95906,11.879999,0.0,0.0,40420.0,6.524576,7.900089
2026-03-02 21:00:00+01:00,5.7085,6.6087217,10.799999,0.0,0.0,37720.0,6.444517,8.068965
2026-03-02 22:00:00+01:00,4.6085,6.792466,11.159999,0.0,0.0,29720.0,6.895935,8.092802
2026-03-02 23:00:00+01:00,3.9585001,6.763786,11.159999,0.0,0.0,26160.0,4.0758705,9.227215
2026-03-03 00:00:00+01:00,4.0085,5.3517847,7.5599995,0.0,0.0,28060.0,5.094838,7.900089
2026-03-03 01:00:00+01:00,3.7085001,4.73506,7.5599995,0.0,0.0,31480.0,3.8667102,5.7224755
2026-03-03 02:00:00+01:00,3.7085001,4.1046314,7.2,0.0,0.0,32660.0,3.757767,4.5186887
2026-03-03 03:00:00+01:00,3.6585,4.452954,6.12,0.0,0.0,34460.0,4.57969,7.677507
2026-03-03 04:00:00+01:00,3.3585,4.6938252,6.8399997,0.0,0.0,36100.0,5.195736,3.1034482
2026-03-03 05:00:00+01:00,3.3585,4.3349743,7.5599995,0.0,0.0,31980.0,6.835443,5.855574
2026-03-03 06:00:00+01:00,3.2085001,4.73506,7.92,0.0,0.0,30080.0,8.646228,6.48019
2026-03-03 07:00:00+01:00,3.0085,4.452954,7.5599995,0.0,0.0,28480.0,8.377872,4.7270317
2026-03-03 08:00:00+01:00,3.3085,4.5536795,7.5599995,0.0,0.0,26620.0,10.240498,5.7224755
2026-03-03 09:00:00+01:00,5.2584996,1.609969,6.8399997,0.0,0.0,28140.0,12.261531,6.939521
2026-03-03 10:00:00+01:00,7.0585,2.968636,6.8399997,0.0,0.0,34380.0,20.071335,9.392738
2026-03-03 11:00:00+01:00,9.3085,3.4152596,8.64,0.0,0.0,37660.0,20.782944,7.8511715
2026-03-03 12:00:00+01:00,11.2585,5.0911684,11.5199995,0.0,0.0,38880.0,19.784773,4.3889384
2026-03-03 13:00:00+01:00,12.658501,9.255571,15.119999,0.0,0.0,40140.0,17.536903,3.5111506
2026-03-03 14:00:00+01:00,13.7585,12.864649,23.4,0.0,0.0,41760.0,12.694226,0.6206896
2026-03-03 15:00:00+01:00,14.0085,12.181624,22.68,0.0,0.0,42440.0,3.757767,1.8620689
2026-03-03 16:00:00+01:00,14.2585,8.435069,22.319998,0.0,0.0,43600.0,3.3175182,3.1034482
2026-03-03 17:00:00+01:00,13.7085,6.9153743,15.119999,0.0,0.0,42560.0,6.850616,3.6192114
2026-03-03 18:00:00+01:00,12.1085005,5.634891,11.879999,0.0,0.0,41460.0,8.658227,4.5186887
2026-03-03 19:00:00+01:00,9.5585,6.763786,10.08,0.0,0.0,40040.0,4.101266,3.1649084
2026-03-03 20:00:00+01:00,7.6584997,7.289445,12.24,0.0,0.0,38980.0,7.958391,8.1638975
2026-03-03 21:00:00+01:00,6.4084997,7.10031,12.24,0.0,0.0,37340.0,6.572144,11.189642
2026-03-03 22:00:00+01:00,6.8585,8.587338,12.599999,0.0,0.0,38820.0,6.7744107,14.396789
2026-03-03 23:00:00+01:00,6.0084996,7.24486,14.04,0.0,0.0,36640.0,4.9291077,16.433628
2026-03-04 00:00:00+01:00,4.8085,6.763786,11.879999,0.0,0.0,32240.0,4.323114,16.71258
2026-03-04 01:00:00+01:00,3.8585,6.9247384,6.8399997,0.0,0.0,25220.0,3.2222586,15.702343
2026-03-04 02:00:00+01:00,3.2585,6.763786,7.2,0.0,0.0,24720.0,3.1898732,18.074755
2026-03-04 03:00:00+01:00,3.0585,5.95906,6.8399997,0.0,0.0,24900.0,2.453999,19.040104
2026-03-04 04:00:00+01:00,2.5085,5.815978,5.7599998,0.0,0.0,21160.0,1.8788835,14.167504
2026-03-04 05:00:00+01:00,2.8085,5.315336,8.64,0.0,0.0,25340.0,3.3175182,12.568007
2026-03-04 06:00:00+01:00,2.1085,5.00128,8.64,0.0,0.0,22620.0,3.0569031,9.310345
2026-03-04 07:00:00+01:00,1.1585001,5.95906,8.28,0.0,0.0,18220.0,2.9178793,8.821657
2026-03-04 08:00:00+01:00,1.4585,5.154415,9.72,0.0,0.0,19620.0,3.4704785,4.8477407
2026-03-04 09:00:00+01:00,3.9585001,2.3051248,8.64,0.0,0.0,27540.0,5.3142853,4.1637125
2026-03-04 10:00:00+01:00,7.0585,2.3051248,6.4799995,0.0,0.0,35300.0,3.286072,8.442291
2026-03-04 11:00:00+01:00,8.8085,4.0249224,9.72,0.0,0.0,36500.0,6.330734,5.00416
2026-03-04 12:00:00+01:00,10.7585,7.342588,13.679999,0.0,0.0,39280.0,5.094838,2.775808
2026-03-04 13:00:00+01:00,12.158501,10.464797,15.119999,0.0,0.0,40600.0,2.8820758,3.3425157
2026-03-04 14:00:00+01:00,12.5585,11.525623,17.64,0.0,0.0,40580.0,2.3236039,2.5591688
2026-03-04 15:00:00+01:00,12.658501,13.783817,23.759998,0.0,0.0,41000.0,2.453999,0.6206896
2026-03-04 16:00:00+01:00,12.7585,13.18308,25.199999,0.0,0.0,41880.0,2.453999,1.7555753
2026-03-04 17:00:00+01:00,11.908501,13.70839,24.48,0.0,0.0,42120.0,1.643036,2.2379284
2026-03-04 18:00:00+01:00,10.5085,12.57426,24.84,0.0,0.0,42040.0,1.9333551,2.4827583
2026-03-04 19:00:00+01:00,9.2085,10.636766,21.599998,0.0,0.0,42000.0,2.453999,4.3889384
2026-03-04 20:00:00+01:00,8.6085005,10.495713,19.08,0.0,0.0,40840.0,2.8820758,5.551616
2026-03-04 21:00:00+01:00,8.158501,9.339208,17.64,0.0,0.0,39820.0,5.543783,5.551616
2026-03-04 22:00:00+01:00,6.4585,7.5942082,15.4800005,0.0,0.0,36620.0,7.958391,8.350525
2026-03-04 23:00:00+01:00,4.7085,6.9247384,12.24,0.0,0.0,28420.0,8.151741,9.6356945
2026-03-05 00:00:00+01:00,3.7085001,6.6087217,11.879999,0.0,0.0,23500.0,7.5842957,9.931033
2026-03-05 01:00:00+01:00,3.6085,6.12,10.440001,0.0,0.0,25040.0,7.205189,9.454063
2026-03-05 02:00:00+01:00,3.5585,4.5536795,9.72,0.0,0.0,24700.0,6.524576,8.442291
2026-03-05 03:00:00+01:00,3.5585,4.6800003,8.28,0.0,0.0,22860.0,6.0797453,10.180067
2026-03-05 04:00:00+01:00,3.4085,3.6,7.2,0.0,0.0,20480.0,7.7602262,6.7137847
2026-03-05 05:00:00+01:00,3.4085,4.1046314,6.12,0.0,0.0,23340.0,8.646228,8.442291
2026-03-05 06:00:00+01:00,1.5085001,5.3999996,9.0,0.0,0.0,13880.0,7.3619976,9.310345
2026-03-05 07:00:00+01:00,1.3085,4.6938257,9.0,0.0,0.0,15000.0,6.835443,7.2649856
2026-03-05 08:00:00+01:00,2.1585,4.2136917,7.2,0.0,0.0,17760.0,7.34788,8.777877
2026-03-05 09:00:00+01:00,3.7585,2.0364676,5.7599998,0.0,0.0,17720.0,7.6388597,11.241167
2026-03-05 10:00:00+01:00,5.7085,4.1046314,9.72,0.0,0.0,20320.0,6.347113,12.659634
2026-03-05 11:00:00+01:00,8.0585,4.5536795,10.799999,0.0,0.0,31200.0,9.837129,14.714402
2026-03-05 12:00:00+01:00,10.3585005,2.5959969,9.72,0.0,0.0,39240.0,16.755745,15.89741
2026-03-05 13:00:00+01:00,11.5085,4.6102495,8.28,0.0,0.0,38980.0,18.594416,18.423088
2026-03-05 14:00:00+01:00,12.7085,3.319036,11.159999,0.0,0.0,40040.0,18.555286,20.864775
2026-03-05 15:00:00+01:00,13.408501,4.2136917,9.36,0.0,0.0,40300.0,14.47508,19.725824
2026-03-05 16:00:00+01:00,14.0585,5.771239,8.64,0.0,0.0,41320.0,14.560902,17.914183
2026-03-05 17:00:00+01:00,13.408501,5.6920996,11.5199995,0.0,0.0,39900.0,12.694226,20.208189
2026-03-05 18:00:00+01:00,11.658501,5.3517847,10.440001,0.0,0.0,40140.0,10.667574,17.423588
2026-03-05 19:00:00+01:00,8.9585,6.9527545,10.799999,0.0,0.0,38280.0,8.706063,14.753624
2026-03-05 20:00:00+01:00,7.1584997,6.763786,11.5199995,0.0,0.0,32280.0,7.800262,11.939203
2026-03-05 21:00:00+01:00,6.8585,6.830519,11.5199995,0.0,0.0,36140.0,10.490914,10.236675
2026-03-05 22:00:00+01:00,5.1584997,7.7879906,10.440001,0.0,0.0,37320.0,10.520563,9.6356945
2026-03-05 23:00:00+01:00,4.6085,6.9247384,13.679999,0.0,0.0,33220.0,11.4288025,9.494725
2026-03-06 00:00:00+01:00,5.3085,5.8048253,11.159999,0.0,0.0,30300.0,11.171529,6.939521
2026-03-06 01:00:00+01:00,5.7584996,4.802999,9.0,0.0,0.0,25020.0,7.6388597,6.2068963
2026-03-06 02:00:00+01:00,5.2584996,4.510787,7.92,0.0,0.0,23680.0,6.895935,7.0769506
2026-03-06 03:00:00+01:00,5.0585,4.829907,7.5599995,0.0,0.0,27220.0,1.3670886,6.8557405
2026-03-06 04:00:00+01:00,4.6584997,4.68,8.28,0.0,0.0,23560.0,2.453999,7.4740934
2026-03-06 05:00:00+01:00,4.5084996,4.379589,7.92,0.0,0.0,22900.0,1.643036,3.9743526
2026-03-06 06:00:00+01:00,4.3585,4.1046314,8.64,0.0,0.0,24460.0,4.907998,1.387904
2026-03-06 07:00:00+01:00,4.3585,4.3349743,6.8399997,0.0,0.0,23860.0,9.666777,2.2379284
2026-03-06 08:00:00+01:00,3.7085001,4.39436,7.92,0.0,0.0,19600.0,10.725815,4.5186887
2026-03-06 09:00:00+01:00,5.6584997,1.4399999,6.8399997,0.0,0.0,19260.0,11.883102,5.5862064
2026-03-06 10:00:00+01:00,7.5585,4.1046314,8.64,0.0,0.0,18560.0,13.881914,9.227215
2026-03-06 11:00:00+01:00,9.408501,4.802999,10.08,0.0,0.0,23160.0,13.881914,11.939203
2026-03-06 12:00:00+01:00,11.8085,5.8603754,11.879999,0.0,0.0,36280.0,14.47508,15.89741
2026-03-06 13:00:00+01:00,13.4585,6.4096174,12.599999,0.0,0.0,39700.0,14.843389,18.25503
2026-03-06 14:00:00+01:00,14.7085,5.692099,12.959999,0.0,0.0,40820.0,15.2777195,18.672342
2026-03-06 15:00:00+01:00,15.4585,5.154415,11.5199995,0.0,0.0,40700.0,17.871193,18.785477
2026-03-06 16:00:00+01:00,15.7585,7.42159,15.4800005,0.0,0.0,42300.0,22.482038,19.400894
2026-03-06 17:00:00+01:00,14.658501,8.404285,16.919998,0.0,0.0,40120.0,18.301748,17.423588
2026-03-06 18:00:00+01:00,13.3085,4.8965297,14.759999,0.0,0.0,41080.0,21.610764,15.517241
2026-03-06 19:00:00+01:00,11.1085005,5.4833565,7.5599995,0.0,0.0,41300.0,24.93037,16.149862
2026-03-06 20:00:00+01:00,9.8085,6.297428,11.159999,0.0,0.0,41040.0,24.06145,16.149862
2026-03-06 21:00:00+01:00,8.8085,5.3999996,9.36,0.0,0.0,39880.0,20.907467,16.185604
2026-03-06 22:00:00+01:00,8.158501,6.193674,10.440001,0.0,0.0,36620.0,18.683542,13.0492525
2026-03-06 23:00:00+01:00,6.5585,5.8048253,9.72,0.0,0.0,27180.0,17.60781,11.793103
2026-03-07 00:00:00+01:00,5.8585,5.634891,10.08,0.0,0.0,22760.0,15.66031,8.777877
2026-03-07 01:00:00+01:00,5.3085,5.937272,9.36,0.0,0.0,19320.0,13.941624,9.227215
2026-03-07 02:00:00+01:00,5.9585,5.0911684,10.08,0.0,0.0,27340.0,9.7416725,8.092802
2026-03-07 03:00:00+01:00,6.1085,3.8773184,7.92,0.0,0.0,29300.0,5.993747,4.8477407
2026-03-07 04:00:00+01:00,6.0585,3.319036,5.7599998,0.0,0.0,30480.0,3.89347,3.9255857
2026-03-07 05:00:00+01:00,5.6085,4.0249224,4.68,0.0,0.0,28100.0,2.577807,4.5186887
2026-03-07 06:00:00+01:00,5.4585,3.319036,3.96,0.0,0.0,26980.0,2.0379353,6.7137847
2026-03-07 07:00:00+01:00,4.9084997,5.0528407,3.96,0.0,0.0,26580.0,2.7718916,14.4368725
2026-03-07 08:00:00+01:00,5.4084997,4.452954,7.2,0.0,0.0,27260.0,3.1898732,16.11404
2026-03-07 09:00:00+01:00,7.3085,1.8,5.7599998,0.0,0.0,30300.0,3.4704785,17.390388
2026-03-07 10:00:00+01:00,9.3085,2.968636,7.92,0.0,0.0,35100.0,4.2990294,16.861752
2026-03-07 11:00:00+01:00,10.908501,3.6179552,9.0,0.0,0.0,37000.0,5.709857,16.292364
2026-03-07 12:00:00+01:00,12.7585,4.8433046,10.799999,0.0,0.0,38420.0,5.487309,14.4368725
2026-03-07 13:00:00+01:00,13.7085,6.696387,13.32,4.0,0.0,39220.0,6.524576,12.915714
2026-03-07 14:00:00+01:00,14.408501,6.6185193,14.04,0.0,0.0,39620.0,5.0333285,10.98112
2026-03-07 15:00:00+01:00,14.908501,6.489992,10.440001,0.0,0.0,40500.0,6.1138062,8.442291
2026-03-07 16:00:00+01:00,15.3585005,4.6800003,9.0,0.0,0.0,41000.0,5.094838,6.598021
2026-03-07 17:00:00+01:00,14.9585,3.8773184,8.64,0.0,0.0,41100.0,4.556962,6.1445136
2026-03-07 18:00:00+01:00,13.8085,3.319036,7.2,0.0,0.0,40600.0,2.453999,4.8477407
2026-03-07 19:00:00+01:00,10.5585,6.297428,9.0,0.0,0.0,32840.0,4.101266,5.339374
2026-03-07 20:00:00+01:00,8.908501,6.830519,10.799999,0.0,0.0,33220.0,4.201311,4.475857
2026-03-07 21:00:00+01:00,8.7085,6.725354,9.0,0.0,0.0,36580.0,5.487309,5.00416
2026-03-07 22:00:00+01:00,8.4585,6.0347,7.92,0.0,0.0,39400.0,4.9291077,4.1637125
2026-03-07 23:00:00+01:00,7.8585,5.3517847,7.2,0.0,0.0,38420.0,6.347113,5.7224755
2026-03-08 00:00:00+01:00,7.8085,4.829907,8.28,0.0,0.0,37960.0,7.1182017,5.7224755
2026-03-08 01:00:00+01:00,6.9585,4.896529,8.28,0.0,0.0,37640.0,6.444517,5.551616
2026-03-08 02:00:00+01:00,6.7584996,4.452954,7.92,0.0,0.0,37020.0,6.47666,6.390391
2026-03-08 03:00:00+01:00,6.5585,3.8773184,6.8399997,0.0,0.0,34760.0,6.198138,6.2068963
2026-03-08 04:00:00+01:00,5.8085,4.802999,5.3999996,0.0,0.0,28940.0,10.490914,5.551616
2026-03-08 05:00:00+01:00,5.7085,5.0528407,8.28,0.0,0.0,26980.0,12.379514,7.499821
2026-03-08 06:00:00+01:00,5.7584996,4.73506,7.5599995,0.0,0.0,26640.0,12.159491,8.092802
2026-03-08 07:00:00+01:00,5.6085,4.32,7.5599995,0.0,0.0,27640.0,8.402622,8.6452055
2026-03-08 08:00:00+01:00,5.9084997,3.6,6.12,0.0,0.0,27680.0,8.513107,8.886923
2026-03-08 09:00:00+01:00,7.7584996,1.9386592,5.7599998,0.0,0.0,30640.0,9.394418,9.310345
2026-03-08 10:00:00+01:00,10.0585,2.0991426,3.6,0.0,0.0,35800.0,8.315675,11.394346
2026-03-08 11:00:00+01:00,11.8585005,3.219938,8.64,0.0,0.0,38240.0,9.294415,11.858258
2026-03-08 12:00:00+01:00,13.3585005,4.379589,10.440001,0.0,0.0,39660.0,8.315675,10.569963
2026-03-08 13:00:00+01:00,14.2585,5.5887027,12.599999,0.0,0.0,40660.0,5.333787,10.98112
2026-03-08 14:00:00+01:00,15.0085,6.12,10.799999,0.0,0.0,41280.0,6.198138,10.00832
2026-03-08 15:00:00+01:00,15.3585005,5.1919937,11.159999,0.0,0.0,41460.0,5.195736,10.4046545
2026-03-08 16:00:00+01:00,15.5085,5.495161,10.799999,0.0,0.0,41780.0,5.094838,9.494725
2026-03-08 17:00:00+01:00,15.1085005,5.3517847,10.440001,0.0,0.0,41740.0,5.993747,7.677507
2026-03-08 18:00:00+01:00,14.0585,3.6,9.72,0.0,0.0,41100.0,8.253009,8.777877
2026-03-08 19:00:00+01:00,11.6085005,4.379589,7.92,0.0,0.0,38520.0,6.940957,7.8511715
2026-03-08 20:00:00+01:00,10.0585,5.937272,9.72,0.0,0.0,36760.0,7.971428,11.241167
2026-03-08 21:00:00+01:00,9.3085,6.162207,10.440001,0.0,0.0,36820.0,7.543114,13.093462
2026-03-08 22:00:00+01:00,9.158501,5.506941,10.08,0.0,0.0,35100.0,6.330734,13.166815
2026-03-08 23:00:00+01:00,8.658501,5.4477882,9.36,0.0,0.0,33200.0,7.34788,12.226168
2026-03-09 00:00:00+01:00,8.4585,5.771239,9.36,0.0,0.0,33600.0,9.045312,13.612786
2026-03-09 01:00:00+01:00,8.0585,5.0528407,9.36,0.0,0.0,32560.0,9.383359,15.554438
2026-03-09 02:00:00+01:00,7.8085,4.32,7.92,0.0,0.0,32820.0,9.612922,17.773846
2026-03-09 03:00:00+01:00,7.6085,4.32,7.2,0.0,0.0,33440.0,9.815996,17.043554
2026-03-09 04:00:00+01:00,7.0585,5.1544156,7.5599995,0.0,0.0,34980.0,11.419714,17.390388
2026-03-09 05:00:00+01:00,6.7085,5.04,9.0,0.0,0.0,33660.0,11.254866,14.003396
2026-03-09 06:00:00+01:00,6.7584996,4.32,7.92,0.0,0.0,34860.0,11.171529,10.4046545
2026-03-09 07:00:00+01:00,6.8585,4.6938252,7.92,0.0,0.0,33720.0,10.118097,10.330335
2026-03-09 08:00:00+01:00,7.5585,2.9024127,7.2,46.0,0.0,33460.0,8.670211,8.442291
2026-03-09 09:00:00+01:00,8.6085005,2.4149535,4.68,37.0,0.0,34640.0,7.34788,3.9743526
2026-03-09 10:00:00+01:00,9.908501,2.6208394,6.4799995,0.0,0.0,37480.0,6.3797464,4.9655166
2026-03-09 11:00:00+01:00,11.8585005,3.319036,8.28,0.0,0.0,39640.0,4.1265044,4.7270317
2026-03-09 12:00:00+01:00,13.158501,4.73506,10.799999,7.0,0.0,40040.0,3.4704785,6.598021
2026-03-09 13:00:00+01:00,13.8585005,4.198285,10.799999,0.0,0.0,39960.0,1.2889035,7.948705
2026-03-09 14:00:00+01:00,14.658501,4.3498964,10.799999,0.0,0.0,40900.0,3.757767,9.474416
2026-03-09 15:00:00+01:00,15.1085005,2.3051248,10.440001,0.0,0.0,41600.0,7.866535,10.839878
2026-03-09 16:00:00+01:00,15.2585,1.8,6.12,0.0,0.0,42120.0,8.561753,10.569963
2026-03-09 17:00:00+01:00,14.8085,4.0249224,7.5599995,0.0,0.0,41660.0,7.5842957,10.839878
2026-03-09 18:00:00+01:00,13.4585,7.4128532,12.959999,0.0,0.0,40080.0,5.333787,9.715329
2026-03-09 19:00:00+01:00,11.658501,7.5942082,12.959999,0.0,0.0,39700.0,5.7641516,3.5111506
2026-03-09 20:00:00+01:00,10.5085,6.151683,12.959999,0.0,0.0,38120.0,5.487309,6.598021
2026-03-09 21:00:00+01:00,8.5085,6.763786,11.159999,0.0,0.0,35060.0,4.6916795,10.533453
2026-03-09 22:00:00+01:00,8.0585,6.489992,12.24,0.0,0.0,36700.0,8.253009,12.568007
2026-03-09 23:00:00+01:00,8.1085005,5.506941,10.799999,0.0,0.0,38240.0,10.087265,12.795845
2026-03-10 00:00:00+01:00,7.9084997,5.1544156,9.0,0.0,0.0,38480.0,12.661468,12.5526705
2026-03-10 01:00:00+01:00,7.4084997,5.4477882,8.64,0.0,0.0,36620.0,22.370924,16.327795
2026-03-10 02:00:00+01:00,7.3585,4.802999,9.36,0.0,0.0,39020.0,18.227848,16.13793
2026-03-10 03:00:00+01:00,7.3585,3.671294,7.5599995,0.0,0.0,39880.0,17.400198,13.093462
2026-03-10 04:00:00+01:00,6.4084997,5.0528407,7.92,0.0,0.0,39300.0,16.512306,13.711481
2026-03-10 05:00:00+01:00,6.1584997,5.506941,9.72,0.0,0.0,39880.0,11.961482,11.241167
2026-03-10 06:00:00+01:00,6.3585,3.4152596,8.64,0.0,0.0,40460.0,9.666777,9.6356945
2026-03-10 07:00:00+01:00,4.9585,4.802999,5.7599998,0.0,0.0,40280.0,8.598059,11.241167
2026-03-10 08:00:00+01:00,5.8085,3.096837,8.28,0.0,0.0,40460.0,8.976174,11.444951
2026-03-10 09:00:00+01:00,7.4585,1.2979984,4.68,0.0,0.0,40600.0,8.84802,9.494725
2026-03-10 10:00:00+01:00,9.8085,3.6,8.64,0.0,0.0,41380.0,7.800262,3.9255857
2026-03-10 11:00:00+01:00,11.7085,2.6208394,9.36,0.0,0.0,41780.0,7.866535,7.4740934
2026-03-10 12:00:00+01:00,13.2585,6.28713,13.32,0.0,0.0,41040.0,8.377872,10.00832
2026-03-10 13:00:00+01:00,14.408501,5.8603754,15.119999,0.0,0.0,42120.0,6.850616,12.795844
2026-03-10 14:00:00+01:00,15.1085005,8.049845,16.199999,0.0,0.0,42200.0,5.195736,13.739551
2026-03-10 15:00:00+01:00,15.2085,9.826088,19.08,5.0,0.0,41220.0,8.561753,17.87112
2026-03-10 16:00:00+01:00,15.3085,10.446206,21.24,0.0,0.0,41640.0,11.031237,19.490047
2026-03-10 17:00:00+01:00,14.2585,8.64,21.24,0.0,0.1,41220.0,17.772152,23.17426
2026-03-10 18:00:00+01:00,12.9585,11.298495,24.48,2.0,0.1,39980.0,17.123507,22.973904
2026-03-10 19:00:00+01:00,12.0085,10.028439,19.44,49.0,0.0,39520.0,20.752947,21.185438
2026-03-10 20:00:00+01:00,10.9585,4.73506,16.919998,43.0,0.0,37960.0,22.024792,25.448275
2026-03-10 21:00:00+01:00,9.9585,4.3349743,9.0,51.0,0.0,32240.0,22.104788,26.33363
2026-03-10 22:00:00+01:00,10.0085,8.707237,13.32,78.0,0.0,34760.0,34.874905,29.020142
2026-03-10 23:00:00+01:00,9.2585,2.4149535,13.32,80.0,0.0,31540.0,35.591007,34.273087
2026-03-11 00:00:00+01:00,9.2085,2.4149535,4.32,100.0,0.1,32060.0,46.20319,39.260765
2026-03-11 01:00:00+01:00,8.8085,8.373386,11.5199995,46.0,0.2,27060.0,39.205765,41.21865
2026-03-11 02:00:00+01:00,8.5085,8.557102,24.119999,91.0,0.2,23960.0,42.382195,45.31459
2026-03-11 03:00:00+01:00,8.5085,6.28713,22.319998,91.0,0.1,25460.0,49.07998,47.473625
2026-03-11 04:00:00+01:00,8.1085005,5.2416787,14.759999,62.0,0.3,22780.0,50.45691,42.06975
2026-03-11 05:00:00+01:00,7.8585,5.6920996,15.84,57.0,0.1,25040.0,52.23837,41.637127
2026-03-11 06:00:00+01:00,7.8585,5.1919937,12.959999,76.0,0.5,24840.0,52.168755,48.69151
2026-03-11 07:00:00+01:00,7.7085,6.489992,14.04,92.0,0.1,20120.0,58.506844,44.029602
2026-03-11 08:00:00+01:00,8.2085,6.9527545,13.32,88.0,0.0,23540.0,57.88059,42.54328
2026-03-11 09:00:00+01:00,9.0085,6.9899354,13.679999,57.0,0.1,24520.0,51.111156,46.08176
2026-03-11 10:00:00+01:00,10.3585005,8.4042845,15.4800005,17.0,0.2,31560.0,45.067867,43.612003
2026-03-11 11:00:00+01:00,11.158501,9.686609,27.0,53.0,0.0,33280.0,37.23347,41.95972
2026-03-11 12:00:00+01:00,12.5085,13.049689,33.48,50.0,0.0,40140.0,33.340645,41.95972
2026-03-11 13:00:00+01:00,13.2085,12.879752,32.399998,56.0,0.0,40400.0,26.99399,48.433678
2026-03-11 14:00:00+01:00,13.5585,10.990322,34.2,57.0,0.0,40620.0,21.605959,55.045757
2026-03-11 15:00:00+01:00,13.5585,11.4862,33.12,67.0,0.0,40400.0,27.417614,56.205837
2026-03-11 16:00:00+01:00,13.4585,13.797912,34.2,71.0,0.0,40940.0,25.31063,55.585518
2026-03-11 17:00:00+01:00,12.4585,13.779114,33.12,85.0,0.1,34820.0,43.95756,56.294872
2026-03-11 18:00:00+01:00,12.0085,10.041354,29.16,0.0,0.1,40940.0,45.187508,51.33745
2026-03-11 19:00:00+01:00,10.9585,8.0899935,19.44,100.0,0.1,32000.0,36.484165,56.24695
2026-03-11 20:00:00+01:00,10.0085,8.049845,14.04,57.0,0.6,36940.0,33.374886,70.660545
2026-03-11 21:00:00+01:00,9.1085005,10.464798,19.8,100.0,0.8,30720.0,57.93618,70.32169
2026-03-11 22:00:00+01:00,8.3585005,8.557102,37.079998,100.0,0.9,20920.0,57.93618,61.300762
2026-03-11 23:00:00+01:00,8.2085,13.854155,27.72,100.0,1.6,32360.0,52.031246,39.226406
2026-03-12 00:00:00+01:00,7.9084997,10.009036,25.56,100.0,2.1,27280.0,57.48459,43.805916
2026-03-12 01:00:00+01:00,7.7584996,9.726664,26.28,86.0,0.7,26680.0,44.66055,34.80846
2026-03-12 02:00:00+01:00,7.5585,11.808878,23.039999,100.0,0.6,19560.0,36.52683,34.697605
2026-03-12 03:00:00+01:00,6.9585,12.682018,28.44,100.0,2.5,17820.0,31.980005,34.08711
2026-03-12 04:00:00+01:00,6.7584996,7.5942073,22.319998,92.0,0.4,14660.0,24.497643,29.428804
2026-03-12 05:00:00+01:00,6.7085,3.8939953,12.959999,97.0,0.5,18120.0,12.337506,24.238705
2026-03-12 06:00:00+01:00,6.6584997,2.9024127,7.5599995,100.0,0.6,19320.0,14.038106,23.98305
2026-03-12 07:00:00+01:00,6.6085,1.9386592,4.68,100.0,0.7,12540.0,13.678478,19.725824
2026-03-12 08:00:00+01:00,6.3085,7.289444,15.4800005,92.0,0.1,18020.0,13.246578,23.98305
2026-03-12 09:00:00+01:00,6.3085,7.9526596,16.199999,80.0,0.0,27120.0,14.947947,15.012479
2026-03-12 10:00:00+01:00,7.0084996,6.379216,16.919998,80.0,0.0,31600.0,13.859459,8.1638975
2026-03-12 11:00:00+01:00,8.1085005,4.0249224,14.4,50.0,0.0,34920.0,14.532351,10.008319
2026-03-12 12:00:00+01:00,9.3085,3.8268526,10.799999,87.0,0.0,39160.0,7.4739733,12.780782
2026-03-12 13:00:00+01:00,9.8085,5.3999996,11.879999,53.0,0.0,39140.0,9.688234,7.499821
2026-03-12 14:00:00+01:00,10.408501,4.2136917,12.959999,49.0,0.0,40180.0,6.572144,8.1638975
2026-03-12 15:00:00+01:00,10.908501,3.8268526,10.799999,9.0,0.0,40760.0,9.125309,9.037377
2026-03-12 16:00:00+01:00,11.0585,2.2768397,9.72,4.0,0.0,41220.0,7.3619976,8.777877
2026-03-12 17:00:00+01:00,10.6085005,3.7585104,9.36,0.0,0.0,41220.0,8.753638,9.494725
2026-03-12 18:00:00+01:00,9.658501,0.0,6.8399997,0.0,0.0,40980.0,11.961482,9.950412
2026-03-12 19:00:00+01:00,7.6584997,4.452954,4.68,0.0,0.0,38640.0,15.5204525,12.051613
2026-03-12 20:00:00+01:00,6.4084997,4.1046314,6.4799995,0.0,0.0,37180.0,20.802917,10.998648
2026-03-12 21:00:00+01:00,5.4084997,5.8048253,9.36,0.0,0.0,33760.0,21.006556,8.6452055
2026-03-12 22:00:00+01:00,5.2085,6.28713,12.24,0.0,0.0,29300.0,20.40481,6.7137847
2026-03-12 23:00:00+01:00,4.8085,5.6920996,10.799999,0.0,0.0,29260.0,21.882908,10.4046545
2026-03-13 00:00:00+01:00,4.5585,5.815978,10.440001,0.0,0.0,29920.0,22.98896,12.5526705
2026-03-13 01:00:00+01:00,4.1085,4.829907,9.72,0.0,0.0,25780.0,22.702635,11.172413
2026-03-13 02:00:00+01:00,3.7585,5.1544156,9.36,0.0,0.0,23060.0,19.972805,13.739551
2026-03-13 03:00:00+01:00,3.5585,4.3349743,9.0,0.0,0.0,23460.0,18.392296,20.217718
2026-03-13 04:00:00+01:00,3.4085,4.2136917,6.12,0.0,0.0,24060.0,21.242481,21.375526
2026-03-13 05:00:00+01:00,2.9585001,4.829907,7.92,0.0,0.0,21040.0,25.166645,25.538944
2026-03-13 06:00:00+01:00,2.8585,4.829907,8.64,0.0,0.0,21840.0,28.996748,30.822723
2026-03-13 07:00:00+01:00,2.6085,5.1919937,8.64,0.0,0.0,23920.0,35.277477,36.085506
2026-03-13 08:00:00+01:00,3.4085,4.6102495,8.28,0.0,0.0,21480.0,40.147842,47.20915
2026-03-13 09:00:00+01:00,6.0084996,6.9527545,13.32,0.0,0.0,30640.0,39.564297,53.140602
2026-03-13 10:00:00+01:00,8.1085005,7.5599995,15.119999,0.0,0.0,37540.0,37.921482,48.03432
2026-03-13 11:00:00+01:00,9.908501,6.519877,15.119999,0.0,0.0,39720.0,35.017517,46.08594
2026-03-13 12:00:00+01:00,11.5085,4.6938257,13.32,0.0,0.0,40360.0,31.627417,49.144352
2026-03-13 13:00:00+01:00,12.658501,5.6002855,13.32,0.0,0.0,41140.0,39.00131,49.144352
2026-03-13 14:00:00+01:00,13.7085,6.4096174,13.679999,0.0,0.0,41740.0,38.734177,53.05353
2026-03-13 15:00:00+01:00,14.4585,7.7043357,15.84,0.0,0.0,42720.0,38.37871,57.27859
2026-03-13 16:00:00+01:00,14.2585,6.297428,18.72,0.0,0.0,42040.0,32.122543,57.907383
2026-03-13 17:00:00+01:00,13.8085,6.2145634,13.679999,0.0,0.0,42060.0,34.503754,60.61186
2026-03-13 18:00:00+01:00,12.3085,5.991594,11.5199995,0.0,0.0,41020.0,40.018326,58.965515
2026-03-13 19:00:00+01:00,10.1085005,5.991594,11.879999,0.0,0.0,41260.0,28.538372,53.25647
2026-03-13 20:00:00+01:00,9.408501,5.991594,11.159999,0.0,0.0,42040.0,25.7982,48.08242
2026-03-13 21:00:00+01:00,8.9585,7.42159,12.959999,0.0,0.0,41820.0,24.523062,50.153107
2026-03-13 22:00:00+01:00,9.2585,9.085988,14.759999,0.0,0.0,40840.0,20.647614,51.307423
2026-03-13 23:00:00+01:00,9.0585,4.1046314,15.4800005,0.0,0.0,40640.0,26.493156,49.06982
2026-03-14 00:00:00+01:00,8.9585,1.9386592,6.4799995,0.0,0.0,40560.0,30.74852,41.697224
2026-03-14 01:00:00+01:00,9.0585,2.5455842,4.68,0.0,0.0,40880.0,22.514343,44.590405
2026-03-14 02:00:00+01:00,8.3085,5.1544156,8.64,0.0,0.0,40480.0,18.056154,45.72086
2026-03-14 03:00:00+01:00,8.658501,2.9024127,7.5599995,0.0,0.0,41100.0,22.839428,37.529915
2026-03-14 04:00:00+01:00,8.3585005,3.0547013,6.4799995,0.0,0.0,40760.0,13.285713,32.204163
2026-03-14 05:00:00+01:00,8.0085,6.1094027,10.08,0.0,0.0,39960.0,37.19162,31.703814
2026-03-14 06:00:00+01:00,7.6584997,10.966713,19.08,59.0,0.0,33000.0,62.803467,47.756817
2026-03-14 07:00:00+01:00,7.0084996,5.8603754,20.880001,78.0,0.0,25580.0,49.073635,67.803055
2026-03-14 08:00:00+01:00,6.2584996,13.237039,23.759998,100.0,0.0,22980.0,56.071007,64.43822
2026-03-14 09:00:00+01:00,4.2085,16.862455,33.839996,100.0,1.0,10880.0,39.285133,56.205837
2026-03-14 10:00:00+01:00,3.1085,13.004921,30.960001,100.0,1.2,12300.0,39.348515,43.51915
2026-03-14 11:00:00+01:00,3.1085,8.311245,22.319998,100.0,1.1,14880.0,33.576492,37.287903
2026-03-14 12:00:00+01:00,3.2585,10.495713,19.44,100.0,1.2,11780.0,29.398586,35.384754
2026-03-14 13:00:00+01:00,2.8085,10.495713,22.319998,98.0,1.1,6720.0,24.9803,29.487658
2026-03-14 14:00:00+01:00,2.5585,9.346143,20.16,100.0,0.9,4200.0,23.351927,25.113012
2026-03-14 15:00:00+01:00,2.5085,9.0645685,17.28,100.0,1.3,5880.0,25.06329,14.476846
2026-03-14 16:00:00+01:00,2.0585,7.7043357,21.96,100.0,1.0,1240.0,23.643562,13.093462
2026-03-14 17:00:00+01:00,1.5585,7.9036193,15.119999,100.0,1.1,700.0,22.775694,10.606349
2026-03-14 18:00:00+01:00,0.70849997,5.0528407,13.679999,100.0,1.2,300.0,17.865383,7.5510154
2026-03-14 19:00:00+01:00,0.108500004,5.2416787,9.0,100.0,1.0,380.0,18.964846,4.475857
2026-03-14 20:00:00+01:00,-0.1415,3.219938,7.92,100.0,1.0,380.0,13.120569,5.8883786
2026-03-14 21:00:00+01:00,-0.09150001,0.8049845,4.68,98.0,0.8,620.0,18.70576,8.711794
2026-03-14 22:00:00+01:00,0.008499999,2.1897945,2.16,100.0,0.6,520.0,18.369701,7.8511715
2026-03-14 23:00:00+01:00,0.0585,1.9386592,3.2399998,97.0,0.7,500.0,20.827858,8.1638975
2026-03-15 00:00:00+01:00,0.1585,1.484318,3.2399998,98.0,0.5,700.0,22.78481,14.289349
2026-03-15 01:00:00+01:00,0.008499999,1.609969,2.52,98.0,0.5,600.0,19.360386,9.474416
2026-03-15 02:00:00+01:00,0.1585,1.2979984,2.16,87.0,0.5,860.0,20.727915,14.922391
2026-03-15 03:00:00+01:00,-0.041500002,2.8116899,5.3999996,89.0,0.2,840.0,21.649166,20.331732
2026-03-15 04:00:00+01:00,0.2085,2.3051248,6.12,91.0,0.2,1160.0,17.772152,21.212698
2026-03-15 05:00:00+01:00,0.5085,3.319036,5.3999996,68.0,0.1,4180.0,17.795506,20.035875
2026-03-15 06:00:00+01:00,0.6585,2.8799999,5.3999996,83.0,0.1,12120.0,18.330091,18.8469
2026-03-15 07:00:00+01:00,1.0585,3.0758414,5.04,77.0,0.0,17800.0,20.632523,23.422297
2026-03-15 08:00:00+01:00,1.4585,3.096837,5.3999996,49.0,0.0,21120.0,22.857605,13.711481
2026-03-15 09:00:00+01:00,2.8085,7.628263,14.04,9.0,0.0,28240.0,23.875175,19.120867
2026-03-15 10:00:00+01:00,3.9085,10.086427,19.8,65.0,0.0,31320.0,22.702635,31.806936
2026-03-15 11:00:00+01:00,4.5084996,13.089354,24.48,86.0,0.0,33780.0,21.538576,35.308456
2026-03-15 12:00:00+01:00,5.0585,14.264361,25.919998,87.0,0.0,35160.0,23.458397,45.649178
2026-03-15 13:00:00+01:00,5.0585,11.808878,27.0,91.0,0.0,37160.0,20.587181,45.144234
2026-03-15 14:00:00+01:00,5.8085,11.4862,22.319998,91.0,0.0,38480.0,18.21075,47.506077
2026-03-15 15:00:00+01:00,5.8585,10.97262,21.24,94.0,0.0,38900.0,16.512306,36.9558
2026-03-15 16:00:00+01:00,5.7584996,6.9527545,20.16,100.0,0.0,39120.0,13.309138,33.75205
2026-03-15 17:00:00+01:00,5.7085,5.5887027,11.879999,100.0,0.0,37740.0,10.280973,37.744873
2026-03-15 18:00:00+01:00,4.9585,6.924738,13.679999,100.0,0.0,36560.0,2.6571426,29.960732
2026-03-15 19:00:00+01:00,4.5585,3.671294,12.24,100.0,0.0,36460.0,1.2889035,25.136015
2026-03-15 20:00:00+01:00,4.5084996,2.9024127,6.12,100.0,0.0,34560.0,5.941551,31.951952
2026-03-15 21:00:00+01:00,4.1584997,4.510787,8.28,94.0,0.0,28620.0,8.377872,37.755074
2026-03-15 22:00:00+01:00,4.0585,2.4149535,7.92,85.0,0.0,26800.0,10.599223,40.587597
2026-03-15 23:00:00+01:00,3.8085,0.71999997,3.6,83.0,0.0,26400.0,14.265547,34.9851
2026-03-16 00:00:00+01:00,3.4585001,2.6208394,3.96,73.0,0.0,25420.0,18.599998,41.367928
2026-03-16 01:00:00+01:00,3.4085,3.6,6.8399997,58.0,0.0,25760.0,23.914282,47.841442
2026-03-16 02:00:00+01:00,3.1585,4.6800003,7.5599995,57.0,0.0,23880.0,28.330235,47.506077
2026-03-16 03:00:00+01:00,2.8085,5.0911684,12.24,3.0,0.0,23500.0,27.763828,50.27969
2026-03-16 04:00:00+01:00,2.2585,3.7064266,8.64,0.0,0.0,24280.0,31.310675,45.186886
2026-03-16 05:00:00+01:00,1.8585,2.5455842,8.64,0.0,0.0,23640.0,36.931076,36.9558
2026-03-16 06:00:00+01:00,1.5585,4.3349743,7.2,14.0,0.0,25240.0,39.348515,39.142838
2026-03-16 07:00:00+01:00,1.3085,10.587917,12.959999,3.0,0.0,24820.0,39.06515,39.319595
2026-03-16 08:00:00+01:00,2.2085001,7.2359104,18.0,0.0,0.0,27140.0,45.89655,45.463135
2026-03-16 09:00:00+01:00,3.6085,9.47012,18.0,100.0,0.0,34560.0,42.95163,54.174507
2026-03-16 10:00:00+01:00,4.7085,13.324863,21.96,89.0,0.0,39960.0,46.13572,58.186134
2026-03-16 11:00:00+01:00,5.8585,13.896187,25.199999,60.0,0.0,41220.0,49.585106,62.628174
2026-03-16 12:00:00+01:00,7.6584997,16.45007,29.88,80.0,0.0,41120.0,52.166763,68.13464
2026-03-16 13:00:00+01:00,7.7584996,19.734436,40.68,89.0,0.0,40420.0,50.983017,66.16971
2026-03-16 14:00:00+01:00,8.0585,16.766108,36.0,58.0,0.0,39940.0,41.025314,70.01698
2026-03-16 15:00:00+01:00,8.3085,16.595179,32.760002,78.0,0.0,40400.0,40.68221,67.53833
2026-03-16 16:00:00+01:00,7.1085,15.807239,41.039997,81.0,0.0,37460.0,25.778069,65.03927
2026-03-16 17:00:00+01:00,6.5585,13.32,29.519999,76.0,0.0,38180.0,32.81329,68.504005
2026-03-16 18:00:00+01:00,6.1584997,7.2805495,25.56,50.0,0.0,37160.0,42.624043,52.60871
2026-03-16 19:00:00+01:00,5.9084997,5.315336,14.759999,62.0,0.0,37360.0,39.791958,44.1781
2026-03-16 20:00:00+01:00,5.6085,3.671294,10.08,7.0,0.0,35640.0,33.303257,39.898323
2026-03-16 21:00:00+01:00,5.3085,2.5959969,6.8399997,39.0,0.0,34300.0,35.04123,30.816475
2026-03-16 22:00:00+01:00,4.9585,3.0758414,5.3999996,74.0,0.0,29940.0,36.506924,34.08711
2026-03-16 23:00:00+01:00,4.6085,4.802999,8.28,42.0,0.0,27160.0,27.417614,34.636482
2026-03-17 00:00:00+01:00,4.4585,5.00128,9.0,65.0,0.0,26060.0,20.035091,30.816475
2026-03-17 01:00:00+01:00,4.3085,4.1046314,8.28,45.0,0.0,23220.0,16.00136,28.531475
2026-03-17 02:00:00+01:00,4.0585,3.319036,7.5599995,21.0,0.0,26480.0,13.548821,30.816475
2026-03-17 03:00:00+01:00,3.5085,4.5536795,8.28,12.0,0.0,28380.0,10.240498,33.45972
2026-03-17 04:00:00+01:00,3.5585,3.2599385,7.92,0.0,0.0,31520.0,6.330734,37.00268
2026-03-17 05:00:00+01:00,3.3085,4.1046314,6.4799995,26.0,0.0,30440.0,3.89347,40.68714
2026-03-17 06:00:00+01:00,2.9085,4.2136917,7.92,30.0,0.0,28700.0,0.64445174,39.65619
2026-03-17 07:00:00+01:00,3.3585,2.9024127,7.2,50.0,0.0,32660.0,1.0189676,42.49798
2026-03-17 08:00:00+01:00,3.8085,3.0758414,6.12,13.0,0.0,31880.0,1.4410379,49.06982
2026-03-17 09:00:00+01:00,5.9084997,2.5959969,5.3999996,0.0,0.0,36180.0,2.3236039,50.306503
2026-03-17 10:00:00+01:00,7.8585,1.9386592,9.72,0.0,0.0,39300.0,4.2990294,49.97997
2026-03-17 11:00:00+01:00,9.3585005,5.0528407,10.08,0.0,0.0,40140.0,5.7641516,48.2863
2026-03-17 12:00:00+01:00,10.408501,8.766573,14.4,21.0,0.0,40560.0,3.4704785,45.54356
2026-03-17 13:00:00+01:00,11.158501,9.885262,19.08,11.0,0.0,41080.0,2.6571426,42.033108
2026-03-17 14:00:00+01:00,11.4585,10.636766,19.44,0.0,0.0,41740.0,5.487309,38.587734
2026-03-17 15:00:00+01:00,11.408501,13.513193,25.919998,56.0,0.0,40920.0,18.3697,37.943382
2026-03-17 16:00:00+01:00,10.908501,12.096214,28.44,14.0,0.0,41260.0,17.22628,41.752625
2026-03-17 17:00:00+01:00,10.0085,13.363711,25.919998,15.0,0.0,40500.0,18.3697,42.48438
2026-03-17 18:00:00+01:00,8.8085,13.0447235,25.919998,18.0,0.0,38980.0,11.961482,47.32326
2026-03-17 19:00:00+01:00,7.6584997,12.074766,25.919998,0.0,0.0,37480.0,14.69576,48.69151
2026-03-17 20:00:00+01:00,6.8085,13.089354,24.84,0.0,0.0,36100.0,9.125309,49.65905
2026-03-17 21:00:00+01:00,6.3085,15.2947035,28.8,0.0,0.0,34220.0,4.556962,51.651672
2026-03-17 22:00:00+01:00,6.2085,13.281023,29.88,0.0,0.0,33460.0,9.815996,48.987316
2026-03-17 23:00:00+01:00,5.4084997,15.990646,30.599998,0.0,0.0,29320.0,11.961482,48.529037
2026-03-18 00:00:00+01:00,4.8585,15.807239,32.039997,0.0,0.0,26820.0,24.013935,47.270313
2026-03-18 01:00:00+01:00,4.3085,12.096214,29.88,0.0,0.0,27600.0,21.359468,45.564705
2026-03-18 02:00:00+01:00,3.8085,12.594856,24.48,0.0,0.0,28900.0,26.963202,38.246773
2026-03-18 03:00:00+01:00,2.9085,11.019764,23.759998,0.0,0.0,29780.0,28.311901,32.919964
2026-03-18 04:00:00+01:00,2.1085,9.387651,21.96,0.0,0.0,33920.0,36.48132,33.05427
2026-03-18 05:00:00+01:00,1.4085001,7.7879906,17.28,0.0,0.0,33420.0,38.37059,32.036243
2026-03-18 06:00:00+01:00,1.3585,16.746773,32.039997,0.0,0.0,33180.0,44.14847,40.83364
2026-03-18 07:00:00+01:00,1.2085,17.555307,36.719997,0.0,0.0,35800.0,47.1574,53.814186
2026-03-18 08:00:00+01:00,1.9585,21.749481,41.399998,0.0,0.0,37020.0,42.51672,68.49557
2026-03-18 09:00:00+01:00,3.5085,23.068108,45.36,0.0,0.0,38180.0,48.952885,68.13181
2026-03-18 10:00:00+01:00,5.8585,21.900904,43.56,0.0,0.0,39880.0,48.518272,63.057304
2026-03-18 11:00:00+01:00,7.8085,21.924562,42.839996,0.0,0.0,41620.0,45.88297,66.46308
2026-03-18 12:00:00+01:00,9.5585,24.26998,46.8,0.0,0.0,43260.0,43.765816,57.295403
2026-03-18 13:00:00+01:00,10.1085005,25.992397,51.12,0.0,0.0,42760.0,38.08268,59.135147
2026-03-18 14:00:00+01:00,10.2085,28.673721,55.079998,0.0,0.0,41600.0,32.73726,50.653748
2026-03-18 15:00:00+01:00,10.408501,28.84721,56.519997,0.0,0.0,41540.0,30.947105,45.10582
2026-03-18 16:00:00+01:00,9.7585,26.89419,55.44,0.0,0.0,40920.0,25.753891,40.587597
2026-03-18 17:00:00+01:00,9.158501,26.407907,52.199997,0.0,0.0,40500.0,23.222628,33.88306
2026-03-18 18:00:00+01:00,8.3085,24.967497,50.76,0.0,0.0,39760.0,21.663548,34.896893
2026-03-18 19:00:00+01:00,7.1085,19.881649,46.8,0.0,0.0,39440.0,18.193638,39.083733
2026-03-18 20:00:00+01:00,6.4084997,19.272614,36.719997,0.0,0.0,38520.0,17.32245,38.989983
2026-03-18 21:00:00+01:00,5.8085,17.287498,36.36,0.0,0.0,32880.0,25.97868,36.192112
2026-03-18 22:00:00+01:00,5.4084997,12.819235,30.960001,0.0,0.0,35020.0,24.117481,38.50277
2026-03-18 23:00:00+01:00,5.3085,11.119281,23.759998,0.0,0.0,34240.0,17.934988,36.021397
2026-03-19 00:00:00+01:00,5.0084996,10.805998,20.519999,0.0,0.0,32840.0,17.014015,33.269196
2026-03-19 01:00:00+01:00,4.5084996,6.792466,19.44,0.0,0.0,32380.0,18.454288,30.640951
2026-03-19 02:00:00+01:00,4.0585,2.5959969,10.799999,0.0,0.0,31440.0,17.196117,33.568924
2026-03-19 03:00:00+01:00,2.4585001,3.396233,6.12,0.0,0.0,18180.0,13.049152,36.668
2026-03-19 04:00:00+01:00,1.5585,4.198285,8.28,0.0,0.0,16900.0,11.254866,39.280384
2026-03-19 05:00:00+01:00,1.4585,3.8773184,8.28,0.0,0.0,18920.0,8.658227,37.370464
2026-03-19 06:00:00+01:00,1.0585,3.5455887,6.12,0.0,0.0,17500.0,8.21518,36.28779
2026-03-19 07:00:00+01:00,-0.09150001,4.510787,6.8399997,0.0,0.0,11500.0,6.940957,39.743526
2026-03-19 08:00:00+01:00,0.9085,3.319036,7.5599995,0.0,0.0,14580.0,7.418196,41.437717
2026-03-19 09:00:00+01:00,3.3585,2.5455842,5.7599998,0.0,0.0,24720.0,9.612922,42.152092
2026-03-19 10:00:00+01:00,6.7085,6.763786,15.119999,0.0,0.0,37360.0,6.7744107,39.90315
2026-03-19 11:00:00+01:00,8.408501,4.829907,12.599999,0.0,0.0,39460.0,11.171529,38.10549
2026-03-19 12:00:00+01:00,10.0085,8.049845,16.56,0.0,0.0,40560.0,17.871193,38.846447
2026-03-19 13:00:00+01:00,11.1085005,8.4963045,20.16,0.0,0.0,41080.0,16.461926,39.083733
2026-03-19 14:00:00+01:00,11.8085,12.496718,24.119999,0.0,0.0,41560.0,13.340306,52.097275
2026-03-19 15:00:00+01:00,12.1085005,15.379206,29.16,0.0,0.0,42980.0,19.784773,37.943382
2026-03-19 16:00:00+01:00,12.3085,12.7279215,29.88,0.0,0.0,42180.0,31.794405,28.123474
2026-03-19 17:00:00+01:00,12.2085,11.681987,23.039999,0.0,0.0,43420.0,24.700247,24.804298
2026-03-19 18:00:00+01:00,11.3585005,10.009036,21.24,0.0,0.0,42900.0,28.964502,25.831429
2026-03-19 19:00:00+01:00,9.158501,7.42159,17.28,0.0,0.0,41660.0,29.114672,26.696869
2026-03-19 20:00:00+01:00,7.8085,7.4128532,14.4,0.0,0.0,40800.0,27.197084,26.105885
2026-03-19 21:00:00+01:00,6.9084997,7.7043357,13.32,0.0,0.0,40440.0,25.327036,25.020798
2026-03-19 22:00:00+01:00,5.9084997,7.289445,15.119999,0.0,0.0,39920.0,30.745142,25.561563
2026-03-19 23:00:00+01:00,5.4084997,7.8954163,13.32,0.0,0.0,39560.0,24.190557,27.563091
2026-03-20 00:00:00+01:00,5.5084996,11.480557,20.16,0.0,0.0,39740.0,20.51139,30.165771
2026-03-20 01:00:00+01:00,4.5585,7.491114,20.16,0.0,0.0,39440.0,15.600524,30.267769
2026-03-20 02:00:00+01:00,4.0585,5.8048253,12.599999,0.0,0.0,38860.0,13.223043,28.699764
2026-03-20 03:00:00+01:00,3.4585001,5.6233797,9.72,0.0,0.0,37860.0,13.246579,25.719328
2026-03-20 04:00:00+01:00,2.8585,6.297428,9.36,0.0,0.0,36200.0,12.4380865,23.553514
2026-03-20 05:00:00+01:00,2.4085,4.39436,10.440001,0.0,0.0,35960.0,13.708808,20.265303
2026-03-20 06:00:00+01:00,1.6585001,4.1046314,7.2,0.0,0.0,34700.0,13.402427,18.454428
2026-03-20 07:00:00+01:00,0.9085,3.219938,6.12,0.0,0.0,30100.0,15.2777195,23.463383
2026-03-20 08:00:00+01:00,1.5085001,1.8,5.04,0.0,0.0,26780.0,14.589397,25.831429
2026-03-20 09:00:00+01:00,3.5585,1.835647,5.3999996,0.0,0.0,32320.0,15.587208,25.816511
2026-03-20 10:00:00+01:00,7.0585,3.2599385,7.92,0.0,0.0,39340.0,18.347078,23.099327
2026-03-20 11:00:00+01:00,9.5085,4.198285,10.440001,0.0,0.0,41480.0,21.920834,19.794064
2026-03-20 12:00:00+01:00,10.9585,4.3498964,11.159999,0.0,0.0,41720.0,17.014015,21.96224
2026-03-20 13:00:00+01:00,11.7585,10.691453,18.359999,0.0,0.0,42620.0,10.280973,22.102129
2026-03-20 14:00:00+01:00,12.408501,10.464797,18.359999,0.0,0.0,45340.0,9.515216,19.98775
2026-03-20 15:00:00+01:00,12.8085,12.768586,24.119999,0.0,0.0,47620.0,18.227848,16.65485
2026-03-20 16:00:00+01:00,12.7585,10.630672,24.84,0.0,0.0,48060.0,15.8972025,13.093462
2026-03-20 17:00:00+01:00,12.158501,10.144082,19.8,0.0,0.0,50540.0,16.182028,11.545494
2026-03-20 18:00:00+01:00,11.3085,6.9247384,18.359999,0.0,0.0,47800.0,18.882547,11.939203
2026-03-20 19:00:00+01:00,9.2585,4.452954,10.799999,0.0,0.0,44380.0,18.027378,13.326771
2026-03-20 20:00:00+01:00,6.5585,7.0911775,11.879999,0.0,0.0,41340.0,19.403242,14.529971
2026-03-20 21:00:00+01:00,6.3085,8.891344,15.119999,0.0,0.0,41220.0,18.70576,13.0492525
2026-03-20 22:00:00+01:00,7.3085,9.83268,17.64,0.0,0.0,41300.0,14.759212,12.4911375
2026-03-20 23:00:00+01:00,6.6584997,5.95906,15.4800005,0.0,0.0,41420.0,8.21518,11.545494
2026-03-21 00:00:00+01:00,4.6584997,5.0911684,9.36,0.0,0.0,39780.0,12.864844,8.622896
2026-03-21 01:00:00+01:00,4.3085,7.5942082,10.440001,0.0,0.0,40160.0,14.560902,12.051613
2026-03-21 02:00:00+01:00,4.8085,6.6087217,12.599999,0.0,0.0,40420.0,17.177994,15.89741
2026-03-21 03:00:00+01:00,3.7585,4.39436,10.440001,0.0,0.0,39180.0,21.763966,18.62069
2026-03-21 04:00:00+01:00,1.9585,5.2416787,7.2,0.0,0.0,32920.0,19.931175,15.517241
2026-03-21 05:00:00+01:00,1.7585001,4.896529,9.0,0.0,0.0,30800.0,19.905111,16.149862
2026-03-21 06:00:00+01:00,1.5085001,4.452954,8.28,0.0,0.0,30500.0,19.128386,24.710932
2026-03-21 07:00:00+01:00,1.3085,4.896529,7.5599995,0.0,0.0,26060.0,17.292456,26.428555
2026-03-21 08:00:00+01:00,2.9585001,3.671294,8.28,7.0,0.0,30900.0,17.60191,23.878408
2026-03-21 09:00:00+01:00,5.2085,1.2979984,6.12,64.0,0.0,37220.0,15.851416,22.422277
2026-03-21 10:00:00+01:00,7.2584996,3.2399998,8.28,0.0,0.0,38960.0,17.731209,18.713562
2026-03-21 11:00:00+01:00,9.658501,3.7585104,9.36,38.0,0.0,40100.0,18.54969,15.517241
2026-03-21 12:00:00+01:00,11.3085,9.793059,18.72,3.0,0.0,42180.0,12.261531,15.216393
2026-03-21 13:00:00+01:00,11.408501,12.031756,26.28,60.0,0.0,41740.0,18.953892,11.661699
2026-03-21 14:00:00+01:00,11.7585,11.988594,22.68,20.0,0.0,42740.0,12.694226,8.886923
2026-03-21 15:00:00+01:00,11.9585,11.119281,21.599998,17.0,0.0,43220.0,10.754816,9.454063
2026-03-21 16:00:00+01:00,11.908501,10.739832,21.96,38.0,0.0,43800.0,17.062765,7.238423
2026-03-21 17:00:00+01:00,10.9585,11.212135,24.119999,22.0,0.0,42040.0,16.811422,9.164372
2026-03-21 18:00:00+01:00,9.908501,11.885453,21.96,10.0,0.0,41300.0,15.419778,8.281033
2026-03-21 19:00:00+01:00,7.9585,15.496736,25.199999,3.0,0.0,39260.0,16.284365,8.886923
2026-03-21 20:00:00+01:00,6.7085,15.072783,29.16,13.0,0.0,35060.0,3.5591009,8.777877
2026-03-21 21:00:00+01:00,6.2085,17.414474,30.960001,39.0,0.0,34420.0,3.2222586,8.092802
2026-03-21 22:00:00+01:00,6.4084997,13.527572,30.239998,44.0,0.0,37020.0,4.757608,13.152178
2026-03-21 23:00:00+01:00,6.0585,9.449572,21.96,7.0,0.0,36320.0,4.1265044,7.2649856
2026-03-22 00:00:00+01:00,5.8585,7.42159,15.4800005,0.0,0.0,36560.0,5.543783,5.0041595
2026-03-22 01:00:00+01:00,5.3085,7.968939,13.679999,0.0,0.0,32160.0,3.67394,2.5591688
2026-03-22 02:00:00+01:00,4.9084997,5.4833565,13.32,13.0,0.0,29960.0,7.418196,5.1183376
2026-03-22 03:00:00+01:00,4.0085,5.815978,9.36,8.0,0.0,23140.0,12.269996,15.517241
2026-03-22 04:00:00+01:00,4.5084996,5.00128,12.599999,2.0,0.0,22880.0,9.688234,39.083733
2026-03-22 05:00:00+01:00,3.1085,6.3690495,10.440001,0.0,0.0,16000.0,11.282507,43.96393
2026-03-22 06:00:00+01:00,3.4585001,10.315115,17.64,0.0,0.0,20680.0,10.004581,40.435436
2026-03-22 07:00:00+01:00,3.7085001,15.042659,19.44,55.0,0.0,18280.0,14.787324,36.14951
2026-03-22 08:00:00+01:00,4.1584997,15.137133,27.0,49.0,0.0,20120.0,17.44787,33.12413
2026-03-22 09:00:00+01:00,5.7085,10.495713,26.28,0.0,0.0,29220.0,12.030725,23.878408
2026-03-22 10:00:00+01:00,7.2085,5.4119864,17.64,0.0,0.0,36020.0,13.309138,16.677967
2026-03-22 11:00:00+01:00,9.0085,3.096837,9.72,30.0,0.0,38080.0,12.661468,24.333883
2026-03-22 12:00:00+01:00,10.408501,5.95906,12.599999,18.0,0.0,39680.0,19.784773,25.816511
2026-03-22 13:00:00+01:00,10.658501,9.387651,17.64,0.0,0.0,39260.0,18.866041,22.76332
2026-03-22 14:00:00+01:00,11.7085,10.829959,19.08,0.0,0.0,40100.0,9.394418,17.914183
2026-03-22 15:00:00+01:00,12.1085005,14.021525,22.319998,26.0,0.0,40600.0,11.4288025,15.517241
2026-03-22 16:00:00+01:00,12.2085,14.003028,24.119999,14.0,0.0,40920.0,16.303482,12.226168
2026-03-22 17:00:00+01:00,12.0585,12.538134,24.48,35.0,0.0,41700.0,20.981827,12.735487
2026-03-22 18:00:00+01:00,11.3585005,10.990322,20.880001,30.0,0.0,41700.0,18.3697,9.227215
2026-03-22 19:00:00+01:00,10.158501,6.1305785,18.359999,40.0,0.0,41120.0,21.653961,5.8883786
2026-03-22 20:00:00+01:00,7.8585,4.198285,9.72,61.0,0.0,37100.0,18.239237,6.598021
2026-03-22 21:00:00+01:00,7.2584996,5.8048253,9.72,24.0,0.0,37160.0,11.087566,10.180067
2026-03-22 22:00:00+01:00,6.8085,4.3349743,9.36,53.0,0.0,36680.0,4.556962,10.857635
2026-03-22 23:00:00+01:00,6.6584997,3.0758414,6.8399997,50.0,0.0,36380.0,5.094838,8.6452055
2026-03-23 00:00:00+01:00,6.3085,4.8433046,7.92,43.0,0.0,34280.0,4.556962,11.595439
2026-03-23 01:00:00+01:00,5.5084996,4.3349743,9.0,7.0,0.0,34800.0,3.2222586,11.809426
2026-03-23 02:00:00+01:00,5.4585,1.484318,6.8399997,0.0,0.0,37440.0,6.940957,14.490146
2026-03-23 03:00:00+01:00,5.2584996,2.5959969,2.8799999,0.0,0.0,36380.0,8.976174,19.400894
2026-03-23 04:00:00+01:00,4.2085,3.671294,7.2,0.0,0.0,31660.0,8.646228,18.713562
2026-03-23 05:00:00+01:00,3.8085,3.0758414,5.7599998,0.0,0.0,29500.0,10.391472,20.632679
2026-03-23 06:00:00+01:00,4.0085,2.968636,4.32,30.0,0.0,29760.0,10.391472,19.331268
2026-03-23 07:00:00+01:00,4.3085,1.5273507,3.96,41.0,0.0,27780.0,12.759493,18.042755
2026-03-23 08:00:00+01:00,4.8085,3.096837,5.3999996,59.0,0.0,23340.0,15.949368,15.628565
2026-03-23 09:00:00+01:00,6.4084997,3.8268526,7.2,64.0,0.0,30520.0,15.5204525,13.268828
2026-03-23 10:00:00+01:00,7.3585,5.3517847,11.5199995,83.0,0.0,32720.0,12.636843,14.153901
2026-03-23 11:00:00+01:00,8.5585,7.10031,13.679999,96.0,0.0,36520.0,7.78694,10.998648
2026-03-23 12:00:00+01:00,9.7085,6.489992,14.04,72.0,0.0,37940.0,8.377872,8.092802
2026-03-23 13:00:00+01:00,10.6085005,6.4096174,14.759999,57.0,0.0,39480.0,6.347113,7.948705
2026-03-23 14:00:00+01:00,11.3585005,5.8048253,12.959999,55.0,0.0,40600.0,6.970812,16.292364
2026-03-23 15:00:00+01:00,11.6085005,5.3517847,12.959999,74.0,0.0,41000.0,6.6350365,13.655171
2026-03-23 16:00:00+01:00,10.8585005,6.297428,14.04,78.0,0.0,41200.0,8.84802,15.355014
2026-03-23 17:00:00+01:00,10.6085005,5.1919937,10.799999,96.0,0.0,41900.0,7.866535,6.6850314
2026-03-23 18:00:00+01:00,9.7585,7.072878,15.119999,8.0,0.0,39840.0,13.79187,5.7224755
2026-03-23 19:00:00+01:00,8.158501,4.1046314,11.879999,0.0,0.0,37920.0,9.858215,9.227214
2026-03-23 20:00:00+01:00,6.4585,6.5693827,11.159999,0.0,0.0,35680.0,9.294415,7.4740934
2026-03-23 21:00:00+01:00,5.6584997,5.771239,10.799999,0.0,0.0,36500.0,11.644798,14.289349
2026-03-23 22:00:00+01:00,4.4585,5.815978,10.440001,0.0,0.0,32000.0,8.765491,24.278408
2026-03-23 23:00:00+01:00,4.1085,6.151683,10.799999,0.0,0.0,30060.0,8.976174,22.839355
2026-03-24 00:00:00+01:00,3.9085,5.8603754,10.08,0.0,0.0,29800.0,9.7416725,23.265514
2026-03-24 01:00:00+01:00,3.4085,5.2416787,9.72,0.0,0.0,28220.0,5.487309,21.185438
2026-03-24 02:00:00+01:00,2.7585,5.815978,8.28,0.0,0.0,24640.0,6.940957,18.999592
2026-03-24 03:00:00+01:00,2.7085001,4.802999,8.28,0.0,0.0,27080.0,5.487309,16.386677
2026-03-24 04:00:00+01:00,2.1585,5.2416787,7.5599995,0.0,0.0,25460.0,6.347113,23.975016
2026-03-24 05:00:00+01:00,2.1585,4.73506,7.92,0.0,0.0,29740.0,7.3053656,26.515873
2026-03-24 06:00:00+01:00,2.2585,4.072935,7.5599995,0.0,0.0,32340.0,8.215179,32.06629
2026-03-24 07:00:00+01:00,2.0085,4.1046314,5.3999996,0.0,0.0,34380.0,8.95301,38.667522
2026-03-24 08:00:00+01:00,3.4585001,2.968636,6.4799995,0.0,0.0,35560.0,7.205189,40.344826
2026-03-24 09:00:00+01:00,5.6085,2.4149535,5.3999996,0.0,0.0,37600.0,6.7744107,39.975494
2026-03-24 10:00:00+01:00,7.4084997,5.495161,8.64,0.0,0.0,39060.0,1.0189676,34.675392
2026-03-24 11:00:00+01:00,9.2585,3.2599385,6.4799995,0.0,0.0,40420.0,2.3236039,29.565943
2026-03-24 12:00:00+01:00,10.8085,3.671294,4.68,0.0,0.0,41440.0,2.577807,25.987556
2026-03-24 13:00:00+01:00,11.8585005,4.6938252,5.3999996,0.0,0.0,42680.0,2.453999,22.82248
2026-03-24 14:00:00+01:00,12.5585,3.396233,7.5599995,0.0,0.0,44860.0,2.278481,18.631031
2026-03-24 15:00:00+01:00,12.9585,4.8965297,10.799999,0.0,0.0,45860.0,7.418196,15.702343
2026-03-24 16:00:00+01:00,13.0085,4.6102495,10.799999,0.0,0.0,44140.0,9.815996,12.4293
2026-03-24 17:00:00+01:00,12.7085,4.6102495,10.08,0.0,0.0,43320.0,11.087566,12.475707
2026-03-24 18:00:00+01:00,12.1085005,4.3349743,9.36,0.0,0.0,42640.0,13.701232,13.781546
2026-03-24 19:00:00+01:00,9.408501,6.638072,7.92,0.0,0.0,41420.0,20.40481,18.877537
2026-03-24 20:00:00+01:00,8.2085,7.928177,12.959999,0.0,0.0,41580.0,29.228569,18.010698
2026-03-24 21:00:00+01:00,7.7584996,6.1094027,12.959999,0.0,0.0,41860.0,32.81329,11.809426
2026-03-24 22:00:00+01:00,7.1584997,6.8777895,11.879999,0.0,0.0,41340.0,34.055477,6.6850314
2026-03-24 23:00:00+01:00,6.9084997,8.854829,15.4800005,0.0,0.0,41240.0,37.502995,7.5764823
2026-03-25 00:00:00+01:00,6.7584996,7.2,14.04,0.0,0.0,40860.0,41.645744,13.879042
2026-03-25 01:00:00+01:00,6.6584997,6.12,11.5199995,0.0,0.0,40240.0,51.445255,21.803795
2026-03-25 02:00:00+01:00,6.3085,6.9247384,11.5199995,0.0,0.0,39340.0,54.95817,27.709465
2026-03-25 03:00:00+01:00,6.2085,9.449572,16.199999,0.0,0.0,38780.0,60.696613,38.186287
2026-03-25 04:00:00+01:00,6.3585,6.151683,16.199999,0.0,0.0,39940.0,66.18899,52.02327
2026-03-25 05:00:00+01:00,5.8085,7.42159,12.24,0.0,0.0,39400.0,68.1201,57.727467
2026-03-25 06:00:00+01:00,5.8085,5.5887027,12.959999,0.0,0.0,39620.0,72.48435,64.8019
2026-03-25 07:00:00+01:00,5.9585,7.6367526,11.159999,0.0,0.0,38700.0,75.301636,71.48448
2026-03-25 08:00:00+01:00,7.9084997,8.287822,15.119999,0.0,0.0,40480.0,76.68976,74.00536
2026-03-25 09:00:00+01:00,10.2085,9.422101,16.199999,0.0,0.0,41260.0,83.25283,84.01121
2026-03-25 10:00:00+01:00,12.0085,25.772078,45.0,0.0,0.0,41300.0,76.25392,87.03166
2026-03-25 11:00:00+01:00,12.8585005,22.702845,47.519997,0.0,0.0,41460.0,67.47997,91.44594
2026-03-25 12:00:00+01:00,12.5585,32.908016,60.839996,0.0,0.0,42320.0,86.08317,96.98065
2026-03-25 13:00:00+01:00,12.408501,27.607563,61.199997,0.0,0.0,43020.0,90.62856,99.26766
2026-03-25 14:00:00+01:00,9.7085,30.05515,65.88,100.0,0.3,8940.0,73.37275,82.7568
2026-03-25 15:00:00+01:00,5.6584997,30.21642,57.239998,100.0,2.1,26800.0,86.60745,80.31876
2026-03-25 16:00:00+01:00,4.3085,15.629972,58.679996,94.0,0.5,24920.0,60.4137,93.988884
2026-03-25 17:00:00+01:00,4.3585,16.039202,30.599998,100.0,0.2,32400.0,57.223904,72.66311
2026-03-25 18:00:00+01:00,4.4585,8.707238,34.92,92.0,1.0,28000.0,47.56953,67.17514
2026-03-25 19:00:00+01:00,4.3085,14.84318,25.56,46.0,0.0,37520.0,61.80356,60.216488
2026-03-25 20:00:00+01:00,3.9085,19.602652,33.839996,100.0,0.4,13000.0,49.626965,63.41978
2026-03-25 21:00:00+01:00,2.4085,14.764389,40.68,85.0,0.7,24380.0,49.62906,53.194946
2026-03-25 22:00:00+01:00,2.3085,15.542662,31.68,94.0,0.1,25100.0,46.472073,41.026596
2026-03-25 23:00:00+01:00,2.3085,13.32,27.359999,98.0,0.1,23040.0,46.53013,35.66131
2026-03-26 00:00:00+01:00,1.9585,17.057314,31.68,93.0,0.2,23040.0,41.983444,28.639296
2026-03-26 01:00:00+01:00,1.6085,14.145756,29.88,100.0,0.3,7120.0,34.503754,32.036243
2026-03-26 02:00:00+01:00,0.4585,7.8954163,27.359999,100.0,1.1,240.0,25.85047,23.7652
2026-03-26 03:00:00+01:00,0.3085,9.360001,16.919998,98.0,2.0,340.0,29.398586,21.935911
2026-03-26 04:00:00+01:00,0.3585,11.923557,19.44,99.0,0.8,740.0,34.854057,28.907082
2026-03-26 05:00:00+01:00,0.2585,13.37825,25.199999,100.0,0.4,420.0,40.536472,30.57172
2026-03-26 06:00:00+01:00,0.108500004,13.397612,25.56,100.0,0.9,360.0,50.29408,29.093067
2026-03-26 07:00:00+01:00,0.1585,10.315115,23.4,100.0,0.9,240.0,43.38697,34.205574
2026-03-26 08:00:00+01:00,0.4085,9.178235,19.44,96.0,0.8,300.0,42.220196,25.71933
2026-03-26 09:00:00+01:00,1.0585,12.096214,22.68,90.0,0.5,3860.0,39.248116,20.016638
2026-03-26 10:00:00+01:00,1.7585001,14.05845,27.72,90.0,0.1,31280.0,35.869976,27.373749
2026-03-26 11:00:00+01:00,2.7585,14.021525,27.0,81.0,0.0,37460.0,26.169819,30.470741
2026-03-26 12:00:00+01:00,3.4585001,13.276144,34.56,50.0,0.0,38380.0,32.122543,29.409164
2026-03-26 13:00:00+01:00,3.0085,11.923557,34.2,100.0,0.0,36360.0,24.93037,34.75862
2026-03-26 14:00:00+01:00,2.9085,13.441071,26.28,84.0,0.0,27200.0,17.60191,40.918465
2026-03-26 15:00:00+01:00,2.4585001,3.6,33.12,70.0,0.6,31620.0,26.9786,48.20645
2026-03-26 16:00:00+01:00,1.6585001,5.3517847,16.919998,61.0,3.2,1420.0,26.098305,34.188675
2026-03-26 17:00:00+01:00,2.1585,8.209263,19.8,82.0,0.1,21800.0,22.666018,36.641724
2026-03-26 18:00:00+01:00,0.9085,7.8954163,19.8,100.0,1.6,3000.0,29.200134,28.793577
2026-03-26 19:00:00+01:00,0.3585,7.172949,14.04,82.0,0.6,6000.0,25.717579,33.66061
2026-03-26 20:00:00+01:00,0.2085,5.1919937,17.28,86.0,0.1,10380.0,24.497644,27.401884
2026-03-26 21:00:00+01:00,0.2085,5.3999996,12.959999,82.0,0.1,12180.0,22.193855,25.020798
2026-03-26 22:00:00+01:00,0.0585,2.4149535,9.36,100.0,0.1,3040.0,16.811422,27.317396
2026-03-26 23:00:00+01:00,0.3585,0.35999998,10.799999,82.0,1.1,3220.0,26.33987,23.59437
2026-03-27 00:00:00+01:00,0.3585,5.0142193,11.879999,92.0,0.2,6340.0,31.181076,22.284399
2026-03-27 01:00:00+01:00,0.108500004,4.896529,12.24,81.0,0.1,16340.0,27.341772,26.660769
2026-03-27 02:00:00+01:00,-0.041500002,7.2,12.599999,69.0,0.0,17540.0,26.197577,26.537657
2026-03-27 03:00:00+01:00,-0.4415,6.830519,14.759999,75.0,0.0,21420.0,27.979893,32.383106
2026-03-27 04:00:00+01:00,-0.54150003,5.8603754,12.959999,100.0,0.0,19460.0,28.69439,34.474827
2026-03-27 05:00:00+01:00,-0.9415,8.049845,15.4800005,71.0,0.0,23620.0,24.565363,35.817608
2026-03-27 06:00:00+01:00,-1.2414999,6.9899354,14.04,77.0,0.0,22980.0,22.880306,33.769165
2026-03-27 07:00:00+01:00,-1.0914999,8.557102,16.56,49.0,0.0,25180.0,26.11819,32.114315
2026-03-27 08:00:00+01:00,-0.54150003,9.387651,17.64,82.0,0.0,28600.0,29.064701,32.667385
2026-03-27 09:00:00+01:00,0.008499999,14.799459,26.28,40.0,0.0,32520.0,25.277792,34.675392
2026-03-27 10:00:00+01:00,0.8585,13.392774,26.64,67.0,0.0,33440.0,24.0485,35.38475
2026-03-27 11:00:00+01:00,1.8585,12.031756,23.039999,97.0,0.0,37660.0,22.78481,36.678505
2026-03-27 12:00:00+01:00,2.8085,11.183201,23.759998,50.0,0.0,38920.0,27.074642,34.580822
2026-03-27 13:00:00+01:00,3.3585,8.373386,22.68,76.0,0.0,40060.0,21.354607,34.024887
2026-03-27 14:00:00+01:00,4.2584996,9.983106,19.08,87.0,0.0,41060.0,16.768133,34.228092
2026-03-27 15:00:00+01:00,4.6584997,9.19939,22.319998,64.0,0.0,40340.0,21.422567,31.133633
2026-03-27 16:00:00+01:00,4.2085,10.233123,24.48,44.0,0.0,40580.0,16.587591,28.558468
2026-03-27 17:00:00+01:00,4.0085,8.891343,19.44,31.0,0.0,41200.0,18.992203,23.3729
2026-03-27 18:00:00+01:00,3.5085,5.3517847,16.199999,100.0,0.0,40480.0,18.330091,25.935617
2026-03-27 19:00:00+01:00,3.0085,5.6002855,13.679999,60.0,0.0,41060.0,20.009163,27.225573
2026-03-27 20:00:00+01:00,2.3085,4.5820518,10.08,61.0,0.0,40380.0,23.236036,26.776121
2026-03-27 21:00:00+01:00,1.5585,4.072935,7.92,77.0,0.0,39340.0,19.166344,29.670004
2026-03-27 22:00:00+01:00,-0.041500002,3.6,6.4799995,22.0,0.0,32680.0,18.454288,29.086447
2026-03-27 23:00:00+01:00,-0.6415,3.7064266,6.12,65.0,0.0,27320.0,17.90602,28.531475
2026-03-28 00:00:00+01:00,-0.6415,3.0547013,6.12,93.0,0.0,26880.0,15.916784,25.470974
2026-03-28 01:00:00+01:00,-0.79150003,2.968636,5.04,86.0,0.0,23420.0,16.149912,23.716516
2026-03-28 02:00:00+01:00,-0.8415,2.968636,4.32,62.0,0.0,26120.0,15.044876,26.660769
2026-03-28 03:00:00+01:00,-1.2915,3.5455887,5.04,38.0,0.0,22380.0,12.961332,30.565416
2026-03-28 04:00:00+01:00,-1.9415,3.5455887,5.3999996,39.0,0.0,14860.0,12.159491,33.3097
2026-03-28 05:00:00+01:00,-2.0414999,2.3051248,5.3999996,25.0,0.0,19220.0,9.815996,34.697605
2026-03-28 06:00:00+01:00,-2.4415,3.9763298,6.12,0.0,0.0,18960.0,11.171529,35.74224
2026-03-28 07:00:00+01:00,-2.6415,2.8799999,5.3999996,3.0,0.0,19800.0,10.035667,33.597603
2026-03-28 08:00:00+01:00,-1.3414999,1.5273507,4.32,0.0,0.0,19840.0,6.0797453,29.857687
2026-03-28 09:00:00+01:00,0.7585,2.7416782,6.4799995,0.0,0.0,26920.0,4.0758705,29.093067
2026-03-28 10:00:00+01:00,2.4585001,4.2136917,9.72,9.0,0.0,35840.0,4.201311,24.103226
2026-03-28 11:00:00+01:00,3.8585,7.0911775,15.119999,39.0,0.0,38780.0,10.628571,19.28138
2026-03-28 12:00:00+01:00,4.9585,6.989936,16.919998,50.0,0.0,39360.0,15.713261,16.433628
2026-03-28 13:00:00+01:00,5.7085,7.4128532,16.56,42.0,0.0,40240.0,16.587591,19.716057
2026-03-28 14:00:00+01:00,6.2584996,8.373386,17.28,62.0,0.0,41300.0,14.843389,27.401884
2026-03-28 15:00:00+01:00,6.1085,9.779817,18.72,81.0,0.0,41000.0,18.233543,25.92076
2026-03-28 16:00:00+01:00,5.2085,14.044615,26.28,83.0,0.0,41540.0,15.031068,21.002802
2026-03-28 17:00:00+01:00,3.1585,12.599999,27.359999,90.0,0.1,10220.0,17.90602,16.71258
2026-03-28 18:00:00+01:00,1.7085,5.00128,22.319998,95.0,0.6,2020.0,26.197577,20.632677
2026-03-28 19:00:00+01:00,1.2085,4.379589,9.72,98.0,1.0,440.0,29.225016,21.590723
2026-03-28 20:00:00+01:00,0.2085,1.2979984,7.92,95.0,1.0,400.0,20.632523,18.454428
2026-03-28 21:00:00+01:00,0.108500004,1.9386592,4.68,96.0,0.8,380.0,19.784773,23.496197
2026-03-28 22:00:00+01:00,0.2585,0.8049845,5.7599998,99.0,1.0,400.0,28.712477,32.566986
2026-03-28 23:00:00+01:00,0.2585,1.835647,3.6,100.0,1.1,360.0,31.040905,31.465965
2026-03-29 00:00:00+01:00,0.1585,1.08,3.2399998,100.0,1.8,240.0,33.770744,24.710932
2026-03-29 01:00:00+01:00,0.2585,2.5959969,2.8799999,96.0,1.3,500.0,34.94628,25.105341
2026-03-29 03:00:00+02:00,0.3585,2.1897945,4.68,94.0,0.5,660.0,31.901989,24.214851
2026-03-29 04:00:00+02:00,0.2585,0.5091169,3.6,92.0,0.5,940.0,36.184113,21.402544
2026-03-29 05:00:00+02:00,0.2085,1.4399999,4.32,91.0,0.3,660.0,33.517685,23.323399
2026-03-29 06:00:00+02:00,0.3085,2.3051248,3.96,95.0,0.2,900.0,28.3632,24.718725
2026-03-29 07:00:00+02:00,0.4585,3.319036,6.12,93.0,0.4,2600.0,34.25308,25.69685
2026-03-29 08:00:00+02:00,1.3085,3.7585104,5.7599998,50.0,0.5,15040.0,33.957775,28.232851
2026-03-29 09:00:00+02:00,2.1585,10.630672,18.0,78.0,0.1,22740.0,31.472742,31.79482
2026-03-29 10:00:00+02:00,2.7585,11.681987,23.4,70.0,0.1,26200.0,26.762213,32.990105
2026-03-29 11:00:00+02:00,3.1085,8.404285,23.759998,86.0,0.0,26960.0,27.898134,26.076351
2026-03-29 12:00:00+02:00,3.7585,10.296251,20.519999,99.0,0.0,31180.0,24.565363,22.4909
2026-03-29 13:00:00+02:00,4.9084997,9.686609,24.48,88.0,0.0,35940.0,26.11819,22.249796
2026-03-29 14:00:00+02:00,5.0084996,9.449572,22.319998,86.0,0.0,35740.0,18.056154,18.45443
2026-03-29 15:00:00+02:00,5.6085,9.659814,21.599998,78.0,0.0,38240.0,20.236195,20.41682
2026-03-29 16:00:00+02:00,5.5084996,11.609651,23.4,77.0,0.0,36220.0,19.376469,19.62793
2026-03-29 17:00:00+02:00,5.4585,7.6367526,21.96,70.0,0.0,38960.0,20.63252,20.208189
2026-03-29 18:00:00+02:00,5.1584997,7.729527,17.28,74.0,0.0,38860.0,20.241323,17.043554
2026-03-29 19:00:00+02:00,4.6085,4.829907,15.119999,72.0,0.0,38500.0,14.723995,17.21225
2026-03-29 20:00:00+02:00,4.5084996,3.8773184,7.92,40.0,0.0,38520.0,11.254866,12.795844
2026-03-29 21:00:00+02:00,3.4085,4.8433046,9.0,19.0,0.0,33840.0,5.993747,11.41124
2026-03-29 22:00:00+02:00,2.4585001,4.3498964,10.08,19.0,0.0,33380.0,5.506198,7.0769506
2026-03-29 23:00:00+02:00,2.1585,3.0758414,9.72,0.0,0.0,27960.0,3.5591009,8.886923
2026-03-30 00:00:00+02:00,2.1585,1.4399999,6.12,8.0,0.0,28520.0,7.291139,16.94153
2026-03-30 01:00:00+02:00,1.8585,4.3349743,7.92,33.0,0.0,23140.0,13.246578,20.47335
2026-03-30 02:00:00+02:00,1.9085001,2.8116899,7.92,61.0,0.0,24760.0,22.221907,25.136013
2026-03-30 03:00:00+02:00,2.0085,4.6938252,8.28,65.0,0.0,24260.0,31.499125,26.855139
2026-03-30 04:00:00+02:00,1.9585,7.2359104,13.679999,17.0,0.0,20640.0,37.89957,30.03137
2026-03-30 05:00:00+02:00,2.3585,9.255571,16.199999,0.0,0.0,26260.0,43.822716,47.514187
2026-03-30 06:00:00+02:00,2.4585001,8.311245,17.64,0.0,0.0,30880.0,50.287888,56.37352
2026-03-30 07:00:00+02:00,2.5585,9.673221,17.64,54.0,0.0,33080.0,61.105785,65.24626
2026-03-30 08:00:00+02:00,2.9585001,11.457958,24.84,100.0,0.0,35540.0,59.066734,76.00343
2026-03-30 09:00:00+02:00,1.9085001,13.0447235,27.359999,96.0,0.4,4800.0,57.49904,64.98298
2026-03-30 10:00:00+02:00,1.6585001,10.990322,24.84,100.0,0.6,7120.0,61.160133,71.06557
2026-03-30 11:00:00+02:00,2.2585,10.948973,33.48,100.0,0.1,23300.0,64.52567,59.125374
2026-03-30 12:00:00+02:00,3.6085,21.659916,42.839996,100.0,0.0,34280.0,38.96669,46.568268
2026-03-30 13:00:00+02:00,4.5084996,19.930477,41.399998,96.0,0.1,35280.0,39.857136,44.968952
2026-03-30 14:00:00+02:00,4.8585,15.379206,42.839996,98.0,0.5,16740.0,50.203163,69.994965
2026-03-30 15:00:00+02:00,5.4084997,15.39184,33.48,100.0,0.3,31960.0,46.53013,57.777504
2026-03-30 16:00:00+02:00,4.8085,15.137133,29.88,80.0,0.2,26100.0,47.080273,58.742954
2026-03-30 17:00:00+02:00,4.0085,10.823973,37.44,77.0,0.3,24140.0,39.85453,62.505016
2026-03-30 18:00:00+02:00,4.1085,12.303366,31.68,90.0,0.2,30420.0,40.69752,47.473625
2026-03-30 19:00:00+02:00,3.2585,11.090103,26.64,100.0,2.5,4800.0,31.813992,37.184437
2026-03-30 20:00:00+02:00,2.9585001,6.0347,19.08,91.0,0.5,16780.0,28.432667,43.889385
2026-03-30 21:00:00+02:00,2.5585,1.4399999,10.08,100.0,0.1,15840.0,26.296474,39.25586
2026-03-30 22:00:00+02:00,2.5085,0.35999998,4.32,100.0,0.3,14880.0,31.813992,49.65905
2026-03-30 23:00:00+02:00,1.6585001,3.8268526,18.359999,89.0,0.5,10200.0,25.814295,38.482754
2026-03-31 00:00:00+02:00,1.2585001,2.4149535,8.64,94.0,0.1,8720.0,32.05783,39.103443
2026-03-31 01:00:00+02:00,1.4085001,0.5091169,3.96,100.0,0.2,11260.0,34.028027,35.72607
2026-03-31 02:00:00+02:00,1.4585,2.0991426,12.599999,96.0,0.5,7940.0,38.96669,31.70989
2026-03-31 03:00:00+02:00,1.4585,5.692099,10.440001,96.0,0.2,14360.0,36.184113,44.80158
2026-03-31 04:00:00+02:00,1.5085001,7.208994,15.119999,75.0,0.3,17920.0,29.686777,36.430832
2026-03-31 05:00:00+02:00,1.0585,4.6938257,13.32,85.0,0.1,12280.0,38.25677,35.54769
2026-03-31 06:00:00+02:00,0.95849997,5.8048253,10.799999,90.0,0.1,16740.0,36.28441,32.667385
2026-03-31 07:00:00+02:00,0.8585,6.297428,12.24,100.0,0.0,18740.0,34.500744,29.337025
2026-03-31 08:00:00+02:00,1.1585001,7.9036193,14.4,77.0,0.0,21280.0,40.495476,27.758083
2026-03-31 09:00:00+02:00,1.6085,8.766573,16.56,94.0,0.0,7520.0,40.01054,29.073198
2026-03-31 10:00:00+02:00,2.5085,9.346143,18.0,85.0,0.1,26780.0,37.71557,31.703814
2026-03-31 11:00:00+02:00,3.2085001,12.6462,22.68,100.0,0.0,31440.0,30.73501,33.338604
2026-03-31 12:00:00+02:00,3.6085,11.212135,25.919998,85.0,0.0,35920.0,26.086369,32.519634
2026-03-31 13:00:00+02:00,4.6085,10.08,25.56,100.0,0.0,38100.0,26.90152,34.23372
2026-03-31 14:00:00+02:00,4.3585,10.086427,20.880001,95.0,0.0,24260.0,20.587181,26.9768
2026-03-31 15:00:00+02:00,4.4084997,9.659814,23.039999,80.0,0.1,33580.0,20.966978,27.253859
2026-03-31 16:00:00+02:00,4.5084996,12.371645,26.28,98.0,0.0,12640.0,22.555809,27.225573
2026-03-31 17:00:00+02:00,4.1085,9.511088,23.4,71.0,0.1,37940.0,23.661121,25.151335
2026-03-31 18:00:00+02:00,2.5085,5.8048253,19.8,100.0,0.5,4960.0,32.005966,25.816511
2026-03-31 19:00:00+02:00,2.5585,2.6208394,11.5199995,46.0,0.1,20920.0,23.524694,33.08922
2026-03-31 20:00:00+02:00,2.2085001,2.52,7.2,55.0,0.4,24000.0,15.949366,34.23372
2026-03-31 21:00:00+02:00,1.9085001,1.8,5.04,75.0,0.1,17360.0,14.272824,36.678505
2026-03-31 22:00:00+02:00,1.6585001,4.5820518,14.04,51.0,0.1,14700.0,20.097183,40.800606
2026-03-31 23:00:00+02:00,1.0585,4.3498964,9.36,85.0,0.0,9600.0,20.364061,49.75206
2026-04-01 00:00:00+02:00,1.1585001,2.5455842,7.92,83.0,0.0,14520.0,22.565014,40.876076
2026-04-01 01:00:00+02:00,1.0585,1.484318,3.96,53.0,0.0,16720.0,22.898449,38.781925
2026-04-01 02:00:00+02:00,1.2585001,2.4149535,2.52,91.0,0.0,15720.0,15.680186,29.799566
2026-04-01 03:00:00+02:00,1.0085,1.08,4.32,97.0,0.1,12300.0,13.246578,26.304356
2026-04-01 04:00:00+02:00,0.6585,1.609969,3.2399998,69.0,0.1,7920.0,11.124962,25.478533
2026-04-01 05:00:00+02:00,0.6085,0.35999998,4.32,92.0,0.0,1540.0,12.84061,35.989296
2026-04-01 06:00:00+02:00,0.5085,1.0182338,1.4399999,87.0,0.1,1400.0,15.419778,37.785675
2026-04-01 07:00:00+02:00,0.4085,2.2768397,3.2399998,90.0,0.1,1440.0,15.480263,40.230076
2026-04-01 08:00:00+02:00,0.3085,1.835647,5.04,100.0,0.0,780.0,15.284515,41.405163
2026-04-01 09:00:00+02:00,1.3085,3.219938,6.4799995,94.0,0.0,13600.0,22.085989,44.204258
2026-04-01 10:00:00+02:00,2.6585,4.1046314,8.28,90.0,0.0,27780.0,19.905111,43.11448
2026-04-01 11:00:00+02:00,3.5085,8.14587,16.919998,89.0,0.0,31780.0,22.509731,43.22603
2026-04-01 12:00:00+02:00,4.7584996,11.525623,22.319998,71.0,0.0,35060.0,23.360819,36.70475
2026-04-01 13:00:00+02:00,5.9084997,13.70839,31.319998,47.0,0.0,38540.0,26.928522,43.581074
2026-04-01 14:00:00+02:00,5.8585,17.654688,33.48,67.0,0.0,40680.0,26.828085,35.384754
2026-04-01 15:00:00+02:00,6.6584997,15.192682,32.399998,39.0,0.0,40180.0,35.896015,20.809309
2026-04-01 16:00:00+02:00,7.0084996,18.678415,34.56,44.0,0.0,40820.0,36.28441,21.803795
2026-04-01 17:00:00+02:00,6.9084997,15.990646,32.760002,51.0,0.0,40720.0,32.05459,26.71851
2026-04-01 18:00:00+02:00,6.3085,15.807239,31.319998,8.0,0.0,39980.0,33.712276,26.69687
2026-04-01 19:00:00+02:00,5.6584997,11.792404,28.08,98.0,0.0,38800.0,36.218533,21.803795
2026-04-01 20:00:00+02:00,5.0585,13.104198,28.44,32.0,0.0,38560.0,38.80916,33.54022
2026-04-01 21:00:00+02:00,4.2085,12.783802,23.4,49.0,0.0,36300.0,33.19083,39.10837
2026-04-01 22:00:00+02:00,4.1085,11.966954,23.039999,39.0,0.0,35100.0,32.174217,37.24138
2026-04-01 23:00:00+02:00,3.6585,7.6367526,22.319998,28.0,0.0,34320.0,37.89957,47.893757
2026-04-02 00:00:00+02:00,3.2085001,7.928177,14.759999,0.0,0.0,32600.0,37.034954,46.75404
2026-04-02 01:00:00+02:00,2.7585,9.220499,16.199999,0.0,0.0,29740.0,33.819904,41.40516
2026-04-02 02:00:00+02:00,1.7085,8.209263,16.56,0.0,0.0,24620.0,34.54285,43.8235
2026-04-02 03:00:00+02:00,1.4085001,9.449572,16.919998,15.0,0.0,20420.0,35.591007,48.513157
2026-04-02 04:00:00+02:00,1.3585,9.726664,18.359999,14.0,0.0,20660.0,37.135746,52.21177
2026-04-02 05:00:00+02:00,0.8585,7.9932966,16.919998,45.0,0.0,21320.0,36.478474,49.72495
2026-04-02 06:00:00+02:00,0.4585,6.3690495,13.679999,49.0,0.0,21000.0,36.92264,51.633022
2026-04-02 07:00:00+02:00,0.108500004,5.991594,11.159999,5.0,0.0,20680.0,41.378117,53.307083
2026-04-02 08:00:00+02:00,0.008499999,5.1544156,10.08,17.0,0.0,22740.0,45.980175,50.520473
2026-04-02 09:00:00+02:00,1.2085,4.1046314,8.64,29.0,0.0,26540.0,46.133472,50.531914
2026-04-02 10:00:00+02:00,2.7585,4.072935,8.64,37.0,0.0,32200.0,43.81561,51.633022
2026-04-02 11:00:00+02:00,4.9585,5.1919937,11.159999,54.0,0.0,35480.0,40.55952,51.37121
2026-04-02 12:00:00+02:00,6.8585,7.42159,16.199999,45.0,0.0,38380.0,35.061962,48.20645
2026-04-02 13:00:00+02:00,8.2085,8.942214,18.72,45.0,0.0,39980.0,29.324326,46.13607
2026-04-02 14:00:00+02:00,8.8585005,7.754637,21.24,37.0,0.0,41160.0,14.674548,43.92448
2026-04-02 15:00:00+02:00,9.4585,4.0249224,16.919998,16.0,0.0,41500.0,8.21518,41.10165
2026-04-02 16:00:00+02:00,10.0585,3.219938,9.72,14.0,0.0,42080.0,6.940957,39.94175
2026-04-02 17:00:00+02:00,9.158501,11.384199,9.0,73.0,0.0,40240.0,7.34788,36.515335
2026-04-02 18:00:00+02:00,8.5085,10.823973,21.96,20.0,0.0,40660.0,10.189676,30.816475
2026-04-02 19:00:00+02:00,7.8085,10.829958,21.599998,45.0,0.0,40520.0,10.391472,27.57008
2026-04-02 20:00:00+02:00,6.5084996,6.638072,18.72,0.0,0.0,39780.0,5.562481,27.43701
2026-04-02 21:00:00+02:00,5.1085,6.28713,11.5199995,5.0,0.0,37500.0,7.34788,26.076351
2026-04-02 22:00:00+02:00,4.6085,5.0911684,10.08,63.0,0.0,37160.0,6.572144,21.546066
2026-04-02 23:00:00+02:00,4.3585,4.32,8.28,93.0,0.0,37180.0,8.476439,17.577684
2026-04-03 00:00:00+02:00,5.0084996,3.2399998,6.4799995,79.0,0.0,38800.0,7.7468357,14.948187
2026-04-03 01:00:00+02:00,4.7085,5.3999996,8.64,80.0,0.0,38020.0,5.709857,12.915714
2026-04-03 02:00:00+02:00,4.0585,3.7585104,8.64,31.0,0.0,36960.0,3.757767,13.326771
2026-04-03 03:00:00+02:00,3.7085001,2.8799999,5.3999996,87.0,0.0,37840.0,4.2990294,8.281033
2026-04-03 04:00:00+02:00,4.0085,1.4399999,5.04,69.0,0.0,38100.0,7.958392,6.8557405
2026-04-03 05:00:00+02:00,2.7585,3.9763298,7.92,12.0,0.0,31600.0,3.67394,16.11404
2026-04-03 06:00:00+02:00,2.2085001,3.6,5.7599998,0.0,0.0,30940.0,2.278481,15.824542
2026-04-03 07:00:00+02:00,1.6585001,5.04,8.64,0.0,0.0,27640.0,5.333787,24.780989
2026-04-03 08:00:00+02:00,1.7085,3.9763298,7.5599995,39.0,0.0,29460.0,5.7641516,19.271389
2026-04-03 09:00:00+02:00,3.9085,3.396233,6.8399997,34.0,0.0,28940.0,9.612922,26.69687
2026-04-03 10:00:00+02:00,6.4084997,5.8048253,11.159999,0.0,0.0,33240.0,11.124962,29.409164
2026-04-03 11:00:00+02:00,8.3085,7.42159,15.119999,0.0,0.0,39200.0,13.033229,28.102919
2026-04-03 12:00:00+02:00,9.8085,7.653705,15.84,12.0,0.0,39880.0,18.073395,22.482334
2026-04-03 13:00:00+02:00,11.1085005,9.255571,18.72,29.0,0.0,40980.0,19.467348,20.864775
2026-04-03 14:00:00+02:00,12.1085005,10.390226,21.96,26.0,0.0,42020.0,15.2777195,21.357496
2026-04-03 15:00:00+02:00,12.6085005,13.661038,23.759998,71.0,0.0,42560.0,17.60191,23.7652
2026-04-03 16:00:00+02:00,13.0085,11.923557,24.48,0.0,0.0,43760.0,22.546602,27.338541
2026-04-03 17:00:00+02:00,13.0585,12.031756,25.919998,5.0,0.0,43560.0,21.041126,29.611515
2026-04-03 18:00:00+02:00,13.0585,11.659777,23.039999,93.0,0.0,43660.0,23.074612,33.64344
2026-04-03 19:00:00+02:00,12.2085,10.805999,26.64,41.0,0.0,42600.0,24.666595,34.725353
2026-04-03 20:00:00+02:00,10.658501,6.989936,19.44,0.0,0.0,42100.0,26.820343,37.499107
2026-04-03 21:00:00+02:00,9.6085005,3.319036,10.440001,0.0,0.0,41180.0,30.13458,41.419117
2026-04-03 22:00:00+02:00,7.9084997,4.510787,6.8399997,0.0,0.0,39680.0,31.101055,41.66025
2026-04-03 23:00:00+02:00,8.0585,5.154415,8.28,0.0,0.0,38500.0,34.3076,37.370464
2026-04-04 00:00:00+02:00,7.8585,5.4833565,9.0,30.0,0.0,38200.0,37.7018,32.667385
2026-04-04 01:00:00+02:00,7.2085,7.491114,12.599999,58.0,0.0,36880.0,36.933887,33.355934
2026-04-04 02:00:00+02:00,8.3085,6.379216,12.599999,52.0,0.0,39220.0,41.530903,35.122475
2026-04-04 03:00:00+02:00,8.0085,7.342588,12.24,61.0,0.0,38460.0,39.8988,35.55311
2026-04-04 04:00:00+02:00,8.158501,6.130579,13.32,95.0,0.0,38580.0,42.51672,33.54022
2026-04-04 05:00:00+02:00,8.2085,4.6938252,10.440001,100.0,0.0,38180.0,46.420662,33.917152
2026-04-04 06:00:00+02:00,8.2085,4.2136917,7.5599995,85.0,0.1,37680.0,44.595406,30.87268
2026-04-04 07:00:00+02:00,7.7584996,5.0528407,9.36,100.0,0.3,34980.0,40.784176,29.565943
2026-04-04 08:00:00+02:00,7.9585,10.028439,16.919998,100.0,0.2,35540.0,35.933605,36.0
2026-04-04 09:00:00+02:00,8.4585,7.5942073,18.0,82.0,0.1,36800.0,32.05459,35.15537
2026-04-04 10:00:00+02:00,8.7085,4.68,12.24,97.0,0.2,35340.0,31.057625,31.612547
2026-04-04 11:00:00+02:00,9.8085,8.669949,12.24,63.0,0.0,36700.0,31.574846,31.164553
2026-04-04 12:00:00+02:00,11.3085,9.9571085,18.72,82.0,0.0,37720.0,34.177216,30.666088
2026-04-04 13:00:00+02:00,13.1085005,8.654987,18.72,14.0,0.0,40360.0,31.310675,23.88647
2026-04-04 14:00:00+02:00,14.0585,7.127636,17.64,13.0,0.0,40680.0,29.253422,21.653082
2026-04-04 15:00:00+02:00,15.0585,7.42159,15.4800005,0.0,0.0,40920.0,27.239048,24.452335
2026-04-04 16:00:00+02:00,15.6085005,7.42159,15.4800005,86.0,0.0,40780.0,17.917614,19.725824
2026-04-04 17:00:00+02:00,15.5085,5.4833565,14.759999,39.0,0.0,40820.0,18.504856,16.952896
2026-04-04 18:00:00+02:00,15.158501,5.692099,12.24,16.0,0.0,40960.0,16.430359,14.490146
2026-04-04 19:00:00+02:00,14.7085,4.3349743,11.879999,0.0,0.0,40960.0,23.043093,15.152965
2026-04-04 20:00:00+02:00,13.3585005,4.2136917,7.2,0.0,0.0,40200.0,23.240505,19.120867
2026-04-04 21:00:00+02:00,11.7585,5.4119864,9.72,0.0,0.0,39440.0,24.259136,21.546066
2026-04-04 22:00:00+02:00,10.4585,6.489992,10.799999,0.0,0.0,37360.0,22.75289,22.15436
2026-04-04 23:00:00+02:00,9.7085,5.3999996,10.440001,0.0,0.0,37420.0,24.700247,25.455843
2026-04-05 00:00:00+02:00,9.3085,5.8603754,9.72,0.0,0.0,35540.0,26.700062,24.951414
2026-04-05 01:00:00+02:00,9.0585,6.28713,10.440001,0.0,0.0,35200.0,28.741392,29.494188
2026-04-05 02:00:00+02:00,8.3585005,6.28713,11.879999,0.0,0.0,34760.0,29.153875,32.32953
2026-04-05 03:00:00+02:00,8.2585,6.696387,11.159999,0.0,0.0,35740.0,37.525135,36.751953
2026-04-05 04:00:00+02:00,8.408501,7.145796,12.24,0.0,0.0,37320.0,43.58038,40.387775
2026-04-05 05:00:00+02:00,7.9084997,6.989936,12.599999,0.0,0.0,37140.0,44.004776,41.19528
2026-04-05 06:00:00+02:00,8.1085005,6.638072,12.24,0.0,0.0,38700.0,44.171978,47.857548
2026-04-05 07:00:00+02:00,8.158501,6.28713,11.5199995,0.0,0.0,39340.0,45.28162,51.520977
2026-04-05 08:00:00+02:00,8.1085005,6.6087217,10.08,0.0,0.0,38460.0,55.768353,55.02125
2026-04-05 09:00:00+02:00,10.9585,6.696387,11.5199995,0.0,0.0,40320.0,55.484634,56.359844
2026-04-05 10:00:00+02:00,13.658501,7.8625183,14.4,0.0,0.0,41020.0,54.95817,62.347645
2026-04-05 11:00:00+02:00,16.0585,9.0,16.919998,0.0,0.0,41920.0,51.849335,61.57354
2026-04-05 12:00:00+02:00,17.9085,7.5685663,16.919998,0.0,0.0,42060.0,56.920086,57.24495
2026-04-05 13:00:00+02:00,19.8085,11.983188,22.68,0.0,0.0,43520.0,55.396614,56.013584
2026-04-05 14:00:00+02:00,20.3085,14.512064,30.599998,0.0,0.0,43340.0,47.641506,54.821335
2026-04-05 15:00:00+02:00,21.258501,19.319628,37.8,0.0,0.0,44480.0,35.11523,58.91649
2026-04-05 16:00:00+02:00,21.4085,17.072504,34.92,5.0,0.0,43540.0,34.47967,58.440487
2026-04-05 17:00:00+02:00,21.3085,17.709658,33.839996,0.0,0.0,43980.0,38.806484,64.03038
2026-04-05 18:00:00+02:00,21.1585,14.05845,35.64,10.0,0.0,43820.0,35.544304,59.960033
2026-04-05 19:00:00+02:00,19.1585,13.479583,29.519999,0.0,0.0,43240.0,29.857664,68.56302
2026-04-05 20:00:00+02:00,17.5585,7.5685663,22.68,2.0,0.0,40660.0,52.517876,56.359844
2026-04-05 21:00:00+02:00,15.8085,5.3517847,29.519999,3.0,0.1,40720.0,32.889145,66.39058
2026-04-05 22:00:00+02:00,14.1085005,5.1165614,29.519999,50.0,0.1,38780.0,29.954878,69.79654
2026-04-05 23:00:00+02:00,13.7585,4.0249224,19.8,45.0,0.0,38640.0,35.742386,66.99423
2026-04-06 00:00:00+02:00,13.7085,7.6367526,17.64,87.0,0.0,40160.0,47.254177,68.809814
2026-04-06 01:00:00+02:00,12.8085,7.771331,15.84,84.0,0.5,32240.0,52.9726,66.25116
2026-04-06 02:00:00+02:00,10.9585,10.24578,12.24,86.0,2.1,26620.0,37.135746,75.26742
2026-04-06 03:00:00+02:00,10.3085,9.793058,17.28,54.0,0.0,24040.0,35.371532,74.073
2026-04-06 04:00:00+02:00,9.9585,3.0547013,15.4800005,60.0,0.0,22280.0,29.511385,70.76951
2026-04-06 05:00:00+02:00,9.7585,2.6208394,6.4799995,47.0,0.0,24140.0,24.425488,69.561554
2026-04-06 06:00:00+02:00,9.158501,3.563818,6.4799995,55.0,0.0,24060.0,25.112953,68.90773
2026-04-06 07:00:00+02:00,8.9585,3.563818,6.8399997,88.0,0.0,22320.0,18.31876,68.99712
2026-04-06 08:00:00+02:00,8.908501,4.8965297,7.2,63.0,0.0,21480.0,12.537857,65.21968
2026-04-06 09:00:00+02:00,10.408501,1.835647,7.92,12.0,0.0,29120.0,17.934988,56.971733
2026-04-06 10:00:00+02:00,11.8085,1.2979984,5.3999996,0.0,0.0,32440.0,23.029572,49.097294
2026-04-06 11:00:00+02:00,13.658501,2.5455842,7.5599995,0.0,0.0,38340.0,24.64554,44.1781
2026-04-06 12:00:00+02:00,15.0085,2.8116899,7.5599995,0.0,0.0,39700.0,27.976185,39.961037
2026-04-06 13:00:00+02:00,16.3085,3.0758414,9.72,3.0,0.0,40140.0,24.611814,39.927277
2026-04-06 14:00:00+02:00,17.3585,2.52,8.64,5.0,0.0,40860.0,28.799133,33.367477
2026-04-06 15:00:00+02:00,17.8085,5.0142193,11.159999,6.0,0.0,41080.0,20.782944,37.033905
2026-04-06 16:00:00+02:00,17.8085,6.489992,14.04,0.0,0.0,41460.0,14.243696,35.919647
2026-04-06 17:00:00+02:00,18.008501,5.634891,13.679999,0.0,0.0,41720.0,15.148044,33.522987
2026-04-06 18:00:00+02:00,17.8085,4.3349743,11.5199995,0.0,0.0,42060.0,12.065196,34.80846
2026-04-06 19:00:00+02:00,17.3585,1.08,7.5599995,0.0,0.0,42040.0,15.065567,32.490005
2026-04-06 20:00:00+02:00,16.2085,2.1897945,2.52,0.0,0.0,41660.0,19.403242,34.188675
2026-04-06 21:00:00+02:00,13.5085,5.4119864,8.64,0.0,0.0,38660.0,21.45163,33.08922
2026-04-06 22:00:00+02:00,12.3085,6.379216,10.440001,0.0,0.0,38220.0,20.035091,33.042614
2026-04-06 23:00:00+02:00,11.4585,6.151683,10.799999,0.0,0.0,37580.0,18.027378,32.036243
2026-04-07 00:00:00+02:00,11.0085,6.12,10.440001,0.0,0.0,35720.0,16.718523,31.410818
2026-04-07 01:00:00+02:00,10.4585,5.815978,10.799999,0.0,0.0,35460.0,14.989566,27.792759
2026-04-07 02:00:00+02:00,9.2085,5.495161,10.08,0.0,0.0,29560.0,13.049152,24.14315
2026-04-07 03:00:00+02:00,8.658501,4.5536795,9.0,0.0,0.0,28400.0,16.335293,26.89098
2026-04-07 04:00:00+02:00,8.7585,3.9763298,7.5599995,0.0,0.0,31220.0,19.988394,27.882717
2026-04-07 05:00:00+02:00,7.4585,3.5455887,6.4799995,0.0,0.0,21900.0,21.398321,26.69687
2026-04-07 06:00:00+02:00,7.5084996,2.8116899,5.04,0.0,0.0,25280.0,23.94899,26.660769
2026-04-07 07:00:00+02:00,7.2584996,2.968636,3.96,0.0,0.0,25980.0,25.506779,27.758083
2026-04-07 08:00:00+02:00,7.4585,2.4149535,3.6,0.0,0.0,22320.0,27.857166,25.63681
2026-04-07 09:00:00+02:00,9.1085005,1.5273507,3.6,0.0,0.0,21120.0,26.296474,27.04099
2026-04-07 10:00:00+02:00,11.408501,1.4399999,4.68,0.0,0.0,28640.0,23.351929,24.734306
2026-04-07 11:00:00+02:00,14.2085,2.3051248,5.7599998,0.0,0.0,36660.0,21.203342,22.249796
2026-04-07 12:00:00+02:00,16.5585,3.096837,8.64,0.0,0.0,39100.0,20.019539,20.74441
2026-04-07 13:00:00+02:00,18.3585,3.8773184,10.08,0.0,0.0,40320.0,19.035887,19.390963
2026-04-07 14:00:00+02:00,19.3085,4.6938252,11.879999,0.0,0.0,40800.0,19.188004,18.433542
2026-04-07 15:00:00+02:00,20.3085,5.692099,12.599999,0.0,0.0,41620.0,18.31876,19.755098
2026-04-07 16:00:00+02:00,20.7085,6.8777895,14.759999,0.0,0.0,45020.0,19.403242,21.357496
2026-04-07 17:00:00+02:00,21.258501,4.6102495,13.679999,0.0,0.0,46880.0,10.599223,21.230852
2026-04-07 18:00:00+02:00,21.008501,3.563818,8.64,0.0,0.0,46820.0,7.418196,20.208189
2026-04-07 19:00:00+02:00,20.3085,3.096837,7.2,0.0,0.0,47880.0,9.394418,19.987747
2026-04-07 20:00:00+02:00,18.6085,2.9024127,4.68,0.0,0.0,44740.0,8.513107,20.548483
2026-04-07 21:00:00+02:00,14.3585005,7.289444,12.24,0.0,0.0,40520.0,8.800955,18.328745
2026-04-07 22:00:00+02:00,12.5085,7.42159,12.959999,0.0,0.0,39380.0,2.278481,16.65485
2026-04-07 23:00:00+02:00,13.3585005,7.9036193,12.24,0.0,0.0,38480.0,1.3670886,19.62793
2026-04-08 00:00:00+02:00,13.8085,9.290511,15.4800005,0.0,0.0,40160.0,0.0,14.609298
2026-04-08 01:00:00+02:00,13.5085,7.8954163,16.919998,0.0,0.0,39320.0,6.1138062,14.909477
2026-04-08 02:00:00+02:00,11.8085,6.696387,12.599999,0.0,0.0,36600.0,7.34788,13.739551
2026-04-08 03:00:00+02:00,10.3085,5.692099,10.799999,0.0,0.0,32580.0,7.7468357,9.715329
2026-04-08 04:00:00+02:00,9.408501,5.692099,9.72,0.0,0.0,29800.0,5.195736,7.0769506
2026-04-08 05:00:00+02:00,8.8585005,6.193674,9.0,0.0,0.0,30040.0,4.201311,8.1638975
2026-04-08 06:00:00+02:00,8.3585005,5.1919937,10.440001,0.0,0.0,28820.0,3.2222586,11.858258
2026-04-08 07:00:00+02:00,7.4084997,4.8965297,8.28,0.0,0.0,25420.0,1.9333551,16.94153
2026-04-08 08:00:00+02:00,7.3085,4.8965297,7.92,0.0,0.0,21780.0,2.453999,23.635157
2026-04-08 09:00:00+02:00,10.1085005,2.9024127,6.8399997,0.0,0.0,28780.0,4.101266,22.788692
2026-04-08 10:00:00+02:00,12.5585,4.3498964,9.0,0.0,0.0,40260.0,4.101266,24.827585
2026-04-08 11:00:00+02:00,15.3585005,5.3999996,11.5199995,0.0,0.0,40500.0,5.094838,21.724138
2026-04-08 12:00:00+02:00,17.258501,5.8603754,11.159999,0.0,0.0,40660.0,4.57969,19.120867
2026-04-08 13:00:00+02:00,18.7085,9.339208,13.32,0.0,0.0,40920.0,4.6916795,15.554438
2026-04-08 14:00:00+02:00,19.3585,12.475961,20.880001,0.0,0.0,41020.0,5.562481,20.818563
2026-04-08 15:00:00+02:00,20.1085,13.324863,21.599998,0.0,0.0,41540.0,3.757767,23.618853
2026-04-08 16:00:00+02:00,20.4085,14.904173,25.199999,0.0,0.0,41840.0,3.5591009,24.8586
2026-04-08 17:00:00+02:00,20.508501,11.592894,27.72,0.0,0.0,42200.0,3.2222586,24.278408
2026-04-08 18:00:00+02:00,20.1085,10.296251,20.880001,0.0,0.0,42520.0,3.8667102,22.965515
2026-04-08 19:00:00+02:00,18.9585,10.805998,19.44,0.0,0.0,42200.0,6.198138,20.567223
2026-04-08 20:00:00+02:00,17.1085,9.178235,20.16,0.0,0.0,42080.0,6.198138,20.818563
2026-04-08 21:00:00+02:00,15.5085,9.227524,15.84,0.0,0.0,42020.0,4.6472077,19.040104
2026-04-08 22:00:00+02:00,15.0085,10.390226,17.64,0.0,0.0,42920.0,2.8820758,16.884583
2026-04-08 23:00:00+02:00,14.3085,11.27553,20.519999,0.0,0.0,42620.0,3.286072,14.329733
2026-04-09 00:00:00+02:00,13.2585,6.792466,18.359999,0.0,0.0,42000.0,2.0379353,15.355014
2026-04-09 01:00:00+02:00,11.158501,6.792466,11.5199995,0.0,0.0,40700.0,3.286072,17.773846
2026-04-09 02:00:00+02:00,10.4585,6.9153743,11.5199995,0.0,0.0,40140.0,2.577807,15.665498
2026-04-09 03:00:00+02:00,8.658501,4.829907,11.159999,0.0,0.0,37400.0,4.101266,18.877537
2026-04-09 04:00:00+02:00,8.3085,5.506941,9.0,0.0,0.0,31120.0,8.706063,18.948832
2026-04-09 05:00:00+02:00,8.3585005,3.9763298,8.64,0.0,0.0,36020.0,10.391472,18.51695
2026-04-09 06:00:00+02:00,8.158501,4.3498964,6.8399997,0.0,0.0,34680.0,13.548821,17.752157
2026-04-09 07:00:00+02:00,8.0585,4.198285,7.2,0.0,0.0,35740.0,14.723995,17.390388
2026-04-09 08:00:00+02:00,8.6085005,2.8799999,6.4799995,0.0,0.0,34480.0,12.51299,16.70105
2026-04-09 09:00:00+02:00,11.0085,1.1384199,4.32,0.0,0.0,38860.0,16.335293,21.546066
2026-04-09 10:00:00+02:00,13.0585,3.4152596,7.92,0.0,0.0,40260.0,19.128386,22.422277
2026-04-09 11:00:00+02:00,15.2085,3.6179552,9.0,0.0,0.0,40620.0,17.412127,23.422297
2026-04-09 12:00:00+02:00,17.3585,3.2599385,10.799999,0.0,0.0,41000.0,16.885372,23.090988
2026-04-09 13:00:00+02:00,19.008501,5.692099,12.599999,0.0,0.0,41480.0,15.5204525,24.278408
2026-04-09 14:00:00+02:00,19.758501,5.634891,14.04,0.0,0.0,41900.0,17.981243,22.22381
2026-04-09 15:00:00+02:00,20.758501,6.151683,13.32,0.0,0.0,42640.0,13.246579,21.510277
2026-04-09 16:00:00+02:00,21.3585,7.5599995,16.919998,0.0,0.0,45600.0,10.831775,23.090988
2026-04-09 17:00:00+02:00,21.8085,6.162207,17.64,0.0,0.0,49200.0,9.837129,22.889902
2026-04-09 18:00:00+02:00,21.508501,8.64,16.199999,0.0,0.0,51600.0,11.85686,24.175043
2026-04-09 19:00:00+02:00,20.508501,5.771239,17.64,2.0,0.0,45900.0,18.43177,27.48611
2026-04-09 20:00:00+02:00,18.4585,6.379216,15.84,0.0,0.0,54380.0,23.59961,29.721897
2026-04-09 21:00:00+02:00,16.4085,4.0249224,9.36,0.0,0.0,46240.0,24.259136,29.747807
2026-04-09 22:00:00+02:00,15.0585,4.1046314,7.2,0.0,0.0,42720.0,30.261795,31.213963
2026-04-09 23:00:00+02:00,12.9585,3.671294,7.5599995,0.0,0.0,43160.0,30.586008,35.22653
2026-04-10 00:00:00+02:00,12.7085,4.6938252,7.2,0.0,0.0,42380.0,28.245811,38.70735
2026-04-10 01:00:00+02:00,12.158501,5.1544156,8.64,0.0,0.0,41300.0,26.804853,36.430836
2026-04-10 02:00:00+02:00,11.5085,5.0528407,8.28,0.0,0.0,41080.0,22.948275,34.188675
2026-04-10 03:00:00+02:00,10.9585,4.73506,8.64,0.0,0.0,40480.0,31.928017,33.956886
2026-04-10 04:00:00+02:00,10.6085005,4.6800003,8.28,0.0,0.0,39560.0,36.64319,38.587734
2026-04-10 05:00:00+02:00,10.2085,5.1919937,9.0,0.0,0.0,38820.0,37.19162,35.54769
2026-04-10 06:00:00+02:00,10.0585,6.696387,11.879999,0.0,0.0,37120.0,37.250202,32.40095
2026-04-10 07:00:00+02:00,10.158501,6.297428,11.5199995,0.0,0.0,36740.0,35.27748,37.49397
2026-04-10 08:00:00+02:00,11.3585005,5.154415,14.04,23.0,0.3,35660.0,20.622456,58.172894
2026-04-10 09:00:00+02:00,12.408501,3.0547013,14.4,39.0,0.0,37840.0,29.550064,56.741352
2026-04-10 10:00:00+02:00,13.1085005,2.16,7.5599995,0.0,0.0,38020.0,34.70479,56.59519
2026-04-10 11:00:00+02:00,13.5085,2.9024127,15.119999,67.0,0.4,38180.0,35.135918,52.69651
2026-04-10 12:00:00+02:00,13.908501,6.5693827,14.759999,43.0,0.0,40080.0,39.70576,56.301712
2026-04-10 13:00:00+02:00,14.8085,7.8954163,21.24,48.0,0.0,39560.0,32.5113,56.53389
2026-04-10 14:00:00+02:00,13.8085,9.255571,30.599998,57.0,0.3,36940.0,35.835228,59.93754
2026-04-10 15:00:00+02:00,14.2585,5.154415,20.16,77.0,0.0,37280.0,21.892395,55.098225
2026-04-10 16:00:00+02:00,14.7085,4.6938257,15.84,89.0,0.0,38040.0,21.203342,52.351776
2026-04-10 17:00:00+02:00,13.8585005,3.671294,10.08,87.0,0.0,33580.0,20.465782,59.7444
2026-04-10 18:00:00+02:00,13.8585005,5.315336,9.72,63.0,0.0,33900.0,25.273685,62.738792
2026-04-10 19:00:00+02:00,13.4585,5.154415,10.440001,39.0,0.0,32320.0,21.359468,62.267265
2026-04-10 20:00:00+02:00,12.658501,4.6938257,9.0,43.0,0.0,28060.0,15.284514,54.227814
2026-04-10 21:00:00+02:00,11.9585,5.0911684,9.0,0.0,0.0,27560.0,12.710575,56.126953
2026-04-10 22:00:00+02:00,11.408501,3.7064266,6.12,29.0,0.0,29220.0,12.2276125,49.90283
2026-04-10 23:00:00+02:00,10.8585005,4.3349743,7.5599995,34.0,0.0,28040.0,11.254866,51.021294
2026-04-11 00:00:00+02:00,9.908501,4.8433046,7.92,0.0,0.0,23840.0,15.044876,47.599243
2026-04-11 01:00:00+02:00,9.0585,5.3517847,9.36,0.0,0.0,15240.0,18.54969,45.037437
2026-04-11 02:00:00+02:00,8.3585005,5.1919937,9.36,4.0,0.0,13160.0,22.666018,46.568268
2026-04-11 03:00:00+02:00,7.8085,5.495161,9.72,28.0,0.0,11100.0,25.494562,49.097294
2026-04-11 04:00:00+02:00,8.0585,3.8939953,8.64,0.0,0.0,16600.0,29.200134,52.762268
2026-04-11 05:00:00+02:00,7.7584996,2.2768397,5.7599998,0.0,0.0,22240.0,31.833569,54.652416
2026-04-11 06:00:00+02:00,7.5084996,2.1897945,3.2399998,0.0,0.0,21140.0,35.017517,52.991776
2026-04-11 07:00:00+02:00,7.1584997,3.0547013,4.32,0.0,0.0,17200.0,35.017517,47.66395
2026-04-11 08:00:00+02:00,7.4084997,1.9386592,4.32,51.0,0.0,1780.0,32.383297,42.660843
2026-04-11 09:00:00+02:00,9.0085,0.8049845,2.8799999,47.0,0.0,2200.0,30.1759,37.755074
2026-04-11 10:00:00+02:00,11.2085,3.2399998,7.5599995,26.0,0.0,7060.0,30.120792,33.476986
2026-04-11 11:00:00+02:00,13.2585,2.5959969,7.5599995,0.0,0.0,33780.0,30.296087,32.042255
2026-04-11 12:00:00+02:00,15.908501,3.319036,8.28,0.0,0.0,39860.0,30.041407,31.661255
2026-04-11 13:00:00+02:00,17.7085,1.1384199,7.92,0.0,0.0,41440.0,27.379719,33.51724
2026-04-11 14:00:00+02:00,19.1085,2.5455842,5.3999996,0.0,0.0,41820.0,23.661121,33.568924
2026-04-11 15:00:00+02:00,20.258501,2.0364676,6.8399997,0.0,0.0,42480.0,27.647657,36.00535
2026-04-11 16:00:00+02:00,20.8585,4.5536795,9.72,0.0,0.0,42580.0,37.436485,38.72725
2026-04-11 17:00:00+02:00,21.4085,3.8268526,11.159999,0.0,0.0,43260.0,26.446087,36.53116
2026-04-11 18:00:00+02:00,20.8085,7.8954163,14.4,0.0,0.0,42160.0,24.156197,25.448275
2026-04-11 19:00:00+02:00,18.8085,15.463244,25.199999,40.0,0.2,40500.0,17.60781,45.80084
2026-04-11 20:00:00+02:00,14.8085,6.638072,25.199999,0.0,0.0,32360.0,22.440435,47.049744
2026-04-11 21:00:00+02:00,13.3585005,7.2,12.24,0.0,0.0,22720.0,20.34876,52.21177
2026-04-11 22:00:00+02:00,13.0585,4.5536795,12.599999,0.0,0.0,29880.0,18.700209,38.861317
2026-04-11 23:00:00+02:00,13.1085005,7.2,10.799999,0.0,0.0,31080.0,12.969341,48.118458
2026-04-12 00:00:00+02:00,12.408501,5.8048253,11.159999,0.0,0.1,24640.0,8.402622,51.770874
2026-04-12 01:00:00+02:00,11.8585005,4.510787,9.36,0.0,0.0,20040.0,12.897088,46.918552
2026-04-12 02:00:00+02:00,12.158501,6.28713,9.0,90.0,0.0,19580.0,18.044647,36.255924
2026-04-12 03:00:00+02:00,12.3585005,10.594036,18.0,100.0,0.1,18160.0,26.512749,30.540203
2026-04-12 04:00:00+02:00,11.8585005,8.825508,18.359999,98.0,0.2,21860.0,33.905758,30.891392
2026-04-12 05:00:00+02:00,11.2085,18.430452,29.16,98.0,0.8,18940.0,29.178791,22.965515
2026-04-12 06:00:00+02:00,10.2085,11.183201,36.36,92.0,0.0,27620.0,19.333553,26.537657
2026-04-12 07:00:00+02:00,9.7085,12.682018,21.24,100.0,0.0,24120.0,17.1538,29.960732
2026-04-12 08:00:00+02:00,9.3585005,6.28713,21.599998,95.0,0.0,18280.0,3.67394,35.919647
2026-04-12 09:00:00+02:00,9.408501,7.42159,14.4,100.0,0.0,20060.0,6.524576,39.7726
2026-04-12 10:00:00+02:00,9.0585,8.78872,16.56,100.0,0.0,19060.0,7.20519,36.36733
2026-04-12 11:00:00+02:00,9.2585,5.8603754,14.4,100.0,0.0,4800.0,13.285713,34.362892
2026-04-12 12:00:00+02:00,9.5585,8.4042845,14.4,100.0,0.0,13120.0,14.69576,34.74199
2026-04-12 13:00:00+02:00,9.6085005,12.522619,21.599998,100.0,0.0,20740.0,16.562534,32.192196
2026-04-12 14:00:00+02:00,9.2085,13.910169,24.48,100.0,0.0,17140.0,19.784773,29.179018
2026-04-12 15:00:00+02:00,9.0085,12.964998,24.119999,100.0,0.0,17700.0,23.029572,32.37121
2026-04-12 16:00:00+02:00,9.3085,13.783817,23.759998,100.0,0.0,23080.0,18.70576,31.5149
2026-04-12 17:00:00+02:00,8.8085,13.849477,24.84,100.0,0.0,22160.0,18.301748,27.204338
2026-04-12 18:00:00+02:00,8.8085,11.753876,25.199999,100.0,0.0,25000.0,9.858215,32.042255
2026-04-12 19:00:00+02:00,8.7085,14.264361,25.199999,100.0,0.0,24540.0,7.4739733,34.580822
2026-04-12 20:00:00+02:00,7.9585,12.218805,24.48,100.0,0.0,20120.0,8.062088,40.249218
2026-04-12 21:00:00+02:00,7.9585,12.738099,22.319998,100.0,0.0,22060.0,6.444517,41.419117
2026-04-12 22:00:00+02:00,7.9084997,13.324863,23.759998,100.0,0.0,21880.0,4.844117,45.767178
2026-04-12 23:00:00+02:00,7.7085,11.966954,23.759998,100.0,0.0,20880.0,4.201311,35.812233
2026-04-13 00:00:00+02:00,7.5084996,10.799999,21.96,94.0,0.0,20660.0,3.1898732,32.995945
2026-04-13 01:00:00+02:00,7.5585,7.9036193,19.08,100.0,0.0,20020.0,1.643036,35.574776
2026-04-13 02:00:00+02:00,7.6584997,7.0911775,18.359999,82.0,0.1,24520.0,0.9113924,37.943382
2026-04-13 03:00:00+02:00,7.5084996,7.24486,15.4800005,82.0,0.0,23560.0,0.9113924,39.417454
2026-04-13 04:00:00+02:00,7.3585,7.491114,12.959999,84.0,0.0,23620.0,2.278481,41.752625
2026-04-13 05:00:00+02:00,7.1584997,4.510787,13.32,85.0,0.0,20080.0,1.8227848,36.9558
2026-04-13 06:00:00+02:00,7.1584997,5.4119864,8.64,95.0,0.0,18000.0,3.4704785,31.25713
2026-04-13 07:00:00+02:00,7.2085,4.32,10.08,94.0,0.0,16400.0,3.4704785,32.75571
2026-04-13 08:00:00+02:00,7.0585,4.1046314,8.64,95.0,0.0,15500.0,5.3142853,28.178215
2026-04-13 09:00:00+02:00,7.4084997,5.6920996,11.159999,100.0,0.0,13160.0,0.64445174,27.875805
2026-04-13 10:00:00+02:00,7.9084997,5.0528407,10.799999,100.0,0.0,17920.0,1.4410379,26.71851
2026-04-13 11:00:00+02:00,8.158501,4.3498964,10.08,100.0,0.0,15660.0,3.286072,30.514961
2026-04-13 12:00:00+02:00,8.7085,6.297428,12.24,100.0,0.0,21200.0,3.67394,32.490005
2026-04-13 13:00:00+02:00,9.3085,6.9247384,13.679999,100.0,0.0,23100.0,2.6571426,26.076353
2026-04-13 14:00:00+02:00,8.6085005,8.373386,16.199999,100.0,0.0,16660.0,4.0758705,34.278706
2026-04-13 15:00:00+02:00,8.8585005,8.699793,13.32,100.0,0.0,21180.0,4.323114,36.03209
2026-04-13 16:00:00+02:00,9.2085,7.8954163,15.4800005,100.0,0.0,23400.0,4.323114,26.869482
2026-04-13 17:00:00+02:00,9.0085,8.557102,18.72,96.0,0.0,22080.0,5.3142853,18.98945
2026-04-13 18:00:00+02:00,8.3585005,9.255571,13.32,100.0,0.1,18080.0,7.34788,19.241377
2026-04-13 19:00:00+02:00,7.1584997,11.177405,20.880001,98.0,0.3,21200.0,8.670211,14.896551
2026-04-13 20:00:00+02:00,6.8585,9.885262,19.08,97.0,0.6,6420.0,6.970812,14.922391
2026-04-13 21:00:00+02:00,6.5585,8.647496,18.0,93.0,0.5,13140.0,5.468354,11.41124
2026-04-13 22:00:00+02:00,6.3085,8.4042845,15.84,94.0,0.5,6340.0,7.543114,12.051613
2026-04-13 23:00:00+02:00,6.0585,9.0645685,17.64,92.0,0.6,4420.0,13.049152,15.702343
2026-04-14 00:00:00+02:00,6.0084996,7.928178,15.4800005,94.0,0.5,11560.0,10.802979,15.216393
2026-04-14 01:00:00+02:00,5.8085,9.531505,17.28,90.0,0.5,9960.0,13.548821,15.529648
2026-04-14 02:00:00+02:00,5.8585,6.162207,16.199999,89.0,0.4,14140.0,11.830561,17.914183
2026-04-14 03:00:00+02:00,5.7085,4.0249224,10.799999,90.0,0.2,12960.0,10.520563,18.042753
2026-04-14 04:00:00+02:00,5.7584996,2.9024127,6.4799995,98.0,0.0,14360.0,11.392405,14.072007
2026-04-14 05:00:00+02:00,5.6584997,3.319036,6.8399997,100.0,0.0,2480.0,5.506198,11.394346
2026-04-14 06:00:00+02:00,5.6584997,3.0547013,6.8399997,99.0,0.0,3020.0,2.3236039,11.172413
2026-04-14 07:00:00+02:00,5.6584997,2.8799999,5.04,87.0,0.0,11020.0,2.3236039,6.7137847
2026-04-14 08:00:00+02:00,5.6085,5.1919937,9.0,100.0,0.0,1100.0,5.8000655,3.9743526
2026-04-14 09:00:00+02:00,5.9585,3.7064266,8.28,100.0,0.0,13040.0,6.330734,8.442291
2026-04-14 10:00:00+02:00,6.6085,4.68,8.64,100.0,0.0,20280.0,6.6350365,15.529648
2026-04-14 11:00:00+02:00,7.9585,6.830519,12.959999,82.0,0.0,28460.0,7.5842957,15.824542
2026-04-14 12:00:00+02:00,8.908501,8.287822,15.84,91.0,0.0,31480.0,8.976174,18.010698
2026-04-14 13:00:00+02:00,9.408501,8.311245,15.84,100.0,0.0,33760.0,11.02182,18.042755
2026-04-14 14:00:00+02:00,9.408501,9.3876505,17.28,100.0,0.0,30600.0,12.669665,18.096056
2026-04-14 15:00:00+02:00,9.4585,8.699793,17.64,100.0,0.0,32380.0,12.312233,20.49216
2026-04-14 16:00:00+02:00,9.5085,8.534353,15.4800005,100.0,0.1,32180.0,11.392405,19.949162
2026-04-14 17:00:00+02:00,9.6085005,6.12,15.119999,95.0,0.0,34280.0,11.883102,14.753624
2026-04-14 18:00:00+02:00,9.4585,7.5170207,13.679999,97.0,0.0,30340.0,13.594724,16.65485
2026-04-14 19:00:00+02:00,9.158501,6.6087217,15.119999,100.0,0.0,30580.0,15.086228,18.339252
2026-04-14 20:00:00+02:00,8.8585005,7.6367526,15.84,100.0,0.1,28540.0,17.590109,19.725824
2026-04-14 21:00:00+02:00,8.5085,6.8777895,13.32,100.0,0.0,29480.0,17.1538,23.878407
2026-04-14 22:00:00+02:00,8.2585,8.435069,14.4,96.0,0.0,27640.0,13.223043,22.499464
2026-04-14 23:00:00+02:00,8.158501,8.39657,16.199999,79.0,0.0,23580.0,12.269996,20.864775
2026-04-15 00:00:00+02:00,7.7085,11.440979,19.44,71.0,0.0,23860.0,9.994198,19.120867
2026-04-15 01:00:00+02:00,7.6584997,16.1198,28.8,67.0,0.0,24300.0,7.34788,17.390388
2026-04-15 02:00:00+02:00,7.3085,13.53236,28.08,77.0,0.0,20660.0,13.655687,16.398428
2026-04-15 03:00:00+02:00,7.3085,11.988594,24.119999,85.0,0.0,21020.0,7.958391,15.266946
2026-04-15 04:00:00+02:00,7.2584996,11.4862,21.24,91.0,0.0,18440.0,12.759493,11.9230585
2026-04-15 05:00:00+02:00,7.5084996,11.113451,20.16,100.0,0.0,18500.0,14.272824,12.051613
2026-04-15 06:00:00+02:00,7.6085,7.24486,18.72,100.0,0.0,18640.0,12.303797,12.915714
2026-04-15 07:00:00+02:00,7.6085,5.991594,12.599999,100.0,0.0,18680.0,13.223043,11.189642
2026-04-15 08:00:00+02:00,7.8085,4.6938257,11.159999,90.0,0.0,20940.0,15.975386,10.274241
2026-04-15 09:00:00+02:00,8.2585,7.42159,13.32,89.0,0.0,22400.0,11.474137,10.678748
2026-04-15 10:00:00+02:00,9.0085,7.653705,15.119999,100.0,0.0,26020.0,6.940957,9.474416
2026-04-15 11:00:00+02:00,9.7585,7.2,12.959999,92.0,0.0,29760.0,5.094838,5.6205835
2026-04-15 12:00:00+02:00,10.7085,6.792466,14.04,81.0,0.0,32860.0,4.556962,2.2379284
2026-04-15 13:00:00+02:00,11.4585,6.1305785,12.959999,97.0,0.0,35580.0,3.2222586,2.6333632
2026-04-15 14:00:00+02:00,11.658501,0.8049845,11.5199995,99.0,0.0,36600.0,4.511162,5.0041595
2026-04-15 15:00:00+02:00,12.0585,1.484318,5.04,100.0,0.0,37500.0,2.3236039,6.939521
2026-04-15 16:00:00+02:00,12.2585,3.2599385,6.8399997,96.0,0.0,37520.0,1.0189676,9.331011
2026-04-15 17:00:00+02:00,12.158501,5.04,8.64,81.0,0.0,37480.0,3.3175182,10.008319
2026-04-15 18:00:00+02:00,12.1085005,4.6938252,10.440001,80.0,0.0,38340.0,12.261531,14.396789
2026-04-15 19:00:00+02:00,11.7585,3.319036,8.64,61.0,0.0,38180.0,17.12957,16.71258
2026-04-15 20:00:00+02:00,11.0585,2.0991426,5.04,67.0,0.0,37380.0,22.629341,15.329903
2026-04-15 21:00:00+02:00,10.0585,1.5273507,3.6,61.0,0.0,32980.0,29.025377,16.433628
2026-04-15 22:00:00+02:00,9.408501,2.9024127,3.96,50.0,0.0,33040.0,29.798489,22.422277
2026-04-15 23:00:00+02:00,9.3585005,1.2979984,6.12,69.0,0.0,28860.0,23.696201,23.659594
2026-04-16 00:00:00+02:00,8.9585,0.71999997,3.2399998,10.0,0.0,26700.0,21.897139,27.563091
2026-04-16 01:00:00+02:00,8.4585,2.8116899,4.68,0.0,0.0,25280.0,15.5538645,29.896374
2026-04-16 02:00:00+02:00,7.5084996,5.1544156,8.64,0.0,0.0,22000.0,13.655687,28.178215
2026-04-16 03:00:00+02:00,7.1584997,5.506941,9.0,6.0,0.0,21740.0,12.159491,24.734306
2026-04-16 04:00:00+02:00,7.1085,5.0528407,9.0,39.0,0.0,21660.0,13.739071,25.136015
2026-04-16 05:00:00+02:00,6.7584996,5.4119864,8.64,79.0,0.0,17820.0,14.582278,20.818563
2026-04-16 06:00:00+02:00,7.2085,5.1544156,9.36,75.0,0.0,17400.0,14.64622,18.631031
2026-04-16 07:00:00+02:00,7.4585,3.96,8.64,64.0,0.0,18660.0,12.961332,15.554438
2026-04-16 08:00:00+02:00,8.5585,3.0758414,5.7599998,76.0,0.0,18940.0,10.035667,16.102081
2026-04-16 09:00:00+02:00,9.9585,1.8,5.04,95.0,0.0,21720.0,6.835443,15.329903
2026-04-16 10:00:00+02:00,11.658501,5.0528407,10.08,17.0,0.0,27240.0,4.9291077,15.665498
2026-04-16 11:00:00+02:00,13.6085005,5.4477882,9.72,0.0,0.0,37760.0,1.0189676,14.948187
2026-04-16 12:00:00+02:00,15.0085,2.7416782,6.4799995,23.0,0.0,40000.0,3.67394,10.00832
2026-04-16 13:00:00+02:00,15.8585005,1.8,7.5599995,65.0,0.0,41120.0,6.1138062,7.0769506
2026-04-16 14:00:00+02:00,16.6085,1.1384199,8.28,20.0,0.0,42040.0,4.556962,6.8275857
2026-04-16 15:00:00+02:00,17.2085,1.0182338,5.04,47.0,0.0,42540.0,5.562481,10.569963
2026-04-16 16:00:00+02:00,17.7085,1.1384199,3.96,40.0,0.0,43280.0,4.488087,11.939204
2026-04-16 17:00:00+02:00,17.9085,5.991594,10.08,12.0,0.0,43480.0,5.9240503,12.5526705
2026-04-16 18:00:00+02:00,17.508501,10.787993,16.919998,6.0,0.0,42740.0,7.7468357,13.268828
2026-04-16 19:00:00+02:00,16.8085,8.287822,18.359999,0.0,0.0,42360.0,10.391472,12.5526705
2026-04-16 20:00:00+02:00,15.3085,8.4963045,14.759999,0.0,0.0,41160.0,10.087265,13.370063
2026-04-16 21:00:00+02:00,13.7085,8.209263,14.4,41.0,0.0,40660.0,6.347113,14.181093
2026-04-16 22:00:00+02:00,12.8085,6.489992,13.679999,7.0,0.0,40800.0,3.89347,15.329903
2026-04-16 23:00:00+02:00,11.3585005,6.28713,10.440001,0.0,0.0,39200.0,6.524576,16.75862
2026-04-17 00:00:00+02:00,10.8585005,5.495161,10.440001,0.0,0.0,38160.0,3.286072,15.216393
2026-04-17 01:00:00+02:00,9.408501,6.28713,10.440001,0.0,0.0,32200.0,3.6455696,14.329733
2026-04-17 02:00:00+02:00,8.4585,6.6087217,8.64,0.0,0.0,27280.0,5.094838,15.517241
2026-04-17 03:00:00+02:00,7.8085,5.95906,6.8399997,0.0,0.0,24760.0,5.012658,19.430658
2026-04-17 04:00:00+02:00,7.6085,5.4833565,8.28,0.0,0.0,27120.0,6.444517,22.014801
2026-04-17 05:00:00+02:00,6.7085,5.8048253,9.0,0.0,0.0,23620.0,7.958391,20.217718
2026-04-17 06:00:00+02:00,6.2085,5.4833565,9.72,0.0,0.0,23260.0,8.151741,21.076046
2026-04-17 07:00:00+02:00,6.1584997,4.379589,9.0,0.0,0.0,20700.0,9.580463,22.041037
2026-04-17 08:00:00+02:00,7.7584996,2.6208394,6.4799995,0.0,0.0,21480.0,11.096928,21.139927
2026-04-17 09:00:00+02:00,9.3085,1.0182338,4.32,0.0,0.0,23400.0,8.800955,20.567223
2026-04-17 10:00:00+02:00,11.7085,2.0991426,5.7599998,0.0,0.0,32960.0,8.646228,20.016638
2026-04-17 11:00:00+02:00,14.0085,2.968636,8.28,0.0,0.0,39100.0,8.402622,22.379284
2026-04-17 12:00:00+02:00,15.7585,2.9024127,9.36,2.0,0.0,39180.0,4.101266,22.379284
2026-04-17 13:00:00+02:00,16.8085,2.7416782,7.5599995,0.0,0.0,40360.0,1.9333551,18.010698
2026-04-17 14:00:00+02:00,18.5585,2.5455842,8.28,0.0,0.0,41280.0,5.3142853,15.628565
2026-04-17 15:00:00+02:00,19.3585,5.8048253,12.959999,13.0,0.0,41620.0,5.195736,15.529648
2026-04-17 16:00:00+02:00,19.4585,6.8399997,15.119999,55.0,0.0,41740.0,6.970812,18.98945
2026-04-17 17:00:00+02:00,19.6585,7.92,13.32,30.0,0.0,42920.0,5.094838,18.26558
2026-04-17 18:00:00+02:00,19.2085,8.905908,13.32,1.0,0.0,43320.0,5.195736,21.759575
2026-04-17 19:00:00+02:00,18.508501,6.519877,14.4,0.0,0.0,43900.0,1.4410379,23.716516
2026-04-17 20:00:00+02:00,17.258501,4.829907,11.5199995,0.0,0.0,42340.0,2.3236039,26.135382
2026-04-17 21:00:00+02:00,14.658501,5.6920996,9.36,0.0,0.0,41060.0,5.3142853,25.020798
2026-04-17 22:00:00+02:00,12.3585005,6.9527545,11.879999,0.0,0.0,39100.0,5.3142853,22.77178
2026-04-17 23:00:00+02:00,11.7585,6.489992,11.879999,0.0,0.0,39520.0,4.556962,21.230852
2026-04-18 00:00:00+02:00,11.6085005,5.2416787,6.4799995,0.0,0.0,39240.0,4.556962,18.672342
2026-04-18 01:00:00+02:00,11.5085,5.04,7.92,0.0,0.0,38380.0,5.0333285,18.516953
2026-04-18 02:00:00+02:00,10.5085,6.12,8.28,0.0,0.0,34420.0,2.8820758,15.216393
2026-04-18 03:00:00+02:00,10.0585,5.8603754,9.72,0.0,0.0,32580.0,3.2222586,18.26558
2026-04-18 04:00:00+02:00,9.9585,4.802999,9.72,0.0,0.0,32700.0,3.0569031,20.331732
2026-04-18 05:00:00+02:00,9.3585005,4.73506,6.8399997,0.0,0.0,31360.0,3.67394,21.002802
2026-04-18 06:00:00+02:00,9.158501,3.9763298,6.4799995,0.0,0.0,31820.0,4.1265044,20.548483
2026-04-18 07:00:00+02:00,9.1085005,4.68,6.4799995,0.0,0.0,31680.0,2.8820758,20.055098
2026-04-18 08:00:00+02:00,10.0085,3.2599385,6.8399997,0.0,0.0,31320.0,3.2222586,18.908127
2026-04-18 09:00:00+02:00,12.158501,1.484318,4.68,0.0,0.0,33740.0,3.5591009,18.672342
2026-04-18 10:00:00+02:00,14.408501,2.7416782,6.8399997,0.0,0.0,37220.0,2.453999,19.725824
2026-04-18 11:00:00+02:00,16.258501,3.7064266,7.5599995,0.0,0.0,39500.0,0.9113924,20.632679
2026-04-18 12:00:00+02:00,18.1085,4.0249224,6.12,0.0,0.0,41340.0,1.3670886,20.265303
2026-04-18 13:00:00+02:00,19.4085,5.771239,7.2,0.0,0.0,42140.0,2.6571426,19.716057
2026-04-18 14:00:00+02:00,20.3085,2.968636,9.0,0.0,0.0,44140.0,1.8788835,18.672342
2026-04-18 15:00:00+02:00,20.9085,5.0528407,10.08,0.0,0.0,45360.0,4.488087,19.400894
2026-04-18 16:00:00+02:00,20.6585,4.510787,12.24,12.0,0.0,45140.0,3.4704785,23.099329
2026-04-18 17:00:00+02:00,20.758501,0.0,9.72,7.0,0.0,43760.0,4.57969,21.185438
2026-04-18 18:00:00+02:00,20.6585,3.396233,7.2,0.0,0.0,45180.0,4.57969,25.455843
2026-04-18 19:00:00+02:00,20.1585,1.484318,7.5599995,0.0,0.0,46040.0,4.9291077,23.040882
2026-04-18 20:00:00+02:00,18.8085,2.52,7.2,0.0,0.0,42180.0,2.453999,21.733002
2026-04-18 21:00:00+02:00,16.7085,4.2136917,6.12,0.0,0.0,41120.0,4.488087,22.041037
2026-04-18 22:00:00+02:00,14.8085,5.6920996,8.64,0.0,0.0,40560.0,4.1265044,26.253044
2026-04-18 23:00:00+02:00,15.2085,3.0758414,8.28,46.0,0.0,41540.0,9.666777,34.957558
2026-04-19 00:00:00+02:00,14.908501,4.0249224,5.7599998,51.0,0.0,41260.0,14.133929,32.383106
2026-04-19 01:00:00+02:00,14.0085,4.3498964,6.4799995,33.0,0.0,40500.0,16.111294,36.51006
2026-04-19 02:00:00+02:00,12.5585,5.771239,9.0,37.0,0.0,37520.0,13.223043,41.549133
2026-04-19 03:00:00+02:00,12.5085,4.896529,10.440001,17.0,0.0,37820.0,13.708808,42.89949
2026-04-19 04:00:00+02:00,12.1085005,4.0249224,9.72,33.0,0.0,38420.0,17.026215,44.70689
2026-04-19 05:00:00+02:00,11.9585,3.8773184,10.08,52.0,0.0,37600.0,22.495888,46.75404
2026-04-19 06:00:00+02:00,11.6085005,4.1046314,11.879999,82.0,0.0,35280.0,30.35429,49.226597
2026-04-19 07:00:00+02:00,11.5585,5.8603754,17.28,0.0,0.0,33160.0,30.199974,54.793217
2026-04-19 08:00:00+02:00,12.2585,4.6102495,8.64,0.0,0.0,32800.0,34.632908,43.466003
2026-04-19 09:00:00+02:00,14.0585,6.130579,11.5199995,0.0,0.0,35780.0,35.327477,41.007812
2026-04-19 10:00:00+02:00,15.7085,7.289445,14.04,0.0,0.0,38200.0,34.204544,44.138847
2026-04-19 11:00:00+02:00,17.1585,12.181625,23.039999,14.0,0.0,40320.0,37.833763,46.96369
2026-04-19 12:00:00+02:00,17.6585,14.759999,35.64,54.0,0.0,40380.0,23.244972,44.50392
2026-04-19 13:00:00+02:00,17.7085,22.930048,41.760002,56.0,0.0,39900.0,32.889145,44.282627
2026-04-19 14:00:00+02:00,18.1585,20.929594,40.32,59.0,0.0,40780.0,35.465343,50.337128
2026-04-19 15:00:00+02:00,17.6085,17.555307,43.56,74.0,0.0,40560.0,30.206846,50.432705
2026-04-19 16:00:00+02:00,16.508501,12.24,32.399998,86.0,0.0,40040.0,25.322935,54.655945
2026-04-19 17:00:00+02:00,15.908501,11.384199,28.8,90.0,0.0,40560.0,25.910646,54.958202
2026-04-19 18:00:00+02:00,15.5085,11.159999,25.199999,77.0,0.0,41000.0,18.330091,51.021294
2026-04-19 19:00:00+02:00,14.9585,10.931203,24.48,66.0,0.0,41340.0,16.63135,48.69151
2026-04-19 20:00:00+02:00,14.2085,12.904882,25.919998,76.0,0.0,41740.0,12.792001,48.47741
2026-04-19 21:00:00+02:00,12.8585005,12.7279215,23.4,71.0,0.0,41460.0,16.512306,44.693962
2026-04-19 22:00:00+02:00,12.0085,14.904173,27.359999,66.0,0.0,40480.0,20.480995,47.274387
2026-04-19 23:00:00+02:00,10.908501,16.489416,30.239998,77.0,0.0,39760.0,9.227144,39.927277
2026-04-20 00:00:00+02:00,10.2085,15.807239,36.36,64.0,0.0,40460.0,4.488087,44.138847
2026-04-20 01:00:00+02:00,9.4585,12.4811535,29.519999,40.0,0.0,40180.0,3.1898732,44.22604
2026-04-20 02:00:00+02:00,8.9585,10.685391,20.880001,10.0,0.0,39080.0,1.2889035,47.433033
2026-04-20 03:00:00+02:00,8.8085,9.0,18.0,51.0,0.0,39480.0,2.0379353,46.96369
2026-04-20 04:00:00+02:00,8.6085005,7.8954163,15.84,55.0,0.0,39880.0,4.201311,48.810047
2026-04-20 05:00:00+02:00,7.9585,8.78872,15.84,66.0,0.0,39980.0,3.9200466,47.66395
2026-04-20 06:00:00+02:00,7.8085,4.8433046,14.759999,70.0,0.0,40240.0,4.0758705,44.30872
2026-04-20 07:00:00+02:00,7.2085,6.638072,11.5199995,76.0,0.0,39340.0,5.195736,43.221573
2026-04-20 08:00:00+02:00,7.8585,7.491114,11.879999,82.0,0.0,40220.0,6.3960004,38.989983
2026-04-20 09:00:00+02:00,9.0085,9.449572,17.64,58.0,0.0,40700.0,5.506198,40.918465
2026-04-20 10:00:00+02:00,10.4585,9.826088,18.72,61.0,0.0,40920.0,5.094838,42.36178
2026-04-20 11:00:00+02:00,12.2085,9.826088,18.359999,18.0,0.0,41440.0,3.286072,38.712326
2026-04-20 12:00:00+02:00,13.6085005,7.6367526,15.119999,2.0,0.0,42140.0,3.6455696,35.98394
2026-04-20 13:00:00+02:00,14.6085005,7.42159,10.799999,82.0,0.0,43280.0,8.151741,35.817608
2026-04-20 14:00:00+02:00,14.908501,8.891344,16.199999,16.0,0.0,42840.0,10.628571,36.62595
2026-04-20 15:00:00+02:00,15.3585005,10.8955765,14.4,6.0,0.0,43180.0,11.02182,37.287903
2026-04-20 16:00:00+02:00,15.1085005,9.605998,18.0,0.0,0.0,44000.0,10.520563,36.641724
2026-04-20 17:00:00+02:00,15.0585,5.315336,14.04,0.0,0.0,44860.0,6.940957,36.133522
2026-04-20 18:00:00+02:00,14.8085,7.145796,14.4,0.0,0.0,44760.0,8.598059,37.262062
2026-04-20 19:00:00+02:00,14.158501,6.696387,15.119999,0.0,0.0,44620.0,9.079681,37.867157
2026-04-20 20:00:00+02:00,13.158501,5.1919937,11.879999,0.0,0.0,43580.0,11.680409,34.957558
2026-04-20 21:00:00+02:00,11.3585005,6.6185193,11.5199995,15.0,0.0,41240.0,11.282507,37.287903
2026-04-20 22:00:00+02:00,9.9585,12.904882,20.519999,47.0,0.0,40520.0,14.589397,40.649246
2026-04-20 23:00:00+02:00,9.408501,18.161278,32.039997,30.0,0.0,40500.0,15.284514,38.712326
2026-04-21 00:00:00+02:00,8.8585005,16.704155,32.039997,21.0,0.0,40340.0,3.9200466,36.51006
2026-04-21 01:00:00+02:00,8.5585,15.463246,28.8,11.0,0.0,40200.0,5.0333285,40.843075
2026-04-21 02:00:00+02:00,7.5084996,10.587918,26.28,0.0,0.0,40260.0,3.2222586,38.10549
2026-04-21 03:00:00+02:00,7.0585,12.57426,21.599998,0.0,0.0,39500.0,0.64445174,34.08711
2026-04-21 04:00:00+02:00,6.7085,8.209263,22.319998,0.0,0.0,38880.0,1.3670886,34.78632
2026-04-21 05:00:00+02:00,5.7085,9.885262,15.119999,0.0,0.0,36480.0,2.8820758,28.933727
2026-04-21 06:00:00+02:00,5.2085,7.42159,17.28,0.0,0.0,35020.0,4.757608,25.020798
2026-04-21 07:00:00+02:00,5.1085,10.805998,18.72,0.0,0.0,34280.0,7.6388597,22.014801
2026-04-21 08:00:00+02:00,5.8585,11.4862,21.599998,0.0,0.0,34280.0,13.79187,21.103449
2026-04-21 09:00:00+02:00,7.3585,12.397806,23.759998,3.0,0.0,36720.0,14.610731,20.141356
2026-04-21 10:00:00+02:00,8.8585005,14.480773,25.919998,0.0,0.0,38840.0,15.818631,18.62069
2026-04-21 11:00:00+02:00,10.7085,15.696165,29.519999,4.0,0.0,40520.0,12.961332,17.78468
2026-04-21 12:00:00+02:00,12.1085005,18.79255,33.839996,0.0,0.0,41480.0,13.836966,16.562065
2026-04-21 13:00:00+02:00,13.1085005,16.29174,34.2,91.0,0.0,42260.0,11.848101,18.010698
2026-04-21 14:00:00+02:00,13.2085,17.610588,31.68,14.0,0.0,42320.0,21.783041,20.208189
2026-04-21 15:00:00+02:00,13.7585,16.548256,30.960001,4.0,0.0,43140.0,25.141878,20.818563
2026-04-21 16:00:00+02:00,13.7085,17.377226,33.12,0.0,0.0,43300.0,24.523062,24.206896
2026-04-21 17:00:00+02:00,13.2585,16.363178,30.960001,0.0,0.0,43520.0,22.235918,23.659594
2026-04-21 18:00:00+02:00,12.8085,16.595179,30.960001,0.0,0.0,43860.0,26.260914,22.041037
2026-04-21 19:00:00+02:00,11.5585,18.837322,33.48,0.0,0.0,42040.0,29.064701,20.632679
2026-04-21 20:00:00+02:00,10.3085,19.694992,40.68,0.0,0.0,41240.0,27.254288,19.62793
2026-04-21 21:00:00+02:00,8.9585,18.089775,34.92,0.0,0.0,40540.0,27.979895,16.70105
2026-04-21 22:00:00+02:00,7.9585,18.709612,33.48,0.0,0.0,39480.0,17.292456,17.522804
2026-04-21 23:00:00+02:00,7.5084996,18.875126,33.839996,0.0,0.0,39300.0,18.750113,16.70105
2026-04-22 00:00:00+02:00,6.8085,20.570463,37.079998,0.0,0.0,37500.0,9.580463,14.072007
2026-04-22 01:00:00+02:00,6.3085,22.104116,39.96,0.0,0.0,35000.0,10.9461975,11.41124
2026-04-22 02:00:00+02:00,5.5585,16.610792,40.32,0.0,0.0,33920.0,10.280973,7.777219
2026-04-22 03:00:00+02:00,5.0084996,15.807239,29.519999,0.0,0.0,31560.0,12.889034,7.948705
2026-04-22 04:00:00+02:00,4.6584997,16.09969,28.8,0.0,0.0,30440.0,13.340306,9.227215
2026-04-22 05:00:00+02:00,4.1584997,14.33234,29.16,0.0,0.0,29960.0,14.589397,9.715329
2026-04-22 06:00:00+02:00,3.8085,15.141414,27.0,0.0,0.0,26200.0,15.50037,10.569963
2026-04-22 07:00:00+02:00,3.8585,16.78156,30.599998,3.0,0.0,22100.0,19.616121,13.556066
2026-04-22 08:00:00+02:00,4.5084996,14.81259,29.88,32.0,0.0,28380.0,25.523054,15.329903
2026-04-22 09:00:00+02:00,6.2584996,13.684735,28.44,0.0,0.0,34260.0,22.370922,19.440569
2026-04-22 10:00:00+02:00,8.1085005,16.78156,30.960001,0.0,0.0,37220.0,20.050632,22.15436
2026-04-22 11:00:00+02:00,9.8085,16.575644,33.48,0.0,0.0,38880.0,22.333761,19.725824
2026-04-22 12:00:00+02:00,11.658501,19.161337,35.64,23.0,0.0,40120.0,24.156197,17.665136
2026-04-22 13:00:00+02:00,13.408501,20.291357,38.16,4.0,0.0,41460.0,27.356956,20.632679
2026-04-22 14:00:00+02:00,14.2085,21.485697,39.96,0.0,0.0,43060.0,33.72152,20.49216
2026-04-22 15:00:00+02:00,14.7585,22.9724,43.199997,0.0,0.0,44720.0,35.450703,21.185438
2026-04-22 16:00:00+02:00,15.1085005,22.59699,42.48,0.0,0.0,44840.0,40.702625,22.15436
2026-04-22 17:00:00+02:00,15.1085005,19.652176,43.199997,0.0,0.0,45520.0,36.56092,21.402544
2026-04-22 18:00:00+02:00,14.6085005,18.847641,36.0,0.0,0.0,45460.0,34.301548,19.251387
2026-04-22 19:00:00+02:00,13.658501,19.576189,36.36,0.0,0.0,44720.0,30.74852,20.864775
2026-04-22 20:00:00+02:00,12.7085,16.923828,38.519997,0.0,0.0,44800.0,22.789366,23.323399
2026-04-22 21:00:00+02:00,11.158501,17.068707,31.68,0.0,0.0,43600.0,24.190557,27.792759
2026-04-22 22:00:00+02:00,10.158501,18.847641,34.92,0.0,0.0,43100.0,11.987494,28.068626
2026-04-22 23:00:00+02:00,9.658501,19.694992,38.16,0.0,0.0,42920.0,14.610731,31.465965
2026-04-23 00:00:00+02:00,8.8085,20.68356,39.239998,0.0,0.0,42320.0,11.848101,29.251541
2026-04-23 01:00:00+02:00,8.158501,18.359999,39.239998,0.0,0.0,39840.0,12.269996,29.059942
2026-04-23 02:00:00+02:00,7.3585,10.028439,33.12,0.0,0.0,39060.0,13.859459,31.81905
2026-04-23 03:00:00+02:00,6.9084997,6.4096174,16.199999,0.0,0.0,40140.0,17.824654,31.022066
2026-04-23 04:00:00+02:00,6.5084996,6.1305785,10.799999,0.0,0.0,40580.0,19.188004,29.857687
2026-04-23 05:00:00+02:00,5.6584997,5.1919937,11.879999,0.0,0.0,39320.0,19.144665,23.757093
2026-04-23 06:00:00+02:00,5.4585,3.0547013,8.28,0.0,0.0,40200.0,22.333761,28.041162
2026-04-23 07:00:00+02:00,4.4084997,3.319036,4.32,0.0,0.0,37280.0,20.097183,25.561563
2026-04-23 08:00:00+02:00,5.9084997,3.096837,5.3999996,0.0,0.0,36020.0,25.717579,29.435352
2026-04-23 09:00:00+02:00,8.658501,4.8433046,10.08,0.0,0.0,40820.0,26.118193,29.702448
2026-04-23 10:00:00+02:00,10.7085,7.386582,15.119999,0.0,0.0,41560.0,24.624466,32.204163
2026-04-23 11:00:00+02:00,12.658501,8.14587,19.8,0.0,0.0,42040.0,26.434307,31.189268
2026-04-23 12:00:00+02:00,14.658501,11.019764,21.96,0.0,0.0,43880.0,23.28068,30.659805
2026-04-23 13:00:00+02:00,16.2085,12.984975,25.199999,0.0,0.0,47420.0,20.52657,24.46021
2026-04-23 14:00:00+02:00,17.1585,14.336861,29.16,0.0,0.0,50020.0,22.624752,22.839355
2026-04-23 15:00:00+02:00,17.8585,14.113652,28.44,0.0,0.0,52460.0,23.875175,22.82248
2026-04-23 16:00:00+02:00,18.2085,13.830749,27.359999,0.0,0.0,51800.0,21.806862,23.463383
2026-04-23 17:00:00+02:00,18.4585,12.496718,27.0,0.0,0.0,57400.0,19.231243,21.139927
2026-04-23 18:00:00+02:00,18.008501,11.019764,24.48,0.0,0.0,57380.0,16.86076,23.95894
2026-04-23 19:00:00+02:00,17.3085,10.296251,20.880001,0.0,0.0,58020.0,14.899244,25.478533
2026-04-23 20:00:00+02:00,15.7085,6.792466,19.08,0.0,0.0,51820.0,16.718523,24.151127
2026-04-23 21:00:00+02:00,13.408501,7.5170207,12.599999,0.0,0.0,47960.0,14.038106,24.554531
2026-04-23 22:00:00+02:00,12.2085,8.766573,15.119999,0.0,0.0,50480.0,15.493671,26.105885
2026-04-23 23:00:00+02:00,11.1085005,7.754637,15.119999,0.0,0.0,47780.0,27.299965,26.186924
2026-04-24 00:00:00+02:00,9.0585,6.9153743,12.959999,0.0,0.0,44240.0,24.357378,25.591688
2026-04-24 01:00:00+02:00,10.3085,8.287822,13.679999,0.0,0.0,46260.0,18.43177,25.020798
2026-04-24 02:00:00+02:00,9.5585,7.729527,15.119999,0.0,0.0,42940.0,12.710575,20.66999
2026-04-24 03:00:00+02:00,8.658501,4.8965297,12.24,0.0,0.0,42000.0,15.473553,18.454428
2026-04-24 04:00:00+02:00,7.4084997,5.1919937,7.92,0.0,0.0,40980.0,15.148044,19.871765
2026-04-24 05:00:00+02:00,5.2085,6.439876,8.28,0.0,0.0,37300.0,12.269995,18.877537
2026-04-24 06:00:00+02:00,4.2584996,6.28713,11.159999,0.0,0.0,33800.0,12.537857,18.074755
2026-04-24 07:00:00+02:00,3.7585,4.802999,10.440001,0.0,0.0,30800.0,12.969341,18.785477
2026-04-24 08:00:00+02:00,6.2584996,2.8116899,7.5599995,0.0,0.0,30160.0,11.715913,21.112574
2026-04-24 09:00:00+02:00,9.5585,2.968636,7.2,0.0,0.0,35320.0,8.95301,23.040882
2026-04-24 10:00:00+02:00,12.3585005,4.1046314,9.72,0.0,0.0,40100.0,8.800955,23.716516
2026-04-24 11:00:00+02:00,15.0585,5.00128,11.879999,0.0,0.0,41940.0,12.030725,24.989985
2026-04-24 12:00:00+02:00,17.3085,9.290511,18.359999,0.0,0.0,47040.0,12.961332,23.553514
2026-04-24 13:00:00+02:00,18.508501,9.826088,15.4800005,0.0,0.0,48680.0,8.202532,20.632677
2026-04-24 14:00:00+02:00,19.2085,7.42159,15.119999,0.0,0.0,48440.0,4.556962,17.478779
2026-04-24 15:00:00+02:00,19.9585,5.7599998,11.5199995,0.0,0.0,51260.0,3.5591009,12.241913
2026-04-24 16:00:00+02:00,20.3085,4.6102495,8.64,0.0,0.0,52400.0,3.67394,11.9230585
2026-04-24 17:00:00+02:00,20.7085,4.6938257,10.08,0.0,0.0,58680.0,4.1265044,11.444951
2026-04-24 18:00:00+02:00,20.4085,4.2136917,10.08,0.0,0.0,60040.0,4.556962,13.0492525
2026-04-24 19:00:00+02:00,19.8085,1.484318,8.64,0.0,0.0,61340.0,3.3175182,14.329733
2026-04-24 20:00:00+02:00,18.2085,3.6179552,7.5599995,0.0,0.0,52120.0,9.17071,14.753624
2026-04-24 21:00:00+02:00,13.6085005,7.072878,11.879999,0.0,0.0,48740.0,8.598059,17.245792
2026-04-24 22:00:00+02:00,12.158501,7.072878,12.599999,0.0,0.0,44120.0,6.347113,17.78468
2026-04-24 23:00:00+02:00,11.8085,5.8603754,11.159999,0.0,0.0,41920.0,1.3670886,18.25503
2026-04-25 00:00:00+02:00,11.2585,4.829907,9.36,0.0,0.0,42560.0,5.333787,21.402544
2026-04-25 01:00:00+02:00,9.1085005,6.9527545,11.5199995,0.0,0.0,40540.0,7.800262,25.136013
2026-04-25 02:00:00+02:00,9.1085005,5.815978,11.5199995,0.0,0.0,41040.0,6.940957,22.249796
2026-04-25 03:00:00+02:00,8.8585005,4.6800003,9.72,0.0,0.0,41300.0,6.198138,17.87112
2026-04-25 04:00:00+02:00,9.0585,2.9024127,6.8399997,0.0,0.0,39940.0,7.418196,18.631031
2026-04-25 05:00:00+02:00,7.8085,3.96,4.32,0.0,0.0,39820.0,10.411436,17.390388
2026-04-25 06:00:00+02:00,7.4084997,5.04,7.2,0.0,0.0,39760.0,13.285712,16.562065
2026-04-25 07:00:00+02:00,7.5585,4.379589,6.8399997,0.0,0.0,40060.0,16.284365,15.216393
2026-04-25 08:00:00+02:00,9.0585,2.1897945,6.12,0.0,0.0,37820.0,14.989566,10.714764
2026-04-25 09:00:00+02:00,11.7585,1.2979984,3.96,0.0,0.0,40580.0,18.733494,11.241167
2026-04-25 10:00:00+02:00,13.8085,1.609969,5.7599998,0.0,0.0,40680.0,20.752947,14.153901
2026-04-25 11:00:00+02:00,15.7585,4.6938252,10.08,0.0,0.0,41340.0,21.110098,14.4368725
2026-04-25 12:00:00+02:00,17.508501,6.28713,15.119999,0.0,0.0,42020.0,25.067432,19.480164
2026-04-25 13:00:00+02:00,19.258501,6.8399997,15.119999,0.0,0.0,43260.0,22.898449,24.710932
2026-04-25 14:00:00+02:00,20.758501,6.924738,18.72,0.0,0.0,47120.0,17.465712,23.594372
2026-04-25 15:00:00+02:00,21.6085,8.669949,18.72,0.0,0.0,48440.0,13.049152,29.27787
2026-04-25 16:00:00+02:00,21.9085,11.592895,23.039999,0.0,0.0,53900.0,13.270073,26.098505
2026-04-25 17:00:00+02:00,22.008501,9.028754,24.48,0.0,0.0,57040.0,16.00136,26.076353
2026-04-25 18:00:00+02:00,21.4585,14.20062,25.56,0.0,0.0,54840.0,19.57373,30.204062
2026-04-25 19:00:00+02:00,20.258501,12.43434,26.28,0.0,0.0,61800.0,25.388453,30.267769
2026-04-25 20:00:00+02:00,18.1585,6.12,21.96,0.0,0.0,51500.0,19.805754,30.922554
2026-04-25 21:00:00+02:00,15.2585,5.5887027,8.64,0.0,0.0,44160.0,14.878324,29.82541
2026-04-25 22:00:00+02:00,14.0585,5.8603754,10.440001,0.0,0.0,45940.0,9.350104,27.993032
2026-04-25 23:00:00+02:00,13.1085005,5.692099,9.36,0.0,0.0,44780.0,8.561753,23.716516
2026-04-26 00:00:00+02:00,11.658501,5.1165614,9.36,0.0,0.0,44300.0,3.2222586,26.9768
2026-04-26 01:00:00+02:00,10.5085,5.991594,10.08,0.0,0.0,44300.0,2.6571426,24.175043
2026-04-26 02:00:00+02:00,9.908501,6.9247384,10.799999,0.0,0.0,41900.0,2.8820758,18.908127
2026-04-26 03:00:00+02:00,9.5585,6.12,11.879999,0.0,0.0,39860.0,3.67394,17.914183
2026-04-26 04:00:00+02:00,8.5585,5.3517847,9.72,0.0,0.0,37580.0,4.57969,16.102081
2026-04-26 05:00:00+02:00,7.2584996,5.815978,9.0,0.0,0.0,33620.0,6.47666,8.951714
2026-04-26 06:00:00+02:00,7.3085,5.95906,10.440001,0.0,0.0,35380.0,10.004581,10.330335
2026-04-26 07:00:00+02:00,7.8585,4.1046314,9.36,0.0,0.0,38140.0,11.012396,11.858258
2026-04-26 08:00:00+02:00,10.7585,3.0547013,7.2,0.0,0.0,40860.0,11.171529,14.999642
2026-04-26 09:00:00+02:00,14.2085,6.6087217,12.24,0.0,0.0,42320.0,10.189676,15.628565
2026-04-26 10:00:00+02:00,16.0085,11.923557,22.319998,0.0,0.0,43280.0,12.065196,12.659634
2026-04-26 11:00:00+02:00,16.4585,15.856354,30.599998,0.0,0.0,43120.0,11.987494,12.5526705
2026-04-26 12:00:00+02:00,17.9085,16.323528,30.599998,0.0,0.0,47200.0,8.84802,9.454063
2026-04-26 13:00:00+02:00,18.5585,17.10284,31.68,0.0,0.0,47820.0,6.835443,4.8477407
2026-04-26 14:00:00+02:00,18.7085,16.29174,32.399998,0.0,0.0,48760.0,4.6916795,3.1649084
2026-04-26 15:00:00+02:00,19.0585,14.255272,30.239998,0.0,0.0,49680.0,3.5591009,5.00416
2026-04-26 16:00:00+02:00,19.8085,13.746156,27.0,0.0,0.0,50360.0,4.757608,9.813965
2026-04-26 17:00:00+02:00,20.1085,13.551501,25.919998,0.0,0.0,51740.0,5.506198,12.051613
2026-04-26 18:00:00+02:00,19.6085,13.104198,25.56,0.0,0.0,50800.0,10.331347,13.612786
2026-04-26 19:00:00+02:00,18.6085,11.792404,24.119999,0.0,0.0,48980.0,7.543114,15.714606
2026-04-26 20:00:00+02:00,17.4085,7.10031,21.24,0.0,0.0,48680.0,9.045312,16.77011
2026-04-26 21:00:00+02:00,15.0085,7.10031,12.24,0.0,0.0,47300.0,6.6350365,18.096056
2026-04-26 22:00:00+02:00,14.3585005,9.826088,16.919998,0.0,0.0,46220.0,4.6916795,15.714606
2026-04-26 23:00:00+02:00,14.0085,11.113451,19.08,0.0,0.0,43880.0,2.0379353,15.702343
2026-04-27 00:00:00+02:00,13.5585,10.829958,19.8,0.0,0.0,42660.0,5.506198,14.181093
2026-04-27 01:00:00+02:00,13.0085,7.5685663,18.359999,0.0,0.0,42260.0,4.201311,14.490146
2026-04-27 02:00:00+02:00,11.3585005,6.4096174,12.24,0.0,0.0,42080.0,4.101266,14.609298
2026-04-27 03:00:00+02:00,10.0585,5.904439,10.799999,0.0,0.0,41500.0,5.333787,15.11478
2026-04-27 04:00:00+02:00,8.5585,5.495161,9.72,0.0,0.0,40660.0,6.198138,14.181093
2026-04-27 05:00:00+02:00,7.2085,5.95906,9.36,0.0,0.0,39360.0,5.8000655,15.102031
2026-04-27 06:00:00+02:00,6.3085,5.4833565,10.440001,0.0,0.0,38060.0,6.330734,14.922391
2026-04-27 07:00:00+02:00,6.6584997,4.829907,9.0,0.0,0.0,38440.0,7.971428,13.626929
2026-04-27 08:00:00+02:00,8.7585,2.5455842,7.92,0.0,0.0,38980.0,11.883102,10.569963
2026-04-27 09:00:00+02:00,11.8585005,2.8799999,6.4799995,0.0,0.0,40380.0,11.4288025,8.092802
2026-04-27 10:00:00+02:00,13.658501,3.6179552,9.72,0.0,0.0,40460.0,10.391472,8.281033
2026-04-27 11:00:00+02:00,16.508501,3.6,11.159999,0.0,0.0,41820.0,12.961332,9.813965
2026-04-27 12:00:00+02:00,18.6585,7.42159,15.84,0.0,0.0,43580.0,11.85686,8.886923
2026-04-27 13:00:00+02:00,20.008501,10.948973,16.919998,0.0,0.0,44980.0,8.513107,7.8511715
2026-04-27 14:00:00+02:00,20.8085,12.218805,16.919998,0.0,0.0,46240.0,5.543783,4.7270317
2026-04-27 15:00:00+02:00,21.3585,12.475961,20.16,0.0,0.0,46700.0,2.3236039,3.6192114
2026-04-27 16:00:00+02:00,21.6585,11.709688,19.8,0.0,0.0,48460.0,3.757767,4.9655166
2026-04-27 17:00:00+02:00,21.7085,11.480557,19.44,0.0,0.0,50260.0,6.524576,8.327425
2026-04-27 18:00:00+02:00,21.0585,11.966954,21.96,0.0,0.0,50880.0,7.7602262,14.529971
2026-04-27 19:00:00+02:00,19.9585,11.966953,22.68,0.0,0.0,50980.0,10.401459,17.077427
2026-04-27 20:00:00+02:00,18.1585,10.137692,22.319998,0.0,0.0,47620.0,11.031237,21.002802
2026-04-27 21:00:00+02:00,16.4085,10.829959,18.72,0.0,0.0,46240.0,8.151741,27.563091
2026-04-27 22:00:00+02:00,15.8085,12.0694,20.880001,0.0,0.0,45380.0,4.757608,32.65559
2026-04-27 23:00:00+02:00,15.5085,11.043261,21.599998,0.0,0.0,42860.0,3.9200466,33.59187
2026-04-28 00:00:00+02:00,14.7585,9.227524,18.359999,0.0,0.0,42380.0,3.3175182,33.956886
2026-04-28 01:00:00+02:00,13.8585005,7.9932966,15.4800005,0.0,0.0,41660.0,1.643036,35.38475
2026-04-28 02:00:00+02:00,12.3085,7.145796,13.32,0.0,0.0,40800.0,1.9333551,36.541702
2026-04-28 03:00:00+02:00,11.1085005,4.8433046,11.159999,0.0,0.0,40120.0,1.0189676,37.92307
2026-04-28 04:00:00+02:00,10.0585,4.6938252,8.28,0.0,0.0,39020.0,1.0189676,33.769165
2026-04-28 05:00:00+02:00,9.408501,5.0528407,9.36,0.0,0.0,37640.0,4.323114,28.612377
2026-04-28 06:00:00+02:00,9.4585,4.0249224,7.5599995,0.0,0.0,37760.0,3.8667102,22.041037
2026-04-28 07:00:00+02:00,9.2585,3.6,6.8399997,0.0,0.0,33940.0,7.34788,20.035875
2026-04-28 08:00:00+02:00,10.408501,2.5455842,5.04,0.0,0.0,35960.0,2.6571426,22.249796
2026-04-28 09:00:00+02:00,12.658501,2.9024127,6.8399997,0.0,0.0,38580.0,3.67394,24.718725
2026-04-28 10:00:00+02:00,14.6085005,4.39436,9.72,0.0,0.0,40560.0,5.3142853,21.185438
2026-04-28 11:00:00+02:00,16.3085,5.00128,12.24,0.0,0.0,41840.0,8.062088,25.561563
2026-04-28 12:00:00+02:00,17.758501,4.1046314,10.799999,0.0,0.0,42300.0,8.36547,23.878407
2026-04-28 13:00:00+02:00,19.0585,6.763786,13.679999,0.0,0.0,41800.0,10.035667,21.230852
2026-04-28 14:00:00+02:00,20.2085,6.6087217,13.679999,0.0,0.0,42060.0,4.511162,16.386677
2026-04-28 15:00:00+02:00,20.2085,9.19939,13.32,0.0,0.0,41980.0,4.9291077,14.289349
2026-04-28 16:00:00+02:00,20.0585,10.00256,18.72,0.0,0.0,42440.0,10.401459,9.813965
2026-04-28 17:00:00+02:00,19.4085,7.2,20.519999,0.0,0.0,42960.0,13.889393,5.855574
2026-04-28 18:00:00+02:00,18.6585,4.1046314,13.679999,0.0,0.2,42480.0,4.6472077,4.475857
2026-04-28 19:00:00+02:00,15.8585005,6.9153743,21.24,5.0,0.0,39740.0,12.969341,4.3889384
2026-04-28 20:00:00+02:00,14.6085005,9.107359,18.359999,0.0,0.0,36080.0,19.333553,5.7224755
2026-04-28 21:00:00+02:00,13.908501,5.1919937,14.04,0.0,0.1,34340.0,21.41772,9.037377
2026-04-28 22:00:00+02:00,13.3585005,4.6102495,9.36,0.0,0.0,34700.0,22.370922,13.655171
2026-04-28 23:00:00+02:00,13.3085,5.1544156,8.28,7.0,0.0,37220.0,27.436543,8.886923
2026-04-29 00:00:00+02:00,12.6085005,4.0249224,7.92,6.0,0.0,35580.0,27.79747,10.027549
2026-04-29 01:00:00+02:00,12.5585,5.154415,8.28,12.0,0.0,37120.0,25.42115,11.394346
2026-04-29 02:00:00+02:00,12.6085005,3.396233,10.08,9.0,0.0,36600.0,27.857168,4.475857
2026-04-29 03:00:00+02:00,12.3085,3.0758414,6.4799995,3.0,0.0,35120.0,24.220585,2.4827583
2026-04-29 04:00:00+02:00,12.0585,2.4149535,4.32,12.0,0.1,34420.0,21.916096,3.9255857
2026-04-29 05:00:00+02:00,12.1085005,2.6208394,8.28,58.0,0.9,26020.0,16.506018,3.5111506
2026-04-29 06:00:00+02:00,11.908501,9.290511,16.56,73.0,0.6,33640.0,13.701232,6.113084
2026-04-29 07:00:00+02:00,10.9585,9.504272,17.64,100.0,1.1,11660.0,20.17453,7.2649856
2026-04-29 08:00:00+02:00,11.0585,10.296251,23.759998,51.0,1.1,37420.0,34.7795,3.6192114
2026-04-29 09:00:00+02:00,11.2085,14.565548,25.56,60.0,0.1,37520.0,29.672785,1.8620689
2026-04-29 10:00:00+02:00,12.2585,13.202726,28.44,28.0,0.1,37680.0,37.436485,7.2649856
2026-04-29 11:00:00+02:00,12.3585005,14.480773,29.519999,0.0,0.0,35120.0,38.35706,9.310345
2026-04-29 12:00:00+02:00,14.5585,16.676977,30.960001,0.0,0.0,38240.0,36.072033,22.379284
2026-04-29 13:00:00+02:00,16.0585,17.414474,31.68,0.0,0.0,40320.0,24.876173,30.439116
2026-04-29 14:00:00+02:00,17.3085,16.58346,34.56,6.0,0.0,41040.0,26.85903,32.40095
2026-04-29 15:00:00+02:00,18.0585,16.45007,30.599998,0.0,0.0,41640.0,26.99399,28.006792
2026-04-29 16:00:00+02:00,18.8585,17.399586,31.68,0.0,0.0,42740.0,30.56903,22.180428
2026-04-29 17:00:00+02:00,18.9085,18.03237,35.64,0.0,0.0,43660.0,30.586008,18.908127
2026-04-29 18:00:00+02:00,18.258501,21.30093,38.16,0.0,0.0,45060.0,38.519135,15.11478
2026-04-29 19:00:00+02:00,17.3085,22.59699,41.399998,0.0,0.0,45600.0,37.494686,20.331732
2026-04-29 20:00:00+02:00,16.3085,17.174677,40.32,0.0,0.0,44080.0,42.99029,14.153901
2026-04-29 21:00:00+02:00,14.5585,18.089775,32.760002,0.0,0.0,43380.0,44.984856,15.41761
2026-04-29 22:00:00+02:00,13.3585005,16.58346,32.399998,0.0,0.0,42720.0,49.33319,14.072007
2026-04-29 23:00:00+02:00,12.6085005,21.028437,34.92,0.0,0.0,43400.0,37.04897,19.390963
2026-04-30 00:00:00+02:00,11.4585,22.782625,42.839996,0.0,0.0,42680.0,17.865383,21.96224
2026-04-30 01:00:00+02:00,10.7585,24.079666,43.56,0.0,0.0,42420.0,12.4380865,21.066906
2026-04-30 02:00:00+02:00,9.908501,22.553936,45.36,0.0,0.0,38260.0,11.830561,19.49005
2026-04-30 03:00:00+02:00,9.0085,21.897945,40.32,0.0,0.0,32740.0,16.860758,16.77011
2026-04-30 04:00:00+02:00,8.2085,23.18579,42.48,0.0,0.0,28980.0,18.31876,22.387888
2026-04-30 05:00:00+02:00,7.3585,17.555307,41.760002,0.0,0.0,32400.0,18.733492,18.0
2026-04-30 06:00:00+02:00,6.5585,17.068707,33.12,0.0,0.0,27860.0,21.878162,17.577684
2026-04-30 07:00:00+02:00,6.2584996,17.906157,32.760002,0.0,0.0,27740.0,24.624466,18.91831
2026-04-30 08:00:00+02:00,6.7584996,15.94601,32.760002,0.0,0.0,30180.0,20.966978,17.752157
2026-04-30 09:00:00+02:00,8.3585005,16.676977,30.960001,0.0,0.0,40820.0,21.892395,21.002802
2026-04-30 10:00:00+02:00,10.2585,15.990646,31.68,0.0,0.0,41420.0,19.188004,22.379284
2026-04-30 11:00:00+02:00,11.9585,18.472595,35.64,0.0,0.0,42080.0,19.616121,23.099327
2026-04-30 12:00:00+02:00,13.9585,17.673029,34.2,0.0,0.0,42600.0,14.927093,21.51923
2026-04-30 13:00:00+02:00,15.658501,21.068459,38.88,0.0,0.0,43260.0,12.108149,21.112572
2026-04-30 14:00:00+02:00,16.508501,21.485697,40.32,0.0,0.0,43700.0,9.580463,15.517241
2026-04-30 15:00:00+02:00,17.3085,21.178896,39.96,0.0,0.0,44820.0,8.11344,13.711481
2026-04-30 16:00:00+02:00,17.6585,22.9724,42.12,0.0,0.0,45820.0,6.330734,9.392738
2026-04-30 17:00:00+02:00,17.4585,20.68356,42.12,0.0,0.0,46440.0,9.56962,7.777219
2026-04-30 18:00:00+02:00,16.9585,21.261345,40.68,0.0,0.0,47380.0,12.337506,3.9743526
2026-04-30 19:00:00+02:00,16.1085,21.749483,39.96,0.0,0.0,47860.0,9.994198,2.5591688
2026-04-30 20:00:00+02:00,14.8585005,17.782686,40.32,0.0,0.0,49560.0,12.396276,4.5186887
2026-04-30 21:00:00+02:00,13.2585,16.923828,32.039997,0.0,0.0,47340.0,6.0797453,7.238423
2026-04-30 22:00:00+02:00,12.2585,20.63023,37.44,0.0,0.0,46280.0,4.1265044,7.5764823
2026-04-30 23:00:00+02:00,11.2085,18.218275,39.239998,0.0,0.0,47040.0,4.556962,12.367153
2026-05-01 00:00:00+02:00,10.2085,16.676977,31.68,0.0,0.0,45980.0,7.543114,6.2068963
2026-05-01 01:00:00+02:00,9.7585,11.440979,30.239998,0.0,0.0,44960.0,8.987734,4.3889384
2026-05-01 02:00:00+02:00,8.2085,6.28713,18.0,0.0,0.0,42780.0,9.227144,6.939521
2026-05-01 03:00:00+02:00,6.7085,5.0911684,10.440001,0.0,0.0,41280.0,8.074956,10.839878
2026-05-01 04:00:00+02:00,5.8085,4.072935,9.0,0.0,0.0,38140.0,8.800955,14.003396
2026-05-01 05:00:00+02:00,5.0084996,4.8433046,7.2,0.0,0.0,35720.0,7.7602262,11.858258
2026-05-01 06:00:00+02:00,4.3585,4.5820518,7.92,0.0,0.0,34360.0,5.941551,12.051613
2026-05-01 07:00:00+02:00,4.3585,3.563818,7.92,0.0,0.0,29160.0,6.728273,13.781546
2026-05-01 08:00:00+02:00,6.5585,1.835647,5.7599998,0.0,0.0,30560.0,5.709857,18.98945
2026-05-01 09:00:00+02:00,8.908501,2.5959969,6.4799995,0.0,0.0,38380.0,7.4739733,19.120867
2026-05-01 10:00:00+02:00,11.3585005,3.219938,8.64,0.0,0.0,42140.0,8.062088,19.120867
2026-05-01 11:00:00+02:00,13.908501,4.6102495,11.879999,0.0,0.0,43360.0,6.1307654,22.973904
2026-05-01 12:00:00+02:00,16.0585,4.8965297,11.879999,0.0,0.0,44200.0,6.347113,23.17426
2026-05-01 13:00:00+02:00,18.258501,4.73506,11.159999,0.0,0.0,44540.0,5.094838,22.593443
2026-05-01 14:00:00+02:00,19.258501,8.0899935,11.879999,0.0,0.0,43600.0,2.8820758,20.141356
2026-05-01 15:00:00+02:00,20.258501,9.449572,13.32,0.0,0.0,43700.0,3.286072,18.433542
2026-05-01 16:00:00+02:00,20.9585,9.449572,13.679999,0.0,0.0,44840.0,4.556962,15.329903
2026-05-01 17:00:00+02:00,21.258501,10.086427,14.4,0.0,0.0,46040.0,0.64445174,12.4911375
2026-05-01 18:00:00+02:00,21.008501,11.298495,19.08,0.0,0.0,49600.0,1.0189676,11.595439
2026-05-01 19:00:00+02:00,20.1585,12.641076,22.68,0.0,0.0,51460.0,2.0379353,9.950412
2026-05-01 20:00:00+02:00,19.008501,10.703569,23.039999,0.0,0.0,48600.0,2.577807,7.0769506
2026-05-01 21:00:00+02:00,17.008501,7.968939,18.0,0.0,0.0,45600.0,3.9200466,7.0769506
2026-05-01 22:00:00+02:00,14.7085,7.42159,13.32,0.0,0.0,43060.0,5.487309,6.939521
2026-05-01 23:00:00+02:00,12.6085005,7.8954163,12.24,0.0,0.0,41560.0,4.6472077,5.8883786
2026-05-02 00:00:00+02:00,12.1085005,6.9899354,12.959999,0.0,0.0,41440.0,12.269996,5.8883786
2026-05-02 01:00:00+02:00,12.9585,4.2136917,10.799999,0.0,0.0,42260.0,14.532351,8.777877
2026-05-02 02:00:00+02:00,11.8085,4.2136917,7.2,0.0,0.0,41360.0,15.318443,19.251385
2026-05-02 03:00:00+02:00,11.6085005,4.379589,6.12,0.0,0.0,41180.0,14.878324,23.716516
2026-05-02 04:00:00+02:00,11.2585,3.2399998,6.12,0.0,0.0,40960.0,16.934494,25.455843
2026-05-02 05:00:00+02:00,10.6085005,3.2599385,5.7599998,0.0,0.0,37960.0,19.209635,27.958607
2026-05-02 06:00:00+02:00,10.3085,3.6,5.7599998,0.0,0.0,39520.0,17.46571,26.689655
2026-05-02 07:00:00+02:00,10.3585005,4.6938252,7.2,0.0,0.0,38980.0,15.284514,24.491692
2026-05-02 08:00:00+02:00,12.4585,1.484318,6.8399997,0.0,0.0,39660.0,13.215189,19.598463
2026-05-02 09:00:00+02:00,14.5585,1.835647,4.68,0.0,0.0,39700.0,9.215885,18.381218
2026-05-02 10:00:00+02:00,16.758501,2.7416782,6.8399997,0.0,0.0,40280.0,6.835443,13.0492525
2026-05-02 11:00:00+02:00,18.5585,4.3498964,11.5199995,0.0,0.0,41000.0,4.1265044,13.0492525
2026-05-02 12:00:00+02:00,20.3085,5.4477882,11.159999,0.0,0.0,41920.0,2.3236039,15.554438
2026-05-02 13:00:00+02:00,21.8085,4.1046314,9.0,0.0,0.0,42520.0,1.643036,14.072007
2026-05-02 14:00:00+02:00,23.1085,3.8939953,10.08,0.0,0.0,43620.0,7.1327734,13.612786
2026-05-02 15:00:00+02:00,24.008501,4.39436,10.799999,0.0,0.0,44220.0,3.757767,17.043554
2026-05-02 16:00:00+02:00,24.4085,6.519877,11.159999,0.0,0.0,44960.0,5.012658,20.809309
2026-05-02 17:00:00+02:00,24.4585,9.339208,9.0,0.0,0.0,44760.0,8.11344,19.430658
2026-05-02 18:00:00+02:00,24.0585,8.913181,14.759999,0.0,0.0,46180.0,8.706063,16.884583
2026-05-02 19:00:00+02:00,23.2085,8.209263,17.28,0.0,0.0,45400.0,2.0379353,15.824542
2026-05-02 20:00:00+02:00,21.6085,7.8625183,15.84,0.0,0.0,44300.0,1.4410379,14.003396
2026-05-02 21:00:00+02:00,19.5585,7.628263,14.4,0.0,0.0,43800.0,0.4556962,15.628565
2026-05-02 22:00:00+02:00,17.758501,7.2805495,12.599999,0.0,0.0,43380.0,2.6571426,16.149862
2026-05-02 23:00:00+02:00,16.1085,6.489992,11.879999,0.0,0.0,42960.0,2.6571426,18.785477
2026-05-03 00:00:00+02:00,16.6085,0.0,10.799999,0.0,0.0,42760.0,10.520563,18.042755
2026-05-03 01:00:00+02:00,15.9585,4.2136917,5.7599998,0.0,0.0,42000.0,13.708807,18.26558
2026-05-03 02:00:00+02:00,14.3585005,5.154415,8.64,0.0,0.0,40620.0,12.603934,24.14315
2026-05-03 03:00:00+02:00,14.0085,5.154415,9.36,0.0,0.0,39100.0,13.215189,19.430658
2026-05-03 04:00:00+02:00,13.408501,4.73506,10.08,0.0,0.0,34560.0,14.787324,14.8057575
2026-05-03 05:00:00+02:00,12.6085005,5.8048253,8.64,0.0,0.0,30920.0,17.731209,14.8057575
2026-05-03 06:00:00+02:00,12.4585,5.8048253,10.08,0.0,0.0,30220.0,15.4936695,9.813965
2026-05-03 07:00:00+02:00,12.5085,5.4477882,9.72,0.0,0.0,30520.0,12.312233,13.398848
2026-05-03 08:00:00+02:00,13.8585005,0.0,8.64,0.0,0.0,34320.0,10.831775,16.386677
2026-05-03 09:00:00+02:00,15.3585005,5.154415,10.08,0.0,0.0,36880.0,13.548821,14.072007
2026-05-03 10:00:00+02:00,17.1585,5.4119864,13.32,0.0,0.0,38900.0,14.236403,11.9230585
2026-05-03 11:00:00+02:00,19.1585,4.6800003,16.199999,0.0,0.0,40680.0,10.974618,9.813965
2026-05-03 12:00:00+02:00,20.9585,5.6233797,13.32,0.0,0.0,41780.0,12.0307255,16.677967
2026-05-03 13:00:00+02:00,22.1085,3.8268526,12.599999,0.0,0.0,42300.0,9.688234,21.330421
2026-05-03 14:00:00+02:00,23.1585,3.6,10.799999,0.0,0.0,43880.0,6.444517,16.386677
2026-05-03 15:00:00+02:00,23.8585,6.489992,14.04,0.0,0.0,45040.0,4.323114,14.329733
2026-05-03 16:00:00+02:00,23.4085,7.8954163,18.72,0.0,0.0,45560.0,6.7744107,21.185438
2026-05-03 17:00:00+02:00,23.1585,7.729527,19.08,0.0,0.0,47280.0,11.392405,16.433628
2026-05-03 18:00:00+02:00,21.1085,24.18707,46.8,0.0,0.0,43520.0,28.418058,20.016638
2026-05-03 19:00:00+02:00,17.258501,17.31746,48.239998,0.0,0.0,42060.0,22.370924,31.53323
2026-05-03 20:00:00+02:00,15.5585,6.519877,30.239998,0.0,0.0,40200.0,9.482423,37.10146
2026-05-03 21:00:00+02:00,14.7585,2.5959969,11.159999,0.0,0.0,38860.0,14.301892,35.682907
2026-05-03 22:00:00+02:00,14.2085,1.1384199,3.96,0.0,0.0,38200.0,15.419778,36.192112
2026-05-03 23:00:00+02:00,13.908501,0.0,4.32,0.0,0.0,38440.0,16.284365,36.15484
2026-05-04 00:00:00+02:00,13.5585,5.3999996,8.64,0.0,0.0,37620.0,23.436256,31.170736
2026-05-04 01:00:00+02:00,13.658501,4.0249224,7.5599995,0.0,0.0,37720.0,16.805244,30.722569
2026-05-04 02:00:00+02:00,13.8585005,2.0364676,6.8399997,0.0,0.0,37820.0,12.108149,32.90241
2026-05-04 03:00:00+02:00,13.3085,2.9024127,4.68,0.0,0.0,37540.0,7.7602262,24.593725
2026-05-04 04:00:00+02:00,12.7085,3.7064266,5.04,0.0,0.0,36700.0,6.524576,16.65485
2026-05-04 05:00:00+02:00,11.5585,4.510787,7.2,0.0,0.0,27540.0,2.3236039,9.392738
2026-05-04 06:00:00+02:00,10.7085,4.3349743,8.64,0.0,0.0,22120.0,6.7744107,11.939203
2026-05-04 07:00:00+02:00,11.2085,3.8939953,7.5599995,0.0,0.0,28060.0,10.391472,14.329733
2026-05-04 08:00:00+02:00,12.7585,1.9386592,6.12,0.0,0.0,35320.0,16.866917,23.17426
2026-05-04 09:00:00+02:00,14.2085,1.484318,4.32,0.0,0.0,36260.0,17.731209,30.514961
2026-05-04 10:00:00+02:00,16.3085,3.319036,8.28,0.0,0.0,39520.0,23.101595,23.88647
2026-05-04 11:00:00+02:00,17.3585,2.52,17.64,49.0,0.0,37880.0,25.665043,21.212698
2026-05-04 12:00:00+02:00,19.4085,2.0991426,7.2,1.0,0.0,42220.0,9.688234,21.679756
2026-05-04 13:00:00+02:00,20.1585,4.1046314,10.08,0.0,0.0,42160.0,4.1265044,18.999592
2026-05-04 14:00:00+02:00,20.7085,5.815978,11.159999,0.0,0.0,42780.0,5.195736,21.139927
2026-05-04 15:00:00+02:00,21.3085,8.12197,16.199999,0.0,0.0,43800.0,2.278481,25.326874
2026-05-04 16:00:00+02:00,21.4085,9.793059,18.0,0.0,0.0,42740.0,5.9240503,24.710932
2026-05-04 17:00:00+02:00,20.7085,11.019764,14.04,0.0,0.0,43600.0,2.577807,29.851236
2026-05-04 18:00:00+02:00,20.3585,9.0,18.0,0.0,0.0,43160.0,11.401515,45.327347
2026-05-04 19:00:00+02:00,16.258501,17.414476,37.079998,21.0,0.0,37220.0,0.64445174,45.91845
2026-05-04 20:00:00+02:00,15.1085005,10.464798,29.88,14.0,0.0,34900.0,5.709857,41.60473
2026-05-04 21:00:00+02:00,13.658501,7.5685663,18.359999,2.0,0.0,30420.0,7.291139,30.866442
2026-05-04 22:00:00+02:00,12.7085,2.1897945,11.879999,0.0,0.0,28840.0,4.556962,30.439116
2026-05-04 23:00:00+02:00,12.158501,1.8,3.6,0.0,0.0,27520.0,3.2222586,32.519634
2026-05-05 00:00:00+02:00,11.5085,2.6208394,3.2399998,0.0,0.0,25400.0,6.895935,27.373749
2026-05-05 01:00:00+02:00,10.6085005,3.4152596,6.12,0.0,0.0,21160.0,10.638335,23.635157
2026-05-05 02:00:00+02:00,10.1085005,3.8773184,6.12,0.0,0.0,23460.0,7.20519,22.180428
2026-05-05 03:00:00+02:00,9.7585,3.219938,5.7599998,0.0,0.0,22260.0,2.278481,21.997295
2026-05-05 04:00:00+02:00,9.0085,2.968636,7.92,0.0,0.0,16000.0,5.195736,23.190878
2026-05-05 05:00:00+02:00,8.7585,3.096837,7.5599995,0.0,0.0,13620.0,5.7641516,32.490005
2026-05-05 06:00:00+02:00,9.1085005,3.2599385,5.7599998,0.0,0.0,18660.0,4.57969,34.08711
2026-05-05 07:00:00+02:00,9.1085005,2.9024127,4.68,0.0,0.0,18900.0,1.8227848,21.402544
2026-05-05 08:00:00+02:00,10.2585,2.5455842,4.32,0.0,0.0,22460.0,6.835443,22.284399
2026-05-05 09:00:00+02:00,11.7085,3.2399998,7.2,0.0,0.0,25860.0,16.007849,31.337141
2026-05-05 10:00:00+02:00,13.0085,3.096837,7.2,0.0,0.0,30360.0,25.555578,33.97957
2026-05-05 11:00:00+02:00,12.9585,1.8,8.64,33.0,0.2,27760.0,13.941624,41.143806
2026-05-05 12:00:00+02:00,13.7085,3.4152596,9.0,32.0,0.0,33280.0,13.525812,33.568924
2026-05-05 13:00:00+02:00,13.8585005,5.154415,10.440001,27.0,0.4,33300.0,14.243696,32.667385
2026-05-05 14:00:00+02:00,14.2085,8.209263,12.24,37.0,0.2,33360.0,11.644798,39.06402
2026-05-05 15:00:00+02:00,14.7085,6.618519,18.0,14.0,0.0,35180.0,15.713261,32.89655
2026-05-05 16:00:00+02:00,15.8585005,6.5693827,14.4,9.0,0.1,37180.0,21.991768,33.568924
2026-05-05 17:00:00+02:00,16.9085,11.792404,19.8,74.0,0.0,39320.0,23.458397,30.432787
2026-05-05 18:00:00+02:00,16.258501,16.56,29.16,89.0,0.1,39720.0,22.370922,31.133633
2026-05-05 19:00:00+02:00,13.2085,15.629971,34.2,55.0,0.0,32020.0,23.240505,44.19118
2026-05-05 20:00:00+02:00,12.3585005,11.440978,23.4,30.0,0.0,33820.0,45.482956,54.694695
2026-05-05 21:00:00+02:00,11.7585,8.4042845,21.24,0.0,0.1,32940.0,45.067867,50.82459
2026-05-05 22:00:00+02:00,11.2085,5.692099,12.599999,0.0,0.0,32300.0,37.33651,39.94175
2026-05-05 23:00:00+02:00,10.5585,6.6087217,10.799999,9.0,0.0,28280.0,33.872055,26.340944
2026-05-06 00:00:00+02:00,10.9585,5.1165614,11.159999,44.0,0.0,28380.0,39.48549,21.830282
2026-05-06 01:00:00+02:00,11.0585,5.692099,9.72,65.0,0.0,28040.0,40.127148,30.710028
2026-05-06 02:00:00+02:00,10.658501,6.1094027,9.72,58.0,0.0,23940.0,47.269554,24.175043
2026-05-06 03:00:00+02:00,10.7585,3.8939953,12.599999,40.0,0.0,26000.0,44.82763,22.4909
2026-05-06 04:00:00+02:00,10.1085005,5.3517847,9.0,35.0,0.0,21140.0,34.65988,27.716415
2026-05-06 05:00:00+02:00,9.7585,3.96,7.92,0.0,0.0,21780.0,24.254854,24.46021
2026-05-06 06:00:00+02:00,9.408501,4.68,8.64,0.0,0.0,21920.0,17.026215,27.89653
2026-05-06 07:00:00+02:00,9.8085,3.7585104,7.5599995,0.0,0.0,25560.0,10.118097,28.880415
2026-05-06 08:00:00+02:00,10.908501,1.8,6.12,0.0,0.0,21360.0,5.9240503,27.147633
2026-05-06 09:00:00+02:00,11.908501,4.1046314,8.28,15.0,0.0,24060.0,2.3236039,37.14297
2026-05-06 10:00:00+02:00,12.5585,3.5455887,9.36,9.0,0.0,33000.0,1.0189676,28.907082
2026-05-06 11:00:00+02:00,12.6085005,3.7585104,11.879999,56.0,0.1,31300.0,3.1898732,28.266945
2026-05-06 12:00:00+02:00,13.8085,5.771239,11.879999,58.0,0.0,35720.0,4.57969,38.110546
2026-05-06 13:00:00+02:00,14.3085,10.137692,19.44,73.0,0.0,36060.0,5.941551,36.762436
2026-05-06 14:00:00+02:00,12.8585005,12.261158,20.880001,100.0,0.3,9580.0,12.159491,24.405024
2026-05-06 15:00:00+02:00,10.3585005,19.734436,44.639996,71.0,3.5,8480.0,42.114315,29.591993
2026-05-06 16:00:00+02:00,10.158501,11.177405,39.239998,60.0,2.4,13260.0,41.35804,43.85865
2026-05-06 17:00:00+02:00,10.8085,13.246826,26.64,71.0,0.5,28320.0,51.20249,56.65982
2026-05-06 18:00:00+02:00,11.0585,17.22742,30.960001,76.0,0.0,32940.0,41.658207,55.79651
2026-05-06 19:00:00+02:00,11.158501,12.979984,29.88,45.0,0.0,33120.0,40.482647,53.900024
2026-05-06 20:00:00+02:00,10.2085,7.754637,24.119999,11.0,0.0,29960.0,39.205765,52.469387
2026-05-06 21:00:00+02:00,9.0585,4.0249224,12.599999,9.0,0.0,25320.0,43.446754,48.89285
2026-05-06 22:00:00+02:00,8.8085,2.968636,6.8399997,0.0,0.0,29280.0,43.327095,54.74046
2026-05-06 23:00:00+02:00,8.5085,5.315336,6.12,0.0,0.0,24320.0,45.104717,53.194946
2026-05-07 00:00:00+02:00,8.3585005,6.151683,10.08,32.0,0.0,20020.0,42.818466,48.41777
2026-05-07 01:00:00+02:00,8.3585005,2.8799999,10.08,59.0,0.0,22920.0,38.76633,46.819916
2026-05-07 02:00:00+02:00,8.0085,3.7064266,5.7599998,57.0,0.0,21120.0,46.405,50.291183
2026-05-07 03:00:00+02:00,7.9585,5.4833565,9.36,54.0,0.0,19640.0,60.696613,51.13066
2026-05-07 04:00:00+02:00,8.158501,4.68,9.72,96.0,0.3,21640.0,43.613724,46.914444
2026-05-07 05:00:00+02:00,8.2085,5.506941,8.28,81.0,0.3,18740.0,40.085728,45.93103
2026-05-07 06:00:00+02:00,8.3585005,3.9763298,10.08,90.0,0.5,15740.0,38.09631,45.95619
2026-05-07 07:00:00+02:00,8.5585,3.6179552,6.8399997,81.0,0.3,16100.0,36.63752,45.144234
2026-05-07 08:00:00+02:00,8.9585,5.4477882,8.28,65.0,0.2,17300.0,33.51459,38.387535
2026-05-07 09:00:00+02:00,9.8085,4.510787,9.72,81.0,0.1,22900.0,29.620253,35.74224
2026-05-07 10:00:00+02:00,10.1085005,5.937272,15.4800005,89.0,0.2,25200.0,30.80587,40.110195
2026-05-07 11:00:00+02:00,10.7085,6.763786,10.799999,78.0,0.0,27340.0,29.178795,36.74671
2026-05-07 12:00:00+02:00,11.7585,6.151683,19.8,62.0,0.3,29660.0,25.97868,36.192112
2026-05-07 13:00:00+02:00,13.1085005,6.9899354,14.759999,58.0,0.0,36940.0,20.379353,32.796856
2026-05-07 14:00:00+02:00,14.5585,9.422101,16.56,87.0,0.0,40220.0,18.347078,30.991003
2026-05-07 15:00:00+02:00,14.9585,9.339208,21.24,44.0,0.0,39720.0,18.904528,24.966848
2026-05-07 16:00:00+02:00,15.408501,8.699793,20.16,38.0,0.0,40060.0,15.50037,30.165771
2026-05-07 17:00:00+02:00,15.7085,7.289445,20.880001,41.0,0.0,40740.0,10.667574,27.43701
2026-05-07 18:00:00+02:00,15.6085005,7.8954163,15.4800005,33.0,0.0,41060.0,6.9559,29.487658
2026-05-07 19:00:00+02:00,14.908501,5.634891,15.119999,40.0,0.0,40560.0,3.3175182,29.428804
2026-05-07 20:00:00+02:00,14.408501,3.5455887,10.799999,31.0,0.0,40660.0,1.643036,28.477415
2026-05-07 21:00:00+02:00,13.0085,4.1046314,6.12,43.0,0.0,38840.0,3.67394,23.950901
2026-05-07 22:00:00+02:00,11.408501,6.1094027,9.72,44.0,0.0,35960.0,7.291139,30.816475
2026-05-07 23:00:00+02:00,11.408501,8.209263,14.759999,37.0,0.0,32440.0,6.524576,28.232851
2026-05-08 00:00:00+02:00,11.0085,11.525623,20.16,30.0,0.0,31840.0,5.6366506,28.800266
2026-05-08 01:00:00+02:00,10.5585,13.708391,26.28,0.0,0.0,28420.0,3.67394,35.56936
2026-05-08 02:00:00+02:00,9.908501,7.968939,23.759998,0.0,0.0,25960.0,3.67394,36.90886
2026-05-08 03:00:00+02:00,9.3585005,5.634891,12.959999,0.0,0.0,23360.0,5.9240503,39.65619
2026-05-08 04:00:00+02:00,8.7585,5.00128,9.0,0.0,0.0,19940.0,5.3142853,39.476055
2026-05-08 05:00:00+02:00,8.1085005,3.8939953,8.28,0.0,0.0,14000.0,7.1327734,36.192112
2026-05-08 06:00:00+02:00,7.8585,3.6,6.8399997,0.0,0.0,10860.0,9.994198,35.618065
2026-05-08 07:00:00+02:00,7.9585,2.5455842,5.7599998,3.0,0.0,10820.0,10.638334,35.812233
2026-05-08 08:00:00+02:00,9.4585,1.4399999,5.04,0.0,0.0,17380.0,8.476439,29.507248
2026-05-08 09:00:00+02:00,10.908501,2.7416782,6.4799995,0.0,0.0,25000.0,11.926711,25.719328
2026-05-08 10:00:00+02:00,12.8585005,2.0364676,7.92,29.0,0.0,33200.0,11.319258,23.397612
2026-05-08 11:00:00+02:00,14.7085,5.00128,8.28,26.0,0.0,37960.0,7.205189,24.843096
2026-05-08 12:00:00+02:00,16.2085,3.6,11.159999,9.0,0.0,39180.0,6.7744107,22.249796
2026-05-08 13:00:00+02:00,17.8085,2.8116899,10.08,21.0,0.0,40220.0,2.8820758,21.357496
2026-05-08 14:00:00+02:00,18.6085,7.729527,12.24,40.0,0.0,40300.0,4.57969,20.85554
2026-05-08 15:00:00+02:00,19.2085,8.587338,15.119999,17.0,0.0,40700.0,3.89347,22.593443
2026-05-08 16:00:00+02:00,19.6585,9.957108,14.4,12.0,0.0,41220.0,7.543114,23.635157
2026-05-08 17:00:00+02:00,19.8585,10.703569,17.28,0.0,0.0,41800.0,12.570939,15.824544
2026-05-08 18:00:00+02:00,19.5585,13.684735,25.199999,0.0,0.0,42520.0,12.312233,10.857635
2026-05-08 19:00:00+02:00,18.8585,12.397806,25.56,0.0,0.0,41920.0,10.411436,6.598021
2026-05-08 20:00:00+02:00,18.2085,9.107359,21.599998,0.0,0.0,41900.0,11.618018,6.939521
2026-05-08 21:00:00+02:00,17.1085,5.04,16.199999,0.0,0.0,41180.0,6.3960004,5.7224755
2026-05-08 22:00:00+02:00,15.8585005,1.08,7.92,0.0,0.0,40240.0,3.67394,2.2379284
2026-05-08 23:00:00+02:00,13.3585005,8.714677,16.56,0.0,0.0,35420.0,8.513107,9.331011
2026-05-09 00:00:00+02:00,12.908501,7.8625183,17.28,70.0,0.1,32940.0,8.670211,6.939521
2026-05-09 01:00:00+02:00,12.3085,7.4128532,12.599999,2.0,0.3,24120.0,8.987734,19.331268
2026-05-09 02:00:00+02:00,11.408501,2.5959969,15.4800005,0.0,0.0,19500.0,6.970812,15.861018
2026-05-09 03:00:00+02:00,10.8585005,1.8,6.4799995,0.0,0.0,16400.0,10.831775,18.25503
2026-05-09 04:00:00+02:00,10.3585005,4.0249224,6.4799995,0.0,0.0,19900.0,6.9559,24.835342
2026-05-09 05:00:00+02:00,9.4585,4.5536795,7.92,0.0,0.0,16460.0,7.7602262,27.267992
2026-05-09 06:00:00+02:00,9.7085,3.6179552,6.4799995,0.0,0.0,18400.0,8.253009,23.364658
2026-05-09 07:00:00+02:00,10.158501,3.0758414,6.8399997,0.0,0.0,20200.0,7.7602262,19.716057
2026-05-09 08:00:00+02:00,10.9585,4.1046314,6.12,0.0,0.0,20780.0,5.9240503,15.517241
2026-05-09 09:00:00+02:00,12.0585,4.829907,9.36,11.0,0.0,18240.0,5.487309,13.879042
2026-05-09 10:00:00+02:00,13.1085005,1.1384199,8.28,14.0,0.0,24460.0,7.34788,12.659634
2026-05-09 11:00:00+02:00,15.7085,1.8,5.04,0.0,0.0,37300.0,4.201311,14.003396
2026-05-09 12:00:00+02:00,17.508501,2.2768397,6.8399997,6.0,0.0,39720.0,1.643036,12.5526705
2026-05-09 13:00:00+02:00,19.3085,1.484318,6.8399997,0.0,0.0,41160.0,2.3236039,10.274241
2026-05-09 14:00:00+02:00,20.8085,6.162207,10.08,3.0,0.0,41680.0,8.36547,10.569963
2026-05-09 15:00:00+02:00,21.7085,8.0899935,15.84,2.0,0.0,42460.0,8.11344,12.568007
2026-05-09 16:00:00+02:00,21.9085,9.449572,15.4800005,0.0,0.0,43160.0,11.760141,14.490146
2026-05-09 17:00:00+02:00,22.1585,12.313894,18.0,0.0,0.0,43760.0,15.680186,11.858258
2026-05-09 18:00:00+02:00,21.6585,13.049689,25.56,0.0,0.0,44380.0,11.961482,11.793103
2026-05-09 19:00:00+02:00,20.8585,14.33234,25.919998,0.0,0.0,45440.0,12.694226,12.659634
2026-05-09 20:00:00+02:00,19.8585,10.805998,25.199999,0.0,0.0,45580.0,18.58883,19.440569
2026-05-09 21:00:00+02:00,17.9585,8.714677,17.64,0.0,0.0,43380.0,21.991768,15.702343
2026-05-09 22:00:00+02:00,16.1085,7.491114,14.04,0.0,0.0,41860.0,23.236036,14.753624
2026-05-09 23:00:00+02:00,14.4585,7.24486,12.959999,0.0,0.0,40520.0,22.403389,9.227214
2026-05-10 00:00:00+02:00,12.8585005,6.12,11.5199995,0.0,0.0,38440.0,13.402427,6.1445136
2026-05-10 01:00:00+02:00,12.408501,6.151683,10.799999,0.0,0.0,37960.0,6.198138,2.775808
2026-05-10 02:00:00+02:00,11.5585,6.9527545,10.08,0.0,0.0,35680.0,3.286072,3.1649084
2026-05-10 03:00:00+02:00,11.2085,6.379216,10.799999,0.0,0.0,35280.0,2.6571426,2.5591688
2026-05-10 04:00:00+02:00,11.2085,5.95906,10.799999,0.0,0.0,35200.0,6.198138,4.5186887
2026-05-10 05:00:00+02:00,10.3085,6.6185193,9.72,0.0,0.0,27440.0,4.0758705,6.939521
2026-05-10 06:00:00+02:00,9.7585,7.289444,12.959999,0.0,0.0,28680.0,7.205189,8.442291
2026-05-10 07:00:00+02:00,11.0585,4.198285,11.5199995,0.0,0.0,34860.0,10.118097,11.189642
2026-05-10 08:00:00+02:00,12.658501,3.7585104,6.8399997,0.0,0.0,33100.0,8.670211,8.777877
2026-05-10 09:00:00+02:00,14.658501,4.452954,8.64,0.0,0.0,33920.0,5.941551,9.454063
2026-05-10 10:00:00+02:00,16.6585,4.072935,9.36,0.0,0.0,36400.0,12.661468,10.533453
2026-05-10 11:00:00+02:00,18.6085,3.4152596,12.599999,0.0,0.0,40860.0,13.215189,10.857635
2026-05-10 12:00:00+02:00,18.9585,5.771239,11.5199995,0.0,0.0,41180.0,8.476439,14.181093
2026-05-10 13:00:00+02:00,19.4085,6.130579,13.32,0.0,0.0,41060.0,12.396276,17.423588
2026-05-10 14:00:00+02:00,19.5585,4.0249224,11.879999,0.0,0.0,42080.0,17.32245,23.586206
2026-05-10 15:00:00+02:00,20.3085,5.4119864,11.5199995,0.0,0.0,41580.0,14.482251,20.293798
2026-05-10 16:00:00+02:00,20.3085,12.074766,21.24,12.0,0.0,41580.0,7.3053656,27.993032
2026-05-10 17:00:00+02:00,19.1085,12.879752,26.28,2.0,0.0,41220.0,2.577807,26.098505
2026-05-10 18:00:00+02:00,16.6085,19.839235,35.28,51.0,0.0,38100.0,14.69576,32.490005
2026-05-10 19:00:00+02:00,14.0085,9.904906,36.719997,59.0,3.7,15640.0,28.065113,36.96101
2026-05-10 20:00:00+02:00,13.7085,5.692099,14.4,55.0,0.1,17720.0,29.982595,43.047413
2026-05-10 21:00:00+02:00,13.158501,6.830519,12.599999,45.0,0.0,16400.0,31.604427,46.795223
2026-05-10 22:00:00+02:00,12.5585,6.696387,14.4,0.0,0.0,21220.0,28.45092,54.708782
2026-05-10 23:00:00+02:00,13.0085,7.4128532,11.879999,48.0,0.0,19760.0,26.493156,57.513515
2026-05-11 00:00:00+02:00,12.7085,5.5887027,11.5199995,19.0,0.0,13140.0,25.322935,56.205837
2026-05-11 01:00:00+02:00,12.2585,5.3999996,10.08,51.0,0.0,15540.0,27.722662,47.550655
2026-05-11 02:00:00+02:00,12.158501,3.6,10.08,47.0,0.0,17440.0,36.27582,53.133354
2026-05-11 03:00:00+02:00,12.1085005,4.3498964,7.5599995,54.0,0.0,14720.0,41.98592,50.030045
2026-05-11 04:00:00+02:00,12.1085005,4.198285,6.8399997,0.0,0.0,15740.0,51.46947,44.434616
2026-05-11 05:00:00+02:00,12.2585,6.2145634,9.0,61.0,0.2,14840.0,49.601856,40.464016
2026-05-11 06:00:00+02:00,11.658501,7.5685663,15.119999,70.0,0.7,21240.0,52.602818,35.682907
2026-05-11 07:00:00+02:00,11.5585,6.0347,12.24,49.0,0.7,21600.0,46.03434,40.843075
2026-05-11 08:00:00+02:00,11.8585005,6.28713,14.04,70.0,0.5,8120.0,41.21469,36.51006
2026-05-11 09:00:00+02:00,12.0585,6.0347,12.959999,79.0,1.0,4820.0,54.245075,49.96455
2026-05-11 10:00:00+02:00,11.6085005,10.495713,19.8,100.0,1.5,17860.0,68.31188,52.174862
2026-05-11 11:00:00+02:00,11.5085,10.144082,39.96,88.0,0.6,22160.0,53.9572,68.56302
2026-05-11 12:00:00+02:00,12.4585,13.783817,37.44,92.0,0.3,26460.0,56.375717,73.083405
2026-05-11 13:00:00+02:00,13.0085,17.782688,41.760002,68.0,0.0,33440.0,57.929005,68.90773
2026-05-11 14:00:00+02:00,12.8085,14.404499,45.719997,55.0,0.1,34200.0,50.078915,65.65242
2026-05-11 15:00:00+02:00,14.4585,15.496736,39.96,63.0,0.0,38600.0,44.38771,65.9364
2026-05-11 16:00:00+02:00,14.5585,17.873556,42.48,80.0,0.0,39240.0,52.64228,59.792747
2026-05-11 17:00:00+02:00,12.8585005,14.693999,43.199997,52.0,1.1,36140.0,63.18421,58.186134
2026-05-11 18:00:00+02:00,13.408501,17.414474,35.28,44.0,0.0,38100.0,50.958572,61.234737
2026-05-11 19:00:00+02:00,12.8085,13.089354,31.68,34.0,0.0,38220.0,58.687584,66.587585
2026-05-11 20:00:00+02:00,10.5585,17.654688,28.8,100.0,1.3,4760.0,68.25258,65.03927
2026-05-11 21:00:00+02:00,9.408501,13.044722,31.68,100.0,2.9,22460.0,61.35844,74.28594
2026-05-11 22:00:00+02:00,9.408501,19.469976,32.760002,94.0,0.6,19300.0,47.455894,51.651672
2026-05-11 23:00:00+02:00,6.8585,11.119281,37.079998,95.0,1.2,23380.0,33.60122,71.94915
2026-05-12 00:00:00+02:00,6.8085,7.7043357,18.72,100.0,0.7,14660.0,41.468353,69.07525
2026-05-12 01:00:00+02:00,6.1584997,7.729527,18.0,45.0,0.0,25120.0,29.954878,54.355545
2026-05-12 02:00:00+02:00,5.6584997,5.95906,13.679999,61.0,0.0,23320.0,19.642567,60.258064
2026-05-12 03:00:00+02:00,5.3085,9.0645685,18.0,100.0,0.0,20100.0,23.311878,45.041714
2026-05-12 04:00:00+02:00,5.5084996,6.151683,14.759999,74.0,0.3,17660.0,23.59961,34.024887
2026-05-12 05:00:00+02:00,5.0084996,11.019764,16.919998,88.0,0.2,25360.0,39.64557,42.868042
2026-05-12 06:00:00+02:00,3.6085,9.178235,25.199999,100.0,2.3,19160.0,25.207869,31.661255
2026-05-12 07:00:00+02:00,3.5585,5.506941,14.04,71.0,1.2,21560.0,33.539364,46.03576
2026-05-12 08:00:00+02:00,3.6585,7.928178,15.84,93.0,0.0,22500.0,23.28068,49.69007
2026-05-12 09:00:00+02:00,4.1085,9.746631,18.72,100.0,0.0,18640.0,18.301748,47.176495
2026-05-12 10:00:00+02:00,5.4084997,10.483357,19.8,81.0,0.0,26780.0,20.425156,43.963932
2026-05-12 11:00:00+02:00,6.2085,10.587918,21.24,92.0,0.0,31080.0,17.865383,47.692234
2026-05-12 12:00:00+02:00,7.3085,10.948973,23.039999,88.0,0.0,36960.0,20.51139,47.049747
2026-05-12 13:00:00+02:00,8.408501,11.753877,25.919998,79.0,0.0,39060.0,19.160929,44.28263
2026-05-12 14:00:00+02:00,10.158501,12.605142,28.08,81.0,0.0,41780.0,22.78481,44.60768
2026-05-12 15:00:00+02:00,11.1085005,16.93531,32.039997,0.0,0.0,43640.0,27.890692,32.192196
2026-05-12 16:00:00+02:00,11.5085,16.862455,36.0,0.0,0.0,44200.0,28.311903,43.00712
2026-05-12 17:00:00+02:00,11.158501,14.186923,33.48,0.0,0.0,44180.0,21.878162,36.372623
2026-05-12 18:00:00+02:00,11.1085005,14.007655,27.359999,0.0,0.0,44480.0,24.64554,33.12413
2026-05-12 19:00:00+02:00,10.2585,11.090103,27.0,0.0,0.0,43480.0,25.990667,33.568924
2026-05-12 20:00:00+02:00,9.8085,8.404285,20.16,0.0,0.0,44140.0,18.70576,31.91576
2026-05-12 21:00:00+02:00,8.3085,3.7585104,14.4,0.0,0.0,42200.0,20.019539,29.27787
2026-05-12 22:00:00+02:00,8.1085005,2.4149535,5.04,0.0,0.0,44060.0,18.233543,32.755714
2026-05-12 23:00:00+02:00,6.5084996,3.6,6.4799995,2.0,0.0,41260.0,13.057107,38.110546
2026-05-13 00:00:00+02:00,5.9585,2.9024127,4.68,7.0,0.0,40740.0,12.889034,37.785675
2026-05-13 01:00:00+02:00,5.3585,2.7416782,3.96,0.0,0.0,40600.0,12.95332,30.024958
2026-05-13 02:00:00+02:00,5.2584996,1.2979984,3.6,0.0,0.0,40300.0,15.693425,29.82541
2026-05-13 03:00:00+02:00,5.1584997,1.484318,1.8,0.0,0.0,40360.0,18.904528,31.873484
2026-05-13 04:00:00+02:00,4.9084997,0.35999998,2.16,0.0,0.0,40220.0,17.917614,32.949207
2026-05-13 05:00:00+02:00,4.3585,3.8268526,3.96,0.0,0.0,36200.0,21.66355,39.182182
2026-05-13 06:00:00+02:00,4.4585,4.198285,7.2,0.0,0.0,33500.0,24.130392,44.073334
2026-05-13 07:00:00+02:00,4.6085,4.0249224,7.2,0.0,0.0,32320.0,27.402464,48.19446
2026-05-13 08:00:00+02:00,6.6584997,4.2136917,7.5599995,0.0,0.0,35400.0,27.52722,53.573822
2026-05-13 09:00:00+02:00,8.5085,7.289444,14.04,0.0,0.0,40040.0,29.143185,52.583073
2026-05-13 10:00:00+02:00,10.158501,10.799999,20.16,7.0,0.0,40380.0,31.426521,54.97222
2026-05-13 11:00:00+02:00,11.3585005,13.089354,27.0,14.0,0.0,41120.0,23.643562,54.08198
2026-05-13 12:00:00+02:00,11.7085,17.227419,32.760002,96.0,0.0,41620.0,33.819904,57.056194
2026-05-13 13:00:00+02:00,12.5585,17.414476,36.0,92.0,0.0,41800.0,37.034954,59.281544
2026-05-13 14:00:00+02:00,13.0585,19.881649,38.519997,93.0,0.0,41880.0,41.717983,50.945724
2026-05-13 15:00:00+02:00,14.158501,18.511143,37.8,0.0,0.0,42480.0,41.470856,43.04741
2026-05-13 16:00:00+02:00,14.6085005,17.114204,39.6,0.0,0.0,42820.0,43.34866,50.489964
2026-05-13 17:00:00+02:00,14.1085005,16.279802,39.96,0.0,0.0,42860.0,46.025314,61.910484
2026-05-13 18:00:00+02:00,13.8585005,16.862455,33.12,0.0,0.0,41960.0,51.042038,63.289043
2026-05-13 19:00:00+02:00,13.2085,16.981165,33.12,0.0,0.0,41740.0,56.126534,64.411316
2026-05-13 20:00:00+02:00,12.408501,16.179985,31.319998,0.0,0.0,41880.0,62.7373,57.707443
2026-05-13 21:00:00+02:00,11.658501,17.076298,30.960001,0.0,0.0,41520.0,64.554634,57.0562
2026-05-13 22:00:00+02:00,11.3085,15.042659,34.56,0.0,0.0,41180.0,62.99825,66.90217
2026-05-13 23:00:00+02:00,8.908501,18.864824,38.519997,72.0,0.1,35060.0,59.02277,76.61684
2026-05-14 00:00:00+02:00,8.5085,18.175545,30.239998,100.0,0.5,31820.0,78.74979,71.45483
2026-05-14 01:00:00+02:00,8.5085,14.84318,30.239998,98.0,0.3,34980.0,66.4395,81.149086
2026-05-14 02:00:00+02:00,6.9585,14.480773,33.839996,100.0,0.8,18780.0,53.895588,69.68606
2026-05-14 03:00:00+02:00,6.6584997,12.475961,28.44,98.0,0.4,25680.0,52.190647,71.365814
2026-05-14 04:00:00+02:00,6.7584996,9.0,22.319998,93.0,0.2,22900.0,61.008858,68.20246
2026-05-14 05:00:00+02:00,6.4084997,8.350138,15.4800005,80.0,0.3,19040.0,48.85097,80.34755
2026-05-14 06:00:00+02:00,6.3585,6.489992,16.199999,89.0,0.0,17460.0,63.330296,71.00049
2026-05-14 07:00:00+02:00,6.5585,2.8799999,10.08,99.0,0.3,8360.0,46.672726,65.59958
2026-05-14 08:00:00+02:00,6.3585,2.6208394,7.92,100.0,1.3,16800.0,56.191242,71.40359
2026-05-14 09:00:00+02:00,7.0084996,4.6938252,29.16,100.0,0.2,19860.0,39.245472,68.063934
2026-05-14 10:00:00+02:00,7.4084997,11.609651,28.08,91.0,0.1,24080.0,49.29108,59.443794
2026-05-14 11:00:00+02:00,8.158501,10.661107,28.8,80.0,0.1,27920.0,37.913265,70.66327
2026-05-14 12:00:00+02:00,8.4585,15.978486,31.319998,92.0,0.3,32560.0,35.59101,62.821636
2026-05-14 13:00:00+02:00,8.4585,13.627795,36.36,91.0,0.3,22040.0,21.892395,54.507717
2026-05-14 14:00:00+02:00,8.1085005,14.039999,30.599998,100.0,1.0,31740.0,27.79747,54.747498
2026-05-14 15:00:00+02:00,8.158501,10.464797,23.759998,100.0,0.1,34000.0,27.95762,68.063934
2026-05-14 16:00:00+02:00,9.2585,10.587917,33.839996,60.0,0.0,33540.0,27.95762,62.356915
2026-05-14 17:00:00+02:00,10.4585,13.18308,35.64,88.0,0.0,39740.0,25.68122,53.83208
2026-05-14 18:00:00+02:00,10.0585,14.081477,32.039997,78.0,0.0,39980.0,29.567625,42.39814
2026-05-14 19:00:00+02:00,8.0085,13.441071,29.88,93.0,0.2,32800.0,33.015182,38.989983
2026-05-14 20:00:00+02:00,8.0085,2.5959969,19.8,47.0,0.1,32560.0,30.977287,45.36133
2026-05-14 21:00:00+02:00,7.4084997,5.7599998,10.440001,45.0,0.0,33300.0,31.82378,42.010185
2026-05-14 22:00:00+02:00,6.8585,8.534353,18.0,62.0,0.1,27100.0,27.315176,38.342346
2026-05-14 23:00:00+02:00,5.8585,1.1384199,13.32,34.0,0.0,28080.0,34.743656,32.042255
2026-05-15 00:00:00+02:00,5.3585,4.829907,7.2,36.0,0.0,21520.0,36.809986,34.154854
2026-05-15 01:00:00+02:00,5.2584996,5.1544156,8.28,76.0,0.0,15240.0,35.617252,33.597603
2026-05-15 02:00:00+02:00,5.4585,3.96,7.5599995,79.0,0.0,24180.0,41.64824,34.430096
2026-05-15 03:00:00+02:00,5.2085,3.096837,6.4799995,50.0,0.0,27520.0,36.506924,36.72574
2026-05-15 04:00:00+02:00,4.7584996,3.7064266,6.12,60.0,0.0,25300.0,32.32553,37.24138
2026-05-15 05:00:00+02:00,4.6085,4.0249224,8.28,60.0,0.0,19500.0,26.820343,36.64172
2026-05-15 06:00:00+02:00,4.6085,3.7585104,7.5599995,81.0,0.1,18220.0,20.551847,31.108875
2026-05-15 07:00:00+02:00,5.2085,1.2979984,5.7599998,89.0,0.0,20740.0,14.309151,30.533892
2026-05-15 08:00:00+02:00,6.0585,0.8049845,2.16,63.0,0.2,19100.0,7.7468348,20.85554
2026-05-15 09:00:00+02:00,6.6584997,2.2768397,5.3999996,78.0,0.1,29840.0,3.757767,18.51695
2026-05-15 10:00:00+02:00,7.0084996,4.8965297,9.72,84.0,0.2,32080.0,2.3236039,15.329903
2026-05-15 11:00:00+02:00,7.8085,4.6938257,11.159999,91.0,0.1,35960.0,4.0758705,11.939203
2026-05-15 12:00:00+02:00,8.6085005,7.10031,9.72,75.0,0.1,37300.0,7.1182017,8.092802
2026-05-15 13:00:00+02:00,8.658501,9.504273,14.04,88.0,0.3,34680.0,10.677303,6.2068963
2026-05-15 14:00:00+02:00,9.3085,7.754637,18.72,46.0,0.2,37540.0,10.240498,5.3031745
2026-05-15 15:00:00+02:00,9.2585,12.641076,22.319998,78.0,0.0,37040.0,14.41038,8.777877
2026-05-15 16:00:00+02:00,7.8585,14.934577,28.08,100.0,1.1,11360.0,21.085493,11.241167
2026-05-15 17:00:00+02:00,9.1085005,9.826088,27.72,83.0,0.7,36640.0,15.587208,13.6692705
2026-05-15 18:00:00+02:00,8.2585,9.504272,22.319998,77.0,0.2,34440.0,17.772152,16.102081
2026-05-15 19:00:00+02:00,7.4585,6.489992,18.72,100.0,0.8,5960.0,15.587208,26.105885
2026-05-15 20:00:00+02:00,6.6584997,6.519877,14.759999,87.0,2.0,26120.0,12.905135,22.041039
2026-05-15 21:00:00+02:00,5.8585,8.557102,16.199999,75.0,0.0,18140.0,10.955679,15.367554
2026-05-15 22:00:00+02:00,5.4585,7.24486,16.56,95.0,0.0,18280.0,14.192577,10.569963
2026-05-15 23:00:00+02:00,5.1584997,7.7043357,12.599999,79.0,0.0,14860.0,17.32245,10.274241
2026-05-16 00:00:00+02:00,5.2584996,7.10031,14.759999,84.0,0.0,18540.0,14.69576,16.398428
2026-05-16 01:00:00+02:00,5.3085,5.0142193,13.679999,83.0,0.0,18080.0,14.41038,17.87112
2026-05-16 02:00:00+02:00,5.4585,2.8799999,8.28,100.0,0.0,13860.0,11.537306,15.702343
2026-05-16 03:00:00+02:00,5.5585,1.9386592,4.32,85.0,0.1,13880.0,10.638334,16.327795
2026-05-16 04:00:00+02:00,5.3585,2.5959969,4.68,77.0,0.0,13680.0,15.148044,18.877537
2026-05-16 05:00:00+02:00,5.2584996,3.6179552,3.96,87.0,0.0,11080.0,14.388747,19.716057
2026-05-16 06:00:00+02:00,5.1085,2.8799999,6.4799995,85.0,0.0,13540.0,16.43036,20.548483
2026-05-16 07:00:00+02:00,5.3085,2.968636,6.12,94.0,0.0,14940.0,16.007849,19.161121
2026-05-16 08:00:00+02:00,5.8585,5.0528407,11.5199995,91.0,0.0,17580.0,19.642567,18.877537
2026-05-16 09:00:00+02:00,6.3585,6.162207,12.959999,80.0,0.1,23360.0,17.795506,20.265303
2026-05-16 10:00:00+02:00,7.3085,8.287822,17.64,93.0,0.0,30180.0,14.589397,18.042753
2026-05-16 11:00:00+02:00,8.6085005,7.5942073,20.880001,85.0,0.0,36420.0,15.955876,19.430658
2026-05-16 12:00:00+02:00,9.8085,7.5170207,22.319998,100.0,0.0,38800.0,13.049152,20.293798
2026-05-16 13:00:00+02:00,7.8085,10.233123,33.48,100.0,0.3,17800.0,25.665043,12.795844
2026-05-16 14:00:00+02:00,10.408501,10.823973,24.84,45.0,0.2,39240.0,19.784773,16.185604
2026-05-16 15:00:00+02:00,9.7085,14.685176,28.44,100.0,0.0,39920.0,24.876173,10.569963
2026-05-16 16:00:00+02:00,10.4585,12.229406,29.16,50.0,0.0,39900.0,20.607346,18.26558
2026-05-16 17:00:00+02:00,9.6085005,14.205182,28.8,4.0,0.0,37600.0,18.250618,17.555754
2026-05-16 18:00:00+02:00,9.6085005,12.245294,28.08,0.0,0.0,37900.0,19.573729,17.555754
2026-05-16 19:00:00+02:00,9.5585,10.464797,23.039999,32.0,0.0,38180.0,16.91609,19.598463
2026-05-16 20:00:00+02:00,8.908501,6.1305785,20.16,52.0,0.0,37960.0,14.759212,21.733002
2026-05-16 21:00:00+02:00,7.7584996,4.1046314,12.24,53.0,0.0,36460.0,13.97881,18.877537
2026-05-16 22:00:00+02:00,7.0585,3.671294,7.5599995,30.0,0.1,31620.0,15.284514,20.016638
2026-05-16 23:00:00+02:00,6.7085,5.1165614,7.2,52.0,0.0,30620.0,11.680409,19.271389
2026-05-17 00:00:00+02:00,6.4585,4.198285,8.28,79.0,0.1,22020.0,12.897088,17.043554
2026-05-17 01:00:00+02:00,6.3085,5.1919937,9.36,44.0,0.0,22120.0,13.057107,14.289349
2026-05-17 02:00:00+02:00,6.2584996,5.8603754,10.799999,48.0,0.0,21580.0,11.419714,13.6692705
2026-05-17 03:00:00+02:00,6.0585,5.3999996,10.440001,40.0,0.0,22100.0,12.438086,10.839878
2026-05-17 04:00:00+02:00,5.9084997,5.3517847,10.440001,65.0,0.0,25280.0,12.832521,10.839878
2026-05-17 05:00:00+02:00,4.6584997,4.379589,9.0,30.0,0.0,26040.0,9.837129,12.568007
2026-05-17 06:00:00+02:00,4.8085,3.9763298,7.2,62.0,0.0,26200.0,10.240498,13.879042
2026-05-17 07:00:00+02:00,5.2584996,2.9024127,6.4799995,44.0,0.0,28000.0,10.401459,12.795844
2026-05-17 08:00:00+02:00,7.2584996,4.0249224,6.12,3.0,0.0,33440.0,9.394418,11.987508
2026-05-17 09:00:00+02:00,8.7085,3.8773184,9.0,0.0,0.0,36760.0,7.34788,12.795844
2026-05-17 10:00:00+02:00,10.2085,2.4149535,9.0,13.0,0.0,38880.0,3.9200466,13.326771
2026-05-17 11:00:00+02:00,11.908501,3.396233,7.5599995,77.0,0.0,40780.0,2.453999,11.189642
2026-05-17 12:00:00+02:00,12.8085,3.319036,9.0,54.0,0.0,41220.0,2.3236039,12.051613
2026-05-17 13:00:00+02:00,13.5585,6.439876,12.24,57.0,0.0,41980.0,3.9200466,9.454063
2026-05-17 14:00:00+02:00,14.158501,5.991594,11.159999,39.0,0.0,42220.0,3.9200466,10.569963
2026-05-17 15:00:00+02:00,14.7085,5.00128,10.440001,0.0,0.0,42840.0,6.572144,11.661699
2026-05-17 16:00:00+02:00,14.908501,2.0991426,11.5199995,0.0,0.0,43400.0,8.646228,13.612786
2026-05-17 17:00:00+02:00,14.908501,5.315336,17.64,0.0,0.0,43660.0,4.201311,32.84967
2026-05-17 18:00:00+02:00,15.3585005,6.151683,10.08,0.0,0.0,44080.0,4.556962,31.703814
2026-05-17 19:00:00+02:00,14.658501,6.12,15.84,0.0,0.0,43900.0,6.524576,32.27586
2026-05-17 20:00:00+02:00,14.2085,2.9024127,11.5199995,0.0,0.0,43980.0,5.709857,34.946533
2026-05-17 21:00:00+02:00,12.8085,2.9024127,4.68,0.0,0.0,42260.0,4.844117,38.727253
2026-05-17 22:00:00+02:00,10.2085,4.73506,7.92,6.0,0.0,39200.0,7.0889688,40.435436
2026-05-17 23:00:00+02:00,9.408501,5.04,7.92,0.0,0.0,39540.0,9.688234,40.07175
2026-05-18 00:00:00+02:00,9.0585,5.506941,9.72,0.0,0.0,39960.0,13.548821,40.196545
2026-05-18 01:00:00+02:00,8.7085,5.5887027,9.72,0.0,0.0,38940.0,16.182028,39.45653
2026-05-18 02:00:00+02:00,8.4585,5.815978,10.08,0.0,0.0,38800.0,19.387182,36.32493
2026-05-18 03:00:00+02:00,8.2585,5.2416787,10.440001,0.0,0.0,38740.0,19.209635,35.138927
2026-05-18 04:00:00+02:00,7.9084997,5.1544156,9.72,0.0,0.0,38120.0,17.871193,37.199974
2026-05-18 05:00:00+02:00,7.4585,4.73506,9.36,0.0,0.0,37080.0,19.600233,38.752113
2026-05-18 06:00:00+02:00,7.2584996,4.3349743,7.92,0.0,0.0,37100.0,21.553034,38.562763
2026-05-18 07:00:00+02:00,7.3585,5.3517847,9.0,79.0,0.0,35260.0,18.465538,34.608665
2026-05-18 08:00:00+02:00,9.5085,1.609969,7.2,36.0,0.0,35300.0,14.539494,32.25795
2026-05-18 09:00:00+02:00,10.658501,6.151683,12.959999,38.0,0.0,33880.0,17.441916,29.179018
2026-05-18 10:00:00+02:00,10.908501,10.315115,20.16,51.0,0.1,29940.0,22.347704,30.286854
2026-05-18 11:00:00+02:00,11.908501,11.298495,19.8,80.0,0.1,35140.0,17.352394,29.954306
2026-05-18 12:00:00+02:00,12.6085005,10.853866,22.319998,100.0,0.0,38420.0,15.587208,31.679502
2026-05-18 13:00:00+02:00,11.8085,13.32,29.519999,100.0,0.1,36820.0,22.857605,28.232851
2026-05-18 14:00:00+02:00,11.6085005,12.979984,26.64,92.0,0.0,35120.0,16.885372,27.062351
2026-05-18 15:00:00+02:00,11.2585,8.311245,26.28,95.0,0.1,28460.0,28.679914,23.298607
2026-05-18 16:00:00+02:00,11.0085,6.989936,15.84,77.0,1.0,32180.0,21.006556,46.35683
2026-05-18 17:00:00+02:00,10.158501,11.304229,19.8,27.0,0.0,26040.0,17.865383,35.270245
2026-05-18 18:00:00+02:00,10.8085,8.905908,21.96,0.0,0.0,30660.0,21.198446,31.873484
2026-05-18 19:00:00+02:00,11.0585,6.379216,16.919998,30.0,0.0,33020.0,23.236036,32.990105
2026-05-18 20:00:00+02:00,10.2585,1.08,11.5199995,75.0,0.0,30100.0,13.859459,28.907082
2026-05-18 21:00:00+02:00,10.0085,1.609969,2.8799999,80.0,0.0,31740.0,14.47508,18.948832
2026-05-18 22:00:00+02:00,9.2585,7.42159,13.32,52.0,0.5,25240.0,14.265547,34.474827
2026-05-18 23:00:00+02:00,8.5085,6.6087217,11.5199995,52.0,0.0,17320.0,19.030432,27.549112
2026-05-19 00:00:00+02:00,8.3585005,6.1305785,14.04,0.0,0.0,18480.0,17.292456,26.098505
2026-05-19 01:00:00+02:00,7.8085,5.0911684,10.440001,5.0,0.0,23280.0,17.871193,26.186924
2026-05-19 02:00:00+02:00,7.0585,5.4833565,9.72,0.0,0.0,24600.0,15.148044,29.799566
2026-05-19 03:00:00+02:00,6.6584997,4.73506,8.64,3.0,0.0,24620.0,14.301892,29.80603
2026-05-19 04:00:00+02:00,6.4084997,4.802999,7.5599995,0.0,0.0,23980.0,16.934494,31.410818
2026-05-19 05:00:00+02:00,5.9585,5.506941,8.64,0.0,0.0,24360.0,14.787324,30.439116
2026-05-19 06:00:00+02:00,5.7584996,3.9763298,8.64,0.0,0.0,27240.0,12.95332,21.546066
2026-05-19 07:00:00+02:00,6.4084997,2.5959969,6.12,0.0,0.0,30380.0,13.9118,16.75862
2026-05-19 08:00:00+02:00,8.1085005,0.71999997,3.2399998,0.0,0.0,26620.0,13.057107,13.781546
2026-05-19 09:00:00+02:00,9.4585,2.52,7.2,0.0,0.0,26340.0,14.301892,15.216393
2026-05-19 10:00:00+02:00,11.3585005,1.9386592,6.12,0.0,0.0,32640.0,10.599223,14.181093
2026-05-19 11:00:00+02:00,13.0085,4.802999,10.08,0.0,0.0,37760.0,9.227144,16.398428
2026-05-19 12:00:00+02:00,14.0085,6.489992,14.04,7.0,0.0,38440.0,6.835443,19.49005
2026-05-19 13:00:00+02:00,15.0585,6.151683,14.4,7.0,0.0,40280.0,9.394418,24.206896
2026-05-19 14:00:00+02:00,16.4085,8.669949,16.56,89.0,0.0,41500.0,14.723995,25.538944
2026-05-19 15:00:00+02:00,17.1085,8.28,17.28,54.0,0.0,42180.0,11.618018,30.22956
2026-05-19 16:00:00+02:00,16.5585,5.771239,20.519999,39.0,0.0,41900.0,18.347078,28.853722
2026-05-19 17:00:00+02:00,16.5585,7.2,20.880001,0.0,0.0,42040.0,9.515216,28.693052
2026-05-19 18:00:00+02:00,16.4585,8.587338,16.56,0.0,0.0,42800.0,6.895935,39.3049
2026-05-19 19:00:00+02:00,15.8085,5.692099,16.56,11.0,0.0,42780.0,9.815996,37.86207
2026-05-19 20:00:00+02:00,15.2585,5.1544156,9.72,39.0,0.0,41500.0,12.51299,30.640951
2026-05-19 21:00:00+02:00,13.7585,2.9024127,8.64,23.0,0.0,40380.0,17.748766,27.310343
2026-05-19 22:00:00+02:00,12.8585005,1.1384199,3.96,20.0,0.0,40060.0,22.123568,23.98305
2026-05-19 23:00:00+02:00,13.2585,3.8268526,5.04,87.0,0.0,38400.0,30.562233,26.098505
2026-05-20 00:00:00+02:00,12.6085005,5.3999996,9.36,72.0,0.0,36860.0,31.637262,28.314606
2026-05-20 01:00:00+02:00,12.1085005,6.1305785,10.440001,0.0,0.0,34800.0,30.120792,33.269196
2026-05-20 02:00:00+02:00,11.8085,6.3690495,10.440001,9.0,0.0,30240.0,32.936466,31.53323
2026-05-20 03:00:00+02:00,12.158501,4.6938257,11.159999,37.0,0.0,32340.0,38.734177,27.958607
2026-05-20 04:00:00+02:00,11.908501,3.219938,7.2,84.0,0.3,22140.0,34.49172,32.77923
2026-05-20 05:00:00+02:00,11.3085,3.2599385,9.36,80.0,2.8,19900.0,35.25687,36.15484
2026-05-20 06:00:00+02:00,11.2085,7.69592,12.959999,73.0,1.8,10640.0,44.964077,42.84557
2026-05-20 07:00:00+02:00,11.2585,8.39657,17.28,81.0,1.5,15540.0,36.558083,41.40516
2026-05-20 08:00:00+02:00,11.5585,6.519877,14.4,71.0,0.0,19040.0,40.227932,46.38591
2026-05-20 09:00:00+02:00,12.408501,7.5170207,15.4800005,77.0,0.0,19580.0,37.71557,43.60759
2026-05-20 10:00:00+02:00,13.5585,6.618519,15.119999,96.0,0.0,27200.0,34.15594,37.370464
2026-05-20 11:00:00+02:00,14.0585,6.489992,16.919998,94.0,0.0,31680.0,42.330715,39.500443
2026-05-20 12:00:00+02:00,16.2085,12.7279215,24.119999,60.0,0.0,36700.0,36.25292,39.500443
2026-05-20 13:00:00+02:00,17.0585,11.841756,25.199999,92.0,0.0,39160.0,27.857166,42.225147
2026-05-20 14:00:00+02:00,17.508501,11.631956,24.84,65.0,0.0,39740.0,25.506779,46.522743
2026-05-20 15:00:00+02:00,18.2085,12.599999,29.88,48.0,0.0,40460.0,23.661121,42.370876
2026-05-20 16:00:00+02:00,17.8585,11.4862,29.16,90.0,0.0,36860.0,21.495148,42.370876
2026-05-20 17:00:00+02:00,18.5585,9.531505,32.399998,51.0,0.0,40260.0,25.06329,41.134445
2026-05-20 18:00:00+02:00,18.0585,10.587917,32.399998,60.0,0.0,40220.0,23.351929,42.48438
2026-05-20 19:00:00+02:00,17.2085,12.287555,26.64,48.0,0.0,40640.0,23.311878,35.308456
2026-05-20 20:00:00+02:00,16.9585,11.983188,24.48,44.0,0.0,40700.0,25.388453,35.72607
2026-05-20 21:00:00+02:00,15.5585,4.6800003,20.519999,58.0,0.0,39740.0,31.419912,34.160492
2026-05-20 22:00:00+02:00,14.908501,2.1897945,6.8399997,37.0,0.0,39460.0,27.587502,32.37121
2026-05-20 23:00:00+02:00,14.0585,3.0547013,4.68,17.0,0.0,38240.0,25.408894,35.029118
2026-05-21 00:00:00+02:00,13.5585,4.452954,7.2,45.0,0.0,35240.0,21.110098,29.494188
2026-05-21 01:00:00+02:00,12.7585,4.73506,7.92,23.0,0.0,33040.0,15.311664,37.92307
2026-05-21 02:00:00+02:00,12.0085,4.379589,8.28,20.0,0.0,28440.0,7.3053656,35.341175
2026-05-21 03:00:00+02:00,11.4585,5.04,8.64,7.0,0.0,24300.0,1.4410379,28.933727
2026-05-21 04:00:00+02:00,11.2585,4.39436,8.64,5.0,0.0,24080.0,3.9200466,26.855139
2026-05-21 05:00:00+02:00,10.2585,4.829907,7.92,22.0,0.0,18680.0,6.347113,34.697605
2026-05-21 06:00:00+02:00,9.7085,4.829907,7.92,14.0,0.0,17620.0,5.562481,36.192112
2026-05-21 07:00:00+02:00,10.4585,4.198285,8.28,30.0,0.0,19320.0,4.488087,31.404686
2026-05-21 08:00:00+02:00,12.908501,2.3051248,7.2,19.0,0.0,27440.0,4.844117,40.83364
2026-05-21 09:00:00+02:00,15.3585005,7.42159,14.04,0.0,0.0,35620.0,5.941551,34.362892
2026-05-21 10:00:00+02:00,16.758501,10.594036,20.16,30.0,0.0,38640.0,5.709857,32.383106
2026-05-21 11:00:00+02:00,18.3085,10.137692,19.44,13.0,0.0,40160.0,7.971428,26.186924
2026-05-21 12:00:00+02:00,19.508501,6.6087217,17.28,17.0,0.0,41000.0,4.9291077,21.24899
2026-05-21 13:00:00+02:00,20.5585,7.729527,12.24,11.0,0.0,41540.0,4.488087,15.628565
2026-05-21 14:00:00+02:00,21.4085,9.511088,15.4800005,0.0,0.0,42760.0,8.706063,10.4046545
2026-05-21 15:00:00+02:00,21.8085,11.384198,18.72,0.0,0.0,43480.0,7.958391,10.027549
2026-05-21 16:00:00+02:00,22.0585,12.031756,21.599998,0.0,0.0,44080.0,10.240498,9.695481
2026-05-21 17:00:00+02:00,22.0585,11.923557,23.759998,0.0,0.0,45100.0,8.84802,6.6850314
2026-05-21 18:00:00+02:00,21.4585,12.7279215,24.119999,0.0,0.0,44940.0,3.89347,9.6356945
2026-05-21 19:00:00+02:00,20.7085,10.948973,23.759998,0.0,0.0,44480.0,1.0189676,10.606349
2026-05-21 20:00:00+02:00,19.9085,10.30883,20.519999,0.0,0.0,42900.0,1.4410379,13.556066
2026-05-21 21:00:00+02:00,18.1085,9.904906,20.16,0.0,0.0,41300.0,3.2222586,11.939203
2026-05-21 22:00:00+02:00,17.1085,9.83268,17.28,0.0,0.0,41280.0,3.4704785,10.569963
2026-05-21 23:00:00+02:00,16.4085,10.24578,17.28,0.0,0.0,40540.0,4.9291077,7.0769506
2026-05-22 00:00:00+02:00,15.7085,6.9247384,16.919998,0.0,0.0,39960.0,5.709857,6.939521
2026-05-22 01:00:00+02:00,14.7085,5.4833565,11.5199995,0.0,0.0,38800.0,5.155614,8.068965
2026-05-22 02:00:00+02:00,12.658501,5.95906,9.36,0.0,0.0,30580.0,5.195736,11.858258
2026-05-22 03:00:00+02:00,11.408501,6.297428,10.440001,0.0,0.0,23040.0,5.487309,11.776757
2026-05-22 04:00:00+02:00,10.658501,5.692099,9.36,0.0,0.0,18680.0,4.556962,11.41124
2026-05-22 05:00:00+02:00,9.8085,5.315336,9.72,0.0,0.0,16500.0,3.67394,6.2068963
2026-05-22 06:00:00+02:00,9.7085,5.0142193,9.36,0.0,0.0,19100.0,2.3236039,3.9255857
2026-05-22 07:00:00+02:00,11.0585,3.396233,7.92,0.0,0.0,25420.0,1.8227848,1.387904
2026-05-22 08:00:00+02:00,13.1085005,0.35999998,5.04,0.0,0.0,29740.0,1.8227848,2.2379284
2026-05-22 09:00:00+02:00,15.2585,1.8,5.3999996,0.0,0.0,35940.0,1.4410379,3.6192114
2026-05-22 10:00:00+02:00,17.4085,3.319036,8.28,0.0,0.0,37760.0,2.9178793,4.475857
2026-05-22 11:00:00+02:00,19.9085,2.6208394,9.72,0.0,0.0,40560.0,4.201311,5.339374
2026-05-22 12:00:00+02:00,21.7085,4.6102495,11.5199995,6.0,0.0,40760.0,5.709857,6.329817
2026-05-22 13:00:00+02:00,23.1085,3.219938,10.799999,2.0,0.0,41440.0,4.2990294,7.2649856
2026-05-22 14:00:00+02:00,24.2085,4.452954,13.32,0.0,0.0,42100.0,2.3236039,4.475857
2026-05-22 15:00:00+02:00,24.9085,5.0142193,12.24,2.0,0.0,42600.0,3.89347,5.0041595
2026-05-22 16:00:00+02:00,25.4085,5.2416787,12.24,19.0,0.0,42500.0,3.5591009,3.9255857
2026-05-22 17:00:00+02:00,25.6085,8.12197,11.879999,0.0,0.0,46820.0,4.6472077,2.4827583
2026-05-22 18:00:00+02:00,25.3585,6.9899354,12.24,0.0,0.0,47480.0,3.5591009,1.387904
2026-05-22 19:00:00+02:00,24.5585,7.8954163,14.759999,0.0,0.0,45760.0,1.8227848,0.87778765
2026-05-22 20:00:00+02:00,23.6085,6.9247384,14.759999,0.0,0.0,45020.0,5.993747,1.7555753
2026-05-22 21:00:00+02:00,21.0585,6.6185193,11.5199995,0.0,0.0,43180.0,3.757767,0.6206896
2026-05-22 22:00:00+02:00,17.6085,8.089993,13.679999,0.0,0.0,41440.0,0.9113924,0.0
2026-05-22 23:00:00+02:00,15.658501,7.8954163,13.679999,0.0,0.0,41020.0,2.8820758,3.6192114
2026-05-23 00:00:00+02:00,14.658501,7.5170207,13.32,0.0,0.0,41020.0,2.278481,8.092802
2026-05-23 01:00:00+02:00,14.5085,5.815978,8.28,0.0,0.0,41060.0,4.556962,8.068965
2026-05-23 02:00:00+02:00,13.4585,5.95906,6.8399997,0.0,0.0,39460.0,1.3670886,6.7137847
2026-05-23 03:00:00+02:00,13.1085005,5.634891,6.12,0.0,0.0,38200.0,0.64445174,3.9743526
2026-05-23 04:00:00+02:00,12.9585,4.6800003,5.3999996,0.0,0.0,37180.0,2.3236039,3.1649084
2026-05-23 05:00:00+02:00,11.5585,5.1544156,6.8399997,0.0,0.0,29620.0,5.941551,5.551616
2026-05-23 06:00:00+02:00,11.8085,4.1046314,8.28,0.0,0.0,29080.0,7.418196,7.8511715
2026-05-23 07:00:00+02:00,13.1085005,3.396233,6.12,0.0,0.0,35360.0,8.670211,9.813965
2026-05-23 08:00:00+02:00,15.658501,1.8,5.04,0.0,0.0,38340.0,6.3797464,9.310345
2026-05-23 09:00:00+02:00,17.8085,3.319036,7.2,0.0,0.0,39400.0,5.0333285,10.533453
2026-05-23 10:00:00+02:00,19.6085,4.452954,6.4799995,0.0,0.0,39560.0,3.0569031,10.678748
2026-05-23 11:00:00+02:00,22.1585,5.904439,6.12,0.0,0.0,40780.0,6.572144,9.454063
2026-05-23 12:00:00+02:00,23.9585,5.315336,12.599999,0.0,0.0,41420.0,8.976174,10.678748
2026-05-23 13:00:00+02:00,25.4085,7.6367526,16.199999,0.0,0.0,42040.0,13.246578,11.444951
2026-05-23 14:00:00+02:00,26.3585,9.36,18.0,0.0,0.0,42920.0,10.240498,12.241913
2026-05-23 15:00:00+02:00,27.1585,8.854829,13.679999,0.0,0.0,44260.0,10.638334,13.093462
2026-05-23 16:00:00+02:00,27.5585,8.913181,13.32,0.0,0.0,45820.0,10.118097,12.413793
2026-05-23 17:00:00+02:00,27.5585,8.942214,14.759999,0.0,0.0,49020.0,10.754816,12.320337
2026-05-23 18:00:00+02:00,27.1585,9.885262,15.84,0.0,0.0,49860.0,12.244582,12.795844
2026-05-23 19:00:00+02:00,26.258501,8.534353,17.64,0.0,0.0,48360.0,17.725351,13.781546
2026-05-23 20:00:00+02:00,25.508501,2.9024127,15.119999,0.0,0.0,45340.0,21.203342,13.948265
2026-05-23 21:00:00+02:00,22.8085,4.452954,5.7599998,0.0,0.0,42500.0,18.992203,13.948265
2026-05-23 22:00:00+02:00,19.3585,7.24486,11.879999,0.0,0.0,41000.0,21.509632,14.948187
2026-05-23 23:00:00+02:00,18.0585,7.8954163,12.24,0.0,0.0,40260.0,22.347704,20.360134
2026-05-24 00:00:00+02:00,17.2085,6.28713,12.599999,0.0,0.0,39060.0,16.86076,23.95894
2026-05-24 01:00:00+02:00,16.6585,6.439876,10.799999,0.0,0.0,38420.0,19.166346,24.61721
2026-05-24 02:00:00+02:00,15.2585,6.763786,11.159999,0.0,0.0,35480.0,21.553034,22.729446
2026-05-24 03:00:00+02:00,14.7585,6.763786,11.879999,0.0,0.0,35540.0,21.070715,23.298607
2026-05-24 04:00:00+02:00,14.3085,6.12,10.799999,0.0,0.0,34480.0,27.254288,25.928188
2026-05-24 05:00:00+02:00,13.6085005,6.6087217,10.08,0.0,0.0,26940.0,28.694387,19.803793
2026-05-24 06:00:00+02:00,13.6085005,6.12,11.5199995,0.0,0.0,28500.0,29.735704,23.090988
2026-05-24 07:00:00+02:00,15.0085,4.3498964,9.72,0.0,0.0,33080.0,29.511385,22.889902
2026-05-24 08:00:00+02:00,17.8085,2.7416782,6.12,0.0,0.0,38020.0,29.451515,26.076351
2026-05-24 09:00:00+02:00,21.0585,6.4096174,11.5199995,0.0,0.0,40100.0,29.225016,26.194277
2026-05-24 10:00:00+02:00,22.7085,11.609651,21.599998,0.0,0.0,40680.0,30.745142,27.820469
2026-05-24 11:00:00+02:00,24.6085,12.287555,23.4,0.0,0.0,42240.0,31.499125,33.59187
2026-05-24 12:00:00+02:00,26.1085,14.799459,27.0,0.0,0.0,43020.0,32.383297,36.767677
2026-05-24 13:00:00+02:00,27.4585,17.283749,32.039997,0.0,0.0,44140.0,34.87788,36.32493
2026-05-24 14:00:00+02:00,28.3085,16.981165,33.12,0.0,0.0,46800.0,32.56873,32.40095
2026-05-24 15:00:00+02:00,29.0585,16.676977,30.960001,0.0,0.0,46880.0,27.051624,29.251541
2026-05-24 16:00:00+02:00,29.258501,16.704155,31.319998,0.0,0.0,47220.0,27.93161,31.238638
2026-05-24 17:00:00+02:00,29.0585,14.982228,30.960001,0.0,0.0,48860.0,25.166645,33.08922
2026-05-24 18:00:00+02:00,28.6585,14.186923,27.72,0.0,0.0,48060.0,28.603785,33.568924
2026-05-24 19:00:00+02:00,27.9085,13.896187,25.56,0.0,0.0,46180.0,32.40894,29.999285
2026-05-24 20:00:00+02:00,26.8585,9.19939,24.119999,0.0,0.0,44220.0,32.816452,28.659466
2026-05-24 21:00:00+02:00,24.258501,7.9036193,15.84,0.0,0.0,42240.0,31.310675,26.797695
2026-05-24 22:00:00+02:00,23.008501,8.854829,15.119999,0.0,0.0,42580.0,33.83525,25.20489
2026-05-24 23:00:00+02:00,21.8585,6.151683,15.4800005,0.0,0.0,41460.0,37.533436,16.562065
2026-05-25 00:00:00+02:00,19.8085,4.5820518,8.28,0.0,0.0,40480.0,33.492893,14.922391
2026-05-25 01:00:00+02:00,20.008501,5.6233797,9.36,0.0,0.0,41060.0,34.94628,17.489796
2026-05-25 02:00:00+02:00,19.6085,6.3690495,8.64,0.0,0.0,40640.0,31.709381,14.490146
2026-05-25 03:00:00+02:00,19.1085,6.792466,12.599999,0.0,0.0,40020.0,29.39152,11.661699
2026-05-25 04:00:00+02:00,18.0585,4.0249224,10.08,0.0,0.0,39080.0,30.199974,14.072007
2026-05-25 05:00:00+02:00,16.258501,5.1919937,9.0,0.0,0.0,36540.0,25.978682,15.861018
2026-05-25 06:00:00+02:00,15.2085,5.6920996,9.36,0.0,0.0,33640.0,21.878162,19.716057
2026-05-25 07:00:00+02:00,15.908501,4.6938257,9.36,0.0,0.0,33940.0,20.63252,15.800178
2026-05-25 08:00:00+02:00,18.6585,1.0182338,6.8399997,0.0,0.0,35180.0,22.624752,20.265303
2026-05-25 09:00:00+02:00,21.258501,2.3051248,5.7599998,0.0,0.0,39820.0,22.104788,20.055098
2026-05-25 10:00:00+02:00,23.4585,4.072935,9.36,0.0,0.0,40680.0,22.884842,18.516953
2026-05-25 11:00:00+02:00,25.4085,4.6938257,12.959999,0.0,0.0,41100.0,19.905111,18.042755
2026-05-25 12:00:00+02:00,27.3585,6.162207,14.04,0.0,0.0,42520.0,19.600233,14.153901
2026-05-25 13:00:00+02:00,28.9085,10.195057,20.16,0.0,0.0,45100.0,15.031068,10.1040945
2026-05-25 14:00:00+02:00,29.508501,12.475961,20.519999,0.0,0.0,46580.0,13.655687,7.022301
2026-05-25 15:00:00+02:00,29.9585,12.984975,22.68,0.0,0.0,48720.0,14.532351,7.2649856
2026-05-25 16:00:00+02:00,30.1585,12.387348,22.319998,0.0,0.0,50000.0,16.755745,8.281033
2026-05-25 17:00:00+02:00,29.9085,10.086427,21.24,0.0,0.0,50780.0,13.889393,4.9655166
2026-05-25 18:00:00+02:00,29.6085,9.0,18.359999,0.0,0.0,47260.0,11.392405,10.857635
2026-05-25 19:00:00+02:00,28.9085,7.729527,16.56,0.0,0.0,48700.0,11.208644,13.196042
2026-05-25 20:00:00+02:00,27.9085,5.495161,13.679999,0.0,0.0,48820.0,12.864844,14.543223
2026-05-25 21:00:00+02:00,25.1085,5.815978,9.0,0.0,0.0,45300.0,15.713261,19.161121
2026-05-25 22:00:00+02:00,21.5585,8.373386,14.04,0.0,0.0,42160.0,14.589397,19.171173
2026-05-25 23:00:00+02:00,22.5585,10.495713,15.119999,0.0,0.0,45400.0,11.92671,19.251387
2026-05-26 00:00:00+02:00,22.8585,7.42159,18.0,0.0,0.0,45800.0,8.253009,18.381218
2026-05-26 01:00:00+02:00,21.7085,1.0182338,10.799999,0.0,0.0,43660.0,11.883102,13.655171
2026-05-26 02:00:00+02:00,18.2085,5.95906,9.72,0.0,0.0,40780.0,10.831775,14.948187
2026-05-26 03:00:00+02:00,17.508501,5.5887027,10.08,0.0,0.0,40280.0,10.035667,16.433628
2026-05-26 04:00:00+02:00,17.1085,5.2416787,9.36,0.0,0.0,40080.0,8.658227,20.035875
2026-05-26 05:00:00+02:00,15.908501,5.6920996,8.64,0.0,0.0,38860.0,8.95301,19.832952
2026-05-26 06:00:00+02:00,15.7585,5.315336,9.36,0.0,0.0,38840.0,9.952556,18.096056
2026-05-26 07:00:00+02:00,17.008501,4.1046314,8.28,0.0,0.0,39140.0,11.096928,17.489796
2026-05-26 08:00:00+02:00,19.6585,0.0,6.12,0.0,0.0,38880.0,13.708807,17.31268
2026-05-26 09:00:00+02:00,21.008501,2.5455842,6.4799995,0.0,0.0,40700.0,11.715913,22.15436
2026-05-26 10:00:00+02:00,23.2085,3.5455887,9.0,0.0,0.0,41140.0,13.739071,21.679756
2026-05-26 11:00:00+02:00,25.3585,3.7064266,10.799999,0.0,0.0,42120.0,19.679535,21.185438
2026-05-26 12:00:00+02:00,27.3585,4.198285,10.440001,0.0,0.0,43660.0,12.269995,19.900824
2026-05-26 13:00:00+02:00,29.008501,4.452954,11.159999,0.0,0.0,44560.0,5.709857,20.52034
2026-05-26 14:00:00+02:00,29.8085,4.510787,10.08,0.0,0.0,42880.0,3.2222586,24.206896
2026-05-26 15:00:00+02:00,30.508501,6.4096174,7.5599995,22.0,0.0,43380.0,3.3175182,28.980291
2026-05-26 16:00:00+02:00,30.6585,9.6932955,12.959999,48.0,0.0,43020.0,5.333787,31.040686
2026-05-26 17:00:00+02:00,30.6085,7.5685663,13.679999,52.0,0.0,44680.0,4.556962,29.179014
2026-05-26 18:00:00+02:00,30.2085,9.693296,14.04,0.0,0.0,45540.0,5.094838,30.420122
2026-05-26 19:00:00+02:00,29.4585,8.089993,16.919998,0.0,0.0,47740.0,5.6366506,30.439116
2026-05-26 20:00:00+02:00,28.3085,4.8965297,14.4,0.0,0.0,47720.0,13.701232,29.179014
2026-05-26 21:00:00+02:00,25.8085,4.1046314,8.64,0.0,0.0,44120.0,13.120569,25.63681
2026-05-26 22:00:00+02:00,22.5585,5.8603754,9.72,0.0,0.0,41040.0,11.528303,22.973904
2026-05-26 23:00:00+02:00,22.1585,5.771239,9.72,0.0,0.0,41980.0,11.961482,23.17426
2026-05-27 00:00:00+02:00,21.5585,5.7599998,9.72,0.0,0.0,41160.0,12.512989,24.238705
2026-05-27 01:00:00+02:00,20.9085,5.04,10.799999,0.0,0.0,41120.0,12.969341,27.758083
2026-05-27 02:00:00+02:00,20.3085,5.4119864,9.72,0.0,0.0,40660.0,10.9461975,29.218596
2026-05-27 03:00:00+02:00,19.8085,5.8048253,9.72,0.0,0.0,40640.0,11.087566,31.806936
2026-05-27 04:00:00+02:00,19.4585,5.0528407,9.36,0.0,0.0,40500.0,12.603934,32.490005
2026-05-27 05:00:00+02:00,18.4085,4.6938252,8.64,0.0,0.0,39540.0,15.739669,34.847176
2026-05-27 06:00:00+02:00,17.9085,6.0347,10.08,0.0,0.0,38700.0,17.352394,35.515167
2026-05-27 07:00:00+02:00,19.3585,5.3517847,10.08,0.0,0.0,39300.0,17.748766,34.228092
2026-05-27 08:00:00+02:00,21.6085,5.2416787,8.64,0.0,0.0,40680.0,12.905135,29.793102
2026-05-27 09:00:00+02:00,22.6585,3.7585104,9.36,0.0,0.0,40740.0,9.227144,24.835342
2026-05-27 10:00:00+02:00,24.3085,3.396233,8.64,0.0,0.0,40880.0,7.958391,25.455843
2026-05-27 11:00:00+02:00,26.3085,5.4477882,14.04,0.0,0.0,41320.0,1.4410379,27.563091
2026-05-27 12:00:00+02:00,27.6085,7.8625183,10.799999,0.0,0.0,41780.0,5.195736,26.253044
2026-05-27 13:00:00+02:00,28.758501,6.638072,9.72,2.0,0.0,42600.0,5.9240503,22.344826
2026-05-27 14:00:00+02:00,29.9585,6.9899354,10.08,0.0,0.0,44840.0,6.1138062,14.4368725
2026-05-27 15:00:00+02:00,30.7085,10.365251,13.32,0.0,0.0,51960.0,8.21518,10.678748
2026-05-27 16:00:00+02:00,30.2085,7.127636,14.4,0.0,0.0,48560.0,10.628571,7.238423
2026-05-27 17:00:00+02:00,28.6085,14.264361,32.760002,38.0,0.0,44120.0,11.671517,10.839878
2026-05-27 18:00:00+02:00,28.0585,10.587917,28.08,0.0,0.0,43820.0,20.607346,10.027549
2026-05-27 19:00:00+02:00,27.008501,8.557102,19.08,0.0,0.0,43260.0,16.265226,13.948265
2026-05-27 20:00:00+02:00,26.3085,12.229406,16.56,0.0,0.0,41940.0,15.975386,14.396789
2026-05-27 21:00:00+02:00,24.5585,9.726664,23.4,0.0,0.0,41540.0,21.006556,14.753624
2026-05-27 22:00:00+02:00,23.4085,12.24,22.319998,12.0,0.0,41620.0,26.197577,16.562065
2026-05-27 23:00:00+02:00,21.9085,14.039999,28.8,0.0,0.0,40420.0,26.197577,15.329903
2026-05-28 00:00:00+02:00,21.8585,8.311245,25.56,0.0,0.0,41600.0,33.64137,15.861018
2026-05-28 01:00:00+02:00,20.9085,7.145796,12.24,0.0,0.0,41420.0,29.153875,16.292364
2026-05-28 02:00:00+02:00,20.4085,10.086427,20.880001,0.0,0.0,40560.0,23.683054,21.002802
2026-05-28 03:00:00+02:00,20.0585,10.00256,21.24,0.0,0.0,39880.0,16.562534,21.794956
2026-05-28 04:00:00+02:00,19.3085,8.587338,16.919998,0.0,0.0,39880.0,14.1559515,19.949162
2026-05-28 05:00:00+02:00,18.758501,11.885453,22.68,0.0,0.0,40000.0,11.401515,18.096056
2026-05-28 06:00:00+02:00,18.0585,5.8603754,20.16,0.0,0.0,39580.0,9.394418,21.997295
2026-05-28 07:00:00+02:00,18.3585,5.692099,10.08,0.0,0.0,39500.0,9.17071,22.379284
2026-05-28 08:00:00+02:00,19.6585,7.928177,11.5199995,0.0,0.0,39600.0,10.754816,21.185438
2026-05-28 09:00:00+02:00,21.4585,9.0,17.28,0.0,0.0,40340.0,9.994198,22.206465
2026-05-28 10:00:00+02:00,23.0585,10.703569,19.8,0.0,0.0,40920.0,10.391472,22.593443
2026-05-28 11:00:00+02:00,24.5585,11.720751,21.24,0.0,0.0,42180.0,8.21518,18.042753
2026-05-28 12:00:00+02:00,25.8085,12.984975,19.8,0.0,0.0,42320.0,12.269996,17.290411
2026-05-28 13:00:00+02:00,26.9085,12.496718,20.880001,0.0,0.0,43940.0,16.91609,16.71258
2026-05-28 14:00:00+02:00,27.258501,11.525623,20.880001,0.0,0.0,43220.0,15.419778,15.554438
2026-05-28 15:00:00+02:00,27.9085,12.783802,20.16,0.0,0.0,44740.0,16.316214,12.96038
2026-05-28 16:00:00+02:00,28.1085,12.904882,21.599998,0.0,0.0,47240.0,17.824654,11.189642
2026-05-28 17:00:00+02:00,27.8585,10.931203,23.039999,0.0,0.0,46420.0,14.878324,13.879042
2026-05-28 18:00:00+02:00,27.008501,10.086427,19.8,0.0,0.0,44820.0,15.1685915,19.120867
2026-05-28 19:00:00+02:00,26.008501,7.7043357,18.359999,0.0,0.0,43420.0,15.739669,14.289349
2026-05-28 20:00:00+02:00,25.3085,7.628263,16.919998,0.0,0.0,43040.0,21.495146,14.329733
2026-05-28 21:00:00+02:00,23.3085,5.506941,12.24,0.0,0.0,41720.0,24.476442,11.858258
2026-05-28 22:00:00+02:00,21.758501,11.966954,20.16,0.0,0.0,41320.0,19.333553,25.105341
2026-05-28 23:00:00+02:00,21.0585,13.513193,24.119999,0.0,0.0,42600.0,16.436678,20.49216
2026-05-29 00:00:00+02:00,20.2085,11.923557,23.759998,0.0,0.0,42460.0,15.680186,18.877537
2026-05-29 01:00:00+02:00,19.1085,5.6233797,19.44,0.0,0.0,41880.0,8.976174,21.724136
2026-05-29 02:00:00+02:00,18.6585,10.383987,13.679999,0.0,0.0,41600.0,4.2990294,22.653046
2026-05-29 03:00:00+02:00,18.3085,7.8625183,18.72,0.0,0.0,41880.0,1.4410379,25.561563
2026-05-29 04:00:00+02:00,17.508501,4.5820518,11.879999,0.0,0.0,41880.0,3.8667102,25.051575
2026-05-29 05:00:00+02:00,15.7085,7.2,10.799999,0.0,0.0,40780.0,4.201311,22.4909
2026-05-29 06:00:00+02:00,15.7085,5.991594,11.879999,0.0,0.0,40780.0,7.543114,21.679756
2026-05-29 07:00:00+02:00,16.6085,4.1046314,9.36,0.0,0.0,41180.0,9.227144,21.103449
2026-05-29 08:00:00+02:00,18.5585,3.4152596,7.2,0.0,0.0,42160.0,8.476439,21.546066
2026-05-29 09:00:00+02:00,20.6585,5.4477882,11.159999,0.0,0.0,42700.0,7.6388597,20.66067
2026-05-29 10:00:00+02:00,22.6585,8.891343,17.28,0.0,0.0,43720.0,8.84802,22.041039
2026-05-29 11:00:00+02:00,24.258501,11.384198,22.68,0.0,0.0,45580.0,7.515534,18.62069
2026-05-29 12:00:00+02:00,25.4585,12.031756,23.4,0.0,0.0,46420.0,8.513107,21.510277
2026-05-29 13:00:00+02:00,26.6585,11.246759,22.68,0.0,0.0,46740.0,11.830561,21.066906
2026-05-29 14:00:00+02:00,27.3585,10.97262,22.68,0.0,0.0,47560.0,14.272824,22.387888
2026-05-29 15:00:00+02:00,28.0585,13.044722,23.039999,0.0,0.0,51620.0,16.587591,21.51923
2026-05-29 16:00:00+02:00,28.3585,14.512064,24.48,0.0,0.0,56900.0,17.441916,19.716057
2026-05-29 17:00:00+02:00,28.3085,14.003028,28.08,0.0,0.0,54980.0,16.866917,19.480164
2026-05-29 18:00:00+02:00,27.7085,13.246826,24.48,0.0,0.0,55480.0,18.147924,19.390963
2026-05-29 19:00:00+02:00,26.9085,13.18308,24.48,0.0,0.0,51700.0,23.002504,19.49005
2026-05-29 20:00:00+02:00,26.008501,10.587917,23.759998,0.0,0.0,51140.0,27.132105,22.206465
2026-05-29 21:00:00+02:00,23.8585,7.2805495,16.919998,0.0,0.0,51340.0,20.019537,19.716057
2026-05-29 22:00:00+02:00,21.758501,8.707238,14.4,0.0,0.0,48680.0,21.706642,20.85554
2026-05-29 23:00:00+02:00,19.5585,6.6185193,14.4,0.0,0.0,44320.0,23.766205,18.339252
2026-05-30 00:00:00+02:00,18.2085,7.10031,11.879999,0.0,0.0,43300.0,22.884842,20.331732
2026-05-30 01:00:00+02:00,17.3585,6.379216,11.879999,0.0,0.0,42960.0,22.370924,22.206465
2026-05-30 02:00:00+02:00,16.7085,6.725354,10.799999,0.0,0.0,42360.0,22.629341,19.480164
2026-05-30 03:00:00+02:00,16.258501,6.12,10.799999,0.0,0.0,42580.0,24.293348,19.251387
2026-05-30 04:00:00+02:00,15.8085,6.28713,11.159999,0.0,0.0,42180.0,26.098305,18.908127
2026-05-30 05:00:00+02:00,15.4585,7.5942082,11.159999,0.0,0.0,41280.0,27.647657,12.367153
2026-05-30 06:00:00+02:00,17.1085,7.145796,13.32,0.0,0.0,42400.0,27.341772,10.839878
2026-05-30 07:00:00+02:00,18.008501,6.12,12.24,0.0,0.0,42320.0,24.224873,17.043554
2026-05-30 08:00:00+02:00,19.3585,3.319036,9.72,0.0,0.0,43460.0,21.996489,25.538944
2026-05-30 09:00:00+02:00,20.3085,3.8773184,7.92,0.0,0.0,42500.0,15.209606,24.61721
2026-05-30 10:00:00+02:00,21.508501,1.835647,8.64,0.0,0.0,42120.0,13.701232,22.014801
2026-05-30 11:00:00+02:00,22.8585,5.0142193,12.959999,0.0,0.0,41920.0,18.027378,21.357496
2026-05-30 12:00:00+02:00,25.0585,5.3999996,12.599999,0.0,0.0,43420.0,16.712313,20.66999
2026-05-30 13:00:00+02:00,26.9585,7.771331,16.56,0.0,0.0,43900.0,17.46571,15.41761
2026-05-30 14:00:00+02:00,27.258501,6.763786,17.64,0.0,0.0,44040.0,21.42257,15.216393
2026-05-30 15:00:00+02:00,28.258501,10.464797,21.599998,0.0,0.0,45420.0,9.125309,14.396789
2026-05-30 16:00:00+02:00,28.758501,7.7879906,19.08,0.0,0.0,47820.0,7.958391,8.442291
2026-05-30 17:00:00+02:00,29.008501,7.5170207,16.56,0.0,0.0,49340.0,8.765491,6.2068963
2026-05-30 18:00:00+02:00,28.9585,8.049845,15.84,0.0,0.0,49740.0,9.580463,9.164372
2026-05-30 19:00:00+02:00,28.3085,7.653705,15.84,0.0,0.0,48640.0,9.858215,12.051613
2026-05-30 20:00:00+02:00,27.258501,6.3690495,14.759999,0.0,0.0,48520.0,14.560902,11.189641
2026-05-30 21:00:00+02:00,24.8085,4.3349743,9.72,0.0,0.0,45500.0,12.269996,14.289349
2026-05-30 22:00:00+02:00,21.6085,6.379216,10.440001,0.0,0.0,42180.0,7.205189,16.386677
2026-05-30 23:00:00+02:00,21.1585,5.315336,11.159999,0.0,0.0,43080.0,7.866535,18.631031
2026-05-31 00:00:00+02:00,19.8585,6.379216,10.799999,0.0,0.0,41820.0,3.4704785,17.167427
2026-05-31 01:00:00+02:00,19.9585,5.8603754,11.159999,0.0,0.0,42700.0,2.8820758,15.909525
2026-05-31 02:00:00+02:00,18.9085,5.8603754,9.36,0.0,0.0,41720.0,3.5591009,14.753624
2026-05-31 03:00:00+02:00,18.8085,4.3349743,9.0,0.0,0.0,41860.0,4.6472077,14.181093
2026-05-31 04:00:00+02:00,18.4585,4.68,7.92,0.0,0.0,41380.0,5.468354,11.444951
2026-05-31 05:00:00+02:00,17.5585,5.8603754,9.72,0.0,0.0,40840.0,5.094838,12.241913
2026-05-31 06:00:00+02:00,17.1085,5.8048253,9.36,0.0,0.0,40720.0,6.524576,11.326523
2026-05-31 07:00:00+02:00,18.1085,4.3349743,10.440001,0.0,0.0,40760.0,8.476439,14.396789
2026-05-31 08:00:00+02:00,19.8585,4.2136917,6.8399997,0.0,0.0,41180.0,15.09311,18.170418
2026-05-31 09:00:00+02:00,21.758501,6.489992,12.599999,0.0,0.0,41560.0,20.907467,20.035875
2026-05-31 10:00:00+02:00,23.5585,9.779817,18.72,0.0,0.0,41980.0,28.741392,22.593443
2026-05-31 11:00:00+02:00,25.7085,13.708391,27.72,0.0,0.0,43000.0,29.857664,25.136015
2026-05-31 12:00:00+02:00,26.8585,14.917212,28.44,0.0,0.0,43780.0,30.419212,27.48611
2026-05-31 13:00:00+02:00,27.6585,14.512064,27.72,0.0,0.0,44420.0,19.274387,28.61238
2026-05-31 14:00:00+02:00,27.9085,13.441071,27.359999,0.0,0.0,44900.0,26.418589,38.87123
2026-05-31 15:00:00+02:00,28.8585,13.722565,27.0,0.0,0.0,45320.0,20.752945,43.22603
2026-05-31 16:00:00+02:00,27.1085,33.11413,50.399998,0.0,0.0,42120.0,34.87788,25.831429
2026-05-31 17:00:00+02:00,23.3585,18.861387,59.399998,0.0,0.0,42560.0,51.05628,60.74202
2026-05-31 18:00:00+02:00,22.3085,16.676977,36.0,3.0,0.0,38560.0,47.473392,46.06504
2026-05-31 19:00:00+02:00,20.758501,19.08,43.199997,43.0,0.0,35780.0,52.172737,47.893757
2026-05-31 20:00:00+02:00,19.758501,10.464798,30.960001,54.0,0.2,20260.0,27.857168,62.068962
2026-05-31 21:00:00+02:00,18.1585,4.0249224,20.16,68.0,0.8,31020.0,24.624466,47.506077
2026-05-31 22:00:00+02:00,17.8085,5.2416787,11.5199995,10.0,0.0,26540.0,22.624752,43.221573
2026-05-31 23:00:00+02:00,16.9085,6.162207,14.04,91.0,0.2,19980.0,20.236195,45.82186
2026-06-01 00:00:00+02:00,16.7085,3.319036,22.68,77.0,0.0,17120.0,19.46735,35.38475
2026-06-01 01:00:00+02:00,16.7085,5.5887027,10.08,68.0,0.1,16940.0,15.2777195,48.65589
2026-06-01 02:00:00+02:00,16.1585,4.896529,12.24,66.0,0.2,18180.0,15.5204525,42.06975
2026-06-01 03:00:00+02:00,15.9585,3.5455887,7.92,61.0,0.1,17220.0,16.860758,34.362892
2026-06-01 04:00:00+02:00,15.7085,1.484318,6.8399997,74.0,0.2,13800.0,16.007849,34.9851
2026-06-01 05:00:00+02:00,15.7085,2.52,5.3999996,74.0,0.3,11940.0,21.437103,36.32493
2026-06-01 06:00:00+02:00,15.7085,2.2768397,5.04,61.0,0.1,12920.0,22.370922,35.682907
2026-06-01 07:00:00+02:00,15.908501,4.3349743,7.5599995,56.0,0.0,12060.0,23.074612,35.828365
2026-06-01 08:00:00+02:00,16.1585,6.849467,16.919998,58.0,0.0,28980.0,21.085493,33.597603
2026-06-01 09:00:00+02:00,16.5585,9.028754,17.28,81.0,0.0,32780.0,21.42257,33.12413
2026-06-01 10:00:00+02:00,17.0585,8.28,18.0,75.0,0.0,34660.0,21.991768,25.273579
2026-06-01 11:00:00+02:00,18.508501,8.825508,19.08,79.0,0.0,40080.0,21.13959,18.599987
2026-06-01 12:00:00+02:00,19.6085,9.9571085,20.519999,50.0,0.0,40720.0,19.128386,19.62793
2026-06-01 13:00:00+02:00,20.7085,9.531505,20.519999,42.0,0.0,41320.0,13.152184,23.397612
2026-06-01 14:00:00+02:00,21.5585,5.692099,19.44,2.0,0.0,41820.0,10.025316,19.271389
2026-06-01 15:00:00+02:00,22.4085,4.896529,16.919998,0.0,0.0,43020.0,9.215885,14.909477
2026-06-01 16:00:00+02:00,22.8585,5.6920996,17.28,0.0,0.0,43520.0,7.7602262,17.654228
2026-06-01 17:00:00+02:00,23.258501,2.5455842,11.879999,0.0,0.0,44080.0,5.195736,17.914183
2026-06-01 18:00:00+02:00,23.3085,4.452954,8.64,0.0,0.0,44280.0,4.2990294,16.11404
2026-06-01 19:00:00+02:00,22.7085,3.0758414,5.7599998,0.0,0.0,43760.0,3.2222586,24.103226
2026-06-01 20:00:00+02:00,22.6085,2.0364676,7.5599995,0.0,0.0,44040.0,2.3236039,26.428555
2026-06-01 21:00:00+02:00,20.9085,3.319036,5.04,0.0,0.0,41280.0,0.9113924,28.980291
2026-06-01 22:00:00+02:00,18.4085,4.829907,8.64,0.0,0.0,40220.0,4.323114,29.441893
2026-06-01 23:00:00+02:00,17.508501,4.829907,9.36,9.0,0.0,37360.0,2.8820758,39.201843
2026-06-02 00:00:00+02:00,16.508501,4.0249224,9.0,8.0,0.0,33820.0,2.8820758,41.95972
2026-06-02 01:00:00+02:00,17.3085,3.9763298,7.92,4.0,0.0,38140.0,5.7641516,42.21146
2026-06-02 02:00:00+02:00,17.1585,3.6179552,6.8399997,0.0,0.0,35660.0,7.1327734,45.72086
2026-06-02 03:00:00+02:00,16.7085,4.1046314,7.5599995,0.0,0.0,35400.0,8.753638,48.766617
2026-06-02 04:00:00+02:00,16.4085,4.0249224,7.2,0.0,0.0,35300.0,12.0307255,52.64165
2026-06-02 05:00:00+02:00,15.7085,3.96,7.5599995,0.0,0.0,32880.0,16.73094,55.43283
2026-06-02 06:00:00+02:00,15.7085,3.219938,6.12,0.0,0.0,34880.0,18.788836,51.021294
2026-06-02 07:00:00+02:00,16.1085,1.4399999,4.68,23.0,0.0,34760.0,21.615568,49.65517
2026-06-02 08:00:00+02:00,17.008501,3.319036,6.12,0.0,0.0,36260.0,23.634777,52.64165
2026-06-02 09:00:00+02:00,18.3085,5.4119864,11.159999,0.0,0.0,38060.0,24.06145,51.3937
2026-06-02 10:00:00+02:00,20.0585,6.489992,14.4,0.0,0.0,40160.0,27.34557,48.719193
2026-06-02 11:00:00+02:00,20.5585,6.0347,15.119999,0.0,0.0,39320.0,35.162506,57.51017
2026-06-02 12:00:00+02:00,22.008501,13.979872,27.0,12.0,0.0,40600.0,43.38697,54.677082
2026-06-02 13:00:00+02:00,21.8085,8.587338,26.28,0.0,0.0,40440.0,38.41927,54.768604
2026-06-02 14:00:00+02:00,23.008501,7.69592,19.8,0.0,0.0,41000.0,30.206846,57.76083
2026-06-02 15:00:00+02:00,24.3585,12.72283,24.119999,25.0,0.0,41880.0,24.476442,50.58144
2026-06-02 16:00:00+02:00,19.6585,25.233404,55.8,39.0,0.0,39200.0,31.017483,41.157852
2026-06-02 17:00:00+02:00,15.908501,8.654986,48.239998,69.0,0.0,13380.0,45.501217,58.61164
2026-06-02 18:00:00+02:00,15.5585,10.805999,21.24,64.0,3.4,21400.0,30.839556,69.68606
2026-06-02 19:00:00+02:00,15.2585,10.495713,21.599998,65.0,2.0,14960.0,39.171318,65.81945
2026-06-02 20:00:00+02:00,14.658501,13.75558,21.24,87.0,2.6,1080.0,44.464832,54.03209
2026-06-02 21:00:00+02:00,14.7085,8.647496,26.64,46.0,0.7,27780.0,54.09749,59.689564
2026-06-02 22:00:00+02:00,14.2585,3.6179552,15.4800005,4.0,0.0,24540.0,52.142876,49.081596
2026-06-02 23:00:00+02:00,13.7085,3.8939953,6.8399997,19.0,0.0,27180.0,37.57767,41.701843
2026-06-03 00:00:00+02:00,13.7085,5.815978,10.440001,33.0,0.0,12580.0,34.993786,49.968407
2026-06-03 01:00:00+02:00,13.3585005,8.0899935,19.08,53.0,0.0,25160.0,26.371387,50.041595
2026-06-03 02:00:00+02:00,13.158501,7.9526596,13.32,83.0,0.0,20640.0,39.232243,37.78568
2026-06-03 03:00:00+02:00,12.4585,8.049845,17.28,80.0,0.2,18260.0,40.395355,43.981453
2026-06-03 04:00:00+02:00,12.5085,6.1305785,14.759999,73.0,0.6,15140.0,42.83544,42.615665
2026-06-03 05:00:00+02:00,12.0585,9.36,15.119999,66.0,0.5,13220.0,43.756325,47.857548
2026-06-03 06:00:00+02:00,11.9585,8.049845,18.359999,84.0,0.0,20180.0,37.250202,52.762268
2026-06-03 07:00:00+02:00,12.2085,6.924738,15.119999,80.0,0.0,19000.0,37.13854,51.610634
2026-06-03 08:00:00+02:00,12.5585,6.6087217,13.679999,85.0,0.1,20600.0,36.933887,45.91845
2026-06-03 09:00:00+02:00,12.9585,8.534353,20.16,87.0,0.1,25320.0,34.204544,39.801647
2026-06-03 10:00:00+02:00,13.3085,9.904906,28.08,86.0,0.0,28320.0,41.02278,45.31034
2026-06-03 11:00:00+02:00,13.0085,10.966713,28.8,95.0,0.4,25560.0,33.26582,44.108284
2026-06-03 12:00:00+02:00,13.5085,9.957108,29.88,86.0,0.1,25200.0,29.221462,45.935226
2026-06-03 13:00:00+02:00,13.9585,9.686609,29.16,96.0,0.0,30020.0,27.831066,44.086445
2026-06-03 14:00:00+02:00,15.6085005,11.183201,20.519999,61.0,0.0,31120.0,31.15109,42.225147
2026-06-03 15:00:00+02:00,15.6085005,9.085988,32.399998,62.0,0.1,34200.0,30.653826,36.048122
2026-06-03 16:00:00+02:00,16.258501,7.928177,18.359999,84.0,0.0,33860.0,29.253422,32.042255
2026-06-03 17:00:00+02:00,17.4585,8.699793,18.72,22.0,0.0,39240.0,32.222588,32.566986
2026-06-03 18:00:00+02:00,17.6085,10.787993,21.96,74.0,0.0,40100.0,19.231243,36.62595
2026-06-03 19:00:00+02:00,17.1585,10.390226,19.8,83.0,0.0,39100.0,21.591537,39.767754
2026-06-03 20:00:00+02:00,17.008501,2.3051248,15.84,14.0,0.0,38740.0,31.419912,42.629227
2026-06-03 21:00:00+02:00,15.908501,2.9024127,6.8399997,0.0,0.0,38820.0,26.098305,45.95619
2026-06-03 22:00:00+02:00,14.8585005,2.5455842,3.6,0.0,0.0,37480.0,26.90152,43.687023
2026-06-03 23:00:00+02:00,13.658501,6.193674,8.28,0.0,0.0,23520.0,32.587852,41.21865
2026-06-04 00:00:00+02:00,13.2085,6.763786,11.879999,0.0,0.0,25660.0,41.645744,42.461704
2026-06-04 01:00:00+02:00,12.9585,7.7043357,13.32,0.0,0.0,29880.0,43.004784,40.07175
2026-06-04 02:00:00+02:00,13.0085,7.289445,13.32,0.0,0.0,30560.0,49.016476,34.957558
2026-06-04 03:00:00+02:00,12.7085,4.5820518,12.24,0.0,0.0,33720.0,44.964077,33.60907
2026-06-04 04:00:00+02:00,12.2085,6.792466,11.159999,0.0,0.0,31700.0,39.791958,39.196926
2026-06-04 05:00:00+02:00,12.408501,4.8433046,10.799999,0.0,0.0,29740.0,34.70479,24.341797
2026-06-04 06:00:00+02:00,12.3585005,5.6002855,10.440001,0.0,0.0,28680.0,33.14387,38.861317
2026-06-04 07:00:00+02:00,12.9585,5.1165614,9.36,0.0,0.0,27300.0,40.687317,45.82186
2026-06-04 08:00:00+02:00,14.3585005,6.725354,13.679999,0.0,0.0,32760.0,44.56746,51.3937
2026-06-04 09:00:00+02:00,15.6085005,8.647496,15.84,0.0,0.0,36720.0,40.01054,51.666584
2026-06-04 10:00:00+02:00,16.3585,10.948973,20.16,0.0,0.0,36340.0,40.50573,52.174862
2026-06-04 11:00:00+02:00,17.6085,9.511088,21.24,0.0,0.0,38880.0,34.05243,57.224754
2026-06-04 12:00:00+02:00,17.8585,8.435069,16.919998,0.0,0.0,40300.0,40.227932,55.640938
2026-06-04 13:00:00+02:00,19.6085,10.990322,20.519999,4.0,0.0,40200.0,39.812828,53.900024
2026-06-04 14:00:00+02:00,19.9085,12.429127,25.199999,3.0,0.2,41220.0,27.375927,44.801582
2026-06-04 15:00:00+02:00,19.0585,15.158522,31.319998,76.0,0.0,40320.0,26.820343,32.708637
2026-06-04 16:00:00+02:00,17.3085,12.57426,27.359999,98.0,0.3,15160.0,22.254591,31.330996
2026-06-04 17:00:00+02:00,14.158501,16.700275,29.519999,62.0,2.1,15060.0,58.36648,35.87672
2026-06-04 18:00:00+02:00,13.2585,12.397806,28.44,70.0,0.6,15580.0,59.08255,29.179014
2026-06-04 19:00:00+02:00,12.658501,8.942214,20.519999,78.0,1.1,12220.0,57.918243,39.975494
2026-06-04 20:00:00+02:00,11.8085,13.551501,18.0,100.0,1.4,10480.0,48.097,58.84779
2026-06-04 21:00:00+02:00,11.5085,11.298495,23.039999,100.0,1.1,23740.0,47.21901,50.89655
2026-06-04 22:00:00+02:00,11.4585,8.557102,20.16,100.0,1.0,24660.0,39.561672,52.24496
2026-06-04 23:00:00+02:00,11.2585,11.177405,17.28,74.0,0.7,16800.0,39.73974,51.202194
2026-06-05 00:00:00+02:00,11.2585,9.585739,21.24,61.0,0.7,19940.0,43.06992,50.40978
2026-06-05 01:00:00+02:00,11.2585,9.387651,18.0,99.0,1.0,25200.0,39.33268,44.19118
2026-06-05 02:00:00+02:00,10.908501,10.315115,18.0,84.0,0.6,30400.0,36.64319,42.24795
2026-06-05 03:00:00+02:00,10.408501,5.6233797,18.72,31.0,0.0,26820.0,38.1943,42.39814
2026-06-05 04:00:00+02:00,10.3085,5.4477882,9.0,65.0,0.4,24960.0,45.005623,41.701843
2026-06-05 05:00:00+02:00,10.5585,6.9899354,12.24,79.0,0.0,23920.0,31.456244,40.97022
2026-06-05 06:00:00+02:00,10.8085,5.506941,11.5199995,94.0,0.0,20400.0,29.178795,36.53116
2026-06-05 07:00:00+02:00,11.158501,4.3349743,10.08,68.0,0.0,20460.0,25.978682,31.776642
2026-06-05 08:00:00+02:00,11.7085,6.130579,10.799999,53.0,0.0,23160.0,18.250618,32.995945
2026-06-05 09:00:00+02:00,12.158501,9.255571,16.199999,48.0,0.0,24920.0,14.482251,28.006792
2026-06-05 10:00:00+02:00,13.0085,6.9527545,16.919998,41.0,0.0,32240.0,16.718523,26.194279
2026-06-05 11:00:00+02:00,13.408501,5.3517847,13.679999,93.0,0.0,36440.0,14.301892,21.438515
2026-06-05 12:00:00+02:00,14.6085005,7.2359104,14.4,53.0,0.0,36920.0,11.02182,21.112572
2026-06-05 13:00:00+02:00,15.658501,9.983106,16.199999,66.0,0.0,37620.0,10.638335,20.864775
2026-06-05 14:00:00+02:00,15.2085,9.107359,18.359999,55.0,0.0,37800.0,9.394418,17.256958
2026-06-05 15:00:00+02:00,16.4085,4.73506,12.599999,0.0,0.0,39720.0,6.1138062,14.181093
2026-06-05 16:00:00+02:00,17.3085,5.6920996,12.599999,7.0,0.0,40720.0,4.2990294,14.4368725
2026-06-05 17:00:00+02:00,17.7085,6.12,10.08,0.0,0.0,41720.0,6.850616,23.975016
2026-06-05 18:00:00+02:00,17.5585,5.1919937,9.0,0.0,0.0,41380.0,5.195736,24.42869
2026-06-05 19:00:00+02:00,17.1085,5.3999996,6.4799995,0.0,0.0,41200.0,4.488087,22.76332
2026-06-05 20:00:00+02:00,16.6585,5.1165614,9.36,0.0,0.0,40700.0,5.543783,23.635157
2026-06-05 21:00:00+02:00,15.3585005,4.0249224,9.0,0.0,0.0,38740.0,11.392405,26.105885
2026-06-05 22:00:00+02:00,14.1085005,4.3349743,7.2,7.0,0.0,34440.0,13.285713,24.42869
2026-06-05 23:00:00+02:00,13.3585005,5.3517847,8.64,41.0,0.0,33320.0,18.239237,30.533892
2026-06-06 00:00:00+02:00,12.408501,5.1919937,9.72,41.0,0.0,32260.0,19.188004,29.80603
2026-06-06 01:00:00+02:00,11.8085,5.692099,10.08,44.0,0.0,29540.0,16.360699,29.954306
2026-06-06 02:00:00+02:00,11.158501,4.6938257,9.36,10.0,0.0,24300.0,15.148044,29.896374
2026-06-06 03:00:00+02:00,10.5085,4.6938257,10.08,0.0,0.0,20340.0,12.759493,27.737257
2026-06-06 04:00:00+02:00,9.8585005,5.2416787,9.0,4.0,0.0,13480.0,7.34788,26.948225
2026-06-06 05:00:00+02:00,10.0585,3.4152596,8.28,0.0,0.0,19160.0,4.0758705,22.379284
2026-06-06 06:00:00+02:00,9.908501,1.835647,6.4799995,0.0,0.0,21520.0,2.3236039,23.04088
2026-06-06 07:00:00+02:00,10.7085,1.1384199,1.8,4.0,0.0,20700.0,8.151741,21.002802
2026-06-06 08:00:00+02:00,12.0585,1.08,5.7599998,0.0,0.0,22540.0,7.1182017,22.387888
2026-06-06 09:00:00+02:00,13.5085,3.6,7.92,0.0,0.0,31360.0,11.528303,23.298607
2026-06-06 10:00:00+02:00,14.7085,5.634891,11.879999,4.0,0.0,33120.0,19.894674,26.566677
2026-06-06 11:00:00+02:00,16.1085,5.8603754,14.4,42.0,0.0,35440.0,25.814295,30.36308
2026-06-06 12:00:00+02:00,17.7085,8.942214,18.0,13.0,0.0,39220.0,30.422628,41.21398
2026-06-06 13:00:00+02:00,18.8585,11.298495,21.96,32.0,0.0,40160.0,33.165794,53.660046
2026-06-06 14:00:00+02:00,20.1585,13.089354,29.88,64.0,0.0,41540.0,28.432667,51.651672
2026-06-06 15:00:00+02:00,21.1085,14.007655,27.72,21.0,0.0,41800.0,21.806862,54.28817
2026-06-06 16:00:00+02:00,21.5585,12.181625,27.72,0.0,0.0,41980.0,21.649164,46.435715
2026-06-06 17:00:00+02:00,22.0585,7.928177,26.28,10.0,0.0,42420.0,21.763966,49.425762
2026-06-06 18:00:00+02:00,22.0585,12.413477,23.4,0.0,0.0,43080.0,27.946474,49.05019
2026-06-06 19:00:00+02:00,21.6585,11.983188,23.759998,0.0,0.0,43080.0,33.21897,55.098225
2026-06-06 20:00:00+02:00,20.758501,9.178235,23.039999,0.0,0.0,42260.0,28.245811,57.379387
2026-06-06 21:00:00+02:00,18.4085,5.692099,14.04,12.0,0.0,40380.0,25.555578,62.61586
2026-06-06 22:00:00+02:00,17.4585,3.096837,10.799999,14.0,0.0,40000.0,23.542343,61.43573
2026-06-06 23:00:00+02:00,17.008501,2.5455842,4.32,40.0,0.0,40060.0,18.027378,63.26164
2026-06-07 00:00:00+02:00,16.9585,0.35999998,2.16,48.0,0.0,40300.0,16.335293,63.27991
2026-06-07 01:00:00+02:00,16.8585,1.9386592,2.8799999,78.0,0.0,39980.0,21.41772,58.308495
2026-06-07 02:00:00+02:00,16.2085,7.145796,9.0,72.0,0.0,38000.0,32.838593,59.408134
2026-06-07 03:00:00+02:00,15.6085005,7.289444,15.119999,65.0,0.0,37180.0,35.59101,51.666584
2026-06-07 04:00:00+02:00,15.2085,4.379589,11.879999,84.0,0.0,35480.0,31.472742,49.581406
2026-06-07 05:00:00+02:00,15.4585,6.6185193,7.2,80.0,0.0,38860.0,25.559643,44.317413
2026-06-07 06:00:00+02:00,14.7585,5.0142193,12.959999,96.0,0.0,37500.0,22.825785,45.1357
2026-06-07 07:00:00+02:00,14.7085,4.6938252,8.28,100.0,0.0,36980.0,19.905111,39.811325
2026-06-07 08:00:00+02:00,15.408501,6.9527545,12.599999,84.0,0.0,39360.0,14.47508,38.427654
2026-06-07 09:00:00+02:00,15.908501,9.793058,18.0,87.0,0.0,39960.0,15.5204525,37.755074
2026-06-07 10:00:00+02:00,16.6585,9.504273,18.72,60.0,0.0,39940.0,12.889034,38.502773
2026-06-07 11:00:00+02:00,18.258501,7.8954163,19.44,22.0,0.0,40800.0,14.539494,34.14357
2026-06-07 12:00:00+02:00,19.5585,7.0911775,15.84,0.0,0.0,41060.0,14.47508,35.466312
2026-06-07 13:00:00+02:00,20.6085,10.144082,20.519999,22.0,0.0,41340.0,16.00136,36.846176
2026-06-07 14:00:00+02:00,21.4585,9.339208,21.24,24.0,0.0,41660.0,10.638335,36.667995
2026-06-07 15:00:00+02:00,22.0585,10.163227,18.72,37.0,0.0,41840.0,11.208644,41.32134
2026-06-07 16:00:00+02:00,22.6085,11.983188,21.96,73.0,0.0,42160.0,10.189676,42.805088
2026-06-07 17:00:00+02:00,22.3085,8.587338,19.44,43.0,0.0,41780.0,7.4739733,45.037434
2026-06-07 18:00:00+02:00,22.5585,6.2145634,16.56,41.0,0.0,42280.0,7.0743074,42.791584
2026-06-07 19:00:00+02:00,21.9585,5.6920996,14.04,14.0,0.0,41860.0,5.487309,35.73146
2026-06-07 20:00:00+02:00,21.508501,4.452954,12.599999,0.0,0.0,41940.0,4.1265044,38.241734
2026-06-07 21:00:00+02:00,19.7085,4.0249224,8.64,4.0,0.0,40600.0,3.4704785,37.287903
2026-06-07 22:00:00+02:00,17.5585,3.8939953,6.8399997,11.0,0.0,37440.0,5.993747,37.287903
2026-06-07 23:00:00+02:00,16.4085,4.6800003,8.28,38.0,0.0,30780.0,7.840093,34.34046
2026-06-08 00:00:00+02:00,15.7085,5.154415,8.28,19.0,0.0,29720.0,7.3619976,30.439116
2026-06-08 01:00:00+02:00,15.0085,4.896529,9.0,0.0,0.0,29740.0,6.850616,25.516308
2026-06-08 02:00:00+02:00,14.7585,5.506941,8.28,0.0,0.0,30120.0,8.598059,30.22956
2026-06-08 03:00:00+02:00,14.0585,5.3517847,10.08,0.0,0.0,27220.0,11.254866,32.77923
2026-06-08 04:00:00+02:00,14.0085,3.8939953,9.0,0.0,0.0,29260.0,13.246578,35.160847
2026-06-08 05:00:00+02:00,13.8585005,3.219938,5.7599998,0.0,0.0,29400.0,22.010645,34.362892
2026-06-08 06:00:00+02:00,13.4585,3.2399998,5.04,0.0,0.0,26460.0,24.662386,32.755714
2026-06-08 07:00:00+02:00,14.158501,1.5273507,4.68,0.0,0.0,27900.0,32.07402,39.432114
2026-06-08 08:00:00+02:00,16.2085,4.198285,5.3999996,0.0,0.0,33420.0,43.749207,40.134197
2026-06-08 09:00:00+02:00,18.1085,6.9899354,13.679999,0.0,0.0,36860.0,43.38697,45.619633
2026-06-08 10:00:00+02:00,20.1585,6.130579,14.04,0.0,0.0,39320.0,32.825947,47.550655
2026-06-08 11:00:00+02:00,21.9085,5.2416787,12.599999,0.0,0.0,40540.0,39.501263,50.794262
2026-06-08 12:00:00+02:00,23.508501,6.28713,14.04,0.0,0.0,41480.0,41.7901,49.608597
2026-06-08 13:00:00+02:00,25.3085,9.83268,19.44,0.0,0.0,44340.0,24.216297,50.137737
2026-06-08 14:00:00+02:00,25.1085,5.95906,20.880001,0.0,0.0,42780.0,25.862514,45.81766
2026-06-08 15:00:00+02:00,26.3585,8.669949,17.28,0.0,0.0,44120.0,20.302786,43.448277
2026-06-08 16:00:00+02:00,26.8585,10.823973,20.880001,0.0,0.0,44100.0,21.892395,38.387535
2026-06-08 17:00:00+02:00,24.9585,21.67487,35.64,0.0,0.0,42760.0,30.075949,29.179014
2026-06-08 18:00:00+02:00,21.4585,13.276144,38.519997,0.0,0.0,40420.0,29.707758,38.20646
2026-06-08 19:00:00+02:00,20.3585,9.255571,24.119999,39.0,0.0,39000.0,33.443253,38.632633
2026-06-08 20:00:00+02:00,19.1085,9.0,25.199999,0.0,0.2,38680.0,43.329494,38.781925
2026-06-08 21:00:00+02:00,17.4085,6.4096174,16.919998,0.0,1.0,28680.0,44.616356,60.245274
2026-06-08 22:00:00+02:00,17.1085,9.19939,16.56,0.0,0.0,30160.0,58.602596,54.451145
2026-06-08 23:00:00+02:00,17.0585,9.504273,16.56,0.0,0.0,33520.0,47.269558,42.39814
2026-06-09 00:00:00+02:00,17.008501,4.0249224,17.64,0.0,0.0,29160.0,48.35106,58.572193
2026-06-09 01:00:00+02:00,16.8085,4.510787,7.5599995,0.0,0.1,28820.0,58.161545,58.742954
2026-06-09 02:00:00+02:00,16.7085,4.73506,10.440001,44.0,0.2,27580.0,57.96484,53.437016
2026-06-09 03:00:00+02:00,16.9585,12.10157,20.519999,70.0,0.1,30700.0,64.52567,68.98317
2026-06-09 04:00:00+02:00,15.9585,7.6367526,20.880001,93.0,2.3,20060.0,41.31785,63.52297
2026-06-09 05:00:00+02:00,15.3585005,3.396233,12.599999,94.0,0.4,16780.0,37.811802,63.498703
2026-06-09 06:00:00+02:00,15.3585005,5.2416787,9.0,100.0,0.4,22180.0,40.10385,60.142868
2026-06-09 07:00:00+02:00,15.0585,6.87779,14.04,61.0,2.1,17100.0,44.485844,61.020454
2026-06-09 08:00:00+02:00,14.5585,11.440978,15.119999,84.0,0.3,1940.0,46.061394,57.116932
2026-06-09 09:00:00+02:00,15.0585,10.8955765,21.24,100.0,0.0,23700.0,45.65157,64.6382
2026-06-09 10:00:00+02:00,15.2085,6.4799995,18.72,100.0,0.0,25700.0,41.933956,65.51437
2026-06-09 11:00:00+02:00,14.7585,9.422101,11.879999,100.0,0.0,10780.0,25.584002,64.0785
2026-06-09 12:00:00+02:00,14.2585,8.707238,19.08,100.0,0.1,32080.0,26.746689,62.329105
2026-06-09 13:00:00+02:00,13.8585005,8.209263,17.64,100.0,0.2,19300.0,25.717579,62.545067
2026-06-09 14:00:00+02:00,13.6085005,7.9932976,19.08,100.0,0.1,32020.0,32.825947,67.680786
2026-06-09 15:00:00+02:00,13.158501,7.2805495,13.679999,100.0,0.0,33440.0,27.478142,61.848225
2026-06-09 16:00:00+02:00,13.0585,6.9899354,13.32,100.0,0.0,32980.0,30.20685,60.42406
2026-06-09 17:00:00+02:00,12.8585005,9.904906,14.04,100.0,0.0,27740.0,27.763828,61.460815
2026-06-09 18:00:00+02:00,12.908501,10.587917,20.16,100.0,0.0,25160.0,23.351927,62.886
2026-06-09 19:00:00+02:00,13.0585,8.654986,18.0,100.0,0.0,21480.0,21.222921,54.05704
2026-06-09 20:00:00+02:00,12.8585005,8.587338,16.919998,100.0,0.0,23080.0,18.142204,60.72616
2026-06-09 21:00:00+02:00,12.8085,7.145796,14.04,65.0,0.0,26620.0,16.86076,65.36424
2026-06-09 22:00:00+02:00,12.4585,5.3999996,11.879999,56.0,0.0,24120.0,14.899244,59.747627
2026-06-09 23:00:00+02:00,12.3085,8.089993,8.64,99.0,0.0,21780.0,15.419778,50.153107
2026-06-10 00:00:00+02:00,12.158501,6.4096174,14.759999,74.0,0.0,22060.0,12.0307255,45.458893
2026-06-10 01:00:00+02:00,12.0085,4.39436,10.440001,87.0,0.0,24520.0,15.587208,49.19528
2026-06-10 02:00:00+02:00,11.7585,6.489992,9.36,54.0,0.0,22860.0,13.949067,40.630287
2026-06-10 03:00:00+02:00,11.6085005,5.1919937,10.08,61.0,0.1,5900.0,12.269995,26.855139
2026-06-10 04:00:00+02:00,11.7085,2.5455842,8.28,53.0,0.1,11520.0,5.0333285,27.716415
2026-06-10 05:00:00+02:00,11.4585,3.396233,4.32,27.0,0.4,16500.0,7.6388597,28.041162
2026-06-10 06:00:00+02:00,11.2085,3.563818,6.4799995,72.0,0.2,21160.0,7.800262,25.831429
2026-06-10 07:00:00+02:00,11.2585,3.7064266,8.28,71.0,0.6,22640.0,6.524576,37.184437
2026-06-10 08:00:00+02:00,11.4585,2.2768397,5.04,79.0,0.4,21260.0,0.4556962,29.670004
2026-06-10 09:00:00+02:00,11.8085,1.1384199,5.7599998,65.0,0.2,22800.0,1.2889035,31.679502
2026-06-10 10:00:00+02:00,12.7585,2.2768397,6.12,83.0,0.1,25400.0,3.3175182,34.946533
2026-06-10 11:00:00+02:00,12.2585,8.891343,15.119999,92.0,0.1,21460.0,1.8788835,25.92076
2026-06-10 12:00:00+02:00,12.6085005,8.587338,14.4,93.0,0.1,24420.0,6.940957,28.362186
2026-06-10 13:00:00+02:00,12.408501,11.019764,18.72,92.0,1.0,19300.0,21.649166,21.96224
2026-06-10 14:00:00+02:00,12.3585005,12.0694,27.359999,85.0,1.2,10640.0,27.979897,21.24899
2026-06-10 15:00:00+02:00,12.158501,12.55879,22.319998,59.0,1.4,15100.0,27.673931,50.900333
2026-06-10 16:00:00+02:00,11.0585,14.205182,25.919998,65.0,3.1,23460.0,25.363905,46.081764
2026-06-10 17:00:00+02:00,11.5085,7.7879906,24.48,89.0,0.3,30580.0,23.90994,46.568268
2026-06-10 18:00:00+02:00,11.8585005,9.255571,21.96,56.0,0.0,30520.0,26.820343,41.04068
2026-06-10 19:00:00+02:00,11.5085,10.08,19.44,68.0,0.0,29580.0,28.723322,39.083733
2026-06-10 20:00:00+02:00,11.0585,9.47012,16.919998,39.0,0.1,26440.0,35.162506,34.957558
2026-06-10 21:00:00+02:00,10.408501,8.12197,15.84,0.0,0.0,20340.0,32.838593,26.105885
2026-06-10 22:00:00+02:00,9.908501,6.989936,14.04,0.0,0.0,19400.0,31.911753,24.238705
2026-06-10 23:00:00+02:00,9.8085,6.6087217,11.5199995,13.0,0.0,18800.0,24.361639,34.188675
2026-06-11 00:00:00+02:00,10.1085005,9.504272,16.56,68.0,0.0,23680.0,18.616735,31.133633
2026-06-11 01:00:00+02:00,9.658501,5.692099,16.56,52.0,0.0,22060.0,22.347704,28.006792
2026-06-11 02:00:00+02:00,9.5585,5.904439,10.440001,21.0,0.0,22500.0,21.920834,34.14357
2026-06-11 03:00:00+02:00,9.3585005,5.991594,10.799999,0.0,0.0,24680.0,23.98365,33.18223
2026-06-11 04:00:00+02:00,9.4585,3.8939953,10.440001,0.0,0.0,26500.0,24.425488,34.278706
2026-06-11 05:00:00+02:00,9.4585,1.2979984,6.4799995,0.0,0.0,27240.0,23.700583,33.106678
2026-06-11 06:00:00+02:00,9.158501,0.8049845,3.6,38.0,0.0,23900.0,27.402464,36.751953
2026-06-11 07:00:00+02:00,9.658501,0.5091169,1.8,46.0,0.1,24160.0,31.472742,36.192112
2026-06-11 08:00:00+02:00,10.2585,4.198285,7.2,23.0,0.0,25000.0,26.493158,35.138927
2026-06-11 09:00:00+02:00,11.3585005,8.913181,16.199999,81.0,0.0,32040.0,30.199974,43.8235
2026-06-11 10:00:00+02:00,12.5085,13.207634,23.759998,47.0,0.0,38920.0,25.584002,45.91845
2026-06-11 11:00:00+02:00,13.7085,14.145756,27.359999,64.0,0.0,39900.0,24.497644,43.731094
2026-06-11 12:00:00+02:00,14.5585,15.683776,28.44,69.0,0.0,41040.0,25.327036,41.134445
2026-06-11 13:00:00+02:00,15.158501,14.113653,28.8,77.0,0.0,41900.0,30.987339,37.427124
2026-06-11 14:00:00+02:00,15.1085005,17.106628,33.839996,70.0,0.0,41680.0,28.520176,32.281826
2026-06-11 15:00:00+02:00,15.658501,15.986595,30.239998,84.0,0.0,41900.0,29.178795,35.574776
2026-06-11 16:00:00+02:00,15.9585,13.202726,34.56,0.0,0.0,41800.0,33.315723,31.53323
2026-06-11 17:00:00+02:00,16.258501,11.165805,35.28,0.0,0.0,41900.0,26.901518,42.211456
2026-06-11 18:00:00+02:00,16.0585,12.181625,25.56,6.0,0.0,42240.0,26.229265,37.246548
2026-06-11 19:00:00+02:00,15.8085,11.113451,22.319998,0.0,0.0,42040.0,23.074612,42.827583
2026-06-11 20:00:00+02:00,14.908501,5.315336,19.08,0.0,0.0,41060.0,21.538576,39.500443
2026-06-11 21:00:00+02:00,13.7085,2.968636,11.879999,8.0,0.0,40660.0,26.982447,44.968952
2026-06-11 22:00:00+02:00,13.0585,1.835647,5.3999996,18.0,0.0,39740.0,25.327036,43.11448
2026-06-11 23:00:00+02:00,13.0585,2.4149535,3.6,27.0,0.0,40180.0,33.819904,44.76717
2026-06-12 00:00:00+02:00,12.3585005,4.3349743,7.5599995,67.0,0.0,35860.0,38.302883,46.55172
2026-06-12 01:00:00+02:00,12.0585,5.154415,9.72,12.0,0.0,34380.0,38.497562,48.576645
2026-06-12 02:00:00+02:00,12.2085,4.1046314,8.64,3.0,0.0,32580.0,36.41295,50.37155
2026-06-12 03:00:00+02:00,12.1085005,4.39436,8.64,26.0,0.0,29540.0,39.961205,57.174244
2026-06-12 04:00:00+02:00,12.2085,6.489992,11.879999,71.0,0.0,29340.0,42.418926,54.525383
2026-06-12 05:00:00+02:00,12.2585,8.654986,11.879999,100.0,0.4,31040.0,49.22363,51.183376
2026-06-12 06:00:00+02:00,12.158501,10.948973,19.08,100.0,0.2,31040.0,48.971973,53.307083
2026-06-12 07:00:00+02:00,12.3085,9.007196,19.08,94.0,0.0,32280.0,46.250355,53.36848
2026-06-12 08:00:00+02:00,13.3585005,8.12197,16.56,69.0,0.0,37660.0,49.97099,60.792736
2026-06-12 09:00:00+02:00,13.658501,6.763786,15.4800005,100.0,0.0,38000.0,50.139008,57.32565
2026-06-12 10:00:00+02:00,13.4585,8.12197,14.759999,100.0,0.3,36580.0,50.343605,57.17424
2026-06-12 11:00:00+02:00,13.6085005,9.0645685,15.4800005,100.0,0.0,31620.0,55.16748,57.74749
2026-06-12 12:00:00+02:00,13.5585,9.6932955,18.0,100.0,0.0,30300.0,47.76122,52.21177
2026-06-12 13:00:00+02:00,13.908501,9.0,17.64,100.0,0.0,30460.0,43.530315,51.438656
2026-06-12 14:00:00+02:00,14.158501,12.074766,16.919998,84.0,0.0,33100.0,46.297478,54.36972
2026-06-12 15:00:00+02:00,14.7085,10.538843,24.119999,100.0,0.0,34540.0,43.827454,54.41222
2026-06-12 16:00:00+02:00,15.0085,6.849467,17.64,81.0,0.0,33180.0,42.01311,44.1781
2026-06-12 17:00:00+02:00,15.7085,7.928178,12.24,69.0,0.0,34840.0,46.405,42.193203
2026-06-12 18:00:00+02:00,15.9585,7.172949,13.32,83.0,0.0,34780.0,47.115547,43.928867
2026-06-12 19:00:00+02:00,16.258501,7.42159,13.679999,49.0,0.0,34980.0,44.436802,47.857544
2026-06-12 20:00:00+02:00,16.1585,7.072878,16.199999,71.0,0.0,36260.0,48.518272,43.55897
2026-06-12 21:00:00+02:00,15.8585005,5.95906,11.5199995,56.0,0.0,34960.0,45.178318,51.021294
2026-06-12 22:00:00+02:00,15.5085,5.495161,10.440001,74.0,0.0,34540.0,42.477634,55.003746
2026-06-12 23:00:00+02:00,15.5085,7.9036193,11.5199995,78.0,0.0,33180.0,44.938667,57.933983
2026-06-13 00:00:00+02:00,15.658501,7.10031,13.679999,72.0,0.0,33160.0,43.329494,56.7006
2026-06-13 01:00:00+02:00,15.7085,5.154415,11.879999,61.0,0.0,33200.0,42.124176,53.627728
2026-06-13 02:00:00+02:00,15.658501,5.8603754,10.08,52.0,0.0,32520.0,40.62091,56.126957
2026-06-13 03:00:00+02:00,15.408501,5.00128,10.440001,73.0,0.0,29600.0,44.741844,58.030334
2026-06-13 04:00:00+02:00,15.0585,5.692099,9.72,50.0,0.0,26840.0,42.895996,58.056877
2026-06-13 05:00:00+02:00,14.8585005,6.12,9.72,75.0,0.0,26420.0,41.478367,55.24486
2026-06-13 06:00:00+02:00,14.5085,6.6087217,11.879999,42.0,0.0,25540.0,39.20047,57.506817
2026-06-13 07:00:00+02:00,14.9585,6.379216,11.159999,5.0,0.0,25700.0,39.40389,57.157394
2026-06-13 08:00:00+02:00,16.7085,8.311245,12.599999,0.0,0.0,33260.0,40.60557,62.332195
2026-06-13 09:00:00+02:00,18.5585,12.768586,22.68,0.0,0.0,38120.0,45.69931,59.096043
2026-06-13 10:00:00+02:00,19.758501,16.981165,31.319998,3.0,0.0,39160.0,44.240093,55.126183
2026-06-13 11:00:00+02:00,21.2085,16.58346,32.399998,3.0,0.0,40700.0,46.445255,50.957066
2026-06-13 12:00:00+02:00,22.8085,17.873556,33.839996,0.0,0.0,41800.0,46.113213,50.44416
2026-06-13 13:00:00+02:00,24.2085,20.056877,37.44,0.0,0.0,42720.0,39.77369,49.581406
2026-06-13 14:00:00+02:00,25.1585,18.556595,37.44,0.0,0.0,43500.0,33.739986,43.306164
2026-06-13 15:00:00+02:00,25.6085,17.811815,34.56,0.0,0.0,43400.0,31.996231,46.72107
2026-06-13 16:00:00+02:00,26.1585,17.462782,33.48,0.0,0.0,43520.0,35.649307,53.584606
2026-06-13 17:00:00+02:00,26.758501,15.484185,34.92,26.0,0.0,43400.0,30.35429,54.655945
2026-06-13 18:00:00+02:00,26.4085,17.106628,33.12,39.0,0.0,43700.0,33.315723,54.497116
2026-06-13 19:00:00+02:00,24.7085,19.33639,38.88,0.0,0.0,43220.0,38.734177,50.122368
2026-06-13 20:00:00+02:00,23.8085,15.778518,34.2,0.0,0.0,42200.0,36.011536,46.885696
2026-06-13 21:00:00+02:00,22.4085,8.654986,28.08,0.0,0.0,41900.0,48.76162,47.143818
2026-06-13 22:00:00+02:00,20.6085,4.39436,13.32,0.0,0.0,41080.0,43.243145,47.99019
2026-06-13 23:00:00+02:00,19.5585,5.815978,10.08,0.0,0.0,40380.0,44.350266,47.893757
2026-06-14 00:00:00+02:00,18.258501,6.9153743,11.5199995,0.0,0.0,38580.0,46.34903,48.11846
2026-06-14 01:00:00+02:00,17.9085,5.00128,11.159999,0.0,0.0,38860.0,42.731087,49.90283
2026-06-14 02:00:00+02:00,17.5585,5.495161,7.92,0.0,0.0,39520.0,42.895996,48.449585
2026-06-14 03:00:00+02:00,17.0585,5.154415,8.64,0.0,0.0,38820.0,44.31748,50.371555
2026-06-14 04:00:00+02:00,17.008501,5.0528407,7.92,0.0,0.0,38600.0,44.20253,53.509064
2026-06-14 05:00:00+02:00,16.508501,5.6920996,7.5599995,0.0,0.0,37720.0,46.045616,53.411777
2026-06-14 06:00:00+02:00,15.908501,5.154415,9.36,0.0,0.0,35600.0,43.329494,53.39374
2026-06-14 07:00:00+02:00,16.4085,5.4477882,9.72,0.0,0.0,35680.0,43.293537,54.708782
2026-06-14 08:00:00+02:00,18.4085,8.049845,12.24,0.0,0.0,38520.0,46.061394,55.307587
2026-06-14 09:00:00+02:00,20.1585,14.007655,25.199999,39.0,0.0,39580.0,45.796898,54.060608
2026-06-14 10:00:00+02:00,21.008501,17.298738,32.399998,45.0,0.0,39980.0,44.28701,55.855167
2026-06-14 11:00:00+02:00,22.8085,18.861387,33.839996,6.0,0.0,42040.0,32.383297,57.214653
2026-06-14 12:00:00+02:00,23.9585,19.917469,36.719997,0.0,0.0,43300.0,34.931423,56.301712
2026-06-14 13:00:00+02:00,24.758501,20.907913,38.519997,35.0,0.0,43760.0,36.48132,53.45864
2026-06-14 14:00:00+02:00,25.508501,20.892412,42.839996,0.0,0.0,45780.0,36.046116,56.72777
2026-06-14 15:00:00+02:00,25.6585,24.535526,45.0,0.0,0.0,51140.0,40.1556,54.57835
2026-06-14 16:00:00+02:00,25.3585,26.141552,47.519997,0.0,0.0,54700.0,44.436806,53.194946
2026-06-14 17:00:00+02:00,24.9585,23.83624,47.88,0.0,0.0,55180.0,39.147457,50.581444
2026-06-14 18:00:00+02:00,24.258501,24.20314,43.92,0.0,0.0,53060.0,48.785038,52.61603
2026-06-14 19:00:00+02:00,23.008501,20.082708,44.28,0.0,0.0,48620.0,38.475983,54.36972
2026-06-14 20:00:00+02:00,22.008501,17.87718,36.36,0.0,0.0,48980.0,43.3271,53.985725
2026-06-14 21:00:00+02:00,20.9585,8.905908,30.239998,0.0,0.0,44560.0,42.565536,53.031746
2026-06-14 22:00:00+02:00,19.3585,6.151683,16.56,0.0,0.0,43380.0,39.94821,59.7444
2026-06-14 23:00:00+02:00,18.8085,3.9763298,10.08,0.0,0.0,42360.0,35.748196,56.157833
2026-06-15 00:00:00+02:00,17.008501,5.1919937,8.28,0.0,0.0,41520.0,28.520176,59.69602
2026-06-15 01:00:00+02:00,15.7085,6.4096174,10.799999,0.0,0.0,39680.0,22.104788,61.782784
2026-06-15 02:00:00+02:00,14.8585005,5.8048253,10.440001,0.0,0.0,37340.0,19.188004,59.873226
2026-06-15 03:00:00+02:00,13.5085,4.6938257,9.0,0.0,0.0,30540.0,24.9803,60.06274
2026-06-15 04:00:00+02:00,13.7085,4.1046314,7.92,0.0,0.0,35400.0,29.39152,63.020638
2026-06-15 05:00:00+02:00,13.1085005,2.9024127,6.4799995,0.0,0.0,36300.0,32.838593,58.440487
2026-06-15 06:00:00+02:00,13.3085,3.096837,3.96,0.0,0.0,37200.0,36.558083,56.37352
2026-06-15 07:00:00+02:00,13.3585005,2.2768397,4.68,0.0,0.0,33920.0,36.9367,54.19939
2026-06-15 08:00:00+02:00,15.0085,2.0364676,4.32,0.0,0.0,34520.0,35.59101,49.98382
2026-06-15 09:00:00+02:00,16.508501,5.6920996,10.799999,0.0,0.0,39620.0,33.343758,50.35243
2026-06-15 10:00:00+02:00,17.758501,8.28,16.56,2.0,0.0,40220.0,32.838593,49.285255
2026-06-15 11:00:00+02:00,19.508501,10.587917,20.880001,0.0,0.0,42000.0,29.000328,50.531914
2026-06-15 12:00:00+02:00,21.1585,13.084402,24.119999,0.0,0.0,43920.0,21.13959,49.693947
2026-06-15 13:00:00+02:00,22.1585,13.698934,25.56,0.0,0.0,43080.0,21.041128,47.60329
2026-06-15 14:00:00+02:00,23.3085,15.328561,28.08,4.0,0.0,44720.0,21.991768,48.754765
2026-06-15 15:00:00+02:00,24.3085,17.163355,31.319998,0.0,0.0,47200.0,25.129486,46.980095
2026-06-15 16:00:00+02:00,24.508501,17.447933,33.48,0.0,0.0,49780.0,26.990145,45.54356
2026-06-15 17:00:00+02:00,24.258501,17.114204,33.12,0.0,0.0,52720.0,23.774942,39.665905
2026-06-15 18:00:00+02:00,23.6585,14.186923,30.599998,0.0,0.0,50520.0,31.000742,36.90886
2026-06-15 19:00:00+02:00,23.3585,14.512064,25.199999,0.0,0.0,47680.0,24.425486,39.743526
2026-06-15 20:00:00+02:00,22.6585,10.799999,26.64,0.0,0.0,48340.0,19.805754,35.078575
2026-06-15 21:00:00+02:00,21.2085,4.802999,17.64,0.0,0.0,44180.0,22.482038,32.40095
2026-06-15 22:00:00+02:00,20.1585,3.319036,7.2,0.0,0.0,42840.0,18.594416,31.81905
2026-06-15 23:00:00+02:00,19.1085,2.3051248,4.68,0.0,0.0,41500.0,25.31063,30.108244
2026-06-16 00:00:00+02:00,17.3585,5.0142193,8.28,0.0,0.0,40380.0,25.539322,28.693052
2026-06-16 01:00:00+02:00,16.4085,6.0347,9.72,0.0,0.0,39500.0,18.788836,34.697605
2026-06-16 02:00:00+02:00,16.6585,5.3999996,9.72,0.0,0.0,39800.0,19.333553,36.414967
2026-06-16 03:00:00+02:00,16.3085,4.73506,8.64,0.0,0.0,39520.0,19.642567,34.780777
2026-06-16 04:00:00+02:00,15.908501,7.0911775,12.24,0.0,0.0,39060.0,14.482251,29.020142
2026-06-16 05:00:00+02:00,16.0085,5.815978,11.5199995,0.0,0.0,39520.0,15.5538645,27.204338
2026-06-16 06:00:00+02:00,16.0085,6.28713,10.440001,0.0,0.0,39760.0,9.952556,25.136013
2026-06-16 07:00:00+02:00,16.5585,6.1094027,10.799999,0.0,0.0,39440.0,10.004581,26.948225
2026-06-16 08:00:00+02:00,17.758501,4.3349743,7.92,0.0,0.0,40420.0,14.301892,30.565416
2026-06-16 09:00:00+02:00,19.008501,5.506941,10.08,0.0,0.0,40760.0,17.441916,26.926771
2026-06-16 10:00:00+02:00,20.9085,4.8965297,10.440001,0.0,0.0,41920.0,20.40481,17.665136
2026-06-16 11:00:00+02:00,20.9085,3.671294,11.5199995,0.0,0.0,41320.0,26.901518,17.31268
2026-06-16 12:00:00+02:00,22.008501,5.154415,10.440001,0.0,0.0,41160.0,17.871193,27.758083
2026-06-16 13:00:00+02:00,24.0585,4.3349743,12.24,0.0,0.0,42320.0,17.975468,28.123474
2026-06-16 14:00:00+02:00,24.4585,3.319036,13.679999,0.0,0.0,43040.0,15.942856,39.142838
2026-06-16 15:00:00+02:00,25.0585,5.3517847,12.24,0.0,0.0,43580.0,20.947159,52.849815
2026-06-16 16:00:00+02:00,25.3585,4.198285,13.679999,0.0,0.0,44240.0,15.739669,56.096058
2026-06-16 17:00:00+02:00,24.7085,6.9153743,12.599999,0.0,0.0,43500.0,17.795506,54.05704
2026-06-16 18:00:00+02:00,24.4085,7.9932966,14.759999,0.0,0.0,43040.0,22.624754,51.91949
2026-06-16 19:00:00+02:00,24.008501,8.557102,16.56,0.0,0.0,42000.0,32.860718,46.13607
2026-06-16 20:00:00+02:00,23.8085,9.107359,15.119999,14.0,0.0,42280.0,39.3406,43.77072
2026-06-16 21:00:00+02:00,22.3585,8.311245,19.08,0.0,0.0,41660.0,37.913265,50.041595
2026-06-16 22:00:00+02:00,21.008501,6.8777895,14.759999,0.0,0.0,40960.0,41.490883,47.873642
2026-06-16 23:00:00+02:00,20.0585,7.653705,13.32,0.0,0.0,40860.0,38.73686,48.47741
2026-06-17 00:00:00+02:00,19.9085,6.4096174,13.32,0.0,0.0,41460.0,34.180252,45.174095
2026-06-17 01:00:00+02:00,19.5585,6.297428,10.440001,0.0,0.0,41160.0,33.293903,47.69627
2026-06-17 02:00:00+02:00,19.4585,6.618519,11.879999,0.0,0.0,40880.0,31.107729,42.461704
2026-06-17 03:00:00+02:00,19.2085,6.4096174,10.799999,0.0,0.0,40740.0,29.000328,43.8235
2026-06-17 04:00:00+02:00,18.8585,6.489992,11.159999,0.0,0.0,40500.0,27.718918,45.619633
2026-06-17 05:00:00+02:00,18.258501,5.991594,10.799999,0.0,0.0,40120.0,28.487392,44.555832
2026-06-17 06:00:00+02:00,17.9585,5.634891,10.08,0.0,0.0,39840.0,27.979895,45.95619
2026-06-17 07:00:00+02:00,18.8585,4.1046314,9.36,0.0,0.0,40080.0,26.074425,40.502075
2026-06-17 08:00:00+02:00,20.1085,3.319036,7.2,0.0,0.0,40640.0,22.254591,37.184437
2026-06-17 09:00:00+02:00,21.8085,6.5693827,12.24,0.0,0.0,41320.0,26.371386,39.3049
2026-06-17 10:00:00+02:00,23.6085,5.8603754,12.599999,0.0,0.0,42360.0,26.746689,37.370464
2026-06-17 11:00:00+02:00,25.3085,5.315336,13.679999,0.0,0.0,43420.0,26.680613,35.204647
2026-06-17 12:00:00+02:00,26.5585,6.6185193,14.4,0.0,0.0,43160.0,26.901518,33.18223
2026-06-17 13:00:00+02:00,27.9085,9.422101,19.44,0.0,0.0,44600.0,18.70576,31.133633
2026-06-17 14:00:00+02:00,28.8585,10.1376915,20.16,0.0,0.0,48200.0,16.405064,32.32953
2026-06-17 15:00:00+02:00,29.3585,8.707238,21.599998,0.0,0.0,47820.0,19.274387,30.413792
2026-06-17 16:00:00+02:00,29.7085,10.931203,22.319998,0.0,0.0,47820.0,17.32245,31.70989
2026-06-17 17:00:00+02:00,29.4585,12.682018,22.68,0.0,0.0,45220.0,20.51139,33.042614
2026-06-17 18:00:00+02:00,29.008501,6.297428,24.119999,0.0,0.0,43900.0,23.258368,27.317396
2026-06-17 19:00:00+02:00,28.758501,8.669949,19.8,0.0,0.0,44520.0,14.192577,32.89655
2026-06-17 20:00:00+02:00,28.008501,7.928177,15.4800005,0.0,0.0,43520.0,10.066657,28.178215
2026-06-17 21:00:00+02:00,26.8585,4.5536795,14.04,0.0,0.0,42880.0,5.941551,33.60907
2026-06-17 22:00:00+02:00,24.9085,4.6102495,7.5599995,0.0,0.0,41840.0,3.4704785,32.949207
2026-06-17 23:00:00+02:00,24.2085,2.9024127,7.92,2.0,0.0,41440.0,5.3142853,29.507248
2026-06-18 00:00:00+02:00,22.758501,4.829907,7.5599995,0.0,0.0,40860.0,6.7744107,26.69687
2026-06-18 01:00:00+02:00,21.8585,4.73506,7.92,0.0,0.0,40580.0,6.9559,24.928242
2026-06-18 02:00:00+02:00,20.6585,5.04,7.92,0.0,0.0,39240.0,6.47666,24.206896
2026-06-18 03:00:00+02:00,20.4085,4.6938252,8.28,0.0,0.0,39740.0,8.151741,18.8469
2026-06-18 04:00:00+02:00,20.0585,4.68,7.2,0.0,0.0,39660.0,8.402622,18.010698
2026-06-18 05:00:00+02:00,18.9085,4.68,7.2,0.0,0.0,37120.0,8.598059,17.390388
2026-06-18 06:00:00+02:00,18.6585,4.1046314,7.92,0.0,0.0,37820.0,7.1327734,14.909477
2026-06-18 07:00:00+02:00,19.4085,3.319036,6.12,0.0,0.0,38360.0,7.1327734,16.13793
2026-06-18 08:00:00+02:00,21.3585,1.0182338,5.04,0.0,0.0,39600.0,4.0758705,18.662022
2026-06-18 09:00:00+02:00,23.1085,1.9386592,5.3999996,0.0,0.0,40800.0,4.844117,17.423588
2026-06-18 10:00:00+02:00,24.9585,2.4149535,6.4799995,0.0,0.0,41560.0,5.487309,17.043554
2026-06-18 11:00:00+02:00,26.9085,2.6208394,7.5599995,0.0,0.0,42740.0,4.9291077,15.824542
2026-06-18 12:00:00+02:00,28.508501,3.0758414,8.64,0.0,0.0,43520.0,5.709857,12.5526705
2026-06-18 13:00:00+02:00,29.8585,4.6800003,11.5199995,0.0,0.0,44500.0,4.201311,12.413793
2026-06-18 14:00:00+02:00,30.4085,3.0758414,11.879999,0.0,0.0,43160.0,1.8788835,13.268828
2026-06-18 15:00:00+02:00,31.0585,4.6102495,11.159999,0.0,0.0,43340.0,2.0379353,12.795845
2026-06-18 16:00:00+02:00,31.2085,7.2805495,13.32,0.0,0.0,44140.0,2.3236039,12.194616
2026-06-18 17:00:00+02:00,32.2085,1.9386592,9.36,0.0,0.0,55520.0,3.4704785,10.027549
2026-06-18 18:00:00+02:00,31.8085,5.1165614,9.0,0.0,0.0,50460.0,6.330734,10.551724
2026-06-18 19:00:00+02:00,30.8585,9.83268,18.72,0.0,0.0,44840.0,11.537306,10.551724
2026-06-18 20:00:00+02:00,29.8585,9.0645685,20.519999,0.0,0.0,43280.0,3.286072,11.0510645
2026-06-18 21:00:00+02:00,28.1585,8.350138,16.919998,0.0,0.0,42560.0,4.101266,14.648801
2026-06-18 22:00:00+02:00,25.8085,6.5693827,14.04,0.0,0.0,41740.0,1.0189676,19.480164
2026-06-18 23:00:00+02:00,22.7085,6.9899354,10.799999,0.0,0.0,38940.0,1.0189676,24.341797
2026-06-19 00:00:00+02:00,22.6085,6.8399997,11.879999,0.0,0.0,40900.0,2.9178793,24.452335
2026-06-19 01:00:00+02:00,22.5585,5.8048253,11.5199995,0.0,0.0,41280.0,8.36547,25.74927
2026-06-19 02:00:00+02:00,22.0585,4.32,9.36,0.0,0.0,41020.0,11.208644,30.891392
2026-06-19 03:00:00+02:00,21.3585,5.0528407,7.5599995,0.0,0.0,40880.0,13.049152,29.82541
2026-06-19 04:00:00+02:00,21.0585,5.7599998,9.72,0.0,0.0,40740.0,14.133929,21.944693
2026-06-19 05:00:00+02:00,20.1585,5.0528407,10.08,0.0,0.0,39400.0,15.57388,16.804535
2026-06-19 06:00:00+02:00,20.3085,4.6938252,9.36,0.0,0.0,39200.0,17.590109,15.517241
2026-06-19 07:00:00+02:00,21.3585,4.3349743,7.5599995,0.0,0.0,39320.0,12.438086,12.226168
2026-06-19 08:00:00+02:00,23.6085,6.8777895,10.440001,0.0,0.0,40660.0,11.031237,13.879042
2026-06-19 09:00:00+02:00,25.6085,4.6938252,11.5199995,0.0,0.0,41320.0,10.628571,10.274241
2026-06-19 10:00:00+02:00,27.258501,6.792466,14.04,0.0,0.0,42100.0,8.800955,9.392738
2026-06-19 11:00:00+02:00,29.008501,7.10031,15.4800005,0.0,0.0,43840.0,5.7641516,13.879042
2026-06-19 12:00:00+02:00,30.4085,6.439876,15.4800005,0.0,0.0,44300.0,5.333787,16.11404
2026-06-19 13:00:00+02:00,31.758501,5.8603754,13.679999,0.0,0.0,44780.0,5.8357587,17.423588
2026-06-19 14:00:00+02:00,32.408497,4.0249224,9.0,0.0,0.0,43820.0,5.709857,19.400894
2026-06-19 15:00:00+02:00,32.608498,8.891343,11.879999,0.0,0.0,44220.0,5.9240503,17.31268
2026-06-19 16:00:00+02:00,33.108498,9.339208,16.199999,0.0,0.0,45500.0,10.831774,11.711148
2026-06-19 17:00:00+02:00,32.408497,10.308831,52.199997,14.0,0.0,45280.0,9.784211,11.858258
2026-06-19 18:00:00+02:00,29.1585,19.969458,33.839996,0.0,0.0,41360.0,12.065196,5.551616
2026-06-19 19:00:00+02:00,19.9585,24.29133,55.8,83.0,1.6,6740.0,16.712313,36.678505
2026-06-19 20:00:00+02:00,18.4585,1.8,39.6,0.0,2.3,17700.0,21.911358,41.265358
2026-06-19 21:00:00+02:00,19.1085,7.10031,16.56,25.0,0.2,21620.0,25.067432,30.108244
2026-06-19 22:00:00+02:00,19.8085,0.8049845,11.5199995,0.0,0.0,27080.0,16.91609,27.958607
2026-06-19 23:00:00+02:00,18.758501,6.9899354,4.68,0.0,0.0,18620.0,17.352394,22.422277
2026-06-20 00:00:00+02:00,18.5585,5.0142193,13.679999,0.0,0.0,24500.0,24.863646,19.871763
2026-06-20 01:00:00+02:00,18.8085,4.198285,9.72,0.0,0.0,30600.0,26.493156,25.136013
2026-06-20 02:00:00+02:00,19.008501,1.4399999,5.3999996,0.0,0.0,33740.0,30.724873,23.635157
2026-06-20 03:00:00+02:00,18.5585,4.1046314,6.12,0.0,0.0,31400.0,23.875175,12.413793
2026-06-20 04:00:00+02:00,18.1585,3.6,6.4799995,0.0,0.0,30940.0,24.117481,17.665136
2026-06-20 05:00:00+02:00,17.8585,5.0911684,9.0,0.0,0.0,27200.0,25.652903,22.973904
2026-06-20 06:00:00+02:00,17.8585,4.68,8.28,0.0,0.0,26200.0,25.265467,27.04099
2026-06-20 07:00:00+02:00,18.8585,3.671294,7.92,0.0,0.0,28500.0,19.600235,26.948225
2026-06-20 08:00:00+02:00,20.4585,2.7416782,6.4799995,0.0,0.0,34660.0,19.616121,30.866442
2026-06-20 09:00:00+02:00,21.9085,2.968636,6.8399997,0.0,0.0,35980.0,23.90994,28.578697
2026-06-20 10:00:00+02:00,23.6085,3.2599385,7.5599995,0.0,0.0,39120.0,23.236036,24.214851
2026-06-20 11:00:00+02:00,25.1585,4.1046314,9.72,0.0,0.0,40860.0,23.074612,20.208189
2026-06-20 12:00:00+02:00,26.8085,5.4477882,12.599999,0.0,0.0,41040.0,16.053188,13.879042
2026-06-20 13:00:00+02:00,28.508501,6.193674,14.4,0.0,0.0,41760.0,13.594724,10.839878
2026-06-20 14:00:00+02:00,29.6585,5.991594,15.84,0.0,0.0,42960.0,11.392405,10.624495
2026-06-20 15:00:00+02:00,30.4585,5.315336,14.4,0.0,0.0,45620.0,11.4288025,15.909525
2026-06-20 16:00:00+02:00,31.008501,4.829907,12.599999,0.0,0.0,47200.0,12.51299,19.598463
2026-06-20 17:00:00+02:00,31.1585,3.219938,12.24,0.0,0.0,48840.0,5.709857,14.396789
2026-06-20 18:00:00+02:00,31.0585,4.2136917,8.64,0.0,0.0,47900.0,2.6571426,12.795845
2026-06-20 19:00:00+02:00,30.4585,6.8777895,10.799999,0.0,0.0,46920.0,3.5591009,8.777877
2026-06-20 20:00:00+02:00,29.3585,3.8939953,11.879999,0.0,0.0,44700.0,1.2889035,7.022301
2026-06-20 21:00:00+02:00,27.2085,4.452954,7.2,0.0,0.0,42400.0,3.3175182,7.8511715
2026-06-20 22:00:00+02:00,24.8585,6.924738,11.879999,0.0,0.0,43480.0,1.9333551,5.551616
2026-06-20 23:00:00+02:00,22.7085,7.6367526,11.879999,0.0,0.0,40760.0,4.201311,9.813965
2026-06-21 00:00:00+02:00,21.9085,6.87779,12.24,0.0,0.0,41140.0,4.101266,6.113084
2026-06-21 01:00:00+02:00,21.5585,6.87779,12.24,0.0,0.0,41260.0,7.205189,3.9743526
2026-06-21 02:00:00+02:00,20.7085,6.130579,10.799999,0.0,0.0,40780.0,9.350104,1.387904
2026-06-21 03:00:00+02:00,19.9085,5.2416787,10.08,0.0,0.0,40080.0,7.205189,3.1649084
2026-06-21 04:00:00+02:00,19.3585,5.506941,9.72,0.0,0.0,39880.0,6.1307654,8.068965
2026-06-21 05:00:00+02:00,19.008501,5.771239,9.36,0.0,0.0,39980.0,4.0758705,14.4368725
2026-06-21 06:00:00+02:00,19.1585,4.6938252,10.440001,0.0,0.0,40100.0,4.323114,18.999592
2026-06-21 07:00:00+02:00,19.8585,4.3349743,8.64,0.0,0.0,39760.0,3.1898732,21.510277
2026-06-21 08:00:00+02:00,22.1085,5.1165614,7.2,0.0,0.0,40020.0,4.9291077,18.91831
2026-06-21 09:00:00+02:00,24.008501,2.52,8.28,0.0,0.0,41180.0,2.6571426,16.386677
2026-06-21 10:00:00+02:00,25.7085,2.6208394,7.2,0.0,0.0,41740.0,1.0189676,12.241913
2026-06-21 11:00:00+02:00,27.8585,2.2768397,6.12,0.0,0.0,43240.0,0.9113924,10.551724
2026-06-21 12:00:00+02:00,29.758501,2.2768397,6.8399997,0.0,0.0,45640.0,1.9333551,5.3031745
2026-06-21 13:00:00+02:00,31.0585,3.7585104,9.36,0.0,0.0,45760.0,3.5591009,3.1034482
2026-06-21 14:00:00+02:00,31.7085,2.0991426,9.72,0.0,0.0,45760.0,5.487309,5.855574
2026-06-21 15:00:00+02:00,32.158497,2.16,6.4799995,0.0,0.0,46620.0,7.3619976,8.777877
2026-06-21 16:00:00+02:00,32.4585,5.0142193,10.08,0.0,0.0,45820.0,5.8000655,15.909525
2026-06-21 17:00:00+02:00,32.608498,8.854829,23.039999,0.0,0.0,47220.0,1.2889035,19.725824
2026-06-21 18:00:00+02:00,31.7085,10.009036,16.919998,0.0,0.0,43020.0,6.6350365,18.877537
2026-06-21 19:00:00+02:00,30.6085,11.269782,20.880001,0.0,0.0,42780.0,9.612922,13.6692705
2026-06-21 20:00:00+02:00,28.508501,8.161764,21.24,0.0,0.0,44500.0,8.706063,10.857635
2026-06-21 21:00:00+02:00,26.758501,10.009036,18.72,0.0,0.0,41800.0,10.831775,11.776757
2026-06-21 22:00:00+02:00,25.5585,5.2416787,18.72,0.0,0.0,40920.0,4.323114,16.527136
2026-06-21 23:00:00+02:00,23.5585,4.39436,7.92,0.0,0.0,40220.0,7.78694,12.5680065
2026-06-22 00:00:00+02:00,22.3585,6.151683,10.440001,0.0,0.0,39860.0,3.89347,14.948187
2026-06-22 01:00:00+02:00,21.4085,5.95906,10.799999,0.0,0.0,39680.0,1.8227848,13.626929
2026-06-22 02:00:00+02:00,20.7085,5.6920996,8.28,0.0,0.0,39100.0,4.556962,19.480164
2026-06-22 03:00:00+02:00,20.7085,5.937272,6.4799995,0.0,0.0,40500.0,3.1898732,16.018122
2026-06-22 04:00:00+02:00,21.258501,3.4152596,6.8399997,0.0,0.0,41140.0,4.907998,12.915714
2026-06-22 05:00:00+02:00,20.3085,4.1046314,6.8399997,0.0,0.0,39680.0,8.36547,11.444951
2026-06-22 06:00:00+02:00,20.2085,3.96,6.4799995,0.0,0.0,39260.0,9.994198,8.951714
2026-06-22 07:00:00+02:00,20.8085,3.96,6.4799995,0.0,0.0,38700.0,8.84802,10.678748
2026-06-22 08:00:00+02:00,22.9585,3.396233,6.8399997,0.0,0.0,40120.0,5.0333285,7.0769506
2026-06-22 09:00:00+02:00,24.758501,2.4149535,5.7599998,0.0,0.0,41040.0,2.278481,5.855574
2026-06-22 10:00:00+02:00,26.6085,2.52,6.8399997,0.0,0.0,41220.0,1.643036,4.8477407
2026-06-22 11:00:00+02:00,28.758501,2.4149535,5.7599998,0.0,0.0,42060.0,2.453999,6.48019
2026-06-22 12:00:00+02:00,30.4585,2.1897945,6.4799995,0.0,0.0,42860.0,3.757767,5.8883786
2026-06-22 13:00:00+02:00,31.758501,4.3498964,8.28,0.0,0.0,43280.0,3.757767,4.9655166
2026-06-22 14:00:00+02:00,32.0585,4.198285,6.12,0.0,0.0,43260.0,2.3236039,7.4740934
2026-06-22 15:00:00+02:00,32.9585,4.198285,6.4799995,0.0,0.0,46380.0,3.67394,12.4911375
2026-06-22 16:00:00+02:00,33.358498,4.8965297,12.959999,0.0,0.0,47280.0,7.3619976,19.862066
2026-06-22 17:00:00+02:00,33.0085,4.3349743,13.32,0.0,0.0,45520.0,8.215179,11.858258
2026-06-22 18:00:00+02:00,32.3085,11.212135,21.96,0.0,0.0,47280.0,13.859459,11.595439
2026-06-22 19:00:00+02:00,31.3085,11.183201,19.08,0.0,0.0,43580.0,11.254866,9.813965
2026-06-22 20:00:00+02:00,30.8585,6.9247384,21.96,0.0,0.0,43860.0,10.240498,11.939203
2026-06-22 21:00:00+02:00,29.6085,3.8773184,12.599999,0.0,0.0,43620.0,15.031068,11.661699
2026-06-22 22:00:00+02:00,26.4085,5.4833565,9.36,0.0,0.0,40920.0,16.811422,9.474416
2026-06-22 23:00:00+02:00,25.008501,6.439876,10.08,0.0,0.0,41300.0,15.949366,11.103232
2026-06-23 00:00:00+02:00,24.0585,5.815978,10.440001,0.0,0.0,40760.0,11.883102,10.1040945
2026-06-23 01:00:00+02:00,23.1085,6.151683,11.5199995,0.0,0.0,40200.0,15.500371,13.196042
2026-06-23 02:00:00+02:00,23.3085,4.198285,10.08,0.0,0.0,40700.0,13.120569,14.490146
2026-06-23 03:00:00+02:00,23.1585,3.8268526,6.8399997,0.0,0.0,40800.0,10.667574,15.861018
2026-06-23 04:00:00+02:00,21.508501,4.802999,8.28,0.0,0.0,39000.0,11.254866,16.13793
2026-06-23 05:00:00+02:00,21.4085,4.452954,7.92,0.0,0.0,38840.0,9.045312,15.11478
2026-06-23 06:00:00+02:00,21.258501,4.379589,7.5599995,0.0,0.0,38020.0,8.36547,15.102031
2026-06-23 07:00:00+02:00,22.258501,3.7585104,7.5599995,0.0,0.0,39860.0,7.840093,8.711794
2026-06-23 08:00:00+02:00,23.8085,0.0,6.12,0.0,0.0,39160.0,9.350104,10.274241
2026-06-23 09:00:00+02:00,25.6585,1.484318,4.68,0.0,0.0,41260.0,10.331347,13.739551
2026-06-23 10:00:00+02:00,27.6085,1.835647,6.12,0.0,0.0,41940.0,10.974618,13.739551
2026-06-23 11:00:00+02:00,29.3085,3.396233,9.0,0.0,0.0,41240.0,13.670886,15.11478
2026-06-23 12:00:00+02:00,30.9085,6.830519,14.759999,0.0,0.0,43300.0,9.113924,15.355014
2026-06-23 13:00:00+02:00,31.9085,5.692099,14.759999,0.0,0.0,44520.0,7.0889688,20.49216
2026-06-23 14:00:00+02:00,32.7085,2.7416782,8.64,0.0,0.0,45320.0,5.3142853,15.529648
2026-06-23 15:00:00+02:00,33.2085,7.8954163,12.599999,0.0,0.0,47080.0,8.765491,14.275861
2026-06-23 16:00:00+02:00,33.608498,11.885453,18.72,0.0,0.0,50380.0,12.694226,15.824542
2026-06-23 17:00:00+02:00,27.4585,12.522619,51.839996,0.0,0.0,40260.0,8.646228,7.5510154
2026-06-23 18:00:00+02:00,28.758501,8.0899935,21.599998,16.0,0.0,41580.0,16.00136,10.027549
2026-06-23 19:00:00+02:00,29.1085,7.289444,15.119999,0.0,0.0,41800.0,5.7641516,10.330335
2026-06-23 20:00:00+02:00,29.1085,5.00128,13.32,0.0,0.0,42180.0,4.201311,8.442291
2026-06-23 21:00:00+02:00,27.9585,1.484318,8.64,0.0,0.0,41880.0,6.444517,8.442291
2026-06-23 22:00:00+02:00,25.8585,5.506941,9.36,0.0,0.0,40820.0,11.254866,11.103232
2026-06-23 23:00:00+02:00,23.8585,6.489992,10.440001,0.0,0.0,40700.0,14.236403,10.839878
2026-06-24 00:00:00+02:00,23.3585,5.2416787,10.799999,0.0,0.0,41040.0,11.254866,9.715329
2026-06-24 01:00:00+02:00,23.7085,4.6800003,8.28,0.0,0.0,41840.0,8.800955,10.839878
2026-06-24 02:00:00+02:00,22.3585,4.510787,7.92,0.0,0.0,40920.0,7.34788,8.442291
2026-06-24 03:00:00+02:00,21.8085,4.5536795,7.5599995,0.0,0.0,40760.0,4.1265044,6.939521
2026-06-24 04:00:00+02:00,20.9585,4.802999,8.64,0.0,0.0,40440.0,5.506198,6.2378535
2026-06-24 05:00:00+02:00,20.508501,4.896529,8.28,0.0,0.0,40160.0,8.753638,5.0041595
2026-06-24 06:00:00+02:00,20.2085,4.5536795,7.92,0.0,0.0,39120.0,10.004581,7.4482756
2026-06-24 07:00:00+02:00,20.758501,3.396233,7.5599995,0.0,0.0,37240.0,12.269996,8.886923
2026-06-24 08:00:00+02:00,23.008501,0.71999997,5.04,0.0,0.0,39400.0,15.1685915,10.1040945
2026-06-24 09:00:00+02:00,24.758501,2.968636,6.8399997,0.0,0.0,39700.0,19.166344,10.678748
2026-06-24 10:00:00+02:00,26.8085,3.396233,8.64,0.0,0.0,39580.0,19.972805,11.189641
2026-06-24 11:00:00+02:00,28.8585,4.6800003,14.4,0.0,0.0,40680.0,18.750113,12.413793
2026-06-24 12:00:00+02:00,30.508501,9.686609,19.8,0.0,0.0,41860.0,13.548821,13.093462
2026-06-24 13:00:00+02:00,31.7085,10.703569,18.72,0.0,0.0,43860.0,14.787324,14.999642
2026-06-24 14:00:00+02:00,32.108498,9.793059,19.08,0.0,0.0,44260.0,14.192577,17.122486
2026-06-24 15:00:00+02:00,32.7085,10.296251,18.72,0.0,0.0,44700.0,14.947947,15.012479
2026-06-24 16:00:00+02:00,33.158497,13.004922,24.48,0.0,0.0,47100.0,19.34429,15.266946
2026-06-24 17:00:00+02:00,33.0085,11.384198,26.28,0.0,0.0,49920.0,17.795506,13.370063
2026-06-24 18:00:00+02:00,32.658497,12.599998,23.759998,0.0,0.0,49400.0,21.026318,13.152178
2026-06-24 19:00:00+02:00,31.9085,13.779114,25.919998,0.0,0.0,46960.0,27.105307,15.11478
2026-06-24 20:00:00+02:00,30.9585,9.585739,25.56,0.0,0.0,45640.0,28.538372,12.241913
2026-06-24 21:00:00+02:00,28.8585,5.904439,15.84,0.0,0.0,43580.0,29.707758,11.858258
2026-06-24 22:00:00+02:00,26.8085,7.5942082,13.32,0.0,0.0,42340.0,30.562233,11.939204
2026-06-24 23:00:00+02:00,26.3085,7.42159,13.679999,0.0,0.0,42320.0,28.538372,10.998648
2026-06-25 00:00:00+02:00,25.6085,5.315336,11.5199995,0.0,0.0,41720.0,23.458397,8.777877
2026-06-25 01:00:00+02:00,24.6585,5.8048253,9.72,0.0,0.0,41300.0,22.347704,12.4911375
2026-06-25 02:00:00+02:00,22.8085,4.829907,9.0,0.0,0.0,39880.0,20.907467,10.606349
2026-06-25 03:00:00+02:00,21.3085,6.1305785,10.440001,0.0,0.0,38120.0,19.46735,6.939521
2026-06-25 04:00:00+02:00,21.3585,5.8048253,10.440001,0.0,0.0,39020.0,22.934696,6.48019
2026-06-25 05:00:00+02:00,20.4085,5.4833565,9.36,0.0,0.0,37820.0,25.228455,8.327425
2026-06-25 06:00:00+02:00,19.8085,5.315336,9.72,0.0,0.0,35500.0,32.495323,13.879042
2026-06-25 07:00:00+02:00,21.008501,3.7064266,9.0,0.0,0.0,37280.0,33.424625,16.952896
2026-06-25 08:00:00+02:00,23.4085,1.8,5.7599998,0.0,0.0,38680.0,34.686832,21.935911
2026-06-25 09:00:00+02:00,25.758501,2.968636,7.2,0.0,0.0,40200.0,33.712276,22.180428
2026-06-25 10:00:00+02:00,28.1585,6.1305785,12.959999,0.0,0.0,41340.0,35.585175,22.499464
2026-06-25 11:00:00+02:00,29.8085,11.457958,24.48,0.0,0.0,42300.0,33.712276,24.734306
2026-06-25 12:00:00+02:00,31.4585,13.276144,25.56,0.0,0.0,42900.0,30.244637,23.659594
2026-06-25 13:00:00+02:00,33.0085,16.575644,31.68,0.0,0.0,44480.0,24.64554,21.724136
2026-06-25 14:00:00+02:00,33.7085,15.990646,32.760002,0.0,0.0,46280.0,22.085989,20.49216
2026-06-25 15:00:00+02:00,34.4585,15.1884165,30.239998,0.0,0.0,47820.0,24.863644,17.167427
2026-06-25 16:00:00+02:00,34.908497,12.819235,28.8,0.0,0.0,50060.0,21.605959,11.595439
2026-06-25 17:00:00+02:00,34.5085,12.496718,25.56,0.0,0.0,51460.0,22.898449,5.339374
2026-06-25 18:00:00+02:00,34.3085,11.440979,26.28,0.0,0.0,52080.0,22.221907,1.9627929
2026-06-25 19:00:00+02:00,33.5585,11.480557,25.56,0.0,0.0,49140.0,21.422567,5.3031745
2026-06-25 20:00:00+02:00,32.7085,7.072878,20.16,0.0,0.0,49860.0,20.592224,13.268828
2026-06-25 21:00:00+02:00,30.508501,3.5455887,13.32,0.0,0.0,49900.0,19.344288,11.809426
2026-06-25 22:00:00+02:00,27.2085,6.792466,11.879999,0.0,0.0,44140.0,19.387182,14.289349
2026-06-25 23:00:00+02:00,28.1585,11.609651,14.4,0.0,0.0,44220.0,21.821138,18.631031
2026-06-26 00:00:00+02:00,27.2085,5.0142193,20.16,0.0,0.0,43220.0,10.035667,18.096056
2026-06-26 01:00:00+02:00,24.3085,4.0249224,7.2,0.0,0.0,41040.0,10.066657,13.948265
2026-06-26 02:00:00+02:00,23.008501,5.5887027,10.799999,0.0,0.0,40380.0,12.889034,13.283339
2026-06-26 03:00:00+02:00,23.0585,5.8603754,10.440001,0.0,0.0,40820.0,12.269996,12.320337
2026-06-26 04:00:00+02:00,22.9085,4.802999,9.36,0.0,0.0,40760.0,12.0307255,10.857635
2026-06-26 05:00:00+02:00,21.9085,5.1919937,7.92,0.0,0.0,39860.0,9.688234,10.330335
2026-06-26 06:00:00+02:00,20.758501,5.2416787,9.0,0.0,0.0,37620.0,9.022324,7.238423
2026-06-26 07:00:00+02:00,21.8085,4.1046314,9.0,0.0,0.0,38740.0,8.800955,3.3425157
2026-06-26 08:00:00+02:00,24.258501,1.9386592,6.4799995,0.0,0.0,38540.0,8.402622,11.776757
2026-06-26 09:00:00+02:00,26.0585,2.9024127,6.8399997,0.0,0.0,40400.0,4.201311,15.329903
2026-06-26 10:00:00+02:00,28.1585,3.2599385,8.28,0.0,0.0,41440.0,2.3236039,20.548483
2026-06-26 11:00:00+02:00,29.258501,5.1544156,12.24,0.0,0.0,42380.0,3.2222586,18.339252
2026-06-26 12:00:00+02:00,30.9585,4.1046314,11.5199995,0.0,0.0,42780.0,5.9240503,14.072007
2026-06-26 13:00:00+02:00,32.8085,3.6179552,10.440001,0.0,0.0,45120.0,9.227144,8.777877
2026-06-26 14:00:00+02:00,33.2085,6.1305785,11.5199995,0.0,0.0,45300.0,6.9559,6.939521
2026-06-26 15:00:00+02:00,33.858498,4.3349743,14.4,0.0,0.0,46400.0,8.062088,3.1649084
2026-06-26 16:00:00+02:00,34.8085,10.1887,15.119999,8.0,0.0,48600.0,8.402622,1.387904
2026-06-26 17:00:00+02:00,34.408497,8.435069,20.519999,0.0,0.0,51080.0,8.36547,5.3031745
2026-06-26 18:00:00+02:00,34.108498,6.297428,14.04,0.0,0.0,49520.0,7.3619976,2.5591688
2026-06-26 19:00:00+02:00,33.608498,6.6087217,10.440001,0.0,0.0,51280.0,5.094838,1.7555753
2026-06-26 20:00:00+02:00,32.5585,6.297428,13.679999,0.0,0.0,51460.0,9.125309,3.7755077
2026-06-26 21:00:00+02:00,29.8585,4.829907,9.72,0.0,0.0,46180.0,7.866535,6.48019
2026-06-26 22:00:00+02:00,26.1085,6.9527545,12.24,0.0,0.0,42040.0,5.094838,8.442291
2026-06-26 23:00:00+02:00,25.1085,7.8954163,11.159999,0.0,0.0,43380.0,16.111294,5.855574
2026-06-27 00:00:00+02:00,24.3585,7.172949,14.04,0.0,0.0,41680.0,16.053188,2.5591688
2026-06-27 01:00:00+02:00,24.4085,6.2145634,12.24,0.0,0.0,42280.0,12.269995,1.2413791
2026-06-27 02:00:00+02:00,23.9085,5.3517847,11.159999,0.0,0.0,41840.0,10.936708,8.068965
2026-06-27 03:00:00+02:00,23.8585,5.4833565,9.0,0.0,0.0,41780.0,9.15938,6.390391
2026-06-27 04:00:00+02:00,22.8085,6.830519,11.879999,0.0,0.0,41120.0,6.850616,8.951714
2026-06-27 05:00:00+02:00,22.4585,5.937272,11.159999,0.0,0.0,40980.0,6.524576,6.390391
2026-06-27 06:00:00+02:00,21.8585,6.379216,10.799999,0.0,0.0,40260.0,5.487309,7.8511715
2026-06-27 07:00:00+02:00,22.508501,4.5536795,10.799999,0.0,0.0,40260.0,7.7602262,10.274241
2026-06-27 08:00:00+02:00,24.758501,1.2979984,7.2,0.0,0.0,39720.0,5.506198,6.390391
2026-06-27 09:00:00+02:00,26.5585,2.6208394,6.4799995,0.0,0.0,41360.0,2.7718916,6.6850314
2026-06-27 10:00:00+02:00,28.6585,4.1046314,9.72,0.0,0.0,42100.0,1.8788835,7.8511715
2026-06-27 11:00:00+02:00,30.6585,3.2399998,10.799999,0.0,0.0,43840.0,2.8820758,7.4740934
2026-06-27 12:00:00+02:00,32.358498,5.771239,11.5199995,0.0,0.0,45220.0,3.0569031,9.454063
2026-06-27 13:00:00+02:00,33.7085,5.0528407,9.72,0.0,0.0,45600.0,1.0189676,15.329903
2026-06-27 14:00:00+02:00,34.858498,4.68,10.08,0.0,0.0,47780.0,1.9333551,18.45443
2026-06-27 15:00:00+02:00,35.858498,3.8773184,10.799999,0.0,0.0,51220.0,2.6571426,18.074755
2026-06-27 16:00:00+02:00,36.0585,6.9527545,11.5199995,0.0,0.0,52760.0,4.0758705,17.37931
2026-06-27 17:00:00+02:00,36.2585,6.28713,9.36,0.0,0.0,53420.0,1.9333551,16.77011
2026-06-27 18:00:00+02:00,36.0085,5.2416787,8.64,0.0,0.0,55260.0,2.3236039,15.702343
2026-06-27 19:00:00+02:00,35.4585,7.10031,9.36,0.0,0.0,53320.0,2.6571426,15.517241
2026-06-27 20:00:00+02:00,34.5085,4.68,11.5199995,0.0,0.0,52020.0,4.6472077,11.444951
2026-06-27 21:00:00+02:00,32.5085,4.829907,9.72,0.0,0.0,49580.0,10.490913,10.714764
2026-06-27 22:00:00+02:00,30.3085,13.004922,22.68,0.0,0.0,44320.0,15.713261,5.7224755
2026-06-27 23:00:00+02:00,28.8085,8.435069,33.12,0.0,0.1,43120.0,19.225843,5.00416
2026-06-28 00:00:00+02:00,27.008501,22.366402,60.479996,0.0,0.0,41840.0,25.494564,11.939203
2026-06-28 01:00:00+02:00,26.8085,12.768586,44.28,0.0,0.0,42440.0,22.702635,7.777219
2026-06-28 02:00:00+02:00,25.7085,8.759178,21.24,0.0,0.0,41640.0,31.416607,5.7224755
2026-06-28 03:00:00+02:00,25.4085,6.9527545,18.359999,0.0,0.0,41260.0,37.62461,8.442291
2026-06-28 04:00:00+02:00,25.1585,5.937272,13.679999,0.0,0.0,41260.0,40.687317,3.1649084
2026-06-28 05:00:00+02:00,24.758501,6.8777895,12.24,0.0,0.0,40860.0,43.444366,5.855574
2026-06-28 06:00:00+02:00,24.5585,6.4096174,12.599999,0.0,0.0,41200.0,45.60606,10.998648
2026-06-28 07:00:00+02:00,24.8585,5.6233797,11.159999,0.0,0.0,40820.0,46.599255,10.857635
2026-06-28 08:00:00+02:00,26.258501,8.427383,11.159999,0.0,0.0,41620.0,41.438293,17.665136
2026-06-28 09:00:00+02:00,27.9085,9.0,17.64,0.0,0.0,42160.0,36.481316,18.662022
2026-06-28 10:00:00+02:00,29.1585,8.78872,18.359999,0.0,0.0,42100.0,34.87788,18.26558
2026-06-28 11:00:00+02:00,30.4585,13.708391,22.319998,0.0,0.0,43200.0,30.296087,16.77011
2026-06-28 12:00:00+02:00,30.258501,9.693296,25.56,0.0,0.0,43240.0,29.39152,11.858258
2026-06-28 13:00:00+02:00,32.8085,10.587917,20.16,0.0,0.0,44640.0,18.683542,8.886923
2026-06-28 14:00:00+02:00,33.7085,3.4152596,23.4,0.0,0.0,48640.0,6.347113,11.189642
2026-06-28 15:00:00+02:00,34.7585,6.519877,14.04,0.0,0.0,49260.0,7.418196,12.659634
2026-06-28 16:00:00+02:00,35.2085,6.638072,12.959999,0.0,0.0,50820.0,3.0569031,14.003396
2026-06-28 17:00:00+02:00,35.108498,4.6800003,11.159999,0.0,0.0,52740.0,7.418196,13.0492525
2026-06-28 18:00:00+02:00,30.7085,14.81259,39.6,0.0,0.0,42740.0,4.9291077,17.390388
2026-06-28 19:00:00+02:00,28.8085,6.3690495,30.239998,0.0,0.0,42320.0,4.1265044,3.7755077
2026-06-28 20:00:00+02:00,27.1085,8.435069,36.36,0.0,5.6,30020.0,5.9240503,11.444951
2026-06-28 21:00:00+02:00,27.008501,15.277749,28.8,0.0,0.1,42200.0,9.383359,7.4482756
2026-06-28 22:00:00+02:00,27.008501,10.233123,28.08,0.0,0.0,44640.0,2.9178793,8.6452055
2026-06-28 23:00:00+02:00,26.5585,5.00128,18.359999,0.0,0.0,44760.0,8.253009,6.598021
2026-06-29 00:00:00+02:00,24.1585,4.32,12.959999,0.0,0.0,41520.0,7.958392,3.6192114
2026-06-29 01:00:00+02:00,23.1585,5.00128,10.440001,0.0,0.0,41200.0,7.7468357,5.3031745
2026-06-29 02:00:00+02:00,22.3085,5.3999996,6.4799995,0.0,0.0,40740.0,5.709857,3.7241378
2026-06-29 03:00:00+02:00,21.4585,5.4477882,10.440001,0.0,0.0,39880.0,8.062088,10.533453
2026-06-29 04:00:00+02:00,21.8085,3.219938,8.28,0.0,0.0,40600.0,4.6472077,15.216393
2026-06-29 05:00:00+02:00,21.4585,11.119281,25.199999,27.0,0.0,38440.0,13.655687,8.092802
2026-06-29 06:00:00+02:00,21.0585,9.746631,20.519999,3.0,0.0,33360.0,26.371387,11.189642
2026-06-29 07:00:00+02:00,21.0585,8.4042845,20.16,56.0,0.0,28640.0,16.687443,12.5526705
2026-06-29 08:00:00+02:00,22.008501,5.8603754,14.4,87.0,0.0,35060.0,11.171529,10.678748
2026-06-29 09:00:00+02:00,22.4585,7.5942082,19.08,56.0,0.1,37540.0,9.15938,11.394346
2026-06-29 10:00:00+02:00,23.258501,8.78872,21.96,0.0,0.0,37580.0,3.757767,18.877537
2026-06-29 11:00:00+02:00,22.9085,7.653705,20.16,38.0,0.4,36820.0,13.402427,16.65485
2026-06-29 12:00:00+02:00,25.6585,7.289445,16.919998,3.0,0.0,39820.0,11.537306,14.922391
2026-06-29 13:00:00+02:00,26.9585,11.726277,18.72,5.0,0.0,39900.0,13.270073,15.909525
2026-06-29 14:00:00+02:00,28.3085,11.440978,20.16,6.0,0.0,41020.0,9.65603,15.517241
2026-06-29 15:00:00+02:00,29.3085,12.287555,20.519999,35.0,0.0,41460.0,16.512308,14.329733
2026-06-29 16:00:00+02:00,29.508501,12.682018,24.119999,20.0,0.0,41960.0,17.530981,12.413793
2026-06-29 17:00:00+02:00,29.3585,12.144331,21.96,0.0,0.0,42420.0,17.536903,13.034482
2026-06-29 18:00:00+02:00,29.258501,14.113653,26.64,0.0,0.0,42900.0,15.8972025,6.6850314
2026-06-29 19:00:00+02:00,28.7085,7.10031,28.08,0.0,0.0,43140.0,14.410378,2.775808
2026-06-29 20:00:00+02:00,27.8585,8.78872,21.24,0.0,0.0,42880.0,15.739669,2.5591688
2026-06-29 21:00:00+02:00,26.9085,6.1094027,16.919998,0.0,0.0,42420.0,13.033229,5.00416
2026-06-29 22:00:00+02:00,25.9085,5.6233797,11.5199995,0.0,0.0,42000.0,20.587181,4.3889384
2026-06-29 23:00:00+02:00,24.9085,8.587338,16.56,28.0,0.0,41160.0,23.043093,3.1649084
2026-06-30 00:00:00+02:00,23.758501,10.44,25.199999,0.0,0.0,40680.0,17.465712,0.6206896
2026-06-30 01:00:00+02:00,23.1585,5.692099,18.0,33.0,0.0,40480.0,16.461926,3.5111506
2026-06-30 02:00:00+02:00,22.5585,6.1305785,10.08,31.0,0.0,39940.0,14.589397,2.5591688
2026-06-30 03:00:00+02:00,21.9585,3.8268526,11.879999,0.0,0.0,39000.0,13.057107,2.2379284
2026-06-30 04:00:00+02:00,21.0585,3.7064266,5.7599998,0.0,0.0,37480.0,12.51299,4.3889384
2026-06-30 05:00:00+02:00,20.1085,5.1919937,10.08,0.0,0.0,34600.0,7.7602262,5.8883786
2026-06-30 06:00:00+02:00,19.758501,5.1919937,9.72,0.0,0.0,33400.0,8.561753,9.227215
2026-06-30 07:00:00+02:00,20.6585,3.8939953,10.08,0.0,0.0,34940.0,11.501252,8.951714
2026-06-30 08:00:00+02:00,21.758501,4.896529,11.879999,0.0,0.0,36580.0,19.31206,10.839878
2026-06-30 09:00:00+02:00,23.258501,4.8433046,12.599999,0.0,0.0,38000.0,20.907467,8.442291
2026-06-30 10:00:00+02:00,24.7085,7.289445,15.4800005,5.0,0.0,39100.0,22.440435,8.350525
2026-06-30 11:00:00+02:00,26.5585,9.178235,18.359999,5.0,0.0,40220.0,21.725767,16.398428
2026-06-30 12:00:00+02:00,28.008501,10.1887,21.599998,14.0,0.0,40800.0,18.279041,18.096056
2026-06-30 13:00:00+02:00,29.3085,8.4963045,21.24,0.0,0.0,41720.0,7.800262,21.230852
2026-06-30 14:00:00+02:00,29.758501,7.7043357,14.4,5.0,0.0,41800.0,6.9559,24.333883
2026-06-30 15:00:00+02:00,30.7085,5.8603754,11.879999,2.0,0.0,42220.0,6.7744107,26.566677
2026-06-30 16:00:00+02:00,31.2085,7.2805495,10.08,3.0,0.0,42880.0,6.9559,26.804882
2026-06-30 17:00:00+02:00,31.1585,6.2145634,10.440001,9.0,0.0,43180.0,9.113924,16.386677
2026-06-30 18:00:00+02:00,30.8585,9.746631,18.0,18.0,0.0,43580.0,11.02182,17.167427
2026-06-30 19:00:00+02:00,29.4585,11.384198,25.919998,0.0,0.0,42840.0,6.6350365,24.843096
2026-06-30 20:00:00+02:00,27.2085,8.12197,21.96,56.0,0.0,41020.0,7.78694,16.884583
2026-06-30 21:00:00+02:00,22.3585,8.707237,35.64,65.0,0.6,25620.0,24.190557,20.331732
2026-06-30 22:00:00+02:00,21.3585,10.739832,21.599998,90.0,0.5,17000.0,24.64554,25.719328
2026-06-30 23:00:00+02:00,19.1585,3.0758414,17.28,0.0,0.3,22740.0,24.523062,24.827585
2026-07-01 00:00:00+02:00,19.4085,13.358861,19.8,32.0,0.0,22700.0,25.494562,14.948187
2026-07-01 01:00:00+02:00,18.4585,9.422101,22.68,3.0,8.3,15980.0,12.396276,23.700268
2026-07-01 02:00:00+02:00,19.1085,1.8,20.519999,0.0,0.0,23500.0,15.044876,18.662022
2026-07-01 03:00:00+02:00,19.1085,1.8,3.96,0.0,0.0,21200.0,22.254591,24.103226
2026-07-01 04:00:00+02:00,19.258501,2.1897945,6.4799995,3.0,0.0,23180.0,20.782944,29.67
2026-07-01 05:00:00+02:00,18.9085,4.452954,4.32,73.0,0.0,14140.0,22.546602,26.537657
2026-07-01 06:00:00+02:00,18.8585,1.5273507,7.5599995,81.0,3.0,1340.0,21.359468,23.59437
2026-07-01 07:00:00+02:00,19.1585,3.0758414,13.32,77.0,0.8,4780.0,17.748766,23.099329
2026-07-01 08:00:00+02:00,18.7085,5.1919937,23.4,91.0,7.3,920.0,20.323233,37.24138
2026-07-01 09:00:00+02:00,18.9585,6.6185193,14.04,82.0,0.0,17960.0,24.06145,39.123146
2026-07-01 10:00:00+02:00,19.4085,4.5536795,14.759999,82.0,0.0,21660.0,28.563828,36.64172
2026-07-01 11:00:00+02:00,18.0585,10.829959,24.119999,81.0,0.0,24860.0,19.04134,16.884583
2026-07-01 12:00:00+02:00,18.008501,13.797912,24.48,95.0,2.9,3240.0,26.680613,6.7137847
2026-07-01 13:00:00+02:00,17.508501,11.620809,27.359999,40.0,7.6,12200.0,14.836392,47.79713
2026-07-01 14:00:00+02:00,18.2085,11.609651,27.359999,52.0,0.1,27420.0,4.101266,31.752386
2026-07-01 15:00:00+02:00,19.6085,6.792466,19.08,7.0,0.0,38220.0,5.941551,27.317396
2026-07-01 16:00:00+02:00,20.758501,3.6,12.24,8.0,0.0,39380.0,13.548821,25.816511
2026-07-01 17:00:00+02:00,21.2085,5.7599998,10.799999,0.0,0.0,41220.0,11.618018,28.907082
2026-07-01 18:00:00+02:00,21.258501,7.5170207,13.679999,5.0,0.0,40800.0,11.4288025,30.565416
2026-07-01 19:00:00+02:00,21.1585,11.659777,20.880001,0.0,0.0,40080.0,13.859459,30.922554
2026-07-01 20:00:00+02:00,20.758501,11.620809,22.68,0.0,0.0,40340.0,7.971428,30.57172
2026-07-01 21:00:00+02:00,20.1585,5.3517847,18.359999,60.0,0.0,39500.0,11.961482,27.373749
2026-07-01 22:00:00+02:00,19.9085,4.0249224,10.799999,32.0,0.0,38980.0,13.678478,27.709465
2026-07-01 23:00:00+02:00,18.8085,3.219938,9.0,44.0,0.0,35940.0,20.63252,24.389233
2026-07-02 00:00:00+02:00,18.3585,3.7064266,5.7599998,10.0,0.0,36620.0,22.333761,19.430658
2026-07-02 01:00:00+02:00,17.7085,4.1046314,7.2,0.0,0.0,37780.0,22.884842,16.11404
2026-07-02 02:00:00+02:00,16.508501,3.96,7.2,0.0,0.0,33100.0,21.911358,13.655171
2026-07-02 03:00:00+02:00,15.9585,5.0528407,8.28,0.0,0.0,25760.0,20.40481,11.858258
2026-07-02 04:00:00+02:00,15.9585,3.5455887,8.64,29.0,0.0,24880.0,16.934494,9.227214
2026-07-02 05:00:00+02:00,15.408501,4.1046314,5.3999996,24.0,0.0,16340.0,15.230073,12.367153
2026-07-02 06:00:00+02:00,15.3585005,3.7585104,5.7599998,15.0,0.0,17800.0,8.402622,11.0510645
2026-07-02 07:00:00+02:00,15.908501,2.1897945,6.4799995,3.0,0.0,16260.0,4.757608,16.292364
2026-07-02 08:00:00+02:00,17.258501,3.096837,7.2,0.0,0.0,24640.0,1.3670886,18.381218
2026-07-02 09:00:00+02:00,18.4585,6.28713,11.879999,0.0,0.0,39380.0,1.643036,23.757093
2026-07-02 10:00:00+02:00,19.6085,5.6920996,12.599999,0.0,0.0,40860.0,4.2990294,19.803793
2026-07-02 11:00:00+02:00,21.508501,4.452954,11.5199995,0.0,0.0,41580.0,3.9200466,18.096056
2026-07-02 12:00:00+02:00,22.8585,5.3517847,11.159999,0.0,0.0,41780.0,6.330734,15.11478
2026-07-02 13:00:00+02:00,24.1085,7.729527,10.799999,0.0,0.0,42340.0,7.34788,15.529648
2026-07-02 14:00:00+02:00,25.008501,8.161764,13.32,0.0,0.0,44580.0,7.1182017,20.47335
2026-07-02 15:00:00+02:00,25.8585,10.805999,14.4,0.0,0.0,45940.0,8.800955,14.714402
2026-07-02 16:00:00+02:00,26.008501,13.0447235,18.0,0.0,0.0,46860.0,11.715913,14.648801
2026-07-02 17:00:00+02:00,26.1585,4.73506,20.880001,0.0,0.0,48600.0,10.189676,27.225573
2026-07-02 18:00:00+02:00,26.0585,10.086427,18.72,0.0,0.0,51320.0,15.065567,28.639296
2026-07-02 19:00:00+02:00,25.6585,14.934577,26.64,0.0,0.0,47480.0,18.369701,28.362186
2026-07-02 20:00:00+02:00,25.0585,14.20062,26.28,0.0,0.0,51040.0,19.679535,26.515873
2026-07-02 21:00:00+02:00,24.1585,7.072878,23.4,0.0,0.0,48980.0,22.546602,19.98775
2026-07-02 22:00:00+02:00,22.508501,2.5959969,11.159999,0.0,0.0,45400.0,19.225843,17.043554
2026-07-02 23:00:00+02:00,21.508501,4.0249224,6.4799995,0.0,0.0,41440.0,17.731209,14.153901
2026-07-03 00:00:00+02:00,20.4085,2.8116899,7.2,0.0,0.0,40900.0,22.666018,15.566816
2026-07-03 01:00:00+02:00,20.1085,4.1046314,5.3999996,16.0,0.0,41040.0,11.031237,20.055098
2026-07-03 02:00:00+02:00,19.7085,2.3051248,6.8399997,17.0,0.0,39180.0,21.27667,18.26558
2026-07-03 03:00:00+02:00,19.4585,3.096837,6.4799995,0.0,0.0,38560.0,11.273301,17.752157
2026-07-03 04:00:00+02:00,19.6085,6.439876,10.799999,59.0,0.0,39220.0,13.402427,23.95894
2026-07-03 05:00:00+02:00,18.8585,7.628263,13.679999,60.0,0.0,37500.0,9.394418,19.480164
2026-07-03 06:00:00+02:00,18.4585,6.830519,13.32,79.0,0.0,36020.0,10.087265,14.181093
2026-07-03 07:00:00+02:00,18.258501,10.1376915,17.64,87.0,0.0,33920.0,7.840093,12.795844
2026-07-03 08:00:00+02:00,18.9085,10.1887,19.44,66.0,0.0,34080.0,2.7718916,12.659634
2026-07-03 09:00:00+02:00,19.3085,15.629971,28.44,80.0,0.0,36280.0,7.418196,13.0492525
2026-07-03 10:00:00+02:00,19.508501,11.019764,28.44,83.0,0.0,37500.0,8.476439,10.236675
2026-07-03 11:00:00+02:00,21.6085,7.127636,19.8,55.0,0.0,39760.0,9.113924,18.877537
2026-07-03 12:00:00+02:00,22.3585,5.6233797,16.56,78.0,0.0,39820.0,7.6388597,13.152178
2026-07-03 13:00:00+02:00,23.3585,7.42159,15.119999,55.0,0.0,40700.0,8.402622,14.4368725
2026-07-03 14:00:00+02:00,24.508501,6.849467,15.84,62.0,0.0,41440.0,6.524576,10.1040945
2026-07-03 15:00:00+02:00,25.0585,7.9526596,17.28,26.0,0.0,41760.0,8.670211,8.951714
2026-07-03 16:00:00+02:00,25.508501,7.9526596,16.199999,12.0,0.0,42160.0,9.666777,10.533453
2026-07-03 17:00:00+02:00,25.6085,8.311245,13.679999,0.0,0.0,43200.0,6.850616,18.764957
2026-07-03 18:00:00+02:00,25.8585,4.802999,10.799999,0.0,0.0,43780.0,8.315675,15.152965
2026-07-03 19:00:00+02:00,25.258501,10.464798,19.8,0.0,0.0,44020.0,8.377872,15.665498
2026-07-03 20:00:00+02:00,24.758501,6.130579,17.28,4.0,0.0,43900.0,12.2276125,19.803793
2026-07-03 21:00:00+02:00,24.008501,3.6179552,10.08,0.0,0.0,43320.0,9.15938,18.599987
2026-07-03 22:00:00+02:00,22.758501,5.0142193,7.2,19.0,0.0,41900.0,8.377872,21.679756
2026-07-03 23:00:00+02:00,20.9085,10.829959,23.759998,40.0,0.0,42340.0,4.201311,26.515873
2026-07-04 00:00:00+02:00,20.508501,10.948973,19.8,40.0,0.0,45840.0,1.3670886,23.88647
2026-07-04 01:00:00+02:00,19.508501,8.225035,18.359999,21.0,0.0,42760.0,1.8227848,23.878407
2026-07-04 02:00:00+02:00,18.9585,5.904439,14.4,10.0,0.0,41160.0,1.643036,24.151127
2026-07-04 03:00:00+02:00,18.0585,5.3999996,9.72,0.0,0.0,40300.0,1.8227848,22.56785
2026-07-04 04:00:00+02:00,16.508501,4.8433046,8.64,0.0,0.0,38220.0,4.757608,23.59437
2026-07-04 05:00:00+02:00,15.0585,4.802999,7.5599995,0.0,0.0,39340.0,4.757608,24.103226
2026-07-04 06:00:00+02:00,14.8585005,4.6938252,7.92,0.0,0.0,40420.0,5.0333285,25.478533
2026-07-04 07:00:00+02:00,15.7085,2.8799999,7.5599995,0.0,0.0,40600.0,5.094838,25.591688
2026-07-04 08:00:00+02:00,17.5585,3.4152596,4.32,4.0,0.0,40660.0,4.9291077,31.312546
2026-07-04 09:00:00+02:00,19.3585,1.9386592,8.28,0.0,0.0,41080.0,7.800262,30.722569
2026-07-04 10:00:00+02:00,21.1585,5.0142193,11.5199995,0.0,0.0,43960.0,8.202532,27.681644
2026-07-04 11:00:00+02:00,22.9585,5.95906,15.4800005,0.0,0.0,46640.0,9.079681,29.441893
2026-07-04 12:00:00+02:00,24.1085,7.42159,16.919998,0.0,0.0,47640.0,10.831774,28.102919
2026-07-04 13:00:00+02:00,25.008501,7.771331,17.28,0.0,0.0,49260.0,11.883102,31.410818
2026-07-04 14:00:00+02:00,26.2085,8.647496,17.64,0.0,0.0,47900.0,11.883102,31.090292
2026-07-04 15:00:00+02:00,26.7085,9.0645685,19.8,0.0,0.0,56740.0,13.285713,25.994967
2026-07-04 16:00:00+02:00,27.258501,10.661107,21.24,0.0,0.0,58420.0,14.69576,26.076351
2026-07-04 17:00:00+02:00,27.2085,10.661107,22.68,0.0,0.0,50480.0,16.461926,25.326874
2026-07-04 18:00:00+02:00,27.508501,13.979872,25.56,0.0,0.0,56360.0,20.51139,28.144014
2026-07-04 19:00:00+02:00,26.8085,14.512064,30.239998,0.0,0.0,64560.0,24.712854,27.681644
2026-07-04 20:00:00+02:00,26.258501,11.043261,25.919998,0.0,0.0,61300.0,20.179676,29.896374
2026-07-04 21:00:00+02:00,25.008501,5.815978,19.44,0.0,0.0,55080.0,21.070715,29.487658
2026-07-04 22:00:00+02:00,23.008501,2.9024127,9.72,0.0,0.0,47180.0,29.295984,30.337694
2026-07-04 23:00:00+02:00,21.258501,2.0991426,3.6,0.0,0.0,42700.0,25.327036,31.36786
2026-07-05 00:00:00+02:00,20.4585,1.484318,3.2399998,0.0,0.0,42400.0,23.634777,34.80846
2026-07-05 01:00:00+02:00,18.8085,4.829907,7.5599995,0.0,0.0,41280.0,23.043093,36.846176
2026-07-05 02:00:00+02:00,17.5585,5.4477882,8.28,0.0,0.0,41140.0,24.662384,33.228638
2026-07-05 03:00:00+02:00,17.2085,5.5887027,9.72,0.0,0.0,41340.0,22.702635,30.87268
2026-07-05 04:00:00+02:00,16.9085,5.937272,9.72,0.0,0.0,40500.0,23.80549,33.106678
2026-07-05 05:00:00+02:00,16.3085,5.8603754,9.72,0.0,0.0,40360.0,18.369701,33.106678
2026-07-05 06:00:00+02:00,16.1085,5.2416787,9.36,0.0,0.0,40340.0,20.133314,37.755074
2026-07-05 07:00:00+02:00,17.2085,4.829907,8.28,0.0,0.0,40360.0,23.236036,40.24922
2026-07-05 08:00:00+02:00,19.2085,7.771331,10.799999,0.0,0.0,41160.0,31.390156,42.370876
2026-07-05 09:00:00+02:00,20.9585,7.771331,15.119999,0.0,0.0,41920.0,31.101055,41.49346
2026-07-05 10:00:00+02:00,22.9585,11.792404,21.96,0.0,0.0,44060.0,31.61428,40.630287
2026-07-05 11:00:00+02:00,24.4585,12.641076,25.919998,0.0,0.0,44300.0,27.436543,42.70146
2026-07-05 12:00:00+02:00,25.6085,13.896187,27.0,0.0,0.0,44640.0,26.296474,45.884876
2026-07-05 13:00:00+02:00,27.0585,16.167967,30.960001,0.0,0.0,46480.0,25.207869,43.306164
2026-07-05 14:00:00+02:00,27.7085,14.05845,31.68,0.0,0.0,45520.0,21.495148,44.082077
2026-07-05 15:00:00+02:00,28.3085,16.071491,29.519999,2.0,0.0,46980.0,25.228455,34.62536
2026-07-05 16:00:00+02:00,28.4585,20.61766,39.96,0.0,0.0,50700.0,35.327477,41.026596
2026-07-05 17:00:00+02:00,27.7085,20.268991,40.32,0.0,0.0,51160.0,36.931076,47.237705
2026-07-05 18:00:00+02:00,26.9085,19.483284,37.44,0.0,0.0,46440.0,37.932434,43.04741
2026-07-05 19:00:00+02:00,26.0585,17.782688,35.64,0.0,0.0,44840.0,40.495472,40.800606
2026-07-05 20:00:00+02:00,25.0585,14.255272,30.960001,0.0,0.0,43880.0,32.622883,43.88938
2026-07-05 21:00:00+02:00,23.758501,6.28713,24.119999,21.0,0.0,42160.0,30.721495,59.04713
2026-07-05 22:00:00+02:00,22.6085,3.2599385,9.72,39.0,0.0,41340.0,28.065113,56.349594
2026-07-05 23:00:00+02:00,22.1585,6.12,10.440001,64.0,0.0,41220.0,27.074642,50.911686
2026-07-06 00:00:00+02:00,20.9085,4.5536795,9.36,69.0,0.0,40400.0,31.390156,48.41777
2026-07-06 01:00:00+02:00,20.3585,3.319036,7.2,52.0,0.0,39940.0,29.324326,43.221573
2026-07-06 02:00:00+02:00,20.0585,1.9386592,6.12,41.0,0.0,40060.0,29.349096,46.05668
2026-07-06 03:00:00+02:00,19.3085,2.7416782,4.32,8.0,0.0,39200.0,24.863646,47.5304
2026-07-06 04:00:00+02:00,19.1085,2.0991426,4.68,19.0,0.0,39620.0,19.852879,47.583057
2026-07-06 05:00:00+02:00,18.0585,4.73506,8.64,44.0,0.0,38700.0,11.715913,51.640484
2026-07-06 06:00:00+02:00,17.8585,3.6,7.2,45.0,0.0,39160.0,13.057107,42.89949
2026-07-06 07:00:00+02:00,18.0585,3.6179552,6.4799995,0.0,0.0,38320.0,16.86076,41.973488
2026-07-06 08:00:00+02:00,19.9085,0.8049845,6.4799995,0.0,0.0,39960.0,23.240505,37.755074
2026-07-06 09:00:00+02:00,21.3085,2.8116899,6.8399997,0.0,0.0,40540.0,19.642567,33.042614
2026-07-06 10:00:00+02:00,22.7085,4.829907,10.799999,0.0,0.0,40780.0,18.43177,33.871685
2026-07-06 11:00:00+02:00,24.0585,5.6920996,14.759999,0.0,0.0,41000.0,22.04835,38.472748
2026-07-06 12:00:00+02:00,25.1585,8.557102,18.0,14.0,0.0,41460.0,19.483345,39.319595
2026-07-06 13:00:00+02:00,26.6585,12.245294,23.759998,0.0,0.0,43300.0,15.955876,37.251724
2026-07-06 14:00:00+02:00,27.0585,12.24,26.28,19.0,0.0,43180.0,20.071335,26.515873
2026-07-06 15:00:00+02:00,27.9585,14.081478,28.44,39.0,0.0,44600.0,20.097183,27.89653
2026-07-06 16:00:00+02:00,27.6585,20.188908,35.64,0.0,0.0,50480.0,25.539322,27.211416
2026-07-06 17:00:00+02:00,27.9085,14.707222,35.64,0.0,0.0,58780.0,23.15098,27.882717
2026-07-06 18:00:00+02:00,27.6085,11.592895,27.359999,0.0,0.0,49260.0,23.696201,28.232851
2026-07-06 19:00:00+02:00,27.2085,10.966713,22.319998,0.0,0.0,50120.0,19.030432,29.179018
2026-07-06 20:00:00+02:00,26.508501,9.693296,20.16,0.0,0.0,44820.0,18.788836,25.020798
2026-07-06 21:00:00+02:00,25.4085,5.0142193,18.0,0.0,0.0,44440.0,15.553866,28.753408
2026-07-06 22:00:00+02:00,23.9585,1.1384199,7.2,0.0,0.0,43180.0,18.953892,28.178215
2026-07-06 23:00:00+02:00,22.8085,4.8433046,7.5599995,0.0,0.0,41820.0,18.77225,25.20489
2026-07-07 00:00:00+02:00,21.008501,6.6185193,11.5199995,0.0,0.0,41000.0,22.333761,23.95894
2026-07-07 01:00:00+02:00,20.7085,6.989936,11.879999,0.0,0.0,40980.0,21.437103,21.438515
2026-07-07 02:00:00+02:00,20.258501,6.489992,11.159999,0.0,0.0,41100.0,24.666595,23.496197
2026-07-07 03:00:00+02:00,19.8085,6.489992,11.5199995,0.0,0.0,41200.0,23.98365,27.147633
2026-07-07 04:00:00+02:00,19.258501,6.489992,10.799999,0.0,0.0,41160.0,22.948275,32.42472
2026-07-07 05:00:00+02:00,18.508501,5.8048253,10.799999,0.0,0.0,40740.0,20.506329,36.70475
2026-07-07 06:00:00+02:00,18.1585,6.989936,11.159999,0.0,0.0,40600.0,23.351929,38.04478
2026-07-07 07:00:00+02:00,19.258501,7.145796,12.24,0.0,0.0,40700.0,25.100548,35.28663
2026-07-07 08:00:00+02:00,21.008501,8.089993,14.759999,0.0,0.0,41620.0,23.774942,30.337694
2026-07-07 09:00:00+02:00,22.8085,10.239453,18.72,0.0,0.0,42120.0,23.98365,32.47814
2026-07-07 10:00:00+02:00,24.4585,11.570515,21.599998,0.0,0.0,42260.0,23.98365,34.80846
2026-07-07 11:00:00+02:00,26.8585,12.096214,25.199999,0.0,0.0,46680.0,23.922964,38.04478
2026-07-07 12:00:00+02:00,28.5585,15.281989,29.16,0.0,0.0,50660.0,26.85903,39.728985
2026-07-07 13:00:00+02:00,29.8085,16.79314,31.68,0.0,0.0,52100.0,27.58374,39.975494
2026-07-07 14:00:00+02:00,30.4085,15.277749,31.68,0.0,0.0,50080.0,25.88258,44.082077
2026-07-07 15:00:00+02:00,31.4585,16.055353,29.88,0.0,0.0,52080.0,24.220585,40.24922
2026-07-07 16:00:00+02:00,31.258501,10.853866,32.039997,0.0,0.0,52300.0,27.189447,44.086445
2026-07-07 17:00:00+02:00,31.258501,15.463244,34.56,0.0,0.0,55580.0,28.85676,34.75862
2026-07-07 18:00:00+02:00,31.258501,16.263872,31.68,0.0,0.0,57480.0,30.616545,36.0
2026-07-07 19:00:00+02:00,30.6085,14.408997,34.56,0.0,0.0,61040.0,31.561687,54.344913
2026-07-07 20:00:00+02:00,29.2085,12.229406,28.08,0.0,0.0,50780.0,30.162128,46.729317
2026-07-07 21:00:00+02:00,27.508501,11.457958,21.599998,0.0,0.0,48620.0,38.801132,49.736565
2026-07-07 22:00:00+02:00,25.5585,3.219938,19.8,0.0,0.0,45900.0,46.801575,44.835964
2026-07-07 23:00:00+02:00,24.8085,2.5959969,4.68,0.0,0.0,46540.0,43.377396,56.240093
2026-07-08 00:00:00+02:00,24.4085,2.3051248,5.04,0.0,0.0,46940.0,33.933304,60.28363
2026-07-08 01:00:00+02:00,23.5585,3.0547013,5.04,0.0,0.0,44700.0,30.261795,60.258064
2026-07-08 02:00:00+02:00,22.9585,1.1384199,4.32,0.0,0.0,43620.0,34.88383,61.420055
2026-07-08 03:00:00+02:00,22.2085,1.9386592,2.52,0.0,0.0,42880.0,38.672474,58.414112
2026-07-08 04:00:00+02:00,21.0585,3.7585104,5.04,0.0,0.0,41980.0,38.462486,58.109943
2026-07-08 05:00:00+02:00,20.7085,1.4399999,5.04,0.0,0.0,42320.0,32.96483,56.455463
2026-07-08 06:00:00+02:00,20.1585,1.484318,1.8,0.0,0.0,42180.0,30.35429,60.865574
2026-07-08 07:00:00+02:00,20.2085,1.0182338,3.2399998,0.0,0.0,41660.0,25.778069,59.31728
2026-07-08 08:00:00+02:00,21.6585,0.35999998,1.8,0.0,0.0,41860.0,28.286219,54.958202
2026-07-08 09:00:00+02:00,22.9085,5.3517847,10.440001,0.0,0.0,42480.0,29.19658,50.37155
2026-07-08 10:00:00+02:00,23.5585,7.754637,15.119999,0.0,0.0,43520.0,28.838764,45.24653
2026-07-08 11:00:00+02:00,24.7085,6.3690495,19.08,0.0,0.0,45100.0,19.742744,42.206898
2026-07-08 12:00:00+02:00,26.008501,6.489992,14.04,0.0,0.0,46580.0,21.422567,39.767754
2026-07-08 13:00:00+02:00,27.1085,8.699793,18.72,0.0,0.0,46880.0,19.504648,35.292084
2026-07-08 14:00:00+02:00,27.5585,5.0142193,19.8,0.0,0.0,45780.0,15.949366,35.87672
2026-07-08 15:00:00+02:00,28.0585,6.849467,15.4800005,0.0,0.0,45000.0,13.533486,34.513916
2026-07-08 16:00:00+02:00,27.4085,6.638072,16.919998,2.0,0.0,44660.0,14.787324,35.28663
2026-07-08 17:00:00+02:00,26.9085,9.6932955,20.16,3.0,0.0,43920.0,15.480263,40.72027
2026-07-08 18:00:00+02:00,26.6085,9.028754,19.44,13.0,0.0,42960.0,17.105307,39.083736
2026-07-08 19:00:00+02:00,26.3585,4.0249224,16.199999,0.0,0.0,42140.0,23.27622,39.65619
2026-07-08 20:00:00+02:00,26.2085,0.5091169,9.72,0.0,0.0,42400.0,22.440435,35.21012
2026-07-08 21:00:00+02:00,25.5585,1.1384199,3.2399998,3.0,0.0,42140.0,16.027294,36.51006
2026-07-08 22:00:00+02:00,24.5585,2.9024127,4.32,31.0,0.0,41460.0,13.708808,38.387535
2026-07-08 23:00:00+02:00,23.1585,4.072935,4.68,0.0,0.0,41400.0,12.537857,32.943363
2026-07-09 00:00:00+02:00,21.4585,4.3498964,7.5599995,0.0,0.0,40760.0,13.285712,29.086447
2026-07-09 01:00:00+02:00,20.3085,4.802999,7.92,0.0,0.0,39960.0,13.144288,29.670004
2026-07-09 02:00:00+02:00,19.3085,4.6938257,8.28,0.0,0.0,39780.0,10.628571,26.855139
2026-07-09 03:00:00+02:00,19.1585,3.7064266,7.92,0.0,0.0,40280.0,9.612922,28.232851
2026-07-09 04:00:00+02:00,18.758501,4.5820518,7.2,0.0,0.0,40100.0,10.189676,32.519634
2026-07-09 05:00:00+02:00,17.3585,4.8433046,8.28,8.0,0.0,37660.0,9.580463,29.702448
2026-07-09 06:00:00+02:00,16.8085,4.198285,7.92,43.0,0.0,36700.0,8.95301,29.896374
2026-07-09 07:00:00+02:00,17.508501,3.096837,6.4799995,28.0,0.0,37220.0,8.513107,29.23178
2026-07-09 08:00:00+02:00,20.0585,0.5091169,5.04,0.0,0.0,37760.0,4.6472077,31.873484
2026-07-09 09:00:00+02:00,21.258501,2.0991426,6.12,0.0,0.0,39760.0,3.9200466,33.367477
2026-07-09 10:00:00+02:00,23.258501,4.072935,7.2,0.0,0.0,40680.0,2.6571426,34.00224
2026-07-09 11:00:00+02:00,24.8585,6.2145634,9.0,2.0,0.0,40640.0,3.286072,34.14357
2026-07-09 12:00:00+02:00,26.3085,5.7599998,8.64,0.0,0.0,41500.0,4.0758705,31.133633
2026-07-09 13:00:00+02:00,27.4585,7.928178,10.08,20.0,0.0,41880.0,6.940957,26.89098
2026-07-09 14:00:00+02:00,28.1085,8.12197,11.159999,2.0,0.0,42980.0,10.004581,23.553514
2026-07-09 15:00:00+02:00,28.9085,8.209263,12.24,0.0,0.0,43780.0,8.84802,23.364658
2026-07-09 16:00:00+02:00,29.258501,8.891344,15.4800005,9.0,0.0,43080.0,12.312233,22.379282
2026-07-09 17:00:00+02:00,29.4585,11.792404,20.519999,0.0,0.0,49120.0,14.532351,20.293798
2026-07-09 18:00:00+02:00,29.2085,8.942214,19.8,0.0,0.0,45680.0,15.5204525,14.529971
2026-07-09 19:00:00+02:00,28.6585,9.178235,20.16,0.0,0.0,45200.0,14.301892,12.4911375
2026-07-09 20:00:00+02:00,28.008501,11.570515,21.96,0.0,0.0,45860.0,18.504856,9.494725
2026-07-09 21:00:00+02:00,26.6085,7.208994,20.519999,0.0,0.0,46840.0,26.288576,9.813965
2026-07-09 22:00:00+02:00,24.9585,6.151683,11.879999,0.0,0.0,44540.0,26.296474,12.051613
2026-07-09 23:00:00+02:00,24.1085,8.217153,14.759999,0.0,0.0,42980.0,24.374422,13.0492525
2026-07-10 00:00:00+02:00,23.508501,10.587918,18.72,0.0,0.0,41760.0,11.987494,11.189642
2026-07-10 01:00:00+02:00,23.008501,15.459054,27.72,0.0,0.0,40940.0,8.402622,7.5510154
2026-07-10 02:00:00+02:00,21.6085,15.463246,28.8,0.0,0.0,40000.0,7.0889688,8.711794
2026-07-10 03:00:00+02:00,20.758501,14.336861,27.359999,0.0,0.0,37920.0,8.765491,4.3889384
2026-07-10 04:00:00+02:00,20.3585,11.440979,25.919998,0.0,0.0,37340.0,13.97881,2.5591688
2026-07-10 05:00:00+02:00,19.4585,10.514218,19.44,0.0,0.0,35980.0,16.111294,1.9627929
2026-07-10 06:00:00+02:00,18.9585,10.086427,19.08,0.0,0.0,32920.0,18.233543,3.7241378
2026-07-10 07:00:00+02:00,19.4085,8.287822,16.919998,0.0,0.0,37380.0,18.821962,4.3889384
2026-07-10 08:00:00+02:00,20.508501,9.504272,16.199999,0.0,0.0,39260.0,17.824654,6.329817
2026-07-10 09:00:00+02:00,22.2085,10.495713,19.44,0.0,0.0,40120.0,15.044876,6.329817
2026-07-10 10:00:00+02:00,24.0585,10.495713,20.519999,0.0,0.0,40800.0,13.739071,3.7755077
2026-07-10 11:00:00+02:00,25.4085,12.4811535,23.039999,0.0,0.0,41200.0,19.85288,2.5591688
2026-07-10 12:00:00+02:00,27.3585,12.599998,24.119999,0.0,0.0,41980.0,16.43036,2.5591688
2026-07-10 13:00:00+02:00,29.2085,12.88981,24.119999,0.0,0.0,43160.0,15.044876,2.5591688
2026-07-10 14:00:00+02:00,29.9585,13.044722,23.4,0.0,0.0,44360.0,14.927093,5.2667265
2026-07-10 15:00:00+02:00,31.0585,13.004922,22.68,0.0,0.0,47380.0,16.111294,8.777877
2026-07-10 16:00:00+02:00,31.6585,14.291592,25.56,0.0,0.0,50680.0,19.600233,11.394346
2026-07-10 17:00:00+02:00,31.508501,13.276144,26.28,0.0,0.0,51120.0,19.079472,11.939204
2026-07-10 18:00:00+02:00,31.2085,11.384198,24.48,0.0,0.0,50880.0,16.952879,11.809426
2026-07-10 19:00:00+02:00,30.6085,12.10157,22.319998,0.0,0.0,49640.0,18.766718,10.569963
2026-07-10 20:00:00+02:00,29.4585,10.853866,22.319998,0.0,0.0,47860.0,19.504648,9.454063
2026-07-10 21:00:00+02:00,27.8585,6.830519,18.0,0.0,0.0,46420.0,20.867702,9.227215
2026-07-10 22:00:00+02:00,26.2085,8.311245,14.04,0.0,0.0,45520.0,27.75261,10.714764
2026-07-10 23:00:00+02:00,25.8585,9.19939,16.56,0.0,0.0,45260.0,22.259253,13.781546
2026-07-11 00:00:00+02:00,25.258501,9.339208,15.119999,0.0,0.0,43680.0,18.142204,10.624495
2026-07-11 01:00:00+02:00,24.6085,8.854829,20.16,0.0,0.0,42480.0,13.594724,8.6452055
2026-07-11 02:00:00+02:00,23.9585,7.5942082,14.04,0.0,0.0,42340.0,8.706063,13.739551
2026-07-11 03:00:00+02:00,23.1585,7.2,12.959999,0.0,0.0,42000.0,6.524576,10.027549
2026-07-11 04:00:00+02:00,22.3085,6.638072,11.5199995,0.0,0.0,41340.0,3.89347,9.227215
2026-07-11 05:00:00+02:00,21.508501,5.991594,12.24,0.0,0.0,40960.0,1.2889035,12.475707
2026-07-11 06:00:00+02:00,19.3585,5.0142193,10.08,0.0,0.0,39380.0,1.4410379,13.556066
2026-07-11 07:00:00+02:00,19.3085,4.0249224,5.7599998,0.0,0.0,38680.0,3.67394,14.4368725
2026-07-11 08:00:00+02:00,21.5585,1.835647,5.7599998,0.0,0.0,40580.0,5.3142853,14.044602
2026-07-11 09:00:00+02:00,23.3085,1.08,3.6,0.0,0.0,41280.0,4.556962,11.189642
2026-07-11 10:00:00+02:00,24.9085,2.3051248,6.4799995,0.0,0.0,41360.0,5.3142853,8.442291
2026-07-11 11:00:00+02:00,27.0585,2.0364676,6.4799995,0.0,0.0,42240.0,4.57969,6.2068963
2026-07-11 12:00:00+02:00,28.9085,2.968636,8.64,0.0,0.0,43040.0,6.850616,7.2649856
2026-07-11 13:00:00+02:00,30.4585,6.4096174,11.159999,0.0,0.0,42900.0,5.8357587,7.238423
2026-07-11 14:00:00+02:00,30.9585,10.805998,15.4800005,0.0,0.0,44260.0,11.392405,6.48019
2026-07-11 15:00:00+02:00,32.0085,14.618837,23.039999,0.0,0.0,48480.0,18.227848,8.327425
2026-07-11 16:00:00+02:00,32.2585,16.135872,27.0,0.0,0.0,48800.0,21.615568,10.678748
2026-07-11 17:00:00+02:00,31.9085,12.229406,27.359999,0.0,0.0,46160.0,19.504648,9.813965
2026-07-11 18:00:00+02:00,31.9085,12.738099,22.68,0.0,0.0,50240.0,17.507277,17.566723
2026-07-11 19:00:00+02:00,30.9585,12.074766,30.239998,0.0,0.0,48920.0,20.712883,17.167427
2026-07-11 20:00:00+02:00,29.9585,12.768586,26.64,0.0,0.0,48640.0,27.707676,16.398428
2026-07-11 21:00:00+02:00,28.4585,12.397806,23.759998,0.0,0.0,47840.0,30.408972,15.266946
2026-07-11 22:00:00+02:00,26.758501,9.983106,21.96,0.0,0.0,46920.0,29.078987,18.010698
2026-07-11 23:00:00+02:00,25.6085,10.137692,18.0,0.0,0.0,44900.0,26.493156,18.785477
2026-07-12 00:00:00+02:00,24.8085,8.225035,16.919998,0.0,0.0,44520.0,20.143627,21.944693
2026-07-12 01:00:00+02:00,24.4585,7.8954163,15.84,0.0,0.0,43440.0,14.947947,22.353445
2026-07-12 02:00:00+02:00,23.1585,7.2,12.599999,0.0,0.0,42520.0,14.539494,20.818563
2026-07-12 03:00:00+02:00,22.0585,7.2,11.879999,0.0,0.0,41700.0,8.706063,20.818563
2026-07-12 04:00:00+02:00,21.4085,10.514218,17.64,0.0,0.0,41960.0,6.7744107,20.055098
2026-07-12 05:00:00+02:00,20.1085,13.049689,23.4,0.0,0.0,33660.0,8.513107,19.440569
2026-07-12 06:00:00+02:00,19.4585,10.30883,23.039999,0.0,0.0,35240.0,11.254866,15.152965
2026-07-12 07:00:00+02:00,19.7085,9.585739,17.64,0.0,0.0,40640.0,11.618018,10.678748
2026-07-12 08:00:00+02:00,20.4585,10.009036,16.919998,0.0,0.0,41060.0,14.075039,11.103232
2026-07-12 09:00:00+02:00,21.758501,12.313894,22.319998,0.0,0.0,41160.0,13.464261,14.329733
2026-07-12 10:00:00+02:00,23.2085,15.1884165,27.359999,0.0,0.0,41240.0,14.133929,13.948265
2026-07-12 11:00:00+02:00,25.4085,14.57889,28.08,0.0,0.0,41980.0,14.878324,18.381218
2026-07-12 12:00:00+02:00,27.3585,15.9134655,29.16,0.0,0.0,42840.0,13.057107,14.753624
2026-07-12 13:00:00+02:00,28.758501,18.709612,33.48,0.0,0.0,43780.0,9.482423,10.027549
2026-07-12 14:00:00+02:00,29.3585,16.610792,33.839996,0.0,0.0,44640.0,10.974618,6.7137847
2026-07-12 15:00:00+02:00,30.2085,16.279802,29.88,0.0,0.0,45780.0,22.898449,7.948705
2026-07-12 16:00:00+02:00,30.6085,17.148247,31.68,0.0,0.0,49640.0,26.169819,7.4740934
2026-07-12 17:00:00+02:00,30.508501,17.148247,33.12,0.0,0.0,51900.0,25.701426,4.1637125
2026-07-12 18:00:00+02:00,30.008501,17.0763,32.039997,0.0,0.0,53240.0,26.703953,2.4827583
2026-07-12 19:00:00+02:00,29.1085,18.278645,33.12,0.0,0.0,51020.0,30.337183,6.598021
2026-07-12 20:00:00+02:00,28.3085,14.654254,32.760002,0.0,0.0,49640.0,31.234308,6.113084
2026-07-12 21:00:00+02:00,26.508501,14.182355,27.359999,0.0,0.0,48060.0,28.538372,6.2378535
2026-07-12 22:00:00+02:00,24.8085,14.799459,26.64,0.0,0.0,44340.0,26.680613,9.227215
2026-07-12 23:00:00+02:00,24.1585,17.58481,30.960001,0.0,0.0,43720.0,21.41772,5.7224755
2026-07-13 00:00:00+02:00,23.258501,20.771093,37.079998,0.0,0.0,42660.0,7.1327734,6.939521
2026-07-13 01:00:00+02:00,22.508501,20.608229,38.88,0.0,0.0,41920.0,5.9240503,10.330335
2026-07-13 02:00:00+02:00,21.9085,12.397806,36.0,0.0,0.0,41740.0,2.6571426,18.339252
2026-07-13 03:00:00+02:00,20.9585,6.9247384,20.880001,0.0,0.0,41180.0,4.1265044,23.635157
2026-07-13 04:00:00+02:00,19.758501,6.439876,10.799999,0.0,0.0,40340.0,5.941551,28.068626
2026-07-13 05:00:00+02:00,18.508501,5.1919937,11.159999,0.0,0.0,39320.0,3.2222586,33.42516
2026-07-13 06:00:00+02:00,17.1085,5.3999996,9.72,0.0,0.0,36700.0,5.506198,32.40095
2026-07-13 07:00:00+02:00,17.9085,4.3349743,9.72,0.0,0.0,37140.0,8.377872,32.667385
2026-07-13 08:00:00+02:00,19.8085,2.5959969,6.4799995,0.0,0.0,39020.0,10.974618,36.340836
2026-07-13 09:00:00+02:00,22.4585,1.609969,5.3999996,0.0,0.0,40720.0,13.033229,33.568924
2026-07-13 10:00:00+02:00,23.9585,4.6938252,10.799999,0.0,0.0,40880.0,17.441916,38.60769
2026-07-13 11:00:00+02:00,26.258501,2.0991426,9.36,0.0,0.0,41860.0,15.311664,43.190365
2026-07-13 12:00:00+02:00,28.0585,3.4152596,10.799999,0.0,0.0,42380.0,17.530981,39.500443
2026-07-13 13:00:00+02:00,30.008501,3.319036,11.159999,0.0,0.0,44720.0,18.454288,41.026596
2026-07-13 14:00:00+02:00,30.3585,3.6179552,11.5199995,0.0,0.0,45500.0,15.73307,40.729725
2026-07-13 15:00:00+02:00,30.2085,5.8603754,16.199999,0.0,0.0,46740.0,19.035887,35.919647
2026-07-13 16:00:00+02:00,30.7085,2.4149535,14.4,0.0,0.0,47960.0,16.562534,42.805088
2026-07-13 17:00:00+02:00,30.7085,2.8116899,7.2,0.0,0.0,48360.0,2.7718916,41.973488
2026-07-13 18:00:00+02:00,30.9585,2.2768397,7.2,0.0,0.0,47000.0,2.7718916,49.410168
2026-07-13 19:00:00+02:00,30.7085,7.172949,13.679999,0.0,0.0,45580.0,11.254866,58.664204
2026-07-13 20:00:00+02:00,29.3585,7.5942073,16.919998,0.0,0.0,43500.0,18.594416,52.817005
2026-07-13 21:00:00+02:00,28.008501,7.9932976,14.4,0.0,0.0,42800.0,15.372571,54.80377
2026-07-13 22:00:00+02:00,26.3085,6.6185193,12.599999,0.0,0.0,41740.0,14.709885,55.550854
2026-07-13 23:00:00+02:00,25.008501,6.2145634,19.08,0.0,0.0,41880.0,12.0307255,50.714558
2026-07-14 00:00:00+02:00,24.258501,5.0911684,10.08,0.0,0.0,42800.0,21.398321,51.819218
2026-07-14 01:00:00+02:00,23.8085,5.506941,10.799999,0.0,0.0,42560.0,24.293348,49.4764
2026-07-14 02:00:00+02:00,23.258501,6.151683,10.799999,0.0,0.0,40740.0,23.774942,51.431168
2026-07-14 03:00:00+02:00,23.1085,5.8603754,9.72,0.0,0.0,40480.0,29.3137,49.87966
2026-07-14 04:00:00+02:00,23.008501,5.3517847,11.159999,0.0,0.0,40500.0,31.46614,47.599243
2026-07-14 05:00:00+02:00,22.758501,4.0249224,12.24,0.0,0.0,40400.0,30.131134,46.136074
2026-07-14 06:00:00+02:00,22.6585,6.12,11.5199995,0.0,0.0,40180.0,24.53999,31.752386
2026-07-14 07:00:00+02:00,23.008501,4.0249224,10.08,0.0,0.0,39800.0,26.493158,21.679756
2026-07-14 08:00:00+02:00,23.758501,0.8049845,6.4799995,0.0,0.0,39700.0,35.742386,19.281382
2026-07-14 09:00:00+02:00,25.0585,6.2145634,11.5199995,9.0,0.0,41100.0,15.57388,40.273144
2026-07-14 10:00:00+02:00,25.8085,5.154415,17.28,0.0,0.0,41200.0,18.21075,41.265358
2026-07-14 11:00:00+02:00,26.5585,3.8268526,18.359999,0.0,0.0,41720.0,21.495146,43.190365
2026-07-14 12:00:00+02:00,28.3585,4.072935,23.4,0.0,0.0,42600.0,27.979895,37.370464
2026-07-14 13:00:00+02:00,29.9585,6.725354,14.4,0.0,0.0,42720.0,30.041407,40.057327
2026-07-14 14:00:00+02:00,30.8085,9.178235,19.08,0.0,0.0,43280.0,23.400787,33.72921
2026-07-14 15:00:00+02:00,31.8085,11.983188,23.4,0.0,0.0,44400.0,19.231243,33.42516
2026-07-14 16:00:00+02:00,31.9085,10.009036,23.039999,0.0,0.0,46520.0,22.440435,33.269196
2026-07-14 17:00:00+02:00,31.5585,6.28713,19.8,0.0,0.0,44340.0,18.3697,32.65559
2026-07-14 18:00:00+02:00,29.9085,25.43802,38.88,35.0,0.0,41760.0,13.889393,29.799566
2026-07-14 19:00:00+02:00,25.8585,20.94507,48.239998,0.0,0.0,40680.0,10.802979,38.427654
2026-07-14 20:00:00+02:00,25.508501,10.538843,37.079998,0.0,0.0,40540.0,7.7468348,39.417458
2026-07-14 21:00:00+02:00,24.6085,7.5685663,21.24,0.0,0.0,38740.0,15.916782,41.367928
2026-07-14 22:00:00+02:00,24.1585,6.489992,14.04,0.0,0.0,39560.0,13.79187,36.32493
2026-07-14 23:00:00+02:00,23.3585,6.3690495,11.159999,0.0,0.1,40740.0,13.285713,44.173744
2026-07-15 00:00:00+02:00,22.8585,3.8268526,10.799999,0.0,0.0,40420.0,16.007849,52.388557
2026-07-15 01:00:00+02:00,22.758501,5.634891,10.08,0.0,0.0,40200.0,7.34788,51.97882
2026-07-15 02:00:00+02:00,22.4585,4.3349743,9.36,0.0,0.0,40540.0,10.638335,51.021294
2026-07-15 03:00:00+02:00,21.4585,6.28713,10.799999,7.0,0.0,39500.0,17.536903,47.433033
2026-07-15 04:00:00+02:00,20.9085,5.6920996,10.440001,0.0,0.0,38960.0,18.992203,47.127472
2026-07-15 05:00:00+02:00,20.758501,3.5455887,9.36,0.0,0.0,39880.0,19.483345,46.256996
2026-07-15 06:00:00+02:00,19.6085,5.00128,9.72,0.0,0.0,36840.0,22.254591,46.865147
2026-07-15 07:00:00+02:00,20.3585,3.396233,8.28,0.0,0.0,37920.0,24.578041,46.53103
2026-07-15 08:00:00+02:00,21.5585,1.609969,5.04,0.0,0.0,38200.0,29.39152,50.58525
2026-07-15 09:00:00+02:00,23.1585,0.0,5.3999996,0.0,0.0,39380.0,27.52722,51.27362
2026-07-15 10:00:00+02:00,24.758501,1.609969,7.5599995,0.0,0.0,39420.0,24.425488,51.202194
2026-07-15 11:00:00+02:00,25.9585,6.725354,12.599999,0.0,0.0,40380.0,28.538372,49.507538
2026-07-15 12:00:00+02:00,27.3085,2.2768397,12.599999,0.0,0.0,40940.0,21.354607,50.306503
2026-07-15 13:00:00+02:00,28.2085,8.161764,17.64,0.0,0.0,40900.0,17.952349,54.185173
2026-07-15 14:00:00+02:00,27.9085,14.277983,25.56,12.0,0.0,40440.0,27.587502,49.37897
2026-07-15 15:00:00+02:00,27.3585,16.981165,35.64,0.0,0.0,40780.0,24.117481,52.244965
2026-07-15 16:00:00+02:00,28.0585,16.039202,33.839996,0.0,0.0,42040.0,25.322935,57.2685
2026-07-15 17:00:00+02:00,27.8585,19.61587,33.839996,28.0,0.0,41720.0,33.539364,39.280384
2026-07-15 18:00:00+02:00,26.6585,11.720751,34.56,0.0,0.0,42080.0,20.907467,34.024887
2026-07-15 19:00:00+02:00,26.4085,2.5455842,21.599998,0.0,0.0,41240.0,24.0485,33.269196
2026-07-15 20:00:00+02:00,22.7085,14.458382,9.36,0.0,0.0,38100.0,18.77225,42.206894
2026-07-15 21:00:00+02:00,22.1585,8.766573,26.28,0.0,0.0,38340.0,26.038563,35.330273
2026-07-15 22:00:00+02:00,21.6585,3.2399998,13.32,13.0,0.0,36980.0,22.661438,33.871685
2026-07-15 23:00:00+02:00,19.8085,12.413477,22.319998,82.0,0.0,33460.0,29.550064,28.178215
2026-07-16 00:00:00+02:00,19.008501,6.9899354,22.319998,73.0,2.3,22920.0,27.681433,28.551722
2026-07-16 01:00:00+02:00,19.3085,8.217153,22.68,36.0,0.7,21560.0,24.662386,56.537296
2026-07-16 02:00:00+02:00,18.4585,6.12,15.4800005,18.0,0.0,16800.0,34.10727,52.889896
2026-07-16 03:00:00+02:00,18.1085,1.835647,9.36,67.0,0.0,15440.0,51.168003,47.37208
2026-07-16 04:00:00+02:00,18.6085,13.570615,22.68,0.0,0.5,25340.0,37.40319,59.902184
2026-07-16 05:00:00+02:00,17.9085,5.2416787,23.4,0.0,0.3,24900.0,34.779503,60.74202
2026-07-16 06:00:00+02:00,18.0585,4.73506,6.8399997,0.0,0.0,31140.0,31.637262,54.9056
2026-07-16 07:00:00+02:00,18.258501,2.968636,6.8399997,0.0,0.0,28980.0,26.85903,66.146416
2026-07-16 08:00:00+02:00,19.258501,2.7416782,3.6,0.0,0.0,29820.0,21.605959,60.210094
2026-07-16 09:00:00+02:00,20.9585,5.3999996,10.08,0.0,0.0,34980.0,21.398321,50.27969
2026-07-16 10:00:00+02:00,22.5585,4.802999,11.159999,0.0,0.0,37800.0,27.116795,48.19446
2026-07-16 11:00:00+02:00,24.508501,5.4477882,10.799999,0.0,0.0,40360.0,24.06145,47.143818
2026-07-16 12:00:00+02:00,26.258501,5.3517847,12.959999,0.0,0.0,41180.0,23.844715,45.78401
2026-07-16 13:00:00+02:00,27.7085,4.6800003,11.879999,0.0,0.0,41560.0,16.959002,51.755985
2026-07-16 14:00:00+02:00,29.508501,3.5455887,14.04,0.0,0.0,42560.0,15.493671,57.0562
2026-07-16 15:00:00+02:00,30.4085,3.396233,11.5199995,0.0,0.0,43260.0,14.038106,61.300762
2026-07-16 16:00:00+02:00,30.3585,6.297428,15.119999,0.0,0.0,43840.0,17.441916,65.38487
2026-07-16 17:00:00+02:00,30.8585,2.7416782,12.599999,0.0,0.0,45400.0,11.254866,60.795906
2026-07-16 18:00:00+02:00,30.6085,0.5091169,26.28,0.0,0.0,45760.0,13.270073,59.98894
2026-07-16 19:00:00+02:00,30.2085,1.484318,16.919998,0.0,0.0,45400.0,3.3175182,51.9677
2026-07-16 20:00:00+02:00,21.3585,22.086521,64.799995,54.0,2.5,600.0,53.493378,39.10837
2026-07-16 21:00:00+02:00,21.008501,9.114471,32.399998,0.0,8.0,35240.0,7.418196,50.474697
2026-07-16 22:00:00+02:00,21.008501,3.671294,11.879999,0.0,0.0,33480.0,27.391094,51.90836
2026-07-16 23:00:00+02:00,20.0585,5.315336,19.08,0.0,0.0,35660.0,30.398726,41.157852
2026-07-17 00:00:00+02:00,20.1085,6.297428,12.599999,0.0,0.0,35160.0,25.717579,49.285255
2026-07-17 01:00:00+02:00,19.3085,4.6800003,12.599999,0.0,0.0,25360.0,24.425486,45.075916
2026-07-17 02:00:00+02:00,18.9585,8.161764,13.679999,0.0,0.3,23300.0,43.38697,20.567223
2026-07-17 03:00:00+02:00,18.0585,8.350138,26.28,51.0,3.9,8220.0,28.050312,50.88898
2026-07-17 04:00:00+02:00,17.5585,11.503113,26.64,0.0,1.4,22000.0,44.695408,47.692234
2026-07-17 05:00:00+02:00,17.6085,4.5536795,20.880001,0.0,0.0,31340.0,56.03581,57.707443
2026-07-17 06:00:00+02:00,18.008501,0.35999998,9.0,0.0,0.0,33220.0,53.025494,48.513157
2026-07-17 07:00:00+02:00,17.7085,7.386582,12.24,16.0,0.0,28660.0,47.648045,42.425396
2026-07-17 08:00:00+02:00,18.758501,5.00128,9.36,0.0,0.0,33020.0,33.492893,47.893757
2026-07-17 09:00:00+02:00,20.1585,3.319036,11.879999,0.0,0.0,35440.0,40.451862,45.989704
2026-07-17 10:00:00+02:00,20.4585,5.8603754,14.759999,11.0,0.4,36880.0,40.7638,48.350086
2026-07-17 11:00:00+02:00,22.5585,9.6932955,21.599998,6.0,0.3,39160.0,33.733833,54.708782
2026-07-17 12:00:00+02:00,24.3085,10.009036,19.8,12.0,0.0,40160.0,23.71372,53.584606
2026-07-17 13:00:00+02:00,25.758501,9.1641035,20.519999,28.0,0.0,40620.0,22.495888,56.65982
2026-07-17 14:00:00+02:00,26.9085,9.178235,25.56,1.0,0.0,41460.0,23.007017,56.90407
2026-07-17 15:00:00+02:00,27.7085,10.383987,22.68,3.0,0.0,41780.0,20.782944,61.673565
2026-07-17 16:00:00+02:00,29.0585,15.937878,29.16,26.0,0.0,43500.0,30.859755,58.334915
2026-07-17 17:00:00+02:00,28.0585,12.599998,36.719997,0.0,0.0,42980.0,31.390156,72.048134
2026-07-17 18:00:00+02:00,26.5585,19.228851,34.56,38.0,0.0,41080.0,19.483345,62.77256
2026-07-17 19:00:00+02:00,25.6085,12.984975,32.039997,0.0,0.0,40940.0,36.92264,59.7444
2026-07-17 20:00:00+02:00,25.508501,12.783802,23.4,0.0,0.0,40980.0,33.068604,61.910484
2026-07-17 21:00:00+02:00,24.2085,4.510787,19.8,31.0,0.0,40360.0,30.586008,63.595703
2026-07-17 22:00:00+02:00,23.1585,6.696387,11.159999,73.0,0.0,39700.0,35.20382,48.81399
2026-07-17 23:00:00+02:00,21.508501,4.5820518,18.0,22.0,0.0,39980.0,28.42171,60.92252
2026-07-18 00:00:00+02:00,20.4085,4.8433046,8.28,54.0,0.0,33120.0,21.026318,63.084778
2026-07-18 01:00:00+02:00,20.1085,4.198285,17.28,51.0,0.0,28100.0,15.5204525,56.737957
2026-07-18 02:00:00+02:00,19.1085,3.8773184,7.2,44.0,0.0,24620.0,14.64622,61.845108
2026-07-18 03:00:00+02:00,19.1585,1.835647,6.12,61.0,0.0,26960.0,19.931175,57.88742
2026-07-18 04:00:00+02:00,18.9085,1.8,11.159999,55.0,0.0,30320.0,20.78794,54.003563
2026-07-18 05:00:00+02:00,18.8085,1.1384199,10.08,52.0,0.0,34560.0,21.344877,55.986065
2026-07-18 06:00:00+02:00,18.4085,3.8939953,6.12,23.0,0.0,35420.0,18.788836,47.176495
2026-07-18 07:00:00+02:00,18.0585,3.671294,6.12,71.0,0.0,30660.0,19.030432,45.93103
2026-07-18 08:00:00+02:00,19.6085,2.2768397,8.28,62.0,0.0,31480.0,20.302786,48.41379
2026-07-18 09:00:00+02:00,20.508501,4.5820518,19.44,53.0,0.0,36720.0,21.553034,47.99019
2026-07-18 10:00:00+02:00,22.008501,5.506941,11.879999,6.0,0.0,37480.0,21.359468,48.19446
2026-07-18 11:00:00+02:00,23.5585,6.4096174,13.679999,24.0,0.0,39700.0,20.179676,49.794632
2026-07-18 12:00:00+02:00,24.6585,7.968939,16.56,36.0,0.0,40840.0,18.683542,45.118626
2026-07-18 13:00:00+02:00,25.5585,14.182355,26.28,0.0,0.0,41820.0,18.953892,46.8158
2026-07-18 14:00:00+02:00,26.0585,9.726664,28.44,54.0,0.0,41480.0,13.246578,40.033276
2026-07-18 15:00:00+02:00,23.258501,3.5455887,17.28,69.0,0.5,40000.0,15.284515,36.62595
2026-07-18 16:00:00+02:00,23.6585,10.990322,30.599998,0.0,0.0,36880.0,17.795506,48.19446
2026-07-18 17:00:00+02:00,24.9085,14.561099,27.72,70.0,0.0,41000.0,19.338923,42.868042
2026-07-18 18:00:00+02:00,22.3585,10.308831,34.2,4.0,0.2,36200.0,15.031068,44.50392
2026-07-18 19:00:00+02:00,22.758501,5.495161,27.0,29.0,0.0,35480.0,13.739071,43.55897
2026-07-18 20:00:00+02:00,18.258501,9.085988,37.8,0.0,1.6,4960.0,23.244972,36.133522
2026-07-18 21:00:00+02:00,18.4585,7.5170207,14.759999,0.0,0.7,27500.0,25.555578,56.893913
2026-07-18 22:00:00+02:00,17.9585,6.28713,12.24,47.0,0.0,28580.0,17.352394,49.038406
2026-07-18 23:00:00+02:00,17.4085,8.404285,23.039999,16.0,0.0,26880.0,18.073395,57.116936
2026-07-19 00:00:00+02:00,17.258501,6.792466,16.199999,43.0,0.0,28740.0,13.246579,55.272747
2026-07-19 01:00:00+02:00,17.3585,6.8777895,11.879999,20.0,0.0,29540.0,10.481012,51.03262
2026-07-19 02:00:00+02:00,17.258501,4.072935,12.24,30.0,0.0,29020.0,10.569795,53.281788
2026-07-19 03:00:00+02:00,17.008501,4.1046314,8.28,17.0,0.0,28180.0,9.7416725,54.97222
2026-07-19 04:00:00+02:00,16.8585,5.0142193,7.92,0.0,0.0,27800.0,13.881914,49.65517
2026-07-19 05:00:00+02:00,16.2085,4.32,8.64,0.0,0.0,26060.0,17.69604,52.17117
2026-07-19 06:00:00+02:00,16.2085,3.6179552,6.4799995,10.0,0.0,25160.0,20.63252,46.198658
2026-07-19 07:00:00+02:00,16.7085,4.1046314,5.3999996,11.0,0.0,24420.0,23.774942,40.30661
2026-07-19 08:00:00+02:00,17.3085,8.287822,13.32,65.0,0.0,22680.0,12.905135,57.506817
2026-07-19 09:00:00+02:00,17.6085,4.5536795,15.4800005,63.0,0.0,35180.0,25.162518,53.140602
2026-07-19 10:00:00+02:00,17.9085,6.9247384,12.959999,90.0,0.1,34460.0,27.53099,48.33813
2026-07-19 11:00:00+02:00,18.758501,6.830519,21.599998,41.0,0.0,38220.0,17.081009,50.27969
2026-07-19 12:00:00+02:00,20.4585,6.4096174,16.919998,72.0,0.0,39420.0,13.4101715,48.41777
2026-07-19 13:00:00+02:00,21.6585,9.220499,18.0,42.0,0.0,40460.0,13.285712,46.588947
2026-07-19 14:00:00+02:00,22.6585,4.73506,18.72,3.0,0.0,41020.0,13.246579,51.1382
2026-07-19 15:00:00+02:00,23.5585,5.506941,12.24,0.0,0.0,41860.0,13.402427,49.097294
2026-07-19 16:00:00+02:00,23.6085,11.792404,21.96,78.0,0.0,42240.0,14.759212,40.363914
2026-07-19 17:00:00+02:00,24.3085,12.096214,23.039999,77.0,0.0,42580.0,14.899244,41.530582
2026-07-19 18:00:00+02:00,24.2085,11.923557,22.319998,4.0,0.0,42880.0,17.196117,43.889385
2026-07-19 19:00:00+02:00,23.3585,11.212135,21.599998,92.0,0.0,41320.0,18.54969,44.082073
2026-07-19 20:00:00+02:00,22.3585,8.714677,19.8,39.0,0.0,41140.0,10.240498,44.80158
2026-07-19 21:00:00+02:00,20.3585,9.449572,18.0,44.0,0.0,41440.0,11.961482,47.473625
2026-07-19 22:00:00+02:00,19.3085,11.440979,19.8,37.0,0.0,41120.0,9.482423,45.412262
2026-07-19 23:00:00+02:00,18.6585,11.885453,21.24,42.0,0.0,41780.0,7.866535,45.02033
2026-07-20 00:00:00+02:00,17.8585,12.229406,22.319998,46.0,0.0,40800.0,1.8788835,43.470432
2026-07-20 01:00:00+02:00,17.258501,10.195057,19.44,30.0,0.0,39320.0,1.4410379,45.91845
2026-07-20 02:00:00+02:00,16.4585,13.779114,18.359999,22.0,0.0,39820.0,3.67394,50.03005
2026-07-20 03:00:00+02:00,16.0585,9.360001,24.119999,0.0,0.0,39960.0,4.6916795,50.306503
2026-07-20 04:00:00+02:00,15.6085005,9.19939,15.84,19.0,0.0,39680.0,7.1182017,49.081596
2026-07-20 05:00:00+02:00,15.0085,7.2,14.759999,0.0,0.0,39760.0,8.151741,44.108284
2026-07-20 06:00:00+02:00,14.2585,6.4096174,11.159999,0.0,0.0,38900.0,10.189676,44.068962
2026-07-20 07:00:00+02:00,14.5085,6.1305785,10.799999,16.0,0.0,38660.0,8.976174,44.138847
2026-07-20 08:00:00+02:00,15.9585,9.693296,14.04,65.0,0.0,40100.0,6.3960004,40.387775
2026-07-20 09:00:00+02:00,17.1085,11.923557,21.24,48.0,0.0,40300.0,3.5591009,39.767754
2026-07-20 10:00:00+02:00,18.3585,11.808878,22.68,44.0,0.0,40540.0,4.6916795,41.433067
2026-07-20 11:00:00+02:00,19.6585,11.480557,23.039999,14.0,0.0,40640.0,3.286072,43.04741
2026-07-20 12:00:00+02:00,21.2085,10.182337,21.96,4.0,0.0,41720.0,1.2889035,42.574966
2026-07-20 13:00:00+02:00,22.3585,8.587338,19.44,0.0,0.0,41920.0,7.5842957,43.368397
2026-07-20 14:00:00+02:00,22.8585,8.39657,19.08,3.0,0.0,42160.0,8.84802,47.270313
2026-07-20 15:00:00+02:00,23.6085,7.5170207,16.199999,20.0,0.0,42320.0,7.20519,48.81399
2026-07-20 16:00:00+02:00,24.1085,6.9527545,15.84,22.0,0.0,42680.0,7.0743074,49.538654
2026-07-20 17:00:00+02:00,24.258501,7.928178,18.0,0.0,0.0,45180.0,6.3960004,53.39374
2026-07-20 18:00:00+02:00,23.9085,3.0758414,16.199999,0.0,0.0,45740.0,7.958391,55.855167
2026-07-20 19:00:00+02:00,23.9085,7.2,10.440001,0.0,0.0,47580.0,5.487309,57.70077
2026-07-20 20:00:00+02:00,23.0585,7.386582,15.119999,0.0,0.0,46420.0,8.11344,51.13066
2026-07-20 21:00:00+02:00,21.2085,9.346143,16.199999,0.0,0.0,42140.0,10.802979,48.370003
2026-07-20 22:00:00+02:00,19.6085,8.217153,15.84,0.0,0.0,41540.0,7.34788,47.599243
2026-07-20 23:00:00+02:00,18.0585,19.469976,27.359999,0.0,0.0,41060.0,20.506329,59.602367
2026-07-21 00:00:00+02:00,17.1085,23.557316,41.760002,0.0,0.0,41720.0,6.0797453,54.677082
2026-07-21 01:00:00+02:00,16.8585,21.67487,41.039997,0.0,0.0,41700.0,7.0743074,51.520977
2026-07-21 02:00:00+02:00,16.3085,15.1884165,37.8,0.0,0.0,41600.0,7.3619976,54.793217
2026-07-21 03:00:00+02:00,15.4585,14.113652,25.199999,0.0,0.0,41120.0,5.487309,52.052883
2026-07-21 04:00:00+02:00,15.158501,13.044722,24.119999,0.0,0.0,40760.0,5.487309,50.041595
2026-07-21 05:00:00+02:00,14.3585005,12.313894,21.96,0.0,0.0,40120.0,6.47666,43.470432
2026-07-21 06:00:00+02:00,13.908501,10.233123,20.519999,0.0,0.0,39580.0,7.958392,44.844555
2026-07-21 07:00:00+02:00,14.0085,9.220499,16.919998,0.0,0.0,39220.0,8.670211,42.225147
2026-07-21 08:00:00+02:00,14.8085,12.387348,23.4,0.0,0.0,39660.0,5.8000655,36.641724
2026-07-21 09:00:00+02:00,15.8585005,12.7279215,23.039999,0.0,0.0,40280.0,5.941551,34.14357
2026-07-21 10:00:00+02:00,17.3085,12.768586,23.759998,0.0,0.0,40780.0,13.246578,31.661255
2026-07-21 11:00:00+02:00,18.6585,12.496718,24.48,0.0,0.0,41040.0,14.709885,31.752386
2026-07-21 12:00:00+02:00,20.2085,12.475961,23.759998,0.0,0.0,41780.0,12.603934,27.422962
2026-07-21 13:00:00+02:00,21.5585,14.255272,24.119999,0.0,0.0,42300.0,10.087265,26.098505
2026-07-21 14:00:00+02:00,22.3085,13.044722,25.199999,9.0,0.0,42660.0,16.461926,26.186924
2026-07-21 15:00:00+02:00,22.9585,11.019764,21.599998,3.0,0.0,43260.0,14.674548,28.659466
2026-07-21 16:00:00+02:00,23.4585,8.714677,18.0,0.0,0.0,43760.0,12.030725,32.281826
2026-07-21 17:00:00+02:00,23.258501,11.966954,19.44,3.0,0.0,43700.0,15.148044,29.179014
2026-07-21 18:00:00+02:00,23.1585,7.8954163,19.44,0.0,0.0,45740.0,12.44643,24.103226
2026-07-21 19:00:00+02:00,22.7085,8.4963045,16.199999,0.0,0.0,44800.0,12.570939,23.878407
2026-07-21 20:00:00+02:00,21.9085,8.557102,15.4800005,0.0,0.0,45200.0,9.394418,32.572903
2026-07-21 21:00:00+02:00,21.1085,6.12,13.32,6.0,0.0,43460.0,13.033229,22.788692
2026-07-21 22:00:00+02:00,19.9085,6.9153743,13.679999,0.0,0.0,42420.0,15.284515,21.438515
2026-07-21 23:00:00+02:00,18.0585,9.885262,16.199999,0.0,0.0,40940.0,19.166346,23.757093
2026-07-22 00:00:00+02:00,17.4585,15.379206,28.44,0.0,0.0,41360.0,15.851416,27.716415
2026-07-22 01:00:00+02:00,17.1585,15.629971,27.0,0.0,0.0,40980.0,1.643036,23.757093
2026-07-22 02:00:00+02:00,16.5585,12.783802,27.72,0.0,0.0,39860.0,0.0,20.557856
2026-07-22 03:00:00+02:00,16.1085,7.24486,20.880001,0.0,0.0,39980.0,0.64445174,15.665498
2026-07-22 04:00:00+02:00,15.2085,4.510787,10.440001,0.0,0.0,39220.0,3.5591009,15.025306
2026-07-22 05:00:00+02:00,13.658501,6.297428,9.0,0.0,0.0,36260.0,6.835443,16.386677
2026-07-22 06:00:00+02:00,12.6085005,5.8603754,10.08,0.0,0.0,31760.0,6.330734,20.208189
2026-07-22 07:00:00+02:00,13.0085,5.0142193,9.72,0.0,0.0,33580.0,6.444517,18.096056
2026-07-22 08:00:00+02:00,15.1085005,2.2768397,7.5599995,0.0,0.0,30500.0,6.198138,16.018122
2026-07-22 09:00:00+02:00,17.258501,2.8799999,6.4799995,0.0,0.0,38880.0,4.511162,16.71258
2026-07-22 10:00:00+02:00,19.258501,3.096837,7.5599995,0.0,0.0,40460.0,4.9291077,14.476846
2026-07-22 11:00:00+02:00,21.1585,5.7599998,11.159999,3.0,0.0,41600.0,6.444517,13.626929
2026-07-22 12:00:00+02:00,22.4085,6.830519,9.36,0.0,0.0,42520.0,6.572144,14.476846
2026-07-22 13:00:00+02:00,23.508501,5.634891,9.0,0.0,0.0,43520.0,3.1898732,13.6692705
2026-07-22 14:00:00+02:00,24.3585,6.638072,8.64,0.0,0.0,44840.0,4.556962,15.824542
2026-07-22 15:00:00+02:00,25.2085,5.8048253,11.159999,0.0,0.0,48060.0,5.094838,19.598463
2026-07-22 16:00:00+02:00,25.508501,9.779817,13.32,0.0,0.0,46960.0,8.151741,24.593725
2026-07-22 17:00:00+02:00,25.6085,5.7599998,18.0,0.0,0.0,48760.0,8.753638,26.537657
2026-07-22 18:00:00+02:00,25.258501,6.725354,15.84,0.0,0.0,48260.0,11.254866,29.954306
2026-07-22 19:00:00+02:00,25.008501,2.2768397,11.5199995,0.0,0.0,48200.0,5.941551,36.03209
2026-07-22 20:00:00+02:00,24.3085,12.7279215,21.24,0.0,0.0,49400.0,16.265226,29.851236
2026-07-22 21:00:00+02:00,22.1085,9.0,21.599998,0.0,0.0,46780.0,18.964846,31.951952
2026-07-22 22:00:00+02:00,20.0585,6.489992,14.759999,0.0,0.0,42860.0,13.859459,40.535355
2026-07-22 23:00:00+02:00,18.9585,6.8777895,10.799999,0.0,0.0,42140.0,15.8972025,38.72725
2026-07-23 00:00:00+02:00,18.3085,5.3517847,12.24,0.0,0.0,41720.0,13.9118,37.14297
2026-07-23 01:00:00+02:00,16.6585,5.0142193,8.28,0.0,0.0,40660.0,6.1138062,35.682907
2026-07-23 02:00:00+02:00,16.3585,6.638072,9.0,0.0,0.0,40380.0,4.0758705,36.919296
2026-07-23 03:00:00+02:00,16.1085,7.127636,11.879999,0.0,0.0,40400.0,5.487309,36.678505
2026-07-23 04:00:00+02:00,16.258501,6.3690495,13.679999,0.0,0.0,39860.0,9.56962,38.322243
2026-07-23 05:00:00+02:00,14.8085,5.495161,10.799999,0.0,0.0,37360.0,12.512989,37.816254
2026-07-23 06:00:00+02:00,13.3585005,6.696387,11.159999,0.0,0.0,31200.0,11.85686,36.32493
2026-07-23 07:00:00+02:00,13.8585005,4.510787,11.159999,0.0,0.0,32460.0,9.7416725,38.87123
2026-07-23 08:00:00+02:00,16.0085,5.3517847,7.92,0.0,0.0,38080.0,6.940957,39.3049
2026-07-23 09:00:00+02:00,17.9085,9.885262,17.64,0.0,0.0,39880.0,5.543783,35.56936
2026-07-23 10:00:00+02:00,19.3585,6.439876,18.0,0.0,0.0,40480.0,7.418196,31.034481
2026-07-23 11:00:00+02:00,20.5585,1.9386592,12.959999,0.0,0.0,40800.0,6.6350365,26.696869
2026-07-23 12:00:00+02:00,21.508501,8.209263,14.759999,44.0,0.0,41140.0,5.155614,24.333883
2026-07-23 13:00:00+02:00,22.7085,7.9932966,16.199999,0.0,0.0,41880.0,5.8357587,19.794064
2026-07-23 14:00:00+02:00,23.4085,6.696387,16.199999,1.0,0.0,42440.0,7.5842957,17.245792
2026-07-23 15:00:00+02:00,24.258501,10.495713,15.4800005,34.0,0.0,43080.0,10.240498,15.824542
2026-07-23 16:00:00+02:00,24.5585,8.699793,19.44,0.0,0.0,44460.0,13.889393,17.31268
2026-07-23 17:00:00+02:00,24.4085,9.227524,21.96,0.0,0.0,43780.0,17.08101,20.01664
2026-07-23 18:00:00+02:00,24.258501,7.2359104,18.359999,0.0,0.0,43880.0,11.961482,16.70105
2026-07-23 19:00:00+02:00,23.9585,5.2416787,14.04,0.0,0.0,44540.0,9.580463,18.433542
2026-07-23 20:00:00+02:00,23.9085,11.753877,27.0,0.0,0.0,47220.0,17.536903,13.326771
2026-07-23 21:00:00+02:00,21.9585,15.158522,25.56,0.0,0.0,50500.0,15.5538645,14.329733
2026-07-23 22:00:00+02:00,19.9585,14.618837,27.0,0.0,0.0,49120.0,19.631992,21.402544
2026-07-23 23:00:00+02:00,18.6085,13.246826,25.199999,0.0,0.0,42520.0,17.975468,24.483826
2026-07-24 00:00:00+02:00,17.508501,17.174677,30.239998,0.0,0.0,41580.0,12.108149,27.681644
2026-07-24 01:00:00+02:00,16.9585,12.55879,28.8,0.0,0.0,41600.0,11.124962,33.106678
2026-07-24 02:00:00+02:00,16.3585,12.522619,21.96,0.0,0.0,41620.0,8.36547,34.946533
2026-07-24 03:00:00+02:00,15.9585,8.766573,20.519999,0.0,0.0,41280.0,6.47666,36.15484
2026-07-24 04:00:00+02:00,15.158501,5.3999996,14.4,0.0,0.0,41000.0,3.757767,35.574776
2026-07-24 05:00:00+02:00,13.4585,5.991594,9.72,0.0,0.0,39980.0,2.8820758,32.281826
2026-07-24 06:00:00+02:00,12.158501,6.763786,11.159999,0.0,0.0,38800.0,1.4410379,28.578697
2026-07-24 07:00:00+02:00,12.5585,6.12,10.799999,0.0,0.0,39380.0,1.4410379,25.63681
2026-07-24 08:00:00+02:00,15.2085,3.219938,8.28,0.0,0.0,39740.0,2.7718916,24.897316
2026-07-24 09:00:00+02:00,17.9585,0.5091169,5.04,0.0,0.0,42240.0,4.1265044,22.344826
2026-07-24 10:00:00+02:00,19.8585,6.151683,10.08,0.0,0.0,42220.0,3.5591009,18.170418
2026-07-24 11:00:00+02:00,21.3585,4.3349743,11.159999,0.0,0.0,43740.0,3.67394,17.478779
2026-07-24 12:00:00+02:00,22.8585,5.00128,7.2,0.0,0.0,46380.0,5.3142853,15.012479
2026-07-24 13:00:00+02:00,24.3085,7.6367526,10.440001,0.0,0.0,48120.0,7.1182017,13.152178
2026-07-24 14:00:00+02:00,25.1585,10.703569,15.4800005,0.0,0.0,48580.0,5.8357587,11.189642
2026-07-24 15:00:00+02:00,25.9085,7.9932966,15.4800005,0.0,0.0,51020.0,4.9291077,13.283339
2026-07-24 16:00:00+02:00,26.4585,10.00256,13.32,0.0,0.0,57040.0,3.89347,14.999642
2026-07-24 17:00:00+02:00,26.9585,7.10031,13.32,0.0,0.0,57420.0,5.094838,18.26558
2026-07-24 18:00:00+02:00,26.8085,6.439876,13.32,0.0,0.0,58000.0,3.3175182,19.949162
2026-07-24 19:00:00+02:00,26.2085,7.10031,14.759999,0.0,0.0,60620.0,7.6388597,27.338541
2026-07-24 20:00:00+02:00,24.8085,8.311245,15.119999,0.0,0.0,53120.0,7.34788,30.514961
2026-07-24 21:00:00+02:00,22.7085,6.9527545,14.04,0.0,0.0,49060.0,4.556962,32.281826
2026-07-24 22:00:00+02:00,19.7085,7.968939,11.5199995,0.0,0.0,44280.0,5.094838,34.957558
2026-07-24 23:00:00+02:00,19.258501,6.87779,12.599999,0.0,0.0,46880.0,4.101266,37.044304
2026-07-25 00:00:00+02:00,18.6085,6.2145634,11.159999,0.0,0.0,41440.0,5.941551,34.08711
2026-07-25 01:00:00+02:00,18.3085,6.638072,10.799999,0.0,0.0,42660.0,7.34788,33.723503
2026-07-25 02:00:00+02:00,17.6085,6.9899354,10.799999,0.0,0.0,41900.0,13.525812,33.042614
2026-07-25 03:00:00+02:00,17.3085,6.5693827,11.5199995,0.0,0.0,41740.0,19.568422,32.299725
2026-07-25 04:00:00+02:00,17.1085,5.8603754,10.440001,0.0,0.0,42020.0,24.0485,31.189268
2026-07-25 05:00:00+02:00,16.3085,6.12,9.72,0.0,0.0,40800.0,31.653667,28.612377
2026-07-25 06:00:00+02:00,16.1585,5.4119864,10.08,0.0,0.0,40520.0,35.628914,30.640951
2026-07-25 07:00:00+02:00,16.5585,5.3999996,9.36,0.0,0.0,40540.0,38.90802,28.659466
2026-07-25 08:00:00+02:00,18.7085,4.6938257,8.64,0.0,0.0,40700.0,42.104458,34.474827
2026-07-25 09:00:00+02:00,21.258501,4.68,9.36,0.0,0.0,41500.0,37.009712,39.845184
2026-07-25 10:00:00+02:00,23.8585,5.3517847,11.159999,0.0,0.0,43560.0,35.061962,49.4764
2026-07-25 11:00:00+02:00,25.9585,6.3690495,12.24,0.0,0.0,47600.0,33.315723,54.174507
2026-07-25 12:00:00+02:00,26.758501,10.1887,29.519999,0.0,0.0,46520.0,29.746176,47.857544
2026-07-25 13:00:00+02:00,28.0585,8.39657,30.960001,0.0,0.0,48840.0,32.749943,45.30609
2026-07-25 14:00:00+02:00,29.1585,8.825508,20.16,23.0,0.0,48220.0,25.09641,33.106678
2026-07-25 15:00:00+02:00,29.4085,12.496719,24.119999,0.0,0.0,48140.0,30.990694,30.03137
2026-07-25 16:00:00+02:00,30.008501,18.733839,33.12,0.0,0.0,51180.0,22.857605,31.951952
2026-07-25 17:00:00+02:00,28.4085,12.429127,33.839996,0.0,0.0,49100.0,23.489357,32.400948
2026-07-25 18:00:00+02:00,28.5585,7.928178,24.48,0.0,0.0,46380.0,20.055809,29.020142
2026-07-25 19:00:00+02:00,28.1085,5.3517847,14.759999,0.0,0.0,48120.0,18.347078,27.204338
2026-07-25 20:00:00+02:00,26.508501,5.0911684,10.440001,0.0,0.0,44080.0,21.911358,31.170736
2026-07-25 21:00:00+02:00,25.258501,1.8,9.36,0.0,0.0,42640.0,19.030432,43.581078
2026-07-25 22:00:00+02:00,24.1585,5.634891,10.08,0.0,0.0,42360.0,20.822872,35.87672
2026-07-25 23:00:00+02:00,23.258501,12.229406,10.799999,0.0,0.0,41200.0,22.343058,26.948225
2026-07-26 00:00:00+02:00,22.2085,8.049845,17.28,0.0,0.0,41280.0,25.978682,17.390388
2026-07-26 01:00:00+02:00,22.2085,9.360001,15.84,0.0,0.0,41400.0,28.29723,15.012479
2026-07-26 02:00:00+02:00,21.8085,7.42159,15.119999,0.0,0.0,41040.0,25.100548,14.753624
2026-07-26 03:00:00+02:00,21.4085,4.1046314,11.5199995,62.0,0.0,40560.0,29.000328,9.227215
2026-07-26 04:00:00+02:00,20.3085,8.78872,25.919998,41.0,0.0,36280.0,29.746176,14.4368725
2026-07-26 05:00:00+02:00,18.2085,8.825508,14.759999,44.0,0.3,10500.0,30.296087,12.5680065
2026-07-26 06:00:00+02:00,17.6085,12.224107,24.119999,61.0,2.6,17480.0,30.131134,3.9255857
2026-07-26 07:00:00+02:00,17.8585,7.8954163,19.08,77.0,0.3,22160.0,29.843752,0.6206896
2026-07-26 08:00:00+02:00,18.508501,7.92,13.679999,4.0,0.0,30080.0,33.798405,3.1034482
2026-07-26 09:00:00+02:00,19.008501,11.252519,19.8,24.0,0.0,26480.0,28.618301,11.172413
2026-07-26 10:00:00+02:00,20.008501,13.397612,24.119999,39.0,0.0,35460.0,26.528408,12.4293
2026-07-26 11:00:00+02:00,20.6585,13.37825,24.84,39.0,0.0,36260.0,26.430378,14.153901
2026-07-26 12:00:00+02:00,20.7085,15.0038395,26.64,70.0,0.0,37760.0,23.524696,20.567223
2026-07-26 13:00:00+02:00,21.8085,15.815435,28.08,50.0,0.0,38860.0,25.47419,26.797695
2026-07-26 14:00:00+02:00,22.508501,15.072783,31.68,0.0,0.0,40280.0,26.197577,27.338541
2026-07-26 15:00:00+02:00,22.9085,16.870138,32.399998,70.0,0.0,40420.0,33.268944,29.27787
2026-07-26 16:00:00+02:00,24.3085,17.309975,31.68,0.0,0.0,41260.0,32.222588,31.059296
2026-07-26 17:00:00+02:00,24.6585,19.134262,36.719997,14.0,0.0,41120.0,33.424625,36.08551
2026-07-26 18:00:00+02:00,25.008501,19.201874,34.56,12.0,0.0,41540.0,36.809982,44.082073
2026-07-26 19:00:00+02:00,24.1585,16.323528,35.28,0.0,0.0,41320.0,44.429794,41.007812
2026-07-26 20:00:00+02:00,24.0585,13.783817,28.44,26.0,0.0,42160.0,45.578728,45.6534
2026-07-26 21:00:00+02:00,22.8585,13.044722,24.48,0.0,0.0,41480.0,44.25887,47.433033
2026-07-26 22:00:00+02:00,22.3585,13.104198,22.319998,0.0,0.0,41040.0,47.431824,45.37831
2026-07-26 23:00:00+02:00,22.258501,11.298495,25.199999,45.0,0.0,40800.0,53.8204,41.701843
2026-07-27 00:00:00+02:00,21.4085,7.386582,19.08,43.0,0.0,40200.0,47.203613,45.174095
2026-07-27 01:00:00+02:00,20.9585,10.009036,17.64,4.0,0.0,39980.0,46.489944,49.97997
2026-07-27 02:00:00+02:00,21.6085,12.074766,21.96,0.0,0.0,40800.0,49.679245,48.370003
2026-07-27 03:00:00+02:00,21.1085,11.792404,20.880001,0.0,0.0,40620.0,53.841618,45.95619
2026-07-27 04:00:00+02:00,20.6085,11.435313,21.24,31.0,0.0,40460.0,53.333977,56.126953
2026-07-27 05:00:00+02:00,21.1085,12.57426,20.519999,71.0,0.0,41100.0,48.333878,54.08198
2026-07-27 06:00:00+02:00,20.6585,11.631956,21.96,44.0,0.0,40540.0,46.978714,55.74124
2026-07-27 07:00:00+02:00,20.008501,9.511088,19.44,70.0,0.2,40040.0,50.29408,56.649616
2026-07-27 08:00:00+02:00,20.5585,12.904882,19.8,31.0,0.0,40820.0,44.772003,46.655056
2026-07-27 09:00:00+02:00,20.9085,15.463246,27.359999,27.0,0.0,40420.0,46.750523,41.134445
2026-07-27 10:00:00+02:00,21.9585,19.110542,34.92,84.0,0.0,40240.0,43.484974,44.073334
2026-07-27 11:00:00+02:00,22.9085,17.28,35.28,93.0,0.0,40520.0,29.143185,39.123146
2026-07-27 12:00:00+02:00,22.7085,22.930048,37.079998,100.0,0.0,40120.0,25.862514,34.80846
2026-07-27 13:00:00+02:00,23.3585,17.418196,44.28,70.0,0.0,41040.0,37.04897,32.566986
2026-07-27 14:00:00+02:00,24.5585,15.84409,34.2,29.0,0.0,41600.0,25.584002,38.241734
2026-07-27 15:00:00+02:00,25.6085,16.23596,30.239998,51.0,0.0,42500.0,25.555576,32.383106
2026-07-27 16:00:00+02:00,25.3585,16.1198,30.960001,39.0,0.0,42820.0,23.766205,30.56542
2026-07-27 17:00:00+02:00,26.3085,16.516901,32.039997,9.0,0.0,43440.0,22.333761,34.160492
2026-07-27 18:00:00+02:00,25.8085,13.684735,31.68,23.0,0.0,43380.0,26.430378,35.029118
2026-07-27 19:00:00+02:00,25.508501,13.854155,27.0,0.0,0.0,44000.0,21.070715,32.990105
2026-07-27 20:00:00+02:00,24.8085,12.096214,24.84,0.0,0.0,44060.0,20.055809,30.922554
2026-07-27 21:00:00+02:00,23.3585,5.0911684,20.880001,0.0,0.0,43060.0,22.624752,32.82621
2026-07-27 22:00:00+02:00,22.4585,1.2979984,7.2,0.0,0.0,42460.0,19.742744,31.133633
2026-07-27 23:00:00+02:00,21.758501,1.609969,1.8,14.0,0.0,41680.0,13.402427,27.57008
2026-07-28 00:00:00+02:00,20.008501,7.4128532,12.599999,11.0,0.0,40860.0,8.202532,29.435349
2026-07-28 01:00:00+02:00,19.758501,8.14587,14.4,28.0,0.0,40800.0,5.487309,27.653793
2026-07-28 02:00:00+02:00,19.0585,8.14587,13.679999,37.0,0.0,40660.0,4.57969,28.966991
2026-07-28 03:00:00+02:00,18.5585,6.8777895,13.679999,10.0,0.0,40660.0,5.094838,28.531475
2026-07-28 04:00:00+02:00,18.1085,6.9153743,11.879999,0.0,0.0,40440.0,2.7718916,28.558466
2026-07-28 05:00:00+02:00,17.008501,6.6087217,12.24,0.0,0.0,39200.0,2.278481,28.558466
2026-07-28 06:00:00+02:00,16.8085,5.8048253,10.799999,0.0,0.0,39280.0,3.2222586,25.113012
2026-07-28 07:00:00+02:00,17.1085,5.692099,9.36,0.0,0.0,39460.0,1.8788835,23.298607
2026-07-28 08:00:00+02:00,19.008501,5.315336,9.36,0.0,0.0,40340.0,1.3670886,22.593443
2026-07-28 09:00:00+02:00,20.7085,7.5170207,14.4,0.0,0.0,40600.0,2.453999,19.281382
2026-07-28 10:00:00+02:00,22.508501,5.815978,14.4,0.0,0.0,41040.0,1.8788835,18.877537
2026-07-28 11:00:00+02:00,24.4085,4.6800003,9.72,0.0,0.0,41420.0,2.9178793,18.339252
2026-07-28 12:00:00+02:00,25.9085,7.653705,10.08,0.0,0.0,42040.0,4.844117,18.8469
2026-07-28 13:00:00+02:00,27.258501,9.693296,14.4,0.0,0.0,42620.0,8.11344,18.26558
2026-07-28 14:00:00+02:00,28.2085,10.739832,16.56,0.0,0.0,43000.0,6.9559,17.167427
2026-07-28 15:00:00+02:00,29.1585,11.019764,16.56,0.0,0.0,43900.0,7.7468357,16.245003
2026-07-28 16:00:00+02:00,29.6585,11.212135,16.919998,0.0,0.0,44720.0,6.524576,14.948187
2026-07-28 17:00:00+02:00,29.9585,8.669949,16.199999,0.0,0.0,46220.0,4.1265044,14.753624
2026-07-28 18:00:00+02:00,29.758501,8.435069,17.28,0.0,0.0,47040.0,2.6571426,17.566723
2026-07-28 19:00:00+02:00,29.2085,9.220499,16.919998,0.0,0.0,47900.0,2.577807,21.002802
2026-07-28 20:00:00+02:00,28.3085,10.028439,18.72,0.0,0.0,48120.0,4.0758705,23.846117
2026-07-28 21:00:00+02:00,26.3085,9.107359,17.64,0.0,0.0,45000.0,5.543783,29.27787
2026-07-28 22:00:00+02:00,24.8085,8.209263,16.919998,0.0,0.0,42940.0,7.7602262,29.179014
2026-07-28 23:00:00+02:00,23.4085,7.072878,12.959999,0.0,0.0,42200.0,11.92671,28.933727
2026-07-29 00:00:00+02:00,22.8585,6.9899354,11.879999,0.0,0.0,41520.0,14.899244,30.470741
2026-07-29 01:00:00+02:00,22.0585,5.815978,11.5199995,0.0,0.0,40880.0,15.419778,31.090292
2026-07-29 02:00:00+02:00,21.508501,5.95906,10.08,0.0,0.0,40460.0,17.12957,31.36786
2026-07-29 03:00:00+02:00,21.8085,3.8939953,9.72,0.0,0.0,40820.0,17.32245,35.292084
2026-07-29 04:00:00+02:00,21.9085,4.73506,7.5599995,0.0,0.0,40840.0,19.209635,41.045376
2026-07-29 05:00:00+02:00,21.4585,2.52,7.92,0.0,0.0,40400.0,22.440435,37.70402
2026-07-29 06:00:00+02:00,21.258501,2.968636,4.32,0.0,0.0,39680.0,24.712854,38.727253
2026-07-29 07:00:00+02:00,21.008501,3.6179552,5.04,0.0,0.0,38240.0,23.542343,33.08922
2026-07-29 08:00:00+02:00,22.508501,2.4149535,6.12,0.0,0.0,39020.0,27.074642,37.760178
2026-07-29 09:00:00+02:00,24.758501,3.671294,8.28,0.0,0.0,40420.0,34.055477,38.562763
2026-07-29 10:00:00+02:00,27.3085,3.8939953,9.72,0.0,0.0,41700.0,35.25687,39.607586
2026-07-29 11:00:00+02:00,29.3585,5.95906,13.32,0.0,0.0,42440.0,39.810223,36.192112
2026-07-29 12:00:00+02:00,30.9585,8.225035,16.919998,0.0,0.0,42940.0,39.205765,39.767754
2026-07-29 13:00:00+02:00,32.158497,10.853866,21.96,0.0,0.0,44640.0,21.840164,38.04478
2026-07-29 14:00:00+02:00,33.0085,8.089993,20.519999,0.0,0.0,45260.0,13.4101715,36.15484
2026-07-29 15:00:00+02:00,34.408497,9.114471,17.64,0.0,0.0,48380.0,15.5538645,38.39255
2026-07-29 16:00:00+02:00,35.2585,11.792404,27.0,0.0,0.0,58700.0,22.624752,37.70402
2026-07-29 17:00:00+02:00,35.408497,14.869351,27.359999,0.0,0.0,56840.0,22.948275,39.14776
2026-07-29 18:00:00+02:00,35.0585,16.746773,30.599998,0.0,0.0,58900.0,33.29078,42.48438
2026-07-29 19:00:00+02:00,34.408497,12.57426,30.239998,0.0,0.0,56440.0,21.006556,44.108284
2026-07-29 20:00:00+02:00,33.0585,8.217153,22.319998,0.0,0.0,52880.0,19.679535,31.040686
2026-07-29 21:00:00+02:00,30.6085,3.2399998,14.04,0.0,0.0,47100.0,18.250618,24.238705
2026-07-29 22:00:00+02:00,28.6585,2.6208394,4.68,0.0,0.0,45080.0,12.832521,25.719328
2026-07-29 23:00:00+02:00,26.008501,6.638072,11.159999,0.0,0.0,42800.0,16.265226,32.667385
2026-07-30 00:00:00+02:00,25.2085,7.42159,12.24,0.0,0.0,42440.0,23.101591,30.565416
2026-07-30 01:00:00+02:00,25.008501,7.42159,13.32,0.0,0.0,42020.0,20.343658,31.465965
2026-07-30 02:00:00+02:00,24.4085,7.10031,12.599999,0.0,0.0,41380.0,16.43036,29.507248
2026-07-30 03:00:00+02:00,23.8085,7.9932966,13.32,0.0,0.0,41660.0,15.284515,32.27586
2026-07-30 04:00:00+02:00,23.258501,6.297428,13.32,0.0,0.0,41900.0,14.589397,33.797676
2026-07-30 05:00:00+02:00,22.6085,5.315336,9.36,0.0,0.0,41520.0,10.667574,28.659466
2026-07-30 06:00:00+02:00,21.8585,6.489992,10.799999,0.0,0.0,41560.0,8.765491,25.516308
2026-07-30 07:00:00+02:00,21.9585,5.2416787,10.440001,0.0,0.0,41480.0,6.835443,22.379284
2026-07-30 08:00:00+02:00,23.508501,5.1919937,8.28,0.0,0.0,41820.0,9.666777,29.67
2026-07-30 09:00:00+02:00,25.9585,7.072878,12.599999,0.0,0.0,42900.0,9.045312,27.875805
2026-07-30 10:00:00+02:00,28.5585,6.4799995,13.679999,0.0,0.0,44900.0,8.402622,23.618853
2026-07-30 11:00:00+02:00,30.8585,5.2416787,14.04,0.0,0.0,48760.0,5.7641516,16.292364
2026-07-30 12:00:00+02:00,33.108498,3.563818,11.879999,0.0,0.0,55220.0,5.993747,9.494725
2026-07-30 13:00:00+02:00,34.8085,4.5536795,8.28,0.0,0.0,60460.0,5.487309,5.00416
2026-07-30 14:00:00+02:00,35.358498,3.6179552,9.36,0.0,0.0,55900.0,5.195736,5.855574
2026-07-30 15:00:00+02:00,36.3085,4.3349743,10.799999,0.0,0.0,59480.0,1.0189676,8.689655
2026-07-30 16:00:00+02:00,36.658497,7.072878,8.28,0.0,0.0,60200.0,4.57969,16.13793
2026-07-30 17:00:00+02:00,36.5085,10.105681,16.919998,0.0,0.0,63020.0,14.192577,26.098505
2026-07-30 18:00:00+02:00,32.158497,31.991425,62.639996,0.0,0.0,45560.0,52.880394,16.327795
2026-07-30 19:00:00+02:00,29.508501,10.483357,54.36,0.0,0.0,43000.0,24.876173,20.66067
2026-07-30 20:00:00+02:00,29.3585,3.9763298,14.4,0.0,0.0,44560.0,7.5842957,26.33363
2026-07-30 21:00:00+02:00,27.6585,5.6920996,8.28,0.0,0.0,42760.0,22.062473,38.387535
2026-07-30 22:00:00+02:00,25.8085,7.208994,12.599999,0.0,0.0,42120.0,19.972805,36.430836
2026-07-30 23:00:00+02:00,24.8085,6.439876,12.24,0.0,0.0,41180.0,12.438086,29.591993
2026-07-31 00:00:00+02:00,23.1585,6.6185193,11.159999,0.0,0.0,40260.0,10.240498,30.22956
2026-07-31 01:00:00+02:00,23.2085,6.0347,11.159999,0.0,0.0,41080.0,12.261531,37.00268
2026-07-31 02:00:00+02:00,23.258501,5.0528407,10.440001,0.0,0.0,41240.0,19.905111,35.38475
2026-07-31 03:00:00+02:00,22.758501,5.4119864,9.0,0.0,0.0,41100.0,17.46571,37.499107
2026-07-31 04:00:00+02:00,22.6585,2.5455842,9.0,0.0,0.0,40840.0,19.344288,39.728985
2026-07-31 05:00:00+02:00,21.8085,4.32,8.28,0.0,0.0,40540.0,19.160927,41.918385
2026-07-31 06:00:00+02:00,21.4085,5.4477882,9.36,0.0,0.0,40320.0,20.782944,46.914444
2026-07-31 07:00:00+02:00,21.8085,5.1544156,8.64,0.0,0.0,40260.0,25.65695,48.41379
2026-07-31 08:00:00+02:00,23.258501,2.5959969,8.28,0.0,0.0,40720.0,26.086369,45.46313
2026-07-31 09:00:00+02:00,25.1585,2.52,5.7599998,0.0,0.0,41040.0,29.857664,44.9818
2026-07-31 10:00:00+02:00,27.508501,3.9763298,9.36,0.0,0.0,42140.0,24.700247,43.310616
2026-07-31 11:00:00+02:00,29.7085,6.12,12.24,0.0,0.0,43640.0,30.586008,44.19118
2026-07-31 12:00:00+02:00,31.008501,9.007196,18.0,0.0,0.0,43720.0,33.175182,43.03846
2026-07-31 13:00:00+02:00,31.758501,14.618837,28.08,0.0,0.0,43860.0,37.26971,46.655056
2026-07-31 14:00:00+02:00,33.5585,14.512064,35.64,0.0,0.0,48340.0,26.197577,45.186886
2026-07-31 15:00:00+02:00,34.3085,17.884428,33.12,0.0,0.0,51080.0,28.96809,49.4764
2026-07-31 16:00:00+02:00,32.908497,15.141414,38.88,0.0,0.0,48620.0,24.293348,29.020142
2026-07-31 17:00:00+02:00,30.4085,10.00256,24.84,0.0,0.0,46360.0,11.537306,45.37831
2026-07-31 18:00:00+02:00,30.7085,8.4042845,21.24,0.0,0.0,46100.0,10.391472,41.973488
2026-07-31 19:00:00+02:00,30.4085,5.4833565,13.679999,0.0,0.0,45360.0,8.202532,41.95972
2026-07-31 20:00:00+02:00,27.6585,9.028754,18.72,0.0,0.0,41500.0,8.987734,42.593056
2026-07-31 21:00:00+02:00,26.1585,5.5887027,14.759999,0.0,0.0,40980.0,10.189676,39.196926
2026-07-31 22:00:00+02:00,25.1085,3.6,7.92,0.0,0.0,40720.0,5.993747,30.439116
2026-07-31 23:00:00+02:00,24.508501,1.8,6.4799995,0.0,0.0,40740.0,8.670211,35.029118
2026-08-01 00:00:00+02:00,24.258501,2.968636,5.3999996,0.0,0.0,40500.0,16.86076,32.06629
2026-08-01 01:00:00+02:00,23.6085,6.489992,9.72,0.0,0.0,40200.0,5.562481,39.510197
2026-08-01 02:00:00+02:00,19.9585,8.311245,20.16,100.0,0.1,22520.0,16.73094,40.880787
2026-08-01 03:00:00+02:00,19.3085,3.0758414,12.959999,49.0,0.1,12940.0,15.175435,63.032856
2026-08-01 04:00:00+02:00,19.4085,5.3999996,9.72,0.0,0.0,17680.0,8.765491,56.63261
2026-08-01 05:00:00+02:00,19.7085,1.609969,13.679999,9.0,0.0,23800.0,9.752324,57.707443
2026-08-01 06:00:00+02:00,19.508501,3.4152596,12.959999,0.0,0.1,26440.0,15.792356,59.404896
2026-08-01 07:00:00+02:00,19.0585,2.5455842,10.440001,30.0,0.0,16820.0,16.111294,48.513157
2026-08-01 08:00:00+02:00,19.0585,2.5455842,11.159999,8.0,0.0,14580.0,17.026215,53.78196
2026-08-01 09:00:00+02:00,20.4585,1.1384199,5.04,27.0,0.0,23760.0,19.784773,47.841442
2026-08-01 10:00:00+02:00,21.7085,2.968636,10.440001,54.0,0.0,27740.0,19.403242,43.612003
2026-08-01 11:00:00+02:00,22.4085,4.3498964,10.440001,53.0,0.0,30620.0,14.899244,46.456448
2026-08-01 12:00:00+02:00,23.9085,4.829907,12.24,63.0,0.0,34420.0,13.215189,46.38591
2026-08-01 13:00:00+02:00,25.5585,6.151683,13.679999,56.0,0.0,38760.0,11.392405,46.369293
2026-08-01 14:00:00+02:00,27.258501,8.350138,18.0,90.0,0.0,40900.0,15.044876,52.373848
2026-08-01 15:00:00+02:00,28.2085,12.074766,23.039999,24.0,0.0,41300.0,15.284514,46.95138
2026-08-01 16:00:00+02:00,28.758501,9.290511,24.84,32.0,0.0,41380.0,13.548821,39.53457
2026-08-01 17:00:00+02:00,28.9085,12.475961,24.84,17.0,0.0,41600.0,14.192577,40.110195
2026-08-01 18:00:00+02:00,28.3585,11.609651,23.4,50.0,0.0,41160.0,10.118097,37.9789
2026-08-01 19:00:00+02:00,27.6585,8.905908,23.4,13.0,0.0,41340.0,14.309151,39.319595
2026-08-01 20:00:00+02:00,26.758501,5.6233797,15.84,10.0,0.0,41000.0,7.1182017,43.060833
2026-08-01 21:00:00+02:00,24.258501,4.3498964,14.759999,65.0,0.0,38160.0,16.053188,35.029118
2026-08-01 22:00:00+02:00,22.9085,5.4833565,11.5199995,55.0,0.0,39260.0,10.280973,32.65559
2026-08-01 23:00:00+02:00,21.8085,6.725354,14.759999,28.0,0.0,34360.0,13.246579,31.63082
2026-08-02 00:00:00+02:00,21.9085,7.342588,16.199999,12.0,0.0,37800.0,11.821781,28.048029
2026-08-02 01:00:00+02:00,21.1585,5.0911684,11.159999,0.0,0.0,37060.0,12.030725,25.868687
2026-08-02 02:00:00+02:00,19.8085,5.3999996,10.440001,0.0,0.0,31060.0,12.512989,27.267992
2026-08-02 03:00:00+02:00,19.7085,5.8603754,10.440001,0.0,0.0,29680.0,6.444517,23.789505
2026-08-02 04:00:00+02:00,19.2085,5.8603754,10.08,0.0,0.0,21080.0,6.0797453,23.364658
2026-08-02 05:00:00+02:00,19.008501,6.792466,10.799999,0.0,0.0,18760.0,4.757608,25.591688
2026-08-02 06:00:00+02:00,19.2085,6.725354,12.959999,17.0,0.0,18960.0,5.0333285,26.653542
2026-08-02 07:00:00+02:00,19.4085,5.6233797,11.5199995,9.0,0.0,20440.0,2.7718916,25.659342
2026-08-02 08:00:00+02:00,20.008501,10.383987,15.119999,43.0,0.0,24080.0,9.125309,24.46021
2026-08-02 09:00:00+02:00,21.4585,6.763786,18.72,57.0,0.0,30960.0,6.198138,26.194277
2026-08-02 10:00:00+02:00,23.258501,6.3690495,10.440001,45.0,0.0,36400.0,4.511162,26.348255
2026-08-02 11:00:00+02:00,24.4585,8.39657,13.32,39.0,0.0,38000.0,5.7641516,28.558466
2026-08-02 12:00:00+02:00,25.8085,6.696387,12.24,38.0,0.0,39240.0,4.844117,31.189268
2026-08-02 13:00:00+02:00,27.5585,6.1305785,12.24,23.0,0.0,40220.0,6.524576,33.0601
2026-08-02 14:00:00+02:00,28.4085,9.290511,12.959999,9.0,0.0,40680.0,4.844117,36.430832
2026-08-02 15:00:00+02:00,29.4585,10.383987,15.4800005,4.0,0.0,41020.0,3.5591009,36.372623
2026-08-02 16:00:00+02:00,30.2085,10.495713,15.4800005,0.0,0.0,41620.0,5.9240503,38.886093
2026-08-02 17:00:00+02:00,30.508501,9.339208,15.119999,2.0,0.0,41780.0,5.333787,38.02959
2026-08-02 18:00:00+02:00,30.508501,9.659814,17.64,0.0,0.0,42940.0,4.556962,33.597603
2026-08-02 19:00:00+02:00,30.008501,10.829959,18.359999,0.0,0.0,42680.0,6.895935,28.335009
2026-08-02 20:00:00+02:00,29.1085,11.542478,21.599998,0.0,0.0,42220.0,6.895935,29.721897
2026-08-02 21:00:00+02:00,27.3585,9.346143,20.16,0.0,0.0,41200.0,2.3236039,26.340944
2026-08-02 22:00:00+02:00,25.6085,7.42159,15.4800005,0.0,0.0,40480.0,6.47666,26.948225
2026-08-02 23:00:00+02:00,24.5585,6.830519,12.24,0.0,0.0,39480.0,13.285713,27.563091
2026-08-03 00:00:00+02:00,24.0585,6.5693827,13.32,0.0,0.0,38760.0,18.77225,25.448275
2026-08-03 01:00:00+02:00,24.1085,5.0142193,10.799999,0.0,0.0,39580.0,20.592224,25.816511
2026-08-03 02:00:00+02:00,23.5585,4.8965297,9.36,0.0,0.0,39280.0,19.679535,36.08551
2026-08-03 03:00:00+02:00,22.5585,5.2416787,10.799999,0.0,0.0,38080.0,19.658419,31.951952
2026-08-03 04:00:00+02:00,22.8585,5.771239,8.28,0.0,0.0,38900.0,24.220585,27.549112
2026-08-03 05:00:00+02:00,22.258501,8.12197,13.32,0.0,0.0,36960.0,21.649164,22.898315
2026-08-03 06:00:00+02:00,22.4585,1.835647,14.4,0.0,0.0,39720.0,20.607346,21.617472
2026-08-03 07:00:00+02:00,22.6085,2.9024127,5.04,0.0,0.0,39460.0,18.454288,18.51695
2026-08-03 08:00:00+02:00,24.1085,2.3051248,5.7599998,0.0,0.0,40760.0,20.587181,20.055098
2026-08-03 09:00:00+02:00,26.1085,2.8799999,6.4799995,0.0,0.0,41120.0,19.467348,20.567223
2026-08-03 10:00:00+02:00,27.9585,3.6,8.28,0.0,0.0,41540.0,18.882547,21.944693
2026-08-03 11:00:00+02:00,30.1585,4.39436,9.72,0.0,0.0,43040.0,14.41038,24.103226
2026-08-03 12:00:00+02:00,31.258501,7.208994,16.56,0.0,0.0,42260.0,14.836392,22.82248
2026-08-03 13:00:00+02:00,32.608498,6.792466,14.759999,0.0,0.0,44280.0,7.7602262,22.889902
2026-08-03 14:00:00+02:00,34.0085,4.6102495,14.4,0.0,0.0,46900.0,1.643036,22.56785
2026-08-03 15:00:00+02:00,34.908497,2.8799999,10.08,0.0,0.0,48240.0,1.8227848,21.653082
2026-08-03 16:00:00+02:00,35.4585,6.9247384,11.159999,0.0,0.0,49300.0,5.3142853,18.339252
2026-08-03 17:00:00+02:00,34.858498,9.746631,14.04,0.0,0.0,46860.0,6.444517,15.714606
2026-08-03 18:00:00+02:00,34.7085,8.854829,17.28,0.0,0.0,49400.0,10.754816,16.185604
2026-08-03 19:00:00+02:00,33.9585,11.183201,19.08,0.0,0.0,46780.0,15.5538645,11.103232
2026-08-03 20:00:00+02:00,29.3085,9.504273,32.760002,0.0,0.0,40640.0,11.208644,13.398848
2026-08-03 21:00:00+02:00,28.3085,4.5820518,15.119999,0.0,0.0,41140.0,12.269995,16.018122
2026-08-03 22:00:00+02:00,27.4585,2.9024127,7.5599995,0.0,0.0,40920.0,9.666777,8.442291
2026-08-03 23:00:00+02:00,25.8585,9.028754,18.72,0.0,0.0,40480.0,15.851416,18.127962
2026-08-04 00:00:00+02:00,25.4085,4.802999,15.84,0.0,0.0,40760.0,22.624752,11.661699
2026-08-04 01:00:00+02:00,24.6085,2.4149535,9.0,0.0,0.0,40540.0,27.440327,5.339374
2026-08-04 02:00:00+02:00,24.3085,9.659814,13.32,0.0,0.0,40620.0,22.565014,6.329817
2026-08-04 03:00:00+02:00,24.8085,2.7416782,17.28,0.0,0.0,41080.0,14.265547,6.939521
2026-08-04 04:00:00+02:00,23.3585,6.9247384,10.440001,0.0,0.0,39560.0,14.309151,8.327425
2026-08-04 05:00:00+02:00,22.6585,3.9763298,11.159999,0.0,0.0,39640.0,16.952879,13.398848
2026-08-04 06:00:00+02:00,22.7085,4.3498964,8.64,0.0,0.0,40180.0,12.312233,10.839878
2026-08-04 07:00:00+02:00,23.1585,2.6208394,6.8399997,0.0,0.0,40340.0,7.971428,7.5510154
2026-08-04 08:00:00+02:00,23.758501,1.609969,4.32,0.0,0.0,40300.0,7.1327734,8.281033
2026-08-04 09:00:00+02:00,25.4085,2.5455842,6.12,0.0,0.0,41100.0,9.666777,16.71258
2026-08-04 10:00:00+02:00,26.9085,1.835647,9.0,0.0,0.0,41360.0,9.858215,20.331732
2026-08-04 11:00:00+02:00,29.6085,2.5959969,8.28,0.0,0.0,42660.0,3.67394,20.632679
2026-08-04 12:00:00+02:00,31.508501,3.6179552,9.72,0.0,0.0,43840.0,6.895935,22.379284
2026-08-04 13:00:00+02:00,32.8085,7.172949,15.4800005,0.0,0.0,44580.0,4.9291077,25.71933
2026-08-04 14:00:00+02:00,33.9585,5.154415,16.199999,0.0,0.0,45320.0,3.5591009,23.878407
2026-08-04 15:00:00+02:00,35.0085,5.0528407,11.879999,0.0,0.0,46460.0,1.0189676,24.804298
2026-08-04 16:00:00+02:00,34.858498,12.287555,16.919998,0.0,0.0,48120.0,9.215885,18.074755
2026-08-04 17:00:00+02:00,34.3085,11.681987,21.24,0.0,0.0,44920.0,7.958391,17.773846
2026-08-04 18:00:00+02:00,34.0085,11.885453,21.24,0.0,0.0,48100.0,12.832521,19.28138
2026-08-04 19:00:00+02:00,32.858498,16.29174,25.919998,0.0,0.0,49540.0,15.693425,20.482758
2026-08-04 20:00:00+02:00,26.9585,16.58346,37.8,60.0,0.0,40920.0,28.838764,27.422962
2026-08-04 21:00:00+02:00,26.008501,8.766573,30.239998,0.0,0.0,39760.0,13.548821,25.71933
2026-08-04 22:00:00+02:00,24.8585,3.6,21.599998,2.0,0.0,40160.0,14.5893955,33.176426
2026-08-04 23:00:00+02:00,24.6085,5.0911684,12.24,0.0,0.0,40860.0,15.065567,22.353445
2026-08-05 00:00:00+02:00,22.9585,10.538843,18.72,0.0,0.0,38960.0,24.662386,26.076353
2026-08-05 01:00:00+02:00,21.6585,6.6185193,19.08,0.0,0.0,36020.0,22.193855,24.8586
2026-08-05 02:00:00+02:00,21.4085,3.9763298,13.679999,0.0,0.0,35880.0,24.0485,18.877537
2026-08-05 03:00:00+02:00,21.0585,2.968636,7.92,0.0,0.0,35640.0,23.857775,18.454428
2026-08-05 04:00:00+02:00,21.1085,1.2979984,6.12,0.0,0.0,37160.0,24.100254,22.014801
2026-08-05 05:00:00+02:00,20.7085,1.8,2.52,0.0,0.0,35220.0,19.85288,29.435349
2026-08-05 06:00:00+02:00,20.7085,2.5455842,3.2399998,0.0,0.0,35660.0,19.905111,30.267769
2026-08-05 07:00:00+02:00,21.0585,2.0364676,4.68,0.0,0.0,35860.0,19.61612,19.794064
2026-08-05 08:00:00+02:00,22.0585,5.6920996,7.2,0.0,0.0,38280.0,25.910645,27.062351
2026-08-05 09:00:00+02:00,23.4585,6.87779,13.679999,11.0,0.0,39440.0,20.470856,22.973904
2026-08-05 10:00:00+02:00,24.8585,8.905908,17.28,0.0,0.0,40060.0,16.587591,21.94469
2026-08-05 11:00:00+02:00,26.6585,7.9526596,19.44,0.0,0.0,40840.0,13.836966,20.293798
2026-08-05 12:00:00+02:00,28.2085,7.928178,17.28,0.0,0.0,41520.0,13.495072,20.632677
2026-08-05 13:00:00+02:00,29.5585,8.64,18.0,0.0,0.0,41600.0,13.739071,22.76332
2026-08-05 14:00:00+02:00,30.5585,8.707238,20.519999,0.0,0.0,42080.0,10.569795,28.592175
2026-08-05 15:00:00+02:00,31.3585,9.114471,19.08,4.0,0.0,42860.0,14.126582,26.740126
2026-08-05 16:00:00+02:00,31.258501,15.683776,24.84,4.0,0.0,43120.0,15.148044,22.729446
2026-08-05 17:00:00+02:00,30.6585,11.923557,27.0,28.0,0.0,41900.0,14.589397,31.170736
2026-08-05 18:00:00+02:00,30.5585,12.496719,22.319998,40.0,0.0,42340.0,16.053188,26.392084
2026-08-05 19:00:00+02:00,29.6585,10.636766,25.56,7.0,0.0,43060.0,22.085989,23.88647
2026-08-05 20:00:00+02:00,28.6585,5.815978,25.56,2.0,0.0,42520.0,14.589397,18.433542
2026-08-05 21:00:00+02:00,26.2085,7.289444,14.759999,0.0,0.0,40240.0,23.90994,12.915714
2026-08-05 22:00:00+02:00,25.258501,10.739832,18.359999,0.0,0.0,39040.0,16.934494,15.554438
2026-08-05 23:00:00+02:00,22.5585,11.457958,27.0,46.0,0.3,32580.0,15.031068,20.632677
2026-08-06 00:00:00+02:00,22.4585,4.8965297,19.8,41.0,0.0,32320.0,15.284515,15.517241
2026-08-06 01:00:00+02:00,22.758501,7.5942082,13.32,42.0,0.0,33920.0,13.456546,22.898315
2026-08-06 02:00:00+02:00,22.2085,6.28713,12.959999,45.0,0.0,23060.0,16.512306,28.212376
2026-08-06 03:00:00+02:00,22.0585,6.849467,11.5199995,54.0,0.0,24800.0,14.927093,21.438515
2026-08-06 04:00:00+02:00,20.9085,4.896529,16.199999,3.0,0.3,26100.0,7.840093,24.333883
2026-08-06 05:00:00+02:00,21.0585,3.671294,8.64,46.0,0.0,22680.0,9.17071,25.898457
2026-08-06 06:00:00+02:00,20.9585,1.0182338,6.8399997,55.0,0.0,20000.0,6.1307654,29.020142
2026-08-06 07:00:00+02:00,20.9585,1.2979984,1.8,52.0,0.0,19660.0,3.9200466,29.565943
2026-08-06 08:00:00+02:00,21.4085,1.1384199,6.12,43.0,0.0,27680.0,3.67394,25.265957
2026-08-06 09:00:00+02:00,22.0585,5.6920996,12.24,71.0,0.0,32040.0,3.5591009,25.816511
2026-08-06 10:00:00+02:00,22.9085,5.6920996,12.599999,84.0,0.0,37220.0,10.677303,25.538944
2026-08-06 11:00:00+02:00,24.5585,4.1046314,10.440001,51.0,0.0,39420.0,9.394418,28.880415
2026-08-06 12:00:00+02:00,25.3585,5.692099,13.32,50.0,0.0,40620.0,11.282507,27.204338
2026-08-06 13:00:00+02:00,25.9085,7.5942073,15.4800005,86.0,0.0,40960.0,12.84061,26.855139
2026-08-06 14:00:00+02:00,27.758501,3.8268526,17.64,52.0,0.0,42680.0,9.515216,31.649088
2026-08-06 15:00:00+02:00,27.1085,10.182337,16.56,89.0,0.0,41160.0,12.269996,33.820465
2026-08-06 16:00:00+02:00,27.6085,9.3876505,21.24,26.0,0.0,41340.0,15.713261,31.722036
2026-08-06 17:00:00+02:00,28.2085,5.8048253,21.599998,0.0,0.0,42160.0,11.171529,38.960327
2026-08-06 18:00:00+02:00,28.2085,9.178235,14.759999,38.0,0.0,42900.0,10.391472,33.59187
2026-08-06 19:00:00+02:00,27.8085,6.28713,15.4800005,20.0,0.0,43400.0,13.859459,37.493973
2026-08-06 20:00:00+02:00,27.1085,4.198285,23.4,13.0,0.0,43880.0,13.057107,29.82541
2026-08-06 21:00:00+02:00,25.9585,5.0911684,8.28,0.0,0.0,43340.0,11.528303,36.767677
2026-08-06 22:00:00+02:00,24.1585,7.8954163,14.759999,2.0,0.0,42080.0,10.628571,36.767677
2026-08-06 23:00:00+02:00,23.008501,12.641076,19.08,55.0,0.0,41640.0,15.553866,37.246548
2026-08-07 00:00:00+02:00,21.9585,11.269782,26.64,56.0,0.0,41340.0,8.706063,36.430832
2026-08-07 01:00:00+02:00,21.3085,8.78872,20.16,46.0,0.0,40480.0,6.524576,30.659805
2026-08-07 02:00:00+02:00,20.7085,7.5942082,16.199999,53.0,0.0,41180.0,10.481012,29.073198
2026-08-07 03:00:00+02:00,20.1585,11.480557,20.880001,54.0,0.0,41820.0,5.8357587,20.938503
2026-08-07 04:00:00+02:00,19.7085,8.942214,20.880001,42.0,0.0,41400.0,4.511162,20.47335
2026-08-07 05:00:00+02:00,19.0585,7.7879906,15.84,47.0,0.0,41960.0,1.643036,21.185438
2026-08-07 06:00:00+02:00,18.6585,9.504273,16.919998,4.0,0.0,41700.0,2.7718916,18.599987
2026-08-07 07:00:00+02:00,18.8585,7.729527,17.64,3.0,0.0,41320.0,5.3142853,23.240662
2026-08-07 08:00:00+02:00,19.6585,11.384198,19.8,0.0,0.0,41260.0,3.67394,24.718725
2026-08-07 09:00:00+02:00,20.8085,12.904882,24.119999,0.0,0.0,41220.0,3.8667102,24.452335
2026-08-07 10:00:00+02:00,22.508501,10.495713,24.119999,0.0,0.0,41540.0,4.2990294,24.341797
2026-08-07 11:00:00+02:00,23.9585,11.480557,20.519999,0.0,0.0,42020.0,6.7744107,25.357279
2026-08-07 12:00:00+02:00,25.5585,11.753876,19.8,0.0,0.0,42380.0,7.0743074,24.206896
2026-08-07 13:00:00+02:00,26.758501,11.457958,18.359999,0.0,0.0,42340.0,5.487309,24.554531
2026-08-07 14:00:00+02:00,27.258501,12.475961,18.0,0.0,0.0,42180.0,9.383359,24.780989
2026-08-07 15:00:00+02:00,28.0585,13.246826,21.96,0.0,0.0,42580.0,15.311664,26.098505
2026-08-07 16:00:00+02:00,28.3585,13.979872,23.039999,0.0,0.0,43160.0,15.949366,26.304356
2026-08-07 17:00:00+02:00,28.258501,11.212135,23.039999,0.0,0.0,43260.0,13.889393,27.882717
2026-08-07 18:00:00+02:00,27.9085,10.195057,19.08,0.0,0.0,43440.0,10.331347,30.03137
2026-08-07 19:00:00+02:00,27.3585,7.8954163,16.919998,0.0,0.0,43780.0,9.752324,32.75571
2026-08-07 20:00:00+02:00,26.7085,6.9247384,15.4800005,0.0,0.0,43360.0,11.392405,29.27787
2026-08-07 21:00:00+02:00,24.9585,8.766573,15.4800005,0.0,0.0,42360.0,9.815996,25.448275
2026-08-07 22:00:00+02:00,23.9085,9.107359,17.64,0.0,0.0,42100.0,8.151741,27.317396
2026-08-07 23:00:00+02:00,23.0585,13.441071,24.119999,0.0,0.0,41440.0,5.195736,30.108244
2026-08-08 00:00:00+02:00,22.6585,12.313893,26.28,0.0,0.0,41000.0,3.3175182,26.660769
2026-08-08 01:00:00+02:00,21.9085,6.1094027,20.16,0.0,0.0,40580.0,3.89347,24.593725
2026-08-08 02:00:00+02:00,20.7085,8.942214,14.04,0.0,0.0,38220.0,4.6916795,23.594372
2026-08-08 03:00:00+02:00,20.0585,6.1094027,15.119999,0.0,0.0,39020.0,6.1307654,22.353445
2026-08-08 04:00:00+02:00,19.508501,6.1305785,10.799999,0.0,0.0,39300.0,1.4410379,20.49216
2026-08-08 05:00:00+02:00,18.1085,4.510787,10.440001,0.0,0.0,38960.0,2.734177,17.555754
2026-08-08 06:00:00+02:00,16.4085,5.315336,8.64,0.0,0.0,35580.0,4.511162,18.26558
2026-08-08 07:00:00+02:00,16.4085,4.6800003,8.64,0.0,0.0,34940.0,10.520563,17.167427
2026-08-08 08:00:00+02:00,18.6585,2.0364676,7.2,0.0,0.0,37580.0,17.725351,16.433628
2026-08-08 09:00:00+02:00,20.8585,4.5820518,10.08,0.0,0.0,40480.0,16.265226,17.043554
2026-08-08 10:00:00+02:00,22.8585,5.0911684,11.879999,0.0,0.0,40880.0,15.600524,18.8469
2026-08-08 11:00:00+02:00,24.9085,7.2359104,15.119999,0.0,0.0,41100.0,21.006556,23.635157
2026-08-08 12:00:00+02:00,27.1085,9.904906,19.8,0.0,0.0,41480.0,15.955876,25.334478
2026-08-08 13:00:00+02:00,28.7085,11.681987,20.519999,0.0,0.0,42240.0,9.837129,24.483826
2026-08-08 14:00:00+02:00,29.8585,10.97262,16.919998,0.0,0.0,43560.0,12.039351,24.61721
2026-08-08 15:00:00+02:00,30.7085,8.913181,17.64,0.0,0.0,44960.0,8.598059,27.563091
2026-08-08 16:00:00+02:00,31.008501,8.4963045,12.24,0.0,0.0,46020.0,7.840093,29.297602
2026-08-08 17:00:00+02:00,31.258501,6.6185193,11.879999,0.0,0.0,47400.0,6.1138062,30.470741
2026-08-08 18:00:00+02:00,30.9085,6.638072,9.36,0.0,0.0,48380.0,5.9240503,32.204163
2026-08-08 19:00:00+02:00,30.258501,6.8399997,9.36,0.0,0.0,48560.0,4.323114,33.905792
2026-08-08 20:00:00+02:00,29.3585,7.653705,12.24,0.0,0.0,47500.0,2.9178793,33.66061
2026-08-08 21:00:00+02:00,26.6585,7.289444,14.04,0.0,0.0,45600.0,6.6350365,38.387535
2026-08-08 22:00:00+02:00,24.0585,7.754637,13.32,0.0,0.0,42360.0,7.7468357,40.68714
2026-08-08 23:00:00+02:00,22.7085,6.9899354,12.599999,0.0,0.0,41540.0,6.47666,41.701843
2026-08-09 00:00:00+02:00,22.6085,7.6367526,13.32,0.0,0.0,41820.0,7.840093,29.67
2026-08-09 01:00:00+02:00,22.508501,4.6102495,11.5199995,0.0,0.0,41860.0,10.118097,35.330273
2026-08-09 02:00:00+02:00,22.3585,4.1046314,6.4799995,0.0,0.0,41600.0,13.246578,38.080208
2026-08-09 03:00:00+02:00,21.2085,5.3999996,9.0,0.0,0.0,40260.0,18.766718,32.75571
2026-08-09 04:00:00+02:00,21.258501,5.4119864,9.36,0.0,0.0,39760.0,20.592224,33.269196
2026-08-09 05:00:00+02:00,20.758501,5.4477882,9.0,0.0,0.0,39040.0,21.006556,33.522987
2026-08-09 06:00:00+02:00,20.4085,5.4477882,9.36,0.0,0.0,38980.0,22.440435,31.429213
2026-08-09 07:00:00+02:00,20.5585,4.68,8.64,0.0,0.0,39060.0,20.991722,31.91576
2026-08-09 08:00:00+02:00,22.4585,2.8116899,7.5599995,0.0,0.0,40060.0,25.68122,32.667385
2026-08-09 09:00:00+02:00,24.9085,3.319036,7.5599995,0.0,0.0,40860.0,25.079855,32.519634
2026-08-09 10:00:00+02:00,27.2085,4.1046314,10.08,0.0,0.0,41680.0,25.729689,29.494188
2026-08-09 11:00:00+02:00,28.758501,4.6102495,11.159999,0.0,0.0,42140.0,23.524694,26.689655
2026-08-09 12:00:00+02:00,30.8085,6.6087217,14.4,0.0,0.0,44220.0,22.666018,24.491692
2026-08-09 13:00:00+02:00,32.2585,7.628263,16.919998,0.0,0.0,45560.0,20.981827,23.397612
2026-08-09 14:00:00+02:00,33.5085,5.8603754,18.0,0.0,0.0,50080.0,18.3697,25.935617
2026-08-09 15:00:00+02:00,34.3085,10.739833,21.599998,0.0,0.0,52900.0,15.284514,28.953691
2026-08-09 16:00:00+02:00,34.358498,16.394829,28.8,0.0,0.0,52380.0,24.259136,27.317396
2026-08-09 17:00:00+02:00,29.3085,21.077686,66.24,0.0,0.0,46560.0,37.538967,9.310345
2026-08-09 18:00:00+02:00,28.8585,9.449572,34.2,0.0,0.0,43060.0,21.398321,26.696869
2026-08-09 19:00:00+02:00,28.5585,12.682018,25.56,0.0,0.0,42380.0,19.360386,35.38475
2026-08-09 20:00:00+02:00,27.4085,8.707237,24.119999,0.0,0.0,42860.0,23.5776,36.14951
2026-08-09 21:00:00+02:00,25.7085,7.386582,15.4800005,0.0,0.0,42520.0,29.44799,31.040686
2026-08-09 22:00:00+02:00,24.5585,4.6102495,11.5199995,0.0,0.0,42000.0,33.72152,38.387535
2026-08-09 23:00:00+02:00,23.5585,4.896529,8.64,0.0,0.0,41220.0,29.200134,37.882412
2026-08-10 00:00:00+02:00,23.258501,6.8777895,11.879999,0.0,0.0,41180.0,32.135464,42.470776
2026-08-10 01:00:00+02:00,23.1085,5.6233797,11.5199995,0.0,0.0,41240.0,28.777494,42.206898
2026-08-10 02:00:00+02:00,22.6085,4.1046314,10.799999,0.0,0.0,41100.0,24.190557,39.811325
2026-08-10 03:00:00+02:00,22.1085,6.696387,11.159999,0.0,0.0,40940.0,15.099987,37.344685
2026-08-10 04:00:00+02:00,22.008501,6.1094027,12.959999,0.0,0.0,40980.0,19.231243,39.45165
2026-08-10 05:00:00+02:00,21.6585,5.8603754,11.5199995,0.0,0.0,40800.0,28.388811,39.226406
2026-08-10 06:00:00+02:00,21.1585,3.219938,9.72,0.0,0.0,40660.0,27.812405,36.0
2026-08-10 07:00:00+02:00,20.758501,5.4119864,8.64,0.0,0.0,40340.0,25.506779,38.88609
2026-08-10 08:00:00+02:00,22.1085,4.0249224,9.0,0.0,0.0,40180.0,30.367971,30.204062
2026-08-10 09:00:00+02:00,24.5585,7.968939,15.4800005,0.0,0.0,41180.0,25.717579,23.659594
2026-08-10 10:00:00+02:00,26.4085,9.449572,19.08,0.0,0.0,41560.0,26.85903,20.818563
2026-08-10 11:00:00+02:00,28.4585,11.709688,23.759998,0.0,0.0,42660.0,28.694387,28.006792
2026-08-10 12:00:00+02:00,29.7085,12.10157,23.4,0.0,0.0,43000.0,24.476442,33.59187
2026-08-10 13:00:00+02:00,30.6085,12.397806,24.119999,0.0,0.0,43400.0,20.872675,35.22653
2026-08-10 14:00:00+02:00,31.4085,13.37825,24.119999,0.0,0.0,44040.0,19.04134,33.08922
2026-08-10 15:00:00+02:00,31.4085,14.830076,28.44,0.0,0.0,44540.0,20.097183,30.816475
2026-08-10 16:00:00+02:00,32.108498,13.556282,27.359999,0.0,0.0,46440.0,19.333553,34.780777
2026-08-10 17:00:00+02:00,31.6085,11.988594,26.28,0.0,0.0,44160.0,14.038106,41.419117
2026-08-10 18:00:00+02:00,30.8085,13.783817,25.919998,0.0,0.0,44860.0,13.4101715,35.04561
2026-08-10 19:00:00+02:00,30.1585,13.513193,25.56,0.0,0.0,44080.0,20.097183,34.78632
2026-08-10 20:00:00+02:00,28.9085,8.427383,24.119999,0.0,0.0,44280.0,18.733494,33.78057
2026-08-10 21:00:00+02:00,27.8085,3.7585104,16.919998,0.0,0.0,42940.0,13.889393,34.362892
2026-08-10 22:00:00+02:00,25.3585,6.489992,11.5199995,0.0,0.0,40580.0,8.706063,41.549133
2026-08-10 23:00:00+02:00,24.4585,5.815978,10.08,0.0,0.0,40540.0,12.4380865,41.637127
2026-08-11 00:00:00+02:00,23.4585,8.435069,14.04,0.0,0.0,40060.0,5.094838,39.10837
2026-08-11 01:00:00+02:00,23.1085,10.495713,18.0,0.0,0.0,39460.0,6.198138,30.640951
2026-08-11 02:00:00+02:00,22.5585,3.396233,18.359999,0.0,0.0,38840.0,6.444517,34.413307
2026-08-11 03:00:00+02:00,21.6585,4.2136917,6.4799995,0.0,0.0,38160.0,4.101266,33.568924
2026-08-11 04:00:00+02:00,21.258501,4.3349743,6.4799995,0.0,0.0,39440.0,3.9200466,31.034481
2026-08-11 05:00:00+02:00,20.0585,4.896529,7.2,0.0,0.0,39200.0,5.094838,24.103226
2026-08-11 06:00:00+02:00,19.6085,4.8965297,7.92,0.0,0.0,39360.0,5.7641516,19.62793
2026-08-11 07:00:00+02:00,19.508501,4.510787,8.28,0.0,0.0,37800.0,4.6916795,14.003396
2026-08-11 08:00:00+02:00,21.6585,3.096837,7.5599995,0.0,0.0,39760.0,5.6366506,14.948187
2026-08-11 09:00:00+02:00,23.9585,6.5693827,12.959999,0.0,0.0,40600.0,5.333787,16.433628
2026-08-11 10:00:00+02:00,25.9085,8.4963045,16.199999,0.0,0.0,41080.0,8.476439,17.390388
2026-08-11 11:00:00+02:00,27.7085,6.989936,13.679999,0.0,0.0,41580.0,12.512989,17.390388
2026-08-11 12:00:00+02:00,29.258501,10.44,16.199999,0.0,0.0,42560.0,8.670211,18.631031
2026-08-11 13:00:00+02:00,30.4585,12.4811535,19.08,0.0,0.0,44000.0,13.270073,21.330421
2026-08-11 14:00:00+02:00,31.1585,11.246759,18.72,0.0,0.0,45080.0,12.636843,18.096056
2026-08-11 15:00:00+02:00,31.8085,11.966954,17.64,0.0,0.0,45800.0,13.670886,17.478779
2026-08-11 16:00:00+02:00,32.0585,13.246826,21.599998,0.0,0.0,47280.0,16.461926,19.241377
2026-08-11 17:00:00+02:00,31.9085,11.212135,22.319998,0.0,0.0,48180.0,14.836392,20.52034
2026-08-11 18:00:00+02:00,31.3585,10.514218,19.8,0.0,0.0,48780.0,15.148044,19.331268
2026-08-11 19:00:00+02:00,30.508501,10.703569,19.44,0.0,0.0,48800.0,13.670886,18.0
2026-08-11 20:00:00+02:00,29.4585,7.386582,20.16,0.0,0.0,48900.0,17.530981,19.871763
2026-08-11 21:00:00+02:00,26.8585,6.489992,12.599999,0.0,0.0,44880.0,24.117481,18.096056
2026-08-11 22:00:00+02:00,25.6085,10.630672,18.359999,0.0,0.0,43100.0,23.85342,21.944693
2026-08-11 23:00:00+02:00,25.5585,17.555307,28.8,0.0,0.0,42700.0,3.4704785,23.878408
2026-08-12 00:00:00+02:00,24.8085,15.94601,31.319998,0.0,0.0,42240.0,1.8788835,19.251387
2026-08-12 01:00:00+02:00,23.6085,10.495713,26.64,0.0,0.0,41600.0,4.201311,12.5680065
2026-08-12 02:00:00+02:00,22.6585,11.269782,20.16,0.0,0.0,41340.0,3.4704785,10.330335
2026-08-12 03:00:00+02:00,21.9585,11.4862,20.519999,0.0,0.0,41000.0,4.201311,6.390391
2026-08-12 04:00:00+02:00,21.3085,9.339208,20.16,0.0,0.0,40580.0,7.205189,7.5510154
2026-08-12 05:00:00+02:00,19.9585,6.989936,15.119999,0.0,0.0,36040.0,11.821781,11.172413
2026-08-12 06:00:00+02:00,19.1085,5.0911684,11.879999,0.0,0.0,34460.0,14.723995,9.331011
2026-08-12 07:00:00+02:00,18.6585,3.6,7.92,0.0,0.0,31940.0,18.301748,9.037377
2026-08-12 08:00:00+02:00,19.9585,4.0249224,6.12,0.0,0.0,38920.0,20.752947,10.1040945
2026-08-12 09:00:00+02:00,22.1585,5.8603754,11.879999,0.0,0.0,40440.0,22.343058,10.714764
2026-08-12 10:00:00+02:00,24.3585,6.4096174,13.679999,0.0,0.0,41400.0,22.624752,12.241913
2026-08-12 11:00:00+02:00,26.4085,8.209263,16.919998,0.0,0.0,42400.0,24.759027,13.612786
2026-08-12 12:00:00+02:00,28.1585,11.525623,22.319998,0.0,0.0,42820.0,22.104788,12.413793
2026-08-12 13:00:00+02:00,29.8085,14.565548,25.56,0.0,0.0,43520.0,17.795506,11.189642
2026-08-12 14:00:00+02:00,30.6585,14.689588,28.08,0.0,0.0,44280.0,12.767627,9.474416
2026-08-12 15:00:00+02:00,31.7085,15.629971,27.72,0.0,0.0,46060.0,6.895935,5.551616
2026-08-12 16:00:00+02:00,32.108498,14.618837,27.359999,0.0,0.0,46480.0,9.482423,8.689655
2026-08-12 17:00:00+02:00,32.2085,13.551501,27.72,0.0,0.0,48440.0,21.242481,8.777877
2026-08-12 18:00:00+02:00,31.7085,14.113652,25.919998,0.0,0.0,48720.0,21.991768,13.268828
2026-08-12 19:00:00+02:00,30.8085,14.113652,26.28,0.0,0.0,48740.0,26.098305,13.326771
2026-08-12 20:00:00+02:00,29.5585,10.464797,25.199999,0.0,0.0,48240.0,25.42115,12.780782
2026-08-12 21:00:00+02:00,27.2085,11.384198,19.44,0.0,0.0,45540.0,25.862514,11.711148
2026-08-12 22:00:00+02:00,26.0585,15.315873,26.28,0.0,0.0,43560.0,16.562534,9.227214
2026-08-12 23:00:00+02:00,25.6585,18.35647,32.399998,0.0,0.0,43120.0,1.0189676,11.189642
2026-08-13 00:00:00+02:00,24.7085,15.137133,31.319998,0.0,0.0,42920.0,1.0189676,7.2649856
2026-08-13 01:00:00+02:00,23.7085,6.763786,24.84,0.0,0.0,42940.0,4.1265044,3.9743526
2026-08-13 02:00:00+02:00,22.3585,5.315336,10.799999,0.0,0.0,42480.0,7.515534,3.1034482
2026-08-13 03:00:00+02:00,19.758501,6.6087217,10.799999,0.0,0.0,40820.0,9.580463,6.2068963
2026-08-13 04:00:00+02:00,18.4085,6.489992,11.159999,0.0,0.0,39840.0,8.513107,7.238423
2026-08-13 05:00:00+02:00,17.5585,6.489992,10.799999,0.0,0.0,38500.0,9.612922,12.289027
2026-08-13 06:00:00+02:00,17.0585,5.991594,10.799999,0.0,0.0,36780.0,7.840093,14.543223
2026-08-13 07:00:00+02:00,16.758501,5.315336,10.08,0.0,0.0,35460.0,8.21518,15.367554
2026-08-13 08:00:00+02:00,18.9585,3.396233,8.28,0.0,0.0,37980.0,8.11344,15.800178
2026-08-13 09:00:00+02:00,22.4085,2.5455842,6.12,0.0,0.0,40860.0,6.444517,15.367554
2026-08-13 10:00:00+02:00,24.508501,4.6102495,9.72,0.0,0.0,41400.0,5.562481,15.824544
2026-08-13 11:00:00+02:00,27.2085,4.6938257,8.28,0.0,0.0,42360.0,4.2990294,17.256958
2026-08-13 12:00:00+02:00,29.3085,4.3349743,6.8399997,0.0,0.0,43420.0,2.3236039,16.884583
2026-08-13 13:00:00+02:00,31.0585,6.638072,8.28,0.0,0.0,44100.0,2.278481,17.043554
2026-08-13 14:00:00+02:00,32.358498,8.905908,12.959999,0.0,0.0,46720.0,3.1898732,15.554438
2026-08-13 15:00:00+02:00,33.158497,9.693296,12.959999,0.0,0.0,49160.0,6.0797453,15.012479
2026-08-13 16:00:00+02:00,33.5085,10.009036,14.04,0.0,0.0,51300.0,10.004581,16.102081
2026-08-13 17:00:00+02:00,33.7085,10.233123,16.919998,0.0,0.0,55380.0,12.0307255,14.948187
2026-08-13 18:00:00+02:00,33.0585,11.988594,20.519999,0.0,0.0,59040.0,11.848101,17.752157
2026-08-13 19:00:00+02:00,31.9585,11.384199,21.599998,0.0,0.0,57260.0,10.974618,17.167427
2026-08-13 20:00:00+02:00,30.3085,8.557102,20.880001,0.0,0.0,58020.0,10.520564,12.4911375
2026-08-13 21:00:00+02:00,27.1085,7.754637,14.759999,0.0,0.0,55980.0,9.7416725,11.394346
2026-08-13 22:00:00+02:00,25.3585,7.754637,14.4,0.0,0.0,48420.0,6.524576,10.714764
2026-08-13 23:00:00+02:00,24.008501,8.225035,12.959999,0.0,0.0,44100.0,3.5591009,11.241167
2026-08-14 00:00:00+02:00,23.008501,7.42159,13.679999,0.0,0.0,43600.0,2.278481,11.41124
2026-08-14 01:00:00+02:00,21.258501,6.6185193,12.599999,0.0,0.0,42600.0,1.643036,12.4911375
2026-08-14 02:00:00+02:00,20.3085,6.830519,7.5599995,0.0,0.0,41620.0,0.4556962,11.444951
2026-08-14 03:00:00+02:00,19.9085,6.151683,6.8399997,0.0,0.0,41400.0,1.8788835,10.1040945
2026-08-14 04:00:00+02:00,19.8585,5.154415,8.28,0.0,0.0,38760.0,1.2889035,13.427569
2026-08-14 05:00:00+02:00,18.508501,5.315336,7.92,0.0,0.0,37920.0,2.734177,14.543223
2026-08-14 06:00:00+02:00,18.2085,4.6800003,7.92,0.0,0.0,32020.0,2.734177,14.490146
2026-08-14 07:00:00+02:00,18.8085,2.9024127,6.8399997,0.0,0.0,30160.0,2.0379353,15.89741
2026-08-14 08:00:00+02:00,20.8085,1.08,3.2399998,0.0,0.0,32740.0,3.2222586,17.566723
2026-08-14 09:00:00+02:00,23.1585,1.609969,4.68,0.0,0.0,37440.0,1.8788835,18.127962
2026-08-14 10:00:00+02:00,25.758501,5.4833565,11.879999,0.0,0.0,42600.0,3.286072,19.49005
2026-08-14 11:00:00+02:00,28.2085,5.2416787,12.599999,0.0,0.0,45340.0,3.757767,19.480164
2026-08-14 12:00:00+02:00,30.6585,4.0249224,11.879999,0.0,0.0,47820.0,4.1265044,18.948832
2026-08-14 13:00:00+02:00,32.7585,4.452954,11.159999,0.0,0.0,52360.0,4.556962,16.77011
2026-08-14 14:00:00+02:00,34.0085,4.802999,11.5199995,0.0,0.0,53340.0,4.844117,12.915714
2026-08-14 15:00:00+02:00,34.9585,4.802999,12.24,0.0,0.0,56860.0,4.9291077,12.780782
2026-08-14 16:00:00+02:00,35.5085,4.896529,9.72,0.0,0.0,58840.0,6.524576,12.915714
2026-08-14 17:00:00+02:00,35.0585,6.4096174,13.679999,0.0,0.0,62900.0,7.543114,12.795844
2026-08-14 18:00:00+02:00,34.608498,6.638072,12.599999,0.0,0.0,61040.0,9.227144,13.283339
2026-08-14 19:00:00+02:00,33.358498,10.829959,20.16,0.0,0.0,56940.0,6.940957,16.952896
2026-08-14 20:00:00+02:00,31.6585,6.638072,18.0,0.0,0.0,54320.0,5.3142853,20.818563
2026-08-14 21:00:00+02:00,28.3585,7.42159,13.32,0.0,0.0,49460.0,1.4410379,20.265303
2026-08-14 22:00:00+02:00,25.8085,6.162207,12.959999,0.0,0.0,46780.0,4.0758705,14.072007
2026-08-14 23:00:00+02:00,26.3085,1.9386592,11.159999,0.0,0.0,43800.0,13.708808,1.387904
2026-08-15 00:00:00+02:00,25.2085,4.452954,5.3999996,0.0,0.0,43680.0,11.821781,4.3889384
2026-08-15 01:00:00+02:00,23.6585,5.4477882,9.36,0.0,0.0,41500.0,15.798928,5.551616
2026-08-15 02:00:00+02:00,23.758501,5.904439,10.799999,0.0,0.0,41820.0,11.392405,5.855574
2026-08-15 03:00:00+02:00,23.8585,5.991594,10.08,0.0,0.0,41760.0,10.677303,3.6192114
2026-08-15 04:00:00+02:00,23.4585,4.0249224,9.72,0.0,0.0,41920.0,13.033229,1.8620689
2026-08-15 05:00:00+02:00,22.5585,4.68,7.2,0.0,0.0,41660.0,14.878324,1.387904
2026-08-15 06:00:00+02:00,22.2085,3.7585104,6.8399997,0.0,0.0,41740.0,13.215189,2.2379284
2026-08-15 07:00:00+02:00,22.2085,3.4152596,5.3999996,0.0,0.0,41700.0,11.031237,1.9627929
2026-08-15 08:00:00+02:00,23.6585,1.609969,4.32,0.0,0.0,41640.0,13.144288,1.2413791
2026-08-15 09:00:00+02:00,25.258501,1.609969,4.32,0.0,0.0,42080.0,15.713261,3.3425157
2026-08-15 10:00:00+02:00,27.3585,4.3349743,9.72,0.0,0.0,42900.0,21.183746,5.2667265
2026-08-15 11:00:00+02:00,28.9585,8.891343,19.08,0.0,0.0,43520.0,24.117481,10.00832
2026-08-15 12:00:00+02:00,30.8085,9.47012,20.519999,0.0,0.0,44840.0,15.284514,11.595439
2026-08-15 13:00:00+02:00,32.358498,9.36,19.44,0.0,0.0,47540.0,12.312233,13.268828
2026-08-15 14:00:00+02:00,33.2085,8.473393,19.08,0.0,0.0,48860.0,8.95301,18.042753
2026-08-15 15:00:00+02:00,33.8085,8.350138,18.0,0.0,0.0,49760.0,9.837129,15.89741
2026-08-15 16:00:00+02:00,34.2085,9.028754,17.28,0.0,0.0,51280.0,10.189676,13.781546
2026-08-15 17:00:00+02:00,34.2085,7.92,17.64,0.0,0.0,50900.0,9.7416725,11.41124
2026-08-15 18:00:00+02:00,33.0585,11.874544,20.16,0.0,0.0,48280.0,14.133929,16.327795
2026-08-15 19:00:00+02:00,32.2585,11.183201,20.519999,0.0,0.0,52140.0,17.340422,14.753624
2026-08-15 20:00:00+02:00,27.7085,12.522619,47.16,0.0,0.0,43800.0,37.657715,21.085184
2026-08-15 21:00:00+02:00,26.008501,16.595179,30.960001,0.0,0.0,42840.0,19.429977,13.196042
2026-08-15 22:00:00+02:00,25.1085,9.793059,27.359999,0.0,0.0,42260.0,18.369701,7.900089
2026-08-15 23:00:00+02:00,24.1585,6.439876,16.199999,0.0,0.0,41680.0,13.270073,8.442291
2026-08-16 00:00:00+02:00,23.0585,3.096837,9.72,0.0,0.0,41420.0,13.859459,7.5510154
2026-08-16 01:00:00+02:00,21.8585,3.396233,6.4799995,0.0,0.0,41260.0,15.851416,12.795845
2026-08-16 02:00:00+02:00,21.0585,4.32,6.4799995,0.0,0.0,40980.0,12.512989,15.329903
2026-08-16 03:00:00+02:00,21.1085,2.5455842,8.28,0.0,0.0,40820.0,16.461926,15.824542
2026-08-16 04:00:00+02:00,20.8085,4.379589,8.28,0.0,0.0,40660.0,15.818631,18.170418
2026-08-16 05:00:00+02:00,20.3585,5.2416787,10.799999,0.0,0.0,39560.0,19.225843,22.206465
2026-08-16 06:00:00+02:00,20.2085,4.0249224,11.5199995,0.0,0.0,39700.0,21.653961,19.49005
2026-08-16 07:00:00+02:00,20.4085,3.9763298,5.7599998,0.0,0.0,40000.0,22.78481,14.167504
2026-08-16 08:00:00+02:00,21.8085,2.9024127,6.4799995,0.0,0.0,40140.0,17.530981,16.65485
2026-08-16 09:00:00+02:00,23.8085,3.319036,7.92,0.0,0.0,40300.0,11.208644,16.13793
2026-08-16 10:00:00+02:00,25.508501,7.208994,14.759999,0.0,0.0,41200.0,10.667574,10.5517235
2026-08-16 11:00:00+02:00,26.8585,4.379589,18.0,0.0,0.0,41440.0,3.2222586,11.103232
2026-08-16 12:00:00+02:00,28.9085,4.68,11.5199995,0.0,0.0,42940.0,7.291139,13.879042
2026-08-16 13:00:00+02:00,30.5585,6.792466,15.119999,0.0,0.0,44340.0,7.7602262,16.70105
2026-08-16 14:00:00+02:00,30.8085,15.034041,21.24,0.0,0.0,46520.0,11.319258,10.551724
2026-08-16 15:00:00+02:00,31.008501,17.148247,27.359999,0.0,0.0,45540.0,17.44787,10.857635
2026-08-16 16:00:00+02:00,28.8085,18.204042,45.0,0.0,0.0,43020.0,9.294415,21.438515
2026-08-16 17:00:00+02:00,29.2085,11.609651,33.839996,0.0,0.0,43620.0,12.661468,27.422962
2026-08-16 18:00:00+02:00,28.8585,7.8954163,18.0,0.0,0.0,44620.0,9.113924,28.368979
2026-08-16 19:00:00+02:00,28.258501,5.904439,12.959999,0.0,0.0,45240.0,6.850616,28.150856
2026-08-16 20:00:00+02:00,27.6585,3.8773184,9.36,0.0,0.0,46460.0,8.202532,29.14599
2026-08-16 21:00:00+02:00,25.9585,3.096837,6.12,0.0,0.0,45140.0,10.025316,23.099327
2026-08-16 22:00:00+02:00,24.758501,3.319036,10.08,0.0,0.0,43180.0,13.285713,15.702343
2026-08-16 23:00:00+02:00,24.0585,3.8268526,6.4799995,0.0,0.0,42380.0,17.777994,22.379284
2026-08-17 00:00:00+02:00,23.008501,4.39436,9.0,0.0,0.0,41500.0,18.953892,21.230852
2026-08-17 01:00:00+02:00,21.8585,4.6938257,8.28,7.0,0.0,40460.0,15.4936695,18.339252
2026-08-17 02:00:00+02:00,21.508501,5.3517847,9.36,0.0,0.0,37900.0,16.182028,17.31268
2026-08-17 03:00:00+02:00,20.9585,6.193674,10.440001,0.0,0.0,37760.0,20.097183,15.517241
2026-08-17 04:00:00+02:00,20.9585,5.0911684,11.159999,0.0,0.0,38180.0,20.966978,21.112572
2026-08-17 05:00:00+02:00,20.7085,4.829907,9.72,32.0,0.0,37800.0,24.624466,19.725824
2026-08-17 06:00:00+02:00,20.4585,5.154415,8.64,78.0,0.0,35960.0,23.101591,22.344826
2026-08-17 07:00:00+02:00,20.7085,7.0911775,15.84,42.0,0.0,37340.0,19.568422,25.59169
2026-08-17 08:00:00+02:00,19.758501,11.923557,9.72,46.0,0.0,30740.0,24.306171,34.00224
2026-08-17 09:00:00+02:00,20.4085,12.015589,23.4,49.0,0.0,33440.0,27.79747,29.960732
2026-08-17 10:00:00+02:00,20.1585,8.587338,20.16,73.0,0.2,10200.0,21.041128,30.710028
2026-08-17 11:00:00+02:00,18.3585,11.770403,25.919998,80.0,13.8,7780.0,38.605293,32.75571
2026-08-17 12:00:00+02:00,18.6085,12.783802,25.199999,61.0,3.2,7060.0,38.35706,53.194946
2026-08-17 13:00:00+02:00,19.2085,8.287822,25.56,82.0,0.8,25340.0,27.812405,40.230076
2026-08-17 14:00:00+02:00,18.758501,11.177405,21.96,57.0,0.0,26220.0,23.85342,35.860607
2026-08-17 15:00:00+02:00,19.758501,12.768586,23.4,65.0,0.2,26660.0,24.712854,55.799965
2026-08-17 16:00:00+02:00,20.4585,12.031756,23.039999,60.0,0.0,33600.0,24.220583,49.226593
2026-08-17 17:00:00+02:00,20.758501,11.200571,26.28,49.0,0.0,32660.0,27.34557,42.470776
2026-08-17 18:00:00+02:00,21.4585,10.233123,21.24,18.0,0.0,35400.0,23.311878,39.94175
2026-08-17 19:00:00+02:00,21.4085,12.768586,23.4,91.0,0.0,35400.0,19.616121,41.8494
2026-08-17 20:00:00+02:00,20.258501,9.726664,24.119999,7.0,0.0,34640.0,27.341772,45.31459
2026-08-17 21:00:00+02:00,19.5585,3.319036,18.0,51.0,0.0,32080.0,29.550064,39.201843
2026-08-17 22:00:00+02:00,18.7085,5.4833565,10.08,38.0,0.0,24780.0,23.647955,41.72955
2026-08-17 23:00:00+02:00,17.9585,5.904439,10.799999,27.0,0.0,23100.0,23.029572,38.322243
2026-08-18 00:00:00+02:00,17.758501,5.3517847,10.799999,52.0,0.0,19360.0,19.742744,39.709587
2026-08-18 01:00:00+02:00,18.008501,4.39436,9.0,68.0,0.0,19120.0,18.6891,36.74671
2026-08-18 02:00:00+02:00,18.008501,5.1919937,9.72,57.0,0.0,21000.0,22.175133,39.45165
2026-08-18 03:00:00+02:00,18.1085,5.2416787,10.08,41.0,0.0,21380.0,29.39152,41.62787
2026-08-18 04:00:00+02:00,18.1585,4.829907,8.28,26.0,0.0,22960.0,31.840088,51.11182
2026-08-18 05:00:00+02:00,18.1085,5.904439,10.799999,24.0,0.0,23880.0,27.632627,47.270313
2026-08-18 06:00:00+02:00,18.2085,6.439876,10.440001,47.0,0.0,23460.0,31.017483,42.647293
2026-08-18 07:00:00+02:00,18.4585,6.28713,11.5199995,51.0,0.0,23740.0,36.03459,46.13607
2026-08-18 08:00:00+02:00,19.2085,5.4477882,12.599999,35.0,0.0,25820.0,41.59086,46.795223
2026-08-18 09:00:00+02:00,20.008501,6.0347,13.679999,38.0,0.0,27540.0,41.956234,47.57901
2026-08-18 10:00:00+02:00,20.6585,11.966954,21.96,52.0,0.0,33600.0,42.927452,43.11448
2026-08-18 11:00:00+02:00,22.508501,16.24394,25.919998,55.0,0.0,37040.0,44.595406,51.520973
2026-08-18 12:00:00+02:00,23.508501,17.462782,42.839996,75.0,0.0,38840.0,39.245472,52.49875
2026-08-18 13:00:00+02:00,23.758501,19.245697,43.92,96.0,0.0,38960.0,41.128944,45.51818
2026-08-18 14:00:00+02:00,25.2085,22.007162,40.68,94.0,0.0,41620.0,41.956234,47.306973
2026-08-18 15:00:00+02:00,26.9085,21.53089,38.519997,3.0,0.0,43260.0,41.824867,54.961708
2026-08-18 16:00:00+02:00,27.4085,22.7057,41.760002,17.0,0.0,43820.0,41.530903,48.65589
2026-08-18 17:00:00+02:00,27.6585,18.089775,40.32,0.0,0.0,44680.0,37.907784,50.798054
2026-08-18 18:00:00+02:00,27.258501,18.899143,38.16,14.0,0.0,44140.0,37.998066,45.041714
2026-08-18 19:00:00+02:00,25.9585,20.073025,35.28,0.0,0.0,42860.0,31.911753,50.638535
2026-08-18 20:00:00+02:00,25.4085,10.1887,32.039997,0.0,0.0,42680.0,36.455696,53.321537
2026-08-18 21:00:00+02:00,24.4085,5.4833565,17.28,0.0,0.0,42840.0,39.73974,51.75599
2026-08-18 22:00:00+02:00,23.4085,2.2768397,9.36,0.0,0.0,42180.0,48.333878,55.875854
2026-08-18 23:00:00+02:00,22.8085,5.0528407,9.72,41.0,0.0,41160.0,42.95405,54.03209
2026-08-19 00:00:00+02:00,21.3085,6.9527545,11.879999,0.0,0.0,40040.0,43.768192,59.229538
2026-08-19 01:00:00+02:00,21.0585,4.829907,11.5199995,0.0,0.0,40060.0,37.891346,55.986065
2026-08-19 02:00:00+02:00,21.008501,5.154415,9.72,37.0,0.0,39920.0,34.18936,53.39374
2026-08-19 03:00:00+02:00,20.9085,5.154415,9.36,52.0,0.0,39880.0,34.028027,54.003563
2026-08-19 04:00:00+02:00,21.008501,4.6800003,8.64,44.0,0.0,39900.0,33.2627,55.875854
2026-08-19 05:00:00+02:00,19.7085,3.8939953,7.5599995,0.0,0.0,39580.0,32.917545,59.589436
2026-08-19 06:00:00+02:00,19.008501,4.6938257,7.5599995,0.0,0.0,38380.0,36.603497,61.60168
2026-08-19 07:00:00+02:00,18.5585,5.00128,8.64,0.0,0.0,36540.0,40.374786,61.281902
2026-08-19 08:00:00+02:00,20.1585,5.6920996,7.92,0.0,0.0,39100.0,44.0967,60.321964
2026-08-19 09:00:00+02:00,21.5585,8.707238,16.199999,0.0,0.0,40020.0,47.554253,58.202686
2026-08-19 10:00:00+02:00,23.1085,7.7879906,16.199999,0.0,0.0,40600.0,47.201416,56.126953
2026-08-19 11:00:00+02:00,25.258501,12.074766,22.319998,0.0,0.0,42280.0,37.057373,57.24495
2026-08-19 12:00:00+02:00,26.4085,11.298495,23.4,0.0,0.0,42420.0,36.620514,58.308495
2026-08-19 13:00:00+02:00,27.8585,12.72283,24.48,0.0,0.0,42880.0,23.101595,59.014496
2026-08-19 14:00:00+02:00,29.3585,13.0447235,27.0,0.0,0.0,44320.0,22.217234,58.926296
2026-08-19 15:00:00+02:00,30.3585,12.397806,24.84,0.0,0.0,44800.0,22.679756,62.45569
2026-08-19 16:00:00+02:00,31.0585,14.578888,27.0,0.0,0.0,44960.0,26.947792,65.51143
2026-08-19 17:00:00+02:00,31.4085,14.8257065,28.44,0.0,0.0,45380.0,25.717579,69.40909
2026-08-19 18:00:00+02:00,31.258501,15.716793,28.8,0.0,0.0,46220.0,33.45257,69.21176
2026-08-19 19:00:00+02:00,30.758501,12.682018,28.44,0.0,0.0,45160.0,37.75684,69.95918
2026-08-19 20:00:00+02:00,29.4085,10.829958,24.48,0.0,0.0,44500.0,39.968998,68.063934
2026-08-19 21:00:00+02:00,26.6085,2.5455842,18.359999,0.0,0.0,41520.0,35.933605,80.30198
2026-08-19 22:00:00+02:00,25.5585,4.39436,6.12,0.0,0.0,41280.0,20.802917,79.159225
2026-08-19 23:00:00+02:00,24.0585,7.386582,11.879999,0.0,0.0,41060.0,55.06575,76.36501
2026-08-20 00:00:00+02:00,24.008501,7.42159,12.599999,0.0,0.0,41860.0,58.031082,85.522385
2026-08-20 01:00:00+02:00,24.5585,2.5959969,12.24,0.0,0.0,42060.0,50.59049,78.8569
2026-08-20 02:00:00+02:00,23.9585,3.5455887,6.12,0.0,0.0,41580.0,46.34903,85.217766
2026-08-20 03:00:00+02:00,22.2085,5.95906,11.5199995,0.0,0.0,41080.0,41.508396,83.29738
2026-08-20 04:00:00+02:00,21.7085,1.609969,10.440001,0.0,0.0,40840.0,46.045616,81.18706
2026-08-20 05:00:00+02:00,21.758501,4.6800003,9.0,0.0,0.0,40520.0,50.59049,86.543365
2026-08-20 06:00:00+02:00,21.8585,3.6,10.440001,38.0,0.0,40440.0,38.462486,81.260574
2026-08-20 07:00:00+02:00,21.758501,6.28713,26.64,53.0,0.0,40600.0,32.860718,76.53634
2026-08-20 08:00:00+02:00,21.8585,4.0249224,28.8,0.0,0.0,40460.0,19.387182,80.06656
2026-08-20 09:00:00+02:00,22.4585,2.16,8.28,30.0,0.0,40320.0,24.357378,78.771355
2026-08-20 10:00:00+02:00,23.4085,2.7416782,7.2,50.0,0.0,40620.0,22.259253,77.18544
2026-08-20 11:00:00+02:00,24.4585,2.1897945,10.08,49.0,0.0,40980.0,17.1538,83.82987
2026-08-20 12:00:00+02:00,25.3585,7.4128532,14.759999,33.0,0.0,41160.0,19.784773,77.83408
2026-08-20 13:00:00+02:00,26.1585,13.479583,24.84,84.0,0.0,41520.0,37.494686,72.76907
2026-08-20 14:00:00+02:00,26.6085,14.345898,38.88,59.0,0.0,41400.0,27.166527,73.06759
2026-08-20 15:00:00+02:00,26.6085,14.689589,36.0,42.0,0.0,41340.0,41.126427,63.0298
2026-08-20 16:00:00+02:00,26.508501,20.082708,38.88,14.0,0.0,41100.0,56.316746,69.20898
2026-08-20 17:00:00+02:00,26.2085,10.853866,44.639996,34.0,0.0,41380.0,38.21604,59.404896
2026-08-20 18:00:00+02:00,23.1585,6.2145634,44.639996,92.0,0.1,15680.0,16.182028,48.086422
2026-08-20 19:00:00+02:00,21.2085,14.759999,34.56,86.0,0.6,29540.0,13.836966,48.022285
2026-08-20 20:00:00+02:00,20.5585,12.7279215,27.359999,77.0,0.1,22480.0,15.713261,57.379387
2026-08-20 21:00:00+02:00,19.758501,8.534353,39.96,45.0,0.2,23080.0,19.467348,54.28817
2026-08-20 22:00:00+02:00,19.5585,4.0249224,18.72,47.0,0.0,24460.0,13.049152,49.109062
2026-08-20 23:00:00+02:00,18.8585,0.5091169,19.44,67.0,0.1,23080.0,10.391472,42.87703
2026-08-21 00:00:00+02:00,18.4085,4.68,21.24,81.0,2.5,16820.0,12.065196,42.97127
2026-08-21 01:00:00+02:00,18.258501,5.8603754,10.08,66.0,1.4,13140.0,21.949236,48.03432
2026-08-21 02:00:00+02:00,17.4085,6.725354,11.879999,67.0,0.0,2560.0,20.687803,49.410168
2026-08-21 03:00:00+02:00,17.4085,4.072935,15.119999,50.0,0.0,12720.0,17.465712,40.800606
2026-08-21 04:00:00+02:00,17.6585,3.0547013,9.0,51.0,0.0,20000.0,11.4288025,43.8235
2026-08-21 05:00:00+02:00,17.7085,6.4096174,7.92,7.0,0.6,25400.0,10.004581,35.04561
2026-08-21 06:00:00+02:00,17.4585,2.2768397,10.08,29.0,0.0,25220.0,4.201311,34.137928
2026-08-21 07:00:00+02:00,17.1585,2.8116899,4.68,31.0,0.0,21160.0,1.3670886,19.871763
2026-08-21 08:00:00+02:00,17.6085,2.3051248,6.4799995,12.0,0.4,22540.0,2.8820758,24.103226
2026-08-21 09:00:00+02:00,17.6585,3.7585104,10.799999,24.0,0.2,19300.0,7.866535,19.871765
2026-08-21 10:00:00+02:00,17.6085,6.3690495,14.04,72.0,1.7,4420.0,10.725815,10.606349
2026-08-21 11:00:00+02:00,16.4085,18.25026,11.5199995,100.0,3.6,4820.0,4.201311,23.618853
2026-08-21 12:00:00+02:00,15.158501,10.703569,33.12,99.0,5.5,4560.0,38.332687,22.559313
2026-08-21 13:00:00+02:00,15.0585,9.605998,29.519999,84.0,4.5,4100.0,39.395985,5.5862064
2026-08-21 14:00:00+02:00,14.908501,5.634891,13.679999,72.0,0.4,15900.0,21.783041,29.507248
2026-08-21 15:00:00+02:00,14.908501,7.208994,14.4,75.0,1.4,10540.0,17.772152,44.835964
2026-08-21 16:00:00+02:00,15.1085005,6.9899354,15.4800005,54.0,0.8,14160.0,18.594416,54.634792
2026-08-21 17:00:00+02:00,15.6085005,7.2359104,13.679999,60.0,0.6,29520.0,11.883102,50.03005
2026-08-21 18:00:00+02:00,15.8585005,5.7599998,14.759999,40.0,0.0,29440.0,14.47508,36.048122
2026-08-21 19:00:00+02:00,16.1085,5.4833565,12.959999,16.0,0.0,31720.0,24.117481,31.040686
2026-08-21 20:00:00+02:00,15.408501,6.9527545,15.4800005,0.0,0.0,25300.0,29.352638,35.37931
2026-08-21 21:00:00+02:00,14.9585,8.39657,14.04,6.0,0.3,17200.0,36.387276,33.88306
2026-08-21 22:00:00+02:00,14.8585005,4.1046314,16.199999,0.0,0.5,19620.0,39.561672,43.466003
2026-08-21 23:00:00+02:00,14.2585,9.6932955,11.5199995,59.0,0.3,17740.0,36.620514,42.461704
2026-08-22 00:00:00+02:00,13.0085,5.1919937,25.56,33.0,2.2,26360.0,34.635906,31.873484
2026-08-22 01:00:00+02:00,13.3085,18.03237,33.12,0.0,0.7,22300.0,45.123127,57.43979
2026-08-22 02:00:00+02:00,13.6085005,10.829959,32.039997,5.0,0.1,27400.0,32.587852,62.591244
2026-08-22 03:00:00+02:00,13.158501,6.0347,20.16,0.0,0.0,28660.0,28.98242,55.21347
2026-08-22 04:00:00+02:00,13.0585,3.563818,10.08,0.0,0.0,30280.0,30.73501,48.370003
2026-08-22 05:00:00+02:00,13.2585,2.0364676,3.96,0.0,0.0,32820.0,26.990145,41.549133
2026-08-22 06:00:00+02:00,13.3585005,3.7064266,5.04,0.0,0.0,33400.0,29.954878,41.026596
2026-08-22 07:00:00+02:00,13.158501,6.792466,11.879999,0.0,0.0,28000.0,32.495323,55.550854
2026-08-22 08:00:00+02:00,13.658501,8.699793,15.4800005,35.0,0.0,26580.0,38.43548,47.57901
2026-08-22 09:00:00+02:00,15.0085,7.2359104,16.56,27.0,0.0,32640.0,37.76509,36.9558
2026-08-22 10:00:00+02:00,16.2085,7.69592,14.759999,77.0,0.0,28760.0,30.490805,34.49717
2026-08-22 11:00:00+02:00,16.6085,11.090103,23.039999,64.0,0.0,35820.0,24.0485,29.67
2026-08-22 12:00:00+02:00,17.508501,10.24578,21.24,76.0,0.0,36960.0,25.584002,33.269196
2026-08-22 13:00:00+02:00,18.2085,11.177405,24.119999,74.0,0.0,38420.0,26.493158,26.054182
2026-08-22 14:00:00+02:00,19.1585,10.1376915,21.96,58.0,0.0,40280.0,17.412127,22.014801
2026-08-22 15:00:00+02:00,19.9085,9.826088,21.24,68.0,0.0,40860.0,15.099987,23.04088
2026-08-22 16:00:00+02:00,20.1085,8.534353,20.16,21.0,0.0,41140.0,12.710575,26.186924
2026-08-22 17:00:00+02:00,21.008501,7.8954163,18.359999,0.0,0.0,42580.0,10.870049,27.204338
2026-08-22 18:00:00+02:00,20.758501,7.172949,16.919998,0.0,0.0,43580.0,10.118097,25.136015
2026-08-22 19:00:00+02:00,20.3085,8.161764,14.759999,0.0,0.0,44260.0,8.11344,24.151127
2026-08-22 20:00:00+02:00,19.1085,3.6,15.84,0.0,0.0,43040.0,7.6388597,30.337694
2026-08-22 21:00:00+02:00,17.6585,3.8939953,5.7599998,0.0,0.0,41480.0,7.0743074,32.06629
2026-08-22 22:00:00+02:00,16.6585,5.692099,9.0,0.0,0.0,41100.0,4.323114,30.439116
2026-08-22 23:00:00+02:00,16.0085,6.9153743,15.119999,12.0,0.0,38840.0,6.3960004,31.776642
2026-08-23 00:00:00+02:00,15.0585,6.792466,11.879999,21.0,0.0,37040.0,13.152184,27.479101
2026-08-23 01:00:00+02:00,14.9585,6.618519,12.959999,11.0,0.0,38920.0,9.482423,33.769165
2026-08-23 02:00:00+02:00,13.9585,9.693296,17.28,0.0,0.0,36980.0,7.1182017,38.70735
2026-08-23 03:00:00+02:00,13.3585005,7.9036193,16.919998,0.0,0.0,31620.0,6.47666,40.435436
2026-08-23 04:00:00+02:00,13.2085,8.217153,14.4,0.0,0.0,26680.0,4.323114,39.25586
2026-08-23 05:00:00+02:00,12.7085,6.1094027,14.4,0.0,0.0,22300.0,6.47666,37.10146
2026-08-23 06:00:00+02:00,12.2585,4.3498964,9.72,0.0,0.0,21380.0,6.47666,37.184437
2026-08-23 07:00:00+02:00,11.658501,3.319036,6.8399997,0.0,0.0,17640.0,6.7744107,38.70735
2026-08-23 08:00:00+02:00,13.5085,3.0547013,5.7599998,6.0,0.0,27960.0,12.44643,40.9467
2026-08-23 09:00:00+02:00,15.1085005,4.1046314,9.0,5.0,0.0,30660.0,13.495072,38.846447
2026-08-23 10:00:00+02:00,16.5585,4.6800003,11.159999,36.0,0.0,35260.0,14.482251,37.10146
2026-08-23 11:00:00+02:00,18.3085,6.1305785,12.959999,10.0,0.0,39180.0,16.027294,41.419117
2026-08-23 12:00:00+02:00,19.6585,9.1641035,18.359999,13.0,0.0,40200.0,13.270073,42.796085
2026-08-23 13:00:00+02:00,20.8085,10.464797,20.16,5.0,0.0,40960.0,12.159491,46.72107
2026-08-23 14:00:00+02:00,21.8085,11.792404,18.359999,0.0,0.0,41320.0,4.57969,47.893757
2026-08-23 15:00:00+02:00,22.5585,10.990322,20.880001,0.0,0.0,41820.0,5.8357587,49.829433
2026-08-23 16:00:00+02:00,22.8585,9.983106,21.24,0.0,0.0,42280.0,8.765491,48.69151
2026-08-23 17:00:00+02:00,23.0585,8.4963045,19.8,0.0,0.0,42220.0,10.599223,46.522743
2026-08-23 18:00:00+02:00,22.508501,9.585739,18.72,0.0,0.0,42140.0,4.556962,46.381756
2026-08-23 19:00:00+02:00,21.6585,10.315115,19.8,0.0,0.0,41960.0,2.8820758,46.381756
2026-08-23 20:00:00+02:00,20.2085,8.766573,19.08,0.0,0.0,41420.0,3.3175182,45.91845
2026-08-23 21:00:00+02:00,18.3085,8.225035,14.759999,0.0,0.0,41200.0,5.3142853,42.152092
2026-08-23 22:00:00+02:00,17.5585,9.904906,16.919998,0.0,0.0,41100.0,3.2222586,40.502075
2026-08-23 23:00:00+02:00,17.3585,10.829959,17.64,0.0,0.0,40180.0,2.278481,40.9467
2026-08-24 00:00:00+02:00,17.258501,10.365251,20.519999,0.0,0.0,39900.0,5.3142853,41.270023
2026-08-24 01:00:00+02:00,17.008501,9.83268,18.359999,0.0,0.0,39800.0,4.757608,43.660564
2026-08-24 02:00:00+02:00,15.8585005,7.7879906,16.56,0.0,0.0,38060.0,6.1307654,39.196926
2026-08-24 03:00:00+02:00,14.9585,7.289445,13.32,0.0,0.0,36060.0,8.377872,36.762436
2026-08-24 04:00:00+02:00,14.5085,6.989936,12.599999,0.0,0.0,35520.0,10.240498,37.033905
2026-08-24 05:00:00+02:00,13.8085,6.297428,11.5199995,0.0,0.0,35080.0,7.543114,38.712326
2026-08-24 06:00:00+02:00,13.158501,4.3498964,10.799999,0.0,0.0,32360.0,7.0889688,39.280384
2026-08-24 07:00:00+02:00,12.3085,4.8433046,9.36,0.0,0.0,26760.0,7.7602262,42.84557
2026-08-24 08:00:00+02:00,13.7585,3.8268526,7.5599995,0.0,0.0,28240.0,9.752324,40.363914
2026-08-24 09:00:00+02:00,15.658501,2.0364676,7.2,0.0,0.0,34380.0,15.818631,35.37931
2026-08-24 10:00:00+02:00,17.4085,1.5273507,7.92,0.0,0.0,37180.0,18.437403,30.108244
2026-08-24 11:00:00+02:00,19.3085,1.1384199,9.36,0.0,0.0,39360.0,10.754816,29.494188
2026-08-24 12:00:00+02:00,21.258501,2.1897945,9.36,0.0,0.0,40180.0,11.961482,29.073198
2026-08-24 13:00:00+02:00,22.9085,3.7585104,11.159999,0.0,0.0,40420.0,12.030725,30.03137
2026-08-24 14:00:00+02:00,23.508501,7.4128532,12.599999,0.0,0.0,40740.0,4.2990294,23.878407
2026-08-24 15:00:00+02:00,24.5585,9.693296,17.64,0.0,0.0,40940.0,2.453999,30.816475
2026-08-24 16:00:00+02:00,25.1585,12.7279215,21.599998,0.0,0.0,41220.0,5.6366506,29.093067
2026-08-24 17:00:00+02:00,24.3085,13.584932,26.64,0.0,0.0,41320.0,6.835443,30.312284
2026-08-24 18:00:00+02:00,24.008501,15.807239,29.16,0.0,0.0,41200.0,10.481012,30.622086
2026-08-24 19:00:00+02:00,23.5585,15.496736,29.16,0.0,0.0,40900.0,12.0307255,30.439116
2026-08-24 20:00:00+02:00,22.508501,16.981165,30.960001,0.0,0.0,40960.0,13.594724,24.42869
2026-08-24 21:00:00+02:00,20.9585,18.0,31.68,0.0,0.0,40440.0,9.666777,20.49216
2026-08-24 22:00:00+02:00,20.258501,19.272614,34.56,0.0,0.0,40080.0,5.8000655,17.31268
2026-08-24 23:00:00+02:00,20.2085,10.799999,33.839996,0.0,0.0,40160.0,24.662386,23.422297
2026-08-25 00:00:00+02:00,19.4585,9.726664,21.96,0.0,0.0,39800.0,14.836392,15.367554
2026-08-25 01:00:00+02:00,18.6585,4.5820518,20.16,0.0,0.0,39160.0,12.669665,13.948265
2026-08-25 02:00:00+02:00,17.4585,6.87779,15.119999,0.0,0.0,38580.0,9.215885,8.092802
2026-08-25 03:00:00+02:00,16.6085,1.1384199,12.24,0.0,0.0,37060.0,5.333787,20.557856
2026-08-25 04:00:00+02:00,16.0585,1.484318,7.2,0.0,0.0,36580.0,11.821781,21.794956
2026-08-25 05:00:00+02:00,15.158501,4.072935,5.3999996,0.0,0.2,34740.0,20.470856,10.857635
2026-08-25 06:00:00+02:00,14.8085,5.0142193,10.08,4.0,1.7,16200.0,15.798928,10.180067
2026-08-25 07:00:00+02:00,14.2085,5.8048253,11.159999,72.0,3.9,9960.0,16.405064,13.093462
2026-08-25 08:00:00+02:00,14.3585005,9.028754,8.64,100.0,2.1,14220.0,30.062136,16.94153
2026-08-25 09:00:00+02:00,14.9585,10.365251,19.08,86.0,1.3,17740.0,22.555809,18.25503
2026-08-25 10:00:00+02:00,16.1085,6.763786,18.359999,61.0,0.1,22340.0,18.347078,22.653046
2026-08-25 11:00:00+02:00,16.9585,6.725354,14.04,28.0,0.0,24080.0,23.696201,39.65619
2026-08-25 12:00:00+02:00,17.4585,5.4833565,12.959999,47.0,0.0,25580.0,30.778894,40.502075
2026-08-25 13:00:00+02:00,17.758501,6.1305785,12.24,43.0,0.2,28520.0,34.407326,40.630287
2026-08-25 14:00:00+02:00,20.008501,5.904439,10.440001,50.0,0.0,37340.0,29.986055,44.693962
2026-08-25 15:00:00+02:00,21.1585,8.049845,17.64,53.0,0.0,38460.0,20.480995,54.05704
2026-08-25 16:00:00+02:00,22.508501,7.729527,14.759999,35.0,0.0,39580.0,26.45394,47.274387
2026-08-25 17:00:00+02:00,23.3085,6.3690495,15.84,40.0,0.0,40420.0,16.712313,48.892853
2026-08-25 18:00:00+02:00,23.1585,4.6938257,11.159999,47.0,0.0,39980.0,12.512989,49.670685
2026-08-25 19:00:00+02:00,22.8585,3.0547013,7.5599995,6.0,0.0,39820.0,11.273301,45.348587
2026-08-25 20:00:00+02:00,21.008501,4.1046314,10.08,0.0,0.2,12420.0,23.98365,53.469448
2026-08-25 21:00:00+02:00,19.9085,5.692099,9.36,0.0,0.3,33660.0,19.600233,54.227814
2026-08-25 22:00:00+02:00,18.4585,5.95906,10.08,0.0,0.0,27500.0,16.811422,53.296246
2026-08-25 23:00:00+02:00,17.758501,5.634891,10.799999,57.0,0.0,20540.0,9.394418,58.70359
2026-08-26 00:00:00+02:00,17.4585,5.8048253,10.440001,4.0,0.0,21920.0,14.309151,57.536953
2026-08-26 01:00:00+02:00,17.508501,3.0547013,8.28,9.0,0.0,27680.0,17.725351,50.44416
2026-08-26 02:00:00+02:00,17.758501,2.7416782,6.4799995,3.0,0.0,29220.0,28.124247,54.99324
2026-08-26 03:00:00+02:00,17.3085,4.73506,7.5599995,0.0,0.0,27520.0,29.178795,51.84152
2026-08-26 04:00:00+02:00,17.2085,4.73506,7.5599995,0.0,0.0,25160.0,25.112953,54.36972
2026-08-26 05:00:00+02:00,17.1085,4.32,8.64,0.0,0.0,23140.0,22.440435,51.18338
2026-08-26 06:00:00+02:00,17.5585,2.968636,7.5599995,20.0,0.0,23940.0,21.553034,50.06084
2026-08-26 07:00:00+02:00,17.6585,3.9763298,6.12,41.0,0.0,22680.0,21.763966,49.91055
2026-08-26 08:00:00+02:00,18.4585,2.16,11.5199995,41.0,0.0,22740.0,21.183746,46.2195
2026-08-26 09:00:00+02:00,19.9085,1.609969,5.3999996,0.0,0.0,25160.0,20.470856,45.93103
2026-08-26 10:00:00+02:00,21.2085,2.7416782,6.8399997,0.0,0.0,27940.0,18.555286,44.029602
2026-08-26 11:00:00+02:00,22.508501,1.2979984,5.7599998,0.0,0.0,36500.0,15.318443,48.302254
2026-08-26 12:00:00+02:00,23.8085,1.08,5.04,0.0,0.0,38780.0,14.560902,46.323578
2026-08-26 13:00:00+02:00,25.008501,0.5091169,4.68,2.0,0.0,39620.0,12.269996,42.461704
2026-08-26 14:00:00+02:00,26.7085,2.52,9.0,0.0,0.0,41380.0,10.638335,43.968315
2026-08-26 15:00:00+02:00,27.508501,5.692099,12.599999,4.0,0.0,41620.0,4.9291077,37.246548
2026-08-26 16:00:00+02:00,27.508501,6.5693827,13.679999,0.0,0.0,41840.0,3.9200466,34.89689
2026-08-26 17:00:00+02:00,27.3585,6.489992,12.599999,2.0,0.0,41560.0,5.8357587,25.334478
2026-08-26 18:00:00+02:00,26.9585,6.9153743,13.32,0.0,0.0,41400.0,0.9113924,25.92076
2026-08-26 19:00:00+02:00,25.8585,9.9571085,18.359999,0.0,0.0,40540.0,5.195736,23.331656
2026-08-26 20:00:00+02:00,24.5585,9.107359,17.64,0.0,0.0,41500.0,7.6388597,26.566677
2026-08-26 21:00:00+02:00,22.9585,7.628263,16.919998,0.0,0.0,41440.0,7.866535,41.11571
2026-08-26 22:00:00+02:00,22.1585,6.924738,14.04,0.0,0.0,41800.0,6.524576,51.989933
2026-08-26 23:00:00+02:00,20.1085,6.9527545,11.5199995,0.0,0.0,39640.0,10.955679,58.35803
2026-08-27 00:00:00+02:00,19.9085,6.379216,11.879999,0.0,0.0,38920.0,19.387182,64.72457
2026-08-27 01:00:00+02:00,19.6585,5.95906,10.799999,0.0,0.0,36820.0,18.54969,63.6381
2026-08-27 02:00:00+02:00,18.508501,6.151683,10.440001,0.0,0.0,29820.0,15.600524,61.898037
2026-08-27 03:00:00+02:00,18.8085,5.315336,10.440001,0.0,0.0,32520.0,17.026215,70.07198
2026-08-27 04:00:00+02:00,18.2085,5.315336,9.72,0.0,0.0,29580.0,17.014015,61.63295
2026-08-27 05:00:00+02:00,18.1585,4.6102495,10.08,0.0,0.0,30840.0,9.17071,65.40843
2026-08-27 06:00:00+02:00,17.8085,4.1046314,11.879999,0.0,0.0,28500.0,8.315675,56.849884
2026-08-27 07:00:00+02:00,18.6085,4.3349743,5.7599998,0.0,0.0,25820.0,11.760141,42.06975
2026-08-27 08:00:00+02:00,19.258501,4.072935,7.2,0.0,0.0,30960.0,11.392405,26.862312
2026-08-27 09:00:00+02:00,21.0585,0.8049845,7.5599995,0.0,0.0,26080.0,7.515534,16.13793
2026-08-27 10:00:00+02:00,22.3585,4.6102495,9.36,0.0,0.0,31920.0,9.482423,20.632679
2026-08-27 11:00:00+02:00,23.758501,3.396233,9.0,0.0,0.0,39040.0,11.883102,25.448275
2026-08-27 12:00:00+02:00,25.3585,1.609969,7.92,0.0,0.0,40420.0,17.105307,26.428555
2026-08-27 13:00:00+02:00,27.4085,2.5455842,7.2,0.0,0.0,40840.0,14.47508,34.513916
2026-08-27 14:00:00+02:00,29.3585,5.991594,10.440001,0.0,0.0,42160.0,16.755745,39.53944
2026-08-27 15:00:00+02:00,30.2085,7.386582,15.4800005,0.0,0.0,44280.0,18.766718,41.590836
2026-08-27 16:00:00+02:00,30.008501,5.1919937,14.4,0.0,0.0,41260.0,17.69604,39.495567
2026-08-27 17:00:00+02:00,30.3585,4.3349743,10.08,0.0,0.0,42940.0,19.274387,29.80603
2026-08-27 18:00:00+02:00,29.8085,5.00128,9.36,0.0,0.0,42880.0,22.679756,21.066906
2026-08-27 19:00:00+02:00,29.1085,3.6179552,8.64,0.0,0.0,43160.0,28.388811,17.390388
2026-08-27 20:00:00+02:00,26.6585,5.815978,8.28,0.0,0.0,40360.0,26.982447,21.510277
2026-08-27 21:00:00+02:00,24.1085,5.95906,11.5199995,0.0,0.0,34980.0,25.100548,30.439116
2026-08-27 22:00:00+02:00,22.9085,8.473393,14.04,0.0,0.0,36380.0,32.469753,34.430096
2026-08-27 23:00:00+02:00,23.4085,7.342588,14.4,0.0,0.0,40980.0,42.990295,31.533234
2026-08-28 00:00:00+02:00,23.6085,5.3517847,10.799999,0.0,0.0,41500.0,46.025314,40.057327
2026-08-28 01:00:00+02:00,23.0585,6.0347,9.72,0.0,0.0,41200.0,32.161304,50.653748
2026-08-28 02:00:00+02:00,22.6585,5.0911684,10.440001,0.0,0.0,41480.0,34.15594,50.31033
2026-08-28 03:00:00+02:00,22.258501,4.0249224,8.64,0.0,0.0,41440.0,32.383297,47.841442
2026-08-28 04:00:00+02:00,22.4085,4.2136917,5.7599998,0.0,0.0,41580.0,34.49172,53.57382
2026-08-28 05:00:00+02:00,21.8085,3.9763298,6.12,0.0,0.0,40420.0,30.21716,49.16003
2026-08-28 06:00:00+02:00,20.1585,3.396233,5.7599998,0.0,0.0,35980.0,27.481918,46.08594
2026-08-28 07:00:00+02:00,20.4585,3.9763298,5.04,0.0,0.0,33600.0,20.364061,64.08451
2026-08-28 08:00:00+02:00,21.508501,2.0364676,5.3999996,0.0,0.0,35220.0,6.6350365,42.005604
2026-08-28 09:00:00+02:00,22.6585,2.52,4.68,0.0,0.0,36580.0,11.273301,45.64496
2026-08-28 10:00:00+02:00,23.6585,5.8048253,9.72,0.0,0.0,37520.0,21.920834,78.95211
2026-08-28 11:00:00+02:00,21.0585,19.483284,51.48,84.0,0.1,33580.0,31.297405,54.87402
2026-08-28 12:00:00+02:00,19.8585,7.072878,30.239998,94.0,0.6,20900.0,50.62126,40.800606
2026-08-28 13:00:00+02:00,21.008501,13.891522,23.759998,87.0,0.1,36860.0,45.42813,46.456448
2026-08-28 14:00:00+02:00,20.008501,9.793059,30.599998,85.0,0.0,27400.0,43.106068,39.84518
2026-08-28 15:00:00+02:00,18.3085,6.725354,20.880001,42.0,8.6,27460.0,45.34349,42.216022
2026-08-28 16:00:00+02:00,19.4585,10.805999,21.599998,64.0,0.0,28160.0,35.162506,53.10797
2026-08-28 17:00:00+02:00,18.9085,11.013882,20.880001,47.0,0.0,34520.0,32.822784,39.59299
2026-08-28 18:00:00+02:00,17.9585,13.039754,21.599998,24.0,2.7,2800.0,34.94628,51.93433
2026-08-28 19:00:00+02:00,17.6085,11.879999,25.56,3.0,0.9,9360.0,30.504429,63.17938
2026-08-28 20:00:00+02:00,16.508501,14.145756,20.16,7.0,0.9,29680.0,26.622175,80.51041
2026-08-28 21:00:00+02:00,16.258501,13.570615,28.8,50.0,0.5,27120.0,26.54406,79.49917
2026-08-28 22:00:00+02:00,16.4085,10.315115,20.519999,7.0,0.0,26560.0,32.86072,82.252495
2026-08-28 23:00:00+02:00,16.2085,9.885262,19.08,54.0,0.0,32420.0,44.938667,68.504005
2026-08-29 00:00:00+02:00,16.3085,8.209263,17.28,53.0,0.0,34340.0,36.594986,61.130833
2026-08-29 01:00:00+02:00,16.6085,4.0249224,12.599999,50.0,0.0,35100.0,31.443035,67.17514
2026-08-29 02:00:00+02:00,16.2085,5.8603754,9.0,32.0,0.0,32060.0,31.996231,62.18368
2026-08-29 03:00:00+02:00,15.7085,6.9153743,11.159999,0.0,0.0,29980.0,31.732294,55.79651
2026-08-29 04:00:00+02:00,15.2585,4.6938257,10.799999,6.0,0.0,29620.0,23.222628,55.837925
2026-08-29 05:00:00+02:00,14.9585,1.9386592,6.4799995,23.0,0.0,30920.0,22.123568,52.09727
2026-08-29 06:00:00+02:00,14.7085,2.6208394,3.6,13.0,0.0,29720.0,21.920834,41.80795
2026-08-29 07:00:00+02:00,14.158501,2.3051248,3.96,5.0,0.0,26640.0,24.061451,41.045376
2026-08-29 08:00:00+02:00,15.3085,2.6208394,3.6,0.0,0.0,28060.0,24.527294,41.618618
2026-08-29 09:00:00+02:00,17.1085,3.7585104,6.8399997,0.0,0.0,26640.0,26.33987,38.322243
2026-08-29 10:00:00+02:00,18.3585,6.519877,12.24,36.0,0.0,30640.0,28.737778,37.499107
2026-08-29 11:00:00+02:00,19.2085,5.506941,13.679999,14.0,0.0,37920.0,29.380919,29.747807
2026-08-29 12:00:00+02:00,20.4585,8.4963045,15.84,34.0,0.0,39680.0,34.614918,33.338604
2026-08-29 13:00:00+02:00,21.4585,13.37825,24.48,19.0,0.0,40880.0,26.947792,35.66131
2026-08-29 14:00:00+02:00,22.5585,9.19939,23.759998,0.0,0.0,41540.0,30.041407,40.616062
2026-08-29 15:00:00+02:00,22.9585,11.304229,22.68,30.0,0.0,41320.0,20.302786,51.651672
2026-08-29 16:00:00+02:00,23.3085,13.797912,25.199999,0.0,0.0,42180.0,20.687803,51.123127
2026-08-29 17:00:00+02:00,23.0585,11.119281,25.56,0.0,0.0,41860.0,32.721397,52.81336
2026-08-29 18:00:00+02:00,22.5585,11.019764,21.96,0.0,0.0,41440.0,40.81217,55.24486
2026-08-29 19:00:00+02:00,22.2085,11.304229,20.519999,0.0,0.0,41900.0,34.3076,53.584606
2026-08-29 20:00:00+02:00,21.1085,7.4128532,19.8,0.0,0.0,41440.0,41.21469,45.02033
2026-08-29 21:00:00+02:00,20.008501,2.9024127,10.440001,0.0,0.0,40840.0,31.735567,48.2863
2026-08-29 22:00:00+02:00,18.8585,4.8965297,6.8399997,0.0,0.0,40000.0,33.090572,45.344337
2026-08-29 23:00:00+02:00,17.9585,5.1919937,9.36,0.0,0.0,36020.0,35.303955,44.173744
2026-08-30 00:00:00+02:00,17.8085,5.8603754,10.08,0.0,0.0,34300.0,33.739986,45.619633
2026-08-30 01:00:00+02:00,17.6085,6.638072,11.5199995,0.0,0.0,35480.0,37.26971,44.173744
2026-08-30 02:00:00+02:00,17.3585,7.289445,11.5199995,0.0,0.0,35160.0,33.175182,47.57901
2026-08-30 03:00:00+02:00,17.258501,6.696387,12.24,0.0,0.0,33740.0,35.617252,49.91055
2026-08-30 04:00:00+02:00,17.3585,5.495161,11.159999,0.0,0.0,33420.0,34.1529,53.031746
2026-08-30 05:00:00+02:00,17.258501,5.8048253,11.159999,14.0,0.0,34400.0,37.135746,49.856483
2026-08-30 06:00:00+02:00,16.758501,4.8965297,9.0,0.0,0.0,32900.0,34.93142,47.506077
2026-08-30 07:00:00+02:00,16.4585,6.12,10.08,0.0,0.0,32120.0,34.355988,46.914444
2026-08-30 08:00:00+02:00,17.5585,5.904439,10.440001,4.0,0.0,34420.0,31.86291,47.95003
2026-08-30 09:00:00+02:00,19.3085,7.342588,12.599999,0.0,0.0,37340.0,33.29078,44.555832
2026-08-30 10:00:00+02:00,20.8085,7.2805495,14.759999,0.0,0.0,39860.0,31.127754,45.93103
2026-08-30 11:00:00+02:00,22.1085,7.2,14.759999,0.0,0.0,40740.0,32.280533,43.381718
2026-08-30 12:00:00+02:00,23.3085,9.511088,19.08,0.0,0.0,41180.0,30.120792,42.470776
2026-08-30 13:00:00+02:00,24.1585,10.30883,20.16,0.0,0.0,41420.0,32.431355,46.655056
2026-08-30 14:00:00+02:00,24.9085,10.495713,23.039999,0.0,0.0,41320.0,22.104788,51.8898
2026-08-30 15:00:00+02:00,25.8585,11.91812,22.68,18.0,0.0,41540.0,21.183746,56.615604
2026-08-30 16:00:00+02:00,26.0585,14.24163,26.64,19.0,0.0,41680.0,25.228453,57.386105
2026-08-30 17:00:00+02:00,26.0585,11.503113,28.08,28.0,0.0,42060.0,18.504856,51.39745
2026-08-30 18:00:00+02:00,25.758501,8.39657,21.24,1.0,0.0,42160.0,14.038106,49.53865
2026-08-30 19:00:00+02:00,25.2085,5.95906,15.84,2.0,0.0,41800.0,11.715913,49.65517
2026-08-30 20:00:00+02:00,23.6085,4.0249224,10.440001,0.0,0.0,41000.0,12.159491,49.41407
2026-08-30 21:00:00+02:00,21.258501,5.0528407,8.64,0.0,0.0,39160.0,11.419714,51.07789
2026-08-30 22:00:00+02:00,20.3085,4.802999,8.64,0.0,0.0,39040.0,13.594724,51.9677
2026-08-30 23:00:00+02:00,19.8085,6.638072,11.879999,0.0,0.0,36260.0,20.622456,55.283207
2026-08-31 00:00:00+02:00,19.7085,6.439876,11.879999,0.0,0.0,37880.0,24.497643,63.362038
2026-08-31 01:00:00+02:00,19.5585,6.1305785,11.159999,0.0,0.0,38140.0,34.009716,65.7931
2026-08-31 02:00:00+02:00,18.3585,7.9932976,10.440001,40.0,0.0,33120.0,40.374783,69.37578
2026-08-31 03:00:00+02:00,17.4585,1.9386592,43.92,0.0,1.7,16340.0,68.33923,84.98916
2026-08-31 04:00:00+02:00,17.4085,3.8268526,6.4799995,44.0,0.0,14740.0,52.665943,88.8649
2026-08-31 05:00:00+02:00,17.0585,4.198285,7.2,38.0,0.0,17380.0,55.06575,92.65131
2026-08-31 06:00:00+02:00,17.1585,2.8116899,7.2,61.0,0.0,22860.0,52.333687,98.644745
2026-08-31 07:00:00+02:00,17.3585,2.2768397,3.96,77.0,0.0,23200.0,41.229805,96.01448
2026-08-31 08:00:00+02:00,17.2085,5.8603754,14.759999,90.0,0.0,22780.0,42.08719,91.31734
2026-08-31 09:00:00+02:00,16.6585,7.491114,20.16,86.0,0.0,23340.0,44.27998,85.01635
2026-08-31 10:00:00+02:00,17.008501,10.495713,19.44,88.0,0.0,24940.0,51.20249,80.51041
2026-08-31 11:00:00+02:00,17.9085,8.766573,23.039999,80.0,0.0,32060.0,48.4883,76.90793
2026-08-31 12:00:00+02:00,19.258501,11.928989,22.68,71.0,0.0,36640.0,38.248634,76.85531
2026-08-31 13:00:00+02:00,20.6085,11.177405,21.599998,53.0,0.0,39520.0,46.445255,74.21589
2026-08-31 14:00:00+02:00,22.2085,14.113653,25.56,46.0,0.0,41280.0,25.7982,76.71734
2026-08-31 15:00:00+02:00,23.4585,13.797912,26.28,0.0,0.0,42620.0,31.548529,74.36887
2026-08-31 16:00:00+02:00,24.0585,16.516901,30.960001,0.0,0.0,45920.0,35.663868,68.86019
2026-08-31 17:00:00+02:00,24.0585,13.797913,31.68,0.0,0.0,45560.0,26.098305,71.53296
2026-08-31 18:00:00+02:00,23.8085,11.792404,24.119999,0.0,0.0,44760.0,29.672785,65.7931
2026-08-31 19:00:00+02:00,21.4085,13.830749,33.12,10.0,0.0,41720.0,42.477634,70.390144
2026-08-31 20:00:00+02:00,20.6585,11.885453,24.119999,0.0,0.0,42560.0,45.34349,68.65007
2026-08-31 21:00:00+02:00,19.2085,1.1384199,17.28,0.0,0.0,41500.0,45.57873,61.975784
2026-08-31 22:00:00+02:00,18.8085,4.452954,6.8399997,0.0,0.0,41220.0,41.655716,55.79306
2026-08-31 23:00:00+02:00,18.0585,4.3498964,8.64,0.0,0.0,40400.0,36.484165,56.01702
2026-09-01 00:00:00+02:00,17.8085,1.5273507,6.8399997,0.0,0.0,40460.0,28.344889,45.037437
2026-09-01 01:00:00+02:00,17.0585,2.8116899,3.96,2.0,0.0,40380.0,25.559643,39.961037
2026-09-01 02:00:00+02:00,16.1085,2.5959969,3.6,12.0,0.0,39380.0,26.296474,42.9892
2026-09-01 03:00:00+02:00,15.7585,3.2599385,4.32,4.0,0.0,38940.0,21.806862,39.500443
2026-09-01 04:00:00+02:00,15.2585,3.9763298,6.12,12.0,0.0,37900.0,17.90602,39.72898
2026-09-01 05:00:00+02:00,14.8085,3.2399998,7.2,3.0,0.0,36660.0,13.246578,35.466316
2026-09-01 06:00:00+02:00,14.408501,3.671294,6.12,25.0,0.0,35240.0,12.537857,36.9558
2026-09-01 07:00:00+02:00,14.158501,4.32,6.4799995,42.0,0.0,35240.0,13.456546,36.877533
2026-09-01 08:00:00+02:00,15.1085005,3.6,7.5599995,38.0,0.0,35920.0,14.539494,35.6451
2026-09-01 09:00:00+02:00,16.8585,1.8,5.3999996,38.0,0.0,36360.0,13.285712,34.941025
2026-09-01 10:00:00+02:00,18.4585,5.904439,11.879999,18.0,0.0,38840.0,13.708808,35.74224
2026-09-01 11:00:00+02:00,19.8585,5.506941,12.959999,0.0,0.0,39620.0,9.952556,36.192112
2026-09-01 12:00:00+02:00,20.8585,6.519877,14.04,20.0,0.0,40620.0,11.961482,37.57608
2026-09-01 13:00:00+02:00,21.8085,7.8625183,16.56,23.0,0.0,41240.0,9.580464,38.960327
2026-09-01 14:00:00+02:00,22.8585,7.42159,16.56,0.0,0.0,41880.0,8.402622,40.464016
2026-09-01 15:00:00+02:00,23.3585,7.754637,16.56,20.0,0.0,42160.0,9.952556,40.838356
2026-09-01 16:00:00+02:00,23.758501,8.78872,16.199999,33.0,0.0,42480.0,8.976174,41.637127
2026-09-01 17:00:00+02:00,23.2085,8.404285,20.880001,0.0,0.0,42680.0,6.0797453,46.646797
2026-09-01 18:00:00+02:00,23.008501,5.3999996,14.4,0.0,0.0,42540.0,10.189676,48.31023
2026-09-01 19:00:00+02:00,22.258501,7.729527,14.759999,0.0,0.0,42620.0,10.955679,51.18338
2026-09-01 20:00:00+02:00,20.6585,3.0758414,12.959999,41.0,0.0,41560.0,9.17071,48.576645
2026-09-01 21:00:00+02:00,19.1085,4.0249224,5.7599998,32.0,0.0,40860.0,8.151741,46.53103
2026-09-01 22:00:00+02:00,17.4085,4.6938257,7.5599995,0.0,0.0,39680.0,8.315675,42.046856
2026-09-01 23:00:00+02:00,17.008501,5.5887027,9.0,0.0,0.0,39600.0,7.7468357,38.587734
2026-09-02 00:00:00+02:00,16.1585,5.5887027,9.72,0.0,0.0,39180.0,6.444517,36.261242
2026-09-02 01:00:00+02:00,15.8585005,5.815978,9.72,0.0,0.0,39280.0,6.198138,35.817608
2026-09-02 02:00:00+02:00,15.0085,5.315336,9.72,0.0,0.0,38400.0,5.9240503,31.752386
2026-09-02 03:00:00+02:00,15.3585005,3.6179552,8.28,0.0,0.0,39360.0,8.765491,33.18223
2026-09-02 04:00:00+02:00,14.8585005,4.3349743,6.4799995,0.0,0.0,38960.0,8.215179,33.269196
2026-09-02 05:00:00+02:00,13.9585,3.671294,6.4799995,0.0,0.0,37740.0,11.715913,36.53116
2026-09-02 06:00:00+02:00,14.0085,3.4152596,6.12,0.0,0.0,37000.0,13.049152,38.980095
2026-09-02 07:00:00+02:00,13.8085,4.3349743,5.7599998,0.0,0.0,34540.0,15.419778,43.27502
2026-09-02 08:00:00+02:00,14.6085005,3.6,7.5599995,0.0,0.0,31520.0,17.1538,42.93988
2026-09-02 09:00:00+02:00,16.8585,1.1384199,6.8399997,0.0,0.0,30880.0,18.3697,40.344826
2026-09-02 10:00:00+02:00,18.5585,1.8,5.7599998,0.0,0.0,35040.0,21.763966,39.767754
2026-09-02 11:00:00+02:00,19.9085,5.506941,7.5599995,0.0,0.0,38160.0,22.440435,37.78568
2026-09-02 12:00:00+02:00,21.4085,6.830519,14.759999,0.0,0.0,39540.0,27.299967,42.36178
2026-09-02 13:00:00+02:00,22.6585,8.12197,17.28,12.0,0.0,40820.0,29.672785,42.574966
2026-09-02 14:00:00+02:00,23.758501,9.290511,22.319998,0.0,0.0,42020.0,28.73778,44.434612
2026-09-02 15:00:00+02:00,24.258501,9.511088,19.8,0.0,0.0,43240.0,24.53999,43.470432
2026-09-02 16:00:00+02:00,24.758501,10.24578,20.16,0.0,0.0,43660.0,18.233543,42.660843
2026-09-02 17:00:00+02:00,25.2085,9.0,20.16,0.0,0.0,45160.0,12.312233,45.649178
2026-09-02 18:00:00+02:00,24.2085,9.686609,18.72,93.0,0.0,42120.0,16.007849,43.466003
2026-09-02 19:00:00+02:00,23.2085,10.703569,21.96,32.0,0.0,42660.0,12.961332,41.586205
2026-09-02 20:00:00+02:00,22.0585,5.634891,18.359999,0.0,0.0,42240.0,14.709885,39.417454
2026-09-02 21:00:00+02:00,20.4085,4.0249224,9.36,0.0,0.0,41480.0,15.2777195,40.196545
2026-09-02 22:00:00+02:00,19.6085,2.2768397,5.7599998,9.0,0.0,41160.0,16.053188,41.437717
2026-09-02 23:00:00+02:00,19.4585,2.5959969,3.2399998,35.0,0.0,40880.0,22.403389,39.3049
2026-09-03 00:00:00+02:00,18.758501,4.6102495,6.4799995,47.0,0.0,39160.0,29.451515,40.83364
2026-09-03 01:00:00+02:00,17.9585,5.315336,9.0,46.0,0.0,37940.0,25.652903,39.9755
2026-09-03 02:00:00+02:00,17.3585,4.896529,9.36,36.0,0.0,36640.0,21.916096,38.752113
2026-09-03 03:00:00+02:00,17.008501,4.6938252,7.92,41.0,0.0,37120.0,18.58883,36.72574
2026-09-03 04:00:00+02:00,17.008501,3.7585104,7.2,47.0,0.0,38000.0,18.77225,33.338604
2026-09-03 05:00:00+02:00,16.8585,2.4149535,5.7599998,42.0,0.0,37960.0,18.233543,30.710028
2026-09-03 06:00:00+02:00,16.7085,1.8,3.2399998,68.0,0.0,37520.0,17.352394,30.024958
2026-09-03 07:00:00+02:00,15.9585,3.7585104,5.3999996,44.0,0.0,35160.0,16.162766,31.649084
2026-09-03 08:00:00+02:00,16.3085,2.6208394,5.7599998,15.0,0.0,31860.0,19.387182,37.344685
2026-09-03 09:00:00+02:00,18.1585,1.484318,3.96,2.0,0.0,32940.0,21.198446,35.330273
2026-09-03 10:00:00+02:00,19.9585,4.1046314,9.36,0.0,0.0,36560.0,24.662386,33.08922
2026-09-03 11:00:00+02:00,21.4585,5.3517847,11.879999,0.0,0.0,40140.0,26.304367,30.261404
2026-09-03 12:00:00+02:00,22.4585,7.4128532,16.199999,0.0,0.0,39980.0,32.431355,28.933727
2026-09-03 13:00:00+02:00,23.8585,12.57426,24.119999,18.0,0.0,41160.0,27.349365,31.38628
2026-09-03 14:00:00+02:00,24.258501,11.792404,25.199999,0.0,0.0,41800.0,31.101055,33.597603
2026-09-03 15:00:00+02:00,25.508501,12.24,23.759998,0.0,0.0,42540.0,20.607346,30.267769
2026-09-03 16:00:00+02:00,26.008501,12.72283,25.56,0.0,0.0,44400.0,23.634777,34.697605
2026-09-03 17:00:00+02:00,26.0585,9.531505,24.119999,0.0,0.0,43180.0,16.866917,30.891392
2026-09-03 18:00:00+02:00,25.5585,9.3669195,19.8,0.0,0.0,42620.0,17.981243,32.519634
2026-09-03 19:00:00+02:00,24.6085,9.19939,18.0,0.0,0.0,42660.0,16.111294,34.78632
2026-09-03 20:00:00+02:00,22.9585,5.95906,16.56,0.0,0.0,42120.0,21.203342,39.45653
2026-09-03 21:00:00+02:00,21.8585,3.0758414,9.72,0.0,0.0,41780.0,23.240505,41.493458
2026-09-03 22:00:00+02:00,20.7085,2.5455842,3.96,0.0,0.0,41420.0,24.662386,40.273144
2026-09-03 23:00:00+02:00,19.9585,1.835647,2.8799999,0.0,0.0,40800.0,25.228453,37.246548
2026-09-04 00:00:00+02:00,19.3585,4.39436,5.7599998,0.0,0.0,40260.0,27.086145,37.00268
2026-09-04 01:00:00+02:00,17.9085,6.439876,11.159999,0.0,0.0,38580.0,26.371386,37.57608
2026-09-04 02:00:00+02:00,17.6585,6.0347,11.5199995,0.0,0.0,38340.0,25.862514,40.273144
2026-09-04 03:00:00+02:00,17.4585,5.2416787,10.08,0.0,0.0,38660.0,26.102283,39.728985
2026-09-04 04:00:00+02:00,17.1085,5.506941,9.72,0.0,0.0,38440.0,26.233223,38.587734
2026-09-04 05:00:00+02:00,16.508501,5.6920996,9.36,0.0,0.0,38880.0,29.82983,38.861317
2026-09-04 06:00:00+02:00,16.3085,5.5887027,9.36,0.0,0.0,38900.0,32.860718,35.812233
2026-09-04 07:00:00+02:00,16.1585,5.5887027,9.72,0.0,0.0,38320.0,35.04123,36.192112
2026-09-04 08:00:00+02:00,17.1585,4.0249224,9.0,0.0,0.0,38180.0,38.62412,39.665905
2026-09-04 09:00:00+02:00,19.1085,4.0249224,7.92,0.0,0.0,38700.0,40.92649,40.344826
2026-09-04 10:00:00+02:00,21.3585,5.8048253,11.879999,0.0,0.0,40140.0,40.92649,40.535355
2026-09-04 11:00:00+02:00,23.3585,6.924738,12.959999,0.0,0.0,41760.0,42.252155,43.664974
2026-09-04 12:00:00+02:00,25.258501,9.339208,18.72,0.0,0.0,42180.0,43.808502,46.55172
2026-09-04 13:00:00+02:00,26.8085,11.4862,22.68,0.0,0.0,43440.0,42.51672,49.844894
2026-09-04 14:00:00+02:00,27.9585,10.805998,23.759998,0.0,0.0,45020.0,40.81217,51.889805
2026-09-04 15:00:00+02:00,28.758501,11.923557,23.759998,0.0,0.0,45000.0,43.768192,53.738964
2026-09-04 16:00:00+02:00,29.4585,13.0447235,25.56,0.0,0.0,45620.0,43.255146,51.532196
2026-09-04 17:00:00+02:00,29.7085,14.081477,29.16,0.0,0.0,45900.0,37.18883,51.202194
2026-09-04 18:00:00+02:00,29.3585,12.4811535,27.0,0.0,0.0,45520.0,35.593925,56.013584
2026-09-04 19:00:00+02:00,28.7085,9.339208,23.759998,0.0,0.0,44480.0,34.374115,60.65316
2026-09-04 20:00:00+02:00,26.1585,5.0142193,16.56,0.0,0.0,42000.0,32.3833,63.653225
2026-09-04 21:00:00+02:00,24.7085,3.219938,7.5599995,0.0,0.0,41080.0,29.746176,66.85032
2026-09-04 22:00:00+02:00,23.6085,1.8,6.4799995,0.0,0.0,41120.0,42.379745,68.51525
2026-09-04 23:00:00+02:00,23.758501,3.4152596,7.2,0.0,0.0,41620.0,46.93892,66.27442
2026-09-05 00:00:00+02:00,22.1585,7.4128532,12.599999,0.0,0.0,40040.0,45.134632,65.59958
2026-09-05 01:00:00+02:00,21.758501,5.904439,15.4800005,0.0,0.0,40060.0,41.98592,62.836967
2026-09-05 02:00:00+02:00,21.2085,6.1305785,9.72,0.0,0.0,39280.0,39.710987,69.62799
2026-09-05 03:00:00+02:00,20.6085,3.8939953,9.72,0.0,0.0,38960.0,37.369865,70.45306
2026-09-05 04:00:00+02:00,21.1085,3.0758414,5.7599998,0.0,0.0,39960.0,36.911392,69.144936
2026-09-05 05:00:00+02:00,20.3585,6.6087217,11.5199995,0.0,0.0,40140.0,45.59012,69.28687
2026-09-05 06:00:00+02:00,19.508501,5.815978,12.24,0.0,0.0,39800.0,44.695408,70.608734
2026-09-05 07:00:00+02:00,18.7085,4.5536795,12.24,0.0,0.0,38440.0,38.321857,72.67371
2026-09-05 08:00:00+02:00,19.3585,1.835647,8.64,0.0,0.0,38420.0,34.18936,65.21968
2026-09-05 09:00:00+02:00,19.7085,3.8939953,8.28,0.0,0.0,37960.0,34.6449,58.056885
2026-09-05 10:00:00+02:00,19.258501,0.5091169,7.5599995,51.0,0.4,35740.0,38.09631,58.81833
2026-09-05 11:00:00+02:00,20.9585,5.495161,9.36,60.0,0.0,36300.0,37.369865,52.141624
2026-09-05 12:00:00+02:00,21.4585,10.8955765,30.599998,58.0,0.0,37400.0,29.620253,45.412262
2026-09-05 13:00:00+02:00,21.9085,11.570515,21.96,48.0,0.0,38320.0,28.168512,42.903976
2026-09-05 14:00:00+02:00,23.0585,11.013882,24.84,63.0,0.0,39940.0,22.04364,44.434612
2026-09-05 15:00:00+02:00,22.0585,14.336861,25.56,87.0,0.0,38660.0,16.885372,38.662537
2026-09-05 16:00:00+02:00,21.4585,14.8257065,27.359999,54.0,0.0,38260.0,20.551847,38.04478
2026-09-05 17:00:00+02:00,20.758501,9.957108,28.08,44.0,0.0,37000.0,21.42257,39.801647
2026-09-05 18:00:00+02:00,20.9585,5.0911684,19.44,39.0,0.0,36760.0,22.329113,39.103443
2026-09-05 19:00:00+02:00,20.9085,5.3517847,10.799999,5.0,0.0,37380.0,27.074642,37.90783
2026-09-05 20:00:00+02:00,20.0585,6.0347,10.08,0.0,0.0,37280.0,33.0529,43.981453
2026-09-05 21:00:00+02:00,18.8585,4.8965297,10.08,0.0,0.0,32420.0,23.524694,34.847176
2026-09-05 22:00:00+02:00,18.0585,4.802999,8.28,7.0,0.0,27220.0,12.51299,30.439116
2026-09-05 23:00:00+02:00,17.4585,4.3349743,7.5599995,12.0,0.0,24280.0,3.5591009,30.470741
2026-09-06 00:00:00+02:00,17.258501,4.1046314,7.2,38.0,0.0,26080.0,3.3175182,26.804884
2026-09-06 01:00:00+02:00,16.8085,4.6938257,7.92,4.0,0.0,24220.0,4.488087,24.238705
2026-09-06 02:00:00+02:00,15.6085005,5.634891,9.36,0.0,0.0,18080.0,7.205189,24.206896
2026-09-06 03:00:00+02:00,15.1085005,5.692099,10.08,0.0,0.0,16460.0,7.515534,26.164846
2026-09-06 04:00:00+02:00,15.3085,5.3999996,10.08,0.0,0.0,19300.0,5.9240503,26.660769
2026-09-06 05:00:00+02:00,14.3085,5.904439,9.0,0.0,0.0,20180.0,8.36547,28.102919
2026-09-06 06:00:00+02:00,14.0585,5.495161,10.08,0.0,0.0,21000.0,6.330734,25.326874
2026-09-06 07:00:00+02:00,14.3585005,5.495161,9.36,0.0,0.0,23060.0,3.9200466,22.729446
2026-09-06 08:00:00+02:00,15.5085,5.8048253,9.36,0.0,0.0,23180.0,2.0379353,17.566723
2026-09-06 09:00:00+02:00,17.758501,5.634891,10.440001,0.0,0.0,29260.0,3.1898732,16.527136
2026-09-06 10:00:00+02:00,19.5585,6.792466,14.04,0.0,0.0,32580.0,5.0333285,12.795844
2026-09-06 11:00:00+02:00,20.7085,8.161764,12.959999,0.0,0.0,34780.0,4.323114,11.809426
2026-09-06 12:00:00+02:00,22.3585,7.653705,12.24,6.0,0.0,37780.0,6.0797453,13.093462
2026-09-06 13:00:00+02:00,23.6585,11.246759,16.919998,0.0,0.0,39360.0,6.895935,15.95788
2026-09-06 14:00:00+02:00,24.3085,12.819235,20.880001,0.0,0.0,40240.0,6.347113,17.665136
2026-09-06 15:00:00+02:00,25.008501,12.599998,21.24,0.0,0.0,40600.0,7.7468357,20.265303
2026-09-06 16:00:00+02:00,25.4585,11.4862,22.319998,0.0,0.0,40960.0,9.350104,25.020798
2026-09-06 17:00:00+02:00,25.7085,9.983106,22.319998,0.0,0.0,41400.0,10.754816,32.77923
2026-09-06 18:00:00+02:00,25.3085,10.464797,19.44,0.0,0.0,41400.0,15.851416,35.138927
2026-09-06 19:00:00+02:00,24.2085,10.365251,19.44,0.0,0.0,41140.0,19.905111,35.55311
2026-09-06 20:00:00+02:00,22.508501,8.225035,18.359999,0.0,0.0,40620.0,13.548821,38.04478
2026-09-06 21:00:00+02:00,20.508501,6.763786,13.679999,0.0,0.0,38660.0,19.972805,39.417454
2026-09-06 22:00:00+02:00,18.9085,7.754637,12.959999,0.0,0.0,34880.0,25.079855,39.196926
2026-09-06 23:00:00+02:00,18.4085,7.24486,12.959999,0.0,0.0,32820.0,25.100548,37.70402
2026-09-07 00:00:00+02:00,18.7085,5.6920996,12.24,0.0,0.0,34980.0,23.351927,37.882412
2026-09-07 01:00:00+02:00,19.2085,4.1046314,8.28,0.0,0.0,37320.0,29.620253,36.430836
2026-09-07 02:00:00+02:00,18.5585,4.3349743,7.5599995,0.0,0.0,33760.0,28.076212,39.25586
2026-09-07 03:00:00+02:00,18.4585,3.6,7.2,0.0,0.0,33760.0,26.668936,34.362892
2026-09-07 04:00:00+02:00,18.3085,3.219938,5.04,0.0,0.0,32700.0,27.857166,29.844782
2026-09-07 05:00:00+02:00,17.5585,2.5959969,4.68,0.0,0.0,27740.0,28.344889,30.514961
2026-09-07 06:00:00+02:00,17.2085,2.5959969,3.6,0.0,0.0,24280.0,34.286404,31.040686
2026-09-07 07:00:00+02:00,17.1085,6.28713,8.64,0.0,0.0,24460.0,34.599915,25.516308
2026-09-07 08:00:00+02:00,18.5585,8.714677,16.199999,0.0,0.0,23180.0,34.25308,25.816511
2026-09-07 09:00:00+02:00,20.9585,7.7879906,21.599998,0.0,0.0,31400.0,24.800928,29.441893
2026-09-07 10:00:00+02:00,21.6585,5.0911684,14.759999,0.0,0.0,34480.0,15.5204525,51.13066
2026-09-07 11:00:00+02:00,22.1085,3.8773184,15.119999,0.0,0.0,36000.0,21.991768,55.14365
2026-09-07 12:00:00+02:00,24.4085,2.5455842,7.92,0.0,0.0,39980.0,25.408894,46.323578
2026-09-07 13:00:00+02:00,25.6585,4.6102495,10.08,0.0,0.0,40960.0,41.717983,47.10703
2026-09-07 14:00:00+02:00,26.6585,7.2,14.759999,13.0,0.0,41320.0,53.53412,52.817005
2026-09-07 15:00:00+02:00,27.8585,13.441071,24.48,0.0,0.0,41960.0,51.507782,52.995407
2026-09-07 16:00:00+02:00,27.9085,12.904882,26.64,0.0,0.0,41780.0,37.3782,49.693947
2026-09-07 17:00:00+02:00,27.0585,9.085988,23.039999,0.0,0.0,41480.0,35.162506,48.667767
2026-09-07 18:00:00+02:00,26.8085,7.289445,17.28,0.0,0.0,41240.0,37.3782,43.452705
2026-09-07 19:00:00+02:00,26.1585,6.519877,12.959999,0.0,0.0,40780.0,34.25308,46.75404
2026-09-07 20:00:00+02:00,23.758501,5.6233797,11.5199995,0.0,0.0,39880.0,32.96483,45.31459
2026-09-07 21:00:00+02:00,22.1585,6.297428,10.799999,0.0,0.0,38500.0,30.120792,47.433033
2026-09-07 22:00:00+02:00,21.5585,7.0911775,11.879999,0.0,0.0,38520.0,28.679914,49.670685
2026-09-07 23:00:00+02:00,21.3085,5.95906,12.24,0.0,0.0,38340.0,26.098305,48.513157
2026-09-08 00:00:00+02:00,20.8585,6.489992,11.159999,0.0,0.0,39000.0,22.175133,47.857544
2026-09-08 01:00:00+02:00,20.6585,5.815978,11.5199995,0.0,0.0,39580.0,18.882547,48.810047
2026-09-08 02:00:00+02:00,20.008501,5.3517847,9.72,0.0,0.0,38100.0,18.733494,50.99108
2026-09-08 03:00:00+02:00,19.758501,5.8603754,9.72,0.0,0.0,38680.0,16.934494,50.371555
2026-09-08 04:00:00+02:00,19.4585,5.4477882,10.799999,0.0,0.0,39400.0,14.532351,46.8158
2026-09-08 05:00:00+02:00,19.0585,5.8603754,9.72,0.0,0.0,38520.0,15.5204525,49.798496
2026-09-08 06:00:00+02:00,18.9085,5.0528407,10.08,0.0,0.0,38760.0,17.748766,50.489964
2026-09-08 07:00:00+02:00,18.8085,3.7064266,9.36,0.0,0.0,39220.0,21.006557,52.02327
2026-09-08 08:00:00+02:00,18.9585,5.0528407,7.2,0.0,0.0,38120.0,30.56903,51.520973
2026-09-08 09:00:00+02:00,20.7085,3.8268526,9.36,0.0,0.0,37440.0,34.286407,53.024483
2026-09-08 10:00:00+02:00,22.9585,5.1544156,10.08,0.0,0.0,40120.0,35.96537,58.85761
2026-09-08 11:00:00+02:00,24.4085,6.12,11.879999,0.0,0.0,41140.0,26.808727,59.083
2026-09-08 12:00:00+02:00,26.1085,5.0142193,11.879999,0.0,0.0,41640.0,27.778786,66.62229
2026-09-08 13:00:00+02:00,27.4585,4.8965297,11.159999,0.0,0.0,42280.0,31.260893,73.67667
2026-09-08 14:00:00+02:00,28.508501,6.763786,10.799999,0.0,0.0,42920.0,32.81329,67.53833
2026-09-08 15:00:00+02:00,29.3085,6.4096174,14.4,0.0,0.0,43220.0,39.192524,75.1137
2026-09-08 16:00:00+02:00,29.6585,8.217153,16.919998,0.0,0.0,43140.0,36.809982,76.05918
2026-09-08 17:00:00+02:00,30.2085,6.725354,15.119999,0.0,0.0,44160.0,25.794176,72.184364
2026-09-08 18:00:00+02:00,29.508501,9.339208,17.28,0.0,0.0,43740.0,21.398321,76.08196
2026-09-08 19:00:00+02:00,28.3085,9.585739,20.16,0.0,0.0,43420.0,36.778946,73.86989
2026-09-08 20:00:00+02:00,25.4585,10.195057,16.919998,0.0,0.0,41780.0,43.00237,74.39218
2026-09-08 21:00:00+02:00,24.9085,17.193533,29.88,0.0,0.0,41200.0,36.092175,51.183376
2026-09-08 22:00:00+02:00,24.3085,13.708391,29.519999,0.0,0.0,41760.0,43.484974,74.88769
2026-09-08 23:00:00+02:00,19.4585,5.495161,36.36,0.0,0.1,30700.0,67.01214,77.529076
2026-09-09 00:00:00+02:00,18.7085,5.154415,13.679999,88.0,0.1,30160.0,30.075949,83.3205
2026-09-09 01:00:00+02:00,18.9085,6.439876,18.0,66.0,1.8,32640.0,46.13572,68.86019
2026-09-09 02:00:00+02:00,19.0585,7.69592,16.199999,52.0,0.2,33420.0,39.248116,61.209564
2026-09-09 03:00:00+02:00,18.8085,6.2145634,26.64,56.0,0.0,32260.0,35.930714,62.59433
2026-09-09 04:00:00+02:00,17.9585,8.350138,17.28,83.0,0.0,15340.0,25.523054,66.457275
2026-09-09 05:00:00+02:00,17.0585,9.659814,16.56,74.0,0.4,3360.0,31.426521,65.99773
2026-09-09 06:00:00+02:00,17.258501,3.219938,15.119999,69.0,0.0,22040.0,23.524696,63.362038
2026-09-09 07:00:00+02:00,17.258501,2.9024127,5.04,93.0,0.0,20180.0,22.333761,49.608597
2026-09-09 08:00:00+02:00,16.2085,6.9899354,10.440001,49.0,0.1,24000.0,24.1519,41.844795
2026-09-09 09:00:00+02:00,15.6085005,13.37825,25.56,85.0,0.1,9880.0,38.83056,29.179018
2026-09-09 10:00:00+02:00,14.6085005,13.276144,24.119999,71.0,3.6,3820.0,33.749218,27.289175
2026-09-09 11:00:00+02:00,14.8085,11.928989,24.84,75.0,1.4,19280.0,28.73778,31.806936
2026-09-09 12:00:00+02:00,14.4585,14.471821,28.44,100.0,0.2,19020.0,30.244637,36.15484
2026-09-09 13:00:00+02:00,14.3085,12.768586,26.64,86.0,0.9,27200.0,30.80587,40.464012
2026-09-09 14:00:00+02:00,14.1085005,9.605998,22.319998,92.0,0.0,28240.0,29.651787,42.225147
2026-09-09 15:00:00+02:00,14.2085,6.989936,16.56,86.0,0.3,30800.0,21.437103,37.49397
2026-09-09 16:00:00+02:00,14.6085005,2.5455842,12.599999,90.0,0.0,31420.0,21.591537,37.370464
2026-09-09 17:00:00+02:00,14.408501,5.8048253,9.36,96.0,0.0,31400.0,23.788038,33.522987
2026-09-09 18:00:00+02:00,14.158501,6.849467,12.599999,100.0,0.0,27560.0,22.825785,31.679502
2026-09-09 19:00:00+02:00,14.0085,4.32,11.159999,100.0,0.0,25000.0,22.249924,27.875805
2026-09-09 20:00:00+02:00,13.908501,3.7585104,10.08,100.0,0.0,30500.0,11.319258,17.478779
2026-09-09 21:00:00+02:00,13.5585,3.7064266,8.28,44.0,0.0,30540.0,15.713261,18.26558
2026-09-09 22:00:00+02:00,12.908501,5.6233797,9.36,19.0,0.0,26940.0,12.337506,17.903427
2026-09-09 23:00:00+02:00,12.408501,4.379589,9.36,37.0,0.0,28880.0,17.014015,16.70105
2026-09-10 00:00:00+02:00,11.3585005,4.5536795,7.5599995,18.0,0.0,23580.0,16.811422,13.612786
2026-09-10 01:00:00+02:00,10.6085005,5.00128,9.0,43.0,0.0,23240.0,18.392296,11.241167
2026-09-10 02:00:00+02:00,11.0085,5.3999996,9.0,82.0,0.0,20140.0,20.587181,10.998648
2026-09-10 03:00:00+02:00,11.4585,4.39436,9.36,48.0,0.0,28700.0,21.610764,8.350525
2026-09-10 04:00:00+02:00,11.5085,6.1094027,11.5199995,19.0,0.0,31420.0,23.137522,7.777219
2026-09-10 05:00:00+02:00,11.4585,8.209263,11.5199995,62.0,0.0,31520.0,26.913092,8.442291
2026-09-10 06:00:00+02:00,11.0085,7.7879906,13.32,73.0,0.0,27660.0,27.116795,12.780782
2026-09-10 07:00:00+02:00,10.9585,4.1046314,11.879999,85.0,0.0,20280.0,23.647955,15.266946
2026-09-10 08:00:00+02:00,11.5585,7.386582,10.08,70.0,0.0,20520.0,25.506779,12.367153
2026-09-10 09:00:00+02:00,12.408501,9.826088,17.64,85.0,0.0,27060.0,30.296087,12.795845
2026-09-10 10:00:00+02:00,13.0585,13.684735,24.119999,83.0,0.0,30320.0,29.954878,12.5526705
2026-09-10 11:00:00+02:00,14.3085,16.279802,27.359999,65.0,0.0,35320.0,34.93142,12.795845
2026-09-10 12:00:00+02:00,15.3585005,16.78156,32.039997,47.0,0.0,37520.0,36.17263,11.103232
2026-09-10 13:00:00+02:00,16.6585,15.778516,30.599998,52.0,0.0,39400.0,36.57512,8.350525
2026-09-10 14:00:00+02:00,17.4085,15.0038395,29.16,53.0,0.0,40220.0,27.812405,8.092802
2026-09-10 15:00:00+02:00,17.8585,15.042659,29.88,96.0,0.0,40980.0,30.778894,6.390391
2026-09-10 16:00:00+02:00,17.758501,14.81259,29.16,58.0,0.0,40760.0,27.356956,10.236675
2026-09-10 17:00:00+02:00,17.508501,11.753877,27.359999,90.0,0.0,40520.0,22.898449,13.326771
2026-09-10 18:00:00+02:00,16.9085,10.086427,21.96,100.0,0.0,40500.0,25.141878,10.857635
2026-09-10 19:00:00+02:00,16.508501,8.287822,18.359999,100.0,0.0,40420.0,18.733494,14.543223
2026-09-10 20:00:00+02:00,16.1085,2.2768397,13.679999,100.0,0.0,40360.0,19.231243,11.545494
2026-09-10 21:00:00+02:00,15.6085005,2.3051248,5.04,100.0,0.0,39440.0,15.553866,10.857635
2026-09-10 22:00:00+02:00,15.2085,2.9024127,4.68,100.0,0.0,38160.0,14.674548,9.813965
2026-09-10 23:00:00+02:00,14.5585,1.484318,5.04,40.0,0.0,38900.0,14.155951,8.1638975
2026-09-11 00:00:00+02:00,12.8085,4.5820518,7.2,26.0,0.0,35240.0,15.916784,3.3425157
2026-09-11 01:00:00+02:00,11.658501,5.3999996,9.72,44.0,0.0,31220.0,11.848101,6.939521
2026-09-11 02:00:00+02:00,10.408501,5.8603754,10.440001,5.0,0.0,23980.0,9.227144,9.310345
2026-09-11 03:00:00+02:00,10.0585,5.3517847,9.72,63.0,0.0,23500.0,7.0743074,11.241167
2026-09-11 04:00:00+02:00,10.1085005,4.6938257,9.0,45.0,0.0,22280.0,6.1138062,11.595439
2026-09-11 05:00:00+02:00,9.8085,5.4833565,9.36,0.0,0.0,18440.0,4.2990294,15.702343
2026-09-11 06:00:00+02:00,9.408501,4.802999,8.64,0.0,0.0,17660.0,4.323114,16.185604
2026-09-11 07:00:00+02:00,9.5085,6.12,9.0,0.0,0.0,19340.0,3.4704785,17.478779
2026-09-11 08:00:00+02:00,10.158501,2.9024127,9.72,0.0,0.0,18680.0,1.9333551,22.353445
2026-09-11 09:00:00+02:00,12.3085,3.563818,6.4799995,0.0,0.0,25260.0,2.3236039,19.862066
2026-09-11 10:00:00+02:00,13.7085,6.792466,10.799999,0.0,0.0,27640.0,5.195736,13.6692705
2026-09-11 11:00:00+02:00,15.5585,3.8939953,12.959999,0.0,0.0,35020.0,8.765491,9.454063
2026-09-11 12:00:00+02:00,17.1585,3.5455887,9.36,22.0,0.0,38780.0,7.958391,12.320337
2026-09-11 13:00:00+02:00,18.3585,6.9899354,10.440001,0.0,0.0,41440.0,3.0569031,14.922391
2026-09-11 14:00:00+02:00,19.3085,3.9763298,9.0,0.0,0.0,43160.0,2.0379353,16.292364
2026-09-11 15:00:00+02:00,19.9085,3.2599385,6.4799995,0.0,0.0,43920.0,1.8788835,16.884583
2026-09-11 16:00:00+02:00,20.2085,4.73506,5.7599998,0.0,0.0,43560.0,1.9333551,18.999592
2026-09-11 17:00:00+02:00,20.258501,3.9763298,11.159999,0.0,0.0,44060.0,2.278481,18.877537
2026-09-11 18:00:00+02:00,19.8585,2.52,8.64,0.0,0.0,44520.0,6.524576,15.89741
2026-09-11 19:00:00+02:00,19.1085,3.6179552,6.12,0.0,0.0,43260.0,6.728273,16.185604
2026-09-11 20:00:00+02:00,16.6085,5.0142193,7.5599995,0.0,0.0,41020.0,7.971428,16.398428
2026-09-11 21:00:00+02:00,14.6085005,6.489992,10.799999,0.0,0.0,40360.0,4.9291077,14.999642
2026-09-11 22:00:00+02:00,13.7085,6.87779,11.5199995,0.0,0.0,39440.0,6.7744107,11.939203
2026-09-11 23:00:00+02:00,13.5085,6.489992,11.159999,0.0,0.0,38140.0,8.151741,12.780782
2026-09-12 00:00:00+02:00,12.658501,5.5887027,10.799999,30.0,0.0,37240.0,9.666777,11.189642
2026-09-12 01:00:00+02:00,12.5085,4.5536795,9.36,11.0,0.0,37780.0,8.976174,10.678748
2026-09-12 02:00:00+02:00,12.2085,4.379589,6.4799995,0.0,0.0,34680.0,9.7416725,11.41124
2026-09-12 03:00:00+02:00,11.9585,4.379589,6.8399997,3.0,0.0,34140.0,7.418196,11.9230585
2026-09-12 04:00:00+02:00,11.408501,5.4477882,8.64,0.0,0.0,30640.0,5.7641516,13.612786
2026-09-12 05:00:00+02:00,10.3085,5.771239,9.0,0.0,0.0,23140.0,2.3236039,16.245003
2026-09-12 06:00:00+02:00,9.9585,5.4477882,9.72,0.0,0.0,23940.0,3.2222586,14.153901
2026-09-12 07:00:00+02:00,9.908501,5.315336,9.36,0.0,0.0,25940.0,6.1307654,14.072007
2026-09-12 08:00:00+02:00,10.908501,4.1046314,8.28,0.0,0.0,23220.0,9.482423,14.289349
2026-09-12 09:00:00+02:00,13.5085,0.5091169,6.4799995,0.0,0.0,27540.0,9.079681,16.70105
2026-09-12 10:00:00+02:00,15.408501,5.6233797,10.799999,0.0,0.0,29780.0,10.802979,18.631031
2026-09-12 11:00:00+02:00,17.3085,6.9153743,12.959999,15.0,0.0,35880.0,9.994197,17.654228
2026-09-12 12:00:00+02:00,18.6585,6.489992,13.32,6.0,0.0,39040.0,7.7468357,16.149862
2026-09-12 13:00:00+02:00,19.8585,5.937272,14.759999,18.0,0.0,39780.0,9.215885,11.793103
2026-09-12 14:00:00+02:00,21.1085,6.2145634,14.04,0.0,0.0,42060.0,7.840093,8.068965
2026-09-12 15:00:00+02:00,21.5585,5.8603754,9.72,4.0,0.0,41920.0,8.11344,8.777877
2026-09-12 16:00:00+02:00,21.758501,5.506941,11.879999,28.0,0.0,41800.0,4.844117,10.606349
2026-09-12 17:00:00+02:00,21.9585,5.8048253,13.679999,32.0,0.0,42300.0,5.562481,13.556066
2026-09-12 18:00:00+02:00,21.6085,4.3349743,11.159999,0.0,0.0,43200.0,6.835443,17.87112
2026-09-12 19:00:00+02:00,20.4085,5.495161,9.72,0.0,0.0,41420.0,12.710575,19.62793
2026-09-12 20:00:00+02:00,17.508501,4.6938252,9.72,0.0,0.0,39420.0,10.087265,23.090988
2026-09-12 21:00:00+02:00,15.5585,6.489992,10.440001,0.0,0.0,39280.0,5.9240503,26.804882
2026-09-12 22:00:00+02:00,15.158501,6.4799995,10.799999,0.0,0.0,39940.0,3.0569031,28.578697
2026-09-12 23:00:00+02:00,15.0585,6.849467,11.159999,0.0,0.0,38420.0,3.5591009,27.89653
2026-09-13 00:00:00+02:00,14.5585,6.130579,11.159999,0.0,0.0,37400.0,5.941551,26.740126
2026-09-13 01:00:00+02:00,14.6085005,5.4119864,10.440001,0.0,0.0,37560.0,8.074956,17.522804
2026-09-13 02:00:00+02:00,14.2085,5.4119864,9.0,0.0,0.0,35820.0,8.402622,21.185438
2026-09-13 03:00:00+02:00,14.3085,5.2416787,9.0,0.0,0.0,35960.0,11.618018,20.66999
2026-09-13 04:00:00+02:00,13.7585,5.4119864,9.36,0.0,0.0,35560.0,13.309138,22.839355
2026-09-13 05:00:00+02:00,13.408501,4.68,8.64,0.0,0.0,37240.0,13.246578,21.357496
2026-09-13 06:00:00+02:00,13.0585,5.506941,8.64,0.0,0.0,35740.0,7.3619976,21.71527
2026-09-13 07:00:00+02:00,12.6085005,5.4119864,9.0,0.0,0.0,35280.0,5.487309,18.25503
2026-09-13 08:00:00+02:00,13.3585005,4.1046314,9.0,0.0,0.0,34340.0,7.78694,20.66067
2026-09-13 09:00:00+02:00,15.7085,2.5959969,7.5599995,0.0,0.0,37240.0,7.5842957,21.71527
2026-09-13 10:00:00+02:00,17.3085,2.5959969,6.4799995,0.0,0.0,37580.0,8.765491,20.49216
2026-09-13 11:00:00+02:00,19.1585,3.8773184,9.0,0.0,0.0,39820.0,9.227144,23.090988
2026-09-13 12:00:00+02:00,20.4585,5.3517847,11.879999,0.0,0.0,40540.0,10.189676,23.240662
2026-09-13 13:00:00+02:00,21.508501,6.763786,14.04,13.0,0.0,40500.0,10.520563,22.22381
2026-09-13 14:00:00+02:00,22.6585,7.172949,14.759999,8.0,0.0,41520.0,9.17071,24.827585
2026-09-13 15:00:00+02:00,23.4585,7.9932976,16.919998,0.0,0.0,42260.0,10.974618,21.085184
2026-09-13 16:00:00+02:00,23.3585,8.089993,16.919998,0.0,0.0,42680.0,10.569795,25.20489
2026-09-13 17:00:00+02:00,23.4585,7.4128532,16.919998,0.0,0.0,43240.0,15.713261,24.206896
2026-09-13 18:00:00+02:00,23.0585,7.42159,14.04,0.0,0.0,42520.0,18.465538,28.430025
2026-09-13 19:00:00+02:00,22.0585,3.8268526,13.679999,16.0,0.0,41480.0,19.231243,35.00712
2026-09-13 20:00:00+02:00,19.8085,14.693999,20.16,39.0,0.1,40880.0,22.254591,44.44762
2026-09-13 21:00:00+02:00,18.1585,4.73506,21.24,46.0,0.4,27840.0,22.898449,48.556816
2026-09-13 22:00:00+02:00,17.2085,2.9024127,10.799999,64.0,0.3,37000.0,26.418589,44.9818
2026-09-13 23:00:00+02:00,16.0585,2.2768397,8.28,77.0,0.0,28860.0,32.838593,41.590836
2026-09-14 00:00:00+02:00,15.908501,4.379589,5.3999996,59.0,0.0,26800.0,29.623758,43.55897
2026-09-14 01:00:00+02:00,15.7085,4.198285,7.5599995,79.0,0.0,24140.0,27.530989,40.616062
2026-09-14 02:00:00+02:00,15.6085005,4.8965297,9.0,87.0,0.1,19920.0,23.857775,43.92448
2026-09-14 03:00:00+02:00,15.6085005,5.3999996,11.159999,74.0,0.0,17720.0,19.014057,43.011597
2026-09-14 04:00:00+02:00,15.6085005,5.3517847,10.08,72.0,0.0,16160.0,14.787324,38.886093
2026-09-14 05:00:00+02:00,15.5085,4.39436,9.0,95.0,0.5,15140.0,11.821781,39.083736
2026-09-14 06:00:00+02:00,15.6085005,3.7585104,7.5599995,72.0,0.0,14500.0,9.394418,36.96101
2026-09-14 07:00:00+02:00,15.5085,3.671294,5.04,61.0,0.0,12860.0,10.677303,38.9801
2026-09-14 08:00:00+02:00,15.8585005,0.35999998,5.7599998,71.0,0.0,11620.0,2.577807,37.432266
2026-09-14 09:00:00+02:00,16.3585,3.396233,6.8399997,87.0,0.0,8880.0,5.468354,34.636482
2026-09-14 10:00:00+02:00,17.4085,3.7064266,7.5599995,78.0,0.0,22640.0,6.3960004,29.980017
2026-09-14 11:00:00+02:00,18.6585,4.8965297,9.36,67.0,0.0,32200.0,3.89347,23.878407
2026-09-14 12:00:00+02:00,19.6585,3.6,10.440001,53.0,0.0,36300.0,2.278481,20.49216
2026-09-14 13:00:00+02:00,20.7085,3.7064266,7.5599995,79.0,0.0,38600.0,3.2222586,15.861018
2026-09-14 14:00:00+02:00,21.9085,2.9024127,6.12,49.0,0.0,39980.0,1.8227848,11.661699
2026-09-14 15:00:00+02:00,22.6585,2.5455842,6.4799995,49.0,0.0,40380.0,3.9200466,8.442291
2026-09-14 16:00:00+02:00,23.0585,4.198285,9.36,35.0,0.0,40680.0,4.201311,6.390391
2026-09-14 17:00:00+02:00,23.6085,2.3051248,11.159999,7.0,0.0,41100.0,4.6916795,8.951714
2026-09-14 18:00:00+02:00,23.2085,2.52,5.7599998,6.0,0.0,40900.0,1.643036,8.092802
2026-09-14 19:00:00+02:00,22.2085,5.1165614,9.0,0.0,0.0,40220.0,2.0379353,9.331011
2026-09-14 20:00:00+02:00,19.7085,6.2145634,10.08,0.0,0.0,37860.0,1.643036,9.950412
2026-09-14 21:00:00+02:00,17.6085,6.830519,12.24,0.0,0.0,32220.0,1.8788835,10.678748
2026-09-14 22:00:00+02:00,15.9585,6.6185193,11.879999,0.0,0.0,24440.0,3.2222586,11.444951
2026-09-14 23:00:00+02:00,15.9585,6.6185193,7.92,0.0,0.0,27200.0,5.543783,15.102031
2026-09-15 00:00:00+02:00,15.1085005,6.151683,9.36,0.0,0.0,21360.0,4.556962,10.569963
2026-09-15 01:00:00+02:00,15.0585,5.00128,8.28,0.0,0.0,25640.0,3.757767,9.715329
2026-09-15 02:00:00+02:00,15.0085,4.510787,7.92,0.0,0.0,24460.0,1.8788835,9.695481
2026-09-15 03:00:00+02:00,14.5585,4.379589,7.5599995,0.0,0.0,22800.0,2.6571426,16.245003
2026-09-15 04:00:00+02:00,14.6085005,4.6938252,7.5599995,0.0,0.0,23520.0,7.1182017,22.788692
2026-09-15 05:00:00+02:00,14.2585,4.5536795,7.92,0.0,0.0,22780.0,3.89347,21.679756
2026-09-15 06:00:00+02:00,13.9585,3.8773184,7.2,0.0,0.0,24240.0,4.907998,21.865547
2026-09-15 07:00:00+02:00,14.158501,3.5455887,6.12,0.0,0.0,26080.0,4.6916795,17.043554
2026-09-15 08:00:00+02:00,14.0585,3.7585104,5.7599998,0.0,0.0,22420.0,4.556962,14.753624
2026-09-15 09:00:00+02:00,16.0085,1.0182338,5.7599998,0.0,0.0,25500.0,7.0889688,13.948265
2026-09-15 10:00:00+02:00,17.9585,1.609969,4.68,0.0,0.0,30740.0,10.391472,11.9230585
2026-09-15 11:00:00+02:00,20.2085,2.7416782,7.2,0.0,0.0,38840.0,9.227144,14.490146
2026-09-15 12:00:00+02:00,21.9585,3.8939953,9.72,0.0,0.0,40820.0,12.396276,14.072007
2026-09-15 13:00:00+02:00,23.3585,4.6102495,10.799999,0.0,0.0,40460.0,16.303482,11.987508
2026-09-15 14:00:00+02:00,24.5585,5.0911684,12.959999,0.0,0.0,41220.0,18.555286,13.711481
2026-09-15 15:00:00+02:00,25.1585,5.6233797,13.32,0.0,0.0,41580.0,26.512749,16.327795
2026-09-15 16:00:00+02:00,25.6585,7.4128532,15.119999,0.0,0.0,42220.0,29.954878,20.103062
2026-09-15 17:00:00+02:00,25.9085,7.42159,16.56,0.0,0.0,42580.0,23.85342,23.3729
2026-09-15 18:00:00+02:00,25.4085,6.792466,15.119999,0.0,0.0,41980.0,24.425488,26.740126
2026-09-15 19:00:00+02:00,24.3585,6.489992,13.32,0.0,0.0,41180.0,29.511385,25.357279
2026-09-15 20:00:00+02:00,21.1585,6.1305785,11.5199995,0.0,0.0,38820.0,28.418058,37.033905
2026-09-15 21:00:00+02:00,20.1085,6.6087217,11.159999,0.0,0.0,38520.0,30.296087,37.033905
2026-09-15 22:00:00+02:00,19.758501,6.6087217,11.879999,0.0,0.0,38240.0,30.296087,36.762436
2026-09-15 23:00:00+02:00,19.258501,6.439876,12.24,0.0,0.0,36100.0,25.42115,41.10165
2026-09-16 00:00:00+02:00,19.2085,6.9153743,11.879999,0.0,0.0,37820.0,25.88258,46.930866
2026-09-16 01:00:00+02:00,18.8585,7.386582,13.32,0.0,0.0,36780.0,33.340645,51.11182
2026-09-16 02:00:00+02:00,19.008501,6.8777895,12.959999,42.0,0.0,37140.0,35.593925,48.350086
2026-09-16 03:00:00+02:00,18.8585,6.1094027,11.879999,0.0,0.0,37600.0,38.24863,51.08166
2026-09-16 04:00:00+02:00,18.6585,6.989936,12.599999,0.0,0.0,38060.0,30.120792,47.270313
2026-09-16 05:00:00+02:00,18.9585,5.904439,11.879999,0.0,0.0,38680.0,32.290184,43.359512
2026-09-16 06:00:00+02:00,18.508501,6.638072,11.5199995,0.0,0.0,38140.0,28.723322,39.743526
2026-09-16 07:00:00+02:00,18.758501,6.1305785,12.24,0.0,0.0,38260.0,30.869844,40.843075
2026-09-16 08:00:00+02:00,19.3585,3.8939953,10.08,0.0,0.0,38180.0,29.518423,40.344826
2026-09-16 09:00:00+02:00,20.3085,1.835647,6.8399997,0.0,0.0,37820.0,29.511385,38.472748
2026-09-16 10:00:00+02:00,21.6085,8.4042845,15.84,0.0,0.0,39380.0,36.92264,33.18223
2026-09-16 11:00:00+02:00,21.4585,9.746631,30.960001,0.0,0.0,39140.0,37.921482,36.58385
2026-09-16 12:00:00+02:00,22.758501,14.154915,28.08,52.0,0.0,39960.0,33.2627,37.499107
2026-09-16 13:00:00+02:00,21.8085,18.899143,38.519997,56.0,0.0,39140.0,26.982447,42.193203
2026-09-16 14:00:00+02:00,19.8085,16.279802,39.96,79.0,0.0,38140.0,25.31063,38.427654
2026-09-16 15:00:00+02:00,16.9585,17.727943,35.64,58.0,0.8,6360.0,29.068275,27.737257
2026-09-16 16:00:00+02:00,15.908501,9.422101,30.599998,96.0,2.6,17500.0,34.87788,43.85865
2026-09-16 17:00:00+02:00,15.4585,9.255571,23.759998,94.0,0.3,18820.0,37.987133,56.65982
2026-09-16 18:00:00+02:00,15.0585,6.28713,17.64,100.0,0.3,30980.0,34.686832,55.799965
2026-09-16 19:00:00+02:00,14.7585,5.937272,15.119999,100.0,0.2,33180.0,35.21562,53.584606
2026-09-16 20:00:00+02:00,14.1085005,8.669949,14.04,100.0,0.2,22080.0,21.949236,54.28817
2026-09-16 21:00:00+02:00,13.8585005,7.5599995,18.0,60.0,0.3,27500.0,16.461926,45.02033
2026-09-16 22:00:00+02:00,13.5585,6.12,15.4800005,59.0,0.4,29020.0,13.594724,55.67209
2026-09-16 23:00:00+02:00,12.7085,8.707237,13.32,29.0,0.2,19520.0,13.285712,49.503643
2026-09-17 00:00:00+02:00,12.8085,7.24486,18.72,51.0,0.0,24820.0,13.285712,45.52664
2026-09-17 01:00:00+02:00,13.0085,5.3999996,13.32,85.0,0.1,26100.0,10.667574,53.584606
2026-09-17 02:00:00+02:00,12.8585005,6.151683,10.08,62.0,0.0,21320.0,9.666777,35.919647
2026-09-17 03:00:00+02:00,12.8085,4.6938257,12.24,50.0,0.0,21680.0,8.402622,45.577385
2026-09-17 04:00:00+02:00,12.158501,4.6102495,10.08,40.0,0.0,19560.0,10.391472,45.64496
2026-09-17 05:00:00+02:00,12.1085005,2.9024127,7.2,93.0,0.0,15200.0,11.537306,40.843075
2026-09-17 06:00:00+02:00,12.2085,2.9024127,7.2,44.0,0.0,13000.0,8.658227,34.228092
2026-09-17 07:00:00+02:00,11.5585,3.6,6.4799995,31.0,0.0,12520.0,7.3619976,25.51631
2026-09-17 08:00:00+02:00,12.2085,2.1897945,6.4799995,46.0,0.0,12380.0,5.543783,23.878408
2026-09-17 09:00:00+02:00,13.7585,2.968636,6.12,24.0,0.0,18660.0,5.195736,26.948225
2026-09-17 10:00:00+02:00,14.8085,3.671294,8.28,38.0,0.0,28800.0,5.941551,23.17426
2026-09-17 11:00:00+02:00,15.8085,5.154415,11.5199995,54.0,0.0,35160.0,8.976174,18.170418
2026-09-17 12:00:00+02:00,16.6085,6.379216,13.679999,52.0,0.0,38200.0,8.513107,19.900824
2026-09-17 13:00:00+02:00,17.4585,5.8048253,13.679999,38.0,0.0,40080.0,7.34788,22.889902
2026-09-17 14:00:00+02:00,18.758501,5.991594,12.959999,2.0,0.0,42100.0,6.7744107,25.319267
2026-09-17 15:00:00+02:00,19.1085,5.0911684,13.679999,15.0,0.0,42060.0,7.4739733,30.640951
2026-09-17 16:00:00+02:00,19.258501,6.9899354,14.759999,0.0,0.0,42800.0,7.34788,28.612377
2026-09-17 17:00:00+02:00,19.1585,4.1046314,14.759999,0.0,0.0,42660.0,6.835443,28.368979
2026-09-17 18:00:00+02:00,18.758501,4.0249224,8.64,0.0,0.0,42100.0,6.0797453,29.82541
2026-09-17 19:00:00+02:00,17.8085,3.7064266,9.36,2.0,0.0,41800.0,7.958392,30.03137
2026-09-17 20:00:00+02:00,16.4585,2.6208394,5.7599998,0.0,0.0,41300.0,8.21518,31.022066
2026-09-17 21:00:00+02:00,14.4585,5.4119864,9.0,0.0,0.0,39500.0,9.612922,32.82621
2026-09-17 22:00:00+02:00,14.0085,4.3349743,9.0,0.0,0.0,38980.0,11.680409,32.667385
2026-09-17 23:00:00+02:00,13.4585,4.1046314,7.5599995,0.0,0.0,37320.0,13.739071,32.40095
2026-09-18 00:00:00+02:00,13.2085,4.3498964,7.92,0.0,0.0,36840.0,13.708807,35.38475
2026-09-18 01:00:00+02:00,12.908501,5.0528407,7.92,0.0,0.0,36780.0,16.430359,35.04561
2026-09-18 02:00:00+02:00,13.0585,3.319036,9.0,0.0,0.0,38400.0,16.461926,32.042255
2026-09-18 03:00:00+02:00,13.7085,3.319036,6.12,41.0,0.0,39120.0,17.370333,35.66131
2026-09-18 04:00:00+02:00,13.6085005,3.7064266,6.4799995,54.0,0.0,37980.0,19.225843,39.709587
2026-09-18 05:00:00+02:00,12.8585005,4.1046314,7.2,0.0,0.0,34960.0,18.233543,37.499107
2026-09-18 06:00:00+02:00,12.908501,4.829907,7.5599995,4.0,0.0,32300.0,17.412127,42.211456
2026-09-18 07:00:00+02:00,12.908501,2.9024127,7.5599995,24.0,0.0,31400.0,17.370333,42.48438
2026-09-18 08:00:00+02:00,13.5085,3.7064266,7.2,56.0,0.0,30900.0,12.767627,41.096966
2026-09-18 09:00:00+02:00,14.4585,2.7416782,5.3999996,37.0,0.0,30840.0,14.69576,41.21865
2026-09-18 10:00:00+02:00,15.6085005,4.452954,9.72,11.0,0.0,33060.0,17.441916,35.74224
2026-09-18 11:00:00+02:00,16.6585,3.8268526,10.799999,0.0,0.0,38760.0,16.934494,33.769165
2026-09-18 12:00:00+02:00,17.6085,5.6920996,12.599999,5.0,0.0,40100.0,18.027378,31.994127
2026-09-18 13:00:00+02:00,18.6085,6.9527545,16.199999,6.0,0.0,40780.0,21.806862,31.465965
2026-09-18 14:00:00+02:00,19.3085,8.854829,18.72,45.0,0.0,41580.0,11.392405,31.213963
2026-09-18 15:00:00+02:00,19.758501,10.829959,20.880001,38.0,0.0,41860.0,14.69576,33.597603
2026-09-18 16:00:00+02:00,20.2085,9.178235,20.16,0.0,0.0,42100.0,18.233543,38.065025
2026-09-18 17:00:00+02:00,20.4085,6.1094027,17.28,24.0,0.0,43060.0,13.941624,42.502514
2026-09-18 18:00:00+02:00,19.5585,8.942214,21.24,0.0,0.0,42280.0,11.618018,42.225143
2026-09-18 19:00:00+02:00,18.2085,8.161764,18.72,0.0,0.0,41440.0,11.618018,43.700253
2026-09-18 20:00:00+02:00,16.5585,4.8965297,14.4,3.0,0.0,40300.0,8.84802,38.60769
2026-09-18 21:00:00+02:00,15.9585,2.5455842,7.5599995,39.0,0.0,39440.0,10.004581,31.752386
2026-09-18 22:00:00+02:00,15.658501,1.1384199,3.6,30.0,0.0,39600.0,8.706063,24.238705
2026-09-18 23:00:00+02:00,15.7585,1.9386592,2.8799999,38.0,0.0,38700.0,9.227144,22.379284
2026-09-19 00:00:00+02:00,14.3585005,3.9763298,5.7599998,36.0,0.0,34580.0,9.994198,17.522804
2026-09-19 01:00:00+02:00,13.3585005,4.3498964,7.2,9.0,0.0,32940.0,8.062088,16.11404
2026-09-19 02:00:00+02:00,12.7585,4.3498964,6.8399997,35.0,0.0,30460.0,8.062088,15.529648
2026-09-19 03:00:00+02:00,12.5585,4.1046314,6.8399997,44.0,0.0,31380.0,6.940957,17.043554
2026-09-19 04:00:00+02:00,12.2085,4.1046314,6.8399997,19.0,0.0,30340.0,6.940957,21.185438
2026-09-19 05:00:00+02:00,11.7085,3.9763298,6.4799995,0.0,0.0,28440.0,7.515534,19.871763
2026-09-19 06:00:00+02:00,11.5085,3.6179552,6.12,0.0,0.0,25400.0,8.646228,21.330421
2026-09-19 07:00:00+02:00,11.3085,3.7585104,5.7599998,0.0,0.0,23520.0,8.84802,21.429527
2026-09-19 08:00:00+02:00,11.4585,3.9763298,5.04,7.0,0.0,20340.0,9.125309,22.889902
2026-09-19 09:00:00+02:00,13.7085,5.315336,9.36,0.0,0.0,25020.0,10.391472,24.989985
2026-09-19 10:00:00+02:00,15.408501,2.9024127,10.799999,0.0,0.0,31640.0,11.392405,19.949162
2026-09-19 11:00:00+02:00,17.1085,3.9763298,7.92,0.0,0.0,38260.0,11.926711,19.871763
2026-09-19 12:00:00+02:00,18.508501,3.9763298,10.08,0.0,0.0,40200.0,11.821781,19.400894
2026-09-19 13:00:00+02:00,19.508501,5.0528407,11.879999,0.0,0.0,40260.0,11.273301,19.271389
2026-09-19 14:00:00+02:00,20.758501,4.379589,12.24,0.0,0.0,41280.0,10.240498,18.98945
2026-09-19 15:00:00+02:00,21.2085,4.802999,11.879999,2.0,0.0,41300.0,13.049152,18.877537
2026-09-19 16:00:00+02:00,21.258501,3.319036,10.799999,2.0,0.0,41400.0,13.223043,19.871763
2026-09-19 17:00:00+02:00,21.6085,2.7416782,7.92,0.0,0.0,42080.0,12.889034,19.271389
2026-09-19 18:00:00+02:00,21.258501,5.4833565,10.440001,0.0,0.0,42740.0,13.941624,18.672342
2026-09-19 19:00:00+02:00,20.2085,2.6208394,10.440001,0.0,0.0,41900.0,12.961332,18.339252
2026-09-19 20:00:00+02:00,18.4085,4.3349743,4.68,0.0,0.0,40560.0,12.512989,18.423088
2026-09-19 21:00:00+02:00,15.8585005,6.162207,10.440001,0.0,0.0,37960.0,8.765491,16.70105
2026-09-19 22:00:00+02:00,15.408501,5.3999996,10.08,0.0,0.0,38680.0,11.528303,12.795844
2026-09-19 23:00:00+02:00,14.8085,6.162207,10.08,0.0,0.0,36560.0,12.312233,13.781546
2026-09-20 00:00:00+02:00,14.7085,5.3999996,10.08,0.0,0.0,35600.0,11.848101,16.71258
2026-09-20 01:00:00+02:00,14.6085005,5.506941,9.72,0.0,0.0,35440.0,10.667574,18.042753
2026-09-20 02:00:00+02:00,13.9585,5.04,9.72,0.0,0.0,33340.0,9.815996,17.122486
2026-09-20 03:00:00+02:00,13.8085,5.0528407,8.64,0.0,0.0,32060.0,11.419714,15.800178
2026-09-20 04:00:00+02:00,13.6085005,5.04,8.28,0.0,0.0,30860.0,13.655687,17.577684
2026-09-20 05:00:00+02:00,13.4585,4.32,7.92,0.0,0.0,29800.0,12.537857,15.89741
2026-09-20 06:00:00+02:00,13.4585,3.2599385,7.2,0.0,0.0,31320.0,13.495072,16.102081
2026-09-20 07:00:00+02:00,13.1085005,4.802999,7.5599995,0.0,0.0,29660.0,15.148044,21.103449
2026-09-20 08:00:00+02:00,12.8085,4.0249224,8.28,0.0,0.0,26320.0,19.030432,22.249796
2026-09-20 09:00:00+02:00,15.1085005,4.39436,7.5599995,0.0,0.0,29720.0,22.482038,21.935911
2026-09-20 10:00:00+02:00,17.258501,5.0911684,10.08,0.0,0.0,32860.0,22.661438,23.878407
2026-09-20 11:00:00+02:00,19.3585,6.151683,12.599999,0.0,0.0,39860.0,23.101595,24.452335
2026-09-20 12:00:00+02:00,20.4085,7.172949,15.119999,0.0,0.0,39760.0,27.299967,27.289175
2026-09-20 13:00:00+02:00,21.8585,8.587338,17.64,0.0,0.0,40980.0,29.281805,31.312546
2026-09-20 14:00:00+02:00,23.1085,9.6932955,21.24,0.0,0.0,42280.0,28.29723,36.03209
2026-09-20 15:00:00+02:00,23.508501,10.948973,21.24,0.0,0.0,43160.0,35.512157,41.143806
2026-09-20 16:00:00+02:00,23.8085,11.792404,21.96,0.0,0.0,44860.0,27.931612,45.208195
2026-09-20 17:00:00+02:00,23.008501,9.36,23.4,0.0,0.0,41880.0,26.233223,44.50392
2026-09-20 18:00:00+02:00,22.5585,10.636766,20.880001,0.0,0.0,43460.0,23.043093,47.599243
2026-09-20 19:00:00+02:00,21.2085,6.489992,19.08,0.0,0.0,42960.0,31.297405,49.91055
2026-09-20 20:00:00+02:00,19.3085,7.2,12.959999,0.0,0.0,41880.0,35.088608,50.653748
2026-09-20 21:00:00+02:00,17.6585,4.8965297,11.159999,0.0,0.0,41220.0,33.315723,50.37155
2026-09-20 22:00:00+02:00,17.0585,1.835647,6.8399997,0.0,0.0,41140.0,22.857605,46.131897
2026-09-20 23:00:00+02:00,17.7085,3.219938,2.52,0.0,0.0,41380.0,27.898134,40.249218
2026-09-21 00:00:00+02:00,16.1085,4.452954,7.2,66.0,0.0,39900.0,20.632523,31.404686
2026-09-21 01:00:00+02:00,16.0085,4.68,7.92,59.0,0.0,39040.0,12.897088,28.933727
2026-09-21 02:00:00+02:00,15.408501,4.3349743,7.92,59.0,0.0,39080.0,5.941551,27.43701
2026-09-21 03:00:00+02:00,15.5085,4.0249224,7.2,46.0,0.0,39220.0,9.858215,32.06629
2026-09-21 04:00:00+02:00,15.4585,6.696387,11.5199995,48.0,0.0,39280.0,11.961482,38.712326
2026-09-21 05:00:00+02:00,14.9585,6.379216,14.4,70.0,0.0,34360.0,12.84061,45.037434
2026-09-21 06:00:00+02:00,14.7585,6.1305785,11.5199995,74.0,0.0,31500.0,9.815996,43.7311
2026-09-21 07:00:00+02:00,14.3585005,3.0547013,9.0,68.0,0.0,33860.0,15.148044,43.221573
2026-09-21 08:00:00+02:00,14.658501,5.1919937,8.28,79.0,0.0,23920.0,8.84802,45.884876
2026-09-21 09:00:00+02:00,14.9585,11.298495,20.16,86.0,0.0,25880.0,11.537306,44.74565
2026-09-21 10:00:00+02:00,15.2085,11.841756,25.199999,57.0,0.0,31740.0,6.895935,43.77072
2026-09-21 11:00:00+02:00,16.8585,5.904439,20.519999,56.0,0.0,35400.0,8.84802,39.319595
2026-09-21 12:00:00+02:00,17.9085,6.130579,14.4,81.0,0.0,37720.0,4.907998,38.846447
2026-09-21 13:00:00+02:00,18.1085,9.793058,17.28,55.0,0.0,38040.0,3.6455696,36.14951
2026-09-21 14:00:00+02:00,19.008501,12.245293,19.08,37.0,0.0,39020.0,1.9333551,30.816475
2026-09-21 15:00:00+02:00,19.1085,9.885262,20.16,43.0,0.0,39480.0,4.1265044,29.857687
2026-09-21 16:00:00+02:00,19.2085,10.691453,18.0,30.0,0.0,39960.0,5.094838,29.251541
2026-09-21 17:00:00+02:00,18.6585,10.195057,17.64,0.0,0.0,40300.0,6.850616,28.853722
2026-09-21 18:00:00+02:00,18.0585,9.793059,19.44,0.0,0.0,40680.0,7.78694,32.519634
2026-09-21 19:00:00+02:00,16.9085,9.290511,17.64,0.0,0.0,40340.0,10.411436,33.97957
2026-09-21 20:00:00+02:00,15.0585,8.089993,16.199999,0.0,0.0,37300.0,11.474137,30.312284
2026-09-21 21:00:00+02:00,14.2585,7.5942082,13.679999,0.0,0.0,38580.0,13.708808,34.34046
2026-09-21 22:00:00+02:00,13.8085,10.315115,17.64,0.0,0.0,39620.0,12.039351,38.110546
2026-09-21 23:00:00+02:00,13.408501,14.33234,24.119999,0.0,0.0,39020.0,6.9559,37.989048
2026-09-22 00:00:00+02:00,12.7085,16.1198,28.44,0.0,0.0,37740.0,4.6472077,37.989048
2026-09-22 01:00:00+02:00,12.3585005,15.617529,29.519999,0.0,0.0,37700.0,4.57969,38.482754
2026-09-22 02:00:00+02:00,11.658501,11.435313,26.64,0.0,0.0,37640.0,5.094838,34.75862
2026-09-22 03:00:00+02:00,11.2085,9.504272,18.359999,0.0,0.0,37120.0,3.9200466,35.515167
2026-09-22 04:00:00+02:00,10.8585005,10.315115,18.359999,0.0,0.0,36880.0,4.488087,34.228092
2026-09-22 05:00:00+02:00,10.2585,8.707237,17.64,0.0,0.0,36880.0,5.195736,35.37931
2026-09-22 06:00:00+02:00,9.8585005,5.3999996,14.04,0.0,0.0,37660.0,7.1182017,37.324043
2026-09-22 07:00:00+02:00,8.5585,5.692099,9.36,0.0,0.0,34420.0,8.11344,38.52778
2026-09-22 08:00:00+02:00,9.658501,5.991594,10.08,0.0,0.0,37840.0,9.994198,47.20915
2026-09-22 09:00:00+02:00,11.5585,5.8603754,10.08,0.0,0.0,39060.0,8.753638,50.041595
2026-09-22 10:00:00+02:00,13.408501,11.119281,20.16,0.0,0.0,39980.0,8.402622,48.576645
2026-09-22 11:00:00+02:00,14.8585005,12.904882,23.4,0.0,0.0,40420.0,8.476439,45.46313
2026-09-22 12:00:00+02:00,16.2085,14.618837,24.84,0.0,0.0,41240.0,8.753638,42.615665
2026-09-22 13:00:00+02:00,17.3585,13.276144,24.84,0.0,0.0,42040.0,7.418196,38.712326
2026-09-22 14:00:00+02:00,18.4085,12.7279215,22.319998,0.0,0.0,44120.0,8.11344,37.370464
2026-09-22 15:00:00+02:00,18.9085,13.276144,21.96,0.0,0.0,44400.0,7.6388597,35.428276
2026-09-22 16:00:00+02:00,19.008501,12.88981,23.4,0.0,0.0,44440.0,6.1138062,36.133522
2026-09-22 17:00:00+02:00,19.1585,13.281023,23.4,0.0,0.0,47360.0,5.8000655,37.033905
2026-09-22 18:00:00+02:00,18.2085,13.0447235,24.119999,0.0,0.0,44540.0,6.330734,34.74199
2026-09-22 19:00:00+02:00,16.7085,11.27553,22.68,0.0,0.0,43020.0,11.02182,34.00224
2026-09-22 20:00:00+02:00,14.7085,10.137692,20.16,0.0,0.0,42480.0,11.02182,31.921795
2026-09-22 21:00:00+02:00,14.1085005,9.346143,16.919998,0.0,0.0,42000.0,7.7468357,30.082644
2026-09-22 22:00:00+02:00,13.7585,10.787993,18.0,0.0,0.0,41560.0,7.78694,29.27787
2026-09-22 23:00:00+02:00,13.3085,13.441071,24.119999,0.0,0.0,40500.0,4.907998,30.22956
2026-09-23 00:00:00+02:00,13.0585,11.113451,21.96,0.0,0.0,40520.0,4.9291077,30.622086
2026-09-23 01:00:00+02:00,12.408501,9.387651,18.0,0.0,0.0,39580.0,4.6916795,29.844782
2026-09-23 02:00:00+02:00,11.3585005,10.1887,15.84,0.0,0.0,36500.0,8.976174,29.64402
2026-09-23 03:00:00+02:00,10.5085,7.289445,16.199999,0.0,0.0,34120.0,9.952556,25.92076
2026-09-23 04:00:00+02:00,9.9585,6.638072,11.5199995,0.0,0.0,32480.0,8.513107,22.653046
2026-09-23 05:00:00+02:00,8.8585005,6.638072,11.159999,0.0,0.0,23060.0,5.506198,21.679756
2026-09-23 06:00:00+02:00,8.5085,5.1165614,10.08,0.0,0.0,22140.0,3.4704785,18.8469
2026-09-23 07:00:00+02:00,7.7584996,4.39436,7.5599995,0.0,0.0,19160.0,2.7718916,17.914183
2026-09-23 08:00:00+02:00,6.4585,4.829907,6.12,29.0,0.0,8240.0,1.4410379,16.75862
2026-09-23 09:00:00+02:00,9.1085005,1.2979984,7.5599995,0.0,0.0,16800.0,1.4410379,16.245003
2026-09-23 10:00:00+02:00,11.2085,3.7585104,8.28,0.0,0.0,28200.0,3.67394,16.952896
2026-09-23 11:00:00+02:00,13.408501,3.2599385,9.36,0.0,0.0,35420.0,5.094838,19.040104
2026-09-23 12:00:00+02:00,15.408501,4.6938252,10.440001,0.0,0.0,39120.0,7.5842957,19.171173
2026-09-23 13:00:00+02:00,17.0585,5.4119864,12.959999,0.0,0.0,41020.0,15.2777195,20.632679
2026-09-23 14:00:00+02:00,18.4085,5.0142193,11.879999,0.0,0.0,41960.0,17.250372,20.66999
2026-09-23 15:00:00+02:00,19.3585,4.3349743,11.5199995,0.0,0.0,42300.0,23.59961,24.175043
2026-09-23 16:00:00+02:00,20.1085,4.39436,9.36,0.0,0.0,42560.0,24.190557,27.792759
2026-09-23 17:00:00+02:00,20.3085,4.0249224,9.36,0.0,0.0,43280.0,23.700583,31.410818
2026-09-23 18:00:00+02:00,19.9585,5.2416787,9.36,0.0,0.0,43380.0,23.80549,31.090292
2026-09-23 19:00:00+02:00,18.1085,4.198285,9.72,0.0,0.0,41360.0,26.746689,31.951952
2026-09-23 20:00:00+02:00,15.158501,7.5685663,11.879999,0.0,0.0,39720.0,34.44352,33.042614
2026-09-23 21:00:00+02:00,14.7585,8.891343,15.119999,0.0,0.0,40420.0,27.341772,38.241734
2026-09-23 22:00:00+02:00,14.3585005,6.830519,12.959999,0.0,0.0,39740.0,30.199974,31.330996
2026-09-23 23:00:00+02:00,13.6085005,6.0347,10.799999,0.0,0.0,39260.0,27.890692,34.23372
2026-09-24 00:00:00+02:00,13.158501,6.28713,11.159999,0.0,0.0,38660.0,26.229265,34.413307
2026-09-24 01:00:00+02:00,13.2085,6.151683,12.24,0.0,0.0,38340.0,29.511385,36.867085
2026-09-24 02:00:00+02:00,12.8085,5.4119864,10.799999,0.0,0.0,35260.0,28.421711,32.036243
2026-09-24 03:00:00+02:00,12.5085,4.802999,8.64,0.0,0.0,35680.0,27.647657,36.846176
2026-09-24 04:00:00+02:00,12.158501,5.5887027,9.0,0.0,0.0,34540.0,27.269524,39.495567
2026-09-24 05:00:00+02:00,11.6085005,5.3999996,8.28,0.0,0.0,32620.0,27.024742,45.10582
2026-09-24 06:00:00+02:00,11.408501,4.379589,9.72,0.0,0.0,32480.0,26.920809,44.60768
2026-09-24 07:00:00+02:00,11.5085,4.0249224,6.12,0.0,0.0,34080.0,28.74139,48.754765
2026-09-24 08:00:00+02:00,11.5085,5.6920996,9.0,0.0,0.0,27540.0,30.0794,54.08198
2026-09-24 09:00:00+02:00,14.0585,1.5273507,9.72,0.0,0.0,32780.0,29.651787,54.993237
2026-09-24 10:00:00+02:00,15.6085005,4.6102495,9.0,0.0,0.0,33780.0,32.05783,53.51266
2026-09-24 11:00:00+02:00,17.1085,4.896529,9.72,0.0,0.0,39780.0,32.35764,55.35633
2026-09-24 12:00:00+02:00,18.008501,7.69592,15.119999,0.0,0.0,39780.0,34.635906,60.897217
2026-09-24 13:00:00+02:00,19.7085,11.440978,21.24,0.0,0.0,41280.0,36.184113,62.910496
2026-09-24 14:00:00+02:00,20.0585,14.039999,25.919998,0.0,0.0,42560.0,39.20047,62.51734
2026-09-24 15:00:00+02:00,20.5585,12.979984,25.56,0.0,0.0,41580.0,38.35706,65.7931
2026-09-24 16:00:00+02:00,20.3585,12.57426,24.84,0.0,0.0,41780.0,33.97,63.903904
2026-09-24 17:00:00+02:00,19.0585,8.699793,22.319998,6.0,0.0,41200.0,29.000328,62.821636
2026-09-24 18:00:00+02:00,18.6585,7.4128532,15.84,0.0,0.0,41100.0,30.422628,63.58964
2026-09-24 19:00:00+02:00,17.4085,6.638072,15.4800005,0.0,0.0,41320.0,29.225016,58.84779
2026-09-24 20:00:00+02:00,16.9085,4.829907,11.159999,66.0,0.0,41000.0,21.591537,38.781925
2026-09-24 21:00:00+02:00,15.908501,10.883676,19.44,39.0,0.0,39460.0,10.401459,42.216022
2026-09-24 22:00:00+02:00,14.5585,6.696387,18.72,25.0,0.0,37540.0,10.311228,41.32134
2026-09-24 23:00:00+02:00,13.5585,15.937878,27.359999,55.0,0.0,31780.0,7.800262,41.66025
2026-09-25 00:00:00+02:00,13.5585,14.578888,28.44,77.0,0.0,34280.0,1.643036,43.687023
2026-09-25 01:00:00+02:00,13.3585005,10.787993,26.28,24.0,0.0,36380.0,2.3236039,37.293064
2026-09-25 02:00:00+02:00,12.0085,8.39657,18.359999,0.0,0.0,34480.0,7.7602262,39.196926
2026-09-25 03:00:00+02:00,11.1085005,6.193674,14.759999,0.0,0.0,30740.0,8.95301,34.024887
2026-09-25 04:00:00+02:00,10.5585,4.510787,10.799999,0.0,0.0,28780.0,7.800262,31.022066
2026-09-25 05:00:00+02:00,9.2585,4.0249224,7.2,0.0,0.0,21980.0,9.15938,32.620174
2026-09-25 06:00:00+02:00,8.0585,4.510787,7.5599995,0.0,0.0,13420.0,11.171529,30.439116
2026-09-25 07:00:00+02:00,7.8085,4.510787,9.0,0.0,0.0,14280.0,9.837129,29.27787
2026-09-25 08:00:00+02:00,8.8585005,2.5455842,7.2,0.0,0.0,24160.0,7.6388597,29.857687
2026-09-25 09:00:00+02:00,10.6085005,1.2979984,3.2399998,0.0,0.0,24700.0,9.65603,29.435352
2026-09-25 10:00:00+02:00,12.908501,3.2399998,7.5599995,0.0,0.0,31000.0,9.383359,31.703814
2026-09-25 11:00:00+02:00,14.8085,3.7064266,11.5199995,0.0,0.0,33120.0,8.36547,33.66061
2026-09-25 12:00:00+02:00,16.6585,4.6800003,11.5199995,0.0,0.0,36720.0,12.133847,33.956886
2026-09-25 13:00:00+02:00,18.1585,2.0991426,10.799999,0.0,0.0,38920.0,14.067659,34.591965
2026-09-25 14:00:00+02:00,19.4585,2.3051248,6.12,11.0,0.0,40560.0,11.848101,32.37121
2026-09-25 15:00:00+02:00,20.3585,2.5959969,7.5599995,0.0,0.0,41620.0,11.883102,28.578697
2026-09-25 16:00:00+02:00,20.8085,3.9763298,9.0,0.0,0.0,43080.0,16.866917,24.405024
2026-09-25 17:00:00+02:00,20.9085,2.2768397,9.72,0.0,0.0,45700.0,16.430359,22.559313
2026-09-25 18:00:00+02:00,20.4585,3.7064266,7.2,0.0,0.0,47860.0,15.587208,21.679756
2026-09-25 19:00:00+02:00,18.7085,0.35999998,6.8399997,0.0,0.0,43820.0,14.787324,20.035875
2026-09-25 20:00:00+02:00,15.6085005,6.489992,9.72,0.0,0.0,41180.0,12.269996,17.566723
2026-09-25 21:00:00+02:00,14.4585,7.2,12.24,0.0,0.0,41040.0,6.6350365,22.014801
2026-09-25 22:00:00+02:00,14.2085,6.849467,12.599999,0.0,0.0,40740.0,7.4739733,24.103226
2026-09-25 23:00:00+02:00,13.658501,6.519877,11.159999,0.0,0.0,39340.0,7.4739733,23.618853
2026-09-26 00:00:00+02:00,13.4585,6.489992,10.799999,0.0,0.0,39820.0,13.594724,20.482758
2026-09-26 01:00:00+02:00,13.3585005,6.12,10.440001,0.0,0.0,39080.0,18.347078,16.185604
2026-09-26 02:00:00+02:00,12.5585,5.0911684,9.72,0.0,0.0,34300.0,16.053188,9.950412
2026-09-26 03:00:00+02:00,12.408501,5.3517847,8.64,0.0,0.0,33560.0,16.562534,11.444951
2026-09-26 04:00:00+02:00,12.8085,4.2136917,8.28,0.0,0.0,34640.0,16.959,15.861018
2026-09-26 05:00:00+02:00,11.658501,3.219938,6.4799995,0.0,0.0,32340.0,12.759493,17.21225
2026-09-26 06:00:00+02:00,11.5085,3.6179552,5.04,0.0,0.0,32020.0,12.159491,20.217718
2026-09-26 07:00:00+02:00,10.908501,4.379589,6.4799995,0.0,0.0,30340.0,12.864844,25.74927
2026-09-26 08:00:00+02:00,10.5085,5.04,6.8399997,0.0,0.0,26420.0,14.723995,25.59169
2026-09-26 09:00:00+02:00,12.7585,2.4149535,8.28,0.0,0.0,28720.0,16.111294,21.002802
2026-09-26 10:00:00+02:00,15.158501,2.5959969,6.4799995,0.0,0.0,32660.0,19.742744,17.654228
2026-09-26 11:00:00+02:00,17.6585,3.6179552,6.8399997,0.0,0.0,40300.0,19.784773,17.390388
2026-09-26 12:00:00+02:00,20.008501,5.8048253,12.24,0.0,0.0,41480.0,16.712313,19.862066
2026-09-26 13:00:00+02:00,21.6585,5.8048253,12.959999,0.0,0.0,42240.0,16.111294,23.659594
2026-09-26 14:00:00+02:00,23.4085,3.8268526,12.24,0.0,0.0,44380.0,13.223043,18.662022
2026-09-26 15:00:00+02:00,24.3085,4.73506,10.440001,0.0,0.0,48300.0,11.618018,16.149862
2026-09-26 16:00:00+02:00,24.6085,3.8939953,10.440001,0.0,0.0,51240.0,9.65603,16.11404
2026-09-26 17:00:00+02:00,24.758501,3.219938,8.64,0.0,0.0,57500.0,7.7602262,20.864775
2026-09-26 18:00:00+02:00,24.1585,1.8,6.4799995,0.0,0.0,57540.0,9.125309,22.77178
2026-09-26 19:00:00+02:00,21.2085,5.4833565,7.5599995,0.0,0.0,45420.0,10.974618,22.430868
2026-09-26 20:00:00+02:00,17.6085,6.924738,10.799999,0.0,0.0,42920.0,9.113924,23.03252
2026-09-26 21:00:00+02:00,16.1585,6.9899354,11.879999,0.0,0.0,43860.0,9.580463,23.17426
2026-09-26 22:00:00+02:00,15.7585,6.725354,11.879999,0.0,0.0,43700.0,9.15938,22.422277
2026-09-26 23:00:00+02:00,15.3085,6.725354,10.799999,0.0,0.0,41620.0,10.066657,22.973904
2026-09-27 00:00:00+02:00,14.7585,5.815978,11.159999,0.0,0.0,41800.0,8.646228,21.330421
2026-09-27 01:00:00+02:00,14.4585,5.154415,9.36,0.0,0.0,41660.0,6.572144,21.330421
2026-09-27 02:00:00+02:00,13.2585,5.3999996,7.92,0.0,0.0,40580.0,4.907998,19.241377
2026-09-27 03:00:00+02:00,13.2585,4.0249224,7.92,0.0,0.0,40960.0,5.094838,20.103062
2026-09-27 04:00:00+02:00,13.158501,2.9024127,5.3999996,0.0,0.0,38720.0,5.562481,19.725824
2026-09-27 05:00:00+02:00,13.0585,3.2399998,3.96,0.0,0.0,36880.0,6.524576,16.71258
2026-09-27 06:00:00+02:00,11.7585,4.73506,6.4799995,0.0,0.0,36460.0,7.1182017,13.948265
2026-09-27 07:00:00+02:00,11.6085005,4.829907,6.8399997,0.0,0.0,37100.0,9.688234,14.181093
2026-09-27 08:00:00+02:00,11.9585,3.396233,6.12,0.0,0.0,32880.0,12.438086,15.95788
2026-09-27 09:00:00+02:00,14.0585,1.484318,4.32,0.0,0.0,31580.0,13.881914,16.185604
2026-09-27 10:00:00+02:00,16.1085,1.1384199,3.6,0.0,0.0,33500.0,12.269996,16.245003
2026-09-27 11:00:00+02:00,18.3585,2.6208394,6.12,0.0,0.0,41040.0,9.815996,19.62793
2026-09-27 12:00:00+02:00,20.2085,2.8116899,7.5599995,0.0,0.0,41640.0,9.17071,21.830282
2026-09-27 13:00:00+02:00,22.0585,2.5455842,7.5599995,0.0,0.0,42880.0,8.987734,24.238705
2026-09-27 14:00:00+02:00,23.6085,2.9024127,7.92,0.0,0.0,45200.0,7.971428,26.304356
2026-09-27 15:00:00+02:00,24.508501,2.8116899,7.92,0.0,0.0,45620.0,8.561753,29.507248
2026-09-27 16:00:00+02:00,24.758501,3.5455887,7.92,0.0,0.0,45200.0,10.280973,29.82541
2026-09-27 17:00:00+02:00,25.1085,3.671294,9.72,0.0,0.0,46820.0,9.125309,27.112131
2026-09-27 18:00:00+02:00,24.258501,4.829907,9.72,0.0,0.0,46040.0,10.974618,28.484177
2026-09-27 19:00:00+02:00,20.9585,6.6185193,11.159999,0.0,0.0,42240.0,10.520564,26.948227
2026-09-27 20:00:00+02:00,18.9585,8.049845,13.32,0.0,0.0,44000.0,8.074956,25.816511
2026-09-27 21:00:00+02:00,18.008501,6.849467,13.32,0.0,0.0,48900.0,5.543783,23.789505
2026-09-27 22:00:00+02:00,17.4585,6.87779,11.159999,0.0,0.0,45540.0,5.012658,23.099329
2026-09-27 23:00:00+02:00,17.4085,6.87779,11.5199995,0.0,0.0,42880.0,6.1307654,21.944693
2026-09-28 00:00:00+02:00,16.9585,5.0528407,11.879999,0.0,0.0,41560.0,6.940957,20.208189
2026-09-28 01:00:00+02:00,16.7085,5.0528407,7.2,0.0,0.0,41460.0,7.0743074,18.713562
2026-09-28 02:00:00+02:00,15.658501,5.0142193,10.08,0.0,0.0,38340.0,8.513107,14.289349
2026-09-28 03:00:00+02:00,14.908501,6.924738,11.5199995,0.0,0.0,40400.0,6.850616,11.241167
2026-09-28 04:00:00+02:00,14.7585,5.00128,11.879999,0.0,0.0,37240.0,5.6366506,8.777877
2026-09-28 05:00:00+02:00,13.658501,4.6800003,8.28,0.0,0.0,29400.0,2.577807,6.48019
2026-09-28 06:00:00+02:00,13.158501,4.2136917,7.2,0.0,0.0,27860.0,5.0333285,7.5764823
2026-09-28 07:00:00+02:00,13.2585,3.7064266,6.12,0.0,0.0,28180.0,7.3053656,6.2068963
2026-09-28 08:00:00+02:00,12.4585,4.0249224,4.68,0.0,0.0,24420.0,11.171529,8.092802
2026-09-28 09:00:00+02:00,14.658501,1.484318,5.3999996,0.0,0.0,24740.0,17.412127,8.622896
2026-09-28 10:00:00+02:00,16.6585,3.4152596,7.2,0.0,0.0,25300.0,22.445059,7.777219
2026-09-28 11:00:00+02:00,19.008501,6.151683,14.4,0.0,0.0,39320.0,25.584002,6.939521
2026-09-28 12:00:00+02:00,21.4085,5.3517847,13.32,0.0,0.0,40180.0,21.41772,6.6850314
2026-09-28 13:00:00+02:00,23.1585,6.6087217,14.04,0.0,0.0,41340.0,17.465712,6.6850314
2026-09-28 14:00:00+02:00,23.9585,5.3999996,15.4800005,0.0,0.0,42280.0,18.31876,8.886923
2026-09-28 15:00:00+02:00,24.9085,4.1046314,11.879999,0.0,0.0,42880.0,18.43177,11.326523
2026-09-28 16:00:00+02:00,25.758501,3.6179552,9.0,0.0,0.0,44400.0,19.231243,14.490146
2026-09-28 17:00:00+02:00,25.9585,7.0911775,9.36,0.0,0.0,45480.0,20.687803,18.672342
2026-09-28 18:00:00+02:00,25.3085,2.968636,12.959999,0.0,0.0,46180.0,28.799133,19.62793
2026-09-28 19:00:00+02:00,23.0585,4.0249224,4.68,0.0,0.0,43300.0,26.241138,15.824542
2026-09-28 20:00:00+02:00,19.008501,7.9526596,12.599999,0.0,0.0,41080.0,27.979897,16.149862
2026-09-28 21:00:00+02:00,18.008501,7.2805495,13.32,0.0,0.0,41220.0,25.946686,15.529648
2026-09-28 22:00:00+02:00,17.6585,6.5693827,12.24,0.0,0.0,41160.0,19.166346,14.396789
2026-09-28 23:00:00+02:00,17.0585,5.6920996,10.799999,0.0,0.0,40500.0,14.309151,15.216393
2026-09-29 00:00:00+02:00,16.9085,5.1544156,9.0,0.0,0.0,40340.0,8.513107,12.226168
2026-09-29 01:00:00+02:00,16.4085,4.5536795,9.36,0.0,0.0,40280.0,6.6350365,7.777219
2026-09-29 02:00:00+02:00,15.7085,4.39436,6.4799995,0.0,0.0,39520.0,7.800262,2.2379284
2026-09-29 03:00:00+02:00,15.5585,3.671294,6.12,0.0,0.0,39580.0,10.754816,0.87778765
2026-09-29 04:00:00+02:00,14.8085,3.7585104,5.04,0.0,0.0,38680.0,8.753638,1.2413791
2026-09-29 05:00:00+02:00,14.2585,4.379589,3.96,0.0,0.0,36480.0,13.859459,3.3425157
2026-09-29 06:00:00+02:00,13.408501,5.3999996,9.0,0.0,0.0,29900.0,14.674548,5.00416
2026-09-29 07:00:00+02:00,13.6085005,4.802999,9.0,0.0,0.0,26280.0,14.927093,6.7137847
2026-09-29 08:00:00+02:00,13.7085,3.9763298,6.12,0.0,0.0,27300.0,9.394418,1.8620689
2026-09-29 09:00:00+02:00,15.7585,2.9024127,7.92,0.0,0.0,30640.0,13.144288,4.9655166
2026-09-29 10:00:00+02:00,18.6585,1.2979984,5.04,0.0,0.0,36380.0,12.2276125,5.0041595
2026-09-29 11:00:00+02:00,19.758501,2.4149535,8.28,0.0,0.0,38080.0,8.706063,3.7755077
2026-09-29 12:00:00+02:00,21.508501,3.6,8.64,0.0,0.0,40220.0,8.253009,3.3425157
2026-09-29 13:00:00+02:00,23.0585,4.2136917,10.440001,0.0,0.0,41320.0,5.993747,3.5111506
2026-09-29 14:00:00+02:00,24.258501,5.3517847,9.36,0.0,0.0,42340.0,3.4704785,4.7270317
2026-09-29 15:00:00+02:00,24.9585,5.506941,7.2,0.0,0.0,43420.0,1.0189676,6.939521
2026-09-29 16:00:00+02:00,25.258501,4.3349743,6.4799995,0.0,0.0,44180.0,2.278481,9.950412
2026-09-29 17:00:00+02:00,24.7085,4.510787,5.3999996,0.0,0.0,43240.0,2.7718916,11.189642
2026-09-29 18:00:00+02:00,23.508501,4.3349743,7.5599995,0.0,0.0,42040.0,2.278481,11.172413
2026-09-29 19:00:00+02:00,21.8585,1.835647,6.12,0.0,0.0,41780.0,1.4410379,13.711481
2026-09-29 20:00:00+02:00,18.5585,6.489992,6.12,0.0,0.0,39700.0,4.0758705,10.5517235
2026-09-29 21:00:00+02:00,17.258501,7.5942073,7.5599995,0.0,0.0,39640.0,4.2990294,10.236675
2026-09-29 22:00:00+02:00,17.1585,6.87779,11.5199995,0.0,0.0,39980.0,4.907998,8.068965
2026-09-29 23:00:00+02:00,17.008501,6.379216,11.879999,0.0,0.0,39940.0,5.9240503,4.8477407
