date,temperature_2m,wind_speed_10m,wind_gusts_10m,cloud_cover_low,precipitation,visibility,wind_speed_850hPa,wind_speed_700hPa
2025-12-31 23:00:00+01:00,-5.386,2.1897945,5.7599998,0.0,0.0,37100.0,5.506198,17.077427
2026-01-01 00:00:00+01:00,-5.486,1.8,4.32,0.0,0.0,33000.0,3.1898732,18.948832
2026-01-01 01:00:00+01:00,-5.9360003,3.6179552,4.32,0.0,0.0,17440.0,1.9333551,22.839355
2026-01-01 02:00:00+01:00,-5.9360003,4.1046314,10.799999,0.0,0.0,17440.0,2.3236039,22.56785
2026-01-01 03:00:00+01:00,-6.086,2.7416782,9.36,0.0,0.0,19460.0,4.488087,24.452335
2026-01-01 04:00:00+01:00,-7.086,4.829907,6.4799995,0.0,0.0,9580.0,5.543783,27.147633
2026-01-01 05:00:00+01:00,-7.236,5.154415,11.159999,59.0,0.0,3140.0,7.7468348,28.578697
2026-01-01 06:00:00+01:00,-6.7860003,3.6,12.24,0.0,0.0,12820.0,9.784211,32.89655
2026-01-01 07:00:00+01:00,-6.736,5.815978,12.959999,0.0,0.0,39420.0,12.636843,35.111507
2026-01-01 08:00:00+01:00,-6.6860003,7.42159,22.68,0.0,0.0,45380.0,15.916784,38.241734
2026-01-01 09:00:00+01:00,-5.886,9.83268,29.16,0.0,0.0,47640.0,21.026318,42.755558
2026-01-01 10:00:00+01:00,-4.336,13.5515,35.64,0.0,0.0,40880.0,33.42773,46.06504
2026-01-01 11:00:00+01:00,-2.786,16.394829,39.239998,0.0,0.0,43580.0,51.178154,54.99324
2026-01-01 12:00:00+01:00,-1.4860001,19.914217,41.039997,0.0,0.0,49600.0,67.36447,64.58155
2026-01-01 13:00:00+01:00,-0.236,22.253124,39.6,0.0,0.0,51080.0,69.16982,68.97479
2026-01-01 14:00:00+01:00,0.26400003,23.084955,43.199997,0.0,0.0,46860.0,75.08485,75.349266
2026-01-01 15:00:00+01:00,0.41400003,22.668568,42.48,0.0,0.0,52860.0,81.99619,79.09106
2026-01-01 16:00:00+01:00,0.51400006,21.2522,41.039997,0.0,0.0,60480.0,81.752716,80.30918
2026-01-01 17:00:00+01:00,0.16400002,18.899143,43.56,0.0,0.0,61880.0,84.44531,75.22902
2026-01-01 18:00:00+01:00,0.06400001,19.48661,42.839996,0.0,0.0,59080.0,87.077324,74.74093
2026-01-01 19:00:00+01:00,-0.13599998,21.96,45.0,0.0,0.0,50580.0,85.77263,75.67833
2026-01-01 20:00:00+01:00,-0.28599995,21.605999,39.6,0.0,0.0,45300.0,90.57471,75.22901
2026-01-01 21:00:00+01:00,-0.38599998,21.485697,38.88,0.0,0.0,39060.0,87.403435,77.83408
2026-01-01 22:00:00+01:00,-0.636,20.163212,45.0,0.0,0.0,31920.0,79.64261,79.04477
2026-01-01 23:00:00+01:00,-0.986,15.124284,39.96,0.0,0.0,25360.0,72.12247,81.74509
2026-01-02 00:00:00+01:00,-1.1859999,13.708391,32.760002,0.0,0.0,24680.0,70.06764,85.45253
2026-01-02 01:00:00+01:00,-1.286,13.527572,34.92,0.0,0.0,24060.0,64.70564,84.022675
2026-01-02 02:00:00+01:00,-1.286,13.797913,33.12,0.0,0.0,20680.0,67.1236,81.546906
2026-01-02 03:00:00+01:00,-1.3859999,14.113653,33.48,0.0,0.0,21840.0,69.92375,80.539116
2026-01-02 04:00:00+01:00,-1.036,14.345898,36.0,42.0,0.0,31000.0,68.324036,83.22335
2026-01-02 05:00:00+01:00,-1.036,17.026896,37.079998,20.0,0.0,26180.0,65.10239,85.87976
2026-01-02 06:00:00+01:00,-1.1359999,19.0392,35.28,0.0,0.0,18540.0,69.536606,85.61243
2026-01-02 07:00:00+01:00,-0.836,20.617662,39.6,0.0,0.0,29760.0,72.06918,80.41225
2026-01-02 08:00:00+01:00,-0.93599993,22.450264,42.12,0.0,0.0,48700.0,76.63964,77.15798
2026-01-02 09:00:00+01:00,-0.736,21.915693,42.839996,85.0,0.0,58120.0,67.87426,67.72631
2026-01-02 10:00:00+01:00,-0.035999984,20.523157,41.399998,77.0,0.0,72200.0,57.549576,61.52659
2026-01-02 11:00:00+01:00,0.46400002,22.314194,42.839996,84.0,0.0,72740.0,55.746006,61.975784
2026-01-02 12:00:00+01:00,1.164,23.143827,45.36,70.0,0.0,63660.0,60.98161,60.258064
2026-01-02 13:00:00+01:00,1.6140001,22.104116,45.36,82.0,0.0,64940.0,54.539047,63.68953
2026-01-02 14:00:00+01:00,1.5139999,20.907913,43.56,67.0,0.0,61740.0,50.713478,72.34696
2026-01-02 15:00:00+01:00,1.5640001,19.70815,39.96,66.0,0.0,59380.0,46.98093,73.88554
2026-01-02 16:00:00+01:00,1.464,21.749481,39.6,10.0,0.0,60520.0,54.873085,67.8854
2026-01-02 17:00:00+01:00,0.96400005,18.782204,41.760002,82.0,0.0,55300.0,55.265255,63.931026
2026-01-02 18:00:00+01:00,0.614,21.629978,40.68,77.0,0.0,48760.0,65.66612,65.7931
2026-01-02 19:00:00+01:00,0.864,21.42227,42.48,72.0,0.0,52920.0,62.39711,62.7173
2026-01-02 20:00:00+01:00,0.46400002,20.858265,41.760002,77.0,0.0,47440.0,67.92167,63.38636
2026-01-02 21:00:00+01:00,0.314,23.233253,45.36,92.0,0.0,42200.0,68.507675,66.41379
2026-01-02 22:00:00+01:00,0.314,25.068514,45.719997,97.0,0.1,41780.0,62.755505,60.941483
2026-01-02 23:00:00+01:00,-0.53599995,26.282465,51.839996,100.0,0.2,2540.0,62.456985,60.065956
2026-01-03 00:00:00+01:00,-0.93599993,15.256526,46.8,100.0,2.6,300.0,37.494686,49.425762
2026-01-03 01:00:00+01:00,-0.736,9.931042,27.0,85.0,1.5,5460.0,32.251575,51.70013
2026-01-03 02:00:00+01:00,-1.3859999,13.392774,25.919998,96.0,0.6,6960.0,25.363905,51.03262
2026-01-03 03:00:00+01:00,-1.6859999,13.18308,29.88,100.0,0.1,13900.0,37.06858,48.278324
2026-01-03 04:00:00+01:00,-1.9859998,10.703569,24.84,87.0,0.2,20160.0,33.437046,62.947224
2026-01-03 05:00:00+01:00,-2.1859999,6.725354,19.44,88.0,0.1,18860.0,31.390156,66.76381
2026-01-03 06:00:00+01:00,-2.386,3.096837,11.879999,82.0,0.0,16500.0,27.024742,63.27991
2026-01-03 07:00:00+01:00,-2.336,3.0547013,6.8399997,91.0,0.0,14600.0,28.939398,56.482754
2026-01-03 08:00:00+01:00,-2.786,2.5455842,9.0,88.0,0.0,14020.0,27.356956,59.13514
2026-01-03 09:00:00+01:00,-2.886,1.4399999,6.8399997,86.0,0.0,9940.0,23.735603,59.873226
2026-01-03 10:00:00+01:00,-3.136,4.896529,10.08,89.0,0.0,14940.0,29.451515,58.440487
2026-01-03 11:00:00+01:00,-2.286,8.669949,16.199999,74.0,0.0,44580.0,31.15109,62.332203
2026-01-03 12:00:00+01:00,-2.036,10.464798,19.44,67.0,0.0,44800.0,37.135746,68.21094
2026-01-03 13:00:00+01:00,-1.9859998,11.542478,20.880001,61.0,0.0,38860.0,41.77767,63.99127
2026-01-03 14:00:00+01:00,-1.9359999,10.853866,24.84,32.0,0.0,46880.0,48.88709,66.02107
2026-01-03 15:00:00+01:00,-1.336,14.205182,25.199999,0.0,0.0,73180.0,45.774223,64.69777
2026-01-03 16:00:00+01:00,-2.2359998,11.503113,27.359999,0.0,0.0,59160.0,40.230515,58.988377
2026-01-03 17:00:00+01:00,-2.7359998,12.57426,28.8,0.0,0.0,71040.0,38.83056,56.02046
2026-01-03 18:00:00+01:00,-3.286,10.483357,30.239998,64.0,0.0,70320.0,42.857254,53.053535
2026-01-03 19:00:00+01:00,-3.536,9.178235,24.84,75.0,0.0,64740.0,40.10385,51.37121
2026-01-03 20:00:00+01:00,-3.4359999,8.287822,21.24,92.0,0.0,53420.0,37.436485,48.513157
2026-01-03 21:00:00+01:00,-3.4359999,8.557102,19.44,100.0,0.0,37600.0,32.740433,50.653748
2026-01-03 22:00:00+01:00,-3.136,9.360001,16.919998,100.0,0.0,28100.0,30.569029,48.022285
2026-01-03 23:00:00+01:00,-3.4359999,11.91812,23.759998,81.0,0.0,31600.0,30.041407,47.245853
2026-01-04 00:00:00+01:00,-4.1860003,7.072878,21.96,65.0,0.0,37180.0,26.889935,40.206123
2026-01-04 01:00:00+01:00,-5.1860003,3.319036,17.28,27.0,0.0,26620.0,24.156197,32.042255
2026-01-04 02:00:00+01:00,-5.7860003,3.6,12.24,0.0,0.0,26800.0,20.587181,21.71527
2026-01-04 03:00:00+01:00,-5.9360003,1.2979984,10.08,0.0,0.0,18860.0,16.91609,13.879042
2026-01-04 04:00:00+01:00,-6.4360003,0.5091169,6.12,0.0,0.0,17600.0,10.411436,15.909525
2026-01-04 05:00:00+01:00,-7.0360003,3.2599385,7.92,10.0,0.0,15040.0,11.501252,16.386677
2026-01-04 06:00:00+01:00,-7.086,2.0991426,7.2,0.0,0.0,5760.0,11.883102,14.999642
2026-01-04 07:00:00+01:00,-8.186,2.3051248,4.68,0.0,0.0,20960.0,9.688234,10.027549
2026-01-04 08:00:00+01:00,-8.186,2.1897945,4.32,6.0,0.0,19960.0,8.36547,7.499821
2026-01-04 09:00:00+01:00,-7.9860005,1.8,3.2399998,27.0,0.0,19920.0,6.3960004,7.0769506
2026-01-04 10:00:00+01:00,-7.486,2.0991426,6.4799995,63.0,0.0,19860.0,2.453999,10.606349
2026-01-04 11:00:00+01:00,-5.586,4.802999,9.36,62.0,0.0,31480.0,2.3236039,13.370063
2026-01-04 12:00:00+01:00,-4.586,2.4149535,9.72,61.0,0.0,37560.0,5.0333285,14.529971
2026-01-04 13:00:00+01:00,-4.4360003,3.0758414,7.5599995,0.0,0.0,38840.0,8.800955,16.149862
2026-01-04 14:00:00+01:00,-4.086,3.2599385,7.92,0.0,0.0,41280.0,8.987734,19.271389
2026-01-04 15:00:00+01:00,-3.936,1.8,7.2,0.0,0.0,44000.0,9.815996,19.251387
2026-01-04 16:00:00+01:00,-4.6860003,3.671294,6.4799995,0.0,0.0,39620.0,12.636843,20.293798
2026-01-04 17:00:00+01:00,-6.336,3.2399998,7.92,0.0,0.0,26820.0,11.680409,21.794956
2026-01-04 18:00:00+01:00,-6.9360003,3.0547013,8.64,0.0,0.0,26820.0,12.039351,21.830282
2026-01-04 19:00:00+01:00,-7.4360003,4.2136917,9.36,0.0,0.0,13840.0,12.636843,21.438515
2026-01-04 20:00:00+01:00,-7.5360003,3.8268526,10.08,0.0,0.0,12540.0,12.396276,23.17426
2026-01-04 21:00:00+01:00,-7.7360005,2.968636,8.28,0.0,0.0,13700.0,12.312233,24.341797
2026-01-04 22:00:00+01:00,-7.7360005,3.7064266,7.2,0.0,0.0,18260.0,14.67455,22.180428
2026-01-04 23:00:00+01:00,-8.0859995,3.096837,7.92,0.0,0.0,22720.0,14.723995,22.965515
2026-01-05 00:00:00+01:00,-8.285999,1.9386592,6.4799995,0.0,0.0,24160.0,12.84061,24.780989
2026-01-05 01:00:00+01:00,-7.9860005,2.3051248,5.04,0.0,0.0,20580.0,12.269996,22.206465
2026-01-05 02:00:00+01:00,-7.886,2.3051248,4.68,61.0,0.0,18220.0,9.227144,23.88647
2026-01-05 03:00:00+01:00,-7.636,1.1384199,4.32,64.0,0.0,25140.0,6.728273,24.780989
2026-01-05 04:00:00+01:00,-6.486,2.4149535,2.52,99.0,0.0,23840.0,5.333787,21.590723
2026-01-05 05:00:00+01:00,-6.486,2.2768397,5.3999996,100.0,0.0,18120.0,2.8820758,22.379282
2026-01-05 06:00:00+01:00,-6.586,1.835647,4.68,94.0,0.0,16560.0,2.0379353,21.679756
2026-01-05 07:00:00+01:00,-6.486,2.8799999,3.2399998,100.0,0.0,20260.0,3.67394,19.949162
2026-01-05 08:00:00+01:00,-6.736,2.6208394,6.12,100.0,0.0,19320.0,4.2990294,16.149862
2026-01-05 09:00:00+01:00,-6.886,1.5273507,5.3999996,90.0,0.0,19140.0,4.488087,15.012479
2026-01-05 10:00:00+01:00,-6.2860003,2.3051248,3.96,93.0,0.0,33960.0,4.57969,16.185604
2026-01-05 11:00:00+01:00,-5.7860003,1.609969,5.3999996,63.0,0.0,37000.0,4.1265044,15.529648
2026-01-05 12:00:00+01:00,-5.2860003,1.08,4.32,78.0,0.0,40200.0,1.2889035,15.529648
2026-01-05 13:00:00+01:00,-5.386,1.2979984,5.7599998,94.0,0.0,39400.0,4.201311,16.149862
2026-01-05 14:00:00+01:00,-5.136,0.5091169,5.04,69.0,0.0,44340.0,5.333787,15.566816
2026-01-05 15:00:00+01:00,-5.0360003,1.835647,6.12,72.0,0.0,43380.0,5.195736,15.714606
2026-01-05 16:00:00+01:00,-5.6860003,3.2599385,4.32,11.0,0.0,46680.0,8.11344,14.476846
2026-01-05 17:00:00+01:00,-6.6860003,3.319036,7.2,0.0,0.0,38400.0,6.940957,14.153901
2026-01-05 18:00:00+01:00,-7.4360003,2.0364676,6.4799995,0.0,0.0,31680.0,5.7641516,15.367554
2026-01-05 19:00:00+01:00,-8.5859995,1.8,5.04,0.0,0.0,29340.0,6.940957,14.8057575
2026-01-05 20:00:00+01:00,-8.8359995,2.9024127,5.7599998,0.0,0.0,26020.0,3.67394,11.595439
2026-01-05 21:00:00+01:00,-8.535999,2.8116899,5.04,0.0,0.0,31540.0,3.4704785,10.330335
2026-01-05 22:00:00+01:00,-9.236,5.4119864,11.879999,0.0,0.0,18560.0,3.4704785,18.45443
2026-01-05 23:00:00+01:00,-9.236,3.219938,11.879999,0.0,0.0,17160.0,3.757767,23.17426
2026-01-06 00:00:00+01:00,-8.986,2.968636,9.36,0.0,0.0,10040.0,4.844117,27.758083
2026-01-06 01:00:00+01:00,-9.636,2.968636,9.72,59.0,0.0,3120.0,5.8357587,21.653082
2026-01-06 02:00:00+01:00,-9.936,2.0364676,9.72,59.0,0.0,2680.0,4.844117,14.476846
2026-01-06 03:00:00+01:00,-9.886,3.096837,10.799999,59.0,0.0,3080.0,3.2222586,15.824544
2026-01-06 04:00:00+01:00,-10.936,1.9386592,6.8399997,59.0,0.0,3100.0,3.0569031,10.180067
2026-01-06 05:00:00+01:00,-10.535999,1.609969,4.32,0.0,0.0,13440.0,6.728273,10.5517235
2026-01-06 06:00:00+01:00,-10.236,1.484318,5.04,0.0,0.0,24740.0,8.561753,16.149862
2026-01-06 07:00:00+01:00,-11.5859995,2.5455842,5.3999996,0.0,0.0,12600.0,7.0743074,15.102031
2026-01-06 08:00:00+01:00,-11.0859995,1.0182338,3.96,0.0,0.0,21000.0,6.444517,15.102031
2026-01-06 09:00:00+01:00,-10.236,2.4149535,3.2399998,0.0,0.0,26320.0,6.940957,14.909477
2026-01-06 10:00:00+01:00,-9.636,2.5455842,4.68,0.0,0.0,13680.0,6.850616,13.093462
2026-01-06 11:00:00+01:00,-7.2860003,2.5455842,6.12,0.0,0.0,19780.0,5.941551,11.809426
2026-01-06 12:00:00+01:00,-6.336,1.2979984,6.12,32.0,0.0,26280.0,7.1327734,11.858258
2026-01-06 13:00:00+01:00,-5.586,1.2979984,4.32,90.0,0.0,21260.0,4.201311,11.9230585
2026-01-06 14:00:00+01:00,-5.836,4.73506,9.72,94.0,0.0,7880.0,4.2990294,13.093462
2026-01-06 15:00:00+01:00,-5.886,1.9386592,10.08,95.0,0.2,4740.0,4.556962,12.051613
2026-01-06 16:00:00+01:00,-6.1860003,2.0991426,3.96,84.0,0.2,8720.0,2.7718916,10.5517235
2026-01-06 17:00:00+01:00,-7.2860003,2.52,7.92,89.0,0.1,2940.0,4.201311,8.886923
2026-01-06 18:00:00+01:00,-7.586,2.0991426,6.12,95.0,0.2,1560.0,7.958391,9.392738
2026-01-06 19:00:00+01:00,-6.736,2.5959969,4.32,91.0,0.1,1940.0,11.031237,15.566816
2026-01-06 20:00:00+01:00,-6.636,2.8116899,6.12,93.0,0.1,1840.0,11.618018,15.012479
2026-01-06 21:00:00+01:00,-6.836,3.096837,7.5599995,95.0,0.1,2020.0,12.905135,12.194616
2026-01-06 22:00:00+01:00,-6.736,3.6,7.5599995,83.0,0.0,2920.0,11.031237,11.241167
2026-01-06 23:00:00+01:00,-7.2860003,3.7064266,9.36,91.0,0.0,1720.0,10.490913,14.396789
2026-01-07 00:00:00+01:00,-7.1860003,3.2599385,8.28,76.0,0.0,1360.0,8.215179,18.672342
2026-01-07 01:00:00+01:00,-6.236,4.0249224,7.2,80.0,0.0,1240.0,7.7602262,19.171173
2026-01-07 02:00:00+01:00,-6.386,4.452954,9.72,78.0,0.0,900.0,4.556962,21.112572
2026-01-07 03:00:00+01:00,-6.586,3.7064266,10.440001,83.0,0.0,1320.0,4.757608,23.95894
2026-01-07 04:00:00+01:00,-6.586,2.8116899,6.4799995,88.0,0.0,1260.0,6.198138,23.878408
2026-01-07 05:00:00+01:00,-7.086,0.0,5.04,80.0,0.0,2880.0,6.572144,24.333883
2026-01-07 06:00:00+01:00,-7.9360003,1.9386592,5.3999996,93.0,0.0,820.0,7.0743074,24.491692
2026-01-07 07:00:00+01:00,-7.9860005,3.5455887,8.28,89.0,0.0,3000.0,9.515216,21.212698
2026-01-07 08:00:00+01:00,-8.0859995,4.6102495,9.72,100.0,0.0,380.0,10.035667,15.702343
2026-01-07 09:00:00+01:00,-8.436,3.396233,9.36,100.0,0.0,180.0,11.671517,16.11404
2026-01-07 10:00:00+01:00,-8.136,5.0911684,9.72,74.0,0.0,520.0,11.961482,17.077427
2026-01-07 11:00:00+01:00,-6.6860003,5.3517847,14.04,0.0,0.0,11700.0,16.768133,18.042755
2026-01-07 12:00:00+01:00,-5.6860003,5.634891,14.04,0.0,0.0,35780.0,20.019537,17.043554
2026-01-07 13:00:00+01:00,-5.736,7.754637,14.759999,0.0,0.0,34960.0,21.110098,18.764957
2026-01-07 14:00:00+01:00,-5.5360003,10.028439,18.359999,0.0,0.0,32180.0,25.717579,17.566723
2026-01-07 15:00:00+01:00,-5.1860003,6.9153743,20.16,0.0,0.0,31200.0,34.44352,24.710932
2026-01-07 16:00:00+01:00,-5.9360003,6.489992,18.359999,0.0,0.0,36520.0,36.29585,25.5691
2026-01-07 17:00:00+01:00,-6.336,5.6920996,18.0,0.0,0.0,35020.0,38.734173,34.474827
2026-01-07 18:00:00+01:00,-6.0360003,3.8939953,14.759999,0.0,0.0,39720.0,43.92211,36.32493
2026-01-07 19:00:00+01:00,-5.336,8.891343,18.0,95.0,0.0,49100.0,52.381283,44.360855
2026-01-07 20:00:00+01:00,-5.0360003,15.986593,33.12,100.0,0.0,26380.0,50.136936,50.900333
2026-01-07 21:00:00+01:00,-5.336,13.755579,32.760002,81.0,0.2,11820.0,62.468616,53.411777
2026-01-07 22:00:00+01:00,-4.586,15.530151,28.8,90.0,0.1,10860.0,70.66965,51.75599
2026-01-07 23:00:00+01:00,-4.636,16.904673,29.16,88.0,0.1,8880.0,65.691414,54.0891
2026-01-08 00:00:00+01:00,-3.886,21.068459,36.0,83.0,0.1,11860.0,62.23215,44.360855
2026-01-08 01:00:00+01:00,-3.036,21.218632,43.92,86.0,0.0,26060.0,59.031567,39.9755
2026-01-08 02:00:00+01:00,-2.586,21.288757,38.519997,87.0,0.0,34000.0,58.275684,39.280384
2026-01-08 03:00:00+01:00,-2.4859998,17.782688,38.519997,76.0,0.0,41020.0,56.200478,40.30661
2026-01-08 04:00:00+01:00,-2.2359998,11.090103,33.48,86.0,0.0,46360.0,58.30775,55.213478
2026-01-08 05:00:00+01:00,-2.386,11.27553,29.16,81.0,0.0,38740.0,58.57956,71.50873
2026-01-08 06:00:00+01:00,-2.386,12.413476,27.72,83.0,0.0,41440.0,52.58505,78.16008
2026-01-08 07:00:00+01:00,-2.4859998,11.384199,29.519999,81.0,0.3,26620.0,54.15887,72.376236
2026-01-08 08:00:00+01:00,-2.9359999,11.609651,29.519999,83.0,0.4,7120.0,56.05804,63.692554
2026-01-08 09:00:00+01:00,-1.9859998,9.1641035,26.64,82.0,0.0,20540.0,60.38791,62.347645
2026-01-08 10:00:00+01:00,-2.2359998,10.636766,23.759998,100.0,0.5,1700.0,65.8682,62.47111
2026-01-08 11:00:00+01:00,-1.286,9.931042,25.919998,87.0,0.2,11100.0,66.350365,68.380165
2026-01-08 12:00:00+01:00,-0.53599995,11.91812,29.88,100.0,0.0,11180.0,69.63061,73.841194
2026-01-08 13:00:00+01:00,0.06400001,12.594856,37.8,100.0,0.1,13460.0,70.035034,71.61639
2026-01-08 14:00:00+01:00,1.1140001,11.592895,36.719997,99.0,0.0,19220.0,64.72971,67.91377
2026-01-08 15:00:00+01:00,1.5640001,14.182355,33.839996,94.0,0.0,21840.0,70.35158,79.91484
2026-01-08 16:00:00+01:00,1.8640001,10.703569,39.239998,100.0,0.0,15360.0,69.46341,77.72759
2026-01-08 17:00:00+01:00,2.114,9.0645685,30.960001,100.0,0.0,16800.0,60.676083,83.839066
2026-01-08 18:00:00+01:00,1.2639999,16.946787,39.239998,85.0,1.2,3640.0,63.668762,92.99994
2026-01-08 19:00:00+01:00,1.5640001,14.986553,40.68,84.0,0.5,3660.0,75.94283,91.030014
2026-01-08 20:00:00+01:00,2.364,15.876775,38.519997,67.0,0.1,10520.0,84.87455,83.50525
2026-01-08 21:00:00+01:00,3.214,14.88242,36.36,64.0,0.1,18520.0,82.56153,75.26742
2026-01-08 22:00:00+01:00,3.114,13.009903,39.96,100.0,0.4,13120.0,78.467125,83.28581
2026-01-08 23:00:00+01:00,3.2640002,19.319628,39.96,59.0,0.3,13440.0,97.45507,86.463196
2026-01-09 00:00:00+01:00,4.064,15.484185,45.0,43.0,0.1,26300.0,87.44263,85.828156
2026-01-09 01:00:00+01:00,3.914,9.793059,36.0,40.0,0.2,27560.0,77.77467,91.86626
2026-01-09 02:00:00+01:00,4.114,12.10157,35.64,49.0,0.3,27600.0,77.240166,100.86541
2026-01-09 03:00:00+01:00,3.664,13.138765,41.760002,61.0,0.2,19040.0,88.47198,115.0555
2026-01-09 04:00:00+01:00,3.5640001,14.693999,41.039997,59.0,0.2,11120.0,107.73336,107.48509
2026-01-09 05:00:00+01:00,4.8139997,33.043606,73.439995,79.0,0.3,28720.0,121.13636,114.928185
2026-01-09 06:00:00+01:00,4.414,32.427986,79.56,56.0,0.3,29300.0,112.631645,103.48219
2026-01-09 07:00:00+01:00,4.114,28.119204,79.2,82.0,0.3,22920.0,90.6469,97.41861
2026-01-09 08:00:00+01:00,3.714,22.545315,56.519997,40.0,0.0,29420.0,91.05375,90.02568
2026-01-09 09:00:00+01:00,3.864,25.14852,58.679996,45.0,0.1,31800.0,92.33106,82.645004
2026-01-09 10:00:00+01:00,3.714,22.077717,55.079998,42.0,0.2,32580.0,90.651474,94.12611
2026-01-09 11:00:00+01:00,3.0640001,23.667091,62.639996,95.0,0.4,14580.0,92.55458,84.96876
2026-01-09 12:00:00+01:00,3.0640001,25.952478,57.239998,74.0,0.4,15240.0,98.08059,90.92626
2026-01-09 13:00:00+01:00,3.5640001,25.537172,64.079994,79.0,0.0,19120.0,82.512474,93.04963
2026-01-09 14:00:00+01:00,4.064,28.03612,66.6,45.0,0.0,41100.0,85.21641,89.18081
2026-01-09 15:00:00+01:00,3.914,28.82249,65.159996,22.0,0.0,52180.0,82.95297,87.65579
2026-01-09 16:00:00+01:00,3.464,28.99062,62.279995,72.0,0.0,46480.0,82.51625,88.27114
2026-01-09 17:00:00+01:00,2.614,23.667091,60.839996,60.0,0.0,41060.0,87.63713,81.83693
2026-01-09 18:00:00+01:00,2.464,25.140787,53.639996,79.0,0.0,46360.0,87.003365,83.625114
2026-01-09 19:00:00+01:00,2.7640002,24.20314,54.36,49.0,0.0,52980.0,78.1489,78.98382
2026-01-09 20:00:00+01:00,1.314,20.49156,56.88,94.0,0.2,11800.0,84.80358,76.98803
2026-01-09 21:00:00+01:00,1.664,24.86868,53.639996,45.0,0.0,29580.0,81.93665,78.21674
2026-01-09 22:00:00+01:00,1.5640001,22.553934,55.44,47.0,0.0,15960.0,71.52252,68.34636
2026-01-09 23:00:00+01:00,1.464,24.149532,49.68,75.0,0.0,22640.0,77.05714,78.86668
2026-01-10 00:00:00+01:00,1.214,23.540806,52.56,86.0,0.0,17620.0,77.61832,74.79503
2026-01-10 01:00:00+01:00,1.0139999,25.925,54.0,100.0,0.0,12800.0,79.84183,80.80654
2026-01-10 02:00:00+01:00,0.46400002,24.40046,56.88,100.0,0.3,1700.0,83.36376,66.43989
2026-01-10 03:00:00+01:00,0.51400006,26.674032,59.039997,97.0,0.1,8660.0,76.92497,74.524124
2026-01-10 04:00:00+01:00,0.614,25.045238,56.88,81.0,0.1,13420.0,69.244835,74.547386
2026-01-10 05:00:00+01:00,0.51400006,23.73271,52.199997,98.0,0.0,11600.0,71.138245,75.72414
2026-01-10 06:00:00+01:00,0.26400003,24.606731,50.76,87.0,0.1,9120.0,69.536606,74.609375
2026-01-10 07:00:00+01:00,0.314,27.345785,52.92,92.0,0.1,8420.0,75.0807,72.83522
2026-01-10 08:00:00+01:00,0.21400002,27.684914,60.120003,93.0,0.1,6860.0,75.18296,70.27237
2026-01-10 09:00:00+01:00,0.014000028,26.554728,60.479996,100.0,0.1,8840.0,72.518715,69.234024
2026-01-10 10:00:00+01:00,-0.035999984,30.758411,59.399998,70.0,0.1,14020.0,69.27181,67.06034
2026-01-10 11:00:00+01:00,-0.13599998,30.312773,61.920002,88.0,0.2,6260.0,72.12247,63.958145
2026-01-10 12:00:00+01:00,-0.085999966,27.322077,62.279995,94.0,0.1,9320.0,72.24329,65.9364
2026-01-10 13:00:00+01:00,-0.035999984,30.302078,65.520004,83.0,0.2,9600.0,68.90663,64.17462
2026-01-10 14:00:00+01:00,-0.18599999,28.387545,65.88,90.0,0.1,7300.0,70.68581,66.43989
2026-01-10 15:00:00+01:00,0.014000028,24.64094,55.44,93.0,0.1,12180.0,59.32632,62.08137
2026-01-10 16:00:00+01:00,-0.236,21.758419,54.36,100.0,0.1,10700.0,58.09009,62.674282
2026-01-10 17:00:00+01:00,-0.486,21.611998,46.8,100.0,0.1,3020.0,53.056816,59.615295
2026-01-10 18:00:00+01:00,-0.886,21.188072,51.839996,100.0,0.3,5940.0,52.45457,60.865574
2026-01-10 19:00:00+01:00,-1.036,17.555305,42.48,93.0,0.6,580.0,47.44714,53.20943
2026-01-10 20:00:00+01:00,-1.1359999,15.745627,38.16,98.0,0.6,400.0,44.352604,44.998928
2026-01-10 21:00:00+01:00,-1.2360001,17.373497,38.16,95.0,1.1,380.0,44.14847,41.10165
2026-01-10 22:00:00+01:00,-0.986,17.935081,41.039997,96.0,0.8,640.0,47.949978,33.93419
2026-01-10 23:00:00+01:00,-1.536,18.94024,37.079998,94.0,0.3,6740.0,44.88087,35.682907
2026-01-11 00:00:00+01:00,-2.386,15.141414,37.079998,95.0,0.2,6740.0,39.054516,28.800266
2026-01-11 01:00:00+01:00,-2.2359998,11.966954,29.519999,80.0,0.2,7680.0,28.73778,23.364658
2026-01-11 02:00:00+01:00,-2.336,11.570515,23.4,83.0,0.1,5360.0,27.673931,22.490902
2026-01-11 03:00:00+01:00,-2.7359998,8.4042845,24.119999,86.0,0.1,5760.0,27.086145,28.089205
2026-01-11 04:00:00+01:00,-2.1859999,8.4042845,21.96,93.0,0.3,1280.0,23.222628,25.273579
2026-01-11 05:00:00+01:00,-2.1859999,7.342588,19.44,86.0,0.2,1100.0,21.615568,24.389233
2026-01-11 06:00:00+01:00,-2.286,5.2416787,16.919998,88.0,0.1,1100.0,19.742744,23.789505
2026-01-11 07:00:00+01:00,-2.2359998,5.3517847,14.04,85.0,0.1,4100.0,19.333553,24.554531
2026-01-11 08:00:00+01:00,-3.2359998,2.7416782,12.959999,74.0,0.1,3940.0,13.340306,21.759575
2026-01-11 09:00:00+01:00,-3.4859998,2.5455842,8.28,82.0,0.0,920.0,15.031068,19.949162
2026-01-11 10:00:00+01:00,-2.386,2.0991426,6.12,92.0,0.0,3120.0,8.513107,19.900824
2026-01-11 11:00:00+01:00,-1.536,1.9386592,5.7599998,87.0,0.1,8040.0,12.603934,27.931032
2026-01-11 12:00:00+01:00,-1.1359999,2.9024127,7.2,89.0,0.0,14620.0,14.82239,25.59169
2026-01-11 13:00:00+01:00,-0.886,0.71999997,6.8399997,97.0,0.0,12860.0,11.392405,19.400894
2026-01-11 14:00:00+01:00,-0.636,2.0991426,6.12,83.0,0.0,17400.0,9.113924,22.353445
2026-01-11 15:00:00+01:00,-0.68599993,2.8116899,7.5599995,41.0,0.0,18460.0,11.392405,23.265514
2026-01-11 16:00:00+01:00,-1.336,2.7416782,6.4799995,47.0,0.0,16140.0,9.294415,27.147633
2026-01-11 17:00:00+01:00,-3.086,3.7064266,10.440001,15.0,0.0,5600.0,8.646228,24.843096
2026-01-11 18:00:00+01:00,-4.2860003,3.671294,11.159999,0.0,0.0,11100.0,7.418196,24.389233
2026-01-11 19:00:00+01:00,-3.9859998,2.4149535,10.799999,81.0,0.0,6980.0,8.36547,24.341797
2026-01-11 20:00:00+01:00,-3.586,2.6208394,10.08,74.0,0.0,4660.0,10.035667,27.681644
2026-01-11 21:00:00+01:00,-3.686,2.5455842,9.72,88.0,0.0,2300.0,15.318443,25.265957
2026-01-11 22:00:00+01:00,-3.9859998,4.5536795,9.72,67.0,0.0,3000.0,22.370924,29.093067
2026-01-11 23:00:00+01:00,-3.936,4.1046314,14.04,68.0,0.0,3020.0,25.47419,32.47814
2026-01-12 00:00:00+01:00,-4.486,1.835647,11.159999,0.0,0.0,4120.0,28.781101,37.262062
2026-01-12 01:00:00+01:00,-4.5360003,4.6102495,10.08,0.0,0.0,9960.0,31.181076,38.04478
2026-01-12 02:00:00+01:00,-3.886,3.8939953,13.32,0.0,0.0,8160.0,31.604427,40.587597
2026-01-12 03:00:00+01:00,-3.336,2.7416782,10.440001,0.0,0.0,10560.0,43.221527,42.142952
2026-01-12 04:00:00+01:00,-2.586,6.696387,12.959999,36.0,0.0,11040.0,55.050667,47.66395
2026-01-12 05:00:00+01:00,-1.2360001,8.089993,22.68,74.0,0.0,32680.0,44.11083,44.260868
2026-01-12 06:00:00+01:00,-0.78599995,9.793058,30.599998,53.0,0.0,14800.0,59.661404,55.550854
2026-01-12 07:00:00+01:00,-0.085999966,12.768586,33.839996,74.0,0.1,33360.0,64.8451,55.550854
2026-01-12 08:00:00+01:00,0.66400003,10.233123,30.960001,100.0,0.0,32500.0,65.279175,51.021294
2026-01-12 09:00:00+01:00,1.6140001,11.885453,34.2,82.0,0.0,32120.0,63.15956,53.814186
2026-01-12 10:00:00+01:00,1.914,12.758432,36.719997,58.0,0.0,33440.0,66.170166,49.425762
2026-01-12 11:00:00+01:00,2.5640001,11.620809,36.719997,30.0,0.0,40360.0,62.29552,48.983383
2026-01-12 12:00:00+01:00,3.214,16.595179,45.0,33.0,0.0,47520.0,63.289295,44.50392
2026-01-12 13:00:00+01:00,3.464,17.873556,44.28,46.0,0.0,56580.0,64.86271,50.27969
2026-01-12 14:00:00+01:00,3.8140001,14.986553,45.0,48.0,0.1,54780.0,56.654964,58.397625
2026-01-12 15:00:00+01:00,4.264,10.028439,38.16,84.0,0.0,52440.0,54.929825,46.55586
2026-01-12 16:00:00+01:00,3.864,11.298495,34.2,74.0,0.0,51420.0,57.52792,49.05019
2026-01-12 17:00:00+01:00,3.864,7.145796,29.88,76.0,0.1,49480.0,48.853096,51.33745
2026-01-12 18:00:00+01:00,3.964,6.1305785,24.119999,56.0,0.3,46220.0,47.735123,62.591244
2026-01-12 19:00:00+01:00,3.664,6.763786,25.199999,70.0,0.0,36440.0,51.40487,64.84944
2026-01-12 20:00:00+01:00,3.864,5.3999996,20.16,78.0,0.0,37260.0,47.576077,62.267265
2026-01-12 21:00:00+01:00,4.164,5.0911684,17.28,20.0,0.0,40180.0,48.829712,65.3613
2026-01-12 22:00:00+01:00,3.3140001,5.4119864,13.32,55.0,0.0,20060.0,42.61673,67.106285
2026-01-12 23:00:00+01:00,3.914,5.315336,17.64,0.0,0.0,28100.0,57.71352,60.92252
2026-01-13 00:00:00+01:00,4.064,6.830519,22.68,0.0,0.0,28600.0,66.73266,56.619007
2026-01-13 01:00:00+01:00,4.064,11.440979,30.239998,32.0,0.0,23720.0,64.91072,57.727467
2026-01-13 02:00:00+01:00,4.414,12.43434,34.2,0.0,0.0,35280.0,64.564285,62.665066
2026-01-13 03:00:00+01:00,4.414,11.165805,34.2,0.0,0.0,40480.0,64.162605,61.975784
2026-01-13 04:00:00+01:00,3.664,14.4,36.719997,0.0,0.0,28300.0,66.87409,57.157394
2026-01-13 05:00:00+01:00,3.964,13.570615,34.56,0.0,0.0,35520.0,65.78776,52.84982
2026-01-13 06:00:00+01:00,4.064,12.682018,33.12,0.0,0.0,35860.0,58.98934,45.37831
2026-01-13 07:00:00+01:00,3.3140001,7.10031,29.88,0.0,0.0,27020.0,39.7528,44.80158
2026-01-13 08:00:00+01:00,3.464,5.6233797,18.0,0.0,0.0,31280.0,33.68763,48.11846
2026-01-13 09:00:00+01:00,3.464,1.8,18.0,0.0,0.0,33420.0,26.03856,48.278324
2026-01-13 10:00:00+01:00,2.714,4.6938257,7.2,0.0,0.0,10000.0,18.21075,48.69151
2026-01-13 11:00:00+01:00,3.2640002,3.4152596,11.879999,0.0,0.0,15380.0,18.70576,54.905598
2026-01-13 12:00:00+01:00,3.7640002,1.2979984,7.92,0.0,0.0,19720.0,18.369701,47.57901
2026-01-13 13:00:00+01:00,4.014,3.319036,5.3999996,0.0,0.0,24820.0,14.67455,46.914444
2026-01-13 14:00:00+01:00,4.414,3.6179552,6.4799995,0.0,0.0,21920.0,18.21075,43.612003
2026-01-13 15:00:00+01:00,4.5639997,2.5455842,6.8399997,0.0,0.0,22320.0,18.992203,48.65589
2026-01-13 16:00:00+01:00,4.914,6.849467,8.64,0.0,0.0,41720.0,35.49753,47.469566
2026-01-13 17:00:00+01:00,4.514,6.130579,15.4800005,0.0,0.0,35260.0,34.23792,40.24922
2026-01-13 18:00:00+01:00,4.764,5.771239,15.119999,0.0,0.0,23740.0,36.32159,35.38475
2026-01-13 19:00:00+01:00,4.364,6.5693827,13.679999,0.0,0.0,26500.0,32.222588,37.499107
2026-01-13 20:00:00+01:00,4.664,6.151683,17.64,0.0,0.0,29280.0,32.27732,33.036785
2026-01-13 21:00:00+01:00,5.0639997,4.2136917,17.28,0.0,0.0,34100.0,27.051624,35.466312
2026-01-13 22:00:00+01:00,4.2139997,4.39436,14.4,0.0,0.0,25600.0,21.615568,37.184437
2026-01-13 23:00:00+01:00,4.014,4.072935,12.24,0.0,0.0,23880.0,14.532351,47.756813
2026-01-14 00:00:00+01:00,4.264,3.096837,11.5199995,0.0,0.0,35520.0,7.7602262,58.440487
2026-01-14 01:00:00+01:00,3.464,4.510787,10.799999,0.0,0.0,36460.0,9.952556,54.41222
2026-01-14 02:00:00+01:00,3.414,3.8773184,12.24,0.0,0.0,35720.0,9.994198,58.782284
2026-01-14 03:00:00+01:00,3.7640002,3.319036,12.24,0.0,0.0,42040.0,20.561947,65.80774
2026-01-14 04:00:00+01:00,3.5640001,5.495161,11.879999,0.0,0.0,34640.0,45.653843,61.922928
2026-01-14 05:00:00+01:00,3.3140001,5.495161,17.28,0.0,0.0,34980.0,60.735943,63.060356
2026-01-14 06:00:00+01:00,3.7640002,5.6233797,19.08,0.0,0.0,41680.0,73.619965,65.23149
2026-01-14 07:00:00+01:00,3.664,9.511088,22.68,0.0,0.0,38360.0,68.3058,62.836967
2026-01-14 08:00:00+01:00,3.8140001,9.504273,27.359999,0.0,0.0,49140.0,62.993305,56.154404
2026-01-14 09:00:00+01:00,4.064,8.287822,27.0,0.0,0.0,53880.0,58.94708,51.11182
2026-01-14 10:00:00+01:00,4.414,9.585739,25.199999,0.0,0.0,57040.0,64.2273,57.27859
2026-01-14 11:00:00+01:00,4.5639997,10.195057,24.84,0.0,0.0,57020.0,60.91006,64.82864
2026-01-14 12:00:00+01:00,5.614,8.891343,27.359999,0.0,0.0,64120.0,61.451443,68.31252
2026-01-14 13:00:00+01:00,6.364,7.491114,24.48,0.0,0.0,67040.0,67.44611,64.22264
2026-01-14 14:00:00+01:00,6.3139997,8.209263,21.599998,0.0,0.0,64120.0,63.696484,49.69007
2026-01-14 15:00:00+01:00,6.3139997,7.6367526,20.16,0.0,0.0,55900.0,57.932594,42.87703
2026-01-14 16:00:00+01:00,6.8139997,8.161764,21.96,0.0,0.0,62220.0,49.149742,43.11448
2026-01-14 17:00:00+01:00,6.7139997,8.217153,23.759998,0.0,0.0,63380.0,44.695408,45.64496
2026-01-14 18:00:00+01:00,6.3139997,8.766573,22.319998,0.0,0.0,65720.0,43.38697,46.456448
2026-01-14 19:00:00+01:00,5.414,7.9036193,21.96,0.0,0.0,57660.0,36.56092,42.791584
2026-01-14 20:00:00+01:00,5.414,6.792466,19.8,0.0,0.0,56380.0,32.841755,43.025024
2026-01-14 21:00:00+01:00,5.364,6.6087217,21.599998,0.0,0.0,56420.0,27.707676,45.1357
2026-01-14 22:00:00+01:00,4.7139997,7.8954163,25.919998,0.0,0.0,39180.0,22.898449,47.049744
2026-01-14 23:00:00+01:00,4.514,7.8625183,23.759998,0.0,0.0,34780.0,18.866041,50.041595
2026-01-15 00:00:00+01:00,5.0639997,10.739833,30.239998,0.0,0.0,36320.0,17.934988,50.041595
2026-01-15 01:00:00+01:00,4.064,9.605998,32.399998,0.0,0.0,23460.0,7.840093,45.619633
2026-01-15 02:00:00+01:00,4.014,8.891344,27.359999,0.0,0.0,22640.0,15.148044,48.03432
2026-01-15 03:00:00+01:00,4.314,5.8603754,25.919998,0.0,0.0,30540.0,47.392403,46.13607
2026-01-15 04:00:00+01:00,4.914,7.754637,19.08,58.0,0.0,39520.0,57.289185,43.92448
2026-01-15 05:00:00+01:00,4.764,7.10031,21.96,34.0,0.0,31640.0,54.411346,45.31034
2026-01-15 06:00:00+01:00,4.914,5.1919937,20.16,22.0,0.0,31580.0,51.879368,47.40866
2026-01-15 07:00:00+01:00,4.4639997,6.989936,19.08,66.0,0.0,25700.0,52.58505,52.152702
2026-01-15 08:00:00+01:00,3.864,9.021574,21.96,57.0,0.0,20360.0,45.242622,52.263393
2026-01-15 09:00:00+01:00,4.164,13.217443,30.599998,44.0,0.1,18340.0,42.514282,48.086422
2026-01-15 10:00:00+01:00,4.264,12.72283,32.039997,21.0,0.0,9580.0,30.81598,43.55897
2026-01-15 11:00:00+01:00,4.764,6.792466,30.960001,0.0,0.0,19260.0,20.63252,42.357235
2026-01-15 12:00:00+01:00,5.4639997,3.096837,16.919998,0.0,0.0,22160.0,10.118097,42.357235
2026-01-15 13:00:00+01:00,6.614,1.835647,7.2,0.0,0.0,45520.0,11.961482,44.693966
2026-01-15 14:00:00+01:00,7.164,3.6179552,8.64,0.0,0.0,40940.0,10.520563,45.577385
2026-01-15 15:00:00+01:00,7.0639997,5.4119864,12.959999,0.0,0.0,46800.0,10.240498,41.918385
2026-01-15 16:00:00+01:00,6.614,2.9024127,13.679999,0.0,0.0,36640.0,11.961482,43.11448
2026-01-15 17:00:00+01:00,5.364,2.968636,10.08,0.0,0.0,36160.0,14.148615,39.728985
2026-01-15 18:00:00+01:00,4.864,4.1046314,9.72,0.0,0.0,36200.0,14.69576,40.344826
2026-01-15 19:00:00+01:00,4.364,2.1897945,8.64,0.0,0.0,28000.0,19.084913,43.381718
2026-01-15 20:00:00+01:00,3.464,3.2599385,10.08,0.0,0.0,24220.0,16.718523,40.98432
2026-01-15 21:00:00+01:00,2.964,3.5455887,8.28,0.0,0.0,19340.0,15.099987,31.612547
2026-01-15 22:00:00+01:00,2.964,4.0249224,7.5599995,0.0,0.0,15960.0,10.802979,37.24138
2026-01-15 23:00:00+01:00,2.914,3.6179552,10.08,0.0,0.0,6320.0,8.95301,33.64344
2026-01-16 00:00:00+01:00,3.0640001,3.8939953,10.440001,0.0,0.0,4980.0,6.198138,28.430025
2026-01-16 01:00:00+01:00,2.864,5.4119864,16.56,0.0,0.0,5580.0,4.488087,31.903688
2026-01-16 02:00:00+01:00,3.214,3.8939953,16.199999,0.0,0.0,11680.0,5.941551,28.693052
2026-01-16 03:00:00+01:00,3.414,3.0547013,13.679999,0.0,0.0,19260.0,5.709857,17.390388
2026-01-16 04:00:00+01:00,2.664,5.6920996,12.24,0.0,0.0,19380.0,8.377872,23.364658
2026-01-16 05:00:00+01:00,2.914,3.219938,16.919998,0.0,0.0,26760.0,6.444517,17.773846
2026-01-16 06:00:00+01:00,3.464,2.1897945,11.879999,0.0,0.0,33880.0,4.488087,14.609298
2026-01-16 07:00:00+01:00,2.8140001,2.9024127,9.0,0.0,0.0,34740.0,4.2990294,16.71258
2026-01-16 08:00:00+01:00,2.164,2.7416782,6.8399997,0.0,0.0,27640.0,1.0189676,9.813965
2026-01-16 09:00:00+01:00,2.864,0.71999997,3.6,0.0,0.0,32300.0,4.6916795,6.2378535
2026-01-16 10:00:00+01:00,2.7640002,3.671294,3.96,0.0,0.0,39000.0,6.0797453,14.289349
2026-01-16 11:00:00+01:00,3.0140002,4.1046314,8.64,0.0,0.0,37240.0,7.6388597,14.275861
2026-01-16 12:00:00+01:00,3.8140001,7.145796,13.32,0.0,0.0,27900.0,7.418196,13.948265
2026-01-16 13:00:00+01:00,4.2139997,8.209263,21.96,0.0,0.0,40700.0,8.800955,15.012479
2026-01-16 14:00:00+01:00,5.7139997,9.3669195,22.319998,0.0,0.0,61520.0,8.476439,15.861018
2026-01-16 15:00:00+01:00,5.664,6.792466,21.96,0.0,0.0,60840.0,7.6388597,17.489796
2026-01-16 16:00:00+01:00,4.364,6.989936,18.72,0.0,0.0,23240.0,11.92671,19.171173
2026-01-16 17:00:00+01:00,3.3140001,6.1305785,16.919998,0.0,0.0,20420.0,13.223043,18.908127
2026-01-16 18:00:00+01:00,3.614,5.634891,14.759999,0.0,0.0,48680.0,9.65603,18.26558
2026-01-16 19:00:00+01:00,2.714,4.1046314,13.32,0.0,0.0,26860.0,10.311228,16.185604
2026-01-16 20:00:00+01:00,2.614,2.8116899,10.08,0.0,0.0,24460.0,7.34788,18.516953
2026-01-16 21:00:00+01:00,2.5640001,1.1384199,5.04,0.0,0.0,23560.0,9.227144,23.975016
2026-01-16 22:00:00+01:00,1.5139999,3.5455887,3.6,0.0,0.0,13100.0,9.752324,19.28138
2026-01-16 23:00:00+01:00,1.8640001,2.4149535,5.3999996,40.0,0.0,21640.0,10.401459,16.245003
2026-01-17 00:00:00+01:00,2.414,0.8049845,3.96,45.0,0.0,21900.0,6.7744107,11.809426
2026-01-17 01:00:00+01:00,2.014,2.4149535,2.8799999,50.0,0.0,9560.0,5.9240503,10.180067
2026-01-17 02:00:00+01:00,1.964,1.8,4.68,0.0,0.0,12080.0,8.765491,12.795844
2026-01-17 03:00:00+01:00,1.714,2.0991426,2.8799999,0.0,0.0,9440.0,12.44643,15.329903
2026-01-17 04:00:00+01:00,1.064,1.1384199,3.96,0.0,0.0,8640.0,14.265547,10.606349
2026-01-17 05:00:00+01:00,1.3640001,1.9386592,3.96,0.0,0.0,18000.0,9.022324,6.2068963
2026-01-17 06:00:00+01:00,1.5139999,2.9024127,4.68,0.0,0.0,28840.0,4.201311,7.5764823
2026-01-17 07:00:00+01:00,0.51400006,5.8048253,5.7599998,0.0,0.0,19060.0,13.246579,11.858258
2026-01-17 08:00:00+01:00,1.164,5.495161,12.599999,0.0,0.0,26180.0,10.311228,15.355014
2026-01-17 09:00:00+01:00,0.96400005,4.8433046,12.24,0.0,0.0,24660.0,12.44643,13.398848
2026-01-17 10:00:00+01:00,1.914,5.8048253,12.959999,0.0,0.0,27060.0,9.666777,12.475707
2026-01-17 11:00:00+01:00,2.664,5.8603754,14.759999,0.0,0.0,26200.0,10.118097,8.350525
2026-01-17 12:00:00+01:00,3.5640001,3.6,14.4,0.0,0.0,15900.0,6.572144,6.113084
2026-01-17 13:00:00+01:00,4.5639997,5.3999996,14.4,0.0,0.0,21100.0,11.208644,7.900089
2026-01-17 14:00:00+01:00,4.614,2.6208394,13.679999,0.0,0.0,21240.0,7.7468357,14.543223
2026-01-17 15:00:00+01:00,4.414,2.2768397,9.0,0.0,0.0,14860.0,6.330734,14.289349
2026-01-17 16:00:00+01:00,3.3140001,2.8116899,5.7599998,0.0,0.0,7180.0,8.21518,16.018122
2026-01-17 17:00:00+01:00,2.114,2.5455842,5.3999996,0.0,0.0,6220.0,7.205189,11.939204
2026-01-17 18:00:00+01:00,1.8140001,5.00128,7.92,0.0,0.0,14860.0,8.36547,9.227214
2026-01-17 19:00:00+01:00,1.2639999,4.2136917,8.28,0.0,0.0,9140.0,9.482423,9.950412
2026-01-17 20:00:00+01:00,0.614,4.8965297,10.799999,60.0,0.0,1480.0,11.760141,9.037377
2026-01-17 21:00:00+01:00,0.91400003,5.495161,12.599999,0.0,0.0,5520.0,13.889393,11.858258
2026-01-17 22:00:00+01:00,0.314,5.3999996,12.959999,67.0,0.0,1000.0,15.044876,23.88647
2026-01-17 23:00:00+01:00,-0.18599999,3.8939953,14.4,100.0,0.0,240.0,15.949366,28.335009
2026-01-18 00:00:00+01:00,-0.78599995,4.6938252,11.879999,100.0,0.0,160.0,15.553866,27.373749
2026-01-18 01:00:00+01:00,-1.3859999,4.5820518,11.879999,100.0,0.0,80.0,17.441916,25.69685
2026-01-18 02:00:00+01:00,-1.836,5.315336,12.959999,100.0,0.0,80.0,18.766718,22.889902
2026-01-18 03:00:00+01:00,-2.086,6.519877,13.32,100.0,0.0,160.0,19.784773,18.454428
2026-01-18 04:00:00+01:00,-2.6859999,5.4833565,13.32,100.0,0.0,80.0,14.41038,19.390963
2026-01-18 05:00:00+01:00,-2.786,3.9763298,12.599999,100.0,0.0,80.0,13.120569,18.0
2026-01-18 06:00:00+01:00,-2.7359998,3.7585104,9.72,100.0,0.0,100.0,11.618018,12.780782
2026-01-18 07:00:00+01:00,-2.2359998,2.5455842,9.36,100.0,0.0,80.0,8.95301,6.2068963
2026-01-18 08:00:00+01:00,-1.9859998,4.3498964,12.599999,100.0,0.0,80.0,10.569795,10.569963
2026-01-18 09:00:00+01:00,-2.086,2.9024127,13.32,100.0,0.0,60.0,12.832521,14.289349
2026-01-18 10:00:00+01:00,-1.7359998,0.0,12.599999,100.0,0.0,100.0,9.837129,11.711148
2026-01-18 11:00:00+01:00,-0.836,3.219938,10.799999,100.0,0.0,120.0,10.035667,10.998648
2026-01-18 12:00:00+01:00,-0.38599998,0.71999997,10.799999,100.0,0.0,120.0,12.133847,8.689655
2026-01-18 13:00:00+01:00,-0.18599999,1.609969,7.2,100.0,0.0,140.0,15.230073,6.939521
2026-01-18 14:00:00+01:00,0.36400002,1.8,5.7599998,100.0,0.0,160.0,12.51299,7.0769506
2026-01-18 15:00:00+01:00,0.46400002,0.5091169,5.3999996,100.0,0.0,220.0,9.994198,10.1040945
2026-01-18 16:00:00+01:00,-0.436,2.5455842,5.04,100.0,0.0,100.0,7.78694,9.655664
2026-01-18 17:00:00+01:00,-0.436,3.4152596,8.64,100.0,0.0,160.0,6.9559,12.735487
2026-01-18 18:00:00+01:00,-1.1859999,0.71999997,6.8399997,100.0,0.0,140.0,5.195736,11.545494
2026-01-18 19:00:00+01:00,-1.336,2.8116899,6.4799995,100.0,0.0,160.0,5.487309,10.1040945
2026-01-18 20:00:00+01:00,-1.7359998,3.219938,9.36,100.0,0.0,180.0,10.599223,10.624495
2026-01-18 21:00:00+01:00,-1.7359998,1.8,9.36,78.0,0.0,740.0,17.958132,8.281033
2026-01-18 22:00:00+01:00,-1.086,4.1046314,8.64,45.0,0.0,2640.0,26.762213,8.281033
2026-01-18 23:00:00+01:00,-0.53599995,4.8965297,14.759999,55.0,0.0,6900.0,20.78794,7.2649856
2026-01-19 00:00:00+01:00,0.16400002,2.5455842,12.24,0.0,0.0,19100.0,18.504856,8.622896
2026-01-19 01:00:00+01:00,-1.1859999,3.8939953,6.4799995,0.0,0.0,2600.0,15.148044,9.655664
2026-01-19 02:00:00+01:00,-1.7359998,5.0911684,11.159999,54.0,0.0,1940.0,12.84061,11.444951
2026-01-19 03:00:00+01:00,-1.4359999,4.8965297,10.799999,37.0,0.0,2540.0,11.124962,12.795844
2026-01-19 04:00:00+01:00,-2.2359998,3.396233,10.440001,100.0,0.0,280.0,12.438086,10.1040945
2026-01-19 05:00:00+01:00,-2.2359998,5.00128,9.36,68.0,0.0,1180.0,11.4288025,9.695481
2026-01-19 06:00:00+01:00,-2.1859999,2.7416782,9.0,66.0,0.0,1320.0,10.490914,9.813965
2026-01-19 07:00:00+01:00,-3.286,3.6,4.32,87.0,0.0,680.0,8.765491,8.951714
2026-01-19 08:00:00+01:00,-2.636,4.8433046,8.28,55.0,0.0,1980.0,8.215179,7.499821
2026-01-19 09:00:00+01:00,-1.4359999,3.8268526,9.36,34.0,0.0,6920.0,10.599223,5.0041595
2026-01-19 10:00:00+01:00,-0.986,4.1046314,7.92,0.0,0.0,10540.0,9.394418,5.1183376
2026-01-19 11:00:00+01:00,0.41400003,4.072935,8.28,0.0,0.0,14080.0,9.612922,6.113084
2026-01-19 12:00:00+01:00,2.614,0.35999998,7.92,0.0,0.0,30400.0,10.667574,8.092802
2026-01-19 13:00:00+01:00,3.164,1.609969,5.3999996,0.0,0.0,11840.0,2.7718916,8.068965
2026-01-19 14:00:00+01:00,4.014,1.835647,6.12,0.0,0.0,21960.0,4.511162,9.931033
2026-01-19 15:00:00+01:00,4.364,1.835647,6.12,0.0,0.0,19940.0,7.7602262,12.659634
2026-01-19 16:00:00+01:00,3.164,1.1384199,5.7599998,0.0,0.0,10280.0,11.124962,14.289349
2026-01-19 17:00:00+01:00,1.0139999,2.0991426,7.2,72.0,0.0,980.0,10.754816,12.659634
2026-01-19 18:00:00+01:00,-0.236,2.5959969,7.5599995,40.0,0.0,2660.0,7.7602262,9.6356945
2026-01-19 19:00:00+01:00,-1.1859999,2.5959969,7.92,7.0,0.0,2860.0,8.21518,11.172413
2026-01-19 20:00:00+01:00,-0.836,4.829907,14.04,0.0,0.0,5320.0,7.7602262,9.164372
2026-01-19 21:00:00+01:00,-1.4860001,5.00128,13.679999,47.0,0.0,2320.0,14.192577,9.392738
2026-01-19 22:00:00+01:00,-2.4359999,4.8433046,12.599999,100.0,0.0,80.0,14.787324,10.714764
2026-01-19 23:00:00+01:00,-2.6859999,2.4149535,11.879999,100.0,0.0,100.0,12.889034,12.413793
2026-01-20 00:00:00+01:00,-1.7359998,5.1919937,9.36,70.0,0.0,1000.0,11.392405,13.0492525
2026-01-20 01:00:00+01:00,-2.786,3.6,10.440001,100.0,0.0,120.0,8.706063,10.1040945
2026-01-20 02:00:00+01:00,-2.7359998,5.3999996,9.72,100.0,0.0,260.0,11.926711,7.5510154
2026-01-20 03:00:00+01:00,-2.7359998,4.39436,9.36,83.0,0.0,520.0,13.533486,6.329817
2026-01-20 04:00:00+01:00,-2.636,4.3349743,8.28,49.0,0.0,2260.0,10.955679,5.8883786
2026-01-20 05:00:00+01:00,-2.836,2.8116899,11.159999,54.0,0.0,2300.0,9.17071,7.2649856
2026-01-20 06:00:00+01:00,-1.786,3.563818,7.5599995,0.0,0.0,20860.0,6.0797453,7.777219
2026-01-20 07:00:00+01:00,-2.9359999,4.198285,9.72,0.0,0.0,9020.0,4.488087,13.626929
2026-01-20 08:00:00+01:00,-3.4859998,7.2,12.24,0.0,0.0,3600.0,3.1898732,14.153901
2026-01-20 09:00:00+01:00,-2.2359998,3.319036,10.440001,0.0,0.0,22840.0,2.278481,15.266946
2026-01-20 10:00:00+01:00,-1.1359999,3.8268526,6.4799995,0.0,0.0,21220.0,2.3236039,14.329733
2026-01-20 11:00:00+01:00,0.46400002,4.3349743,7.92,0.0,0.0,27360.0,3.0569031,16.861752
2026-01-20 12:00:00+01:00,2.464,2.2768397,7.92,0.0,0.0,49160.0,2.0379353,17.31268
2026-01-20 13:00:00+01:00,4.5639997,1.8,7.2,0.0,0.0,45200.0,4.556962,18.433542
2026-01-20 14:00:00+01:00,4.5639997,2.0364676,9.36,0.0,0.0,42320.0,7.7468357,17.78468
2026-01-20 15:00:00+01:00,4.864,1.8,7.2,0.0,0.0,38500.0,8.800955,15.566816
2026-01-20 16:00:00+01:00,4.2139997,0.71999997,6.8399997,0.0,0.0,37720.0,7.3619976,16.398428
2026-01-20 17:00:00+01:00,1.5640001,1.2979984,6.8399997,0.0,0.0,8840.0,6.198138,14.153901
2026-01-20 18:00:00+01:00,1.064,3.096837,5.04,0.0,0.0,31940.0,7.205189,14.476846
2026-01-20 19:00:00+01:00,0.864,3.8268526,5.04,0.0,0.0,34560.0,6.970812,11.444951
2026-01-20 20:00:00+01:00,0.46400002,4.1046314,6.4799995,0.0,0.0,29320.0,6.47666,12.413793
2026-01-20 21:00:00+01:00,0.41400003,4.829907,9.72,0.0,0.0,49060.0,5.7641516,9.655664
2026-01-20 22:00:00+01:00,-0.93599993,3.219938,10.799999,0.0,0.0,10240.0,8.377872,8.327425
2026-01-20 23:00:00+01:00,-0.28599995,4.6102495,9.72,0.0,0.0,38520.0,10.331347,12.320337
2026-01-21 00:00:00+01:00,-0.436,4.802999,10.08,0.0,0.0,39840.0,11.392405,16.492132
2026-01-21 01:00:00+01:00,-0.78599995,5.1165614,10.440001,0.0,0.0,22780.0,11.926711,17.522804
2026-01-21 02:00:00+01:00,-1.586,6.638072,11.879999,0.0,0.0,11160.0,15.1685915,20.035875
2026-01-21 03:00:00+01:00,-0.33599997,5.495161,15.4800005,0.0,0.0,50540.0,18.54969,18.381218
2026-01-21 04:00:00+01:00,-1.7359998,4.5820518,12.959999,0.0,0.0,20060.0,15.284515,14.999642
2026-01-21 05:00:00+01:00,-1.2360001,3.4152596,11.5199995,0.0,0.0,26000.0,12.396276,15.355014
2026-01-21 06:00:00+01:00,-1.036,6.1094027,11.159999,0.0,0.0,45280.0,7.7602262,12.051613
2026-01-21 07:00:00+01:00,-2.4359999,3.319036,11.5199995,0.0,0.0,5380.0,6.6350365,5.8883786
2026-01-21 08:00:00+01:00,-1.1359999,3.563818,8.64,0.0,0.0,32420.0,5.487309,4.8477407
2026-01-21 09:00:00+01:00,-1.1359999,5.04,8.64,0.0,0.0,34180.0,9.045312,1.387904
2026-01-21 10:00:00+01:00,-0.736,2.16,9.36,0.0,0.0,31320.0,9.858215,2.5591688
2026-01-21 11:00:00+01:00,0.614,3.8268526,9.36,0.0,0.0,21260.0,8.476439,2.5591688
2026-01-21 12:00:00+01:00,1.714,2.1897945,8.28,0.0,0.0,24620.0,6.47666,3.1034482
2026-01-21 13:00:00+01:00,3.5640001,1.8,5.7599998,0.0,0.0,34620.0,10.391472,7.4740934
2026-01-21 14:00:00+01:00,3.664,2.52,9.72,0.0,0.0,44980.0,9.227144,6.329817
2026-01-21 15:00:00+01:00,4.264,1.0182338,5.7599998,0.0,0.0,38680.0,10.490914,6.113084
2026-01-21 16:00:00+01:00,3.3140001,1.609969,4.68,0.0,0.0,22660.0,18.250618,5.3031745
2026-01-21 17:00:00+01:00,1.8640001,0.71999997,5.3999996,0.0,0.0,12880.0,19.483345,6.2068963
2026-01-21 18:00:00+01:00,0.76400006,5.0528407,12.959999,0.0,0.0,52920.0,19.128386,5.1183376
2026-01-21 19:00:00+01:00,-1.836,1.484318,12.599999,0.0,0.0,25520.0,17.014015,3.1649084
2026-01-21 20:00:00+01:00,-1.586,1.835647,4.68,0.0,0.0,23060.0,10.035667,4.1637125
2026-01-21 21:00:00+01:00,-1.4359999,1.9386592,4.68,0.0,0.0,35820.0,7.1182017,5.0041595
2026-01-21 22:00:00+01:00,-1.8859999,2.0991426,2.8799999,0.0,0.0,17480.0,7.840093,6.6850314
2026-01-21 23:00:00+01:00,-2.336,3.6,5.3999996,0.0,0.0,9580.0,9.113924,6.2068963
2026-01-22 00:00:00+01:00,-2.1859999,2.8116899,5.04,0.0,0.0,14140.0,8.706063,6.329817
2026-01-22 01:00:00+01:00,-3.136,3.7064266,5.7599998,0.0,0.0,3580.0,7.515534,7.0769506
2026-01-22 02:00:00+01:00,-4.2860003,5.00128,8.64,100.0,0.0,200.0,8.11344,8.951714
2026-01-22 03:00:00+01:00,-4.336,5.8603754,15.119999,100.0,0.0,260.0,16.111294,10.569963
2026-01-22 04:00:00+01:00,-3.2359998,6.618519,18.359999,0.0,0.0,6600.0,28.183254,10.274241
2026-01-22 05:00:00+01:00,-2.786,6.489992,20.16,0.0,0.0,14720.0,26.010633,10.4046545
2026-01-22 06:00:00+01:00,-2.2359998,7.342588,17.28,0.0,0.0,22700.0,16.952879,10.274241
2026-01-22 07:00:00+01:00,-2.086,4.3498964,14.759999,0.0,0.0,31040.0,7.5842957,14.181093
2026-01-22 08:00:00+01:00,-2.6859999,3.319036,7.92,0.0,0.0,22200.0,2.453999,15.702343
2026-01-22 09:00:00+01:00,-1.7359998,1.835647,6.12,0.0,0.0,30160.0,5.562481,10.551724
2026-01-22 10:00:00+01:00,-2.786,3.8939953,9.36,0.0,0.0,5140.0,3.3175182,6.598021
2026-01-22 11:00:00+01:00,-0.78599995,5.315336,9.36,0.0,0.0,7400.0,1.0189676,9.227214
2026-01-22 12:00:00+01:00,0.864,5.1919937,14.759999,0.0,0.0,27260.0,3.67394,9.695481
2026-01-22 13:00:00+01:00,1.8640001,1.2979984,15.84,45.0,0.0,50200.0,1.0189676,8.821657
2026-01-22 14:00:00+01:00,2.8140001,4.5820518,12.599999,17.0,0.0,51180.0,1.3670886,9.655664
2026-01-22 15:00:00+01:00,2.714,3.2399998,13.32,12.0,0.0,45220.0,2.6571426,12.4911375
2026-01-22 16:00:00+01:00,2.364,3.7064266,11.159999,0.0,0.0,33540.0,0.4556962,15.909525
2026-01-22 17:00:00+01:00,1.064,4.6938252,12.24,4.0,0.0,20440.0,1.4410379,19.725824
2026-01-22 18:00:00+01:00,1.664,5.00128,15.4800005,34.0,0.0,37420.0,5.6366506,21.653082
2026-01-22 19:00:00+01:00,1.0139999,3.219938,15.119999,45.0,0.0,35500.0,6.728273,19.480164
2026-01-22 20:00:00+01:00,1.0139999,4.6102495,12.959999,66.0,0.0,35260.0,16.518595,15.152965
2026-01-22 21:00:00+01:00,1.414,4.0249224,14.04,74.0,0.0,41960.0,29.686777,15.329903
2026-01-22 22:00:00+01:00,0.814,4.6102495,14.4,62.0,0.0,26700.0,25.388453,15.554438
2026-01-22 23:00:00+01:00,1.5640001,4.6800003,11.879999,71.0,0.0,36020.0,24.712854,17.290411
2026-01-23 00:00:00+01:00,1.1140001,5.4833565,11.159999,41.0,0.0,33460.0,18.147924,17.043554
2026-01-23 01:00:00+01:00,0.614,3.96,10.440001,38.0,0.0,43940.0,13.678478,20.47335
2026-01-23 02:00:00+01:00,0.714,3.9763298,8.28,4.0,0.0,50420.0,12.44643,19.040104
2026-01-23 03:00:00+01:00,0.314,4.452954,9.72,0.0,0.0,35100.0,10.004581,18.877537
2026-01-23 04:00:00+01:00,-0.33599997,1.835647,9.0,22.0,0.0,17080.0,4.9291077,23.463383
2026-01-23 05:00:00+01:00,-0.486,2.8116899,7.2,0.0,0.0,20980.0,1.8788835,22.82248
2026-01-23 06:00:00+01:00,-1.336,3.319036,7.2,0.0,0.0,13820.0,5.543783,24.103226
2026-01-23 07:00:00+01:00,-2.036,4.6800003,7.5599995,0.0,0.0,6080.0,7.78694,27.04099
2026-01-23 08:00:00+01:00,-2.2359998,3.7585104,14.04,0.0,0.0,8660.0,13.285712,26.46497
2026-01-23 09:00:00+01:00,-3.536,2.0991426,12.24,64.0,0.0,1060.0,13.309138,23.95894
2026-01-23 10:00:00+01:00,-1.836,2.0364676,8.64,0.0,0.0,5440.0,13.144288,21.724138
2026-01-23 11:00:00+01:00,0.51400006,0.8049845,11.879999,0.0,0.0,6640.0,12.84061,16.185604
2026-01-23 12:00:00+01:00,1.414,6.924738,12.959999,45.0,0.0,8880.0,12.969341,13.711481
2026-01-23 13:00:00+01:00,0.26400003,4.6938252,14.759999,92.0,0.0,520.0,12.537857,10.00832
2026-01-23 14:00:00+01:00,0.96400005,4.73506,11.5199995,62.0,0.0,5960.0,10.955679,12.241913
2026-01-23 15:00:00+01:00,1.8640001,1.609969,10.440001,0.0,0.0,20700.0,6.330734,9.494725
2026-01-23 16:00:00+01:00,1.414,2.7416782,10.08,0.0,0.0,13620.0,12.832521,11.776757
2026-01-23 17:00:00+01:00,0.46400002,4.1046314,11.159999,0.0,0.0,8100.0,12.889034,14.753624
2026-01-23 18:00:00+01:00,0.21400002,3.096837,10.799999,0.0,0.0,8540.0,6.3797464,18.672342
2026-01-23 19:00:00+01:00,-1.036,0.35999998,5.04,60.0,0.0,1000.0,4.556962,22.422277
2026-01-23 20:00:00+01:00,-2.2359998,3.563818,5.04,100.0,0.0,80.0,3.0569031,25.357279
2026-01-23 21:00:00+01:00,-2.4859998,2.1897945,6.12,100.0,0.0,80.0,3.67394,28.123474
2026-01-23 22:00:00+01:00,-1.8859999,2.4149535,9.72,100.0,0.0,60.0,4.844117,30.565416
2026-01-23 23:00:00+01:00,-1.3859999,10.308831,25.56,100.0,0.0,80.0,28.29723,25.5691
2026-01-24 00:00:00+01:00,-0.78599995,10.948973,33.12,100.0,0.0,160.0,25.129486,29.818954
2026-01-24 01:00:00+01:00,0.21400002,13.084402,31.319998,99.0,0.0,380.0,25.025978,36.15484
2026-01-24 02:00:00+01:00,0.614,12.57426,31.319998,56.0,0.0,3440.0,34.23792,32.042255
2026-01-24 03:00:00+01:00,0.36400002,5.8603754,25.56,22.0,0.0,6240.0,27.530989,28.933727
2026-01-24 04:00:00+01:00,-0.085999966,2.5959969,12.599999,38.0,0.0,4380.0,7.7602262,43.85865
2026-01-24 05:00:00+01:00,0.41400003,3.219938,8.28,39.0,0.0,9640.0,4.556962,34.278706
2026-01-24 06:00:00+01:00,0.46400002,5.4833565,12.24,0.0,0.0,11320.0,9.227144,21.402544
2026-01-24 07:00:00+01:00,-1.036,3.7585104,12.959999,9.0,0.0,3400.0,10.118097,17.752157
2026-01-24 08:00:00+01:00,-1.086,2.2768397,6.8399997,56.0,0.0,2240.0,11.319258,11.776757
2026-01-24 09:00:00+01:00,-1.8859999,2.4149535,6.12,100.0,0.0,100.0,8.84802,1.9627929
2026-01-24 10:00:00+01:00,-0.986,4.39436,9.0,100.0,0.0,80.0,8.84802,4.3889384
2026-01-24 11:00:00+01:00,-0.18599999,7.145796,15.4800005,100.0,0.0,120.0,11.4288025,6.598021
2026-01-24 12:00:00+01:00,1.2639999,7.072878,16.56,89.0,0.0,4480.0,12.603934,6.2068963
2026-01-24 13:00:00+01:00,0.96400005,4.6938252,19.8,82.0,0.0,1580.0,9.752324,9.227214
2026-01-24 14:00:00+01:00,0.91400003,8.404285,19.44,94.0,0.0,540.0,13.270073,12.4911375
2026-01-24 15:00:00+01:00,0.91400003,7.172949,17.28,100.0,0.0,480.0,16.712313,13.093462
2026-01-24 16:00:00+01:00,-0.035999984,3.0547013,12.24,100.0,0.0,100.0,18.027378,16.952896
2026-01-24 17:00:00+01:00,0.16400002,3.8773184,12.599999,100.0,0.0,500.0,12.108149,17.245792
2026-01-24 18:00:00+01:00,0.06400001,1.8,8.28,100.0,0.0,520.0,9.383359,23.789505
2026-01-24 19:00:00+01:00,-0.035999984,2.4149535,5.3999996,100.0,0.0,140.0,10.569795,27.112131
2026-01-24 20:00:00+01:00,-0.085999966,2.6208394,5.04,100.0,0.0,200.0,8.561753,30.565416
2026-01-24 21:00:00+01:00,-0.085999966,2.8116899,5.04,100.0,0.0,240.0,8.800955,37.658012
2026-01-24 22:00:00+01:00,-0.13599998,3.671294,6.12,100.0,0.0,840.0,8.476439,30.420122
2026-01-24 23:00:00+01:00,-0.18599999,2.0991426,7.5599995,98.0,0.0,1420.0,12.396276,25.478535
2026-01-25 00:00:00+01:00,-0.33599997,3.6,5.7599998,100.0,0.0,1240.0,13.309138,19.120867
2026-01-25 01:00:00+01:00,-0.33599997,2.52,9.72,92.0,0.0,1000.0,13.859459,8.442291
2026-01-25 02:00:00+01:00,-0.38599998,6.725354,15.84,86.0,0.0,1840.0,19.568422,9.494725
2026-01-25 03:00:00+01:00,-0.33599997,5.8048253,16.56,69.0,0.0,3900.0,24.306171,9.6356945
2026-01-25 04:00:00+01:00,-0.18599999,6.151683,19.08,48.0,0.0,4420.0,24.117481,22.973904
2026-01-25 05:00:00+01:00,-0.236,3.096837,15.84,71.0,0.0,4800.0,21.882908,18.877537
2026-01-25 06:00:00+01:00,-0.13599998,2.5455842,12.959999,72.0,0.0,6040.0,23.524694,19.480164
2026-01-25 07:00:00+01:00,0.014000028,5.3999996,15.4800005,74.0,0.0,5860.0,19.166346,17.665136
2026-01-25 08:00:00+01:00,0.16400002,4.2136917,12.959999,85.0,0.0,7580.0,18.904528,21.679756
2026-01-25 09:00:00+01:00,0.51400006,4.5536795,16.56,91.0,0.0,12300.0,18.250618,26.948225
2026-01-25 10:00:00+01:00,0.714,4.896529,19.08,86.0,0.0,9560.0,13.285713,21.590723
2026-01-25 11:00:00+01:00,1.414,4.68,16.199999,89.0,0.0,17640.0,7.78694,20.548483
2026-01-25 12:00:00+01:00,1.664,6.87779,17.64,100.0,0.0,18280.0,7.800262,20.716534
2026-01-25 13:00:00+01:00,2.014,9.028754,19.44,44.0,0.0,13040.0,10.520564,22.593443
2026-01-25 14:00:00+01:00,2.664,11.212135,20.519999,62.0,0.0,16760.0,10.391472,17.489796
2026-01-25 15:00:00+01:00,2.914,8.647496,23.4,58.0,0.0,21480.0,13.246578,24.103226
2026-01-25 16:00:00+01:00,2.164,9.3669195,22.319998,37.0,0.0,10580.0,12.897088,21.438515
2026-01-25 17:00:00+01:00,1.664,6.5693827,19.8,9.0,0.0,15540.0,19.166344,25.020798
2026-01-25 18:00:00+01:00,1.214,5.6233797,18.72,83.0,0.0,12640.0,26.233223,30.540203
2026-01-25 19:00:00+01:00,1.1140001,6.489992,15.84,69.0,0.0,10580.0,29.620253,29.64402
2026-01-25 20:00:00+01:00,1.214,5.2416787,18.359999,72.0,0.0,11500.0,32.431355,30.710028
2026-01-25 21:00:00+01:00,1.5640001,6.130579,13.679999,84.0,0.0,25520.0,32.290184,26.869482
2026-01-25 22:00:00+01:00,1.714,4.6800003,16.199999,90.0,0.0,17760.0,33.51459,23.95894
2026-01-25 23:00:00+01:00,1.7639999,5.904439,16.919998,54.0,0.0,19780.0,32.277317,29.059942
2026-01-26 00:00:00+01:00,1.664,6.696387,19.08,76.0,0.1,15600.0,31.257568,30.56542
2026-01-26 01:00:00+01:00,1.3640001,7.9932966,21.96,46.0,0.3,11320.0,24.712854,31.189268
2026-01-26 02:00:00+01:00,1.3640001,7.754637,20.16,82.0,0.4,7260.0,23.94899,33.723503
2026-01-26 03:00:00+01:00,0.91400003,11.090103,27.0,91.0,0.6,1780.0,26.99399,36.641724
2026-01-26 04:00:00+01:00,1.064,12.522619,27.72,84.0,0.8,2740.0,38.801132,27.317396
2026-01-26 05:00:00+01:00,0.91400003,15.484185,29.88,89.0,0.1,2720.0,38.35706,31.70989
2026-01-26 06:00:00+01:00,0.96400005,14.24163,31.68,88.0,0.1,3480.0,44.686115,36.641724
2026-01-26 07:00:00+01:00,1.414,13.32,30.599998,90.0,0.0,5760.0,51.849335,38.80179
2026-01-26 08:00:00+01:00,1.464,16.854767,30.960001,77.0,0.0,8380.0,50.178337,33.042614
2026-01-26 09:00:00+01:00,1.464,17.654686,32.760002,85.0,0.0,8400.0,48.441166,32.32953
2026-01-26 10:00:00+01:00,1.7639999,18.079027,32.039997,81.0,0.0,8980.0,47.455894,29.179014
2026-01-26 11:00:00+01:00,2.264,20.523157,37.44,53.0,0.0,11620.0,47.00965,32.27586
2026-01-26 12:00:00+01:00,2.964,20.275385,37.079998,59.0,0.0,22240.0,45.774223,35.574776
2026-01-26 13:00:00+01:00,3.464,19.353138,38.519997,50.0,0.0,22860.0,42.458073,30.420122
2026-01-26 14:00:00+01:00,4.014,20.082708,39.239998,59.0,0.0,32940.0,40.41334,30.432787
2026-01-26 15:00:00+01:00,4.114,18.692286,37.8,44.0,0.0,39120.0,40.784176,31.951952
2026-01-26 16:00:00+01:00,3.964,17.377226,34.92,39.0,0.0,42560.0,39.593155,35.919647
2026-01-26 17:00:00+01:00,3.164,13.896187,31.319998,3.0,0.0,36600.0,45.226555,35.160847
2026-01-26 18:00:00+01:00,2.3140001,8.534353,28.44,24.0,0.0,29560.0,43.377396,24.389233
2026-01-26 19:00:00+01:00,2.014,6.297428,20.519999,45.0,0.0,27840.0,35.061962,24.8586
2026-01-26 20:00:00+01:00,1.5640001,8.049845,19.8,3.0,0.0,26560.0,31.191063,31.189268
2026-01-26 21:00:00+01:00,1.314,6.9247384,20.519999,0.0,0.0,31080.0,34.52782,27.882717
2026-01-26 22:00:00+01:00,0.96400005,6.763786,25.919998,0.0,0.0,22200.0,30.586008,25.105341
2026-01-26 23:00:00+01:00,0.614,5.154415,21.96,0.0,0.0,19100.0,24.930372,30.432787
2026-01-27 00:00:00+01:00,0.51400006,4.1046314,19.08,0.0,0.0,24020.0,23.634779,34.160492
2026-01-27 01:00:00+01:00,0.11400002,3.319036,15.119999,0.0,0.0,16900.0,16.512306,33.60907
2026-01-27 02:00:00+01:00,0.014000028,0.35999998,9.36,0.0,0.0,18860.0,13.215189,36.15484
2026-01-27 03:00:00+01:00,-0.58599997,2.9024127,9.36,0.0,0.0,13700.0,18.733494,36.641724
2026-01-27 04:00:00+01:00,-1.4359999,2.16,6.8399997,0.0,0.0,7600.0,24.267694,36.668
2026-01-27 05:00:00+01:00,-1.586,4.829907,12.959999,0.0,0.0,13640.0,19.34429,29.198812
2026-01-27 06:00:00+01:00,-1.4860001,1.1384199,9.36,0.0,0.0,15740.0,13.859459,24.951414
2026-01-27 07:00:00+01:00,-2.086,2.6208394,5.7599998,0.0,0.0,11880.0,14.038106,29.507248
2026-01-27 08:00:00+01:00,-2.336,2.0991426,14.759999,0.0,0.0,6200.0,14.038106,32.984264
2026-01-27 09:00:00+01:00,-1.3859999,1.484318,3.96,0.0,0.0,14420.0,8.95301,36.934944
2026-01-27 10:00:00+01:00,-1.1859999,2.4149535,6.8399997,0.0,0.0,7960.0,7.3619976,38.886093
2026-01-27 11:00:00+01:00,0.51400006,3.396233,8.28,0.0,0.0,15240.0,10.189676,42.302624
2026-01-27 12:00:00+01:00,1.5139999,4.0249224,7.92,0.0,0.0,17340.0,4.6472077,44.434612
2026-01-27 13:00:00+01:00,1.5640001,5.0528407,10.799999,0.0,0.0,22700.0,3.0569031,43.7311
2026-01-27 14:00:00+01:00,1.664,1.1384199,15.84,0.0,0.0,33600.0,13.941624,37.907825
2026-01-27 15:00:00+01:00,2.164,2.6208394,11.159999,16.0,0.0,37360.0,4.556962,45.276318
2026-01-27 16:00:00+01:00,2.464,4.73506,11.159999,0.0,0.0,51100.0,34.055477,37.044304
2026-01-27 17:00:00+01:00,1.964,6.489992,15.84,44.0,0.0,42560.0,19.231243,39.961037
2026-01-27 18:00:00+01:00,2.3140001,7.5942082,14.04,0.0,0.0,66900.0,7.418196,44.44762
2026-01-27 19:00:00+01:00,1.664,1.1384199,11.879999,49.0,0.0,43360.0,7.958392,57.790836
2026-01-27 20:00:00+01:00,1.5640001,4.3498964,10.08,52.0,0.1,41560.0,14.927093,50.44416
2026-01-27 21:00:00+01:00,1.314,4.896529,11.159999,41.0,0.2,27900.0,13.881914,57.386105
2026-01-27 22:00:00+01:00,0.91400003,2.52,11.159999,100.0,0.1,10720.0,8.377872,59.82495
2026-01-27 23:00:00+01:00,1.2639999,5.00128,11.879999,100.0,0.1,17460.0,8.706063,33.42516
2026-01-28 00:00:00+01:00,1.414,4.3498964,11.5199995,100.0,0.2,15060.0,5.094838,25.113012
2026-01-28 01:00:00+01:00,1.064,2.2768397,6.4799995,60.0,0.9,2760.0,1.8227848,19.725824
2026-01-28 02:00:00+01:00,0.91400003,1.2979984,7.2,68.0,0.7,2580.0,6.524576,21.997295
2026-01-28 03:00:00+01:00,1.0139999,2.3051248,8.64,63.0,0.2,2380.0,12.661468,21.330421
2026-01-28 04:00:00+01:00,0.91400003,1.5273507,7.2,100.0,0.0,1260.0,8.151741,14.275861
2026-01-28 05:00:00+01:00,1.1140001,1.1384199,7.2,99.0,0.0,1000.0,6.9559,10.678748
2026-01-28 06:00:00+01:00,1.064,1.9386592,7.5599995,85.0,0.0,2220.0,7.0743074,16.185604
2026-01-28 07:00:00+01:00,0.91400003,1.835647,6.12,100.0,0.0,660.0,9.666777,13.268828
2026-01-28 08:00:00+01:00,1.064,2.52,5.3999996,100.0,0.0,1000.0,4.757608,13.948265
2026-01-28 09:00:00+01:00,0.864,2.52,6.8399997,100.0,0.0,1000.0,4.201311,34.188675
2026-01-28 10:00:00+01:00,1.214,0.71999997,7.2,100.0,0.0,1720.0,11.926711,27.549112
2026-01-28 11:00:00+01:00,1.5139999,2.5959969,6.8399997,100.0,0.0,1440.0,8.215179,35.22653
2026-01-28 12:00:00+01:00,2.5140002,1.609969,7.5599995,91.0,0.0,2260.0,4.201311,34.813995
2026-01-28 13:00:00+01:00,2.364,3.8939953,11.5199995,100.0,0.0,3740.0,4.907998,23.635157
2026-01-28 14:00:00+01:00,2.0640001,4.510787,9.36,100.0,0.0,1500.0,4.844117,29.218596
2026-01-28 15:00:00+01:00,2.164,4.5536795,11.879999,98.0,0.0,4180.0,5.709857,31.661255
2026-01-28 16:00:00+01:00,1.8140001,6.9899354,15.119999,93.0,0.1,1020.0,6.970812,23.040882
2026-01-28 17:00:00+01:00,0.614,6.130579,18.359999,93.0,0.5,320.0,12.961332,19.716057
2026-01-28 18:00:00+01:00,0.51400006,5.5887027,17.64,93.0,0.8,1540.0,15.099987,23.975016
2026-01-28 19:00:00+01:00,0.614,8.669949,23.759998,69.0,0.4,940.0,20.561947,24.103226
2026-01-28 20:00:00+01:00,0.564,7.9526596,22.319998,86.0,0.2,960.0,20.782944,25.868687
2026-01-28 21:00:00+01:00,0.564,10.105681,25.919998,75.0,0.2,900.0,23.59961,25.69685
2026-01-28 22:00:00+01:00,0.66400003,9.779817,27.359999,82.0,0.1,900.0,23.90994,24.982275
2026-01-28 23:00:00+01:00,0.66400003,10.182337,26.64,83.0,0.2,820.0,28.168512,24.42869
2026-01-29 00:00:00+01:00,0.66400003,11.874544,28.8,79.0,0.2,760.0,33.19083,23.331656
2026-01-29 01:00:00+01:00,0.76400006,12.849528,28.08,88.0,0.2,840.0,33.71228,23.065948
2026-01-29 02:00:00+01:00,0.76400006,14.332341,29.519999,88.0,0.1,1020.0,38.43548,27.792759
2026-01-29 03:00:00+01:00,0.714,13.627795,30.599998,90.0,0.2,600.0,39.184574,24.989985
2026-01-29 04:00:00+01:00,0.864,16.343367,30.599998,90.0,0.5,580.0,41.035435,19.862066
2026-01-29 05:00:00+01:00,0.714,17.298738,33.48,90.0,0.5,480.0,43.758698,19.251385
2026-01-29 06:00:00+01:00,0.66400003,17.106628,33.839996,84.0,0.3,700.0,40.62091,20.52034
2026-01-29 07:00:00+01:00,0.91400003,15.034041,30.599998,90.0,0.3,1840.0,34.65988,23.364658
2026-01-29 08:00:00+01:00,0.91400003,14.494192,28.8,87.0,0.2,1620.0,34.6449,25.020798
2026-01-29 09:00:00+01:00,1.0139999,14.440443,27.0,83.0,0.1,940.0,31.980005,23.17426
2026-01-29 10:00:00+01:00,1.064,12.144331,27.0,90.0,0.2,620.0,22.347704,22.593443
2026-01-29 11:00:00+01:00,1.464,11.384199,28.08,61.0,0.0,1060.0,21.13959,18.381218
2026-01-29 12:00:00+01:00,2.164,11.720751,21.96,53.0,0.0,6680.0,19.483345,18.785477
2026-01-29 13:00:00+01:00,2.414,11.609651,23.759998,57.0,0.0,7360.0,21.070715,18.948832
2026-01-29 14:00:00+01:00,2.964,13.441071,26.28,78.0,0.0,13660.0,21.222921,18.042753
2026-01-29 15:00:00+01:00,3.364,9.028754,25.56,78.0,0.0,17960.0,18.70576,13.612786
2026-01-29 16:00:00+01:00,3.214,5.5887027,16.56,74.0,0.0,11840.0,16.182028,14.072007
2026-01-29 17:00:00+01:00,2.8140001,3.6179552,14.04,86.0,0.0,9880.0,15.148044,13.196042
2026-01-29 18:00:00+01:00,2.214,1.609969,9.72,61.0,0.0,13460.0,14.133929,8.821657
2026-01-29 19:00:00+01:00,2.414,0.8049845,6.4799995,55.0,0.0,16220.0,14.899244,3.1034482
2026-01-29 20:00:00+01:00,1.914,3.096837,5.04,16.0,0.0,16100.0,10.802979,3.7755077
2026-01-29 21:00:00+01:00,1.464,3.8773184,7.5599995,15.0,0.0,9940.0,10.754816,7.0769506
2026-01-29 22:00:00+01:00,0.814,4.6938257,12.24,83.0,0.0,800.0,9.482423,8.327425
2026-01-29 23:00:00+01:00,0.864,5.1919937,13.679999,67.0,0.0,1860.0,10.391472,10.533453
2026-01-30 00:00:00+01:00,1.164,6.4096174,15.84,84.0,0.0,620.0,8.976174,14.153901
2026-01-30 01:00:00+01:00,0.614,5.154415,15.84,65.0,0.0,1040.0,9.17071,14.8057575
2026-01-30 02:00:00+01:00,0.36400002,3.6179552,14.759999,75.0,0.0,1000.0,6.6350365,17.245792
2026-01-30 03:00:00+01:00,-0.68599993,1.9386592,10.440001,100.0,0.0,120.0,5.333787,20.055098
2026-01-30 04:00:00+01:00,-1.036,3.4152596,7.92,100.0,0.0,80.0,7.205189,17.914183
2026-01-30 05:00:00+01:00,-1.1859999,3.319036,7.5599995,100.0,0.0,80.0,10.391472,23.635157
2026-01-30 06:00:00+01:00,-1.2360001,2.0364676,7.2,100.0,0.0,100.0,13.670886,23.635157
2026-01-30 07:00:00+01:00,-1.1359999,3.0758414,6.8399997,100.0,0.0,100.0,15.148044,30.816475
2026-01-30 08:00:00+01:00,-0.836,4.6938257,15.84,100.0,0.0,160.0,25.47419,31.91576
2026-01-30 09:00:00+01:00,0.16400002,5.1919937,15.84,76.0,0.1,3340.0,16.053188,34.334854
2026-01-30 10:00:00+01:00,0.36400002,3.6,13.32,86.0,0.0,2400.0,18.504856,39.10837
2026-01-30 11:00:00+01:00,0.864,6.151683,17.64,83.0,0.1,8820.0,24.27197,34.896893
2026-01-30 12:00:00+01:00,0.91400003,3.219938,16.199999,71.0,0.2,4220.0,39.01462,46.381756
2026-01-30 13:00:00+01:00,0.96400005,6.489992,15.84,89.0,0.0,3140.0,50.98913,45.95619
2026-01-30 14:00:00+01:00,1.3640001,11.113451,26.28,100.0,0.0,3920.0,57.388775,41.877007
2026-01-30 15:00:00+01:00,1.914,11.592895,32.399998,75.0,0.0,5460.0,53.176056,44.758568
2026-01-30 16:00:00+01:00,1.8140001,10.703569,29.519999,92.0,0.1,4220.0,53.396236,32.281826
2026-01-30 17:00:00+01:00,1.8640001,9.826088,28.44,44.0,0.0,5660.0,49.286865,37.10146
2026-01-30 18:00:00+01:00,1.664,5.3999996,24.48,39.0,0.0,10260.0,46.458668,34.4245
2026-01-30 19:00:00+01:00,2.0640001,7.172949,18.359999,95.0,0.0,11980.0,44.240097,31.703814
2026-01-30 20:00:00+01:00,2.014,7.7879906,24.119999,63.0,0.0,9940.0,46.62598,28.484177
2026-01-30 21:00:00+01:00,1.714,6.130579,21.599998,0.0,0.0,9480.0,42.20298,29.428804
2026-01-30 22:00:00+01:00,1.5139999,4.32,16.199999,3.0,0.0,7060.0,30.367971,24.928242
2026-01-30 23:00:00+01:00,1.5139999,3.7585104,11.159999,0.0,0.0,6680.0,23.458395,22.559313
2026-01-31 00:00:00+01:00,1.414,1.5273507,7.2,0.0,0.0,5240.0,22.679756,21.803795
2026-01-31 01:00:00+01:00,0.96400005,3.219938,4.32,85.0,0.0,420.0,18.34142,18.516953
2026-01-31 02:00:00+01:00,0.36400002,3.96,6.4799995,100.0,0.0,180.0,11.618018,19.480164
2026-01-31 03:00:00+01:00,-0.68599993,3.8268526,11.159999,100.0,0.0,120.0,5.506198,15.824542
2026-01-31 04:00:00+01:00,-1.086,2.5455842,9.0,100.0,0.0,100.0,2.0379353,7.677507
2026-01-31 05:00:00+01:00,-1.536,3.6179552,9.0,100.0,0.0,80.0,2.9178793,3.9255857
2026-01-31 06:00:00+01:00,-1.1359999,2.5959969,9.36,95.0,0.0,380.0,6.1138062,1.387904
2026-01-31 07:00:00+01:00,-1.2360001,2.968636,7.2,100.0,0.0,80.0,7.6388597,5.7224755
2026-01-31 08:00:00+01:00,-1.4860001,4.829907,12.959999,100.0,0.0,180.0,10.035667,1.8620689
2026-01-31 09:00:00+01:00,-1.2360001,3.0547013,11.5199995,100.0,0.0,120.0,14.610731,1.9627929
2026-01-31 10:00:00+01:00,0.16400002,3.4152596,10.440001,100.0,0.0,80.0,12.767627,3.1034482
2026-01-31 11:00:00+01:00,0.26400003,1.609969,10.08,100.0,0.0,60.0,11.848101,4.3448277
2026-01-31 12:00:00+01:00,0.314,0.71999997,5.7599998,100.0,0.0,80.0,9.125309,7.0769506
2026-01-31 13:00:00+01:00,0.714,2.968636,8.28,100.0,0.0,360.0,8.402622,7.5764823
2026-01-31 14:00:00+01:00,1.1140001,1.8,10.799999,100.0,0.0,3720.0,1.0189676,5.551616
2026-01-31 15:00:00+01:00,1.214,3.7064266,7.92,100.0,0.0,2060.0,3.757767,4.475857
2026-01-31 16:00:00+01:00,0.76400006,5.1544156,10.440001,100.0,0.0,1480.0,5.094838,3.9255857
2026-01-31 17:00:00+01:00,0.564,5.1544156,10.799999,100.0,0.0,2280.0,5.094838,5.6205835
2026-01-31 18:00:00+01:00,0.314,3.319036,10.440001,100.0,0.0,2060.0,5.094838,5.6205835
2026-01-31 19:00:00+01:00,0.21400002,3.6,7.5599995,100.0,0.0,860.0,4.323114,5.7224755
2026-01-31 20:00:00+01:00,0.26400003,3.8773184,8.64,100.0,0.0,2480.0,1.643036,4.8477407
2026-01-31 21:00:00+01:00,0.06400001,0.8049845,8.64,78.0,0.0,2220.0,2.3236039,6.598021
2026-01-31 22:00:00+01:00,-0.18599999,4.1046314,7.2,100.0,0.0,140.0,2.7718916,9.695481
2026-01-31 23:00:00+01:00,-0.236,4.8433046,9.72,100.0,0.0,160.0,0.4556962,9.813965
2026-02-01 00:00:00+01:00,-0.33599997,4.3349743,11.5199995,100.0,0.0,140.0,1.0189676,11.189641
2026-02-01 01:00:00+01:00,-0.236,5.3517847,15.119999,100.0,0.0,100.0,1.8788835,10.008319
2026-02-01 02:00:00+01:00,-0.035999984,3.319036,13.32,100.0,0.0,140.0,3.2222586,6.48019
2026-02-01 03:00:00+01:00,0.06400001,1.835647,10.08,96.0,0.0,340.0,5.9240503,6.390391
2026-02-01 04:00:00+01:00,0.11400002,4.1046314,11.159999,100.0,0.0,220.0,4.0758705,3.9743526
2026-02-01 05:00:00+01:00,0.06400001,3.96,11.159999,100.0,0.0,260.0,8.074956,4.475857
2026-02-01 06:00:00+01:00,0.26400003,5.4477882,14.4,95.0,0.0,780.0,11.987494,5.2667265
2026-02-01 07:00:00+01:00,0.16400002,4.6800003,14.759999,91.0,0.0,1000.0,13.464261,4.7270317
2026-02-01 08:00:00+01:00,0.21400002,5.4119864,14.4,94.0,0.0,1760.0,16.104847,5.0041595
2026-02-01 09:00:00+01:00,0.11400002,5.3517847,13.679999,100.0,0.0,1460.0,13.144288,6.329817
2026-02-01 10:00:00+01:00,0.41400003,5.3517847,12.24,90.0,0.0,780.0,11.319258,5.6205835
2026-02-01 11:00:00+01:00,1.464,4.3349743,13.32,47.0,0.0,5880.0,11.02182,5.339374
2026-02-01 12:00:00+01:00,3.0140002,3.0547013,11.879999,0.0,0.0,15000.0,11.319258,6.1445136
2026-02-01 13:00:00+01:00,3.2640002,3.0758414,12.599999,20.0,0.0,17220.0,4.2990294,3.6192114
2026-02-01 14:00:00+01:00,3.964,2.1897945,6.4799995,15.0,0.0,22240.0,4.2990294,8.622896
2026-02-01 15:00:00+01:00,4.014,2.968636,8.64,63.0,0.0,18540.0,3.2222586,10.551724
2026-02-01 16:00:00+01:00,3.5640001,2.968636,6.12,47.0,0.0,15120.0,5.094838,14.289349
2026-02-01 17:00:00+01:00,2.464,2.4149535,8.28,0.0,0.0,5820.0,5.941551,19.803793
2026-02-01 18:00:00+01:00,1.714,2.3051248,4.68,0.0,0.0,8400.0,7.34788,23.065948
2026-02-01 19:00:00+01:00,0.614,2.2768397,4.32,0.0,0.0,22080.0,7.291139,25.538944
2026-02-01 20:00:00+01:00,0.26400003,3.8939953,8.28,0.0,0.0,15880.0,9.994198,26.304356
2026-02-01 21:00:00+01:00,0.21400002,2.5455842,7.5599995,65.0,0.0,3280.0,13.881914,30.432787
2026-02-01 22:00:00+01:00,0.51400006,3.319036,4.68,0.0,0.0,6300.0,15.8972025,33.769165
2026-02-01 23:00:00+01:00,0.714,2.5959969,9.72,28.0,0.0,10020.0,19.805754,34.547386
2026-02-02 00:00:00+01:00,1.214,3.219938,10.08,81.0,0.0,12460.0,24.306171,37.70402
2026-02-02 01:00:00+01:00,1.064,4.5536795,12.599999,79.0,0.2,9400.0,11.392405,33.42516
2026-02-02 02:00:00+01:00,1.064,2.3051248,10.799999,72.0,0.0,12880.0,13.285712,40.24922
2026-02-02 03:00:00+01:00,1.464,2.968636,7.92,72.0,0.0,27360.0,19.376469,46.34852
2026-02-02 04:00:00+01:00,1.164,3.8773184,13.679999,80.0,0.0,26820.0,22.934696,35.138927
2026-02-02 05:00:00+01:00,1.0139999,4.896529,9.0,20.0,0.0,35200.0,21.006556,39.90315
2026-02-02 06:00:00+01:00,1.164,11.183201,22.68,19.0,0.0,23660.0,21.006557,40.989017
2026-02-02 07:00:00+01:00,0.814,4.2136917,23.039999,41.0,0.0,11480.0,11.254866,43.43054
2026-02-02 08:00:00+01:00,1.1140001,5.8048253,14.04,63.0,0.0,25220.0,9.688234,39.61245
2026-02-02 09:00:00+01:00,0.864,2.6208394,17.28,3.0,0.0,22180.0,5.6366506,46.655056
2026-02-02 10:00:00+01:00,1.214,3.096837,9.0,0.0,0.0,12660.0,8.402622,57.214657
2026-02-02 11:00:00+01:00,3.214,5.00128,10.440001,0.0,0.0,18780.0,4.2990294,62.45569
2026-02-02 12:00:00+01:00,4.314,4.1046314,9.72,0.0,0.0,29880.0,0.4556962,68.88536
2026-02-02 13:00:00+01:00,4.764,3.8773184,11.5199995,0.0,0.0,34660.0,7.5842957,66.50943
2026-02-02 14:00:00+01:00,5.014,9.114471,17.64,0.0,0.0,39540.0,8.646228,61.473347
2026-02-02 15:00:00+01:00,4.914,9.793058,24.48,14.0,0.0,52900.0,9.394418,60.818085
2026-02-02 16:00:00+01:00,4.914,7.9932976,22.319998,0.0,0.0,57400.0,8.074956,62.068962
2026-02-02 17:00:00+01:00,4.114,6.2145634,19.8,39.0,0.0,59660.0,8.36547,58.575474
2026-02-02 18:00:00+01:00,3.7640002,7.5170207,19.44,69.0,0.0,64220.0,8.706063,55.948208
2026-02-02 19:00:00+01:00,3.0640001,6.9153743,19.08,61.0,0.0,36000.0,9.580463,49.332138
2026-02-02 20:00:00+01:00,2.5140002,5.6002855,16.56,18.0,0.0,7460.0,14.482251,49.91055
2026-02-02 21:00:00+01:00,2.464,2.0991426,14.759999,0.0,0.0,9380.0,13.033229,37.499107
2026-02-02 22:00:00+01:00,2.364,0.71999997,6.8399997,53.0,0.0,8100.0,14.038106,43.581078
2026-02-02 23:00:00+01:00,2.464,5.1165614,17.28,42.0,0.5,10160.0,10.280973,63.008404
2026-02-03 00:00:00+01:00,1.8640001,6.28713,15.4800005,14.0,0.0,4040.0,15.086228,58.229156
2026-02-03 01:00:00+01:00,0.91400003,6.989936,18.72,80.0,0.0,640.0,12.537857,55.073746
2026-02-03 02:00:00+01:00,1.964,8.049845,21.96,2.0,0.0,25420.0,18.616735,41.48882
2026-02-03 03:00:00+01:00,1.914,7.127636,20.519999,0.0,0.0,25240.0,21.706642,34.278706
2026-02-03 04:00:00+01:00,1.7639999,7.8954163,21.599998,0.0,0.0,17560.0,24.700247,33.338604
2026-02-03 05:00:00+01:00,1.1140001,8.766573,27.72,0.0,0.0,6680.0,26.920807,17.245792
2026-02-03 06:00:00+01:00,0.864,8.287822,23.039999,3.0,0.0,6100.0,30.613155,23.364658
2026-02-03 07:00:00+01:00,0.46400002,2.2768397,18.359999,0.0,0.0,8040.0,29.82983,24.278408
2026-02-03 08:00:00+01:00,1.1140001,6.763786,14.04,0.0,0.0,15240.0,22.565014,25.928188
2026-02-03 09:00:00+01:00,2.414,6.12,24.84,33.0,0.0,30300.0,37.110573,51.42742
2026-02-03 10:00:00+01:00,3.0140002,13.797912,46.8,48.0,0.0,23480.0,44.33622,39.607586
2026-02-03 11:00:00+01:00,4.364,17.581125,37.44,2.0,0.0,28080.0,51.3139,48.350086
2026-02-03 12:00:00+01:00,5.914,30.574575,57.239998,82.0,0.0,33860.0,52.168755,54.486507
2026-02-03 13:00:00+01:00,6.114,22.007162,58.679996,65.0,0.0,26880.0,69.48731,52.69651
2026-02-03 14:00:00+01:00,5.8139997,22.725668,47.16,100.0,0.0,31640.0,58.94708,61.124535
2026-02-03 15:00:00+01:00,5.8139997,20.345573,43.199997,53.0,0.0,22900.0,54.62465,63.807377
2026-02-03 16:00:00+01:00,6.2139997,14.8257065,33.839996,45.0,0.0,23940.0,43.68033,46.980095
2026-02-03 17:00:00+01:00,5.864,7.491114,26.28,4.0,0.0,32620.0,42.185753,39.94175
2026-02-03 18:00:00+01:00,4.914,7.42159,17.28,0.0,0.0,32700.0,35.794636,39.961037
2026-02-03 19:00:00+01:00,3.614,8.209263,21.24,0.0,0.0,14140.0,24.963669,35.21012
2026-02-03 20:00:00+01:00,3.664,7.653705,16.199999,0.0,0.0,17340.0,20.647614,25.898457
2026-02-03 21:00:00+01:00,3.714,6.638072,14.759999,0.0,0.0,33620.0,12.51299,23.298607
2026-02-03 22:00:00+01:00,3.114,7.172949,13.32,0.0,0.0,23480.0,7.34788,21.96224
2026-02-03 23:00:00+01:00,3.214,6.638072,16.56,0.0,0.0,29700.0,12.337506,16.245003
2026-02-04 00:00:00+01:00,3.0640001,4.6938252,16.56,0.0,0.0,36360.0,12.133847,8.6452055
2026-02-04 01:00:00+01:00,2.914,5.8048253,11.5199995,0.0,0.0,35900.0,14.47508,9.813965
2026-02-04 02:00:00+01:00,2.5640001,4.5820518,13.679999,0.0,0.0,28800.0,10.004581,12.735487
2026-02-04 03:00:00+01:00,1.964,4.6102495,11.159999,0.0,0.0,25020.0,6.7744107,16.11404
2026-02-04 04:00:00+01:00,1.1140001,5.315336,10.799999,0.0,0.0,13480.0,9.837129,15.152965
2026-02-04 05:00:00+01:00,0.66400003,4.0249224,9.72,0.0,0.0,8640.0,8.215179,13.612786
2026-02-04 06:00:00+01:00,0.46400002,1.609969,8.28,0.0,0.0,7020.0,7.34788,11.939204
2026-02-04 07:00:00+01:00,-0.13599998,6.3690495,10.08,0.0,0.0,5320.0,12.759493,12.413793
2026-02-04 08:00:00+01:00,-0.035999984,6.28713,15.4800005,0.0,0.0,9100.0,20.11784,9.454063
2026-02-04 09:00:00+01:00,-0.53599995,4.2136917,17.64,52.0,0.0,2020.0,17.772152,15.329903
2026-02-04 10:00:00+01:00,-0.035999984,2.5959969,10.440001,66.0,0.0,980.0,13.708807,13.0492525
2026-02-04 11:00:00+01:00,1.1140001,1.835647,10.08,73.0,0.0,700.0,11.926711,19.28138
2026-02-04 12:00:00+01:00,1.8140001,3.671294,10.08,67.0,0.0,680.0,9.815996,16.884583
2026-02-04 13:00:00+01:00,2.5640001,1.9386592,10.799999,60.0,0.0,6300.0,7.1327734,14.922391
2026-02-04 14:00:00+01:00,3.214,3.563818,8.28,0.0,0.0,18520.0,9.994198,12.241913
2026-02-04 15:00:00+01:00,3.214,5.1919937,12.24,0.0,0.0,23380.0,13.859459,4.8477407
2026-02-04 16:00:00+01:00,2.5640001,4.6938257,11.5199995,0.0,0.0,14340.0,11.254866,5.2667265
2026-02-04 17:00:00+01:00,1.8140001,3.2399998,11.5199995,59.0,0.0,1620.0,11.319258,8.442291
2026-02-04 18:00:00+01:00,1.0139999,1.835647,6.8399997,100.0,0.0,180.0,14.927093,11.711148
2026-02-04 19:00:00+01:00,0.314,3.2399998,5.7599998,100.0,0.0,140.0,9.394418,7.4740934
2026-02-04 20:00:00+01:00,0.26400003,1.08,5.7599998,68.0,0.0,1000.0,8.21518,5.551616
2026-02-04 21:00:00+01:00,-0.035999984,3.396233,7.5599995,68.0,0.0,1160.0,12.438086,9.655664
2026-02-04 22:00:00+01:00,-0.636,3.6,11.5199995,65.0,0.0,1160.0,10.391472,8.777877
2026-02-04 23:00:00+01:00,-0.736,4.198285,12.599999,60.0,0.0,2040.0,16.335293,8.350525
2026-02-05 00:00:00+01:00,-0.33599997,4.39436,15.84,0.0,0.0,9560.0,22.546602,8.442291
2026-02-05 01:00:00+01:00,-0.736,6.28713,16.56,0.0,0.0,8780.0,27.254288,10.606349
2026-02-05 02:00:00+01:00,-0.486,5.3517847,19.8,0.0,0.0,19820.0,29.735704,9.392738
2026-02-05 03:00:00+01:00,-0.18599999,5.495161,16.919998,0.0,0.0,27300.0,31.499125,8.1638975
2026-02-05 04:00:00+01:00,-1.2360001,4.8433046,16.56,0.0,0.0,6880.0,26.371386,6.598021
2026-02-05 05:00:00+01:00,-1.1359999,5.3517847,14.04,0.0,0.0,12200.0,26.233223,7.022301
2026-02-05 06:00:00+01:00,-0.886,5.634891,21.24,0.0,0.0,12280.0,30.20685,7.900089
2026-02-05 07:00:00+01:00,-1.286,7.24486,25.919998,0.0,0.0,7060.0,27.530989,12.051613
2026-02-05 08:00:00+01:00,-1.1859999,4.510787,23.039999,0.0,0.0,8620.0,18.788836,14.543223
2026-02-05 09:00:00+01:00,-0.836,4.39436,14.04,0.0,0.0,9420.0,12.603934,18.91831
2026-02-05 10:00:00+01:00,-0.68599993,1.9386592,14.759999,47.0,0.0,2260.0,17.08101,21.86555
2026-02-05 11:00:00+01:00,1.164,4.2136917,8.64,0.0,0.0,6380.0,11.883102,23.635157
2026-02-05 12:00:00+01:00,2.664,5.4119864,13.32,0.0,0.0,16080.0,5.993747,24.827585
2026-02-05 13:00:00+01:00,3.864,3.2599385,15.119999,24.0,0.0,13280.0,1.8788835,24.593725
2026-02-05 14:00:00+01:00,5.264,2.6208394,15.119999,0.0,0.0,46900.0,5.094838,23.59437
2026-02-05 15:00:00+01:00,5.664,2.8116899,9.0,0.0,0.0,53600.0,6.835443,21.103449
2026-02-05 16:00:00+01:00,5.5639997,2.5455842,9.36,0.0,0.0,46860.0,9.15938,23.95894
2026-02-05 17:00:00+01:00,3.7640002,4.39436,10.799999,0.0,0.0,26860.0,10.974618,24.640675
2026-02-05 18:00:00+01:00,1.7639999,7.289445,18.359999,0.0,0.0,10280.0,19.035887,17.245792
2026-02-05 19:00:00+01:00,1.0139999,10.296251,25.56,0.0,0.0,7720.0,27.718918,10.714764
2026-02-05 20:00:00+01:00,0.26400003,1.5273507,20.519999,62.0,0.0,1560.0,22.80303,7.499821
2026-02-05 21:00:00+01:00,0.564,1.0182338,15.84,0.0,0.0,6480.0,21.222921,10.678748
2026-02-05 22:00:00+01:00,0.21400002,1.609969,12.959999,0.0,0.0,3340.0,20.587181,8.821657
2026-02-05 23:00:00+01:00,0.11400002,4.6938257,11.159999,0.0,0.0,4760.0,17.795504,18.662022
2026-02-06 00:00:00+01:00,0.51400006,3.0547013,13.679999,6.0,0.0,3580.0,27.051624,13.879042
2026-02-06 01:00:00+01:00,0.76400006,4.3349743,17.64,0.0,0.0,7760.0,22.898449,6.939521
2026-02-06 02:00:00+01:00,1.314,7.289444,21.96,71.0,0.1,4240.0,29.455038,23.700268
2026-02-06 03:00:00+01:00,2.164,7.24486,25.199999,87.0,1.0,7740.0,29.028957,47.80922
2026-02-06 04:00:00+01:00,2.0640001,7.42159,28.44,51.0,0.1,11860.0,30.162132,45.82186
2026-02-06 05:00:00+01:00,2.614,10.948973,30.599998,80.0,0.1,7940.0,31.574846,54.408676
2026-02-06 06:00:00+01:00,2.964,15.827721,37.44,88.0,0.3,8820.0,46.797134,48.09844
2026-02-06 07:00:00+01:00,3.214,13.1041975,38.16,79.0,0.2,8700.0,48.952885,44.50392
2026-02-06 08:00:00+01:00,2.914,5.3517847,28.44,76.0,0.1,9700.0,46.797134,47.176495
2026-02-06 09:00:00+01:00,3.464,5.0911684,18.359999,100.0,0.0,16360.0,51.3139,48.47741
2026-02-06 10:00:00+01:00,4.4639997,12.181625,27.359999,65.0,0.1,15240.0,57.3562,48.69151
2026-02-06 11:00:00+01:00,4.9639997,17.388409,33.839996,87.0,0.2,15220.0,62.689293,53.321537
2026-02-06 12:00:00+01:00,6.3139997,21.325253,39.6,56.0,0.1,16840.0,57.932594,52.23021
2026-02-06 13:00:00+01:00,7.4639997,19.966211,40.68,63.0,0.0,27460.0,55.347862,45.82186
2026-02-06 14:00:00+01:00,7.614,16.394829,39.96,95.0,0.0,27660.0,50.582275,44.086445
2026-02-06 15:00:00+01:00,6.664,16.854767,36.36,82.0,0.7,9320.0,52.602818,46.700447
2026-02-06 16:00:00+01:00,7.164,14.336861,36.719997,76.0,0.1,21260.0,43.66369,40.819485
2026-02-06 17:00:00+01:00,6.8139997,11.792404,32.039997,46.0,0.0,31160.0,48.853096,38.271946
2026-02-06 18:00:00+01:00,5.9639997,10.1887,30.960001,33.0,0.1,30920.0,48.71049,37.943382
2026-02-06 19:00:00+01:00,5.864,10.315115,26.64,87.0,0.1,19080.0,52.168755,40.387775
2026-02-06 20:00:00+01:00,5.8139997,11.923557,30.960001,38.0,0.0,27160.0,47.00965,38.241734
2026-02-06 21:00:00+01:00,5.164,11.753877,30.239998,16.0,0.0,19580.0,50.401318,37.344685
2026-02-06 22:00:00+01:00,5.114,13.32,34.56,55.0,0.2,13560.0,46.690514,39.142838
2026-02-06 23:00:00+01:00,5.164,10.703569,33.48,66.0,0.2,14700.0,45.56962,35.330273
2026-02-07 00:00:00+01:00,4.8139997,12.10157,31.319998,83.0,0.2,12240.0,44.799824,41.437717
2026-02-07 01:00:00+01:00,4.514,15.192682,32.760002,97.0,1.9,7560.0,45.226555,48.987316
2026-02-07 02:00:00+01:00,4.414,7.928177,34.2,49.0,0.5,12700.0,33.712276,29.960732
2026-02-07 03:00:00+01:00,4.364,7.9036193,23.039999,100.0,0.0,14280.0,24.675013,24.718725
2026-02-07 04:00:00+01:00,4.4639997,7.628263,24.119999,56.0,0.0,9140.0,18.77225,22.499464
2026-02-07 05:00:00+01:00,4.014,4.8965297,20.880001,61.0,0.0,11940.0,9.079681,20.265303
2026-02-07 06:00:00+01:00,3.964,1.5273507,13.679999,66.0,0.0,20260.0,5.506198,19.271389
2026-02-07 07:00:00+01:00,3.364,3.0758414,6.12,37.0,0.0,15680.0,2.3236039,16.433628
2026-02-07 08:00:00+01:00,3.114,1.835647,6.12,41.0,0.0,20000.0,1.8788835,13.398848
2026-02-07 09:00:00+01:00,3.7640002,2.0991426,2.8799999,40.0,0.0,20200.0,2.453999,8.886923
2026-02-07 10:00:00+01:00,4.864,1.1384199,3.2399998,37.0,0.0,8060.0,4.9291077,5.00416
2026-02-07 11:00:00+01:00,6.5639997,1.9386592,7.5599995,68.0,0.0,19140.0,4.0758705,4.3889384
2026-02-07 12:00:00+01:00,7.414,1.8,5.04,89.0,0.0,39780.0,1.8788835,2.6333632
2026-02-07 13:00:00+01:00,8.064,1.484318,5.3999996,72.0,0.0,49460.0,2.3236039,5.7224755
2026-02-07 14:00:00+01:00,8.514,1.835647,5.3999996,85.0,0.0,56700.0,1.0189676,5.7224755
2026-02-07 15:00:00+01:00,8.6640005,2.0991426,6.8399997,81.0,0.0,57540.0,4.488087,7.022301
2026-02-07 16:00:00+01:00,8.564,3.319036,7.2,55.0,0.0,54680.0,1.3670886,7.4740934
2026-02-07 17:00:00+01:00,7.4639997,5.0528407,9.36,46.0,0.0,33720.0,1.4410379,7.2649856
2026-02-07 18:00:00+01:00,5.664,2.3051248,11.159999,0.0,0.0,10380.0,3.286072,7.0769506
2026-02-07 19:00:00+01:00,4.364,2.968636,4.68,39.0,0.0,2480.0,0.4556962,7.4740934
2026-02-07 20:00:00+01:00,4.264,0.0,4.68,49.0,0.0,9780.0,5.709857,7.5510154
2026-02-07 21:00:00+01:00,4.314,4.3498964,7.5599995,14.0,0.0,18280.0,9.666777,6.8275857
2026-02-07 22:00:00+01:00,3.7640002,2.2768397,9.72,0.0,0.0,10280.0,13.246579,3.5111506
2026-02-07 23:00:00+01:00,3.2640002,3.8939953,7.5599995,0.0,0.0,4040.0,14.038106,1.9627929
2026-02-08 00:00:00+01:00,2.0640001,1.1384199,7.2,69.0,0.0,1000.0,11.273301,3.1649084
2026-02-08 01:00:00+01:00,1.7639999,2.1897945,6.12,59.0,0.0,2160.0,9.394418,5.1183376
2026-02-08 02:00:00+01:00,1.914,2.8116899,6.12,77.0,0.0,660.0,10.725815,5.0041595
2026-02-08 03:00:00+01:00,1.6140001,1.609969,5.04,73.0,0.0,900.0,10.725815,4.1637125
2026-02-08 04:00:00+01:00,0.46400002,4.5536795,9.36,100.0,0.0,260.0,9.837129,7.0769506
2026-02-08 05:00:00+01:00,0.864,3.7064266,7.5599995,88.0,0.0,840.0,9.952556,6.598021
2026-02-08 06:00:00+01:00,0.814,2.9024127,6.8399997,93.0,0.0,520.0,10.9461975,6.7137847
2026-02-08 07:00:00+01:00,1.0139999,2.3051248,8.64,93.0,0.0,1240.0,12.4380865,8.068965
2026-02-08 08:00:00+01:00,0.864,1.1384199,7.2,97.0,0.0,820.0,16.461926,11.776757
2026-02-08 09:00:00+01:00,1.1140001,3.319036,9.72,97.0,0.0,480.0,18.31876,12.795844
2026-02-08 10:00:00+01:00,1.7639999,5.00128,13.679999,83.0,0.0,1080.0,20.687803,15.566816
2026-02-08 11:00:00+01:00,3.214,3.671294,13.679999,96.0,0.0,8580.0,21.041128,17.21225
2026-02-08 12:00:00+01:00,3.3140001,5.1544156,12.24,94.0,0.0,1100.0,20.179676,16.71258
2026-02-08 13:00:00+01:00,3.164,4.0249224,11.5199995,100.0,0.0,1220.0,18.733492,19.281382
2026-02-08 14:00:00+01:00,3.5640001,2.4149535,10.440001,100.0,0.0,7140.0,16.43036,17.903427
2026-02-08 15:00:00+01:00,3.414,3.671294,9.0,100.0,0.0,5940.0,12.961332,17.752157
2026-02-08 16:00:00+01:00,2.7640002,2.52,9.72,100.0,0.0,4400.0,7.291139,17.390388
2026-02-08 17:00:00+01:00,2.5140002,1.08,6.8399997,100.0,0.0,5560.0,6.3960004,15.824544
2026-02-08 18:00:00+01:00,2.5640001,2.2768397,5.04,100.0,0.0,5680.0,6.0797453,14.948187
2026-02-08 19:00:00+01:00,2.014,4.3349743,7.2,70.0,0.0,2060.0,14.126582,14.648801
2026-02-08 20:00:00+01:00,1.5139999,4.0249224,11.5199995,95.0,0.0,680.0,11.474137,13.612786
2026-02-08 21:00:00+01:00,1.414,0.35999998,9.0,94.0,0.0,900.0,11.715913,10.857635
2026-02-08 22:00:00+01:00,1.464,3.396233,5.3999996,100.0,0.0,200.0,9.612922,11.444951
2026-02-08 23:00:00+01:00,1.6140001,3.0758414,7.2,100.0,0.0,1740.0,6.1138062,10.533453
2026-02-09 00:00:00+01:00,1.464,3.319036,6.12,95.0,0.0,1420.0,6.3797464,11.0510645
2026-02-09 01:00:00+01:00,1.2639999,4.1046314,7.2,99.0,0.0,400.0,6.347113,10.551724
2026-02-09 02:00:00+01:00,1.314,4.198285,8.28,90.0,0.0,760.0,9.580463,7.4482756
2026-02-09 03:00:00+01:00,1.1140001,3.8939953,9.0,80.0,0.0,1860.0,11.961482,5.00416
2026-02-09 04:00:00+01:00,1.064,4.072935,9.0,89.0,0.0,2060.0,9.350104,5.00416
2026-02-09 05:00:00+01:00,0.864,3.8939953,10.08,62.0,0.0,2820.0,10.955679,5.339374
2026-02-09 06:00:00+01:00,0.51400006,3.096837,8.64,50.0,0.0,2980.0,11.671517,5.7224755
2026-02-09 07:00:00+01:00,0.16400002,4.3349743,7.2,64.0,0.0,2260.0,12.570939,5.855574
2026-02-09 08:00:00+01:00,-0.035999984,3.7064266,11.5199995,35.0,0.0,2780.0,12.244582,7.777219
2026-02-09 09:00:00+01:00,0.314,3.0758414,10.440001,0.0,0.0,4760.0,12.570939,8.281033
2026-02-09 10:00:00+01:00,1.064,7.491114,11.159999,73.0,0.0,5160.0,14.787324,10.569963
2026-02-09 11:00:00+01:00,2.0640001,8.587338,17.28,44.0,0.0,12700.0,20.78794,13.326771
2026-02-09 12:00:00+01:00,3.164,6.489992,16.919998,19.0,0.0,19360.0,22.085989,17.256958
2026-02-09 13:00:00+01:00,3.5640001,4.5536795,13.32,39.0,0.0,21280.0,16.512308,18.042753
2026-02-09 14:00:00+01:00,4.164,5.00128,13.679999,7.0,0.0,26020.0,15.942856,20.49216
2026-02-09 15:00:00+01:00,4.414,4.198285,12.959999,0.0,0.0,26740.0,16.959002,24.238705
2026-02-09 16:00:00+01:00,4.114,3.8268526,9.36,0.0,0.0,27780.0,17.123507,31.330996
2026-02-09 17:00:00+01:00,3.8140001,4.6938252,11.159999,0.0,0.0,23200.0,18.147924,33.407864
2026-02-09 18:00:00+01:00,2.614,4.3498964,10.08,0.0,0.0,9200.0,16.316214,34.278706
2026-02-09 19:00:00+01:00,1.164,3.8773184,9.36,0.0,0.0,4120.0,13.949067,37.47341
2026-02-09 20:00:00+01:00,1.064,4.3349743,10.08,0.0,0.0,12920.0,12.95332,36.64172
2026-02-09 21:00:00+01:00,1.6140001,3.219938,10.08,0.0,0.0,30640.0,13.678478,34.430096
2026-02-09 22:00:00+01:00,0.864,3.7585104,6.8399997,0.0,0.0,15940.0,9.752324,31.612547
2026-02-09 23:00:00+01:00,0.46400002,3.5455887,9.36,0.0,0.0,10440.0,6.9559,30.772688
2026-02-10 00:00:00+01:00,0.36400002,3.8268526,5.7599998,0.0,0.0,9060.0,5.6366506,32.58473
2026-02-10 01:00:00+01:00,-0.886,2.968636,6.8399997,77.0,0.0,840.0,4.907998,34.608665
2026-02-10 02:00:00+01:00,-0.93599993,4.39436,7.5599995,60.0,0.0,1340.0,6.895935,41.19528
2026-02-10 03:00:00+01:00,-0.836,3.8773184,7.2,0.0,0.0,3600.0,8.074956,42.370876
2026-02-10 04:00:00+01:00,-0.33599997,2.6208394,6.8399997,0.0,0.0,8880.0,11.031237,43.85865
2026-02-10 05:00:00+01:00,-0.436,2.8116899,10.08,0.0,0.0,7840.0,14.67455,36.414967
2026-02-10 06:00:00+01:00,0.314,2.2768397,12.959999,100.0,0.0,13920.0,11.02182,48.513157
2026-02-10 07:00:00+01:00,1.1140001,6.696387,18.0,79.0,0.0,27900.0,22.666018,45.779804
2026-02-10 08:00:00+01:00,1.7639999,6.924738,18.359999,52.0,0.2,39040.0,31.794405,59.408134
2026-02-10 09:00:00+01:00,2.264,5.3999996,16.56,72.0,0.2,19680.0,41.968605,58.782284
2026-02-10 10:00:00+01:00,1.1140001,4.1046314,17.64,100.0,0.3,16180.0,40.9341,63.504772
2026-02-10 11:00:00+01:00,2.214,7.5170207,20.519999,76.0,0.4,10500.0,44.87624,54.793217
2026-02-10 12:00:00+01:00,3.164,6.696387,22.68,71.0,0.3,13900.0,50.436325,55.272747
2026-02-10 13:00:00+01:00,4.9639997,6.763786,19.8,83.0,0.0,21440.0,48.31454,57.657352
2026-02-10 14:00:00+01:00,4.914,7.4128532,18.359999,89.0,0.0,21060.0,43.02409,59.281544
2026-02-10 15:00:00+01:00,4.664,5.00128,19.08,83.0,0.4,18480.0,45.242622,59.28804
2026-02-10 16:00:00+01:00,5.514,8.714677,19.44,28.0,0.0,24080.0,46.672726,61.62357
2026-02-10 17:00:00+01:00,5.0639997,6.489992,20.880001,9.0,0.0,18260.0,31.813992,64.69778
2026-02-10 18:00:00+01:00,4.764,5.2416787,15.84,54.0,0.0,36500.0,25.277792,59.679882
2026-02-10 19:00:00+01:00,4.414,6.3690495,13.679999,23.0,0.0,24240.0,29.228569,53.354042
2026-02-10 20:00:00+01:00,4.664,7.928177,19.44,100.0,0.2,21680.0,36.181248,50.65755
2026-02-10 21:00:00+01:00,4.8139997,6.618519,22.319998,94.0,1.1,9500.0,30.175896,75.47188
2026-02-10 22:00:00+01:00,4.414,4.39436,16.919998,96.0,1.0,3320.0,29.143188,72.410835
2026-02-10 23:00:00+01:00,4.864,9.0,21.24,100.0,0.1,23040.0,45.678856,63.377243
2026-02-11 00:00:00+01:00,4.614,10.44,31.319998,100.0,3.2,6800.0,52.405064,87.32995
2026-02-11 01:00:00+01:00,5.614,14.182355,37.8,76.0,1.0,8460.0,77.602264,89.80073
2026-02-11 02:00:00+01:00,6.0639997,20.948164,37.44,100.0,2.3,8740.0,82.636955,93.08275
2026-02-11 03:00:00+01:00,6.9639997,28.03612,50.039997,89.0,0.2,20740.0,92.93075,90.54626
2026-02-11 04:00:00+01:00,7.2139997,29.024128,55.8,87.0,0.0,30100.0,82.45961,77.52659
2026-02-11 05:00:00+01:00,6.914,23.847115,52.92,85.0,0.2,28040.0,78.29492,69.915115
2026-02-11 06:00:00+01:00,6.864,22.206486,42.48,82.0,0.1,34720.0,84.28286,72.30968
2026-02-11 07:00:00+01:00,6.3139997,24.795612,59.039997,69.0,0.2,21820.0,73.93662,69.79654
2026-02-11 08:00:00+01:00,5.914,20.730501,45.0,84.0,0.1,23820.0,81.15999,76.36753
2026-02-11 09:00:00+01:00,6.7139997,32.682766,61.56,91.0,0.0,29760.0,86.937706,77.02805
2026-02-11 10:00:00+01:00,7.2139997,27.086262,63.0,74.0,0.0,31860.0,76.3886,70.162636
2026-02-11 11:00:00+01:00,7.864,26.654589,55.8,84.0,0.0,34720.0,83.2678,70.181854
2026-02-11 12:00:00+01:00,7.914,33.58821,74.520004,39.0,0.0,40820.0,85.769,73.86467
2026-02-11 13:00:00+01:00,8.464001,33.37338,73.439995,76.0,0.0,44120.0,77.26033,77.78705
2026-02-11 14:00:00+01:00,8.4140005,28.694056,70.56,87.0,0.0,43780.0,80.41973,73.28345
2026-02-11 15:00:00+01:00,7.8139997,33.01418,68.4,95.0,0.0,39600.0,82.61686,64.91179
2026-02-11 16:00:00+01:00,7.114,27.231804,74.159996,88.0,0.2,23200.0,86.60745,78.21674
2026-02-11 17:00:00+01:00,7.514,30.513052,62.639996,100.0,0.0,43380.0,84.75704,72.130974
2026-02-11 18:00:00+01:00,6.764,24.162947,63.72,73.0,0.0,40280.0,72.56882,68.20246
2026-02-11 19:00:00+01:00,6.414,22.702845,45.0,0.0,0.0,38680.0,74.03205,56.53389
2026-02-11 20:00:00+01:00,5.914,16.923828,42.839996,11.0,0.0,47220.0,73.3685,54.224262
2026-02-11 21:00:00+01:00,5.914,12.229406,37.8,0.0,0.0,54000.0,66.45669,59.670193
2026-02-11 22:00:00+01:00,5.914,8.699793,32.399998,19.0,0.0,49140.0,49.572544,59.715374
2026-02-11 23:00:00+01:00,6.014,7.5170207,23.039999,6.0,0.0,54500.0,43.35106,65.53789
2026-02-12 00:00:00+01:00,5.764,7.69592,20.880001,34.0,0.1,50780.0,51.234924,91.61218
2026-02-12 01:00:00+01:00,5.864,9.255571,23.039999,100.0,0.5,14700.0,42.604546,93.988884
2026-02-12 02:00:00+01:00,5.2139997,8.647496,22.319998,100.0,0.7,31940.0,33.06546,121.59181
2026-02-12 03:00:00+01:00,4.8139997,3.396233,18.72,67.0,0.1,25500.0,57.267433,95.513626
2026-02-12 04:00:00+01:00,4.4639997,7.69592,14.759999,76.0,0.1,35120.0,45.869392,94.965515
2026-02-12 05:00:00+01:00,5.2139997,8.14587,25.56,58.0,0.1,43040.0,59.321068,90.62918
2026-02-12 06:00:00+01:00,5.514,15.937878,38.519997,70.0,0.1,27780.0,72.04181,83.25574
2026-02-12 07:00:00+01:00,5.514,14.021525,37.079998,8.0,0.0,32960.0,64.162605,69.10034
2026-02-12 08:00:00+01:00,5.764,10.464797,32.760002,50.0,0.0,38560.0,54.884438,59.359474
2026-02-12 09:00:00+01:00,5.9639997,19.228851,38.519997,75.0,0.2,35560.0,55.252106,68.20246
2026-02-12 10:00:00+01:00,6.014,17.447933,34.92,82.0,0.1,14980.0,60.196762,85.07072
2026-02-12 11:00:00+01:00,6.3139997,24.20314,43.92,97.0,0.4,15020.0,80.14166,82.530716
2026-02-12 12:00:00+01:00,5.514,38.575474,87.479996,100.0,0.7,16960.0,93.83026,104.677795
2026-02-12 13:00:00+01:00,5.764,31.700449,84.24,94.0,0.9,17920.0,84.50062,95.92014
2026-02-12 14:00:00+01:00,5.7139997,27.219902,72.72,95.0,0.0,16680.0,84.01139,77.707756
2026-02-12 15:00:00+01:00,6.2139997,29.379177,66.96,83.0,0.1,24660.0,80.30862,81.31982
2026-02-12 16:00:00+01:00,6.5639997,33.818928,69.84,66.0,0.2,25400.0,89.56256,87.51944
2026-02-12 17:00:00+01:00,6.0639997,32.058193,77.03999,77.0,0.0,22760.0,87.09879,86.898766
2026-02-12 18:00:00+01:00,5.2139997,29.07989,70.92,64.0,0.0,21260.0,85.986626,85.17934
2026-02-12 19:00:00+01:00,5.164,26.554728,59.399998,67.0,0.0,18500.0,77.31541,80.97799
2026-02-12 20:00:00+01:00,5.2139997,20.724247,50.76,69.0,0.0,20780.0,69.26731,70.62237
2026-02-12 21:00:00+01:00,4.9639997,24.1388,46.079998,90.0,0.3,11280.0,71.80071,66.41669
2026-02-12 22:00:00+01:00,4.614,24.1388,54.36,90.0,0.1,12820.0,63.461323,65.373085
2026-02-12 23:00:00+01:00,4.364,24.014996,50.399998,100.0,0.0,16240.0,63.418762,68.21094
2026-02-13 00:00:00+01:00,4.414,21.659916,47.519997,93.0,0.0,21040.0,66.98579,71.45214
2026-02-13 01:00:00+01:00,4.614,21.175835,45.719997,100.0,0.0,21200.0,62.063416,63.289036
2026-02-13 02:00:00+01:00,4.364,23.132626,47.519997,89.0,0.0,20600.0,67.866615,68.504005
2026-02-13 03:00:00+01:00,4.114,20.966715,46.44,99.0,0.0,27120.0,66.87409,60.258064
2026-02-13 04:00:00+01:00,4.2139997,18.919704,41.399998,66.0,0.0,27420.0,59.277294,53.39374
2026-02-13 05:00:00+01:00,3.7640002,16.766108,37.8,79.0,0.0,23440.0,53.907146,61.209564
2026-02-13 06:00:00+01:00,3.164,16.965895,33.48,72.0,0.0,17880.0,56.632973,55.89309
2026-02-13 07:00:00+01:00,3.3140001,11.983188,34.56,56.0,0.0,18580.0,61.032677,44.79728
2026-02-13 08:00:00+01:00,3.114,8.891343,25.919998,61.0,0.0,23440.0,56.346237,41.701843
2026-02-13 09:00:00+01:00,3.664,11.620809,30.239998,0.0,0.0,19620.0,48.92106,41.34464
2026-02-13 10:00:00+01:00,5.014,11.177405,28.44,0.0,0.0,34820.0,26.197577,39.147755
2026-02-13 11:00:00+01:00,5.864,12.313893,27.359999,0.0,0.0,32260.0,23.524694,39.3049
2026-02-13 12:00:00+01:00,6.9639997,7.5942082,24.84,0.0,0.0,35060.0,27.95762,38.727253
2026-02-13 13:00:00+01:00,8.064,6.4096174,14.04,0.0,0.0,57460.0,10.035667,36.372623
2026-02-13 14:00:00+01:00,8.564,1.609969,15.4800005,0.0,0.0,59840.0,7.6388597,40.03328
2026-02-13 15:00:00+01:00,8.9140005,4.2136917,11.159999,0.0,0.0,62040.0,3.89347,43.448277
2026-02-13 16:00:00+01:00,8.764,2.0364676,11.159999,0.0,0.0,65180.0,6.850616,38.241734
2026-02-13 17:00:00+01:00,8.1640005,4.6938252,9.0,0.0,0.0,65320.0,7.78694,36.372623
2026-02-13 18:00:00+01:00,6.864,4.072935,11.5199995,0.0,0.0,48040.0,5.7641516,35.504314
2026-02-13 19:00:00+01:00,5.8139997,5.0142193,15.119999,0.0,0.0,43360.0,6.895935,25.994967
2026-02-13 20:00:00+01:00,5.264,5.2416787,13.32,0.0,0.0,31400.0,5.094838,15.41761
2026-02-13 21:00:00+01:00,4.9639997,10.495713,25.919998,0.0,0.0,22040.0,10.638334,10.00832
2026-02-13 22:00:00+01:00,4.4639997,7.0911775,27.0,0.0,0.0,18060.0,12.2276125,15.665498
2026-02-13 23:00:00+01:00,4.314,7.729527,20.16,33.0,0.0,18540.0,15.148044,17.245792
2026-02-14 00:00:00+01:00,4.164,9.028754,22.68,84.0,0.0,17440.0,15.818631,16.94153
2026-02-14 01:00:00+01:00,3.914,7.8954163,23.759998,27.0,0.0,19820.0,14.610731,16.185604
2026-02-14 02:00:00+01:00,3.464,6.6185193,19.44,7.0,0.0,14400.0,10.9461975,12.568007
2026-02-14 03:00:00+01:00,3.464,7.5685663,19.44,0.0,0.0,14860.0,10.831775,8.350525
2026-02-14 04:00:00+01:00,3.114,6.379216,19.8,0.0,0.0,9940.0,8.074956,11.939204
2026-02-14 05:00:00+01:00,2.8140001,5.5887027,16.199999,4.0,0.0,6660.0,5.7641516,10.00832
2026-02-14 06:00:00+01:00,2.714,5.8048253,16.199999,53.0,0.0,3940.0,4.201311,10.330335
2026-02-14 07:00:00+01:00,2.864,7.5942073,19.8,73.0,0.0,4180.0,6.572144,4.3448277
2026-02-14 08:00:00+01:00,2.914,8.557102,21.24,85.0,0.0,3740.0,9.394418,4.1637125
2026-02-14 09:00:00+01:00,3.214,9.885262,21.599998,98.0,0.0,4240.0,8.987734,4.7270317
2026-02-14 10:00:00+01:00,3.664,11.090103,21.599998,100.0,0.0,8000.0,15.553866,13.948265
2026-02-14 11:00:00+01:00,4.114,11.013882,21.96,100.0,0.0,10100.0,13.456546,14.329733
2026-02-14 12:00:00+01:00,4.4639997,11.792404,21.599998,100.0,0.0,14540.0,16.303482,18.26558
2026-02-14 13:00:00+01:00,4.514,12.224107,24.48,94.0,0.1,19320.0,17.292456,17.478779
2026-02-14 14:00:00+01:00,4.664,12.758432,25.199999,84.0,0.1,22780.0,22.04835,17.31268
2026-02-14 15:00:00+01:00,4.664,12.074766,25.199999,89.0,0.3,21040.0,25.494564,16.433628
2026-02-14 16:00:00+01:00,3.914,9.885262,29.88,100.0,0.9,10140.0,20.343658,15.702343
2026-02-14 17:00:00+01:00,3.8140001,13.797913,26.28,100.0,1.6,3140.0,20.34876,16.77011
2026-02-14 18:00:00+01:00,2.914,16.65754,33.12,95.0,1.4,6200.0,21.610764,18.662022
2026-02-14 19:00:00+01:00,2.264,18.161278,38.88,98.0,0.9,2720.0,37.765095,16.804535
2026-02-14 20:00:00+01:00,0.564,15.192682,37.44,100.0,1.8,200.0,38.62412,13.781546
2026-02-14 21:00:00+01:00,0.26400003,15.844089,32.039997,100.0,1.5,320.0,30.35087,19.871763
2026-02-14 22:00:00+01:00,0.16400002,12.24,33.12,100.0,0.8,280.0,25.978682,24.989985
2026-02-14 23:00:00+01:00,0.26400003,9.107359,28.08,93.0,1.2,400.0,22.884842,22.482334
2026-02-15 00:00:00+01:00,0.014000028,10.182337,20.519999,94.0,0.6,560.0,18.056154,19.271389
2026-02-15 01:00:00+01:00,0.11400002,9.746631,23.4,100.0,0.6,400.0,18.369701,10.569963
2026-02-15 02:00:00+01:00,-0.236,10.308831,20.880001,99.0,1.1,440.0,16.512308,11.41124
2026-02-15 03:00:00+01:00,-0.33599997,9.6932955,21.24,100.0,0.7,2520.0,14.41038,16.94153
2026-02-15 04:00:00+01:00,-0.236,7.968939,19.08,98.0,0.4,2420.0,11.644798,10.98112
2026-02-15 05:00:00+01:00,-0.436,9.693296,19.08,87.0,0.3,4240.0,9.612922,19.716057
2026-02-15 06:00:00+01:00,-0.58599997,6.297428,18.359999,92.0,0.2,3740.0,5.7641516,22.76332
2026-02-15 07:00:00+01:00,-0.53599995,4.39436,13.32,87.0,0.3,4600.0,4.511162,20.548483
2026-02-15 08:00:00+01:00,-0.68599993,4.0249224,11.5199995,85.0,0.2,4580.0,6.1138062,24.143152
2026-02-15 09:00:00+01:00,-0.53599995,4.510787,11.5199995,81.0,0.1,8880.0,6.6350365,31.238638
2026-02-15 10:00:00+01:00,-0.28599995,4.68,8.28,91.0,0.0,9720.0,3.3175182,29.086447
2026-02-15 11:00:00+01:00,0.06400001,2.52,10.440001,99.0,0.0,16360.0,8.765491,28.089205
2026-02-15 12:00:00+01:00,0.614,1.8,6.8399997,97.0,0.0,21160.0,16.461926,28.089205
2026-02-15 13:00:00+01:00,1.314,3.0547013,6.4799995,87.0,0.0,25640.0,18.090624,28.953691
2026-02-15 14:00:00+01:00,1.8640001,3.396233,9.72,84.0,0.0,29580.0,22.839428,34.00224
2026-02-15 15:00:00+01:00,1.964,6.1094027,20.519999,60.0,0.0,27200.0,27.258099,38.662537
2026-02-15 16:00:00+01:00,2.164,8.089993,14.04,41.0,0.0,35960.0,31.597857,39.147755
2026-02-15 17:00:00+01:00,1.964,4.39436,16.56,16.0,0.0,27560.0,39.128887,45.4165
2026-02-15 18:00:00+01:00,1.5139999,6.519877,16.919998,0.0,0.0,19780.0,53.191673,53.509064
2026-02-15 19:00:00+01:00,1.664,9.904906,21.24,94.0,0.0,24380.0,61.95625,63.903904
2026-02-15 20:00:00+01:00,1.314,13.493999,26.28,55.0,0.2,10780.0,53.551575,77.29767
2026-02-15 21:00:00+01:00,1.314,16.171976,31.68,100.0,0.2,3140.0,69.02707,96.44885
2026-02-15 22:00:00+01:00,0.51400006,20.192118,43.199997,100.0,1.0,360.0,94.37422,106.41886
2026-02-15 23:00:00+01:00,1.0139999,16.87398,46.8,94.0,0.1,3840.0,101.49859,97.26624
2026-02-16 00:00:00+01:00,2.964,19.386591,46.079998,84.0,0.1,15200.0,91.36225,96.64638
2026-02-16 01:00:00+01:00,2.5140002,18.584509,41.760002,83.0,0.0,6880.0,89.201294,99.07148
2026-02-16 02:00:00+01:00,3.114,21.629978,43.92,87.0,0.1,6380.0,89.97086,105.206436
2026-02-16 03:00:00+01:00,4.4639997,21.868332,44.28,90.0,0.4,17360.0,80.27629,98.227936
2026-02-16 04:00:00+01:00,4.4639997,23.83896,51.839996,100.0,1.9,8040.0,101.187126,108.02853
2026-02-16 05:00:00+01:00,4.8139997,27.359999,57.6,100.0,2.0,9520.0,82.87659,93.37821
2026-02-16 06:00:00+01:00,3.964,22.450264,64.079994,100.0,1.0,14340.0,79.83012,95.85586
2026-02-16 07:00:00+01:00,3.8140001,22.007162,43.56,100.0,0.4,14240.0,62.456978,90.85209
2026-02-16 08:00:00+01:00,3.2640002,14.57889,45.719997,88.0,1.3,5800.0,46.207684,88.45208
2026-02-16 09:00:00+01:00,3.2640002,12.979984,31.319998,76.0,0.1,9780.0,49.672974,73.42525
2026-02-16 10:00:00+01:00,3.464,13.53236,28.08,100.0,0.0,12900.0,46.857002,68.66971
2026-02-16 11:00:00+01:00,3.0640001,14.168641,38.16,100.0,0.8,4620.0,57.35983,55.045757
2026-02-16 12:00:00+01:00,3.864,17.654688,39.96,100.0,0.2,16580.0,60.003265,59.515045
2026-02-16 13:00:00+01:00,4.9639997,23.469128,47.519997,85.0,0.0,34980.0,58.088314,64.12357
2026-02-16 14:00:00+01:00,5.764,26.427528,58.679996,89.0,0.0,44520.0,61.282238,78.88621
2026-02-16 15:00:00+01:00,4.314,25.620771,61.199997,100.0,0.1,22040.0,57.49904,83.40369
2026-02-16 16:00:00+01:00,4.2139997,25.282152,57.239998,100.0,0.3,23860.0,73.12185,84.61891
2026-02-16 17:00:00+01:00,2.0640001,19.134262,59.399998,86.0,3.0,1160.0,70.977516,77.96019
2026-02-16 18:00:00+01:00,2.714,18.345877,43.56,73.0,0.1,6580.0,62.44534,77.83408
2026-02-16 19:00:00+01:00,2.914,21.349546,56.519997,100.0,0.7,10220.0,60.86062,76.205925
2026-02-16 20:00:00+01:00,2.264,15.484185,44.639996,82.0,0.1,4780.0,49.073635,61.910484
2026-02-16 21:00:00+01:00,1.964,16.394829,33.12,81.0,0.1,5280.0,61.626907,52.19701
2026-02-16 22:00:00+01:00,2.164,14.440443,38.16,62.0,1.1,5740.0,53.043114,64.45616
2026-02-16 23:00:00+01:00,1.664,16.039202,33.12,99.0,1.5,3760.0,55.68078,51.651672
2026-02-17 00:00:00+01:00,0.814,16.766108,38.16,100.0,0.7,240.0,56.274326,72.73466
2026-02-17 01:00:00+01:00,1.064,18.584509,43.199997,75.0,0.5,960.0,63.696484,65.60839
2026-02-17 02:00:00+01:00,1.464,18.919704,38.16,68.0,0.0,6140.0,64.2677,76.05918
2026-02-17 03:00:00+01:00,1.314,21.313093,42.12,100.0,0.2,8620.0,67.44457,86.09482
2026-02-17 04:00:00+01:00,1.2639999,21.791153,45.719997,100.0,0.8,3160.0,66.98114,84.38868
2026-02-17 05:00:00+01:00,1.2639999,24.57511,49.68,96.0,0.2,5300.0,72.96833,79.73144
2026-02-17 06:00:00+01:00,0.96400005,21.647945,52.92,92.0,0.1,1180.0,60.540745,76.08956
2026-02-17 07:00:00+01:00,0.864,19.245697,44.639996,94.0,0.8,520.0,51.105064,69.79378
2026-02-17 08:00:00+01:00,0.814,17.81909,37.8,100.0,0.7,300.0,50.178337,71.959854
2026-02-17 09:00:00+01:00,1.064,18.129137,38.88,99.0,1.6,740.0,57.144012,65.05408
2026-02-17 10:00:00+01:00,1.464,19.829433,39.6,100.0,0.5,1780.0,53.830048,55.89309
2026-02-17 11:00:00+01:00,1.914,21.707731,45.36,90.0,0.4,5360.0,55.678917,55.43978
2026-02-17 12:00:00+01:00,2.214,22.027763,42.12,100.0,0.4,7560.0,52.689594,64.68587
2026-02-17 13:00:00+01:00,3.114,21.38897,51.12,100.0,0.2,15340.0,57.007576,70.10496
2026-02-17 14:00:00+01:00,3.664,25.068514,57.239998,78.0,0.0,21420.0,56.572437,82.9637
2026-02-17 15:00:00+01:00,3.364,28.835976,55.44,98.0,0.2,17540.0,68.118576,65.3613
2026-02-17 16:00:00+01:00,4.064,25.683926,61.56,100.0,0.0,45480.0,65.20437,80.452965
2026-02-17 17:00:00+01:00,2.264,25.44566,57.239998,49.0,0.4,25980.0,70.491646,70.223015
2026-02-17 18:00:00+01:00,1.414,20.46941,50.76,70.0,0.0,21500.0,65.571175,76.22109
2026-02-17 19:00:00+01:00,0.96400005,22.104116,37.8,67.0,0.0,28560.0,55.5968,64.5159
2026-02-17 20:00:00+01:00,0.76400006,15.256526,43.199997,42.0,0.0,26180.0,53.162388,60.258064
2026-02-17 21:00:00+01:00,0.46400002,8.12197,29.16,74.0,0.0,19020.0,44.350266,57.857464
2026-02-17 22:00:00+01:00,0.91400003,8.427383,23.039999,100.0,0.0,23160.0,40.931564,53.742546
2026-02-17 23:00:00+01:00,0.864,7.928178,24.84,45.0,0.0,32840.0,41.530903,51.18338
2026-02-18 00:00:00+01:00,0.76400006,5.4119864,20.16,68.0,0.0,38220.0,42.663,50.03005
2026-02-18 01:00:00+01:00,0.314,5.4833565,16.199999,66.0,0.0,21640.0,54.327316,50.432705
2026-02-18 02:00:00+01:00,0.014000028,6.151683,18.359999,59.0,0.0,16520.0,50.051956,50.156944
2026-02-18 03:00:00+01:00,0.16400002,5.6920996,19.8,31.0,0.0,10980.0,44.209576,50.24903
2026-02-18 04:00:00+01:00,-0.13599998,5.95906,20.519999,52.0,0.0,4180.0,39.937817,53.89645
2026-02-18 05:00:00+01:00,-0.085999966,4.6938257,15.119999,45.0,0.0,5760.0,44.11083,50.737343
2026-02-18 06:00:00+01:00,0.014000028,4.5536795,16.919998,51.0,0.0,8700.0,43.81561,41.34464
2026-02-18 07:00:00+01:00,0.314,5.8048253,15.4800005,62.0,0.0,8160.0,35.180218,37.570953
2026-02-18 08:00:00+01:00,0.314,4.0249224,16.199999,9.0,0.0,4740.0,36.092175,50.763912
2026-02-18 09:00:00+01:00,0.614,2.4149535,12.599999,69.0,0.0,6400.0,26.901518,47.237705
2026-02-18 10:00:00+01:00,0.96400005,4.2136917,14.04,95.0,0.3,5180.0,28.333897,57.10682
2026-02-18 11:00:00+01:00,0.66400003,5.6002855,12.24,100.0,0.4,1160.0,31.683176,65.74916
2026-02-18 12:00:00+01:00,0.614,3.319036,13.679999,100.0,0.5,1060.0,35.768524,68.30125
2026-02-18 13:00:00+01:00,0.41400003,3.2399998,5.3999996,94.0,0.7,340.0,38.926697,71.44674
2026-02-18 14:00:00+01:00,0.66400003,3.671294,13.679999,100.0,0.5,940.0,63.18421,71.635216
2026-02-18 15:00:00+01:00,0.96400005,2.968636,9.0,86.0,0.4,8040.0,70.716644,63.504772
2026-02-18 16:00:00+01:00,0.96400005,4.3349743,12.599999,100.0,0.4,12220.0,59.711853,70.13793
2026-02-18 17:00:00+01:00,1.3640001,5.991594,16.919998,67.0,0.2,18100.0,64.2273,58.81833
2026-02-18 18:00:00+01:00,1.164,4.2136917,14.4,71.0,0.2,17460.0,58.138336,52.991776
2026-02-18 19:00:00+01:00,1.0139999,2.2768397,11.159999,87.0,0.0,13060.0,48.00408,49.856483
2026-02-18 20:00:00+01:00,1.164,3.5455887,8.64,0.0,0.0,14580.0,34.87788,55.79651
2026-02-18 21:00:00+01:00,1.064,2.8116899,6.8399997,0.0,0.0,14580.0,17.69604,59.99857
2026-02-18 22:00:00+01:00,0.36400002,4.3498964,11.879999,45.0,0.0,6900.0,13.402427,63.084793
2026-02-18 23:00:00+01:00,0.814,4.6102495,11.159999,0.0,0.0,11220.0,14.388747,64.438225
2026-02-19 00:00:00+01:00,0.614,6.1305785,11.5199995,30.0,0.0,7260.0,9.482423,53.140602
2026-02-19 01:00:00+01:00,-0.085999966,2.0991426,10.799999,73.0,0.0,1460.0,11.644798,48.286304
2026-02-19 02:00:00+01:00,0.314,3.96,7.92,85.0,0.0,4380.0,20.647614,40.03328
2026-02-19 03:00:00+01:00,0.76400006,6.297428,11.879999,100.0,0.1,10940.0,23.458397,37.0339
2026-02-19 04:00:00+01:00,1.1140001,10.24578,24.48,100.0,1.9,8320.0,50.688904,20.818563
2026-02-19 05:00:00+01:00,2.264,18.844202,41.039997,100.0,2.1,12220.0,41.32539,43.505867
2026-02-19 06:00:00+01:00,2.0640001,5.991594,35.28,52.0,1.0,16460.0,41.77767,49.96455
2026-02-19 07:00:00+01:00,1.8640001,7.289444,17.64,74.0,0.0,14340.0,39.73974,39.728985
2026-02-19 08:00:00+01:00,2.364,6.439876,17.64,48.0,0.0,21840.0,37.811802,41.21865
2026-02-19 09:00:00+01:00,2.464,4.5820518,15.4800005,0.0,0.0,19500.0,30.18622,34.188675
2026-02-19 10:00:00+01:00,2.5140002,3.8939953,10.08,14.0,0.0,19800.0,26.292524,42.647293
2026-02-19 11:00:00+01:00,3.7640002,3.7585104,9.72,60.0,0.0,23280.0,30.296087,46.918552
2026-02-19 12:00:00+01:00,4.8139997,2.8116899,10.08,65.0,0.0,27020.0,34.6449,44.96895
2026-02-19 13:00:00+01:00,4.9639997,8.587338,14.04,82.0,0.1,25040.0,34.949253,49.705578
2026-02-19 14:00:00+01:00,5.014,17.193533,31.68,100.0,0.2,14820.0,40.96199,54.62421
2026-02-19 15:00:00+01:00,4.764,16.62249,36.36,91.0,0.3,24240.0,49.118046,48.41379
2026-02-19 16:00:00+01:00,4.4639997,14.408997,32.399998,78.0,0.1,22380.0,57.93618,49.425762
2026-02-19 17:00:00+01:00,4.414,14.689589,30.960001,62.0,0.0,24920.0,49.185646,42.32084
2026-02-19 18:00:00+01:00,3.7640002,7.8625183,27.359999,69.0,0.0,25640.0,45.551388,40.30661
2026-02-19 19:00:00+01:00,3.614,9.422101,24.119999,91.0,0.0,19400.0,39.054516,33.97957
2026-02-19 20:00:00+01:00,3.364,12.074766,23.4,84.0,0.1,13440.0,48.640095,28.307802
2026-02-19 21:00:00+01:00,3.114,14.494192,27.72,71.0,0.5,12860.0,46.883587,24.897316
2026-02-19 22:00:00+01:00,3.164,12.224107,30.599998,100.0,1.3,9940.0,43.307922,23.975016
2026-02-19 23:00:00+01:00,3.0640001,11.966954,26.28,87.0,0.9,3180.0,47.049393,15.367554
2026-02-20 00:00:00+01:00,3.0140002,13.202726,25.919998,96.0,0.0,8560.0,33.19083,14.948187
2026-02-20 01:00:00+01:00,3.164,11.367109,26.28,96.0,0.1,2840.0,21.42257,24.175043
2026-02-20 02:00:00+01:00,3.114,9.885262,25.919998,95.0,0.3,1920.0,22.624754,23.59437
2026-02-20 03:00:00+01:00,3.0640001,10.464798,25.56,94.0,0.4,1580.0,29.025377,22.889902
2026-02-20 04:00:00+01:00,3.364,9.422101,26.28,100.0,0.2,580.0,28.472807,24.966848
2026-02-20 05:00:00+01:00,3.3140001,8.049845,21.96,97.0,0.2,1160.0,24.863644,28.612377
2026-02-20 06:00:00+01:00,3.214,8.4042845,19.8,95.0,1.0,1360.0,27.189447,30.312284
2026-02-20 07:00:00+01:00,3.414,8.64,25.919998,100.0,0.3,600.0,27.086145,30.772688
2026-02-20 08:00:00+01:00,3.464,8.759178,21.24,100.0,0.1,600.0,25.42115,20.208189
2026-02-20 09:00:00+01:00,3.714,10.308831,24.119999,85.0,0.1,1140.0,31.702831,19.480164
2026-02-20 10:00:00+01:00,4.164,9.0645685,24.119999,99.0,0.0,3860.0,27.52722,22.889902
2026-02-20 11:00:00+01:00,4.9639997,10.440001,20.519999,100.0,0.0,2860.0,27.402464,23.463383
2026-02-20 12:00:00+01:00,5.0639997,11.367109,22.68,100.0,0.0,19860.0,29.178795,27.681644
2026-02-20 13:00:00+01:00,5.364,10.24578,22.319998,100.0,0.0,22420.0,32.86072,28.430025
2026-02-20 14:00:00+01:00,5.0639997,5.634891,20.519999,100.0,0.1,23060.0,24.759027,31.170736
2026-02-20 15:00:00+01:00,5.0639997,8.913181,16.199999,100.0,0.2,15500.0,25.6205,28.578697
2026-02-20 16:00:00+01:00,5.514,3.396233,17.28,100.0,0.0,27020.0,18.279041,27.716415
2026-02-20 17:00:00+01:00,5.164,1.2979984,8.64,100.0,0.1,22840.0,22.624752,30.165771
2026-02-20 18:00:00+01:00,4.7139997,3.6,10.08,94.0,0.2,21180.0,23.074612,30.439116
2026-02-20 19:00:00+01:00,4.514,2.7416782,8.28,79.0,0.1,22620.0,22.347704,31.170736
2026-02-20 20:00:00+01:00,4.114,4.1046314,10.08,100.0,0.0,21040.0,28.73778,32.89655
2026-02-20 21:00:00+01:00,4.064,4.68,11.159999,76.0,0.1,22560.0,37.17766,36.085506
2026-02-20 22:00:00+01:00,4.164,7.145796,15.119999,54.0,0.0,19800.0,44.268253,42.629227
2026-02-20 23:00:00+01:00,4.064,12.904882,24.48,78.0,0.0,18460.0,50.51655,44.330452
2026-02-21 00:00:00+01:00,3.614,17.811815,33.48,78.0,0.1,20580.0,58.913605,45.37831
2026-02-21 01:00:00+01:00,3.8140001,16.299694,33.839996,67.0,0.1,25960.0,50.793266,50.291183
2026-02-21 02:00:00+01:00,3.364,15.876775,31.68,38.0,0.0,26860.0,56.700768,50.37155
2026-02-21 03:00:00+01:00,3.214,17.414474,33.12,41.0,0.0,28980.0,61.89421,49.503643
2026-02-21 04:00:00+01:00,4.014,18.0,35.28,100.0,0.0,32560.0,58.15262,57.790836
2026-02-21 05:00:00+01:00,3.914,18.079027,40.68,100.0,0.1,28240.0,62.54171,63.979225
2026-02-21 06:00:00+01:00,4.114,15.646544,36.719997,100.0,0.0,29200.0,63.2302,67.74337
2026-02-21 07:00:00+01:00,3.914,12.55879,29.88,100.0,0.1,25960.0,56.412537,66.35285
2026-02-21 08:00:00+01:00,4.064,14.81259,29.88,80.0,0.2,25260.0,56.963844,57.469963
2026-02-21 09:00:00+01:00,4.664,17.917007,34.56,87.0,0.2,26740.0,54.71581,63.060356
2026-02-21 10:00:00+01:00,4.364,16.78156,38.16,95.0,0.0,23920.0,58.33089,69.95092
2026-02-21 11:00:00+01:00,5.0639997,20.188908,41.760002,93.0,0.2,26520.0,65.10239,70.42024
2026-02-21 12:00:00+01:00,6.2139997,24.94413,50.76,87.0,0.0,31280.0,65.92966,76.61433
2026-02-21 13:00:00+01:00,6.364,22.702845,50.399998,100.0,0.1,28720.0,67.91249,75.98062
2026-02-21 14:00:00+01:00,6.914,22.702845,51.12,83.0,0.0,30880.0,62.8547,73.69235
2026-02-21 15:00:00+01:00,7.0639997,21.046917,45.719997,100.0,0.0,32000.0,61.520676,76.10475
2026-02-21 16:00:00+01:00,6.764,17.076298,42.839996,100.0,0.1,29000.0,50.877003,67.680786
2026-02-21 17:00:00+01:00,6.764,15.978486,34.56,95.0,0.1,28920.0,51.981335,65.43199
2026-02-21 18:00:00+01:00,6.514,14.039999,34.56,85.0,0.8,24860.0,54.69873,68.36045
2026-02-21 19:00:00+01:00,6.514,14.182355,30.599998,87.0,0.0,25280.0,49.016476,64.578575
2026-02-21 20:00:00+01:00,6.364,12.55879,29.519999,100.0,0.0,26560.0,46.13572,61.347874
2026-02-21 21:00:00+01:00,6.164,10.630672,28.44,50.0,0.0,28600.0,38.688576,59.715374
2026-02-21 22:00:00+01:00,6.2139997,9.793058,28.44,47.0,0.0,28020.0,40.341343,48.65589
2026-02-21 23:00:00+01:00,5.864,8.39657,25.56,0.0,0.0,28680.0,33.424625,46.819916
2026-02-22 00:00:00+01:00,5.514,7.8954163,22.319998,0.0,0.0,28680.0,33.960835,45.259296
2026-02-22 01:00:00+01:00,4.864,8.891344,26.64,0.0,0.0,25860.0,35.061962,44.814476
2026-02-22 02:00:00+01:00,4.664,8.427383,24.84,0.0,0.0,26900.0,32.86072,43.612003
2026-02-22 03:00:00+01:00,4.664,9.422101,25.56,0.0,0.0,28940.0,31.456244,48.09844
2026-02-22 04:00:00+01:00,4.064,9.422101,27.0,0.0,0.0,29060.0,27.478142,53.400955
2026-02-22 05:00:00+01:00,4.4639997,9.360001,25.56,0.0,0.0,33140.0,29.592196,51.123127
2026-02-22 06:00:00+01:00,4.5639997,11.113451,30.239998,45.0,0.0,33580.0,32.43456,52.49875
2026-02-22 07:00:00+01:00,4.4639997,12.849528,30.599998,20.0,0.0,31100.0,36.11231,44.3869
2026-02-22 08:00:00+01:00,4.4639997,11.966953,33.12,0.0,0.0,31020.0,32.106377,43.181446
2026-02-22 09:00:00+01:00,5.264,9.793058,31.68,0.0,0.0,33260.0,28.625557,47.732605
2026-02-22 10:00:00+01:00,6.264,9.83268,27.359999,0.0,0.0,30940.0,35.593925,52.052883
2026-02-22 11:00:00+01:00,7.2139997,13.570615,27.359999,0.0,0.0,30400.0,45.869392,56.537296
2026-02-22 12:00:00+01:00,7.914,14.241629,29.519999,0.0,0.0,31100.0,52.9726,63.979218
2026-02-22 13:00:00+01:00,8.9140005,16.327497,35.64,0.0,0.0,35780.0,56.962025,60.363464
2026-02-22 14:00:00+01:00,9.864,16.454008,36.0,0.0,0.0,35720.0,50.333286,59.083008
2026-02-22 15:00:00+01:00,10.214001,12.864649,33.12,0.0,0.0,36400.0,41.956234,57.187717
2026-02-22 16:00:00+01:00,10.114,11.177405,26.28,0.0,0.0,37380.0,35.162506,51.352455
2026-02-22 17:00:00+01:00,9.514,8.225035,21.96,0.0,0.0,34700.0,38.071774,52.141624
2026-02-22 18:00:00+01:00,8.264,5.6920996,19.44,0.0,0.0,31360.0,43.255146,53.411777
2026-02-22 19:00:00+01:00,7.9639997,8.311245,15.119999,0.0,0.0,31840.0,48.34891,52.19701
2026-02-22 20:00:00+01:00,7.864,8.766573,24.84,0.0,0.0,33580.0,49.301613,55.523106
2026-02-22 21:00:00+01:00,7.2139997,7.342588,23.759998,0.0,0.0,32080.0,49.57045,59.90861
2026-02-22 22:00:00+01:00,7.0639997,9.504273,23.759998,0.0,0.0,26400.0,58.373592,63.943077
2026-02-22 23:00:00+01:00,7.164,9.605998,26.28,0.0,0.0,26200.0,60.008457,64.57857
2026-02-23 00:00:00+01:00,6.864,7.2359104,24.119999,37.0,0.0,26820.0,54.7765,65.246254
2026-02-23 01:00:00+01:00,7.0639997,8.825508,22.68,26.0,0.0,28040.0,59.29306,68.68092
2026-02-23 02:00:00+01:00,6.614,11.183201,26.64,55.0,0.3,25380.0,60.008457,65.40843
2026-02-23 03:00:00+01:00,6.514,10.97262,28.8,99.0,0.7,24940.0,61.124466,53.660046
2026-02-23 04:00:00+01:00,6.8139997,5.00128,25.199999,100.0,0.4,26520.0,53.61358,59.096043
2026-02-23 05:00:00+01:00,6.664,6.9899354,16.56,100.0,0.0,25980.0,55.59494,57.577118
2026-02-23 06:00:00+01:00,6.614,12.387348,29.519999,66.0,0.0,24840.0,58.94708,56.53389
2026-02-23 07:00:00+01:00,6.9639997,12.57426,33.12,100.0,0.0,27020.0,58.13655,57.224754
2026-02-23 08:00:00+01:00,6.764,14.372974,27.359999,78.0,0.1,22840.0,57.693726,53.469448
2026-02-23 09:00:00+01:00,6.9639997,14.118243,28.8,69.0,0.0,25140.0,54.336872,54.708782
2026-02-23 10:00:00+01:00,8.4140005,16.520823,30.239998,37.0,0.0,30500.0,50.136936,54.295265
2026-02-23 11:00:00+01:00,9.364,21.188072,46.8,93.0,0.0,32520.0,57.022144,57.116936
2026-02-23 12:00:00+01:00,10.014,20.620806,46.8,78.0,0.0,32300.0,54.821976,60.049915
2026-02-23 13:00:00+01:00,10.4140005,18.079027,49.32,100.0,0.0,33820.0,50.793266,57.737484
2026-02-23 14:00:00+01:00,10.614,20.037485,41.399998,76.0,0.0,35140.0,50.59049,60.210094
2026-02-23 15:00:00+01:00,10.714001,19.0392,41.039997,56.0,0.0,34800.0,47.122158,58.965515
2026-02-23 16:00:00+01:00,11.214001,16.45007,39.6,42.0,0.0,36440.0,45.40527,59.17422
2026-02-23 17:00:00+01:00,10.814,15.827721,32.760002,70.0,0.0,35660.0,57.47556,61.476475
2026-02-23 18:00:00+01:00,10.014,17.673029,36.0,92.0,0.1,31620.0,68.10791,61.60168
2026-02-23 19:00:00+01:00,9.964001,17.373497,39.6,100.0,0.1,28980.0,66.452,61.460808
2026-02-23 20:00:00+01:00,9.4140005,18.709612,38.16,81.0,0.1,29660.0,60.19503,64.91179
2026-02-23 21:00:00+01:00,8.964001,19.734436,40.68,84.0,0.0,30680.0,67.11278,61.029922
2026-02-23 22:00:00+01:00,9.114,20.150354,40.32,66.0,0.0,30500.0,61.897568,59.99857
2026-02-23 23:00:00+01:00,8.814,20.724247,43.92,16.0,0.0,29200.0,56.508163,50.095463
2026-02-24 00:00:00+01:00,8.614,18.899143,41.760002,32.0,0.0,28100.0,57.77106,53.724625
2026-02-24 01:00:00+01:00,8.714001,18.35647,38.519997,39.0,0.0,32120.0,55.16748,53.555843
2026-02-24 02:00:00+01:00,8.614,16.62249,35.64,54.0,0.0,29400.0,49.082096,55.992947
2026-02-24 03:00:00+01:00,8.264,14.917212,32.760002,49.0,0.3,28540.0,52.19661,62.84923
2026-02-24 04:00:00+01:00,8.314,14.05845,32.039997,79.0,0.2,23920.0,53.88981,56.904068
2026-02-24 05:00:00+01:00,8.214,15.815435,33.48,81.0,0.9,21140.0,44.938667,51.81922
2026-02-24 06:00:00+01:00,8.214,14.039999,33.12,57.0,0.3,23540.0,42.83544,48.719193
2026-02-24 07:00:00+01:00,8.314,12.413476,33.48,66.0,0.0,27140.0,41.468353,49.226597
2026-02-24 08:00:00+01:00,8.1640005,13.797912,32.039997,59.0,0.0,26080.0,37.891346,51.577026
2026-02-24 09:00:00+01:00,8.364,11.874544,29.519999,78.0,0.0,26060.0,34.3197,44.693966
2026-02-24 10:00:00+01:00,9.364,9.178235,27.72,73.0,0.0,30000.0,28.3632,40.98432
2026-02-24 11:00:00+01:00,10.214001,9.021574,23.039999,79.0,0.0,33100.0,19.784773,39.422344
2026-02-24 12:00:00+01:00,10.964001,8.699793,19.08,73.0,0.0,34160.0,15.693425,33.769165
2026-02-24 13:00:00+01:00,12.264,7.2,17.64,56.0,0.0,35920.0,10.311228,30.133825
2026-02-24 14:00:00+01:00,12.714001,4.0249224,15.119999,91.0,0.0,37980.0,2.453999,28.873745
2026-02-24 15:00:00+01:00,12.864,3.6179552,10.08,18.0,0.0,38080.0,3.286072,25.719328
2026-02-24 16:00:00+01:00,13.014,4.896529,11.5199995,0.0,0.0,37420.0,4.488087,27.48611
2026-02-24 17:00:00+01:00,12.4140005,5.4119864,8.28,0.0,0.0,36280.0,3.6455696,29.960732
2026-02-24 18:00:00+01:00,11.264,6.12,14.04,0.0,0.0,35580.0,3.4704785,23.878408
2026-02-24 19:00:00+01:00,10.1640005,5.4477882,15.119999,0.0,0.0,30620.0,7.418196,28.551722
2026-02-24 20:00:00+01:00,9.4140005,5.771239,14.04,0.0,0.0,33020.0,10.9461975,27.937927
2026-02-24 21:00:00+01:00,9.314,6.489992,15.4800005,0.0,0.0,29820.0,8.84802,27.563091
2026-02-24 22:00:00+01:00,8.614,6.0347,16.56,0.0,0.0,26320.0,12.512989,24.554531
2026-02-24 23:00:00+01:00,8.214,5.4477882,16.199999,0.0,0.0,27780.0,13.049152,21.357496
2026-02-25 00:00:00+01:00,8.364,7.10031,17.28,0.0,0.0,31100.0,11.680409,16.245003
2026-02-25 01:00:00+01:00,7.4639997,5.634891,17.28,0.0,0.0,27720.0,10.391472,13.781546
2026-02-25 02:00:00+01:00,7.264,5.315336,14.04,0.0,0.0,29320.0,10.974618,11.394346
2026-02-25 03:00:00+01:00,6.8139997,4.1046314,12.599999,0.0,0.0,28240.0,11.987494,8.327425
2026-02-25 04:00:00+01:00,6.264,4.198285,10.440001,0.0,0.0,23880.0,10.087265,7.499821
2026-02-25 05:00:00+01:00,6.164,2.4149535,9.36,0.0,0.0,25480.0,8.151741,4.3448277
2026-02-25 06:00:00+01:00,5.864,0.5091169,5.04,0.0,0.0,23060.0,5.8357587,3.5111506
2026-02-25 07:00:00+01:00,3.7640002,1.2979984,3.2399998,48.0,0.0,4680.0,7.205189,3.6192114
2026-02-25 08:00:00+01:00,2.014,1.08,3.96,100.0,0.0,40.0,7.840093,3.7755077
2026-02-25 09:00:00+01:00,3.0640001,2.6208394,7.5599995,100.0,0.0,40.0,7.7602262,3.1649084
2026-02-25 10:00:00+01:00,5.914,3.9763298,9.36,85.0,0.0,260.0,6.9559,3.1649084
2026-02-25 11:00:00+01:00,7.764,2.0364676,9.72,70.0,0.0,3580.0,7.958391,3.3425157
2026-02-25 12:00:00+01:00,9.764,1.9386592,8.64,22.0,0.0,21640.0,11.031237,3.3425157
2026-02-25 13:00:00+01:00,11.764,2.6208394,9.0,0.0,0.0,37180.0,13.285712,1.387904
2026-02-25 14:00:00+01:00,13.1640005,3.096837,8.64,0.0,0.0,38800.0,18.904528,1.387904
2026-02-25 15:00:00+01:00,13.764,3.096837,9.36,0.0,0.0,39320.0,23.329687,1.9627929
2026-02-25 16:00:00+01:00,13.764,3.96,8.64,0.0,0.0,38320.0,21.783041,3.3425157
2026-02-25 17:00:00+01:00,12.714001,5.0142193,9.36,0.0,0.0,38560.0,23.94899,3.3425157
2026-02-25 18:00:00+01:00,10.814,4.829907,9.0,0.0,0.0,38560.0,25.685263,3.9255857
2026-02-25 19:00:00+01:00,9.4140005,4.1046314,8.28,0.0,0.0,38740.0,24.254854,5.6205835
2026-02-25 20:00:00+01:00,9.614,4.1046314,8.64,0.0,0.0,40100.0,25.729689,6.8275857
2026-02-25 21:00:00+01:00,9.4140005,3.6179552,6.8399997,0.0,0.0,41240.0,24.497644,5.7224755
2026-02-25 22:00:00+01:00,8.1640005,5.815978,8.28,0.0,0.0,39100.0,21.242481,7.8511715
2026-02-25 23:00:00+01:00,7.9639997,3.8939953,10.08,0.0,0.0,38960.0,20.647614,10.678748
2026-02-26 00:00:00+01:00,8.064,4.1046314,7.5599995,0.0,0.0,37640.0,20.752947,11.545494
2026-02-26 01:00:00+01:00,7.264,4.072935,7.2,0.0,0.0,32340.0,19.035887,10.330335
2026-02-26 02:00:00+01:00,7.114,4.198285,9.0,0.0,0.0,27300.0,20.752945,10.00832
2026-02-26 03:00:00+01:00,7.264,3.6,10.08,0.0,0.0,30000.0,23.85342,11.987508
2026-02-26 04:00:00+01:00,7.014,4.198285,11.5199995,0.0,0.0,25840.0,16.885372,12.194616
2026-02-26 05:00:00+01:00,6.9639997,4.6102495,11.5199995,0.0,0.0,29260.0,15.473553,11.189641
2026-02-26 06:00:00+01:00,6.914,3.396233,10.799999,0.0,0.0,32680.0,15.713261,10.839878
2026-02-26 07:00:00+01:00,6.0639997,5.0142193,10.08,0.0,0.0,28780.0,16.959,12.795845
2026-02-26 08:00:00+01:00,6.2139997,5.0142193,11.879999,0.0,0.0,31940.0,15.037974,11.189641
2026-02-26 09:00:00+01:00,8.114,5.4833565,15.4800005,0.0,0.0,36140.0,16.63135,12.194616
2026-02-26 10:00:00+01:00,10.314,10.829959,24.119999,0.0,0.0,38580.0,25.228455,8.777877
2026-02-26 11:00:00+01:00,11.9140005,10.137692,27.72,0.0,0.0,39180.0,23.489357,10.998648
2026-02-26 12:00:00+01:00,13.314,10.464798,25.199999,0.0,0.0,39700.0,21.041126,12.659634
2026-02-26 13:00:00+01:00,14.314,10.8955765,23.4,0.0,0.0,40000.0,21.45163,7.5510154
2026-02-26 14:00:00+01:00,15.214001,9.885262,22.68,0.0,0.0,40600.0,20.302786,8.711794
2026-02-26 15:00:00+01:00,15.864,9.227524,19.8,0.0,0.0,41260.0,19.674257,8.6452055
2026-02-26 16:00:00+01:00,15.9140005,4.829907,18.359999,0.0,0.0,41120.0,14.1559515,10.1040945
2026-02-26 17:00:00+01:00,15.364,3.8773184,10.08,0.0,0.0,40660.0,12.832521,12.413793
2026-02-26 18:00:00+01:00,13.714001,3.6179552,9.0,0.0,0.0,39820.0,10.569795,13.093462
2026-02-26 19:00:00+01:00,12.6640005,3.9763298,7.2,0.0,0.0,40700.0,10.240498,13.370063
2026-02-26 20:00:00+01:00,12.214001,2.968636,7.2,0.0,0.0,41140.0,8.215179,13.370063
2026-02-26 21:00:00+01:00,11.614,3.6179552,7.2,0.0,0.0,40900.0,7.5842957,14.896551
2026-02-26 22:00:00+01:00,9.964001,3.8939953,8.28,0.0,0.0,39000.0,7.840093,14.275861
2026-02-26 23:00:00+01:00,9.314,2.7416782,6.4799995,0.0,0.0,37920.0,8.21518,11.41124
2026-02-27 00:00:00+01:00,8.814,2.8116899,4.68,0.0,0.0,39860.0,8.21518,13.283339
2026-02-27 01:00:00+01:00,7.8139997,3.5455887,5.3999996,0.0,0.0,38940.0,8.765491,16.245003
2026-02-27 02:00:00+01:00,7.614,4.829907,8.64,0.0,0.0,39480.0,11.419714,19.871765
2026-02-27 03:00:00+01:00,7.7139997,2.5959969,9.0,0.0,0.0,39300.0,11.419714,23.757093
2026-02-27 04:00:00+01:00,6.9639997,4.6102495,7.5599995,0.0,0.0,38140.0,9.113924,22.889902
2026-02-27 05:00:00+01:00,6.7139997,3.6,7.5599995,0.0,0.0,38080.0,9.045312,22.973904
2026-02-27 06:00:00+01:00,6.8139997,4.3349743,6.8399997,0.0,0.0,38960.0,9.227144,17.654228
2026-02-27 07:00:00+01:00,5.9639997,3.6,7.2,0.0,0.0,38880.0,13.889393,14.329733
2026-02-27 08:00:00+01:00,6.164,4.1046314,6.8399997,0.0,0.0,39160.0,15.587208,13.093462
2026-02-27 09:00:00+01:00,7.414,3.7064266,6.8399997,0.0,0.0,37360.0,18.992203,12.475707
2026-02-27 10:00:00+01:00,10.364,3.6,8.28,0.0,0.0,35340.0,18.953892,10.624495
2026-02-27 11:00:00+01:00,12.9140005,3.7064266,10.799999,0.0,0.0,40340.0,17.441916,10.606349
2026-02-27 12:00:00+01:00,14.1640005,4.5536795,10.799999,0.0,0.0,40620.0,19.225843,15.909525
2026-02-27 13:00:00+01:00,15.064,5.0142193,15.119999,0.0,0.0,41300.0,18.142204,13.556066
2026-02-27 14:00:00+01:00,15.514,7.072878,14.759999,0.0,0.0,41820.0,19.31206,14.329733
2026-02-27 15:00:00+01:00,15.714001,6.28713,14.759999,0.0,0.0,40640.0,22.91658,13.152178
2026-02-27 16:00:00+01:00,15.864,4.8433046,13.32,0.0,0.0,41800.0,19.631992,15.861018
2026-02-27 17:00:00+01:00,15.014,5.00128,9.72,0.0,0.0,40940.0,16.959002,21.617472
2026-02-27 18:00:00+01:00,13.314,3.9763298,8.64,0.0,0.0,40380.0,20.055809,20.208189
2026-02-27 19:00:00+01:00,12.314,5.7599998,7.5599995,0.0,0.0,42560.0,18.788836,19.794064
2026-02-27 20:00:00+01:00,11.9140005,4.68,11.159999,0.0,0.0,43300.0,18.193638,22.593443
2026-02-27 21:00:00+01:00,11.814,3.319036,8.64,0.0,0.0,43760.0,15.942856,22.82248
2026-02-27 22:00:00+01:00,10.264,5.3999996,6.12,0.0,0.0,40820.0,16.43036,23.065948
2026-02-27 23:00:00+01:00,9.6640005,4.829907,11.879999,0.0,0.0,39220.0,22.04364,24.206896
2026-02-28 00:00:00+01:00,9.9140005,4.0249224,14.04,0.0,0.0,39900.0,24.259136,23.635157
2026-02-28 01:00:00+01:00,9.064,5.0142193,13.679999,0.0,0.0,38900.0,19.71643,23.635157
2026-02-28 02:00:00+01:00,8.614,5.937272,16.199999,0.0,0.0,38600.0,19.894674,18.599987
2026-02-28 03:00:00+01:00,8.614,6.151683,17.64,0.0,0.0,38980.0,27.883247,16.386677
2026-02-28 04:00:00+01:00,8.1640005,7.5685663,24.84,0.0,0.0,37920.0,32.673767,21.653082
2026-02-28 05:00:00+01:00,7.4639997,11.966953,28.44,0.0,0.0,35780.0,37.907784,20.331732
2026-02-28 06:00:00+01:00,7.3139997,13.202726,31.319998,0.0,0.0,34580.0,29.143185,16.94153
2026-02-28 07:00:00+01:00,6.864,9.885262,28.8,0.0,0.0,34320.0,24.156197,20.52034
2026-02-28 08:00:00+01:00,7.0639997,11.212135,28.08,40.0,0.0,32420.0,19.600235,26.948227
2026-02-28 09:00:00+01:00,7.914,11.928989,29.16,78.0,0.0,33320.0,11.4288025,31.606453
2026-02-28 10:00:00+01:00,8.064,11.159999,27.72,69.0,0.0,32880.0,10.974618,30.56542
2026-02-28 11:00:00+01:00,8.814,9.3669195,22.319998,82.0,0.0,33840.0,10.831775,32.204163
2026-02-28 12:00:00+01:00,9.714001,10.1376915,20.519999,84.0,0.0,34640.0,14.560902,35.806854
2026-02-28 13:00:00+01:00,9.464001,9.346143,23.759998,92.0,0.0,31420.0,17.46571,37.907825
2026-02-28 14:00:00+01:00,10.264,11.367109,23.039999,69.0,0.0,33860.0,15.587208,39.53944
2026-02-28 15:00:00+01:00,10.314,11.592894,23.039999,84.0,0.0,33840.0,17.865383,45.85548
2026-02-28 16:00:00+01:00,8.964001,10.799999,23.759998,93.0,0.0,27200.0,16.430359,48.87709
2026-02-28 17:00:00+01:00,8.314,11.542478,23.039999,98.0,0.0,26660.0,16.755745,43.43054
2026-02-28 18:00:00+01:00,7.514,9.007196,24.48,100.0,0.1,22900.0,13.548821,32.58473
2026-02-28 19:00:00+01:00,7.514,5.315336,18.0,99.0,0.2,26200.0,10.004581,39.1871
2026-02-28 20:00:00+01:00,7.3139997,4.6800003,12.959999,100.0,0.0,29400.0,9.227144,35.38475
2026-02-28 21:00:00+01:00,7.014,3.9763298,11.5199995,100.0,0.0,30720.0,7.840093,34.74199
2026-02-28 22:00:00+01:00,7.0639997,2.9024127,11.159999,100.0,0.1,34180.0,10.520564,34.697605
2026-02-28 23:00:00+01:00,6.764,2.6208394,9.0,100.0,0.0,31380.0,12.603934,32.943363
2026-03-01 00:00:00+01:00,6.514,2.9024127,9.0,100.0,0.0,30760.0,12.108149,25.051575
2026-03-01 01:00:00+01:00,6.2139997,2.9024127,6.12,100.0,0.0,30320.0,8.800955,29.020142
2026-03-01 02:00:00+01:00,6.0639997,3.219938,7.5599995,100.0,0.1,32900.0,10.391472,31.600355
2026-03-01 03:00:00+01:00,5.864,3.0547013,7.2,88.0,0.0,30980.0,5.195736,29.960732
2026-03-01 04:00:00+01:00,5.514,3.0758414,6.12,100.0,0.0,22720.0,5.487309,28.693052
2026-03-01 05:00:00+01:00,5.3139997,3.6179552,9.72,99.0,0.1,16140.0,5.7641516,26.862312
2026-03-01 06:00:00+01:00,5.164,4.1046314,9.36,98.0,0.1,16720.0,5.941551,26.33363
2026-03-01 07:00:00+01:00,5.0639997,4.39436,9.36,100.0,0.1,15420.0,2.278481,26.33363
2026-03-01 08:00:00+01:00,5.0639997,2.7416782,10.08,79.0,0.0,13320.0,0.64445174,26.776121
2026-03-01 09:00:00+01:00,5.7139997,3.8773184,10.08,57.0,0.0,21900.0,2.7718916,25.928188
2026-03-01 10:00:00+01:00,6.4639997,3.8773184,10.440001,80.0,0.0,28520.0,2.6571426,26.348255
2026-03-01 11:00:00+01:00,7.164,5.315336,11.879999,71.0,0.0,30640.0,3.89347,35.574776
2026-03-01 12:00:00+01:00,7.9639997,4.32,11.879999,78.0,0.0,32220.0,6.524576,35.769176
2026-03-01 13:00:00+01:00,8.214,4.1046314,10.440001,76.0,0.0,33640.0,4.511162,31.5149
2026-03-01 14:00:00+01:00,8.814,2.1897945,10.08,97.0,0.0,37960.0,4.2990294,29.80603
2026-03-01 15:00:00+01:00,8.864,7.208994,15.4800005,73.0,0.0,36700.0,6.572144,27.716415
2026-03-01 16:00:00+01:00,8.9140005,6.8777895,15.119999,58.0,0.0,37700.0,1.2889035,26.926771
2026-03-01 17:00:00+01:00,8.564,6.519877,12.599999,51.0,0.0,36900.0,5.543783,28.659466
2026-03-01 18:00:00+01:00,7.5639997,5.154415,14.04,23.0,0.0,33320.0,7.840093,27.653793
2026-03-01 19:00:00+01:00,6.3139997,5.315336,13.32,0.0,0.0,31520.0,7.418196,20.208189
2026-03-01 20:00:00+01:00,5.664,5.3999996,12.24,0.0,0.0,31260.0,11.821781,17.478779
2026-03-01 21:00:00+01:00,5.764,5.8048253,13.32,0.0,0.0,33760.0,11.821781,16.71258
2026-03-01 22:00:00+01:00,5.4639997,4.1046314,12.599999,0.0,0.0,31520.0,10.754816,20.01664
2026-03-01 23:00:00+01:00,5.0639997,4.198285,10.799999,0.0,0.0,28300.0,14.038106,21.230852
2026-03-02 00:00:00+01:00,4.864,2.9024127,9.36,0.0,0.0,26300.0,17.352394,21.510277
2026-03-02 01:00:00+01:00,4.064,4.3349743,7.2,0.0,0.0,13660.0,22.347704,23.716516
2026-03-02 02:00:00+01:00,4.114,4.452954,9.36,0.0,0.0,15360.0,22.440435,23.422297
2026-03-02 03:00:00+01:00,4.014,4.0249224,9.0,0.0,0.0,16360.0,20.827858,22.249796
2026-03-02 04:00:00+01:00,3.8140001,4.5536795,7.2,0.0,0.0,20600.0,20.133314,21.185438
2026-03-02 05:00:00+01:00,3.664,3.7585104,7.92,0.0,0.0,20060.0,18.31876,19.171173
2026-03-02 06:00:00+01:00,4.014,3.6179552,6.8399997,0.0,0.0,25540.0,14.759212,15.329903
2026-03-02 07:00:00+01:00,3.2640002,4.0249224,7.2,0.0,0.0,21500.0,11.883102,10.330335
2026-03-02 08:00:00+01:00,3.414,3.9763298,7.5599995,0.0,0.0,21180.0,7.958391,7.022301
2026-03-02 09:00:00+01:00,4.614,2.6208394,7.5599995,0.0,0.0,20420.0,3.89347,5.855574
2026-03-02 10:00:00+01:00,6.764,1.08,7.2,0.0,0.0,23280.0,1.9333551,5.6205835
2026-03-02 11:00:00+01:00,8.764,1.484318,6.4799995,14.0,0.0,30560.0,3.1898732,6.2068963
2026-03-02 12:00:00+01:00,10.014,4.39436,10.440001,38.0,0.0,33900.0,7.34788,6.329817
2026-03-02 13:00:00+01:00,10.514,5.4833565,14.04,0.0,0.0,37680.0,12.065196,7.0769506
2026-03-02 14:00:00+01:00,11.114,6.792466,14.4,0.0,0.0,37200.0,13.708807,8.442291
2026-03-02 15:00:00+01:00,11.6640005,5.6002855,14.04,0.0,0.0,38900.0,13.548821,8.442291
2026-03-02 16:00:00+01:00,12.064,6.3690495,14.04,0.0,0.0,40220.0,16.909952,8.711794
2026-03-02 17:00:00+01:00,11.464001,7.5942082,14.759999,0.0,0.0,40320.0,16.63135,9.164372
2026-03-02 18:00:00+01:00,10.264,6.1305785,13.679999,0.0,0.0,40000.0,16.182028,10.1040945
2026-03-02 19:00:00+01:00,8.614,5.3517847,12.599999,0.0,0.0,39060.0,13.340306,9.715329
2026-03-02 20:00:00+01:00,8.1640005,4.510787,11.5199995,0.0,0.0,39440.0,10.569795,9.164372
2026-03-02 21:00:00+01:00,7.864,3.096837,9.36,0.0,0.0,39440.0,8.513107,8.6452055
2026-03-02 22:00:00+01:00,6.864,3.563818,5.7599998,0.0,0.0,36160.0,8.215179,11.189642
2026-03-02 23:00:00+01:00,6.014,2.2768397,5.04,0.0,0.0,34180.0,5.993747,10.008319
2026-03-03 00:00:00+01:00,5.4639997,2.8116899,3.2399998,0.0,0.0,31560.0,5.8357587,7.4740934
2026-03-03 01:00:00+01:00,4.4639997,0.5091169,2.52,0.0,0.0,26180.0,4.0758705,6.48019
2026-03-03 02:00:00+01:00,4.614,2.3051248,3.6,0.0,0.0,31080.0,4.556962,5.8883786
2026-03-03 03:00:00+01:00,4.4639997,0.71999997,2.52,0.0,0.0,30320.0,3.9200466,6.329817
2026-03-03 04:00:00+01:00,3.8140001,3.319036,4.68,0.0,0.0,29520.0,3.286072,0.6206896
2026-03-03 05:00:00+01:00,4.314,1.5273507,4.68,0.0,0.0,27320.0,5.0333285,1.7555753
2026-03-03 06:00:00+01:00,4.114,1.484318,1.8,0.0,0.0,23660.0,7.840093,2.5591688
2026-03-03 07:00:00+01:00,3.414,2.3051248,4.68,0.0,0.0,17300.0,9.858215,2.6333632
2026-03-03 08:00:00+01:00,3.364,2.8799999,4.32,0.0,0.0,16920.0,11.848101,2.6333632
2026-03-03 09:00:00+01:00,4.664,1.1384199,4.68,0.0,0.0,19720.0,14.41038,4.1637125
2026-03-03 10:00:00+01:00,7.864,2.1897945,5.7599998,0.0,0.0,30940.0,19.030432,11.326523
2026-03-03 11:00:00+01:00,10.064,3.2599385,9.0,0.0,0.0,35840.0,17.90602,10.1040945
2026-03-03 12:00:00+01:00,11.4140005,4.3498964,10.799999,0.0,0.0,39100.0,19.600233,6.7137847
2026-03-03 13:00:00+01:00,12.214001,4.829907,12.959999,0.0,0.0,41020.0,21.553034,4.8477407
2026-03-03 14:00:00+01:00,12.614,9.422101,18.72,0.0,0.0,40800.0,19.231243,3.1034482
2026-03-03 15:00:00+01:00,12.964001,12.738099,23.4,0.0,0.0,41840.0,18.683542,3.1034482
2026-03-03 16:00:00+01:00,13.1640005,11.384198,23.759998,0.0,0.0,42180.0,13.678478,2.6333632
2026-03-03 17:00:00+01:00,12.614,7.289444,16.919998,0.0,0.0,41960.0,8.976174,3.7755077
2026-03-03 18:00:00+01:00,11.464001,4.0249224,12.959999,0.0,0.0,41420.0,8.800955,5.5862064
2026-03-03 19:00:00+01:00,9.764,5.95906,9.72,0.0,0.0,41760.0,13.285712,5.1183376
2026-03-03 20:00:00+01:00,9.1640005,6.151683,12.959999,0.0,0.0,41720.0,12.537857,6.8557405
2026-03-03 21:00:00+01:00,8.714001,5.495161,12.599999,0.0,0.0,41600.0,11.171529,8.689655
2026-03-03 22:00:00+01:00,7.8139997,6.193674,12.599999,0.0,0.0,40240.0,11.85686,11.809426
2026-03-03 23:00:00+01:00,7.2139997,6.1094027,13.679999,0.0,0.0,39520.0,10.189676,10.569963
2026-03-04 00:00:00+01:00,6.7139997,5.0911684,12.599999,0.0,0.0,39100.0,6.850616,11.858258
2026-03-04 01:00:00+01:00,6.114,4.2136917,9.36,0.0,0.0,37960.0,5.7641516,9.331011
2026-03-04 02:00:00+01:00,5.7139997,4.6938257,7.5599995,0.0,0.0,37540.0,3.286072,10.1040945
2026-03-04 03:00:00+01:00,5.0639997,4.3349743,7.92,0.0,0.0,36100.0,2.9178793,12.568007
2026-03-04 04:00:00+01:00,4.264,2.9024127,6.12,0.0,0.0,32780.0,2.453999,10.606349
2026-03-04 05:00:00+01:00,3.864,2.9024127,5.04,0.0,0.0,32360.0,3.3175182,8.092802
2026-03-04 06:00:00+01:00,3.664,3.7064266,5.04,0.0,0.0,31140.0,5.195736,6.113084
2026-03-04 07:00:00+01:00,2.8140001,4.072935,6.8399997,0.0,0.0,23700.0,5.543783,3.9255857
2026-03-04 08:00:00+01:00,3.3140001,4.198285,6.4799995,0.0,0.0,23620.0,6.3797464,3.1649084
2026-03-04 09:00:00+01:00,5.014,3.319036,7.5599995,0.0,0.0,25800.0,5.543783,3.7755077
2026-03-04 10:00:00+01:00,8.014,1.4399999,9.0,0.0,0.0,31680.0,4.488087,5.6205835
2026-03-04 11:00:00+01:00,9.514,3.2399998,8.28,0.0,0.0,34960.0,7.840093,5.339374
2026-03-04 12:00:00+01:00,10.464001,6.1305785,13.32,0.0,0.0,37920.0,7.1182017,4.475857
2026-03-04 13:00:00+01:00,10.9140005,6.638072,17.64,24.0,0.0,35400.0,4.201311,5.3031745
2026-03-04 14:00:00+01:00,11.714001,7.9932966,16.919998,24.0,0.0,38640.0,3.757767,5.00416
2026-03-04 15:00:00+01:00,12.114,8.654987,16.919998,0.0,0.0,40540.0,3.4704785,5.6205835
2026-03-04 16:00:00+01:00,12.1640005,10.296251,19.44,0.0,0.0,41320.0,3.5591009,7.4740934
2026-03-04 17:00:00+01:00,11.514,8.891343,16.56,0.0,0.0,40880.0,5.3142853,4.475857
2026-03-04 18:00:00+01:00,9.6640005,6.1305785,14.4,0.0,0.0,39800.0,5.3142853,2.775808
2026-03-04 19:00:00+01:00,7.8139997,6.638072,12.24,0.0,0.0,39920.0,7.7468357,3.9743526
2026-03-04 20:00:00+01:00,6.7139997,5.1919937,14.4,0.0,0.0,39860.0,8.377872,4.475857
2026-03-04 21:00:00+01:00,6.8139997,4.3349743,9.72,0.0,0.0,41040.0,8.36547,5.7224755
2026-03-04 22:00:00+01:00,5.9639997,4.8965297,7.92,0.0,0.0,40220.0,7.840093,6.939521
2026-03-04 23:00:00+01:00,5.4639997,4.0249224,7.2,0.0,0.0,39800.0,6.7744107,8.092802
2026-03-05 00:00:00+01:00,5.414,3.8268526,6.4799995,0.0,0.0,39700.0,5.0333285,9.715329
2026-03-05 01:00:00+01:00,4.114,2.968636,6.12,0.0,0.0,35500.0,3.2222586,12.289027
2026-03-05 02:00:00+01:00,4.364,4.829907,7.5599995,0.0,0.0,35440.0,1.8227848,12.795844
2026-03-05 03:00:00+01:00,4.164,2.9024127,7.5599995,0.0,0.0,35100.0,2.453999,10.551724
2026-03-05 04:00:00+01:00,3.164,4.5536795,9.0,0.0,0.0,28620.0,4.323114,8.777877
2026-03-05 05:00:00+01:00,2.914,4.3349743,10.08,0.0,0.0,23960.0,4.6472077,9.474416
2026-03-05 06:00:00+01:00,2.964,4.1046314,10.08,0.0,0.0,24380.0,5.094838,10.606349
2026-03-05 07:00:00+01:00,2.5140002,2.5959969,9.36,0.0,0.0,13580.0,3.757767,10.1040945
2026-03-05 08:00:00+01:00,2.664,3.8939953,9.0,0.0,0.0,12900.0,5.941551,12.475707
2026-03-05 09:00:00+01:00,4.264,1.1384199,9.0,0.0,0.0,14500.0,6.198138,14.609298
2026-03-05 10:00:00+01:00,7.8139997,1.835647,5.7599998,0.0,0.0,26480.0,4.556962,16.185604
2026-03-05 11:00:00+01:00,10.114,2.8116899,9.0,0.0,0.0,33140.0,6.850616,20.208189
2026-03-05 12:00:00+01:00,11.714001,2.5959969,8.28,0.0,0.0,37140.0,7.3053656,22.041039
2026-03-05 13:00:00+01:00,12.4140005,2.5455842,8.28,0.0,0.0,39320.0,7.34788,23.331656
2026-03-05 14:00:00+01:00,13.114,2.8116899,7.5599995,2.0,0.0,39460.0,8.561753,25.935617
2026-03-05 15:00:00+01:00,13.314,2.3051248,9.36,2.0,0.0,38820.0,7.205189,25.151335
2026-03-05 16:00:00+01:00,13.214001,6.0347,10.799999,0.0,0.0,40900.0,6.444517,23.789505
2026-03-05 17:00:00+01:00,12.464001,2.968636,11.159999,0.0,0.0,39220.0,5.195736,19.949162
2026-03-05 18:00:00+01:00,10.864,1.08,6.4799995,0.0,0.0,36700.0,2.8820758,15.529648
2026-03-05 19:00:00+01:00,8.714001,2.4149535,4.68,0.0,0.0,34580.0,8.402622,11.172413
2026-03-05 20:00:00+01:00,7.914,3.2599385,9.0,0.0,0.0,29440.0,9.752324,9.331011
2026-03-05 21:00:00+01:00,7.414,4.452954,8.64,0.0,0.0,38960.0,10.391472,10.236675
2026-03-05 22:00:00+01:00,7.414,3.8268526,9.0,0.0,0.0,39000.0,12.889034,9.392738
2026-03-05 23:00:00+01:00,6.664,3.7064266,6.12,0.0,0.0,36960.0,15.680186,8.068965
2026-03-06 00:00:00+01:00,5.864,2.16,5.04,0.0,0.0,34640.0,11.392405,7.238423
2026-03-06 01:00:00+01:00,5.5639997,2.1897945,5.04,0.0,0.0,35120.0,7.7334204,10.008319
2026-03-06 02:00:00+01:00,5.2139997,1.8,6.12,0.0,0.0,31240.0,6.1138062,7.0769506
2026-03-06 03:00:00+01:00,5.3139997,0.5091169,3.2399998,0.0,0.0,33440.0,2.6571426,5.0041595
2026-03-06 04:00:00+01:00,4.7139997,2.968636,4.32,0.0,0.0,27240.0,4.6916795,3.9255857
2026-03-06 05:00:00+01:00,4.614,5.5887027,9.72,0.0,0.0,23420.0,8.151741,1.7555753
2026-03-06 06:00:00+01:00,4.914,3.396233,9.0,0.0,0.0,28840.0,9.837129,1.2413791
2026-03-06 07:00:00+01:00,4.364,2.9024127,6.8399997,0.0,0.0,28080.0,15.148044,3.3425157
2026-03-06 08:00:00+01:00,4.8139997,3.396233,6.4799995,0.0,0.0,32180.0,15.73307,8.092802
2026-03-06 09:00:00+01:00,6.364,3.6,5.3999996,0.0,0.0,32260.0,16.43036,9.227214
2026-03-06 10:00:00+01:00,8.814,2.0364676,6.4799995,0.0,0.0,26260.0,21.344877,13.283339
2026-03-06 11:00:00+01:00,11.014,3.0547013,8.64,0.0,0.0,35020.0,22.343058,14.4368725
2026-03-06 12:00:00+01:00,12.314,6.12,12.24,0.0,0.0,39400.0,23.489357,14.753624
2026-03-06 13:00:00+01:00,13.764,4.6102495,12.24,0.0,0.0,42160.0,22.934696,17.478779
2026-03-06 14:00:00+01:00,14.464001,5.904439,13.32,0.0,0.0,41460.0,21.663548,20.818563
2026-03-06 15:00:00+01:00,14.714001,7.7879906,15.119999,0.0,0.0,41160.0,23.101595,21.759575
2026-03-06 16:00:00+01:00,14.1640005,6.6087217,15.4800005,0.0,0.0,40760.0,25.555578,19.871763
2026-03-06 17:00:00+01:00,13.614,5.634891,12.599999,0.0,0.0,41240.0,23.634777,19.251385
2026-03-06 18:00:00+01:00,11.614,4.510787,10.799999,0.0,0.0,40180.0,24.963669,18.62069
2026-03-06 19:00:00+01:00,9.814,8.404285,14.759999,0.0,0.0,39740.0,28.538372,19.900824
2026-03-06 20:00:00+01:00,9.314,6.489992,16.919998,0.0,0.0,39600.0,29.200134,18.631031
2026-03-06 21:00:00+01:00,8.764,5.315336,13.679999,0.0,0.0,38980.0,27.812405,18.096056
2026-03-06 22:00:00+01:00,7.9639997,5.6233797,11.879999,0.0,0.0,37840.0,23.542343,13.711481
2026-03-06 23:00:00+01:00,7.3139997,5.315336,10.799999,0.0,0.0,38140.0,18.369701,12.194616
2026-03-07 00:00:00+01:00,6.914,4.6800003,9.36,0.0,0.0,36960.0,12.832521,9.164372
2026-03-07 01:00:00+01:00,6.4639997,3.396233,7.5599995,0.0,0.0,31700.0,12.4380865,8.442291
2026-03-07 02:00:00+01:00,6.264,1.08,4.32,0.0,0.0,31180.0,8.402622,6.2068963
2026-03-07 03:00:00+01:00,6.114,1.4399999,1.08,0.0,0.0,29380.0,5.8357587,3.9743526
2026-03-07 04:00:00+01:00,5.514,1.1384199,1.4399999,0.0,0.0,22000.0,3.67394,3.9743526
2026-03-07 05:00:00+01:00,5.3139997,1.08,1.08,0.0,0.0,20500.0,2.278481,3.1649084
2026-03-07 06:00:00+01:00,5.014,1.1384199,1.08,0.0,0.0,16440.0,1.8227848,6.113084
2026-03-07 07:00:00+01:00,4.914,1.609969,1.08,0.0,0.0,23220.0,4.201311,13.879042
2026-03-07 08:00:00+01:00,5.414,1.5273507,2.16,0.0,0.0,28240.0,1.9333551,16.77011
2026-03-07 09:00:00+01:00,6.514,2.3051248,3.6,0.0,0.0,28500.0,2.3236039,18.662022
2026-03-07 10:00:00+01:00,9.4140005,0.8049845,3.96,0.0,0.0,36440.0,3.67394,22.422277
2026-03-07 11:00:00+01:00,11.514,1.8,5.7599998,0.0,0.0,38860.0,4.323114,20.632679
2026-03-07 12:00:00+01:00,12.9140005,2.9024127,7.92,0.0,0.0,38280.0,1.8227848,16.94153
2026-03-07 13:00:00+01:00,13.714001,3.396233,10.440001,2.0,0.0,38940.0,1.8227848,14.948187
2026-03-07 14:00:00+01:00,14.514,3.096837,10.08,37.0,0.0,39240.0,2.6571426,11.545494
2026-03-07 15:00:00+01:00,14.814,4.452954,9.36,43.0,0.0,39040.0,5.094838,9.164372
2026-03-07 16:00:00+01:00,14.814,1.5273507,8.64,10.0,0.0,40420.0,3.89347,7.0769506
2026-03-07 17:00:00+01:00,14.264,4.6938257,6.8399997,4.0,0.0,39760.0,4.323114,6.329817
2026-03-07 18:00:00+01:00,12.564,5.4833565,9.72,0.0,0.0,37900.0,4.57969,4.7270317
2026-03-07 19:00:00+01:00,10.614,4.896529,9.72,0.0,0.0,33800.0,3.89347,2.4827583
2026-03-07 20:00:00+01:00,10.314,4.896529,9.36,0.0,0.0,37200.0,3.9200466,4.5186887
2026-03-07 21:00:00+01:00,9.964001,4.3498964,10.08,0.0,0.0,37360.0,2.577807,3.1034482
2026-03-07 22:00:00+01:00,9.514,1.835647,7.5599995,0.0,0.0,37780.0,0.64445174,5.339374
2026-03-07 23:00:00+01:00,8.964001,1.0182338,3.6,0.0,0.0,37520.0,2.9178793,6.2068963
2026-03-08 00:00:00+01:00,9.014,0.35999998,1.4399999,0.0,0.0,37180.0,4.488087,7.499821
2026-03-08 01:00:00+01:00,7.264,2.2768397,3.96,0.0,0.0,30940.0,5.3142853,9.227215
2026-03-08 02:00:00+01:00,6.664,1.5273507,1.8,0.0,0.0,28080.0,5.709857,10.274241
2026-03-08 03:00:00+01:00,6.8139997,1.9386592,2.16,0.0,0.0,30320.0,7.543114,9.813965
2026-03-08 04:00:00+01:00,6.2139997,3.319036,2.8799999,0.0,0.0,27900.0,10.280973,7.948705
2026-03-08 05:00:00+01:00,6.014,3.6,5.7599998,0.0,0.0,21220.0,9.15938,7.777219
2026-03-08 06:00:00+01:00,5.914,3.396233,6.4799995,0.0,0.0,21300.0,8.21518,8.092802
2026-03-08 07:00:00+01:00,5.764,3.0758414,5.04,0.0,0.0,20680.0,4.9291077,9.164372
2026-03-08 08:00:00+01:00,5.8139997,4.39436,6.12,0.0,0.0,20820.0,4.844117,8.327425
2026-03-08 09:00:00+01:00,7.2139997,4.3349743,7.5599995,0.0,0.0,24680.0,4.201311,9.227214
2026-03-08 10:00:00+01:00,9.964001,3.319036,7.2,0.0,0.0,31640.0,4.556962,9.813965
2026-03-08 11:00:00+01:00,11.464001,4.32,8.64,12.0,0.0,33900.0,4.907998,11.858258
2026-03-08 12:00:00+01:00,12.614,4.896529,10.799999,62.0,0.0,37040.0,4.57969,11.545494
2026-03-08 13:00:00+01:00,13.464001,2.6208394,10.08,74.0,0.0,39360.0,3.4704785,10.180067
2026-03-08 14:00:00+01:00,14.014,3.5455887,6.4799995,79.0,0.0,40300.0,4.556962,11.103232
2026-03-08 15:00:00+01:00,14.214001,5.154415,6.12,73.0,0.0,40220.0,3.5591009,11.189641
2026-03-08 16:00:00+01:00,14.214001,4.198285,10.440001,82.0,0.0,40720.0,3.9200466,11.189641
2026-03-08 17:00:00+01:00,13.964001,4.6938252,9.72,45.0,0.0,40440.0,4.844117,11.793103
2026-03-08 18:00:00+01:00,12.864,4.0249224,8.64,0.0,0.0,39420.0,3.9200466,12.475707
2026-03-08 19:00:00+01:00,11.4140005,2.3051248,7.2,0.0,0.0,38580.0,2.278481,9.494725
2026-03-08 20:00:00+01:00,11.014,2.7416782,3.96,0.0,0.0,39060.0,2.453999,12.051613
2026-03-08 21:00:00+01:00,10.564,3.0758414,4.32,0.0,0.0,38380.0,1.4410379,10.533453
2026-03-08 22:00:00+01:00,9.764,2.2768397,4.32,8.0,0.0,35360.0,2.0379353,11.545494
2026-03-08 23:00:00+01:00,9.264,3.2599385,5.04,0.0,0.0,34740.0,1.8788835,15.824544
2026-03-09 00:00:00+01:00,9.014,4.68,7.2,0.0,0.0,35560.0,5.195736,16.65485
2026-03-09 01:00:00+01:00,8.214,3.2599385,8.28,0.0,0.0,33160.0,4.556962,18.662022
2026-03-09 02:00:00+01:00,7.7139997,4.379589,7.2,0.0,0.0,34120.0,5.155614,20.632679
2026-03-09 03:00:00+01:00,7.5639997,2.1897945,7.2,0.0,0.0,33760.0,5.195736,19.120867
2026-03-09 04:00:00+01:00,7.264,4.452954,5.04,0.0,0.0,34920.0,5.506198,17.478779
2026-03-09 05:00:00+01:00,6.614,4.3349743,7.5599995,0.0,0.0,31720.0,6.970812,12.795845
2026-03-09 06:00:00+01:00,6.664,3.096837,6.8399997,0.0,0.0,32620.0,6.835443,8.777877
2026-03-09 07:00:00+01:00,5.614,4.2136917,6.12,0.0,0.0,31700.0,6.3797464,8.1638975
2026-03-09 08:00:00+01:00,6.414,3.219938,8.28,49.0,0.0,33620.0,5.195736,4.5186887
2026-03-09 09:00:00+01:00,7.914,4.1046314,7.92,13.0,0.0,32600.0,4.2990294,0.87778765
2026-03-09 10:00:00+01:00,9.314,5.2416787,11.5199995,43.0,0.0,31540.0,2.9178793,1.9627929
2026-03-09 11:00:00+01:00,10.814,5.8603754,12.599999,2.0,0.0,35080.0,1.2889035,3.1034482
2026-03-09 12:00:00+01:00,11.814,4.802999,11.159999,6.0,0.0,36800.0,0.4556962,3.3425157
2026-03-09 13:00:00+01:00,13.064,1.609969,10.08,55.0,0.0,39440.0,2.0379353,3.6192114
2026-03-09 14:00:00+01:00,13.714001,4.39436,10.799999,67.0,0.0,40240.0,1.8788835,7.4740934
2026-03-09 15:00:00+01:00,14.014,3.396233,10.440001,36.0,0.0,40600.0,1.8227848,10.180067
2026-03-09 16:00:00+01:00,13.9140005,5.937272,10.08,8.0,0.0,40980.0,3.67394,7.5764823
2026-03-09 17:00:00+01:00,13.514,4.3498964,11.159999,0.0,0.0,41100.0,3.286072,10.857635
2026-03-09 18:00:00+01:00,12.764,4.896529,9.72,0.0,0.0,42160.0,4.488087,14.753624
2026-03-09 19:00:00+01:00,11.1640005,5.1919937,9.36,0.0,0.0,40800.0,5.094838,12.051613
2026-03-09 20:00:00+01:00,10.064,4.829907,11.159999,0.0,0.0,39880.0,8.561753,13.370063
2026-03-09 21:00:00+01:00,9.6640005,4.802999,10.799999,0.0,0.0,39700.0,9.482423,13.093462
2026-03-09 22:00:00+01:00,9.064,3.9763298,12.24,0.0,0.0,39580.0,7.3053656,11.858258
2026-03-09 23:00:00+01:00,8.4140005,3.319036,8.64,0.0,0.0,38760.0,7.958392,14.329733
2026-03-10 00:00:00+01:00,8.464001,4.39436,7.5599995,0.0,0.0,40260.0,9.688234,16.11404
2026-03-10 01:00:00+01:00,7.364,3.96,10.08,0.0,0.0,35860.0,10.401459,16.562065
2026-03-10 02:00:00+01:00,7.014,3.5455887,7.2,0.0,0.0,35100.0,9.394418,13.711481
2026-03-10 03:00:00+01:00,6.7139997,3.0547013,6.8399997,0.0,0.0,32820.0,10.520563,11.326523
2026-03-10 04:00:00+01:00,6.2139997,1.484318,7.5599995,0.0,0.0,32840.0,5.6366506,10.00832
2026-03-10 05:00:00+01:00,6.0639997,3.0547013,4.68,0.0,0.0,35440.0,3.5591009,7.948705
2026-03-10 06:00:00+01:00,5.8139997,1.609969,3.6,0.0,0.0,36400.0,2.3236039,7.5764823
2026-03-10 07:00:00+01:00,4.864,2.4149535,2.16,14.0,0.0,25900.0,5.6366506,4.3889384
2026-03-10 08:00:00+01:00,5.3139997,2.2768397,2.52,0.0,0.0,20260.0,6.728273,3.1649084
2026-03-10 09:00:00+01:00,7.264,2.8116899,4.68,0.0,0.0,23020.0,7.4739733,3.9255857
2026-03-10 10:00:00+01:00,10.064,1.8,8.28,0.0,0.0,30860.0,5.195736,7.4482756
2026-03-10 11:00:00+01:00,11.464001,3.96,11.159999,12.0,0.0,36680.0,3.757767,11.858258
2026-03-10 12:00:00+01:00,12.614,3.8939953,9.72,53.0,0.0,38500.0,1.8788835,13.711481
2026-03-10 13:00:00+01:00,13.214001,4.3349743,12.959999,60.0,0.0,39020.0,2.453999,14.153901
2026-03-10 14:00:00+01:00,13.264,8.287822,16.199999,54.0,0.0,39660.0,5.9240503,15.329903
2026-03-10 15:00:00+01:00,13.314,10.137692,19.8,4.0,0.0,40780.0,10.569795,19.98775
2026-03-10 16:00:00+01:00,13.1640005,10.182337,20.519999,4.0,0.0,41020.0,14.759212,20.632677
2026-03-10 17:00:00+01:00,12.214001,11.928989,22.319998,45.0,0.2,40260.0,23.774942,20.818563
2026-03-10 18:00:00+01:00,11.014,14.759999,26.28,52.0,0.1,36860.0,25.717579,27.653793
2026-03-10 19:00:00+01:00,9.9140005,15.4800005,33.839996,49.0,0.4,34560.0,23.311878,29.179014
2026-03-10 20:00:00+01:00,9.064,18.014393,31.68,48.0,0.1,33560.0,24.64554,24.734306
2026-03-10 21:00:00+01:00,7.9639997,15.941944,35.28,32.0,0.1,27180.0,25.68122,25.051575
2026-03-10 22:00:00+01:00,8.1640005,13.397612,29.519999,72.0,0.0,25800.0,33.01518,31.238638
2026-03-10 23:00:00+01:00,8.214,10.685391,27.0,41.0,0.8,27360.0,47.09791,40.134197
2026-03-11 00:00:00+01:00,7.864,7.653705,26.64,33.0,0.1,33800.0,44.695408,40.464016
2026-03-11 01:00:00+01:00,7.014,5.991594,17.64,19.0,0.0,26920.0,42.733517,40.53536
2026-03-11 02:00:00+01:00,7.014,6.1305785,18.72,84.0,0.1,25140.0,42.14143,42.48438
2026-03-11 03:00:00+01:00,7.164,5.692099,17.64,60.0,0.0,21700.0,45.453266,43.359512
2026-03-11 04:00:00+01:00,7.014,7.6367526,23.759998,81.0,0.3,21680.0,50.351852,40.24922
2026-03-11 05:00:00+01:00,6.8139997,5.692099,18.0,69.0,0.4,24320.0,52.325752,41.84479
2026-03-11 06:00:00+01:00,6.664,8.161764,18.359999,75.0,0.0,26480.0,57.45749,39.88384
2026-03-11 07:00:00+01:00,6.8139997,12.24,24.119999,87.0,0.1,23400.0,59.240505,38.287045
2026-03-11 08:00:00+01:00,7.264,10.233123,26.28,69.0,0.0,27800.0,53.074425,43.306164
2026-03-11 09:00:00+01:00,8.114,7.7043357,20.880001,46.0,0.0,31400.0,53.25605,43.612003
2026-03-11 10:00:00+01:00,9.714001,11.885453,19.8,16.0,0.0,34940.0,51.370525,37.499107
2026-03-11 11:00:00+01:00,10.514,17.727943,33.839996,74.0,0.0,36360.0,34.043278,37.80097
2026-03-11 12:00:00+01:00,11.364,21.915693,41.039997,51.0,0.0,39180.0,33.002598,47.583057
2026-03-11 13:00:00+01:00,12.114,18.388212,42.48,86.0,0.0,40000.0,28.95016,55.464096
2026-03-11 14:00:00+01:00,12.214001,20.49156,40.68,79.0,0.0,40320.0,34.854057,56.846493
2026-03-11 15:00:00+01:00,12.1640005,21.758419,42.839996,42.0,0.0,40000.0,45.708397,58.55574
2026-03-11 16:00:00+01:00,11.714001,22.104116,43.92,52.0,0.0,40200.0,49.016476,61.57354
2026-03-11 17:00:00+01:00,11.064,17.917007,41.399998,41.0,0.0,40580.0,52.05718,60.165287
2026-03-11 18:00:00+01:00,10.314,10.44,32.399998,49.0,0.1,39080.0,39.561672,62.427925
2026-03-11 19:00:00+01:00,9.364,10.829958,20.519999,97.0,0.3,33880.0,34.02803,77.22786
2026-03-11 20:00:00+01:00,8.064,13.910169,27.0,100.0,0.4,26760.0,56.684284,73.02539
2026-03-11 21:00:00+01:00,7.5639997,24.448214,45.36,100.0,0.4,23980.0,72.55307,65.96853
2026-03-11 22:00:00+01:00,6.914,22.553936,60.120003,100.0,0.3,22940.0,69.10073,47.99019
2026-03-11 23:00:00+01:00,6.8139997,18.919704,43.92,100.0,0.3,22700.0,72.0663,38.110546
2026-03-12 00:00:00+01:00,6.514,23.224882,45.36,67.0,0.1,21480.0,56.491627,41.549133
2026-03-12 01:00:00+01:00,6.264,21.9718,46.44,84.0,0.4,16080.0,49.2173,34.430096
2026-03-12 02:00:00+01:00,5.914,17.373497,44.28,89.0,0.2,14240.0,40.536472,29.64402
2026-03-12 03:00:00+01:00,5.664,11.090103,32.760002,100.0,0.3,6260.0,24.645538,29.337025
2026-03-12 04:00:00+01:00,5.7139997,8.209263,20.519999,100.0,0.2,2720.0,23.28068,26.164846
2026-03-12 05:00:00+01:00,5.7139997,8.854829,16.919998,100.0,0.1,14060.0,20.225931,22.965515
2026-03-12 06:00:00+01:00,5.4639997,9.726665,19.8,85.0,0.0,9060.0,17.177994,23.3729
2026-03-12 07:00:00+01:00,5.2139997,7.289444,19.44,79.0,0.0,16100.0,15.031068,22.422277
2026-03-12 08:00:00+01:00,5.114,3.219938,15.4800005,52.0,0.0,22240.0,12.4380865,16.94153
2026-03-12 09:00:00+01:00,5.864,5.0142193,11.5199995,56.0,0.0,26960.0,14.532351,12.051613
2026-03-12 10:00:00+01:00,6.864,2.8799999,11.159999,54.0,0.0,34580.0,10.974618,4.3889384
2026-03-12 11:00:00+01:00,7.8139997,0.71999997,8.28,53.0,0.0,38220.0,11.419714,9.474416
2026-03-12 12:00:00+01:00,8.6640005,4.452954,11.159999,83.0,0.0,39680.0,7.4739733,8.442291
2026-03-12 13:00:00+01:00,8.964001,4.198285,12.24,23.0,0.0,39780.0,8.062088,10.624495
2026-03-12 14:00:00+01:00,9.564,3.4152596,11.159999,63.0,0.0,40400.0,3.5591009,9.950412
2026-03-12 15:00:00+01:00,10.1640005,2.1897945,9.0,7.0,0.0,41000.0,3.3175182,11.241167
2026-03-12 16:00:00+01:00,10.314,1.609969,10.08,5.0,0.0,41200.0,2.7718916,9.813965
2026-03-12 17:00:00+01:00,9.964001,1.835647,6.12,0.0,0.0,41140.0,4.844117,8.777877
2026-03-12 18:00:00+01:00,8.814,1.9386592,5.04,0.0,0.0,39140.0,12.44643,10.569963
2026-03-12 19:00:00+01:00,7.264,2.968636,2.52,0.0,0.0,38920.0,13.049152,11.394346
2026-03-12 20:00:00+01:00,6.414,3.9763298,6.8399997,0.0,0.0,37460.0,14.878324,10.533453
2026-03-12 21:00:00+01:00,5.914,6.763786,11.159999,0.0,0.0,35880.0,22.702635,7.5764823
2026-03-12 22:00:00+01:00,5.4639997,5.4119864,13.679999,0.0,0.0,32620.0,21.605959,11.394346
2026-03-12 23:00:00+01:00,5.2139997,5.1544156,12.24,0.0,0.0,32880.0,21.110098,9.037377
2026-03-13 00:00:00+01:00,4.914,4.379589,11.159999,0.0,0.0,32180.0,22.062473,13.0492525
2026-03-13 01:00:00+01:00,4.314,4.3498964,9.0,0.0,0.0,30940.0,18.700209,15.102031
2026-03-13 02:00:00+01:00,3.5640001,4.5820518,11.879999,0.0,0.0,30500.0,20.019537,22.180428
2026-03-13 03:00:00+01:00,3.364,3.8773184,12.24,0.0,0.0,33060.0,19.429977,24.710932
2026-03-13 04:00:00+01:00,2.714,5.495161,16.199999,0.0,0.0,29960.0,20.991722,26.515873
2026-03-13 05:00:00+01:00,2.464,6.6087217,18.359999,0.0,0.0,28260.0,25.68122,31.5149
2026-03-13 06:00:00+01:00,2.714,5.692099,18.72,0.0,0.0,30080.0,29.954878,35.029118
2026-03-13 07:00:00+01:00,2.3140001,7.2,16.56,0.0,0.0,29500.0,36.663017,44.138844
2026-03-13 08:00:00+01:00,3.214,7.2,19.8,0.0,0.0,30040.0,40.320744,51.11182
2026-03-13 09:00:00+01:00,5.414,5.0911684,19.44,0.0,0.0,33720.0,41.378117,48.65589
2026-03-13 10:00:00+01:00,7.4639997,7.10031,15.119999,0.0,0.0,36220.0,39.05452,44.835964
2026-03-13 11:00:00+01:00,9.114,8.891343,19.44,0.0,0.0,38500.0,35.017517,46.95138
2026-03-13 12:00:00+01:00,10.564,10.483357,21.599998,0.0,0.0,39660.0,37.199997,47.20915
2026-03-13 13:00:00+01:00,11.764,10.296251,22.319998,0.0,0.0,40540.0,39.467075,49.693947
2026-03-13 14:00:00+01:00,13.114,12.303366,24.119999,0.0,0.0,42080.0,39.538048,51.666584
2026-03-13 15:00:00+01:00,13.514,13.37825,26.28,0.0,0.0,42480.0,34.542854,52.21177
2026-03-13 16:00:00+01:00,13.264,13.237039,30.960001,0.0,0.0,42480.0,32.67059,55.464096
2026-03-13 17:00:00+01:00,12.6640005,9.686609,25.56,0.0,0.0,41420.0,34.082905,58.096684
2026-03-13 18:00:00+01:00,11.614,5.692099,17.28,0.0,0.0,41080.0,40.392784,57.48672
2026-03-13 19:00:00+01:00,10.114,5.815978,14.759999,0.0,0.0,39380.0,35.896015,54.486507
2026-03-13 20:00:00+01:00,9.4140005,6.2145634,14.4,0.0,0.0,37500.0,44.660553,54.486507
2026-03-13 21:00:00+01:00,8.4140005,8.587338,18.72,0.0,0.0,36240.0,38.37871,56.7006
2026-03-13 22:00:00+01:00,8.264,6.6185193,19.44,0.0,0.0,39320.0,22.884842,63.67743
2026-03-13 23:00:00+01:00,8.714001,3.319036,16.199999,0.0,0.0,39900.0,22.04364,57.083202
2026-03-14 00:00:00+01:00,9.114,1.8,6.8399997,0.0,0.0,40740.0,33.268944,54.62421
2026-03-14 01:00:00+01:00,7.914,3.096837,11.879999,0.0,0.0,39540.0,24.489164,58.83797
2026-03-14 02:00:00+01:00,7.4639997,3.9763298,6.8399997,0.0,0.0,37580.0,10.035667,55.307587
2026-03-14 03:00:00+01:00,7.0639997,5.0911684,15.119999,0.0,0.0,38780.0,5.0333285,45.884876
2026-03-14 04:00:00+01:00,7.3139997,10.137692,37.44,0.0,0.0,37440.0,3.0569031,45.66605
2026-03-14 05:00:00+01:00,7.414,18.129137,41.039997,46.0,0.0,33640.0,54.342606,50.27203
2026-03-14 06:00:00+01:00,6.914,20.892412,41.399998,75.0,0.0,27520.0,63.418762,46.992393
2026-03-14 07:00:00+01:00,6.364,22.346113,45.719997,65.0,0.1,24720.0,50.201096,39.59299
2026-03-14 08:00:00+01:00,5.114,22.691425,51.839996,100.0,0.0,24360.0,73.50282,38.36746
2026-03-14 09:00:00+01:00,2.964,16.299694,43.199997,100.0,1.2,6980.0,37.891346,43.981453
2026-03-14 10:00:00+01:00,1.6140001,7.289444,33.839996,100.0,1.4,640.0,33.739986,30.891392
2026-03-14 11:00:00+01:00,0.96400005,5.937272,18.72,100.0,1.7,180.0,29.87157,28.362186
2026-03-14 12:00:00+01:00,0.864,6.5693827,19.08,100.0,1.7,180.0,31.030869,25.868687
2026-03-14 13:00:00+01:00,0.96400005,7.69592,20.519999,100.0,1.2,240.0,28.186937,19.794064
2026-03-14 14:00:00+01:00,1.2639999,8.759178,18.72,100.0,0.9,660.0,22.624752,18.042753
2026-03-14 15:00:00+01:00,1.314,9.114471,17.64,100.0,1.0,700.0,25.277792,13.612786
2026-03-14 16:00:00+01:00,0.41400003,5.5887027,17.28,100.0,1.2,200.0,27.587502,11.394346
2026-03-14 17:00:00+01:00,0.014000028,5.1919937,13.32,100.0,1.2,220.0,21.276669,8.777877
2026-03-14 18:00:00+01:00,0.11400002,4.3498964,11.159999,100.0,1.1,300.0,22.98896,4.8477407
2026-03-14 19:00:00+01:00,0.46400002,4.8433046,11.5199995,100.0,1.0,440.0,16.461926,2.2379284
2026-03-14 20:00:00+01:00,0.41400003,3.7585104,10.440001,100.0,0.7,480.0,13.285712,7.499821
2026-03-14 21:00:00+01:00,0.41400003,4.5820518,11.879999,100.0,0.8,380.0,19.594936,11.858258
2026-03-14 22:00:00+01:00,0.51400006,2.8116899,11.879999,100.0,0.9,520.0,20.966978,11.939203
2026-03-14 23:00:00+01:00,0.41400003,5.1544156,12.24,100.0,0.6,1960.0,23.431826,13.948265
2026-03-15 00:00:00+01:00,0.314,7.7043357,17.28,94.0,0.6,2760.0,22.679756,16.492132
2026-03-15 01:00:00+01:00,0.314,4.3349743,16.199999,80.0,0.4,2000.0,18.330091,17.87112
2026-03-15 02:00:00+01:00,0.36400002,4.198285,11.159999,94.0,0.4,680.0,19.035887,19.430658
2026-03-15 03:00:00+01:00,0.36400002,5.634891,14.04,89.0,0.4,460.0,23.879524,20.864775
2026-03-15 04:00:00+01:00,0.41400003,6.792466,16.56,92.0,0.3,720.0,22.880306,21.653082
2026-03-15 05:00:00+01:00,0.314,9.659814,17.64,74.0,0.3,860.0,23.524694,25.516308
2026-03-15 06:00:00+01:00,0.21400002,11.019764,20.519999,81.0,0.1,1100.0,24.624466,25.319267
2026-03-15 07:00:00+01:00,0.314,10.383987,20.880001,78.0,0.1,2600.0,25.794176,27.882717
2026-03-15 08:00:00+01:00,0.41400003,11.269782,19.8,60.0,0.0,2680.0,27.239048,19.251387
2026-03-15 09:00:00+01:00,1.0139999,13.854155,25.199999,64.0,0.0,14680.0,33.492893,21.794956
2026-03-15 10:00:00+01:00,2.014,14.693999,25.56,78.0,0.0,21260.0,32.73726,27.709465
2026-03-15 11:00:00+01:00,2.664,15.273505,29.519999,91.0,0.0,26340.0,28.531094,35.029118
2026-03-15 12:00:00+01:00,3.364,16.870138,31.68,98.0,0.0,28320.0,26.512747,49.69007
2026-03-15 13:00:00+01:00,3.164,15.30741,32.039997,93.0,0.0,32640.0,22.624752,40.819485
2026-03-15 14:00:00+01:00,3.864,12.387348,27.72,100.0,0.0,34620.0,17.958132,25.020798
2026-03-15 15:00:00+01:00,3.8140001,13.441071,25.919998,87.0,0.0,36460.0,15.466841,13.781546
2026-03-15 16:00:00+01:00,3.714,7.7879906,24.48,100.0,0.0,34260.0,8.706063,17.903427
2026-03-15 17:00:00+01:00,3.5140002,7.5170207,14.759999,90.0,0.0,31560.0,2.734177,25.516308
2026-03-15 18:00:00+01:00,3.3140001,4.2136917,13.679999,100.0,0.0,31580.0,2.278481,29.179018
2026-03-15 19:00:00+01:00,2.7640002,3.563818,7.5599995,100.0,0.0,23320.0,3.0569031,28.933727
2026-03-15 20:00:00+01:00,2.5640001,2.6208394,6.8399997,93.0,0.0,20040.0,6.347113,34.89689
2026-03-15 21:00:00+01:00,2.464,2.5455842,5.7599998,100.0,0.0,17240.0,8.561753,34.430096
2026-03-15 22:00:00+01:00,2.5640001,3.6,6.8399997,83.0,0.0,14640.0,7.840093,31.022066
2026-03-15 23:00:00+01:00,2.414,3.6,7.2,68.0,0.0,16220.0,11.392405,38.647587
2026-03-16 00:00:00+01:00,2.114,3.7585104,9.0,10.0,0.0,18240.0,14.075039,42.225143
2026-03-16 01:00:00+01:00,1.964,5.495161,11.5199995,44.0,0.0,14100.0,19.166346,41.618618
2026-03-16 02:00:00+01:00,1.7639999,8.825508,21.24,5.0,0.0,13480.0,26.746689,40.535355
2026-03-16 03:00:00+01:00,1.3640001,8.825508,21.24,0.0,0.0,19460.0,28.85676,33.42516
2026-03-16 04:00:00+01:00,1.164,10.538843,29.88,0.0,0.0,26480.0,28.418058,42.574966
2026-03-16 05:00:00+01:00,0.814,17.015474,37.079998,0.0,0.0,21040.0,36.287266,27.26799
2026-03-16 06:00:00+01:00,0.614,14.707222,36.0,0.0,0.0,19100.0,39.453922,26.46497
2026-03-16 07:00:00+01:00,0.66400003,12.984975,31.68,0.0,0.0,28140.0,36.620514,28.368979
2026-03-16 08:00:00+01:00,1.5139999,15.034041,32.760002,0.0,0.0,31400.0,40.92395,34.847176
2026-03-16 09:00:00+01:00,2.414,15.042659,34.92,92.0,0.0,33300.0,45.977913,42.279854
2026-03-16 10:00:00+01:00,3.614,17.072504,32.039997,59.0,0.0,36840.0,49.601856,52.40694
2026-03-16 11:00:00+01:00,5.0639997,23.143827,44.28,35.0,0.0,39480.0,49.427807,65.51143
2026-03-16 12:00:00+01:00,6.4639997,23.749088,46.44,42.0,0.0,40300.0,51.76717,63.571465
2026-03-16 13:00:00+01:00,6.3139997,23.051247,46.8,8.0,0.0,39500.0,55.295315,59.670193
2026-03-16 14:00:00+01:00,7.114,20.12461,45.719997,29.0,0.0,39260.0,49.626965,59.873226
2026-03-16 15:00:00+01:00,7.614,20.523155,39.6,48.0,0.0,38660.0,44.679142,63.595703
2026-03-16 16:00:00+01:00,6.9639997,17.114204,39.96,28.0,0.0,37160.0,41.378117,57.70077
2026-03-16 17:00:00+01:00,6.3139997,12.031756,33.12,51.0,0.0,35700.0,29.178795,57.727467
2026-03-16 18:00:00+01:00,5.3139997,9.0,23.4,90.0,0.0,29620.0,29.623758,48.87709
2026-03-16 19:00:00+01:00,4.914,7.2359104,19.8,51.0,0.0,34620.0,27.52722,44.1781
2026-03-16 20:00:00+01:00,4.514,4.1046314,16.919998,82.0,0.0,31120.0,26.296474,45.186886
2026-03-16 21:00:00+01:00,4.414,1.8,11.5199995,50.0,0.0,29800.0,26.493156,40.668198
2026-03-16 22:00:00+01:00,4.114,3.6,9.0,62.0,0.0,29080.0,28.065113,32.27586
2026-03-16 23:00:00+01:00,4.114,3.096837,8.64,84.0,0.0,28200.0,19.784773,30.024958
2026-03-17 00:00:00+01:00,4.064,1.835647,7.92,0.0,0.0,32900.0,14.155951,25.051575
2026-03-17 01:00:00+01:00,3.664,0.5091169,5.04,64.0,0.0,31840.0,11.4288025,28.558466
2026-03-17 02:00:00+01:00,3.214,2.7416782,2.16,0.0,0.0,35540.0,5.6366506,34.89689
2026-03-17 03:00:00+01:00,2.864,2.52,6.12,0.0,0.0,34960.0,2.453999,38.04478
2026-03-17 04:00:00+01:00,2.464,1.8,3.6,0.0,0.0,31860.0,3.5591009,42.005604
2026-03-17 05:00:00+01:00,2.214,2.3051248,4.68,0.0,0.0,32780.0,5.487309,45.186886
2026-03-17 06:00:00+01:00,2.364,3.0758414,6.4799995,0.0,0.0,32720.0,9.022324,50.156944
2026-03-17 07:00:00+01:00,2.114,2.9024127,6.12,0.0,0.0,29440.0,14.1779375,50.31033
2026-03-17 08:00:00+01:00,2.664,5.3999996,11.159999,0.0,0.0,26880.0,13.270073,48.20645
2026-03-17 09:00:00+01:00,4.8139997,4.5536795,12.599999,0.0,0.0,32060.0,13.678478,45.649178
2026-03-17 10:00:00+01:00,6.614,6.489992,14.04,0.0,0.0,37700.0,12.537857,41.437717
2026-03-17 11:00:00+01:00,7.9639997,5.495161,14.759999,0.0,0.0,39300.0,11.392405,38.632633
2026-03-17 12:00:00+01:00,8.864,9.0,19.44,37.0,0.0,38160.0,12.396276,36.70475
2026-03-17 13:00:00+01:00,9.9140005,10.739832,21.24,36.0,0.0,40220.0,14.388747,35.96252
2026-03-17 14:00:00+01:00,10.4140005,12.738099,21.96,22.0,0.0,40720.0,16.512306,37.943382
2026-03-17 15:00:00+01:00,10.614,13.891522,25.919998,16.0,0.0,41100.0,19.784773,43.04741
2026-03-17 16:00:00+01:00,10.714001,11.792404,26.64,34.0,0.0,41580.0,16.959002,47.9661
2026-03-17 17:00:00+01:00,10.1640005,12.413477,24.119999,21.0,0.0,41360.0,17.952349,45.208195
2026-03-17 18:00:00+01:00,8.814,13.584932,25.919998,0.0,0.0,40640.0,16.934494,40.416378
2026-03-17 19:00:00+01:00,7.514,9.931042,24.84,0.0,0.0,40140.0,14.075039,40.68714
2026-03-17 20:00:00+01:00,6.3139997,10.97262,24.119999,0.0,0.0,36420.0,11.282507,42.54328
2026-03-17 21:00:00+01:00,5.5639997,11.304229,24.48,0.0,0.0,33620.0,7.4739733,50.37155
2026-03-17 22:00:00+01:00,5.014,10.315115,28.44,0.0,0.0,31560.0,8.476439,50.809425
2026-03-17 23:00:00+01:00,4.364,10.00256,23.4,0.0,0.0,27440.0,12.030725,46.795223
2026-03-18 00:00:00+01:00,3.664,13.527572,30.239998,0.0,0.0,20600.0,17.934988,44.49959
2026-03-18 01:00:00+01:00,3.3140001,11.435313,30.599998,0.0,0.0,19940.0,17.352394,49.736565
2026-03-18 02:00:00+01:00,2.864,12.496718,29.519999,0.0,0.0,19700.0,27.097643,48.290287
2026-03-18 03:00:00+01:00,2.5640001,13.044722,29.519999,0.0,0.0,19100.0,30.56903,39.25586
2026-03-18 04:00:00+01:00,1.8140001,14.003028,32.760002,0.0,0.0,22960.0,33.872055,41.419117
2026-03-18 05:00:00+01:00,1.214,12.819235,29.16,0.0,0.0,28160.0,31.479338,42.683414
2026-03-18 06:00:00+01:00,0.564,14.4,34.56,0.0,0.0,30000.0,34.15594,43.011597
2026-03-18 07:00:00+01:00,0.314,14.386494,32.760002,3.0,0.0,30620.0,40.60557,51.819218
2026-03-18 08:00:00+01:00,0.51400006,17.713316,35.64,0.0,0.0,31440.0,40.720474,56.758324
2026-03-18 09:00:00+01:00,2.164,19.734436,38.16,0.0,0.0,35760.0,46.501114,66.734955
2026-03-18 10:00:00+01:00,4.5639997,23.4,39.6,0.0,0.0,38700.0,47.269554,74.244446
2026-03-18 11:00:00+01:00,6.8139997,24.472057,47.16,0.0,0.0,40560.0,44.938667,69.9702
2026-03-18 12:00:00+01:00,8.764,26.562046,51.48,0.0,0.0,41820.0,38.905354,62.356915
2026-03-18 13:00:00+01:00,9.364,26.064596,53.28,0.0,0.0,42200.0,30.35429,56.082325
2026-03-18 14:00:00+01:00,10.314,26.064596,50.76,0.0,0.0,42700.0,32.559166,52.17117
2026-03-18 15:00:00+01:00,10.364,25.959969,50.76,0.0,0.0,41720.0,30.419212,46.08176
2026-03-18 16:00:00+01:00,9.964001,22.039528,49.32,0.0,0.0,41600.0,31.426521,40.819485
2026-03-18 17:00:00+01:00,8.9140005,21.437386,43.199997,0.0,0.0,40580.0,31.28745,39.3049
2026-03-18 18:00:00+01:00,7.864,19.8,40.32,0.0,0.0,40060.0,31.101055,36.704754
2026-03-18 19:00:00+01:00,6.4639997,17.826363,36.719997,0.0,0.0,38420.0,28.168512,42.32084
2026-03-18 20:00:00+01:00,5.264,16.92383,32.760002,0.0,0.0,35620.0,29.39152,42.247948
2026-03-18 21:00:00+01:00,4.8139997,18.792551,41.399998,0.0,0.0,35560.0,31.901989,42.93988
2026-03-18 22:00:00+01:00,4.314,14.48972,41.039997,0.0,0.0,34820.0,28.286219,39.84518
2026-03-18 23:00:00+01:00,3.8140001,8.707237,30.960001,0.0,0.0,31100.0,21.725767,35.72607
2026-03-19 00:00:00+01:00,3.364,9.504273,20.519999,0.0,0.0,27080.0,18.733494,33.367477
2026-03-19 01:00:00+01:00,2.5640001,6.489992,27.359999,0.0,0.0,22120.0,19.894674,28.753408
2026-03-19 02:00:00+01:00,2.414,3.0547013,14.04,0.0,0.0,23200.0,24.06145,27.422962
2026-03-19 03:00:00+01:00,2.164,1.835647,4.68,0.0,0.0,22500.0,24.425486,29.896374
2026-03-19 04:00:00+01:00,1.2639999,5.1165614,10.08,0.0,0.0,17300.0,16.755745,24.897316
2026-03-19 05:00:00+01:00,0.814,4.452954,8.28,0.0,0.0,13020.0,15.086228,26.076353
2026-03-19 06:00:00+01:00,1.214,1.835647,6.8399997,0.0,0.0,16360.0,8.658227,29.960732
2026-03-19 07:00:00+01:00,0.41400003,2.5959969,3.96,56.0,0.0,2460.0,5.012658,37.370464
2026-03-19 08:00:00+01:00,0.864,2.7416782,6.4799995,41.0,0.0,5040.0,6.524576,38.70735
2026-03-19 09:00:00+01:00,2.714,1.609969,5.7599998,0.0,0.0,17720.0,10.490914,40.435436
2026-03-19 10:00:00+01:00,5.364,5.495161,15.4800005,7.0,0.0,29940.0,7.34788,38.472748
2026-03-19 11:00:00+01:00,7.2139997,3.219938,11.159999,5.0,0.0,35380.0,10.9461975,38.542778
2026-03-19 12:00:00+01:00,8.764,9.085988,19.08,19.0,0.0,38260.0,14.038106,37.344685
2026-03-19 13:00:00+01:00,10.064,8.161764,19.8,14.0,0.0,39760.0,15.148044,38.241734
2026-03-19 14:00:00+01:00,10.864,9.885262,20.519999,8.0,0.0,40600.0,15.587208,36.893196
2026-03-19 15:00:00+01:00,11.214001,14.904173,28.44,5.0,0.0,41060.0,17.123507,44.861736
2026-03-19 16:00:00+01:00,11.4140005,15.349684,29.519999,0.0,0.0,41720.0,21.495146,35.682907
2026-03-19 17:00:00+01:00,11.1640005,15.496736,29.88,0.0,0.0,43000.0,24.930372,28.933727
2026-03-19 18:00:00+01:00,10.064,13.237039,29.519999,0.0,0.0,42020.0,34.65988,27.737257
2026-03-19 19:00:00+01:00,8.564,9.826088,23.4,0.0,0.0,41260.0,28.96809,29.844782
2026-03-19 20:00:00+01:00,7.664,11.792404,26.28,0.0,0.0,41100.0,30.504429,31.612547
2026-03-19 21:00:00+01:00,6.9639997,10.685391,26.64,0.0,0.0,40660.0,26.9786,31.238638
2026-03-19 22:00:00+01:00,5.864,11.304229,23.759998,0.0,0.0,39360.0,27.299967,32.186214
2026-03-19 23:00:00+01:00,5.4639997,9.673221,24.119999,0.0,0.0,39600.0,24.425488,34.413307
2026-03-20 00:00:00+01:00,4.5639997,11.183201,24.84,0.0,0.0,38920.0,21.45163,34.430096
2026-03-20 01:00:00+01:00,4.064,8.404285,25.919998,0.0,0.0,39580.0,18.369701,32.47814
2026-03-20 02:00:00+01:00,3.3140001,6.297428,18.0,0.0,0.0,38980.0,16.562534,31.81905
2026-03-20 03:00:00+01:00,2.864,5.6233797,14.4,0.0,0.0,38780.0,17.530981,26.9768
2026-03-20 04:00:00+01:00,1.714,4.6938257,12.959999,0.0,0.0,35880.0,18.882545,25.838884
2026-03-20 05:00:00+01:00,1.3640001,5.4119864,11.159999,0.0,0.0,35420.0,17.90602,22.56785
2026-03-20 06:00:00+01:00,0.96400005,5.8048253,13.32,0.0,0.0,33680.0,15.148044,18.877537
2026-03-20 07:00:00+01:00,0.66400003,3.4152596,12.599999,0.0,0.0,34220.0,15.148044,22.593443
2026-03-20 08:00:00+01:00,1.1140001,2.5455842,6.8399997,0.0,0.0,33460.0,15.587208,24.46021
2026-03-20 09:00:00+01:00,3.214,2.9024127,5.7599998,0.0,0.0,35700.0,15.284514,22.249796
2026-03-20 10:00:00+01:00,6.114,2.5455842,9.36,0.0,0.0,39340.0,17.352394,19.62793
2026-03-20 11:00:00+01:00,7.914,4.5536795,11.879999,0.0,0.0,40140.0,15.148044,18.042753
2026-03-20 12:00:00+01:00,9.314,3.6,12.959999,0.0,0.0,40220.0,11.987494,18.0
2026-03-20 13:00:00+01:00,10.364,5.495161,14.04,0.0,0.0,40840.0,9.294415,20.632679
2026-03-20 14:00:00+01:00,11.014,5.315336,14.4,7.0,0.0,41220.0,4.757608,17.752157
2026-03-20 15:00:00+01:00,11.514,8.534353,13.679999,4.0,0.0,41800.0,7.418196,14.543223
2026-03-20 16:00:00+01:00,11.564,8.78872,15.84,0.0,0.0,43700.0,9.482423,12.241913
2026-03-20 17:00:00+01:00,11.214001,9.085988,15.119999,0.0,0.0,44680.0,12.133847,11.858258
2026-03-20 18:00:00+01:00,10.514,8.225035,17.28,0.0,0.0,45940.0,16.162766,11.545494
2026-03-20 19:00:00+01:00,8.514,6.439876,16.919998,0.0,0.0,44500.0,16.149912,11.41124
2026-03-20 20:00:00+01:00,7.514,7.0911775,15.4800005,0.0,0.0,44360.0,14.133929,14.529971
2026-03-20 21:00:00+01:00,6.9639997,6.0347,16.199999,0.0,0.0,43940.0,16.805244,14.999642
2026-03-20 22:00:00+01:00,6.114,7.127636,15.84,0.0,0.0,42240.0,16.430359,14.753624
2026-03-20 23:00:00+01:00,5.614,4.3349743,15.119999,0.0,0.0,42240.0,11.85686,13.152178
2026-03-21 00:00:00+01:00,5.364,4.3349743,10.08,0.0,0.0,41840.0,11.715913,11.189641
2026-03-21 01:00:00+01:00,3.8140001,5.3517847,10.08,0.0,0.0,40700.0,13.836966,9.494725
2026-03-21 02:00:00+01:00,3.414,5.991594,12.24,0.0,0.0,39880.0,16.755745,10.1040945
2026-03-21 03:00:00+01:00,3.364,3.8939953,11.159999,0.0,0.0,39920.0,18.454288,12.96038
2026-03-21 04:00:00+01:00,2.364,2.3051248,9.0,0.0,0.0,37540.0,15.209606,11.41124
2026-03-21 05:00:00+01:00,2.364,1.8,3.96,0.0,0.0,37580.0,13.340306,12.780782
2026-03-21 06:00:00+01:00,2.214,3.096837,3.96,0.0,0.0,37480.0,10.118097,11.41124
2026-03-21 07:00:00+01:00,1.7639999,4.3498964,6.12,0.0,0.0,32280.0,8.976174,15.329903
2026-03-21 08:00:00+01:00,2.5140002,2.968636,6.12,61.0,0.0,30880.0,6.444517,19.241377
2026-03-21 09:00:00+01:00,4.664,1.0182338,5.04,0.0,0.0,33180.0,4.757608,18.631031
2026-03-21 10:00:00+01:00,6.8139997,1.835647,10.08,16.0,0.0,37620.0,6.347113,16.245003
2026-03-21 11:00:00+01:00,7.914,2.9024127,7.92,18.0,0.0,39040.0,6.347113,13.398848
2026-03-21 12:00:00+01:00,9.014,7.729527,16.56,61.0,0.0,40500.0,11.419714,11.444951
2026-03-21 13:00:00+01:00,9.9140005,5.991594,15.84,61.0,0.0,41140.0,9.666777,14.003396
2026-03-21 14:00:00+01:00,10.514,7.4128532,15.4800005,38.0,0.0,41560.0,8.36547,9.310345
2026-03-21 15:00:00+01:00,11.014,5.634891,14.04,8.0,0.0,42380.0,6.1138062,11.0510645
2026-03-21 16:00:00+01:00,10.864,7.10031,14.4,41.0,0.0,42180.0,10.401459,11.545494
2026-03-21 17:00:00+01:00,10.214001,15.941944,27.359999,72.0,0.0,41960.0,14.038106,10.027549
2026-03-21 18:00:00+01:00,9.1640005,10.829959,28.8,71.0,0.0,41580.0,12.661468,12.659634
2026-03-21 19:00:00+01:00,7.9639997,9.565437,21.24,37.0,0.0,40780.0,19.71643,10.330335
2026-03-21 20:00:00+01:00,6.8139997,9.028754,20.16,18.0,0.0,39440.0,16.149912,9.454063
2026-03-21 21:00:00+01:00,6.014,10.182337,23.039999,47.0,0.0,36020.0,11.02182,6.598021
2026-03-21 22:00:00+01:00,6.3139997,7.928178,20.16,93.0,0.0,36080.0,12.792001,8.951714
2026-03-21 23:00:00+01:00,5.7139997,3.319036,13.32,28.0,0.1,32580.0,6.835443,1.387904
2026-03-22 00:00:00+01:00,4.864,5.4477882,6.8399997,0.0,0.0,29720.0,6.9559,8.951714
2026-03-22 01:00:00+01:00,4.014,4.3498964,9.36,0.0,0.0,24640.0,11.501252,5.1183376
2026-03-22 02:00:00+01:00,3.614,4.39436,6.8399997,37.0,0.0,22080.0,13.949067,11.858258
2026-03-22 03:00:00+01:00,3.614,5.0911684,9.36,73.0,0.0,20700.0,17.44787,16.386677
2026-03-22 04:00:00+01:00,4.164,5.0142193,11.5199995,97.0,0.1,20480.0,16.512306,19.331268
2026-03-22 05:00:00+01:00,4.164,5.634891,11.5199995,19.0,0.5,18920.0,22.333761,28.61238
2026-03-22 06:00:00+01:00,3.364,5.4833565,9.72,20.0,0.0,10360.0,14.309151,28.558468
2026-03-22 07:00:00+01:00,3.214,10.041354,14.04,100.0,0.0,140.0,10.520563,31.059296
2026-03-22 08:00:00+01:00,3.0140002,9.693296,21.24,100.0,0.0,160.0,7.5842957,25.92819
2026-03-22 09:00:00+01:00,4.314,7.491114,18.72,86.0,0.0,16580.0,7.34788,19.598463
2026-03-22 10:00:00+01:00,5.514,4.6102495,12.599999,93.0,0.0,28600.0,8.765491,17.87112
2026-03-22 11:00:00+01:00,6.864,6.638072,14.4,73.0,0.0,35060.0,4.201311,23.700268
2026-03-22 12:00:00+01:00,8.814,6.4096174,14.04,5.0,0.0,39740.0,5.543783,20.66067
2026-03-22 13:00:00+01:00,9.064,4.8433046,15.4800005,48.0,0.0,38220.0,9.994198,20.809309
2026-03-22 14:00:00+01:00,9.714001,6.830519,15.119999,48.0,0.0,38180.0,8.062088,17.87112
2026-03-22 15:00:00+01:00,9.964001,8.557102,16.919998,9.0,0.0,39560.0,3.286072,14.753624
2026-03-22 16:00:00+01:00,10.314,9.83268,18.359999,0.0,0.0,40680.0,10.974618,14.753624
2026-03-22 17:00:00+01:00,10.264,8.854829,18.359999,15.0,0.0,40200.0,10.638334,12.5680065
2026-03-22 18:00:00+01:00,9.814,7.69592,15.4800005,3.0,0.0,40240.0,14.5893955,11.189642
2026-03-22 19:00:00+01:00,8.6640005,4.802999,13.32,40.0,0.0,38840.0,14.301892,8.1638975
2026-03-22 20:00:00+01:00,8.064,2.4149535,10.08,100.0,0.1,38380.0,10.087265,7.0769506
2026-03-22 21:00:00+01:00,7.614,2.5455842,12.599999,51.0,0.1,36600.0,9.580463,8.068965
2026-03-22 22:00:00+01:00,6.3139997,5.315336,9.72,41.0,0.0,27760.0,2.3236039,13.093462
2026-03-22 23:00:00+01:00,5.7139997,6.130579,12.959999,49.0,0.0,24640.0,3.2222586,11.189642
2026-03-23 00:00:00+01:00,5.364,6.379216,14.04,36.0,0.0,28640.0,3.67394,12.320337
2026-03-23 01:00:00+01:00,4.764,5.3999996,16.199999,47.0,0.0,23520.0,2.9178793,12.735487
2026-03-23 02:00:00+01:00,4.414,7.5685663,16.56,61.0,0.0,20980.0,1.4410379,12.226168
2026-03-23 03:00:00+01:00,4.314,8.12197,20.16,44.0,0.0,21000.0,2.9178793,15.566816
2026-03-23 04:00:00+01:00,3.714,5.937272,19.44,48.0,0.0,18940.0,1.0189676,19.331268
2026-03-23 05:00:00+01:00,3.614,6.12,15.4800005,52.0,0.0,18820.0,3.0569031,20.938503
2026-03-23 06:00:00+01:00,3.614,6.5693827,15.84,26.0,0.0,17900.0,2.453999,21.679756
2026-03-23 07:00:00+01:00,3.214,4.896529,16.199999,53.0,0.0,16560.0,2.8820758,22.76332
2026-03-23 08:00:00+01:00,4.164,4.0249224,11.879999,69.0,0.0,17560.0,5.094838,22.653046
2026-03-23 09:00:00+01:00,5.514,4.68,10.799999,72.0,0.0,24760.0,7.418196,20.331732
2026-03-23 10:00:00+01:00,6.664,4.802999,10.08,58.0,0.0,26520.0,7.205189,18.631031
2026-03-23 11:00:00+01:00,7.4639997,7.2359104,12.599999,79.0,0.0,32160.0,5.9240503,14.329733
2026-03-23 12:00:00+01:00,8.964001,5.937272,12.24,66.0,0.0,38160.0,7.7334204,9.331011
2026-03-23 13:00:00+01:00,9.6640005,2.968636,12.599999,85.0,0.0,38500.0,4.844117,13.879042
2026-03-23 14:00:00+01:00,10.264,2.1897945,7.2,82.0,0.0,39580.0,3.5591009,13.268828
2026-03-23 15:00:00+01:00,10.114,4.198285,7.92,87.0,0.0,39680.0,4.907998,9.331011
2026-03-23 16:00:00+01:00,9.964001,5.1919937,15.4800005,92.0,0.0,39880.0,7.800262,11.595439
2026-03-23 17:00:00+01:00,9.764,9.693296,14.759999,81.0,0.0,40660.0,8.253009,8.711794
2026-03-23 18:00:00+01:00,8.564,6.519877,23.4,17.0,0.0,40080.0,10.831774,9.6356945
2026-03-23 19:00:00+01:00,7.364,5.495161,15.119999,40.0,0.0,38540.0,9.394418,5.1183376
2026-03-23 20:00:00+01:00,5.664,7.072878,15.4800005,0.0,0.0,24840.0,8.84802,2.5591688
2026-03-23 21:00:00+01:00,5.8139997,4.1046314,14.4,5.0,0.0,35580.0,12.269996,9.6356945
2026-03-23 22:00:00+01:00,5.264,3.319036,9.0,23.0,0.0,35860.0,10.725815,16.398428
2026-03-23 23:00:00+01:00,4.7139997,3.5455887,10.08,0.0,0.0,35200.0,11.618018,17.577684
2026-03-24 00:00:00+01:00,4.414,5.4833565,10.799999,0.0,0.0,33440.0,13.708807,27.062351
2026-03-24 01:00:00+01:00,3.664,4.5820518,10.440001,0.0,0.0,28500.0,7.958391,21.112572
2026-03-24 02:00:00+01:00,3.7640002,5.0911684,9.0,0.0,0.0,25440.0,10.240498,16.94153
2026-03-24 03:00:00+01:00,3.5140002,5.315336,11.5199995,0.0,0.0,24320.0,8.253009,18.764957
2026-03-24 04:00:00+01:00,2.964,4.2136917,9.72,0.0,0.0,17840.0,7.543114,23.635157
2026-03-24 05:00:00+01:00,2.8140001,4.198285,8.28,0.0,0.0,16760.0,5.993747,24.928242
2026-03-24 06:00:00+01:00,2.8140001,1.484318,6.8399997,0.0,0.0,20540.0,6.330734,30.03137
2026-03-24 07:00:00+01:00,2.114,5.5887027,9.0,0.0,0.0,21780.0,8.84802,36.541702
2026-03-24 08:00:00+01:00,2.914,4.1046314,12.24,0.0,0.0,28240.0,6.524576,38.886093
2026-03-24 09:00:00+01:00,4.664,2.5455842,9.36,0.0,0.0,26220.0,4.2990294,37.0339
2026-03-24 10:00:00+01:00,7.414,1.8,7.5599995,0.0,0.0,38600.0,0.9113924,32.042255
2026-03-24 11:00:00+01:00,9.014,2.16,7.2,2.0,0.0,39320.0,2.278481,27.820469
2026-03-24 12:00:00+01:00,10.4140005,1.08,7.2,35.0,0.0,39960.0,3.2222586,22.889902
2026-03-24 13:00:00+01:00,11.114,3.9763298,7.2,3.0,0.0,41780.0,3.89347,18.433542
2026-03-24 14:00:00+01:00,11.9140005,3.096837,9.36,0.0,0.0,44900.0,3.3175182,15.554438
2026-03-24 15:00:00+01:00,12.314,6.28713,14.04,0.0,0.0,47300.0,4.757608,13.370063
2026-03-24 16:00:00+01:00,12.214001,8.217153,16.919998,0.0,0.0,44280.0,9.294415,12.475707
2026-03-24 17:00:00+01:00,11.764,8.311245,15.4800005,0.0,0.0,42540.0,16.909952,12.4293
2026-03-24 18:00:00+01:00,11.214001,5.8603754,15.119999,0.0,0.0,42420.0,23.360819,13.166815
2026-03-24 19:00:00+01:00,9.514,5.692099,10.08,0.0,0.0,41680.0,23.98365,17.555754
2026-03-24 20:00:00+01:00,8.064,7.5942073,15.84,0.0,0.0,40080.0,24.901201,16.861752
2026-03-24 21:00:00+01:00,8.064,6.0347,15.4800005,0.0,0.0,40040.0,26.512749,11.858258
2026-03-24 22:00:00+01:00,6.9639997,7.386582,14.04,0.0,0.0,40880.0,30.21716,8.327425
2026-03-24 23:00:00+01:00,6.664,9.686609,22.68,0.0,0.0,41260.0,36.118053,9.310345
2026-03-25 00:00:00+01:00,6.664,10.233123,25.199999,0.0,0.0,41160.0,42.185753,15.95788
2026-03-25 01:00:00+01:00,6.2139997,12.979984,30.239998,0.0,0.0,38840.0,45.56962,22.965515
2026-03-25 02:00:00+01:00,6.264,14.658676,30.599998,0.0,0.0,38660.0,54.342606,29.093067
2026-03-25 03:00:00+01:00,6.5639997,15.072783,32.399998,0.0,0.0,39040.0,62.11525,40.918465
2026-03-25 04:00:00+01:00,6.0639997,11.609651,31.319998,0.0,0.0,39120.0,62.197105,47.147903
2026-03-25 05:00:00+01:00,5.8139997,14.20062,30.239998,0.0,0.0,39240.0,69.496284,49.829433
2026-03-25 06:00:00+01:00,5.914,17.114204,37.079998,0.0,0.0,40160.0,70.327965,60.01462
2026-03-25 07:00:00+01:00,5.914,15.629971,36.0,0.0,0.0,39700.0,74.51295,68.049774
2026-03-25 08:00:00+01:00,6.514,19.353138,40.32,0.0,0.0,40080.0,81.01146,72.06684
2026-03-25 09:00:00+01:00,8.514,27.684914,50.399998,0.0,0.0,40340.0,89.085976,80.68965
2026-03-25 10:00:00+01:00,10.814,40.862774,75.24,0.0,0.0,40840.0,82.62691,83.70109
2026-03-25 11:00:00+01:00,11.614,37.212578,79.2,0.0,0.0,41320.0,71.95095,90.309814
2026-03-25 12:00:00+01:00,10.814,39.961617,77.03999,23.0,0.0,41460.0,85.22006,99.85583
2026-03-25 13:00:00+01:00,11.314,44.65306,100.079994,57.0,0.1,42140.0,86.381775,70.47765
2026-03-25 14:00:00+01:00,7.7139997,40.121838,85.67999,100.0,0.3,16120.0,90.821976,93.71591
2026-03-25 15:00:00+01:00,4.264,34.22841,75.6,100.0,1.7,10660.0,85.74478,72.05616
2026-03-25 16:00:00+01:00,3.8140001,19.319628,59.039997,99.0,0.3,29180.0,49.689693,98.50992
2026-03-25 17:00:00+01:00,4.364,18.971008,42.48,100.0,0.1,29380.0,45.40527,63.29817
2026-03-25 18:00:00+01:00,3.714,11.183201,39.6,100.0,2.0,26160.0,35.11523,57.70077
2026-03-25 19:00:00+01:00,3.214,20.63023,38.88,54.0,0.1,30640.0,43.756325,59.52475
2026-03-25 20:00:00+01:00,1.8140001,26.220753,46.8,100.0,0.3,1580.0,63.709522,58.795395
2026-03-25 21:00:00+01:00,1.2639999,17.81909,48.239998,92.0,0.5,4300.0,51.05628,48.94011
2026-03-25 22:00:00+01:00,1.414,20.545246,34.92,97.0,0.0,15140.0,49.97099,43.310616
2026-03-25 23:00:00+01:00,0.41400003,17.057314,37.44,100.0,0.4,360.0,49.427807,38.322243
2026-03-26 00:00:00+01:00,0.41400003,20.163212,37.079998,100.0,0.5,660.0,44.539497,38.20646
2026-03-26 01:00:00+01:00,0.314,20.12461,40.68,93.0,0.4,3180.0,40.207283,35.989296
2026-03-26 02:00:00+01:00,-0.085999966,16.23596,35.64,90.0,0.3,540.0,46.812664,32.495934
2026-03-26 03:00:00+01:00,-0.33599997,19.734436,36.0,100.0,0.6,440.0,53.095936,35.38475
2026-03-26 04:00:00+01:00,-0.13599998,16.520823,35.64,100.0,0.6,300.0,47.706844,42.32084
2026-03-26 05:00:00+01:00,-0.236,18.556595,35.64,100.0,1.2,600.0,52.317814,42.868042
2026-03-26 06:00:00+01:00,-0.38599998,18.792551,34.2,100.0,0.9,420.0,54.85227,35.384754
2026-03-26 07:00:00+01:00,-0.18599999,18.39878,34.92,88.0,0.6,5200.0,53.473965,39.72898
2026-03-26 08:00:00+01:00,-0.18599999,17.673029,32.760002,87.0,0.0,17660.0,46.91679,35.466316
2026-03-26 09:00:00+01:00,0.014000028,16.039202,31.319998,100.0,0.1,8140.0,40.55952,31.806936
2026-03-26 10:00:00+01:00,0.014000028,15.124284,32.399998,100.0,0.1,20200.0,34.12553,21.803795
2026-03-26 11:00:00+01:00,0.51400006,14.264361,29.88,77.0,0.0,31060.0,28.549284,19.862066
2026-03-26 12:00:00+01:00,0.714,13.551501,25.919998,95.0,0.3,6000.0,28.712477,26.098505
2026-03-26 13:00:00+01:00,1.1140001,9.957108,33.839996,100.0,0.1,35140.0,22.347704,41.637127
2026-03-26 14:00:00+01:00,0.36400002,14.512064,31.319998,82.0,0.5,4180.0,13.533486,36.751953
2026-03-26 15:00:00+01:00,1.3640001,13.53236,31.68,74.0,0.1,22100.0,20.379353,39.84518
2026-03-26 16:00:00+01:00,1.8140001,17.873556,33.12,87.0,0.0,24160.0,34.94628,35.515167
2026-03-26 17:00:00+01:00,1.164,10.182337,32.039997,97.0,0.3,9100.0,22.898449,38.186287
2026-03-26 18:00:00+01:00,0.864,6.792466,19.8,87.0,0.2,18220.0,20.055809,32.383106
2026-03-26 19:00:00+01:00,0.41400003,5.0528407,14.759999,64.0,0.0,19500.0,24.190557,35.111507
2026-03-26 20:00:00+01:00,-0.18599999,6.489992,12.599999,66.0,0.0,3740.0,22.347704,30.432787
2026-03-26 21:00:00+01:00,-0.38599998,5.4833565,15.119999,61.0,0.0,19480.0,21.42257,30.312284
2026-03-26 22:00:00+01:00,-0.18599999,6.830519,17.64,91.0,0.0,21060.0,18.683542,28.368979
2026-03-26 23:00:00+01:00,-0.33599997,7.5685663,19.08,98.0,0.2,2980.0,18.279041,31.776642
2026-03-27 00:00:00+01:00,-0.28599995,11.503113,24.48,90.0,0.3,480.0,24.700247,27.681644
2026-03-27 01:00:00+01:00,-0.58599997,9.3876505,21.599998,84.0,0.2,960.0,27.707676,23.975016
2026-03-27 02:00:00+01:00,-0.68599993,12.979984,23.4,84.0,0.0,6600.0,25.81027,26.660769
2026-03-27 03:00:00+01:00,-1.036,13.1041975,24.84,74.0,0.0,13960.0,29.756647,29.179018
2026-03-27 04:00:00+01:00,-1.1859999,13.37825,24.119999,93.0,0.0,17080.0,26.9786,31.36786
2026-03-27 05:00:00+01:00,-1.4359999,12.074766,23.4,89.0,0.1,13500.0,30.535046,32.89655
2026-03-27 06:00:00+01:00,-1.6359999,11.609651,22.68,90.0,0.0,16620.0,31.683176,33.568924
2026-03-27 07:00:00+01:00,-1.6859999,13.363711,27.359999,89.0,0.1,2520.0,34.815308,36.085506
2026-03-27 08:00:00+01:00,-1.536,14.186923,25.919998,85.0,0.1,15840.0,33.66605,38.662537
2026-03-27 09:00:00+01:00,-1.336,15.530151,28.44,80.0,0.0,19740.0,31.350441,40.464016
2026-03-27 10:00:00+01:00,-0.436,15.349684,29.88,86.0,0.0,33820.0,26.808727,40.98432
2026-03-27 11:00:00+01:00,0.16400002,13.584932,29.16,91.0,0.0,28340.0,25.06329,43.025024
2026-03-27 12:00:00+01:00,1.164,13.830749,26.28,100.0,0.0,38960.0,24.27197,43.968315
2026-03-27 13:00:00+01:00,1.314,13.044722,30.599998,80.0,0.0,39000.0,21.354607,40.07175
2026-03-27 14:00:00+01:00,2.0640001,12.819235,26.64,76.0,0.0,39760.0,19.721697,41.10165
2026-03-27 15:00:00+01:00,2.914,12.768586,25.199999,52.0,0.0,40860.0,19.014057,35.919647
2026-03-27 16:00:00+01:00,2.5140002,11.457958,25.199999,91.0,0.0,39200.0,15.466841,22.430868
2026-03-27 17:00:00+01:00,2.3140001,10.691453,23.039999,82.0,0.0,39840.0,19.868563,23.757093
2026-03-27 18:00:00+01:00,2.414,11.525623,21.599998,67.0,0.0,40660.0,18.437403,26.804882
2026-03-27 19:00:00+01:00,1.2639999,8.049845,21.24,2.0,0.0,38720.0,19.61612,27.653793
2026-03-27 20:00:00+01:00,1.0139999,6.9153743,18.359999,0.0,0.0,38300.0,20.184822,30.470741
2026-03-27 21:00:00+01:00,0.76400006,5.495161,16.56,0.0,0.0,37500.0,19.030432,32.572903
2026-03-27 22:00:00+01:00,-0.28599995,5.495161,13.679999,0.0,0.0,29880.0,19.742744,35.769176
2026-03-27 23:00:00+01:00,-0.38599998,5.3517847,14.04,66.0,0.0,32800.0,18.027378,31.612547
2026-03-28 00:00:00+01:00,-0.38599998,4.0249224,15.119999,16.0,0.0,35820.0,17.530981,29.487658
2026-03-28 01:00:00+01:00,-1.036,4.39436,11.159999,40.0,0.0,31020.0,19.573729,31.330996
2026-03-28 02:00:00+01:00,-1.286,2.5959969,9.72,16.0,0.0,31120.0,17.465712,36.64172
2026-03-28 03:00:00+01:00,-1.6359999,2.4149535,6.4799995,41.0,0.0,33320.0,15.818631,39.14776
2026-03-28 04:00:00+01:00,-2.2359998,2.5455842,4.68,65.0,0.0,28560.0,13.881914,38.886093
2026-03-28 05:00:00+01:00,-2.286,2.5959969,5.04,22.0,0.0,27180.0,11.528303,36.085506
2026-03-28 06:00:00+01:00,-2.336,1.484318,5.3999996,0.0,0.0,30940.0,10.831774,36.11219
2026-03-28 07:00:00+01:00,-2.1859999,2.1897945,6.8399997,0.0,0.0,26280.0,8.377872,31.022066
2026-03-28 08:00:00+01:00,-1.286,4.072935,7.92,0.0,0.0,25260.0,3.757767,27.549112
2026-03-28 09:00:00+01:00,-0.085999966,4.1046314,9.0,2.0,0.0,20760.0,2.7718916,24.103226
2026-03-28 10:00:00+01:00,1.064,4.510787,11.159999,59.0,0.0,29980.0,5.094838,21.546066
2026-03-28 11:00:00+01:00,2.214,7.5685663,16.199999,0.0,0.0,36540.0,11.4288025,20.016638
2026-03-28 12:00:00+01:00,3.614,9.021574,19.08,0.0,0.0,38480.0,11.618018,23.594372
2026-03-28 13:00:00+01:00,4.314,11.659777,25.56,42.0,0.0,40100.0,15.73307,24.206896
2026-03-28 14:00:00+01:00,4.8139997,12.6462,24.119999,78.0,0.0,41040.0,17.292456,25.20489
2026-03-28 15:00:00+01:00,4.664,14.081478,27.359999,90.0,0.0,42500.0,18.34142,24.175043
2026-03-28 16:00:00+01:00,2.164,16.563911,29.88,93.0,0.1,4060.0,25.47419,20.632679
2026-03-28 17:00:00+01:00,1.2639999,12.661564,30.960001,97.0,0.6,840.0,25.363905,14.476846
2026-03-28 18:00:00+01:00,0.91400003,10.1376915,23.039999,97.0,0.5,760.0,24.89286,20.938503
2026-03-28 19:00:00+01:00,0.51400006,9.746631,20.880001,100.0,0.8,220.0,22.775694,21.546066
2026-03-28 20:00:00+01:00,0.36400002,9.885262,22.68,100.0,1.2,300.0,21.242481,25.478535
2026-03-28 21:00:00+01:00,0.21400002,7.928178,21.96,100.0,1.1,380.0,21.437103,25.92819
2026-03-28 22:00:00+01:00,0.26400003,4.73506,18.0,97.0,0.9,560.0,30.062136,31.994127
2026-03-28 23:00:00+01:00,0.21400002,3.9763298,11.879999,100.0,1.0,280.0,23.074612,31.213963
2026-03-29 00:00:00+01:00,0.16400002,3.7585104,11.159999,100.0,1.3,380.0,22.403389,34.08711
2026-03-29 01:00:00+01:00,0.614,3.0758414,9.0,95.0,0.9,1760.0,18.904528,19.281382
2026-03-29 03:00:00+02:00,0.564,4.2136917,11.879999,95.0,0.4,460.0,29.854185,13.711481
2026-03-29 04:00:00+02:00,0.46400002,5.04,12.959999,93.0,0.5,460.0,31.898731,18.339252
2026-03-29 05:00:00+02:00,0.51400006,11.792404,21.96,99.0,0.5,500.0,32.8923,29.179018
2026-03-29 06:00:00+02:00,0.36400002,11.841756,25.199999,100.0,0.8,320.0,33.09371,28.212376
2026-03-29 07:00:00+02:00,0.26400003,12.904882,24.119999,84.0,0.5,380.0,36.9367,28.144014
2026-03-29 08:00:00+02:00,0.564,16.075521,28.8,87.0,0.4,360.0,37.034954,32.58473
2026-03-29 09:00:00+02:00,0.814,15.281989,28.08,98.0,0.1,1320.0,35.462418,36.96101
2026-03-29 10:00:00+02:00,1.064,12.229406,28.8,94.0,0.0,1040.0,33.21897,37.907825
2026-03-29 11:00:00+02:00,1.1140001,11.592894,21.96,90.0,0.1,1540.0,28.820757,35.122475
2026-03-29 12:00:00+02:00,1.5640001,13.324863,25.199999,81.0,0.1,15460.0,29.455038,33.269196
2026-03-29 13:00:00+02:00,2.664,15.192682,29.16,71.0,0.0,27820.0,30.839556,31.330996
2026-03-29 14:00:00+02:00,3.0140002,12.682018,28.44,59.0,0.0,33020.0,25.02598,26.406677
2026-03-29 15:00:00+02:00,3.214,13.004922,25.56,89.0,0.0,33140.0,21.649164,24.982275
2026-03-29 16:00:00+02:00,2.5640001,11.609651,24.119999,100.0,0.3,2980.0,17.08101,25.719328
2026-03-29 17:00:00+02:00,4.014,11.457958,23.4,82.0,0.2,37420.0,21.276669,22.249796
2026-03-29 18:00:00+02:00,3.864,9.585739,22.319998,74.0,0.0,36520.0,17.530981,18.948832
2026-03-29 19:00:00+02:00,3.5140002,5.495161,18.0,68.0,0.0,36380.0,15.5204525,13.948265
2026-03-29 20:00:00+02:00,2.914,2.1897945,10.440001,75.0,0.0,28980.0,10.240498,14.329733
2026-03-29 21:00:00+02:00,1.964,3.7585104,9.36,66.0,0.0,25080.0,5.543783,13.034482
2026-03-29 22:00:00+02:00,1.7639999,2.9024127,10.08,63.0,0.0,21620.0,9.113924,12.475707
2026-03-29 23:00:00+02:00,1.464,3.96,11.5199995,42.0,0.0,20700.0,3.2222586,10.00832
2026-03-30 00:00:00+02:00,1.2639999,4.1046314,11.159999,20.0,0.0,24080.0,4.6916795,14.289349
2026-03-30 01:00:00+02:00,1.064,4.1046314,11.159999,3.0,0.0,19760.0,10.035667,22.041039
2026-03-30 02:00:00+02:00,1.1140001,6.0347,15.84,0.0,0.0,19900.0,19.128386,22.889902
2026-03-30 03:00:00+02:00,1.164,7.628263,19.08,0.0,0.0,21160.0,26.571426,25.051575
2026-03-30 04:00:00+02:00,1.1140001,9.511088,24.84,0.0,0.0,24460.0,38.24863,22.593443
2026-03-30 05:00:00+02:00,1.464,14.021525,30.960001,0.0,0.0,26500.0,47.412117,50.31033
2026-03-30 06:00:00+02:00,1.5640001,16.746773,31.68,46.0,0.0,29760.0,55.23143,54.227818
2026-03-30 07:00:00+02:00,1.414,20.620806,39.239998,93.0,0.0,29620.0,57.64332,62.84923
2026-03-30 08:00:00+02:00,1.664,20.12461,39.96,100.0,0.0,3920.0,57.144012,74.112
2026-03-30 09:00:00+02:00,1.414,22.59699,44.28,100.0,0.2,12960.0,65.22667,72.83522
2026-03-30 10:00:00+02:00,1.2639999,17.555307,42.839996,88.0,0.2,17140.0,65.10239,67.91377
2026-03-30 11:00:00+02:00,1.714,20.380579,51.48,100.0,0.0,26980.0,58.275684,63.903904
2026-03-30 12:00:00+02:00,2.864,24.933735,51.839996,100.0,0.0,33180.0,47.85678,59.58943
2026-03-30 13:00:00+02:00,3.864,27.067116,54.719997,100.0,0.0,36140.0,50.078915,58.374535
2026-03-30 14:00:00+02:00,4.514,23.510508,63.0,100.0,0.1,36160.0,59.247517,60.58961
2026-03-30 15:00:00+02:00,4.764,23.762726,50.399998,100.0,0.2,35880.0,57.533337,54.124702
2026-03-30 16:00:00+02:00,3.364,20.771093,51.12,100.0,1.7,3460.0,50.96061,60.465492
2026-03-30 17:00:00+02:00,2.164,15.192682,52.92,97.0,2.1,1060.0,47.273952,47.06203
2026-03-30 18:00:00+02:00,3.214,12.641076,36.0,87.0,0.2,20840.0,39.569546,48.56078
2026-03-30 19:00:00+02:00,3.464,7.69592,26.64,99.0,0.1,16940.0,33.66605,54.677082
2026-03-30 20:00:00+02:00,2.464,13.32,25.919998,100.0,0.9,5200.0,32.325535,40.630287
2026-03-30 21:00:00+02:00,2.164,13.217443,30.239998,92.0,0.5,13120.0,41.7901,50.489964
2026-03-30 22:00:00+02:00,1.8640001,12.758432,26.64,79.0,0.1,4460.0,42.597233,55.307587
2026-03-30 23:00:00+02:00,1.964,9.339208,26.64,100.0,0.1,13700.0,40.80962,43.700253
2026-03-31 00:00:00+02:00,1.8640001,10.009036,21.96,84.0,0.2,17420.0,33.293903,41.0829
2026-03-31 01:00:00+02:00,1.8140001,9.290511,24.119999,95.0,0.0,14140.0,30.80587,34.188675
2026-03-31 02:00:00+02:00,1.6140001,7.289445,20.519999,97.0,0.2,5080.0,20.323235,27.931032
2026-03-31 03:00:00+02:00,0.864,6.87779,23.039999,100.0,1.2,1120.0,32.431355,29.591993
2026-03-31 04:00:00+02:00,1.0139999,11.183201,23.4,83.0,0.2,2640.0,41.64824,34.49717
2026-03-31 05:00:00+02:00,0.864,6.489992,21.24,86.0,0.1,3600.0,35.742386,32.32953
2026-03-31 06:00:00+02:00,0.814,4.6102495,18.72,99.0,0.1,15620.0,36.25292,34.957558
2026-03-31 07:00:00+02:00,0.614,5.904439,15.84,90.0,0.1,5860.0,35.835228,37.251724
2026-03-31 08:00:00+02:00,0.814,7.653705,19.8,100.0,0.0,15900.0,33.19083,34.62536
2026-03-31 09:00:00+02:00,0.864,7.928177,20.519999,98.0,0.0,15600.0,32.161304,32.27586
2026-03-31 10:00:00+02:00,0.96400005,7.729527,22.319998,83.0,0.2,5980.0,30.39873,33.3097
2026-03-31 11:00:00+02:00,1.5640001,9.007196,25.199999,85.0,0.2,25080.0,31.479338,31.679502
2026-03-31 12:00:00+02:00,2.164,8.825508,25.199999,100.0,0.1,8840.0,22.702635,29.999285
2026-03-31 13:00:00+02:00,2.0640001,14.205182,30.599998,95.0,0.2,4400.0,29.982595,33.476986
2026-03-31 14:00:00+02:00,3.0640001,16.394829,33.48,62.0,0.0,38020.0,26.197577,31.994127
2026-03-31 15:00:00+02:00,3.914,12.522619,32.760002,96.0,0.0,39660.0,23.661121,26.926771
2026-03-31 16:00:00+02:00,4.364,13.207634,32.039997,27.0,0.0,40640.0,28.74139,34.608665
2026-03-31 17:00:00+02:00,3.414,10.883676,32.399998,97.0,0.0,12260.0,19.04134,25.831429
2026-03-31 18:00:00+02:00,2.3140001,8.557102,20.519999,100.0,0.1,2360.0,18.504856,24.389233
2026-03-31 19:00:00+02:00,1.714,7.2359104,21.599998,44.0,0.4,17340.0,25.408894,31.022066
2026-03-31 20:00:00+02:00,1.164,2.2768397,15.119999,37.0,0.0,15840.0,17.507277,36.414967
2026-03-31 21:00:00+02:00,0.66400003,5.692099,15.84,96.0,0.6,720.0,24.830215,33.78057
2026-03-31 22:00:00+02:00,-0.13599998,2.9024127,10.08,96.0,0.0,360.0,21.949236,41.66025
2026-03-31 23:00:00+02:00,-0.436,2.2768397,7.5599995,63.0,0.0,2420.0,21.996487,47.306976
2026-04-01 00:00:00+02:00,0.014000028,2.5455842,9.0,23.0,0.0,23380.0,21.422567,47.012886
2026-04-01 01:00:00+02:00,-0.18599999,3.8939953,10.08,100.0,0.0,18400.0,22.98896,40.416378
2026-04-01 02:00:00+02:00,-0.58599997,3.219938,9.0,42.0,0.0,12320.0,22.440435,33.54022
2026-04-01 03:00:00+02:00,-0.636,0.35999998,7.5599995,73.0,0.0,13400.0,20.143627,32.54332
2026-04-01 04:00:00+02:00,-0.58599997,1.1384199,4.32,87.0,0.0,12280.0,18.392296,31.330996
2026-04-01 05:00:00+02:00,-0.486,1.5273507,7.2,88.0,0.0,1940.0,20.019537,34.513916
2026-04-01 06:00:00+02:00,-0.436,1.9386592,6.8399997,99.0,0.1,1520.0,18.733494,42.755558
2026-04-01 07:00:00+02:00,-0.436,2.16,6.4799995,88.0,0.2,1480.0,18.056154,41.293358
2026-04-01 08:00:00+02:00,-0.13599998,3.6,8.28,94.0,0.1,1500.0,22.347704,40.344826
2026-04-01 09:00:00+02:00,0.06400001,5.495161,12.599999,100.0,0.1,500.0,24.156197,41.14381
2026-04-01 10:00:00+02:00,0.41400003,5.3517847,12.24,98.0,0.2,2220.0,22.629341,46.323578
2026-04-01 11:00:00+02:00,1.5139999,10.883676,15.119999,95.0,0.0,26280.0,22.347704,47.049744
2026-04-01 12:00:00+02:00,2.5140002,11.966954,23.039999,55.0,0.0,26960.0,25.273685,45.07164
2026-04-01 13:00:00+02:00,3.5640001,14.003028,33.12,85.0,0.0,35120.0,24.930372,42.593056
2026-04-01 14:00:00+02:00,3.964,14.386494,33.48,69.0,0.0,38460.0,28.109476,42.461704
2026-04-01 15:00:00+02:00,4.9639997,16.981165,33.48,70.0,0.0,40140.0,26.512747,34.780777
2026-04-01 16:00:00+02:00,5.5639997,18.532135,36.0,49.0,0.0,40980.0,34.25914,23.265514
2026-04-01 17:00:00+02:00,5.3139997,16.58346,39.6,47.0,0.0,40480.0,30.778894,23.265514
2026-04-01 18:00:00+02:00,4.9639997,14.113652,33.12,100.0,0.0,39620.0,28.183254,23.635157
2026-04-01 19:00:00+02:00,4.7139997,12.413477,26.64,100.0,0.0,39180.0,29.958344,23.618853
2026-04-01 20:00:00+02:00,3.964,11.753877,28.44,59.0,0.0,38780.0,32.936466,22.653046
2026-04-01 21:00:00+02:00,3.214,10.630672,22.68,66.0,0.0,35160.0,37.759594,25.5691
2026-04-01 22:00:00+02:00,2.614,10.296251,24.119999,37.0,0.0,33040.0,36.17263,26.098505
2026-04-01 23:00:00+02:00,2.664,10.799999,25.56,57.0,0.0,33420.0,37.932434,40.516342
2026-04-02 00:00:00+02:00,2.364,10.182337,24.84,47.0,0.0,30580.0,35.593925,36.641724
2026-04-02 01:00:00+02:00,2.0640001,10.44,24.48,45.0,0.0,29280.0,36.75353,36.74671
2026-04-02 02:00:00+02:00,1.164,9.885262,23.759998,18.0,0.0,28220.0,33.739986,42.211456
2026-04-02 03:00:00+02:00,0.714,10.883676,24.84,4.0,0.0,23900.0,31.270855,41.62787
2026-04-02 04:00:00+02:00,0.46400002,9.885262,24.119999,52.0,0.0,17200.0,31.419912,46.456448
2026-04-02 05:00:00+02:00,0.36400002,10.514218,22.319998,89.0,0.0,7220.0,26.828085,49.472504
2026-04-02 06:00:00+02:00,0.21400002,8.4963045,20.519999,92.0,0.0,3620.0,26.402866,51.91949
2026-04-02 07:00:00+02:00,0.06400001,8.39657,19.08,85.0,0.0,5760.0,24.216297,53.89645
2026-04-02 08:00:00+02:00,-0.13599998,10.00256,19.08,89.0,0.0,1120.0,24.293348,53.05353
2026-04-02 09:00:00+02:00,0.46400002,10.009036,20.880001,60.0,0.0,15540.0,31.901989,52.586735
2026-04-02 10:00:00+02:00,1.6140001,9.957108,20.16,41.0,0.0,23460.0,39.097034,53.8893
2026-04-02 11:00:00+02:00,3.5140002,12.397806,21.599998,53.0,0.0,30400.0,43.523163,55.992947
2026-04-02 12:00:00+02:00,5.2139997,12.7279215,26.64,54.0,0.0,34720.0,38.841248,51.47235
2026-04-02 13:00:00+02:00,6.8139997,12.7279215,25.919998,55.0,0.0,38300.0,31.996231,49.351654
2026-04-02 14:00:00+02:00,7.914,12.387348,29.16,50.0,0.0,39900.0,17.590109,47.40866
2026-04-02 15:00:00+02:00,8.514,11.298495,25.56,54.0,0.0,40660.0,14.075039,43.968315
2026-04-02 16:00:00+02:00,9.014,7.491114,23.039999,25.0,0.0,41240.0,9.612922,40.530605
2026-04-02 17:00:00+02:00,9.064,2.6208394,18.0,19.0,0.0,41320.0,7.3619976,36.867085
2026-04-02 18:00:00+02:00,8.364,8.557102,18.0,17.0,0.0,40020.0,4.757608,33.54022
2026-04-02 19:00:00+02:00,7.614,9.360001,19.44,0.0,0.0,40900.0,14.192577,29.297602
2026-04-02 20:00:00+02:00,6.514,6.924738,17.64,2.0,0.0,39260.0,7.840093,26.348255
2026-04-02 21:00:00+02:00,5.5639997,5.95906,15.4800005,44.0,0.0,40860.0,7.6388597,25.69685
2026-04-02 22:00:00+02:00,5.3139997,5.0142193,14.759999,37.0,0.0,41300.0,11.4288025,26.515873
2026-04-02 23:00:00+02:00,5.5639997,3.319036,10.799999,86.0,0.0,40860.0,10.035667,19.794064
2026-04-03 00:00:00+02:00,5.614,2.6208394,6.4799995,100.0,0.0,40320.0,8.402622,17.390388
2026-04-03 01:00:00+02:00,5.3139997,2.6208394,5.04,63.0,0.0,40180.0,2.7718916,17.577684
2026-04-03 02:00:00+02:00,4.264,3.2399998,6.12,48.0,0.0,39880.0,3.8667102,15.800178
2026-04-03 03:00:00+02:00,3.414,4.6938252,6.8399997,64.0,0.0,37760.0,2.9178793,17.043554
2026-04-03 04:00:00+02:00,3.864,1.1384199,8.28,53.0,0.0,37900.0,1.8788835,19.241377
2026-04-03 05:00:00+02:00,2.414,3.219938,5.04,43.0,0.0,30440.0,2.8820758,19.949162
2026-04-03 06:00:00+02:00,2.3140001,2.968636,3.96,24.0,0.0,30280.0,3.8667102,19.900824
2026-04-03 07:00:00+02:00,2.414,3.219938,5.04,0.0,0.0,32240.0,5.3142853,25.151335
2026-04-03 08:00:00+02:00,2.5140002,2.8799999,4.68,44.0,0.0,32700.0,4.57969,24.8586
2026-04-03 09:00:00+02:00,3.5140002,3.8268526,7.5599995,4.0,0.0,30440.0,5.709857,30.108244
2026-04-03 10:00:00+02:00,5.7139997,4.8965297,11.5199995,0.0,0.0,35820.0,7.205189,30.420122
2026-04-03 11:00:00+02:00,7.364,7.10031,16.199999,0.0,0.0,40140.0,10.870049,27.317396
2026-04-03 12:00:00+02:00,8.714001,9.255571,20.16,0.0,0.0,40540.0,14.482251,21.944693
2026-04-03 13:00:00+02:00,9.9140005,12.605142,26.28,41.0,0.0,39480.0,21.006556,21.112572
2026-04-03 14:00:00+02:00,11.064,13.722565,29.88,0.0,0.0,42500.0,17.795506,18.999592
2026-04-03 15:00:00+02:00,11.614,14.408997,29.88,0.0,0.0,42640.0,19.931175,22.889902
2026-04-03 16:00:00+02:00,11.964001,15.111424,30.960001,0.0,0.0,42760.0,21.359468,25.326874
2026-04-03 17:00:00+02:00,12.314,15.192682,30.960001,3.0,0.0,42740.0,21.27667,29.487658
2026-04-03 18:00:00+02:00,11.9140005,15.4800005,30.960001,0.0,0.0,42660.0,23.28068,30.822723
2026-04-03 19:00:00+02:00,11.1640005,13.358861,29.88,0.0,0.0,42220.0,21.878162,31.81905
2026-04-03 20:00:00+02:00,10.214001,9.693296,24.48,0.0,0.0,41680.0,22.347704,36.085506
2026-04-03 21:00:00+02:00,9.364,9.793059,23.759998,0.0,0.0,41160.0,29.735704,38.226624
2026-04-03 22:00:00+02:00,8.514,6.9247384,22.319998,0.0,0.0,40940.0,32.44416,37.262062
2026-04-03 23:00:00+02:00,8.314,10.296251,18.0,20.0,0.0,39120.0,41.688107,34.697605
2026-04-04 00:00:00+02:00,7.914,8.217153,21.599998,80.0,0.0,38780.0,42.271812,32.89655
2026-04-04 01:00:00+02:00,7.5639997,8.209263,20.880001,47.0,0.0,38800.0,41.470856,29.565943
2026-04-04 02:00:00+02:00,8.014,9.83268,20.880001,54.0,0.0,40180.0,39.184574,28.423246
2026-04-04 03:00:00+02:00,7.614,10.799999,24.119999,56.0,0.0,38920.0,43.444366,32.400948
2026-04-04 04:00:00+02:00,7.764,13.18308,30.239998,74.0,0.0,39160.0,44.695408,29.896374
2026-04-04 05:00:00+02:00,7.7139997,13.5515,32.760002,100.0,0.0,38840.0,41.470856,24.61721
2026-04-04 06:00:00+02:00,7.664,12.496719,30.599998,100.0,0.0,38000.0,41.128944,21.402544
2026-04-04 07:00:00+02:00,7.5639997,12.768586,29.16,100.0,0.1,37160.0,36.64319,27.338541
2026-04-04 08:00:00+02:00,7.7139997,9.686609,28.08,93.0,0.1,25820.0,24.0485,28.102917
2026-04-04 09:00:00+02:00,7.8139997,10.883676,24.48,72.0,0.5,37660.0,24.497644,32.186214
2026-04-04 10:00:00+02:00,8.064,10.829959,24.119999,97.0,0.0,37940.0,24.76322,21.085184
2026-04-04 11:00:00+02:00,9.514,12.413476,25.56,77.0,0.0,39120.0,23.922964,24.46021
2026-04-04 12:00:00+02:00,10.814,11.435313,24.48,65.0,0.0,39260.0,21.763966,29.179018
2026-04-04 13:00:00+02:00,12.814,10.365251,21.96,17.0,0.0,40180.0,21.783041,27.204338
2026-04-04 14:00:00+02:00,14.114,9.47012,22.319998,0.0,0.0,40320.0,24.53999,24.341797
2026-04-04 15:00:00+02:00,15.014,11.165805,24.119999,2.0,0.0,40520.0,23.101591,15.329903
2026-04-04 16:00:00+02:00,15.564,9.007196,22.68,2.0,0.0,40940.0,22.78481,13.370063
2026-04-04 17:00:00+02:00,15.814,5.0142193,19.44,0.0,0.0,41480.0,11.618018,14.714402
2026-04-04 18:00:00+02:00,15.614,4.5536795,12.24,0.0,0.0,41380.0,15.065567,12.735487
2026-04-04 19:00:00+02:00,14.764,4.39436,11.159999,0.0,0.0,40580.0,17.772152,13.879042
2026-04-04 20:00:00+02:00,12.964001,4.379589,8.64,0.0,0.0,36740.0,17.177994,14.153901
2026-04-04 21:00:00+02:00,11.6640005,5.00128,12.599999,0.0,0.0,38120.0,20.632523,19.725824
2026-04-04 22:00:00+02:00,11.114,6.1094027,13.679999,0.0,0.0,39200.0,21.026318,20.016638
2026-04-04 23:00:00+02:00,10.6640005,5.3517847,14.4,0.0,0.0,37660.0,20.587181,21.24899
2026-04-05 00:00:00+02:00,10.464001,5.771239,13.679999,0.0,0.0,37880.0,23.289597,23.98305
2026-04-05 01:00:00+02:00,10.464001,6.162207,12.959999,0.0,0.0,38520.0,27.356956,28.793577
2026-04-05 02:00:00+02:00,9.714001,6.2145634,14.759999,0.0,0.0,36700.0,32.816452,31.752386
2026-04-05 03:00:00+02:00,9.614,6.9247384,17.28,0.0,0.0,37060.0,38.54339,34.188675
2026-04-05 04:00:00+02:00,9.814,5.904439,17.64,0.0,0.0,39020.0,42.24478,36.133522
2026-04-05 05:00:00+02:00,9.314,6.696387,20.519999,0.0,0.0,38320.0,41.295227,41.0829
2026-04-05 06:00:00+02:00,9.314,5.6233797,18.359999,0.0,0.0,38340.0,42.01311,45.968758
2026-04-05 07:00:00+02:00,9.364,4.510787,15.119999,0.0,0.0,38220.0,43.63514,47.172413
2026-04-05 08:00:00+02:00,9.964001,8.39657,25.56,0.0,0.0,36440.0,53.65617,53.738964
2026-04-05 09:00:00+02:00,11.464001,8.225035,23.759998,0.0,0.0,38620.0,53.03724,57.31893
2026-04-05 10:00:00+02:00,13.314,10.144082,25.56,0.0,0.0,40280.0,53.176056,59.90861
2026-04-05 11:00:00+02:00,15.014,13.527572,28.8,0.0,0.0,40980.0,54.04372,56.126953
2026-04-05 12:00:00+02:00,17.064001,14.689589,28.8,0.0,0.0,41360.0,54.62465,52.052883
2026-04-05 13:00:00+02:00,18.964,21.897945,42.48,0.0,0.0,43400.0,55.336605,50.44416
2026-04-05 14:00:00+02:00,19.814001,25.223133,47.88,0.0,0.0,43460.0,57.929005,51.18338
2026-04-05 15:00:00+02:00,20.314001,23.023119,50.399998,0.0,0.0,42780.0,42.79179,54.99324
2026-04-05 16:00:00+02:00,20.414,24.693481,48.6,0.0,0.0,42860.0,47.078068,54.571293
2026-04-05 17:00:00+02:00,20.464,21.67487,48.6,0.0,0.0,42380.0,39.593155,60.535538
2026-04-05 18:00:00+02:00,19.914,20.570463,40.68,0.0,0.0,42180.0,45.89655,55.43978
2026-04-05 19:00:00+02:00,18.164,9.178235,38.519997,0.0,0.0,42280.0,43.34866,60.881393
2026-04-05 20:00:00+02:00,15.864,6.8399997,21.24,13.0,0.0,39420.0,51.83932,63.42282
2026-04-05 21:00:00+02:00,14.964001,4.0249224,16.56,30.0,0.0,38540.0,39.70576,61.124542
2026-04-05 22:00:00+02:00,14.064,4.802999,18.72,0.0,0.0,38320.0,26.746689,68.06393
2026-04-05 23:00:00+02:00,13.314,10.703569,22.68,62.0,0.0,40540.0,26.292524,62.174397
2026-04-06 00:00:00+02:00,12.564,6.4096174,28.44,25.0,0.0,39140.0,28.549284,67.59535
2026-04-06 01:00:00+02:00,11.464001,6.297428,31.319998,79.0,0.1,34480.0,31.057625,68.34635
2026-04-06 02:00:00+02:00,10.864,4.68,20.519999,48.0,1.6,27880.0,24.497644,69.12264
2026-04-06 03:00:00+02:00,10.314,2.8116899,5.7599998,44.0,0.0,29080.0,21.996489,68.456184
2026-04-06 04:00:00+02:00,9.964001,4.73506,7.92,29.0,0.0,26940.0,21.398321,65.80481
2026-04-06 05:00:00+02:00,9.364,4.3349743,17.28,52.0,0.0,38840.0,26.241138,64.0785
2026-04-06 06:00:00+02:00,8.814,2.8799999,10.799999,58.0,0.0,38680.0,23.101591,63.979218
2026-04-06 07:00:00+02:00,8.814,4.1046314,8.28,45.0,0.0,38800.0,22.509731,62.443348
2026-04-06 08:00:00+02:00,8.064,4.802999,16.919998,48.0,0.0,29180.0,15.148044,58.50638
2026-04-06 09:00:00+02:00,9.4140005,0.8049845,11.5199995,15.0,0.0,29080.0,19.31206,52.17117
2026-04-06 10:00:00+02:00,11.264,2.2768397,9.0,0.0,0.0,34700.0,28.603785,44.138847
2026-04-06 11:00:00+02:00,12.9140005,2.9024127,9.36,0.0,0.0,37680.0,30.839556,37.324043
2026-04-06 12:00:00+02:00,14.614,3.319036,9.72,0.0,0.0,38800.0,33.492893,34.813995
2026-04-06 13:00:00+02:00,16.264,6.792466,15.84,4.0,0.0,39800.0,29.143185,35.682907
2026-04-06 14:00:00+02:00,17.164,6.0347,15.4800005,14.0,0.0,40120.0,32.5113,28.068626
2026-04-06 15:00:00+02:00,17.514,5.6920996,15.4800005,10.0,0.0,40700.0,24.156197,29.844782
2026-04-06 16:00:00+02:00,16.864,9.227524,19.44,0.0,0.0,39600.0,13.340306,34.957558
2026-04-06 17:00:00+02:00,17.014,6.830519,20.16,2.0,0.0,40340.0,13.456546,31.040686
2026-04-06 18:00:00+02:00,16.664,6.763786,14.759999,0.0,0.0,40480.0,10.189676,32.990105
2026-04-06 19:00:00+02:00,16.164,4.8433046,15.84,0.0,0.0,40620.0,7.7602262,31.806936
2026-04-06 20:00:00+02:00,15.014,2.0364676,8.64,0.0,0.0,39800.0,14.067659,29.857687
2026-04-06 21:00:00+02:00,13.9140005,2.0364676,2.8799999,0.0,0.0,39220.0,16.512308,29.507248
2026-04-06 22:00:00+02:00,13.214001,1.484318,3.6,0.0,0.0,39020.0,22.629341,27.792759
2026-04-06 23:00:00+02:00,12.6640005,3.8773184,5.3999996,0.0,0.0,39160.0,19.600233,29.297602
2026-04-07 00:00:00+02:00,12.064,3.4152596,9.36,0.0,0.0,38420.0,18.465538,26.9768
2026-04-07 01:00:00+02:00,11.514,3.096837,6.12,0.0,0.0,37740.0,17.292456,25.357279
2026-04-07 02:00:00+02:00,9.864,2.1897945,3.96,0.0,0.0,34960.0,16.430359,23.3729
2026-04-07 03:00:00+02:00,9.714001,1.0182338,1.8,0.0,0.0,36860.0,19.46735,24.491692
2026-04-07 04:00:00+02:00,9.764,3.9763298,7.2,0.0,0.0,32780.0,23.696201,24.103226
2026-04-07 05:00:00+02:00,8.814,3.2599385,7.5599995,0.0,0.0,25640.0,25.075714,23.17426
2026-04-07 06:00:00+02:00,8.614,2.5455842,7.5599995,0.0,0.0,29580.0,26.85903,24.897316
2026-04-07 07:00:00+02:00,8.4140005,2.6208394,5.3999996,0.0,0.0,29560.0,27.189447,23.878408
2026-04-07 08:00:00+02:00,8.114,4.39436,7.92,0.0,0.0,14640.0,28.168512,21.185438
2026-04-07 09:00:00+02:00,10.1640005,1.2979984,9.0,0.0,0.0,14940.0,24.259136,21.944693
2026-04-07 10:00:00+02:00,13.264,2.0364676,8.28,0.0,0.0,29960.0,20.071335,21.230852
2026-04-07 11:00:00+02:00,15.214001,6.12,9.36,0.0,0.0,36660.0,21.653961,17.773846
2026-04-07 12:00:00+02:00,17.014,8.4042845,17.64,0.0,0.0,40760.0,19.85288,16.77011
2026-04-07 13:00:00+02:00,18.314001,9.0,19.08,0.0,0.0,40900.0,16.027294,16.386677
2026-04-07 14:00:00+02:00,19.314001,8.759178,18.72,0.0,0.0,41340.0,18.77225,14.648801
2026-04-07 15:00:00+02:00,20.264,9.504273,19.8,0.0,0.0,42660.0,17.412127,14.153901
2026-04-07 16:00:00+02:00,20.514,7.928177,19.44,0.0,0.0,44220.0,10.189676,13.612786
2026-04-07 17:00:00+02:00,20.864,4.896529,16.199999,0.0,0.0,47120.0,5.195736,15.89741
2026-04-07 18:00:00+02:00,20.314001,5.1165614,10.799999,0.0,0.0,44180.0,2.453999,17.577684
2026-04-07 19:00:00+02:00,19.214,5.506941,10.440001,0.0,0.0,41400.0,3.2222586,17.390388
2026-04-07 20:00:00+02:00,17.664,2.5455842,10.440001,0.0,0.0,41580.0,4.57969,19.725824
2026-04-07 21:00:00+02:00,15.864,4.452954,7.92,0.0,0.0,42140.0,6.330734,19.430658
2026-04-07 22:00:00+02:00,15.614,5.634891,10.440001,0.0,0.0,44800.0,2.9178793,18.339252
2026-04-07 23:00:00+02:00,13.464001,5.154415,10.440001,0.0,0.0,42600.0,2.577807,20.864775
2026-04-08 00:00:00+02:00,12.514,6.151683,14.04,0.0,0.0,41600.0,4.844117,18.672342
2026-04-08 01:00:00+02:00,11.764,7.628263,18.0,0.0,0.0,40800.0,6.330734,13.268828
2026-04-08 02:00:00+02:00,10.364,5.0528407,16.56,0.0,0.0,38200.0,7.418196,13.781546
2026-04-08 03:00:00+02:00,9.6640005,4.3349743,6.8399997,0.0,0.0,35960.0,6.1307654,11.103232
2026-04-08 04:00:00+02:00,8.864,5.3517847,6.4799995,0.0,0.0,33240.0,7.20519,8.442291
2026-04-08 05:00:00+02:00,7.664,3.319036,6.12,0.0,0.0,27920.0,4.757608,7.5764823
2026-04-08 06:00:00+02:00,7.014,3.7585104,4.68,0.0,0.0,23500.0,3.757767,6.7137847
2026-04-08 07:00:00+02:00,7.014,4.2136917,5.3999996,0.0,0.0,28800.0,2.278481,10.4046545
2026-04-08 08:00:00+02:00,7.114,2.4149535,5.7599998,0.0,0.0,28440.0,1.8788835,18.096056
2026-04-08 09:00:00+02:00,9.814,4.6800003,8.28,0.0,0.0,31600.0,3.67394,21.066906
2026-04-08 10:00:00+02:00,12.014,3.7585104,10.440001,0.0,0.0,35800.0,4.488087,22.490902
2026-04-08 11:00:00+02:00,14.564,4.0249224,13.679999,0.0,0.0,39480.0,4.757608,23.846117
2026-04-08 12:00:00+02:00,16.064,6.6185193,12.24,0.0,0.0,40160.0,4.323114,20.141356
2026-04-08 13:00:00+02:00,17.314001,8.089993,9.36,0.0,0.0,40600.0,4.1265044,17.167427
2026-04-08 14:00:00+02:00,18.214,8.4963045,13.32,0.0,0.0,40960.0,7.543114,17.390388
2026-04-08 15:00:00+02:00,19.114,10.009036,15.119999,0.0,0.0,41020.0,9.227144,18.096056
2026-04-08 16:00:00+02:00,19.564001,10.195057,14.04,0.0,0.0,41060.0,6.835443,20.41682
2026-04-08 17:00:00+02:00,19.964,9.422101,17.64,0.0,0.0,41900.0,6.444517,19.490047
2026-04-08 18:00:00+02:00,19.664,7.928177,13.32,0.0,0.0,42240.0,4.844117,19.900824
2026-04-08 19:00:00+02:00,18.864,7.386582,13.679999,0.0,0.0,41760.0,3.9200466,20.103062
2026-04-08 20:00:00+02:00,17.114,5.3517847,13.32,0.0,0.0,41360.0,4.511162,20.52034
2026-04-08 21:00:00+02:00,15.6640005,6.297428,13.679999,0.0,0.0,41420.0,4.201311,18.010698
2026-04-08 22:00:00+02:00,14.9140005,5.154415,13.32,0.0,0.0,41700.0,5.487309,16.292364
2026-04-08 23:00:00+02:00,13.6640005,5.634891,11.5199995,0.0,0.0,41420.0,6.9559,11.987508
2026-04-09 00:00:00+02:00,12.064,5.3517847,11.159999,0.0,0.0,40740.0,6.1138062,8.068965
2026-04-09 01:00:00+02:00,11.264,3.8773184,8.28,0.0,0.0,40440.0,5.941551,5.5862064
2026-04-09 02:00:00+02:00,9.864,5.0528407,7.92,0.0,0.0,39200.0,4.201311,7.022301
2026-04-09 03:00:00+02:00,9.514,4.3349743,6.4799995,0.0,0.0,38940.0,3.4704785,11.711148
2026-04-09 04:00:00+02:00,10.014,1.4399999,5.04,0.0,0.0,39900.0,5.487309,16.398428
2026-04-09 05:00:00+02:00,9.1640005,5.3999996,9.0,0.0,0.0,39240.0,9.394418,21.103449
2026-04-09 06:00:00+02:00,9.314,3.96,10.799999,0.0,0.0,38220.0,16.00136,23.635157
2026-04-09 07:00:00+02:00,9.314,1.5273507,6.8399997,0.0,0.0,38080.0,21.911358,25.020798
2026-04-09 08:00:00+02:00,9.064,5.0142193,6.4799995,0.0,0.0,36160.0,17.014015,21.96224
2026-04-09 09:00:00+02:00,11.014,3.396233,9.72,0.0,0.0,36860.0,21.070715,22.490902
2026-04-09 10:00:00+02:00,13.814,3.5455887,12.599999,0.0,0.0,38780.0,23.329687,21.357496
2026-04-09 11:00:00+02:00,15.764,6.849467,14.4,0.0,0.0,39820.0,25.6205,19.49005
2026-04-09 12:00:00+02:00,17.264,9.0645685,19.44,0.0,0.0,40680.0,21.591537,19.49005
2026-04-09 13:00:00+02:00,18.864,8.473393,18.72,0.0,0.0,41700.0,16.265226,20.632679
2026-04-09 14:00:00+02:00,19.814001,10.041354,23.039999,0.0,0.0,43120.0,15.600524,20.208189
2026-04-09 15:00:00+02:00,20.414,10.636766,21.96,0.0,0.0,43020.0,17.340422,18.999592
2026-04-09 16:00:00+02:00,20.614,13.202726,25.919998,0.0,0.0,43100.0,17.1538,22.041039
2026-04-09 17:00:00+02:00,20.914,9.449572,25.56,0.0,0.0,44460.0,13.402427,20.557856
2026-04-09 18:00:00+02:00,20.514,10.028439,19.8,0.0,0.0,44200.0,12.537857,20.217718
2026-04-09 19:00:00+02:00,19.414,12.074766,22.68,0.0,0.0,45400.0,12.379514,17.914183
2026-04-09 20:00:00+02:00,17.814001,7.289444,21.599998,0.0,0.0,47760.0,16.053188,23.789505
2026-04-09 21:00:00+02:00,15.814,6.2145634,15.4800005,33.0,0.0,43060.0,14.723995,24.710932
2026-04-09 22:00:00+02:00,15.564,4.072935,14.04,14.0,0.0,42340.0,20.179676,30.312284
2026-04-09 23:00:00+02:00,14.064,4.6938252,11.159999,17.0,0.0,41240.0,22.666018,33.106678
2026-04-10 00:00:00+02:00,13.964001,4.829907,12.599999,18.0,0.0,42120.0,22.04835,36.751953
2026-04-10 01:00:00+02:00,13.6640005,5.3517847,14.759999,38.0,0.0,42080.0,25.025978,34.205574
2026-04-10 02:00:00+02:00,12.264,6.638072,18.72,0.0,0.0,40620.0,18.027378,30.816475
2026-04-10 03:00:00+02:00,11.764,7.771331,19.8,0.0,0.0,40240.0,30.586008,30.024958
2026-04-10 04:00:00+02:00,11.364,8.217153,23.039999,0.0,0.0,39980.0,33.293903,35.25386
2026-04-10 05:00:00+02:00,10.964001,7.968939,24.84,0.0,0.0,39620.0,30.653826,29.487658
2026-04-10 06:00:00+02:00,10.9140005,7.754637,22.319998,0.0,0.0,39080.0,27.976185,33.59187
2026-04-10 07:00:00+02:00,11.6640005,7.5942082,20.16,32.0,0.0,40540.0,21.878162,49.75206
2026-04-10 08:00:00+02:00,11.764,3.4152596,20.880001,18.0,0.0,39960.0,20.991722,50.794262
2026-04-10 09:00:00+02:00,13.014,4.73506,14.04,28.0,0.0,40700.0,30.859755,48.03432
2026-04-10 10:00:00+02:00,14.4140005,10.1376915,19.8,18.0,0.0,40520.0,38.519135,46.72107
2026-04-10 11:00:00+02:00,13.6640005,12.72283,33.48,24.0,0.0,40300.0,38.7449,46.980095
2026-04-10 12:00:00+02:00,13.564,8.534353,28.08,78.0,0.0,40040.0,35.233303,48.09844
2026-04-10 13:00:00+02:00,15.264,9.0,20.880001,21.0,0.0,38520.0,25.327036,47.147903
2026-04-10 14:00:00+02:00,13.6640005,6.638072,18.72,74.0,0.0,35100.0,19.742744,51.021294
2026-04-10 15:00:00+02:00,14.1640005,5.6920996,18.0,34.0,0.0,33440.0,19.030432,48.576645
2026-04-10 16:00:00+02:00,14.714001,1.2979984,12.24,43.0,0.0,35940.0,12.438086,49.06982
2026-04-10 17:00:00+02:00,12.364,6.638072,7.2,71.0,0.0,19540.0,16.430359,52.19701
2026-04-10 18:00:00+02:00,12.6640005,4.2136917,20.16,54.0,0.1,25420.0,22.440435,52.141624
2026-04-10 19:00:00+02:00,12.714001,4.2136917,9.72,66.0,0.0,27360.0,9.65603,56.205837
2026-04-10 20:00:00+02:00,11.764,3.671294,10.440001,43.0,0.0,23400.0,6.895935,53.194946
2026-04-10 21:00:00+02:00,11.214001,4.0249224,10.799999,38.0,0.0,28460.0,8.062088,47.57901
2026-04-10 22:00:00+02:00,10.714001,4.1046314,9.0,23.0,0.0,29340.0,14.539494,49.693947
2026-04-10 23:00:00+02:00,10.1640005,3.4152596,9.36,0.0,0.0,29480.0,17.975468,47.473625
2026-04-11 00:00:00+02:00,9.814,2.9024127,7.92,0.0,0.0,29500.0,26.098305,43.092133
2026-04-11 01:00:00+02:00,9.364,1.8,5.04,0.0,0.0,28660.0,30.21716,40.578102
2026-04-11 02:00:00+02:00,8.864,2.1897945,3.6,0.0,0.0,28680.0,29.121803,44.728428
2026-04-11 03:00:00+02:00,8.714001,2.4149535,7.5599995,0.0,0.0,26720.0,30.99069,45.968758
2026-04-11 04:00:00+02:00,8.564,2.3051248,6.12,0.0,0.0,23860.0,35.31278,47.82936
2026-04-11 05:00:00+02:00,8.064,5.4833565,7.92,0.0,0.0,24360.0,35.884445,50.371555
2026-04-11 06:00:00+02:00,8.114,5.315336,12.599999,0.0,0.0,23760.0,36.620514,48.449585
2026-04-11 07:00:00+02:00,8.364,2.7416782,12.24,0.0,0.0,26340.0,34.731705,43.731094
2026-04-11 08:00:00+02:00,7.9639997,4.072935,8.28,0.0,0.0,20540.0,35.46827,43.04741
2026-04-11 09:00:00+02:00,9.714001,3.0758414,9.36,0.0,0.0,20240.0,31.310675,38.80179
2026-04-11 10:00:00+02:00,12.314,1.8,9.36,0.0,0.0,29540.0,31.310675,35.029118
2026-04-11 11:00:00+02:00,14.1640005,4.0249224,8.28,0.0,0.0,34420.0,29.798489,31.679502
2026-04-11 12:00:00+02:00,16.064,4.0249224,11.879999,0.0,0.0,40180.0,28.737778,32.919964
2026-04-11 13:00:00+02:00,17.664,1.1384199,10.08,0.0,0.0,40740.0,29.620253,35.55311
2026-04-11 14:00:00+02:00,19.014,3.4152596,8.28,4.0,0.0,40580.0,23.489357,31.752386
2026-04-11 15:00:00+02:00,19.764,3.5455887,9.36,0.0,0.0,40280.0,28.964502,35.111507
2026-04-11 16:00:00+02:00,20.214,3.96,10.08,0.0,0.0,40860.0,41.565887,41.026596
2026-04-11 17:00:00+02:00,20.064001,9.0,10.440001,0.0,0.0,42020.0,39.001312,35.160847
2026-04-11 18:00:00+02:00,17.464,16.62249,40.68,2.0,0.0,40140.0,47.656757,45.81766
2026-04-11 19:00:00+02:00,15.864,9.19939,29.519999,0.0,0.0,38580.0,25.97868,38.20646
2026-04-11 20:00:00+02:00,14.564,9.793058,19.44,0.0,0.0,37360.0,20.241323,54.68413
2026-04-11 21:00:00+02:00,13.514,5.937272,16.56,0.0,0.0,34520.0,18.21075,47.893757
2026-04-11 22:00:00+02:00,13.364,6.5693827,13.32,0.0,0.0,37940.0,17.441916,45.07164
2026-04-11 23:00:00+02:00,13.314,4.6800003,15.119999,0.0,0.0,38740.0,10.955679,53.252853
2026-04-12 00:00:00+02:00,12.514,14.336861,30.599998,0.0,0.0,28600.0,12.0307255,48.719193
2026-04-12 01:00:00+02:00,12.114,13.551501,32.039997,41.0,0.0,19460.0,16.22688,41.752625
2026-04-12 02:00:00+02:00,11.9140005,11.525623,25.199999,67.0,0.0,16540.0,23.351927,39.260765
2026-04-12 03:00:00+02:00,11.514,8.435069,22.68,100.0,0.2,26720.0,16.63135,36.64172
2026-04-12 04:00:00+02:00,10.9140005,8.669949,20.16,100.0,0.1,23020.0,15.044876,34.636482
2026-04-12 05:00:00+02:00,9.814,15.281989,24.48,91.0,2.3,20020.0,25.946686,27.401884
2026-04-12 06:00:00+02:00,9.1640005,7.42159,27.359999,100.0,0.3,19580.0,23.914282,32.042255
2026-04-12 07:00:00+02:00,8.564,8.759178,17.28,100.0,0.1,18900.0,15.419778,35.73146
2026-04-12 08:00:00+02:00,8.364,10.390226,16.199999,100.0,0.1,660.0,3.2222586,35.078575
2026-04-12 09:00:00+02:00,8.364,10.464798,19.8,100.0,0.0,2860.0,5.7641516,39.083736
2026-04-12 10:00:00+02:00,8.064,11.165805,20.880001,100.0,0.0,16040.0,5.012658,38.905903
2026-04-12 11:00:00+02:00,8.1640005,9.72,20.519999,100.0,0.0,19820.0,7.7602262,35.466312
2026-04-12 12:00:00+02:00,8.314,10.703569,19.8,100.0,0.0,17700.0,11.830561,34.513916
2026-04-12 13:00:00+02:00,8.464001,14.934577,27.72,100.0,0.0,22180.0,16.755745,32.90241
2026-04-12 14:00:00+02:00,8.4140005,14.264361,28.44,100.0,0.0,17980.0,14.759212,29.565943
2026-04-12 15:00:00+02:00,8.064,12.9249525,24.119999,100.0,0.0,9600.0,17.12957,27.493116
2026-04-12 16:00:00+02:00,7.614,15.725037,29.16,100.0,0.0,18900.0,14.1559515,21.830282
2026-04-12 17:00:00+02:00,6.914,15.827721,30.960001,100.0,0.0,1380.0,17.316454,19.271389
2026-04-12 18:00:00+02:00,6.4639997,16.24394,28.8,100.0,0.0,900.0,15.57388,24.843096
2026-04-12 19:00:00+02:00,6.0639997,17.533146,32.399998,100.0,0.0,1020.0,10.401459,22.180428
2026-04-12 20:00:00+02:00,5.614,15.379206,32.039997,100.0,0.0,560.0,8.598059,24.206896
2026-04-12 21:00:00+02:00,5.664,13.049689,28.8,100.0,0.0,760.0,9.612922,24.214851
2026-04-12 22:00:00+02:00,5.764,13.570615,27.72,100.0,0.0,960.0,7.291139,15.355014
2026-04-12 23:00:00+02:00,5.864,13.0447235,27.72,100.0,0.0,1720.0,11.883102,13.0492525
2026-04-13 00:00:00+02:00,5.664,11.966953,24.119999,100.0,0.0,1080.0,5.993747,25.5691
2026-04-13 01:00:00+02:00,5.7139997,11.592895,24.119999,100.0,0.0,1280.0,6.940957,36.08551
2026-04-13 02:00:00+02:00,5.764,7.24486,25.56,93.0,0.0,2960.0,6.330734,41.007812
2026-04-13 03:00:00+02:00,5.5639997,6.28713,15.4800005,90.0,0.0,1200.0,4.556962,44.108284
2026-04-13 04:00:00+02:00,5.514,6.87779,15.119999,91.0,0.0,800.0,3.3175182,42.83208
2026-04-13 05:00:00+02:00,5.664,4.1046314,15.119999,100.0,0.0,740.0,6.198138,41.0829
2026-04-13 06:00:00+02:00,5.764,6.5693827,13.32,97.0,0.0,1220.0,4.556962,42.370876
2026-04-13 07:00:00+02:00,5.614,5.771239,13.679999,95.0,0.0,1000.0,2.3236039,45.91845
2026-04-13 08:00:00+02:00,5.614,5.0142193,13.679999,98.0,0.0,540.0,3.5591009,30.922554
2026-04-13 09:00:00+02:00,5.9639997,6.130579,13.679999,100.0,0.0,900.0,2.0379353,28.484177
2026-04-13 10:00:00+02:00,6.364,8.350138,17.28,100.0,0.0,1960.0,1.0189676,29.591993
2026-04-13 11:00:00+02:00,6.264,6.849467,16.919998,100.0,0.0,300.0,1.643036,33.54022
2026-04-13 12:00:00+02:00,7.114,5.692099,11.879999,99.0,0.0,21500.0,3.67394,32.919964
2026-04-13 13:00:00+02:00,7.9639997,7.10031,14.4,100.0,0.0,23560.0,5.993747,32.89655
2026-04-13 14:00:00+02:00,7.764,6.6087217,14.759999,100.0,0.0,21420.0,5.3142853,29.702448
2026-04-13 15:00:00+02:00,7.864,7.10031,13.679999,100.0,0.0,19420.0,6.3797464,34.896893
2026-04-13 16:00:00+02:00,7.864,8.891343,16.56,100.0,0.0,22640.0,5.7641516,35.111507
2026-04-13 17:00:00+02:00,7.514,8.587338,20.16,100.0,0.0,18600.0,3.0569031,28.558468
2026-04-13 18:00:00+02:00,6.514,10.233123,19.8,100.0,0.0,5340.0,5.0333285,21.759575
2026-04-13 19:00:00+02:00,6.2139997,9.726664,20.16,100.0,0.3,17320.0,5.094838,22.559313
2026-04-13 20:00:00+02:00,6.164,8.373386,18.359999,100.0,0.2,5060.0,4.1265044,17.423588
2026-04-13 21:00:00+02:00,6.014,7.7043357,15.4800005,94.0,0.4,13780.0,6.7744107,14.329733
2026-04-13 22:00:00+02:00,5.664,6.3690495,15.4800005,85.0,0.4,18740.0,12.312233,12.659634
2026-04-13 23:00:00+02:00,5.5639997,6.830519,14.759999,92.0,0.4,7000.0,16.053188,12.226168
2026-04-14 00:00:00+02:00,5.414,7.42159,15.119999,87.0,0.4,14180.0,17.316454,15.012479
2026-04-14 01:00:00+02:00,5.164,5.95906,16.919998,80.0,0.3,22500.0,15.372571,17.390388
2026-04-14 02:00:00+02:00,4.9639997,5.0142193,14.04,86.0,0.1,19340.0,12.603934,18.381218
2026-04-14 03:00:00+02:00,4.8139997,2.7416782,12.599999,86.0,0.0,17360.0,11.644798,15.266946
2026-04-14 04:00:00+02:00,4.8139997,3.096837,7.5599995,79.0,0.0,17000.0,10.802979,11.939204
2026-04-14 05:00:00+02:00,4.8139997,1.8,9.0,94.0,0.0,14840.0,5.941551,9.331011
2026-04-14 06:00:00+02:00,4.764,3.0547013,6.8399997,96.0,0.0,14020.0,3.1898732,7.8511715
2026-04-14 07:00:00+02:00,4.664,2.968636,7.5599995,95.0,0.0,5660.0,1.3670886,5.855574
2026-04-14 08:00:00+02:00,4.664,5.5887027,10.08,88.0,0.0,1300.0,2.7718916,10.714764
2026-04-14 09:00:00+02:00,5.0639997,6.4799995,14.04,100.0,0.0,1820.0,2.9178793,11.545494
2026-04-14 10:00:00+02:00,5.614,7.10031,14.4,100.0,0.0,3660.0,5.941551,13.612786
2026-04-14 11:00:00+02:00,6.3139997,6.638072,14.759999,100.0,0.0,14720.0,10.831774,13.196042
2026-04-14 12:00:00+02:00,7.164,7.928177,15.4800005,100.0,0.0,20900.0,8.976174,12.413793
2026-04-14 13:00:00+02:00,8.114,9.504272,18.359999,100.0,0.0,26680.0,11.618018,14.153901
2026-04-14 14:00:00+02:00,8.114,10.587917,23.759998,100.0,0.0,25500.0,13.881914,13.879042
2026-04-14 15:00:00+02:00,7.914,13.627795,25.56,100.0,0.0,23420.0,13.456546,16.13793
2026-04-14 16:00:00+02:00,8.214,10.931203,25.919998,100.0,0.0,26740.0,14.47508,16.102081
2026-04-14 17:00:00+02:00,8.314,9.511088,22.68,100.0,0.0,28740.0,12.661468,14.922391
2026-04-14 18:00:00+02:00,8.114,7.7043357,18.0,100.0,0.0,28240.0,16.335295,15.89741
2026-04-14 19:00:00+02:00,7.864,8.049845,15.119999,100.0,0.0,22440.0,14.878324,17.167427
2026-04-14 20:00:00+02:00,7.8139997,8.0899935,14.759999,100.0,0.0,18840.0,17.12957,15.824544
2026-04-14 21:00:00+02:00,7.614,8.4963045,17.64,100.0,0.0,20180.0,16.718523,15.517241
2026-04-14 22:00:00+02:00,7.364,9.693296,20.519999,93.0,0.0,17640.0,17.441916,17.566723
2026-04-14 23:00:00+02:00,7.3139997,11.200571,22.68,100.0,0.0,18820.0,18.31876,17.390388
2026-04-15 00:00:00+02:00,6.9639997,11.592894,21.24,86.0,0.0,14000.0,17.340422,17.245792
2026-04-15 01:00:00+02:00,6.5639997,12.43434,25.56,70.0,0.0,12580.0,16.63135,15.554438
2026-04-15 02:00:00+02:00,6.5639997,12.904882,27.72,97.0,0.0,2840.0,16.43036,14.529971
2026-04-15 03:00:00+02:00,6.2139997,12.522619,25.56,72.0,0.0,2200.0,10.955679,13.948265
2026-04-15 04:00:00+02:00,5.9639997,11.269782,26.28,69.0,0.0,2120.0,10.569795,12.413793
2026-04-15 05:00:00+02:00,6.114,9.178235,22.68,85.0,0.0,2040.0,13.678478,11.189642
2026-04-15 06:00:00+02:00,6.014,7.8625183,18.359999,95.0,0.0,1560.0,12.792001,7.777219
2026-04-15 07:00:00+02:00,6.0639997,8.891344,18.0,98.0,0.0,560.0,12.379514,6.2068963
2026-04-15 08:00:00+02:00,6.114,7.771331,18.0,94.0,0.0,600.0,15.600524,7.900089
2026-04-15 09:00:00+02:00,6.514,7.5685663,16.919998,97.0,0.0,1460.0,13.678478,7.777219
2026-04-15 10:00:00+02:00,7.164,7.8954163,15.4800005,100.0,0.0,12500.0,11.401515,7.8511715
2026-04-15 11:00:00+02:00,7.914,5.8603754,14.04,100.0,0.0,20060.0,11.087566,4.8477407
2026-04-15 12:00:00+02:00,8.814,4.3349743,10.799999,100.0,0.0,25500.0,7.78694,1.7555753
2026-04-15 13:00:00+02:00,10.014,5.8048253,12.24,100.0,0.0,31920.0,2.453999,2.5591688
2026-04-15 14:00:00+02:00,9.814,3.9763298,12.24,100.0,0.0,31020.0,2.278481,6.2378535
2026-04-15 15:00:00+02:00,10.364,1.484318,8.28,100.0,0.0,33500.0,2.278481,8.777877
2026-04-15 16:00:00+02:00,10.864,5.771239,11.879999,78.0,0.0,34080.0,6.835443,12.659634
2026-04-15 17:00:00+02:00,10.864,1.609969,11.879999,83.0,0.0,33980.0,15.09311,13.556066
2026-04-15 18:00:00+02:00,11.264,4.32,8.64,60.0,0.0,36900.0,17.748766,15.517241
2026-04-15 19:00:00+02:00,10.864,3.319036,9.36,72.0,0.0,34440.0,23.002504,17.043554
2026-04-15 20:00:00+02:00,10.1640005,3.5455887,6.8399997,61.0,0.0,32640.0,25.88258,21.997295
2026-04-15 21:00:00+02:00,8.9140005,1.4399999,7.2,39.0,0.0,27060.0,25.652903,23.3729
2026-04-15 22:00:00+02:00,8.4140005,2.4149535,5.7599998,0.0,0.0,30640.0,18.250618,24.897316
2026-04-15 23:00:00+02:00,7.9639997,3.7064266,7.92,0.0,0.0,23340.0,20.782944,26.537657
2026-04-16 00:00:00+02:00,7.414,3.8268526,10.08,0.0,0.0,18220.0,16.909952,30.024958
2026-04-16 01:00:00+02:00,7.514,2.6208394,8.64,0.0,0.0,22640.0,11.961482,27.317396
2026-04-16 02:00:00+02:00,7.414,2.9024127,9.0,61.0,0.0,25520.0,8.21518,23.635157
2026-04-16 03:00:00+02:00,7.764,2.5959969,6.12,89.0,0.0,28780.0,13.049152,20.548483
2026-04-16 04:00:00+02:00,7.864,1.9386592,5.3999996,68.0,0.0,28440.0,18.904528,21.185438
2026-04-16 05:00:00+02:00,7.5639997,2.8116899,7.2,87.0,0.0,21780.0,18.142204,17.21225
2026-04-16 06:00:00+02:00,7.514,3.0758414,6.12,72.0,0.0,22400.0,16.909952,16.398428
2026-04-16 07:00:00+02:00,7.5639997,1.835647,6.12,75.0,0.0,23320.0,13.594724,13.948265
2026-04-16 08:00:00+02:00,8.114,2.52,6.12,77.0,0.0,19080.0,7.7602262,15.566816
2026-04-16 09:00:00+02:00,9.514,0.71999997,4.68,60.0,0.0,18880.0,3.8667102,13.626929
2026-04-16 10:00:00+02:00,11.264,3.0758414,6.12,75.0,0.0,26740.0,3.5591009,14.648801
2026-04-16 11:00:00+02:00,12.764,1.835647,5.3999996,75.0,0.0,34100.0,4.9291077,13.166815
2026-04-16 12:00:00+02:00,13.614,6.0347,7.92,60.0,0.0,37620.0,3.67394,9.655664
2026-04-16 13:00:00+02:00,14.714001,4.379589,6.8399997,65.0,0.0,40220.0,5.155614,7.5764823
2026-04-16 14:00:00+02:00,15.264,5.8048253,8.64,89.0,0.0,41080.0,5.487309,8.886923
2026-04-16 15:00:00+02:00,15.714001,6.1305785,7.5599995,85.0,0.0,41240.0,5.487309,8.711794
2026-04-16 16:00:00+02:00,16.264,5.692099,7.92,6.0,0.0,41480.0,6.330734,8.281033
2026-04-16 17:00:00+02:00,16.664,8.209263,11.159999,0.0,0.0,44000.0,8.11344,8.327425
2026-04-16 18:00:00+02:00,16.314,7.42159,14.4,29.0,0.0,43280.0,11.392405,10.678748
2026-04-16 19:00:00+02:00,15.714001,8.373386,15.119999,0.0,0.0,41620.0,9.383359,11.711148
2026-04-16 20:00:00+02:00,14.314,9.028754,14.759999,74.0,0.0,40620.0,12.269996,12.5680065
2026-04-16 21:00:00+02:00,12.9140005,6.9247384,19.08,15.0,0.0,39740.0,14.148615,14.476846
2026-04-16 22:00:00+02:00,12.564,6.618519,13.679999,0.0,0.0,40160.0,12.512989,13.655171
2026-04-16 23:00:00+02:00,11.964001,6.1305785,14.04,0.0,0.0,39220.0,11.618018,13.879042
2026-04-17 00:00:00+02:00,11.464001,3.0547013,13.679999,0.0,0.0,39800.0,10.936708,13.711481
2026-04-17 01:00:00+02:00,11.064,4.8965297,8.28,0.0,0.0,39880.0,10.9461975,13.268828
2026-04-17 02:00:00+02:00,9.214001,4.198285,8.28,0.0,0.0,33520.0,8.513107,13.948265
2026-04-17 03:00:00+02:00,8.364,3.219938,5.3999996,0.0,0.0,30000.0,7.34788,16.386677
2026-04-17 04:00:00+02:00,8.214,3.563818,5.04,0.0,0.0,30480.0,8.253009,18.45443
2026-04-17 05:00:00+02:00,7.414,3.9763298,5.04,0.0,0.0,28460.0,8.646228,19.832952
2026-04-17 06:00:00+02:00,7.2139997,3.6179552,6.12,0.0,0.0,28100.0,7.3619976,20.632679
2026-04-17 07:00:00+02:00,7.164,2.968636,5.3999996,0.0,0.0,27440.0,6.7744107,21.076046
2026-04-17 08:00:00+02:00,7.414,1.8,3.2399998,0.0,0.0,16920.0,9.837129,21.230852
2026-04-17 09:00:00+02:00,9.964001,1.08,3.6,0.0,0.0,22060.0,7.418196,21.230852
2026-04-17 10:00:00+02:00,11.964001,1.609969,4.68,0.0,0.0,28500.0,4.757608,21.230852
2026-04-17 11:00:00+02:00,13.764,3.8773184,9.36,0.0,0.0,35820.0,3.4704785,23.659594
2026-04-17 12:00:00+02:00,15.214001,2.16,10.440001,6.0,0.0,38980.0,2.0379353,19.331268
2026-04-17 13:00:00+02:00,16.264,3.219938,9.36,0.0,0.0,40080.0,3.8667102,16.149862
2026-04-17 14:00:00+02:00,16.714,3.671294,10.799999,38.0,0.0,39200.0,3.6455696,16.149862
2026-04-17 15:00:00+02:00,17.414,4.6938257,11.159999,0.0,0.0,40620.0,5.993747,16.861752
2026-04-17 16:00:00+02:00,17.564001,6.130579,12.959999,0.0,0.0,41260.0,4.488087,16.75862
2026-04-17 17:00:00+02:00,17.714,5.3999996,16.199999,0.0,0.0,41640.0,4.511162,19.251385
2026-04-17 18:00:00+02:00,17.614,6.2145634,11.879999,0.0,0.0,41520.0,5.012658,24.214851
2026-04-17 19:00:00+02:00,17.164,6.519877,12.959999,0.0,0.0,42380.0,4.201311,27.317396
2026-04-17 20:00:00+02:00,16.064,0.71999997,10.799999,0.0,0.0,41340.0,4.323114,27.931032
2026-04-17 21:00:00+02:00,14.814,2.4149535,2.52,0.0,0.0,41040.0,3.757767,24.835342
2026-04-17 22:00:00+02:00,14.264,1.484318,2.52,0.0,0.0,40360.0,1.643036,22.422277
2026-04-17 23:00:00+02:00,13.464001,2.6208394,1.4399999,0.0,0.0,39960.0,1.643036,19.949162
2026-04-18 00:00:00+02:00,12.864,2.52,3.2399998,0.0,0.0,39600.0,1.2889035,18.785477
2026-04-18 01:00:00+02:00,12.814,1.1384199,3.2399998,0.0,0.0,39460.0,1.2889035,20.567223
2026-04-18 02:00:00+02:00,11.314,0.8049845,1.08,0.0,0.0,40160.0,2.0379353,16.292364
2026-04-18 03:00:00+02:00,10.514,1.9386592,2.16,0.0,0.0,39100.0,2.3236039,17.290411
2026-04-18 04:00:00+02:00,10.214001,1.835647,1.8,0.0,0.0,38160.0,1.643036,16.292364
2026-04-18 05:00:00+02:00,9.064,0.71999997,1.4399999,0.0,0.0,36600.0,1.0189676,17.773846
2026-04-18 06:00:00+02:00,8.514,1.4399999,1.08,0.0,0.0,34740.0,3.2222586,17.290411
2026-04-18 07:00:00+02:00,8.864,3.396233,3.6,0.0,0.0,36920.0,2.453999,16.11404
2026-04-18 08:00:00+02:00,10.014,3.6,4.32,0.0,0.0,35180.0,2.3236039,17.31268
2026-04-18 09:00:00+02:00,11.964001,2.8116899,5.3999996,0.0,0.0,32180.0,1.0189676,18.8469
2026-04-18 10:00:00+02:00,14.514,3.219938,7.2,0.0,0.0,36760.0,1.3670886,18.672342
2026-04-18 11:00:00+02:00,16.014,2.0991426,8.64,0.0,0.0,39180.0,3.3175182,21.438515
2026-04-18 12:00:00+02:00,17.364,2.9024127,8.28,14.0,0.0,40540.0,3.286072,20.548483
2026-04-18 13:00:00+02:00,18.314001,4.829907,11.879999,6.0,0.0,41640.0,5.333787,19.251387
2026-04-18 14:00:00+02:00,19.364,4.3349743,16.919998,27.0,0.0,42960.0,6.444517,18.8469
2026-04-18 15:00:00+02:00,19.664,6.696387,14.4,0.0,0.0,42820.0,8.215179,22.889902
2026-04-18 16:00:00+02:00,19.914,6.849467,14.4,0.0,0.0,45720.0,8.706063,23.594372
2026-04-18 17:00:00+02:00,19.814001,8.287822,16.56,0.0,0.0,50460.0,10.066657,23.099329
2026-04-18 18:00:00+02:00,19.314001,6.130579,15.4800005,0.0,0.0,47540.0,8.202532,25.448275
2026-04-18 19:00:00+02:00,18.564001,1.8,10.440001,0.0,0.0,43400.0,6.198138,25.478535
2026-04-18 20:00:00+02:00,16.614,3.219938,6.4799995,0.0,0.0,40440.0,4.0758705,24.333883
2026-04-18 21:00:00+02:00,15.114,4.829907,9.36,0.0,0.0,41340.0,5.941551,24.835342
2026-04-18 22:00:00+02:00,14.764,3.219938,9.36,0.0,0.0,41420.0,3.5591009,26.660769
2026-04-18 23:00:00+02:00,13.864,3.8939953,6.8399997,26.0,0.0,41420.0,5.709857,28.880415
2026-04-19 00:00:00+02:00,13.214001,4.0249224,7.92,54.0,0.0,40900.0,5.468354,31.022066
2026-04-19 01:00:00+02:00,13.014,3.319036,7.92,53.0,0.0,40300.0,4.844117,36.51006
2026-04-19 02:00:00+02:00,12.4140005,2.16,7.5599995,54.0,0.0,38620.0,5.709857,41.10165
2026-04-19 03:00:00+02:00,12.314,2.2768397,7.2,19.0,0.0,38700.0,6.1307654,42.142952
2026-04-19 04:00:00+02:00,11.6640005,3.0758414,9.72,44.0,0.0,36740.0,10.870049,41.62787
2026-04-19 05:00:00+02:00,11.214001,6.87779,22.68,52.0,0.0,32520.0,22.440435,42.89949
2026-04-19 06:00:00+02:00,11.214001,6.792466,24.48,71.0,0.0,33040.0,30.653826,43.731094
2026-04-19 07:00:00+02:00,11.1640005,6.638072,17.28,49.0,0.0,34840.0,32.81329,40.516342
2026-04-19 08:00:00+02:00,11.714001,9.565437,24.48,0.0,0.0,34720.0,33.733833,41.66025
2026-04-19 09:00:00+02:00,13.114,10.703569,26.28,0.0,0.0,34960.0,31.040905,41.637127
2026-04-19 10:00:00+02:00,14.6640005,13.009903,24.119999,0.0,0.0,35700.0,30.107002,40.663464
2026-04-19 11:00:00+02:00,16.014,15.986595,33.48,65.0,0.0,36660.0,35.327477,43.359512
2026-04-19 12:00:00+02:00,16.964,21.2522,43.56,58.0,0.0,40320.0,34.180252,42.279854
2026-04-19 13:00:00+02:00,15.6640005,20.188908,43.199997,51.0,0.0,38060.0,23.236036,43.660564
2026-04-19 14:00:00+02:00,15.964001,21.533897,42.12,56.0,0.0,38960.0,32.81329,48.278324
2026-04-19 15:00:00+02:00,16.214,24.850431,49.68,46.0,0.0,39780.0,37.921482,47.66395
2026-04-19 16:00:00+02:00,14.9140005,20.46941,46.079998,71.0,0.0,37420.0,38.9347,49.538654
2026-04-19 17:00:00+02:00,14.864,17.429354,39.96,83.0,0.0,39700.0,27.946474,49.109062
2026-04-19 18:00:00+02:00,14.064,14.345898,32.760002,85.0,0.0,39420.0,21.783041,42.152092
2026-04-19 19:00:00+02:00,13.4140005,11.212135,26.28,61.0,0.0,39120.0,18.239237,44.434612
2026-04-19 20:00:00+02:00,12.614,7.92,20.16,53.0,0.0,38520.0,15.5204525,39.59299
2026-04-19 21:00:00+02:00,11.4140005,10.24578,22.68,65.0,0.0,39280.0,14.301892,38.241734
2026-04-19 22:00:00+02:00,10.364,12.72283,28.08,89.0,0.0,40120.0,11.282507,39.961037
2026-04-19 23:00:00+02:00,10.014,14.05845,30.599998,82.0,0.0,40400.0,16.22688,39.196926
2026-04-20 00:00:00+02:00,9.014,13.570615,25.919998,78.0,0.0,38920.0,7.971428,45.463135
2026-04-20 01:00:00+02:00,8.064,12.43434,26.64,60.0,0.0,38060.0,2.577807,45.4165
2026-04-20 02:00:00+02:00,7.514,10.483357,25.56,49.0,0.0,37220.0,3.286072,47.79713
2026-04-20 03:00:00+02:00,7.164,7.771331,21.96,46.0,0.0,37480.0,3.5591009,46.588947
2026-04-20 04:00:00+02:00,6.7139997,6.9527545,16.919998,54.0,0.0,36860.0,3.4704785,48.47741
2026-04-20 05:00:00+02:00,6.3139997,5.0528407,15.4800005,79.0,0.0,35660.0,3.2222586,46.61788
2026-04-20 06:00:00+02:00,5.9639997,4.379589,8.28,64.0,0.0,33520.0,4.1265044,45.208195
2026-04-20 07:00:00+02:00,5.8139997,5.5887027,8.64,71.0,0.0,34560.0,3.5591009,44.434612
2026-04-20 08:00:00+02:00,5.8139997,6.12,11.5199995,39.0,0.0,31120.0,2.3236039,39.927277
2026-04-20 09:00:00+02:00,7.0639997,7.69592,15.4800005,50.0,0.0,35880.0,0.9113924,39.961037
2026-04-20 10:00:00+02:00,8.564,7.968939,16.199999,53.0,0.0,38460.0,0.4556962,41.19528
2026-04-20 11:00:00+02:00,10.464001,6.3690495,16.919998,18.0,0.0,40740.0,1.4410379,40.033276
2026-04-20 12:00:00+02:00,11.964001,6.8777895,15.4800005,0.0,0.0,41220.0,2.9178793,40.649246
2026-04-20 13:00:00+02:00,13.214001,8.287822,17.64,0.0,0.0,41440.0,6.7744107,38.587734
2026-04-20 14:00:00+02:00,13.814,8.4042845,23.4,33.0,0.0,41380.0,7.0743074,36.261242
2026-04-20 15:00:00+02:00,14.214001,10.495713,20.880001,4.0,0.0,42300.0,9.383359,34.188675
2026-04-20 16:00:00+02:00,14.114,14.372974,27.359999,0.0,0.0,42380.0,11.883102,34.780777
2026-04-20 17:00:00+02:00,13.6640005,7.42159,26.64,0.0,0.0,43040.0,7.800262,34.413307
2026-04-20 18:00:00+02:00,13.764,7.968939,15.84,10.0,0.0,42360.0,9.15938,36.430832
2026-04-20 19:00:00+02:00,13.064,8.209263,16.199999,0.0,0.0,43020.0,10.725815,37.044304
2026-04-20 20:00:00+02:00,11.514,5.506941,14.04,0.0,0.0,41020.0,10.490913,31.661255
2026-04-20 21:00:00+02:00,9.864,6.8399997,14.759999,0.0,0.0,40800.0,10.831774,31.040686
2026-04-20 22:00:00+02:00,8.814,12.371645,27.359999,0.0,0.0,39420.0,8.062088,37.867157
2026-04-20 23:00:00+02:00,8.1640005,14.458382,29.88,21.0,0.0,39080.0,16.91609,36.62595
2026-04-21 00:00:00+02:00,7.4639997,14.986553,30.960001,0.0,0.0,37960.0,16.468233,40.033276
2026-04-21 01:00:00+02:00,6.8139997,12.24,30.599998,0.0,0.0,38020.0,12.603934,39.806484
2026-04-21 02:00:00+02:00,5.7139997,9.255571,24.84,0.0,0.0,37820.0,6.728273,36.762436
2026-04-21 03:00:00+02:00,5.264,10.365251,22.319998,0.0,0.0,38120.0,4.0758705,34.591965
2026-04-21 04:00:00+02:00,4.764,7.24486,21.24,0.0,0.0,37440.0,4.6472077,37.033905
2026-04-21 05:00:00+02:00,3.664,6.28713,16.199999,0.0,0.0,32580.0,5.012658,30.659805
2026-04-21 06:00:00+02:00,3.3140001,5.991594,14.4,0.0,0.0,31180.0,3.3175182,25.273579
2026-04-21 07:00:00+02:00,3.164,6.297428,13.32,0.0,0.0,30800.0,5.487309,22.82248
2026-04-21 08:00:00+02:00,4.014,8.373386,19.44,0.0,0.0,29520.0,10.087265,18.599987
2026-04-21 09:00:00+02:00,5.8139997,9.726664,18.72,0.0,0.0,33240.0,11.830561,16.492132
2026-04-21 10:00:00+02:00,7.664,11.090103,19.8,0.0,0.0,36040.0,15.500371,16.71258
2026-04-21 11:00:00+02:00,9.364,12.261157,23.039999,8.0,0.0,39320.0,15.818631,17.555754
2026-04-21 12:00:00+02:00,10.9140005,14.799459,21.96,33.0,0.0,40280.0,18.301748,16.804535
2026-04-21 13:00:00+02:00,12.064,15.546833,23.759998,23.0,0.0,41240.0,19.338923,18.631031
2026-04-21 14:00:00+02:00,12.564,14.799459,27.359999,41.0,0.0,41500.0,17.412127,20.49216
2026-04-21 15:00:00+02:00,12.964001,16.831684,25.919998,54.0,0.0,41960.0,20.302788,20.482758
2026-04-21 16:00:00+02:00,13.1640005,16.831684,30.239998,0.0,0.0,43000.0,21.920834,20.567223
2026-04-21 17:00:00+02:00,12.564,16.08761,36.719997,0.0,0.0,42780.0,20.712883,22.973904
2026-04-21 18:00:00+02:00,12.4140005,16.055355,27.72,0.0,0.0,43340.0,19.988396,21.112574
2026-04-21 19:00:00+02:00,11.264,18.0,34.92,0.0,0.0,42620.0,28.996748,20.49216
2026-04-21 20:00:00+02:00,10.264,14.291592,33.48,0.0,0.0,42340.0,30.172457,18.042755
2026-04-21 21:00:00+02:00,8.514,15.277749,27.359999,0.0,0.0,41000.0,33.268944,16.71258
2026-04-21 22:00:00+02:00,7.364,15.546833,28.08,0.0,0.0,39300.0,33.764595,15.329903
2026-04-21 23:00:00+02:00,6.664,14.88242,27.72,0.0,0.0,39180.0,25.88258,15.517241
2026-04-22 00:00:00+02:00,5.7139997,14.336861,30.239998,0.0,0.0,36260.0,23.043093,11.241167
2026-04-22 01:00:00+02:00,4.9639997,15.509274,31.68,0.0,0.0,33180.0,19.387182,9.931033
2026-04-22 02:00:00+02:00,4.414,15.459054,33.12,0.0,0.0,31480.0,13.270073,12.413793
2026-04-22 03:00:00+02:00,3.864,12.7279215,31.319998,0.0,0.0,28020.0,13.4101715,9.931033
2026-04-22 04:00:00+02:00,3.464,13.217443,27.72,0.0,0.0,25800.0,19.333553,6.390391
2026-04-22 05:00:00+02:00,2.914,10.495713,28.44,0.0,0.0,24900.0,19.85288,7.238423
2026-04-22 06:00:00+02:00,2.364,8.891343,22.319998,0.0,0.0,21840.0,21.538576,7.238423
2026-04-22 07:00:00+02:00,2.3140001,11.983188,25.56,0.0,0.0,20240.0,24.867823,8.777877
2026-04-22 08:00:00+02:00,3.364,9.220499,25.919998,0.0,0.0,21380.0,24.759027,11.809426
2026-04-22 09:00:00+02:00,4.9639997,11.212135,21.24,0.0,0.0,27480.0,26.038563,16.562065
2026-04-22 10:00:00+02:00,6.664,14.021525,26.64,14.0,0.0,32980.0,24.259136,17.043554
2026-04-22 11:00:00+02:00,8.4140005,16.375053,32.399998,23.0,0.0,36880.0,25.47419,16.149862
2026-04-22 12:00:00+02:00,10.314,17.555307,34.2,8.0,0.0,39360.0,27.647657,17.390388
2026-04-22 13:00:00+02:00,12.1640005,20.46941,36.36,20.0,0.0,40580.0,27.857166,17.37931
2026-04-22 14:00:00+02:00,13.064,21.566973,38.16,15.0,0.0,41160.0,29.168114,17.043554
2026-04-22 15:00:00+02:00,13.964001,23.277834,43.56,0.0,0.0,42220.0,33.46188,17.167427
2026-04-22 16:00:00+02:00,14.364,24.079666,45.719997,0.0,0.0,44320.0,36.080666,19.490047
2026-04-22 17:00:00+02:00,14.364,20.774214,45.719997,0.0,0.0,45080.0,30.398726,20.47335
2026-04-22 18:00:00+02:00,13.964001,19.694992,39.239998,0.0,0.0,44600.0,31.38685,18.170418
2026-04-22 19:00:00+02:00,13.064,20.172853,37.44,0.0,0.0,43600.0,34.47064,19.271389
2026-04-22 20:00:00+02:00,11.964001,14.689588,37.44,0.0,0.0,43680.0,24.662384,15.824542
2026-04-22 21:00:00+02:00,10.314,13.608762,26.28,0.0,0.0,42400.0,27.086145,17.566723
2026-04-22 22:00:00+02:00,9.564,12.538134,26.64,0.0,0.0,42280.0,28.520176,22.499464
2026-04-22 23:00:00+02:00,8.764,13.746156,27.72,0.0,0.0,42420.0,26.45394,24.843096
2026-04-23 00:00:00+02:00,7.764,13.18308,29.16,0.0,0.0,41740.0,24.947025,28.150856
2026-04-23 01:00:00+02:00,7.114,13.53236,29.88,0.0,0.0,41380.0,24.675013,30.56542
2026-04-23 02:00:00+02:00,6.014,11.119281,28.8,0.0,0.0,40680.0,21.461308,28.477413
2026-04-23 03:00:00+02:00,4.9639997,7.10031,23.759998,0.0,0.0,39600.0,24.64554,31.034481
2026-04-23 04:00:00+02:00,4.264,5.95906,15.84,0.0,0.0,39100.0,28.035503,31.91576
2026-04-23 05:00:00+02:00,3.214,5.95906,13.679999,0.0,0.0,38180.0,25.665043,27.401884
2026-04-23 06:00:00+02:00,2.914,5.4833565,13.679999,0.0,0.0,37900.0,26.982447,24.734306
2026-04-23 07:00:00+02:00,3.0140002,3.6179552,11.5199995,0.0,0.0,39000.0,25.717579,25.357279
2026-04-23 08:00:00+02:00,3.7640002,5.8048253,11.5199995,0.0,0.0,37140.0,29.451515,27.549112
2026-04-23 09:00:00+02:00,6.264,3.7585104,12.599999,0.0,0.0,38000.0,28.549284,26.9768
2026-04-23 10:00:00+02:00,8.614,8.373386,18.0,0.0,0.0,40460.0,29.39152,28.068626
2026-04-23 11:00:00+02:00,11.014,8.435069,20.16,0.0,0.0,41600.0,28.311903,27.549112
2026-04-23 12:00:00+02:00,13.014,8.942214,19.44,0.0,0.0,42360.0,27.436544,28.592175
2026-04-23 13:00:00+02:00,14.764,10.464797,21.96,0.0,0.0,43340.0,25.211987,29.428804
2026-04-23 14:00:00+02:00,15.864,12.475961,26.28,0.0,0.0,44220.0,22.78481,27.758083
2026-04-23 15:00:00+02:00,16.964,15.30741,30.239998,0.0,0.0,47500.0,22.75289,24.42869
2026-04-23 16:00:00+02:00,17.564001,15.856354,30.960001,0.0,0.0,51440.0,21.878162,21.935911
2026-04-23 17:00:00+02:00,17.764,14.689588,30.599998,0.0,0.0,55860.0,19.71643,20.864775
2026-04-23 18:00:00+02:00,17.314001,14.77755,29.88,0.0,0.0,52560.0,21.991768,18.764957
2026-04-23 19:00:00+02:00,16.514,12.387348,27.72,0.0,0.0,51120.0,21.615568,19.987747
2026-04-23 20:00:00+02:00,15.014,8.4963045,22.319998,0.0,0.0,49660.0,22.273243,22.4909
2026-04-23 21:00:00+02:00,12.9140005,7.754637,18.0,0.0,0.0,47240.0,22.147022,23.17426
2026-04-23 22:00:00+02:00,12.464001,7.968939,17.28,0.0,0.0,48360.0,28.98242,22.379282
2026-04-23 23:00:00+02:00,11.4140005,7.8954163,18.359999,0.0,0.0,48520.0,31.597857,22.82248
2026-04-24 00:00:00+02:00,10.964001,6.489992,17.64,0.0,0.0,47780.0,30.463556,21.402544
2026-04-24 01:00:00+02:00,10.264,7.386582,18.0,0.0,0.0,47320.0,31.499125,19.598463
2026-04-24 02:00:00+02:00,8.6640005,8.435069,20.880001,0.0,0.0,43240.0,24.712854,19.832952
2026-04-24 03:00:00+02:00,8.114,6.696387,19.08,0.0,0.0,42340.0,22.175133,17.077427
2026-04-24 04:00:00+02:00,7.364,5.991594,15.4800005,0.0,0.0,41720.0,21.806862,15.329903
2026-04-24 05:00:00+02:00,6.3139997,4.8433046,14.04,0.0,0.0,40720.0,20.827858,11.711148
2026-04-24 06:00:00+02:00,6.0639997,4.6102495,10.440001,0.0,0.0,40920.0,22.440435,11.444951
2026-04-24 07:00:00+02:00,6.114,4.1046314,9.36,0.0,0.0,40960.0,21.203342,9.164372
2026-04-24 08:00:00+02:00,7.264,4.1046314,9.0,0.0,0.0,40520.0,18.882545,10.008319
2026-04-24 09:00:00+02:00,10.014,1.8,9.0,0.0,0.0,40380.0,16.182028,11.858258
2026-04-24 10:00:00+02:00,12.514,4.072935,10.08,0.0,0.0,41580.0,14.759212,11.793103
2026-04-24 11:00:00+02:00,14.114,4.39436,12.959999,0.0,0.0,43540.0,15.473553,12.051613
2026-04-24 12:00:00+02:00,15.614,5.1919937,12.959999,0.0,0.0,43100.0,12.961332,12.367153
2026-04-24 13:00:00+02:00,16.714,7.5170207,16.56,0.0,0.0,44380.0,10.9461975,14.167504
2026-04-24 14:00:00+02:00,17.714,8.049845,14.4,0.0,0.0,47100.0,5.094838,13.879042
2026-04-24 15:00:00+02:00,18.514,7.42159,11.159999,0.0,0.0,47820.0,7.205189,11.0510645
2026-04-24 16:00:00+02:00,19.064001,5.3999996,10.08,0.0,0.0,50180.0,2.8820758,9.695481
2026-04-24 17:00:00+02:00,19.564001,5.04,12.599999,0.0,0.0,57080.0,3.67394,7.0769506
2026-04-24 18:00:00+02:00,19.314001,4.68,11.5199995,0.0,0.0,59980.0,3.5591009,8.6452055
2026-04-24 19:00:00+02:00,18.764,3.319036,10.08,0.0,0.0,61720.0,1.4410379,10.839878
2026-04-24 20:00:00+02:00,17.564001,2.5455842,5.7599998,0.0,0.0,55600.0,4.907998,11.776757
2026-04-24 21:00:00+02:00,15.264,2.8116899,5.3999996,0.0,0.0,46220.0,5.8357587,13.739551
2026-04-24 22:00:00+02:00,14.764,1.1384199,3.6,0.0,0.0,50380.0,8.402622,14.529971
2026-04-24 23:00:00+02:00,13.764,1.609969,2.52,0.0,0.0,46220.0,9.227144,16.11404
2026-04-25 00:00:00+02:00,12.714001,4.0249224,5.3999996,0.0,0.0,46340.0,10.955679,17.914183
2026-04-25 01:00:00+02:00,11.564,5.0142193,6.4799995,0.0,0.0,42800.0,6.572144,17.167427
2026-04-25 02:00:00+02:00,10.214001,4.32,8.64,0.0,0.0,40440.0,8.658227,17.043554
2026-04-25 03:00:00+02:00,9.564,3.9763298,6.12,0.0,0.0,40640.0,9.113924,20.632679
2026-04-25 04:00:00+02:00,9.864,1.8,4.32,0.0,0.0,41500.0,13.402427,19.331268
2026-04-25 05:00:00+02:00,8.214,1.609969,2.8799999,0.0,0.0,40560.0,15.318443,18.713562
2026-04-25 06:00:00+02:00,7.864,3.219938,3.6,0.0,0.0,40540.0,15.713261,19.251385
2026-04-25 07:00:00+02:00,7.864,3.6,5.7599998,0.0,0.0,39440.0,17.90602,18.170418
2026-04-25 08:00:00+02:00,8.764,3.096837,5.7599998,0.0,0.0,36940.0,17.352394,11.858258
2026-04-25 09:00:00+02:00,11.764,4.0249224,10.440001,0.0,0.0,38960.0,19.483345,13.166815
2026-04-25 10:00:00+02:00,14.514,6.638072,14.759999,0.0,0.0,40820.0,20.827858,14.396789
2026-04-25 11:00:00+02:00,15.6640005,10.805999,20.519999,0.0,0.0,41960.0,20.912434,15.329903
2026-04-25 12:00:00+02:00,17.564001,11.901798,25.56,0.0,0.0,43840.0,24.224873,22.180428
2026-04-25 13:00:00+02:00,18.764,13.1041975,25.56,0.0,0.0,44020.0,32.209694,24.491692
2026-04-25 14:00:00+02:00,20.064001,14.512064,31.319998,0.0,0.0,50200.0,27.74138,22.973904
2026-04-25 15:00:00+02:00,20.664,14.587776,28.8,0.0,0.0,52160.0,20.52657,24.238705
2026-04-25 16:00:00+02:00,20.864,12.55879,28.8,0.0,0.0,50720.0,16.335293,23.586206
2026-04-25 17:00:00+02:00,20.914,9.290511,24.48,0.0,0.0,49960.0,13.456546,19.490047
2026-04-25 18:00:00+02:00,19.814001,16.263872,26.64,0.0,0.0,45500.0,11.319258,18.713562
2026-04-25 19:00:00+02:00,18.564001,13.779114,32.039997,0.0,0.0,47020.0,14.927093,21.076046
2026-04-25 20:00:00+02:00,17.314001,7.771331,24.119999,0.0,0.0,47520.0,14.878324,22.999043
2026-04-25 21:00:00+02:00,15.114,6.519877,15.4800005,0.0,0.0,43040.0,10.280973,22.999043
2026-04-25 22:00:00+02:00,13.9140005,6.9527545,16.199999,0.0,0.0,42440.0,7.7602262,22.284399
2026-04-25 23:00:00+02:00,13.564,6.763786,17.64,0.0,0.0,42520.0,8.765491,19.832952
2026-04-26 00:00:00+02:00,13.1640005,4.8965297,15.84,0.0,0.0,43660.0,8.84802,18.672342
2026-04-26 01:00:00+02:00,12.9140005,4.6102495,11.159999,0.0,0.0,44120.0,6.850616,17.390388
2026-04-26 02:00:00+02:00,11.1640005,5.154415,11.159999,0.0,0.0,42040.0,4.9291077,14.753624
2026-04-26 03:00:00+02:00,10.314,4.5536795,9.72,0.0,0.0,41700.0,2.577807,15.95788
2026-04-26 04:00:00+02:00,9.814,4.379589,6.4799995,0.0,0.0,41720.0,6.444517,12.96038
2026-04-26 05:00:00+02:00,9.014,4.5536795,7.92,0.0,0.0,41080.0,8.074956,8.092802
2026-04-26 06:00:00+02:00,8.214,4.1046314,8.28,0.0,0.0,41080.0,11.254866,10.839878
2026-04-26 07:00:00+02:00,8.264,5.3999996,9.36,0.0,0.0,41220.0,11.618018,10.606349
2026-04-26 08:00:00+02:00,9.6640005,5.6233797,9.72,0.0,0.0,40860.0,17.725351,11.776757
2026-04-26 09:00:00+02:00,12.864,4.39436,11.5199995,0.0,0.0,41100.0,18.504856,10.714764
2026-04-26 10:00:00+02:00,14.4140005,7.2,15.119999,0.0,0.0,41520.0,17.340422,11.189642
2026-04-26 11:00:00+02:00,15.014,11.435313,23.4,0.0,0.0,42300.0,17.69604,10.998648
2026-04-26 12:00:00+02:00,15.964001,15.124284,25.919998,0.0,0.0,42120.0,17.795504,8.777877
2026-04-26 13:00:00+02:00,17.164,15.349684,24.84,0.0,0.0,45780.0,17.46571,6.6850314
2026-04-26 14:00:00+02:00,17.914,14.565548,26.28,0.0,0.0,46120.0,13.270073,0.0
2026-04-26 15:00:00+02:00,18.314001,14.529915,23.039999,0.0,0.0,46320.0,14.5893955,4.3889384
2026-04-26 16:00:00+02:00,18.564001,13.044722,22.319998,0.0,0.0,47540.0,13.548821,7.4740934
2026-04-26 17:00:00+02:00,19.064001,12.096214,19.44,0.0,0.0,49500.0,13.949067,8.777877
2026-04-26 18:00:00+02:00,18.764,12.031756,19.8,0.0,0.0,50540.0,14.192577,13.0492525
2026-04-26 19:00:00+02:00,17.914,9.931042,20.880001,0.0,0.0,50920.0,11.961482,16.245003
2026-04-26 20:00:00+02:00,16.914,5.95906,17.28,0.0,0.0,48440.0,12.864844,15.529648
2026-04-26 21:00:00+02:00,14.714001,6.193674,12.959999,0.0,0.0,45860.0,10.401459,14.896551
2026-04-26 22:00:00+02:00,14.064,6.638072,15.84,0.0,0.0,45400.0,10.490913,13.6692705
2026-04-26 23:00:00+02:00,12.464001,7.5942082,16.199999,0.0,0.0,43440.0,10.311228,14.490146
2026-04-27 00:00:00+02:00,11.764,7.2,16.919998,0.0,0.0,43940.0,9.580463,14.329733
2026-04-27 01:00:00+02:00,11.4140005,6.1305785,16.56,0.0,0.0,43000.0,5.468354,12.568007
2026-04-27 02:00:00+02:00,10.214001,6.297428,14.759999,0.0,0.0,41280.0,4.101266,12.367153
2026-04-27 03:00:00+02:00,9.464001,5.154415,13.32,0.0,0.0,40880.0,3.3175182,13.370063
2026-04-27 04:00:00+02:00,8.9140005,4.6800003,9.72,0.0,0.0,40840.0,2.8820758,13.612786
2026-04-27 05:00:00+02:00,8.214,3.563818,7.92,0.0,0.0,40380.0,4.0758705,12.96038
2026-04-27 06:00:00+02:00,7.614,4.6800003,7.2,0.0,0.0,39900.0,3.89347,12.051613
2026-04-27 07:00:00+02:00,7.764,3.319036,6.4799995,0.0,0.0,39720.0,4.488087,10.714764
2026-04-27 08:00:00+02:00,8.564,4.2136917,6.12,0.0,0.0,38740.0,12.969341,6.390391
2026-04-27 09:00:00+02:00,11.014,2.6208394,7.92,0.0,0.0,39680.0,15.031068,5.339374
2026-04-27 10:00:00+02:00,13.064,2.5959969,8.28,0.0,0.0,40640.0,15.044876,6.2068963
2026-04-27 11:00:00+02:00,15.464001,5.1919937,14.04,0.0,0.0,42100.0,17.340422,6.939521
2026-04-27 12:00:00+02:00,16.864,7.491114,17.28,0.0,0.0,42240.0,14.589397,5.3031745
2026-04-27 13:00:00+02:00,18.214,7.8954163,18.359999,0.0,0.0,42680.0,12.512989,5.855574
2026-04-27 14:00:00+02:00,19.314001,9.449572,17.28,0.0,0.0,44320.0,7.7468348,2.5591688
2026-04-27 15:00:00+02:00,20.014,10.514218,13.32,0.0,0.0,45500.0,11.282507,4.8477407
2026-04-27 16:00:00+02:00,20.464,10.514218,14.4,0.0,0.0,46580.0,11.282507,10.839878
2026-04-27 17:00:00+02:00,20.664,8.534353,15.84,0.0,0.0,49320.0,8.21518,15.566816
2026-04-27 18:00:00+02:00,20.264,9.085988,18.72,0.0,0.0,50300.0,8.753638,21.590723
2026-04-27 19:00:00+02:00,19.414,9.422101,18.72,0.0,0.0,48620.0,11.254866,24.554531
2026-04-27 20:00:00+02:00,17.764,5.3999996,16.199999,0.0,0.0,45100.0,3.757767,27.401884
2026-04-27 21:00:00+02:00,16.164,5.1165614,11.879999,0.0,0.0,45360.0,0.9113924,28.699764
2026-04-27 22:00:00+02:00,15.6640005,5.0911684,11.159999,0.0,0.0,47760.0,2.278481,31.108875
2026-04-27 23:00:00+02:00,13.764,4.73506,10.799999,0.0,0.0,43700.0,4.57969,33.338604
2026-04-28 00:00:00+02:00,12.9140005,4.0249224,7.5599995,0.0,0.0,42480.0,4.844117,34.18304
2026-04-28 01:00:00+02:00,12.114,5.2416787,7.92,0.0,0.0,41580.0,5.506198,35.270245
2026-04-28 02:00:00+02:00,10.364,5.4119864,10.440001,0.0,0.0,39920.0,7.291139,38.587734
2026-04-28 03:00:00+02:00,9.714001,4.68,7.5599995,0.0,0.0,38900.0,6.572144,38.15096
2026-04-28 04:00:00+02:00,10.114,0.35999998,5.3999996,0.0,0.0,39880.0,7.4739733,30.267769
2026-04-28 05:00:00+02:00,9.9140005,3.2599385,4.32,0.0,0.0,39200.0,10.490913,31.133633
2026-04-28 06:00:00+02:00,9.464001,2.4149535,6.12,0.0,0.0,38440.0,12.694226,29.435352
2026-04-28 07:00:00+02:00,9.564,2.8799999,7.92,0.0,0.0,39160.0,13.246578,32.495934
2026-04-28 08:00:00+02:00,10.1640005,1.484318,7.92,0.0,0.0,36920.0,11.821781,29.80603
2026-04-28 09:00:00+02:00,13.114,1.0182338,5.3999996,0.0,0.0,39080.0,17.871193,25.136013
2026-04-28 10:00:00+02:00,15.264,0.5091169,7.2,0.0,0.0,39780.0,21.335148,28.693052
2026-04-28 11:00:00+02:00,16.014,2.1897945,12.959999,0.0,0.0,40120.0,22.193855,21.86555
2026-04-28 12:00:00+02:00,16.714,6.130579,13.679999,3.0,0.0,38920.0,14.560902,20.208189
2026-04-28 13:00:00+02:00,17.764,3.7585104,14.04,7.0,0.0,40320.0,12.44643,19.390963
2026-04-28 14:00:00+02:00,18.264,7.2,13.679999,0.0,0.1,40920.0,7.800262,18.764957
2026-04-28 15:00:00+02:00,18.414,9.387651,19.08,0.0,0.0,41520.0,13.594724,12.780782
2026-04-28 16:00:00+02:00,18.364,8.654987,18.72,0.0,0.0,41500.0,11.254866,7.499821
2026-04-28 17:00:00+02:00,16.014,13.237039,17.28,37.0,0.0,40100.0,7.7602262,15.824542
2026-04-28 18:00:00+02:00,13.714001,9.726665,20.880001,19.0,1.1,15060.0,2.278481,11.661699
2026-04-28 19:00:00+02:00,12.464001,17.31746,37.8,19.0,0.4,21960.0,18.766718,5.8883786
2026-04-28 20:00:00+02:00,12.014,16.800856,38.88,34.0,0.2,16520.0,19.483345,6.7137847
2026-04-28 21:00:00+02:00,11.9140005,15.281989,35.28,0.0,0.0,31720.0,27.341772,4.3889384
2026-04-28 22:00:00+02:00,11.6640005,12.768586,32.399998,0.0,0.0,30600.0,33.278305,0.6206896
2026-04-28 23:00:00+02:00,11.6640005,8.854829,28.08,29.0,0.0,29580.0,30.131134,1.9627929
2026-04-29 00:00:00+02:00,11.514,3.7064266,19.44,40.0,0.0,30300.0,33.012035,5.339374
2026-04-29 01:00:00+02:00,11.064,5.315336,14.04,16.0,0.0,27220.0,33.19083,5.0041595
2026-04-29 02:00:00+02:00,11.264,5.8603754,11.879999,40.0,0.0,28560.0,33.64137,5.2667265
2026-04-29 03:00:00+02:00,11.214001,4.198285,12.24,51.0,0.0,27260.0,26.493158,5.551616
2026-04-29 04:00:00+02:00,10.964001,5.315336,10.799999,64.0,0.2,23160.0,17.014013,17.643314
2026-04-29 05:00:00+02:00,10.514,5.3999996,16.199999,74.0,0.2,9240.0,12.303797,15.714606
2026-04-29 06:00:00+02:00,10.4140005,6.725354,14.4,82.0,0.0,1420.0,6.895935,20.482758
2026-04-29 07:00:00+02:00,10.1640005,8.699793,18.359999,55.0,0.0,22880.0,7.20519,33.60907
2026-04-29 08:00:00+02:00,10.1640005,9.1641035,22.319998,61.0,0.0,28080.0,13.701232,31.65517
2026-04-29 09:00:00+02:00,10.514,10.1887,21.96,73.0,0.0,26740.0,28.245813,28.578697
2026-04-29 10:00:00+02:00,10.6640005,13.217443,24.84,56.0,0.0,29140.0,34.740665,27.422962
2026-04-29 11:00:00+02:00,11.6640005,13.493999,25.56,65.0,0.0,33260.0,36.002884,16.94153
2026-04-29 12:00:00+02:00,13.214001,13.755579,27.359999,33.0,0.0,34860.0,32.43456,8.951714
2026-04-29 13:00:00+02:00,14.314,14.480773,27.359999,62.0,0.0,35780.0,19.188004,7.900089
2026-04-29 14:00:00+02:00,14.264,14.241629,28.8,55.0,0.0,36260.0,19.742744,17.077427
2026-04-29 15:00:00+02:00,15.6640005,17.58481,32.399998,4.0,0.0,39480.0,25.075714,13.0492525
2026-04-29 16:00:00+02:00,16.664,19.523155,36.36,7.0,0.0,40860.0,28.549284,6.8557405
2026-04-29 17:00:00+02:00,17.014,17.935081,36.36,0.0,0.0,41400.0,29.979132,10.00832
2026-04-29 18:00:00+02:00,16.364,15.546833,32.760002,0.0,0.0,39940.0,32.209694,9.474416
2026-04-29 19:00:00+02:00,16.114,18.58451,33.12,13.0,0.0,42080.0,38.62412,6.8557405
2026-04-29 20:00:00+02:00,14.714001,14.986553,38.519997,0.0,0.0,42440.0,37.369865,10.857635
2026-04-29 21:00:00+02:00,13.114,14.386494,31.319998,0.0,0.0,41940.0,43.444366,12.194616
2026-04-29 22:00:00+02:00,11.964001,14.57889,32.399998,0.0,0.0,41620.0,45.769684,13.326771
2026-04-29 23:00:00+02:00,11.764,15.072783,32.039997,0.0,0.0,42260.0,41.470856,14.948187
2026-04-30 00:00:00+02:00,10.214001,16.135872,29.16,0.0,0.0,41560.0,30.299517,10.678748
2026-04-30 01:00:00+02:00,9.4140005,13.584932,32.760002,0.0,0.0,41500.0,22.445059,12.915714
2026-04-30 02:00:00+02:00,8.864,13.891522,29.16,0.0,0.0,41400.0,20.981829,9.037377
2026-04-30 03:00:00+02:00,8.114,15.807239,32.399998,0.0,0.0,41380.0,23.735603,7.5764823
2026-04-30 04:00:00+02:00,7.5639997,14.336861,33.48,0.0,0.0,41140.0,26.038563,4.8477407
2026-04-30 05:00:00+02:00,6.614,12.10157,30.960001,0.0,0.0,40940.0,23.71372,6.2068963
2026-04-30 06:00:00+02:00,5.864,12.7279215,27.359999,0.0,0.0,36600.0,24.675013,9.331011
2026-04-30 07:00:00+02:00,5.4639997,11.269782,27.0,0.0,0.0,36420.0,25.166643,9.310345
2026-04-30 08:00:00+02:00,5.9639997,11.983188,28.44,0.0,0.0,35120.0,24.64554,8.777877
2026-04-30 09:00:00+02:00,7.264,9.693296,24.48,0.0,0.0,39640.0,23.71372,8.092802
2026-04-30 10:00:00+02:00,9.014,11.212135,24.48,0.0,0.0,40760.0,24.607594,12.735487
2026-04-30 11:00:00+02:00,10.764,14.799459,27.359999,0.0,0.0,41040.0,24.624466,11.189642
2026-04-30 12:00:00+02:00,12.614,13.479583,30.239998,0.0,0.0,41380.0,21.495148,11.189642
2026-04-30 13:00:00+02:00,14.4140005,16.704155,28.08,0.0,0.0,41940.0,21.892395,10.274241
2026-04-30 14:00:00+02:00,15.314,16.87398,30.599998,0.0,0.0,42200.0,17.32245,8.6452055
2026-04-30 15:00:00+02:00,16.314,18.971008,33.12,0.0,0.0,42680.0,17.865383,5.5862064
2026-04-30 16:00:00+02:00,16.964,20.172853,36.36,0.0,0.0,43320.0,19.04134,3.1649084
2026-04-30 17:00:00+02:00,16.914,19.881649,38.519997,0.0,0.0,44400.0,19.387182,3.9743526
2026-04-30 18:00:00+02:00,16.314,21.980644,40.68,0.0,0.0,45100.0,23.647955,5.551616
2026-04-30 19:00:00+02:00,15.4140005,18.39878,40.32,0.0,0.0,44280.0,16.360699,4.3889384
2026-04-30 20:00:00+02:00,14.4140005,16.363178,33.839996,0.0,0.0,45060.0,18.027378,3.1649084
2026-04-30 21:00:00+02:00,12.564,12.738099,29.88,0.0,0.0,45380.0,11.85686,2.775808
2026-04-30 22:00:00+02:00,11.4140005,13.849477,28.08,0.0,0.0,45040.0,9.045312,3.7241378
2026-04-30 23:00:00+02:00,10.064,12.879752,31.319998,0.0,0.0,44320.0,9.666777,4.8477407
2026-05-01 00:00:00+02:00,9.1640005,8.311245,25.199999,0.0,0.0,43380.0,9.482423,5.00416
2026-05-01 01:00:00+02:00,8.464001,9.360001,20.880001,0.0,0.0,42960.0,9.784211,4.3448277
2026-05-01 02:00:00+02:00,7.114,4.802999,17.64,0.0,0.0,38340.0,7.34788,5.0041595
2026-05-01 03:00:00+02:00,6.364,4.379589,6.8399997,0.0,0.0,38040.0,6.47666,6.329817
2026-05-01 04:00:00+02:00,6.164,4.8965297,7.2,0.0,0.0,39320.0,7.418196,6.329817
2026-05-01 05:00:00+02:00,4.864,1.2979984,8.28,0.0,0.0,30440.0,12.0307255,8.442291
2026-05-01 06:00:00+02:00,5.3139997,3.0547013,4.32,0.0,0.0,30500.0,12.44643,6.939521
2026-05-01 07:00:00+02:00,5.264,3.0547013,6.8399997,0.0,0.0,34220.0,11.254866,10.008319
2026-05-01 08:00:00+02:00,6.2139997,1.9386592,6.12,0.0,0.0,28620.0,10.667574,18.26558
2026-05-01 09:00:00+02:00,9.364,1.484318,6.8399997,0.0,0.0,34180.0,10.490913,17.555754
2026-05-01 10:00:00+02:00,11.614,1.1384199,7.5599995,0.0,0.0,40360.0,9.113924,17.390388
2026-05-01 11:00:00+02:00,13.614,0.8049845,7.5599995,0.0,0.0,40940.0,10.391472,18.713562
2026-05-01 12:00:00+02:00,15.714001,1.0182338,7.2,0.0,0.0,41440.0,9.858215,18.381218
2026-05-01 13:00:00+02:00,17.614,2.3051248,8.28,0.0,0.0,41880.0,10.870049,18.25503
2026-05-01 14:00:00+02:00,18.414,4.829907,12.959999,0.0,0.0,42760.0,8.561753,18.948832
2026-05-01 15:00:00+02:00,19.114,5.6920996,13.679999,0.0,0.0,43140.0,6.7744107,17.122486
2026-05-01 16:00:00+02:00,19.814001,7.289445,12.959999,0.0,0.0,43400.0,4.0758705,15.702343
2026-05-01 17:00:00+02:00,20.064001,8.714677,13.32,0.0,0.0,44620.0,8.062088,11.809426
2026-05-01 18:00:00+02:00,19.864,9.659814,13.32,0.0,0.0,44820.0,4.323114,11.939203
2026-05-01 19:00:00+02:00,19.314001,9.028754,15.119999,0.0,0.0,44180.0,4.57969,12.4911375
2026-05-01 20:00:00+02:00,18.364,5.692099,15.84,0.0,0.0,43780.0,6.7744107,10.569963
2026-05-01 21:00:00+02:00,16.614,4.6938257,11.159999,0.0,0.0,42700.0,5.7641516,8.350525
2026-05-01 22:00:00+02:00,16.214,4.198285,10.08,0.0,0.0,43960.0,3.89347,12.795844
2026-05-01 23:00:00+02:00,15.314,3.219938,9.72,0.0,0.0,44620.0,0.9113924,17.87112
2026-05-02 00:00:00+02:00,14.6640005,2.8799999,6.12,0.0,0.0,43160.0,2.8820758,17.167427
2026-05-02 01:00:00+02:00,14.464001,2.9024127,5.7599998,0.0,0.0,43240.0,7.0889688,23.3729
2026-05-02 02:00:00+02:00,12.6640005,0.8049845,5.7599998,0.0,0.0,41640.0,11.208644,28.368979
2026-05-02 03:00:00+02:00,12.114,2.8116899,3.2399998,0.0,0.0,41340.0,13.548821,28.719894
2026-05-02 04:00:00+02:00,11.564,4.3349743,7.2,0.0,0.0,40460.0,15.473553,24.238705
2026-05-02 05:00:00+02:00,11.014,4.3498964,8.28,0.0,0.0,39540.0,16.360699,22.559313
2026-05-02 06:00:00+02:00,10.9140005,4.2136917,10.08,0.0,0.0,39760.0,12.512989,20.716534
2026-05-02 07:00:00+02:00,11.364,3.219938,9.72,11.0,0.0,39740.0,8.21518,18.516953
2026-05-02 08:00:00+02:00,12.1640005,4.0249224,7.5599995,0.0,0.0,37960.0,6.835443,15.216393
2026-05-02 09:00:00+02:00,14.614,4.5536795,12.599999,0.0,0.0,38960.0,3.9200466,13.370063
2026-05-02 10:00:00+02:00,16.264,8.647496,16.919998,0.0,0.0,39060.0,2.8820758,13.093462
2026-05-02 11:00:00+02:00,17.814001,7.2805495,17.64,0.0,0.0,40260.0,1.643036,14.153901
2026-05-02 12:00:00+02:00,19.264,5.495161,12.599999,0.0,0.0,40700.0,2.3236039,13.781546
2026-05-02 13:00:00+02:00,20.514,4.2136917,8.28,0.0,0.0,41180.0,1.8788835,12.659634
2026-05-02 14:00:00+02:00,21.514,3.7064266,11.5199995,3.0,0.0,41240.0,1.0189676,13.398848
2026-05-02 15:00:00+02:00,22.264,5.1544156,12.599999,0.0,0.0,42080.0,0.64445174,15.517241
2026-05-02 16:00:00+02:00,22.664,6.849467,12.599999,0.0,0.0,44760.0,2.9178793,15.329903
2026-05-02 17:00:00+02:00,22.864,5.154415,11.5199995,0.0,0.0,44140.0,5.562481,16.102081
2026-05-02 18:00:00+02:00,22.764,4.510787,9.72,0.0,0.0,43480.0,3.3175182,16.292364
2026-05-02 19:00:00+02:00,22.214,4.3498964,10.440001,0.0,0.0,44700.0,2.7718916,16.327795
2026-05-02 20:00:00+02:00,20.664,1.609969,7.2,0.0,0.0,41660.0,1.643036,15.517241
2026-05-02 21:00:00+02:00,18.964,6.9153743,13.32,21.0,0.0,39740.0,2.6571426,17.555754
2026-05-02 22:00:00+02:00,17.314001,7.172949,17.64,0.0,0.0,39940.0,3.67394,21.112574
2026-05-02 23:00:00+02:00,16.264,5.4119864,15.84,0.0,0.0,39620.0,2.3236039,19.331268
2026-05-03 00:00:00+02:00,15.614,6.489992,15.4800005,0.0,0.0,38680.0,5.094838,19.251385
2026-05-03 01:00:00+02:00,15.114,6.489992,16.56,0.0,0.0,37120.0,10.189676,22.379284
2026-05-03 02:00:00+02:00,14.264,4.73506,15.84,19.0,0.0,35740.0,8.151741,19.49005
2026-05-03 03:00:00+02:00,14.014,3.6179552,12.599999,22.0,0.0,37780.0,7.0889688,18.999592
2026-05-03 04:00:00+02:00,13.464001,2.9024127,9.0,3.0,0.0,38120.0,5.094838,19.987747
2026-05-03 05:00:00+02:00,13.114,0.71999997,9.0,0.0,0.0,39060.0,2.9178793,25.928188
2026-05-03 06:00:00+02:00,12.764,4.2136917,6.4799995,0.0,0.0,38780.0,9.383359,25.051575
2026-05-03 07:00:00+02:00,11.564,6.2145634,10.440001,0.0,0.0,31320.0,5.6366506,17.577684
2026-05-03 08:00:00+02:00,13.264,6.924738,15.4800005,0.0,0.0,37920.0,6.524576,14.543223
2026-05-03 09:00:00+02:00,14.514,12.074766,25.199999,0.0,0.0,39640.0,10.677303,16.398428
2026-05-03 10:00:00+02:00,16.114,14.264361,26.64,5.0,0.0,40820.0,18.882545,16.433628
2026-05-03 11:00:00+02:00,18.214,7.6367526,26.28,0.0,0.0,42400.0,10.118097,16.185604
2026-05-03 12:00:00+02:00,19.464,3.563818,14.759999,0.0,0.0,42560.0,2.278481,15.824542
2026-05-03 13:00:00+02:00,20.014,4.510787,14.04,0.0,0.0,41480.0,2.7718916,16.398428
2026-05-03 14:00:00+02:00,20.864,3.7585104,14.04,0.0,0.0,42520.0,2.3236039,15.861018
2026-05-03 15:00:00+02:00,21.364,5.6920996,13.679999,0.0,0.0,42540.0,3.286072,15.554438
2026-05-03 16:00:00+02:00,21.214,12.181625,17.28,0.0,0.0,42300.0,12.030725,18.98945
2026-05-03 17:00:00+02:00,19.364,18.861387,29.16,9.0,0.0,42960.0,23.661121,5.6205835
2026-05-03 18:00:00+02:00,14.4140005,22.319998,48.6,60.0,2.4,9240.0,21.553034,39.201843
2026-05-03 19:00:00+02:00,15.064,8.669949,36.719997,33.0,0.3,40420.0,11.087566,34.413307
2026-05-03 20:00:00+02:00,13.9140005,6.792466,22.68,0.0,0.0,35420.0,13.836966,33.769165
2026-05-03 21:00:00+02:00,13.564,3.671294,16.199999,0.0,0.0,34400.0,11.618018,28.477415
2026-05-03 22:00:00+02:00,12.764,7.5170207,17.64,0.0,0.0,30240.0,14.410378,35.28663
2026-05-03 23:00:00+02:00,12.964001,1.2979984,20.16,0.0,0.1,38280.0,20.907467,46.323578
2026-05-04 00:00:00+02:00,12.364,3.5455887,9.0,4.0,0.0,34460.0,16.587591,41.590836
2026-05-04 01:00:00+02:00,11.964001,3.0547013,7.2,0.0,0.0,31640.0,15.086228,32.54332
2026-05-04 02:00:00+02:00,11.514,1.9386592,7.2,0.0,0.0,28600.0,11.537306,30.83522
2026-05-04 03:00:00+02:00,11.314,2.52,4.68,0.0,0.0,35060.0,7.34788,22.422277
2026-05-04 04:00:00+02:00,11.364,1.484318,3.6,0.0,0.0,36940.0,4.1265044,16.386677
2026-05-04 05:00:00+02:00,10.564,4.0249224,8.28,0.0,0.0,33680.0,7.7468357,17.21225
2026-05-04 06:00:00+02:00,10.314,4.1046314,7.5599995,0.0,0.0,30200.0,11.419714,12.226168
2026-05-04 07:00:00+02:00,10.814,4.3349743,11.5199995,0.0,0.0,30220.0,15.311664,13.612786
2026-05-04 08:00:00+02:00,11.214001,4.2136917,10.08,0.0,0.0,28820.0,18.594416,14.396789
2026-05-04 09:00:00+02:00,13.114,4.3349743,12.599999,0.0,0.0,36080.0,22.347704,13.556066
2026-05-04 10:00:00+02:00,14.464001,6.989936,14.4,0.0,0.0,37440.0,24.800928,13.556066
2026-05-04 11:00:00+02:00,15.4140005,7.4128532,19.44,0.0,0.0,39080.0,23.258368,23.065948
2026-05-04 12:00:00+02:00,15.6640005,7.7879906,16.919998,3.0,0.0,37240.0,7.418196,28.531475
2026-05-04 13:00:00+02:00,17.114,9.178235,23.4,13.0,0.0,38980.0,6.524576,24.593725
2026-05-04 14:00:00+02:00,18.764,6.3690495,18.359999,0.0,0.0,41020.0,1.4410379,24.206896
2026-05-04 15:00:00+02:00,19.014,9.686609,20.16,0.0,0.0,41420.0,9.383359,24.827585
2026-05-04 16:00:00+02:00,18.864,10.630672,23.039999,85.0,0.0,41400.0,11.419714,32.22808
2026-05-04 17:00:00+02:00,17.164,16.62249,25.919998,47.0,0.0,38740.0,8.987734,32.773354
2026-05-04 18:00:00+02:00,13.614,24.522316,50.039997,72.0,0.0,27400.0,12.269996,39.083733
2026-05-04 19:00:00+02:00,12.814,20.16,44.28,70.0,0.0,25880.0,5.3142853,29.82541
2026-05-04 20:00:00+02:00,11.814,16.215992,37.44,51.0,0.0,27460.0,5.8357587,26.105885
2026-05-04 21:00:00+02:00,11.314,10.805999,29.16,19.0,0.0,24720.0,6.1307654,32.042255
2026-05-04 22:00:00+02:00,11.014,6.489992,25.56,20.0,0.0,25400.0,4.907998,33.3097
2026-05-04 23:00:00+02:00,10.514,3.8773184,15.119999,0.0,0.0,23680.0,10.391472,32.036243
2026-05-05 00:00:00+02:00,10.064,2.0991426,9.72,0.0,0.0,23280.0,12.379514,30.024958
2026-05-05 01:00:00+02:00,9.964001,0.5091169,6.4799995,0.0,0.0,24920.0,11.618018,27.317396
2026-05-05 02:00:00+02:00,9.114,2.6208394,5.04,8.0,0.0,15880.0,6.7744107,24.554531
2026-05-05 03:00:00+02:00,9.264,2.0364676,5.04,12.0,0.0,18620.0,4.323114,16.75862
2026-05-05 04:00:00+02:00,9.014,4.1046314,4.32,3.0,0.0,19440.0,4.201311,14.396789
2026-05-05 05:00:00+02:00,8.4140005,1.2979984,4.32,0.0,0.0,17740.0,5.333787,12.194616
2026-05-05 06:00:00+02:00,8.014,3.7064266,7.5599995,5.0,0.0,12760.0,3.3175182,15.702343
2026-05-05 07:00:00+02:00,8.464001,3.8268526,6.4799995,20.0,0.0,9740.0,1.8227848,13.739551
2026-05-05 08:00:00+02:00,9.264,3.9763298,8.64,0.0,0.0,11100.0,3.4704785,21.112574
2026-05-05 09:00:00+02:00,10.364,4.6938252,10.440001,0.0,0.0,16380.0,7.515534,31.189268
2026-05-05 10:00:00+02:00,11.314,4.6938252,12.599999,5.0,0.0,24160.0,8.21518,28.612377
2026-05-05 11:00:00+02:00,11.864,1.484318,11.5199995,28.0,0.0,27900.0,9.350104,38.39255
2026-05-05 12:00:00+02:00,12.814,2.52,7.5599995,41.0,0.0,32380.0,5.941551,36.085506
2026-05-05 13:00:00+02:00,13.514,3.0758414,9.72,77.0,0.2,31920.0,11.012396,36.919292
2026-05-05 14:00:00+02:00,13.864,7.754637,21.599998,34.0,0.1,33980.0,15.713261,34.89689
2026-05-05 15:00:00+02:00,15.014,7.9526596,19.44,29.0,0.0,37320.0,28.098392,29.507248
2026-05-05 16:00:00+02:00,14.964001,19.164719,36.0,95.0,0.0,37540.0,27.530989,31.465965
2026-05-05 17:00:00+02:00,13.764,22.33161,40.68,84.0,0.0,34000.0,27.074642,22.999043
2026-05-05 18:00:00+02:00,12.114,19.386591,45.36,53.0,1.2,19940.0,27.189447,40.057327
2026-05-05 19:00:00+02:00,12.014,14.264361,38.519997,44.0,0.1,28260.0,24.64554,53.020847
2026-05-05 20:00:00+02:00,11.9140005,7.8625183,25.199999,40.0,0.0,32380.0,45.551388,52.700165
2026-05-05 21:00:00+02:00,11.064,9.3876505,20.880001,39.0,0.0,31380.0,36.7394,46.05668
2026-05-05 22:00:00+02:00,10.9140005,7.342588,19.8,44.0,0.0,31520.0,34.177216,35.504314
2026-05-05 23:00:00+02:00,10.764,9.726664,23.759998,81.0,0.5,29520.0,33.83218,31.612547
2026-05-06 00:00:00+02:00,10.764,11.090103,25.56,43.0,0.2,28460.0,44.632645,30.286854
2026-05-06 01:00:00+02:00,10.714001,10.931203,26.28,37.0,0.8,29520.0,48.303795,22.77178
2026-05-06 02:00:00+02:00,10.314,10.315115,27.0,52.0,0.0,24880.0,43.86298,22.014801
2026-05-06 03:00:00+02:00,10.014,6.439876,23.759998,0.0,0.2,27700.0,35.073807,23.331656
2026-05-06 04:00:00+02:00,9.714001,6.28713,16.919998,19.0,0.1,28600.0,25.701426,22.82248
2026-05-06 05:00:00+02:00,9.564,5.1544156,18.359999,0.0,0.0,29400.0,18.301748,28.880415
2026-05-06 06:00:00+02:00,8.964001,1.8,13.679999,0.0,0.0,25900.0,10.118097,29.297602
2026-05-06 07:00:00+02:00,9.114,0.35999998,5.3999996,0.0,0.0,27700.0,6.347113,24.554531
2026-05-06 08:00:00+02:00,9.814,3.6,5.7599998,0.0,0.0,21780.0,5.487309,23.17426
2026-05-06 09:00:00+02:00,10.364,2.968636,13.32,41.0,0.0,18700.0,3.67394,32.281826
2026-05-06 10:00:00+02:00,11.4140005,3.7064266,10.440001,81.0,0.0,29300.0,1.9333551,22.041037
2026-05-06 11:00:00+02:00,11.1640005,1.835647,8.28,78.0,0.3,11540.0,4.0758705,20.632679
2026-05-06 12:00:00+02:00,11.614,4.73506,9.36,100.0,0.6,26160.0,5.094838,34.847176
2026-05-06 13:00:00+02:00,11.814,12.261158,26.28,100.0,0.4,16400.0,11.273301,27.792759
2026-05-06 14:00:00+02:00,9.464001,24.014996,49.32,98.0,2.9,10280.0,44.25887,20.66999
2026-05-06 15:00:00+02:00,9.564,21.41319,55.8,65.0,2.4,12960.0,43.501682,45.52664
2026-05-06 16:00:00+02:00,10.514,22.206486,42.12,67.0,0.3,32240.0,48.280144,59.98894
2026-05-06 17:00:00+02:00,10.114,21.068459,44.639996,67.0,0.1,32040.0,40.758705,55.045757
2026-05-06 18:00:00+02:00,10.4140005,22.427162,45.719997,73.0,0.0,33360.0,40.80962,55.79306
2026-05-06 19:00:00+02:00,10.214001,15.937878,41.039997,12.0,0.0,31700.0,44.518505,50.714558
2026-05-06 20:00:00+02:00,9.464001,13.910169,31.319998,0.0,0.0,29580.0,42.56554,44.143208
2026-05-06 21:00:00+02:00,8.6640005,10.829958,26.28,0.0,0.0,26340.0,47.813362,51.67777
2026-05-06 22:00:00+02:00,7.9639997,6.9527545,24.48,0.0,0.0,20060.0,43.231136,45.259296
2026-05-06 23:00:00+02:00,7.8139997,9.178235,17.28,47.0,0.0,27860.0,40.94171,43.221573
2026-05-07 00:00:00+02:00,7.764,9.227524,24.48,34.0,0.0,28200.0,42.670296,43.7311
2026-05-07 01:00:00+02:00,7.3139997,10.636766,25.199999,26.0,0.0,24360.0,50.885166,44.50392
2026-05-07 02:00:00+02:00,7.2139997,15.379206,29.16,78.0,0.0,19860.0,58.67166,43.753117
2026-05-07 03:00:00+02:00,7.5639997,13.910169,34.92,65.0,0.2,22620.0,53.98798,40.668198
2026-05-07 04:00:00+02:00,7.364,11.525623,32.399998,58.0,0.1,19980.0,49.89405,40.344826
2026-05-07 05:00:00+02:00,7.614,11.384199,24.84,86.0,0.1,19740.0,53.71806,38.70735
2026-05-07 06:00:00+02:00,7.614,11.841756,27.72,76.0,0.0,16520.0,46.67272,40.668198
2026-05-07 07:00:00+02:00,7.7139997,9.114471,25.199999,75.0,0.1,15720.0,36.64319,38.287045
2026-05-07 08:00:00+02:00,8.1640005,8.557102,20.880001,41.0,0.3,17180.0,35.491684,35.74224
2026-05-07 09:00:00+02:00,8.764,10.390226,20.880001,82.0,0.0,22180.0,39.25605,33.905792
2026-05-07 10:00:00+02:00,9.764,9.531505,23.039999,79.0,0.0,29680.0,31.548529,34.4245
2026-05-07 11:00:00+02:00,10.464001,11.212135,19.08,82.0,0.0,32640.0,26.006641,35.04561
2026-05-07 12:00:00+02:00,11.814,12.6462,25.199999,87.0,0.0,37080.0,19.931175,28.880415
2026-05-07 13:00:00+02:00,13.264,11.212135,25.56,47.0,0.0,38720.0,20.11784,27.493116
2026-05-07 14:00:00+02:00,14.314,10.8955765,23.759998,61.0,0.0,40060.0,19.128386,27.04099
2026-05-07 15:00:00+02:00,14.764,8.39657,24.119999,53.0,0.0,39880.0,9.815996,27.373749
2026-05-07 16:00:00+02:00,14.6640005,7.42159,17.28,88.0,0.0,38480.0,5.7641516,35.989296
2026-05-07 17:00:00+02:00,14.014,10.853866,21.24,88.0,0.0,38940.0,8.800955,29.611515
2026-05-07 18:00:00+02:00,14.014,9.255571,20.880001,59.0,0.0,39000.0,4.844117,33.036785
2026-05-07 19:00:00+02:00,13.614,8.311245,19.08,55.0,0.0,39280.0,2.6571426,30.659805
2026-05-07 20:00:00+02:00,12.964001,7.5942082,16.199999,65.0,0.0,38340.0,8.215179,25.659342
2026-05-07 21:00:00+02:00,11.514,7.24486,16.919998,49.0,0.0,37740.0,8.315675,27.931032
2026-05-07 22:00:00+02:00,10.9140005,7.0911775,18.0,75.0,0.0,36780.0,14.1559515,27.26799
2026-05-07 23:00:00+02:00,10.314,7.968939,18.359999,75.0,0.0,33520.0,13.79187,28.612377
2026-05-08 00:00:00+02:00,9.9140005,7.8625183,19.44,59.0,0.0,31020.0,14.1559515,34.430096
2026-05-08 01:00:00+02:00,9.264,9.021574,20.16,15.0,0.0,28640.0,12.537857,37.199974
2026-05-08 02:00:00+02:00,8.064,4.6938257,19.8,0.0,0.0,22640.0,8.765491,41.405163
2026-05-08 03:00:00+02:00,7.4639997,2.9024127,9.72,0.0,0.0,22340.0,7.0743074,39.201843
2026-05-08 04:00:00+02:00,7.014,2.2768397,2.8799999,0.0,0.0,21680.0,7.7334204,36.919292
2026-05-08 05:00:00+02:00,6.7139997,1.484318,3.2399998,13.0,0.0,19040.0,9.113924,32.37121
2026-05-08 06:00:00+02:00,6.9639997,1.1384199,1.8,0.0,0.0,17480.0,12.44643,33.88306
2026-05-08 07:00:00+02:00,7.364,1.9386592,2.52,0.0,0.0,17820.0,10.870049,31.65517
2026-05-08 08:00:00+02:00,8.564,0.8049845,3.6,47.0,0.0,10020.0,9.994198,23.88647
2026-05-08 09:00:00+02:00,11.114,1.2979984,7.2,41.0,0.0,27560.0,10.974618,20.818563
2026-05-08 10:00:00+02:00,12.964001,2.5959969,7.5599995,48.0,0.0,32020.0,11.319258,15.554438
2026-05-08 11:00:00+02:00,14.064,2.16,10.08,48.0,0.0,36760.0,9.227144,20.864775
2026-05-08 12:00:00+02:00,15.9140005,1.08,6.4799995,37.0,0.0,39360.0,7.0743074,18.454428
2026-05-08 13:00:00+02:00,17.314001,2.1897945,7.92,77.0,0.0,40760.0,1.8788835,17.773846
2026-05-08 14:00:00+02:00,17.814001,4.452954,10.799999,67.0,0.0,40600.0,3.3175182,19.430658
2026-05-08 15:00:00+02:00,18.114,7.42159,13.679999,85.0,0.0,40860.0,1.8227848,23.95894
2026-05-08 16:00:00+02:00,18.664,8.373386,11.159999,0.0,0.0,41440.0,3.2222586,20.66067
2026-05-08 17:00:00+02:00,18.964,10.703569,17.64,41.0,0.0,41720.0,10.035667,16.386677
2026-05-08 18:00:00+02:00,18.614,8.942214,19.44,14.0,0.0,41800.0,11.883102,7.5510154
2026-05-08 19:00:00+02:00,17.814001,7.127636,15.84,14.0,0.0,41860.0,11.031237,10.551724
2026-05-08 20:00:00+02:00,15.264,7.2,11.5199995,15.0,0.0,34320.0,12.039351,24.42869
2026-05-08 21:00:00+02:00,14.264,4.198285,12.959999,15.0,0.0,31960.0,12.84061,19.725824
2026-05-08 22:00:00+02:00,13.9140005,2.1897945,7.92,31.0,0.0,34020.0,13.285713,15.329903
2026-05-08 23:00:00+02:00,11.714001,5.6002855,18.359999,56.0,0.0,3220.0,5.094838,3.1649084
2026-05-09 00:00:00+02:00,11.4140005,3.7064266,9.36,42.0,3.8,15000.0,8.513107,28.068626
2026-05-09 01:00:00+02:00,10.564,8.225035,19.44,0.0,0.0,15000.0,16.265226,21.112574
2026-05-09 02:00:00+02:00,10.064,5.771239,21.96,4.0,0.0,16240.0,8.800955,24.835342
2026-05-09 03:00:00+02:00,9.814,1.4399999,15.119999,0.0,0.0,25160.0,7.515534,26.660769
2026-05-09 04:00:00+02:00,9.314,3.396233,11.159999,61.0,0.0,2180.0,12.636843,21.71527
2026-05-09 05:00:00+02:00,9.1640005,3.219938,8.28,70.0,0.0,1320.0,11.254866,18.25503
2026-05-09 06:00:00+02:00,9.014,1.484318,9.72,54.0,0.0,4540.0,9.815996,16.245003
2026-05-09 07:00:00+02:00,9.564,4.510787,8.28,40.0,0.0,9920.0,7.3053656,19.281382
2026-05-09 08:00:00+02:00,10.4140005,3.8268526,8.28,66.0,0.0,980.0,5.993747,16.677967
2026-05-09 09:00:00+02:00,12.114,2.5959969,9.36,50.0,0.0,4460.0,5.941551,16.245003
2026-05-09 10:00:00+02:00,13.964001,0.8049845,6.8399997,31.0,0.0,27180.0,2.7718916,17.577684
2026-05-09 11:00:00+02:00,15.9140005,2.0991426,7.2,37.0,0.0,36360.0,2.9178793,14.153901
2026-05-09 12:00:00+02:00,17.314001,4.0249224,9.36,56.0,0.0,36660.0,3.4704785,10.569963
2026-05-09 13:00:00+02:00,18.514,5.8048253,8.64,5.0,0.0,40480.0,2.8820758,11.394346
2026-05-09 14:00:00+02:00,19.764,7.7879906,10.440001,12.0,0.0,41040.0,6.572144,10.606349
2026-05-09 15:00:00+02:00,20.214,10.799999,14.4,80.0,0.0,41120.0,8.706063,13.556066
2026-05-09 16:00:00+02:00,20.714,9.885262,15.4800005,0.0,0.0,41980.0,12.0307255,12.795845
2026-05-09 17:00:00+02:00,20.864,12.413477,18.0,0.0,0.0,42580.0,16.053188,8.689655
2026-05-09 18:00:00+02:00,20.664,10.483357,20.16,0.0,0.0,42680.0,13.708807,11.793103
2026-05-09 19:00:00+02:00,20.164,10.799999,21.24,0.0,0.0,42120.0,17.32245,15.566816
2026-05-09 20:00:00+02:00,18.864,10.514218,19.08,0.0,0.0,41600.0,19.852879,17.914183
2026-05-09 21:00:00+02:00,16.914,9.178235,24.119999,0.0,0.0,41820.0,17.69604,11.103232
2026-05-09 22:00:00+02:00,16.514,8.404285,20.519999,0.0,0.0,42640.0,17.32245,5.3031745
2026-05-09 23:00:00+02:00,15.364,4.6938257,19.08,0.0,0.0,41760.0,12.889034,3.7755077
2026-05-10 00:00:00+02:00,14.6640005,5.3517847,11.159999,0.0,0.0,41560.0,13.739071,6.2068963
2026-05-10 01:00:00+02:00,14.014,4.3498964,10.440001,0.0,0.0,41200.0,11.537306,2.5591688
2026-05-10 02:00:00+02:00,13.114,5.6233797,10.08,0.0,0.0,39740.0,12.269995,3.5111506
2026-05-10 03:00:00+02:00,12.764,4.198285,11.5199995,0.0,0.0,39220.0,11.501252,6.2378535
2026-05-10 04:00:00+02:00,12.6640005,3.671294,9.0,0.0,0.0,39420.0,11.254866,8.281033
2026-05-10 05:00:00+02:00,12.1640005,5.0142193,11.159999,0.0,0.0,35780.0,9.350104,8.1638975
2026-05-10 06:00:00+02:00,11.764,2.4149535,9.36,0.0,0.0,36120.0,11.282507,14.329733
2026-05-10 07:00:00+02:00,12.1640005,4.452954,8.64,0.0,0.0,37820.0,11.254866,16.804535
2026-05-10 08:00:00+02:00,12.614,2.0991426,9.0,0.0,0.0,30920.0,7.3619976,13.268828
2026-05-10 09:00:00+02:00,15.114,4.198285,7.92,0.0,0.0,35820.0,9.815996,10.839878
2026-05-10 10:00:00+02:00,15.964001,6.2145634,12.959999,0.0,0.0,35960.0,17.292456,10.1040945
2026-05-10 11:00:00+02:00,17.214,7.8625183,22.68,0.0,0.0,40040.0,12.961332,15.367554
2026-05-10 12:00:00+02:00,18.064001,9.19939,20.519999,40.0,0.0,39460.0,11.254866,19.98775
2026-05-10 13:00:00+02:00,18.064001,9.178235,18.72,5.0,0.0,40280.0,7.958391,16.884583
2026-05-10 14:00:00+02:00,18.964,7.289445,18.0,39.0,0.0,40080.0,5.8000655,30.108244
2026-05-10 15:00:00+02:00,18.764,8.089993,16.56,63.0,0.0,40420.0,6.198138,29.818954
2026-05-10 16:00:00+02:00,18.214,12.43434,20.16,82.0,0.0,40180.0,15.284515,22.422277
2026-05-10 17:00:00+02:00,14.714001,12.7279215,37.8,100.0,1.9,2380.0,23.056606,5.5862064
2026-05-10 18:00:00+02:00,13.514,15.273505,29.88,100.0,8.6,3800.0,26.680613,36.51006
2026-05-10 19:00:00+02:00,13.764,12.287555,30.960001,3.0,0.4,25500.0,28.88553,39.53944
2026-05-10 20:00:00+02:00,13.4140005,11.620809,24.119999,19.0,0.0,25300.0,30.1759,45.463127
2026-05-10 21:00:00+02:00,12.6640005,10.464797,22.68,15.0,0.0,26640.0,26.114214,55.827576
2026-05-10 22:00:00+02:00,12.014,4.39436,22.68,45.0,0.0,26420.0,21.006557,57.48672
2026-05-10 23:00:00+02:00,11.464001,4.0249224,12.24,0.0,0.0,19280.0,24.476442,55.269268
2026-05-11 00:00:00+02:00,11.4140005,4.8965297,11.5199995,31.0,0.0,10360.0,29.455038,45.989704
2026-05-11 01:00:00+02:00,11.614,4.1046314,11.5199995,65.0,0.0,1760.0,39.68745,37.70402
2026-05-11 02:00:00+02:00,11.764,8.891344,18.0,41.0,0.1,21260.0,37.09938,56.137253
2026-05-11 03:00:00+02:00,11.264,14.494192,32.399998,25.0,0.0,20160.0,52.5495,41.752625
2026-05-11 04:00:00+02:00,11.314,11.631956,31.319998,31.0,0.2,18840.0,47.89798,40.416378
2026-05-11 05:00:00+02:00,11.1640005,12.10157,30.960001,49.0,0.3,20340.0,48.586697,36.11219
2026-05-11 06:00:00+02:00,10.464001,17.811815,40.68,85.0,0.1,26780.0,49.94605,44.41293
2026-05-11 07:00:00+02:00,10.514,8.39657,30.239998,39.0,0.0,29280.0,43.38697,40.819485
2026-05-11 08:00:00+02:00,10.764,17.462782,24.119999,74.0,0.0,32100.0,53.673584,43.078724
2026-05-11 09:00:00+02:00,10.314,19.930477,37.079998,100.0,0.7,20000.0,75.40085,53.545048
2026-05-11 10:00:00+02:00,10.714001,23.313995,45.0,93.0,0.2,22840.0,58.645107,62.93805
2026-05-11 11:00:00+02:00,11.1640005,21.758419,53.28,91.0,0.1,18360.0,71.08861,69.11986
2026-05-11 12:00:00+02:00,11.864,27.66384,62.279995,89.0,0.0,31540.0,59.70837,67.24392
2026-05-11 13:00:00+02:00,12.964001,30.244286,62.639996,82.0,0.0,37640.0,65.8682,62.068962
2026-05-11 14:00:00+02:00,13.114,29.374763,60.839996,75.0,0.0,36540.0,57.251114,64.8019
2026-05-11 15:00:00+02:00,13.864,24.1388,59.039997,75.0,0.1,37200.0,55.16183,62.332203
2026-05-11 16:00:00+02:00,12.064,22.963936,51.839996,74.0,1.4,31380.0,59.71533,59.783077
2026-05-11 17:00:00+02:00,12.864,27.943512,54.0,39.0,0.1,38620.0,57.71352,68.17422
2026-05-11 18:00:00+02:00,12.6640005,23.83624,53.639996,0.0,0.0,38860.0,65.73408,63.85867
2026-05-11 19:00:00+02:00,12.264,19.386591,48.239998,75.0,0.0,36020.0,65.73408,66.12311
2026-05-11 20:00:00+02:00,8.864,23.132626,63.72,100.0,2.0,15940.0,75.52606,71.53296
2026-05-11 21:00:00+02:00,8.964001,22.314194,48.6,100.0,0.6,23300.0,69.98905,61.029922
2026-05-11 22:00:00+02:00,8.064,20.771093,50.039997,98.0,1.7,17700.0,46.349026,62.738792
2026-05-11 23:00:00+02:00,6.114,12.594856,39.239998,100.0,1.6,13340.0,39.01462,57.84415
2026-05-12 00:00:00+02:00,5.8139997,15.124284,33.12,96.0,1.1,24500.0,44.11083,66.59915
2026-05-12 01:00:00+02:00,5.5639997,9.36,26.64,74.0,0.2,25160.0,28.135319,70.89189
2026-05-12 02:00:00+02:00,5.364,6.193674,18.0,53.0,0.0,18140.0,21.725767,69.61692
2026-05-12 03:00:00+02:00,4.5639997,5.1165614,15.4800005,100.0,0.0,23740.0,21.66355,49.507538
2026-05-12 04:00:00+02:00,4.8139997,7.9036193,18.72,100.0,0.5,21200.0,29.676287,31.63082
2026-05-12 05:00:00+02:00,4.514,11.246759,23.4,69.0,0.4,24160.0,32.822784,37.6938
2026-05-12 06:00:00+02:00,0.614,10.594036,31.319998,100.0,3.3,80.0,26.086369,42.9892
2026-05-12 07:00:00+02:00,2.0640001,5.6233797,20.519999,88.0,3.5,14900.0,28.45092,46.885696
2026-05-12 08:00:00+02:00,2.8140001,10.594036,28.08,89.0,0.4,13020.0,33.002598,45.581615
2026-05-12 09:00:00+02:00,3.464,9.3876505,21.96,100.0,0.3,22980.0,20.009163,44.360855
2026-05-12 10:00:00+02:00,4.614,10.636766,22.319998,100.0,0.0,30980.0,22.42192,48.983383
2026-05-12 11:00:00+02:00,6.014,8.287822,22.68,96.0,0.0,35540.0,22.347704,33.367477
2026-05-12 12:00:00+02:00,7.664,13.661038,28.8,73.0,0.0,40000.0,18.904528,40.344826
2026-05-12 13:00:00+02:00,8.364,13.441071,29.88,43.0,0.0,40740.0,19.85288,39.083736
2026-05-12 14:00:00+02:00,9.514,14.917212,32.399998,20.0,0.0,41520.0,22.898449,30.082644
2026-05-12 15:00:00+02:00,10.264,15.629972,33.48,68.0,0.0,42280.0,24.611814,26.054182
2026-05-12 16:00:00+02:00,10.6640005,16.09969,36.0,0.0,0.0,42860.0,27.436544,26.164846
2026-05-12 17:00:00+02:00,10.814,14.440443,33.12,24.0,0.0,44300.0,22.80303,29.799566
2026-05-12 18:00:00+02:00,11.114,12.57426,28.08,3.0,0.0,42980.0,20.343658,30.659805
2026-05-12 19:00:00+02:00,10.014,10.028439,28.08,3.0,0.0,41400.0,13.152184,31.410818
2026-05-12 20:00:00+02:00,9.214001,7.968939,23.039999,0.0,0.0,42340.0,15.73307,27.716415
2026-05-12 21:00:00+02:00,7.8139997,7.5685663,18.359999,0.0,0.0,40640.0,11.392405,28.041162
2026-05-12 22:00:00+02:00,7.2139997,3.219938,17.28,0.0,0.0,42040.0,9.482423,31.108875
2026-05-12 23:00:00+02:00,6.264,1.4399999,8.64,0.0,0.0,41500.0,8.95301,36.085506
2026-05-13 00:00:00+02:00,5.764,1.8,2.16,0.0,0.0,41680.0,10.118097,31.600355
2026-05-13 01:00:00+02:00,5.3139997,2.1897945,3.6,0.0,0.0,41380.0,9.350104,26.105885
2026-05-13 02:00:00+02:00,4.8139997,4.39436,8.28,0.0,0.0,39860.0,15.587208,29.441893
2026-05-13 03:00:00+02:00,4.5639997,2.8116899,8.64,0.0,0.0,39800.0,14.64622,27.758083
2026-05-13 04:00:00+02:00,4.514,1.484318,6.4799995,0.0,0.0,40300.0,13.246579,29.27787
2026-05-13 05:00:00+02:00,3.864,3.7064266,5.3999996,4.0,0.0,34680.0,14.610731,38.48776
2026-05-13 06:00:00+02:00,3.964,2.9024127,8.28,0.0,0.0,33920.0,19.231243,41.19528
2026-05-13 07:00:00+02:00,4.414,2.5959969,9.72,0.0,0.0,36760.0,25.265467,43.368397
2026-05-13 08:00:00+02:00,5.864,5.495161,14.759999,0.0,0.0,37960.0,25.559643,47.143818
2026-05-13 09:00:00+02:00,7.514,11.525623,23.039999,0.0,0.0,40160.0,29.3137,47.049744
2026-05-13 10:00:00+02:00,8.814,14.689589,30.599998,0.0,0.0,39860.0,45.322876,48.11846
2026-05-13 11:00:00+02:00,10.464001,20.037485,43.92,2.0,0.0,41080.0,38.35706,48.810047
2026-05-13 12:00:00+02:00,11.864,22.530937,45.36,3.0,0.0,42000.0,37.009712,52.244965
2026-05-13 13:00:00+02:00,12.764,25.171696,51.48,0.0,0.0,42340.0,41.378117,54.655945
2026-05-13 14:00:00+02:00,12.9140005,22.782625,55.079998,22.0,0.0,41940.0,41.688107,54.19939
2026-05-13 15:00:00+02:00,13.564,25.683926,53.639996,0.0,0.0,42500.0,45.04943,41.62787
2026-05-13 16:00:00+02:00,13.9140005,27.551172,57.239998,0.0,0.0,42800.0,53.94373,49.081596
2026-05-13 17:00:00+02:00,13.064,26.220753,58.679996,0.0,0.0,42220.0,51.751118,55.43978
2026-05-13 18:00:00+02:00,12.714001,24.993439,54.0,0.0,0.0,41600.0,56.574272,55.283207
2026-05-13 19:00:00+02:00,12.064,24.64094,53.639996,0.0,0.0,41420.0,67.86813,61.08355
2026-05-13 20:00:00+02:00,11.614,25.842384,49.68,0.0,0.0,41840.0,65.874504,59.174217
2026-05-13 21:00:00+02:00,10.864,21.42227,51.839996,0.0,0.0,41100.0,66.18899,65.98021
2026-05-13 22:00:00+02:00,10.264,19.809813,41.760002,0.0,0.0,41020.0,70.509315,70.07198
2026-05-13 23:00:00+02:00,8.314,23.42491,45.719997,98.0,0.3,36160.0,68.35443,71.96788
2026-05-14 00:00:00+02:00,8.214,23.4,55.8,47.0,0.3,37260.0,77.61832,79.12028
2026-05-14 01:00:00+02:00,6.914,27.475807,55.079998,100.0,0.8,16140.0,63.543068,70.6878
2026-05-14 02:00:00+02:00,5.8139997,25.516865,50.76,90.0,0.8,20620.0,68.014854,71.65673
2026-05-14 03:00:00+02:00,6.2139997,19.64228,47.16,100.0,0.1,23320.0,63.422047,75.27509
2026-05-14 04:00:00+02:00,6.264,19.64228,37.8,82.0,0.2,26680.0,58.83954,77.586205
2026-05-14 05:00:00+02:00,5.9639997,18.03237,37.079998,77.0,0.1,24560.0,63.72582,73.3071
2026-05-14 06:00:00+02:00,5.914,10.315115,36.36,88.0,0.1,20400.0,54.778397,73.99755
2026-05-14 07:00:00+02:00,5.9639997,10.163227,26.28,100.0,0.2,13460.0,48.131527,64.42029
2026-05-14 08:00:00+02:00,6.264,14.264361,34.2,48.0,0.6,18460.0,63.400753,70.247696
2026-05-14 09:00:00+02:00,7.364,17.106628,36.719997,62.0,0.0,20460.0,60.429165,62.180584
2026-05-14 10:00:00+02:00,7.914,21.046917,43.92,64.0,0.0,32320.0,51.20249,64.22264
2026-05-14 11:00:00+02:00,7.0639997,20.478907,50.399998,76.0,0.1,28020.0,42.818466,66.93383
2026-05-14 12:00:00+02:00,6.4639997,25.959969,50.76,98.0,0.3,12820.0,46.501114,57.790836
2026-05-14 13:00:00+02:00,6.264,21.129885,48.6,83.0,1.4,16940.0,41.508396,53.985725
2026-05-14 14:00:00+02:00,6.664,21.99538,48.96,85.0,0.5,25100.0,40.720474,62.594322
2026-05-14 15:00:00+02:00,8.564,21.046917,46.8,63.0,0.0,37420.0,40.41334,60.941483
2026-05-14 16:00:00+02:00,9.364,18.556595,47.16,76.0,0.0,38900.0,33.002594,56.920994
2026-05-14 17:00:00+02:00,8.964001,22.077717,42.48,56.0,0.0,38760.0,35.544304,56.01702
2026-05-14 18:00:00+02:00,8.114,23.73271,49.32,97.0,0.1,36100.0,38.25677,46.38591
2026-05-14 19:00:00+02:00,8.1640005,20.037485,41.039997,14.0,0.0,38100.0,39.791958,43.928867
2026-05-14 20:00:00+02:00,7.7139997,14.934577,35.28,6.0,0.0,38960.0,36.11231,51.997345
2026-05-14 21:00:00+02:00,6.4639997,15.815435,30.239998,67.0,0.0,35060.0,38.175266,35.330273
2026-05-14 22:00:00+02:00,5.514,9.339208,26.64,2.0,0.0,30180.0,42.252155,35.04561
2026-05-14 23:00:00+02:00,4.7139997,9.021574,20.16,49.0,0.0,27300.0,38.701992,32.58473
2026-05-15 00:00:00+02:00,4.864,12.641076,22.319998,52.0,0.0,26960.0,41.21469,32.042255
2026-05-15 01:00:00+02:00,4.514,11.119281,24.84,16.0,0.0,22860.0,46.883583,32.192196
2026-05-15 02:00:00+02:00,4.614,11.113451,26.64,36.0,0.0,21020.0,38.62949,38.04478
2026-05-15 03:00:00+02:00,4.064,7.729527,23.759998,42.0,0.0,20840.0,33.01518,37.499107
2026-05-15 04:00:00+02:00,4.114,4.510787,17.64,15.0,0.0,24080.0,32.174217,33.568924
2026-05-15 05:00:00+02:00,4.064,6.725354,13.32,72.0,0.0,20300.0,28.964502,33.42516
2026-05-15 06:00:00+02:00,4.064,5.8048253,16.919998,92.0,0.0,17700.0,24.611814,27.57008
2026-05-15 07:00:00+02:00,4.414,3.0758414,16.56,93.0,0.1,16060.0,14.038106,23.846117
2026-05-15 08:00:00+02:00,4.7139997,5.0142193,9.0,95.0,0.3,15640.0,5.562481,20.360134
2026-05-15 09:00:00+02:00,5.0639997,5.8603754,11.5199995,93.0,0.7,22100.0,5.709857,16.386677
2026-05-15 10:00:00+02:00,5.614,7.342588,12.24,98.0,0.3,30040.0,5.3142853,13.196042
2026-05-15 11:00:00+02:00,6.0639997,8.049845,12.959999,100.0,0.1,31660.0,6.330734,7.948705
2026-05-15 12:00:00+02:00,6.614,10.383987,15.4800005,100.0,0.4,15560.0,10.118097,6.598021
2026-05-15 13:00:00+02:00,6.7139997,15.072783,24.48,90.0,0.8,29960.0,16.866917,8.886923
2026-05-15 14:00:00+02:00,7.514,8.854829,24.84,90.0,0.1,34600.0,13.215189,6.598021
2026-05-15 15:00:00+02:00,7.914,15.379206,24.48,100.0,0.3,22900.0,16.027294,6.598021
2026-05-15 16:00:00+02:00,7.514,8.891343,26.28,84.0,0.3,32540.0,23.222628,9.331011
2026-05-15 17:00:00+02:00,7.514,10.805999,27.0,88.0,0.7,36760.0,14.482251,18.62069
2026-05-15 18:00:00+02:00,6.9639997,10.703569,23.4,67.0,0.2,34060.0,15.693425,15.665498
2026-05-15 19:00:00+02:00,6.764,7.9932966,20.519999,49.0,0.1,29740.0,15.851416,12.568007
2026-05-15 20:00:00+02:00,5.9639997,11.923557,14.4,100.0,0.7,21720.0,16.00136,22.499464
2026-05-15 21:00:00+02:00,5.414,9.585739,23.4,65.0,0.0,21300.0,14.539494,22.490902
2026-05-15 22:00:00+02:00,4.614,6.489992,20.880001,39.0,0.0,24280.0,18.3697,12.413793
2026-05-15 23:00:00+02:00,4.264,5.6920996,16.199999,49.0,0.0,17060.0,16.461926,16.13793
2026-05-16 00:00:00+02:00,4.314,7.42159,17.64,85.0,0.0,20540.0,11.319258,10.00832
2026-05-16 01:00:00+02:00,4.2139997,10.948973,23.039999,44.0,0.1,18740.0,16.111294,6.2068963
2026-05-16 02:00:00+02:00,4.2139997,7.5942073,23.759998,80.0,0.0,21760.0,16.111294,10.1040945
2026-05-16 03:00:00+02:00,4.014,7.968939,20.519999,82.0,0.1,21900.0,16.316214,10.839878
2026-05-16 04:00:00+02:00,3.8140001,7.8954163,18.359999,47.0,0.0,19460.0,19.166344,16.884583
2026-05-16 05:00:00+02:00,3.664,8.049845,21.599998,78.0,0.0,16980.0,15.318443,18.339252
2026-05-16 06:00:00+02:00,3.5140002,7.42159,18.72,64.0,0.0,16320.0,15.818631,18.25503
2026-05-16 07:00:00+02:00,4.014,7.208994,18.0,45.0,0.0,20260.0,16.360699,14.999642
2026-05-16 08:00:00+02:00,4.614,6.8399997,20.519999,96.0,0.0,21560.0,15.713261,14.167504
2026-05-16 09:00:00+02:00,5.914,7.9526596,16.199999,50.0,0.0,27140.0,12.269995,14.922391
2026-05-16 10:00:00+02:00,6.664,9.0645685,18.359999,87.0,0.0,30720.0,13.739071,12.568007
2026-05-16 11:00:00+02:00,7.164,11.885453,22.68,86.0,0.6,33140.0,15.818631,10.714764
2026-05-16 12:00:00+02:00,8.514,15.745627,24.119999,89.0,0.0,35640.0,16.959,14.490146
2026-05-16 13:00:00+02:00,8.114,13.849477,27.72,43.0,0.2,37680.0,19.742744,19.251385
2026-05-16 14:00:00+02:00,7.614,13.049689,35.64,91.0,0.8,35100.0,21.806862,17.245792
2026-05-16 15:00:00+02:00,8.9140005,13.627795,31.68,87.0,0.0,36180.0,21.041126,21.546066
2026-05-16 16:00:00+02:00,9.114,9.114471,29.16,100.0,0.0,21440.0,13.97881,19.490047
2026-05-16 17:00:00+02:00,7.264,11.726277,23.039999,63.0,0.3,17480.0,16.360699,26.660769
2026-05-16 18:00:00+02:00,8.314,9.422101,23.039999,21.0,0.0,26040.0,16.909952,26.869482
2026-05-16 19:00:00+02:00,8.4140005,8.669949,18.72,9.0,0.0,29980.0,17.316454,24.827585
2026-05-16 20:00:00+02:00,7.864,6.87779,18.0,74.0,0.0,20180.0,13.79187,23.618853
2026-05-16 21:00:00+02:00,6.8139997,4.072935,17.28,47.0,0.0,12900.0,12.767627,18.785477
2026-05-16 22:00:00+02:00,6.364,8.435069,20.519999,46.0,0.0,33120.0,7.800262,15.355014
2026-05-16 23:00:00+02:00,6.414,5.4477882,18.359999,72.0,0.0,29220.0,16.562534,20.632679
2026-05-17 00:00:00+02:00,6.3139997,5.1919937,11.5199995,76.0,0.0,26860.0,20.225931,15.566816
2026-05-17 01:00:00+02:00,6.364,3.2599385,10.440001,89.0,0.0,29720.0,19.030432,14.896551
2026-05-17 02:00:00+02:00,6.114,4.802999,12.599999,80.0,0.0,28060.0,14.989566,13.326771
2026-05-17 03:00:00+02:00,5.8139997,5.315336,9.72,48.0,0.0,28840.0,13.941624,13.626929
2026-05-17 04:00:00+02:00,5.2139997,4.6800003,10.799999,12.0,0.0,22600.0,12.889034,11.776757
2026-05-17 05:00:00+02:00,4.9639997,3.319036,10.08,21.0,0.0,24740.0,11.883102,13.626929
2026-05-17 06:00:00+02:00,4.4639997,3.0547013,7.92,36.0,0.0,16460.0,11.92671,13.0492525
2026-05-17 07:00:00+02:00,5.264,2.0364676,5.3999996,42.0,0.0,28600.0,10.189676,13.268828
2026-05-17 08:00:00+02:00,6.0639997,2.5959969,4.32,77.0,0.0,25120.0,8.402622,11.939204
2026-05-17 09:00:00+02:00,7.664,3.7585104,9.36,19.0,0.0,34280.0,7.958392,13.556066
2026-05-17 10:00:00+02:00,9.014,4.802999,10.799999,19.0,0.0,37600.0,6.835443,12.194616
2026-05-17 11:00:00+02:00,10.464001,4.0249224,12.24,86.0,0.0,40600.0,3.8667102,12.568007
2026-05-17 12:00:00+02:00,11.614,2.5959969,8.64,71.0,0.0,41380.0,2.0379353,13.612786
2026-05-17 13:00:00+02:00,12.464001,5.95906,7.5599995,70.0,0.0,42260.0,3.67394,18.096056
2026-05-17 14:00:00+02:00,13.264,6.3690495,12.599999,75.0,0.0,42560.0,3.89347,22.559313
2026-05-17 15:00:00+02:00,13.764,5.4833565,11.159999,0.0,0.0,43480.0,6.0797453,23.03252
2026-05-17 16:00:00+02:00,13.864,4.6938252,13.32,12.0,0.0,43120.0,5.941551,31.53323
2026-05-17 17:00:00+02:00,14.1640005,7.342588,14.4,0.0,0.0,43060.0,8.253009,27.097918
2026-05-17 18:00:00+02:00,14.1640005,12.144331,18.359999,95.0,0.0,42120.0,11.171529,28.853722
2026-05-17 19:00:00+02:00,13.464001,9.983106,19.08,25.0,0.0,42600.0,10.802979,37.044304
2026-05-17 20:00:00+02:00,12.9140005,5.4477882,18.359999,23.0,0.0,42580.0,12.2276125,36.36733
2026-05-17 21:00:00+02:00,11.6640005,3.8268526,9.36,12.0,0.0,41520.0,15.949366,35.531433
2026-05-17 22:00:00+02:00,11.1640005,4.0249224,9.0,0.0,0.0,41560.0,18.70576,39.665905
2026-05-17 23:00:00+02:00,9.864,4.6938257,9.72,0.0,0.0,37260.0,15.949366,38.727253
2026-05-18 00:00:00+02:00,9.214001,4.3349743,11.159999,0.0,0.0,36600.0,17.731209,39.7726
2026-05-18 01:00:00+02:00,9.364,4.1046314,10.799999,0.0,0.0,39700.0,18.159363,38.727253
2026-05-18 02:00:00+02:00,8.564,5.0142193,10.440001,0.0,0.0,37320.0,17.952349,37.246548
2026-05-18 03:00:00+02:00,8.4140005,4.6938257,11.5199995,0.0,0.0,38160.0,19.46735,37.499107
2026-05-18 04:00:00+02:00,8.4140005,4.452954,10.440001,0.0,0.0,39660.0,21.041126,36.192112
2026-05-18 05:00:00+02:00,7.864,4.5820518,9.36,44.0,0.0,39280.0,19.931175,33.88306
2026-05-18 06:00:00+02:00,7.414,6.130579,16.56,69.0,0.0,36360.0,18.43177,33.228638
2026-05-18 07:00:00+02:00,8.364,2.0364676,17.64,43.0,0.0,38680.0,16.568802,36.00535
2026-05-18 08:00:00+02:00,8.464001,5.4477882,11.5199995,99.0,0.0,34180.0,18.073395,32.572903
2026-05-18 09:00:00+02:00,8.9140005,7.6367526,18.359999,82.0,0.3,31820.0,25.729689,32.54332
2026-05-18 10:00:00+02:00,9.714001,7.10031,19.44,76.0,0.3,29780.0,25.494562,36.96101
2026-05-18 11:00:00+02:00,10.214001,10.086427,21.24,89.0,0.0,31000.0,33.819904,28.980291
2026-05-18 12:00:00+02:00,10.064,15.5843,30.239998,70.0,0.3,28720.0,25.506779,29.896374
2026-05-18 13:00:00+02:00,10.814,19.45333,37.8,49.0,0.1,33140.0,29.409178,25.136013
2026-05-18 14:00:00+02:00,9.264,9.826088,37.44,43.0,0.8,11940.0,29.025377,35.806854
2026-05-18 15:00:00+02:00,10.264,6.9527545,24.119999,98.0,0.6,32800.0,15.66031,46.319416
2026-05-18 16:00:00+02:00,11.064,4.0249224,18.72,55.0,0.0,29640.0,12.84061,47.74471
2026-05-18 17:00:00+02:00,10.6640005,10.883676,20.16,87.0,0.0,26380.0,13.655687,41.40516
2026-05-18 18:00:00+02:00,11.014,10.00256,25.56,11.0,0.0,29420.0,24.9803,31.465965
2026-05-18 19:00:00+02:00,11.1640005,4.3498964,19.08,6.0,0.0,30960.0,25.129486,30.991003
2026-05-18 20:00:00+02:00,9.964001,7.386582,7.92,95.0,0.0,17880.0,13.057107,23.3729
2026-05-18 21:00:00+02:00,9.214001,2.9024127,19.08,61.0,0.2,14200.0,20.63252,26.862312
2026-05-18 22:00:00+02:00,8.6640005,4.6938257,7.5599995,63.0,0.1,5100.0,12.961332,27.549112
2026-05-18 23:00:00+02:00,8.464001,6.638072,14.759999,72.0,0.0,3100.0,13.215189,26.740126
2026-05-19 00:00:00+02:00,8.014,6.28713,14.4,65.0,0.0,12500.0,10.831775,23.635157
2026-05-19 01:00:00+02:00,7.914,5.4119864,13.679999,5.0,0.0,19600.0,13.495072,24.483826
2026-05-19 02:00:00+02:00,7.614,3.7064266,12.599999,0.0,0.0,13040.0,13.120569,35.341175
2026-05-19 03:00:00+02:00,7.164,2.5959969,7.92,80.0,0.0,680.0,13.708808,30.991003
2026-05-19 04:00:00+02:00,6.7139997,2.3051248,5.04,55.0,0.0,2080.0,13.246578,32.042255
2026-05-19 05:00:00+02:00,6.914,2.9024127,5.3999996,0.0,0.0,23180.0,11.883102,24.103226
2026-05-19 06:00:00+02:00,6.514,3.319036,6.12,0.0,0.0,24720.0,11.618018,18.98945
2026-05-19 07:00:00+02:00,6.664,2.8116899,6.12,0.0,0.0,20220.0,13.120569,18.631031
2026-05-19 08:00:00+02:00,7.514,2.3051248,5.7599998,0.0,0.0,20260.0,10.831774,15.216393
2026-05-19 09:00:00+02:00,9.514,2.5959969,9.36,0.0,0.0,31880.0,11.680409,16.386677
2026-05-19 10:00:00+02:00,11.4140005,2.1897945,8.64,0.0,0.0,37240.0,11.392405,17.489796
2026-05-19 11:00:00+02:00,12.714001,5.506941,15.4800005,15.0,0.0,38060.0,10.087265,18.672342
2026-05-19 12:00:00+02:00,13.364,7.9526596,17.28,16.0,0.0,39880.0,9.394418,20.41682
2026-05-19 13:00:00+02:00,14.264,10.086427,20.880001,83.0,0.0,40380.0,11.501252,21.002802
2026-05-19 14:00:00+02:00,15.014,9.72,20.16,14.0,0.0,41140.0,11.4288025,26.69687
2026-05-19 15:00:00+02:00,15.114,10.853866,24.119999,32.0,0.0,40820.0,14.265547,30.082644
2026-05-19 16:00:00+02:00,15.1640005,10.390226,21.96,16.0,0.0,40860.0,13.708808,35.769176
2026-05-19 17:00:00+02:00,14.864,10.182337,22.319998,73.0,0.1,41240.0,11.92671,36.767677
2026-05-19 18:00:00+02:00,14.314,10.464798,21.24,44.0,0.0,40920.0,12.0307255,39.53457
2026-05-19 19:00:00+02:00,13.814,6.638072,19.8,49.0,0.0,40060.0,15.175435,30.866442
2026-05-19 20:00:00+02:00,13.514,6.439876,14.04,14.0,0.0,38920.0,18.227848,23.659594
2026-05-19 21:00:00+02:00,12.464001,5.495161,14.04,53.0,0.0,37560.0,33.228344,20.632677
2026-05-19 22:00:00+02:00,11.964001,4.896529,12.24,42.0,0.0,36580.0,37.057373,22.387888
2026-05-19 23:00:00+02:00,11.864,7.653705,16.199999,29.0,0.0,36760.0,38.701992,27.373749
2026-05-20 00:00:00+02:00,11.214001,6.8777895,19.8,0.0,0.0,37240.0,37.690784,28.266945
2026-05-20 01:00:00+02:00,11.264,6.1094027,17.28,11.0,0.0,38040.0,37.921482,25.63681
2026-05-20 02:00:00+02:00,11.314,6.3690495,17.28,57.0,0.0,34940.0,38.76633,25.816511
2026-05-20 03:00:00+02:00,10.964001,9.114471,20.880001,99.0,0.5,16980.0,41.128944,23.364658
2026-05-20 04:00:00+02:00,10.714001,10.086427,25.56,49.0,2.3,19700.0,46.133472,37.637547
2026-05-20 05:00:00+02:00,10.264,13.1041975,24.119999,79.0,1.8,7900.0,40.96199,51.532196
2026-05-20 06:00:00+02:00,10.364,8.161764,26.28,84.0,2.2,16560.0,49.42781,46.61788
2026-05-20 07:00:00+02:00,10.6640005,6.489992,18.72,83.0,0.0,20660.0,41.824867,47.514187
2026-05-20 08:00:00+02:00,11.014,11.631956,22.319998,66.0,0.0,22020.0,40.359352,48.62421
2026-05-20 09:00:00+02:00,12.014,12.074766,23.4,68.0,0.0,21800.0,39.200466,36.192112
2026-05-20 10:00:00+02:00,13.1640005,13.441071,26.28,76.0,0.0,29560.0,41.77767,31.312546
2026-05-20 11:00:00+02:00,14.514,18.345877,30.960001,96.0,0.0,32220.0,43.891376,37.251724
2026-05-20 12:00:00+02:00,15.814,20.008356,38.519997,54.0,0.0,37440.0,38.43548,37.49397
2026-05-20 13:00:00+02:00,16.964,20.774214,39.96,85.0,0.0,40280.0,40.758705,40.033276
2026-05-20 14:00:00+02:00,17.614,16.954432,39.6,51.0,0.0,40840.0,33.517685,37.90783
2026-05-20 15:00:00+02:00,17.664,17.28,36.719997,40.0,0.0,40820.0,27.34557,39.123146
2026-05-20 16:00:00+02:00,17.614,11.983188,35.28,42.0,0.0,39060.0,27.436543,41.60473
2026-05-20 17:00:00+02:00,17.914,13.104198,37.079998,74.0,0.0,40080.0,22.80303,38.04478
2026-05-20 18:00:00+02:00,17.614,11.620809,37.44,55.0,0.0,40360.0,27.542301,37.49397
2026-05-20 19:00:00+02:00,16.614,11.269782,27.0,46.0,0.0,39600.0,23.696201,33.723503
2026-05-20 20:00:00+02:00,15.564,11.435313,27.359999,48.0,0.0,38800.0,18.250618,34.946533
2026-05-20 21:00:00+02:00,14.4140005,4.1046314,18.72,47.0,0.0,38600.0,18.70576,27.937927
2026-05-20 22:00:00+02:00,13.364,3.4152596,11.159999,61.0,0.0,36940.0,17.69604,24.333883
2026-05-20 23:00:00+02:00,12.9140005,3.7064266,9.0,65.0,0.0,35480.0,22.934696,30.204062
2026-05-21 00:00:00+02:00,12.564,2.968636,10.799999,17.0,0.0,33740.0,18.555286,31.91576
2026-05-21 01:00:00+02:00,12.814,1.2979984,6.8399997,43.0,0.0,36400.0,14.301892,31.238638
2026-05-21 02:00:00+02:00,11.714001,2.4149535,2.16,56.0,0.0,33260.0,9.515216,32.400948
2026-05-21 03:00:00+02:00,11.264,2.5455842,4.32,15.0,0.0,32320.0,6.850616,31.533234
2026-05-21 04:00:00+02:00,10.964001,2.4149535,5.04,10.0,0.0,31180.0,6.347113,34.273087
2026-05-21 05:00:00+02:00,10.264,3.096837,6.8399997,20.0,0.0,28980.0,5.6366506,41.7157
2026-05-21 06:00:00+02:00,9.814,2.9024127,5.04,0.0,0.0,26660.0,3.9200466,36.085506
2026-05-21 07:00:00+02:00,10.364,5.6233797,9.0,0.0,0.0,26120.0,4.907998,30.991003
2026-05-21 08:00:00+02:00,11.714001,3.096837,10.440001,0.0,0.0,22740.0,6.444517,32.22808
2026-05-21 09:00:00+02:00,13.9140005,5.4833565,11.879999,0.0,0.0,31000.0,6.850616,28.907082
2026-05-21 10:00:00+02:00,15.114,7.42159,15.84,3.0,0.0,33060.0,9.17071,28.477413
2026-05-21 11:00:00+02:00,16.764,9.565437,15.119999,45.0,0.0,37060.0,8.476439,24.103226
2026-05-21 12:00:00+02:00,18.064001,6.763786,14.04,36.0,0.0,39340.0,5.9240503,20.103062
2026-05-21 13:00:00+02:00,19.114,7.24486,11.879999,37.0,0.0,40060.0,3.286072,15.714606
2026-05-21 14:00:00+02:00,20.114,9.028754,13.32,9.0,0.0,40960.0,7.3619976,13.0492525
2026-05-21 15:00:00+02:00,20.714,9.021574,12.959999,8.0,0.0,41540.0,9.784211,13.196042
2026-05-21 16:00:00+02:00,21.014,10.182337,15.119999,0.0,0.0,42240.0,11.282507,13.093462
2026-05-21 17:00:00+02:00,21.064001,11.212135,20.519999,0.0,0.0,42720.0,12.603934,13.879042
2026-05-21 18:00:00+02:00,20.664,13.004922,24.48,0.0,0.0,42780.0,15.942856,15.702343
2026-05-21 19:00:00+02:00,19.564001,10.296251,24.84,0.0,0.0,42260.0,11.987494,16.952896
2026-05-21 20:00:00+02:00,18.414,7.928177,19.08,0.0,0.0,41280.0,5.468354,16.71258
2026-05-21 21:00:00+02:00,16.714,6.9153743,16.919998,0.0,0.0,40960.0,3.0569031,14.044602
2026-05-21 22:00:00+02:00,15.9140005,6.618519,15.84,0.0,0.0,41260.0,3.67394,12.795844
2026-05-21 23:00:00+02:00,14.964001,5.3517847,15.4800005,0.0,0.0,40640.0,4.201311,11.939203
2026-05-22 00:00:00+02:00,14.514,3.563818,12.24,0.0,0.0,40740.0,4.57969,13.612786
2026-05-22 01:00:00+02:00,13.764,4.3349743,7.2,0.0,0.0,40200.0,5.9240503,16.71258
2026-05-22 02:00:00+02:00,12.564,4.072935,7.5599995,0.0,0.0,37800.0,4.57969,18.042753
2026-05-22 03:00:00+02:00,12.1640005,2.9024127,6.8399997,0.0,0.0,37440.0,2.734177,18.096056
2026-05-22 04:00:00+02:00,11.614,3.396233,5.04,0.0,0.0,36680.0,1.4410379,16.71258
2026-05-22 05:00:00+02:00,10.214001,3.563818,4.68,0.0,0.0,30880.0,1.0189676,13.948265
2026-05-22 06:00:00+02:00,10.014,2.0991426,5.7599998,0.0,0.0,28500.0,1.3670886,10.551724
2026-05-22 07:00:00+02:00,10.814,2.0991426,4.32,0.0,0.0,31560.0,2.6571426,8.327425
2026-05-22 08:00:00+02:00,12.6640005,1.8,5.04,0.0,0.0,28880.0,3.2222586,6.2068963
2026-05-22 09:00:00+02:00,15.964001,2.6208394,7.5599995,0.0,0.0,36200.0,3.5591009,4.1637125
2026-05-22 10:00:00+02:00,17.714,2.3051248,7.92,0.0,0.0,37500.0,4.2990294,3.7755077
2026-05-22 11:00:00+02:00,19.514,2.5455842,9.0,4.0,0.0,40120.0,5.094838,5.3031745
2026-05-22 12:00:00+02:00,20.714,3.2599385,10.440001,0.0,0.0,40600.0,6.7744107,6.8557405
2026-05-22 13:00:00+02:00,22.064001,4.379589,11.5199995,15.0,0.0,41040.0,8.402622,7.677507
2026-05-22 14:00:00+02:00,22.614,6.489992,17.28,0.0,0.0,41600.0,6.895935,8.068965
2026-05-22 15:00:00+02:00,23.264,5.1544156,13.679999,0.0,0.0,42740.0,7.800262,7.5764823
2026-05-22 16:00:00+02:00,23.764,5.8603754,13.32,0.0,0.0,45100.0,7.515534,8.092802
2026-05-22 17:00:00+02:00,23.914,6.6185193,14.4,0.0,0.0,45420.0,7.543114,8.327425
2026-05-22 18:00:00+02:00,23.864,6.792466,14.759999,0.0,0.0,46800.0,4.201311,6.6850314
2026-05-22 19:00:00+02:00,23.264,6.638072,14.4,0.0,0.0,46280.0,2.7718916,5.551616
2026-05-22 20:00:00+02:00,22.414,4.5820518,11.879999,0.0,0.0,44200.0,4.1265044,4.8477407
2026-05-22 21:00:00+02:00,20.764,4.198285,9.72,0.0,0.0,45060.0,4.511162,3.9743526
2026-05-22 22:00:00+02:00,19.914,5.0911684,11.159999,0.0,0.0,46200.0,5.094838,4.8477407
2026-05-22 23:00:00+02:00,17.664,3.4152596,11.159999,0.0,0.0,42640.0,5.0333285,2.2379284
2026-05-23 00:00:00+02:00,16.914,4.6938252,7.92,0.0,0.0,42720.0,4.1265044,6.2068963
2026-05-23 01:00:00+02:00,16.414,4.2136917,7.5599995,0.0,0.0,41860.0,3.6455696,8.1638975
2026-05-23 02:00:00+02:00,15.064,4.5820518,6.4799995,0.0,0.0,40960.0,4.556962,6.939521
2026-05-23 03:00:00+02:00,14.114,2.5959969,5.7599998,0.0,0.0,40440.0,3.0569031,5.551616
2026-05-23 04:00:00+02:00,13.6640005,3.8268526,4.68,0.0,0.0,39560.0,1.2889035,4.3889384
2026-05-23 05:00:00+02:00,12.814,2.3051248,5.04,0.0,0.0,36600.0,3.67394,7.5764823
2026-05-23 06:00:00+02:00,12.6640005,2.7416782,3.96,0.0,0.0,37440.0,3.0569031,5.7224755
2026-05-23 07:00:00+02:00,13.814,3.0758414,5.3999996,0.0,0.0,38740.0,4.907998,7.5764823
2026-05-23 08:00:00+02:00,15.314,2.3051248,6.4799995,0.0,0.0,36600.0,4.0758705,11.858258
2026-05-23 09:00:00+02:00,18.064001,2.1897945,5.7599998,0.0,0.0,38920.0,3.4704785,11.444951
2026-05-23 10:00:00+02:00,19.314001,2.1897945,7.2,0.0,0.0,38620.0,1.2889035,10.678748
2026-05-23 11:00:00+02:00,21.064001,2.968636,7.2,0.0,0.0,40640.0,2.9178793,12.241913
2026-05-23 12:00:00+02:00,22.764,2.4149535,9.0,0.0,0.0,41620.0,3.67394,13.626929
2026-05-23 13:00:00+02:00,23.864,5.04,8.64,0.0,0.0,42360.0,1.643036,14.044602
2026-05-23 14:00:00+02:00,24.314001,7.5685663,9.0,0.0,0.0,43260.0,2.7718916,11.0510645
2026-05-23 15:00:00+02:00,25.164,6.9153743,9.36,0.0,0.0,43420.0,4.201311,11.0510645
2026-05-23 16:00:00+02:00,25.564001,8.427383,10.08,0.0,0.0,45100.0,6.1138062,10.839878
2026-05-23 17:00:00+02:00,25.514,8.891343,12.24,0.0,0.0,46100.0,6.850616,11.41124
2026-05-23 18:00:00+02:00,25.164,9.1641035,13.32,0.0,0.0,46260.0,8.706063,11.394346
2026-05-23 19:00:00+02:00,24.164,7.2,16.56,0.0,0.0,45580.0,14.482251,11.189642
2026-05-23 20:00:00+02:00,22.714,4.8965297,13.32,0.0,0.0,43460.0,16.909952,13.427569
2026-05-23 21:00:00+02:00,21.264,5.0911684,11.159999,0.0,0.0,45580.0,16.162766,15.266946
2026-05-23 22:00:00+02:00,20.364,5.0142193,11.5199995,0.0,0.0,46580.0,23.844715,17.522804
2026-05-23 23:00:00+02:00,19.314001,7.2,11.879999,0.0,0.0,43020.0,25.862514,18.127962
2026-05-24 00:00:00+02:00,18.464,7.208994,16.56,0.0,0.0,42720.0,25.539322,22.387888
2026-05-24 01:00:00+02:00,18.714,6.489992,14.4,0.0,0.0,42640.0,25.42115,24.718725
2026-05-24 02:00:00+02:00,17.814001,6.489992,13.679999,0.0,0.0,41460.0,25.559643,17.167427
2026-05-24 03:00:00+02:00,17.064001,6.489992,13.679999,0.0,0.0,41100.0,27.299967,18.62069
2026-05-24 04:00:00+02:00,16.014,5.8603754,13.32,0.0,0.0,39680.0,30.296087,21.724138
2026-05-24 05:00:00+02:00,15.114,6.1094027,12.24,0.0,0.0,33940.0,28.96809,15.367554
2026-05-24 06:00:00+02:00,15.064,6.638072,14.4,0.0,0.0,34060.0,33.443253,18.51695
2026-05-24 07:00:00+02:00,15.614,5.1165614,13.679999,0.0,0.0,33980.0,35.371532,18.948832
2026-05-24 08:00:00+02:00,17.414,5.6002855,11.879999,0.0,0.0,33860.0,32.44416,22.102129
2026-05-24 09:00:00+02:00,19.664,6.989936,15.119999,0.0,0.0,38380.0,30.299517,25.898457
2026-05-24 10:00:00+02:00,20.914,8.209263,16.199999,0.0,0.0,39040.0,30.296087,25.470974
2026-05-24 11:00:00+02:00,22.464,8.913181,18.359999,0.0,0.0,40680.0,29.857664,25.136013
2026-05-24 12:00:00+02:00,23.964,11.525623,22.68,0.0,0.0,41240.0,30.120792,28.699764
2026-05-24 13:00:00+02:00,25.264,14.291592,27.359999,0.0,0.0,42040.0,30.859755,33.176426
2026-05-24 14:00:00+02:00,26.614,15.9134655,31.319998,0.0,0.0,43340.0,22.509731,35.22653
2026-05-24 15:00:00+02:00,27.464,18.043148,34.2,0.0,0.0,47340.0,25.494562,32.82621
2026-05-24 16:00:00+02:00,27.714,18.043148,34.2,0.0,0.0,48200.0,26.571424,32.620174
2026-05-24 17:00:00+02:00,27.414,15.778516,33.48,0.0,0.0,44780.0,24.539991,32.620174
2026-05-24 18:00:00+02:00,27.264,14.48972,29.88,0.0,0.0,46820.0,23.766205,34.946533
2026-05-24 19:00:00+02:00,26.314001,11.298495,25.919998,0.0,0.0,45840.0,26.33987,31.63082
2026-05-24 20:00:00+02:00,24.464,8.699793,20.519999,0.0,0.0,43720.0,27.920458,31.429213
2026-05-24 21:00:00+02:00,22.264,8.534353,19.44,0.0,0.0,42280.0,31.86291,29.073198
2026-05-24 22:00:00+02:00,21.614,7.8625183,18.359999,0.0,0.0,41680.0,35.04123,30.891392
2026-05-24 23:00:00+02:00,20.414,6.9527545,18.0,0.0,0.0,41060.0,34.88681,30.108244
2026-05-25 00:00:00+02:00,19.914,6.8777895,15.119999,0.0,0.0,40760.0,36.891697,23.975016
2026-05-25 01:00:00+02:00,19.314001,8.654987,19.44,0.0,0.0,40200.0,37.250202,23.950901
2026-05-25 02:00:00+02:00,18.414,8.913181,19.8,0.0,0.0,40060.0,29.968739,17.566723
2026-05-25 03:00:00+02:00,17.914,8.404285,18.72,0.0,0.0,39720.0,32.44416,17.566723
2026-05-25 04:00:00+02:00,17.564001,6.8777895,17.64,0.0,0.0,39120.0,30.569029,15.861018
2026-05-25 05:00:00+02:00,16.664,6.696387,16.56,0.0,0.0,37900.0,25.396633,7.238423
2026-05-25 06:00:00+02:00,16.164,4.39436,15.119999,0.0,0.0,37320.0,23.85342,9.813965
2026-05-25 07:00:00+02:00,16.764,3.4152596,9.36,0.0,0.0,38320.0,22.254591,11.595439
2026-05-25 08:00:00+02:00,18.514,4.1046314,8.64,0.0,0.0,36440.0,23.774942,18.381218
2026-05-25 09:00:00+02:00,21.114,1.609969,7.92,0.0,0.0,39360.0,25.327036,13.6692705
2026-05-25 10:00:00+02:00,22.414,4.198285,9.72,0.0,0.0,39560.0,25.717579,11.444951
2026-05-25 11:00:00+02:00,24.014,5.3517847,14.04,0.0,0.0,41300.0,23.007017,11.326523
2026-05-25 12:00:00+02:00,25.364,6.297428,14.4,0.0,0.0,41380.0,20.827858,8.092802
2026-05-25 13:00:00+02:00,26.514,8.557102,18.0,0.0,0.0,41780.0,18.027378,0.0
2026-05-25 14:00:00+02:00,27.314001,9.826088,21.24,0.0,0.0,42100.0,16.712313,2.5591688
2026-05-25 15:00:00+02:00,27.964,10.630672,21.599998,0.0,0.0,43300.0,12.244582,2.2379284
2026-05-25 16:00:00+02:00,28.414,11.885453,19.08,0.0,0.0,46400.0,13.548821,7.0769506
2026-05-25 17:00:00+02:00,28.164,12.57426,18.359999,0.0,0.0,48060.0,13.533486,8.442291
2026-05-25 18:00:00+02:00,27.714,11.440979,18.359999,0.0,0.0,48300.0,12.710575,13.612786
2026-05-25 19:00:00+02:00,26.714,9.255571,19.8,0.0,0.0,46120.0,10.035667,16.018122
2026-05-25 20:00:00+02:00,24.814001,4.68,17.64,0.0,0.0,44340.0,9.580463,16.71258
2026-05-25 21:00:00+02:00,23.214,4.73506,10.440001,0.0,0.0,47900.0,12.694226,16.398428
2026-05-25 22:00:00+02:00,22.564001,5.634891,11.159999,0.0,0.0,48400.0,11.096928,16.65485
2026-05-25 23:00:00+02:00,20.964,5.692099,11.5199995,0.0,0.0,43340.0,14.075039,15.517241
2026-05-26 00:00:00+02:00,20.264,5.8603754,10.799999,0.0,0.0,43060.0,13.836966,16.11404
2026-05-26 01:00:00+02:00,20.014,4.8433046,11.879999,0.0,0.0,42840.0,14.582278,12.226168
2026-05-26 02:00:00+02:00,18.814001,5.1165614,9.72,0.0,0.0,41820.0,11.987494,12.4911375
2026-05-26 03:00:00+02:00,18.414,4.1046314,9.0,0.0,0.0,41940.0,10.520564,10.839878
2026-05-26 04:00:00+02:00,17.864,4.452954,7.92,0.0,0.0,41560.0,9.666777,10.839878
2026-05-26 05:00:00+02:00,17.064001,3.9763298,7.92,0.0,0.0,40600.0,8.315675,11.41124
2026-05-26 06:00:00+02:00,16.814001,2.9024127,7.2,0.0,0.0,40500.0,8.202532,12.4911375
2026-05-26 07:00:00+02:00,16.964,2.0991426,4.68,0.0,0.0,40200.0,7.800262,13.781546
2026-05-26 08:00:00+02:00,18.464,1.484318,2.52,0.0,0.0,37700.0,8.658227,14.476846
2026-05-26 09:00:00+02:00,21.314001,1.835647,5.3999996,0.0,0.0,39540.0,6.0797453,16.13793
2026-05-26 10:00:00+02:00,23.014,1.1384199,4.32,0.0,0.0,40180.0,5.6366506,18.45443
2026-05-26 11:00:00+02:00,24.714,0.8049845,3.6,0.0,0.0,41040.0,10.118097,23.496197
2026-05-26 12:00:00+02:00,26.214,1.0182338,4.68,0.0,0.0,41060.0,7.6388597,25.20489
2026-05-26 13:00:00+02:00,27.564001,1.8,6.8399997,10.0,0.0,41460.0,0.64445174,26.754532
2026-05-26 14:00:00+02:00,27.764,3.8268526,12.959999,0.0,0.0,41740.0,3.757767,28.578697
2026-05-26 15:00:00+02:00,28.464,5.4833565,12.599999,0.0,0.0,42460.0,5.993747,29.409164
2026-05-26 16:00:00+02:00,28.864,8.891344,17.64,5.0,0.0,45540.0,9.515216,30.312284
2026-05-26 17:00:00+02:00,28.664,7.729527,17.64,0.0,0.0,46280.0,8.987734,25.326874
2026-05-26 18:00:00+02:00,28.464,5.3999996,13.32,0.0,0.0,46120.0,8.377872,25.591688
2026-05-26 19:00:00+02:00,27.564001,4.1046314,10.799999,0.0,0.0,45720.0,6.3797464,26.740126
2026-05-26 20:00:00+02:00,25.714,1.1384199,7.5599995,0.0,0.0,41820.0,4.57969,21.438515
2026-05-26 21:00:00+02:00,24.564001,1.2979984,2.16,0.0,0.0,43980.0,9.079681,18.877537
2026-05-26 22:00:00+02:00,23.714,2.1897945,4.68,0.0,0.0,45080.0,6.198138,17.489796
2026-05-26 23:00:00+02:00,21.864,3.6,5.04,0.0,0.0,38560.0,3.6455696,21.402544
2026-05-27 00:00:00+02:00,20.814001,3.8773184,6.4799995,0.0,0.0,37080.0,2.3236039,22.593443
2026-05-27 01:00:00+02:00,20.864,2.968636,6.12,0.0,0.0,41240.0,3.5591009,20.864775
2026-05-27 02:00:00+02:00,19.964,3.96,6.4799995,0.0,0.0,41200.0,3.5591009,25.326874
2026-05-27 03:00:00+02:00,18.914,4.802999,7.5599995,0.0,0.0,40340.0,5.094838,30.439116
2026-05-27 04:00:00+02:00,18.814001,4.452954,10.08,0.0,0.0,40380.0,8.84802,31.53323
2026-05-27 05:00:00+02:00,17.914,4.73506,13.32,0.0,0.0,38540.0,11.254866,31.776642
2026-05-27 06:00:00+02:00,17.714,4.510787,12.24,0.0,0.0,38140.0,10.411436,33.12413
2026-05-27 07:00:00+02:00,18.714,3.8268526,11.5199995,0.0,0.0,39080.0,8.215179,32.65559
2026-05-27 08:00:00+02:00,19.964,4.6938257,10.799999,35.0,0.0,37720.0,9.113924,29.960732
2026-05-27 09:00:00+02:00,21.514,5.0142193,11.159999,48.0,0.0,39600.0,7.543114,30.108244
2026-05-27 10:00:00+02:00,23.214,7.2359104,13.679999,0.0,0.0,40080.0,5.9240503,29.591993
2026-05-27 11:00:00+02:00,24.364,7.2359104,16.56,0.0,0.0,41020.0,5.7641516,27.549112
2026-05-27 12:00:00+02:00,25.614,7.5942082,12.959999,3.0,0.0,40780.0,5.195736,23.635157
2026-05-27 13:00:00+02:00,26.264,10.630672,12.959999,4.0,0.0,41460.0,9.227144,22.593443
2026-05-27 14:00:00+02:00,27.314001,8.699793,18.72,0.0,0.0,42800.0,9.350104,20.103062
2026-05-27 15:00:00+02:00,27.914,10.182337,19.08,0.0,0.0,48120.0,10.331347,15.517241
2026-05-27 16:00:00+02:00,27.864,7.289444,16.919998,0.0,0.0,44620.0,8.476439,11.858258
2026-05-27 17:00:00+02:00,27.464,11.879999,21.599998,28.0,0.0,43280.0,11.618018,15.355014
2026-05-27 18:00:00+02:00,26.614,13.004921,22.68,0.0,0.0,43140.0,15.66031,11.444951
2026-05-27 19:00:00+02:00,25.614,6.924738,23.039999,0.0,0.0,42320.0,14.388747,11.444951
2026-05-27 20:00:00+02:00,24.014,6.2145634,13.679999,0.0,0.0,40780.0,13.678478,6.8557405
2026-05-27 21:00:00+02:00,21.614,9.3669195,18.359999,0.0,0.0,41620.0,17.412127,6.8275857
2026-05-27 22:00:00+02:00,20.314001,10.163227,21.599998,0.0,0.0,39620.0,19.225843,7.777219
2026-05-27 23:00:00+02:00,20.214,9.511088,21.24,54.0,0.0,38560.0,26.963202,12.051613
2026-05-28 00:00:00+02:00,20.064001,9.422101,20.519999,0.0,0.0,40260.0,29.168114,14.753624
2026-05-28 01:00:00+02:00,19.264,10.009036,21.24,5.0,0.0,40060.0,37.500225,16.70105
2026-05-28 02:00:00+02:00,17.764,10.97262,23.039999,0.0,0.0,39140.0,26.102283,11.711148
2026-05-28 03:00:00+02:00,17.514,9.957108,22.68,0.0,0.0,38440.0,17.981243,13.0492525
2026-05-28 04:00:00+02:00,16.864,10.009036,21.96,0.0,0.0,35920.0,14.41038,13.093462
2026-05-28 05:00:00+02:00,16.064,9.387651,21.96,0.0,0.0,32360.0,13.881914,11.172413
2026-05-28 06:00:00+02:00,15.514,8.714677,21.24,0.0,0.0,32640.0,14.532351,8.1638975
2026-05-28 07:00:00+02:00,16.064,7.145796,19.44,0.0,0.0,34120.0,16.587591,11.987508
2026-05-28 08:00:00+02:00,17.864,6.792466,15.84,0.0,0.0,34180.0,19.160927,17.555754
2026-05-28 09:00:00+02:00,19.364,8.209263,18.0,0.0,0.0,37700.0,21.398321,18.999592
2026-05-28 10:00:00+02:00,20.914,10.009036,18.72,0.0,0.0,39300.0,19.784773,19.987747
2026-05-28 11:00:00+02:00,22.414,11.808878,22.319998,0.0,0.0,40880.0,18.21075,19.794064
2026-05-28 12:00:00+02:00,23.814001,14.277983,26.64,0.0,0.0,41820.0,18.594416,21.002802
2026-05-28 13:00:00+02:00,24.814001,14.81259,27.72,0.0,0.0,42580.0,19.978004,21.002802
2026-05-28 14:00:00+02:00,25.314001,15.1884165,28.8,0.0,0.0,43460.0,18.788836,17.122486
2026-05-28 15:00:00+02:00,25.864,14.693999,23.039999,0.0,0.0,44660.0,18.504856,15.025306
2026-05-28 16:00:00+02:00,26.164,14.512064,22.319998,0.0,0.0,45220.0,18.21075,13.0492525
2026-05-28 17:00:00+02:00,25.664,11.770403,24.48,0.0,0.0,45520.0,16.104847,13.093462
2026-05-28 18:00:00+02:00,24.264,12.599999,21.96,0.0,0.0,42080.0,15.419778,10.4046545
2026-05-28 19:00:00+02:00,22.864,17.935081,31.68,0.0,0.0,39700.0,14.503743,11.987508
2026-05-28 20:00:00+02:00,22.614,13.207634,30.599998,0.0,0.0,41520.0,16.43036,16.884583
2026-05-28 21:00:00+02:00,20.664,8.759178,23.4,22.0,0.0,41240.0,20.712883,15.702343
2026-05-28 22:00:00+02:00,19.614,10.308831,23.039999,0.0,0.0,41140.0,28.679913,17.555754
2026-05-28 23:00:00+02:00,18.764,12.245293,23.4,11.0,0.0,39560.0,26.746687,14.490146
2026-05-29 00:00:00+02:00,18.114,10.739832,26.28,0.0,0.0,39560.0,26.098305,21.590723
2026-05-29 01:00:00+02:00,17.714,11.457958,23.4,0.0,0.0,40440.0,24.666595,22.379282
2026-05-29 02:00:00+02:00,16.514,11.609651,26.64,0.0,0.0,40080.0,16.805244,22.014801
2026-05-29 03:00:00+02:00,16.114,8.669949,24.48,0.0,0.0,40480.0,12.969341,25.136013
2026-05-29 04:00:00+02:00,15.264,6.6087217,19.08,0.0,0.0,40160.0,11.012396,28.558466
2026-05-29 05:00:00+02:00,13.564,5.8603754,14.4,0.0,0.0,37640.0,11.671517,26.105885
2026-05-29 06:00:00+02:00,13.214001,5.0142193,12.24,0.0,0.0,38000.0,13.859459,25.719328
2026-05-29 07:00:00+02:00,13.814,5.154415,9.72,0.0,0.0,38540.0,14.539494,26.164846
2026-05-29 08:00:00+02:00,15.9140005,4.8965297,11.159999,0.0,0.0,39100.0,15.916784,25.816511
2026-05-29 09:00:00+02:00,18.864,4.8433046,12.959999,0.0,0.0,41380.0,17.250372,25.831429
2026-05-29 10:00:00+02:00,20.364,9.028754,17.64,0.0,0.0,41660.0,17.352394,25.898457
2026-05-29 11:00:00+02:00,22.014,9.931042,22.319998,0.0,0.0,42420.0,17.90602,20.66999
2026-05-29 12:00:00+02:00,23.664,13.324863,25.919998,0.0,0.0,43940.0,20.323235,21.230852
2026-05-29 13:00:00+02:00,25.064001,13.392774,26.28,0.0,0.0,45520.0,20.055809,25.659342
2026-05-29 14:00:00+02:00,25.714,13.044722,25.56,0.0,0.0,45560.0,22.91658,21.653082
2026-05-29 15:00:00+02:00,26.614,15.696165,29.88,0.0,0.0,48340.0,19.972805,19.171173
2026-05-29 16:00:00+02:00,27.014,16.704155,30.599998,0.0,0.0,52080.0,22.123568,19.430658
2026-05-29 17:00:00+02:00,26.864,15.30741,29.519999,0.0,0.0,51740.0,20.662695,23.090988
2026-05-29 18:00:00+02:00,26.414,15.408671,28.44,0.0,0.0,51120.0,22.235918,24.640675
2026-05-29 19:00:00+02:00,25.364,14.4,28.44,0.0,0.0,49420.0,23.98365,23.757093
2026-05-29 20:00:00+02:00,23.464,9.449572,25.56,0.0,0.0,48220.0,26.618277,23.635157
2026-05-29 21:00:00+02:00,21.164,8.311245,19.44,0.0,0.0,47180.0,31.535362,19.98775
2026-05-29 22:00:00+02:00,20.364,7.5685663,17.64,0.0,0.0,46580.0,28.712477,21.103449
2026-05-29 23:00:00+02:00,19.664,7.628263,16.56,0.0,0.0,44500.0,22.440435,16.562065
2026-05-30 00:00:00+02:00,19.164,6.763786,16.919998,0.0,0.0,44900.0,23.683052,16.94153
2026-05-30 01:00:00+02:00,18.764,5.4119864,14.759999,0.0,0.0,45380.0,27.530989,18.764957
2026-05-30 02:00:00+02:00,17.314001,7.5685663,14.4,0.0,0.0,43360.0,26.668936,16.398428
2026-05-30 03:00:00+02:00,16.914,6.924738,17.28,0.0,0.0,43000.0,28.98242,19.98775
2026-05-30 04:00:00+02:00,16.414,6.130579,15.119999,0.0,0.0,42540.0,32.290184,18.877537
2026-05-30 05:00:00+02:00,16.214,6.792466,12.599999,0.0,0.0,41660.0,29.707758,16.11404
2026-05-30 06:00:00+02:00,15.464001,7.42159,15.4800005,0.0,0.0,41120.0,30.131134,11.776757
2026-05-30 07:00:00+02:00,15.964001,4.6938257,15.119999,0.0,0.0,40940.0,27.356956,11.189642
2026-05-30 08:00:00+02:00,15.864,5.4833565,15.4800005,0.0,0.0,39540.0,23.974989,32.37121
2026-05-30 09:00:00+02:00,18.214,3.2399998,10.799999,0.0,0.0,40800.0,17.60781,25.987556
2026-05-30 10:00:00+02:00,19.514,2.2768397,9.36,0.0,0.0,40900.0,13.701232,22.490902
2026-05-30 11:00:00+02:00,21.464,1.8,8.64,0.0,0.0,41520.0,12.337506,20.360134
2026-05-30 12:00:00+02:00,23.464,0.0,7.2,0.0,0.0,42080.0,11.715913,18.948832
2026-05-30 13:00:00+02:00,24.964,3.319036,9.36,0.0,0.0,43320.0,12.864844,18.096056
2026-05-30 14:00:00+02:00,25.714,1.2979984,8.64,0.0,0.0,46400.0,12.065196,12.780782
2026-05-30 15:00:00+02:00,26.714,5.1544156,12.24,0.0,0.0,45880.0,6.524576,15.266946
2026-05-30 16:00:00+02:00,27.014,5.8048253,15.4800005,0.0,0.0,49840.0,1.8788835,14.289349
2026-05-30 17:00:00+02:00,26.664,5.2416787,12.959999,0.0,0.0,49700.0,3.9200466,5.8883786
2026-05-30 18:00:00+02:00,26.564001,4.802999,10.440001,0.0,0.0,50460.0,6.835443,3.7755077
2026-05-30 19:00:00+02:00,25.964,2.3051248,9.72,0.0,0.0,45060.0,9.858215,5.0041595
2026-05-30 20:00:00+02:00,24.464,3.396233,4.32,0.0,0.0,41460.0,10.391472,3.9743526
2026-05-30 21:00:00+02:00,22.864,2.8116899,7.5599995,0.0,0.0,44080.0,9.994198,7.022301
2026-05-30 22:00:00+02:00,22.014,3.0758414,5.04,0.0,0.0,46800.0,9.784211,9.695481
2026-05-30 23:00:00+02:00,20.514,3.6,5.3999996,0.0,0.0,43700.0,7.34788,12.367153
2026-05-31 00:00:00+02:00,20.264,2.3051248,6.12,0.0,0.0,44320.0,6.198138,11.103232
2026-05-31 01:00:00+02:00,19.914,0.35999998,2.8799999,0.0,0.0,43780.0,4.323114,11.41124
2026-05-31 02:00:00+02:00,18.664,3.319036,5.3999996,0.0,0.0,41880.0,0.4556962,8.6452055
2026-05-31 03:00:00+02:00,17.714,3.096837,5.3999996,0.0,0.0,41360.0,2.3236039,6.6850314
2026-05-31 04:00:00+02:00,17.064001,4.072935,6.8399997,0.0,0.0,39900.0,4.556962,3.6192114
2026-05-31 05:00:00+02:00,16.264,5.8048253,7.5599995,0.0,0.0,40080.0,6.3797464,1.387904
2026-05-31 06:00:00+02:00,16.114,4.6938257,10.08,0.0,0.0,40360.0,5.709857,5.339374
2026-05-31 07:00:00+02:00,16.864,4.39436,12.24,0.0,0.0,40640.0,9.858215,9.474416
2026-05-31 08:00:00+02:00,18.114,7.8954163,18.72,0.0,0.0,40860.0,20.592224,11.939203
2026-05-31 09:00:00+02:00,20.264,12.879752,29.88,0.0,0.0,41360.0,29.979132,14.181093
2026-05-31 10:00:00+02:00,22.214,14.168641,28.44,0.0,0.0,41040.0,31.127754,16.102081
2026-05-31 11:00:00+02:00,23.914,19.06301,39.239998,0.0,0.0,42640.0,23.700583,19.480164
2026-05-31 12:00:00+02:00,24.814001,19.443333,38.16,0.0,0.0,42840.0,26.920809,27.373749
2026-05-31 13:00:00+02:00,25.714,16.595179,35.64,0.0,0.0,43720.0,20.962025,29.80603
2026-05-31 14:00:00+02:00,26.614,17.015474,33.839996,0.0,0.0,43900.0,23.766205,36.085506
2026-05-31 15:00:00+02:00,27.514,16.199999,32.760002,0.0,0.0,44840.0,23.735603,32.773354
2026-05-31 16:00:00+02:00,20.464,23.933908,66.96,0.0,0.1,15240.0,19.594936,41.33998
2026-05-31 17:00:00+02:00,20.864,19.05281,87.479996,0.0,2.1,37400.0,47.519302,42.791584
2026-05-31 18:00:00+02:00,20.414,21.986542,41.039997,0.0,0.0,34600.0,40.451862,51.247314
2026-05-31 19:00:00+02:00,19.264,15.077082,41.399998,58.0,0.0,30600.0,50.776905,55.408497
2026-05-31 20:00:00+02:00,17.914,7.9036193,31.68,27.0,1.5,31320.0,33.34065,58.71343
2026-05-31 21:00:00+02:00,16.814001,6.4799995,28.8,63.0,0.1,21620.0,30.244637,56.537296
2026-05-31 22:00:00+02:00,16.814001,2.6208394,15.4800005,47.0,0.0,29460.0,28.69439,44.758568
2026-05-31 23:00:00+02:00,15.564,4.802999,15.4800005,78.0,0.3,21700.0,38.672474,32.192196
2026-06-01 00:00:00+02:00,15.464001,5.95906,15.84,61.0,0.1,19480.0,29.465612,39.142838
2026-06-01 01:00:00+02:00,15.514,7.127636,16.199999,72.0,0.0,27140.0,20.947159,32.519634
2026-06-01 02:00:00+02:00,15.264,6.130579,16.199999,61.0,0.3,24320.0,13.246578,47.74471
2026-06-01 03:00:00+02:00,14.964001,6.638072,16.199999,42.0,0.0,21340.0,11.830561,36.541702
2026-06-01 04:00:00+02:00,14.6640005,7.42159,16.919998,0.0,0.0,20500.0,15.851416,35.111507
2026-06-01 05:00:00+02:00,14.514,6.162207,20.16,52.0,0.3,15160.0,20.071335,40.0429
2026-06-01 06:00:00+02:00,14.1640005,4.68,15.4800005,44.0,0.0,6620.0,20.11784,35.138927
2026-06-01 07:00:00+02:00,14.464001,4.379589,13.679999,0.0,0.0,16720.0,21.475815,35.308456
2026-06-01 08:00:00+02:00,14.964001,4.68,16.56,50.0,0.0,18920.0,20.827858,30.816475
2026-06-01 09:00:00+02:00,16.064,7.5942073,15.4800005,52.0,0.0,30980.0,19.128386,27.549112
2026-06-01 10:00:00+02:00,16.764,11.620809,23.039999,93.0,0.0,37840.0,13.215189,23.88647
2026-06-01 11:00:00+02:00,17.814001,8.891344,22.319998,68.0,0.0,39880.0,14.243696,19.161121
2026-06-01 12:00:00+02:00,18.964,8.825508,19.08,70.0,0.0,40580.0,12.710575,16.65485
2026-06-01 13:00:00+02:00,19.714,10.538843,21.96,10.0,0.0,40700.0,12.969341,17.914183
2026-06-01 14:00:00+02:00,20.514,8.0899935,23.4,2.0,0.0,41360.0,9.580463,18.662022
2026-06-01 15:00:00+02:00,21.264,8.587338,19.44,6.0,0.0,42120.0,9.17071,19.271389
2026-06-01 16:00:00+02:00,22.114,5.8048253,15.119999,0.0,0.0,43220.0,5.155614,24.14315
2026-06-01 17:00:00+02:00,22.464,6.6087217,12.959999,0.0,0.0,44160.0,4.57969,22.965515
2026-06-01 18:00:00+02:00,22.164,6.3690495,14.759999,0.0,0.0,43440.0,5.543783,28.006792
2026-06-01 19:00:00+02:00,21.364,8.0899935,12.599999,0.0,0.0,41880.0,8.476439,26.69687
2026-06-01 20:00:00+02:00,20.414,5.3517847,17.28,2.0,0.0,41360.0,5.562481,26.348255
2026-06-01 21:00:00+02:00,18.364,5.4833565,11.5199995,13.0,0.0,40200.0,3.2222586,31.36786
2026-06-01 22:00:00+02:00,17.014,6.8399997,16.919998,29.0,0.0,40920.0,8.987734,33.407864
2026-06-01 23:00:00+02:00,16.314,5.0911684,16.56,37.0,0.0,40160.0,10.035667,38.747143
2026-06-02 00:00:00+02:00,16.564001,1.4399999,11.5199995,7.0,0.0,40380.0,10.754816,40.47829
2026-06-02 01:00:00+02:00,16.814001,2.1897945,3.96,0.0,0.0,41000.0,7.543114,41.752625
2026-06-02 02:00:00+02:00,16.264,1.484318,3.96,0.0,0.0,40720.0,10.754816,48.286304
2026-06-02 03:00:00+02:00,15.714001,2.968636,3.96,0.0,0.0,40500.0,12.905135,50.62712
2026-06-02 04:00:00+02:00,15.314,2.4149535,6.12,0.0,0.0,39760.0,15.8972025,54.124702
2026-06-02 05:00:00+02:00,14.564,3.7064266,6.8399997,0.0,0.0,36780.0,19.31206,46.13607
2026-06-02 06:00:00+02:00,13.964001,4.3498964,7.5599995,5.0,0.0,31200.0,20.470856,43.946407
2026-06-02 07:00:00+02:00,14.714001,1.835647,9.0,7.0,0.0,33640.0,22.661438,46.25283
2026-06-02 08:00:00+02:00,15.864,3.319036,9.36,0.0,0.0,35760.0,26.418589,52.92994
2026-06-02 09:00:00+02:00,18.314001,6.9153743,15.4800005,0.0,0.0,39440.0,28.98242,51.032616
2026-06-02 10:00:00+02:00,19.364,9.360001,18.359999,13.0,0.0,40560.0,36.318726,49.18745
2026-06-02 11:00:00+02:00,18.764,10.30883,25.56,0.0,0.1,38900.0,48.280144,53.75688
2026-06-02 12:00:00+02:00,19.014,12.864649,28.8,0.0,0.8,36260.0,36.914207,49.16003
2026-06-02 13:00:00+02:00,20.664,14.372974,29.519999,0.0,0.0,38300.0,41.35804,52.333374
2026-06-02 14:00:00+02:00,21.914,13.441071,29.519999,18.0,0.0,39880.0,40.23568,58.975315
2026-06-02 15:00:00+02:00,21.514,19.164719,54.719997,65.0,0.0,40520.0,32.810127,54.571293
2026-06-02 16:00:00+02:00,18.014,21.53089,56.16,52.0,0.0,37940.0,48.863724,63.434967
2026-06-02 17:00:00+02:00,15.614,8.825508,48.96,48.0,0.7,12300.0,42.499622,70.7695
2026-06-02 18:00:00+02:00,15.214001,5.991594,22.68,55.0,0.8,8340.0,46.991974,69.851715
2026-06-02 19:00:00+02:00,15.064,24.458813,41.760002,54.0,3.7,20820.0,65.42375,62.809372
2026-06-02 20:00:00+02:00,13.314,11.983188,59.399998,28.0,0.6,28100.0,58.517494,60.465492
2026-06-02 21:00:00+02:00,13.464001,10.009036,24.84,0.0,0.0,35360.0,51.16192,54.429913
2026-06-02 22:00:00+02:00,13.214001,10.538843,25.56,52.0,0.0,36080.0,47.306885,47.147903
2026-06-02 23:00:00+02:00,12.464001,7.24486,26.28,39.0,0.1,24400.0,36.560925,60.87823
2026-06-03 00:00:00+02:00,12.564,7.2,23.759998,5.0,0.0,26120.0,34.180252,47.9661
2026-06-03 01:00:00+02:00,12.214001,6.638072,19.08,47.0,0.0,26520.0,33.97,42.48438
2026-06-03 02:00:00+02:00,11.614,10.703569,27.72,97.0,2.0,7940.0,28.939398,38.482754
2026-06-03 03:00:00+02:00,11.4140005,11.631956,23.4,74.0,3.5,21320.0,36.03459,48.810047
2026-06-03 04:00:00+02:00,10.964001,12.864649,26.64,66.0,0.0,17800.0,30.586008,38.60769
2026-06-03 05:00:00+02:00,10.814,12.599998,27.359999,81.0,0.4,11020.0,41.98592,50.337128
2026-06-03 06:00:00+02:00,11.114,12.4811535,29.16,90.0,0.0,19780.0,38.801132,53.609768
2026-06-03 07:00:00+02:00,11.4140005,10.514218,25.56,58.0,0.0,23700.0,39.656044,50.337128
2026-06-03 08:00:00+02:00,11.814,11.874544,23.4,70.0,0.0,25280.0,37.5445,43.889385
2026-06-03 09:00:00+02:00,12.014,13.493999,30.239998,100.0,0.5,5640.0,34.611916,42.429935
2026-06-03 10:00:00+02:00,11.864,11.570515,31.68,75.0,2.5,11160.0,46.98093,42.225147
2026-06-03 11:00:00+02:00,11.814,13.708391,31.68,100.0,3.4,6020.0,50.227974,42.32084
2026-06-03 12:00:00+02:00,12.214001,14.561099,29.16,100.0,2.3,27700.0,44.806778,34.941025
2026-06-03 13:00:00+02:00,14.614,16.62249,33.48,69.0,0.0,34260.0,38.21604,35.40108
2026-06-03 14:00:00+02:00,15.614,16.65754,34.92,73.0,0.0,38460.0,36.054756,32.949207
2026-06-03 15:00:00+02:00,16.214,20.598795,40.68,38.0,0.0,38800.0,35.838123,33.723503
2026-06-03 16:00:00+02:00,17.064001,16.65754,39.6,10.0,0.0,40100.0,36.92264,35.384754
2026-06-03 17:00:00+02:00,17.614,15.856356,39.239998,89.0,0.0,41140.0,26.169819,31.661255
2026-06-03 18:00:00+02:00,17.314001,18.448023,36.0,41.0,0.0,40700.0,30.299517,36.00535
2026-06-03 19:00:00+02:00,17.164,12.979984,29.88,8.0,0.0,40780.0,27.58374,43.448273
2026-06-03 20:00:00+02:00,16.314,12.758432,25.199999,26.0,0.0,41420.0,30.653826,42.93988
2026-06-03 21:00:00+02:00,14.764,7.24486,21.96,7.0,0.0,40280.0,35.838123,42.629227
2026-06-03 22:00:00+02:00,13.814,6.9153743,18.359999,0.0,0.0,39220.0,38.43548,39.06402
2026-06-03 23:00:00+02:00,12.964001,7.928177,18.359999,0.0,0.0,36220.0,42.905678,38.10549
2026-06-04 00:00:00+02:00,12.864,8.891343,23.4,0.0,0.0,37600.0,45.116222,34.49717
2026-06-04 01:00:00+02:00,12.864,9.693296,25.199999,0.0,0.0,39040.0,45.95533,32.37121
2026-06-04 02:00:00+02:00,12.264,9.422101,26.28,0.0,0.0,37120.0,45.258682,32.37121
2026-06-04 03:00:00+02:00,11.9140005,7.8625183,21.599998,0.0,0.0,37000.0,46.268307,30.866442
2026-06-04 04:00:00+02:00,11.964001,6.696387,19.8,0.0,0.0,37440.0,40.92649,35.330273
2026-06-04 05:00:00+02:00,11.764,6.297428,21.24,0.0,0.0,34180.0,36.45854,33.568924
2026-06-04 06:00:00+02:00,11.6640005,7.491114,20.519999,0.0,0.0,32780.0,39.263985,38.886093
2026-06-04 07:00:00+02:00,12.314,7.42159,22.68,0.0,0.0,32480.0,46.29523,45.66605
2026-06-04 08:00:00+02:00,13.464001,8.287822,21.24,0.0,0.0,36520.0,43.37739,49.69007
2026-06-04 09:00:00+02:00,14.514,11.983188,25.199999,22.0,0.0,38300.0,45.39841,49.608597
2026-06-04 10:00:00+02:00,16.564001,10.315115,22.68,0.0,0.0,39740.0,36.141045,56.030777
2026-06-04 11:00:00+02:00,17.214,7.5170207,21.24,0.0,0.0,40120.0,34.23792,58.883785
2026-06-04 12:00:00+02:00,17.764,14.417988,28.8,0.0,0.0,39960.0,39.372257,58.70359
2026-06-04 13:00:00+02:00,16.864,12.303366,29.88,34.0,0.5,37880.0,45.88297,60.142868
2026-06-04 14:00:00+02:00,18.164,21.602999,29.519999,68.0,0.0,40600.0,35.180218,50.06469
2026-06-04 15:00:00+02:00,16.964,23.893261,45.719997,59.0,0.6,27520.0,49.679245,42.97127
2026-06-04 16:00:00+02:00,15.464001,32.85678,66.96,84.0,0.2,19300.0,53.51084,45.91845
2026-06-04 17:00:00+02:00,12.4140005,27.09822,64.799995,55.0,0.9,28620.0,80.26982,47.176495
2026-06-04 18:00:00+02:00,11.864,25.744402,55.079998,64.0,0.9,12500.0,68.75578,44.173744
2026-06-04 19:00:00+02:00,11.564,22.33161,48.96,53.0,1.9,7060.0,58.473118,43.92448
2026-06-04 20:00:00+02:00,10.964001,14.264361,42.12,79.0,2.2,16920.0,54.929825,59.69602
2026-06-04 21:00:00+02:00,10.864,12.738099,28.08,94.0,0.8,25520.0,54.043724,55.27275
2026-06-04 22:00:00+02:00,10.814,9.885262,27.0,65.0,0.8,25620.0,42.242325,51.42742
2026-06-04 23:00:00+02:00,10.464001,12.43434,23.759998,15.0,0.5,27160.0,44.48351,54.796734
2026-06-05 00:00:00+02:00,10.614,5.3999996,25.919998,16.0,0.0,31640.0,41.717983,56.53389
2026-06-05 01:00:00+02:00,10.764,5.5887027,13.32,69.0,0.0,31420.0,33.42773,38.712326
2026-06-05 02:00:00+02:00,10.214001,8.209263,23.039999,63.0,0.0,23400.0,40.065,43.77072
2026-06-05 03:00:00+02:00,10.064,7.2359104,21.96,53.0,0.0,23200.0,43.255146,45.91845
2026-06-05 04:00:00+02:00,10.064,7.5942082,24.119999,0.0,0.0,25000.0,27.801203,40.98432
2026-06-05 05:00:00+02:00,10.064,10.636766,22.319998,75.0,0.1,23080.0,29.707758,34.62536
2026-06-05 06:00:00+02:00,10.014,7.5170207,23.759998,71.0,0.0,26660.0,28.267859,28.266945
2026-06-05 07:00:00+02:00,10.264,7.6367526,19.08,85.0,0.0,29080.0,23.766205,31.404686
2026-06-05 08:00:00+02:00,10.714001,7.42159,20.16,57.0,0.1,27440.0,22.857605,28.880415
2026-06-05 09:00:00+02:00,11.4140005,8.557102,16.56,60.0,0.0,29880.0,17.530981,22.76332
2026-06-05 10:00:00+02:00,12.6640005,9.178235,21.599998,71.0,0.0,33020.0,14.843389,23.03252
2026-06-05 11:00:00+02:00,12.864,7.2805495,19.44,86.0,0.0,32720.0,14.192577,21.230852
2026-06-05 12:00:00+02:00,13.214001,10.931203,21.96,97.0,0.0,31540.0,12.512989,11.241167
2026-06-05 13:00:00+02:00,13.4140005,8.0899935,20.16,67.0,0.0,30860.0,15.148044,12.320337
2026-06-05 14:00:00+02:00,14.464001,4.379589,20.16,75.0,0.0,35740.0,8.658227,13.6692705
2026-06-05 15:00:00+02:00,15.814,4.198285,12.24,77.0,0.0,37540.0,6.6350365,17.903427
2026-06-05 16:00:00+02:00,15.564,9.346143,16.56,93.0,0.0,38200.0,4.511162,21.679756
2026-06-05 17:00:00+02:00,15.714001,8.287822,15.84,83.0,0.0,38840.0,1.9333551,22.4909
2026-06-05 18:00:00+02:00,15.614,9.007196,14.04,42.0,0.0,40160.0,3.9200466,26.515873
2026-06-05 19:00:00+02:00,15.264,7.42159,13.679999,50.0,0.0,40060.0,4.6472077,27.57008
2026-06-05 20:00:00+02:00,14.864,5.5887027,14.04,62.0,0.0,39740.0,6.524576,26.696869
2026-06-05 21:00:00+02:00,13.9140005,4.452954,11.879999,48.0,0.0,37020.0,10.391472,30.165771
2026-06-05 22:00:00+02:00,12.9140005,5.634891,14.04,50.0,0.0,36540.0,16.411392,28.102919
2026-06-05 23:00:00+02:00,12.214001,4.896529,13.679999,43.0,0.0,34360.0,17.824654,28.592175
2026-06-06 00:00:00+02:00,11.814,4.896529,11.879999,39.0,0.0,35720.0,17.340422,30.165771
2026-06-06 01:00:00+02:00,11.564,4.829907,14.04,16.0,0.0,37600.0,17.370333,33.4021
2026-06-06 02:00:00+02:00,10.6640005,4.6800003,11.879999,12.0,0.0,35780.0,15.099987,34.278706
2026-06-06 03:00:00+02:00,10.1640005,4.510787,12.599999,0.0,0.0,34880.0,14.69576,33.4021
2026-06-06 04:00:00+02:00,9.964001,2.5455842,8.28,0.0,0.0,33160.0,7.800262,30.470741
2026-06-06 05:00:00+02:00,9.6640005,2.5455842,3.2399998,0.0,0.0,29100.0,4.9291077,28.639296
2026-06-06 06:00:00+02:00,9.514,2.9024127,5.04,0.0,0.0,26420.0,7.205189,28.423246
2026-06-06 07:00:00+02:00,10.114,3.096837,6.4799995,0.0,0.0,25960.0,13.285712,27.792759
2026-06-06 08:00:00+02:00,11.364,2.9024127,7.5599995,0.0,0.0,23880.0,14.589397,31.5149
2026-06-06 09:00:00+02:00,13.264,5.154415,11.879999,13.0,0.0,31940.0,21.763966,35.645096
2026-06-06 10:00:00+02:00,14.064,7.8625183,16.56,31.0,0.0,35600.0,28.109474,42.142952
2026-06-06 11:00:00+02:00,15.364,11.177405,22.68,55.0,0.2,36600.0,33.61358,47.857544
2026-06-06 12:00:00+02:00,16.714,14.685176,28.44,28.0,0.0,38000.0,38.044495,44.434616
2026-06-06 13:00:00+02:00,17.964,17.902534,35.28,11.0,0.0,40480.0,43.12774,49.937557
2026-06-06 14:00:00+02:00,19.164,16.575644,42.48,8.0,0.0,40940.0,33.002598,51.997345
2026-06-06 15:00:00+02:00,20.064001,20.06334,39.96,29.0,0.0,40940.0,29.788034,39.927277
2026-06-06 16:00:00+02:00,20.814001,18.175545,38.519997,3.0,0.0,41380.0,34.52782,41.66025
2026-06-06 17:00:00+02:00,21.064001,15.937878,40.32,0.0,0.0,41640.0,26.371386,50.210682
2026-06-06 18:00:00+02:00,20.914,16.520823,35.28,0.0,0.0,42780.0,30.990694,54.821335
2026-06-06 19:00:00+02:00,20.364,15.379206,32.760002,0.0,0.0,43320.0,41.67067,55.33893
2026-06-06 20:00:00+02:00,19.314001,11.384199,29.88,40.0,0.0,41620.0,40.10385,59.17747
2026-06-06 21:00:00+02:00,18.014,5.991594,21.24,60.0,0.0,40300.0,31.201048,62.022392
2026-06-06 22:00:00+02:00,16.464,4.3349743,15.4800005,0.0,0.0,39660.0,31.456244,61.698544
2026-06-06 23:00:00+02:00,16.414,4.5820518,6.8399997,15.0,0.0,39180.0,20.097183,56.670017
2026-06-07 00:00:00+02:00,15.714001,5.154415,12.24,49.0,0.0,39180.0,25.6205,55.79651
2026-06-07 01:00:00+02:00,15.314,4.1046314,13.679999,66.0,0.0,39540.0,15.044876,52.052883
2026-06-07 02:00:00+02:00,14.714001,5.8603754,11.5199995,55.0,0.0,34200.0,23.236036,52.700165
2026-06-07 03:00:00+02:00,14.564,8.714677,21.96,47.0,0.0,36360.0,17.725351,49.23442
2026-06-07 04:00:00+02:00,14.1640005,6.3690495,21.96,69.0,0.0,35380.0,20.78794,44.204258
2026-06-07 05:00:00+02:00,13.864,6.8777895,19.44,55.0,0.0,36300.0,20.607346,47.18874
2026-06-07 06:00:00+02:00,13.364,4.379589,18.0,95.0,0.0,35700.0,18.330091,40.47829
2026-06-07 07:00:00+02:00,13.314,3.2399998,12.599999,94.0,0.0,35020.0,19.57373,39.850014
2026-06-07 08:00:00+02:00,14.264,5.2416787,10.799999,85.0,0.0,38000.0,16.22688,36.00535
2026-06-07 09:00:00+02:00,14.514,7.072878,15.4800005,89.0,0.0,38220.0,15.230073,40.663464
2026-06-07 10:00:00+02:00,15.264,6.87779,14.759999,54.0,0.0,37380.0,14.836392,36.767677
2026-06-07 11:00:00+02:00,16.864,5.4119864,14.4,35.0,0.0,39200.0,15.318443,34.80846
2026-06-07 12:00:00+02:00,18.514,8.707238,18.72,78.0,0.0,40340.0,10.118097,36.72574
2026-06-07 13:00:00+02:00,19.364,9.3669195,23.039999,82.0,0.0,40440.0,13.270073,40.805325
2026-06-07 14:00:00+02:00,19.764,9.0645685,22.68,57.0,0.0,40780.0,10.280973,40.530605
2026-06-07 15:00:00+02:00,20.664,7.8954163,20.16,17.0,0.0,41240.0,9.515216,48.59647
2026-06-07 16:00:00+02:00,21.364,7.491114,19.8,16.0,0.0,41700.0,9.394418,49.503643
2026-06-07 17:00:00+02:00,21.264,7.69592,17.64,51.0,0.0,41360.0,9.294415,46.423267
2026-06-07 18:00:00+02:00,21.014,8.161764,18.0,48.0,0.0,41140.0,6.572144,47.60329
2026-06-07 19:00:00+02:00,19.764,10.636766,22.68,48.0,0.0,40520.0,12.603934,40.83364
2026-06-07 20:00:00+02:00,19.414,9.0,21.599998,24.0,0.0,40680.0,3.5591009,33.476986
2026-06-07 21:00:00+02:00,17.764,6.379216,17.28,36.0,0.0,39540.0,5.709857,28.880415
2026-06-07 22:00:00+02:00,16.564001,5.95906,14.759999,11.0,0.0,38900.0,6.850616,28.659466
2026-06-07 23:00:00+02:00,15.4140005,4.1046314,12.599999,11.0,0.0,37240.0,7.958392,32.566986
2026-06-08 00:00:00+02:00,15.064,3.096837,5.3999996,0.0,0.0,37520.0,9.580464,29.218596
2026-06-08 01:00:00+02:00,14.814,2.9024127,5.3999996,0.0,0.0,38200.0,10.628571,29.507248
2026-06-08 02:00:00+02:00,14.464001,4.32,5.7599998,0.0,0.0,36940.0,13.548821,35.078575
2026-06-08 03:00:00+02:00,13.814,5.495161,12.24,0.0,0.0,35560.0,15.230073,34.74199
2026-06-08 04:00:00+02:00,13.964001,3.8773184,12.24,0.0,0.0,35240.0,18.54969,36.767677
2026-06-08 05:00:00+02:00,13.264,5.1919937,8.28,0.0,0.0,28480.0,25.322935,32.773354
2026-06-08 06:00:00+02:00,12.814,4.6938257,12.599999,0.0,0.0,25220.0,34.082905,32.796856
2026-06-08 07:00:00+02:00,13.864,3.8773184,14.4,0.0,0.0,28860.0,45.95533,39.25586
2026-06-08 08:00:00+02:00,15.9140005,7.24486,18.0,0.0,0.0,35480.0,46.007263,39.975494
2026-06-08 09:00:00+02:00,17.914,6.4096174,21.96,0.0,0.0,38760.0,38.497562,44.50392
2026-06-08 10:00:00+02:00,19.964,5.0911684,15.119999,0.0,0.0,40120.0,39.097034,46.55172
2026-06-08 11:00:00+02:00,21.714,7.386582,14.759999,0.0,0.0,41440.0,41.295227,40.573357
2026-06-08 12:00:00+02:00,23.064001,10.315115,21.24,0.0,0.0,41940.0,43.501682,38.02959
2026-06-08 13:00:00+02:00,24.214,12.864649,26.28,0.0,0.0,42320.0,47.89798,40.24922
2026-06-08 14:00:00+02:00,25.014,11.901798,39.239998,0.0,0.0,42820.0,26.296474,42.302624
2026-06-08 15:00:00+02:00,25.414,15.941944,32.039997,0.0,0.0,42760.0,39.348515,41.293358
2026-06-08 16:00:00+02:00,24.864,22.963936,44.639996,0.0,0.0,41880.0,32.613335,39.961037
2026-06-08 17:00:00+02:00,22.314001,17.727943,45.36,0.0,0.0,40660.0,29.954878,36.64172
2026-06-08 18:00:00+02:00,20.714,13.202726,33.839996,14.0,0.1,39460.0,39.78152,33.228638
2026-06-08 19:00:00+02:00,19.214,4.6938257,33.12,63.0,0.3,36560.0,26.982447,39.123146
2026-06-08 20:00:00+02:00,17.914,7.69592,13.32,37.0,0.4,21600.0,44.0967,49.596947
2026-06-08 21:00:00+02:00,17.014,9.726665,22.68,0.0,0.6,27140.0,51.81328,63.13057
2026-06-08 22:00:00+02:00,16.214,10.315115,28.44,0.0,0.1,26060.0,54.355976,50.547157
2026-06-08 23:00:00+02:00,16.164,7.072878,24.119999,0.0,0.0,18780.0,46.297478,58.43719
2026-06-09 00:00:00+02:00,16.364,7.729527,20.16,61.0,0.0,18520.0,66.181145,62.08137
2026-06-09 01:00:00+02:00,16.514,11.298495,25.919998,12.0,0.0,28500.0,55.2521,52.263393
2026-06-09 02:00:00+02:00,15.864,20.172853,36.719997,57.0,0.4,22140.0,59.97211,61.982006
2026-06-09 03:00:00+02:00,15.264,17.462784,41.039997,86.0,0.1,17900.0,69.44697,67.13785
2026-06-09 04:00:00+02:00,15.114,14.917212,32.399998,83.0,0.3,16280.0,56.274326,68.773415
2026-06-09 05:00:00+02:00,14.564,14.154915,42.839996,94.0,0.4,2440.0,41.50589,66.64831
2026-06-09 06:00:00+02:00,14.064,17.072504,30.599998,79.0,2.5,6160.0,44.667522,50.44416
2026-06-09 07:00:00+02:00,14.114,9.346143,31.68,100.0,1.6,24500.0,39.232243,63.203762
2026-06-09 08:00:00+02:00,14.064,11.212135,24.119999,100.0,0.0,24520.0,46.081676,60.62457
2026-06-09 09:00:00+02:00,14.364,10.787993,24.48,100.0,0.0,22880.0,44.03308,62.77563
2026-06-09 10:00:00+02:00,15.064,13.849476,25.56,100.0,0.0,27860.0,39.25605,64.17462
2026-06-09 11:00:00+02:00,14.114,10.805999,30.239998,100.0,0.0,31280.0,31.070993,64.17462
2026-06-09 12:00:00+02:00,13.064,9.227524,22.319998,100.0,0.0,23920.0,23.875175,62.76335
2026-06-09 13:00:00+02:00,13.014,11.119281,22.319998,100.0,0.0,29240.0,24.700247,60.321957
2026-06-09 14:00:00+02:00,12.514,10.30883,26.28,98.0,0.0,31800.0,20.912434,66.734955
2026-06-09 15:00:00+02:00,12.964001,4.5536795,18.72,100.0,0.0,32080.0,17.292456,60.973083
2026-06-09 16:00:00+02:00,12.964001,5.2416787,10.08,100.0,0.0,30280.0,12.889034,60.87823
2026-06-09 17:00:00+02:00,12.364,10.086427,16.199999,96.0,0.0,24560.0,19.166344,59.689564
2026-06-09 18:00:00+02:00,12.314,7.6367526,20.16,100.0,0.0,22660.0,18.992203,58.651062
2026-06-09 19:00:00+02:00,12.364,8.714677,18.72,100.0,0.0,26900.0,15.1685915,53.660046
2026-06-09 20:00:00+02:00,12.1640005,6.4096174,17.64,81.0,0.0,19940.0,15.318443,56.82277
2026-06-09 21:00:00+02:00,12.014,6.618519,14.4,54.0,0.0,19880.0,12.379514,69.220116
2026-06-09 22:00:00+02:00,11.864,3.319036,7.92,68.0,0.0,23180.0,12.030725,57.977192
2026-06-09 23:00:00+02:00,11.464001,4.452954,4.32,63.0,0.0,11320.0,11.830561,53.411777
2026-06-10 00:00:00+02:00,11.4140005,2.4149535,7.92,89.0,0.0,11380.0,13.246578,47.343605
2026-06-10 01:00:00+02:00,11.814,1.0182338,2.52,67.0,0.0,28180.0,14.674548,45.682926
2026-06-10 02:00:00+02:00,11.4140005,0.8049845,7.2,98.0,0.0,15660.0,16.512308,42.574966
2026-06-10 03:00:00+02:00,11.4140005,1.8,4.32,72.0,0.0,18280.0,15.473553,36.872307
2026-06-10 04:00:00+02:00,11.1640005,2.9024127,3.6,86.0,0.0,16760.0,15.284514,48.81399
2026-06-10 05:00:00+02:00,10.6640005,2.5455842,4.32,87.0,0.6,1640.0,13.270073,53.51266
2026-06-10 06:00:00+02:00,10.564,2.0991426,7.2,93.0,0.8,11460.0,13.223043,50.06469
2026-06-10 07:00:00+02:00,10.714001,2.5455842,7.5599995,89.0,0.2,13540.0,12.4380865,42.755558
2026-06-10 08:00:00+02:00,11.264,4.2136917,6.12,73.0,0.2,18580.0,12.269996,33.797676
2026-06-10 09:00:00+02:00,11.514,7.289444,14.4,83.0,0.1,26640.0,10.638334,33.45972
2026-06-10 10:00:00+02:00,11.6640005,7.771331,14.759999,98.0,0.2,27080.0,11.392405,30.816475
2026-06-10 11:00:00+02:00,11.614,10.883676,20.880001,89.0,0.3,24380.0,7.418196,35.21012
2026-06-10 12:00:00+02:00,11.614,9.19939,17.64,91.0,0.1,32860.0,13.949067,30.659805
2026-06-10 13:00:00+02:00,11.714001,13.708391,25.199999,100.0,0.7,10820.0,22.78481,27.317396
2026-06-10 14:00:00+02:00,11.764,8.287822,35.64,94.0,2.3,19440.0,18.347078,45.52664
2026-06-10 15:00:00+02:00,11.114,14.264361,23.759998,100.0,1.9,5520.0,29.620253,21.112574
2026-06-10 16:00:00+02:00,10.964001,14.081478,35.64,46.0,1.1,33540.0,34.931423,48.778465
2026-06-10 17:00:00+02:00,11.864,15.192682,32.760002,79.0,0.1,37840.0,32.613335,36.751953
2026-06-10 18:00:00+02:00,12.614,13.556282,29.519999,69.0,0.0,39320.0,25.665043,34.024887
2026-06-10 19:00:00+02:00,11.614,9.983106,30.960001,100.0,0.0,31540.0,25.974684,34.847176
2026-06-10 20:00:00+02:00,11.564,6.638072,23.4,85.0,0.1,35780.0,22.78481,29.507248
2026-06-10 21:00:00+02:00,10.9140005,5.1165614,14.759999,14.0,0.0,30640.0,24.759027,30.816475
2026-06-10 22:00:00+02:00,10.214001,4.3349743,12.599999,39.0,0.0,27380.0,23.244972,31.465965
2026-06-10 23:00:00+02:00,9.864,4.829907,11.879999,46.0,0.0,26320.0,24.065763,21.733002
2026-06-11 00:00:00+02:00,9.314,4.1046314,12.599999,48.0,0.0,24840.0,22.546602,26.098505
2026-06-11 01:00:00+02:00,9.1640005,4.32,10.440001,0.0,0.0,21260.0,21.42257,34.957558
2026-06-11 02:00:00+02:00,9.114,5.3517847,13.32,47.0,0.0,13880.0,22.948275,36.048122
2026-06-11 03:00:00+02:00,9.114,4.8433046,13.679999,0.0,0.0,22660.0,24.624466,34.847176
2026-06-11 04:00:00+02:00,8.764,3.6,12.24,61.0,0.0,31160.0,21.783041,33.66061
2026-06-11 05:00:00+02:00,8.714001,4.2136917,15.4800005,40.0,0.0,27500.0,17.917614,33.51724
2026-06-11 06:00:00+02:00,8.464001,5.771239,15.4800005,48.0,0.0,22280.0,25.6205,32.902405
2026-06-11 07:00:00+02:00,8.864,5.8603754,16.56,43.0,0.0,20060.0,32.838593,33.367477
2026-06-11 08:00:00+02:00,9.6640005,9.826088,23.4,13.0,0.0,23760.0,33.424625,36.919296
2026-06-11 09:00:00+02:00,11.014,12.758432,25.56,0.0,0.0,33240.0,29.958344,39.743526
2026-06-11 10:00:00+02:00,12.314,14.830076,30.239998,29.0,0.0,40140.0,22.624752,41.433067
2026-06-11 11:00:00+02:00,13.1640005,14.512064,32.760002,43.0,0.0,40660.0,25.535254,34.780777
2026-06-11 12:00:00+02:00,14.4140005,15.84409,32.399998,50.0,0.0,41540.0,23.700583,31.649084
2026-06-11 13:00:00+02:00,15.1640005,19.09358,36.719997,12.0,0.0,42240.0,27.797468,27.289175
2026-06-11 14:00:00+02:00,15.814,17.654688,39.96,58.0,0.0,42820.0,23.696201,28.980291
2026-06-11 15:00:00+02:00,16.064,16.203999,37.079998,31.0,0.0,42720.0,29.178795,27.709465
2026-06-11 16:00:00+02:00,16.114,18.089775,37.079998,53.0,0.0,42000.0,26.010633,25.816511
2026-06-11 17:00:00+02:00,16.264,12.55879,36.36,0.0,0.0,42280.0,24.220585,26.71851
2026-06-11 18:00:00+02:00,16.114,12.57426,29.519999,0.0,0.0,42320.0,25.518986,26.537657
2026-06-11 19:00:00+02:00,15.4140005,9.511088,26.28,0.0,0.0,41740.0,27.269524,34.228092
2026-06-11 20:00:00+02:00,15.1640005,5.991594,17.64,6.0,0.0,42340.0,18.6891,37.637547
2026-06-11 21:00:00+02:00,14.214001,5.1165614,13.679999,0.0,0.0,40900.0,16.805244,41.922977
2026-06-11 22:00:00+02:00,13.364,2.3051248,13.679999,0.0,0.0,40360.0,20.647614,39.14776
2026-06-11 23:00:00+02:00,13.014,5.6920996,11.159999,0.0,0.0,39820.0,31.426521,48.65589
2026-06-12 00:00:00+02:00,12.464001,4.8433046,16.199999,0.0,0.0,37000.0,36.347305,50.27969
2026-06-12 01:00:00+02:00,12.114,5.904439,16.199999,0.0,0.0,37440.0,41.578377,45.208195
2026-06-12 02:00:00+02:00,12.314,8.854829,17.64,56.0,0.0,37760.0,42.406685,53.75688
2026-06-12 03:00:00+02:00,12.4140005,9.360001,23.039999,63.0,0.0,37800.0,49.37106,48.433678
2026-06-12 04:00:00+02:00,12.364,12.413476,26.64,80.0,0.0,38460.0,48.93167,45.884876
2026-06-12 05:00:00+02:00,12.364,14.168641,30.239998,77.0,0.1,38200.0,43.89847,42.89949
2026-06-12 06:00:00+02:00,12.4140005,14.973577,30.960001,75.0,0.0,37480.0,44.352604,43.85865
2026-06-12 07:00:00+02:00,12.614,15.629971,29.88,77.0,0.0,37700.0,44.716312,44.758568
2026-06-12 08:00:00+02:00,13.814,19.161337,30.239998,59.0,0.0,39640.0,52.59295,53.122475
2026-06-12 09:00:00+02:00,13.764,19.469975,37.8,100.0,0.1,39180.0,53.11549,57.907383
2026-06-12 10:00:00+02:00,14.214001,18.057508,36.36,96.0,0.0,39160.0,53.493378,49.23442
2026-06-12 11:00:00+02:00,14.864,20.49156,42.12,100.0,0.0,39700.0,54.9147,51.37121
2026-06-12 12:00:00+02:00,15.1640005,17.902534,38.519997,100.0,0.0,39760.0,48.10995,48.69151
2026-06-12 13:00:00+02:00,15.764,14.934577,32.399998,100.0,0.0,39260.0,43.291138,47.506077
2026-06-12 14:00:00+02:00,16.764,15.629971,30.239998,100.0,0.0,39140.0,39.68745,49.421864
2026-06-12 15:00:00+02:00,17.114,17.581125,34.56,95.0,0.0,39260.0,34.204544,50.646145
2026-06-12 16:00:00+02:00,17.114,11.792404,36.0,83.0,0.1,39000.0,34.204544,41.270023
2026-06-12 17:00:00+02:00,17.764,12.371645,20.519999,80.0,0.0,39740.0,29.338484,43.581074
2026-06-12 18:00:00+02:00,18.164,10.805999,23.039999,66.0,0.0,39800.0,33.733833,40.07175
2026-06-12 19:00:00+02:00,18.314001,6.130579,19.44,89.0,0.0,39360.0,37.891346,46.918552
2026-06-12 20:00:00+02:00,18.314001,11.770403,15.119999,86.0,0.0,39280.0,37.891346,47.400536
2026-06-12 21:00:00+02:00,17.814001,7.342588,22.319998,81.0,0.0,38040.0,32.015697,54.124702
2026-06-12 22:00:00+02:00,17.164,6.297428,16.56,63.0,0.0,36780.0,40.227932,54.003563
2026-06-12 23:00:00+02:00,16.614,9.220499,18.359999,55.0,0.0,36600.0,40.359352,56.236675
2026-06-13 00:00:00+02:00,16.264,9.290511,23.4,48.0,0.0,36060.0,39.40389,55.824123
2026-06-13 01:00:00+02:00,15.964001,8.825508,23.039999,30.0,0.0,35740.0,38.758297,52.377525
2026-06-13 02:00:00+02:00,15.1640005,8.699793,22.319998,40.0,0.0,28360.0,34.204544,54.003563
2026-06-13 03:00:00+02:00,14.814,8.699793,21.96,15.0,0.0,28360.0,36.467087,54.124702
2026-06-13 04:00:00+02:00,14.564,8.225035,20.880001,0.0,0.0,28960.0,36.92264,54.259773
2026-06-13 05:00:00+02:00,14.1640005,8.534353,23.4,0.0,0.0,25660.0,33.83218,51.47235
2026-06-13 06:00:00+02:00,14.064,8.854829,22.68,0.0,0.0,27820.0,34.6449,53.02448
2026-06-13 07:00:00+02:00,14.714001,9.693296,24.48,0.0,0.0,30720.0,38.21604,54.59952
2026-06-13 08:00:00+02:00,16.064,11.592895,27.359999,0.0,0.0,35600.0,42.85725,54.128265
2026-06-13 09:00:00+02:00,17.314001,16.279802,30.960001,0.0,0.0,35380.0,45.69931,53.32515
2026-06-13 10:00:00+02:00,19.164,21.9718,42.12,0.0,0.0,38060.0,44.541824,48.405834
2026-06-13 11:00:00+02:00,20.764,21.915693,45.0,5.0,0.0,40120.0,42.51672,45.075916
2026-06-13 12:00:00+02:00,22.464,22.35481,43.92,0.0,0.0,41600.0,38.1943,43.33285
2026-06-13 13:00:00+02:00,24.014,23.936617,47.16,0.0,0.0,43080.0,36.560925,41.71108
2026-06-13 14:00:00+02:00,25.064001,22.104116,47.519997,0.0,0.0,44600.0,32.161304,39.417458
2026-06-13 15:00:00+02:00,25.614,22.346113,44.28,0.0,0.0,44840.0,31.495825,41.72955
2026-06-13 16:00:00+02:00,25.964,20.570463,42.839996,0.0,0.0,43520.0,29.63427,46.72107
2026-06-13 17:00:00+02:00,26.264,22.3229,42.48,0.0,0.0,45020.0,32.889145,47.147903
2026-06-13 18:00:00+02:00,25.764,22.346113,42.839996,0.0,0.0,43920.0,34.225784,45.82186
2026-06-13 19:00:00+02:00,25.264,19.386591,43.199997,21.0,0.0,43500.0,32.892303,41.270023
2026-06-13 20:00:00+02:00,24.264,15.509274,38.16,31.0,0.0,43480.0,29.068275,43.805916
2026-06-13 21:00:00+02:00,22.464,13.202726,33.839996,0.0,0.0,42140.0,36.48132,43.981453
2026-06-13 22:00:00+02:00,20.914,6.696387,22.319998,7.0,0.0,41380.0,34.407326,40.363914
2026-06-13 23:00:00+02:00,19.564001,7.928177,18.0,0.0,0.0,40980.0,35.061962,37.943382
2026-06-14 00:00:00+02:00,18.864,7.5942082,20.16,0.0,0.0,41160.0,34.824253,38.712326
2026-06-14 01:00:00+02:00,18.214,7.289444,19.44,0.0,0.0,40660.0,32.740433,38.662537
2026-06-14 02:00:00+02:00,17.364,7.8625183,19.08,0.0,0.0,39140.0,33.770744,40.578102
2026-06-14 03:00:00+02:00,17.014,8.12197,21.24,0.0,0.0,38900.0,33.293903,42.429935
2026-06-14 04:00:00+02:00,16.614,7.771331,21.24,0.0,0.0,39200.0,35.59101,46.081764
2026-06-14 05:00:00+02:00,15.764,9.0,20.880001,0.0,0.0,36600.0,36.956367,45.581615
2026-06-14 06:00:00+02:00,15.514,8.049845,22.319998,0.0,0.0,36040.0,35.11523,46.269485
2026-06-14 07:00:00+02:00,16.014,7.968939,21.24,0.0,0.0,36780.0,36.52683,47.66395
2026-06-14 08:00:00+02:00,17.514,11.726277,25.199999,11.0,0.0,37900.0,39.710987,48.81399
2026-06-14 09:00:00+02:00,18.964,15.725037,29.519999,0.0,0.0,38100.0,39.669132,48.892853
2026-06-14 10:00:00+02:00,20.764,21.749481,40.68,23.0,0.0,39860.0,40.14267,49.798496
2026-06-14 11:00:00+02:00,22.264,22.734219,43.92,15.0,0.0,41280.0,32.277317,52.09727
2026-06-14 12:00:00+02:00,23.664,25.264202,48.6,0.0,0.0,43440.0,36.141045,54.195835
2026-06-14 13:00:00+02:00,24.364,26.28986,50.76,0.0,0.0,44320.0,37.369865,52.329693
2026-06-14 14:00:00+02:00,24.864,28.082308,56.519997,0.0,0.0,44800.0,40.16594,49.561977
2026-06-14 15:00:00+02:00,25.764,27.729347,56.88,15.0,0.0,45520.0,42.418926,57.513515
2026-06-14 16:00:00+02:00,25.764,28.137634,56.16,0.0,0.0,48480.0,42.731087,58.57548
2026-06-14 17:00:00+02:00,25.014,27.047956,59.76,0.0,0.0,52320.0,39.857136,54.41222
2026-06-14 18:00:00+02:00,24.114,28.01531,54.36,0.0,0.0,50380.0,46.207684,56.65982
2026-06-14 19:00:00+02:00,23.164,25.38702,53.28,0.0,0.0,49020.0,46.472073,59.408134
2026-06-14 20:00:00+02:00,22.114,22.702845,47.16,0.0,0.0,48400.0,50.94838,56.126957
2026-06-14 21:00:00+02:00,20.614,20.771093,40.32,0.0,0.0,45400.0,45.71521,53.020847
2026-06-14 22:00:00+02:00,18.964,15.0038395,35.64,0.0,0.0,44500.0,43.37739,52.174862
2026-06-14 23:00:00+02:00,18.114,14.973577,30.960001,0.0,0.0,41740.0,42.418926,51.20219
2026-06-15 00:00:00+02:00,17.214,10.823973,30.599998,0.0,0.0,41580.0,39.285133,47.583057
2026-06-15 01:00:00+02:00,16.164,6.519877,23.039999,0.0,0.0,41160.0,38.411163,45.24653
2026-06-15 02:00:00+02:00,15.214001,3.671294,17.28,0.0,0.0,40640.0,32.530453,50.85869
2026-06-15 03:00:00+02:00,14.964001,3.96,10.799999,0.0,0.0,41100.0,31.950771,49.91055
2026-06-15 04:00:00+02:00,14.614,2.968636,11.159999,0.0,0.0,41220.0,34.3197,56.126957
2026-06-15 05:00:00+02:00,13.064,4.896529,10.440001,0.0,0.0,39640.0,34.3197,52.274452
2026-06-15 06:00:00+02:00,13.014,3.2399998,12.24,0.0,0.0,39940.0,34.815304,53.97145
2026-06-15 07:00:00+02:00,13.814,1.08,9.36,0.0,0.0,40400.0,33.872055,55.7827
2026-06-15 08:00:00+02:00,15.064,3.8773184,6.12,0.0,0.0,40000.0,32.822784,55.550854
2026-06-15 09:00:00+02:00,16.764,8.049845,15.84,0.0,0.0,40940.0,31.443035,57.083202
2026-06-15 10:00:00+02:00,18.314001,10.823973,21.96,0.0,0.0,41940.0,26.465712,50.291183
2026-06-15 11:00:00+02:00,19.014,10.08,22.319998,0.0,0.0,41980.0,29.620253,45.1357
2026-06-15 12:00:00+02:00,20.714,15.856356,30.599998,0.0,0.0,43720.0,20.587181,41.66025
2026-06-15 13:00:00+02:00,21.964,16.199999,31.319998,0.0,0.0,43460.0,20.133314,43.047413
2026-06-15 14:00:00+02:00,22.714,14.799459,32.039997,0.0,0.0,42900.0,19.483345,35.860607
2026-06-15 15:00:00+02:00,23.864,16.203999,32.039997,36.0,0.0,44320.0,22.702635,36.934944
2026-06-15 16:00:00+02:00,24.314001,17.873556,33.839996,0.0,0.0,45920.0,23.431826,36.70475
2026-06-15 17:00:00+02:00,24.114,14.20062,36.36,0.0,0.0,47340.0,17.772152,32.383106
2026-06-15 18:00:00+02:00,23.914,14.934577,27.359999,0.0,0.0,47580.0,20.11784,24.928242
2026-06-15 19:00:00+02:00,23.314001,16.199999,28.8,0.0,0.0,47500.0,20.236195,28.307802
2026-06-15 20:00:00+02:00,22.314001,13.004922,30.239998,0.0,0.0,45900.0,20.184822,22.889902
2026-06-15 21:00:00+02:00,20.564001,8.654987,23.4,0.0,0.0,43520.0,17.370333,26.46497
2026-06-15 22:00:00+02:00,19.464,5.692099,19.8,0.0,0.0,42860.0,21.806862,24.804298
2026-06-15 23:00:00+02:00,18.364,4.896529,14.4,0.0,0.0,41500.0,18.70576,27.48611
2026-06-16 00:00:00+02:00,17.714,5.692099,13.32,0.0,0.0,41420.0,11.254866,29.64402
2026-06-16 01:00:00+02:00,17.814001,5.8048253,14.04,0.0,0.0,42080.0,5.543783,31.022066
2026-06-16 02:00:00+02:00,16.914,4.379589,14.04,0.0,0.0,41540.0,2.0379353,27.225573
2026-06-16 03:00:00+02:00,16.314,3.8268526,9.72,0.0,0.0,41040.0,3.4704785,27.373749
2026-06-16 04:00:00+02:00,16.664,2.8799999,7.5599995,0.0,0.0,41420.0,5.709857,23.265514
2026-06-16 05:00:00+02:00,16.114,3.319036,9.36,0.0,0.0,40720.0,4.2990294,19.62793
2026-06-16 06:00:00+02:00,16.214,4.5536795,12.24,0.0,0.0,41180.0,6.1138062,19.49005
2026-06-16 07:00:00+02:00,16.864,6.12,14.4,0.0,0.0,41020.0,9.688234,23.099327
2026-06-16 08:00:00+02:00,17.014,4.6102495,12.959999,0.0,0.0,40700.0,7.1182017,28.699764
2026-06-16 09:00:00+02:00,18.964,5.95906,15.119999,0.0,0.0,42020.0,12.636843,22.898315
2026-06-16 10:00:00+02:00,20.214,7.754637,16.919998,3.0,0.0,41980.0,17.772152,15.216393
2026-06-16 11:00:00+02:00,19.514,17.902534,31.68,0.0,0.1,40140.0,10.035667,42.142952
2026-06-16 12:00:00+02:00,21.164,10.514218,32.399998,0.0,0.0,41680.0,12.905135,27.338541
2026-06-16 13:00:00+02:00,23.714,8.049845,21.96,0.0,0.0,42460.0,18.056154,38.747143
2026-06-16 14:00:00+02:00,25.064001,8.913181,19.8,0.0,0.0,43040.0,13.859459,49.64353
2026-06-16 15:00:00+02:00,25.714,11.966954,24.48,0.0,0.0,44380.0,18.70576,47.80922
2026-06-16 16:00:00+02:00,26.364,13.324863,26.28,0.0,0.0,47140.0,16.866917,39.201843
2026-06-16 17:00:00+02:00,25.314001,8.12197,27.72,0.0,0.0,42760.0,14.038106,45.54356
2026-06-16 18:00:00+02:00,24.864,6.130579,16.919998,0.0,0.0,42800.0,21.422567,43.505867
2026-06-16 19:00:00+02:00,23.814001,6.725354,16.56,0.0,0.1,42920.0,35.884445,41.812557
2026-06-16 20:00:00+02:00,22.914,11.91812,15.119999,0.0,0.0,41660.0,33.819904,43.092133
2026-06-16 21:00:00+02:00,22.014,8.557102,22.68,0.0,0.0,42140.0,35.194973,41.437717
2026-06-16 22:00:00+02:00,21.314001,7.8954163,20.16,0.0,0.0,41860.0,36.914204,44.360855
2026-06-16 23:00:00+02:00,20.214,8.669949,21.24,0.0,0.0,41820.0,30.535046,39.45165
2026-06-17 00:00:00+02:00,20.014,6.8777895,20.880001,0.0,0.0,41740.0,29.253422,36.28779
2026-06-17 01:00:00+02:00,20.064001,6.1305785,16.919998,0.0,0.0,42020.0,26.680613,37.033905
2026-06-17 02:00:00+02:00,19.014,6.9153743,15.4800005,0.0,0.0,41440.0,23.458397,36.32493
2026-06-17 03:00:00+02:00,18.914,5.991594,18.0,0.0,0.0,41340.0,23.85342,38.11055
2026-06-17 04:00:00+02:00,18.714,6.297428,17.28,0.0,0.0,41220.0,27.024742,42.593056
2026-06-17 05:00:00+02:00,17.964,6.6087217,16.919998,0.0,0.0,40660.0,26.680613,36.767677
2026-06-17 06:00:00+02:00,17.814001,6.792466,17.28,0.0,0.0,40560.0,27.647657,38.080208
2026-06-17 07:00:00+02:00,18.564001,4.829907,16.919998,0.0,0.0,40720.0,25.327036,34.362892
2026-06-17 08:00:00+02:00,20.114,5.8048253,13.679999,0.0,0.0,41160.0,24.361639,32.990105
2026-06-17 09:00:00+02:00,22.064001,7.289444,18.72,0.0,0.0,41980.0,26.197577,33.72921
2026-06-17 10:00:00+02:00,23.464,10.483357,20.880001,0.0,0.0,42260.0,28.73778,34.205574
2026-06-17 11:00:00+02:00,24.714,10.182337,23.759998,0.0,0.0,42460.0,26.098305,31.53323
2026-06-17 12:00:00+02:00,26.014,12.287555,25.199999,0.0,0.0,42240.0,29.3137,28.880415
2026-06-17 13:00:00+02:00,27.514,16.575644,32.760002,0.0,0.0,44240.0,26.229265,30.108244
2026-06-17 14:00:00+02:00,28.464,16.575644,33.48,0.0,0.0,45460.0,22.948275,30.204062
2026-06-17 15:00:00+02:00,29.064001,15.137133,33.12,0.0,0.0,45880.0,21.006556,31.776642
2026-06-17 16:00:00+02:00,29.014,14.982228,30.239998,0.0,0.0,44780.0,17.370333,26.869482
2026-06-17 17:00:00+02:00,28.464,14.84318,30.239998,0.0,0.0,44340.0,18.142204,26.89098
2026-06-17 18:00:00+02:00,27.864,11.480557,25.56,0.0,0.0,42780.0,16.111294,28.477413
2026-06-17 19:00:00+02:00,27.864,10.495713,20.880001,0.0,0.0,43700.0,13.79187,32.42472
2026-06-17 20:00:00+02:00,27.164,8.427383,20.16,0.0,0.0,42740.0,13.285712,32.490005
2026-06-17 21:00:00+02:00,25.564001,5.506941,14.759999,0.0,0.0,41420.0,5.8357587,28.578697
2026-06-17 22:00:00+02:00,23.864,5.815978,13.32,0.0,0.0,41700.0,4.57969,27.147633
2026-06-17 23:00:00+02:00,23.014,3.0758414,12.959999,0.0,0.0,41180.0,5.9240503,21.112574
2026-06-18 00:00:00+02:00,22.464,1.2979984,5.7599998,0.0,0.0,41060.0,9.394418,22.379284
2026-06-18 01:00:00+02:00,21.914,1.484318,1.8,0.0,0.0,40860.0,9.227144,21.733002
2026-06-18 02:00:00+02:00,21.164,4.452954,4.68,0.0,0.0,40240.0,7.0743074,20.47335
2026-06-18 03:00:00+02:00,20.414,4.5536795,9.36,0.0,0.0,39520.0,5.941551,17.773846
2026-06-18 04:00:00+02:00,20.214,3.6,7.92,0.0,0.0,39420.0,5.8357587,16.13793
2026-06-18 05:00:00+02:00,19.014,3.319036,6.8399997,0.0,0.0,39100.0,6.7744107,14.329733
2026-06-18 06:00:00+02:00,18.664,3.8939953,7.2,0.0,0.0,39500.0,5.6366506,13.879042
2026-06-18 07:00:00+02:00,19.464,3.5455887,7.2,0.0,0.0,39620.0,5.195736,14.948187
2026-06-18 08:00:00+02:00,21.364,2.5455842,6.8399997,0.0,0.0,39660.0,2.3236039,14.909477
2026-06-18 09:00:00+02:00,23.564001,3.8939953,10.799999,0.0,0.0,40960.0,2.577807,13.655171
2026-06-18 10:00:00+02:00,25.014,3.8939953,10.440001,0.0,0.0,41180.0,3.5591009,14.329733
2026-06-18 11:00:00+02:00,26.364,3.4152596,10.440001,0.0,0.0,41960.0,4.844117,14.909477
2026-06-18 12:00:00+02:00,27.914,2.5455842,9.72,0.0,0.0,42420.0,5.333787,14.289349
2026-06-18 13:00:00+02:00,29.664,1.1384199,8.64,6.0,0.0,43160.0,3.67394,14.289349
2026-06-18 14:00:00+02:00,30.264,3.7585104,11.159999,3.0,0.0,42740.0,5.6366506,15.216393
2026-06-18 15:00:00+02:00,31.064001,4.6938252,11.879999,0.0,0.0,43220.0,4.323114,14.999642
2026-06-18 16:00:00+02:00,30.664,10.464797,16.199999,2.0,0.0,42280.0,4.2990294,15.152965
2026-06-18 17:00:00+02:00,31.364,9.227524,16.56,0.0,0.0,45820.0,6.835443,13.6692705
2026-06-18 18:00:00+02:00,31.114,7.24486,11.5199995,0.0,0.0,47620.0,6.524576,14.922391
2026-06-18 19:00:00+02:00,30.214,10.948973,16.199999,0.0,0.0,44720.0,5.487309,15.800178
2026-06-18 20:00:00+02:00,29.614,5.506941,18.359999,0.0,0.0,47800.0,5.333787,15.41761
2026-06-18 21:00:00+02:00,27.914,3.0758414,10.08,0.0,0.0,45180.0,5.468354,17.167427
2026-06-18 22:00:00+02:00,27.014,3.7064266,6.8399997,0.0,0.0,46200.0,6.572144,19.331268
2026-06-18 23:00:00+02:00,25.814001,4.8433046,10.440001,0.0,0.0,44120.0,8.253009,24.804298
2026-06-19 00:00:00+02:00,24.364,5.815978,12.24,0.0,0.0,42140.0,13.246578,26.186924
2026-06-19 01:00:00+02:00,23.914,4.3349743,13.32,0.0,0.0,41600.0,16.162766,26.653542
2026-06-19 02:00:00+02:00,22.714,4.198285,12.24,0.0,0.0,40580.0,13.836966,22.788692
2026-06-19 03:00:00+02:00,22.314001,4.072935,11.5199995,0.0,0.0,40020.0,14.148615,20.01664
2026-06-19 04:00:00+02:00,22.614,4.072935,11.5199995,0.0,0.0,40240.0,15.284514,19.161121
2026-06-19 05:00:00+02:00,21.464,5.1165614,13.679999,0.0,0.0,39360.0,15.318443,14.8057575
2026-06-19 06:00:00+02:00,21.814001,4.510787,15.119999,0.0,0.0,40520.0,12.312233,12.320337
2026-06-19 07:00:00+02:00,22.864,3.7064266,14.04,0.0,0.0,41280.0,0.9113924,8.442291
2026-06-19 08:00:00+02:00,23.964,4.452954,12.24,0.0,0.0,42040.0,5.487309,5.8883786
2026-06-19 09:00:00+02:00,26.014,3.319036,11.159999,0.0,0.0,42800.0,8.21518,4.7270317
2026-06-19 10:00:00+02:00,26.914,9.290511,19.44,0.0,0.0,41720.0,4.9291077,9.655664
2026-06-19 11:00:00+02:00,28.314001,8.4963045,19.08,0.0,0.0,43020.0,8.253009,15.152965
2026-06-19 12:00:00+02:00,29.914,7.208994,13.679999,0.0,0.0,46260.0,7.3053656,17.290411
2026-06-19 13:00:00+02:00,30.964,8.759178,11.5199995,0.0,0.0,45020.0,6.3960004,19.331268
2026-06-19 14:00:00+02:00,31.514,7.8625183,12.24,0.0,0.0,45280.0,6.970812,22.973904
2026-06-19 15:00:00+02:00,32.214,10.990322,13.679999,0.0,0.0,46240.0,9.580464,22.379284
2026-06-19 16:00:00+02:00,31.864,10.97262,22.68,0.0,0.0,45500.0,11.02182,15.702343
2026-06-19 17:00:00+02:00,30.864,10.805999,21.599998,0.0,0.0,45740.0,13.223043,8.092802
2026-06-19 18:00:00+02:00,28.764,22.768396,34.56,0.0,0.0,42760.0,16.63135,9.310345
2026-06-19 19:00:00+02:00,23.714,15.379206,82.799995,0.0,0.1,40600.0,14.388747,11.444951
2026-06-19 20:00:00+02:00,20.114,9.0,50.039997,7.0,0.0,30700.0,20.506329,19.161121
2026-06-19 21:00:00+02:00,20.214,7.2,18.359999,0.0,0.0,35960.0,19.467348,16.75862
2026-06-19 22:00:00+02:00,20.564001,5.1165614,22.319998,0.0,0.0,36840.0,27.920458,13.879042
2026-06-19 23:00:00+02:00,19.564001,7.968939,13.679999,0.0,0.0,36900.0,16.111294,17.478779
2026-06-20 00:00:00+02:00,19.414,9.504273,22.68,0.0,0.0,34720.0,15.713261,20.49216
2026-06-20 01:00:00+02:00,18.964,4.5536795,20.880001,0.0,0.0,35040.0,18.056154,28.368979
2026-06-20 02:00:00+02:00,17.964,5.2416787,8.64,0.0,0.0,19700.0,19.784773,29.356714
2026-06-20 03:00:00+02:00,17.564001,4.0249224,13.32,0.0,0.0,22080.0,27.530989,31.040686
2026-06-20 04:00:00+02:00,18.364,3.0547013,11.5199995,0.0,0.0,35900.0,28.29723,30.514961
2026-06-20 05:00:00+02:00,17.964,5.3517847,14.4,0.0,0.0,33880.0,23.90994,32.75571
2026-06-20 06:00:00+02:00,17.764,3.563818,13.679999,0.0,0.0,34020.0,24.666595,30.622086
2026-06-20 07:00:00+02:00,18.714,1.2979984,7.92,0.0,0.0,37480.0,22.661438,27.317396
2026-06-20 08:00:00+02:00,20.114,3.8939953,5.04,0.0,0.0,37940.0,23.661121,28.266945
2026-06-20 09:00:00+02:00,22.214,3.5455887,9.72,0.0,0.0,39360.0,24.76322,25.151335
2026-06-20 10:00:00+02:00,24.564001,3.8939953,9.72,0.0,0.0,40880.0,22.555809,20.632679
2026-06-20 11:00:00+02:00,26.214,6.638072,13.32,0.0,0.0,42720.0,23.351929,18.785477
2026-06-20 12:00:00+02:00,27.314001,8.647496,18.72,0.0,0.0,42540.0,17.340422,18.8469
2026-06-20 13:00:00+02:00,28.664,9.3669195,19.8,0.0,0.0,42460.0,15.916782,16.71258
2026-06-20 14:00:00+02:00,29.914,8.669949,20.519999,0.0,0.0,45200.0,8.84802,15.216393
2026-06-20 15:00:00+02:00,30.914,8.28,14.759999,0.0,0.0,48860.0,7.515534,18.25503
2026-06-20 16:00:00+02:00,31.514,8.707238,18.0,0.0,0.0,53320.0,9.125309,18.98945
2026-06-20 17:00:00+02:00,31.564001,4.896529,17.64,0.0,0.0,56840.0,5.0333285,16.77011
2026-06-20 18:00:00+02:00,31.414,2.2768397,10.799999,0.0,0.0,56360.0,3.67394,16.185604
2026-06-20 19:00:00+02:00,29.964,10.464797,16.199999,0.0,0.0,45360.0,6.835443,11.0510645
2026-06-20 20:00:00+02:00,29.264,6.3690495,17.64,0.0,0.0,48220.0,4.6916795,10.1040945
2026-06-20 21:00:00+02:00,27.564001,3.7064266,11.879999,0.0,0.0,43980.0,9.515216,11.172413
2026-06-20 22:00:00+02:00,25.464,7.145796,15.4800005,0.0,0.0,43560.0,4.57969,8.1638975
2026-06-20 23:00:00+02:00,25.114,4.6938252,15.119999,0.0,0.0,43540.0,3.0569031,9.331011
2026-06-21 00:00:00+02:00,24.764,5.0528407,9.72,0.0,0.0,44300.0,5.941551,9.331011
2026-06-21 01:00:00+02:00,24.114,4.6938252,11.159999,0.0,0.0,45780.0,5.941551,8.886923
2026-06-21 02:00:00+02:00,23.214,6.6185193,14.759999,0.0,0.0,42840.0,8.670211,6.598021
2026-06-21 03:00:00+02:00,22.814001,6.28713,15.119999,0.0,0.0,41800.0,7.3053656,10.236675
2026-06-21 04:00:00+02:00,22.714,5.4119864,14.759999,0.0,0.0,42060.0,6.3960004,15.824542
2026-06-21 05:00:00+02:00,21.814001,4.802999,12.599999,0.0,0.0,41600.0,5.094838,17.043554
2026-06-21 06:00:00+02:00,21.314001,4.6938257,12.24,0.0,0.0,41420.0,4.6472077,16.884583
2026-06-21 07:00:00+02:00,21.964,2.7416782,10.08,0.0,0.0,41600.0,3.757767,17.245792
2026-06-21 08:00:00+02:00,22.764,5.00128,10.799999,0.0,0.0,42380.0,5.155614,17.390388
2026-06-21 09:00:00+02:00,24.914,2.8116899,11.159999,0.0,0.0,43360.0,4.0758705,15.517241
2026-06-21 10:00:00+02:00,27.214,1.1384199,7.2,0.0,0.0,44960.0,3.1898732,13.196042
2026-06-21 11:00:00+02:00,28.914,3.0758414,7.92,0.0,0.0,45660.0,1.8788835,11.189642
2026-06-21 12:00:00+02:00,30.064001,6.0347,12.959999,0.0,0.0,44840.0,3.4704785,7.8511715
2026-06-21 13:00:00+02:00,31.164,6.638072,10.08,0.0,0.0,45680.0,3.67394,3.3425157
2026-06-21 14:00:00+02:00,32.214,3.219938,9.72,0.0,0.0,46340.0,1.4410379,6.598021
2026-06-21 15:00:00+02:00,32.814,5.495161,6.4799995,0.0,0.0,46540.0,2.734177,8.6452055
2026-06-21 16:00:00+02:00,32.814,7.5170207,9.72,0.0,0.0,47300.0,3.67394,16.292364
2026-06-21 17:00:00+02:00,32.314,5.495161,11.159999,0.0,0.0,46840.0,3.67394,19.98775
2026-06-21 18:00:00+02:00,32.463997,3.6,11.879999,0.0,0.0,49120.0,5.487309,20.557856
2026-06-21 19:00:00+02:00,31.914,8.217153,16.56,0.0,0.0,50320.0,11.961482,17.555754
2026-06-21 20:00:00+02:00,28.764,14.869351,25.56,0.0,0.0,43080.0,12.84061,13.6692705
2026-06-21 21:00:00+02:00,27.514,11.090103,29.88,8.0,0.0,42300.0,10.638334,13.879042
2026-06-21 22:00:00+02:00,26.414,6.638072,23.039999,0.0,0.0,42360.0,2.734177,15.861018
2026-06-21 23:00:00+02:00,25.014,3.6179552,16.919998,0.0,0.0,42320.0,4.57969,11.661699
2026-06-22 00:00:00+02:00,24.464,1.484318,8.64,0.0,0.0,42360.0,4.6472077,13.370063
2026-06-22 01:00:00+02:00,23.664,0.71999997,3.2399998,0.0,0.0,42320.0,2.0379353,15.012479
2026-06-22 02:00:00+02:00,23.364,1.484318,3.2399998,0.0,0.0,42040.0,0.4556962,19.171173
2026-06-22 03:00:00+02:00,22.164,1.8,5.04,0.0,0.0,41180.0,0.64445174,17.752157
2026-06-22 04:00:00+02:00,21.914,1.5273507,2.52,0.0,0.0,40940.0,1.8788835,15.89741
2026-06-22 05:00:00+02:00,21.264,3.7585104,6.8399997,0.0,0.0,40680.0,3.67394,15.025306
2026-06-22 06:00:00+02:00,21.164,2.3051248,6.12,0.0,0.0,39920.0,4.757608,16.018122
2026-06-22 07:00:00+02:00,21.914,1.609969,3.6,0.0,0.0,40220.0,5.941551,14.289349
2026-06-22 08:00:00+02:00,23.114,3.6179552,6.8399997,0.0,0.0,40880.0,6.7744107,8.777877
2026-06-22 09:00:00+02:00,25.164,2.968636,8.64,0.0,0.0,41160.0,5.506198,6.598021
2026-06-22 10:00:00+02:00,27.014,2.1897945,7.92,0.0,0.0,41620.0,4.201311,7.022301
2026-06-22 11:00:00+02:00,28.864,1.8,7.5599995,0.0,0.0,42700.0,4.488087,9.310345
2026-06-22 12:00:00+02:00,29.964,4.2136917,10.08,0.0,0.0,42400.0,3.286072,7.777219
2026-06-22 13:00:00+02:00,31.164,5.1919937,9.72,0.0,0.0,43480.0,1.0189676,6.113084
2026-06-22 14:00:00+02:00,31.664,5.1544156,9.36,0.0,0.0,46040.0,3.286072,7.499821
2026-06-22 15:00:00+02:00,32.264,7.5942073,9.0,0.0,0.0,45820.0,4.0758705,7.0769506
2026-06-22 16:00:00+02:00,32.463997,11.113451,18.359999,0.0,0.0,45540.0,7.6388597,8.886923
2026-06-22 17:00:00+02:00,31.964,8.4042845,15.84,0.0,0.0,46420.0,11.821781,6.8557405
2026-06-22 18:00:00+02:00,32.064,10.799999,19.8,0.0,0.0,47520.0,14.64622,6.6850314
2026-06-22 19:00:00+02:00,31.264,11.298495,22.319998,0.0,0.0,44380.0,13.655687,10.236675
2026-06-22 20:00:00+02:00,30.464,9.659814,21.599998,0.0,0.0,43840.0,9.482423,6.939521
2026-06-22 21:00:00+02:00,29.014,6.489992,18.0,0.0,0.0,42620.0,10.189676,10.330335
2026-06-22 22:00:00+02:00,27.914,3.0758414,14.4,0.0,0.0,42360.0,6.444517,9.474416
2026-06-22 23:00:00+02:00,26.364,2.968636,8.64,0.0,0.0,41280.0,9.022324,11.444951
2026-06-23 00:00:00+02:00,25.764,4.5536795,9.0,0.0,0.0,41820.0,12.84061,10.1040945
2026-06-23 01:00:00+02:00,25.214,5.04,10.08,0.0,0.0,41860.0,13.776805,12.915714
2026-06-23 02:00:00+02:00,24.314001,4.072935,12.24,0.0,0.0,44440.0,10.955679,13.283339
2026-06-23 03:00:00+02:00,23.864,4.3498964,9.0,0.0,0.0,43520.0,11.096928,12.289027
2026-06-23 04:00:00+02:00,23.514,1.9386592,8.28,0.0,0.0,42800.0,13.057107,18.042753
2026-06-23 05:00:00+02:00,22.964,3.396233,7.92,0.0,0.0,41720.0,10.189676,20.864775
2026-06-23 06:00:00+02:00,21.814001,5.692099,10.799999,0.0,0.0,40960.0,9.837129,19.400894
2026-06-23 07:00:00+02:00,22.764,3.096837,10.440001,0.0,0.0,40640.0,8.976174,13.711481
2026-06-23 08:00:00+02:00,23.714,2.6208394,6.8399997,0.0,0.0,40220.0,12.438086,10.1040945
2026-06-23 09:00:00+02:00,25.814001,3.5455887,10.08,0.0,0.0,41520.0,13.456546,16.149862
2026-06-23 10:00:00+02:00,27.214,2.9024127,9.72,0.0,0.0,41920.0,14.482251,16.804535
2026-06-23 11:00:00+02:00,28.514,4.8433046,13.32,0.0,0.0,42240.0,14.133929,18.785477
2026-06-23 12:00:00+02:00,29.564001,7.289445,16.56,0.0,0.0,42200.0,11.419714,20.482758
2026-06-23 13:00:00+02:00,30.564001,6.618519,15.84,10.0,0.0,41860.0,7.840093,21.429527
2026-06-23 14:00:00+02:00,31.814001,8.209263,14.04,0.0,0.0,44980.0,6.6350365,17.31268
2026-06-23 15:00:00+02:00,32.663998,7.928178,11.159999,0.0,0.0,51740.0,5.543783,14.329733
2026-06-23 16:00:00+02:00,32.163998,11.367109,17.64,0.0,0.0,49460.0,13.836966,11.189642
2026-06-23 17:00:00+02:00,27.564001,11.183201,42.12,0.0,0.0,40140.0,10.280973,8.068965
2026-06-23 18:00:00+02:00,29.214,11.090103,23.759998,0.0,0.0,41540.0,11.254866,9.392738
2026-06-23 19:00:00+02:00,28.764,9.1641035,23.4,0.0,0.0,41760.0,8.151741,13.6692705
2026-06-23 20:00:00+02:00,28.114,5.4833565,15.119999,0.0,0.0,41560.0,7.1182017,11.103232
2026-06-23 21:00:00+02:00,26.364,3.7585104,9.72,0.0,0.0,40160.0,12.0307255,10.00832
2026-06-23 22:00:00+02:00,25.414,1.8,6.4799995,0.0,0.0,40800.0,10.331347,14.153901
2026-06-23 23:00:00+02:00,23.964,3.7064266,5.7599998,0.0,0.0,40180.0,11.926711,14.753624
2026-06-24 00:00:00+02:00,23.564001,2.5959969,7.2,0.0,0.0,40120.0,10.569795,13.370063
2026-06-24 01:00:00+02:00,23.264,3.2399998,6.12,0.0,0.0,40560.0,11.537306,12.051613
2026-06-24 02:00:00+02:00,22.364,2.968636,6.12,0.0,0.0,40440.0,7.800262,9.813965
2026-06-24 03:00:00+02:00,21.764,3.6,6.4799995,0.0,0.0,39800.0,7.866535,8.281033
2026-06-24 04:00:00+02:00,21.514,3.319036,6.12,0.0,0.0,39440.0,9.666777,6.6850314
2026-06-24 05:00:00+02:00,20.864,4.6938257,6.8399997,0.0,0.0,38800.0,11.254866,5.2667265
2026-06-24 06:00:00+02:00,20.714,3.8773184,7.92,0.0,0.0,39040.0,11.644798,5.8883786
2026-06-24 07:00:00+02:00,21.114,4.73506,10.440001,0.0,0.0,36900.0,14.301892,7.022301
2026-06-24 08:00:00+02:00,22.964,3.2599385,10.440001,0.0,0.0,37800.0,18.953892,8.951714
2026-06-24 09:00:00+02:00,24.864,6.28713,13.679999,0.0,0.0,39080.0,22.259253,13.6692705
2026-06-24 10:00:00+02:00,26.364,6.8777895,14.4,0.0,0.0,40480.0,20.907467,12.795844
2026-06-24 11:00:00+02:00,27.614,8.4963045,19.8,0.0,0.0,40540.0,21.495146,9.227214
2026-06-24 12:00:00+02:00,28.864,11.019764,22.319998,8.0,0.0,40220.0,24.374422,11.711148
2026-06-24 13:00:00+02:00,30.464,14.113652,27.359999,3.0,0.0,41720.0,18.073395,10.533453
2026-06-24 14:00:00+02:00,31.064001,13.044722,24.119999,0.0,0.0,42780.0,16.512306,13.0492525
2026-06-24 15:00:00+02:00,31.814001,14.186923,20.519999,14.0,0.0,43060.0,17.08101,15.909525
2026-06-24 16:00:00+02:00,32.314,16.279802,25.56,0.0,0.0,47540.0,20.947159,12.568007
2026-06-24 17:00:00+02:00,32.413998,16.800856,32.760002,0.0,0.0,49860.0,21.649166,11.776757
2026-06-24 18:00:00+02:00,32.114,16.831684,33.839996,0.0,0.0,53440.0,26.493156,11.776757
2026-06-24 19:00:00+02:00,31.114,14.48972,32.760002,0.0,0.0,50920.0,33.539364,14.476846
2026-06-24 20:00:00+02:00,29.864,12.181624,26.64,0.0,0.0,47240.0,25.894613,15.665498
2026-06-24 21:00:00+02:00,27.664,9.19939,21.96,0.0,0.0,44820.0,28.009565,15.152965
2026-06-24 22:00:00+02:00,26.364,6.9247384,21.96,0.0,0.0,43220.0,33.268944,15.329903
2026-06-24 23:00:00+02:00,25.614,8.39657,16.56,0.0,0.0,42680.0,33.492893,7.5510154
2026-06-25 00:00:00+02:00,25.064001,6.792466,19.08,0.0,0.0,42140.0,31.732294,6.2068963
2026-06-25 01:00:00+02:00,24.464,4.6102495,16.199999,0.0,0.0,41880.0,28.85676,4.1637125
2026-06-25 02:00:00+02:00,23.564001,6.193674,10.440001,0.0,0.0,41080.0,24.224873,2.2379284
2026-06-25 03:00:00+02:00,23.064001,6.1094027,13.679999,0.0,0.0,40820.0,22.482038,2.5591688
2026-06-25 04:00:00+02:00,22.614,5.634891,12.599999,0.0,0.0,40580.0,26.102283,3.1034482
2026-06-25 05:00:00+02:00,21.714,5.8048253,11.5199995,0.0,0.0,39820.0,24.224873,5.3031745
2026-06-25 06:00:00+02:00,20.964,5.8603754,14.04,0.0,0.0,38900.0,27.673931,8.886923
2026-06-25 07:00:00+02:00,21.514,3.563818,11.159999,0.0,0.0,39100.0,29.954878,8.777877
2026-06-25 08:00:00+02:00,23.314001,5.1919937,9.72,0.0,0.0,39780.0,32.44416,9.950412
2026-06-25 09:00:00+02:00,25.414,6.4096174,13.679999,0.0,0.0,41060.0,31.390156,8.777877
2026-06-25 10:00:00+02:00,26.714,8.14587,16.919998,0.0,0.0,41220.0,32.44416,10.4046545
2026-06-25 11:00:00+02:00,28.114,9.686609,19.08,0.0,0.0,41700.0,31.46614,13.6692705
2026-06-25 12:00:00+02:00,29.764,11.019764,21.96,0.0,0.0,42060.0,26.45394,12.659634
2026-06-25 13:00:00+02:00,31.364,14.689588,28.08,0.0,0.0,43060.0,22.679756,9.6356945
2026-06-25 14:00:00+02:00,32.314,13.202726,28.8,0.0,0.0,43920.0,16.43036,6.6850314
2026-06-25 15:00:00+02:00,33.213997,13.0447235,21.599998,0.0,0.0,45620.0,14.927093,3.6192114
2026-06-25 16:00:00+02:00,33.764,11.631956,17.64,0.0,0.0,48660.0,13.033229,3.1034482
2026-06-25 17:00:00+02:00,33.663998,11.966953,17.64,0.0,0.0,48800.0,12.51299,1.9627929
2026-06-25 18:00:00+02:00,33.163998,7.2359104,19.8,0.0,0.0,51880.0,9.515216,2.6333632
2026-06-25 19:00:00+02:00,32.264,7.92,21.599998,0.0,0.0,51500.0,13.594724,4.1637125
2026-06-25 20:00:00+02:00,31.314001,5.1165614,13.32,0.0,0.0,46620.0,14.759212,12.051613
2026-06-25 21:00:00+02:00,29.414,4.39436,9.72,0.0,0.0,45360.0,12.694226,10.606349
2026-06-25 22:00:00+02:00,28.364,1.08,7.5599995,0.0,0.0,44800.0,14.69576,18.516953
2026-06-25 23:00:00+02:00,25.614,4.1046314,11.159999,0.0,0.0,40940.0,16.805244,14.948187
2026-06-26 00:00:00+02:00,25.614,3.671294,11.879999,0.0,0.0,42340.0,15.50037,13.556066
2026-06-26 01:00:00+02:00,25.264,4.8433046,7.2,0.0,0.0,40720.0,12.065196,10.569963
2026-06-26 02:00:00+02:00,24.314001,4.39436,9.36,0.0,0.0,41260.0,15.4936695,16.018122
2026-06-26 03:00:00+02:00,23.714,6.379216,12.599999,0.0,0.0,40720.0,14.192577,17.903427
2026-06-26 04:00:00+02:00,24.214,3.2599385,12.959999,0.0,0.0,41080.0,10.411436,14.289349
2026-06-26 05:00:00+02:00,23.864,2.5959969,8.64,0.0,0.0,41500.0,10.974618,12.5680065
2026-06-26 06:00:00+02:00,22.914,4.3349743,8.64,0.0,0.0,41000.0,9.666777,9.695481
2026-06-26 07:00:00+02:00,23.214,4.1046314,6.8399997,0.0,0.0,40820.0,9.994198,10.274241
2026-06-26 08:00:00+02:00,24.314001,5.1165614,8.64,0.0,0.0,40260.0,1.9333551,22.593443
2026-06-26 09:00:00+02:00,26.664,5.7599998,14.04,0.0,0.0,41580.0,3.0569031,22.499464
2026-06-26 10:00:00+02:00,28.214,10.24578,20.519999,0.0,0.0,42300.0,9.515216,24.46021
2026-06-26 11:00:00+02:00,29.614,6.162207,20.880001,0.0,0.0,42140.0,5.993747,22.422277
2026-06-26 12:00:00+02:00,31.464,3.0758414,12.24,0.0,0.0,42900.0,2.577807,18.0
2026-06-26 13:00:00+02:00,32.564,7.072878,15.119999,0.0,0.0,43460.0,4.907998,5.0041595
2026-06-26 14:00:00+02:00,33.364,6.618519,12.24,0.0,0.0,46620.0,5.8357587,5.8883786
2026-06-26 15:00:00+02:00,33.514,8.654986,16.919998,0.0,0.0,45220.0,7.6388597,3.1034482
2026-06-26 16:00:00+02:00,34.163998,12.594856,16.919998,0.0,0.0,48140.0,9.227144,3.7755077
2026-06-26 17:00:00+02:00,33.764,11.119281,17.28,0.0,0.0,50860.0,13.215189,0.6206896
2026-06-26 18:00:00+02:00,33.213997,10.144082,18.359999,0.0,0.0,48280.0,10.974618,4.1637125
2026-06-26 19:00:00+02:00,32.614,10.464797,20.16,0.0,0.0,51080.0,13.548821,3.7755077
2026-06-26 20:00:00+02:00,31.664,7.2,18.359999,0.0,0.0,52660.0,14.82239,3.1034482
2026-06-26 21:00:00+02:00,29.364,3.319036,13.32,0.0,0.0,47860.0,6.444517,1.8620689
2026-06-26 22:00:00+02:00,28.764,2.1897945,7.2,0.0,0.0,49240.0,1.0189676,5.855574
2026-06-26 23:00:00+02:00,26.914,5.3517847,6.4799995,0.0,0.0,46360.0,9.113924,5.00416
2026-06-27 00:00:00+02:00,26.414,5.4833565,10.08,0.0,0.0,44980.0,7.205189,4.475857
2026-06-27 01:00:00+02:00,25.364,6.12,12.599999,0.0,0.0,41800.0,7.543114,5.7224755
2026-06-27 02:00:00+02:00,24.514,5.771239,12.959999,0.0,0.0,42520.0,5.9240503,4.5186887
2026-06-27 03:00:00+02:00,24.514,3.0758414,11.879999,0.0,0.0,43140.0,5.993747,6.598021
2026-06-27 04:00:00+02:00,23.464,6.489992,9.72,0.0,0.0,42360.0,5.993747,7.0769506
2026-06-27 05:00:00+02:00,23.014,1.484318,9.72,0.0,0.0,41540.0,5.993747,5.7224755
2026-06-27 06:00:00+02:00,22.514,4.39436,9.72,0.0,0.0,41700.0,7.291139,6.48019
2026-06-27 07:00:00+02:00,22.864,3.8268526,6.12,0.0,0.0,41080.0,5.941551,3.3425157
2026-06-27 08:00:00+02:00,24.314001,4.5536795,7.5599995,0.0,0.0,41240.0,6.850616,3.3425157
2026-06-27 09:00:00+02:00,26.864,3.671294,10.440001,0.0,0.0,42400.0,3.3175182,4.3889384
2026-06-27 10:00:00+02:00,28.414,8.311245,16.919998,0.0,0.0,41480.0,2.7718916,5.1183376
2026-06-27 11:00:00+02:00,30.164,9.726665,23.759998,0.0,0.0,42500.0,4.6916795,5.7224755
2026-06-27 12:00:00+02:00,32.014,8.905908,20.16,0.0,0.0,43200.0,6.850616,12.915714
2026-06-27 13:00:00+02:00,33.713997,5.815978,11.159999,0.0,0.0,47040.0,3.4704785,17.555754
2026-06-27 14:00:00+02:00,34.314,4.6800003,7.92,0.0,0.0,45560.0,2.453999,17.78468
2026-06-27 15:00:00+02:00,35.064,6.379216,7.92,5.0,0.0,45800.0,2.734177,19.832952
2026-06-27 16:00:00+02:00,35.264,4.198285,14.4,0.0,0.0,49140.0,2.7718916,18.25503
2026-06-27 17:00:00+02:00,35.713997,7.289444,13.32,0.0,0.0,50220.0,6.330734,16.433628
2026-06-27 18:00:00+02:00,35.014,8.12197,11.159999,0.0,0.0,50060.0,4.6472077,16.861752
2026-06-27 19:00:00+02:00,34.213997,9.178235,13.32,0.0,0.0,53000.0,6.940957,18.662022
2026-06-27 20:00:00+02:00,33.413998,7.5170207,22.319998,0.0,0.0,52500.0,6.572144,8.777877
2026-06-27 21:00:00+02:00,31.614,8.825508,21.24,0.0,0.0,47980.0,10.035667,14.289349
2026-06-27 22:00:00+02:00,28.414,17.10284,39.239998,0.0,0.0,41100.0,12.0307255,16.327795
2026-06-27 23:00:00+02:00,28.064001,6.830519,47.16,0.0,0.0,41180.0,8.753638,9.164372
2026-06-28 00:00:00+02:00,28.114,6.5693827,14.759999,0.0,0.0,41980.0,9.482423,7.8511715
2026-06-28 01:00:00+02:00,26.464,13.830749,29.519999,15.0,0.0,40780.0,22.661438,15.216393
2026-06-28 02:00:00+02:00,24.764,6.5693827,33.839996,0.0,0.0,40240.0,23.766205,4.475857
2026-06-28 03:00:00+02:00,25.014,11.384198,26.28,0.0,0.0,41220.0,35.371536,8.951714
2026-06-28 04:00:00+02:00,24.964,13.004922,30.599998,0.0,0.0,41180.0,47.641506,12.051613
2026-06-28 05:00:00+02:00,24.264,6.489992,28.08,0.0,0.0,40740.0,48.081886,8.092802
2026-06-28 06:00:00+02:00,24.414,9.885262,23.039999,0.0,0.0,41840.0,45.681126,11.189642
2026-06-28 07:00:00+02:00,25.114,6.638072,22.319998,0.0,0.0,42040.0,41.510895,16.102081
2026-06-28 08:00:00+02:00,25.214,8.587338,15.84,0.0,0.0,41380.0,36.685665,22.788692
2026-06-28 09:00:00+02:00,26.714,7.289445,20.519999,0.0,0.0,41560.0,30.408972,19.900824
2026-06-28 10:00:00+02:00,28.064001,5.1165614,15.119999,0.0,0.0,41940.0,30.562233,11.809426
2026-06-28 11:00:00+02:00,29.764,17.208603,27.72,0.0,0.0,42580.0,27.097643,14.396789
2026-06-28 12:00:00+02:00,31.014,19.813087,37.079998,0.0,0.0,44300.0,23.788038,12.4911375
2026-06-28 13:00:00+02:00,32.163998,15.629971,33.12,0.0,0.0,45980.0,17.90602,11.987508
2026-06-28 14:00:00+02:00,33.064,8.587338,21.96,0.0,0.0,45420.0,10.391472,11.444951
2026-06-28 15:00:00+02:00,33.364,5.991594,15.119999,6.0,0.0,46100.0,8.11344,10.008319
2026-06-28 16:00:00+02:00,33.564,8.905908,11.879999,0.0,0.0,46800.0,4.2990294,13.6692705
2026-06-28 17:00:00+02:00,32.764,9.220499,13.679999,0.0,0.0,44600.0,6.1307654,8.1638975
2026-06-28 18:00:00+02:00,31.964,10.966713,18.72,0.0,0.0,44820.0,2.7718916,11.776757
2026-06-28 19:00:00+02:00,31.314001,10.195057,20.16,0.0,0.0,43640.0,2.3236039,5.1183376
2026-06-28 20:00:00+02:00,28.614,10.137692,16.919998,0.0,0.0,41760.0,17.081009,8.092802
2026-06-28 21:00:00+02:00,27.764,12.245294,26.64,0.0,0.0,42580.0,15.148044,4.5186887
2026-06-28 22:00:00+02:00,27.014,8.287822,25.919998,0.0,0.0,42320.0,10.667574,1.387904
2026-06-28 23:00:00+02:00,25.414,0.8049845,17.28,0.0,0.0,41800.0,3.757767,1.9627929
2026-06-29 00:00:00+02:00,23.614,5.0142193,15.4800005,0.0,0.0,40120.0,8.513107,8.777877
2026-06-29 01:00:00+02:00,23.614,2.968636,6.4799995,0.0,0.0,39900.0,6.3960004,10.606349
2026-06-29 02:00:00+02:00,21.914,6.130579,4.68,0.0,0.0,39760.0,16.111294,16.884583
2026-06-29 03:00:00+02:00,21.464,5.634891,12.599999,0.0,0.0,38800.0,8.706063,18.0
2026-06-29 04:00:00+02:00,21.814001,2.9024127,9.0,0.0,0.0,37820.0,1.643036,18.877537
2026-06-29 05:00:00+02:00,20.464,10.594036,28.44,0.0,0.0,32400.0,19.030432,10.4046545
2026-06-29 06:00:00+02:00,19.714,4.1046314,25.56,25.0,0.0,27900.0,16.934494,10.569963
2026-06-29 07:00:00+02:00,20.064001,2.5455842,15.4800005,20.0,0.0,28800.0,9.837129,19.832952
2026-06-29 08:00:00+02:00,18.914,8.209263,7.5599995,47.0,0.0,20980.0,16.027294,8.777877
2026-06-29 09:00:00+02:00,19.414,4.3498964,23.039999,0.0,0.4,30540.0,5.487309,12.413793
2026-06-29 10:00:00+02:00,20.414,6.4096174,10.440001,0.0,0.0,27400.0,3.4704785,8.1638975
2026-06-29 11:00:00+02:00,22.314001,5.8048253,8.64,91.0,0.0,34620.0,3.1898732,13.370063
2026-06-29 12:00:00+02:00,23.614,5.0528407,15.4800005,22.0,0.0,36300.0,2.6571426,15.95788
2026-06-29 13:00:00+02:00,25.164,6.4096174,11.879999,27.0,0.0,38880.0,7.7602262,13.152178
2026-06-29 14:00:00+02:00,26.514,9.931042,12.959999,48.0,0.0,40340.0,8.84802,10.236675
2026-06-29 15:00:00+02:00,26.964,12.72283,16.919998,7.0,0.0,40860.0,14.301892,9.037377
2026-06-29 16:00:00+02:00,27.514,14.039999,20.880001,13.0,0.0,41440.0,13.525812,5.8883786
2026-06-29 17:00:00+02:00,27.664,14.512064,19.08,22.0,0.0,41660.0,14.989566,4.7270317
2026-06-29 18:00:00+02:00,27.514,17.10284,27.72,7.0,0.0,42000.0,19.784773,3.3425157
2026-06-29 19:00:00+02:00,27.014,14.973577,33.12,0.0,0.0,41940.0,19.34429,2.2379284
2026-06-29 20:00:00+02:00,25.514,7.42159,27.0,39.0,0.0,40960.0,16.111294,2.4827583
2026-06-29 21:00:00+02:00,24.714,9.085988,19.8,51.0,0.0,40780.0,18.788836,6.6850314
2026-06-29 22:00:00+02:00,22.964,6.9153743,17.28,49.0,0.0,37320.0,24.259136,8.068965
2026-06-29 23:00:00+02:00,22.214,6.763786,14.4,58.0,0.0,35740.0,14.410378,9.813965
2026-06-30 00:00:00+02:00,20.864,9.255571,24.48,45.0,0.0,32400.0,16.909952,0.87778765
2026-06-30 01:00:00+02:00,20.614,9.585739,21.599998,0.0,0.0,35440.0,20.379353,3.3425157
2026-06-30 02:00:00+02:00,19.914,6.439876,22.68,5.0,0.0,34680.0,12.4380865,3.7241378
2026-06-30 03:00:00+02:00,19.664,6.696387,19.8,0.0,0.0,34900.0,20.133314,3.9255857
2026-06-30 04:00:00+02:00,19.164,5.315336,15.4800005,0.0,0.0,32720.0,15.473553,6.1445136
2026-06-30 05:00:00+02:00,17.964,6.379216,12.24,0.0,0.0,23120.0,11.392405,7.4740934
2026-06-30 06:00:00+02:00,17.714,4.32,13.32,0.0,0.0,19280.0,10.831775,9.227214
2026-06-30 07:00:00+02:00,18.364,2.16,10.440001,0.0,0.0,17820.0,12.44643,7.948705
2026-06-30 08:00:00+02:00,20.064001,2.5455842,7.2,0.0,0.0,24120.0,15.2777195,9.310345
2026-06-30 09:00:00+02:00,21.414,6.763786,14.4,0.0,0.0,31000.0,16.335293,9.310345
2026-06-30 10:00:00+02:00,22.914,7.4128532,15.84,40.0,0.0,34300.0,17.352394,10.569963
2026-06-30 11:00:00+02:00,24.514,8.217153,16.919998,39.0,0.0,37860.0,20.465782,13.612786
2026-06-30 12:00:00+02:00,25.914,9.957108,20.519999,37.0,0.0,39940.0,14.759212,15.012479
2026-06-30 13:00:00+02:00,27.114,7.9932966,20.16,72.0,0.0,40860.0,6.7744107,18.948832
2026-06-30 14:00:00+02:00,28.064001,5.6920996,10.08,13.0,0.0,41120.0,5.8000655,20.864775
2026-06-30 15:00:00+02:00,28.864,7.5170207,9.0,13.0,0.0,41420.0,5.9240503,22.22381
2026-06-30 16:00:00+02:00,29.314001,10.041354,11.5199995,3.0,0.0,41760.0,3.6455696,22.973904
2026-06-30 17:00:00+02:00,29.064001,11.252519,13.32,2.0,0.0,41820.0,9.294415,18.339252
2026-06-30 18:00:00+02:00,28.914,17.555305,30.960001,7.0,0.0,42040.0,20.827858,19.400894
2026-06-30 19:00:00+02:00,27.764,10.538843,32.039997,0.0,0.0,42040.0,19.616121,16.804535
2026-06-30 20:00:00+02:00,23.314001,18.864824,34.92,68.0,0.0,35040.0,11.012396,28.477415
2026-06-30 21:00:00+02:00,20.664,21.626984,60.120003,47.0,0.2,34460.0,15.318443,18.042753
2026-06-30 22:00:00+02:00,19.164,11.043261,45.36,64.0,0.0,34480.0,17.12957,15.11478
2026-06-30 23:00:00+02:00,19.214,7.5599995,22.319998,41.0,0.0,29340.0,10.638334,24.897316
2026-07-01 00:00:00+02:00,19.414,8.707237,13.679999,43.0,0.0,30140.0,16.512308,26.186924
2026-07-01 01:00:00+02:00,19.064001,4.3498964,20.880001,45.0,0.0,28440.0,10.391472,23.190878
2026-07-01 02:00:00+02:00,18.414,5.154415,10.08,9.0,0.0,23720.0,9.858215,24.554531
2026-07-01 03:00:00+02:00,17.964,2.5455842,16.199999,34.0,0.0,18900.0,11.419714,32.519634
2026-07-01 04:00:00+02:00,19.114,5.95906,14.04,54.0,0.0,27760.0,13.309138,37.90783
2026-07-01 05:00:00+02:00,18.364,9.931042,15.84,93.0,0.6,1980.0,9.215885,32.995945
2026-07-01 06:00:00+02:00,18.514,6.638072,18.0,76.0,3.6,11320.0,11.830561,23.618853
2026-07-01 07:00:00+02:00,17.764,7.928177,21.96,82.0,0.5,1120.0,16.811422,34.205574
2026-07-01 08:00:00+02:00,18.314001,5.3517847,20.16,15.0,0.3,23300.0,25.408894,38.48776
2026-07-01 09:00:00+02:00,19.114,4.3349743,12.599999,29.0,0.2,22380.0,18.555286,29.441893
2026-07-01 10:00:00+02:00,19.714,15.021105,27.0,50.0,0.0,27400.0,32.61015,19.161121
2026-07-01 11:00:00+02:00,15.764,15.629971,39.96,0.0,0.7,4020.0,40.359352,31.238638
2026-07-01 12:00:00+02:00,16.114,0.71999997,23.759998,27.0,3.7,7620.0,20.981827,30.024958
2026-07-01 13:00:00+02:00,16.214,11.966953,25.919998,46.0,1.6,21780.0,14.610731,38.307163
2026-07-01 14:00:00+02:00,17.514,1.1384199,20.880001,0.0,0.0,32400.0,11.419714,29.179014
2026-07-01 15:00:00+02:00,19.964,3.219938,10.08,37.0,0.0,37700.0,8.706063,28.639296
2026-07-01 16:00:00+02:00,20.314001,5.991594,14.04,48.0,0.0,38760.0,3.286072,28.880415
2026-07-01 17:00:00+02:00,21.114,4.1046314,11.879999,0.0,0.0,41300.0,7.958392,27.875805
2026-07-01 18:00:00+02:00,21.264,5.6002855,12.599999,0.0,0.0,41160.0,5.941551,30.866442
2026-07-01 19:00:00+02:00,19.314001,10.514218,21.599998,0.0,0.2,24240.0,12.603934,34.80846
2026-07-01 20:00:00+02:00,20.214,8.209263,16.919998,45.0,0.0,38660.0,3.8667102,35.111507
2026-07-01 21:00:00+02:00,19.614,6.439876,15.84,0.0,0.0,39940.0,10.331347,30.267769
2026-07-01 22:00:00+02:00,19.214,3.319036,13.32,29.0,0.0,38760.0,19.784773,28.719894
2026-07-01 23:00:00+02:00,18.464,2.9024127,9.72,48.0,0.0,38120.0,21.203342,22.593443
2026-07-02 00:00:00+02:00,18.064001,5.1544156,11.5199995,42.0,0.0,38240.0,23.80549,21.103449
2026-07-02 01:00:00+02:00,17.764,4.0249224,11.879999,41.0,0.0,37080.0,27.311375,22.379284
2026-07-02 02:00:00+02:00,17.114,4.452954,10.08,21.0,0.0,34180.0,23.236036,19.949162
2026-07-02 03:00:00+02:00,16.864,2.7416782,10.799999,11.0,0.0,34180.0,23.06111,19.480164
2026-07-02 04:00:00+02:00,16.564001,2.16,5.7599998,0.0,0.0,37080.0,18.369701,17.122486
2026-07-02 05:00:00+02:00,16.214,1.1384199,3.6,0.0,0.0,40340.0,10.628571,17.077427
2026-07-02 06:00:00+02:00,15.714001,2.9024127,4.32,30.0,0.0,39060.0,8.561753,22.180428
2026-07-02 07:00:00+02:00,15.614,3.6179552,8.28,0.0,0.0,36100.0,7.0743074,22.249796
2026-07-02 08:00:00+02:00,16.914,3.671294,8.64,0.0,0.0,33540.0,4.57969,25.136015
2026-07-02 09:00:00+02:00,18.314001,4.829907,10.799999,0.0,0.0,37400.0,2.577807,23.88647
2026-07-02 10:00:00+02:00,19.564001,3.319036,10.799999,21.0,0.0,38640.0,5.0333285,23.331656
2026-07-02 11:00:00+02:00,21.214,2.5959969,8.64,0.0,0.0,40640.0,5.0333285,19.832952
2026-07-02 12:00:00+02:00,22.164,5.8048253,11.159999,89.0,0.0,41160.0,4.57969,20.331732
2026-07-02 13:00:00+02:00,23.164,5.506941,7.2,77.0,0.0,42080.0,4.9291077,25.448275
2026-07-02 14:00:00+02:00,23.714,7.5942073,11.5199995,73.0,0.0,42520.0,6.728273,21.24899
2026-07-02 15:00:00+02:00,24.314001,7.7879906,16.919998,0.0,0.0,44640.0,12.133847,21.212698
2026-07-02 16:00:00+02:00,24.664,12.768586,25.56,0.0,0.0,45320.0,14.41038,25.273579
2026-07-02 17:00:00+02:00,24.914,8.350138,18.0,0.0,0.0,45020.0,8.670211,30.024958
2026-07-02 18:00:00+02:00,25.014,11.440978,17.28,3.0,0.0,44940.0,11.474137,30.565416
2026-07-02 19:00:00+02:00,24.514,13.797912,21.96,0.0,0.0,47660.0,16.00136,28.123474
2026-07-02 20:00:00+02:00,23.964,10.630672,25.199999,0.0,0.0,44100.0,18.953892,23.190878
2026-07-02 21:00:00+02:00,22.864,6.6087217,20.16,0.0,0.0,43180.0,17.748766,15.909525
2026-07-02 22:00:00+02:00,21.414,6.638072,16.199999,0.0,0.0,43480.0,13.655687,14.167504
2026-07-02 23:00:00+02:00,20.414,6.0347,18.359999,29.0,0.0,41280.0,10.667574,10.569963
2026-07-03 00:00:00+02:00,19.764,5.771239,14.759999,0.0,0.0,40700.0,25.946686,17.21225
2026-07-03 01:00:00+02:00,19.064001,4.73506,14.4,0.0,0.0,40620.0,16.149912,20.189116
2026-07-03 02:00:00+02:00,19.214,4.8433046,12.599999,18.0,0.0,40220.0,13.223043,20.035875
2026-07-03 03:00:00+02:00,19.064001,4.0249224,10.799999,47.0,0.0,39960.0,9.837129,22.490902
2026-07-03 04:00:00+02:00,18.614,5.904439,15.4800005,47.0,0.0,39180.0,8.062088,19.871765
2026-07-03 05:00:00+02:00,17.714,4.802999,13.32,62.0,0.0,37220.0,5.6366506,11.41124
2026-07-03 06:00:00+02:00,17.414,4.8965297,11.5199995,89.0,0.0,36920.0,7.418196,9.310345
2026-07-03 07:00:00+02:00,17.514,7.754637,16.199999,83.0,0.0,34820.0,8.215179,9.164372
2026-07-03 08:00:00+02:00,17.864,10.948973,21.599998,75.0,0.0,35080.0,6.1138062,9.695481
2026-07-03 09:00:00+02:00,18.164,15.111424,26.64,75.0,0.0,33140.0,5.3142853,9.813965
2026-07-03 10:00:00+02:00,18.664,13.392774,26.28,87.0,0.0,32520.0,0.9113924,6.7137847
2026-07-03 11:00:00+02:00,20.364,8.404285,21.24,82.0,0.0,37480.0,5.941551,20.632677
2026-07-03 12:00:00+02:00,21.564001,8.854829,12.599999,67.0,0.0,39220.0,7.840093,14.948187
2026-07-03 13:00:00+02:00,22.414,10.308831,13.32,45.0,0.0,40200.0,9.815996,13.781546
2026-07-03 14:00:00+02:00,23.764,8.905908,13.32,55.0,0.0,41040.0,8.377872,5.3031745
2026-07-03 15:00:00+02:00,24.364,10.495713,13.679999,41.0,0.0,41480.0,10.974618,8.886923
2026-07-03 16:00:00+02:00,24.914,10.105681,14.04,24.0,0.0,41880.0,11.474137,12.194616
2026-07-03 17:00:00+02:00,24.814001,8.759178,13.679999,0.0,0.0,42420.0,9.666777,7.4740934
2026-07-03 18:00:00+02:00,24.864,9.220499,11.879999,0.0,0.0,42940.0,8.95301,7.5764823
2026-07-03 19:00:00+02:00,24.664,12.904882,19.44,0.0,0.0,45080.0,14.133929,10.027549
2026-07-03 20:00:00+02:00,23.814001,11.681987,24.48,0.0,0.0,46800.0,11.92671,14.329733
2026-07-03 21:00:00+02:00,22.464,9.290511,21.24,0.0,0.0,45880.0,8.215179,15.355014
2026-07-03 22:00:00+02:00,21.064001,9.83268,23.039999,0.0,0.0,44600.0,7.866535,17.489796
2026-07-03 23:00:00+02:00,19.814001,9.007196,23.4,0.0,0.0,42000.0,8.706063,16.492132
2026-07-04 00:00:00+02:00,19.314001,6.28713,19.8,23.0,0.0,41840.0,11.618018,16.433628
2026-07-04 01:00:00+02:00,19.014,6.638072,17.64,10.0,0.0,42040.0,11.618018,22.180428
2026-07-04 02:00:00+02:00,17.964,5.815978,15.84,3.0,0.0,41920.0,8.84802,23.88647
2026-07-04 03:00:00+02:00,17.264,6.2145634,15.119999,13.0,0.0,42100.0,8.95301,21.212698
2026-07-04 04:00:00+02:00,16.764,5.8603754,14.759999,0.0,0.0,42380.0,7.958391,25.265957
2026-07-04 05:00:00+02:00,15.814,3.671294,13.32,0.0,0.0,42300.0,7.78694,23.59437
2026-07-04 06:00:00+02:00,15.464001,3.0758414,6.12,0.0,0.0,42080.0,10.667574,23.364658
2026-07-04 07:00:00+02:00,15.714001,1.835647,3.96,0.0,0.0,42180.0,8.765491,22.839355
2026-07-04 08:00:00+02:00,17.064001,1.1384199,5.7599998,0.0,0.0,42020.0,6.0797453,26.776121
2026-07-04 09:00:00+02:00,19.164,1.4399999,5.7599998,0.0,0.0,43420.0,5.155614,29.896374
2026-07-04 10:00:00+02:00,20.764,3.0758414,9.0,0.0,0.0,44400.0,5.3142853,25.478533
2026-07-04 11:00:00+02:00,22.264,3.4152596,14.759999,0.0,0.0,46460.0,5.487309,28.592175
2026-07-04 12:00:00+02:00,23.414,4.802999,13.679999,0.0,0.0,45460.0,5.709857,29.27787
2026-07-04 13:00:00+02:00,24.864,6.2145634,13.32,0.0,0.0,46820.0,4.488087,30.439116
2026-07-04 14:00:00+02:00,25.414,6.849467,10.440001,0.0,0.0,47080.0,6.9559,26.89098
2026-07-04 15:00:00+02:00,26.214,12.599999,16.199999,0.0,0.0,52380.0,9.580463,23.099327
2026-07-04 16:00:00+02:00,26.464,10.028439,18.359999,0.0,0.0,55880.0,11.4288025,24.966848
2026-07-04 17:00:00+02:00,26.914,10.829959,23.4,0.0,0.0,48640.0,12.832521,24.804298
2026-07-04 18:00:00+02:00,26.614,13.708391,20.880001,0.0,0.0,58240.0,14.133929,26.948225
2026-07-04 19:00:00+02:00,25.914,9.83268,21.96,0.0,0.0,51200.0,15.942856,22.839355
2026-07-04 20:00:00+02:00,25.414,9.220499,22.68,0.0,0.0,52980.0,17.352394,21.944693
2026-07-04 21:00:00+02:00,23.964,5.1165614,15.119999,0.0,0.0,46800.0,17.32245,25.516308
2026-07-04 22:00:00+02:00,22.114,6.489992,15.84,0.0,0.0,46160.0,16.182028,28.693052
2026-07-04 23:00:00+02:00,20.614,5.0528407,16.919998,0.0,0.0,45260.0,13.881914,31.533234
2026-07-05 00:00:00+02:00,19.514,4.3498964,14.4,0.0,0.0,44240.0,12.710575,34.137928
2026-07-05 01:00:00+02:00,19.614,3.8939953,11.5199995,0.0,0.0,46400.0,15.284514,34.74199
2026-07-05 02:00:00+02:00,18.214,4.802999,12.599999,0.0,0.0,44560.0,17.292456,32.186214
2026-07-05 03:00:00+02:00,17.764,5.4833565,13.679999,0.0,0.0,43580.0,21.911358,28.144014
2026-07-05 04:00:00+02:00,17.714,5.3999996,15.119999,0.0,0.0,44040.0,23.329687,28.307802
2026-07-05 05:00:00+02:00,16.864,5.8048253,16.199999,0.0,0.0,42260.0,18.733492,32.773354
2026-07-05 06:00:00+02:00,16.114,6.6185193,16.56,0.0,0.0,41560.0,20.097183,36.846176
2026-07-05 07:00:00+02:00,17.164,6.9247384,17.28,0.0,0.0,41940.0,20.587181,36.846176
2026-07-05 08:00:00+02:00,18.514,8.534353,19.08,0.0,0.0,42660.0,23.85342,39.35877
2026-07-05 09:00:00+02:00,20.264,10.30883,23.4,0.0,0.0,42520.0,25.327036,38.246773
2026-07-05 10:00:00+02:00,21.814001,13.627795,26.28,0.0,0.0,42580.0,27.132107,36.451977
2026-07-05 11:00:00+02:00,23.864,15.192682,35.64,0.0,0.0,44020.0,26.540146,40.464016
2026-07-05 12:00:00+02:00,25.114,18.532133,36.719997,0.0,0.0,45100.0,24.361639,43.22603
2026-07-05 13:00:00+02:00,26.014,19.881649,38.16,0.0,0.0,45960.0,26.886074,43.963932
2026-07-05 14:00:00+02:00,27.014,17.313717,37.8,0.0,0.0,45600.0,23.244972,41.66025
2026-07-05 15:00:00+02:00,27.714,18.289274,35.64,0.0,0.0,47080.0,27.402464,30.891392
2026-07-05 16:00:00+02:00,28.214,23.042812,42.48,0.0,0.0,48800.0,31.79767,36.9558
2026-07-05 17:00:00+02:00,26.864,23.1774,51.839996,0.0,0.0,46180.0,35.406742,31.189268
2026-07-05 18:00:00+02:00,26.214,22.90743,46.8,0.0,0.0,46540.0,40.147842,43.39948
2026-07-05 19:00:00+02:00,25.214,21.178896,44.28,0.0,0.0,44600.0,42.675163,41.66025
2026-07-05 20:00:00+02:00,24.614,19.022177,39.239998,0.0,0.0,43340.0,37.314255,46.55172
2026-07-05 21:00:00+02:00,23.364,12.245293,33.839996,0.0,0.0,42460.0,36.03459,51.796913
2026-07-05 22:00:00+02:00,22.064001,6.725354,24.119999,0.0,0.0,41720.0,36.92264,49.28135
2026-07-05 23:00:00+02:00,21.114,8.699793,20.519999,0.0,0.0,41380.0,37.12456,45.947807
2026-07-06 00:00:00+02:00,20.264,6.151683,19.44,0.0,0.0,41120.0,27.778786,41.48882
2026-07-06 01:00:00+02:00,19.614,4.1046314,14.4,0.0,0.0,40820.0,24.425486,38.781925
2026-07-06 02:00:00+02:00,18.664,5.5887027,10.08,0.0,0.0,39340.0,21.276669,35.87672
2026-07-06 03:00:00+02:00,18.514,3.396233,11.5199995,0.0,0.0,39280.0,17.975468,39.06402
2026-07-06 04:00:00+02:00,18.164,3.396233,7.92,0.0,0.0,39340.0,14.989566,39.1871
2026-07-06 05:00:00+02:00,17.014,4.1046314,11.159999,16.0,0.0,37800.0,13.270073,33.106678
2026-07-06 06:00:00+02:00,16.964,2.7416782,7.92,0.0,0.0,38240.0,14.899244,29.999285
2026-07-06 07:00:00+02:00,17.564001,2.5455842,4.68,0.0,0.0,38180.0,15.587208,31.649088
2026-07-06 08:00:00+02:00,18.814001,1.835647,5.04,0.0,0.0,38140.0,16.562534,31.330996
2026-07-06 09:00:00+02:00,20.614,2.9024127,7.5599995,0.0,0.0,39680.0,16.461926,31.404686
2026-07-06 10:00:00+02:00,21.964,4.32,11.5199995,0.0,0.0,40200.0,16.866917,32.65559
2026-07-06 11:00:00+02:00,23.264,9.726665,19.8,2.0,0.0,40960.0,24.306171,39.34408
2026-07-06 12:00:00+02:00,24.514,12.605142,25.199999,7.0,0.0,41140.0,20.055809,37.78568
2026-07-06 13:00:00+02:00,26.064001,15.629972,30.599998,0.0,0.0,44620.0,19.333553,38.287045
2026-07-06 14:00:00+02:00,26.114,14.205182,30.960001,0.0,0.0,43480.0,18.142204,34.97959
2026-07-06 15:00:00+02:00,26.714,12.979984,27.72,31.0,0.0,42980.0,16.718523,29.409164
2026-07-06 16:00:00+02:00,27.314001,14.658676,30.599998,0.0,0.0,45760.0,20.179676,30.082644
2026-07-06 17:00:00+02:00,27.814001,14.021525,29.16,0.0,0.0,48740.0,14.947947,24.206896
2026-07-06 18:00:00+02:00,27.164,14.77755,26.28,0.0,0.0,50580.0,19.160927,27.225573
2026-07-06 19:00:00+02:00,26.414,14.003028,29.88,0.0,0.0,48680.0,20.379353,23.950901
2026-07-06 20:00:00+02:00,25.714,10.514218,25.56,0.0,0.0,47520.0,22.988956,26.105885
2026-07-06 21:00:00+02:00,24.264,5.904439,17.64,0.0,0.0,43700.0,18.616735,27.317396
2026-07-06 22:00:00+02:00,22.814001,3.396233,13.32,0.0,0.0,42720.0,15.713261,24.554531
2026-07-06 23:00:00+02:00,21.764,4.5536795,7.92,0.0,0.0,42180.0,15.66031,21.103449
2026-07-07 00:00:00+02:00,20.864,5.0911684,12.599999,0.0,0.0,41640.0,13.678478,22.041039
2026-07-07 01:00:00+02:00,20.814001,4.6102495,12.24,0.0,0.0,43220.0,13.495072,20.141356
2026-07-07 02:00:00+02:00,19.964,5.3999996,13.679999,0.0,0.0,42420.0,12.792001,18.908127
2026-07-07 03:00:00+02:00,19.264,5.1165614,14.04,0.0,0.0,41960.0,16.86076,22.284399
2026-07-07 04:00:00+02:00,19.214,5.6233797,14.759999,0.0,0.0,42320.0,16.934494,26.304356
2026-07-07 05:00:00+02:00,18.514,6.297428,18.359999,0.0,0.0,41580.0,16.111294,29.179018
2026-07-07 06:00:00+02:00,18.114,6.4096174,17.64,0.0,0.0,41300.0,17.865383,29.670004
2026-07-07 07:00:00+02:00,19.164,7.289445,17.64,0.0,0.0,42120.0,14.69576,27.653793
2026-07-07 08:00:00+02:00,20.314001,7.127636,19.8,0.0,0.0,42440.0,14.582278,28.041162
2026-07-07 09:00:00+02:00,22.264,8.404285,19.8,0.0,0.0,43160.0,13.701232,30.822723
2026-07-07 10:00:00+02:00,24.114,11.246759,21.96,0.0,0.0,43320.0,14.64622,31.133633
2026-07-07 11:00:00+02:00,25.664,10.514218,25.199999,0.0,0.0,43000.0,16.91609,34.430096
2026-07-07 12:00:00+02:00,27.614,12.287555,24.84,0.0,0.0,44700.0,20.225931,36.667995
2026-07-07 13:00:00+02:00,29.214,17.418196,30.239998,0.0,0.0,52980.0,20.465782,38.110546
2026-07-07 14:00:00+02:00,29.614,16.071491,32.760002,0.0,0.0,52420.0,20.687803,37.370464
2026-07-07 15:00:00+02:00,30.214,19.319628,37.8,0.0,0.0,52200.0,26.746689,37.57608
2026-07-07 16:00:00+02:00,30.314001,17.462782,40.32,0.0,0.0,52620.0,27.436544,39.69503
2026-07-07 17:00:00+02:00,29.764,20.60823,37.8,0.0,0.0,53800.0,29.518423,40.989017
2026-07-07 18:00:00+02:00,29.564001,18.193361,39.239998,0.0,0.0,53400.0,32.892303,45.31459
2026-07-07 19:00:00+02:00,29.064001,15.30741,36.719997,0.0,0.0,50920.0,31.174416,44.1781
2026-07-07 20:00:00+02:00,28.114,10.966713,29.88,0.0,0.0,47900.0,34.7795,37.14297
2026-07-07 21:00:00+02:00,26.514,10.383987,24.119999,0.0,0.0,49680.0,43.78479,44.138844
2026-07-07 22:00:00+02:00,24.664,5.6233797,22.319998,0.0,0.0,47540.0,39.192524,47.518238
2026-07-07 23:00:00+02:00,23.514,6.9153743,17.28,0.0,0.0,44560.0,43.756325,52.2339
2026-07-08 00:00:00+02:00,23.064001,7.072878,19.8,0.0,0.0,44780.0,47.412117,54.146053
2026-07-08 01:00:00+02:00,22.514,6.87779,20.16,0.0,0.0,44520.0,42.857254,55.43978
2026-07-08 02:00:00+02:00,22.214,9.36,24.119999,0.0,0.0,43620.0,38.376007,53.584606
2026-07-08 03:00:00+02:00,21.864,9.3876505,25.199999,0.0,0.0,43500.0,27.074642,55.765434
2026-07-08 04:00:00+02:00,21.314001,8.4042845,24.84,0.0,0.0,43440.0,31.61428,53.59539
2026-07-08 05:00:00+02:00,20.264,7.6367526,22.68,0.0,0.0,42340.0,34.262173,49.550316
2026-07-08 06:00:00+02:00,19.714,6.5693827,20.519999,0.0,0.0,42080.0,35.135918,50.30267
2026-07-08 07:00:00+02:00,19.964,4.2136917,17.28,0.0,0.0,42080.0,29.791523,48.94011
2026-07-08 08:00:00+02:00,21.464,5.4119864,13.32,0.0,0.0,42500.0,31.017483,48.86132
2026-07-08 09:00:00+02:00,22.864,7.5685663,18.359999,0.0,0.0,43620.0,31.561687,45.884876
2026-07-08 10:00:00+02:00,24.314001,9.659814,20.519999,0.0,0.0,45820.0,30.535046,42.370876
2026-07-08 11:00:00+02:00,25.714,9.565437,25.56,0.0,0.0,47800.0,25.265467,37.57608
2026-07-08 12:00:00+02:00,27.164,9.983106,21.96,0.0,0.0,52420.0,12.694226,36.96101
2026-07-08 13:00:00+02:00,27.864,9.504273,22.319998,0.0,0.0,45680.0,10.391472,30.666088
2026-07-08 14:00:00+02:00,28.814001,10.464797,25.199999,0.0,0.0,48040.0,12.133847,27.758083
2026-07-08 15:00:00+02:00,29.264,14.003028,29.519999,0.0,0.0,51880.0,18.788836,30.816475
2026-07-08 16:00:00+02:00,28.414,19.161337,32.039997,0.0,0.0,45000.0,23.28068,22.839355
2026-07-08 17:00:00+02:00,26.864,15.5843,41.760002,0.0,0.0,43660.0,23.236036,27.26799
2026-07-08 18:00:00+02:00,26.314001,14.618837,34.56,0.0,0.0,42760.0,24.117481,33.106678
2026-07-08 19:00:00+02:00,25.814001,11.183201,28.44,0.0,0.0,42340.0,23.683052,35.138927
2026-07-08 20:00:00+02:00,24.714,6.2145634,20.880001,0.0,0.0,41600.0,18.953892,29.896374
2026-07-08 21:00:00+02:00,23.714,3.0547013,11.5199995,0.0,0.0,41120.0,20.343658,30.83522
2026-07-08 22:00:00+02:00,22.714,1.1384199,3.6,12.0,0.0,41500.0,20.379353,34.334854
2026-07-08 23:00:00+02:00,22.164,4.68,6.8399997,7.0,0.0,41080.0,15.148044,28.612377
2026-07-09 00:00:00+02:00,21.564001,4.6938257,10.799999,0.0,0.0,41000.0,11.474137,24.175043
2026-07-09 01:00:00+02:00,21.214,3.0758414,10.799999,0.0,0.0,40900.0,4.907998,22.4909
2026-07-09 02:00:00+02:00,19.864,1.8,7.2,0.0,0.0,40660.0,5.0333285,21.112572
2026-07-09 03:00:00+02:00,19.014,2.9024127,5.3999996,0.0,0.0,40220.0,5.195736,20.557856
2026-07-09 04:00:00+02:00,18.814001,3.319036,4.32,0.0,0.0,39800.0,4.6472077,27.875805
2026-07-09 05:00:00+02:00,17.464,4.6938252,6.12,3.0,0.0,37140.0,3.2222586,26.754532
2026-07-09 06:00:00+02:00,16.864,3.7585104,8.64,0.0,0.0,35620.0,2.453999,24.897316
2026-07-09 07:00:00+02:00,17.414,3.5455887,6.4799995,0.0,0.0,35420.0,1.9333551,26.186924
2026-07-09 08:00:00+02:00,19.164,2.5959969,6.8399997,0.0,0.0,36900.0,4.101266,30.312284
2026-07-09 09:00:00+02:00,21.414,3.096837,8.64,0.0,0.0,39340.0,5.3142853,29.960732
2026-07-09 10:00:00+02:00,22.614,6.28713,15.119999,0.0,0.0,39700.0,5.094838,30.267769
2026-07-09 11:00:00+02:00,23.864,8.311245,16.199999,0.0,0.0,40600.0,2.7718916,32.58473
2026-07-09 12:00:00+02:00,25.464,7.5942082,11.879999,0.0,0.0,41080.0,3.4704785,29.297602
2026-07-09 13:00:00+02:00,26.814001,9.504273,11.879999,0.0,0.0,41860.0,7.205189,26.948225
2026-07-09 14:00:00+02:00,27.564001,10.495713,14.759999,2.0,0.0,43000.0,10.401459,24.982275
2026-07-09 15:00:00+02:00,28.214,10.966713,14.4,0.0,0.0,45300.0,10.870049,22.206465
2026-07-09 16:00:00+02:00,28.814001,11.983188,16.919998,0.0,0.0,46680.0,13.033229,19.716057
2026-07-09 17:00:00+02:00,29.114,11.753876,19.08,0.0,0.0,61500.0,16.461926,18.127962
2026-07-09 18:00:00+02:00,28.664,13.513193,22.319998,0.0,0.0,46960.0,17.105307,16.018122
2026-07-09 19:00:00+02:00,27.914,11.770403,23.4,0.0,0.0,44360.0,18.142204,12.051613
2026-07-09 20:00:00+02:00,27.214,9.0,25.199999,0.0,0.0,46680.0,23.634779,9.454063
2026-07-09 21:00:00+02:00,25.264,7.24486,16.919998,0.0,0.0,42980.0,24.800928,8.1638975
2026-07-09 22:00:00+02:00,23.764,8.473393,19.08,0.0,0.0,42280.0,20.184822,9.494725
2026-07-09 23:00:00+02:00,23.364,8.699793,20.519999,0.0,0.0,43100.0,26.493156,8.442291
2026-07-10 00:00:00+02:00,22.614,8.404285,19.08,0.0,0.0,42880.0,27.842255,6.7137847
2026-07-10 01:00:00+02:00,21.214,11.792404,25.56,0.0,0.0,41620.0,25.665043,6.7137847
2026-07-10 02:00:00+02:00,20.164,11.792404,25.919998,0.0,0.0,40040.0,21.878162,4.5186887
2026-07-10 03:00:00+02:00,19.064001,11.269782,25.199999,0.0,0.0,38080.0,19.160929,2.6333632
2026-07-10 04:00:00+02:00,18.164,9.19939,24.48,0.0,0.0,37660.0,20.551847,1.387904
2026-07-10 05:00:00+02:00,17.164,8.699793,20.880001,0.0,0.0,35600.0,20.302786,4.8477407
2026-07-10 06:00:00+02:00,16.514,7.5685663,18.72,0.0,0.0,33780.0,21.359468,5.2667265
2026-07-10 07:00:00+02:00,16.914,6.12,16.199999,0.0,0.0,34200.0,21.359468,4.3889384
2026-07-10 08:00:00+02:00,18.864,6.489992,13.32,0.0,0.0,37100.0,20.179676,3.1649084
2026-07-10 09:00:00+02:00,20.664,7.491114,16.199999,0.0,0.0,38640.0,17.795506,3.1649084
2026-07-10 10:00:00+02:00,22.514,7.5942082,16.56,0.0,0.0,39900.0,16.111294,1.2413791
2026-07-10 11:00:00+02:00,24.464,7.653705,16.919998,0.0,0.0,41100.0,20.827858,1.2413791
2026-07-10 12:00:00+02:00,26.214,9.220499,19.8,0.0,0.0,41800.0,17.824654,3.5111506
2026-07-10 13:00:00+02:00,27.914,10.464797,20.880001,0.0,0.0,42560.0,12.512989,4.8477407
2026-07-10 14:00:00+02:00,28.564001,11.808878,17.64,0.0,0.0,42160.0,13.464261,8.350525
2026-07-10 15:00:00+02:00,29.814001,13.276144,18.72,0.0,0.0,43260.0,15.587208,13.612786
2026-07-10 16:00:00+02:00,30.614,13.551501,19.44,0.0,0.0,45260.0,15.949366,17.773846
2026-07-10 17:00:00+02:00,30.714,12.229406,20.16,0.0,0.0,46440.0,14.82239,19.900824
2026-07-10 18:00:00+02:00,30.464,11.923557,18.0,0.0,0.0,48180.0,14.947947,20.016638
2026-07-10 19:00:00+02:00,29.814001,12.413476,21.96,0.0,0.0,49340.0,16.182028,20.103062
2026-07-10 20:00:00+02:00,28.614,9.028754,21.96,0.0,0.0,47400.0,16.562534,18.096056
2026-07-10 21:00:00+02:00,26.564001,7.8625183,18.72,0.0,0.0,46020.0,16.587591,13.6692705
2026-07-10 22:00:00+02:00,25.714,6.792466,16.199999,0.0,0.0,45580.0,16.43036,13.034482
2026-07-10 23:00:00+02:00,25.014,8.161764,15.84,0.0,0.0,43860.0,22.010645,13.879042
2026-07-11 00:00:00+02:00,24.414,8.404285,18.359999,0.0,0.0,43380.0,22.91658,16.149862
2026-07-11 01:00:00+02:00,23.664,7.491114,17.64,0.0,0.0,42980.0,19.467348,17.423588
2026-07-11 02:00:00+02:00,22.014,6.28713,16.199999,0.0,0.0,41800.0,12.337506,21.830282
2026-07-11 03:00:00+02:00,21.264,6.439876,14.04,0.0,0.0,41260.0,9.56962,20.632679
2026-07-11 04:00:00+02:00,20.514,4.3498964,14.4,0.0,0.0,40860.0,5.487309,21.546066
2026-07-11 05:00:00+02:00,19.764,3.9763298,7.92,0.0,0.0,40780.0,5.487309,23.757093
2026-07-11 06:00:00+02:00,20.114,2.1897945,6.12,0.0,0.0,40920.0,14.309151,21.51923
2026-07-11 07:00:00+02:00,20.514,2.9024127,10.08,0.0,0.0,40700.0,18.953892,17.256958
2026-07-11 08:00:00+02:00,22.014,4.8433046,15.119999,0.0,0.0,40680.0,18.733494,12.795844
2026-07-11 09:00:00+02:00,23.764,6.792466,13.32,0.0,0.0,40940.0,12.961332,9.227215
2026-07-11 10:00:00+02:00,24.814001,9.255571,19.08,0.0,0.0,40880.0,9.815996,6.48019
2026-07-11 11:00:00+02:00,26.414,6.489992,18.72,0.0,0.0,41660.0,8.36547,5.00416
2026-07-11 12:00:00+02:00,28.414,3.396233,14.04,0.0,0.0,42840.0,5.6366506,2.4827583
2026-07-11 13:00:00+02:00,29.264,11.726277,13.32,3.0,0.0,41900.0,1.4410379,5.00416
2026-07-11 14:00:00+02:00,30.064001,10.636766,15.119999,1.0,0.0,43140.0,8.706063,8.886923
2026-07-11 15:00:00+02:00,31.164,14.480773,19.44,0.0,0.0,46620.0,14.836392,6.939521
2026-07-11 16:00:00+02:00,31.614,15.281989,24.119999,0.0,0.0,47860.0,18.3697,8.1638975
2026-07-11 17:00:00+02:00,31.314001,13.276144,23.039999,0.0,0.0,47540.0,16.111294,8.951714
2026-07-11 18:00:00+02:00,31.114,11.304229,20.519999,0.0,0.0,48160.0,13.776805,12.96038
2026-07-11 19:00:00+02:00,30.414,11.631956,18.359999,0.0,0.0,46600.0,11.926711,18.042755
2026-07-11 20:00:00+02:00,29.164,7.9036193,24.48,0.0,0.0,47200.0,21.422567,22.430868
2026-07-11 21:00:00+02:00,27.164,8.854829,20.519999,0.0,0.0,46660.0,22.347704,18.62069
2026-07-11 22:00:00+02:00,25.614,7.208994,20.519999,0.0,0.0,44060.0,22.857605,16.75862
2026-07-11 23:00:00+02:00,24.664,9.904906,19.8,0.0,0.0,43060.0,23.400787,15.702343
2026-07-12 00:00:00+02:00,24.114,8.089993,21.96,0.0,0.0,42940.0,22.546602,19.171173
2026-07-12 01:00:00+02:00,23.964,6.9247384,18.72,0.0,0.0,43440.0,22.221907,21.402544
2026-07-12 02:00:00+02:00,22.414,6.3690495,16.199999,0.0,0.0,42940.0,20.236195,15.529648
2026-07-12 03:00:00+02:00,21.314001,6.12,13.679999,0.0,0.0,42320.0,18.821962,13.0492525
2026-07-12 04:00:00+02:00,19.814001,9.021574,19.44,0.0,0.0,41200.0,15.818631,16.386677
2026-07-12 05:00:00+02:00,18.664,9.028754,23.4,0.0,0.0,40900.0,12.603934,16.398428
2026-07-12 06:00:00+02:00,17.614,7.172949,19.44,0.0,0.0,39440.0,11.273301,16.884583
2026-07-12 07:00:00+02:00,17.714,7.628263,14.4,0.0,0.0,38920.0,12.603934,10.98112
2026-07-12 08:00:00+02:00,19.014,7.771331,14.759999,0.0,0.0,36840.0,16.149912,14.072007
2026-07-12 09:00:00+02:00,20.764,9.021574,18.72,0.0,0.0,40660.0,17.725351,12.241913
2026-07-12 10:00:00+02:00,22.714,9.19939,19.08,0.0,0.0,41180.0,18.465538,12.795844
2026-07-12 11:00:00+02:00,24.914,11.720751,25.56,0.0,0.0,42200.0,19.467348,16.292364
2026-07-12 12:00:00+02:00,26.514,14.021525,26.28,0.0,0.0,42700.0,19.31206,15.665498
2026-07-12 13:00:00+02:00,28.114,15.192682,24.84,0.0,0.0,43420.0,17.871193,13.093462
2026-07-12 14:00:00+02:00,28.964,16.78156,27.0,0.0,0.0,44280.0,19.972805,11.103232
2026-07-12 15:00:00+02:00,29.714,17.377226,26.28,0.0,0.0,46400.0,20.712883,9.695481
2026-07-12 16:00:00+02:00,30.164,16.80857,27.72,0.0,0.0,47640.0,20.947159,5.00416
2026-07-12 17:00:00+02:00,30.314001,15.815435,28.8,0.0,0.0,48820.0,20.63252,1.387904
2026-07-12 18:00:00+02:00,29.864,17.208603,31.319998,0.0,0.0,50100.0,23.98365,5.2667265
2026-07-12 19:00:00+02:00,28.914,17.551615,33.12,0.0,0.0,49000.0,26.42252,10.00832
2026-07-12 20:00:00+02:00,27.564001,14.707222,34.2,0.0,0.0,49880.0,28.150078,12.780782
2026-07-12 21:00:00+02:00,25.564001,12.287555,27.359999,0.0,0.0,47620.0,23.647955,10.998648
2026-07-12 22:00:00+02:00,24.064001,11.019764,26.64,0.0,0.0,45540.0,22.934696,13.398848
2026-07-12 23:00:00+02:00,23.314001,11.019764,24.48,0.0,0.0,43740.0,23.056606,10.4046545
2026-07-13 00:00:00+02:00,21.964,10.703569,23.039999,0.0,0.0,42340.0,15.5204525,17.87112
2026-07-13 01:00:00+02:00,21.464,11.592894,24.84,0.0,0.0,42240.0,10.9461975,21.590723
2026-07-13 02:00:00+02:00,19.864,7.8954163,24.84,0.0,0.0,41640.0,7.515534,25.591688
2026-07-13 03:00:00+02:00,19.064001,6.297428,16.919998,0.0,0.0,40960.0,6.7744107,32.25795
2026-07-13 04:00:00+02:00,18.914,5.6002855,12.959999,0.0,0.0,40920.0,8.987734,34.137928
2026-07-13 05:00:00+02:00,17.764,3.319036,11.5199995,0.0,0.0,40640.0,8.402622,32.519634
2026-07-13 06:00:00+02:00,16.864,3.4152596,6.12,0.0,0.0,39240.0,9.666777,31.170732
2026-07-13 07:00:00+02:00,17.314001,2.9024127,5.7599998,0.0,0.0,37000.0,12.269996,29.960732
2026-07-13 08:00:00+02:00,19.264,1.8,7.2,0.0,0.0,33500.0,14.067659,36.28779
2026-07-13 09:00:00+02:00,21.564001,1.8,7.92,0.0,0.0,41080.0,14.075039,37.033905
2026-07-13 10:00:00+02:00,23.964,1.2979984,9.0,0.0,0.0,41720.0,20.40481,41.701843
2026-07-13 11:00:00+02:00,25.764,0.71999997,7.92,0.0,0.0,41420.0,20.752947,37.86207
2026-07-13 12:00:00+02:00,28.214,4.198285,11.159999,0.0,0.0,42200.0,23.056606,38.587734
2026-07-13 13:00:00+02:00,30.364,5.95906,14.04,0.0,0.0,47020.0,13.859459,42.755558
2026-07-13 14:00:00+02:00,29.014,5.495161,21.24,0.0,0.0,44320.0,16.959,45.93103
2026-07-13 15:00:00+02:00,30.314001,2.968636,12.959999,0.0,0.0,47000.0,15.148044,40.464016
2026-07-13 16:00:00+02:00,31.214,6.9527545,15.84,0.0,0.0,45820.0,6.835443,55.14016
2026-07-13 17:00:00+02:00,30.014,5.771239,18.0,0.0,0.0,42980.0,20.097183,50.991077
2026-07-13 18:00:00+02:00,29.864,6.3690495,14.04,0.0,0.0,43000.0,18.58883,59.23929
2026-07-13 19:00:00+02:00,29.214,7.9932966,22.68,0.0,0.0,43700.0,19.674257,50.809425
2026-07-13 20:00:00+02:00,27.664,5.5887027,16.199999,0.0,0.0,42860.0,21.591537,53.296246
2026-07-13 21:00:00+02:00,26.614,2.0364676,31.319998,0.0,0.0,42900.0,18.904528,42.39814
2026-07-13 22:00:00+02:00,25.364,5.3517847,11.5199995,0.0,0.0,43740.0,24.666595,50.44416
2026-07-13 23:00:00+02:00,24.764,6.130579,13.679999,0.0,0.0,44820.0,19.387182,49.332138
2026-07-14 00:00:00+02:00,24.264,6.489992,14.759999,0.0,0.0,42620.0,24.374422,48.754765
2026-07-14 01:00:00+02:00,24.114,5.00128,13.679999,0.0,0.0,41260.0,24.0485,50.041595
2026-07-14 02:00:00+02:00,22.864,6.4096174,14.04,0.0,0.0,41060.0,25.025978,49.72495
2026-07-14 03:00:00+02:00,22.414,6.1305785,15.84,0.0,0.0,41000.0,21.475815,45.82186
2026-07-14 04:00:00+02:00,22.814001,5.1165614,15.84,0.0,0.0,41540.0,26.540146,43.99459
2026-07-14 05:00:00+02:00,22.364,5.904439,16.919998,0.0,0.0,41460.0,31.996231,41.026596
2026-07-14 06:00:00+02:00,22.164,7.6367526,19.8,0.0,0.0,41240.0,28.74139,28.266945
2026-07-14 07:00:00+02:00,22.664,11.298495,25.919998,0.0,0.0,41200.0,23.857775,12.367153
2026-07-14 08:00:00+02:00,23.664,10.464798,28.8,0.0,0.0,41520.0,27.402464,29.428804
2026-07-14 09:00:00+02:00,25.014,10.853866,24.48,0.0,0.0,41320.0,30.0794,30.267769
2026-07-14 10:00:00+02:00,26.414,6.924738,19.8,0.0,0.0,41320.0,30.490805,30.816475
2026-07-14 11:00:00+02:00,27.514,8.217153,18.0,0.0,0.0,42180.0,31.101055,34.413307
2026-07-14 12:00:00+02:00,28.464,9.793058,30.960001,0.0,0.0,41980.0,38.774364,32.14429
2026-07-14 13:00:00+02:00,30.364,15.158522,29.88,0.0,0.0,42620.0,32.495323,30.922554
2026-07-14 14:00:00+02:00,31.914,11.542478,31.319998,0.0,0.0,43740.0,15.4936695,23.98305
2026-07-14 15:00:00+02:00,32.663998,11.720751,24.84,0.0,0.0,44880.0,13.402427,23.040882
2026-07-14 16:00:00+02:00,32.814,10.483357,22.68,0.0,0.0,46500.0,11.273301,19.241377
2026-07-14 17:00:00+02:00,23.414,7.8625183,58.679996,0.0,1.9,34000.0,34.65988,47.857544
2026-07-14 18:00:00+02:00,21.264,3.2599385,23.039999,8.0,5.6,13920.0,27.718918,51.43866
2026-07-14 19:00:00+02:00,22.464,20.056877,47.519997,4.0,0.0,34060.0,14.589397,42.36178
2026-07-14 20:00:00+02:00,21.814001,8.759178,37.079998,0.0,0.0,33620.0,7.7602262,36.372623
2026-07-14 21:00:00+02:00,21.264,9.178235,21.599998,0.0,0.0,28820.0,15.818631,48.69151
2026-07-14 22:00:00+02:00,22.214,9.47012,23.039999,0.0,0.0,37000.0,21.065786,44.347828
2026-07-14 23:00:00+02:00,21.364,6.87779,25.199999,0.0,0.0,35900.0,15.871056,42.9892
2026-07-15 00:00:00+02:00,21.614,3.5455887,14.759999,0.0,0.0,37780.0,10.725815,48.41777
2026-07-15 01:00:00+02:00,21.114,4.1046314,9.72,0.0,0.0,36780.0,13.246578,42.89949
2026-07-15 02:00:00+02:00,20.814001,2.4149535,8.28,0.0,0.0,37020.0,14.265547,45.968758
2026-07-15 03:00:00+02:00,21.064001,2.5959969,5.7599998,0.0,0.0,38120.0,16.587591,44.758568
2026-07-15 04:00:00+02:00,21.464,0.5091169,6.8399997,0.0,0.0,39040.0,23.351927,51.97882
2026-07-15 05:00:00+02:00,21.064001,2.1897945,9.36,0.0,0.0,39020.0,23.236036,51.33745
2026-07-15 06:00:00+02:00,19.964,3.0547013,14.04,0.0,0.0,35180.0,23.735603,49.226597
2026-07-15 07:00:00+02:00,20.614,2.8116899,10.799999,0.0,0.0,35840.0,30.075949,45.649178
2026-07-15 08:00:00+02:00,21.714,6.696387,12.24,0.0,0.0,36740.0,34.635906,50.40978
2026-07-15 09:00:00+02:00,23.414,6.151683,18.0,0.0,0.0,38380.0,25.6205,51.021294
2026-07-15 10:00:00+02:00,25.014,8.28,19.08,0.0,0.0,39860.0,20.179676,48.556816
2026-07-15 11:00:00+02:00,24.414,6.12,16.56,0.0,0.0,38620.0,13.215189,46.655056
2026-07-15 12:00:00+02:00,25.814001,2.8116899,15.119999,0.0,0.0,38600.0,15.66031,44.421608
2026-07-15 13:00:00+02:00,24.814001,8.311245,29.16,0.0,0.0,35880.0,17.795506,47.599243
2026-07-15 14:00:00+02:00,23.364,14.512064,21.96,0.0,0.0,36220.0,27.132107,46.198658
2026-07-15 15:00:00+02:00,24.214,17.313717,32.399998,0.0,0.0,34460.0,26.169819,58.900143
2026-07-15 16:00:00+02:00,25.314001,19.914215,36.36,0.0,0.0,40240.0,31.38685,44.79728
2026-07-15 17:00:00+02:00,24.864,19.67195,34.92,0.0,0.0,40920.0,35.21562,42.370876
2026-07-15 18:00:00+02:00,25.814001,15.281989,36.36,0.0,0.0,41300.0,37.469757,42.574966
2026-07-15 19:00:00+02:00,25.064001,13.5515,29.519999,0.0,0.0,41140.0,35.838123,35.72607
2026-07-15 20:00:00+02:00,23.764,9.227524,22.68,41.0,0.0,39820.0,20.592224,31.806936
2026-07-15 21:00:00+02:00,21.814001,3.7585104,23.759998,55.0,0.0,34720.0,15.044876,32.042255
2026-07-15 22:00:00+02:00,20.964,12.181624,22.319998,19.0,0.5,12420.0,27.086145,32.37121
2026-07-15 23:00:00+02:00,19.264,9.178235,29.16,0.0,2.3,19980.0,19.742744,34.160492
2026-07-16 00:00:00+02:00,18.614,19.9954,39.96,0.0,12.0,15640.0,17.014015,51.032616
2026-07-16 01:00:00+02:00,18.214,9.3669195,28.44,0.0,0.1,17320.0,33.71228,42.629227
2026-07-16 02:00:00+02:00,17.964,11.525623,19.8,90.0,0.0,24920.0,37.436485,34.137928
2026-07-16 03:00:00+02:00,17.314001,14.336861,31.68,0.0,1.3,16780.0,48.409008,49.794632
2026-07-16 04:00:00+02:00,17.014,8.0899935,24.48,0.0,0.4,22500.0,42.95163,52.66726
2026-07-16 05:00:00+02:00,16.664,6.4096174,17.28,0.0,0.0,18260.0,26.703953,59.083008
2026-07-16 06:00:00+02:00,16.814001,2.1897945,12.599999,0.0,0.0,19600.0,21.649166,52.17117
2026-07-16 07:00:00+02:00,17.264,4.8433046,9.72,0.0,0.0,14740.0,30.987343,55.523106
2026-07-16 08:00:00+02:00,18.064001,1.8,8.28,42.0,0.0,2780.0,29.295984,45.947807
2026-07-16 09:00:00+02:00,20.264,2.8116899,10.440001,0.0,0.0,27860.0,31.996235,47.66395
2026-07-16 10:00:00+02:00,22.214,4.3349743,10.440001,0.0,0.0,35340.0,30.1759,44.30872
2026-07-16 11:00:00+02:00,24.014,5.1165614,10.799999,0.0,0.0,39480.0,24.76322,44.173744
2026-07-16 12:00:00+02:00,25.414,3.319036,10.440001,0.0,0.0,40580.0,19.905111,49.69007
2026-07-16 13:00:00+02:00,26.564001,4.1046314,9.72,7.0,0.0,41300.0,17.177994,52.469387
2026-07-16 14:00:00+02:00,28.014,5.6920996,15.84,0.0,0.0,42720.0,15.587208,61.835762
2026-07-16 15:00:00+02:00,28.414,10.24578,18.72,0.0,0.0,42900.0,21.461308,64.438225
2026-07-16 16:00:00+02:00,28.464,8.699793,19.8,0.0,0.0,43120.0,33.83218,59.252293
2026-07-16 17:00:00+02:00,28.714,3.219938,18.0,0.0,0.0,43500.0,24.712854,59.203506
2026-07-16 18:00:00+02:00,27.714,6.792466,13.32,0.0,0.0,41480.0,17.865383,60.795906
2026-07-16 19:00:00+02:00,26.814001,8.225035,20.519999,77.0,0.0,41020.0,26.233223,53.031746
2026-07-16 20:00:00+02:00,21.514,6.9527545,38.88,64.0,0.0,23640.0,6.0797453,64.95628
2026-07-16 21:00:00+02:00,21.264,5.8603754,16.199999,16.0,0.0,22840.0,14.582278,49.109062
2026-07-16 22:00:00+02:00,21.064001,16.575644,47.88,0.0,0.1,30980.0,40.433887,45.31459
2026-07-16 23:00:00+02:00,20.814001,7.2805495,33.839996,0.0,0.6,31340.0,18.3697,51.755985
2026-07-17 00:00:00+02:00,20.664,5.5887027,20.16,0.0,0.0,37480.0,15.949366,32.06629
2026-07-17 01:00:00+02:00,20.114,19.652176,37.44,0.0,0.1,26020.0,52.1986,21.830282
2026-07-17 02:00:00+02:00,17.414,24.967499,46.44,89.0,4.1,11420.0,51.62859,34.024887
2026-07-17 03:00:00+02:00,17.214,15.30741,40.32,40.0,4.7,27320.0,43.58038,41.11571
2026-07-17 04:00:00+02:00,16.964,14.973577,34.2,0.0,0.0,26720.0,41.56839,44.22604
2026-07-17 05:00:00+02:00,16.864,25.721743,38.519997,0.0,0.0,28460.0,65.72144,51.37121
2026-07-17 06:00:00+02:00,16.864,20.545246,47.16,0.0,0.0,21080.0,55.501472,34.23372
2026-07-17 07:00:00+02:00,16.514,20.275383,42.48,4.0,0.0,16400.0,48.657173,43.99459
2026-07-17 08:00:00+02:00,17.714,16.93531,41.039997,0.0,0.0,29380.0,38.80916,44.74565
2026-07-17 09:00:00+02:00,19.064001,10.805999,36.0,44.0,0.0,36420.0,35.698784,42.370876
2026-07-17 10:00:00+02:00,19.464,7.9526596,23.759998,37.0,0.0,36600.0,34.54285,50.291183
2026-07-17 11:00:00+02:00,21.664,12.738099,24.48,0.0,0.0,38620.0,35.147736,51.11182
2026-07-17 12:00:00+02:00,23.014,10.948973,24.119999,0.0,0.0,39580.0,37.469757,54.525383
2026-07-17 13:00:00+02:00,24.164,12.904882,25.919998,16.0,0.0,39800.0,28.330235,54.28817
2026-07-17 14:00:00+02:00,25.614,16.171976,38.519997,0.0,0.0,41160.0,24.876173,57.295403
2026-07-17 15:00:00+02:00,26.414,19.562946,36.719997,0.0,0.0,41600.0,29.143185,63.167175
2026-07-17 16:00:00+02:00,26.964,20.674158,38.519997,0.0,0.0,42180.0,31.840088,58.61164
2026-07-17 17:00:00+02:00,27.114,23.664352,44.639996,0.0,0.0,42380.0,44.78128,61.385544
2026-07-17 18:00:00+02:00,26.814001,19.13426,49.32,0.0,0.0,42640.0,36.184113,48.89285
2026-07-17 19:00:00+02:00,25.564001,9.422101,32.760002,0.0,0.0,40660.0,30.39873,53.660046
2026-07-17 20:00:00+02:00,24.464,9.693296,31.68,6.0,0.0,40440.0,28.418058,54.28817
2026-07-17 21:00:00+02:00,22.364,7.2805495,18.0,39.0,0.6,38620.0,16.909952,49.285255
2026-07-17 22:00:00+02:00,19.264,3.219938,23.759998,20.0,0.0,26980.0,27.898134,62.61586
2026-07-17 23:00:00+02:00,19.764,4.6800003,15.4800005,47.0,0.0,26140.0,20.907467,57.362602
2026-07-18 00:00:00+02:00,19.514,1.609969,11.5199995,56.0,0.0,27100.0,19.57373,57.960583
2026-07-18 01:00:00+02:00,19.364,5.4833565,9.0,45.0,0.0,32680.0,16.805244,53.670815
2026-07-18 02:00:00+02:00,18.814001,4.0249224,9.36,48.0,0.0,21960.0,14.192577,55.523106
2026-07-18 03:00:00+02:00,18.664,1.4399999,12.24,53.0,0.0,30360.0,16.335295,57.147278
2026-07-18 04:00:00+02:00,18.364,3.396233,12.599999,18.0,0.0,28120.0,17.123507,54.652416
2026-07-18 05:00:00+02:00,17.764,3.2399998,3.2399998,38.0,0.0,20020.0,19.403242,49.1757
2026-07-18 06:00:00+02:00,17.864,1.08,3.6,53.0,0.0,33560.0,18.465538,46.655056
2026-07-18 07:00:00+02:00,18.114,2.3051248,4.32,51.0,0.0,34880.0,17.370333,46.198658
2026-07-18 08:00:00+02:00,18.964,3.319036,7.2,47.0,0.0,21300.0,17.014013,51.03262
2026-07-18 09:00:00+02:00,20.264,4.68,9.36,39.0,0.0,26660.0,17.465712,48.11846
2026-07-18 10:00:00+02:00,21.564001,5.3517847,21.599998,53.0,0.0,35740.0,17.370333,46.38591
2026-07-18 11:00:00+02:00,22.814001,4.73506,14.4,38.0,0.0,39900.0,8.315675,45.041714
2026-07-18 12:00:00+02:00,23.914,11.252519,22.319998,46.0,0.0,41060.0,12.4380865,45.208195
2026-07-18 13:00:00+02:00,24.714,12.57426,27.359999,0.0,0.0,42060.0,18.233543,43.505867
2026-07-18 14:00:00+02:00,25.264,11.885453,31.319998,19.0,0.0,41660.0,16.284365,40.30661
2026-07-18 15:00:00+02:00,25.214,9.346143,28.08,55.0,0.0,40360.0,17.465712,43.11448
2026-07-18 16:00:00+02:00,25.814001,13.084402,30.599998,29.0,0.0,42460.0,17.90602,39.142838
2026-07-18 17:00:00+02:00,21.614,13.679999,58.32,9.0,2.8,23860.0,29.295984,46.13607
2026-07-18 18:00:00+02:00,23.364,7.5599995,17.28,29.0,0.1,36920.0,25.228453,42.615665
2026-07-18 19:00:00+02:00,21.614,4.73506,36.719997,16.0,1.1,36780.0,33.34065,42.805088
2026-07-18 20:00:00+02:00,17.764,5.8603754,12.24,46.0,0.0,33920.0,25.894613,42.660843
2026-07-18 21:00:00+02:00,18.314001,5.4833565,16.919998,0.0,0.0,31660.0,24.489164,47.433033
2026-07-18 22:00:00+02:00,17.914,4.452954,10.799999,27.0,0.0,34840.0,17.725351,48.513157
2026-07-18 23:00:00+02:00,17.314001,5.0528407,11.159999,62.0,0.0,28600.0,26.804853,52.052883
2026-07-19 00:00:00+02:00,16.864,8.699793,31.319998,57.0,0.0,25620.0,16.73094,50.371555
2026-07-19 01:00:00+02:00,16.964,8.654986,20.519999,52.0,0.0,29700.0,9.994198,51.70013
2026-07-19 02:00:00+02:00,17.264,5.506941,19.08,28.0,0.0,26500.0,11.254866,54.535984
2026-07-19 03:00:00+02:00,17.414,3.4152596,11.879999,48.0,0.0,31400.0,11.087566,53.194946
2026-07-19 04:00:00+02:00,17.264,3.0758414,7.92,52.0,0.0,29080.0,11.848101,54.0891
2026-07-19 05:00:00+02:00,16.564001,4.0249224,9.36,23.0,0.0,15420.0,13.79187,49.13259
2026-07-19 06:00:00+02:00,16.314,3.9763298,11.879999,41.0,0.0,20900.0,17.370333,46.588947
2026-07-19 07:00:00+02:00,16.864,6.3690495,16.56,67.0,0.0,24760.0,17.1538,48.69151
2026-07-19 08:00:00+02:00,16.214,11.435313,18.72,38.0,0.0,31980.0,12.396276,53.814186
2026-07-19 09:00:00+02:00,16.514,6.4799995,22.319998,86.0,0.0,33200.0,12.905135,48.62421
2026-07-19 10:00:00+02:00,17.364,1.9386592,10.799999,64.0,0.0,34420.0,10.240498,47.37208
2026-07-19 11:00:00+02:00,19.114,5.0911684,7.92,40.0,0.0,38780.0,9.394418,42.868042
2026-07-19 12:00:00+02:00,20.164,7.145796,16.199999,40.0,0.0,37280.0,14.309151,43.731094
2026-07-19 13:00:00+02:00,21.314001,5.04,14.759999,58.0,0.0,40000.0,13.120569,43.889385
2026-07-19 14:00:00+02:00,22.564001,5.6920996,17.64,38.0,0.0,41020.0,8.987734,43.889385
2026-07-19 15:00:00+02:00,22.914,8.891343,18.0,39.0,0.0,41340.0,9.113924,41.270023
2026-07-19 16:00:00+02:00,22.864,9.659814,22.319998,73.0,0.0,41040.0,11.319258,44.711197
2026-07-19 17:00:00+02:00,22.914,11.27553,24.119999,27.0,0.0,40720.0,10.802979,45.02033
2026-07-19 18:00:00+02:00,22.614,11.726277,22.68,22.0,0.0,41140.0,11.501252,41.045376
2026-07-19 19:00:00+02:00,22.214,11.269782,19.44,50.0,0.0,41440.0,11.715913,41.62787
2026-07-19 20:00:00+02:00,20.964,10.182337,21.599998,59.0,0.0,40820.0,10.569795,43.805916
2026-07-19 21:00:00+02:00,19.064001,8.28,18.72,41.0,0.0,39860.0,11.012396,41.877007
2026-07-19 22:00:00+02:00,17.964,9.255571,21.599998,74.0,0.0,40720.0,7.7334204,39.743526
2026-07-19 23:00:00+02:00,17.264,10.966713,24.84,73.0,0.0,40380.0,6.7744107,39.142838
2026-07-20 00:00:00+02:00,16.664,9.504273,24.119999,80.0,0.0,40080.0,5.709857,38.287045
2026-07-20 01:00:00+02:00,15.964001,9.585739,21.96,54.0,0.0,39840.0,5.195736,44.568798
2026-07-20 02:00:00+02:00,14.964001,8.707238,22.319998,32.0,0.0,39300.0,2.3236039,48.47741
2026-07-20 03:00:00+02:00,14.264,8.654986,22.319998,41.0,0.0,38080.0,2.278481,50.474697
2026-07-20 04:00:00+02:00,13.6640005,5.506941,18.0,46.0,0.0,35800.0,1.2889035,47.270313
2026-07-20 05:00:00+02:00,13.114,5.04,11.5199995,54.0,0.0,36540.0,4.511162,43.470432
2026-07-20 06:00:00+02:00,12.964001,3.671294,6.8399997,37.0,0.0,36780.0,7.1182017,42.370876
2026-07-20 07:00:00+02:00,13.064,5.771239,10.799999,21.0,0.0,36500.0,6.728273,39.724133
2026-07-20 08:00:00+02:00,14.364,7.771331,18.0,71.0,0.0,38380.0,4.2990294,38.60769
2026-07-20 09:00:00+02:00,15.464001,9.021574,18.0,52.0,0.0,38080.0,3.89347,38.186287
2026-07-20 10:00:00+02:00,16.964,10.630672,20.880001,43.0,0.0,39860.0,1.0189676,40.918465
2026-07-20 11:00:00+02:00,18.664,9.957108,24.119999,7.0,0.0,41120.0,1.2889035,42.49798
2026-07-20 12:00:00+02:00,20.164,8.4963045,20.16,0.0,0.0,41320.0,7.4739733,41.95972
2026-07-20 13:00:00+02:00,21.364,8.39657,18.359999,0.0,0.0,41580.0,7.418196,43.04741
2026-07-20 14:00:00+02:00,21.964,8.759178,21.96,0.0,0.0,41900.0,7.20519,43.060833
2026-07-20 15:00:00+02:00,22.614,9.0645685,18.72,0.0,0.0,42040.0,7.291139,43.581074
2026-07-20 16:00:00+02:00,23.114,7.968939,18.72,4.0,0.0,42440.0,7.34788,44.60768
2026-07-20 17:00:00+02:00,23.364,7.9526596,22.68,9.0,0.0,43340.0,7.4739733,51.11182
2026-07-20 18:00:00+02:00,23.214,9.3669195,19.08,0.0,0.0,44180.0,8.36547,51.07035
2026-07-20 19:00:00+02:00,22.514,8.699793,19.44,0.0,0.0,44400.0,8.561753,48.94011
2026-07-20 20:00:00+02:00,22.164,11.542478,22.319998,0.0,0.0,46660.0,10.411436,48.87709
2026-07-20 21:00:00+02:00,19.714,9.726665,21.599998,0.0,0.0,45060.0,14.309151,47.599243
2026-07-20 22:00:00+02:00,18.164,9.422101,23.039999,0.0,0.0,42260.0,10.628571,45.619633
2026-07-20 23:00:00+02:00,16.914,21.96,40.68,0.0,0.0,41160.0,6.9559,51.50228
2026-07-21 00:00:00+02:00,15.9140005,19.386591,38.88,0.0,0.0,40880.0,5.993747,49.507538
2026-07-21 01:00:00+02:00,15.264,16.645864,34.92,0.0,0.0,41040.0,3.2222586,50.122368
2026-07-21 02:00:00+02:00,14.064,12.313893,33.48,0.0,0.0,40660.0,1.8227848,51.352455
2026-07-21 03:00:00+02:00,13.4140005,12.57426,26.64,6.0,0.0,40480.0,2.278481,49.425762
2026-07-21 04:00:00+02:00,13.064,10.829958,26.64,15.0,0.0,40400.0,3.3175182,51.633022
2026-07-21 05:00:00+02:00,12.364,9.449572,23.039999,5.0,0.0,39480.0,4.323114,47.245853
2026-07-21 06:00:00+02:00,12.1640005,9.0,19.8,29.0,0.0,38640.0,5.195736,45.52664
2026-07-21 07:00:00+02:00,12.464001,7.0911775,18.72,24.0,0.0,38540.0,8.21518,43.664974
2026-07-21 08:00:00+02:00,13.214001,7.628263,17.28,0.0,0.0,39400.0,7.0743074,41.134445
2026-07-21 09:00:00+02:00,14.364,10.464797,21.599998,2.0,0.0,40060.0,2.9178793,37.246548
2026-07-21 10:00:00+02:00,15.964001,11.923557,21.599998,0.0,0.0,40540.0,4.6916795,36.704754
2026-07-21 11:00:00+02:00,17.614,11.212135,21.24,5.0,0.0,41140.0,7.7334204,32.919964
2026-07-21 12:00:00+02:00,19.214,12.538134,21.96,4.0,0.0,41660.0,10.638334,28.659466
2026-07-21 13:00:00+02:00,20.564001,13.044722,21.96,2.0,0.0,42100.0,14.503743,26.076353
2026-07-21 14:00:00+02:00,21.314001,14.186923,21.599998,0.0,0.0,42160.0,14.878324,26.33363
2026-07-21 15:00:00+02:00,22.164,13.089354,18.72,4.0,0.0,42600.0,13.525812,28.659466
2026-07-21 16:00:00+02:00,22.514,12.074766,17.28,18.0,0.0,42980.0,11.821781,29.23178
2026-07-21 17:00:00+02:00,22.414,8.766573,22.319998,12.0,0.0,43320.0,13.594724,25.455843
2026-07-21 18:00:00+02:00,22.314001,14.512064,20.519999,27.0,0.0,43680.0,13.708808,25.020798
2026-07-21 19:00:00+02:00,21.964,5.6920996,20.880001,22.0,0.0,44120.0,9.837129,18.877537
2026-07-21 20:00:00+02:00,21.164,6.162207,15.4800005,38.0,0.0,43480.0,8.21518,15.266946
2026-07-21 21:00:00+02:00,19.614,7.42159,16.199999,37.0,0.0,42080.0,10.638335,16.492132
2026-07-21 22:00:00+02:00,18.114,6.489992,18.72,37.0,0.0,41500.0,10.520563,20.632677
2026-07-21 23:00:00+02:00,17.214,7.289444,20.880001,42.0,0.0,40640.0,13.456546,23.789505
2026-07-22 00:00:00+02:00,16.214,10.390226,21.96,2.0,0.0,40500.0,18.250618,26.392084
2026-07-22 01:00:00+02:00,15.364,10.464797,23.4,3.0,0.0,40740.0,15.5538645,21.402544
2026-07-22 02:00:00+02:00,14.514,10.144082,23.039999,0.0,0.0,40200.0,13.223043,19.251387
2026-07-22 03:00:00+02:00,13.9140005,8.225035,21.599998,0.0,0.0,39560.0,11.401515,14.999642
2026-07-22 04:00:00+02:00,13.714001,6.297428,17.64,0.0,0.0,39380.0,7.543114,11.545494
2026-07-22 05:00:00+02:00,13.1640005,4.8965297,14.4,0.0,0.0,39140.0,9.482423,12.5680065
2026-07-22 06:00:00+02:00,13.114,2.2768397,9.36,0.0,0.0,39040.0,8.646228,15.861018
2026-07-22 07:00:00+02:00,13.4140005,3.6,7.5599995,0.0,0.0,38700.0,10.520563,15.025306
2026-07-22 08:00:00+02:00,14.814,3.319036,7.5599995,0.0,0.0,39240.0,11.087566,12.241913
2026-07-22 09:00:00+02:00,16.964,1.1384199,7.5599995,0.0,0.0,40200.0,10.569795,12.051613
2026-07-22 10:00:00+02:00,18.564001,5.315336,12.24,0.0,0.0,40900.0,10.638335,11.987508
2026-07-22 11:00:00+02:00,19.814001,6.439876,14.4,0.0,0.0,41200.0,8.765491,10.1040945
2026-07-22 12:00:00+02:00,21.314001,6.792466,11.159999,0.0,0.0,41840.0,6.835443,10.027549
2026-07-22 13:00:00+02:00,22.514,8.209263,9.36,0.0,0.0,42840.0,4.844117,9.227214
2026-07-22 14:00:00+02:00,23.264,7.5942073,15.84,0.0,0.0,43620.0,4.556962,12.241913
2026-07-22 15:00:00+02:00,23.964,5.495161,15.84,0.0,0.0,44540.0,5.562481,14.753624
2026-07-22 16:00:00+02:00,25.014,10.041354,16.919998,0.0,0.0,49480.0,10.638334,23.618853
2026-07-22 17:00:00+02:00,24.564001,7.289445,16.919998,2.0,0.0,44200.0,8.706063,22.482334
2026-07-22 18:00:00+02:00,24.464,9.220499,13.679999,0.0,0.0,46800.0,9.394418,28.578697
2026-07-22 19:00:00+02:00,23.914,14.904173,24.48,0.0,0.0,51640.0,17.725351,29.818954
2026-07-22 20:00:00+02:00,22.814001,12.10157,26.64,0.0,0.0,48760.0,16.22688,30.413792
2026-07-22 21:00:00+02:00,20.664,8.427383,22.319998,0.0,0.0,43160.0,17.507277,30.439116
2026-07-22 22:00:00+02:00,19.214,5.2416787,18.359999,0.0,0.0,42480.0,18.437403,29.896374
2026-07-22 23:00:00+02:00,18.314001,6.9899354,13.32,0.0,0.0,41900.0,12.51299,30.722569
2026-07-23 00:00:00+02:00,17.514,5.6920996,15.84,0.0,0.0,41420.0,7.4739733,29.702448
2026-07-23 01:00:00+02:00,17.464,4.6102495,12.24,22.0,0.0,41440.0,6.940957,33.59187
2026-07-23 02:00:00+02:00,17.114,4.452954,10.08,6.0,0.0,41180.0,5.094838,36.36733
2026-07-23 03:00:00+02:00,16.364,5.4833565,10.799999,0.0,0.0,40640.0,1.8227848,37.47341
2026-07-23 04:00:00+02:00,15.9140005,6.763786,15.119999,0.0,0.0,40280.0,6.572144,40.819485
2026-07-23 05:00:00+02:00,14.4140005,3.2599385,14.759999,0.0,0.0,39580.0,8.074956,36.934944
2026-07-23 06:00:00+02:00,13.714001,5.0911684,7.5599995,0.0,0.0,38220.0,7.7602262,34.946533
2026-07-23 07:00:00+02:00,13.6640005,4.1046314,10.08,0.0,0.0,37780.0,6.850616,35.38475
2026-07-23 08:00:00+02:00,14.6640005,3.7585104,10.440001,0.0,0.0,36400.0,5.012658,31.38628
2026-07-23 09:00:00+02:00,16.064,9.178235,17.28,0.0,0.0,37720.0,4.907998,29.999285
2026-07-23 10:00:00+02:00,17.864,6.9247384,17.28,0.0,0.0,39560.0,3.89347,27.758083
2026-07-23 11:00:00+02:00,19.164,5.8048253,16.56,3.0,0.0,40360.0,5.543783,26.40668
2026-07-23 12:00:00+02:00,20.364,8.311245,17.64,0.0,0.0,40860.0,6.572144,23.757093
2026-07-23 13:00:00+02:00,21.564001,7.342588,18.359999,3.0,0.0,41360.0,6.347113,19.987747
2026-07-23 14:00:00+02:00,22.364,8.28,19.44,2.0,0.0,41980.0,8.84802,19.430658
2026-07-23 15:00:00+02:00,23.414,10.630672,22.319998,0.0,0.0,43560.0,10.955679,20.055098
2026-07-23 16:00:00+02:00,23.664,13.246826,20.519999,0.0,0.0,44620.0,9.994198,19.832952
2026-07-23 17:00:00+02:00,23.614,14.186923,18.359999,0.0,0.0,45680.0,12.889034,20.41682
2026-07-23 18:00:00+02:00,23.364,12.496718,23.4,0.0,0.0,52440.0,14.878324,19.430658
2026-07-23 19:00:00+02:00,22.664,13.276144,23.4,0.0,0.0,49360.0,16.436678,17.903427
2026-07-23 20:00:00+02:00,22.114,11.720751,23.039999,0.0,0.0,49800.0,17.748766,16.398428
2026-07-23 21:00:00+02:00,20.314001,7.145796,20.16,0.0,0.0,48640.0,15.818631,15.266946
2026-07-23 22:00:00+02:00,18.614,7.342588,17.64,0.0,0.0,45940.0,13.152184,15.152965
2026-07-23 23:00:00+02:00,17.364,8.311245,20.16,0.0,0.0,43180.0,9.580463,18.042753
2026-07-24 00:00:00+02:00,16.014,11.043261,24.119999,0.0,0.0,42060.0,15.230073,25.987556
2026-07-24 01:00:00+02:00,15.514,10.514218,23.4,0.0,0.0,41320.0,13.678478,30.816475
2026-07-24 02:00:00+02:00,14.4140005,8.0899935,21.96,0.0,0.0,40520.0,8.36547,31.70989
2026-07-24 03:00:00+02:00,14.314,7.386582,16.919998,0.0,0.0,40840.0,6.198138,29.23178
2026-07-24 04:00:00+02:00,14.1640005,7.145796,16.56,0.0,0.0,40980.0,4.757608,30.413792
2026-07-24 05:00:00+02:00,13.614,4.6102495,15.119999,0.0,0.0,40920.0,4.2990294,28.612377
2026-07-24 06:00:00+02:00,13.1640005,4.6800003,10.440001,0.0,0.0,40540.0,7.7602262,25.455843
2026-07-24 07:00:00+02:00,13.514,5.815978,13.32,0.0,0.0,40420.0,9.045312,24.214851
2026-07-24 08:00:00+02:00,15.064,5.154415,13.32,0.0,0.0,40400.0,8.706063,21.759575
2026-07-24 09:00:00+02:00,17.114,5.634891,12.959999,0.0,0.0,41600.0,9.350104,19.251385
2026-07-24 10:00:00+02:00,18.764,8.161764,14.4,0.0,0.0,42020.0,6.572144,18.042755
2026-07-24 11:00:00+02:00,20.064001,6.618519,12.959999,0.0,0.0,41860.0,5.012658,12.4293
2026-07-24 12:00:00+02:00,21.714,7.5685663,9.72,0.0,0.0,43600.0,5.7641516,11.987508
2026-07-24 13:00:00+02:00,23.164,9.585739,12.599999,0.0,0.0,45340.0,7.0743074,11.939203
2026-07-24 14:00:00+02:00,24.264,9.220499,12.599999,0.0,0.0,46160.0,9.688234,9.037377
2026-07-24 15:00:00+02:00,25.064001,10.086427,12.599999,0.0,0.0,50260.0,9.666777,9.164372
2026-07-24 16:00:00+02:00,25.514,9.220499,12.24,0.0,0.0,51700.0,8.11344,11.939204
2026-07-24 17:00:00+02:00,25.914,7.653705,16.56,0.0,0.0,56140.0,7.0889688,15.566816
2026-07-24 18:00:00+02:00,25.864,5.3999996,16.199999,0.0,0.0,59460.0,4.844117,23.17426
2026-07-24 19:00:00+02:00,25.414,6.28713,12.24,0.0,0.0,58740.0,5.506198,28.719894
2026-07-24 20:00:00+02:00,23.964,5.0528407,12.959999,0.0,0.0,49400.0,1.2889035,28.719894
2026-07-24 21:00:00+02:00,21.964,4.0249224,9.36,0.0,0.0,46820.0,5.3142853,29.23178
2026-07-24 22:00:00+02:00,21.114,5.0528407,9.0,0.0,0.0,49880.0,4.556962,34.228092
2026-07-24 23:00:00+02:00,20.014,5.0911684,10.799999,0.0,0.0,47700.0,4.57969,32.990105
2026-07-25 00:00:00+02:00,19.214,5.495161,11.159999,0.0,0.0,46260.0,7.958391,31.661255
2026-07-25 01:00:00+02:00,18.564001,6.193674,11.879999,0.0,0.0,44540.0,10.599223,28.659466
2026-07-25 02:00:00+02:00,17.714,6.28713,12.959999,0.0,0.0,43140.0,17.952349,29.337025
2026-07-25 03:00:00+02:00,17.964,5.4833565,12.599999,0.0,0.0,42320.0,24.539991,28.880415
2026-07-25 04:00:00+02:00,17.814001,5.0142193,11.159999,0.0,0.0,42540.0,31.574846,28.719894
2026-07-25 05:00:00+02:00,16.214,6.3690495,10.440001,0.0,0.0,41000.0,35.31278,30.439116
2026-07-25 06:00:00+02:00,15.964001,5.6233797,15.4800005,0.0,0.0,41240.0,42.445843,32.281826
2026-07-25 07:00:00+02:00,17.214,4.6102495,15.84,0.0,0.0,42320.0,43.566082,30.413792
2026-07-25 08:00:00+02:00,18.564001,6.638072,16.56,0.0,0.0,43100.0,39.128887,39.3049
2026-07-25 09:00:00+02:00,21.414,8.557102,20.519999,0.0,0.0,44160.0,36.730923,43.687023
2026-07-25 10:00:00+02:00,23.414,9.422101,24.119999,0.0,0.0,44980.0,29.843752,50.041595
2026-07-25 11:00:00+02:00,24.264,12.661564,21.96,0.0,0.0,48140.0,36.025948,47.95003
2026-07-25 12:00:00+02:00,25.464,10.739833,25.919998,22.0,0.0,45380.0,35.617252,43.687023
2026-07-25 13:00:00+02:00,27.464,7.968939,20.16,0.0,0.0,46460.0,30.120792,38.02959
2026-07-25 14:00:00+02:00,28.214,10.464798,27.0,0.0,0.0,46160.0,15.73307,36.372623
2026-07-25 15:00:00+02:00,28.614,19.48661,38.16,0.0,0.0,51340.0,25.862514,34.18304
2026-07-25 16:00:00+02:00,28.314001,18.709612,39.239998,0.0,0.0,45360.0,25.974684,33.917152
2026-07-25 17:00:00+02:00,27.964,15.683776,41.399998,0.0,0.0,46520.0,21.878162,35.28663
2026-07-25 18:00:00+02:00,27.164,13.75558,28.08,0.0,0.0,44800.0,18.465538,33.866
2026-07-25 19:00:00+02:00,26.314001,12.287555,24.84,0.0,0.0,45100.0,18.239237,35.38475
2026-07-25 20:00:00+02:00,25.014,8.4042845,21.24,0.0,0.0,44660.0,20.782944,42.714993
2026-07-25 21:00:00+02:00,23.414,5.6920996,19.8,10.0,0.0,42560.0,20.179676,33.568924
2026-07-25 22:00:00+02:00,22.764,4.6938257,14.04,0.0,0.0,41900.0,24.813482,23.323399
2026-07-25 23:00:00+02:00,21.914,5.1165614,15.4800005,0.0,0.0,41420.0,34.931423,15.702343
2026-07-26 00:00:00+02:00,21.364,7.928177,18.72,0.0,0.0,40900.0,34.225784,12.051613
2026-07-26 01:00:00+02:00,20.814001,11.384199,28.08,0.0,0.0,40720.0,36.824085,9.655664
2026-07-26 02:00:00+02:00,20.414,14.689588,27.0,37.0,0.0,39980.0,28.267859,5.7224755
2026-07-26 03:00:00+02:00,18.264,3.096837,31.68,14.0,3.5,21120.0,33.068604,5.2667265
2026-07-26 04:00:00+02:00,18.464,9.178235,19.44,42.0,0.2,33300.0,34.180252,6.329817
2026-07-26 05:00:00+02:00,16.964,10.739832,27.72,52.0,1.3,21700.0,30.535046,8.821657
2026-07-26 06:00:00+02:00,16.864,11.183201,27.359999,33.0,0.2,24040.0,32.96483,8.442291
2026-07-26 07:00:00+02:00,17.264,13.1041975,26.64,19.0,0.0,27820.0,30.80587,15.517241
2026-07-26 08:00:00+02:00,17.564001,14.408997,27.72,47.0,0.0,30740.0,26.901518,15.95788
2026-07-26 09:00:00+02:00,17.614,17.533146,33.48,39.0,0.0,31700.0,24.624466,15.824542
2026-07-26 10:00:00+02:00,18.414,16.394829,32.399998,53.0,0.0,34680.0,26.622175,12.659634
2026-07-26 11:00:00+02:00,18.514,17.298738,40.32,35.0,0.0,34280.0,26.434307,10.606349
2026-07-26 12:00:00+02:00,18.664,16.981165,34.92,36.0,0.0,33840.0,28.385155,17.423588
2026-07-26 13:00:00+02:00,20.864,19.161337,37.8,62.0,0.0,37760.0,30.947105,19.251385
2026-07-26 14:00:00+02:00,21.364,18.792551,40.32,50.0,0.0,39540.0,31.732294,23.099329
2026-07-26 15:00:00+02:00,22.564001,20.140705,40.68,59.0,0.0,40380.0,32.81329,25.71933
2026-07-26 16:00:00+02:00,23.564001,21.261345,41.760002,77.0,0.0,41140.0,33.03719,29.82541
2026-07-26 17:00:00+02:00,23.564001,18.043148,43.199997,29.0,0.0,40860.0,29.620253,32.902405
2026-07-26 18:00:00+02:00,23.664,19.469975,39.239998,53.0,0.0,40860.0,36.620514,36.762436
2026-07-26 19:00:00+02:00,22.514,21.178896,41.760002,24.0,0.0,40220.0,49.453007,36.877533
2026-07-26 20:00:00+02:00,22.564001,18.919704,39.239998,8.0,0.0,41120.0,38.806484,41.04068
2026-07-26 21:00:00+02:00,21.514,15.986593,36.0,0.0,0.0,40780.0,42.22266,37.287903
2026-07-26 22:00:00+02:00,20.464,12.413477,29.519999,0.0,0.0,40440.0,52.996117,40.649246
2026-07-26 23:00:00+02:00,20.414,13.779114,28.08,54.0,0.0,39960.0,53.876316,41.0829
2026-07-27 00:00:00+02:00,19.864,13.5515,27.0,38.0,0.0,39460.0,47.882805,47.857544
2026-07-27 01:00:00+02:00,19.114,14.205182,29.16,27.0,0.0,38160.0,49.704315,44.260868
2026-07-27 02:00:00+02:00,20.214,15.937878,32.399998,0.0,0.0,40100.0,44.938667,43.452705
2026-07-27 03:00:00+02:00,19.564001,15.256526,29.519999,17.0,0.0,40700.0,48.064606,45.041714
2026-07-27 04:00:00+02:00,18.764,14.345898,30.239998,39.0,0.0,40080.0,45.562782,54.708782
2026-07-27 05:00:00+02:00,19.314001,14.003029,28.44,28.0,0.0,40360.0,47.455894,54.060608
2026-07-27 06:00:00+02:00,18.914,14.986553,28.8,9.0,0.0,40360.0,46.56359,47.93798
2026-07-27 07:00:00+02:00,18.664,15.596767,30.239998,43.0,0.0,38940.0,49.603947,50.291183
2026-07-27 08:00:00+02:00,19.014,17.418196,34.92,19.0,0.0,39100.0,42.499622,41.62787
2026-07-27 09:00:00+02:00,20.014,19.48661,36.0,51.0,0.0,38540.0,44.597733,41.752625
2026-07-27 10:00:00+02:00,21.014,24.490587,46.44,49.0,0.0,39600.0,42.01311,42.211456
2026-07-27 11:00:00+02:00,21.614,23.40277,47.88,46.0,0.0,40620.0,35.617256,28.612377
2026-07-27 12:00:00+02:00,22.214,21.862406,45.719997,46.0,0.0,40300.0,32.559166,26.71851
2026-07-27 13:00:00+02:00,22.864,17.873556,39.96,38.0,0.0,40460.0,38.497562,28.659466
2026-07-27 14:00:00+02:00,24.264,14.05845,43.199997,44.0,0.0,41320.0,26.493158,32.949207
2026-07-27 15:00:00+02:00,24.564001,14.241629,45.719997,0.0,0.0,42060.0,31.446339,21.230852
2026-07-27 16:00:00+02:00,25.414,15.273505,40.68,0.0,0.0,42460.0,19.594936,27.549112
2026-07-27 17:00:00+02:00,24.864,14.84318,39.96,6.0,0.0,42060.0,24.306171,23.95894
2026-07-27 18:00:00+02:00,25.214,15.484185,32.399998,0.0,0.0,43040.0,24.759027,25.92819
2026-07-27 19:00:00+02:00,25.014,11.681987,28.44,0.0,0.0,43240.0,21.222921,24.389233
2026-07-27 20:00:00+02:00,23.714,12.181625,24.48,0.0,0.0,42800.0,13.495072,29.954306
2026-07-27 21:00:00+02:00,22.314001,5.4477882,20.880001,2.0,0.0,42060.0,13.701232,27.317396
2026-07-27 22:00:00+02:00,20.914,4.73506,16.56,0.0,0.0,41820.0,8.95301,28.048029
2026-07-27 23:00:00+02:00,20.314001,5.0911684,12.24,42.0,0.0,41560.0,6.970812,26.566677
2026-07-28 00:00:00+02:00,19.714,4.0249224,12.959999,9.0,0.0,41320.0,4.201311,28.578697
2026-07-28 01:00:00+02:00,18.864,5.6920996,13.679999,0.0,0.0,41180.0,3.286072,23.422297
2026-07-28 02:00:00+02:00,17.514,5.4833565,14.759999,0.0,0.0,40320.0,2.278481,21.357496
2026-07-28 03:00:00+02:00,17.064001,5.6233797,13.679999,0.0,0.0,39880.0,2.3236039,21.230852
2026-07-28 04:00:00+02:00,16.764,5.904439,14.759999,0.0,0.0,39700.0,3.67394,19.755098
2026-07-28 05:00:00+02:00,15.814,5.00128,15.119999,0.0,0.0,39080.0,5.8357587,22.422277
2026-07-28 06:00:00+02:00,15.4140005,4.510787,10.799999,0.0,0.0,38480.0,7.20519,18.877537
2026-07-28 07:00:00+02:00,15.364,4.3498964,9.72,0.0,0.0,37860.0,7.418196,15.800178
2026-07-28 08:00:00+02:00,16.564001,2.9024127,10.08,0.0,0.0,37440.0,8.151741,13.326771
2026-07-28 09:00:00+02:00,18.964,3.563818,10.08,0.0,0.0,39520.0,6.728273,12.568007
2026-07-28 10:00:00+02:00,20.964,4.1046314,10.799999,0.0,0.0,40540.0,7.0743074,12.194616
2026-07-28 11:00:00+02:00,22.664,6.379216,16.199999,0.0,0.0,41120.0,6.835443,15.012479
2026-07-28 12:00:00+02:00,24.014,7.10031,15.84,0.0,0.0,41000.0,5.195736,16.433628
2026-07-28 13:00:00+02:00,25.814001,8.766573,11.879999,0.0,0.0,42380.0,6.3960004,15.012479
2026-07-28 14:00:00+02:00,26.964,9.585739,14.04,0.0,0.0,42380.0,8.151741,14.289349
2026-07-28 15:00:00+02:00,28.064001,8.714677,12.599999,0.0,0.0,43500.0,7.840093,15.012479
2026-07-28 16:00:00+02:00,28.914,7.9932966,18.359999,0.0,0.0,44340.0,7.7602262,14.999642
2026-07-28 17:00:00+02:00,29.064001,6.489992,18.359999,0.0,0.0,45280.0,3.89347,16.245003
2026-07-28 18:00:00+02:00,28.864,7.4128532,16.56,0.0,0.0,45360.0,3.0569031,18.91831
2026-07-28 19:00:00+02:00,28.464,7.9036193,16.199999,0.0,0.0,46580.0,1.643036,23.298607
2026-07-28 20:00:00+02:00,27.464,6.130579,16.199999,0.0,0.0,44860.0,6.47666,27.26799
2026-07-28 21:00:00+02:00,25.714,4.39436,12.24,0.0,0.0,43540.0,5.941551,27.338541
2026-07-28 22:00:00+02:00,24.864,3.6,9.0,0.0,0.0,44340.0,6.835443,26.194277
2026-07-28 23:00:00+02:00,24.114,4.5536795,9.72,0.0,0.0,44140.0,13.285712,29.670004
2026-07-29 00:00:00+02:00,22.914,6.763786,15.4800005,0.0,0.0,42500.0,14.47508,31.410818
2026-07-29 01:00:00+02:00,22.714,5.0911684,15.4800005,0.0,0.0,41620.0,15.713261,36.515335
2026-07-29 02:00:00+02:00,21.764,5.154415,12.24,0.0,0.0,40760.0,15.57388,35.270245
2026-07-29 03:00:00+02:00,22.164,3.671294,11.159999,0.0,0.0,40520.0,19.769024,37.47341
2026-07-29 04:00:00+02:00,22.064001,4.452954,10.08,0.0,0.0,40560.0,23.360819,40.838356
2026-07-29 05:00:00+02:00,21.314001,5.3517847,10.799999,0.0,0.0,40620.0,33.576492,37.760178
2026-07-29 06:00:00+02:00,20.964,3.8939953,12.24,0.0,0.0,40880.0,32.622883,36.64172
2026-07-29 07:00:00+02:00,21.564001,3.319036,9.36,0.0,0.0,41340.0,31.849869,35.817608
2026-07-29 08:00:00+02:00,22.164,5.1165614,9.72,0.0,0.0,40280.0,33.03719,37.20515
2026-07-29 09:00:00+02:00,24.914,4.829907,13.32,0.0,0.0,40920.0,33.83218,34.725353
2026-07-29 10:00:00+02:00,26.714,6.638072,14.759999,0.0,0.0,41440.0,37.7018,30.337694
2026-07-29 11:00:00+02:00,28.464,7.24486,14.04,0.0,0.0,42200.0,40.351635,29.611515
2026-07-29 12:00:00+02:00,29.764,11.966953,24.119999,0.0,0.0,41980.0,36.981644,33.228638
2026-07-29 13:00:00+02:00,31.664,19.852295,37.44,0.0,0.0,45220.0,27.189447,35.806854
2026-07-29 14:00:00+02:00,32.463997,19.829433,42.48,0.0,0.0,46820.0,25.922665,39.35877
2026-07-29 15:00:00+02:00,33.314,19.45333,38.88,0.0,0.0,49040.0,27.024742,39.083736
2026-07-29 16:00:00+02:00,33.864,20.163212,38.88,0.0,0.0,50680.0,29.164557,32.943363
2026-07-29 17:00:00+02:00,33.663998,20.12461,44.639996,0.0,0.0,53540.0,31.771534,35.860607
2026-07-29 18:00:00+02:00,33.364,18.806337,41.760002,0.0,0.0,52200.0,29.168118,40.01884
2026-07-29 19:00:00+02:00,32.514,18.129137,35.28,0.0,0.0,50960.0,30.535046,34.78632
2026-07-29 20:00:00+02:00,31.014,10.464798,33.839996,0.0,0.0,50160.0,28.311903,19.400894
2026-07-29 21:00:00+02:00,28.314001,5.3517847,18.359999,0.0,0.0,45980.0,25.067432,22.82248
2026-07-29 22:00:00+02:00,26.614,3.319036,13.32,0.0,0.0,46300.0,24.876173,23.635157
2026-07-29 23:00:00+02:00,25.364,4.1046314,7.92,0.0,0.0,43100.0,16.149912,26.105885
2026-07-30 00:00:00+02:00,24.714,5.1165614,11.159999,0.0,0.0,44120.0,12.889034,23.88647
2026-07-30 01:00:00+02:00,24.264,6.4096174,14.759999,0.0,0.0,47860.0,8.36547,23.04088
2026-07-30 02:00:00+02:00,23.414,5.4833565,16.56,0.0,0.0,46620.0,9.580464,24.827585
2026-07-30 03:00:00+02:00,22.614,4.6938257,10.799999,0.0,0.0,44300.0,7.1182017,26.515873
2026-07-30 04:00:00+02:00,22.364,4.6938252,10.08,0.0,0.0,44160.0,10.638334,26.105885
2026-07-30 05:00:00+02:00,21.214,4.3349743,8.28,0.0,0.0,43220.0,10.331347,26.392084
2026-07-30 06:00:00+02:00,20.864,4.6938257,9.0,0.0,0.0,42960.0,9.994197,23.635157
2026-07-30 07:00:00+02:00,21.464,4.3349743,8.28,0.0,0.0,43180.0,8.976174,29.356714
2026-07-30 08:00:00+02:00,22.414,5.5887027,8.28,0.0,0.0,43060.0,8.598059,26.660769
2026-07-30 09:00:00+02:00,25.514,5.4477882,13.679999,0.0,0.0,44220.0,8.36547,23.98305
2026-07-30 10:00:00+02:00,27.914,5.4119864,14.759999,0.0,0.0,45320.0,8.21518,18.170418
2026-07-30 11:00:00+02:00,29.714,4.1046314,14.4,0.0,0.0,46320.0,7.958392,13.0492525
2026-07-30 12:00:00+02:00,31.814001,2.2768397,10.08,0.0,0.0,51920.0,8.84802,8.1638975
2026-07-30 13:00:00+02:00,33.614,2.3051248,7.92,0.0,0.0,57120.0,2.6571426,7.022301
2026-07-30 14:00:00+02:00,33.864,2.968636,10.799999,0.0,0.0,54180.0,2.3236039,5.1183376
2026-07-30 15:00:00+02:00,34.764,2.8799999,8.64,0.0,0.0,56420.0,2.453999,11.939204
2026-07-30 16:00:00+02:00,35.264,8.161764,15.119999,0.0,0.0,60040.0,8.706063,19.120867
2026-07-30 17:00:00+02:00,33.314,26.518099,66.6,0.0,0.0,48240.0,46.483246,10.00832
2026-07-30 18:00:00+02:00,28.264,24.826954,74.88,0.0,0.0,43360.0,40.395355,14.181093
2026-07-30 19:00:00+02:00,27.764,9.531505,39.6,0.0,0.0,42600.0,26.9786,31.189268
2026-07-30 20:00:00+02:00,27.364,3.7064266,14.759999,0.0,0.0,41640.0,18.766718,28.880415
2026-07-30 21:00:00+02:00,24.914,8.4042845,19.08,0.0,0.0,41880.0,13.949067,36.919292
2026-07-30 22:00:00+02:00,24.314001,9.904906,22.319998,0.0,0.0,41920.0,13.548821,28.178215
2026-07-30 23:00:00+02:00,23.864,3.6,22.68,0.0,0.0,41980.0,14.075039,23.975016
2026-07-31 00:00:00+02:00,23.564001,2.7416782,7.5599995,0.0,0.0,41700.0,15.044876,32.495934
2026-07-31 01:00:00+02:00,23.014,4.452954,7.5599995,0.0,0.0,41200.0,15.4936695,33.769165
2026-07-31 02:00:00+02:00,22.364,4.072935,7.5599995,0.0,0.0,40820.0,17.352394,37.499107
2026-07-31 03:00:00+02:00,22.264,4.510787,8.28,0.0,0.0,40680.0,15.8972025,38.607693
2026-07-31 04:00:00+02:00,22.114,3.4152596,9.0,0.0,0.0,40640.0,19.225843,39.422344
2026-07-31 05:00:00+02:00,21.264,3.6,7.5599995,0.0,0.0,40660.0,26.114214,47.901802
2026-07-31 06:00:00+02:00,20.764,3.563818,8.64,0.0,0.0,40360.0,29.168114,49.16003
2026-07-31 07:00:00+02:00,21.564001,2.7416782,6.8399997,0.0,0.0,41260.0,26.260914,53.455036
2026-07-31 08:00:00+02:00,21.564001,3.7064266,5.3999996,0.0,0.0,39240.0,20.802917,44.69827
2026-07-31 09:00:00+02:00,24.014,3.8773184,15.119999,0.0,0.0,40580.0,27.53099,45.989704
2026-07-31 10:00:00+02:00,26.714,4.32,10.799999,0.0,0.0,41640.0,26.512747,39.709587
2026-07-31 11:00:00+02:00,28.514,7.928178,15.84,0.0,0.0,43620.0,30.555439,41.11571
2026-07-31 12:00:00+02:00,29.264,13.363711,25.919998,0.0,0.0,42980.0,43.794277,43.047413
2026-07-31 13:00:00+02:00,30.014,25.772078,48.6,0.0,0.0,44120.0,47.70684,43.346184
2026-07-31 14:00:00+02:00,31.814001,26.576681,65.159996,0.0,0.2,46580.0,40.227932,47.18874
2026-07-31 15:00:00+02:00,31.764,24.144165,58.32,0.0,0.0,51760.0,37.367085,33.917152
2026-07-31 16:00:00+02:00,30.464,11.966953,48.96,0.0,0.0,47000.0,26.547968,39.476055
2026-07-31 17:00:00+02:00,30.564001,3.7064266,24.119999,5.0,0.0,45620.0,10.725815,46.369293
2026-07-31 18:00:00+02:00,30.664,9.449572,13.679999,0.0,0.0,44460.0,6.1138062,38.502773
2026-07-31 19:00:00+02:00,29.864,6.849467,15.4800005,0.0,0.0,44700.0,7.20519,42.225143
2026-07-31 20:00:00+02:00,28.214,7.172949,12.24,0.0,0.0,42700.0,11.012396,48.46946
2026-07-31 21:00:00+02:00,26.114,3.6179552,15.4800005,0.0,0.0,41620.0,21.538576,35.919647
2026-07-31 22:00:00+02:00,25.714,1.0182338,7.5599995,7.0,0.0,41680.0,18.027378,32.06629
2026-07-31 23:00:00+02:00,24.664,6.193674,17.28,0.0,0.0,41640.0,8.765491,37.61707
2026-08-01 00:00:00+02:00,24.214,5.937272,16.56,45.0,0.0,41800.0,5.993747,43.470436
2026-08-01 01:00:00+02:00,23.114,2.4149535,19.44,82.0,0.0,40840.0,17.370333,31.612547
2026-08-01 02:00:00+02:00,20.864,11.246759,19.8,89.0,0.2,33400.0,15.473553,49.43745
2026-08-01 03:00:00+02:00,19.264,7.9932976,32.039997,46.0,0.1,15060.0,18.369701,56.954826
2026-08-01 04:00:00+02:00,18.814001,2.4149535,14.4,10.0,0.0,12080.0,16.027294,57.910706
2026-08-01 05:00:00+02:00,18.214,4.0249224,14.759999,39.0,0.0,9280.0,14.532351,55.948208
2026-08-01 06:00:00+02:00,17.714,3.6,6.8399997,41.0,0.0,12200.0,20.480995,56.013584
2026-08-01 07:00:00+02:00,17.914,2.4149535,6.12,47.0,0.0,13500.0,21.006556,49.65905
2026-08-01 08:00:00+02:00,19.264,0.35999998,4.32,47.0,0.0,15300.0,21.725767,48.90467
2026-08-01 09:00:00+02:00,20.514,4.198285,9.72,63.0,0.0,26600.0,20.050632,47.95003
2026-08-01 10:00:00+02:00,21.964,5.00128,12.24,40.0,0.0,36480.0,15.949368,46.2195
2026-08-01 11:00:00+02:00,22.364,4.73506,11.879999,47.0,0.0,37560.0,12.303797,45.52664
2026-08-01 12:00:00+02:00,24.514,5.634891,13.32,80.0,0.0,39680.0,14.243696,46.369293
2026-08-01 13:00:00+02:00,25.364,9.605998,20.519999,66.0,0.0,39840.0,10.118097,45.989704
2026-08-01 14:00:00+02:00,27.264,9.793058,20.16,50.0,0.0,40980.0,11.830561,46.68395
2026-08-01 15:00:00+02:00,28.064001,13.979872,28.08,44.0,0.0,40860.0,15.916784,42.579487
2026-08-01 16:00:00+02:00,27.614,14.003029,28.44,65.0,0.0,41020.0,13.144288,38.226624
2026-08-01 17:00:00+02:00,28.214,12.72283,27.72,34.0,0.0,41520.0,16.162767,41.11571
2026-08-01 18:00:00+02:00,27.464,13.708391,30.239998,42.0,0.0,41560.0,14.301892,36.9558
2026-08-01 19:00:00+02:00,27.114,10.30883,23.4,70.0,0.0,41760.0,11.883102,35.812233
2026-08-01 20:00:00+02:00,22.164,14.081477,16.199999,56.0,0.0,34720.0,16.91609,43.805916
2026-08-01 21:00:00+02:00,20.914,9.220499,30.599998,18.0,0.0,37400.0,15.8972025,33.905792
2026-08-01 22:00:00+02:00,20.564001,8.287822,15.84,46.0,0.0,36260.0,17.507277,34.00224
2026-08-01 23:00:00+02:00,19.714,6.162207,16.199999,40.0,0.0,34240.0,15.5538645,29.67
2026-08-02 00:00:00+02:00,19.714,6.87779,15.4800005,25.0,0.0,35760.0,17.340422,24.341797
2026-08-02 01:00:00+02:00,19.614,7.4128532,16.56,0.0,0.0,34180.0,16.712313,26.660769
2026-08-02 02:00:00+02:00,19.214,6.792466,15.84,0.0,0.0,28180.0,14.272824,29.857687
2026-08-02 03:00:00+02:00,18.514,5.692099,16.199999,0.0,0.0,24800.0,9.580463,26.9768
2026-08-02 04:00:00+02:00,17.614,5.495161,11.5199995,0.0,0.0,14180.0,6.728273,26.370178
2026-08-02 05:00:00+02:00,16.764,3.5455887,10.799999,0.0,0.0,15020.0,4.556962,28.102919
2026-08-02 06:00:00+02:00,16.414,3.7585104,7.92,0.0,0.0,12860.0,3.9200466,27.04099
2026-08-02 07:00:00+02:00,16.814001,5.1544156,9.0,73.0,0.0,540.0,2.9178793,26.948225
2026-08-02 08:00:00+02:00,18.764,6.489992,12.24,88.0,0.0,12740.0,6.1138062,25.868687
2026-08-02 09:00:00+02:00,20.264,5.634891,12.24,78.0,0.0,24740.0,5.487309,26.340944
2026-08-02 10:00:00+02:00,21.614,7.10031,15.119999,74.0,0.0,30540.0,6.835443,27.225573
2026-08-02 11:00:00+02:00,22.064001,4.3349743,17.64,67.0,0.0,30020.0,3.3175182,29.409164
2026-08-02 12:00:00+02:00,24.314001,6.4096174,14.759999,38.0,0.0,37240.0,5.487309,31.70989
2026-08-02 13:00:00+02:00,26.114,7.24486,16.56,29.0,0.0,39080.0,5.8357587,32.400948
2026-08-02 14:00:00+02:00,27.164,6.792466,19.08,0.0,0.0,40340.0,2.9178793,35.38475
2026-08-02 15:00:00+02:00,28.514,8.225035,18.0,0.0,0.0,40880.0,1.4410379,36.872307
2026-08-02 16:00:00+02:00,29.114,9.659814,20.16,0.0,0.0,41100.0,2.6571426,37.882412
2026-08-02 17:00:00+02:00,29.264,9.565437,21.96,0.0,0.0,41860.0,4.2990294,31.410818
2026-08-02 18:00:00+02:00,29.314001,8.473393,19.44,0.0,0.0,43080.0,3.757767,31.5149
2026-08-02 19:00:00+02:00,28.814001,9.746631,18.72,0.0,0.0,42800.0,4.844117,37.897663
2026-08-02 20:00:00+02:00,27.614,7.289444,19.08,0.0,0.0,41600.0,12.337506,38.427654
2026-08-02 21:00:00+02:00,25.314001,5.8048253,15.119999,0.0,0.0,40200.0,9.227144,39.69503
2026-08-02 22:00:00+02:00,23.864,9.504273,20.880001,0.0,0.0,41360.0,13.525812,38.387535
2026-08-02 23:00:00+02:00,23.364,10.630672,26.64,0.0,0.0,40420.0,12.710575,31.91576
2026-08-03 00:00:00+02:00,23.064001,9.686609,25.56,0.0,0.0,41200.0,12.897088,26.098505
2026-08-03 01:00:00+02:00,22.914,8.669949,19.44,0.0,0.0,41180.0,8.987734,22.653046
2026-08-03 02:00:00+02:00,22.314001,6.638072,15.84,0.0,0.0,40080.0,9.688234,26.428555
2026-08-03 03:00:00+02:00,21.414,5.3999996,14.4,0.0,0.0,38580.0,14.927093,21.590723
2026-08-03 04:00:00+02:00,22.164,3.219938,10.08,0.0,0.0,40580.0,19.376469,19.62793
2026-08-03 05:00:00+02:00,22.614,5.6233797,9.36,0.0,0.0,40300.0,18.504856,18.948832
2026-08-03 06:00:00+02:00,21.364,3.8773184,10.08,0.0,0.0,38540.0,17.731209,20.818563
2026-08-03 07:00:00+02:00,22.264,3.096837,5.7599998,0.0,0.0,39580.0,18.301748,22.4909
2026-08-03 08:00:00+02:00,23.264,3.7064266,6.4799995,0.0,0.0,40520.0,16.712313,23.099327
2026-08-03 09:00:00+02:00,25.814001,4.3349743,11.159999,0.0,0.0,41700.0,13.152184,24.103226
2026-08-03 10:00:00+02:00,28.014,5.506941,11.5199995,0.0,0.0,43760.0,9.7416725,24.827585
2026-08-03 11:00:00+02:00,29.364,8.350138,18.359999,0.0,0.0,43840.0,8.377872,24.718725
2026-08-03 12:00:00+02:00,31.064001,2.2768397,14.4,0.0,0.0,43200.0,1.4410379,25.113012
2026-08-03 13:00:00+02:00,32.564,4.6800003,12.24,0.0,0.0,44140.0,1.9333551,25.020798
2026-08-03 14:00:00+02:00,33.463997,3.319036,14.4,0.0,0.0,45100.0,1.8788835,26.696869
2026-08-03 15:00:00+02:00,34.114,4.3349743,11.159999,0.0,0.0,46100.0,3.9200466,24.483826
2026-08-03 16:00:00+02:00,33.913998,10.691453,12.599999,0.0,0.0,45920.0,5.333787,21.617472
2026-08-03 17:00:00+02:00,33.364,5.2416787,12.599999,0.0,0.0,44340.0,4.57969,13.093462
2026-08-03 18:00:00+02:00,33.064,5.771239,10.440001,0.0,0.0,45520.0,4.1265044,13.268828
2026-08-03 19:00:00+02:00,31.964,7.24486,13.679999,0.0,0.0,43800.0,8.765491,14.044602
2026-08-03 20:00:00+02:00,27.964,11.212135,23.4,0.0,0.0,42700.0,14.843389,9.6356945
2026-08-03 21:00:00+02:00,27.314001,7.968939,23.039999,0.0,0.0,42340.0,12.95332,11.189642
2026-08-03 22:00:00+02:00,25.714,8.557102,21.96,0.0,0.0,41620.0,12.792001,10.569963
2026-08-03 23:00:00+02:00,23.714,9.673221,23.759998,0.0,0.0,40040.0,21.66355,18.672342
2026-08-04 00:00:00+02:00,22.914,17.76081,34.92,0.0,0.0,39340.0,34.7586,18.096056
2026-08-04 01:00:00+02:00,23.064001,8.942214,34.56,0.0,0.0,39420.0,36.23286,20.818563
2026-08-04 02:00:00+02:00,23.364,7.628263,23.4,0.0,0.0,40600.0,17.530981,25.987556
2026-08-04 03:00:00+02:00,22.714,4.1046314,18.0,0.0,0.0,39460.0,8.598059,14.044602
2026-08-04 04:00:00+02:00,22.014,7.10031,13.679999,0.0,0.0,37980.0,4.844117,11.776757
2026-08-04 05:00:00+02:00,20.764,5.04,23.039999,0.0,0.0,37560.0,7.0743074,14.948187
2026-08-04 06:00:00+02:00,20.014,4.379589,13.32,0.0,0.0,33500.0,2.577807,13.612786
2026-08-04 07:00:00+02:00,21.214,3.8773184,11.879999,0.0,0.0,38820.0,5.195736,9.227215
2026-08-04 08:00:00+02:00,21.864,4.3498964,10.08,0.0,0.0,37440.0,6.6350365,15.355014
2026-08-04 09:00:00+02:00,23.864,6.489992,15.119999,47.0,0.1,39960.0,4.6472077,18.096056
2026-08-04 10:00:00+02:00,25.864,4.0249224,14.04,0.0,0.0,40920.0,7.958392,20.632677
2026-08-04 11:00:00+02:00,28.264,2.8799999,9.72,0.0,0.0,41520.0,8.402622,19.440569
2026-08-04 12:00:00+02:00,30.114,4.5536795,11.879999,0.0,0.0,42180.0,4.323114,18.26558
2026-08-04 13:00:00+02:00,31.214,7.2,16.56,0.0,0.0,43060.0,2.3236039,22.041039
2026-08-04 14:00:00+02:00,32.114,4.8965297,15.119999,0.0,0.0,42880.0,3.4704785,21.139927
2026-08-04 15:00:00+02:00,33.014,5.95906,13.679999,0.0,0.0,43140.0,4.6472077,20.265303
2026-08-04 16:00:00+02:00,33.364,11.966953,15.84,0.0,0.0,44740.0,8.315675,17.245792
2026-08-04 17:00:00+02:00,32.314,14.4,18.72,0.0,0.0,43960.0,13.152184,5.7224755
2026-08-04 18:00:00+02:00,25.764,29.024128,47.88,0.0,0.0,38480.0,8.377872,15.355014
2026-08-04 19:00:00+02:00,23.114,16.039202,51.839996,0.0,0.0,33840.0,7.958392,20.189116
2026-08-04 20:00:00+02:00,23.064001,11.440979,41.399998,24.0,0.0,39580.0,7.3619976,23.190878
2026-08-04 21:00:00+02:00,21.014,21.288757,36.719997,46.0,0.0,30000.0,6.0797453,19.871763
2026-08-04 22:00:00+02:00,20.264,18.0,36.36,0.0,0.0,23900.0,14.155951,18.631031
2026-08-04 23:00:00+02:00,20.014,22.065973,41.399998,0.0,0.0,31760.0,33.340645,7.0769506
2026-08-05 00:00:00+02:00,19.564001,21.129883,46.8,0.0,0.0,29540.0,35.547222,11.711148
2026-08-05 01:00:00+02:00,19.164,22.505037,42.12,0.0,0.0,23240.0,32.901768,15.025306
2026-08-05 02:00:00+02:00,19.564001,13.75558,45.36,0.0,0.0,32780.0,31.260893,18.948832
2026-08-05 03:00:00+02:00,19.264,8.4042845,28.44,0.0,0.0,31640.0,18.392296,32.114315
2026-08-05 04:00:00+02:00,19.114,7.289444,19.08,0.0,0.0,31200.0,17.12957,35.989296
2026-08-05 05:00:00+02:00,19.414,7.8625183,20.16,0.0,0.0,32080.0,17.44787,24.989985
2026-08-05 06:00:00+02:00,19.564001,6.9247384,21.24,0.0,0.0,32460.0,22.347704,30.165771
2026-08-05 07:00:00+02:00,19.714,4.896529,16.56,54.0,0.0,33000.0,23.06111,29.179018
2026-08-05 08:00:00+02:00,20.564001,6.638072,16.56,39.0,0.0,36400.0,16.468233,27.26799
2026-08-05 09:00:00+02:00,21.614,12.261158,22.319998,0.0,0.0,37000.0,16.027294,25.326874
2026-08-05 10:00:00+02:00,22.864,13.722565,27.72,0.0,0.0,36280.0,17.026215,23.95894
2026-08-05 11:00:00+02:00,24.364,10.105681,25.56,0.0,0.0,38160.0,13.152184,23.950901
2026-08-05 12:00:00+02:00,26.064001,10.1376915,20.880001,0.0,0.0,40180.0,14.309151,24.483826
2026-08-05 13:00:00+02:00,27.414,10.829959,22.319998,0.0,0.0,40940.0,14.759212,28.102919
2026-08-05 14:00:00+02:00,28.064001,11.792404,24.48,0.0,0.0,41320.0,12.603934,28.639296
2026-08-05 15:00:00+02:00,28.814001,13.979871,19.44,37.0,0.0,41780.0,16.027294,29.428804
2026-08-05 16:00:00+02:00,29.464,17.731598,26.64,0.0,0.0,42660.0,20.379353,29.611515
2026-08-05 17:00:00+02:00,28.914,17.399586,27.0,10.0,0.0,41900.0,18.239237,36.085506
2026-08-05 18:00:00+02:00,28.314001,11.726277,32.760002,4.0,0.0,42220.0,16.468233,30.36308
2026-08-05 19:00:00+02:00,27.114,5.3517847,23.759998,75.0,0.0,41360.0,12.694226,26.348255
2026-08-05 20:00:00+02:00,24.314001,10.365251,25.199999,70.0,0.2,38320.0,18.821962,15.517241
2026-08-05 21:00:00+02:00,21.114,15.158522,36.719997,73.0,9.5,8880.0,12.030725,18.516953
2026-08-05 22:00:00+02:00,21.264,7.9526596,28.44,13.0,0.7,33760.0,5.506198,27.317396
2026-08-05 23:00:00+02:00,20.614,8.217153,27.72,44.0,0.0,28260.0,9.394418,33.64344
2026-08-06 00:00:00+02:00,20.464,5.315336,17.64,49.0,0.0,24040.0,11.282507,31.170736
2026-08-06 01:00:00+02:00,20.764,6.989936,11.5199995,68.0,0.0,27560.0,11.031237,33.820465
2026-08-06 02:00:00+02:00,20.364,4.452954,12.599999,66.0,0.0,16960.0,8.706063,38.110546
2026-08-06 03:00:00+02:00,20.164,2.5455842,8.64,42.0,0.0,18400.0,7.34788,33.820465
2026-08-06 04:00:00+02:00,20.214,0.35999998,4.32,39.0,0.0,25080.0,8.253009,32.943363
2026-08-06 05:00:00+02:00,19.614,2.1897945,7.2,38.0,0.0,26900.0,8.84802,30.286854
2026-08-06 06:00:00+02:00,19.214,3.2599385,6.4799995,50.0,0.0,31120.0,3.4704785,29.844782
2026-08-06 07:00:00+02:00,19.714,2.16,6.12,30.0,0.0,37560.0,2.3236039,29.960732
2026-08-06 08:00:00+02:00,20.114,3.096837,6.8399997,75.0,0.0,33220.0,4.488087,28.232851
2026-08-06 09:00:00+02:00,21.614,5.6233797,11.879999,64.0,0.0,38840.0,4.844117,26.696869
2026-08-06 10:00:00+02:00,22.614,6.830519,13.679999,56.0,0.0,39340.0,7.1182017,27.493116
2026-08-06 11:00:00+02:00,23.964,4.896529,14.4,86.0,0.0,40020.0,5.8000655,29.179014
2026-08-06 12:00:00+02:00,24.214,8.854829,13.32,90.0,0.0,40420.0,5.7641516,26.515873
2026-08-06 13:00:00+02:00,25.464,5.4477882,16.199999,51.0,0.0,40920.0,7.205189,29.487658
2026-08-06 14:00:00+02:00,26.414,8.404285,13.679999,71.0,0.0,41660.0,6.572144,34.23372
2026-08-06 15:00:00+02:00,26.564001,2.968636,11.159999,92.0,0.0,41920.0,8.377872,34.89689
2026-08-06 16:00:00+02:00,26.714,7.4128532,14.759999,56.0,0.0,41880.0,9.17071,34.08711
2026-08-06 17:00:00+02:00,26.264,4.8433046,12.599999,70.0,0.0,41600.0,7.0743074,35.66131
2026-08-06 18:00:00+02:00,26.314001,10.483357,15.84,57.0,0.0,41980.0,8.753638,36.255924
2026-08-06 19:00:00+02:00,25.964,5.8048253,16.919998,47.0,0.0,42420.0,12.261531,37.499107
2026-08-06 20:00:00+02:00,25.064001,3.8939953,18.359999,46.0,0.0,41320.0,10.974618,38.607693
2026-08-06 21:00:00+02:00,22.914,4.379589,11.879999,42.0,0.0,40920.0,12.603934,35.989296
2026-08-06 22:00:00+02:00,22.064001,5.4833565,17.64,55.0,0.0,41560.0,11.926711,32.89655
2026-08-06 23:00:00+02:00,20.814001,9.107359,21.96,55.0,0.0,39860.0,16.461926,32.755714
2026-08-07 00:00:00+02:00,20.214,10.829959,25.919998,39.0,0.0,40360.0,15.086228,29.702448
2026-08-07 01:00:00+02:00,19.364,11.298495,25.919998,48.0,0.0,40200.0,15.8972025,28.041162
2026-08-07 02:00:00+02:00,18.664,11.592895,28.08,38.0,0.0,40380.0,14.560902,25.59169
2026-08-07 03:00:00+02:00,17.914,10.00256,25.56,61.0,0.0,40260.0,12.2276125,21.402544
2026-08-07 04:00:00+02:00,17.364,10.315115,23.039999,51.0,0.0,40240.0,5.155614,18.381218
2026-08-07 05:00:00+02:00,16.414,8.534353,22.68,66.0,0.0,39880.0,4.57969,16.433628
2026-08-07 06:00:00+02:00,16.114,5.815978,18.359999,58.0,0.0,39920.0,2.6571426,20.01664
2026-08-07 07:00:00+02:00,15.814,5.8048253,13.32,39.0,0.0,39660.0,4.6916795,22.102129
2026-08-07 08:00:00+02:00,17.014,8.350138,15.119999,0.0,0.0,39580.0,5.487309,25.136013
2026-08-07 09:00:00+02:00,18.514,11.384198,21.96,0.0,0.0,40440.0,6.6350365,24.982275
2026-08-07 10:00:00+02:00,20.114,9.387651,21.599998,0.0,0.0,40880.0,6.524576,22.499464
2026-08-07 11:00:00+02:00,21.764,9.339208,13.32,0.0,0.0,41640.0,6.835443,24.710932
2026-08-07 12:00:00+02:00,23.314001,9.028754,12.959999,2.0,0.0,42140.0,7.1182017,23.88647
2026-08-07 13:00:00+02:00,24.664,9.021574,11.879999,4.0,0.0,42440.0,8.561753,24.928242
2026-08-07 14:00:00+02:00,25.314001,11.119281,12.959999,0.0,0.0,42080.0,11.961482,26.69687
2026-08-07 15:00:00+02:00,26.164,11.435313,15.84,0.0,0.0,42120.0,12.669665,26.406677
2026-08-07 16:00:00+02:00,26.514,12.413476,17.64,0.0,0.0,42540.0,13.881914,26.89098
2026-08-07 17:00:00+02:00,26.364,8.766573,17.64,0.0,0.0,42360.0,9.952556,28.659466
2026-08-07 18:00:00+02:00,26.114,7.5170207,12.24,0.0,0.0,42520.0,9.294415,27.792759
2026-08-07 19:00:00+02:00,25.714,7.42159,14.4,34.0,0.0,42780.0,9.17071,25.74927
2026-08-07 20:00:00+02:00,24.364,4.3349743,13.32,17.0,0.0,41340.0,10.391472,22.499464
2026-08-07 21:00:00+02:00,22.564001,6.638072,14.4,33.0,0.0,40800.0,10.240498,22.559313
2026-08-07 22:00:00+02:00,21.114,7.5685663,18.359999,0.0,0.0,41540.0,8.36547,21.230852
2026-08-07 23:00:00+02:00,20.214,10.105681,28.44,0.0,0.0,41380.0,8.598059,29.67
2026-08-08 00:00:00+02:00,19.314001,8.4042845,22.68,0.0,0.0,40500.0,10.035667,25.516308
2026-08-08 01:00:00+02:00,19.064001,8.089993,19.08,0.0,0.0,40300.0,10.9461975,24.206896
2026-08-08 02:00:00+02:00,17.914,10.028439,24.48,0.0,0.0,39720.0,9.515216,23.98305
2026-08-08 03:00:00+02:00,17.214,5.1919937,22.319998,0.0,0.0,39600.0,10.599223,21.139927
2026-08-08 04:00:00+02:00,16.414,5.3517847,10.440001,0.0,0.0,39480.0,9.815996,19.331268
2026-08-08 05:00:00+02:00,15.264,5.2416787,9.72,0.0,0.0,40000.0,6.835443,16.71258
2026-08-08 06:00:00+02:00,14.814,4.3498964,9.36,0.0,0.0,40160.0,9.666777,16.952896
2026-08-08 07:00:00+02:00,14.964001,4.3349743,9.36,0.0,0.0,40260.0,14.610731,16.94153
2026-08-08 08:00:00+02:00,16.464,3.2599385,9.0,0.0,0.0,39840.0,16.885372,16.398428
2026-08-08 09:00:00+02:00,19.214,2.52,7.92,0.0,0.0,40540.0,15.975386,17.78468
2026-08-08 10:00:00+02:00,21.464,3.8268526,9.36,0.0,0.0,40460.0,17.32245,20.864775
2026-08-08 11:00:00+02:00,23.314001,5.991594,15.84,0.0,0.0,41040.0,21.892395,22.729446
2026-08-08 12:00:00+02:00,24.964,7.2,16.56,0.0,0.0,41600.0,16.461926,21.86555
2026-08-08 13:00:00+02:00,26.364,7.928177,17.28,0.0,0.0,41880.0,8.402622,19.987747
2026-08-08 14:00:00+02:00,27.714,7.42159,17.28,0.0,0.0,42820.0,6.1307654,21.357496
2026-08-08 15:00:00+02:00,28.714,5.315336,15.84,0.0,0.0,43820.0,4.6916795,23.95894
2026-08-08 16:00:00+02:00,29.364,6.924738,15.4800005,0.0,0.0,45320.0,4.1265044,26.696869
2026-08-08 17:00:00+02:00,29.514,5.04,15.84,0.0,0.0,46000.0,5.195736,28.578697
2026-08-08 18:00:00+02:00,29.514,6.151683,11.159999,0.0,0.0,45720.0,4.201311,26.776121
2026-08-08 19:00:00+02:00,28.664,8.4963045,14.4,0.0,0.0,45760.0,3.5591009,34.02489
2026-08-08 20:00:00+02:00,27.014,3.9763298,14.4,0.0,0.0,42700.0,1.3670886,38.647587
2026-08-08 21:00:00+02:00,24.514,5.315336,10.440001,0.0,0.0,42300.0,5.506198,41.95972
2026-08-08 22:00:00+02:00,24.014,4.896529,10.08,0.0,0.0,42940.0,5.6366506,38.472748
2026-08-08 23:00:00+02:00,23.164,3.6,8.64,0.0,0.0,41960.0,5.0333285,30.439116
2026-08-09 00:00:00+02:00,22.364,4.829907,9.0,0.0,0.0,41580.0,5.941551,31.465965
2026-08-09 01:00:00+02:00,21.964,5.00128,9.0,0.0,0.0,41000.0,12.537857,33.12413
2026-08-09 02:00:00+02:00,20.864,4.39436,10.08,0.0,0.0,40660.0,16.587591,35.204647
2026-08-09 03:00:00+02:00,20.614,4.39436,10.799999,0.0,0.0,40440.0,18.953892,33.871685
2026-08-09 04:00:00+02:00,20.864,2.5959969,11.159999,0.0,0.0,41180.0,21.806862,31.649084
2026-08-09 05:00:00+02:00,19.764,4.1046314,8.64,0.0,0.0,40460.0,22.857605,29.591993
2026-08-09 06:00:00+02:00,19.514,4.6102495,10.799999,0.0,0.0,40380.0,25.506779,31.170732
2026-08-09 07:00:00+02:00,20.414,2.968636,9.72,0.0,0.0,41500.0,23.101595,29.441893
2026-08-09 08:00:00+02:00,20.914,4.8965297,9.0,0.0,0.0,41020.0,27.681435,28.178215
2026-08-09 09:00:00+02:00,23.664,5.315336,12.24,0.0,0.0,41600.0,26.371386,25.455843
2026-08-09 10:00:00+02:00,25.964,5.3999996,12.599999,0.0,0.0,42380.0,25.228453,23.594372
2026-08-09 11:00:00+02:00,27.414,4.39436,11.879999,0.0,0.0,44820.0,19.742744,24.843096
2026-08-09 12:00:00+02:00,29.464,6.489992,14.4,0.0,0.0,49160.0,17.590109,26.304356
2026-08-09 13:00:00+02:00,30.614,7.92,16.56,0.0,0.0,49860.0,18.594416,27.792759
2026-08-09 14:00:00+02:00,31.914,9.107359,25.56,0.0,0.0,52160.0,11.096928,24.61721
2026-08-09 15:00:00+02:00,31.714,19.110542,36.36,0.0,0.0,51340.0,30.419212,30.533892
2026-08-09 16:00:00+02:00,27.664,29.655787,65.88,0.0,0.0,42940.0,42.330715,25.591688
2026-08-09 17:00:00+02:00,27.364,15.256526,54.36,0.0,0.0,42480.0,22.898449,36.515335
2026-08-09 18:00:00+02:00,27.864,9.3876505,29.16,0.0,0.0,42800.0,16.587591,35.56936
2026-08-09 19:00:00+02:00,26.364,13.513193,28.08,0.0,0.0,40840.0,30.586006,39.3049
2026-08-09 20:00:00+02:00,24.714,7.42159,24.48,0.0,0.0,40580.0,30.778894,42.9892
2026-08-09 21:00:00+02:00,23.064001,7.289444,15.84,0.0,0.0,40700.0,34.731705,40.464016
2026-08-09 22:00:00+02:00,22.864,6.489992,16.56,0.0,0.0,39960.0,34.70479,41.21865
2026-08-09 23:00:00+02:00,22.464,4.1046314,11.879999,0.0,0.0,39940.0,31.79767,41.516666
2026-08-10 00:00:00+02:00,21.964,4.0249224,13.679999,0.0,0.0,40280.0,29.567625,38.246773
2026-08-10 01:00:00+02:00,21.664,3.8939953,12.599999,0.0,0.0,40360.0,25.559643,30.267769
2026-08-10 02:00:00+02:00,21.014,4.6102495,14.04,0.0,0.0,40240.0,25.523054,36.36733
2026-08-10 03:00:00+02:00,20.864,5.8048253,14.4,0.0,0.0,41040.0,19.128386,36.430832
2026-08-10 04:00:00+02:00,20.514,5.1165614,14.4,0.0,0.0,41240.0,19.905111,33.269196
2026-08-10 05:00:00+02:00,19.814001,4.5820518,13.32,0.0,0.0,40740.0,19.988394,36.192112
2026-08-10 06:00:00+02:00,19.014,5.1544156,13.32,0.0,0.0,40000.0,26.098305,34.80846
2026-08-10 07:00:00+02:00,19.514,4.8965297,13.32,0.0,0.0,40320.0,27.116795,30.514961
2026-08-10 08:00:00+02:00,20.464,6.989936,16.199999,0.0,0.0,39560.0,28.799133,21.330421
2026-08-10 09:00:00+02:00,22.914,7.42159,19.44,0.0,0.0,40820.0,29.954878,26.348255
2026-08-10 10:00:00+02:00,24.714,9.83268,20.16,0.0,0.0,41180.0,30.120792,29.441893
2026-08-10 11:00:00+02:00,25.814001,13.891522,24.119999,0.0,0.0,41360.0,28.939398,29.721897
2026-08-10 12:00:00+02:00,27.064001,13.5515,27.72,0.0,0.0,42380.0,25.729689,30.261404
2026-08-10 13:00:00+02:00,27.464,12.599999,27.0,0.0,0.0,41860.0,22.440435,33.88306
2026-08-10 14:00:00+02:00,28.414,14.205182,28.8,0.0,0.0,43080.0,21.649164,31.189268
2026-08-10 15:00:00+02:00,29.514,13.450708,28.8,0.0,0.0,43640.0,15.57388,40.134197
2026-08-10 16:00:00+02:00,30.214,14.84318,28.8,0.0,0.0,44860.0,17.352394,40.28271
2026-08-10 17:00:00+02:00,29.964,13.1041975,33.839996,0.0,0.0,43940.0,22.495888,42.179504
2026-08-10 18:00:00+02:00,28.764,15.509274,32.760002,0.0,0.0,43000.0,15.818631,37.370464
2026-08-10 19:00:00+02:00,27.514,11.966954,30.960001,0.0,0.0,42200.0,15.466841,43.448277
2026-08-10 20:00:00+02:00,26.064001,5.5887027,21.599998,0.0,0.0,42020.0,11.528303,38.747143
2026-08-10 21:00:00+02:00,24.464,3.7064266,10.440001,0.0,0.0,41640.0,14.836392,35.817608
2026-08-10 22:00:00+02:00,23.664,3.219938,8.64,0.0,0.0,41880.0,12.832521,35.292084
2026-08-10 23:00:00+02:00,22.564001,2.6208394,9.36,0.0,0.0,41440.0,4.6916795,35.138927
2026-08-11 00:00:00+02:00,22.514,0.5091169,5.7599998,0.0,0.0,41900.0,4.323114,34.278706
2026-08-11 01:00:00+02:00,22.314001,4.6938257,6.4799995,0.0,0.0,41700.0,3.0569031,29.179014
2026-08-11 02:00:00+02:00,20.764,3.7585104,8.64,0.0,0.0,39400.0,2.453999,28.880415
2026-08-11 03:00:00+02:00,20.664,0.8049845,6.8399997,0.0,0.0,38740.0,4.488087,30.312284
2026-08-11 04:00:00+02:00,20.164,4.198285,6.8399997,0.0,0.0,37960.0,8.253009,26.135382
2026-08-11 05:00:00+02:00,19.314001,4.896529,7.5599995,0.0,0.0,35940.0,12.159491,22.284399
2026-08-11 06:00:00+02:00,19.364,4.0249224,9.36,0.0,0.0,35780.0,13.340306,19.949162
2026-08-11 07:00:00+02:00,19.064001,4.3349743,7.2,0.0,0.0,33560.0,12.767627,19.331268
2026-08-11 08:00:00+02:00,20.164,5.3999996,12.599999,0.0,0.0,30740.0,13.246579,19.949162
2026-08-11 09:00:00+02:00,22.314001,7.5685663,16.199999,0.0,0.0,37720.0,10.974618,18.170418
2026-08-11 10:00:00+02:00,23.564001,8.587338,18.359999,0.0,0.0,38320.0,9.227144,18.010698
2026-08-11 11:00:00+02:00,25.514,5.991594,18.359999,0.0,0.0,40820.0,10.391472,20.016638
2026-08-11 12:00:00+02:00,26.964,8.209263,18.72,0.0,0.0,41280.0,13.270073,22.76332
2026-08-11 13:00:00+02:00,28.614,10.514218,18.0,0.0,0.0,42760.0,11.501252,20.632679
2026-08-11 14:00:00+02:00,29.564001,10.44,16.199999,0.0,0.0,44460.0,12.603934,18.516953
2026-08-11 15:00:00+02:00,30.314001,11.480557,15.4800005,0.0,0.0,44240.0,12.570939,15.517241
2026-08-11 16:00:00+02:00,30.714,14.84318,23.039999,0.0,0.0,45260.0,17.725351,14.289349
2026-08-11 17:00:00+02:00,30.614,13.783817,24.119999,0.0,0.0,47640.0,16.111294,13.711481
2026-08-11 18:00:00+02:00,30.164,11.200571,22.319998,0.0,0.0,48660.0,15.148044,11.809426
2026-08-11 19:00:00+02:00,29.264,10.883676,24.48,0.0,0.0,47540.0,19.079472,13.0492525
2026-08-11 20:00:00+02:00,27.564001,7.928177,19.44,0.0,0.0,45140.0,15.480263,11.172413
2026-08-11 21:00:00+02:00,25.314001,6.4096174,17.64,0.0,0.0,44260.0,17.32245,11.444951
2026-08-11 22:00:00+02:00,24.914,6.162207,14.759999,0.0,0.0,44820.0,13.464261,14.490146
2026-08-11 23:00:00+02:00,24.164,5.315336,16.199999,0.0,0.0,43300.0,21.538576,19.862066
2026-08-12 00:00:00+02:00,22.314001,8.089993,16.919998,0.0,0.0,41760.0,15.099987,11.326523
2026-08-12 01:00:00+02:00,21.864,9.290511,22.319998,0.0,0.0,41220.0,12.710575,5.7224755
2026-08-12 02:00:00+02:00,21.114,9.339208,23.4,0.0,0.0,40660.0,9.666777,4.3889384
2026-08-12 03:00:00+02:00,19.814001,7.5170207,20.880001,0.0,0.0,39580.0,9.215885,7.777219
2026-08-12 04:00:00+02:00,19.064001,7.289444,18.359999,0.0,0.0,39160.0,9.482423,8.068965
2026-08-12 05:00:00+02:00,17.764,4.32,15.84,0.0,0.0,35820.0,14.067659,6.2378535
2026-08-12 06:00:00+02:00,17.114,5.4119864,8.64,0.0,0.0,33740.0,15.148044,4.3889384
2026-08-12 07:00:00+02:00,17.114,5.0911684,8.64,0.0,0.0,34820.0,16.91609,3.7241378
2026-08-12 08:00:00+02:00,18.464,5.0911684,8.64,0.0,0.0,34920.0,17.952349,4.3889384
2026-08-12 09:00:00+02:00,20.364,5.2416787,12.24,0.0,0.0,38320.0,17.725351,5.551616
2026-08-12 10:00:00+02:00,22.264,6.0347,13.679999,0.0,0.0,40980.0,19.674257,7.238423
2026-08-12 11:00:00+02:00,24.614,7.289445,15.84,0.0,0.0,42140.0,21.203342,7.5764823
2026-08-12 12:00:00+02:00,26.414,8.707237,19.08,0.0,0.0,42700.0,18.953892,5.2667265
2026-08-12 13:00:00+02:00,28.064001,10.587918,22.319998,0.0,0.0,43340.0,17.15985,5.855574
2026-08-12 14:00:00+02:00,29.164,10.739832,23.039999,0.0,0.0,43800.0,11.618018,5.339374
2026-08-12 15:00:00+02:00,30.064001,11.966954,16.919998,0.0,0.0,44600.0,11.282507,4.9655166
2026-08-12 16:00:00+02:00,30.814001,13.493999,20.880001,0.0,0.0,46280.0,17.412127,7.4740934
2026-08-12 17:00:00+02:00,31.064001,13.044722,23.4,0.0,0.0,47700.0,16.866917,9.164372
2026-08-12 18:00:00+02:00,30.764,13.608762,23.4,0.0,0.0,48460.0,18.594416,10.606349
2026-08-12 19:00:00+02:00,29.964,13.584932,27.0,0.0,0.0,48400.0,21.649164,10.330335
2026-08-12 20:00:00+02:00,28.514,10.1887,24.48,0.0,0.0,47280.0,20.752947,11.189641
2026-08-12 21:00:00+02:00,25.914,8.534353,20.519999,0.0,0.0,44460.0,18.369701,10.027549
2026-08-12 22:00:00+02:00,25.014,8.39657,20.16,0.0,0.0,44200.0,19.784773,9.310345
2026-08-12 23:00:00+02:00,23.764,10.514218,20.519999,0.0,0.0,42520.0,14.723995,10.98112
2026-08-13 00:00:00+02:00,23.264,10.296251,22.319998,0.0,0.0,42180.0,10.667574,12.413793
2026-08-13 01:00:00+02:00,22.414,8.942214,21.96,0.0,0.0,41800.0,6.347113,11.9230585
2026-08-13 02:00:00+02:00,21.114,5.495161,19.44,0.0,0.0,41480.0,6.940957,12.795844
2026-08-13 03:00:00+02:00,20.364,4.0249224,11.159999,0.0,0.0,41420.0,7.958392,13.283339
2026-08-13 04:00:00+02:00,19.814001,2.9024127,6.12,0.0,0.0,41360.0,8.95301,12.413793
2026-08-13 05:00:00+02:00,18.914,4.6102495,6.4799995,0.0,0.0,40600.0,11.528303,11.987508
2026-08-13 06:00:00+02:00,18.164,3.8773184,7.5599995,0.0,0.0,40380.0,12.269995,8.622896
2026-08-13 07:00:00+02:00,18.164,3.8773184,6.4799995,0.0,0.0,41100.0,12.710575,7.4740934
2026-08-13 08:00:00+02:00,18.914,3.396233,7.5599995,0.0,0.0,41020.0,12.603934,9.164372
2026-08-13 09:00:00+02:00,22.064001,1.4399999,6.4799995,0.0,0.0,41280.0,11.087566,9.164372
2026-08-13 10:00:00+02:00,24.264,2.968636,8.28,0.0,0.0,41740.0,7.418196,10.00832
2026-08-13 11:00:00+02:00,26.514,3.6,10.440001,0.0,0.0,42040.0,7.34788,10.1040945
2026-08-13 12:00:00+02:00,28.414,4.198285,10.799999,0.0,0.0,42280.0,3.67394,10.98112
2026-08-13 13:00:00+02:00,30.014,6.792466,7.5599995,0.0,0.0,44260.0,0.64445174,11.41124
2026-08-13 14:00:00+02:00,31.314001,7.172949,10.08,0.0,0.0,47240.0,0.9113924,10.180067
2026-08-13 15:00:00+02:00,32.163998,8.557102,10.08,0.0,0.0,50300.0,5.3142853,9.310345
2026-08-13 16:00:00+02:00,32.814,10.685391,13.32,0.0,0.0,53980.0,8.84802,8.951714
2026-08-13 17:00:00+02:00,32.963997,9.511088,14.4,0.0,0.0,57660.0,10.628571,8.442291
2026-08-13 18:00:00+02:00,32.564,10.195057,14.759999,0.0,0.0,57400.0,11.319258,9.310345
2026-08-13 19:00:00+02:00,31.664,9.19939,16.56,0.0,0.0,55160.0,12.44643,10.569963
2026-08-13 20:00:00+02:00,29.614,6.28713,16.199999,0.0,0.0,55220.0,9.784211,10.180067
2026-08-13 21:00:00+02:00,27.314001,6.830519,14.4,0.0,0.0,53740.0,11.401515,11.444951
2026-08-13 22:00:00+02:00,26.564001,7.42159,16.919998,0.0,0.0,52080.0,8.215179,7.4740934
2026-08-13 23:00:00+02:00,25.914,7.2805495,17.64,0.0,0.0,52760.0,9.394418,8.886923
2026-08-14 00:00:00+02:00,24.864,5.7599998,16.919998,0.0,0.0,49300.0,7.3053656,10.180067
2026-08-14 01:00:00+02:00,23.814001,4.73506,11.879999,0.0,0.0,46680.0,6.444517,9.655664
2026-08-14 02:00:00+02:00,23.264,4.379589,9.0,0.0,0.0,46900.0,5.993747,7.0769506
2026-08-14 03:00:00+02:00,22.414,4.5536795,9.0,0.0,0.0,44860.0,5.487309,8.886923
2026-08-14 04:00:00+02:00,21.814001,3.96,9.72,0.0,0.0,43400.0,5.543783,10.00832
2026-08-14 05:00:00+02:00,21.114,3.2599385,7.92,0.0,0.0,42680.0,5.3142853,7.499821
2026-08-14 06:00:00+02:00,20.514,4.1046314,7.5599995,0.0,0.0,42520.0,4.907998,9.494725
2026-08-14 07:00:00+02:00,20.214,3.319036,7.5599995,0.0,0.0,42460.0,3.3175182,12.659634
2026-08-14 08:00:00+02:00,21.414,4.896529,9.0,0.0,0.0,42120.0,0.9113924,18.25503
2026-08-14 09:00:00+02:00,24.464,4.68,12.599999,0.0,0.0,42620.0,1.8788835,16.77011
2026-08-14 10:00:00+02:00,26.814001,3.6179552,12.599999,0.0,0.0,44720.0,3.4704785,16.527136
2026-08-14 11:00:00+02:00,28.764,3.6179552,9.72,0.0,0.0,48460.0,2.9178793,18.62069
2026-08-14 12:00:00+02:00,30.964,3.096837,9.36,0.0,0.0,55360.0,4.757608,17.903427
2026-08-14 13:00:00+02:00,32.663998,2.9024127,9.72,0.0,0.0,61180.0,3.3175182,14.714402
2026-08-14 14:00:00+02:00,33.864,1.08,9.0,0.0,0.0,57660.0,3.2222586,13.879042
2026-08-14 15:00:00+02:00,33.663998,9.673221,11.879999,0.0,0.0,50560.0,6.1138062,14.396789
2026-08-14 16:00:00+02:00,33.913998,10.30883,14.04,0.0,0.0,59740.0,9.7416725,15.11478
2026-08-14 17:00:00+02:00,33.814,10.24578,13.32,0.0,0.0,61420.0,12.269996,13.326771
2026-08-14 18:00:00+02:00,33.413998,6.6087217,16.56,0.0,0.0,59000.0,8.11344,10.330335
2026-08-14 19:00:00+02:00,32.764,4.072935,13.32,0.0,0.0,56600.0,6.835443,10.5517235
2026-08-14 20:00:00+02:00,31.514,1.9386592,10.440001,0.0,0.0,53860.0,3.286072,10.569963
2026-08-14 21:00:00+02:00,28.214,11.681987,19.8,0.0,0.0,46300.0,17.69604,10.180067
2026-08-14 22:00:00+02:00,26.014,9.83268,23.759998,0.0,0.0,42360.0,15.73307,5.00416
2026-08-14 23:00:00+02:00,25.464,12.661564,25.919998,0.0,0.0,42960.0,18.882545,3.3425157
2026-08-15 00:00:00+02:00,24.414,16.215992,34.56,0.0,0.0,43420.0,19.387182,3.1034482
2026-08-15 01:00:00+02:00,23.964,15.141414,34.56,0.0,0.0,42740.0,14.899244,5.7224755
2026-08-15 02:00:00+02:00,23.514,11.177405,30.960001,0.0,0.0,41960.0,12.269996,6.390391
2026-08-15 03:00:00+02:00,22.664,5.95906,24.119999,0.0,0.0,41880.0,7.840093,6.2378535
2026-08-15 04:00:00+02:00,22.664,4.1046314,15.119999,0.0,0.0,42340.0,7.958392,3.6192114
2026-08-15 05:00:00+02:00,21.564001,4.6800003,11.5199995,0.0,0.0,41440.0,9.215885,3.3425157
2026-08-15 06:00:00+02:00,21.564001,4.802999,9.72,0.0,0.0,41260.0,7.971428,2.6333632
2026-08-15 07:00:00+02:00,21.464,4.452954,12.599999,0.0,0.0,41300.0,13.285712,4.7270317
2026-08-15 08:00:00+02:00,22.564001,8.766573,19.44,0.0,0.0,41540.0,15.148044,3.1034482
2026-08-15 09:00:00+02:00,24.164,12.371645,28.44,0.0,0.0,41980.0,19.04134,3.9743526
2026-08-15 10:00:00+02:00,25.864,15.39184,28.8,0.0,0.0,42100.0,20.667719,6.6850314
2026-08-15 11:00:00+02:00,27.564001,14.440443,30.239998,0.0,0.0,43080.0,11.419714,11.189642
2026-08-15 12:00:00+02:00,29.664,10.086427,21.96,0.0,0.0,44220.0,13.776805,13.948265
2026-08-15 13:00:00+02:00,31.214,9.028754,19.08,0.0,0.0,45340.0,8.215179,16.77011
2026-08-15 14:00:00+02:00,31.814001,9.779817,16.56,0.0,0.0,46160.0,9.294415,19.331268
2026-08-15 15:00:00+02:00,32.314,11.966954,14.759999,0.0,0.0,46940.0,9.837129,19.871765
2026-08-15 16:00:00+02:00,32.413998,14.689589,19.44,0.0,0.0,47140.0,14.723995,23.59437
2026-08-15 17:00:00+02:00,32.163998,9.387651,21.599998,2.0,0.0,46420.0,13.057107,20.217718
2026-08-15 18:00:00+02:00,31.464,11.620809,19.44,0.0,0.0,45520.0,13.270073,12.568007
2026-08-15 19:00:00+02:00,30.014,15.517629,34.56,0.0,0.0,45080.0,11.171529,13.093462
2026-08-15 20:00:00+02:00,25.114,22.218153,28.08,0.0,0.0,40280.0,19.61612,17.31268
2026-08-15 21:00:00+02:00,23.664,17.974781,41.399998,0.0,0.0,40360.0,11.987494,9.931033
2026-08-15 22:00:00+02:00,22.864,12.682018,34.56,0.0,0.0,39920.0,7.7602262,9.310345
2026-08-15 23:00:00+02:00,22.514,12.7279215,22.319998,0.0,0.0,40240.0,7.418196,6.1445136
2026-08-16 00:00:00+02:00,22.064001,6.763786,24.119999,0.0,0.0,40560.0,6.0797453,3.9743526
2026-08-16 01:00:00+02:00,21.914,6.0347,13.679999,0.0,0.0,41080.0,6.1138062,3.1649084
2026-08-16 02:00:00+02:00,21.464,5.3999996,10.799999,0.0,0.0,40820.0,6.330734,5.0041595
2026-08-16 03:00:00+02:00,21.214,4.3498964,7.92,0.0,0.0,40900.0,9.394418,7.5510154
2026-08-16 04:00:00+02:00,21.414,4.2136917,6.8399997,0.0,0.0,41380.0,9.515216,8.777877
2026-08-16 05:00:00+02:00,19.864,4.3349743,7.5599995,0.0,0.0,39220.0,10.035667,14.948187
2026-08-16 06:00:00+02:00,19.914,2.9024127,12.959999,0.0,0.0,39620.0,12.159491,12.4911375
2026-08-16 07:00:00+02:00,20.514,3.563818,10.799999,0.0,0.0,40660.0,16.22688,11.189642
2026-08-16 08:00:00+02:00,21.214,4.6938252,13.679999,0.0,0.0,40480.0,11.282507,9.695481
2026-08-16 09:00:00+02:00,23.414,5.8048253,15.119999,0.0,0.0,41140.0,15.284515,6.2068963
2026-08-16 10:00:00+02:00,24.964,8.427383,16.56,0.0,0.0,41460.0,20.11784,6.939521
2026-08-16 11:00:00+02:00,27.014,0.0,17.28,0.0,0.0,41760.0,14.038106,9.310345
2026-08-16 12:00:00+02:00,27.914,8.089993,17.28,0.0,0.0,42140.0,8.21518,13.326771
2026-08-16 13:00:00+02:00,28.964,11.792404,18.0,0.0,0.0,43900.0,9.15938,13.626929
2026-08-16 14:00:00+02:00,29.564001,13.779114,19.08,0.0,0.0,44300.0,13.215189,11.939203
2026-08-16 15:00:00+02:00,27.814001,23.319553,36.719997,0.0,0.0,42900.0,17.1538,15.266946
2026-08-16 16:00:00+02:00,28.114,19.523155,36.719997,0.0,0.0,43720.0,6.7744107,19.490047
2026-08-16 17:00:00+02:00,27.914,13.324863,31.319998,0.0,0.0,43220.0,4.0758705,24.405024
2026-08-16 18:00:00+02:00,27.764,13.004921,21.599998,0.0,0.0,44220.0,4.0758705,26.068964
2026-08-16 19:00:00+02:00,27.064001,9.007196,18.72,0.0,0.0,43320.0,5.333787,23.496197
2026-08-16 20:00:00+02:00,26.364,3.96,13.32,0.0,0.0,44100.0,2.3236039,19.871763
2026-08-16 21:00:00+02:00,24.914,1.2979984,7.2,0.0,0.0,43480.0,1.0189676,17.87112
2026-08-16 22:00:00+02:00,24.314001,2.5959969,11.879999,0.0,0.0,43540.0,5.6366506,17.043554
2026-08-16 23:00:00+02:00,22.614,5.4119864,5.7599998,10.0,0.0,41280.0,11.012396,24.103226
2026-08-17 00:00:00+02:00,21.114,6.489992,11.5199995,6.0,0.0,40000.0,9.394418,22.965515
2026-08-17 01:00:00+02:00,21.414,3.4152596,9.72,19.0,0.0,40600.0,13.402427,17.043554
2026-08-17 02:00:00+02:00,19.814001,5.0911684,10.08,3.0,0.0,38280.0,15.713261,11.661699
2026-08-17 03:00:00+02:00,20.064001,4.510787,10.08,0.0,0.0,38340.0,17.90602,15.329903
2026-08-17 04:00:00+02:00,19.764,3.7585104,9.72,37.0,0.0,37480.0,17.370333,19.716057
2026-08-17 05:00:00+02:00,19.464,4.829907,11.159999,57.0,0.0,35020.0,15.50037,19.832952
2026-08-17 06:00:00+02:00,19.714,3.396233,14.4,18.0,0.0,38880.0,11.02182,23.975016
2026-08-17 07:00:00+02:00,19.414,4.896529,29.16,53.0,0.4,34540.0,20.752947,25.357279
2026-08-17 08:00:00+02:00,18.314001,9.422101,20.519999,55.0,0.1,22020.0,28.432667,28.307802
2026-08-17 09:00:00+02:00,18.764,8.78872,24.119999,57.0,0.0,22660.0,17.748766,30.866442
2026-08-17 10:00:00+02:00,18.264,8.707238,26.28,100.0,0.1,19860.0,20.782944,31.91576
2026-08-17 11:00:00+02:00,17.914,14.764389,20.880001,93.0,4.4,1100.0,36.141045,36.340836
2026-08-17 12:00:00+02:00,17.664,10.495713,30.239998,54.0,6.0,4960.0,33.068604,56.741356
2026-08-17 13:00:00+02:00,18.564001,12.88981,22.319998,95.0,0.3,21000.0,29.451515,46.55172
2026-08-17 14:00:00+02:00,18.114,11.792404,22.319998,89.0,0.0,6640.0,26.622175,43.898163
2026-08-17 15:00:00+02:00,18.964,16.299694,29.16,93.0,1.4,22700.0,19.231243,49.65517
2026-08-17 16:00:00+02:00,20.114,14.05845,29.16,51.0,0.2,32180.0,25.47419,49.798496
2026-08-17 17:00:00+02:00,20.364,14.764389,31.319998,90.0,0.0,34680.0,20.782944,38.307163
2026-08-17 18:00:00+02:00,18.814001,12.24,28.08,74.0,0.1,24060.0,20.752945,25.136015
2026-08-17 19:00:00+02:00,18.914,5.3999996,24.84,25.0,2.2,22780.0,26.90152,26.89098
2026-08-17 20:00:00+02:00,18.164,7.289444,16.56,61.0,0.1,22240.0,31.297405,35.56936
2026-08-17 21:00:00+02:00,17.664,5.991594,21.599998,38.0,0.0,14920.0,32.431355,44.19118
2026-08-17 22:00:00+02:00,17.664,4.6800003,15.4800005,13.0,0.0,18760.0,28.150078,41.11571
2026-08-17 23:00:00+02:00,17.314001,5.315336,13.679999,33.0,0.0,16360.0,22.91658,42.06975
2026-08-18 00:00:00+02:00,17.414,5.95906,15.119999,32.0,0.0,19320.0,22.495888,43.99459
2026-08-18 01:00:00+02:00,17.414,5.95906,15.4800005,20.0,0.0,22080.0,23.71372,47.60329
2026-08-18 02:00:00+02:00,17.314001,6.725354,16.199999,18.0,0.0,21720.0,26.074425,49.87966
2026-08-18 03:00:00+02:00,17.314001,7.968939,19.08,51.0,0.0,21740.0,29.902838,47.95003
2026-08-18 04:00:00+02:00,17.464,8.654986,21.96,28.0,0.0,21080.0,31.456244,47.372078
2026-08-18 05:00:00+02:00,17.614,7.968939,21.24,34.0,0.0,20780.0,27.436543,45.66605
2026-08-18 06:00:00+02:00,17.614,9.605998,21.96,42.0,0.0,22380.0,33.012035,46.634407
2026-08-18 07:00:00+02:00,17.614,8.534353,23.759998,25.0,0.0,22800.0,32.364056,43.753117
2026-08-18 08:00:00+02:00,18.264,9.793058,22.319998,41.0,0.0,24220.0,37.833763,44.60768
2026-08-18 09:00:00+02:00,18.864,12.224107,24.84,84.0,0.0,26120.0,44.209576,41.143806
2026-08-18 10:00:00+02:00,19.814001,18.532133,32.399998,54.0,0.0,25840.0,52.59295,42.87703
2026-08-18 11:00:00+02:00,21.614,22.79684,41.760002,44.0,0.0,33800.0,50.59049,45.80084
2026-08-18 12:00:00+02:00,22.864,27.466372,51.839996,52.0,0.0,37420.0,48.99529,44.138844
2026-08-18 13:00:00+02:00,23.164,26.6327,51.839996,42.0,0.0,39300.0,51.767166,44.96895
2026-08-18 14:00:00+02:00,25.164,26.319422,53.639996,26.0,0.0,42060.0,37.643925,51.08166
2026-08-18 15:00:00+02:00,26.114,24.798223,50.399998,39.0,0.0,42720.0,39.78152,50.991077
2026-08-18 16:00:00+02:00,26.414,28.58545,52.92,0.0,0.0,43540.0,43.758698,42.206898
2026-08-18 17:00:00+02:00,26.414,25.764534,56.88,0.0,0.0,44420.0,41.717983,44.74565
2026-08-18 18:00:00+02:00,26.114,25.006397,48.239998,0.0,0.0,44240.0,40.865555,39.65619
2026-08-18 19:00:00+02:00,25.264,20.478907,44.639996,0.0,0.0,42500.0,39.77369,41.752625
2026-08-18 20:00:00+02:00,24.864,14.458382,35.28,0.0,0.0,43300.0,36.798702,45.82186
2026-08-18 21:00:00+02:00,23.414,13.708391,28.8,0.0,0.0,42500.0,37.957054,46.885696
2026-08-18 22:00:00+02:00,22.314001,8.4042845,28.8,3.0,0.0,41480.0,38.734177,47.93798
2026-08-18 23:00:00+02:00,21.564001,9.885262,19.8,0.0,0.0,40880.0,40.62091,47.79713
2026-08-19 00:00:00+02:00,20.714,10.990322,25.56,0.0,0.0,40560.0,41.490883,48.429703
2026-08-19 01:00:00+02:00,20.014,8.049845,24.84,0.0,0.0,40120.0,38.302883,49.13259
2026-08-19 02:00:00+02:00,20.014,9.605998,21.24,28.0,0.0,40060.0,33.97,51.03262
2026-08-19 03:00:00+02:00,19.364,8.557102,22.68,0.0,0.0,39520.0,31.86291,51.03262
2026-08-19 04:00:00+02:00,19.014,7.9932976,20.519999,0.0,0.0,39440.0,38.475983,51.03262
2026-08-19 05:00:00+02:00,18.114,8.049845,19.44,0.0,0.0,38720.0,44.539497,52.141624
2026-08-19 06:00:00+02:00,18.014,7.9036193,20.16,0.0,0.0,38500.0,47.139782,54.03209
2026-08-19 07:00:00+02:00,17.914,7.754637,19.8,0.0,0.0,38460.0,49.149742,53.609768
2026-08-19 08:00:00+02:00,18.964,11.726277,23.039999,0.0,0.0,38820.0,48.58884,51.1382
2026-08-19 09:00:00+02:00,20.314001,13.1041975,27.72,0.0,0.0,39520.0,46.458668,50.306503
2026-08-19 10:00:00+02:00,21.714,15.546833,28.08,0.0,0.0,39660.0,46.56359,50.89655
2026-08-19 11:00:00+02:00,23.914,17.026896,31.68,0.0,0.0,41020.0,42.40179,52.465717
2026-08-19 12:00:00+02:00,25.764,18.947083,35.28,0.0,0.0,42620.0,44.464832,55.550854
2026-08-19 13:00:00+02:00,27.114,19.770523,37.079998,0.0,0.0,43540.0,37.49469,57.31893
2026-08-19 14:00:00+02:00,28.514,19.245697,36.719997,0.0,0.0,44180.0,31.234308,56.404263
2026-08-19 15:00:00+02:00,29.364,19.523155,36.0,0.0,0.0,43780.0,31.479338,60.795906
2026-08-19 16:00:00+02:00,30.164,21.046917,38.16,0.0,0.0,43920.0,31.419912,67.38129
2026-08-19 17:00:00+02:00,30.714,22.26477,40.32,0.0,0.0,45920.0,33.437046,67.48412
2026-08-19 18:00:00+02:00,30.664,24.648829,44.639996,0.0,0.0,47120.0,41.91662,63.807377
2026-08-19 19:00:00+02:00,30.214,25.071096,47.16,0.0,0.0,49520.0,55.95979,69.02783
2026-08-19 20:00:00+02:00,29.014,17.811815,43.92,0.0,0.0,45020.0,51.172062,70.883736
2026-08-19 21:00:00+02:00,27.064001,12.599998,29.88,0.0,0.0,43260.0,58.968216,73.33599
2026-08-19 22:00:00+02:00,25.214,12.738099,31.319998,0.0,0.0,44200.0,69.0045,75.84614
2026-08-19 23:00:00+02:00,24.814001,10.703569,25.56,0.0,0.0,43840.0,59.256275,80.797005
2026-08-20 00:00:00+02:00,24.264,8.404285,21.599998,0.0,0.0,43860.0,56.491623,83.3205
2026-08-20 01:00:00+02:00,23.664,8.049845,20.16,0.0,0.0,43020.0,54.250816,77.606064
2026-08-20 02:00:00+02:00,23.514,12.074766,23.039999,8.0,0.0,41700.0,41.26504,76.59672
2026-08-20 03:00:00+02:00,22.264,9.0,24.48,0.0,0.0,41140.0,40.13491,78.51172
2026-08-20 04:00:00+02:00,21.164,7.2805495,19.8,7.0,0.0,40380.0,41.77767,75.90961
2026-08-20 05:00:00+02:00,21.214,9.585739,18.0,3.0,0.0,40480.0,48.99529,83.03333
2026-08-20 06:00:00+02:00,20.964,12.864649,40.32,20.0,0.0,40880.0,50.078915,79.8835
2026-08-20 07:00:00+02:00,20.514,9.360001,27.72,0.0,0.0,40500.0,57.274685,80.071365
2026-08-20 08:00:00+02:00,21.364,7.4128532,30.239998,12.0,0.0,40920.0,38.2839,73.88554
2026-08-20 09:00:00+02:00,21.614,7.9932966,17.64,10.0,0.0,40720.0,41.77767,80.928024
2026-08-20 10:00:00+02:00,22.664,12.144331,22.68,8.0,0.0,40420.0,42.499622,77.12553
2026-08-20 11:00:00+02:00,23.614,11.159999,36.0,44.0,0.0,40440.0,31.107729,81.978035
2026-08-20 12:00:00+02:00,24.914,21.41319,38.519997,43.0,0.0,41020.0,39.200466,72.64986
2026-08-20 13:00:00+02:00,25.614,25.509243,50.039997,62.0,0.0,41120.0,38.475983,65.30233
2026-08-20 14:00:00+02:00,25.814001,21.605999,54.719997,52.0,0.0,40820.0,35.135918,71.799065
2026-08-20 15:00:00+02:00,25.514,24.64094,56.16,42.0,0.0,39480.0,48.76162,65.95101
2026-08-20 16:00:00+02:00,26.364,30.652895,63.36,18.0,0.0,41120.0,49.24261,65.36424
2026-08-20 17:00:00+02:00,26.214,27.381308,63.0,0.0,0.0,41040.0,58.6274,63.84359
2026-08-20 18:00:00+02:00,24.314001,16.704155,58.679996,13.0,0.0,39160.0,53.53412,63.713726
2026-08-20 19:00:00+02:00,21.664,16.434305,33.48,43.0,0.0,33360.0,30.545246,55.585518
2026-08-20 20:00:00+02:00,20.964,1.484318,45.0,70.0,0.1,31180.0,37.57767,54.768604
2026-08-20 21:00:00+02:00,20.464,4.39436,19.8,50.0,0.0,27900.0,25.84645,47.518238
2026-08-20 22:00:00+02:00,19.414,7.42159,22.68,76.0,0.0,15280.0,16.284365,46.456448
2026-08-20 23:00:00+02:00,19.264,8.350138,21.24,66.0,0.1,22740.0,41.93643,54.408676
2026-08-21 00:00:00+02:00,17.814001,6.3690495,34.92,62.0,0.2,22600.0,25.555576,48.59647
2026-08-21 01:00:00+02:00,18.564001,4.5536795,12.959999,51.0,0.0,27060.0,13.701232,39.422344
2026-08-21 02:00:00+02:00,17.664,1.9386592,21.24,43.0,0.0,21940.0,16.866917,43.65174
2026-08-21 03:00:00+02:00,17.514,3.219938,7.2,50.0,0.0,21620.0,18.233543,40.464012
2026-08-21 04:00:00+02:00,17.314001,2.6208394,11.159999,0.0,0.3,15860.0,23.436256,34.430096
2026-08-21 05:00:00+02:00,17.064001,4.32,9.36,62.0,1.8,12840.0,12.039351,46.18615
2026-08-21 06:00:00+02:00,16.514,3.319036,9.72,41.0,0.1,5260.0,6.1307654,21.653082
2026-08-21 07:00:00+02:00,16.514,2.5455842,5.7599998,0.0,0.0,14720.0,4.0758705,28.041162
2026-08-21 08:00:00+02:00,16.814001,5.1544156,12.24,73.0,0.4,6460.0,1.3670886,19.390963
2026-08-21 09:00:00+02:00,16.964,8.669949,16.199999,90.0,1.0,13620.0,7.971428,18.764957
2026-08-21 10:00:00+02:00,15.814,15.844089,28.08,90.0,2.1,7700.0,5.487309,21.139927
2026-08-21 11:00:00+02:00,13.764,13.896187,27.72,96.0,3.3,3300.0,28.050312,9.310345
2026-08-21 12:00:00+02:00,13.764,16.135872,31.319998,55.0,10.3,6680.0,37.525135,9.454063
2026-08-21 13:00:00+02:00,14.264,5.1544156,29.519999,77.0,2.5,11820.0,19.972805,24.710932
2026-08-21 14:00:00+02:00,14.264,2.5959969,10.440001,76.0,1.4,10740.0,20.184822,43.43054
2026-08-21 15:00:00+02:00,14.514,5.634891,12.599999,76.0,0.8,15920.0,12.51299,48.118458
2026-08-21 16:00:00+02:00,14.714001,6.0347,13.32,59.0,0.9,26360.0,8.706063,50.06084
2026-08-21 17:00:00+02:00,15.364,3.319036,14.4,11.0,0.1,35600.0,16.866917,41.433067
2026-08-21 18:00:00+02:00,16.164,7.42159,16.199999,39.0,0.0,35260.0,16.111294,38.587734
2026-08-21 19:00:00+02:00,15.9140005,6.162207,19.8,0.0,0.0,31780.0,27.097643,36.751953
2026-08-21 20:00:00+02:00,15.064,12.144331,13.679999,92.0,0.0,9140.0,40.16594,38.647587
2026-08-21 21:00:00+02:00,14.464001,9.957108,25.56,37.0,5.5,21340.0,35.48876,54.12826
2026-08-21 22:00:00+02:00,14.614,9.885262,22.319998,90.0,0.0,25340.0,38.411163,47.893757
2026-08-21 23:00:00+02:00,13.1640005,9.0,27.359999,76.0,1.2,17920.0,36.583637,42.211456
2026-08-22 00:00:00+02:00,12.964001,7.7879906,19.44,73.0,1.0,20100.0,45.88297,52.17117
2026-08-22 01:00:00+02:00,12.764,9.885262,26.64,3.0,1.0,27420.0,29.592196,57.24495
2026-08-22 02:00:00+02:00,12.564,8.64,25.56,0.0,0.0,30220.0,25.84645,55.35633
2026-08-22 03:00:00+02:00,12.6640005,5.95906,20.519999,19.0,0.0,30620.0,23.80549,45.581615
2026-08-22 04:00:00+02:00,12.714001,5.815978,16.919998,0.0,0.0,34080.0,29.143185,38.88609
2026-08-22 05:00:00+02:00,12.614,7.072878,19.08,50.0,0.0,31960.0,25.84645,38.881138
2026-08-22 06:00:00+02:00,12.564,8.39657,27.0,38.0,0.8,25140.0,31.771534,49.109062
2026-08-22 07:00:00+02:00,12.614,8.217153,22.68,0.0,0.0,28360.0,35.962486,44.173744
2026-08-22 08:00:00+02:00,13.364,9.504273,21.96,0.0,0.0,29280.0,35.21562,40.516342
2026-08-22 09:00:00+02:00,14.614,11.013882,25.56,6.0,0.0,31860.0,32.96483,32.042255
2026-08-22 10:00:00+02:00,15.564,12.959999,27.359999,41.0,0.0,25540.0,29.902838,27.993032
2026-08-22 11:00:00+02:00,16.264,12.324414,30.239998,53.0,0.0,35940.0,26.746689,29.27787
2026-08-22 12:00:00+02:00,17.314001,12.979984,28.8,49.0,0.0,37740.0,26.90152,27.04099
2026-08-22 13:00:00+02:00,18.364,13.084402,28.08,74.0,0.0,40060.0,27.132107,23.757093
2026-08-22 14:00:00+02:00,19.414,12.181625,29.16,27.0,0.0,41080.0,16.430359,27.204338
2026-08-22 15:00:00+02:00,19.614,9.504272,25.56,82.0,0.0,40740.0,10.411436,26.948225
2026-08-22 16:00:00+02:00,19.664,8.089993,24.119999,16.0,0.0,41300.0,12.438086,25.326874
2026-08-22 17:00:00+02:00,19.814001,10.587917,22.319998,47.0,0.0,41660.0,11.961482,27.43701
2026-08-22 18:00:00+02:00,19.614,8.311245,20.519999,34.0,0.0,42200.0,11.012396,29.435349
2026-08-22 19:00:00+02:00,18.964,10.105681,18.359999,24.0,0.0,42400.0,7.205189,29.093067
2026-08-22 20:00:00+02:00,17.964,7.2359104,19.08,46.0,0.0,41900.0,8.377872,36.430832
2026-08-22 21:00:00+02:00,16.314,7.072878,18.359999,11.0,0.0,40920.0,9.045312,35.828365
2026-08-22 22:00:00+02:00,15.9140005,6.519877,18.359999,50.0,0.0,41360.0,8.765491,33.59187
2026-08-22 23:00:00+02:00,16.014,7.928178,21.599998,52.0,0.0,40660.0,8.84802,32.995945
2026-08-23 00:00:00+02:00,15.4140005,7.729527,20.519999,37.0,0.0,39940.0,14.243696,34.946533
2026-08-23 01:00:00+02:00,14.614,9.021574,20.880001,28.0,0.0,38800.0,15.5204525,40.110195
2026-08-23 02:00:00+02:00,13.4140005,9.021574,23.4,5.0,0.0,37500.0,13.701232,41.922977
2026-08-23 03:00:00+02:00,12.6640005,6.6087217,20.16,0.0,0.0,36000.0,10.280973,41.265354
2026-08-23 04:00:00+02:00,12.014,6.297428,16.56,0.0,0.0,33960.0,5.941551,38.886093
2026-08-23 05:00:00+02:00,11.1640005,5.4477882,14.759999,0.0,0.0,26140.0,4.556962,38.15096
2026-08-23 06:00:00+02:00,10.714001,3.7064266,10.799999,0.0,0.0,22080.0,5.094838,37.293064
2026-08-23 07:00:00+02:00,10.564,2.5455842,6.4799995,0.0,0.0,20880.0,5.7641516,39.845184
2026-08-23 08:00:00+02:00,11.464001,4.32,7.92,2.0,0.0,16940.0,11.419714,38.287045
2026-08-23 09:00:00+02:00,13.314,3.7585104,11.159999,0.0,0.0,24720.0,9.65603,35.919647
2026-08-23 10:00:00+02:00,15.264,3.219938,9.36,67.0,0.0,29560.0,8.658227,35.138927
2026-08-23 11:00:00+02:00,17.314001,5.3999996,16.199999,25.0,0.0,36480.0,8.21518,37.493973
2026-08-23 12:00:00+02:00,18.514,7.24486,17.28,20.0,0.0,38400.0,3.2222586,41.045376
2026-08-23 13:00:00+02:00,19.664,8.217153,18.72,53.0,0.0,39540.0,3.1898732,45.144234
2026-08-23 14:00:00+02:00,20.764,7.145796,18.72,37.0,0.0,40480.0,6.835443,46.930866
2026-08-23 15:00:00+02:00,21.714,6.193674,16.199999,24.0,0.0,40980.0,6.1307654,48.09844
2026-08-23 16:00:00+02:00,22.364,7.491114,16.919998,22.0,0.0,41860.0,4.844117,46.381756
2026-08-23 17:00:00+02:00,22.664,6.2145634,17.28,0.0,0.0,42940.0,4.757608,45.186886
2026-08-23 18:00:00+02:00,22.314001,8.0899935,16.919998,0.0,0.0,42740.0,5.487309,48.69151
2026-08-23 19:00:00+02:00,21.664,8.714677,16.919998,0.0,0.0,42200.0,9.383359,46.55172
2026-08-23 20:00:00+02:00,20.214,6.696387,17.28,0.0,0.0,41560.0,8.765491,42.010185
2026-08-23 21:00:00+02:00,18.564001,6.489992,14.4,0.0,0.0,41000.0,5.094838,40.196545
2026-08-23 22:00:00+02:00,17.914,6.618519,15.119999,0.0,0.0,40920.0,4.9291077,39.06402
2026-08-23 23:00:00+02:00,16.914,5.8603754,16.56,0.0,0.0,40320.0,5.094838,37.6938
2026-08-24 00:00:00+02:00,16.714,3.8939953,14.04,0.0,0.0,40700.0,6.0797453,38.881138
2026-08-24 01:00:00+02:00,15.864,5.904439,10.440001,0.0,0.0,40440.0,8.84802,39.3049
2026-08-24 02:00:00+02:00,14.514,5.315336,11.879999,0.0,0.0,38660.0,9.113924,34.62536
2026-08-24 03:00:00+02:00,13.6640005,4.6800003,10.799999,0.0,0.0,36060.0,12.95332,34.024887
2026-08-24 04:00:00+02:00,13.014,4.5536795,8.28,0.0,0.0,34400.0,18.599998,36.809563
2026-08-24 05:00:00+02:00,12.214001,4.1046314,9.0,0.0,0.0,30160.0,15.500371,39.724133
2026-08-24 06:00:00+02:00,11.714001,3.6179552,6.8399997,0.0,0.0,28180.0,15.916784,39.801647
2026-08-24 07:00:00+02:00,11.6640005,2.5455842,6.8399997,0.0,0.0,32260.0,14.482251,33.042614
2026-08-24 08:00:00+02:00,12.814,2.2768397,5.04,0.0,0.0,26140.0,17.250372,31.059296
2026-08-24 09:00:00+02:00,15.214001,4.510787,9.36,0.0,0.0,29340.0,20.379353,27.931032
2026-08-24 10:00:00+02:00,16.114,5.771239,13.679999,0.0,0.0,30100.0,11.961482,22.482334
2026-08-24 11:00:00+02:00,18.264,3.5455887,15.84,0.0,0.0,37500.0,11.618018,32.42472
2026-08-24 12:00:00+02:00,20.064001,3.7585104,13.32,0.0,0.0,39440.0,13.033229,26.33363
2026-08-24 13:00:00+02:00,22.114,3.0758414,11.159999,0.0,0.0,40300.0,12.969341,28.423246
2026-08-24 14:00:00+02:00,22.264,2.8116899,12.599999,0.0,0.0,40580.0,4.57969,31.410818
2026-08-24 15:00:00+02:00,23.414,6.696387,15.4800005,0.0,0.0,40600.0,0.9113924,34.636482
2026-08-24 16:00:00+02:00,23.664,10.00256,18.0,0.0,0.0,40800.0,5.012658,30.822723
2026-08-24 17:00:00+02:00,23.414,12.096214,20.16,0.0,0.0,40920.0,6.895935,30.659805
2026-08-24 18:00:00+02:00,23.564001,13.281023,25.199999,0.0,0.0,40560.0,12.710575,27.338541
2026-08-24 19:00:00+02:00,22.864,13.783817,27.359999,0.0,0.0,40600.0,15.473553,26.392084
2026-08-24 20:00:00+02:00,21.814001,10.799999,25.199999,0.0,0.0,40700.0,17.90602,18.042753
2026-08-24 21:00:00+02:00,20.464,11.177405,27.72,0.0,0.0,40040.0,14.759212,12.780782
2026-08-24 22:00:00+02:00,19.864,7.9526596,27.72,0.0,0.1,39740.0,10.401459,13.739551
2026-08-24 23:00:00+02:00,18.064001,5.771239,29.519999,0.0,0.0,34820.0,13.495072,19.803793
2026-08-25 00:00:00+02:00,17.814001,5.4477882,17.28,0.0,0.0,35100.0,10.520564,16.13793
2026-08-25 01:00:00+02:00,17.714,9.290511,17.64,0.0,0.0,38260.0,4.757608,10.533453
2026-08-25 02:00:00+02:00,16.464,11.252519,29.519999,43.0,0.0,38340.0,7.7468357,16.386677
2026-08-25 03:00:00+02:00,15.9140005,2.0364676,21.96,53.0,0.0,36780.0,0.9113924,23.878407
2026-08-25 04:00:00+02:00,15.9140005,3.319036,7.5599995,57.0,0.2,36040.0,2.577807,28.659466
2026-08-25 05:00:00+02:00,15.314,6.763786,12.959999,62.0,1.1,28420.0,7.0889688,17.167427
2026-08-25 06:00:00+02:00,14.464001,9.9571085,21.24,60.0,4.4,15500.0,10.391472,12.051613
2026-08-25 07:00:00+02:00,14.4140005,10.739832,25.919998,79.0,5.3,820.0,25.06329,7.4740934
2026-08-25 08:00:00+02:00,14.564,4.73506,25.199999,53.0,3.3,11440.0,21.653961,11.241167
2026-08-25 09:00:00+02:00,15.064,7.2359104,15.119999,55.0,0.4,14040.0,17.60191,25.478533
2026-08-25 10:00:00+02:00,16.214,4.73506,14.759999,47.0,0.4,14920.0,23.28068,37.14297
2026-08-25 11:00:00+02:00,16.214,5.6233797,12.599999,94.0,0.4,22880.0,32.81329,40.416378
2026-08-25 12:00:00+02:00,17.814001,5.3517847,12.959999,46.0,0.0,30820.0,41.510895,40.196545
2026-08-25 13:00:00+02:00,18.814001,10.787993,21.24,61.0,0.0,32540.0,42.06498,50.041595
2026-08-25 14:00:00+02:00,20.764,16.171976,27.72,41.0,0.0,36420.0,32.174217,47.20915
2026-08-25 15:00:00+02:00,22.714,17.026896,32.760002,43.0,0.0,38820.0,36.184113,44.693962
2026-08-25 16:00:00+02:00,23.714,16.327497,32.399998,48.0,0.0,40440.0,24.318981,45.998085
2026-08-25 17:00:00+02:00,23.814001,10.365251,30.599998,21.0,0.0,40620.0,20.465782,49.69007
2026-08-25 18:00:00+02:00,23.564001,6.9527545,21.24,29.0,0.0,40600.0,16.411392,49.968407
2026-08-25 19:00:00+02:00,22.464,5.154415,13.679999,42.0,0.0,38980.0,7.800262,60.133266
2026-08-25 20:00:00+02:00,20.014,9.178235,13.679999,19.0,0.0,31140.0,16.755745,56.893913
2026-08-25 21:00:00+02:00,18.114,6.489992,16.919998,20.0,0.0,18440.0,15.5204525,53.9536
2026-08-25 22:00:00+02:00,17.714,4.452954,10.08,49.0,0.0,22120.0,10.391472,54.863487
2026-08-25 23:00:00+02:00,17.514,3.4152596,6.4799995,14.0,0.0,17020.0,13.215189,51.93433
2026-08-26 00:00:00+02:00,17.764,1.609969,5.04,37.0,0.2,21940.0,22.884842,48.87709
2026-08-26 01:00:00+02:00,17.864,1.835647,4.68,2.0,0.0,23660.0,29.078987,55.91032
2026-08-26 02:00:00+02:00,17.014,1.1384199,3.96,6.0,0.0,21060.0,31.849869,52.329693
2026-08-26 03:00:00+02:00,16.814001,3.8939953,8.64,21.0,0.0,16120.0,27.417616,50.714558
2026-08-26 04:00:00+02:00,17.064001,5.3517847,10.799999,6.0,0.0,16260.0,26.540146,50.137737
2026-08-26 05:00:00+02:00,17.014,4.3349743,10.440001,0.0,0.0,20800.0,22.988956,46.72107
2026-08-26 06:00:00+02:00,17.114,4.1046314,10.799999,7.0,0.0,16900.0,21.783041,46.2195
2026-08-26 07:00:00+02:00,17.314001,2.9024127,8.64,14.0,0.0,19260.0,22.91658,45.24653
2026-08-26 08:00:00+02:00,17.814001,3.6,7.2,9.0,0.0,20700.0,20.470856,44.1781
2026-08-26 09:00:00+02:00,19.314001,2.7416782,8.64,22.0,0.0,24460.0,19.030432,42.791584
2026-08-26 10:00:00+02:00,21.064001,1.1384199,6.4799995,0.0,0.0,30800.0,16.755745,45.276318
2026-08-26 11:00:00+02:00,22.514,1.08,6.12,5.0,0.0,36080.0,15.693425,46.568268
2026-08-26 12:00:00+02:00,23.714,1.8,5.7599998,42.0,0.0,37460.0,13.402427,43.060833
2026-08-26 13:00:00+02:00,24.814001,1.609969,7.5599995,75.0,0.0,39240.0,6.3960004,39.845184
2026-08-26 14:00:00+02:00,26.014,5.2416787,16.199999,3.0,0.0,41360.0,5.941551,36.36733
2026-08-26 15:00:00+02:00,26.564001,5.1544156,11.159999,0.0,0.0,42800.0,6.3960004,36.55751
2026-08-26 16:00:00+02:00,26.614,3.319036,11.5199995,0.0,0.0,42320.0,2.7718916,38.662537
2026-08-26 17:00:00+02:00,26.014,3.8773184,9.36,39.0,0.0,40660.0,1.8788835,27.493116
2026-08-26 18:00:00+02:00,25.364,7.2805495,13.679999,0.0,0.0,40400.0,6.3960004,30.56542
2026-08-26 19:00:00+02:00,24.314001,6.5693827,16.199999,0.0,0.0,39980.0,8.215179,40.72027
2026-08-26 20:00:00+02:00,23.314001,6.151683,12.959999,0.0,0.0,40820.0,9.952556,52.849815
2026-08-26 21:00:00+02:00,22.364,7.9932976,16.199999,0.0,0.0,40840.0,8.598059,59.04713
2026-08-26 22:00:00+02:00,21.514,9.36,19.44,0.0,0.0,38860.0,7.78694,59.096043
2026-08-26 23:00:00+02:00,20.614,6.489992,20.880001,0.0,0.0,34620.0,8.987734,60.08199
2026-08-27 00:00:00+02:00,20.164,6.9153743,15.84,0.0,0.0,38260.0,13.889393,66.08523
2026-08-27 01:00:00+02:00,20.014,8.4963045,18.72,0.0,0.0,37840.0,10.870049,62.20846
2026-08-27 02:00:00+02:00,19.364,5.5887027,18.359999,0.0,0.0,30600.0,8.646228,68.00448
2026-08-27 03:00:00+02:00,19.664,5.4119864,14.4,0.0,0.0,33340.0,7.78694,69.9702
2026-08-27 04:00:00+02:00,19.864,4.6102495,11.5199995,0.0,0.0,34720.0,4.907998,69.38688
2026-08-27 05:00:00+02:00,19.414,4.072935,8.28,0.0,0.0,30380.0,5.709857,49.16003
2026-08-27 06:00:00+02:00,18.914,5.00128,10.440001,0.0,0.0,31220.0,11.501252,48.118458
2026-08-27 07:00:00+02:00,18.864,3.319036,12.24,0.0,0.0,31400.0,13.246578,41.590836
2026-08-27 08:00:00+02:00,18.614,2.5455842,6.8399997,0.0,0.0,23860.0,10.331347,29.857687
2026-08-27 09:00:00+02:00,21.014,2.7416782,5.04,0.0,0.0,20220.0,6.728273,25.516308
2026-08-27 10:00:00+02:00,22.764,3.0547013,6.12,0.0,0.0,30240.0,4.556962,34.413307
2026-08-27 11:00:00+02:00,23.614,2.16,10.440001,0.0,0.0,33440.0,9.215885,31.722036
2026-08-27 12:00:00+02:00,24.664,2.9024127,7.92,7.0,0.0,35220.0,9.752324,47.06203
2026-08-27 13:00:00+02:00,25.764,4.829907,10.799999,0.0,0.0,40260.0,11.392405,53.609764
2026-08-27 14:00:00+02:00,27.014,5.991594,10.799999,0.0,0.0,40480.0,16.182028,52.733055
2026-08-27 15:00:00+02:00,27.764,4.8965297,13.679999,0.0,0.0,40680.0,13.402427,51.50228
2026-08-27 16:00:00+02:00,27.964,3.0547013,10.799999,0.0,0.0,41260.0,11.715913,44.775776
2026-08-27 17:00:00+02:00,28.814001,3.096837,9.36,0.0,0.0,42900.0,6.330734,39.083736
2026-08-27 18:00:00+02:00,28.764,0.71999997,6.8399997,0.0,0.0,42120.0,10.331347,36.372623
2026-08-27 19:00:00+02:00,27.664,6.725354,10.440001,0.0,0.0,41780.0,3.2222586,41.21398
2026-08-27 20:00:00+02:00,25.314001,2.2768397,12.599999,0.0,0.0,39860.0,4.6916795,37.744873
2026-08-27 21:00:00+02:00,24.614,4.0249224,9.0,0.0,0.0,41520.0,8.36547,43.968315
2026-08-27 22:00:00+02:00,23.564001,5.8048253,12.24,0.0,0.0,41320.0,16.73094,51.50228
2026-08-27 23:00:00+02:00,23.064001,7.2,19.8,0.0,0.0,40320.0,20.133314,49.15611
2026-08-28 00:00:00+02:00,22.864,10.144082,23.039999,0.0,0.0,39740.0,18.733494,54.429913
2026-08-28 01:00:00+02:00,23.064001,9.826088,23.759998,0.0,0.0,40600.0,17.584206,64.37243
2026-08-28 02:00:00+02:00,22.464,3.8773184,23.4,0.0,0.0,40060.0,14.709885,52.849815
2026-08-28 03:00:00+02:00,21.614,2.7416782,10.08,0.0,0.0,38780.0,12.512989,54.87402
2026-08-28 04:00:00+02:00,21.514,4.6102495,6.8399997,0.0,0.0,39140.0,14.759212,66.71764
2026-08-28 05:00:00+02:00,21.264,4.0249224,12.959999,0.0,0.0,36400.0,8.21518,55.003746
2026-08-28 06:00:00+02:00,20.814001,4.32,13.679999,0.0,0.0,34280.0,5.709857,67.95347
2026-08-28 07:00:00+02:00,21.214,3.671294,11.879999,0.0,0.0,37120.0,12.969341,71.15226
2026-08-28 08:00:00+02:00,21.064001,0.71999997,7.5599995,0.0,0.0,35320.0,12.337506,59.7444
2026-08-28 09:00:00+02:00,22.314001,5.3517847,10.08,0.0,0.0,33780.0,12.512989,71.97056
2026-08-28 10:00:00+02:00,22.414,31.76375,41.760002,78.0,0.0,27700.0,21.725767,76.3877
2026-08-28 11:00:00+02:00,20.614,29.660152,57.6,100.0,0.0,30880.0,48.99529,65.16946
2026-08-28 12:00:00+02:00,19.014,25.932495,54.0,94.0,1.7,24860.0,71.54575,56.731167
2026-08-28 13:00:00+02:00,18.064001,25.068514,48.6,0.0,2.6,5780.0,57.361637,44.417274
2026-08-28 14:00:00+02:00,17.464,19.161337,47.519997,35.0,2.5,11220.0,45.977913,55.550854
2026-08-28 15:00:00+02:00,19.114,12.758432,34.2,42.0,0.7,34500.0,36.739403,73.989746
2026-08-28 16:00:00+02:00,20.014,11.726277,23.759998,53.0,0.0,36460.0,30.0794,60.770557
2026-08-28 17:00:00+02:00,18.614,13.104198,39.96,47.0,0.0,13260.0,38.905354,65.43494
2026-08-28 18:00:00+02:00,17.614,13.397612,30.239998,13.0,1.2,36180.0,47.70902,55.824123
2026-08-28 19:00:00+02:00,16.914,13.207634,25.919998,0.0,1.6,28540.0,38.667107,79.82078
2026-08-28 20:00:00+02:00,16.214,7.628263,25.199999,42.0,0.3,30600.0,32.05459,98.39056
2026-08-28 21:00:00+02:00,16.264,5.4833565,18.72,49.0,0.0,30780.0,37.135746,78.8569
2026-08-28 22:00:00+02:00,16.414,4.6800003,14.759999,43.0,0.0,35420.0,39.961205,76.08196
2026-08-28 23:00:00+02:00,15.564,6.638072,15.119999,23.0,0.0,30860.0,37.913265,61.698544
2026-08-29 00:00:00+02:00,15.864,5.6233797,15.4800005,58.0,0.0,28920.0,35.780132,61.37613
2026-08-29 01:00:00+02:00,15.764,4.896529,15.4800005,65.0,0.0,31360.0,33.83218,61.901146
2026-08-29 02:00:00+02:00,15.564,4.8433046,12.959999,52.0,0.0,29180.0,32.106377,54.44053
2026-08-29 03:00:00+02:00,15.214001,5.2416787,13.32,56.0,0.0,27900.0,26.296474,51.123127
2026-08-29 04:00:00+02:00,14.964001,3.2399998,11.5199995,16.0,0.0,29340.0,22.193855,48.85738
2026-08-29 05:00:00+02:00,14.114,2.9024127,9.0,13.0,0.0,27200.0,24.117481,43.612003
2026-08-29 06:00:00+02:00,13.864,2.6208394,5.7599998,0.0,0.0,27420.0,19.338923,44.138844
2026-08-29 07:00:00+02:00,13.564,1.835647,5.04,0.0,0.0,23160.0,21.257141,42.425396
2026-08-29 08:00:00+02:00,14.114,4.072935,5.7599998,0.0,0.0,20340.0,25.910645,43.871822
2026-08-29 09:00:00+02:00,15.864,4.8965297,11.879999,0.0,0.0,27040.0,27.116795,41.157852
2026-08-29 10:00:00+02:00,17.414,8.534353,16.56,0.0,0.0,38400.0,30.586008,35.54769
2026-08-29 11:00:00+02:00,18.464,11.27553,21.96,0.0,0.0,40080.0,35.87287,27.493116
2026-08-29 12:00:00+02:00,19.464,14.799459,28.44,29.0,0.0,38380.0,43.004784,29.14599
2026-08-29 13:00:00+02:00,20.564001,16.62249,33.48,18.0,0.0,40040.0,42.84514,36.872307
2026-08-29 14:00:00+02:00,21.614,17.313717,36.0,9.0,0.0,40880.0,21.996489,42.520634
2026-08-29 15:00:00+02:00,21.864,16.56,34.2,0.0,0.0,40860.0,25.31063,44.951813
2026-08-29 16:00:00+02:00,22.464,18.844202,36.719997,0.0,0.0,41160.0,27.5875,46.795223
2026-08-29 17:00:00+02:00,21.914,16.23596,38.16,0.0,0.0,41540.0,25.363905,46.08594
2026-08-29 18:00:00+02:00,21.664,19.164719,36.0,0.0,0.0,42420.0,37.034954,45.767178
2026-08-29 19:00:00+02:00,21.114,11.090103,37.8,7.0,0.0,41720.0,38.37059,48.778465
2026-08-29 20:00:00+02:00,20.314001,10.30883,20.519999,0.0,0.0,40700.0,41.50589,42.805088
2026-08-29 21:00:00+02:00,19.164,9.0,23.759998,0.0,0.0,40040.0,40.085728,42.593056
2026-08-29 22:00:00+02:00,18.014,6.696387,19.44,0.0,0.0,39500.0,36.378716,42.302624
2026-08-29 23:00:00+02:00,17.764,6.9153743,16.199999,0.0,0.0,37880.0,34.055477,39.709587
2026-08-30 00:00:00+02:00,17.364,6.696387,18.359999,0.0,0.0,36920.0,38.24863,37.00268
2026-08-30 01:00:00+02:00,17.164,5.8048253,16.919998,0.0,0.0,37040.0,36.809986,37.816254
2026-08-30 02:00:00+02:00,16.914,7.7879906,17.64,0.0,0.0,35620.0,37.325386,45.64496
2026-08-30 03:00:00+02:00,17.164,8.089993,21.96,0.0,0.0,36420.0,37.759594,45.80084
2026-08-30 04:00:00+02:00,17.014,5.6233797,20.519999,43.0,0.0,36280.0,36.45854,48.31023
2026-08-30 05:00:00+02:00,16.264,6.1094027,15.84,9.0,0.0,36120.0,36.603497,45.41226
2026-08-30 06:00:00+02:00,16.114,4.8433046,15.119999,7.0,0.0,36840.0,36.75353,44.758564
2026-08-30 07:00:00+02:00,16.364,3.4152596,12.599999,34.0,0.0,38700.0,35.72205,44.60768
2026-08-30 08:00:00+02:00,16.564001,5.1919937,11.879999,23.0,0.0,37440.0,33.01518,42.425396
2026-08-30 09:00:00+02:00,18.114,5.6233797,14.759999,0.0,0.0,38700.0,32.405735,42.647293
2026-08-30 10:00:00+02:00,19.614,8.587338,16.919998,0.0,0.0,39600.0,31.479338,42.461704
2026-08-30 11:00:00+02:00,20.714,12.57426,23.039999,0.0,0.0,40360.0,35.017517,39.53457
2026-08-30 12:00:00+02:00,22.114,14.345898,28.08,0.0,0.0,40660.0,35.04123,41.516666
2026-08-30 13:00:00+02:00,22.964,15.39184,30.599998,0.0,0.0,40780.0,36.931076,48.41777
2026-08-30 14:00:00+02:00,24.014,15.542662,31.319998,0.0,0.0,40940.0,26.098305,50.653748
2026-08-30 15:00:00+02:00,24.464,16.299694,32.399998,4.0,0.0,40960.0,23.524696,53.51266
2026-08-30 16:00:00+02:00,24.914,16.215992,32.039997,14.0,0.0,41200.0,24.624466,53.32515
2026-08-30 17:00:00+02:00,25.114,13.722565,32.399998,0.0,0.0,42200.0,28.256838,50.524284
2026-08-30 18:00:00+02:00,24.864,11.885453,27.0,0.0,0.0,42000.0,19.403242,49.285255
2026-08-30 19:00:00+02:00,24.314001,7.6367526,21.96,0.0,0.0,41800.0,12.961332,51.021294
2026-08-30 20:00:00+02:00,23.114,3.6,13.679999,0.0,0.0,41220.0,16.104847,50.991077
2026-08-30 21:00:00+02:00,21.814001,2.1897945,7.5599995,0.0,0.0,40740.0,13.525812,50.35243
2026-08-30 22:00:00+02:00,21.214,3.8268526,5.04,0.0,0.0,40980.0,12.312233,53.36848
2026-08-30 23:00:00+02:00,20.114,5.4119864,12.959999,0.0,0.0,37680.0,24.489164,57.0562
2026-08-31 00:00:00+02:00,20.014,5.7599998,14.4,0.0,0.0,39120.0,33.240845,59.203506
2026-08-31 01:00:00+02:00,20.314001,6.439876,15.119999,0.0,0.0,40500.0,39.94821,63.762074
2026-08-31 02:00:00+02:00,16.914,15.84,36.36,40.0,0.4,12920.0,63.904785,78.285675
2026-08-31 03:00:00+02:00,17.214,10.144082,32.760002,0.0,0.3,16140.0,60.64869,84.03184
2026-08-31 04:00:00+02:00,17.114,8.373386,22.68,9.0,0.0,23320.0,52.05718,87.3498
2026-08-31 05:00:00+02:00,16.664,11.177405,26.28,60.0,0.0,22140.0,46.25934,92.59932
2026-08-31 06:00:00+02:00,16.614,8.049845,24.119999,68.0,0.0,22300.0,48.861595,93.937645
2026-08-31 07:00:00+02:00,16.364,7.42159,19.8,77.0,0.0,14080.0,41.82735,88.32568
2026-08-31 08:00:00+02:00,16.664,10.464798,19.44,67.0,0.0,23940.0,42.796642,83.33437
2026-08-31 09:00:00+02:00,16.914,10.1376915,20.519999,74.0,0.0,25300.0,45.067867,79.683105
2026-08-31 10:00:00+02:00,17.564001,13.363711,27.72,84.0,0.0,29820.0,54.168457,74.4336
2026-08-31 11:00:00+02:00,18.664,18.089775,28.8,48.0,0.0,40140.0,57.251114,72.73466
2026-08-31 12:00:00+02:00,19.764,20.211363,39.239998,43.0,0.0,39960.0,54.821976,68.36608
2026-08-31 13:00:00+02:00,20.864,22.862125,43.92,4.0,0.0,40780.0,46.659374,68.36608
2026-08-31 14:00:00+02:00,21.864,21.707731,46.079998,4.0,0.0,40980.0,33.012035,68.18834
2026-08-31 15:00:00+02:00,22.564001,24.50381,47.16,0.0,0.0,43560.0,40.31044,66.62229
2026-08-31 16:00:00+02:00,22.764,23.444265,47.88,0.0,0.0,43340.0,41.075897,63.231186
2026-08-31 17:00:00+02:00,22.914,20.957443,47.88,0.0,0.0,43580.0,31.653667,65.80482
2026-08-31 18:00:00+02:00,22.614,23.14103,41.760002,3.0,0.0,43300.0,40.62091,63.35292
2026-08-31 19:00:00+02:00,20.864,11.808878,43.92,3.0,0.0,41460.0,33.268944,62.347645
2026-08-31 20:00:00+02:00,19.914,13.584932,25.56,3.0,0.0,41700.0,40.10385,61.95092
2026-08-31 21:00:00+02:00,18.564001,8.217153,22.319998,43.0,0.0,41660.0,33.012035,57.376034
2026-08-31 22:00:00+02:00,18.164,4.198285,18.359999,8.0,0.0,41160.0,21.437103,48.022285
2026-08-31 23:00:00+02:00,16.664,5.495161,9.72,0.0,0.0,40400.0,17.777994,42.36178
2026-09-01 00:00:00+02:00,16.014,4.6102495,13.32,0.0,0.0,40280.0,20.097183,42.84557
2026-09-01 01:00:00+02:00,15.864,3.2399998,10.799999,0.0,0.0,40300.0,19.231243,44.1781
2026-09-01 02:00:00+02:00,15.214001,2.4149535,10.08,4.0,0.0,39280.0,10.955679,39.34408
2026-09-01 03:00:00+02:00,15.264,1.609969,6.4799995,41.0,0.0,39480.0,8.561753,41.66025
2026-09-01 04:00:00+02:00,15.264,1.8,3.6,47.0,0.0,39400.0,10.401459,40.464012
2026-09-01 05:00:00+02:00,14.1640005,3.671294,5.3999996,55.0,0.0,37080.0,10.628571,38.04478
2026-09-01 06:00:00+02:00,13.814,3.319036,6.8399997,23.0,0.0,36560.0,12.636843,35.817608
2026-09-01 07:00:00+02:00,14.014,1.609969,6.12,24.0,0.0,36780.0,10.754816,34.896893
2026-09-01 08:00:00+02:00,14.1640005,2.3051248,2.52,0.0,0.0,34660.0,12.030725,31.649084
2026-09-01 09:00:00+02:00,15.964001,3.4152596,6.4799995,0.0,0.0,34980.0,13.594724,31.404686
2026-09-01 10:00:00+02:00,17.814001,4.39436,10.08,7.0,0.0,36940.0,14.192577,31.38628
2026-09-01 11:00:00+02:00,19.064001,3.9763298,13.679999,60.0,0.0,39780.0,10.035667,33.3097
2026-09-01 12:00:00+02:00,20.014,7.5599995,16.199999,36.0,0.0,40600.0,8.21518,36.11219
2026-09-01 13:00:00+02:00,21.214,6.489992,16.919998,0.0,0.0,41560.0,6.835443,37.122223
2026-09-01 14:00:00+02:00,22.314001,7.342588,18.0,0.0,0.0,42020.0,6.444517,38.15096
2026-09-01 15:00:00+02:00,22.814001,8.473393,19.44,0.0,0.0,42400.0,7.515534,41.493458
2026-09-01 16:00:00+02:00,22.914,10.00256,20.880001,0.0,0.0,42840.0,8.800955,42.751053
2026-09-01 17:00:00+02:00,22.514,4.8965297,19.8,0.0,0.0,42480.0,5.7641516,45.259296
2026-09-01 18:00:00+02:00,22.214,4.6800003,11.879999,49.0,0.0,41960.0,7.7602262,47.841442
2026-09-01 19:00:00+02:00,21.314001,5.6920996,10.440001,45.0,0.0,41420.0,8.21518,48.987316
2026-09-01 20:00:00+02:00,19.164,5.315336,10.799999,42.0,0.0,40140.0,3.4704785,46.980095
2026-09-01 21:00:00+02:00,17.764,5.1165614,12.959999,0.0,0.0,40180.0,4.488087,41.877007
2026-09-01 22:00:00+02:00,17.514,5.634891,11.5199995,0.0,0.0,41020.0,4.57969,41.026596
2026-09-01 23:00:00+02:00,17.164,2.7416782,12.599999,0.0,0.0,41020.0,6.895935,36.9558
2026-09-02 00:00:00+02:00,17.064001,2.0364676,3.2399998,0.0,0.0,40980.0,7.418196,33.476986
2026-09-02 01:00:00+02:00,16.614,2.0364676,5.04,0.0,0.0,40620.0,11.208644,32.25795
2026-09-02 02:00:00+02:00,15.6640005,2.0991426,2.8799999,0.0,0.0,39800.0,10.520564,28.880415
2026-09-02 03:00:00+02:00,15.214001,1.2979984,3.2399998,0.0,0.0,39480.0,10.831775,32.667385
2026-09-02 04:00:00+02:00,14.814,2.9024127,4.68,0.0,0.0,38800.0,11.848101,35.531433
2026-09-02 05:00:00+02:00,13.964001,1.9386592,3.96,0.0,0.0,36300.0,14.560902,36.58385
2026-09-02 06:00:00+02:00,13.6640005,3.396233,4.68,0.0,0.0,35760.0,17.590109,40.663464
2026-09-02 07:00:00+02:00,13.614,2.5959969,5.3999996,0.0,0.0,33800.0,16.86076,40.819485
2026-09-02 08:00:00+02:00,14.1640005,3.396233,6.12,0.0,0.0,32340.0,22.104788,43.448273
2026-09-02 09:00:00+02:00,16.064,4.39436,10.08,0.0,0.0,30800.0,23.788038,38.60769
2026-09-02 10:00:00+02:00,18.114,5.8603754,14.4,0.0,0.0,37840.0,25.363905,36.53116
2026-09-02 11:00:00+02:00,19.414,10.137692,19.44,0.0,0.0,40340.0,27.097643,40.502075
2026-09-02 12:00:00+02:00,20.614,14.799459,28.08,0.0,0.0,39980.0,31.101055,38.846447
2026-09-02 13:00:00+02:00,21.514,16.93531,31.68,0.0,0.0,40660.0,32.977425,43.581074
2026-09-02 14:00:00+02:00,22.814001,14.917212,31.319998,0.0,0.0,42860.0,34.1529,43.221573
2026-09-02 15:00:00+02:00,23.564001,14.917212,28.08,0.0,0.0,44360.0,33.0529,41.752625
2026-09-02 16:00:00+02:00,24.014,14.799459,28.44,0.0,0.0,43620.0,22.789366,43.77072
2026-09-02 17:00:00+02:00,23.964,11.966953,28.8,4.0,0.0,42720.0,25.129486,45.02033
2026-09-02 18:00:00+02:00,23.414,12.144331,24.119999,0.0,0.0,42120.0,25.207869,44.260868
2026-09-02 19:00:00+02:00,22.364,11.177405,21.599998,13.0,0.0,42060.0,16.461926,44.138847
2026-09-02 20:00:00+02:00,20.914,7.208994,18.72,0.0,0.0,41400.0,10.481012,42.49798
2026-09-02 21:00:00+02:00,19.414,6.379216,20.16,0.0,0.0,40680.0,9.784211,41.437717
2026-09-02 22:00:00+02:00,18.564001,5.815978,14.4,17.0,0.0,40320.0,10.667574,39.65619
2026-09-02 23:00:00+02:00,18.964,2.52,11.879999,35.0,0.0,40180.0,12.030725,34.580822
2026-09-03 00:00:00+02:00,18.614,2.5455842,6.4799995,50.0,0.0,39600.0,10.955679,32.773354
2026-09-03 01:00:00+02:00,18.864,1.484318,4.68,65.0,0.0,40140.0,13.701232,33.338604
2026-09-03 02:00:00+02:00,17.764,3.096837,5.3999996,47.0,0.0,38820.0,11.02182,33.036785
2026-09-03 03:00:00+02:00,17.614,1.8,5.3999996,40.0,0.0,38900.0,10.628571,31.238638
2026-09-03 04:00:00+02:00,17.314001,2.6208394,5.3999996,46.0,0.0,39120.0,12.570939,30.710028
2026-09-03 05:00:00+02:00,16.314,2.5959969,11.159999,41.0,0.0,36400.0,15.57388,27.875805
2026-09-03 06:00:00+02:00,15.864,2.9024127,6.4799995,38.0,0.0,35100.0,15.473553,29.179014
2026-09-03 07:00:00+02:00,15.6640005,1.2979984,4.68,11.0,0.0,33360.0,14.843389,29.494188
2026-09-03 08:00:00+02:00,15.764,3.671294,4.68,0.0,0.0,30420.0,20.11784,35.138927
2026-09-03 09:00:00+02:00,17.414,4.6938257,10.440001,0.0,0.0,32300.0,23.788038,31.806936
2026-09-03 10:00:00+02:00,19.414,7.24486,16.199999,0.0,0.0,36580.0,27.842255,29.980017
2026-09-03 11:00:00+02:00,20.764,12.261158,23.759998,0.0,0.0,39280.0,29.225016,27.204338
2026-09-03 12:00:00+02:00,21.714,14.799459,28.44,4.0,0.0,39160.0,33.14387,27.493116
2026-09-03 13:00:00+02:00,23.014,18.72346,34.92,7.0,0.0,40740.0,36.054756,29.611515
2026-09-03 14:00:00+02:00,23.914,17.731598,37.44,0.0,0.0,42620.0,31.174416,31.330996
2026-09-03 15:00:00+02:00,24.514,16.595179,33.839996,0.0,0.0,42040.0,30.504429,32.37121
2026-09-03 16:00:00+02:00,24.964,15.5843,32.039997,0.0,0.0,42140.0,25.539322,33.769165
2026-09-03 17:00:00+02:00,25.314001,14.471821,29.88,0.0,0.0,42940.0,21.892395,31.36786
2026-09-03 18:00:00+02:00,24.814001,12.979984,28.08,0.0,0.0,42240.0,21.203342,32.40095
2026-09-03 19:00:00+02:00,24.114,10.823973,24.48,0.0,0.0,41720.0,17.60781,35.73146
2026-09-03 20:00:00+02:00,22.864,7.69592,19.8,0.0,0.0,41620.0,18.233543,39.45653
2026-09-03 21:00:00+02:00,21.414,2.968636,16.199999,0.0,0.0,40920.0,17.69604,40.273144
2026-09-03 22:00:00+02:00,20.864,1.5273507,6.8399997,0.0,0.0,41340.0,18.904528,39.45165
2026-09-03 23:00:00+02:00,19.464,3.8268526,4.32,0.0,0.0,39720.0,18.555286,36.64172
2026-09-04 00:00:00+02:00,18.714,3.219938,7.5599995,0.0,0.0,40060.0,18.683542,35.531433
2026-09-04 01:00:00+02:00,18.914,3.396233,7.92,0.0,0.0,41220.0,20.225931,36.767677
2026-09-04 02:00:00+02:00,17.864,4.198285,7.92,0.0,0.0,40660.0,21.344877,39.417458
2026-09-04 03:00:00+02:00,17.364,3.8939953,10.799999,0.0,0.0,39720.0,24.64554,39.201843
2026-09-04 04:00:00+02:00,17.464,3.563818,9.72,0.0,0.0,39580.0,27.254288,37.493973
2026-09-04 05:00:00+02:00,16.514,4.39436,9.72,0.0,0.0,38580.0,29.114672,40.0429
2026-09-04 06:00:00+02:00,16.314,4.3349743,12.24,0.0,0.0,38240.0,31.127754,37.6938
2026-09-04 07:00:00+02:00,16.764,3.7585104,10.440001,0.0,0.0,39340.0,30.886656,38.287045
2026-09-04 08:00:00+02:00,16.514,5.1165614,9.0,0.0,0.0,37320.0,36.981644,38.542778
2026-09-04 09:00:00+02:00,18.664,6.193674,16.919998,0.0,0.0,39240.0,39.205765,38.10549
2026-09-04 10:00:00+02:00,21.014,8.373386,20.880001,0.0,0.0,40880.0,37.921482,38.587734
2026-09-04 11:00:00+02:00,22.714,12.768586,21.599998,0.0,0.0,42020.0,38.62949,40.421146
2026-09-04 12:00:00+02:00,24.114,13.202726,26.64,0.0,0.0,41980.0,40.070183,40.349598
2026-09-04 13:00:00+02:00,26.114,15.815435,30.239998,0.0,0.0,42900.0,42.082253,42.93988
2026-09-04 14:00:00+02:00,27.414,17.462784,37.44,0.0,0.0,43960.0,39.77369,48.667767
2026-09-04 15:00:00+02:00,28.214,19.211996,37.8,0.0,0.0,45980.0,42.445843,50.520473
2026-09-04 16:00:00+02:00,28.914,20.431387,38.88,0.0,0.0,45880.0,45.67203,48.810047
2026-09-04 17:00:00+02:00,29.014,18.556595,38.88,0.0,0.0,45720.0,41.655716,52.097275
2026-09-04 18:00:00+02:00,28.714,19.242327,36.719997,0.0,0.0,45180.0,42.477634,55.171593
2026-09-04 19:00:00+02:00,27.964,15.725037,36.0,0.0,0.0,44000.0,44.846153,56.37352
2026-09-04 20:00:00+02:00,26.014,10.440001,28.44,0.0,0.0,41980.0,41.478367,58.61164
2026-09-04 21:00:00+02:00,24.264,7.2359104,21.599998,0.0,0.0,40920.0,36.914204,59.7444
2026-09-04 22:00:00+02:00,23.814001,5.154415,18.359999,0.0,0.0,40580.0,37.502995,62.477276
2026-09-04 23:00:00+02:00,22.514,6.638072,15.84,0.0,0.0,39580.0,38.321857,60.165287
2026-09-05 00:00:00+02:00,21.964,6.8777895,18.72,0.0,0.0,41260.0,41.558395,60.63728
2026-09-05 01:00:00+02:00,21.364,6.489992,18.359999,0.0,0.0,40800.0,39.656044,60.465492
2026-09-05 02:00:00+02:00,20.664,7.42159,19.08,5.0,0.0,39300.0,38.83056,69.28687
2026-09-05 03:00:00+02:00,20.164,7.342588,19.08,4.0,0.0,38880.0,33.293903,64.45616
2026-09-05 04:00:00+02:00,19.914,6.489992,19.8,4.0,0.0,38920.0,36.86354,63.613873
2026-09-05 05:00:00+02:00,19.464,11.525623,21.24,22.0,0.0,40040.0,39.937817,65.62013
2026-09-05 06:00:00+02:00,18.714,12.313893,29.16,7.0,0.0,37240.0,45.769684,63.13057
2026-09-05 07:00:00+02:00,18.464,9.346143,26.64,36.0,0.0,36560.0,41.578377,63.979218
2026-09-05 08:00:00+02:00,19.264,6.130579,21.599998,0.0,0.0,38040.0,33.517685,54.28817
2026-09-05 09:00:00+02:00,19.364,4.32,14.4,0.0,0.0,37600.0,25.555576,53.382915
2026-09-05 10:00:00+02:00,19.214,8.350138,15.84,77.0,0.0,36980.0,30.0794,54.793217
2026-09-05 11:00:00+02:00,20.464,8.905908,17.64,41.0,0.0,36920.0,28.723322,52.31865
2026-09-05 12:00:00+02:00,21.614,13.849476,26.64,91.0,0.0,38820.0,23.90994,44.260868
2026-09-05 13:00:00+02:00,21.564001,12.313893,28.08,75.0,0.0,38960.0,22.175133,34.08711
2026-09-05 14:00:00+02:00,22.564001,12.4811535,28.8,32.0,0.0,40160.0,15.284514,38.50277
2026-09-05 15:00:00+02:00,22.414,12.218805,25.919998,54.0,0.0,39860.0,15.044876,35.817608
2026-09-05 16:00:00+02:00,21.114,15.596767,33.12,41.0,0.0,36300.0,18.788836,33.723503
2026-09-05 17:00:00+02:00,21.414,11.792404,29.16,51.0,0.0,37000.0,18.233543,41.026596
2026-09-05 18:00:00+02:00,21.164,8.287822,23.4,58.0,0.0,36920.0,19.144665,38.980095
2026-09-05 19:00:00+02:00,20.814001,7.2359104,16.56,76.0,0.0,37100.0,15.065567,39.319595
2026-09-05 20:00:00+02:00,20.164,4.198285,15.119999,35.0,0.0,36440.0,19.387182,40.196545
2026-09-05 21:00:00+02:00,18.764,2.968636,7.5599995,12.0,0.0,32820.0,20.184822,29.818954
2026-09-05 22:00:00+02:00,18.264,2.8799999,5.04,0.0,0.0,35280.0,17.975468,24.989985
2026-09-05 23:00:00+02:00,18.014,2.0991426,4.68,26.0,0.0,33140.0,15.086228,25.20489
2026-09-06 00:00:00+02:00,17.814001,2.5455842,4.68,60.0,0.0,33400.0,9.952556,24.333883
2026-09-06 01:00:00+02:00,17.464,5.1919937,10.799999,43.0,0.0,31600.0,6.444517,22.284399
2026-09-06 02:00:00+02:00,16.264,4.510787,11.159999,19.0,0.0,23180.0,3.3175182,20.548483
2026-09-06 03:00:00+02:00,15.814,4.0249224,7.92,0.0,0.0,24460.0,3.67394,21.112572
2026-09-06 04:00:00+02:00,15.4140005,4.0249224,6.8399997,0.0,0.0,22560.0,4.844117,20.41682
2026-09-06 05:00:00+02:00,14.564,3.4152596,7.5599995,0.0,0.0,14140.0,4.9291077,19.62793
2026-09-06 06:00:00+02:00,14.114,5.3999996,9.0,73.0,0.0,740.0,3.2222586,16.94153
2026-09-06 07:00:00+02:00,14.1640005,4.198285,10.08,51.0,0.0,1900.0,2.453999,17.043554
2026-09-06 08:00:00+02:00,14.214001,4.2136917,9.72,15.0,0.0,10160.0,2.9178793,11.858258
2026-09-06 09:00:00+02:00,16.064,4.5536795,10.08,0.0,0.0,18240.0,2.6571426,10.1040945
2026-09-06 10:00:00+02:00,18.264,5.1919937,11.159999,0.0,0.0,29280.0,5.195736,8.068965
2026-09-06 11:00:00+02:00,19.664,6.4096174,17.28,0.0,0.0,34300.0,5.487309,8.442291
2026-09-06 12:00:00+02:00,21.214,7.42159,16.56,0.0,0.0,35980.0,5.094838,12.795844
2026-09-06 13:00:00+02:00,22.664,7.8954163,17.64,17.0,0.0,37100.0,5.9240503,17.522804
2026-09-06 14:00:00+02:00,23.814001,6.638072,18.72,37.0,0.0,39280.0,9.022324,20.055098
2026-09-06 15:00:00+02:00,24.614,6.4096174,14.759999,4.0,0.0,40140.0,10.870049,24.42869
2026-09-06 16:00:00+02:00,25.164,7.127636,16.199999,3.0,0.0,40980.0,14.67455,30.439116
2026-09-06 17:00:00+02:00,25.314001,5.1919937,16.199999,0.0,0.0,41460.0,13.464261,33.769165
2026-09-06 18:00:00+02:00,25.214,3.096837,10.799999,0.0,0.0,41640.0,14.67455,35.384754
2026-09-06 19:00:00+02:00,24.514,4.3349743,8.28,0.0,0.0,41400.0,20.727915,36.668
2026-09-06 20:00:00+02:00,22.514,2.5455842,7.5599995,0.0,0.0,40040.0,19.972805,37.86207
2026-09-06 21:00:00+02:00,21.314001,2.0991426,3.2399998,0.0,0.0,39800.0,27.254288,37.78568
2026-09-06 22:00:00+02:00,20.814001,5.904439,9.72,0.0,0.0,40640.0,28.245811,38.387535
2026-09-06 23:00:00+02:00,19.664,5.692099,14.759999,0.0,0.0,38940.0,25.539322,36.90886
2026-09-07 00:00:00+02:00,19.714,3.8939953,11.5199995,0.0,0.0,38360.0,28.625557,31.312546
2026-09-07 01:00:00+02:00,19.914,4.802999,9.36,0.0,0.0,37420.0,30.062136,31.776642
2026-09-07 02:00:00+02:00,18.914,5.8048253,10.799999,0.0,0.0,32060.0,26.418589,30.267769
2026-09-07 03:00:00+02:00,19.214,3.319036,10.799999,0.0,0.0,33400.0,27.097643,26.754532
2026-09-07 04:00:00+02:00,18.964,1.484318,6.4799995,0.0,0.0,33440.0,29.068275,23.03252
2026-09-07 05:00:00+02:00,17.464,6.3690495,11.879999,0.0,0.0,23460.0,33.268944,24.214851
2026-09-07 06:00:00+02:00,18.314001,11.874544,28.08,0.0,0.0,23640.0,38.734177,20.055098
2026-09-07 07:00:00+02:00,18.864,9.693296,32.039997,0.0,0.0,25480.0,24.497644,26.348255
2026-09-07 08:00:00+02:00,19.464,8.891344,25.56,0.0,0.3,34020.0,20.241323,34.244972
2026-09-07 09:00:00+02:00,20.314001,4.8965297,24.119999,0.0,0.0,34100.0,16.811422,45.314594
2026-09-07 10:00:00+02:00,21.664,3.2399998,12.959999,2.0,0.1,34320.0,22.347704,48.87709
2026-09-07 11:00:00+02:00,22.914,3.8773184,11.5199995,0.0,0.0,40000.0,24.913708,45.619633
2026-09-07 12:00:00+02:00,24.614,8.473393,17.64,0.0,0.0,40560.0,37.294773,44.590405
2026-09-07 13:00:00+02:00,24.914,11.304229,21.24,13.0,0.0,40680.0,51.849335,49.705578
2026-09-07 14:00:00+02:00,25.964,15.328561,29.88,0.0,0.0,40600.0,50.582275,51.97882
2026-09-07 15:00:00+02:00,26.914,20.833395,38.519997,0.0,0.0,41640.0,48.99529,50.137737
2026-09-07 16:00:00+02:00,27.114,17.518356,37.8,0.0,0.0,41640.0,44.741844,50.638535
2026-09-07 17:00:00+02:00,26.564001,13.084402,31.68,0.0,0.0,41380.0,40.14267,46.865147
2026-09-07 18:00:00+02:00,26.464,11.090103,25.199999,0.0,0.0,41460.0,36.558083,44.900364
2026-09-07 19:00:00+02:00,25.864,6.439876,20.16,0.0,0.0,41560.0,32.977425,47.188744
2026-09-07 20:00:00+02:00,23.864,5.6920996,13.32,0.0,0.0,40600.0,28.253164,50.900333
2026-09-07 21:00:00+02:00,22.864,4.3349743,11.879999,0.0,0.0,40220.0,26.074425,47.20915
2026-09-07 22:00:00+02:00,22.464,5.5887027,10.799999,0.0,0.0,40100.0,23.329687,42.868042
2026-09-07 23:00:00+02:00,22.014,4.32,12.24,0.0,0.0,38560.0,20.179676,41.433067
2026-09-08 00:00:00+02:00,21.564001,3.8939953,9.0,0.0,0.0,37880.0,18.239237,45.208195
2026-09-08 01:00:00+02:00,21.514,2.52,8.64,0.0,0.0,39020.0,16.587591,44.434612
2026-09-08 02:00:00+02:00,20.764,3.396233,5.7599998,0.0,0.0,39340.0,15.419778,46.55586
2026-09-08 03:00:00+02:00,20.614,3.219938,5.7599998,0.0,0.0,39420.0,14.539494,46.081764
2026-09-08 04:00:00+02:00,20.514,3.5455887,6.4799995,0.0,0.0,39080.0,14.82239,48.11846
2026-09-08 05:00:00+02:00,19.364,3.0758414,9.72,0.0,0.0,36680.0,17.32245,48.754765
2026-09-08 06:00:00+02:00,19.414,4.3349743,8.64,0.0,0.0,38620.0,23.914282,48.31023
2026-09-08 07:00:00+02:00,19.014,4.072935,9.72,0.0,0.0,37200.0,33.090572,47.372078
2026-09-08 08:00:00+02:00,18.564001,5.00128,9.36,0.0,0.0,36340.0,35.48876,50.531914
2026-09-08 09:00:00+02:00,20.514,5.1919937,15.84,0.0,0.0,38940.0,36.484165,56.31882
2026-09-08 10:00:00+02:00,23.214,5.6920996,16.199999,0.0,0.0,40440.0,31.627417,60.08199
2026-09-08 11:00:00+02:00,24.464,9.255571,16.919998,0.0,0.0,42060.0,27.189447,64.303566
2026-09-08 12:00:00+02:00,25.664,10.495713,21.24,0.0,0.0,42100.0,31.849873,70.46947
2026-09-08 13:00:00+02:00,26.714,9.085988,20.519999,0.0,0.0,41940.0,37.67701,73.88553
2026-09-08 14:00:00+02:00,28.014,13.979871,20.519999,0.0,0.0,42200.0,41.605835,69.07526
2026-09-08 15:00:00+02:00,28.764,13.207634,29.16,0.0,0.0,42280.0,30.967232,73.3071
2026-09-08 16:00:00+02:00,29.414,10.966713,24.84,0.0,0.0,42440.0,32.749943,74.69452
2026-09-08 17:00:00+02:00,29.964,12.538134,25.56,0.0,0.0,43740.0,20.592224,70.36825
2026-09-08 18:00:00+02:00,28.364,12.181624,22.319998,0.0,0.0,41660.0,27.166527,74.39218
2026-09-08 19:00:00+02:00,27.314001,12.641076,25.919998,0.0,0.0,41660.0,43.58038,73.55892
2026-09-08 20:00:00+02:00,25.814001,10.594036,25.56,0.0,0.0,41380.0,54.95817,55.79306
2026-09-08 21:00:00+02:00,24.964,6.28713,27.0,0.0,0.0,42400.0,53.673584,65.12511
2026-09-08 22:00:00+02:00,21.264,19.110542,63.0,0.0,0.0,41160.0,96.37624,85.25393
2026-09-08 23:00:00+02:00,20.214,17.533146,32.399998,25.0,0.0,40080.0,57.10766,63.56844
2026-09-09 00:00:00+02:00,19.314001,10.829959,37.44,53.0,0.1,34800.0,43.408497,77.177956
2026-09-09 01:00:00+02:00,18.864,14.044615,27.359999,82.0,0.0,32960.0,32.106377,64.183624
2026-09-09 02:00:00+02:00,18.564001,6.638072,30.960001,62.0,0.0,30500.0,27.132107,67.195206
2026-09-09 03:00:00+02:00,18.464,6.638072,19.8,83.0,0.0,36840.0,22.789364,63.66835
2026-09-09 04:00:00+02:00,17.614,3.0758414,17.28,92.0,0.1,17020.0,22.638515,58.926296
2026-09-09 05:00:00+02:00,16.864,5.937272,14.04,37.0,0.5,13380.0,27.417616,60.210094
2026-09-09 06:00:00+02:00,17.064001,4.3349743,19.8,84.0,0.0,15860.0,27.34557,53.89645
2026-09-09 07:00:00+02:00,16.364,11.659777,25.919998,90.0,0.1,21500.0,18.027378,45.276318
2026-09-09 08:00:00+02:00,15.864,5.1544156,26.64,61.0,0.4,24460.0,28.245813,35.15537
2026-09-09 09:00:00+02:00,15.214001,4.896529,20.519999,73.0,2.5,15800.0,30.745142,46.700447
2026-09-09 10:00:00+02:00,14.864,7.491114,18.0,100.0,0.2,20880.0,14.927093,38.632633
2026-09-09 11:00:00+02:00,13.714001,14.693999,22.68,52.0,0.2,19580.0,26.804853,38.186287
2026-09-09 12:00:00+02:00,13.314,12.599998,24.84,98.0,1.3,24020.0,23.696201,40.363914
2026-09-09 13:00:00+02:00,13.9140005,12.397806,23.4,90.0,0.1,26940.0,26.528408,25.816511
2026-09-09 14:00:00+02:00,13.464001,9.826088,24.119999,57.0,0.2,16340.0,21.649164,41.0829
2026-09-09 15:00:00+02:00,14.1640005,10.691453,20.16,67.0,0.2,34500.0,17.177994,37.78568
2026-09-09 16:00:00+02:00,14.214001,8.373386,20.519999,100.0,0.0,33760.0,17.777994,29.441893
2026-09-09 17:00:00+02:00,13.9140005,7.127636,15.119999,100.0,0.0,35640.0,17.12957,30.108244
2026-09-09 18:00:00+02:00,13.814,8.049845,14.4,100.0,0.0,37140.0,13.525812,28.612377
2026-09-09 19:00:00+02:00,13.464001,4.2136917,15.4800005,100.0,0.0,36360.0,22.514343,24.843096
2026-09-09 20:00:00+02:00,13.014,3.2399998,9.36,95.0,0.0,35360.0,20.179676,21.002802
2026-09-09 21:00:00+02:00,12.514,6.1305785,10.440001,77.0,0.0,29080.0,15.5204525,13.034482
2026-09-09 22:00:00+02:00,11.6640005,6.6087217,12.599999,48.0,0.0,14160.0,15.57388,11.444951
2026-09-09 23:00:00+02:00,10.864,5.4833565,14.4,75.0,0.0,33020.0,16.22688,16.65485
2026-09-10 00:00:00+02:00,11.564,5.0142193,10.440001,87.0,0.0,35940.0,17.536903,16.13793
2026-09-10 01:00:00+02:00,11.314,5.1919937,10.799999,82.0,0.0,34100.0,20.592224,14.753624
2026-09-10 02:00:00+02:00,10.764,7.5942082,12.959999,0.0,0.0,26500.0,22.839428,15.517241
2026-09-10 03:00:00+02:00,10.564,6.489992,15.119999,56.0,0.0,22360.0,25.665043,14.072007
2026-09-10 04:00:00+02:00,10.4140005,8.557102,22.319998,12.0,0.0,13940.0,28.330233,13.612786
2026-09-10 05:00:00+02:00,10.1640005,10.137692,20.880001,42.0,0.0,15280.0,30.408974,16.018122
2026-09-10 06:00:00+02:00,9.714001,10.495713,24.84,29.0,0.0,10720.0,29.954878,15.824542
2026-09-10 07:00:00+02:00,9.464001,7.10031,21.96,13.0,0.0,12260.0,27.5875,16.94153
2026-09-10 08:00:00+02:00,9.964001,10.630672,19.8,42.0,0.0,7360.0,30.296087,18.908127
2026-09-10 09:00:00+02:00,10.614,13.363711,25.199999,72.0,0.0,940.0,29.253422,18.672342
2026-09-10 10:00:00+02:00,11.714001,14.336861,26.28,73.0,0.0,17980.0,30.261795,17.167427
2026-09-10 11:00:00+02:00,13.014,16.418526,30.960001,72.0,0.0,28760.0,30.120792,13.398848
2026-09-10 12:00:00+02:00,13.6640005,16.548256,32.039997,79.0,0.0,31480.0,30.775522,11.189642
2026-09-10 13:00:00+02:00,14.6640005,17.31746,31.68,68.0,0.0,35960.0,26.808727,8.350525
2026-09-10 14:00:00+02:00,15.214001,18.278645,34.92,60.0,0.0,38060.0,26.33987,4.5186887
2026-09-10 15:00:00+02:00,15.964001,14.241629,32.039997,80.0,0.0,39300.0,25.47419,6.939521
2026-09-10 16:00:00+02:00,16.314,15.509274,28.08,100.0,0.0,40320.0,25.494564,11.444951
2026-09-10 17:00:00+02:00,15.9140005,9.605998,27.0,82.0,0.0,39500.0,23.520283,11.103232
2026-09-10 18:00:00+02:00,15.464001,8.825508,16.919998,100.0,0.0,37980.0,18.392296,11.103232
2026-09-10 19:00:00+02:00,15.114,3.7064266,15.4800005,100.0,0.0,38160.0,23.343035,9.695481
2026-09-10 20:00:00+02:00,14.564,0.8049845,8.64,100.0,0.0,35620.0,14.532351,14.8057575
2026-09-10 21:00:00+02:00,13.9140005,2.4149535,2.16,26.0,0.0,33720.0,19.852879,12.051613
2026-09-10 22:00:00+02:00,12.714001,2.1897945,2.8799999,12.0,0.0,27640.0,16.512306,10.00832
2026-09-10 23:00:00+02:00,11.6640005,4.68,3.6,0.0,0.0,28340.0,17.731209,6.113084
2026-09-11 00:00:00+02:00,11.464001,4.3349743,9.0,35.0,0.0,28300.0,18.97032,12.659634
2026-09-11 01:00:00+02:00,11.514,3.8268526,7.5599995,59.0,0.0,30360.0,17.352394,16.13793
2026-09-11 02:00:00+02:00,10.564,5.0528407,8.64,38.0,0.0,26560.0,10.870049,18.631031
2026-09-11 03:00:00+02:00,10.514,4.896529,11.159999,15.0,0.0,28140.0,5.941551,14.289349
2026-09-11 04:00:00+02:00,10.464001,4.1046314,10.08,0.0,0.0,29740.0,3.8667102,14.289349
2026-09-11 05:00:00+02:00,9.9140005,2.5455842,8.28,0.0,0.0,25720.0,7.3053656,18.713562
2026-09-11 06:00:00+02:00,9.564,1.9386592,3.2399998,0.0,0.0,27040.0,7.34788,20.103062
2026-09-11 07:00:00+02:00,9.764,5.634891,10.08,0.0,0.0,28980.0,7.4739733,22.653046
2026-09-11 08:00:00+02:00,10.114,1.9386592,9.72,0.0,0.0,25060.0,7.34788,20.49216
2026-09-11 09:00:00+02:00,11.6640005,2.7416782,4.68,0.0,0.0,22760.0,5.487309,17.654228
2026-09-11 10:00:00+02:00,13.864,4.3349743,10.08,0.0,0.0,33280.0,8.402622,13.166815
2026-09-11 11:00:00+02:00,15.4140005,2.2768397,10.799999,0.0,0.0,37720.0,7.418196,8.442291
2026-09-11 12:00:00+02:00,16.614,1.609969,6.12,77.0,0.0,40360.0,4.0758705,11.9230585
2026-09-11 13:00:00+02:00,17.514,3.319036,6.12,81.0,0.0,41080.0,3.2222586,12.915714
2026-09-11 14:00:00+02:00,18.414,2.2768397,7.92,13.0,0.0,41840.0,1.2889035,18.62069
2026-09-11 15:00:00+02:00,19.014,1.2979984,7.2,52.0,0.0,41600.0,2.278481,14.648801
2026-09-11 16:00:00+02:00,19.214,0.8049845,6.4799995,53.0,0.0,41600.0,4.323114,17.167427
2026-09-11 17:00:00+02:00,19.564001,1.484318,6.12,13.0,0.0,42320.0,5.487309,16.70105
2026-09-11 18:00:00+02:00,19.164,2.0364676,5.04,7.0,0.0,41920.0,4.757608,15.824544
2026-09-11 19:00:00+02:00,17.864,5.7599998,11.5199995,0.0,0.0,41200.0,3.6455696,14.8057575
2026-09-11 20:00:00+02:00,16.064,4.829907,10.440001,0.0,0.0,40860.0,6.572144,12.4911375
2026-09-11 21:00:00+02:00,14.9140005,4.8965297,10.08,0.0,0.0,40860.0,6.895935,13.556066
2026-09-11 22:00:00+02:00,14.764,3.8268526,9.0,0.0,0.0,41020.0,9.079681,15.566816
2026-09-11 23:00:00+02:00,14.064,3.396233,5.7599998,0.0,0.0,40280.0,8.074956,14.072007
2026-09-12 00:00:00+02:00,13.964001,0.8049845,5.3999996,6.0,0.0,40160.0,10.569795,8.821657
2026-09-12 01:00:00+02:00,13.264,5.0142193,9.72,0.0,0.0,39540.0,10.725815,8.327425
2026-09-12 02:00:00+02:00,12.9140005,3.319036,9.36,0.0,0.0,39040.0,7.3619976,9.813965
2026-09-12 03:00:00+02:00,12.564,3.4152596,5.7599998,0.0,0.0,38680.0,6.572144,12.051613
2026-09-12 04:00:00+02:00,12.264,4.379589,6.4799995,0.0,0.0,38920.0,6.728273,16.185604
2026-09-12 05:00:00+02:00,11.614,4.0249224,6.8399997,0.0,0.0,36920.0,7.418196,17.290411
2026-09-12 06:00:00+02:00,11.1640005,3.96,6.4799995,0.0,0.0,35040.0,9.666777,14.8057575
2026-09-12 07:00:00+02:00,10.714001,3.319036,6.4799995,0.0,0.0,33020.0,10.520563,13.326771
2026-09-12 08:00:00+02:00,11.014,3.7585104,7.92,0.0,0.0,30260.0,14.843389,13.283339
2026-09-12 09:00:00+02:00,13.1640005,2.8116899,8.28,0.0,0.0,19120.0,16.712313,13.427569
2026-09-12 10:00:00+02:00,15.6640005,3.219938,10.08,0.0,0.0,32520.0,16.149912,17.21225
2026-09-12 11:00:00+02:00,16.864,3.8773184,11.879999,0.0,0.0,39060.0,15.419778,15.529648
2026-09-12 12:00:00+02:00,18.014,5.3999996,12.599999,6.0,0.0,40060.0,11.680409,16.245003
2026-09-12 13:00:00+02:00,18.864,7.24486,14.759999,11.0,0.0,40280.0,5.9240503,14.153901
2026-09-12 14:00:00+02:00,19.864,7.42159,8.64,12.0,0.0,41100.0,5.195736,9.454063
2026-09-12 15:00:00+02:00,20.414,6.9247384,8.64,0.0,0.0,42140.0,4.488087,7.0769506
2026-09-12 16:00:00+02:00,20.714,6.6087217,10.08,0.0,0.0,42960.0,6.895935,8.327425
2026-09-12 17:00:00+02:00,21.164,5.6233797,13.679999,0.0,0.0,44920.0,7.958391,11.711148
2026-09-12 18:00:00+02:00,20.714,4.5820518,11.5199995,0.0,0.0,43800.0,11.392405,15.554438
2026-09-12 19:00:00+02:00,19.764,3.0758414,8.64,0.0,0.0,41800.0,11.208644,17.043554
2026-09-12 20:00:00+02:00,17.514,3.6,6.12,0.0,0.0,40680.0,8.646228,20.49216
2026-09-12 21:00:00+02:00,17.064001,3.9763298,5.7599998,0.0,0.0,41240.0,4.6916795,25.516308
2026-09-12 22:00:00+02:00,16.964,2.8799999,5.3999996,0.0,0.0,41560.0,2.278481,27.43701
2026-09-12 23:00:00+02:00,16.014,3.319036,4.68,0.0,0.0,40500.0,2.3236039,22.379284
2026-09-13 00:00:00+02:00,15.4140005,2.5959969,4.32,0.0,0.0,37200.0,3.89347,23.065948
2026-09-13 01:00:00+02:00,15.564,2.7416782,3.96,0.0,0.0,38780.0,5.012658,19.832952
2026-09-13 02:00:00+02:00,14.864,2.968636,3.96,0.0,0.0,39000.0,6.835443,19.716057
2026-09-13 03:00:00+02:00,14.614,3.7064266,4.68,0.0,0.0,38900.0,6.9559,16.77011
2026-09-13 04:00:00+02:00,14.614,2.7416782,6.12,0.0,0.0,39340.0,6.6350365,16.677967
2026-09-13 05:00:00+02:00,13.964001,2.9024127,4.68,0.0,0.0,39640.0,6.330734,18.25503
2026-09-13 06:00:00+02:00,13.764,2.8116899,3.96,0.0,0.0,39600.0,3.0569031,20.141356
2026-09-13 07:00:00+02:00,13.464001,3.219938,3.96,0.0,0.0,39540.0,1.2889035,17.256958
2026-09-13 08:00:00+02:00,13.4140005,3.8268526,4.68,0.0,0.0,38380.0,2.0379353,17.555754
2026-09-13 09:00:00+02:00,14.764,3.319036,6.4799995,0.0,0.0,37480.0,1.4410379,21.724138
2026-09-13 10:00:00+02:00,17.314001,3.96,9.0,0.0,0.0,39120.0,3.1898732,18.908127
2026-09-13 11:00:00+02:00,18.964,6.130579,9.36,0.0,0.0,41180.0,3.6455696,22.82248
2026-09-13 12:00:00+02:00,20.164,7.5599995,9.0,0.0,0.0,41800.0,6.895935,21.94469
2026-09-13 13:00:00+02:00,21.214,7.5170207,14.759999,0.0,0.0,41820.0,7.3619976,24.103226
2026-09-13 14:00:00+02:00,22.614,6.87779,15.84,38.0,0.0,42940.0,8.074956,25.561563
2026-09-13 15:00:00+02:00,23.114,10.137692,16.199999,0.0,0.0,43180.0,10.118097,20.360134
2026-09-13 16:00:00+02:00,23.014,9.028754,16.199999,0.0,0.0,45920.0,11.830561,24.333883
2026-09-13 17:00:00+02:00,23.114,7.9526596,15.84,0.0,0.0,46100.0,10.481012,27.563091
2026-09-13 18:00:00+02:00,22.564001,8.854829,16.56,0.0,0.0,42780.0,12.636843,25.935617
2026-09-13 19:00:00+02:00,21.714,6.87779,16.199999,48.0,0.0,41760.0,16.284365,25.020798
2026-09-13 20:00:00+02:00,18.614,10.315115,24.84,34.0,0.0,40540.0,19.726961,27.931032
2026-09-13 21:00:00+02:00,16.264,4.829907,27.72,37.0,2.4,19560.0,15.2777195,33.407864
2026-09-13 22:00:00+02:00,16.014,5.3517847,15.119999,38.0,0.5,35760.0,20.071335,42.520634
2026-09-13 23:00:00+02:00,15.014,4.6938257,15.4800005,83.0,0.0,20860.0,23.351927,44.108284
2026-09-14 00:00:00+02:00,15.364,3.6179552,14.759999,80.0,0.1,21280.0,27.722662,38.871227
2026-09-14 01:00:00+02:00,15.314,4.452954,17.64,77.0,0.0,24320.0,23.875175,38.662537
2026-09-14 02:00:00+02:00,15.114,4.379589,14.4,92.0,0.0,18080.0,23.766205,41.293358
2026-09-14 03:00:00+02:00,15.114,3.8939953,14.4,63.0,0.3,17260.0,16.162766,39.25586
2026-09-14 04:00:00+02:00,15.1640005,2.5455842,9.0,98.0,0.0,18060.0,14.075039,35.00712
2026-09-14 05:00:00+02:00,14.964001,2.0991426,9.0,83.0,0.0,13420.0,13.678478,38.20646
2026-09-14 06:00:00+02:00,15.064,4.6938257,8.28,86.0,0.0,13960.0,9.227144,31.238638
2026-09-14 07:00:00+02:00,15.114,2.0364676,9.0,92.0,0.1,12300.0,8.402622,29.487658
2026-09-14 08:00:00+02:00,15.064,2.4149535,5.7599998,95.0,1.0,1140.0,4.0758705,21.002802
2026-09-14 09:00:00+02:00,15.564,1.2979984,8.64,99.0,0.0,1360.0,2.3236039,20.331732
2026-09-14 10:00:00+02:00,16.214,4.379589,7.92,93.0,0.0,1260.0,4.57969,24.206896
2026-09-14 11:00:00+02:00,17.864,3.7064266,6.8399997,66.0,0.0,28560.0,5.0333285,27.062351
2026-09-14 12:00:00+02:00,18.964,3.96,9.36,67.0,0.0,34820.0,1.2889035,20.864775
2026-09-14 13:00:00+02:00,19.714,3.671294,8.64,91.0,0.0,36480.0,2.278481,18.516953
2026-09-14 14:00:00+02:00,21.014,0.8049845,6.12,74.0,0.0,38720.0,3.0569031,15.216393
2026-09-14 15:00:00+02:00,21.614,3.0547013,6.8399997,62.0,0.0,39000.0,4.201311,9.392738
2026-09-14 16:00:00+02:00,21.964,3.8939953,9.0,51.0,0.0,39240.0,6.0797453,4.8477407
2026-09-14 17:00:00+02:00,22.314001,4.3349743,10.799999,40.0,0.0,38760.0,8.84802,6.598021
2026-09-14 18:00:00+02:00,21.814001,5.2416787,10.08,0.0,0.0,39720.0,7.7334204,7.2649856
2026-09-14 19:00:00+02:00,20.364,5.00128,9.72,0.0,0.0,34200.0,9.227144,14.153901
2026-09-14 20:00:00+02:00,18.314001,6.151683,13.32,0.0,0.0,36700.0,4.844117,18.516953
2026-09-14 21:00:00+02:00,17.864,5.0142193,12.599999,0.0,0.0,36620.0,2.278481,20.716534
2026-09-14 22:00:00+02:00,17.814001,4.379589,9.72,0.0,0.0,37740.0,3.3175182,18.010698
2026-09-14 23:00:00+02:00,17.214,5.2416787,9.72,0.0,0.0,36040.0,6.3797464,17.478779
2026-09-15 00:00:00+02:00,16.864,4.68,10.08,0.0,0.0,35780.0,5.993747,14.275861
2026-09-15 01:00:00+02:00,16.564001,3.4152596,9.0,0.0,0.0,34680.0,6.3960004,13.0492525
2026-09-15 02:00:00+02:00,15.6640005,3.7064266,5.7599998,0.0,0.0,31820.0,4.556962,9.6356945
2026-09-15 03:00:00+02:00,15.064,1.484318,4.68,0.0,0.0,29660.0,1.643036,12.915714
2026-09-15 04:00:00+02:00,15.114,5.4477882,9.72,0.0,0.0,23800.0,6.7744107,21.112572
2026-09-15 05:00:00+02:00,14.764,4.1046314,10.799999,0.0,0.0,21880.0,4.9291077,21.402544
2026-09-15 06:00:00+02:00,14.4140005,3.096837,8.28,0.0,0.0,20260.0,5.8357587,20.035875
2026-09-15 07:00:00+02:00,14.064,1.5273507,6.4799995,0.0,0.0,20080.0,6.524576,14.922391
2026-09-15 08:00:00+02:00,14.214001,1.9386592,4.68,0.0,0.0,16960.0,6.6350365,12.241913
2026-09-15 09:00:00+02:00,16.114,4.1046314,8.64,0.0,0.0,20020.0,9.65603,11.545494
2026-09-15 10:00:00+02:00,18.364,3.7064266,10.799999,0.0,0.0,31060.0,12.84061,12.735487
2026-09-15 11:00:00+02:00,20.264,4.198285,10.799999,0.0,0.0,38580.0,12.864844,14.044602
2026-09-15 12:00:00+02:00,21.664,6.9527545,15.119999,0.0,0.0,40200.0,16.934494,13.948265
2026-09-15 13:00:00+02:00,22.864,9.6932955,19.8,0.0,0.0,40740.0,19.46735,14.490146
2026-09-15 14:00:00+02:00,23.964,10.587917,21.599998,0.0,0.0,41060.0,24.476442,16.149862
2026-09-15 15:00:00+02:00,24.314001,9.227524,22.319998,0.0,0.0,40380.0,34.52782,17.914183
2026-09-15 16:00:00+02:00,25.264,16.167967,30.239998,0.0,0.0,41480.0,36.32159,19.725824
2026-09-15 17:00:00+02:00,25.564001,15.629971,32.039997,0.0,0.0,42880.0,28.679914,23.95894
2026-09-15 18:00:00+02:00,25.064001,15.596767,30.239998,0.0,0.0,42620.0,33.240845,28.477413
2026-09-15 19:00:00+02:00,24.014,11.013882,28.44,0.0,0.0,42720.0,31.996231,30.659805
2026-09-15 20:00:00+02:00,21.964,6.28713,17.64,0.0,0.0,41440.0,29.068275,34.62536
2026-09-15 21:00:00+02:00,20.964,5.154415,14.04,0.0,0.0,40200.0,28.73778,36.28779
2026-09-15 22:00:00+02:00,20.414,6.162207,13.32,0.0,0.0,39000.0,32.56873,39.476055
2026-09-15 23:00:00+02:00,19.664,6.696387,15.84,0.0,0.0,38060.0,31.270855,42.54328
2026-09-16 00:00:00+02:00,19.514,7.6367526,18.359999,0.0,0.0,40120.0,36.318726,44.143208
2026-09-16 01:00:00+02:00,19.264,6.1094027,17.64,0.0,0.0,40280.0,41.378117,45.348587
2026-09-16 02:00:00+02:00,18.914,7.386582,17.28,0.0,0.0,40040.0,41.94633,43.43054
2026-09-16 03:00:00+02:00,19.014,6.8777895,18.72,0.0,0.0,40120.0,36.484165,42.54328
2026-09-16 04:00:00+02:00,19.014,6.12,16.199999,0.0,0.0,40440.0,33.712276,35.828365
2026-09-16 05:00:00+02:00,18.814001,5.991594,15.119999,0.0,0.0,39140.0,37.76509,30.108244
2026-09-16 06:00:00+02:00,18.664,6.193674,15.84,6.0,0.0,38840.0,39.25605,31.703814
2026-09-16 07:00:00+02:00,18.714,5.315336,15.119999,0.0,0.0,39540.0,30.940393,35.618065
2026-09-16 08:00:00+02:00,18.564001,4.452954,15.119999,0.0,0.0,38700.0,26.820343,30.267769
2026-09-16 09:00:00+02:00,19.564001,6.9247384,16.919998,0.0,0.0,38740.0,31.637262,33.97957
2026-09-16 10:00:00+02:00,20.564001,10.948973,21.24,0.0,0.0,39640.0,39.91701,37.14297
2026-09-16 11:00:00+02:00,20.914,13.009903,26.28,0.0,0.0,38300.0,29.225016,40.435436
2026-09-16 12:00:00+02:00,21.114,17.673029,32.760002,71.0,0.0,39660.0,19.144665,42.470776
2026-09-16 13:00:00+02:00,20.114,23.507751,43.56,78.0,0.0,37680.0,23.431826,43.078724
2026-09-16 14:00:00+02:00,17.864,25.72174,46.8,80.0,0.0,35040.0,27.197084,42.08349
2026-09-16 15:00:00+02:00,16.364,12.594856,48.239998,100.0,1.1,32880.0,22.370922,44.590405
2026-09-16 16:00:00+02:00,15.864,15.03835,27.0,100.0,0.1,31540.0,25.535254,53.75688
2026-09-16 17:00:00+02:00,14.4140005,8.557102,26.64,100.0,0.0,29360.0,19.333553,53.393738
2026-09-16 18:00:00+02:00,14.014,7.9932966,20.519999,100.0,1.0,16880.0,20.551847,52.758617
2026-09-16 19:00:00+02:00,13.964001,8.4963045,19.44,100.0,0.1,37820.0,22.789366,55.283207
2026-09-16 20:00:00+02:00,13.564,3.6179552,17.28,100.0,0.4,33760.0,24.39571,48.086422
2026-09-16 21:00:00+02:00,12.964001,6.4799995,13.32,100.0,0.1,16980.0,19.166344,54.451145
2026-09-16 22:00:00+02:00,12.764,3.7064266,14.04,66.0,0.1,16320.0,17.507277,52.21177
2026-09-16 23:00:00+02:00,11.764,5.315336,9.36,35.0,0.0,22720.0,15.311664,47.176495
2026-09-17 00:00:00+02:00,11.764,5.506941,14.04,69.0,0.0,27660.0,16.316214,45.96876
2026-09-17 01:00:00+02:00,12.214001,3.2399998,11.5199995,86.0,0.0,31500.0,13.548821,45.276318
2026-09-17 02:00:00+02:00,11.9140005,2.2768397,9.0,71.0,0.0,30100.0,12.133847,45.348587
2026-09-17 03:00:00+02:00,11.364,3.9763298,7.2,51.0,0.0,33120.0,9.65603,47.270313
2026-09-17 04:00:00+02:00,10.6640005,3.2599385,7.92,4.0,0.0,32960.0,6.7744107,43.968315
2026-09-17 05:00:00+02:00,10.864,2.9024127,5.3999996,8.0,0.0,33680.0,8.598059,35.54769
2026-09-17 06:00:00+02:00,10.364,2.2768397,5.7599998,0.0,0.0,32160.0,5.094838,27.310343
2026-09-17 07:00:00+02:00,10.264,1.5273507,3.96,0.0,0.0,31740.0,4.556962,23.040882
2026-09-17 08:00:00+02:00,10.314,1.484318,3.2399998,0.0,0.0,22260.0,1.8788835,23.789505
2026-09-17 09:00:00+02:00,12.114,2.9024127,4.32,0.0,0.0,19360.0,3.0569031,25.719328
2026-09-17 10:00:00+02:00,14.1640005,2.8116899,6.8399997,57.0,0.0,29060.0,4.844117,19.832952
2026-09-17 11:00:00+02:00,15.314,5.3517847,9.36,76.0,0.0,38420.0,4.9291077,16.245003
2026-09-17 12:00:00+02:00,15.6640005,6.6087217,10.08,86.0,0.0,39800.0,5.506198,20.331732
2026-09-17 13:00:00+02:00,16.514,4.3349743,11.5199995,68.0,0.0,40380.0,4.1265044,23.716516
2026-09-17 14:00:00+02:00,17.714,4.829907,11.879999,35.0,0.0,41500.0,5.333787,24.491692
2026-09-17 15:00:00+02:00,18.114,5.495161,12.959999,0.0,0.0,42160.0,5.333787,26.948227
2026-09-17 16:00:00+02:00,18.314001,7.2,15.119999,0.0,0.0,42760.0,6.895935,28.178215
2026-09-17 17:00:00+02:00,18.264,8.217153,17.64,0.0,0.0,43700.0,8.646228,27.112131
2026-09-17 18:00:00+02:00,17.614,7.5942073,16.56,0.0,0.0,42080.0,14.610731,25.136015
2026-09-17 19:00:00+02:00,16.664,4.379589,13.679999,0.0,0.0,41560.0,12.832521,27.204338
2026-09-17 20:00:00+02:00,15.514,4.0249224,8.28,0.0,0.0,40920.0,10.667574,28.362186
2026-09-17 21:00:00+02:00,14.114,4.3498964,8.64,0.0,0.0,40920.0,9.612922,27.882717
2026-09-17 22:00:00+02:00,13.814,3.319036,9.36,0.0,0.0,41100.0,10.831775,26.797695
2026-09-17 23:00:00+02:00,12.864,4.1046314,6.8399997,0.0,0.0,40460.0,9.580464,31.703814
2026-09-18 00:00:00+02:00,12.764,3.319036,7.5599995,0.0,0.0,40780.0,11.02182,31.81905
2026-09-18 01:00:00+02:00,12.864,1.8,5.7599998,0.0,0.0,40460.0,11.096928,35.160847
2026-09-18 02:00:00+02:00,12.464001,2.9024127,5.04,0.0,0.0,37580.0,10.638335,33.106678
2026-09-18 03:00:00+02:00,12.814,2.1897945,4.68,16.0,0.0,39920.0,11.4288025,37.24138
2026-09-18 04:00:00+02:00,12.6640005,2.7416782,5.3999996,34.0,0.0,38120.0,12.969341,41.49346
2026-09-18 05:00:00+02:00,12.214001,2.1897945,5.7599998,2.0,0.0,37300.0,11.92671,38.632633
2026-09-18 06:00:00+02:00,12.364,2.0991426,6.12,64.0,0.0,38680.0,10.280973,37.499107
2026-09-18 07:00:00+02:00,12.864,1.1384199,4.32,76.0,0.0,39780.0,9.994197,37.199974
2026-09-18 08:00:00+02:00,12.4140005,2.7416782,3.6,42.0,0.0,38440.0,12.065196,39.7726
2026-09-18 09:00:00+02:00,13.064,3.8939953,9.0,6.0,0.0,31860.0,13.285712,37.70402
2026-09-18 10:00:00+02:00,14.514,3.96,10.08,36.0,0.0,37980.0,11.848101,35.25386
2026-09-18 11:00:00+02:00,16.014,7.072878,16.919998,0.0,0.0,39700.0,14.41038,31.994127
2026-09-18 12:00:00+02:00,17.264,9.0645685,18.359999,0.0,0.0,40840.0,15.372571,29.441893
2026-09-18 13:00:00+02:00,18.164,12.57426,24.119999,87.0,0.0,40840.0,20.133314,27.758083
2026-09-18 14:00:00+02:00,18.514,13.339445,27.72,86.0,0.0,41480.0,15.50037,32.192196
2026-09-18 15:00:00+02:00,19.014,13.202726,27.359999,35.0,0.0,41720.0,17.824654,32.27586
2026-09-18 16:00:00+02:00,19.464,13.722565,28.08,0.0,0.0,42320.0,19.403242,35.817608
2026-09-18 17:00:00+02:00,19.614,9.227524,24.84,0.0,0.0,42640.0,10.725815,38.905903
2026-09-18 18:00:00+02:00,17.914,12.758432,23.4,53.0,0.0,40780.0,12.512989,42.755558
2026-09-18 19:00:00+02:00,16.564001,7.208994,23.4,42.0,0.0,39780.0,14.843389,40.9467
2026-09-18 20:00:00+02:00,14.814,5.937272,16.56,60.0,0.0,38240.0,11.961482,33.54022
2026-09-18 21:00:00+02:00,14.114,5.4119864,15.4800005,59.0,0.0,38000.0,11.644798,25.816511
2026-09-18 22:00:00+02:00,13.564,5.04,12.959999,33.0,0.0,37660.0,8.84802,18.074755
2026-09-18 23:00:00+02:00,13.6640005,2.16,10.799999,22.0,0.0,38360.0,8.765491,21.86555
2026-09-19 00:00:00+02:00,13.214001,2.6208394,5.3999996,2.0,0.0,38440.0,9.215885,17.245792
2026-09-19 01:00:00+02:00,13.1640005,1.8,5.3999996,0.0,0.0,38760.0,9.56962,16.492132
2026-09-19 02:00:00+02:00,12.614,1.484318,3.96,3.0,0.0,38320.0,9.15938,14.609298
2026-09-19 03:00:00+02:00,12.264,2.9024127,4.32,6.0,0.0,38060.0,6.835443,16.13793
2026-09-19 04:00:00+02:00,12.014,2.8116899,5.04,0.0,0.0,37640.0,6.835443,19.241377
2026-09-19 05:00:00+02:00,11.314,0.5091169,3.96,0.0,0.0,36000.0,5.562481,17.37931
2026-09-19 06:00:00+02:00,11.014,2.0991426,1.4399999,0.0,0.0,35160.0,6.6350365,17.478779
2026-09-19 07:00:00+02:00,11.064,1.609969,2.52,0.0,0.0,36180.0,7.3053656,16.433628
2026-09-19 08:00:00+02:00,11.064,2.6208394,3.96,0.0,0.0,34780.0,7.958391,20.818563
2026-09-19 09:00:00+02:00,12.564,4.0249224,11.159999,0.0,0.0,29600.0,9.612922,19.949162
2026-09-19 10:00:00+02:00,14.964001,3.0758414,12.599999,0.0,0.0,34340.0,9.752324,19.949162
2026-09-19 11:00:00+02:00,16.514,4.3349743,8.28,0.0,0.0,37660.0,11.031237,21.139927
2026-09-19 12:00:00+02:00,17.764,5.4477882,12.959999,0.0,0.0,39140.0,11.715913,17.478779
2026-09-19 13:00:00+02:00,18.814001,8.049845,16.919998,4.0,0.0,40140.0,10.520564,17.773846
2026-09-19 14:00:00+02:00,19.914,6.162207,17.64,10.0,0.0,41360.0,6.895935,14.153901
2026-09-19 15:00:00+02:00,20.564001,6.8399997,15.119999,0.0,0.0,42080.0,9.580464,15.714606
2026-09-19 16:00:00+02:00,20.764,7.5599995,16.919998,0.0,0.0,44980.0,18.142204,18.0
2026-09-19 17:00:00+02:00,21.164,6.2145634,14.4,0.0,0.0,46000.0,15.975386,18.0
2026-09-19 18:00:00+02:00,20.714,5.0142193,11.5199995,0.0,0.0,45940.0,16.959,15.702343
2026-09-19 19:00:00+02:00,19.414,2.968636,9.72,0.0,0.0,43700.0,14.133929,16.398428
2026-09-19 20:00:00+02:00,17.264,5.0528407,5.7599998,0.0,0.0,41260.0,12.767627,12.915714
2026-09-19 21:00:00+02:00,15.964001,4.6800003,9.72,0.0,0.0,39140.0,10.035667,11.189642
2026-09-19 22:00:00+02:00,16.364,2.52,7.92,0.0,0.0,39880.0,9.125309,13.0492525
2026-09-19 23:00:00+02:00,15.064,3.6,4.68,0.0,0.0,36960.0,4.57969,12.051613
2026-09-20 00:00:00+02:00,14.264,2.16,6.12,0.0,0.0,34700.0,5.993747,15.665498
2026-09-20 01:00:00+02:00,15.114,2.0991426,3.2399998,0.0,0.0,40320.0,4.488087,15.89741
2026-09-20 02:00:00+02:00,14.264,2.9024127,3.96,0.0,0.0,38640.0,4.323114,12.915714
2026-09-20 03:00:00+02:00,13.9140005,3.8268526,6.12,0.0,0.0,36420.0,6.835443,13.196042
2026-09-20 04:00:00+02:00,13.964001,3.0547013,6.4799995,0.0,0.0,38600.0,9.612922,15.824544
2026-09-20 05:00:00+02:00,13.464001,3.4152596,6.8399997,0.0,0.0,38460.0,8.646228,11.858258
2026-09-20 06:00:00+02:00,13.1640005,4.2136917,7.5599995,0.0,0.0,37520.0,10.569795,13.427569
2026-09-20 07:00:00+02:00,13.264,3.563818,7.2,0.0,0.0,37460.0,12.065196,17.566723
2026-09-20 08:00:00+02:00,12.714001,5.0528407,7.5599995,0.0,0.0,35840.0,16.111294,18.25503
2026-09-20 09:00:00+02:00,14.264,5.6233797,14.759999,0.0,0.0,34920.0,18.301748,24.827585
2026-09-20 10:00:00+02:00,16.664,5.815978,16.56,0.0,0.0,38960.0,19.600233,24.61721
2026-09-20 11:00:00+02:00,18.414,9.360001,19.08,0.0,0.0,40120.0,22.024792,26.948225
2026-09-20 12:00:00+02:00,19.664,11.966953,24.119999,0.0,0.0,40200.0,22.343058,27.549112
2026-09-20 13:00:00+02:00,20.914,14.113653,27.359999,0.0,0.0,40240.0,25.84645,30.439116
2026-09-20 14:00:00+02:00,22.664,15.905319,30.960001,0.0,0.0,42840.0,30.1759,34.78632
2026-09-20 15:00:00+02:00,23.014,16.65754,32.760002,0.0,0.0,47900.0,32.364056,38.989983
2026-09-20 16:00:00+02:00,23.114,15.546833,32.039997,0.0,0.0,43840.0,28.625557,39.500443
2026-09-20 17:00:00+02:00,22.714,14.408997,30.239998,0.0,0.0,43040.0,21.66355,40.033276
2026-09-20 18:00:00+02:00,22.014,12.682018,27.359999,0.0,0.0,42700.0,24.190557,44.30872
2026-09-20 19:00:00+02:00,20.764,6.28713,22.68,0.0,0.0,41840.0,26.229265,46.06504
2026-09-20 20:00:00+02:00,19.464,9.220499,22.319998,0.0,0.0,42840.0,23.524696,46.13607
2026-09-20 21:00:00+02:00,17.964,7.8625183,22.319998,0.0,0.0,42120.0,25.990667,42.225143
2026-09-20 22:00:00+02:00,17.064001,5.04,22.319998,0.0,0.0,41240.0,22.898449,38.647587
2026-09-20 23:00:00+02:00,16.614,4.3349743,14.04,0.0,0.0,40540.0,29.168114,31.951952
2026-09-21 00:00:00+02:00,16.564001,2.6208394,10.08,0.0,0.0,41120.0,23.922964,32.37121
2026-09-21 01:00:00+02:00,16.014,3.8268526,8.28,0.0,0.0,40920.0,15.044876,32.192196
2026-09-21 02:00:00+02:00,15.114,3.563818,10.08,0.0,0.0,40160.0,8.753638,27.338541
2026-09-21 03:00:00+02:00,14.364,3.8939953,9.36,0.0,0.0,39400.0,6.524576,38.662537
2026-09-21 04:00:00+02:00,14.214001,3.8939953,8.28,52.0,0.0,38460.0,4.488087,37.882412
2026-09-21 05:00:00+02:00,13.364,4.896529,13.679999,30.0,0.0,33220.0,5.333787,36.64172
2026-09-21 06:00:00+02:00,13.314,4.379589,10.799999,46.0,0.0,33040.0,4.6916795,36.934944
2026-09-21 07:00:00+02:00,12.9140005,5.00128,11.879999,78.0,0.0,31500.0,5.0333285,37.018295
2026-09-21 08:00:00+02:00,12.714001,2.9024127,11.159999,52.0,0.0,28020.0,6.970812,40.663464
2026-09-21 09:00:00+02:00,13.764,7.628263,14.4,75.0,0.0,26940.0,3.0569031,38.307163
2026-09-21 10:00:00+02:00,14.6640005,9.504272,20.880001,64.0,0.0,27420.0,0.64445174,39.65619
2026-09-21 11:00:00+02:00,16.214,1.609969,16.199999,69.0,0.0,34560.0,4.101266,36.430832
2026-09-21 12:00:00+02:00,17.314001,5.771239,12.599999,76.0,0.0,37440.0,2.7718916,35.111507
2026-09-21 13:00:00+02:00,17.414,10.948973,14.759999,78.0,0.0,35800.0,4.1265044,32.519634
2026-09-21 14:00:00+02:00,17.864,10.931203,16.56,46.0,0.0,36840.0,0.64445174,30.108244
2026-09-21 15:00:00+02:00,18.414,11.043261,16.56,54.0,0.0,38560.0,0.0,30.439116
2026-09-21 16:00:00+02:00,18.614,10.1887,15.84,52.0,0.0,39460.0,2.577807,32.519634
2026-09-21 17:00:00+02:00,18.014,10.464797,14.759999,44.0,0.0,38980.0,1.8227848,31.034481
2026-09-21 18:00:00+02:00,17.564001,10.233123,19.08,3.0,0.0,39720.0,5.094838,32.25795
2026-09-21 19:00:00+02:00,16.064,9.178235,18.0,0.0,0.0,38940.0,8.074956,31.806936
2026-09-21 20:00:00+02:00,14.714001,7.7043357,20.880001,0.0,0.0,38120.0,13.215189,31.65517
2026-09-21 21:00:00+02:00,13.9140005,7.9932966,18.359999,0.0,0.0,36800.0,14.236403,36.62595
2026-09-21 22:00:00+02:00,13.514,9.686609,20.880001,0.0,0.0,37920.0,13.456546,36.668
2026-09-21 23:00:00+02:00,12.964001,9.504272,21.96,0.0,0.0,37100.0,11.087566,39.10837
2026-09-22 00:00:00+02:00,11.814,11.966953,25.199999,0.0,0.0,34620.0,7.6388597,39.103443
2026-09-22 01:00:00+02:00,11.214001,13.527572,30.599998,0.0,0.0,36160.0,5.195736,36.877533
2026-09-22 02:00:00+02:00,9.964001,8.557102,27.72,0.0,0.0,31480.0,7.515534,33.18223
2026-09-22 03:00:00+02:00,9.214001,7.754637,17.28,0.0,0.0,27320.0,9.215885,33.51724
2026-09-22 04:00:00+02:00,9.064,9.585739,21.96,0.0,0.0,31440.0,11.273301,33.522987
2026-09-22 05:00:00+02:00,8.864,7.491114,21.599998,0.0,0.0,33080.0,12.694226,37.882412
2026-09-22 06:00:00+02:00,8.464001,6.1305785,17.64,0.0,0.0,32840.0,11.680409,41.586205
2026-09-22 07:00:00+02:00,8.4140005,5.6233797,14.759999,0.0,0.0,33700.0,12.108149,45.935226
2026-09-22 08:00:00+02:00,7.914,6.439876,15.84,0.0,0.0,31000.0,14.067659,47.57901
2026-09-22 09:00:00+02:00,9.514,5.692099,12.959999,0.0,0.0,31280.0,13.285712,50.763912
2026-09-22 10:00:00+02:00,11.864,8.373386,17.64,0.0,0.0,38000.0,12.694226,48.944042
2026-09-22 11:00:00+02:00,13.314,10.464797,20.880001,0.0,0.0,38900.0,12.969341,43.99459
2026-09-22 12:00:00+02:00,14.814,10.587918,20.880001,0.0,0.0,39980.0,11.254866,44.60768
2026-09-22 13:00:00+02:00,16.014,13.004922,22.319998,0.0,0.0,40720.0,10.599223,39.45653
2026-09-22 14:00:00+02:00,17.364,12.218805,18.72,0.0,0.0,42160.0,12.51299,39.142838
2026-09-22 15:00:00+02:00,18.164,12.682018,17.64,0.0,0.0,43900.0,11.926711,36.430832
2026-09-22 16:00:00+02:00,18.364,13.493999,20.519999,0.0,0.0,44120.0,13.533486,36.133522
2026-09-22 17:00:00+02:00,18.764,12.181624,20.519999,0.0,0.0,47300.0,12.244582,37.251724
2026-09-22 18:00:00+02:00,18.014,11.592894,21.599998,0.0,0.0,45880.0,13.949067,35.384754
2026-09-22 19:00:00+02:00,16.264,8.534353,20.519999,0.0,0.0,43300.0,16.124176,35.38475
2026-09-22 20:00:00+02:00,14.4140005,8.427383,19.08,0.0,0.0,42240.0,17.958132,31.649084
2026-09-22 21:00:00+02:00,13.814,7.754637,18.0,0.0,0.0,44040.0,21.740099,28.314606
2026-09-22 22:00:00+02:00,13.514,7.928177,18.0,0.0,0.0,44340.0,18.599998,25.816511
2026-09-22 23:00:00+02:00,12.4140005,8.669949,18.72,0.0,0.0,42840.0,18.904528,27.57008
2026-09-23 00:00:00+02:00,11.064,8.39657,18.72,0.0,0.0,40040.0,12.792001,27.253859
2026-09-23 01:00:00+02:00,10.364,8.39657,19.08,0.0,0.0,38360.0,11.4288025,24.718725
2026-09-23 02:00:00+02:00,8.9140005,8.39657,19.44,0.0,0.0,32740.0,13.701232,22.206465
2026-09-23 03:00:00+02:00,8.614,6.696387,18.359999,0.0,0.0,31120.0,15.099987,22.249796
2026-09-23 04:00:00+02:00,8.214,6.297428,14.759999,0.0,0.0,28140.0,14.243696,19.62793
2026-09-23 05:00:00+02:00,7.3139997,5.8048253,13.679999,0.0,0.0,27520.0,13.049152,18.381218
2026-09-23 06:00:00+02:00,7.014,4.5536795,11.5199995,0.0,0.0,27440.0,11.02182,17.478779
2026-09-23 07:00:00+02:00,6.8139997,4.5536795,7.92,0.0,0.0,25000.0,8.670211,16.77011
2026-09-23 08:00:00+02:00,6.3139997,2.7416782,7.92,0.0,0.0,16360.0,4.6472077,14.909477
2026-09-23 09:00:00+02:00,8.264,2.5455842,6.12,0.0,0.0,18980.0,3.2222586,12.4293
2026-09-23 10:00:00+02:00,11.114,1.2979984,3.96,0.0,0.0,28460.0,3.286072,12.4911375
2026-09-23 11:00:00+02:00,13.564,1.484318,3.6,0.0,0.0,36220.0,3.9200466,14.8057575
2026-09-23 12:00:00+02:00,15.714001,3.6179552,9.72,0.0,0.0,39100.0,10.599223,17.643314
2026-09-23 13:00:00+02:00,17.414,8.049845,16.919998,0.0,0.0,41300.0,22.661438,19.871765
2026-09-23 14:00:00+02:00,18.764,8.905908,16.919998,0.0,0.0,42080.0,24.0485,22.014801
2026-09-23 15:00:00+02:00,19.464,9.114471,20.16,0.0,0.0,41660.0,30.299517,22.788692
2026-09-23 16:00:00+02:00,20.764,10.805999,20.16,0.0,0.0,44540.0,29.87157,23.59437
2026-09-23 17:00:00+02:00,20.814001,10.086427,22.68,0.0,0.0,46500.0,28.538372,26.9768
2026-09-23 18:00:00+02:00,20.264,7.928178,19.8,0.0,0.0,46520.0,25.814295,28.123474
2026-09-23 19:00:00+02:00,18.614,4.73506,13.679999,0.0,0.0,44700.0,25.025978,29.999285
2026-09-23 20:00:00+02:00,17.264,3.2599385,12.599999,0.0,0.0,42820.0,19.600235,29.27787
2026-09-23 21:00:00+02:00,16.264,4.452954,9.0,0.0,0.0,42960.0,22.254591,35.292084
2026-09-23 22:00:00+02:00,16.414,2.7416782,7.5599995,0.0,0.0,42880.0,23.696201,30.286854
2026-09-23 23:00:00+02:00,14.714001,3.8939953,9.36,0.0,0.0,41400.0,22.04364,29.297602
2026-09-24 00:00:00+02:00,14.064,4.510787,10.08,0.0,0.0,40740.0,21.495148,31.5149
2026-09-24 01:00:00+02:00,14.464001,3.319036,11.159999,0.0,0.0,41280.0,25.31063,31.238638
2026-09-24 02:00:00+02:00,12.964001,4.8965297,11.879999,0.0,0.0,39320.0,24.76322,29.179018
2026-09-24 03:00:00+02:00,13.014,5.3517847,12.599999,0.0,0.0,40000.0,24.876173,35.682907
2026-09-24 04:00:00+02:00,13.214001,4.072935,11.879999,0.0,0.0,40680.0,24.220583,38.110546
2026-09-24 05:00:00+02:00,11.864,6.1305785,12.24,0.0,0.0,39520.0,24.130392,41.807953
2026-09-24 06:00:00+02:00,11.764,5.815978,15.119999,0.0,0.0,39540.0,28.618301,44.90465
2026-09-24 07:00:00+02:00,11.9140005,4.829907,15.119999,0.0,0.0,39820.0,26.920809,44.108284
2026-09-24 08:00:00+02:00,11.464001,7.0911775,21.24,0.0,0.0,37280.0,25.067432,51.908356
2026-09-24 09:00:00+02:00,13.614,6.9899354,19.8,0.0,0.0,37380.0,24.156197,50.10315
2026-09-24 10:00:00+02:00,15.6640005,10.041354,23.039999,0.0,0.0,38680.0,26.430378,49.226597
2026-09-24 11:00:00+02:00,16.314,10.086427,26.28,0.0,0.0,38580.0,27.831066,50.153107
2026-09-24 12:00:00+02:00,17.514,14.417988,27.359999,0.0,0.0,39160.0,31.070993,52.52809
2026-09-24 13:00:00+02:00,18.714,14.471821,28.8,0.0,0.0,40120.0,33.377995,53.031746
2026-09-24 14:00:00+02:00,19.464,15.986595,30.239998,0.0,0.0,41920.0,34.180252,53.227528
2026-09-24 15:00:00+02:00,19.964,17.462784,33.12,0.0,0.0,42200.0,37.367085,57.51017
2026-09-24 16:00:00+02:00,19.564001,16.203999,33.839996,0.0,0.0,41900.0,35.091568,61.285046
2026-09-24 17:00:00+02:00,17.764,11.503113,29.16,0.0,0.0,40800.0,34.993786,62.84004
2026-09-24 18:00:00+02:00,16.914,8.049845,22.319998,0.0,0.0,39780.0,31.28745,63.934044
2026-09-24 19:00:00+02:00,16.064,6.297428,17.64,0.0,0.0,39100.0,27.254288,61.133984
2026-09-24 20:00:00+02:00,15.814,5.00128,15.4800005,0.0,0.0,39080.0,26.64167,51.20219
2026-09-24 21:00:00+02:00,15.314,1.9386592,10.799999,0.0,0.0,39460.0,17.22628,42.520634
2026-09-24 22:00:00+02:00,14.614,2.6208394,6.8399997,8.0,0.0,40120.0,8.513107,51.9677
2026-09-24 23:00:00+02:00,13.614,6.193674,16.919998,0.0,0.0,38540.0,6.347113,49.72495
2026-09-25 00:00:00+02:00,12.814,5.00128,14.04,0.0,0.0,36080.0,5.094838,48.987316
2026-09-25 01:00:00+02:00,11.514,6.763786,15.119999,0.0,0.0,30920.0,3.286072,40.435436
2026-09-25 02:00:00+02:00,9.964001,4.73506,14.759999,0.0,0.0,19400.0,4.488087,42.142952
2026-09-25 03:00:00+02:00,9.464001,4.802999,7.2,0.0,0.0,15780.0,5.506198,34.547386
2026-09-25 04:00:00+02:00,9.114,4.6800003,8.64,0.0,0.0,13900.0,4.757608,32.27586
2026-09-25 05:00:00+02:00,8.564,1.609969,6.4799995,0.0,0.0,18320.0,5.941551,32.82621
2026-09-25 06:00:00+02:00,8.964001,0.8049845,2.52,0.0,0.0,21460.0,8.253009,29.441893
2026-09-25 07:00:00+02:00,8.314,3.319036,4.32,0.0,0.0,16540.0,8.84802,28.266945
2026-09-25 08:00:00+02:00,8.314,3.096837,6.12,0.0,0.0,14940.0,5.993747,28.477415
2026-09-25 09:00:00+02:00,9.814,0.5091169,4.32,0.0,0.0,13600.0,9.215885,26.9768
2026-09-25 10:00:00+02:00,13.064,2.5959969,7.5599995,0.0,0.0,26900.0,8.402622,25.538944
2026-09-25 11:00:00+02:00,15.1640005,1.484318,7.5599995,42.0,0.0,31740.0,7.515534,27.097918
2026-09-25 12:00:00+02:00,16.664,0.8049845,5.7599998,72.0,0.0,33460.0,12.832521,25.319267
2026-09-25 13:00:00+02:00,18.064001,0.8049845,4.32,51.0,0.0,36860.0,17.90602,25.20489
2026-09-25 14:00:00+02:00,19.314001,2.9024127,9.72,34.0,0.0,39380.0,18.58883,23.586206
2026-09-25 15:00:00+02:00,20.314001,2.9024127,9.0,0.0,0.0,42320.0,18.70576,21.103447
2026-09-25 16:00:00+02:00,20.564001,3.8939953,9.72,0.0,0.0,44060.0,21.041128,18.26558
2026-09-25 17:00:00+02:00,20.714,4.452954,12.599999,0.0,0.0,47460.0,18.77225,18.042755
2026-09-25 18:00:00+02:00,19.914,3.9763298,10.440001,0.0,0.0,45720.0,15.473553,18.096056
2026-09-25 19:00:00+02:00,18.314001,1.1384199,6.8399997,0.0,0.0,42220.0,13.708807,16.804535
2026-09-25 20:00:00+02:00,15.9140005,5.0911684,2.8799999,0.0,0.0,40520.0,13.270073,17.31268
2026-09-25 21:00:00+02:00,14.6640005,6.193674,11.5199995,0.0,0.0,38320.0,11.715913,20.47335
2026-09-25 22:00:00+02:00,14.864,5.315336,11.159999,0.0,0.0,39720.0,11.392405,20.818563
2026-09-25 23:00:00+02:00,14.814,3.8773184,8.64,0.0,0.0,38700.0,8.646228,22.379284
2026-09-26 00:00:00+02:00,14.264,5.506941,9.72,0.0,0.0,38580.0,10.066657,18.62069
2026-09-26 01:00:00+02:00,14.214001,4.0249224,9.72,0.0,0.0,39460.0,13.4101715,15.628565
2026-09-26 02:00:00+02:00,13.4140005,3.8773184,7.2,0.0,0.0,35140.0,12.159491,10.839878
2026-09-26 03:00:00+02:00,13.264,3.8268526,7.2,0.0,0.0,34540.0,14.836392,13.283339
2026-09-26 04:00:00+02:00,13.514,3.0547013,6.4799995,0.0,0.0,38580.0,16.265226,15.554438
2026-09-26 05:00:00+02:00,12.064,3.096837,6.12,0.0,0.0,33160.0,11.883102,16.13793
2026-09-26 06:00:00+02:00,11.9140005,4.072935,7.2,0.0,0.0,38480.0,12.710575,17.167427
2026-09-26 07:00:00+02:00,12.4140005,3.096837,6.8399997,0.0,0.0,40640.0,14.301892,19.400894
2026-09-26 08:00:00+02:00,11.114,4.5820518,6.12,0.0,0.0,38180.0,15.916784,21.212698
2026-09-26 09:00:00+02:00,12.264,4.2136917,10.799999,0.0,0.0,35660.0,19.209635,18.074755
2026-09-26 10:00:00+02:00,15.814,4.2136917,12.24,0.0,0.0,39780.0,21.110098,16.804535
2026-09-26 11:00:00+02:00,17.714,6.151683,17.28,0.0,0.0,41680.0,17.370333,17.423588
2026-09-26 12:00:00+02:00,19.514,7.5170207,16.919998,0.0,0.0,42700.0,13.701232,19.862066
2026-09-26 13:00:00+02:00,20.664,7.8625183,16.919998,0.0,0.0,41900.0,11.474137,18.713562
2026-09-26 14:00:00+02:00,22.564001,4.379589,16.199999,0.0,0.0,45380.0,10.520564,14.329733
2026-09-26 15:00:00+02:00,23.364,3.396233,10.08,0.0,0.0,46900.0,11.392405,14.153901
2026-09-26 16:00:00+02:00,23.564001,1.484318,7.92,0.0,0.0,47720.0,10.087265,17.489796
2026-09-26 17:00:00+02:00,23.814001,3.396233,4.68,0.0,0.0,49560.0,8.561753,21.679756
2026-09-26 18:00:00+02:00,22.064001,6.3690495,12.24,0.0,0.0,42100.0,9.688234,22.82248
2026-09-26 19:00:00+02:00,19.364,5.6233797,11.879999,0.0,0.0,42520.0,5.012658,24.843096
2026-09-26 20:00:00+02:00,18.314001,5.3999996,10.440001,0.0,0.0,47060.0,4.201311,20.331732
2026-09-26 21:00:00+02:00,17.814001,5.8603754,10.08,0.0,0.0,48100.0,5.0333285,20.818563
2026-09-26 22:00:00+02:00,17.264,6.3690495,11.5199995,0.0,0.0,46480.0,6.970812,22.653046
2026-09-26 23:00:00+02:00,17.164,5.6233797,12.599999,0.0,0.0,43780.0,6.524576,23.789505
2026-09-27 00:00:00+02:00,16.264,6.1305785,12.599999,0.0,0.0,41740.0,6.940957,23.3729
2026-09-27 01:00:00+02:00,16.214,5.8603754,12.599999,0.0,0.0,41780.0,6.572144,21.733002
2026-09-27 02:00:00+02:00,15.314,5.1165614,11.5199995,0.0,0.0,41060.0,5.9240503,17.555754
2026-09-27 03:00:00+02:00,15.364,5.0911684,11.159999,0.0,0.0,41180.0,6.970812,17.914183
2026-09-27 04:00:00+02:00,15.064,3.319036,9.36,0.0,0.0,41360.0,8.062088,18.074755
2026-09-27 05:00:00+02:00,13.6640005,4.1046314,7.2,0.0,0.0,39740.0,10.401459,15.266946
2026-09-27 06:00:00+02:00,13.514,4.896529,8.64,0.0,0.0,40420.0,10.870049,13.326771
2026-09-27 07:00:00+02:00,13.564,3.8939953,8.28,0.0,0.0,40580.0,12.039351,11.595439
2026-09-27 08:00:00+02:00,12.314,4.198285,6.12,0.0,0.0,38140.0,12.694226,14.275861
2026-09-27 09:00:00+02:00,14.114,3.0547013,6.8399997,0.0,0.0,40060.0,12.537857,15.216393
2026-09-27 10:00:00+02:00,17.364,2.5455842,6.8399997,0.0,0.0,41040.0,9.994197,16.884583
2026-09-27 11:00:00+02:00,19.264,4.0249224,7.2,0.0,0.0,42420.0,9.383359,19.832952
2026-09-27 12:00:00+02:00,20.964,5.771239,13.32,0.0,0.0,44100.0,11.419714,22.249796
2026-09-27 13:00:00+02:00,22.264,6.519877,14.759999,0.0,0.0,45820.0,13.655687,23.397612
2026-09-27 14:00:00+02:00,23.614,5.1544156,15.119999,0.0,0.0,47180.0,14.723995,25.357279
2026-09-27 15:00:00+02:00,24.364,4.5536795,12.599999,0.0,0.0,46400.0,15.713261,27.112131
2026-09-27 16:00:00+02:00,24.564001,4.39436,11.159999,0.0,0.0,45020.0,16.265226,25.719328
2026-09-27 17:00:00+02:00,24.614,5.4833565,12.959999,0.0,0.0,45540.0,16.909952,26.105885
2026-09-27 18:00:00+02:00,22.914,8.4963045,16.919998,0.0,0.0,42140.0,16.718523,24.491692
2026-09-27 19:00:00+02:00,20.714,6.9153743,16.919998,0.0,0.0,43340.0,13.270073,20.016638
2026-09-27 20:00:00+02:00,19.264,7.4128532,14.4,0.0,0.0,43120.0,14.709885,20.208189
2026-09-27 21:00:00+02:00,19.164,6.763786,14.759999,0.0,0.0,46220.0,12.961332,18.8469
2026-09-27 22:00:00+02:00,19.464,5.8603754,12.959999,0.0,0.0,46440.0,10.035667,18.98945
2026-09-27 23:00:00+02:00,18.864,6.130579,10.440001,0.0,0.0,44140.0,6.6350365,15.702343
2026-09-28 00:00:00+02:00,18.164,4.5820518,12.24,0.0,0.0,41820.0,6.1138062,14.753624
2026-09-28 01:00:00+02:00,18.414,4.5536795,7.2,0.0,0.0,42000.0,5.9240503,13.948265
2026-09-28 02:00:00+02:00,17.164,3.2599385,7.5599995,0.0,0.0,40660.0,4.907998,10.839878
2026-09-28 03:00:00+02:00,16.864,4.452954,7.92,0.0,0.0,40800.0,3.757767,10.678748
2026-09-28 04:00:00+02:00,16.714,2.7416782,6.8399997,0.0,0.0,41000.0,3.286072,10.1040945
2026-09-28 05:00:00+02:00,14.6640005,1.4399999,3.6,0.0,0.0,39220.0,4.1265044,9.695481
2026-09-28 06:00:00+02:00,14.014,0.5091169,1.08,0.0,0.0,38560.0,6.198138,8.622896
2026-09-28 07:00:00+02:00,13.6640005,2.0991426,1.8,0.0,0.0,38480.0,8.84802,7.5510154
2026-09-28 08:00:00+02:00,13.1640005,1.2979984,2.52,0.0,0.0,37260.0,10.638335,7.499821
2026-09-28 09:00:00+02:00,15.514,3.4152596,5.04,0.0,0.0,38220.0,15.065567,6.7137847
2026-09-28 10:00:00+02:00,18.614,1.5273507,5.3999996,0.0,0.0,39180.0,18.6891,6.598021
2026-09-28 11:00:00+02:00,20.814001,1.0182338,7.2,0.0,0.0,39820.0,21.878162,9.227214
2026-09-28 12:00:00+02:00,22.114,3.219938,9.0,0.0,0.0,39760.0,18.70576,9.454063
2026-09-28 13:00:00+02:00,22.964,4.3498964,11.5199995,0.0,0.0,40160.0,14.69576,9.331011
2026-09-28 14:00:00+02:00,23.864,3.0758414,11.879999,0.0,0.0,41980.0,11.4288025,10.1040945
2026-09-28 15:00:00+02:00,24.614,2.3051248,9.36,0.0,0.0,43300.0,7.5842957,13.166815
2026-09-28 16:00:00+02:00,25.014,1.0182338,6.12,0.0,0.0,44140.0,4.6916795,18.042755
2026-09-28 17:00:00+02:00,24.714,3.7064266,6.12,0.0,0.0,44640.0,9.666777,18.713562
2026-09-28 18:00:00+02:00,23.864,2.8799999,7.92,0.0,0.0,43380.0,7.418196,13.781546
2026-09-28 19:00:00+02:00,21.914,2.0364676,4.68,0.0,0.0,41500.0,6.198138,9.950412
2026-09-28 20:00:00+02:00,19.664,2.8116899,5.04,0.0,0.0,42180.0,17.917614,11.858258
2026-09-28 21:00:00+02:00,18.864,4.8433046,8.28,0.0,0.0,41980.0,25.067432,11.858258
2026-09-28 22:00:00+02:00,18.214,6.3690495,12.599999,0.0,0.0,41560.0,26.889935,9.494725
2026-09-28 23:00:00+02:00,18.014,5.4833565,12.24,0.0,0.0,41640.0,24.190557,8.622896
2026-09-29 00:00:00+02:00,17.814001,3.8268526,10.08,0.0,0.0,43080.0,13.464261,10.624495
2026-09-29 01:00:00+02:00,17.714,1.835647,5.7599998,0.0,0.0,42460.0,7.3053656,6.939521
2026-09-29 02:00:00+02:00,16.364,2.2768397,3.2399998,0.0,0.0,40960.0,6.524576,4.475857
2026-09-29 03:00:00+02:00,16.214,2.2768397,4.32,0.0,0.0,40940.0,8.706063,3.9743526
2026-09-29 04:00:00+02:00,15.514,4.3498964,6.8399997,0.0,0.0,40340.0,11.821781,1.9627929
2026-09-29 05:00:00+02:00,15.214001,1.8,7.5599995,0.0,0.0,38560.0,14.560902,0.87778765
2026-09-29 06:00:00+02:00,14.4140005,3.319036,6.4799995,0.0,0.0,38580.0,11.012396,0.6206896
2026-09-29 07:00:00+02:00,14.564,2.5959969,6.4799995,0.0,0.0,38780.0,11.883102,1.9627929
2026-09-29 08:00:00+02:00,14.9140005,2.6208394,5.3999996,0.0,0.0,38420.0,9.580463,2.2379284
2026-09-29 09:00:00+02:00,16.164,3.6,6.12,0.0,0.0,37220.0,6.1307654,3.1034482
2026-09-29 10:00:00+02:00,19.314001,0.8049845,5.7599998,0.0,0.0,38400.0,4.1265044,3.1649084
2026-09-29 11:00:00+02:00,20.664,1.609969,6.8399997,0.0,0.0,40140.0,4.511162,3.5111506
2026-09-29 12:00:00+02:00,22.014,3.2599385,6.8399997,0.0,0.0,40740.0,4.323114,4.7270317
2026-09-29 13:00:00+02:00,22.414,4.6800003,6.12,0.0,0.0,40840.0,3.89347,5.3031745
2026-09-29 14:00:00+02:00,23.914,5.6920996,8.28,0.0,0.0,41320.0,5.094838,6.8275857
2026-09-29 15:00:00+02:00,24.114,5.5887027,8.28,0.0,0.0,42760.0,6.0797453,9.037377
2026-09-29 16:00:00+02:00,23.964,4.6938252,8.64,0.0,0.0,42920.0,6.940957,8.821657
2026-09-29 17:00:00+02:00,23.764,2.4149535,9.72,0.0,0.0,42360.0,3.67394,10.4046545
2026-09-29 18:00:00+02:00,23.064001,3.8268526,7.2,0.0,0.0,42080.0,1.8788835,11.444951
2026-09-29 19:00:00+02:00,21.414,1.2979984,6.8399997,0.0,0.0,41340.0,0.4556962,10.714764
2026-09-29 20:00:00+02:00,20.464,1.609969,3.2399998,0.0,0.0,40960.0,2.278481,7.677507
2026-09-29 21:00:00+02:00,19.764,1.1384199,2.52,0.0,0.0,40800.0,3.757767,7.4740934
2026-09-29 22:00:00+02:00,18.614,1.835647,4.32,0.0,0.0,39860.0,5.506198,5.7224755
2026-09-29 23:00:00+02:00,17.864,1.609969,3.6,0.0,0.0,38760.0,4.556962,5.0041595
