date,temperature_2m,wind_speed_10m,wind_gusts_10m,cloud_cover_low,precipitation,visibility,wind_speed_850hPa,wind_speed_700hPa
2025-12-31 23:00:00+01:00,-8.254499,2.0364676,5.04,0.0,0.0,4760.0,1.0189676,16.433628
2026-01-01 00:00:00+01:00,-8.8545,1.1384199,2.8799999,100.0,0.0,300.0,1.0189676,14.948187
2026-01-01 01:00:00+01:00,-10.8545,1.484318,3.2399998,100.0,0.0,200.0,7.7468357,13.948265
2026-01-01 02:00:00+01:00,-8.6045,4.6938252,4.68,0.0,0.0,72240.0,6.330734,12.241913
2026-01-01 03:00:00+01:00,-10.3545,4.198285,7.92,0.0,0.0,50540.0,3.8667102,13.948265
2026-01-01 04:00:00+01:00,-11.754499,2.9024127,6.8399997,0.0,0.0,36940.0,5.094838,18.877537
2026-01-01 05:00:00+01:00,-11.754499,5.1919937,6.4799995,0.0,0.0,32840.0,2.278481,21.759575
2026-01-01 06:00:00+01:00,-11.8545,4.6938257,6.4799995,0.0,0.0,39220.0,2.453999,25.63681
2026-01-01 07:00:00+01:00,-11.3045,3.219938,6.4799995,13.0,0.0,26460.0,5.562481,31.429213
2026-01-01 08:00:00+01:00,-10.254499,4.510787,5.04,0.0,0.0,62440.0,4.844117,33.871685
2026-01-01 09:00:00+01:00,-11.954499,3.5455887,7.5599995,0.0,0.0,8320.0,2.577807,36.51006
2026-01-01 10:00:00+01:00,-9.0545,4.2136917,6.4799995,0.0,0.0,2660.0,7.0743074,43.39948
2026-01-01 11:00:00+01:00,-2.4545002,4.802999,11.879999,0.0,0.0,57620.0,9.079681,49.06982
2026-01-01 12:00:00+01:00,-0.4045,5.00128,12.959999,0.0,0.0,69180.0,11.644798,53.985725
2026-01-01 13:00:00+01:00,-0.104499996,6.0347,11.879999,0.0,0.0,69160.0,14.075039,59.615295
2026-01-01 14:00:00+01:00,1.1955,7.729527,16.56,0.0,0.0,71000.0,16.162767,63.67743
2026-01-01 15:00:00+01:00,1.6455,7.754637,18.72,0.0,0.0,75120.0,16.755745,62.959473
2026-01-01 16:00:00+01:00,0.3955,8.473393,18.359999,0.0,0.0,75860.0,15.680186,60.665863
2026-01-01 17:00:00+01:00,-1.2545,7.5685663,15.119999,0.0,0.0,76340.0,15.871056,56.971733
2026-01-01 18:00:00+01:00,-2.4045,5.2416787,12.599999,0.0,0.0,75980.0,19.868563,55.920654
2026-01-01 19:00:00+01:00,-1.9545001,6.725354,15.4800005,0.0,0.0,76880.0,17.062765,53.68517
2026-01-01 20:00:00+01:00,-3.2045002,6.489992,16.199999,0.0,0.0,72040.0,14.947947,54.80377
2026-01-01 21:00:00+01:00,-2.4045,8.473393,15.119999,0.0,0.0,65880.0,24.901201,58.25892
2026-01-01 22:00:00+01:00,-1.9044999,7.928178,15.84,0.0,0.0,67760.0,9.612922,58.572193
2026-01-01 23:00:00+01:00,-3.0045,7.6367526,13.679999,0.0,0.0,69820.0,6.7744107,58.374535
2026-01-02 00:00:00+01:00,-5.3045,6.439876,13.679999,0.0,0.0,56600.0,10.391472,59.46323
2026-01-02 01:00:00+01:00,-3.7045002,6.4799995,12.599999,0.0,0.0,64960.0,8.598059,61.63295
2026-01-02 02:00:00+01:00,-2.7545,9.178235,17.64,0.0,0.0,68620.0,16.316214,64.29457
2026-01-02 03:00:00+01:00,-2.2545,8.225035,17.64,0.0,0.0,70940.0,21.144497,64.17462
2026-01-02 04:00:00+01:00,-1.9044999,6.8399997,14.4,0.0,0.0,72520.0,13.670886,61.89803
2026-01-02 05:00:00+01:00,-1.6544999,7.342588,14.759999,0.0,0.0,75280.0,15.587208,61.760952
2026-01-02 06:00:00+01:00,-2.6545,6.924738,14.4,0.0,0.0,59320.0,8.753638,63.17937
2026-01-02 07:00:00+01:00,-1.9044999,9.826088,16.56,0.0,0.0,50960.0,3.5591009,62.858425
2026-01-02 08:00:00+01:00,-1.6544999,7.2359104,16.199999,0.0,0.0,36340.0,3.9200466,63.084778
2026-01-02 09:00:00+01:00,-1.3544999,7.289444,14.04,0.0,0.0,17400.0,2.8820758,61.876247
2026-01-02 10:00:00+01:00,0.1455,9.0,12.599999,44.0,0.0,29120.0,2.278481,60.669044
2026-01-02 11:00:00+01:00,0.7455,7.754637,15.84,0.0,0.0,29700.0,6.728273,58.308495
2026-01-02 12:00:00+01:00,1.6455,6.6185193,15.84,0.0,0.0,45200.0,11.926711,60.258064
2026-01-02 13:00:00+01:00,3.3955002,5.7599998,13.679999,0.0,0.0,72880.0,16.335295,62.76335
2026-01-02 14:00:00+01:00,2.3455,10.296251,20.519999,0.0,0.0,56640.0,8.476439,58.67405
2026-01-02 15:00:00+01:00,1.7455,12.819235,25.56,0.0,0.0,68060.0,8.315675,53.281788
2026-01-02 16:00:00+01:00,1.1955,9.255571,23.759998,0.0,0.0,63380.0,3.2222586,52.436337
2026-01-02 17:00:00+01:00,-0.30449998,7.208994,16.919998,0.0,0.0,62120.0,7.7602262,52.270763
2026-01-02 18:00:00+01:00,-1.4044999,6.519877,12.959999,0.0,0.0,44820.0,7.7468357,52.817005
2026-01-02 19:00:00+01:00,-0.60449994,6.12,12.24,66.0,0.0,63380.0,11.501252,49.794632
2026-01-02 20:00:00+01:00,-1.0545,8.12197,14.759999,71.0,0.0,55460.0,19.61612,53.39374
2026-01-02 21:00:00+01:00,-1.7045001,6.9899354,15.119999,5.0,0.0,53220.0,20.184822,56.513435
2026-01-02 22:00:00+01:00,-0.75450003,9.793058,13.32,3.0,0.0,66360.0,20.632523,48.47741
2026-01-02 23:00:00+01:00,-1.1545,10.853866,23.4,0.0,0.0,63580.0,23.343035,43.889385
2026-01-03 00:00:00+01:00,-2.3045,5.4833565,19.08,0.0,0.0,53820.0,16.866917,45.581615
2026-01-03 01:00:00+01:00,-1.2045,9.83268,11.159999,30.0,0.0,59800.0,19.61612,46.96369
2026-01-03 02:00:00+01:00,-1.5045,6.1305785,16.56,100.0,0.0,47280.0,12.269996,45.93103
2026-01-03 03:00:00+01:00,-2.1545,3.8939953,10.799999,98.0,0.0,46040.0,12.661468,41.701843
2026-01-03 04:00:00+01:00,-2.6044998,8.557102,11.159999,92.0,0.0,11900.0,1.8227848,45.31459
2026-01-03 05:00:00+01:00,-2.5045,4.0249224,13.679999,100.0,0.4,6060.0,8.074956,39.34408
2026-01-03 06:00:00+01:00,-3.1044998,6.1305785,10.799999,82.0,0.2,8580.0,9.17071,42.142952
2026-01-03 07:00:00+01:00,-2.8045,5.6920996,12.599999,100.0,0.0,8980.0,7.5842957,38.712326
2026-01-03 08:00:00+01:00,-2.8544998,4.829907,11.5199995,87.0,0.0,10740.0,5.709857,40.729725
2026-01-03 09:00:00+01:00,-3.4545002,8.654987,15.84,79.0,0.0,6740.0,6.835443,46.06504
2026-01-03 10:00:00+01:00,-2.1545,7.653705,20.880001,85.0,0.0,10680.0,1.3670886,47.57901
2026-01-03 11:00:00+01:00,-1.8544999,8.669949,18.0,84.0,0.0,18260.0,2.0379353,50.24903
2026-01-03 12:00:00+01:00,-1.6044999,11.246759,22.319998,63.0,0.0,40740.0,2.0379353,51.431168
2026-01-03 13:00:00+01:00,-1.2045,8.161764,21.599998,40.0,0.0,36180.0,7.5842957,51.247314
2026-01-03 14:00:00+01:00,-1.1545,12.738099,25.199999,0.0,0.0,48540.0,4.6472077,48.94011
2026-01-03 15:00:00+01:00,-1.6044999,7.8954163,23.4,0.0,0.0,47400.0,2.453999,47.74471
2026-01-03 16:00:00+01:00,-2.4045,10.028439,17.64,7.0,0.0,35780.0,7.515534,47.873642
2026-01-03 17:00:00+01:00,-4.3545003,5.815978,16.199999,37.0,0.0,34060.0,2.0379353,45.041714
2026-01-03 18:00:00+01:00,-5.0545,5.506941,13.32,0.0,0.0,45340.0,7.78694,35.384754
2026-01-03 19:00:00+01:00,-8.4045,2.6208394,7.92,0.0,0.0,49460.0,2.3236039,34.697605
2026-01-03 20:00:00+01:00,-9.254499,2.9024127,5.3999996,0.0,0.0,58700.0,2.577807,38.587734
2026-01-03 21:00:00+01:00,-11.204499,4.198285,4.68,0.0,0.0,34540.0,8.402622,36.15484
2026-01-03 22:00:00+01:00,-10.254499,3.4152596,5.04,21.0,0.0,42800.0,6.940957,35.384754
2026-01-03 23:00:00+01:00,-8.004499,6.151683,6.8399997,75.0,0.0,60680.0,6.6350365,37.499107
2026-01-04 00:00:00+01:00,-7.7044997,5.3999996,6.8399997,75.0,0.0,44100.0,3.1898732,32.042255
2026-01-04 01:00:00+01:00,-6.0045,3.8773184,6.12,97.0,0.0,8180.0,6.7744107,31.040686
2026-01-04 02:00:00+01:00,-7.1045003,3.2599385,6.12,81.0,0.2,11420.0,5.468354,32.281826
2026-01-04 03:00:00+01:00,-9.8045,2.968636,4.68,0.0,0.0,12440.0,4.556962,25.516308
2026-01-04 04:00:00+01:00,-9.3045,5.8603754,11.5199995,4.0,0.0,66540.0,7.7602262,21.724138
2026-01-04 05:00:00+01:00,-9.8545,6.792466,14.4,0.0,0.0,52020.0,5.709857,13.6692705
2026-01-04 06:00:00+01:00,-9.3045,6.297428,12.599999,0.0,0.0,57580.0,3.0569031,11.189641
2026-01-04 07:00:00+01:00,-9.754499,5.154415,7.92,0.0,0.0,65440.0,4.201311,3.1649084
2026-01-04 08:00:00+01:00,-9.6545,5.495161,10.08,0.0,0.0,64780.0,4.488087,0.6206896
2026-01-04 09:00:00+01:00,-12.1545,1.484318,7.5599995,0.0,0.0,54920.0,2.453999,2.2379284
2026-01-04 10:00:00+01:00,-7.9045005,2.0364676,4.68,59.0,0.0,59100.0,3.1898732,3.7241378
2026-01-04 11:00:00+01:00,-5.0045,3.096837,6.12,0.0,0.0,34220.0,2.9178793,5.1183376
2026-01-04 12:00:00+01:00,-4.0045,3.0758414,9.72,0.0,0.0,51480.0,1.4410379,6.48019
2026-01-04 13:00:00+01:00,-3.6545,5.4833565,9.36,0.0,0.0,23660.0,2.6571426,8.886923
2026-01-04 14:00:00+01:00,-3.9545002,3.7064266,9.0,0.0,0.0,26260.0,0.64445174,11.41124
2026-01-04 15:00:00+01:00,-4.0045,1.4399999,8.28,0.0,0.0,30780.0,0.4556962,11.711148
2026-01-04 16:00:00+01:00,-5.9545,1.1384199,2.8799999,0.0,0.0,31760.0,0.9113924,14.714402
2026-01-04 17:00:00+01:00,-10.254499,2.7416782,3.2399998,0.0,0.0,5500.0,3.0569031,16.102081
2026-01-04 18:00:00+01:00,-12.1045,4.6938257,5.3999996,12.0,0.0,3060.0,0.0,18.096056
2026-01-04 19:00:00+01:00,-12.8545,1.484318,4.68,0.0,0.0,3040.0,0.9113924,20.141356
2026-01-04 20:00:00+01:00,-13.954499,2.6208394,2.16,100.0,0.0,140.0,1.3670886,21.402544
2026-01-04 21:00:00+01:00,-14.8545,2.1897945,3.96,100.0,0.0,180.0,2.7718916,20.864775
2026-01-04 22:00:00+01:00,-11.1045,0.5091169,2.16,77.0,0.0,1260.0,0.9113924,20.864775
2026-01-04 23:00:00+01:00,-12.5545,0.71999997,3.96,93.0,0.0,3140.0,0.9113924,21.51923
2026-01-05 00:00:00+01:00,-11.6045,2.9024127,3.6,100.0,0.0,3000.0,1.0189676,23.59437
2026-01-05 01:00:00+01:00,-10.704499,2.5455842,3.6,100.0,0.0,140.0,1.643036,21.724138
2026-01-05 02:00:00+01:00,-10.754499,0.71999997,3.2399998,100.0,0.0,340.0,0.9113924,23.846117
2026-01-05 03:00:00+01:00,-10.954499,2.5455842,2.8799999,100.0,0.0,920.0,4.0758705,24.827585
2026-01-05 04:00:00+01:00,-11.454499,0.8049845,3.6,100.0,0.0,920.0,2.0379353,22.041039
2026-01-05 05:00:00+01:00,-11.204499,1.5273507,2.16,100.0,0.0,3180.0,1.4410379,21.86555
2026-01-05 06:00:00+01:00,-11.6545,1.1384199,2.16,100.0,0.0,3160.0,4.488087,20.01664
2026-01-05 07:00:00+01:00,-10.504499,2.7416782,5.7599998,96.0,0.0,2100.0,0.9113924,17.522804
2026-01-05 08:00:00+01:00,-11.4045,1.08,3.6,0.0,0.0,34220.0,1.8227848,14.753624
2026-01-05 09:00:00+01:00,-13.3545,2.52,3.96,78.0,0.0,1400.0,1.4410379,14.529971
2026-01-05 10:00:00+01:00,-9.704499,0.8049845,2.52,61.0,0.0,20420.0,2.0379353,14.153901
2026-01-05 11:00:00+01:00,-8.1545,1.609969,4.68,0.0,0.0,18320.0,1.0189676,14.753624
2026-01-05 12:00:00+01:00,-7.4045005,1.4399999,4.68,0.0,0.0,26180.0,0.4556962,15.329903
2026-01-05 13:00:00+01:00,-6.4045,2.6208394,6.12,60.0,0.0,1740.0,1.643036,14.922391
2026-01-05 14:00:00+01:00,-5.7545,3.5455887,9.36,59.0,0.0,26920.0,1.643036,11.939204
2026-01-05 15:00:00+01:00,-5.9045,0.8049845,7.2,0.0,0.0,31760.0,2.6571426,11.809426
2026-01-05 16:00:00+01:00,-7.4045005,3.096837,4.68,0.0,0.0,26080.0,2.9178793,7.0769506
2026-01-05 17:00:00+01:00,-11.6045,1.8,3.96,0.0,0.0,7360.0,0.0,6.2068963
2026-01-05 18:00:00+01:00,-12.504499,1.484318,3.6,0.0,0.0,6640.0,3.4704785,9.310345
2026-01-05 19:00:00+01:00,-12.5545,2.1897945,1.4399999,0.0,0.0,34280.0,2.278481,10.236675
2026-01-05 20:00:00+01:00,-12.3545,3.219938,3.96,0.0,0.0,61520.0,1.8788835,8.1638975
2026-01-05 21:00:00+01:00,-13.254499,1.8,2.8799999,0.0,0.0,54780.0,1.4410379,7.5510154
2026-01-05 22:00:00+01:00,-12.6545,7.5685663,5.04,0.0,0.0,64000.0,5.7641516,11.939204
2026-01-05 23:00:00+01:00,-10.6545,7.7043357,13.32,0.0,0.0,60120.0,8.377872,20.632679
2026-01-06 00:00:00+01:00,-10.5545,7.8954163,13.32,0.0,0.0,55440.0,5.562481,24.780989
2026-01-06 01:00:00+01:00,-10.504499,7.7043357,12.24,0.0,0.0,51740.0,7.840093,25.448275
2026-01-06 02:00:00+01:00,-10.8045,7.127636,10.08,0.0,0.0,50840.0,5.3142853,18.26558
2026-01-06 03:00:00+01:00,-9.454499,5.154415,7.5599995,0.0,0.0,73560.0,1.0189676,14.948187
2026-01-06 04:00:00+01:00,-10.4045,6.763786,7.5599995,0.0,0.0,58520.0,2.8820758,11.858258
2026-01-06 05:00:00+01:00,-9.8045,5.495161,7.2,0.0,0.0,65420.0,1.4410379,8.711794
2026-01-06 06:00:00+01:00,-11.254499,1.5273507,6.12,0.0,0.0,75700.0,1.643036,9.037377
2026-01-06 07:00:00+01:00,-12.6545,1.8,5.04,0.0,0.0,73460.0,1.8788835,5.855574
2026-01-06 08:00:00+01:00,-13.254499,2.4149535,4.32,0.0,0.0,73720.0,1.4410379,7.0769506
2026-01-06 09:00:00+01:00,-11.3545,7.386582,9.0,0.0,0.0,74580.0,1.9333551,6.598021
2026-01-06 10:00:00+01:00,-8.6545,1.4399999,8.28,0.0,0.0,71040.0,0.9113924,7.2649856
2026-01-06 11:00:00+01:00,-5.9545,1.1384199,3.6,0.0,0.0,65300.0,3.67394,7.5510154
2026-01-06 12:00:00+01:00,-5.1045003,1.1384199,5.7599998,0.0,0.0,57800.0,5.6366506,7.677507
2026-01-06 13:00:00+01:00,-4.4045,2.968636,6.8399997,0.0,0.0,51320.0,3.67394,9.392738
2026-01-06 14:00:00+01:00,-4.3045,4.6800003,6.4799995,0.0,0.0,51240.0,3.4704785,9.454063
2026-01-06 15:00:00+01:00,-4.7545,5.0142193,9.72,0.0,0.0,46980.0,4.757608,7.777219
2026-01-06 16:00:00+01:00,-6.2045,4.896529,9.36,65.0,0.0,47800.0,5.9240503,8.442291
2026-01-06 17:00:00+01:00,-9.454499,3.6,8.64,0.0,0.0,46100.0,6.524576,15.152965
2026-01-06 18:00:00+01:00,-11.954499,1.2979984,3.6,82.0,0.0,42940.0,4.488087,18.423088
2026-01-06 19:00:00+01:00,-11.3045,4.6102495,3.6,77.0,0.0,16720.0,2.3236039,17.390388
2026-01-06 20:00:00+01:00,-11.6545,5.0142193,5.3999996,16.0,0.0,48640.0,1.8788835,18.908127
2026-01-06 21:00:00+01:00,-11.8545,1.5273507,5.7599998,1.0,0.0,59820.0,4.0758705,21.402544
2026-01-06 22:00:00+01:00,-10.954499,2.7416782,5.3999996,95.0,0.0,33060.0,2.6571426,16.386677
2026-01-06 23:00:00+01:00,-11.0545,3.4152596,4.32,67.0,0.0,40800.0,0.9113924,17.773846
2026-01-07 00:00:00+01:00,-12.1045,1.5273507,3.2399998,67.0,0.0,29180.0,0.4556962,16.492132
2026-01-07 01:00:00+01:00,-9.704499,5.6920996,2.8799999,76.0,0.0,51920.0,2.453999,14.999642
2026-01-07 02:00:00+01:00,-9.8545,4.452954,9.0,64.0,0.0,53400.0,3.286072,16.884583
2026-01-07 03:00:00+01:00,-11.6545,5.3517847,5.7599998,11.0,0.0,59920.0,2.0379353,19.871763
2026-01-07 04:00:00+01:00,-10.754499,7.4128532,6.4799995,3.0,0.0,54100.0,3.67394,18.877537
2026-01-07 05:00:00+01:00,-11.004499,7.491114,12.24,0.0,0.0,56140.0,5.562481,19.949162
2026-01-07 06:00:00+01:00,-12.004499,6.1094027,9.72,0.0,0.0,53000.0,4.844117,21.24899
2026-01-07 07:00:00+01:00,-11.204499,6.4096174,9.72,0.0,0.0,57220.0,6.572144,20.716534
2026-01-07 08:00:00+01:00,-11.4045,7.289445,9.72,0.0,0.0,55500.0,7.840093,19.62793
2026-01-07 09:00:00+01:00,-10.3045,6.3690495,12.24,0.0,0.0,58980.0,10.240498,22.014801
2026-01-07 10:00:00+01:00,-7.3045,3.8268526,11.5199995,0.0,0.0,61880.0,6.47666,18.948832
2026-01-07 11:00:00+01:00,-5.1045003,2.0991426,6.4799995,0.0,0.0,62700.0,9.612922,16.884583
2026-01-07 12:00:00+01:00,-5.3545003,4.072935,9.0,0.0,0.0,62140.0,9.858215,18.042755
2026-01-07 13:00:00+01:00,-4.7045,5.1165614,9.36,0.0,0.0,56940.0,7.205189,18.042753
2026-01-07 14:00:00+01:00,-4.2545,3.6179552,10.08,0.0,0.0,64300.0,7.1182017,18.096056
2026-01-07 15:00:00+01:00,-4.0545,3.8268526,7.92,0.0,0.0,43320.0,12.039351,21.794956
2026-01-07 16:00:00+01:00,-5.8045,2.9024127,8.28,0.0,0.0,46660.0,12.396276,29.507248
2026-01-07 17:00:00+01:00,-6.6045003,4.73506,6.8399997,0.0,0.0,59660.0,16.518595,35.55311
2026-01-07 18:00:00+01:00,-6.2045,6.5693827,12.24,81.0,0.0,73000.0,11.671517,38.15096
2026-01-07 19:00:00+01:00,-4.5545,6.489992,11.159999,97.0,0.0,64260.0,10.520564,49.91055
2026-01-07 20:00:00+01:00,-4.9545,6.12,11.5199995,100.0,0.0,60600.0,9.952556,50.911686
2026-01-07 21:00:00+01:00,-5.4545,5.2416787,14.04,100.0,0.1,19020.0,11.644798,52.79147
2026-01-07 22:00:00+01:00,-3.9545002,7.42159,10.08,84.0,0.1,27600.0,17.062765,49.65517
2026-01-07 23:00:00+01:00,-3.2545,6.9899354,13.32,87.0,0.0,43340.0,21.882908,42.206894
2026-01-08 00:00:00+01:00,-3.5545,8.287822,15.119999,70.0,0.0,48180.0,24.792553,37.251724
2026-01-08 01:00:00+01:00,-3.1545,11.252519,18.359999,62.0,0.0,59760.0,25.408894,38.472748
2026-01-08 02:00:00+01:00,-2.7045002,12.849528,24.84,71.0,0.0,62580.0,24.06145,48.09844
2026-01-08 03:00:00+01:00,-3.2545,11.165805,24.84,0.0,0.0,56720.0,30.18622,45.348587
2026-01-08 04:00:00+01:00,-1.7545,15.978484,20.880001,61.0,0.0,69420.0,27.097643,56.137253
2026-01-08 05:00:00+01:00,-1.1545,14.512064,30.599998,80.0,0.0,64380.0,21.920834,63.692554
2026-01-08 06:00:00+01:00,-1.1545,10.587917,27.0,86.0,0.0,37740.0,19.742744,59.7444
2026-01-08 07:00:00+01:00,-0.15450001,14.973577,19.8,98.0,0.1,18980.0,20.607346,69.55325
2026-01-08 08:00:00+01:00,1.1955,15.192682,32.039997,100.0,0.0,56440.0,12.694226,73.78117
2026-01-08 09:00:00+01:00,1.2955,9.793058,28.08,100.0,0.0,7280.0,13.049152,57.977192
2026-01-08 10:00:00+01:00,1.1455,11.753877,18.72,99.0,0.6,2760.0,16.934494,59.014496
2026-01-08 11:00:00+01:00,2.2955,13.779114,27.0,100.0,0.3,45140.0,27.440327,66.67721
2026-01-08 12:00:00+01:00,2.9455,12.313893,26.28,79.0,0.1,45960.0,27.778786,66.37028
2026-01-08 13:00:00+01:00,3.9955,14.168641,25.919998,100.0,0.0,57300.0,20.63252,70.27237
2026-01-08 14:00:00+01:00,4.4455,14.182355,28.44,51.0,0.0,54920.0,25.620502,71.45483
2026-01-08 15:00:00+01:00,4.4955,12.783802,25.56,8.0,0.0,53120.0,33.175182,74.987946
2026-01-08 16:00:00+01:00,4.5955,14.512064,23.759998,98.0,0.0,51240.0,23.520283,65.01853
2026-01-08 17:00:00+01:00,4.0455,13.363711,29.16,49.0,0.7,23200.0,22.417288,69.39521
2026-01-08 18:00:00+01:00,3.7455,11.043261,27.0,45.0,1.8,17180.0,25.162518,81.461815
2026-01-08 19:00:00+01:00,3.7954998,17.174677,26.28,48.0,1.9,31040.0,25.701426,80.35953
2026-01-08 20:00:00+01:00,4.0955,14.84318,33.48,43.0,2.0,25460.0,29.3491,69.234024
2026-01-08 21:00:00+01:00,3.7455,11.252519,26.28,24.0,1.0,32880.0,34.854057,75.74703
2026-01-08 22:00:00+01:00,4.5955,12.661564,23.759998,39.0,1.2,38900.0,28.964502,66.448586
2026-01-08 23:00:00+01:00,4.5455,11.91812,25.56,30.0,0.7,38460.0,27.166527,69.09477
2026-01-09 00:00:00+01:00,4.4455,10.028439,22.319998,13.0,0.3,38680.0,35.904697,70.54323
2026-01-09 01:00:00+01:00,4.8954997,12.181625,20.16,0.0,0.1,52420.0,38.175266,79.09106
2026-01-09 02:00:00+01:00,5.5455,11.91812,24.119999,32.0,0.1,58920.0,35.1241,84.015785
2026-01-09 03:00:00+01:00,5.6955,15.646544,29.88,39.0,0.6,52000.0,45.95533,101.429115
2026-01-09 04:00:00+01:00,5.7955,19.855558,34.2,29.0,1.1,31480.0,48.682774,105.26501
2026-01-09 05:00:00+01:00,5.0455,22.380884,48.96,38.0,1.5,38060.0,58.057915,101.79498
2026-01-09 06:00:00+01:00,4.5455,16.862455,45.36,0.0,0.5,45900.0,52.23837,85.801216
2026-01-09 07:00:00+01:00,4.0955,17.193533,36.719997,28.0,0.7,19100.0,35.450703,81.260574
2026-01-09 08:00:00+01:00,4.1955,14.4,34.92,0.0,1.0,55240.0,37.76784,82.2806
2026-01-09 09:00:00+01:00,3.5955,10.24578,28.44,0.0,0.0,52660.0,34.54285,70.6878
2026-01-09 10:00:00+01:00,4.2955,12.783802,26.64,9.0,1.0,60040.0,35.159554,78.97407
2026-01-09 11:00:00+01:00,4.2955,11.983188,26.64,11.0,0.1,50280.0,31.996235,74.46465
2026-01-09 12:00:00+01:00,3.8955002,10.948973,26.28,0.0,0.2,33800.0,38.169827,74.82593
2026-01-09 13:00:00+01:00,4.0955,17.298738,44.28,0.0,0.1,51300.0,53.14285,74.611946
2026-01-09 14:00:00+01:00,4.1955,17.771753,39.239998,0.0,0.0,52920.0,52.079117,72.64986
2026-01-09 15:00:00+01:00,3.7954998,17.654688,39.6,0.0,0.0,52300.0,46.56136,75.02903
2026-01-09 16:00:00+01:00,3.2954998,18.0036,37.8,0.0,0.0,60780.0,37.41152,73.04649
2026-01-09 17:00:00+01:00,2.5955,14.345898,37.44,16.0,0.0,62160.0,32.86704,64.77216
2026-01-09 18:00:00+01:00,2.0955,11.435313,32.039997,6.0,0.0,63320.0,28.538372,60.92252
2026-01-09 19:00:00+01:00,2.1455002,13.202726,25.56,43.0,0.0,64460.0,22.666018,65.85455
2026-01-09 20:00:00+01:00,1.8955001,14.003029,33.839996,0.0,0.0,57500.0,29.536005,55.875854
2026-01-09 21:00:00+01:00,1.4955001,10.948973,28.44,6.0,0.2,45140.0,24.220585,57.116936
2026-01-09 22:00:00+01:00,1.5955,11.923557,22.319998,8.0,0.0,44800.0,19.333553,54.003563
2026-01-09 23:00:00+01:00,1.6955,11.457958,24.84,0.0,0.0,55480.0,16.512308,57.807503
2026-01-10 00:00:00+01:00,1.2955,9.904906,23.039999,19.0,0.0,50480.0,25.133617,55.244858
2026-01-10 01:00:00+01:00,0.8455,14.021525,27.359999,6.0,0.0,48460.0,21.354607,60.98256
2026-01-10 02:00:00+01:00,1.2455001,14.799459,30.960001,0.0,0.0,54880.0,29.409178,58.50638
2026-01-10 03:00:00+01:00,0.8955,12.758432,29.519999,0.0,0.1,41360.0,30.28923,57.754166
2026-01-10 04:00:00+01:00,0.5955,12.413477,25.56,94.0,0.0,8720.0,19.852879,62.08137
2026-01-10 05:00:00+01:00,0.5955,11.4862,26.64,26.0,0.2,13120.0,19.34429,58.968784
2026-01-10 06:00:00+01:00,0.09549999,9.178235,23.4,22.0,0.3,11560.0,21.242481,55.875854
2026-01-10 07:00:00+01:00,0.34550002,13.104198,19.8,14.0,0.3,12840.0,18.866041,58.056885
2026-01-10 08:00:00+01:00,0.19550002,11.200571,27.72,14.0,0.3,12160.0,18.147924,59.589436
2026-01-10 09:00:00+01:00,0.04550004,9.1641035,21.599998,0.0,0.4,9500.0,25.228455,47.188744
2026-01-10 10:00:00+01:00,-0.104499996,12.031756,20.16,40.0,0.2,3360.0,26.098305,46.885696
2026-01-10 11:00:00+01:00,0.49550003,9.793059,27.0,30.0,0.3,9880.0,17.1538,58.742954
2026-01-10 12:00:00+01:00,0.5955,9.686609,21.96,0.0,0.2,41040.0,23.696201,57.116936
2026-01-10 13:00:00+01:00,1.0455,9.983106,20.16,0.0,0.1,47920.0,25.079855,52.79147
2026-01-10 14:00:00+01:00,0.8955,8.049845,23.759998,100.0,0.0,42360.0,2.278481,63.943077
2026-01-10 15:00:00+01:00,0.19550002,7.6367526,27.72,52.0,0.2,6020.0,14.878324,51.651672
2026-01-10 16:00:00+01:00,-0.104499996,10.787993,20.519999,52.0,0.1,1600.0,24.497644,37.755074
2026-01-10 17:00:00+01:00,-0.4045,8.427383,25.56,87.0,0.1,30600.0,10.628571,53.509064
2026-01-10 18:00:00+01:00,-0.9045,7.6367526,27.72,54.0,0.5,8960.0,12.4380865,40.649246
2026-01-10 19:00:00+01:00,-0.60449994,8.825508,15.4800005,97.0,0.0,33240.0,7.3053656,45.52664
2026-01-10 20:00:00+01:00,-0.9045,10.594036,27.0,94.0,0.4,7340.0,10.240498,44.693962
2026-01-10 21:00:00+01:00,-1.1044999,5.771239,21.24,100.0,0.4,4780.0,6.6350365,39.45165
2026-01-10 22:00:00+01:00,-1.1044999,6.519877,12.959999,100.0,0.8,2480.0,3.2222586,35.817608
2026-01-10 23:00:00+01:00,-1.2045,5.4477882,25.919998,100.0,1.2,1960.0,5.709857,27.204338
2026-01-11 00:00:00+01:00,-1.4545001,4.5536795,11.159999,100.0,1.0,3760.0,5.7641516,26.392084
2026-01-11 01:00:00+01:00,-1.0045,3.9763298,9.36,96.0,0.6,4660.0,1.0189676,25.455843
2026-01-11 02:00:00+01:00,-1.3045,5.95906,15.84,98.0,0.7,4560.0,4.2990294,25.987556
2026-01-11 03:00:00+01:00,-1.7545,2.52,11.159999,94.0,0.6,4900.0,3.757767,27.26799
2026-01-11 04:00:00+01:00,-1.4044999,2.968636,3.96,100.0,0.6,3320.0,0.64445174,28.089205
2026-01-11 05:00:00+01:00,-1.7045001,2.5455842,5.3999996,93.0,0.7,4620.0,2.7718916,25.994967
2026-01-11 06:00:00+01:00,-2.2545,1.1384199,4.32,91.0,0.5,4700.0,2.453999,23.065948
2026-01-11 07:00:00+01:00,-1.8045,2.9024127,2.52,84.0,0.4,6860.0,1.643036,24.554531
2026-01-11 08:00:00+01:00,-3.1545,0.8049845,4.68,78.0,0.2,5400.0,0.9113924,26.076353
2026-01-11 09:00:00+01:00,-3.5045,3.8773184,4.32,87.0,0.1,2100.0,1.643036,25.455843
2026-01-11 10:00:00+01:00,-1.2045,1.4399999,6.8399997,91.0,0.1,440.0,2.278481,27.317396
2026-01-11 11:00:00+01:00,-0.75450003,2.7416782,9.36,44.0,0.0,9420.0,5.709857,25.478535
2026-01-11 12:00:00+01:00,-0.15450001,1.484318,4.68,37.0,0.0,15520.0,6.1307654,25.020798
2026-01-11 13:00:00+01:00,0.1455,2.0991426,7.92,12.0,0.0,17000.0,8.215179,20.632679
2026-01-11 14:00:00+01:00,0.24550003,3.671294,9.0,0.0,0.0,20600.0,5.487309,21.546066
2026-01-11 15:00:00+01:00,0.09549999,1.1384199,7.2,50.0,0.0,21780.0,8.062088,21.865547
2026-01-11 16:00:00+01:00,-0.70449996,2.5959969,6.4799995,0.0,0.0,15320.0,8.976174,21.679756
2026-01-11 17:00:00+01:00,-2.4545002,3.096837,5.7599998,23.0,0.0,9520.0,12.2276125,23.95894
2026-01-11 18:00:00+01:00,-4.3045,5.8603754,7.92,0.0,0.0,8340.0,10.311228,25.20489
2026-01-11 19:00:00+01:00,-4.8045,8.435069,7.2,0.0,0.0,57480.0,11.618018,29.702448
2026-01-11 20:00:00+01:00,-4.8545003,5.4833565,13.679999,0.0,0.0,51160.0,9.994198,27.267992
2026-01-11 21:00:00+01:00,-6.1045003,1.9386592,9.0,93.0,0.0,1980.0,10.638334,22.56785
2026-01-11 22:00:00+01:00,-5.2545,7.8954163,17.28,0.0,0.0,40360.0,11.618018,25.994967
2026-01-11 23:00:00+01:00,-3.9045,8.39657,16.199999,0.0,0.0,46820.0,14.532351,26.076351
2026-01-12 00:00:00+01:00,-2.3544998,8.891343,16.199999,0.0,0.0,60120.0,13.548821,28.477415
2026-01-12 01:00:00+01:00,-1.5545,8.217153,16.919998,0.0,0.0,58920.0,14.038106,31.022066
2026-01-12 02:00:00+01:00,-1.4545001,7.24486,17.28,0.0,0.0,47000.0,15.680186,35.98394
2026-01-12 03:00:00+01:00,0.79550004,6.9899354,13.679999,0.0,0.0,64680.0,15.044876,35.466316
2026-01-12 04:00:00+01:00,0.6955,7.7879906,18.359999,75.0,0.0,71580.0,19.166346,45.78401
2026-01-12 05:00:00+01:00,1.0955,5.4119864,14.759999,92.0,0.0,29180.0,14.560902,42.429935
2026-01-12 06:00:00+01:00,1.8455,5.692099,12.24,69.0,0.1,42660.0,16.512308,49.65517
2026-01-12 07:00:00+01:00,2.0955,4.73506,10.799999,61.0,0.4,21860.0,22.193855,49.69007
2026-01-12 08:00:00+01:00,3.6955,5.1544156,8.28,100.0,0.0,41820.0,17.725351,45.733498
2026-01-12 09:00:00+01:00,3.1955,4.0249224,11.879999,100.0,0.0,36940.0,16.104847,44.758568
2026-01-12 10:00:00+01:00,3.8955002,7.653705,9.36,81.0,0.0,33420.0,18.555286,44.108284
2026-01-12 11:00:00+01:00,5.0955,2.8116899,12.24,73.0,0.0,48840.0,17.772152,40.516342
2026-01-12 12:00:00+01:00,5.3455,4.896529,7.2,28.0,0.0,44660.0,16.182028,39.898323
2026-01-12 13:00:00+01:00,5.0455,7.42159,10.440001,58.0,0.0,46860.0,12.312233,38.48776
2026-01-12 14:00:00+01:00,4.6955,2.7416782,12.599999,3.0,0.0,48820.0,14.989566,40.98432
2026-01-12 15:00:00+01:00,4.8455,4.5536795,10.799999,0.0,0.0,51100.0,12.0307255,36.261242
2026-01-12 16:00:00+01:00,4.3955,5.4119864,7.92,33.0,0.0,52100.0,16.053188,37.755074
2026-01-12 17:00:00+01:00,6.4455,6.439876,9.36,62.0,0.0,66800.0,15.798928,44.711197
2026-01-12 18:00:00+01:00,3.6455002,7.0911775,15.4800005,43.0,0.0,29180.0,15.086228,47.42085
2026-01-12 19:00:00+01:00,3.3455,8.707237,16.199999,5.0,0.0,30700.0,15.086228,54.295265
2026-01-12 20:00:00+01:00,3.2455,8.587338,16.199999,0.0,0.0,25420.0,13.859459,52.052883
2026-01-12 21:00:00+01:00,2.7954998,7.9036193,16.199999,0.0,0.0,17040.0,15.693425,52.388557
2026-01-12 22:00:00+01:00,3.4455,8.707237,14.759999,0.0,0.0,33020.0,11.883102,51.640484
2026-01-12 23:00:00+01:00,5.2955,5.506941,15.84,0.0,0.0,64720.0,12.51299,52.02327
2026-01-13 00:00:00+01:00,3.8455,7.69592,15.84,0.0,0.0,45180.0,13.548821,55.7447
2026-01-13 01:00:00+01:00,3.0955,5.04,12.959999,0.0,0.0,35500.0,9.383359,57.51017
2026-01-13 02:00:00+01:00,3.0454998,5.1544156,8.64,0.0,0.0,38060.0,11.671517,57.51017
2026-01-13 03:00:00+01:00,2.7954998,5.771239,6.4799995,0.0,0.0,57640.0,8.753638,54.398052
2026-01-13 04:00:00+01:00,2.0955,5.5887027,15.84,0.0,0.0,7640.0,10.831774,53.742546
2026-01-13 05:00:00+01:00,2.5955,6.2145634,7.92,18.0,0.0,29260.0,9.815996,50.432705
2026-01-13 06:00:00+01:00,2.2455,7.5170207,19.44,0.0,0.0,45940.0,11.644798,46.819916
2026-01-13 07:00:00+01:00,2.1455002,7.69592,13.32,0.0,0.0,33360.0,12.636843,47.873642
2026-01-13 08:00:00+01:00,2.8955002,7.072878,14.4,0.0,0.0,46760.0,16.284365,46.992393
2026-01-13 09:00:00+01:00,2.4455,7.0911775,13.32,0.0,0.0,29940.0,15.09311,45.041714
2026-01-13 10:00:00+01:00,2.3455,7.42159,14.759999,0.0,0.0,31760.0,13.859459,39.25586
2026-01-13 11:00:00+01:00,1.7455,5.3517847,13.679999,96.0,0.0,160.0,7.418196,34.725353
2026-01-13 12:00:00+01:00,3.7455,2.9024127,10.440001,0.0,0.0,19040.0,7.205189,34.9851
2026-01-13 13:00:00+01:00,3.2954998,1.8,6.12,100.0,0.0,60.0,1.2889035,34.725353
2026-01-13 14:00:00+01:00,3.9455,1.5273507,5.04,71.0,0.0,5000.0,1.2889035,34.278706
2026-01-13 15:00:00+01:00,4.4955,2.16,6.12,0.0,0.0,22540.0,0.4556962,34.430096
2026-01-13 16:00:00+01:00,4.1455,2.6208394,6.12,0.0,0.0,23480.0,0.64445174,30.87268
2026-01-13 17:00:00+01:00,5.1454997,2.3051248,3.96,0.0,0.0,50620.0,2.453999,28.933727
2026-01-13 18:00:00+01:00,3.8955002,3.563818,3.96,0.0,0.0,62120.0,2.278481,28.102917
2026-01-13 19:00:00+01:00,0.19550002,3.2599385,3.96,53.0,0.0,18300.0,1.4410379,30.439116
2026-01-13 20:00:00+01:00,2.5955,2.5959969,3.2399998,4.0,0.0,44800.0,2.0379353,33.64344
2026-01-13 21:00:00+01:00,3.6455002,1.9386592,3.6,0.0,0.0,66220.0,1.8788835,41.49346
2026-01-13 22:00:00+01:00,2.9955,2.0364676,2.52,0.0,0.0,54160.0,5.506198,43.687023
2026-01-13 23:00:00+01:00,1.6455,2.9024127,4.32,0.0,0.0,44640.0,4.844117,41.918385
2026-01-14 00:00:00+01:00,0.09549999,2.6208394,5.7599998,0.0,0.0,34660.0,1.0189676,43.85865
2026-01-14 01:00:00+01:00,1.7455,1.609969,5.3999996,0.0,0.0,53480.0,3.67394,45.24653
2026-01-14 02:00:00+01:00,1.6955,3.319036,3.96,0.0,0.0,56660.0,1.3670886,44.594723
2026-01-14 03:00:00+01:00,0.9955,3.4152596,4.32,0.0,0.0,70100.0,3.9200466,46.323578
2026-01-14 04:00:00+01:00,-1.1545,10.483357,4.68,0.0,0.0,55280.0,12.312233,53.555843
2026-01-14 05:00:00+01:00,-1.1545,3.6179552,18.72,0.0,0.0,44880.0,10.035667,50.794262
2026-01-14 06:00:00+01:00,0.5955,3.8773184,5.04,0.0,0.0,70760.0,7.7602262,50.137737
2026-01-14 07:00:00+01:00,1.4455,9.449572,17.28,0.0,0.0,69500.0,12.312233,48.373985
2026-01-14 08:00:00+01:00,2.3455,4.68,13.32,0.0,0.0,66420.0,11.671517,47.176495
2026-01-14 09:00:00+01:00,1.3955,4.198285,4.68,0.0,0.0,69880.0,5.487309,45.989704
2026-01-14 10:00:00+01:00,-0.004499972,4.896529,5.7599998,0.0,0.0,69400.0,2.453999,46.181976
2026-01-14 11:00:00+01:00,2.6455002,2.5455842,6.8399997,0.0,0.0,73220.0,4.844117,46.832253
2026-01-14 12:00:00+01:00,2.9955,1.4399999,4.68,0.0,0.0,36900.0,1.0189676,47.69627
2026-01-14 13:00:00+01:00,5.6955,3.2599385,4.32,0.0,0.0,63480.0,7.418196,48.892853
2026-01-14 14:00:00+01:00,5.4955,2.968636,5.7599998,0.0,0.0,59600.0,8.11344,50.041595
2026-01-14 15:00:00+01:00,5.7455,2.1897945,4.32,0.0,0.0,60040.0,5.487309,47.901802
2026-01-14 16:00:00+01:00,5.3954997,2.6208394,2.8799999,0.0,0.0,74020.0,0.64445174,45.348587
2026-01-14 17:00:00+01:00,3.5955,2.4149535,2.8799999,0.0,0.0,70760.0,1.4410379,45.348587
2026-01-14 18:00:00+01:00,2.7954998,3.319036,3.6,0.0,0.0,74820.0,0.9113924,44.082077
2026-01-14 19:00:00+01:00,1.4455,7.5942082,17.64,0.0,0.0,31400.0,4.488087,41.844795
2026-01-14 20:00:00+01:00,2.6455002,6.439876,12.599999,0.0,0.0,49600.0,8.706063,43.581078
2026-01-14 21:00:00+01:00,3.3955002,3.671294,11.5199995,0.0,0.0,57760.0,5.8000655,41.49346
2026-01-14 22:00:00+01:00,3.9955,6.9247384,6.12,0.0,0.0,71160.0,9.752324,42.579487
2026-01-14 23:00:00+01:00,3.7954998,3.9763298,13.679999,0.0,0.0,55720.0,4.511162,38.226624
2026-01-15 00:00:00+01:00,1.9455,2.7416782,4.32,0.0,0.0,55300.0,2.278481,36.00535
2026-01-15 01:00:00+01:00,2.0955,2.9024127,2.8799999,0.0,0.0,56360.0,1.4410379,31.70989
2026-01-15 02:00:00+01:00,0.8955,1.5273507,4.32,0.0,0.0,35720.0,5.094838,31.649088
2026-01-15 03:00:00+01:00,0.9455,4.2136917,5.04,0.0,0.0,47480.0,5.094838,32.186214
2026-01-15 04:00:00+01:00,1.4955001,5.4833565,11.5199995,0.0,0.0,33820.0,3.5591009,28.693052
2026-01-15 05:00:00+01:00,2.0455,7.9932966,16.199999,0.0,0.0,26660.0,10.490913,32.943363
2026-01-15 06:00:00+01:00,1.6455,1.5273507,13.679999,0.0,0.0,36780.0,4.201311,37.30856
2026-01-15 07:00:00+01:00,2.6455002,5.3999996,7.2,0.0,0.0,49140.0,3.67394,41.48882
2026-01-15 08:00:00+01:00,0.34550002,2.2768397,9.72,0.0,0.0,41100.0,0.9113924,38.307163
2026-01-15 09:00:00+01:00,2.0455,5.495161,6.8399997,0.0,0.0,40380.0,3.286072,37.329205
2026-01-15 10:00:00+01:00,2.8955002,3.6,7.2,0.0,0.0,47460.0,6.6350365,36.877533
2026-01-15 11:00:00+01:00,3.8955002,3.219938,4.32,0.0,0.0,43460.0,8.84802,36.430832
2026-01-15 12:00:00+01:00,3.2954998,3.096837,8.64,0.0,0.0,24460.0,2.9178793,34.675392
2026-01-15 13:00:00+01:00,5.4955,4.8433046,3.2399998,0.0,0.0,37680.0,3.4704785,31.164553
2026-01-15 14:00:00+01:00,5.6955,3.096837,8.28,0.0,0.0,27620.0,0.4556962,25.591688
2026-01-15 15:00:00+01:00,5.4955,1.0182338,5.3999996,0.0,0.0,22980.0,0.9113924,24.278408
2026-01-15 16:00:00+01:00,4.8954997,1.4399999,3.2399998,0.0,0.0,12840.0,1.2889035,21.230852
2026-01-15 17:00:00+01:00,4.2955,1.4399999,5.04,0.0,0.0,55080.0,6.572144,22.898315
2026-01-15 18:00:00+01:00,2.9955,2.4149535,5.3999996,0.0,0.0,66880.0,5.094838,23.331656
2026-01-15 19:00:00+01:00,-0.15450001,3.5455887,6.4799995,0.0,0.0,60460.0,4.488087,19.171173
2026-01-15 20:00:00+01:00,-0.15450001,10.948973,21.24,0.0,0.0,47320.0,7.34788,17.566723
2026-01-15 21:00:00+01:00,2.3955002,6.763786,18.72,0.0,0.0,52580.0,6.330734,18.599987
2026-01-15 22:00:00+01:00,0.8955,7.653705,15.119999,0.0,0.0,26240.0,4.0758705,17.256958
2026-01-15 23:00:00+01:00,1.3455,8.669949,15.84,0.0,0.0,37940.0,7.7468357,14.648801
2026-01-16 00:00:00+01:00,1.3955,7.9036193,16.56,0.0,0.0,38780.0,8.476439,15.41761
2026-01-16 01:00:00+01:00,0.6455,8.714677,14.04,0.0,0.0,31960.0,4.201311,17.167427
2026-01-16 02:00:00+01:00,0.8455,7.386582,15.4800005,0.0,0.0,42280.0,3.286072,11.661699
2026-01-16 03:00:00+01:00,0.24550003,7.145796,14.4,0.0,0.0,33160.0,4.511162,11.189642
2026-01-16 04:00:00+01:00,0.7455,7.386582,14.04,0.0,0.0,42280.0,5.3142853,17.489796
2026-01-16 05:00:00+01:00,0.6455,7.42159,13.679999,0.0,0.0,43420.0,5.094838,18.631031
2026-01-16 06:00:00+01:00,0.49550003,7.386582,13.32,0.0,0.0,42060.0,1.9333551,16.884583
2026-01-16 07:00:00+01:00,1.9455,8.14587,14.04,0.0,0.0,55540.0,5.941551,18.631031
2026-01-16 08:00:00+01:00,1.2455001,1.9386592,16.199999,0.0,0.0,67040.0,3.286072,19.430658
2026-01-16 09:00:00+01:00,1.3955,3.8939953,3.96,0.0,0.0,73240.0,0.9113924,18.042753
2026-01-16 10:00:00+01:00,1.7455,3.396233,12.959999,0.0,0.0,55160.0,0.9113924,21.103449
2026-01-16 11:00:00+01:00,3.4955,0.8049845,3.2399998,0.0,0.0,71660.0,2.3236039,23.422297
2026-01-16 12:00:00+01:00,5.4955,1.08,2.16,0.0,0.0,75080.0,3.0569031,21.935911
2026-01-16 13:00:00+01:00,5.6955,2.0991426,3.6,0.0,0.0,68980.0,2.278481,29.179014
2026-01-16 14:00:00+01:00,5.2455,0.8049845,4.68,0.0,0.0,63000.0,0.4556962,28.953691
2026-01-16 15:00:00+01:00,4.9455,2.5959969,3.96,0.0,0.0,62980.0,2.8820758,30.267769
2026-01-16 16:00:00+01:00,4.8954997,1.4399999,5.3999996,0.0,0.0,60840.0,0.9113924,25.561563
2026-01-16 17:00:00+01:00,4.7455,2.5959969,2.8799999,0.0,0.0,68580.0,0.0,28.477415
2026-01-16 18:00:00+01:00,3.3955002,3.6179552,3.96,0.0,0.0,74640.0,3.67394,32.77923
2026-01-16 19:00:00+01:00,3.5955,2.6208394,4.68,0.0,0.0,74920.0,4.844117,32.519634
2026-01-16 20:00:00+01:00,3.2455,2.2768397,2.8799999,0.0,0.0,75280.0,7.418196,35.384754
2026-01-16 21:00:00+01:00,2.6455002,2.16,3.2399998,0.0,0.0,73060.0,4.844117,37.14297
2026-01-16 22:00:00+01:00,2.1455002,2.8799999,2.52,0.0,0.0,67200.0,6.330734,37.251724
2026-01-16 23:00:00+01:00,2.5455,1.2979984,3.2399998,0.0,0.0,67160.0,1.8227848,36.340836
2026-01-17 00:00:00+01:00,2.4955,1.9386592,2.16,0.0,0.0,61820.0,1.4410379,31.65517
2026-01-17 01:00:00+01:00,2.8455,1.609969,1.8,0.0,0.0,66780.0,0.4556962,31.059296
2026-01-17 02:00:00+01:00,2.1955,4.1046314,5.04,0.0,0.0,68660.0,1.9333551,31.040686
2026-01-17 03:00:00+01:00,1.6455,0.8049845,4.32,0.0,0.0,64420.0,2.278481,25.448275
2026-01-17 04:00:00+01:00,1.4455,0.8049845,12.959999,0.0,0.0,47640.0,3.757767,30.420122
2026-01-17 05:00:00+01:00,2.1455002,1.2979984,1.4399999,0.0,0.0,53160.0,1.2889035,29.27787
2026-01-17 06:00:00+01:00,2.4455,3.396233,3.96,0.0,0.0,31880.0,1.643036,28.102919
2026-01-17 07:00:00+01:00,1.1955,5.3999996,2.8799999,0.0,0.0,43700.0,3.4704785,26.660769
2026-01-17 08:00:00+01:00,2.0955,3.396233,9.36,0.0,0.0,64820.0,4.556962,27.401884
2026-01-17 09:00:00+01:00,1.7955,3.0758414,3.6,0.0,0.0,62060.0,3.9200466,24.491692
2026-01-17 10:00:00+01:00,4.0455,4.1046314,14.04,0.0,0.0,63620.0,6.444517,23.265514
2026-01-17 11:00:00+01:00,5.8954997,2.0364676,7.2,0.0,0.0,66580.0,5.155614,20.331732
2026-01-17 12:00:00+01:00,6.2955,2.8116899,4.68,0.0,0.0,59000.0,6.198138,16.77011
2026-01-17 13:00:00+01:00,5.9455,1.9386592,6.8399997,0.0,0.0,14360.0,8.706063,19.241377
2026-01-17 14:00:00+01:00,6.4955,4.198285,10.08,0.0,0.0,34560.0,10.974618,21.803795
2026-01-17 15:00:00+01:00,5.8455,4.6800003,10.799999,0.0,0.0,14340.0,6.572144,17.555754
2026-01-17 16:00:00+01:00,3.9455,1.1384199,8.64,0.0,0.0,4580.0,1.4410379,21.759575
2026-01-17 17:00:00+01:00,4.9955,1.2979984,2.16,0.0,0.0,60500.0,1.643036,16.94153
2026-01-17 18:00:00+01:00,4.9455,0.71999997,1.4399999,0.0,0.0,57480.0,1.0189676,14.999642
2026-01-17 19:00:00+01:00,3.6455002,2.0991426,1.8,0.0,0.0,57040.0,1.4410379,18.096056
2026-01-17 20:00:00+01:00,2.7455,2.3051248,3.96,0.0,0.0,52060.0,3.5591009,25.591688
2026-01-17 21:00:00+01:00,2.9955,1.2979984,2.52,0.0,0.0,55700.0,3.9200466,27.097918
2026-01-17 22:00:00+01:00,3.8955002,2.2768397,1.8,0.0,0.0,62860.0,8.84802,35.25386
2026-01-17 23:00:00+01:00,4.8954997,6.6185193,7.5599995,0.0,0.0,72440.0,7.1182017,25.334478
2026-01-18 00:00:00+01:00,4.2955,5.0528407,10.799999,0.0,0.0,68460.0,7.0889688,21.212698
2026-01-18 01:00:00+01:00,3.6455002,5.6233797,14.759999,0.0,0.0,59360.0,8.84802,18.339252
2026-01-18 02:00:00+01:00,3.8455,8.534353,16.56,0.0,0.0,60800.0,10.638334,14.609298
2026-01-18 03:00:00+01:00,3.5955,7.4128532,16.199999,0.0,0.0,58940.0,9.858215,13.6692705
2026-01-18 04:00:00+01:00,3.3455,7.4128532,13.679999,0.0,0.0,57700.0,13.548821,6.939521
2026-01-18 05:00:00+01:00,4.0455,7.2805495,14.759999,0.0,0.0,61880.0,13.215189,3.7755077
2026-01-18 06:00:00+01:00,4.4955,6.28713,12.24,0.0,0.0,67020.0,9.394418,5.855574
2026-01-18 07:00:00+01:00,3.8955002,5.991594,12.24,0.0,0.0,62620.0,7.840093,4.3448277
2026-01-18 08:00:00+01:00,3.3455,7.386582,12.959999,0.0,0.0,58360.0,11.618018,5.1183376
2026-01-18 09:00:00+01:00,4.0955,7.24486,13.679999,0.0,0.0,61940.0,14.836392,6.939521
2026-01-18 10:00:00+01:00,4.4955,4.896529,12.599999,0.0,0.0,59920.0,14.532351,4.9655166
2026-01-18 11:00:00+01:00,6.1955,5.506941,9.72,0.0,0.0,61240.0,13.246578,6.2378535
2026-01-18 12:00:00+01:00,4.6955,3.7064266,11.159999,0.0,0.0,35460.0,12.95332,7.8511715
2026-01-18 13:00:00+01:00,4.6955,3.319036,6.4799995,0.0,0.0,15400.0,10.677303,10.00832
2026-01-18 14:00:00+01:00,4.8455,3.8268526,8.64,0.0,0.0,16620.0,10.677303,10.839878
2026-01-18 15:00:00+01:00,4.6955,1.609969,7.2,0.0,0.0,8480.0,4.556962,7.2649856
2026-01-18 16:00:00+01:00,4.7955,2.4149535,2.8799999,0.0,0.0,48380.0,4.2990294,5.855574
2026-01-18 17:00:00+01:00,3.7954998,1.2979984,3.6,0.0,0.0,52800.0,2.0379353,5.6205835
2026-01-18 18:00:00+01:00,4.4955,2.5455842,2.52,0.0,0.0,68540.0,1.2889035,5.3031745
2026-01-18 19:00:00+01:00,4.2455,2.5959969,2.8799999,0.0,0.0,70660.0,0.9113924,6.48019
2026-01-18 20:00:00+01:00,2.7954998,8.699793,11.159999,0.0,0.0,67560.0,2.0379353,7.4740934
2026-01-18 21:00:00+01:00,1.9955,6.9153743,13.679999,0.0,0.0,36780.0,5.094838,6.2378535
2026-01-18 22:00:00+01:00,1.9455,8.217153,13.679999,0.0,0.0,34260.0,8.598059,6.2068963
2026-01-18 23:00:00+01:00,1.7455,8.209263,15.84,0.0,0.0,26520.0,10.240498,3.7241378
2026-01-19 00:00:00+01:00,1.5955,7.7879906,15.119999,0.0,0.0,28260.0,10.754816,3.1649084
2026-01-19 01:00:00+01:00,1.9955,7.145796,14.759999,0.0,0.0,38200.0,6.444517,4.3889384
2026-01-19 02:00:00+01:00,1.8955001,7.8954163,14.04,0.0,0.0,36340.0,6.9559,5.0041595
2026-01-19 03:00:00+01:00,1.3455,7.7043357,14.759999,0.0,0.0,28140.0,10.870049,5.6205835
2026-01-19 04:00:00+01:00,1.0955,8.913181,15.119999,0.0,0.0,30740.0,11.671517,3.9255857
2026-01-19 05:00:00+01:00,0.9455,8.4963045,17.28,0.0,0.0,28460.0,9.688234,5.7224755
2026-01-19 06:00:00+01:00,0.9455,7.9932966,15.84,0.0,0.0,29760.0,8.987734,6.598021
2026-01-19 07:00:00+01:00,1.2455001,7.145796,15.119999,0.0,0.0,36000.0,10.035667,7.238423
2026-01-19 08:00:00+01:00,1.1955,6.439876,13.679999,0.0,0.0,35220.0,6.524576,6.2068963
2026-01-19 09:00:00+01:00,1.5455,6.989936,13.32,0.0,0.0,34820.0,7.1327734,8.821657
2026-01-19 10:00:00+01:00,3.2455,5.6002855,12.24,0.0,0.0,52700.0,8.476439,7.777219
2026-01-19 11:00:00+01:00,4.8455,3.671294,10.440001,0.0,0.0,56580.0,9.612922,7.2649856
2026-01-19 12:00:00+01:00,4.5955,3.0547013,6.12,0.0,0.0,48480.0,7.418196,9.6356945
2026-01-19 13:00:00+01:00,6.6454997,3.7064266,5.3999996,0.0,0.0,67940.0,4.511162,8.886923
2026-01-19 14:00:00+01:00,6.4455,2.0991426,6.4799995,0.0,0.0,37520.0,4.844117,8.6452055
2026-01-19 15:00:00+01:00,6.7955,1.4399999,4.68,0.0,0.0,56360.0,4.201311,9.494725
2026-01-19 16:00:00+01:00,6.2455,2.9024127,5.04,0.0,0.0,54560.0,4.556962,8.068965
2026-01-19 17:00:00+01:00,4.6455,0.5091169,3.96,0.0,0.0,58900.0,1.9333551,9.813965
2026-01-19 18:00:00+01:00,4.0955,1.0182338,1.08,0.0,0.0,74620.0,5.195736,8.886923
2026-01-19 19:00:00+01:00,1.1955,2.8116899,3.6,0.0,0.0,64680.0,9.688234,6.598021
2026-01-19 20:00:00+01:00,0.9955,8.435069,18.359999,0.0,0.0,39360.0,12.889034,8.951714
2026-01-19 21:00:00+01:00,1.5455,7.491114,15.84,0.0,0.0,33980.0,14.532351,10.839878
2026-01-19 22:00:00+01:00,1.6455,7.127636,13.679999,0.0,0.0,36160.0,9.350104,12.5680065
2026-01-19 23:00:00+01:00,1.6955,7.127636,13.32,0.0,0.0,45240.0,7.5842957,10.00832
2026-01-20 00:00:00+01:00,1.0455,7.2,14.04,0.0,0.0,37200.0,7.34788,8.442291
2026-01-20 01:00:00+01:00,0.5955,7.653705,13.679999,0.0,0.0,36580.0,7.205189,8.442291
2026-01-20 02:00:00+01:00,0.49550003,7.8954163,14.759999,0.0,0.0,39220.0,5.941551,7.4740934
2026-01-20 03:00:00+01:00,0.1455,7.42159,11.5199995,0.0,0.0,37440.0,6.940957,6.8275857
2026-01-20 04:00:00+01:00,0.1455,7.8954163,10.799999,0.0,0.0,37600.0,8.151741,5.1183376
2026-01-20 05:00:00+01:00,-0.25449997,7.9932966,12.959999,0.0,0.0,35780.0,6.9559,5.1183376
2026-01-20 06:00:00+01:00,0.04550004,6.989936,11.159999,0.0,0.0,45960.0,5.506198,3.9743526
2026-01-20 07:00:00+01:00,-0.35449994,7.8954163,8.64,0.0,0.0,37860.0,8.402622,7.2649856
2026-01-20 08:00:00+01:00,-0.5545,7.928177,14.759999,0.0,0.0,38020.0,6.330734,9.931033
2026-01-20 09:00:00+01:00,0.6455,6.6087217,13.32,0.0,0.0,52200.0,1.9333551,11.189642
2026-01-20 10:00:00+01:00,1.5955,5.634891,11.159999,0.0,0.0,39440.0,5.506198,9.931033
2026-01-20 11:00:00+01:00,3.5454998,4.3349743,10.440001,0.0,0.0,50160.0,6.940957,12.4293
2026-01-20 12:00:00+01:00,3.3955002,2.7416782,9.0,0.0,0.0,53340.0,4.6916795,9.6356945
2026-01-20 13:00:00+01:00,5.1955,1.8,5.3999996,0.0,0.0,70080.0,4.488087,10.008319
2026-01-20 14:00:00+01:00,5.9455,1.835647,4.32,0.0,0.0,73240.0,4.9291077,8.711794
2026-01-20 15:00:00+01:00,5.9455,2.0364676,4.68,0.0,0.0,62460.0,2.6571426,6.329817
2026-01-20 16:00:00+01:00,5.3455,0.35999998,5.7599998,0.0,0.0,58260.0,1.8788835,5.3031745
2026-01-20 17:00:00+01:00,4.4955,1.1384199,2.52,0.0,0.0,75760.0,3.3175182,5.6205835
2026-01-20 18:00:00+01:00,3.3955002,1.484318,1.8,0.0,0.0,76060.0,5.094838,4.3889384
2026-01-20 19:00:00+01:00,-0.85449994,8.209263,5.7599998,0.0,0.0,17040.0,6.330734,4.3889384
2026-01-20 20:00:00+01:00,1.0955,6.696387,12.959999,0.0,0.0,46640.0,7.7334204,4.3448277
2026-01-20 21:00:00+01:00,0.6955,6.792466,11.879999,0.0,0.0,40660.0,5.709857,3.3425157
2026-01-20 22:00:00+01:00,0.8955,7.491114,11.5199995,0.0,0.0,41680.0,8.062088,3.9255857
2026-01-20 23:00:00+01:00,0.6955,8.714677,16.56,0.0,0.0,36220.0,9.394418,6.2068963
2026-01-21 00:00:00+01:00,0.3955,7.928177,16.199999,0.0,0.0,31360.0,6.728273,7.948705
2026-01-21 01:00:00+01:00,0.6955,8.404285,12.24,0.0,0.0,35920.0,5.941551,8.281033
2026-01-21 02:00:00+01:00,0.7455,7.928177,10.440001,0.0,0.0,39780.0,2.8820758,3.1649084
2026-01-21 03:00:00+01:00,0.6455,7.9932966,8.64,0.0,0.0,37840.0,5.6366506,3.1649084
2026-01-21 04:00:00+01:00,0.44550002,8.161764,12.959999,0.0,0.0,39960.0,8.753638,5.8883786
2026-01-21 05:00:00+01:00,0.6955,7.6367526,11.879999,0.0,0.0,36840.0,7.0743074,8.092802
2026-01-21 06:00:00+01:00,0.7455,7.289445,14.4,0.0,0.0,36000.0,7.78694,3.3425157
2026-01-21 07:00:00+01:00,1.4955001,7.127636,13.32,0.0,0.0,48580.0,5.941551,4.3889384
2026-01-21 08:00:00+01:00,1.0955,4.3349743,10.440001,0.0,0.0,54180.0,1.4410379,1.7555753
2026-01-21 09:00:00+01:00,0.8455,6.193674,6.4799995,0.0,0.0,52340.0,5.012658,1.7555753
2026-01-21 10:00:00+01:00,3.5955,3.0758414,6.8399997,0.0,0.0,62340.0,3.5591009,4.3448277
2026-01-21 11:00:00+01:00,4.7955,0.8049845,3.96,0.0,0.0,72180.0,2.0379353,3.7241378
2026-01-21 12:00:00+01:00,4.6455,2.4149535,4.32,0.0,0.0,61420.0,2.8820758,3.6192114
2026-01-21 13:00:00+01:00,5.1454997,1.835647,4.32,0.0,0.0,62480.0,1.4410379,4.5186887
2026-01-21 14:00:00+01:00,4.8455,2.4149535,5.04,0.0,0.0,55380.0,0.9113924,7.0769506
2026-01-21 15:00:00+01:00,4.7955,3.0758414,6.12,0.0,0.0,43260.0,3.89347,6.939521
2026-01-21 16:00:00+01:00,4.4455,0.35999998,5.3999996,0.0,0.0,52400.0,1.8227848,7.948705
2026-01-21 17:00:00+01:00,2.9455,3.319036,3.6,0.0,0.0,42780.0,3.286072,9.310345
2026-01-21 18:00:00+01:00,2.0955,2.8116899,5.04,0.0,0.0,50500.0,1.4410379,8.350525
2026-01-21 19:00:00+01:00,0.7455,1.484318,3.2399998,0.0,0.0,41840.0,4.556962,5.551616
2026-01-21 20:00:00+01:00,-0.4045,4.3349743,6.4799995,0.0,0.0,20300.0,3.286072,5.855574
2026-01-21 21:00:00+01:00,-1.5545,3.219938,6.4799995,0.0,0.0,8080.0,0.4556962,6.113084
2026-01-21 22:00:00+01:00,-1.2545,9.585739,3.96,0.0,0.0,58600.0,3.0569031,6.390391
2026-01-21 23:00:00+01:00,-0.20449996,7.491114,13.32,0.0,0.0,49340.0,4.0758705,7.499821
2026-01-22 00:00:00+01:00,0.2955,6.6087217,12.959999,0.0,0.0,50200.0,3.67394,8.068965
2026-01-22 01:00:00+01:00,0.7455,6.638072,12.599999,0.0,0.0,57380.0,4.511162,7.2649856
2026-01-22 02:00:00+01:00,0.79550004,6.638072,11.5199995,0.0,0.0,54480.0,2.0379353,6.390391
2026-01-22 03:00:00+01:00,-1.4044999,5.315336,11.879999,0.0,0.0,24360.0,8.315675,4.475857
2026-01-22 04:00:00+01:00,-1.5045,5.6920996,10.440001,0.0,0.0,27900.0,3.2222586,3.6192114
2026-01-22 05:00:00+01:00,-1.0045,6.489992,10.08,0.0,0.0,56500.0,1.8227848,3.9743526
2026-01-22 06:00:00+01:00,-0.9045,6.638072,11.159999,0.0,0.0,43660.0,7.1182017,2.6333632
2026-01-22 07:00:00+01:00,-1.0545,8.217153,14.4,0.0,0.0,42360.0,7.7334204,2.775808
2026-01-22 08:00:00+01:00,-1.3544999,7.386582,12.24,0.0,0.0,32840.0,3.757767,3.1034482
2026-01-22 09:00:00+01:00,-0.45449996,6.6087217,7.92,0.0,0.0,44440.0,1.8788835,4.3448277
2026-01-22 10:00:00+01:00,1.7955,4.2136917,6.8399997,0.0,0.0,52100.0,0.0,8.092802
2026-01-22 11:00:00+01:00,3.1955,1.484318,4.32,0.0,0.0,60340.0,0.4556962,10.678748
2026-01-22 12:00:00+01:00,2.6455002,3.319036,7.5599995,0.0,0.0,46480.0,2.278481,12.320337
2026-01-22 13:00:00+01:00,3.9955,3.8939953,6.8399997,0.0,0.0,61500.0,3.0569031,12.413793
2026-01-22 14:00:00+01:00,3.5955,0.35999998,8.64,0.0,0.0,52720.0,0.4556962,11.545494
2026-01-22 15:00:00+01:00,3.3455,0.35999998,2.52,0.0,0.0,46800.0,1.0189676,10.551724
2026-01-22 16:00:00+01:00,3.1955,3.096837,2.16,0.0,0.0,37900.0,0.4556962,14.529971
2026-01-22 17:00:00+01:00,1.9455,3.6,5.04,26.0,0.0,19500.0,1.8788835,12.4911375
2026-01-22 18:00:00+01:00,1.4955001,1.2979984,6.8399997,40.0,0.0,36820.0,2.9178793,10.678748
2026-01-22 19:00:00+01:00,1.1455,0.35999998,4.32,5.0,0.0,19280.0,2.8820758,10.1040945
2026-01-22 20:00:00+01:00,0.8455,1.484318,2.52,10.0,0.0,22280.0,4.201311,11.9230585
2026-01-22 21:00:00+01:00,0.34550002,4.0249224,5.3999996,0.0,0.0,36420.0,4.323114,14.4368725
2026-01-22 22:00:00+01:00,-0.50450003,4.0249224,7.2,0.0,0.0,43400.0,1.0189676,13.612786
2026-01-22 23:00:00+01:00,0.04550004,2.6208394,5.7599998,0.0,0.0,63800.0,1.2889035,17.773846
2026-01-23 00:00:00+01:00,0.34550002,3.2399998,3.2399998,0.0,0.0,71620.0,2.6571426,16.71258
2026-01-23 01:00:00+01:00,-1.4044999,4.6938252,5.04,0.0,0.0,52880.0,1.4410379,18.25503
2026-01-23 02:00:00+01:00,-0.75450003,3.096837,14.759999,0.0,0.0,60540.0,0.64445174,20.055098
2026-01-23 03:00:00+01:00,-1.3544999,1.2979984,2.52,0.0,0.0,56760.0,0.9113924,22.430868
2026-01-23 04:00:00+01:00,-1.8544999,1.9386592,4.32,0.0,0.0,55260.0,0.4556962,24.278408
2026-01-23 05:00:00+01:00,-0.85449994,2.5959969,3.6,0.0,0.0,66880.0,1.4410379,23.7652
2026-01-23 06:00:00+01:00,0.1455,2.1897945,3.6,0.0,0.0,72960.0,1.0189676,21.96224
2026-01-23 07:00:00+01:00,-1.9545001,4.829907,17.64,0.0,0.0,43460.0,1.8788835,24.175043
2026-01-23 08:00:00+01:00,-0.70449996,4.3349743,10.440001,0.0,0.0,57700.0,0.64445174,21.103449
2026-01-23 09:00:00+01:00,-0.30449998,5.154415,5.7599998,0.0,0.0,69580.0,0.64445174,19.120867
2026-01-23 10:00:00+01:00,1.1955,6.3690495,14.04,0.0,0.0,54460.0,2.278481,14.999642
2026-01-23 11:00:00+01:00,3.7954998,1.8,11.5199995,0.0,0.0,71760.0,0.0,14.529971
2026-01-23 12:00:00+01:00,4.0955,4.39436,7.5599995,0.0,0.0,64820.0,1.8788835,15.329903
2026-01-23 13:00:00+01:00,3.0955,6.4096174,14.759999,0.0,0.0,35740.0,3.67394,18.45443
2026-01-23 14:00:00+01:00,3.1455002,3.396233,14.04,0.0,0.0,31000.0,4.6472077,18.26558
2026-01-23 15:00:00+01:00,3.2455,1.609969,7.92,0.0,0.0,38280.0,2.6571426,18.672342
2026-01-23 16:00:00+01:00,3.5454998,1.08,5.7599998,0.0,0.0,46200.0,4.907998,17.478779
2026-01-23 17:00:00+01:00,1.8455,2.8116899,4.68,0.0,0.0,38460.0,6.940957,18.662022
2026-01-23 18:00:00+01:00,1.6955,1.484318,2.16,0.0,0.0,56780.0,1.4410379,26.689655
2026-01-23 19:00:00+01:00,1.2455001,2.2768397,10.440001,0.0,0.0,53020.0,0.4556962,36.641724
2026-01-23 20:00:00+01:00,1.2455001,1.484318,2.8799999,0.0,0.0,55680.0,1.0189676,38.712326
2026-01-23 21:00:00+01:00,-0.30449998,8.0899935,12.599999,0.0,0.0,38460.0,9.7416725,38.587734
2026-01-23 22:00:00+01:00,-0.70449996,7.8625183,16.919998,0.0,0.0,15720.0,14.126582,34.80846
2026-01-23 23:00:00+01:00,0.6455,4.3349743,14.759999,59.0,0.0,9920.0,11.830561,26.869482
2026-01-24 00:00:00+01:00,0.6955,3.4152596,5.7599998,87.0,0.0,31000.0,1.9333551,21.103447
2026-01-24 01:00:00+01:00,1.1455,3.5455887,3.6,100.0,0.0,30540.0,1.4410379,18.339252
2026-01-24 02:00:00+01:00,0.9955,4.2136917,8.28,49.0,0.4,15480.0,9.394418,31.410818
2026-01-24 03:00:00+01:00,1.0455,5.937272,12.959999,0.0,0.2,20840.0,16.162766,28.693052
2026-01-24 04:00:00+01:00,0.6955,3.8939953,9.72,0.0,0.0,17800.0,9.482423,27.931032
2026-01-24 05:00:00+01:00,-0.70449996,2.9024127,6.12,0.0,0.0,12180.0,1.0189676,22.102129
2026-01-24 06:00:00+01:00,0.1455,3.219938,3.96,0.0,0.0,40260.0,0.9113924,15.517241
2026-01-24 07:00:00+01:00,-0.9045,6.193674,8.28,65.0,0.0,36220.0,2.8820758,8.711794
2026-01-24 08:00:00+01:00,-1.3045,7.127636,10.799999,0.0,0.0,39640.0,3.89347,3.1649084
2026-01-24 09:00:00+01:00,-1.3045,7.386582,11.5199995,0.0,0.0,40740.0,6.198138,7.2649856
2026-01-24 10:00:00+01:00,0.7455,6.638072,12.24,0.0,0.0,43560.0,7.418196,6.939521
2026-01-24 11:00:00+01:00,2.9455,4.0249224,12.24,0.0,0.0,47080.0,7.5842957,10.008319
2026-01-24 12:00:00+01:00,4.2455,4.198285,8.64,0.0,0.0,65560.0,6.198138,11.809426
2026-01-24 13:00:00+01:00,4.7455,4.452954,9.0,0.0,0.0,64600.0,2.3236039,11.41124
2026-01-24 14:00:00+01:00,3.9455,1.1384199,9.0,0.0,0.0,40640.0,0.9113924,12.568007
2026-01-24 15:00:00+01:00,3.2455,8.049845,14.4,72.0,0.0,580.0,2.0379353,15.529648
2026-01-24 16:00:00+01:00,1.1955,5.6920996,18.0,100.0,0.0,100.0,1.9333551,16.75862
2026-01-24 17:00:00+01:00,0.6955,5.0528407,12.959999,100.0,0.0,3500.0,0.64445174,19.598463
2026-01-24 18:00:00+01:00,0.1455,0.35999998,8.28,100.0,0.0,280.0,0.9113924,27.493116
2026-01-24 19:00:00+01:00,0.6955,0.8049845,4.68,84.0,0.0,10320.0,3.2222586,31.649084
2026-01-24 20:00:00+01:00,0.2955,4.8965297,7.92,57.0,0.0,14980.0,1.643036,30.87268
2026-01-24 21:00:00+01:00,0.1455,1.609969,6.8399997,0.0,0.0,25280.0,2.278481,25.357279
2026-01-24 22:00:00+01:00,-1.0545,2.5959969,2.52,35.0,0.0,11720.0,2.278481,22.76332
2026-01-24 23:00:00+01:00,-0.70449996,0.8049845,3.96,19.0,0.0,13500.0,2.0379353,22.4909
2026-01-25 00:00:00+01:00,0.1455,1.08,2.16,0.0,0.0,32920.0,0.4556962,21.103449
2026-01-25 01:00:00+01:00,0.34550002,2.0364676,2.8799999,11.0,0.0,39900.0,2.734177,10.1040945
2026-01-25 02:00:00+01:00,0.24550003,4.3349743,5.3999996,26.0,0.0,38280.0,3.2222586,11.41124
2026-01-25 03:00:00+01:00,0.44550002,3.6,5.3999996,17.0,0.0,44340.0,1.2889035,15.329903
2026-01-25 04:00:00+01:00,0.19550002,4.8433046,7.92,89.0,0.0,36120.0,3.0569031,6.2378535
2026-01-25 05:00:00+01:00,-0.004499972,6.130579,12.959999,74.0,0.0,24600.0,1.2889035,15.025306
2026-01-25 06:00:00+01:00,-0.004499972,4.198285,11.159999,62.0,0.0,26600.0,2.9178793,22.041039
2026-01-25 07:00:00+01:00,0.09549999,5.1544156,10.440001,87.0,0.0,22600.0,2.453999,21.94469
2026-01-25 08:00:00+01:00,-0.054499984,4.896529,8.28,71.0,0.0,23200.0,2.0379353,29.179014
2026-01-25 09:00:00+01:00,0.24550003,2.3051248,9.0,82.0,0.0,34320.0,2.0379353,21.330421
2026-01-25 10:00:00+01:00,0.9955,2.5455842,4.32,82.0,0.0,29160.0,3.5591009,14.909477
2026-01-25 11:00:00+01:00,1.9455,2.4149535,6.8399997,64.0,0.0,27840.0,3.2222586,16.77011
2026-01-25 12:00:00+01:00,2.7954998,3.6,7.5599995,20.0,0.0,37120.0,1.0189676,17.773846
2026-01-25 13:00:00+01:00,2.8955002,7.24486,15.84,18.0,0.0,17540.0,3.89347,18.096056
2026-01-25 14:00:00+01:00,2.8455,7.729527,19.08,0.0,0.0,20960.0,3.0569031,19.281382
2026-01-25 15:00:00+01:00,2.8455,4.1046314,16.199999,0.0,0.0,30020.0,3.4704785,20.632679
2026-01-25 16:00:00+01:00,2.2455,5.0911684,14.04,27.0,0.0,31420.0,4.201311,17.043554
2026-01-25 17:00:00+01:00,1.3955,2.2768397,7.92,47.0,0.2,18660.0,1.8788835,16.94153
2026-01-25 18:00:00+01:00,0.8455,4.3498964,9.36,22.0,0.0,13740.0,7.543114,19.161121
2026-01-25 19:00:00+01:00,0.79550004,4.1046314,9.36,34.0,0.0,22980.0,6.198138,18.25503
2026-01-25 20:00:00+01:00,0.34550002,3.8268526,6.4799995,0.0,0.0,31460.0,5.195736,17.773846
2026-01-25 21:00:00+01:00,0.04550004,0.71999997,6.12,0.0,0.0,35760.0,0.4556962,16.65485
2026-01-25 22:00:00+01:00,-0.25449997,6.297428,4.32,0.0,0.0,39020.0,1.4410379,17.665136
2026-01-25 23:00:00+01:00,-1.0045,6.4096174,16.56,0.0,0.0,39560.0,1.8788835,16.884583
2026-01-26 00:00:00+01:00,-0.50450003,4.8965297,11.879999,78.0,0.0,39440.0,2.3236039,23.17426
2026-01-26 01:00:00+01:00,0.19550002,6.792466,12.599999,39.0,0.0,31380.0,10.638335,29.179014
2026-01-26 02:00:00+01:00,0.44550002,5.0911684,11.879999,87.0,0.0,31260.0,8.377872,28.659466
2026-01-26 03:00:00+01:00,0.34550002,3.671294,9.0,100.0,0.4,4100.0,7.6388597,32.919964
2026-01-26 04:00:00+01:00,0.8955,4.1046314,8.28,100.0,0.9,4760.0,5.0333285,22.353445
2026-01-26 05:00:00+01:00,0.9955,4.1046314,10.08,96.0,0.7,10080.0,4.57969,21.759575
2026-01-26 06:00:00+01:00,0.6455,3.6,6.8399997,52.0,0.4,7660.0,7.958392,19.271389
2026-01-26 07:00:00+01:00,1.2955,4.3349743,9.0,95.0,0.0,27260.0,9.17071,16.952896
2026-01-26 08:00:00+01:00,0.9455,3.396233,7.5599995,4.0,0.0,39080.0,6.728273,22.593443
2026-01-26 09:00:00+01:00,0.9955,1.1384199,4.32,100.0,0.0,42440.0,2.0379353,21.429527
2026-01-26 10:00:00+01:00,1.3955,4.6102495,6.12,3.0,0.0,32700.0,8.074956,19.271389
2026-01-26 11:00:00+01:00,2.8955002,2.9024127,8.28,9.0,0.0,44720.0,9.994197,14.003396
2026-01-26 12:00:00+01:00,3.5454998,2.9024127,6.4799995,0.0,0.0,44560.0,8.598059,13.948265
2026-01-26 13:00:00+01:00,3.8455,3.8268526,7.5599995,0.0,0.0,29920.0,9.383359,14.181093
2026-01-26 14:00:00+01:00,4.1955,6.489992,13.679999,0.0,0.0,37920.0,4.757608,13.711481
2026-01-26 15:00:00+01:00,4.1955,5.692099,14.759999,0.0,0.0,33720.0,3.6455696,17.390388
2026-01-26 16:00:00+01:00,3.8455,1.835647,10.440001,0.0,0.0,34280.0,8.765491,24.951414
2026-01-26 17:00:00+01:00,2.5455,5.3517847,4.32,0.0,0.0,27880.0,1.4410379,20.49216
2026-01-26 18:00:00+01:00,0.79550004,0.71999997,8.64,0.0,0.0,18280.0,1.643036,15.012479
2026-01-26 19:00:00+01:00,-0.6545,1.2979984,4.32,0.0,0.0,28120.0,7.34788,23.17426
2026-01-26 20:00:00+01:00,-0.25449997,4.39436,7.2,0.0,0.0,61420.0,8.976174,21.865547
2026-01-26 21:00:00+01:00,-0.6545,4.802999,16.56,0.0,0.0,57880.0,4.9291077,18.713562
2026-01-26 22:00:00+01:00,-1.4545001,7.2,11.879999,0.0,0.0,47920.0,6.1138062,19.900824
2026-01-26 23:00:00+01:00,-1.8045,7.0911775,15.119999,0.0,0.0,49860.0,6.970812,24.835342
2026-01-27 00:00:00+01:00,-1.5545,8.557102,16.919998,0.0,0.0,49720.0,8.074956,26.135382
2026-01-27 01:00:00+01:00,-1.1545,7.7879906,15.4800005,0.0,0.0,54700.0,11.821781,27.958607
2026-01-27 02:00:00+01:00,-0.95449996,8.557102,16.199999,0.0,0.0,49540.0,9.383359,29.799566
2026-01-27 03:00:00+01:00,-0.50450003,8.217153,16.199999,0.0,0.0,52940.0,10.004581,27.04099
2026-01-27 04:00:00+01:00,-0.5545,7.628263,15.119999,0.0,0.0,49680.0,9.394418,27.04099
2026-01-27 05:00:00+01:00,-0.30449998,8.373386,15.4800005,0.0,0.0,48680.0,6.9559,18.877537
2026-01-27 06:00:00+01:00,-0.5545,7.5942082,16.56,0.0,0.0,44820.0,10.035667,20.818563
2026-01-27 07:00:00+01:00,0.6455,7.491114,15.119999,0.0,0.0,60640.0,7.20519,24.780989
2026-01-27 08:00:00+01:00,0.04550004,7.8954163,19.08,0.0,0.0,40520.0,9.045312,22.4909
2026-01-27 09:00:00+01:00,1.9455,8.557102,15.84,0.0,0.0,64280.0,6.1138062,25.20489
2026-01-27 10:00:00+01:00,2.3455,7.5685663,14.04,0.0,0.0,62200.0,8.561753,28.800266
2026-01-27 11:00:00+01:00,3.0955,5.3517847,15.119999,0.0,0.0,66780.0,5.9240503,31.79482
2026-01-27 12:00:00+01:00,2.8955002,4.0249224,13.32,0.0,0.0,46320.0,1.2889035,32.943363
2026-01-27 13:00:00+01:00,1.9955,1.9386592,11.879999,0.0,0.0,22340.0,1.8227848,36.55751
2026-01-27 14:00:00+01:00,2.5455,1.8,12.24,0.0,0.0,43640.0,5.195736,29.960732
2026-01-27 15:00:00+01:00,2.6455002,1.08,7.2,0.0,0.0,32380.0,9.580463,24.42869
2026-01-27 16:00:00+01:00,2.9955,4.39436,4.32,0.0,0.0,50440.0,1.2889035,23.789505
2026-01-27 17:00:00+01:00,2.8955002,1.484318,8.28,0.0,0.0,56600.0,3.757767,29.23178
2026-01-27 18:00:00+01:00,2.3955002,2.9024127,6.12,0.0,0.0,59120.0,1.643036,37.755074
2026-01-27 19:00:00+01:00,2.1455002,2.5455842,3.6,0.0,0.0,66720.0,1.8788835,41.419117
2026-01-27 20:00:00+01:00,1.2955,6.489992,11.159999,0.0,0.0,59320.0,2.453999,41.71108
2026-01-27 21:00:00+01:00,0.2955,2.5959969,15.84,0.0,0.0,35880.0,3.3175182,40.663464
2026-01-27 22:00:00+01:00,0.49550003,4.3349743,11.159999,0.0,0.0,36900.0,4.1265044,31.703814
2026-01-27 23:00:00+01:00,0.8455,3.8939953,6.8399997,0.0,0.0,49180.0,2.278481,31.465965
2026-01-28 00:00:00+01:00,-0.4045,2.7416782,8.64,0.0,0.0,13900.0,4.757608,32.65559
2026-01-28 01:00:00+01:00,0.44550002,1.609969,5.7599998,0.0,0.0,26000.0,3.3175182,42.010185
2026-01-28 02:00:00+01:00,0.34550002,2.6208394,7.92,0.0,0.0,17100.0,6.940957,28.484177
2026-01-28 03:00:00+01:00,0.34550002,1.9386592,4.68,0.0,0.0,23000.0,4.6916795,24.278408
2026-01-28 04:00:00+01:00,0.24550003,2.8116899,2.52,0.0,0.0,26920.0,6.198138,24.835342
2026-01-28 05:00:00+01:00,0.04550004,3.8939953,6.4799995,0.0,0.0,26460.0,4.757608,26.804884
2026-01-28 06:00:00+01:00,0.19550002,4.198285,10.08,0.0,0.0,38960.0,4.907998,19.725824
2026-01-28 07:00:00+01:00,-0.054499984,5.154415,7.2,3.0,0.0,29020.0,6.524576,16.327795
2026-01-28 08:00:00+01:00,0.3955,2.4149535,8.64,76.0,0.0,26120.0,6.6350365,20.864775
2026-01-28 09:00:00+01:00,1.0955,0.71999997,3.6,89.0,0.0,26000.0,1.0189676,23.59437
2026-01-28 10:00:00+01:00,0.44550002,1.484318,4.32,95.0,0.0,8960.0,3.4704785,26.186924
2026-01-28 11:00:00+01:00,1.1455,2.968636,7.2,90.0,0.0,3740.0,5.562481,24.151127
2026-01-28 12:00:00+01:00,1.3955,5.1544156,10.08,100.0,0.0,4260.0,4.201311,19.98775
2026-01-28 13:00:00+01:00,1.5955,4.5536795,10.08,94.0,0.0,3920.0,3.4704785,17.773846
2026-01-28 14:00:00+01:00,1.5455,6.12,15.119999,100.0,0.0,2180.0,6.330734,15.517241
2026-01-28 15:00:00+01:00,1.1455,4.0249224,11.879999,98.0,0.3,1460.0,4.757608,14.999642
2026-01-28 16:00:00+01:00,0.9955,4.0249224,8.64,97.0,0.6,1660.0,5.6366506,14.648801
2026-01-28 17:00:00+01:00,0.8955,4.1046314,7.5599995,91.0,0.5,2160.0,5.6366506,13.283339
2026-01-28 18:00:00+01:00,0.7455,3.396233,7.5599995,94.0,0.4,1800.0,7.3619976,11.444951
2026-01-28 19:00:00+01:00,0.6955,1.484318,5.04,90.0,0.4,1560.0,3.757767,12.320337
2026-01-28 20:00:00+01:00,0.54550004,1.4399999,2.16,91.0,0.2,1180.0,1.8227848,12.795844
2026-01-28 21:00:00+01:00,0.44550002,1.1384199,2.52,85.0,0.1,2560.0,1.8227848,11.0510645
2026-01-28 22:00:00+01:00,0.79550004,2.2768397,2.8799999,92.0,0.2,3260.0,1.2889035,15.025306
2026-01-28 23:00:00+01:00,0.79550004,1.835647,3.96,80.0,0.2,3580.0,1.0189676,17.390388
2026-01-29 00:00:00+01:00,0.6455,1.835647,2.52,87.0,0.2,2460.0,0.9113924,18.599987
2026-01-29 01:00:00+01:00,0.8955,3.6,3.96,89.0,0.1,2660.0,2.0379353,24.554531
2026-01-29 02:00:00+01:00,0.9455,3.319036,6.4799995,91.0,0.2,3140.0,3.757767,25.326874
2026-01-29 03:00:00+01:00,0.8455,2.9024127,6.4799995,83.0,0.2,2560.0,4.6916795,25.20489
2026-01-29 04:00:00+01:00,1.1455,5.5887027,6.8399997,100.0,0.4,3680.0,0.4556962,24.491692
2026-01-29 05:00:00+01:00,0.9955,4.1046314,9.72,100.0,1.5,2280.0,1.8788835,25.74927
2026-01-29 06:00:00+01:00,0.9455,2.9024127,8.28,98.0,1.1,2320.0,1.2889035,26.105885
2026-01-29 07:00:00+01:00,0.9955,4.0249224,7.2,100.0,0.5,2140.0,2.8820758,19.62793
2026-01-29 08:00:00+01:00,0.9955,1.484318,8.28,94.0,0.8,2500.0,3.286072,16.185604
2026-01-29 09:00:00+01:00,0.6455,2.7416782,5.04,94.0,0.4,500.0,2.7718916,14.648801
2026-01-29 10:00:00+01:00,0.9955,0.5091169,4.32,100.0,0.3,800.0,3.67394,9.655664
2026-01-29 11:00:00+01:00,0.9955,1.1384199,3.6,100.0,0.4,400.0,1.8227848,7.022301
2026-01-29 12:00:00+01:00,1.5455,1.0182338,4.32,100.0,0.3,520.0,1.0189676,3.6192114
2026-01-29 13:00:00+01:00,2.2955,2.2768397,5.3999996,83.0,0.1,800.0,4.907998,8.442291
2026-01-29 14:00:00+01:00,2.6455002,3.0758414,6.8399997,52.0,0.0,7420.0,2.9178793,8.092802
2026-01-29 15:00:00+01:00,3.2455,4.802999,9.36,0.0,0.0,14820.0,1.3670886,5.7224755
2026-01-29 16:00:00+01:00,3.4455,3.4152596,9.72,36.0,0.0,13460.0,1.8788835,4.8477407
2026-01-29 17:00:00+01:00,2.3955002,0.71999997,6.8399997,30.0,0.0,14340.0,0.64445174,3.5111506
2026-01-29 18:00:00+01:00,1.0955,2.2768397,3.6,66.0,0.0,2500.0,0.64445174,5.6205835
2026-01-29 19:00:00+01:00,1.3455,4.452954,3.96,88.0,0.0,6200.0,0.9113924,4.3889384
2026-01-29 20:00:00+01:00,0.3955,1.9386592,5.7599998,100.0,0.0,4100.0,1.0189676,6.2068963
2026-01-29 21:00:00+01:00,0.34550002,2.6208394,5.7599998,73.0,0.0,11120.0,2.278481,8.092802
2026-01-29 22:00:00+01:00,-1.6044999,4.2136917,6.12,54.0,0.0,16620.0,3.89347,12.413793
2026-01-29 23:00:00+01:00,-2.9545002,7.928177,15.4800005,0.0,0.0,31920.0,4.9291077,19.390963
2026-01-30 00:00:00+01:00,-2.0045,5.8603754,13.679999,0.0,0.0,42900.0,2.7718916,22.898315
2026-01-30 01:00:00+01:00,-2.5045,6.9153743,11.879999,0.0,0.0,42520.0,4.323114,21.997295
2026-01-30 02:00:00+01:00,-2.2045002,7.42159,14.759999,0.0,0.0,48780.0,2.8820758,20.809309
2026-01-30 03:00:00+01:00,-2.6545,6.792466,14.4,0.0,0.0,43120.0,2.278481,21.112572
2026-01-30 04:00:00+01:00,-2.1545,6.3690495,12.959999,0.0,0.0,48400.0,1.0189676,16.94153
2026-01-30 05:00:00+01:00,-2.6044998,7.10031,12.959999,0.0,0.0,42900.0,1.8227848,18.631031
2026-01-30 06:00:00+01:00,-1.9044999,6.193674,14.04,0.0,0.0,47780.0,2.453999,27.204338
2026-01-30 07:00:00+01:00,-0.60449994,5.7599998,9.72,72.0,0.0,41500.0,1.0189676,38.065025
2026-01-30 08:00:00+01:00,-0.004499972,2.0991426,9.0,70.0,0.0,59820.0,3.0569031,40.668198
2026-01-30 09:00:00+01:00,-0.25449997,6.924738,12.959999,100.0,0.0,42460.0,8.646228,42.9892
2026-01-30 10:00:00+01:00,1.8455,4.6800003,12.24,67.0,0.0,34900.0,9.294415,37.14297
2026-01-30 11:00:00+01:00,2.2455,4.5820518,11.159999,76.0,0.0,26660.0,5.993747,34.024887
2026-01-30 12:00:00+01:00,2.6955,3.4152596,8.64,29.0,0.0,29340.0,9.837129,38.065025
2026-01-30 13:00:00+01:00,2.8455,5.00128,7.92,67.0,0.0,21020.0,12.269996,36.877533
2026-01-30 14:00:00+01:00,3.0955,3.9763298,14.04,39.0,0.1,19940.0,11.419714,32.25795
2026-01-30 15:00:00+01:00,2.8955002,4.072935,7.5599995,61.0,0.1,7600.0,9.580463,31.25713
2026-01-30 16:00:00+01:00,2.3455,3.4152596,8.64,67.0,0.1,6480.0,9.17071,30.816475
2026-01-30 17:00:00+01:00,2.1955,2.6208394,9.36,15.0,0.0,15040.0,8.513107,28.953691
2026-01-30 18:00:00+01:00,1.8455,4.379589,4.32,0.0,0.0,38180.0,8.476439,25.659342
2026-01-30 19:00:00+01:00,1.0955,2.2768397,5.04,0.0,0.0,38840.0,6.1307654,19.98775
2026-01-30 20:00:00+01:00,0.1455,4.072935,5.3999996,0.0,0.0,47100.0,3.89347,17.489796
2026-01-30 21:00:00+01:00,-1.2045,6.1305785,10.08,0.0,0.0,45340.0,8.36547,14.714402
2026-01-30 22:00:00+01:00,-1.6544999,7.386582,11.5199995,0.0,0.0,36700.0,7.4739733,12.659634
2026-01-30 23:00:00+01:00,-1.2545,7.928177,15.119999,0.0,0.0,37540.0,5.195736,13.879042
2026-01-31 00:00:00+01:00,-1.5045,6.6087217,14.759999,0.0,0.0,36400.0,2.6571426,12.568007
2026-01-31 01:00:00+01:00,-1.7045001,6.792466,12.24,0.0,0.0,41280.0,1.8788835,15.266946
2026-01-31 02:00:00+01:00,-1.8045,6.696387,9.36,0.0,0.0,42860.0,2.9178793,12.96038
2026-01-31 03:00:00+01:00,-1.8544999,6.12,8.28,0.0,0.0,49940.0,0.9113924,7.0769506
2026-01-31 04:00:00+01:00,-1.8045,7.42159,6.8399997,0.0,0.0,48820.0,0.0,3.7241378
2026-01-31 05:00:00+01:00,-2.5545,8.225035,9.0,0.0,0.0,39960.0,1.8788835,0.6206896
2026-01-31 06:00:00+01:00,-2.6044998,6.8777895,9.72,0.0,0.0,39960.0,4.556962,0.6206896
2026-01-31 07:00:00+01:00,-2.7545,6.989936,7.5599995,0.0,0.0,39740.0,4.2990294,0.87778765
2026-01-31 08:00:00+01:00,-2.7545,6.297428,7.5599995,0.0,0.0,42140.0,1.3670886,2.5591688
2026-01-31 09:00:00+01:00,-2.2045002,6.763786,12.24,0.0,0.0,38400.0,2.453999,8.092802
2026-01-31 10:00:00+01:00,0.2955,4.452954,11.879999,0.0,0.0,42180.0,3.0569031,8.442291
2026-01-31 11:00:00+01:00,1.5455,2.9024127,7.92,0.0,0.0,23620.0,1.643036,4.1637125
2026-01-31 12:00:00+01:00,2.0955,1.0182338,5.3999996,0.0,0.0,42700.0,2.453999,5.7224755
2026-01-31 13:00:00+01:00,2.6955,4.829907,6.8399997,0.0,0.0,54960.0,1.0189676,6.598021
2026-01-31 14:00:00+01:00,2.8455,2.1897945,6.8399997,0.0,0.0,27200.0,1.0189676,5.551616
2026-01-31 15:00:00+01:00,2.5955,5.634891,7.92,0.0,0.0,18160.0,1.8227848,6.113084
2026-01-31 16:00:00+01:00,1.8455,5.815978,8.64,5.0,0.0,12200.0,3.1898732,4.7270317
2026-01-31 17:00:00+01:00,0.8955,1.1384199,9.72,43.0,0.0,5740.0,2.453999,3.7755077
2026-01-31 18:00:00+01:00,-0.5545,2.9024127,5.04,95.0,0.0,900.0,2.0379353,3.7241378
2026-01-31 19:00:00+01:00,-1.3544999,1.8,5.3999996,72.0,0.0,2580.0,2.3236039,4.1637125
2026-01-31 20:00:00+01:00,-1.8544999,0.8049845,2.16,0.0,0.0,16160.0,1.0189676,3.3425157
2026-01-31 21:00:00+01:00,-2.0545,0.71999997,1.8,0.0,0.0,35660.0,2.278481,3.9255857
2026-01-31 22:00:00+01:00,-3.1545,3.8773184,1.4399999,0.0,0.0,50380.0,1.4410379,3.7755077
2026-01-31 23:00:00+01:00,-4.3545003,7.24486,8.28,0.0,0.0,41120.0,3.4704785,4.5186887
2026-02-01 00:00:00+01:00,-2.7045002,4.6800003,7.5599995,0.0,0.0,49360.0,3.4704785,3.9255857
2026-02-01 01:00:00+01:00,-2.2545,4.829907,5.04,0.0,0.0,48880.0,2.8820758,3.7755077
2026-02-01 02:00:00+01:00,-2.3544998,6.9247384,9.0,0.0,0.0,40280.0,4.0758705,3.1649084
2026-02-01 03:00:00+01:00,-2.2045002,5.00128,8.64,0.0,0.0,39720.0,2.8820758,3.7755077
2026-02-01 04:00:00+01:00,-2.7045002,5.634891,5.3999996,0.0,0.0,43120.0,1.4410379,5.1183376
2026-02-01 05:00:00+01:00,-2.3544998,5.1165614,6.12,0.0,0.0,45460.0,0.4556962,4.9655166
2026-02-01 06:00:00+01:00,-1.9545001,4.39436,5.3999996,0.0,0.0,61000.0,2.0379353,4.1637125
2026-02-01 07:00:00+01:00,-2.7045002,6.1305785,7.2,6.0,0.0,45880.0,1.8788835,3.6192114
2026-02-01 08:00:00+01:00,-2.5045,7.10031,9.36,5.0,0.0,43020.0,4.323114,2.2379284
2026-02-01 09:00:00+01:00,-2.2545,5.6233797,9.36,0.0,0.0,32920.0,4.9291077,5.3031745
2026-02-01 10:00:00+01:00,-0.25449997,2.9024127,8.28,0.0,0.0,35960.0,4.907998,5.0041595
2026-02-01 11:00:00+01:00,0.6455,3.7064266,7.2,0.0,0.0,32820.0,3.67394,3.1034482
2026-02-01 12:00:00+01:00,2.0955,1.835647,6.4799995,0.0,0.0,60320.0,1.8788835,6.6850314
2026-02-01 13:00:00+01:00,3.2954998,2.2768397,6.12,0.0,0.0,62800.0,0.9113924,7.0769506
2026-02-01 14:00:00+01:00,4.0955,4.39436,9.72,0.0,0.0,61400.0,1.0189676,11.595439
2026-02-01 15:00:00+01:00,3.9955,3.219938,9.72,0.0,0.0,63940.0,1.643036,10.551724
2026-02-01 16:00:00+01:00,3.4955,2.8116899,10.799999,0.0,0.0,47280.0,2.734177,15.824542
2026-02-01 17:00:00+01:00,2.3455,2.5455842,5.04,0.0,0.0,43860.0,2.278481,17.566723
2026-02-01 18:00:00+01:00,0.2955,4.198285,4.32,0.0,0.0,42580.0,1.0189676,19.803793
2026-02-01 19:00:00+01:00,-1.6044999,1.0182338,5.3999996,0.0,0.0,46260.0,0.64445174,18.042753
2026-02-01 20:00:00+01:00,-2.0545,1.9386592,4.68,0.0,0.0,55300.0,4.323114,21.103449
2026-02-01 21:00:00+01:00,-3.4045,5.1165614,5.7599998,0.0,0.0,50560.0,2.6571426,24.42869
2026-02-01 22:00:00+01:00,-2.9045,1.2979984,6.4799995,0.0,0.0,59700.0,3.67394,24.734306
2026-02-01 23:00:00+01:00,-4.1545,5.1919937,6.12,0.0,0.0,39240.0,3.0569031,26.098505
2026-02-02 00:00:00+01:00,-3.3045,1.609969,5.7599998,73.0,0.0,35900.0,3.0569031,28.335009
2026-02-02 01:00:00+01:00,-1.7045001,6.87779,7.92,3.0,0.0,59840.0,5.709857,31.034481
2026-02-02 02:00:00+01:00,-2.7545,3.0547013,11.159999,18.0,0.0,51020.0,2.9178793,31.133633
2026-02-02 03:00:00+01:00,-0.25449997,2.6208394,5.04,60.0,0.0,71060.0,0.4556962,31.679502
2026-02-02 04:00:00+01:00,-2.8045,5.815978,20.16,0.0,0.0,43900.0,0.4556962,32.572903
2026-02-02 05:00:00+01:00,-2.9545002,3.8939953,7.5599995,0.0,0.0,57060.0,3.4704785,30.666088
2026-02-02 06:00:00+01:00,-0.95449996,4.5536795,5.7599998,0.0,0.0,73060.0,1.8788835,37.47341
2026-02-02 07:00:00+01:00,-2.6044998,7.653705,18.0,0.0,0.0,44680.0,8.84802,38.04478
2026-02-02 08:00:00+01:00,-0.8045,6.6185193,12.24,0.0,0.0,56680.0,3.8667102,42.70146
2026-02-02 09:00:00+01:00,-1.9545001,4.379589,14.04,0.0,0.0,37660.0,7.958392,39.61245
2026-02-02 10:00:00+01:00,1.6955,4.896529,6.4799995,0.0,0.0,67720.0,1.8227848,44.19118
2026-02-02 11:00:00+01:00,2.4955,5.4833565,10.799999,0.0,0.0,64120.0,4.57969,49.144352
2026-02-02 12:00:00+01:00,3.1455002,5.3517847,14.4,0.0,0.0,60800.0,0.9113924,51.63675
2026-02-02 13:00:00+01:00,4.8954997,6.8777895,12.24,0.0,0.0,61080.0,1.643036,53.853542
2026-02-02 14:00:00+01:00,5.0955,1.8,13.679999,0.0,0.0,66680.0,5.487309,52.19701
2026-02-02 15:00:00+01:00,5.4955,4.6102495,9.36,0.0,0.0,63760.0,3.67394,51.37121
2026-02-02 16:00:00+01:00,5.5455,3.7585104,10.799999,0.0,0.0,68620.0,2.7718916,51.07789
2026-02-02 17:00:00+01:00,4.2455,2.5455842,9.36,0.0,0.0,63280.0,2.278481,44.434612
2026-02-02 18:00:00+01:00,3.8455,2.3051248,3.6,0.0,0.0,70980.0,1.0189676,39.74353
2026-02-02 19:00:00+01:00,1.8955001,1.484318,2.52,0.0,0.0,64560.0,1.2889035,38.110546
2026-02-02 20:00:00+01:00,2.6455002,2.8116899,3.6,0.0,0.0,69040.0,3.286072,32.37121
2026-02-02 21:00:00+01:00,2.9955,0.5091169,3.2399998,0.0,0.0,70000.0,2.0379353,39.25586
2026-02-02 22:00:00+01:00,3.3955002,3.0758414,3.6,0.0,0.0,64980.0,1.8788835,48.47741
2026-02-02 23:00:00+01:00,4.2955,6.763786,7.2,0.0,0.0,70700.0,5.941551,42.357235
2026-02-03 00:00:00+01:00,2.5955,3.8939953,10.799999,0.0,0.0,64820.0,9.022324,40.134197
2026-02-03 01:00:00+01:00,0.34550002,1.9386592,7.2,0.0,0.0,51840.0,6.835443,40.800606
2026-02-03 02:00:00+01:00,2.4455,6.849467,6.8399997,0.0,0.0,69600.0,9.994198,36.65749
2026-02-03 03:00:00+01:00,4.1955,9.028754,16.56,0.0,0.0,58500.0,10.331347,47.69627
2026-02-03 04:00:00+01:00,3.0955,6.439876,15.119999,0.0,0.0,66440.0,6.6350365,42.859055
2026-02-03 05:00:00+01:00,1.2955,2.1897945,6.8399997,0.0,0.0,57700.0,7.1182017,52.50609
2026-02-03 06:00:00+01:00,2.4955,4.198285,5.7599998,0.0,0.0,71760.0,13.548821,48.41379
2026-02-03 07:00:00+01:00,2.8955002,6.87779,13.679999,0.0,0.0,55600.0,21.276669,41.04068
2026-02-03 08:00:00+01:00,2.1955,4.6938257,17.64,0.0,0.0,35880.0,25.717579,61.272472
2026-02-03 09:00:00+01:00,3.0454998,4.1046314,7.92,0.0,0.0,55840.0,19.988396,55.14365
2026-02-03 10:00:00+01:00,2.8955002,6.439876,19.44,0.0,0.0,38460.0,15.318443,45.463127
2026-02-03 11:00:00+01:00,3.6955,7.24486,16.56,0.0,0.0,18980.0,8.11344,40.464016
2026-02-03 12:00:00+01:00,4.7955,6.638072,15.4800005,0.0,0.0,31260.0,6.444517,46.68395
2026-02-03 13:00:00+01:00,5.5955,7.145796,15.119999,0.0,0.0,40240.0,7.971428,40.464016
2026-02-03 14:00:00+01:00,6.5955,4.829907,15.84,0.0,0.0,47780.0,1.643036,40.932587
2026-02-03 15:00:00+01:00,6.8954997,5.6920996,13.32,0.0,0.0,46420.0,1.9333551,42.70146
2026-02-03 16:00:00+01:00,7.0455,7.653705,14.04,6.0,0.0,50800.0,7.20519,33.917152
2026-02-03 17:00:00+01:00,5.5955,4.39436,14.4,17.0,0.0,34900.0,5.506198,27.204338
2026-02-03 18:00:00+01:00,3.6455002,3.2599385,6.12,0.0,0.0,25300.0,1.9333551,25.561563
2026-02-03 19:00:00+01:00,2.2955,1.2979984,6.8399997,24.0,0.0,22280.0,3.757767,25.478533
2026-02-03 20:00:00+01:00,1.4955001,5.1919937,5.3999996,9.0,0.0,26460.0,0.4556962,25.478533
2026-02-03 21:00:00+01:00,0.9455,4.8965297,8.28,58.0,0.0,13180.0,1.3670886,22.56785
2026-02-03 22:00:00+01:00,-0.104499996,2.6208394,5.7599998,69.0,0.0,33660.0,0.64445174,22.499464
2026-02-03 23:00:00+01:00,-0.60449994,3.4152596,5.7599998,41.0,0.0,35100.0,3.0569031,23.757093
2026-02-04 00:00:00+01:00,-2.3045,2.2768397,3.96,0.0,0.0,34660.0,3.67394,22.180428
2026-02-04 01:00:00+01:00,-1.9044999,5.1544156,17.64,0.0,0.0,60040.0,6.572144,19.400894
2026-02-04 02:00:00+01:00,-1.4044999,6.638072,15.119999,0.0,0.0,51360.0,6.1307654,20.49216
2026-02-04 03:00:00+01:00,0.04550004,5.8048253,11.5199995,0.0,0.0,67240.0,3.67394,20.567223
2026-02-04 04:00:00+01:00,-1.2045,4.896529,10.440001,0.0,0.0,52800.0,6.47666,23.190878
2026-02-04 05:00:00+01:00,-0.95449996,4.8965297,10.08,0.0,0.0,57200.0,6.7744107,21.330421
2026-02-04 06:00:00+01:00,0.09549999,1.609969,6.4799995,0.0,0.0,74520.0,5.487309,21.759575
2026-02-04 07:00:00+01:00,-2.0045,3.4152596,3.96,0.0,0.0,69120.0,4.556962,18.010698
2026-02-04 08:00:00+01:00,-2.9045,1.4399999,4.32,0.0,0.0,57540.0,5.155614,21.997295
2026-02-04 09:00:00+01:00,1.6955,2.5959969,4.32,0.0,0.0,75900.0,4.201311,22.430868
2026-02-04 10:00:00+01:00,2.9955,3.8939953,7.2,0.0,0.0,75280.0,7.1182017,25.92819
2026-02-04 11:00:00+01:00,2.7954998,3.6179552,6.4799995,0.0,0.0,64040.0,10.754816,23.878408
2026-02-04 12:00:00+01:00,3.9455,3.319036,8.28,0.0,0.0,73320.0,7.205189,18.672342
2026-02-04 13:00:00+01:00,3.9955,1.835647,4.32,0.0,0.0,73960.0,1.2889035,17.31268
2026-02-04 14:00:00+01:00,4.1955,2.1897945,6.4799995,0.0,0.0,74100.0,0.64445174,21.002802
2026-02-04 15:00:00+01:00,4.4455,1.1384199,5.04,0.0,0.0,72640.0,0.4556962,21.935911
2026-02-04 16:00:00+01:00,4.2455,1.484318,6.12,0.0,0.0,66860.0,2.6571426,18.042753
2026-02-04 17:00:00+01:00,3.3955002,0.71999997,2.16,0.0,0.0,64500.0,1.4410379,13.166815
2026-02-04 18:00:00+01:00,2.8955002,1.8,2.52,0.0,0.0,71320.0,5.487309,10.4046545
2026-02-04 19:00:00+01:00,-0.35449994,1.484318,8.28,0.0,0.0,60820.0,6.330734,7.948705
2026-02-04 20:00:00+01:00,0.44550002,2.5959969,3.96,0.0,0.0,67260.0,6.198138,7.238423
2026-02-04 21:00:00+01:00,-1.6044999,5.904439,6.8399997,0.0,0.0,35420.0,5.195736,5.855574
2026-02-04 22:00:00+01:00,-2.7545,3.219938,6.8399997,0.0,0.0,37300.0,4.488087,7.2649856
2026-02-04 23:00:00+01:00,-1.1545,7.289445,13.32,0.0,0.0,44740.0,2.577807,5.3031745
2026-02-05 00:00:00+01:00,-0.35449994,5.3999996,11.879999,0.0,0.0,48000.0,2.0379353,4.8477407
2026-02-05 01:00:00+01:00,-1.2045,6.12,9.0,0.0,0.0,43160.0,3.286072,5.3031745
2026-02-05 02:00:00+01:00,-1.1545,6.439876,8.28,0.0,0.0,41700.0,2.9178793,2.4827583
2026-02-05 03:00:00+01:00,-1.5545,6.4096174,6.4799995,0.0,0.0,36380.0,4.201311,3.7755077
2026-02-05 04:00:00+01:00,-1.3045,6.439876,7.5599995,0.0,0.0,40000.0,3.286072,4.7270317
2026-02-05 05:00:00+01:00,-1.0045,7.928177,8.64,0.0,0.0,42200.0,4.511162,7.499821
2026-02-05 06:00:00+01:00,-1.2045,6.638072,11.879999,0.0,0.0,41200.0,1.0189676,12.241913
2026-02-05 07:00:00+01:00,-1.3544999,6.3690495,12.599999,0.0,0.0,42380.0,1.8788835,19.480164
2026-02-05 08:00:00+01:00,-1.1044999,6.12,13.679999,0.0,0.0,45100.0,5.941551,19.480164
2026-02-05 09:00:00+01:00,0.7455,3.671294,11.159999,0.0,0.0,58540.0,5.195736,14.167504
2026-02-05 10:00:00+01:00,2.3455,5.904439,10.08,0.0,0.0,68480.0,2.7718916,16.71258
2026-02-05 11:00:00+01:00,4.0955,5.495161,11.159999,0.0,0.0,70660.0,0.4556962,19.987747
2026-02-05 12:00:00+01:00,4.6955,1.484318,10.08,0.0,0.0,74320.0,0.4556962,18.948832
2026-02-05 13:00:00+01:00,5.9955,5.0142193,11.879999,0.0,0.0,72700.0,4.757608,19.794064
2026-02-05 14:00:00+01:00,6.3954997,7.5170207,17.28,0.0,0.0,60220.0,6.7744107,23.397612
2026-02-05 15:00:00+01:00,6.2955,5.95906,16.199999,0.0,0.0,59800.0,5.333787,25.265957
2026-02-05 16:00:00+01:00,6.2455,4.0249224,11.159999,0.0,0.0,74200.0,3.89347,23.04088
2026-02-05 17:00:00+01:00,4.3955,2.6208394,6.12,0.0,0.0,68360.0,3.1898732,20.567223
2026-02-05 18:00:00+01:00,2.7455,2.0991426,2.16,0.0,0.0,74760.0,1.0189676,19.400894
2026-02-05 19:00:00+01:00,1.4955001,4.3349743,4.68,0.0,0.0,58200.0,1.9333551,16.149862
2026-02-05 20:00:00+01:00,2.2955,3.2599385,8.28,0.0,0.0,65740.0,3.4704785,20.818563
2026-02-05 21:00:00+01:00,2.8455,2.1897945,3.6,0.0,0.0,72100.0,5.487309,22.482334
2026-02-05 22:00:00+01:00,2.2955,3.0547013,2.16,0.0,0.0,63800.0,13.859459,20.208189
2026-02-05 23:00:00+01:00,1.9955,6.763786,11.879999,0.0,0.0,46920.0,8.753638,37.251724
2026-02-06 00:00:00+01:00,2.2955,4.1046314,11.5199995,0.0,0.0,46400.0,4.9291077,32.27586
2026-02-06 01:00:00+01:00,3.4455,7.072878,6.4799995,0.0,0.0,57060.0,1.643036,35.270245
2026-02-06 02:00:00+01:00,2.1955,4.198285,10.08,0.0,0.0,40380.0,1.4410379,36.667995
2026-02-06 03:00:00+01:00,1.3955,2.52,6.12,0.0,0.0,33360.0,1.643036,35.66131
2026-02-06 04:00:00+01:00,0.79550004,5.00128,4.68,14.0,0.0,3380.0,1.3670886,39.06402
2026-02-06 05:00:00+01:00,1.5955,3.8773184,6.8399997,85.0,0.0,3560.0,5.487309,42.179504
2026-02-06 06:00:00+01:00,2.7954998,8.534353,16.199999,83.0,0.2,31220.0,8.646228,47.9661
2026-02-06 07:00:00+01:00,3.9455,9.220499,15.84,68.0,0.2,35820.0,12.864844,41.026596
2026-02-06 08:00:00+01:00,3.3455,5.8603754,16.199999,69.0,0.0,32780.0,8.561753,34.413307
2026-02-06 09:00:00+01:00,3.3455,3.6179552,10.440001,100.0,0.0,31560.0,8.21518,35.919647
2026-02-06 10:00:00+01:00,3.9955,4.73506,4.68,88.0,0.2,24680.0,4.6472077,42.859055
2026-02-06 11:00:00+01:00,6.5455,5.3517847,10.440001,97.0,0.4,17880.0,12.030725,44.073334
2026-02-06 12:00:00+01:00,6.6955,3.8773184,12.24,45.0,0.6,32300.0,14.133929,42.574966
2026-02-06 13:00:00+01:00,8.1955,2.5455842,7.2,53.0,0.1,58040.0,11.961482,36.261242
2026-02-06 14:00:00+01:00,7.3954997,7.491114,14.4,74.0,0.0,17260.0,7.3619976,36.133522
2026-02-06 15:00:00+01:00,7.0455,3.4152596,15.84,68.0,0.0,34580.0,9.858215,30.866442
2026-02-06 16:00:00+01:00,7.5955,2.9024127,7.5599995,17.0,0.0,56360.0,11.012396,29.67
2026-02-06 17:00:00+01:00,6.6454997,3.6179552,5.7599998,3.0,0.0,42780.0,8.315675,29.073198
2026-02-06 18:00:00+01:00,4.3955,6.1305785,11.159999,0.0,0.0,32200.0,6.198138,24.103226
2026-02-06 19:00:00+01:00,4.0455,4.39436,10.440001,20.0,0.0,35440.0,4.907998,27.709465
2026-02-06 20:00:00+01:00,3.6955,2.4149535,5.7599998,0.0,0.0,51240.0,3.9200466,28.307802
2026-02-06 21:00:00+01:00,3.3955002,1.1384199,2.8799999,17.0,0.0,51900.0,5.709857,23.364658
2026-02-06 22:00:00+01:00,3.9455,4.6800003,12.959999,15.0,0.0,60860.0,2.278481,19.98775
2026-02-06 23:00:00+01:00,2.7455,5.692099,7.92,23.0,0.0,50060.0,1.2889035,19.62793
2026-02-07 00:00:00+01:00,2.4455,2.6208394,8.64,0.0,0.0,49320.0,2.278481,20.49216
2026-02-07 01:00:00+01:00,1.1455,2.2768397,2.8799999,15.0,0.0,22200.0,4.9291077,15.554438
2026-02-07 02:00:00+01:00,0.5955,3.8773184,3.6,35.0,0.0,15500.0,2.453999,12.4911375
2026-02-07 03:00:00+01:00,0.7455,6.1094027,14.04,47.0,0.0,22340.0,1.8788835,14.289349
2026-02-07 04:00:00+01:00,2.1955,3.096837,10.440001,50.0,0.0,32560.0,0.4556962,9.310345
2026-02-07 05:00:00+01:00,1.7455,2.6208394,3.2399998,59.0,0.0,33640.0,1.0189676,9.227214
2026-02-07 06:00:00+01:00,0.6955,5.692099,6.12,40.0,0.0,31900.0,1.9333551,8.777877
2026-02-07 07:00:00+01:00,1.1955,6.151683,6.12,63.0,0.0,24520.0,1.4410379,5.7224755
2026-02-07 08:00:00+01:00,0.6955,4.5536795,7.2,70.0,0.0,28240.0,0.4556962,5.7224755
2026-02-07 09:00:00+01:00,0.04550004,2.0991426,5.7599998,54.0,0.0,11560.0,0.0,4.475857
2026-02-07 10:00:00+01:00,2.0455,2.6208394,6.4799995,44.0,0.0,11900.0,3.67394,3.1649084
2026-02-07 11:00:00+01:00,5.3954997,1.609969,5.04,0.0,0.0,41400.0,2.3236039,0.6206896
2026-02-07 12:00:00+01:00,5.6955,3.6,7.5599995,0.0,0.0,46140.0,1.9333551,4.5186887
2026-02-07 13:00:00+01:00,6.5455,5.6920996,9.0,0.0,0.0,30840.0,1.0189676,8.327425
2026-02-07 14:00:00+01:00,6.2455,8.049845,14.04,0.0,0.0,17000.0,4.757608,8.327425
2026-02-07 15:00:00+01:00,6.4955,4.3349743,12.24,0.0,0.0,36040.0,3.0569031,5.0041595
2026-02-07 16:00:00+01:00,6.5455,5.991594,7.92,0.0,0.0,30260.0,4.201311,5.7224755
2026-02-07 17:00:00+01:00,5.2455,4.829907,11.159999,24.0,0.0,15300.0,5.9240503,2.775808
2026-02-07 18:00:00+01:00,3.7954998,1.1384199,7.92,37.0,0.0,13040.0,2.278481,1.9627929
2026-02-07 19:00:00+01:00,3.2455,3.6179552,6.4799995,74.0,0.0,2640.0,1.8788835,4.1637125
2026-02-07 20:00:00+01:00,2.4455,3.7585104,9.72,22.0,0.0,10840.0,5.333787,3.7755077
2026-02-07 21:00:00+01:00,1.6455,1.609969,5.3999996,0.0,0.0,20040.0,1.0189676,3.3425157
2026-02-07 22:00:00+01:00,1.0455,3.6,2.8799999,0.0,0.0,20820.0,2.7718916,1.9627929
2026-02-07 23:00:00+01:00,0.09549999,3.6,5.3999996,0.0,0.0,20540.0,1.3670886,0.6206896
2026-02-08 00:00:00+01:00,1.1955,5.3517847,6.12,0.0,0.0,55600.0,3.67394,3.1649084
2026-02-08 01:00:00+01:00,-0.104499996,7.491114,8.64,0.0,0.0,33520.0,2.9178793,3.6192114
2026-02-08 02:00:00+01:00,0.04550004,7.7043357,8.28,0.0,0.0,38520.0,2.278481,3.5111506
2026-02-08 03:00:00+01:00,0.04550004,6.1094027,7.5599995,0.0,0.0,41800.0,3.286072,3.7755077
2026-02-08 04:00:00+01:00,-0.75450003,7.7043357,6.8399997,0.0,0.0,34700.0,4.556962,6.48019
2026-02-08 05:00:00+01:00,-0.70449996,7.491114,8.28,0.0,0.0,40700.0,2.453999,6.113084
2026-02-08 06:00:00+01:00,-0.85449994,6.4096174,7.5599995,0.0,0.0,40720.0,4.2990294,3.9255857
2026-02-08 07:00:00+01:00,-1.4044999,6.1094027,6.4799995,0.0,0.0,34920.0,0.64445174,2.5591688
2026-02-08 08:00:00+01:00,-0.9045,6.1305785,6.8399997,0.0,0.0,46300.0,0.64445174,4.7270317
2026-02-08 09:00:00+01:00,0.3955,4.072935,6.4799995,0.0,0.0,53840.0,1.4410379,8.068965
2026-02-08 10:00:00+01:00,1.9955,1.9386592,7.2,0.0,0.0,40260.0,1.643036,10.1040945
2026-02-08 11:00:00+01:00,3.4955,3.2399998,6.8399997,0.0,0.0,59420.0,1.0189676,7.777219
2026-02-08 12:00:00+01:00,3.4455,2.5455842,4.32,8.0,0.0,11640.0,1.0189676,9.474416
2026-02-08 13:00:00+01:00,3.3955002,3.4152596,5.3999996,37.0,0.0,12760.0,1.0189676,11.661699
2026-02-08 14:00:00+01:00,3.5454998,5.4833565,8.64,59.0,0.0,9760.0,1.8788835,13.626929
2026-02-08 15:00:00+01:00,3.6455002,5.937272,8.28,38.0,0.0,9280.0,3.3175182,12.241913
2026-02-08 16:00:00+01:00,2.7455,4.3498964,7.92,13.0,0.0,9000.0,2.3236039,10.1040945
2026-02-08 17:00:00+01:00,1.7955,1.484318,9.36,0.0,0.0,12920.0,2.278481,8.092802
2026-02-08 18:00:00+01:00,1.1455,0.35999998,1.8,63.0,0.0,6380.0,1.643036,8.777877
2026-02-08 19:00:00+01:00,0.8455,0.8049845,1.8,86.0,0.0,6000.0,1.0189676,6.113084
2026-02-08 20:00:00+01:00,0.2955,2.4149535,2.16,96.0,0.0,1620.0,2.577807,6.48019
2026-02-08 21:00:00+01:00,-0.30449998,2.0991426,4.68,100.0,0.0,160.0,0.0,5.1183376
2026-02-08 22:00:00+01:00,-0.6545,1.2979984,2.52,100.0,0.0,80.0,0.4556962,6.113084
2026-02-08 23:00:00+01:00,-0.104499996,0.5091169,1.8,96.0,0.0,320.0,2.278481,6.329817
2026-02-09 00:00:00+01:00,-1.2045,2.5959969,4.68,100.0,0.0,200.0,2.453999,5.6205835
2026-02-09 01:00:00+01:00,0.2955,1.484318,5.04,58.0,0.0,10040.0,1.8788835,4.3448277
2026-02-09 02:00:00+01:00,0.19550002,2.8799999,2.52,0.0,0.0,52240.0,2.8820758,5.0041595
2026-02-09 03:00:00+01:00,-1.4545001,2.5959969,7.92,58.0,0.0,1220.0,1.4410379,3.1034482
2026-02-09 04:00:00+01:00,-2.2045002,1.8,2.8799999,89.0,0.0,580.0,2.3236039,1.8620689
2026-02-09 05:00:00+01:00,-1.3544999,2.16,2.8799999,39.0,0.0,10360.0,2.7718916,1.7555753
2026-02-09 06:00:00+01:00,-2.0045,6.725354,10.08,0.0,0.0,50100.0,5.506198,3.1034482
2026-02-09 07:00:00+01:00,-2.7545,6.3690495,9.72,0.0,0.0,44080.0,5.562481,2.775808
2026-02-09 08:00:00+01:00,-2.1545,6.1305785,7.2,0.0,0.0,54220.0,4.2990294,2.5591688
2026-02-09 09:00:00+01:00,-1.2045,5.815978,10.799999,0.0,0.0,47520.0,7.3619976,4.5186887
2026-02-09 10:00:00+01:00,0.9455,4.0249224,11.159999,0.0,0.0,53740.0,3.4704785,7.4740934
2026-02-09 11:00:00+01:00,1.4455,2.3051248,8.64,0.0,0.0,60220.0,1.0189676,10.678748
2026-02-09 12:00:00+01:00,2.6455002,1.4399999,5.04,0.0,0.0,60300.0,2.0379353,13.6692705
2026-02-09 13:00:00+01:00,3.5955,3.396233,7.92,0.0,0.0,53320.0,1.2889035,14.490146
2026-02-09 14:00:00+01:00,4.4955,5.1919937,11.879999,0.0,0.0,32980.0,1.4410379,16.245003
2026-02-09 15:00:00+01:00,4.5955,2.4149535,11.5199995,0.0,0.0,41040.0,1.4410379,19.390963
2026-02-09 16:00:00+01:00,4.2455,5.1165614,8.28,0.0,0.0,31480.0,1.643036,25.020798
2026-02-09 17:00:00+01:00,3.1455002,1.609969,10.440001,0.0,0.0,44020.0,1.8788835,23.635157
2026-02-09 18:00:00+01:00,3.1455002,1.9386592,2.52,0.0,0.0,62300.0,1.8788835,22.041039
2026-02-09 19:00:00+01:00,2.2955,1.2979984,2.8799999,0.0,0.0,60080.0,2.8820758,22.102129
2026-02-09 20:00:00+01:00,1.8455,2.4149535,2.52,0.0,0.0,59120.0,1.0189676,18.877537
2026-02-09 21:00:00+01:00,2.4955,3.0758414,3.2399998,0.0,0.0,72280.0,1.3670886,19.281382
2026-02-09 22:00:00+01:00,1.6455,6.193674,12.599999,0.0,0.0,69780.0,7.1327734,22.014801
2026-02-09 23:00:00+01:00,0.49550003,3.5455887,10.799999,0.0,0.0,63280.0,4.844117,25.69685
2026-02-10 00:00:00+01:00,1.0955,2.4149535,3.6,0.0,0.0,70400.0,2.0379353,25.898457
2026-02-10 01:00:00+01:00,0.19550002,2.9024127,2.52,0.0,0.0,71400.0,7.205189,28.144014
2026-02-10 02:00:00+01:00,1.1455,8.049845,11.879999,0.0,0.0,74060.0,6.47666,32.400948
2026-02-10 03:00:00+01:00,-0.004499972,5.1544156,16.56,0.0,0.0,64400.0,3.8667102,31.533234
2026-02-10 04:00:00+01:00,0.5955,3.0758414,7.92,9.0,0.0,71880.0,3.3175182,29.27787
2026-02-10 05:00:00+01:00,-0.6545,4.39436,6.8399997,0.0,0.0,59680.0,0.4556962,31.649084
2026-02-10 06:00:00+01:00,-0.85449994,4.198285,7.2,0.0,0.0,48180.0,1.8788835,36.32493
2026-02-10 07:00:00+01:00,0.79550004,5.1544156,8.64,72.0,0.0,55900.0,9.784211,46.11937
2026-02-10 08:00:00+01:00,0.7455,9.9571085,17.64,50.0,0.0,47420.0,11.883102,51.37121
2026-02-10 09:00:00+01:00,1.4455,4.802999,16.919998,42.0,0.0,29840.0,18.953892,58.109943
2026-02-10 10:00:00+01:00,5.0455,4.896529,11.5199995,95.0,0.0,52060.0,16.952879,52.60871
2026-02-10 11:00:00+01:00,4.8455,6.162207,11.879999,100.0,0.1,20560.0,13.97881,53.252853
2026-02-10 12:00:00+01:00,7.3455,1.8,10.799999,38.0,0.5,34520.0,15.493671,47.270313
2026-02-10 13:00:00+01:00,7.1955,7.653705,16.919998,0.0,0.0,22800.0,11.848101,47.60329
2026-02-10 14:00:00+01:00,7.5955,6.1305785,16.56,10.0,0.0,44960.0,11.319258,47.583057
2026-02-10 15:00:00+01:00,7.6955,6.489992,17.64,0.0,0.0,48100.0,3.2222586,47.857544
2026-02-10 16:00:00+01:00,7.2455,3.8268526,14.759999,0.0,0.0,39200.0,5.993747,46.996494
2026-02-10 17:00:00+01:00,5.2955,6.8777895,12.599999,0.0,0.0,19620.0,11.02182,45.10582
2026-02-10 18:00:00+01:00,3.3955002,7.5942082,14.04,0.0,0.0,11340.0,4.201311,42.805088
2026-02-10 19:00:00+01:00,2.8455,2.8116899,13.679999,78.0,0.2,9860.0,23.043093,41.405163
2026-02-10 20:00:00+01:00,4.3955,6.9247384,12.24,32.0,0.4,31900.0,13.548821,54.93717
2026-02-10 21:00:00+01:00,4.7955,4.8965297,13.679999,41.0,0.3,32500.0,22.839428,64.95628
2026-02-10 22:00:00+01:00,5.8954997,10.931203,15.84,46.0,0.4,39960.0,26.402866,59.083
2026-02-10 23:00:00+01:00,6.5455,12.371645,25.199999,100.0,0.4,17700.0,35.265705,61.31961
2026-02-11 00:00:00+01:00,6.9955,12.522619,23.4,55.0,1.9,30460.0,32.860718,87.011734
2026-02-11 01:00:00+01:00,8.1455,16.575644,22.319998,53.0,0.7,55560.0,25.65695,79.88592
2026-02-11 02:00:00+01:00,8.0455,12.181625,32.399998,40.0,0.2,41400.0,27.436543,67.811584
2026-02-11 03:00:00+01:00,6.7955,12.144331,25.199999,38.0,1.0,29840.0,31.901989,67.427
2026-02-11 04:00:00+01:00,6.5455,12.57426,23.039999,38.0,1.3,43400.0,26.808727,63.39852
2026-02-11 05:00:00+01:00,6.2455,12.849528,24.48,37.0,0.5,40580.0,27.681435,59.404896
2026-02-11 06:00:00+01:00,5.5455,9.3669195,24.119999,45.0,0.1,37820.0,27.116795,69.25072
2026-02-11 07:00:00+01:00,5.8455,15.175612,20.519999,28.0,1.0,40000.0,29.121803,65.246254
2026-02-11 08:00:00+01:00,6.6454997,15.745627,29.88,43.0,0.3,21940.0,31.479338,73.265045
2026-02-11 09:00:00+01:00,6.3954997,13.004921,29.519999,45.0,1.4,27820.0,29.87157,68.06393
2026-02-11 10:00:00+01:00,7.8954997,15.119999,25.56,14.0,0.1,53220.0,29.200134,61.36043
2026-02-11 11:00:00+01:00,7.7955,15.496736,33.12,52.0,1.0,5020.0,25.075714,59.7444
2026-02-11 12:00:00+01:00,6.9455,12.879752,27.0,42.0,2.8,6320.0,22.417288,68.966415
2026-02-11 13:00:00+01:00,7.6454997,18.556595,32.760002,24.0,2.4,47780.0,26.571424,65.46731
2026-02-11 14:00:00+01:00,7.1955,16.93531,37.44,51.0,1.0,6880.0,27.254288,58.978584
2026-02-11 15:00:00+01:00,6.9955,11.966953,34.2,78.0,2.1,21180.0,26.668936,70.181854
2026-02-11 16:00:00+01:00,7.4955,13.849476,23.759998,28.0,0.2,52160.0,26.296474,60.941483
2026-02-11 17:00:00+01:00,6.9455,12.6462,31.319998,13.0,0.0,59760.0,28.344889,55.879303
2026-02-11 18:00:00+01:00,5.1454997,10.182337,25.56,0.0,0.0,41320.0,30.354294,46.667442
2026-02-11 19:00:00+01:00,4.1455,7.2359104,19.44,0.0,0.0,40680.0,24.624466,39.845184
2026-02-11 20:00:00+01:00,3.6955,6.489992,13.679999,0.0,0.0,48160.0,24.267694,44.029602
2026-02-11 21:00:00+01:00,4.4455,4.072935,12.24,0.0,0.0,60680.0,22.78481,47.583057
2026-02-11 22:00:00+01:00,4.2455,9.693296,12.24,0.0,0.0,53380.0,26.098305,52.052883
2026-02-11 23:00:00+01:00,4.1955,5.3517847,15.84,0.0,0.0,41740.0,16.755745,55.755066
2026-02-12 00:00:00+01:00,4.3955,2.5959969,11.5199995,0.0,0.0,49200.0,24.779985,70.891884
2026-02-12 01:00:00+01:00,5.6955,8.913181,25.919998,50.0,0.1,43480.0,21.591537,67.178
2026-02-12 02:00:00+01:00,7.6454997,10.296251,19.08,56.0,0.1,63480.0,35.073807,86.6657
2026-02-12 03:00:00+01:00,7.2455,8.905908,22.319998,9.0,0.0,66700.0,26.703953,74.27816
2026-02-12 04:00:00+01:00,7.4455,8.217153,17.64,54.0,0.2,68760.0,30.408972,75.126526
2026-02-12 05:00:00+01:00,6.5955,5.00128,16.919998,99.0,0.2,65660.0,22.509731,74.71257
2026-02-12 06:00:00+01:00,6.5455,10.464797,20.880001,45.0,0.9,32620.0,27.95762,76.08196
2026-02-12 07:00:00+01:00,4.1455,9.339208,20.880001,0.0,0.4,32720.0,20.379353,54.610107
2026-02-12 08:00:00+01:00,4.3455,7.771331,19.08,40.0,0.0,45920.0,23.700583,54.146053
2026-02-12 09:00:00+01:00,5.4455,10.829959,22.319998,45.0,1.3,7020.0,28.076212,74.702255
2026-02-12 10:00:00+01:00,6.8455,19.353138,28.44,5.0,1.0,51860.0,35.39208,81.5965
2026-02-12 11:00:00+01:00,6.2455,18.671474,40.68,44.0,1.3,6860.0,29.550064,85.26071
2026-02-12 12:00:00+01:00,5.5955,13.53236,41.039997,40.0,3.5,8520.0,21.615568,74.619705
2026-02-12 13:00:00+01:00,6.0955,17.399586,28.08,36.0,2.4,10800.0,24.876171,68.90773
2026-02-12 14:00:00+01:00,6.7455,16.808569,41.760002,5.0,0.9,32320.0,27.587502,64.29457
2026-02-12 15:00:00+01:00,6.5455,12.661564,35.64,5.0,0.9,26120.0,24.34032,67.045975
2026-02-12 16:00:00+01:00,6.7455,15.281989,29.88,0.0,0.5,45980.0,26.668936,70.14067
2026-02-12 17:00:00+01:00,6.1454997,17.339897,38.519997,0.0,0.1,57580.0,38.6483,60.258064
2026-02-12 18:00:00+01:00,5.5955,14.145756,36.36,6.0,0.1,53460.0,36.29585,58.968784
2026-02-12 19:00:00+01:00,5.8954997,13.979872,28.8,10.0,0.1,59080.0,29.620253,57.88742
2026-02-12 20:00:00+01:00,5.2455,10.182337,29.88,28.0,0.1,48760.0,14.265547,46.96369
2026-02-12 21:00:00+01:00,4.4955,9.021574,19.8,100.0,1.0,27820.0,18.788836,61.14344
2026-02-12 22:00:00+01:00,4.6955,12.538134,24.119999,38.0,0.9,34780.0,13.949067,59.281544
2026-02-12 23:00:00+01:00,4.5455,11.384198,25.56,74.0,0.4,39200.0,16.952879,54.599518
2026-02-13 00:00:00+01:00,4.2955,9.531505,24.48,14.0,0.1,37280.0,20.009163,50.65755
2026-02-13 01:00:00+01:00,4.2955,11.440978,22.319998,4.0,0.4,41200.0,22.417288,42.48438
2026-02-13 02:00:00+01:00,3.9955,11.440978,24.119999,0.0,0.1,47940.0,25.02598,44.22604
2026-02-13 03:00:00+01:00,2.9455,6.924738,24.119999,25.0,0.0,36340.0,23.236036,42.660843
2026-02-13 04:00:00+01:00,3.4455,8.557102,13.32,37.0,0.0,47760.0,19.030432,41.863205
2026-02-13 05:00:00+01:00,2.3955002,7.6367526,17.64,10.0,0.0,41120.0,19.988394,37.755074
2026-02-13 06:00:00+01:00,1.7455,8.28,16.919998,13.0,0.0,35820.0,24.078703,37.324043
2026-02-13 07:00:00+01:00,1.7455,8.473393,17.28,0.0,0.0,40800.0,21.605959,30.640951
2026-02-13 08:00:00+01:00,1.2955,6.8777895,17.28,0.0,0.0,41980.0,12.312233,31.661255
2026-02-13 09:00:00+01:00,1.6455,5.0142193,13.679999,0.0,0.0,28780.0,9.752324,32.65559
2026-02-13 10:00:00+01:00,5.5455,5.3999996,14.04,0.0,0.0,58960.0,11.883102,31.034481
2026-02-13 11:00:00+01:00,7.0455,5.3517847,14.759999,0.0,0.0,67700.0,3.67394,28.933727
2026-02-13 12:00:00+01:00,8.0955,5.495161,15.4800005,0.0,0.0,61700.0,2.3236039,31.170736
2026-02-13 13:00:00+01:00,8.9455,3.5455887,14.4,0.0,0.0,67440.0,6.728273,35.28663
2026-02-13 14:00:00+01:00,9.1455,7.729527,19.08,0.0,0.0,61860.0,0.64445174,33.568924
2026-02-13 15:00:00+01:00,8.5455,9.511088,24.84,0.0,0.0,64100.0,9.994197,29.844782
2026-02-13 16:00:00+01:00,7.5955,5.315336,22.319998,0.0,0.0,58360.0,4.1265044,27.653793
2026-02-13 17:00:00+01:00,6.7455,1.9386592,10.08,0.0,0.0,43080.0,1.4410379,25.326874
2026-02-13 18:00:00+01:00,5.7455,4.3349743,5.04,0.0,0.0,50580.0,3.3175182,19.400894
2026-02-13 19:00:00+01:00,4.7455,3.0547013,5.7599998,0.0,0.0,46300.0,3.2222586,19.040104
2026-02-13 20:00:00+01:00,4.4455,0.71999997,4.32,0.0,0.0,58200.0,5.333787,19.803793
2026-02-13 21:00:00+01:00,4.2955,2.5455842,2.52,0.0,0.0,63900.0,3.67394,22.973904
2026-02-13 22:00:00+01:00,3.0955,3.096837,3.6,0.0,0.0,53460.0,0.4556962,20.293798
2026-02-13 23:00:00+01:00,1.9455,1.609969,3.2399998,0.0,0.0,40320.0,1.0189676,15.566816
2026-02-14 00:00:00+01:00,1.5955,1.609969,1.8,0.0,0.0,33960.0,2.0379353,16.861752
2026-02-14 01:00:00+01:00,1.9455,1.4399999,1.8,58.0,0.0,34100.0,1.4410379,19.900824
2026-02-14 02:00:00+01:00,1.7955,1.8,2.8799999,72.0,0.0,25400.0,3.89347,18.010698
2026-02-14 03:00:00+01:00,2.7455,2.4149535,2.16,96.0,0.0,33320.0,2.0379353,16.327795
2026-02-14 04:00:00+01:00,3.0454998,2.8116899,3.96,100.0,0.0,12400.0,3.67394,13.781546
2026-02-14 05:00:00+01:00,2.6455002,2.3051248,6.8399997,99.0,0.0,15860.0,0.4556962,13.612786
2026-02-14 06:00:00+01:00,2.1955,0.35999998,1.8,79.0,0.0,23940.0,1.0189676,11.103232
2026-02-14 07:00:00+01:00,2.4455,4.0249224,0.71999997,79.0,0.0,37720.0,0.64445174,9.227215
2026-02-14 08:00:00+01:00,1.2955,2.16,6.8399997,92.0,0.0,27980.0,2.278481,8.1638975
2026-02-14 09:00:00+01:00,2.1955,2.1897945,3.2399998,100.0,0.0,9320.0,2.9178793,5.3031745
2026-02-14 10:00:00+01:00,4.0455,3.671294,4.68,83.0,0.2,18860.0,3.89347,5.6205835
2026-02-14 11:00:00+01:00,4.3455,5.506941,12.599999,90.0,0.3,14480.0,5.9240503,10.008319
2026-02-14 12:00:00+01:00,4.4955,5.6920996,11.879999,85.0,0.3,10700.0,7.543114,10.1040945
2026-02-14 13:00:00+01:00,4.4455,7.7879906,14.759999,87.0,0.3,15160.0,11.392405,9.813965
2026-02-14 14:00:00+01:00,4.1455,6.297428,16.919998,97.0,0.7,14120.0,10.9461975,12.4911375
2026-02-14 15:00:00+01:00,4.3955,4.6102495,13.32,90.0,0.8,20780.0,13.594724,17.290411
2026-02-14 16:00:00+01:00,4.0455,5.1165614,12.959999,81.0,0.4,18060.0,8.84802,22.249796
2026-02-14 17:00:00+01:00,3.6455002,5.3517847,11.159999,88.0,0.3,17000.0,12.832521,19.832952
2026-02-14 18:00:00+01:00,3.2954998,7.10031,14.04,94.0,0.4,19720.0,18.250618,22.593443
2026-02-14 19:00:00+01:00,3.0955,9.983106,19.44,97.0,0.7,13340.0,20.966978,25.92076
2026-02-14 20:00:00+01:00,1.6955,8.942214,21.96,100.0,1.4,3280.0,22.78481,24.780989
2026-02-14 21:00:00+01:00,1.2455001,8.435069,19.8,100.0,1.1,5140.0,19.274387,21.375526
2026-02-14 22:00:00+01:00,1.2955,9.0,17.64,100.0,0.6,6020.0,13.881914,24.928242
2026-02-14 23:00:00+01:00,0.9455,6.9247384,19.08,86.0,0.7,7340.0,9.383359,26.105885
2026-02-15 00:00:00+01:00,0.79550004,5.692099,15.4800005,88.0,0.3,10740.0,7.34788,29.428804
2026-02-15 01:00:00+01:00,0.8455,6.6087217,13.679999,92.0,0.3,10760.0,8.21518,27.48611
2026-02-15 02:00:00+01:00,0.6455,6.12,14.04,100.0,0.2,9780.0,7.5842957,24.238705
2026-02-15 03:00:00+01:00,0.44550002,8.209263,16.919998,91.0,0.3,13820.0,12.512989,22.422277
2026-02-15 04:00:00+01:00,0.54550004,6.9153743,17.64,85.0,0.3,13860.0,8.151741,17.390388
2026-02-15 05:00:00+01:00,0.2955,5.8603754,12.599999,89.0,0.1,12440.0,4.201311,17.522804
2026-02-15 06:00:00+01:00,-0.004499972,5.692099,13.32,84.0,0.1,11020.0,4.201311,19.161121
2026-02-15 07:00:00+01:00,0.1455,1.835647,11.159999,73.0,0.1,12460.0,4.844117,17.390388
2026-02-15 08:00:00+01:00,-0.15450001,1.609969,9.36,79.0,0.0,14280.0,6.1307654,21.085184
2026-02-15 09:00:00+01:00,-0.054499984,3.7585104,10.08,78.0,0.0,12560.0,3.67394,24.718725
2026-02-15 10:00:00+01:00,0.8455,4.072935,6.4799995,16.0,0.0,19600.0,5.941551,25.113012
2026-02-15 11:00:00+01:00,0.9455,5.8048253,15.119999,78.0,0.0,7140.0,3.9200466,25.69685
2026-02-15 12:00:00+01:00,1.3955,4.5536795,11.879999,81.0,0.0,6380.0,5.562481,24.278408
2026-02-15 13:00:00+01:00,2.5455,2.5455842,12.599999,3.0,0.0,22380.0,9.858215,28.61238
2026-02-15 14:00:00+01:00,2.4955,8.0899935,18.359999,27.0,0.0,13800.0,7.418196,30.866442
2026-02-15 15:00:00+01:00,2.1955,4.379589,20.16,57.0,0.0,13920.0,10.087265,34.160492
2026-02-15 16:00:00+01:00,2.5455,4.3498964,10.799999,0.0,0.0,27000.0,11.419714,42.247948
2026-02-15 17:00:00+01:00,2.1955,7.4128532,16.919998,0.0,0.0,16080.0,11.02182,39.84518
2026-02-15 18:00:00+01:00,2.1955,7.8954163,13.679999,0.0,0.0,34380.0,18.504856,48.278324
2026-02-15 19:00:00+01:00,3.8455,5.0911684,18.0,68.0,0.0,47240.0,27.105307,59.69602
2026-02-15 20:00:00+01:00,4.8455,8.891344,17.28,41.0,0.4,39580.0,29.620253,71.94915
2026-02-15 21:00:00+01:00,5.1955,11.212135,23.039999,47.0,0.5,28040.0,32.405735,80.18675
2026-02-15 22:00:00+01:00,6.0955,20.380579,30.599998,48.0,1.4,49280.0,40.279522,86.11496
2026-02-15 23:00:00+01:00,6.2955,19.559633,42.12,11.0,0.2,54860.0,42.131573,69.62799
2026-02-16 00:00:00+01:00,5.7455,14.973576,38.16,21.0,0.8,41960.0,31.980005,72.410835
2026-02-16 01:00:00+01:00,6.0455,18.1041,33.48,21.0,0.6,53780.0,30.724873,69.69988
2026-02-16 02:00:00+01:00,5.8455,18.59845,37.44,39.0,1.0,19240.0,34.25308,79.64442
2026-02-16 03:00:00+01:00,5.6955,15.893093,37.8,14.0,0.8,42160.0,42.222656,87.27038
2026-02-16 04:00:00+01:00,6.1955,19.13426,38.16,28.0,0.5,28020.0,40.60046,83.69189
2026-02-16 05:00:00+01:00,5.7455,17.533146,44.639996,6.0,1.6,40280.0,40.69752,81.546906
2026-02-16 06:00:00+01:00,5.0455,11.304229,31.68,44.0,2.4,16240.0,19.46735,71.839294
2026-02-16 07:00:00+01:00,4.1455,12.594856,19.08,52.0,2.2,15880.0,12.864844,79.64442
2026-02-16 08:00:00+01:00,3.8455,12.10157,28.44,51.0,2.2,12360.0,19.014057,67.13785
2026-02-16 09:00:00+01:00,3.5955,8.089993,26.28,100.0,1.7,12200.0,18.616735,58.860886
2026-02-16 10:00:00+01:00,3.9455,12.768586,17.28,26.0,1.2,10360.0,19.868563,48.892853
2026-02-16 11:00:00+01:00,3.7455,9.793058,27.0,100.0,1.1,11840.0,18.599998,46.992393
2026-02-16 12:00:00+01:00,4.7955,13.32,28.44,0.0,0.3,44240.0,26.618277,53.122475
2026-02-16 13:00:00+01:00,5.9955,10.239453,29.16,17.0,0.0,63760.0,16.866917,49.97997
2026-02-16 14:00:00+01:00,4.8455,16.75064,35.28,7.0,0.5,43060.0,25.946686,77.44953
2026-02-16 15:00:00+01:00,6.3954997,18.775303,41.760002,0.0,0.0,65920.0,52.333687,70.236725
2026-02-16 16:00:00+01:00,6.0955,18.72346,44.639996,0.0,0.0,69980.0,38.321854,79.50886
2026-02-16 17:00:00+01:00,5.2955,15.827721,39.239998,0.0,0.0,66880.0,47.81988,74.987946
2026-02-16 18:00:00+01:00,4.1955,14.986553,36.36,0.0,0.0,66020.0,43.694588,55.533516
2026-02-16 19:00:00+01:00,3.4455,11.91812,36.36,0.0,0.1,60000.0,32.86072,50.095463
2026-02-16 20:00:00+01:00,3.1455002,11.592895,31.68,0.0,0.0,48240.0,25.753891,56.126957
2026-02-16 21:00:00+01:00,2.6955,7.9526596,30.239998,90.0,0.0,52580.0,17.507277,57.790836
2026-02-16 22:00:00+01:00,2.7455,10.308831,35.28,100.0,0.0,38640.0,11.644798,47.72857
2026-02-16 23:00:00+01:00,2.2955,9.511088,28.08,8.0,0.4,36040.0,14.67455,55.91032
2026-02-17 00:00:00+01:00,2.2455,10.239453,29.16,63.0,0.6,31580.0,25.974684,51.123127
2026-02-17 01:00:00+01:00,1.3955,12.24,30.960001,0.0,0.2,11300.0,29.788034,50.6119
2026-02-17 02:00:00+01:00,1.8455,11.212135,33.12,71.0,0.1,33300.0,21.041126,56.126957
2026-02-17 03:00:00+01:00,1.4455,10.685391,29.88,64.0,0.1,24620.0,22.403389,61.64858
2026-02-17 04:00:00+01:00,2.0955,12.287555,31.68,90.0,0.3,26800.0,18.239237,70.66327
2026-02-17 05:00:00+01:00,1.5955,12.7279215,36.0,16.0,0.3,41880.0,30.199974,70.932625
2026-02-17 06:00:00+01:00,1.4955001,11.165805,33.48,64.0,0.2,38280.0,28.73778,67.64093
2026-02-17 07:00:00+01:00,2.0455,9.931042,30.960001,66.0,0.0,51920.0,27.681435,54.451145
2026-02-17 08:00:00+01:00,2.0455,9.504272,31.68,70.0,0.0,51000.0,21.041126,61.272472
2026-02-17 09:00:00+01:00,1.6455,9.693296,28.08,64.0,0.0,37400.0,22.347704,57.960583
2026-02-17 10:00:00+01:00,2.3955002,10.464797,26.28,89.0,0.0,38800.0,12.603934,54.08198
2026-02-17 11:00:00+01:00,2.0955,10.883676,27.72,83.0,0.6,5180.0,25.327036,49.53865
2026-02-17 12:00:00+01:00,2.7954998,9.360001,29.88,12.0,0.1,6480.0,17.370333,54.62421
2026-02-17 13:00:00+01:00,3.6455002,9.504272,19.08,35.0,0.6,48600.0,18.250618,53.985725
2026-02-17 14:00:00+01:00,4.1455,12.849528,26.28,25.0,0.0,49600.0,26.54406,53.598984
2026-02-17 15:00:00+01:00,4.7455,9.531505,26.28,66.0,0.0,64440.0,25.922665,60.165287
2026-02-17 16:00:00+01:00,5.0955,12.397806,19.44,7.0,0.0,71700.0,16.335293,63.434967
2026-02-17 17:00:00+01:00,3.3955002,12.7279215,28.08,3.0,0.2,38600.0,28.487392,58.358036
2026-02-17 18:00:00+01:00,2.9955,10.829958,31.319998,31.0,0.1,11120.0,35.89602,53.78196
2026-02-17 19:00:00+01:00,2.4455,13.009903,21.599998,47.0,0.1,20260.0,17.795504,50.763912
2026-02-17 20:00:00+01:00,2.4455,7.5170207,33.12,100.0,0.1,20200.0,3.0569031,43.889385
2026-02-17 21:00:00+01:00,1.6455,6.297428,22.319998,74.0,0.4,7380.0,10.628571,40.649246
2026-02-17 22:00:00+01:00,1.5955,7.9932976,13.679999,88.0,0.0,10820.0,5.9240503,39.898323
2026-02-17 23:00:00+01:00,1.7455,6.6185193,20.519999,79.0,0.0,23240.0,9.858215,43.731094
2026-02-18 00:00:00+01:00,1.4955001,3.9763298,12.959999,73.0,0.0,23480.0,14.265547,41.877007
2026-02-18 01:00:00+01:00,0.3955,3.7064266,7.2,82.0,0.0,25140.0,15.318443,42.48438
2026-02-18 02:00:00+01:00,-0.104499996,3.096837,6.8399997,48.0,0.0,40200.0,16.512308,43.827896
2026-02-18 03:00:00+01:00,-0.004499972,3.7585104,7.2,0.0,0.0,60500.0,14.47508,43.221573
2026-02-18 04:00:00+01:00,-0.30449998,4.3349743,6.12,0.0,0.0,67080.0,10.955679,44.347828
2026-02-18 05:00:00+01:00,-1.3045,2.52,6.4799995,0.0,0.0,65060.0,11.821781,42.225147
2026-02-18 06:00:00+01:00,-1.0545,2.1897945,3.96,0.0,0.0,70340.0,14.787324,43.11448
2026-02-18 07:00:00+01:00,1.0955,9.178235,6.4799995,100.0,0.0,68920.0,15.284515,52.373848
2026-02-18 08:00:00+01:00,0.6955,8.404285,21.96,100.0,0.1,7000.0,15.851416,51.520977
2026-02-18 09:00:00+01:00,1.2455001,5.937272,14.04,68.0,0.3,21480.0,17.177994,49.596947
2026-02-18 10:00:00+01:00,2.7954998,9.673221,10.440001,49.0,0.4,29520.0,19.742744,56.08232
2026-02-18 11:00:00+01:00,4.8455,6.297428,16.919998,42.0,0.2,31660.0,23.844715,62.56969
2026-02-18 12:00:00+01:00,5.9955,4.3498964,11.5199995,45.0,0.2,28200.0,20.867702,58.71343
2026-02-18 13:00:00+01:00,4.0955,8.373386,15.119999,71.0,0.0,22740.0,13.057107,58.414112
2026-02-18 14:00:00+01:00,4.0955,6.763786,16.199999,68.0,0.0,19660.0,16.805244,56.332504
2026-02-18 15:00:00+01:00,4.2955,6.9247384,14.4,13.0,0.0,21100.0,20.872675,51.07035
2026-02-18 16:00:00+01:00,3.7455,7.172949,12.959999,4.0,0.0,19740.0,13.670886,49.472504
2026-02-18 17:00:00+01:00,3.1955,6.9247384,12.599999,2.0,0.0,20580.0,13.285712,45.64496
2026-02-18 18:00:00+01:00,1.9955,2.2768397,10.440001,0.0,0.0,23940.0,5.562481,45.64496
2026-02-18 19:00:00+01:00,3.0454998,4.896529,2.8799999,0.0,0.0,30240.0,8.402622,47.473625
2026-02-18 20:00:00+01:00,1.4955001,5.495161,10.08,0.0,0.0,19520.0,10.240498,50.137737
2026-02-18 21:00:00+01:00,1.2455001,4.510787,7.5599995,0.0,0.0,16080.0,5.562481,52.333374
2026-02-18 22:00:00+01:00,2.1455002,3.8773184,8.28,0.0,0.0,27800.0,10.004581,49.42576
2026-02-18 23:00:00+01:00,0.9955,3.219938,9.0,0.0,0.0,17760.0,9.858215,46.53103
2026-02-19 00:00:00+01:00,0.54550004,5.1919937,10.440001,69.0,0.0,1220.0,10.391472,45.186886
2026-02-19 01:00:00+01:00,-0.15450001,5.634891,12.24,100.0,0.0,60.0,10.754816,41.590836
2026-02-19 02:00:00+01:00,1.8455,2.7416782,12.959999,6.0,0.0,23960.0,2.0379353,37.57608
2026-02-19 03:00:00+01:00,1.2455001,8.669949,13.32,20.0,0.0,16960.0,6.444517,33.66061
2026-02-19 04:00:00+01:00,1.5955,5.4477882,18.359999,100.0,0.0,16120.0,13.889393,42.216022
2026-02-19 05:00:00+01:00,1.4955001,6.297428,10.440001,19.0,0.2,20760.0,15.230073,40.464016
2026-02-19 06:00:00+01:00,1.3955,3.6,13.679999,12.0,0.0,29100.0,1.643036,40.98432
2026-02-19 07:00:00+01:00,2.5455,9.178235,6.4799995,51.0,0.0,32360.0,17.536903,42.425396
2026-02-19 08:00:00+01:00,2.2955,7.9932966,20.880001,3.0,0.1,32020.0,13.464261,33.66061
2026-02-19 09:00:00+01:00,2.4455,5.8603754,13.32,0.0,0.0,30860.0,14.301892,33.59187
2026-02-19 10:00:00+01:00,2.7455,7.7043357,11.879999,0.0,0.0,30360.0,2.9178793,34.80846
2026-02-19 11:00:00+01:00,4.2455,2.5959969,14.04,4.0,0.0,32040.0,9.612922,38.02959
2026-02-19 12:00:00+01:00,4.3955,2.4149535,6.8399997,61.0,0.0,31040.0,15.713261,44.594723
2026-02-19 13:00:00+01:00,5.7955,8.669949,4.32,92.0,0.1,36940.0,15.73307,52.137928
2026-02-19 14:00:00+01:00,4.9955,12.181624,22.68,52.0,0.9,18860.0,15.739669,58.427303
2026-02-19 15:00:00+01:00,4.9455,9.028754,21.599998,45.0,0.6,34520.0,18.54969,54.355545
2026-02-19 16:00:00+01:00,5.0955,13.138765,17.28,37.0,0.1,36240.0,26.804853,49.425762
2026-02-19 17:00:00+01:00,4.9455,6.9899354,23.039999,72.0,0.1,37740.0,16.430359,44.082073
2026-02-19 18:00:00+01:00,3.3455,4.198285,16.919998,35.0,0.3,32900.0,10.391472,37.251724
2026-02-19 19:00:00+01:00,2.7455,5.991594,6.4799995,49.0,0.4,26860.0,12.269995,44.1781
2026-02-19 20:00:00+01:00,2.8955002,3.7585104,10.440001,99.0,0.3,29640.0,5.941551,43.27502
2026-02-19 21:00:00+01:00,2.4455,3.7585104,5.7599998,100.0,0.8,24280.0,2.278481,41.95972
2026-02-19 22:00:00+01:00,2.6955,2.9024127,10.08,90.0,0.3,25220.0,2.0379353,34.160492
2026-02-19 23:00:00+01:00,2.5955,5.4119864,16.199999,76.0,0.2,23600.0,1.643036,31.53323
2026-02-20 00:00:00+01:00,2.6455002,3.9763298,9.72,88.0,0.1,22480.0,1.8788835,26.105885
2026-02-20 01:00:00+01:00,2.6955,6.439876,7.5599995,91.0,0.3,17880.0,5.9240503,24.593725
2026-02-20 02:00:00+01:00,2.7954998,5.5887027,12.599999,91.0,0.3,22060.0,7.20519,30.540203
2026-02-20 03:00:00+01:00,2.5955,2.968636,8.64,100.0,0.4,20600.0,4.556962,30.540203
2026-02-20 04:00:00+01:00,2.7954998,2.8799999,4.68,95.0,0.9,23480.0,5.9240503,36.934944
2026-02-20 05:00:00+01:00,2.5455,0.35999998,7.92,100.0,0.4,23300.0,6.198138,33.036785
2026-02-20 06:00:00+01:00,1.3955,3.5455887,7.2,100.0,1.1,3280.0,3.3175182,27.493116
2026-02-20 07:00:00+01:00,2.4455,4.896529,7.5599995,83.0,1.0,20340.0,4.2990294,30.133825
2026-02-20 08:00:00+01:00,2.4455,0.71999997,6.12,96.0,0.3,21720.0,4.6472077,24.278408
2026-02-20 09:00:00+01:00,1.9955,2.5455842,8.28,92.0,0.4,3400.0,1.9333551,18.25503
2026-02-20 10:00:00+01:00,3.9955,2.6208394,4.68,100.0,0.3,27060.0,3.286072,15.824542
2026-02-20 11:00:00+01:00,5.0955,2.8116899,7.92,86.0,0.1,27820.0,0.64445174,15.025306
2026-02-20 12:00:00+01:00,5.4455,3.7064266,9.36,67.0,0.0,33400.0,1.643036,22.387888
2026-02-20 13:00:00+01:00,5.8455,3.396233,6.8399997,83.0,0.0,34240.0,0.64445174,16.245003
2026-02-20 14:00:00+01:00,5.2955,3.6179552,11.159999,100.0,0.0,23900.0,0.64445174,14.490146
2026-02-20 15:00:00+01:00,5.3954997,1.9386592,6.4799995,64.0,0.0,28980.0,2.9178793,14.922391
2026-02-20 16:00:00+01:00,5.7455,2.3051248,6.8399997,67.0,0.0,32780.0,3.2222586,17.577684
2026-02-20 17:00:00+01:00,5.1955,1.835647,5.04,72.0,0.0,27000.0,5.195736,23.265514
2026-02-20 18:00:00+01:00,4.4455,4.6938257,9.0,84.0,0.0,19440.0,3.3175182,21.546066
2026-02-20 19:00:00+01:00,4.4455,2.4149535,7.92,98.0,0.0,30760.0,3.2222586,25.051575
2026-02-20 20:00:00+01:00,3.7954998,1.609969,6.12,100.0,0.1,25160.0,6.198138,30.286854
2026-02-20 21:00:00+01:00,3.3955002,5.991594,10.799999,81.0,0.0,23100.0,5.487309,27.26799
2026-02-20 22:00:00+01:00,3.5955,6.6185193,11.5199995,42.0,0.0,26480.0,13.033229,36.255924
2026-02-20 23:00:00+01:00,2.9955,4.3349743,12.959999,43.0,0.0,25640.0,8.11344,39.422344
2026-02-21 00:00:00+01:00,3.2954998,6.830519,14.759999,91.0,0.0,25120.0,5.941551,36.085506
2026-02-21 01:00:00+01:00,3.5454998,7.4128532,10.440001,47.0,0.2,28660.0,15.318443,41.21398
2026-02-21 02:00:00+01:00,2.9455,3.8268526,12.599999,91.0,0.0,24080.0,8.377872,42.225143
2026-02-21 03:00:00+01:00,2.8455,2.0991426,11.159999,62.0,0.0,28000.0,13.548821,40.587597
2026-02-21 04:00:00+01:00,3.2954998,5.815978,13.32,71.0,0.0,31640.0,14.927093,40.663464
2026-02-21 05:00:00+01:00,3.6955,10.365251,18.359999,100.0,0.0,32240.0,18.073395,44.138844
2026-02-21 06:00:00+01:00,3.6455002,7.92,18.72,75.0,0.0,31940.0,17.958132,48.31023
2026-02-21 07:00:00+01:00,4.2455,9.904906,15.84,86.0,0.1,34380.0,19.333553,47.506077
2026-02-21 08:00:00+01:00,4.6955,11.681987,22.319998,80.0,0.1,35320.0,14.878324,39.53457
2026-02-21 09:00:00+01:00,4.1455,7.628263,20.880001,90.0,0.4,17960.0,13.215189,43.00712
2026-02-21 10:00:00+01:00,4.7455,11.885453,14.759999,72.0,0.8,31780.0,20.907467,52.02327
2026-02-21 11:00:00+01:00,5.5955,14.039999,28.44,79.0,0.3,31140.0,21.242481,56.63261
2026-02-21 12:00:00+01:00,5.5955,11.212135,27.72,74.0,0.1,34500.0,22.249924,49.922123
2026-02-21 13:00:00+01:00,6.5955,13.661038,20.519999,47.0,0.0,36980.0,24.76322,60.258064
2026-02-21 14:00:00+01:00,6.9455,13.441071,27.72,74.0,0.1,37520.0,23.431826,54.128265
2026-02-21 15:00:00+01:00,6.4455,11.720751,24.48,84.0,0.2,34660.0,20.323235,53.609764
2026-02-21 16:00:00+01:00,6.5955,13.397612,23.4,84.0,0.3,34520.0,16.104847,47.47363
2026-02-21 17:00:00+01:00,6.5455,11.91812,27.0,73.0,0.0,34880.0,16.512306,49.65517
2026-02-21 18:00:00+01:00,5.9455,8.766573,22.68,47.0,0.0,33160.0,17.22628,47.857544
2026-02-21 19:00:00+01:00,5.8455,10.495713,16.56,48.0,0.0,32160.0,17.952349,53.89645
2026-02-21 20:00:00+01:00,4.8954997,6.489992,19.44,23.0,0.0,32860.0,11.528303,52.373848
2026-02-21 21:00:00+01:00,4.2455,5.8603754,10.440001,0.0,0.0,34400.0,9.580463,45.64496
2026-02-21 22:00:00+01:00,3.9955,3.319036,10.440001,0.0,0.0,35840.0,4.907998,43.581074
2026-02-21 23:00:00+01:00,2.7455,7.24486,13.32,0.0,0.0,31780.0,12.039351,45.989704
2026-02-22 00:00:00+01:00,2.8955002,3.4152596,12.24,0.0,0.0,34620.0,9.752324,37.51451
2026-02-22 01:00:00+01:00,2.2955,5.6002855,9.72,0.0,0.0,31660.0,9.383359,37.755074
2026-02-22 02:00:00+01:00,2.0955,4.072935,11.5199995,0.0,0.0,35820.0,6.198138,36.55751
2026-02-22 03:00:00+01:00,0.79550004,1.835647,6.12,0.0,0.0,14200.0,4.6472077,36.65749
2026-02-22 04:00:00+01:00,1.0455,1.0182338,14.04,0.0,0.0,30340.0,13.594724,45.276318
2026-02-22 05:00:00+01:00,1.9955,9.504273,13.32,0.0,0.0,40220.0,11.392405,44.73273
2026-02-22 06:00:00+01:00,0.34550002,7.42159,16.56,0.0,0.0,36720.0,12.669665,41.637127
2026-02-22 07:00:00+01:00,-0.054499984,8.089993,15.4800005,0.0,0.0,32560.0,15.798928,43.22603
2026-02-22 08:00:00+01:00,2.5955,7.4128532,13.679999,0.0,0.0,40180.0,9.045312,40.843075
2026-02-22 09:00:00+01:00,3.5454998,7.2805495,14.759999,0.0,0.0,38380.0,14.5893955,40.918465
2026-02-22 10:00:00+01:00,5.9955,7.9526596,14.04,0.0,0.0,38720.0,16.335293,45.998085
2026-02-22 11:00:00+01:00,7.2455,7.145796,15.4800005,0.0,0.0,39040.0,14.723995,49.038406
2026-02-22 12:00:00+01:00,7.2455,6.8777895,14.4,0.0,0.0,28120.0,18.454288,51.08166
2026-02-22 13:00:00+01:00,7.9455,6.989936,14.759999,0.0,0.0,29640.0,19.71643,52.436337
2026-02-22 14:00:00+01:00,8.8455,9.673221,19.08,0.0,0.0,33300.0,15.792356,48.370003
2026-02-22 15:00:00+01:00,9.1955,5.904439,20.519999,0.0,0.0,32420.0,13.033229,48.082417
2026-02-22 16:00:00+01:00,9.245501,7.2,11.5199995,0.0,0.0,33880.0,13.594724,46.34852
2026-02-22 17:00:00+01:00,7.9955,5.815978,12.24,0.0,0.0,32540.0,14.236403,45.208195
2026-02-22 18:00:00+01:00,6.8455,2.9024127,9.36,0.0,0.0,37740.0,18.090624,47.319187
2026-02-22 19:00:00+01:00,6.1955,7.5685663,12.599999,0.0,0.0,40060.0,17.22628,49.097294
2026-02-22 20:00:00+01:00,4.4955,3.9763298,12.24,0.0,0.0,33700.0,10.638334,49.794632
2026-02-22 21:00:00+01:00,5.5955,5.04,7.5599995,0.0,0.0,39900.0,19.079472,51.520977
2026-02-22 22:00:00+01:00,6.6955,4.68,6.8399997,0.0,0.0,41560.0,16.162767,47.80922
2026-02-22 23:00:00+01:00,5.4455,5.2416787,7.92,0.0,0.0,38100.0,14.192577,46.588947
2026-02-23 00:00:00+01:00,5.7955,7.208994,11.879999,0.0,0.0,40480.0,22.592606,45.31459
2026-02-23 01:00:00+01:00,6.0455,6.489992,13.679999,0.0,0.0,38640.0,13.548821,42.225147
2026-02-23 02:00:00+01:00,6.2955,10.636766,19.8,16.0,0.0,38560.0,8.765491,45.93103
2026-02-23 03:00:00+01:00,5.7955,2.9024127,20.880001,35.0,0.0,37380.0,10.490913,55.307587
2026-02-23 04:00:00+01:00,6.3455,12.24,19.8,53.0,0.4,38100.0,25.31063,52.995407
2026-02-23 05:00:00+01:00,6.2455,6.989936,23.4,81.0,0.0,37800.0,14.075039,45.02033
2026-02-23 06:00:00+01:00,5.1454997,3.0758414,11.5199995,53.0,0.0,33360.0,10.802979,44.421608
2026-02-23 07:00:00+01:00,5.7955,6.638072,10.799999,63.0,0.0,35560.0,16.934494,47.473625
2026-02-23 08:00:00+01:00,6.3455,3.96,12.959999,85.0,0.0,36960.0,9.994197,43.359512
2026-02-23 09:00:00+01:00,6.6454997,1.8,9.0,61.0,0.0,33800.0,12.2276125,38.10549
2026-02-23 10:00:00+01:00,8.1455,4.5536795,9.0,92.0,0.0,33000.0,14.075039,41.34464
2026-02-23 11:00:00+01:00,8.495501,8.534353,15.84,97.0,0.0,34660.0,8.377872,37.867157
2026-02-23 12:00:00+01:00,10.1455,5.3517847,16.919998,12.0,0.0,37240.0,20.480995,41.265358
2026-02-23 13:00:00+01:00,12.8955,9.779817,14.759999,49.0,0.0,41100.0,21.495146,45.6534
2026-02-23 14:00:00+01:00,11.0955,7.8954163,16.199999,72.0,0.0,34840.0,16.91609,32.89655
2026-02-23 15:00:00+01:00,11.995501,2.1897945,15.119999,41.0,0.0,35560.0,18.504856,39.34408
2026-02-23 16:00:00+01:00,11.9455,5.0142193,5.7599998,0.0,0.0,39880.0,17.824654,43.04741
2026-02-23 17:00:00+01:00,11.0955,7.342588,13.679999,77.0,0.0,40720.0,21.006557,48.46946
2026-02-23 18:00:00+01:00,9.1955,6.489992,13.679999,74.0,0.0,38920.0,22.880306,47.355812
2026-02-23 19:00:00+01:00,10.0955,11.165805,11.5199995,54.0,0.0,40480.0,21.878162,44.91752
2026-02-23 20:00:00+01:00,9.3955,7.072878,21.24,79.0,0.0,38860.0,17.44787,43.660564
2026-02-23 21:00:00+01:00,8.1955,4.1046314,11.879999,72.0,0.0,34080.0,15.044876,44.108284
2026-02-23 22:00:00+01:00,8.795501,4.3498964,13.679999,81.0,0.0,37520.0,16.811422,42.647293
2026-02-23 23:00:00+01:00,7.9455,5.95906,10.799999,89.0,0.0,29440.0,9.394418,39.142838
2026-02-24 00:00:00+01:00,8.4455,4.829907,10.440001,55.0,0.1,37440.0,14.539494,38.387535
2026-02-24 01:00:00+01:00,8.245501,8.891343,12.959999,87.0,0.0,36640.0,12.864844,37.755074
2026-02-24 02:00:00+01:00,7.6454997,8.4963045,19.08,66.0,0.0,35520.0,13.246578,43.04741
2026-02-24 03:00:00+01:00,6.5955,5.8603754,15.119999,64.0,0.0,31100.0,4.844117,39.94175
2026-02-24 04:00:00+01:00,6.8954997,7.145796,12.959999,58.0,0.0,34260.0,9.215885,44.347828
2026-02-24 05:00:00+01:00,6.4955,6.792466,12.959999,63.0,0.0,32960.0,5.094838,40.530605
2026-02-24 06:00:00+01:00,7.4955,5.634891,12.24,70.0,0.0,36460.0,5.941551,36.872307
2026-02-24 07:00:00+01:00,7.8455,5.991594,8.64,74.0,0.0,37880.0,1.643036,35.860607
2026-02-24 08:00:00+01:00,6.7455,5.3999996,12.959999,67.0,0.0,34080.0,5.012658,40.110195
2026-02-24 09:00:00+01:00,7.6454997,2.0991426,11.159999,70.0,0.0,33340.0,2.577807,40.24922
2026-02-24 10:00:00+01:00,9.995501,4.6800003,5.3999996,66.0,0.0,34480.0,2.278481,34.00224
2026-02-24 11:00:00+01:00,10.4455,3.7064266,9.72,74.0,0.0,30260.0,9.227144,33.08922
2026-02-24 12:00:00+01:00,11.795501,0.35999998,8.28,55.0,0.0,31820.0,8.151741,30.082644
2026-02-24 13:00:00+01:00,12.6955,1.835647,8.28,80.0,0.0,36740.0,9.394418,28.880415
2026-02-24 14:00:00+01:00,13.0955,4.3498964,12.959999,54.0,0.0,35440.0,8.476439,22.593443
2026-02-24 15:00:00+01:00,13.6455,7.628263,12.959999,0.0,0.0,38560.0,4.201311,21.402544
2026-02-24 16:00:00+01:00,13.8455,4.6800003,10.799999,0.0,0.0,39020.0,4.201311,22.249796
2026-02-24 17:00:00+01:00,13.3455,3.563818,9.0,0.0,0.0,38580.0,4.0758705,23.878408
2026-02-24 18:00:00+01:00,12.045501,1.835647,6.4799995,0.0,0.0,37720.0,7.205189,24.710932
2026-02-24 19:00:00+01:00,8.8955,2.5455842,5.04,0.0,0.0,34140.0,1.8227848,20.47335
2026-02-24 20:00:00+01:00,7.6454997,5.1919937,10.08,0.0,0.0,36920.0,2.9178793,18.25503
2026-02-24 21:00:00+01:00,7.5955,5.1165614,9.36,0.0,0.0,38920.0,2.7718916,16.292364
2026-02-24 22:00:00+01:00,5.8455,5.815978,9.72,0.0,0.0,36560.0,3.2222586,14.003396
2026-02-24 23:00:00+01:00,5.7455,6.489992,11.159999,0.0,0.0,38140.0,4.488087,11.444951
2026-02-25 00:00:00+01:00,6.3455,2.1897945,10.08,0.0,0.0,40280.0,1.8788835,10.008319
2026-02-25 01:00:00+01:00,4.5455,8.217153,5.3999996,0.0,0.0,38360.0,7.1327734,10.624495
2026-02-25 02:00:00+01:00,5.0955,6.3690495,11.879999,0.0,0.0,40220.0,4.201311,8.711794
2026-02-25 03:00:00+01:00,5.5455,1.484318,8.28,0.0,0.0,41500.0,3.0569031,7.8511715
2026-02-25 04:00:00+01:00,2.7455,6.297428,5.04,0.0,0.0,37820.0,2.278481,7.5510154
2026-02-25 05:00:00+01:00,3.6455002,6.6185193,7.5599995,0.0,0.0,40220.0,2.9178793,5.7224755
2026-02-25 06:00:00+01:00,3.9955,7.42159,7.92,0.0,0.0,41160.0,4.556962,5.1183376
2026-02-25 07:00:00+01:00,2.1955,7.10031,8.64,0.0,0.0,38760.0,2.9178793,5.5862064
2026-02-25 08:00:00+01:00,3.3455,6.6087217,7.92,0.0,0.0,40140.0,2.278481,5.1183376
2026-02-25 09:00:00+01:00,6.2455,4.6800003,6.8399997,0.0,0.0,41360.0,4.201311,3.1034482
2026-02-25 10:00:00+01:00,11.295501,1.835647,6.8399997,0.0,0.0,41720.0,3.2222586,3.1649084
2026-02-25 11:00:00+01:00,12.495501,4.2136917,5.3999996,0.0,0.0,42400.0,0.9113924,1.2413791
2026-02-25 12:00:00+01:00,14.1455,3.319036,5.04,0.0,0.0,42420.0,1.643036,1.2413791
2026-02-25 13:00:00+01:00,14.545501,7.5685663,9.0,0.0,0.0,41280.0,0.4556962,3.1034482
2026-02-25 14:00:00+01:00,15.1455,6.6185193,11.159999,0.0,0.0,42220.0,1.2889035,2.5591688
2026-02-25 15:00:00+01:00,15.295501,6.830519,8.64,0.0,0.0,42340.0,1.4410379,1.7555753
2026-02-25 16:00:00+01:00,14.545501,7.754637,10.799999,0.0,0.0,42520.0,2.6571426,5.0041595
2026-02-25 17:00:00+01:00,13.1455,0.35999998,12.959999,0.0,0.0,41720.0,0.9113924,6.6850314
2026-02-25 18:00:00+01:00,10.795501,1.2979984,3.2399998,0.0,0.0,42740.0,1.0189676,8.068965
2026-02-25 19:00:00+01:00,7.7455,1.609969,2.16,0.0,0.0,43420.0,2.0379353,8.281033
2026-02-25 20:00:00+01:00,4.1455,3.8268526,4.32,0.0,0.0,40760.0,1.9333551,9.037377
2026-02-25 21:00:00+01:00,2.4955,0.35999998,4.32,0.0,0.0,39540.0,1.643036,9.474416
2026-02-25 22:00:00+01:00,0.7455,2.5959969,1.08,0.0,0.0,33860.0,3.286072,8.951714
2026-02-25 23:00:00+01:00,1.8455,3.4152596,3.6,0.0,0.0,39760.0,4.556962,10.330335
2026-02-26 00:00:00+01:00,3.3955002,5.771239,6.4799995,0.0,0.0,36020.0,2.278481,8.951714
2026-02-26 01:00:00+01:00,2.6955,8.854829,11.879999,0.0,0.0,34400.0,0.64445174,5.855574
2026-02-26 02:00:00+01:00,4.6455,8.217153,9.0,0.0,0.0,39720.0,2.278481,6.2068963
2026-02-26 03:00:00+01:00,4.3455,7.653705,8.28,0.0,0.0,38660.0,1.4410379,6.598021
2026-02-26 04:00:00+01:00,3.9455,6.489992,7.92,0.0,0.0,39200.0,0.4556962,5.855574
2026-02-26 05:00:00+01:00,3.6955,8.891343,11.159999,0.0,0.0,37100.0,2.6571426,5.551616
2026-02-26 06:00:00+01:00,3.9955,8.587338,10.440001,0.0,0.0,38940.0,2.278481,4.5186887
2026-02-26 07:00:00+01:00,4.0955,8.534353,8.64,0.0,0.0,39840.0,3.89347,5.7224755
2026-02-26 08:00:00+01:00,4.8455,6.9247384,9.36,0.0,0.0,40260.0,2.3236039,3.9255857
2026-02-26 09:00:00+01:00,8.1455,4.072935,6.8399997,0.0,0.0,41660.0,1.4410379,3.7755077
2026-02-26 10:00:00+01:00,12.8955,1.1384199,5.3999996,0.0,0.0,44840.0,4.201311,3.1649084
2026-02-26 11:00:00+01:00,13.795501,2.6208394,8.28,0.0,0.0,43800.0,5.9240503,6.48019
2026-02-26 12:00:00+01:00,14.8955,5.495161,8.64,0.0,0.0,42720.0,3.5591009,7.4740934
2026-02-26 13:00:00+01:00,15.0955,11.592895,18.72,0.0,0.0,43600.0,2.3236039,6.8557405
2026-02-26 14:00:00+01:00,15.295501,9.659814,16.919998,0.0,0.0,44240.0,3.1898732,6.2378535
2026-02-26 15:00:00+01:00,15.5955,5.6920996,14.759999,0.0,0.0,44120.0,0.9113924,6.939521
2026-02-26 16:00:00+01:00,15.6955,5.991594,10.799999,0.0,0.0,43860.0,0.9113924,6.939521
2026-02-26 17:00:00+01:00,14.3455,4.5820518,10.08,0.0,0.0,42000.0,2.3236039,7.677507
2026-02-26 18:00:00+01:00,11.4455,4.3349743,7.2,0.0,0.0,41240.0,0.4556962,8.281033
2026-02-26 19:00:00+01:00,7.2955,7.9932966,8.28,0.0,0.0,41500.0,4.9291077,8.886923
2026-02-26 20:00:00+01:00,6.3954997,7.928177,12.599999,0.0,0.0,40820.0,5.3142853,12.226168
2026-02-26 21:00:00+01:00,6.2455,7.6367526,9.72,0.0,0.0,40640.0,3.4704785,11.939203
2026-02-26 22:00:00+01:00,5.5955,8.707237,9.72,0.0,0.0,39240.0,6.347113,11.41124
2026-02-26 23:00:00+01:00,5.7955,8.435069,12.959999,0.0,0.0,39940.0,8.84802,10.857635
2026-02-27 00:00:00+01:00,5.7955,6.9153743,11.879999,0.0,0.0,40400.0,3.89347,14.072007
2026-02-27 01:00:00+01:00,5.0955,7.729527,11.879999,0.0,0.0,39580.0,4.201311,17.555754
2026-02-27 02:00:00+01:00,4.5955,8.0899935,15.4800005,0.0,0.0,39420.0,3.3175182,22.014801
2026-02-27 03:00:00+01:00,4.4955,7.491114,15.119999,0.0,0.0,39660.0,1.8788835,23.95894
2026-02-27 04:00:00+01:00,4.5455,7.5942082,13.679999,0.0,0.0,39340.0,2.6571426,21.112572
2026-02-27 05:00:00+01:00,4.5455,8.4963045,15.4800005,0.0,0.0,39220.0,4.2990294,19.62793
2026-02-27 06:00:00+01:00,4.3455,7.653705,15.84,0.0,0.0,39600.0,5.562481,18.8469
2026-02-27 07:00:00+01:00,4.1955,9.0,14.759999,0.0,0.0,39480.0,8.753638,19.598463
2026-02-27 08:00:00+01:00,4.7955,8.669949,16.919998,0.0,0.0,40300.0,9.994198,15.714606
2026-02-27 09:00:00+01:00,8.3955,5.904439,15.4800005,0.0,0.0,42580.0,8.706063,11.809426
2026-02-27 10:00:00+01:00,12.795501,2.6208394,10.08,0.0,0.0,42620.0,10.677303,8.1638975
2026-02-27 11:00:00+01:00,13.8955,3.6,9.36,0.0,0.0,42720.0,10.004581,11.103232
2026-02-27 12:00:00+01:00,15.0955,6.989936,15.4800005,0.0,0.0,42160.0,8.062088,14.181093
2026-02-27 13:00:00+01:00,15.545501,8.217153,15.84,0.0,0.0,41960.0,4.556962,11.661699
2026-02-27 14:00:00+01:00,15.4455,9.178235,12.599999,0.0,0.0,42100.0,2.453999,11.189642
2026-02-27 15:00:00+01:00,15.4455,7.9036193,16.199999,0.0,0.0,42940.0,1.0189676,11.545494
2026-02-27 16:00:00+01:00,15.5955,4.510787,15.84,0.0,0.0,44540.0,2.7718916,14.490146
2026-02-27 17:00:00+01:00,14.6955,0.5091169,8.64,0.0,0.0,42380.0,5.333787,19.987747
2026-02-27 18:00:00+01:00,11.545501,4.1046314,8.28,0.0,0.0,41400.0,1.9333551,21.86555
2026-02-27 19:00:00+01:00,7.4455,9.422101,16.199999,0.0,0.0,41420.0,8.062088,21.71527
2026-02-27 20:00:00+01:00,6.4955,7.8954163,15.84,0.0,0.0,41340.0,9.350104,21.51923
2026-02-27 21:00:00+01:00,6.3455,8.14587,15.119999,0.0,0.0,41480.0,7.7602262,20.548483
2026-02-27 22:00:00+01:00,6.4455,8.714677,14.759999,0.0,0.0,41260.0,9.045312,19.832952
2026-02-27 23:00:00+01:00,6.3455,7.8954163,16.199999,0.0,0.0,41300.0,8.706063,18.764957
2026-02-28 00:00:00+01:00,6.2955,6.8777895,14.04,0.0,0.0,41560.0,6.572144,18.62069
2026-02-28 01:00:00+01:00,5.8455,7.42159,12.599999,0.0,0.0,41180.0,6.47666,17.903427
2026-02-28 02:00:00+01:00,5.3455,7.7879906,14.4,0.0,0.0,40720.0,3.8667102,13.781546
2026-02-28 03:00:00+01:00,5.4455,5.3999996,10.799999,0.0,0.0,41100.0,2.278481,10.180067
2026-02-28 04:00:00+01:00,4.6455,1.9386592,8.28,0.0,0.0,42140.0,10.802979,11.776757
2026-02-28 05:00:00+01:00,5.0455,6.9247384,10.08,0.0,0.0,41160.0,10.087265,14.999642
2026-02-28 06:00:00+01:00,3.7455,2.4149535,10.440001,0.0,0.0,41320.0,8.765491,18.599987
2026-02-28 07:00:00+01:00,4.0455,3.6,2.52,0.0,0.0,41360.0,5.562481,20.632677
2026-02-28 08:00:00+01:00,2.0955,5.506941,6.4799995,0.0,0.0,40340.0,3.4704785,25.020798
2026-02-28 09:00:00+01:00,1.7455,1.4399999,6.8399997,0.0,0.0,27740.0,4.488087,29.179014
2026-02-28 10:00:00+01:00,7.8455,1.835647,4.68,0.0,0.0,38240.0,5.195736,26.370178
2026-02-28 11:00:00+01:00,10.3955,5.506941,12.599999,0.0,0.0,39300.0,3.3175182,30.56542
2026-02-28 12:00:00+01:00,10.9455,9.028754,20.16,0.0,0.0,40260.0,2.0379353,31.849302
2026-02-28 13:00:00+01:00,11.5955,10.495713,21.24,0.0,0.0,39940.0,2.278481,29.896374
2026-02-28 14:00:00+01:00,11.745501,12.55879,24.48,0.0,0.0,39660.0,5.506198,29.020142
2026-02-28 15:00:00+01:00,11.745501,12.522619,21.96,50.0,0.0,39320.0,8.151741,30.165771
2026-02-28 16:00:00+01:00,10.495501,13.049689,21.599998,45.0,0.0,36120.0,7.205189,32.47814
2026-02-28 17:00:00+01:00,9.3455,8.891343,23.759998,77.0,0.0,32720.0,3.8667102,25.591688
2026-02-28 18:00:00+01:00,8.0955,7.928177,18.359999,100.0,0.0,29220.0,4.6472077,23.298607
2026-02-28 19:00:00+01:00,7.3455,6.12,15.4800005,93.0,0.0,26560.0,0.4556962,21.617472
2026-02-28 20:00:00+01:00,6.8455,5.0911684,10.08,100.0,0.0,24960.0,0.9113924,19.987747
2026-02-28 21:00:00+01:00,6.7955,5.692099,11.879999,100.0,0.0,29540.0,3.286072,22.729446
2026-02-28 22:00:00+01:00,6.6955,6.489992,10.440001,100.0,0.0,30040.0,6.7744107,26.696869
2026-02-28 23:00:00+01:00,6.2455,6.763786,12.599999,100.0,0.1,27840.0,4.101266,27.89653
2026-03-01 00:00:00+01:00,5.7955,5.692099,12.24,100.0,0.1,26040.0,4.488087,25.994967
2026-03-01 01:00:00+01:00,5.3455,4.6102495,10.440001,100.0,0.1,19620.0,2.278481,26.340944
2026-03-01 02:00:00+01:00,5.1454997,4.0249224,9.36,100.0,0.1,22400.0,1.8227848,25.994967
2026-03-01 03:00:00+01:00,4.9455,1.1384199,6.8399997,100.0,0.1,22680.0,0.4556962,27.57008
2026-03-01 04:00:00+01:00,4.6955,2.5455842,3.2399998,100.0,0.0,12800.0,1.2889035,23.846117
2026-03-01 05:00:00+01:00,4.3955,6.1305785,11.5199995,100.0,0.1,14240.0,4.0758705,21.86555
2026-03-01 06:00:00+01:00,4.2955,2.3051248,11.159999,100.0,0.1,17220.0,3.286072,20.01664
2026-03-01 07:00:00+01:00,4.2955,1.8,3.2399998,100.0,0.0,14680.0,2.6571426,24.804298
2026-03-01 08:00:00+01:00,4.1955,1.4399999,2.8799999,100.0,0.0,9260.0,0.64445174,23.95894
2026-03-01 09:00:00+01:00,5.3455,2.4149535,6.12,92.0,0.0,18140.0,3.89347,25.591688
2026-03-01 10:00:00+01:00,6.3954997,2.3051248,7.92,78.0,0.0,25820.0,0.64445174,25.470974
2026-03-01 11:00:00+01:00,7.4955,2.4149535,8.28,45.0,0.0,33420.0,1.3670886,27.737257
2026-03-01 12:00:00+01:00,9.3455,4.896529,11.879999,57.0,0.0,38160.0,0.4556962,29.297602
2026-03-01 13:00:00+01:00,9.495501,11.631956,23.759998,49.0,0.0,37200.0,2.453999,30.30593
2026-03-01 14:00:00+01:00,9.6955,13.527572,27.0,40.0,0.0,38320.0,8.377872,28.612377
2026-03-01 15:00:00+01:00,9.795501,10.137692,22.68,63.0,0.0,38040.0,6.572144,25.470974
2026-03-01 16:00:00+01:00,9.295501,9.339208,21.599998,87.0,0.0,37340.0,7.0743074,23.95894
2026-03-01 17:00:00+01:00,8.795501,5.904439,20.16,80.0,0.0,37680.0,3.757767,22.889902
2026-03-01 18:00:00+01:00,7.5455,1.1384199,10.799999,63.0,0.0,36460.0,3.3175182,22.041039
2026-03-01 19:00:00+01:00,5.9455,1.8,3.2399998,22.0,0.0,37320.0,3.5591009,18.328745
2026-03-01 20:00:00+01:00,5.0955,3.5455887,3.96,16.0,0.0,37060.0,2.9178793,16.527136
2026-03-01 21:00:00+01:00,3.9455,5.0911684,8.28,0.0,0.0,32500.0,2.9178793,16.884583
2026-03-01 22:00:00+01:00,4.0955,1.8,6.8399997,0.0,0.0,34320.0,2.278481,17.043554
2026-03-01 23:00:00+01:00,4.0455,4.0249224,4.68,0.0,0.0,36280.0,3.0569031,15.025306
2026-03-02 00:00:00+01:00,3.3955002,1.835647,3.96,0.0,0.0,35980.0,0.4556962,12.413793
2026-03-02 01:00:00+01:00,2.2955,2.9024127,2.8799999,0.0,0.0,32300.0,0.9113924,11.444951
2026-03-02 02:00:00+01:00,2.2955,2.6208394,3.6,0.0,0.0,33840.0,0.64445174,7.900089
2026-03-02 03:00:00+01:00,2.1955,2.8799999,3.96,0.0,0.0,35420.0,1.0189676,6.2068963
2026-03-02 04:00:00+01:00,1.2955,1.1384199,3.2399998,0.0,0.0,31900.0,0.4556962,4.5186887
2026-03-02 05:00:00+01:00,1.6455,2.52,2.8799999,3.0,0.0,35900.0,1.2889035,2.6333632
2026-03-02 06:00:00+01:00,1.7955,1.08,2.52,35.0,0.0,38560.0,0.64445174,3.1649084
2026-03-02 07:00:00+01:00,0.49550003,3.219938,1.8,0.0,0.0,37680.0,0.4556962,4.1637125
2026-03-02 08:00:00+01:00,0.9455,2.0991426,3.96,0.0,0.0,38360.0,1.0189676,5.339374
2026-03-02 09:00:00+01:00,4.4455,3.7064266,7.92,0.0,0.0,37640.0,1.4410379,5.3031745
2026-03-02 10:00:00+01:00,8.0955,0.5091169,5.3999996,0.0,0.0,39020.0,0.9113924,5.6205835
2026-03-02 11:00:00+01:00,9.4455,3.319036,8.64,0.0,0.0,39640.0,1.4410379,5.551616
2026-03-02 12:00:00+01:00,10.995501,4.1046314,8.28,0.0,0.0,39900.0,1.9333551,6.329817
2026-03-02 13:00:00+01:00,11.745501,8.209263,9.72,0.0,0.0,40100.0,1.2889035,6.48019
2026-03-02 14:00:00+01:00,11.795501,11.966953,18.359999,0.0,0.0,41140.0,3.0569031,8.068965
2026-03-02 15:00:00+01:00,11.8955,10.483357,19.08,0.0,0.0,40440.0,7.205189,12.226168
2026-03-02 16:00:00+01:00,11.9455,8.557102,16.919998,0.0,0.0,39720.0,4.556962,13.283339
2026-03-02 17:00:00+01:00,11.0955,5.315336,14.04,0.0,0.0,38760.0,1.4410379,13.166815
2026-03-02 18:00:00+01:00,8.495501,4.0249224,9.36,0.0,0.0,34260.0,4.323114,11.444951
2026-03-02 19:00:00+01:00,6.2955,6.379216,7.2,0.0,0.0,34920.0,1.8788835,7.0769506
2026-03-02 20:00:00+01:00,5.1955,6.193674,11.5199995,0.0,0.0,29100.0,1.0189676,4.3889384
2026-03-02 21:00:00+01:00,4.1455,5.1165614,9.72,0.0,0.0,32340.0,0.9113924,4.7270317
2026-03-02 22:00:00+01:00,3.9455,7.289445,6.12,0.0,0.0,28100.0,1.4410379,5.551616
2026-03-02 23:00:00+01:00,3.1455002,6.489992,11.159999,0.0,0.0,27380.0,1.4410379,3.3425157
2026-03-03 00:00:00+01:00,3.2455,6.193674,6.8399997,0.0,0.0,30880.0,0.4556962,3.1649084
2026-03-03 01:00:00+01:00,2.6955,7.10031,7.2,0.0,0.0,29760.0,1.643036,3.9255857
2026-03-03 02:00:00+01:00,2.5455,7.289445,7.92,0.0,0.0,31320.0,2.577807,4.475857
2026-03-03 03:00:00+01:00,2.3955002,6.696387,7.5599995,0.0,0.0,32420.0,2.278481,5.7224755
2026-03-03 04:00:00+01:00,1.7955,7.5685663,6.8399997,0.0,0.0,31100.0,3.0569031,2.5591688
2026-03-03 05:00:00+01:00,1.7955,7.491114,8.28,0.0,0.0,32720.0,3.0569031,2.775808
2026-03-03 06:00:00+01:00,1.8455,6.696387,7.5599995,0.0,0.0,34120.0,0.9113924,5.339374
2026-03-03 07:00:00+01:00,1.4955001,7.10031,7.2,0.0,0.0,33260.0,1.8788835,4.1637125
2026-03-03 08:00:00+01:00,2.1955,6.297428,7.5599995,0.0,0.0,34820.0,2.3236039,4.3889384
2026-03-03 09:00:00+01:00,6.1454997,2.0991426,6.12,0.0,0.0,38340.0,2.278481,4.3889384
2026-03-03 10:00:00+01:00,8.245501,2.52,6.4799995,0.0,0.0,39560.0,1.4410379,2.2379284
2026-03-03 11:00:00+01:00,10.1955,1.8,5.7599998,0.0,0.0,40600.0,3.3175182,6.390391
2026-03-03 12:00:00+01:00,11.9455,3.7585104,9.36,0.0,0.0,41940.0,5.3142853,9.715329
2026-03-03 13:00:00+01:00,12.5955,8.891344,11.159999,0.0,0.0,41600.0,4.201311,8.886923
2026-03-03 14:00:00+01:00,12.795501,11.770403,17.28,0.0,0.0,42380.0,1.8788835,8.327425
2026-03-03 15:00:00+01:00,12.9455,10.028439,17.64,0.0,0.0,43100.0,2.3236039,7.8511715
2026-03-03 16:00:00+01:00,12.795501,9.693296,16.199999,0.0,0.0,41500.0,6.7744107,6.598021
2026-03-03 17:00:00+01:00,12.1455,6.792466,16.56,0.0,0.0,41040.0,8.987734,9.715329
2026-03-03 18:00:00+01:00,9.6955,4.0249224,11.879999,0.0,0.0,39500.0,8.21518,13.612786
2026-03-03 19:00:00+01:00,6.6454997,7.5685663,10.08,0.0,0.0,33840.0,2.3236039,8.777877
2026-03-03 20:00:00+01:00,5.0455,7.10031,12.599999,0.0,0.0,28160.0,3.286072,10.008319
2026-03-03 21:00:00+01:00,4.5955,6.8777895,11.5199995,0.0,0.0,30220.0,6.835443,8.777877
2026-03-03 22:00:00+01:00,3.9955,7.289445,9.72,0.0,0.0,28660.0,7.1327734,12.4911375
2026-03-03 23:00:00+01:00,3.7954998,7.42159,13.679999,0.0,0.0,32320.0,8.36547,14.609298
2026-03-04 00:00:00+01:00,3.8955002,6.9153743,14.4,0.0,0.0,35760.0,9.045312,17.773846
2026-03-04 01:00:00+01:00,3.5454998,5.634891,12.24,0.0,0.0,36540.0,4.488087,15.824542
2026-03-04 02:00:00+01:00,2.5455,7.8954163,12.599999,0.0,0.0,33920.0,4.6916795,15.355014
2026-03-04 03:00:00+01:00,2.5955,7.386582,14.04,0.0,0.0,35400.0,6.1307654,14.753624
2026-03-04 04:00:00+01:00,2.3955002,7.5942082,13.32,0.0,0.0,35880.0,4.6916795,13.739551
2026-03-04 05:00:00+01:00,2.3455,8.0899935,10.799999,0.0,0.0,36140.0,4.9291077,15.012479
2026-03-04 06:00:00+01:00,2.1955,7.386582,11.5199995,0.0,0.0,36280.0,6.444517,14.329733
2026-03-04 07:00:00+01:00,2.0455,7.2,10.799999,0.0,0.0,36420.0,5.487309,8.068965
2026-03-04 08:00:00+01:00,3.1455002,6.4096174,9.0,0.0,0.0,37780.0,5.562481,2.775808
2026-03-04 09:00:00+01:00,7.0955,2.8116899,7.5599995,0.0,0.0,39780.0,7.1327734,0.87778765
2026-03-04 10:00:00+01:00,9.045501,5.3517847,11.159999,0.0,0.0,40820.0,5.195736,2.2379284
2026-03-04 11:00:00+01:00,11.045501,3.2599385,9.72,0.0,0.0,40940.0,4.101266,2.775808
2026-03-04 12:00:00+01:00,12.6455,5.2416787,10.799999,0.0,0.0,41520.0,3.286072,3.9255857
2026-03-04 13:00:00+01:00,12.9455,9.793058,14.04,0.0,0.0,41600.0,0.0,1.2413791
2026-03-04 14:00:00+01:00,13.045501,11.841756,18.72,0.0,0.0,43000.0,3.4704785,1.9627929
2026-03-04 15:00:00+01:00,13.1955,11.384199,19.8,0.0,0.0,43940.0,6.728273,4.1637125
2026-03-04 16:00:00+01:00,12.8455,10.495713,17.64,0.0,0.0,41320.0,9.17071,4.1637125
2026-03-04 17:00:00+01:00,12.1955,5.95906,17.28,0.0,0.0,40120.0,7.34788,4.7270317
2026-03-04 18:00:00+01:00,10.245501,1.0182338,10.440001,0.0,0.0,39060.0,1.4410379,6.113084
2026-03-04 19:00:00+01:00,7.4455,5.00128,3.6,0.0,0.0,36260.0,3.89347,7.2649856
2026-03-04 20:00:00+01:00,5.4955,5.1919937,9.36,0.0,0.0,31480.0,3.2222586,8.951714
2026-03-04 21:00:00+01:00,5.1454997,6.193674,9.72,0.0,0.0,34420.0,2.278481,11.711148
2026-03-04 22:00:00+01:00,4.8954997,5.815978,9.72,0.0,0.0,37880.0,3.3175182,11.711148
2026-03-04 23:00:00+01:00,4.1455,6.696387,12.24,0.0,0.0,37400.0,5.3142853,12.5680065
2026-03-05 00:00:00+01:00,4.3955,6.8777895,12.959999,0.0,0.0,38900.0,7.418196,14.289349
2026-03-05 01:00:00+01:00,3.5955,7.10031,13.32,0.0,0.0,38620.0,5.941551,13.626929
2026-03-05 02:00:00+01:00,3.7455,7.2,13.679999,0.0,0.0,39460.0,4.511162,14.072007
2026-03-05 03:00:00+01:00,3.6955,7.10031,12.959999,0.0,0.0,39940.0,2.0379353,13.166815
2026-03-05 04:00:00+01:00,2.8955002,7.4128532,10.08,0.0,0.0,38620.0,2.453999,9.813965
2026-03-05 05:00:00+01:00,2.8455,7.491114,8.28,0.0,0.0,38920.0,5.506198,11.0510645
2026-03-05 06:00:00+01:00,3.1455002,7.8954163,9.72,0.0,0.0,39580.0,6.330734,12.241913
2026-03-05 07:00:00+01:00,2.9455,7.289445,12.599999,0.0,0.0,39600.0,4.9291077,12.226168
2026-03-05 08:00:00+01:00,4.0455,6.489992,11.879999,0.0,0.0,40120.0,6.728273,13.556066
2026-03-05 09:00:00+01:00,8.245501,1.8,10.799999,0.0,0.0,41420.0,5.709857,14.753624
2026-03-05 10:00:00+01:00,10.6455,1.484318,4.68,0.0,0.0,41000.0,8.646228,18.423088
2026-03-05 11:00:00+01:00,12.1455,3.396233,9.0,0.0,0.0,42260.0,11.830561,23.716516
2026-03-05 12:00:00+01:00,14.4455,8.373386,18.72,0.0,0.0,43420.0,7.4739733,22.379284
2026-03-05 13:00:00+01:00,14.495501,7.5685663,20.519999,0.0,0.0,43300.0,7.840093,19.871765
2026-03-05 14:00:00+01:00,14.3955,10.787993,22.319998,0.0,0.0,44380.0,1.4410379,15.025306
2026-03-05 15:00:00+01:00,14.4455,9.449572,16.56,0.0,0.0,44540.0,2.577807,11.9230585
2026-03-05 16:00:00+01:00,14.245501,5.0142193,14.4,0.0,0.0,45460.0,0.4556962,12.915714
2026-03-05 17:00:00+01:00,12.9455,4.829907,11.879999,0.0,0.0,41920.0,1.0189676,13.626929
2026-03-05 18:00:00+01:00,10.045501,1.835647,9.72,0.0,0.0,40320.0,0.9113924,12.413793
2026-03-05 19:00:00+01:00,8.5955,2.9024127,3.2399998,0.0,0.0,41360.0,3.1898732,10.998648
2026-03-05 20:00:00+01:00,6.1955,7.7879906,10.08,0.0,0.0,39300.0,5.941551,9.715329
2026-03-05 21:00:00+01:00,5.8954997,7.928177,11.879999,0.0,0.0,39520.0,8.561753,8.092802
2026-03-05 22:00:00+01:00,5.9955,8.209263,14.4,0.0,0.0,39740.0,10.754816,8.442291
2026-03-05 23:00:00+01:00,6.1454997,8.404285,15.84,0.0,0.0,40200.0,9.482423,7.4740934
2026-03-06 00:00:00+01:00,5.6955,7.42159,15.4800005,0.0,0.0,39960.0,8.765491,2.5591688
2026-03-06 01:00:00+01:00,5.5955,6.193674,13.32,0.0,0.0,40340.0,2.9178793,1.387904
2026-03-06 02:00:00+01:00,5.1955,6.193674,6.8399997,0.0,0.0,40400.0,4.556962,3.6192114
2026-03-06 03:00:00+01:00,5.2455,6.618519,7.92,0.0,0.0,40500.0,3.67394,6.2068963
2026-03-06 04:00:00+01:00,4.8455,5.991594,7.5599995,0.0,0.0,39760.0,2.3236039,6.939521
2026-03-06 05:00:00+01:00,4.1955,7.42159,11.879999,0.0,0.0,38720.0,2.278481,8.622896
2026-03-06 06:00:00+01:00,4.1455,6.792466,13.32,0.0,0.0,39040.0,2.3236039,10.606349
2026-03-06 07:00:00+01:00,3.6455002,7.754637,13.679999,0.0,0.0,37540.0,2.6571426,14.609298
2026-03-06 08:00:00+01:00,4.7955,6.6185193,15.4800005,0.0,0.0,38660.0,1.2889035,13.711481
2026-03-06 09:00:00+01:00,7.9955,2.52,10.440001,0.0,0.0,39620.0,1.2889035,11.793103
2026-03-06 10:00:00+01:00,10.6455,2.9024127,5.7599998,0.0,0.0,36300.0,2.278481,15.714606
2026-03-06 11:00:00+01:00,12.745501,1.0182338,7.92,0.0,0.0,43700.0,2.3236039,15.824542
2026-03-06 12:00:00+01:00,14.1955,6.28713,10.440001,0.0,0.0,41480.0,4.101266,13.093462
2026-03-06 13:00:00+01:00,13.5955,10.931203,15.4800005,0.0,0.0,42260.0,5.094838,13.711481
2026-03-06 14:00:00+01:00,14.1955,9.565437,16.56,0.0,0.0,43120.0,4.757608,12.96038
2026-03-06 15:00:00+01:00,14.3955,8.891344,14.4,0.0,0.0,41640.0,4.757608,9.164372
2026-03-06 16:00:00+01:00,14.245501,5.937272,13.679999,0.0,0.0,40720.0,2.8820758,7.8511715
2026-03-06 17:00:00+01:00,13.295501,4.6800003,10.08,0.0,0.0,40520.0,2.6571426,9.227215
2026-03-06 18:00:00+01:00,11.1455,0.5091169,7.5599995,0.0,0.0,39180.0,0.9113924,9.164372
2026-03-06 19:00:00+01:00,9.295501,3.4152596,2.16,0.0,0.0,39800.0,1.2889035,9.037377
2026-03-06 20:00:00+01:00,8.2955,2.8116899,3.96,0.0,0.0,40900.0,2.0379353,5.855574
2026-03-06 21:00:00+01:00,6.1454997,3.2599385,3.96,0.0,0.0,39220.0,2.0379353,3.6192114
2026-03-06 22:00:00+01:00,4.5955,3.0758414,3.96,0.0,0.0,37460.0,2.9178793,5.00416
2026-03-06 23:00:00+01:00,3.2954998,0.5091169,3.2399998,0.0,0.0,35820.0,3.5591009,5.7224755
2026-03-07 00:00:00+01:00,5.0455,0.71999997,1.08,0.0,0.0,35440.0,1.4410379,4.3889384
2026-03-07 01:00:00+01:00,2.6955,2.8116899,2.52,0.0,0.0,35840.0,0.64445174,4.475857
2026-03-07 02:00:00+01:00,1.9455,2.0364676,2.8799999,0.0,0.0,33480.0,0.9113924,3.7755077
2026-03-07 03:00:00+01:00,3.6955,6.792466,5.7599998,0.0,0.0,40200.0,1.9333551,4.9655166
2026-03-07 04:00:00+01:00,2.9455,5.315336,9.36,0.0,0.0,36800.0,1.0189676,6.2378535
2026-03-07 05:00:00+01:00,3.2954998,5.8048253,6.12,0.0,0.0,38540.0,0.4556962,6.8557405
2026-03-07 06:00:00+01:00,3.6955,5.6233797,6.8399997,0.0,0.0,39120.0,0.4556962,6.2378535
2026-03-07 07:00:00+01:00,2.0955,6.0347,9.0,0.0,0.0,36720.0,1.8227848,9.494725
2026-03-07 08:00:00+01:00,2.9955,3.8773184,8.64,0.0,0.0,36120.0,0.64445174,10.714764
2026-03-07 09:00:00+01:00,6.7955,1.08,5.04,0.0,0.0,38700.0,1.4410379,10.839878
2026-03-07 10:00:00+01:00,9.295501,2.6208394,5.04,0.0,0.0,37380.0,0.4556962,8.821657
2026-03-07 11:00:00+01:00,11.9455,2.7416782,3.96,0.0,0.0,41520.0,0.4556962,9.227214
2026-03-07 12:00:00+01:00,13.545501,6.0347,8.64,0.0,0.0,40980.0,1.643036,9.164372
2026-03-07 13:00:00+01:00,13.5955,12.10157,19.44,0.0,0.0,41680.0,1.8788835,8.068965
2026-03-07 14:00:00+01:00,14.0955,12.10157,20.519999,0.0,0.0,41020.0,5.195736,7.5510154
2026-03-07 15:00:00+01:00,14.245501,11.841756,20.16,0.0,0.0,40640.0,9.994197,6.329817
2026-03-07 16:00:00+01:00,14.1455,9.6932955,20.16,0.0,0.0,40640.0,10.490913,5.7224755
2026-03-07 17:00:00+01:00,13.245501,3.8773184,17.64,0.0,0.0,40520.0,4.844117,6.113084
2026-03-07 18:00:00+01:00,10.6955,2.52,5.3999996,0.0,0.0,39720.0,0.64445174,4.8477407
2026-03-07 19:00:00+01:00,7.8455,8.049845,8.28,0.0,0.0,38400.0,0.64445174,4.7270317
2026-03-07 20:00:00+01:00,6.4455,5.00128,12.24,0.0,0.0,32520.0,1.3670886,6.48019
2026-03-07 21:00:00+01:00,5.9955,5.6233797,6.12,0.0,0.0,32520.0,1.4410379,6.2378535
2026-03-07 22:00:00+01:00,5.4455,5.3517847,5.7599998,0.0,0.0,31920.0,1.643036,6.6850314
2026-03-07 23:00:00+01:00,5.1955,5.315336,5.7599998,0.0,0.0,32900.0,0.64445174,7.022301
2026-03-08 00:00:00+01:00,5.4455,5.1919937,5.3999996,0.0,0.0,36320.0,2.6571426,6.2068963
2026-03-08 01:00:00+01:00,4.4955,4.896529,5.7599998,0.0,0.0,32960.0,1.8788835,8.092802
2026-03-08 02:00:00+01:00,4.1955,5.154415,5.7599998,0.0,0.0,31520.0,1.8227848,6.1445136
2026-03-08 03:00:00+01:00,4.4955,5.495161,5.7599998,4.0,0.0,32400.0,1.643036,4.7270317
2026-03-08 04:00:00+01:00,3.4955,4.802999,5.7599998,0.0,0.0,28680.0,0.9113924,5.7224755
2026-03-08 05:00:00+01:00,3.4455,5.3517847,5.7599998,0.0,0.0,29640.0,2.278481,4.1637125
2026-03-08 06:00:00+01:00,3.6455002,5.315336,6.8399997,0.0,0.0,30680.0,1.643036,3.6192114
2026-03-08 07:00:00+01:00,3.0955,5.6920996,9.36,12.0,0.0,28500.0,2.453999,5.3031745
2026-03-08 08:00:00+01:00,4.4955,4.6800003,8.28,3.0,0.0,31540.0,0.64445174,5.0041595
2026-03-08 09:00:00+01:00,7.2455,1.8,5.04,3.0,0.0,24520.0,1.2889035,4.7270317
2026-03-08 10:00:00+01:00,9.6455,2.8799999,6.12,0.0,0.0,37500.0,2.0379353,5.7224755
2026-03-08 11:00:00+01:00,11.745501,2.5455842,4.68,0.0,0.0,40160.0,1.8788835,6.1445136
2026-03-08 12:00:00+01:00,13.045501,7.2359104,9.72,8.0,0.0,39800.0,1.0189676,7.238423
2026-03-08 13:00:00+01:00,13.4455,11.620809,16.56,0.0,0.0,40620.0,5.094838,8.327425
2026-03-08 14:00:00+01:00,13.8455,11.525623,16.919998,0.0,0.0,40580.0,4.2990294,8.777877
2026-03-08 15:00:00+01:00,14.045501,11.177405,18.359999,0.0,0.0,41040.0,6.1307654,9.950412
2026-03-08 16:00:00+01:00,13.8955,11.720751,18.72,0.0,0.0,41100.0,9.045312,12.5526705
2026-03-08 17:00:00+01:00,13.0955,8.209263,20.16,0.0,0.0,40660.0,9.752324,12.194616
2026-03-08 18:00:00+01:00,10.9455,4.8965297,16.199999,39.0,0.0,38720.0,11.419714,9.310345
2026-03-08 19:00:00+01:00,8.495501,5.8603754,8.28,48.0,0.0,35760.0,5.487309,8.092802
2026-03-08 20:00:00+01:00,6.6955,5.0911684,9.72,50.0,0.0,27180.0,0.4556962,7.499821
2026-03-08 21:00:00+01:00,6.2455,5.495161,7.5599995,23.0,0.0,29580.0,1.3670886,8.1638975
2026-03-08 22:00:00+01:00,5.6955,5.6920996,6.4799995,11.0,0.0,26860.0,1.2889035,6.2378535
2026-03-08 23:00:00+01:00,5.3954997,6.12,7.92,0.0,0.0,28300.0,3.67394,9.227215
2026-03-09 00:00:00+01:00,5.1454997,6.193674,9.36,0.0,0.0,30020.0,4.6916795,7.499821
2026-03-09 01:00:00+01:00,4.2955,6.763786,9.0,0.0,0.0,28980.0,6.572144,6.1445136
2026-03-09 02:00:00+01:00,3.9955,6.9247384,10.440001,0.0,0.0,30640.0,4.201311,3.9743526
2026-03-09 03:00:00+01:00,3.8955002,6.193674,8.28,0.0,0.0,33420.0,2.278481,1.387904
2026-03-09 04:00:00+01:00,3.0454998,6.379216,6.4799995,0.0,0.0,30820.0,1.4410379,0.87778765
2026-03-09 05:00:00+01:00,2.9455,6.6185193,9.72,0.0,0.0,31740.0,2.453999,3.9743526
2026-03-09 06:00:00+01:00,3.1955,6.193674,8.64,0.0,0.0,34480.0,1.643036,4.1637125
2026-03-09 07:00:00+01:00,2.6955,6.151683,9.36,0.0,0.0,33380.0,1.643036,3.1034482
2026-03-09 08:00:00+01:00,3.8955002,5.154415,9.36,0.0,0.0,34800.0,2.278481,4.3448277
2026-03-09 09:00:00+01:00,7.4955,0.8049845,7.92,0.0,0.0,35340.0,1.4410379,5.1183376
2026-03-09 10:00:00+01:00,9.0955,2.0991426,7.2,0.0,0.0,38980.0,2.6571426,3.9743526
2026-03-09 11:00:00+01:00,11.295501,4.0249224,7.5599995,0.0,0.0,41820.0,2.453999,7.4740934
2026-03-09 12:00:00+01:00,12.5955,9.449572,12.959999,0.0,0.0,40580.0,2.278481,10.236675
2026-03-09 13:00:00+01:00,13.0955,11.384199,16.919998,0.0,0.0,40920.0,3.2222586,12.568007
2026-03-09 14:00:00+01:00,13.745501,11.384199,16.56,0.0,0.0,41540.0,2.8820758,12.4911375
2026-03-09 15:00:00+01:00,14.045501,10.483357,17.28,0.0,0.0,41780.0,3.2222586,15.266946
2026-03-09 16:00:00+01:00,14.0955,8.557102,18.72,0.0,0.0,41620.0,2.577807,11.939203
2026-03-09 17:00:00+01:00,13.3455,6.830519,18.359999,0.0,0.0,40440.0,0.64445174,13.948265
2026-03-09 18:00:00+01:00,11.295501,5.3517847,13.679999,0.0,0.0,39140.0,3.4704785,14.609298
2026-03-09 19:00:00+01:00,8.6455,4.3349743,10.440001,0.0,0.0,37100.0,3.0569031,10.839878
2026-03-09 20:00:00+01:00,6.0955,5.0911684,10.08,0.0,0.0,25580.0,2.0379353,8.821657
2026-03-09 21:00:00+01:00,6.1454997,5.1165614,9.36,7.0,0.0,31640.0,5.506198,7.948705
2026-03-09 22:00:00+01:00,5.1454997,7.289445,12.959999,0.0,0.0,34460.0,10.311228,10.678748
2026-03-09 23:00:00+01:00,4.9955,7.2,14.4,0.0,0.0,36540.0,9.994198,9.695481
2026-03-10 00:00:00+01:00,4.5955,6.9153743,13.32,0.0,0.0,37820.0,11.282507,6.6850314
2026-03-10 01:00:00+01:00,4.4455,7.42159,12.959999,0.0,0.0,38080.0,5.3142853,5.7224755
2026-03-10 02:00:00+01:00,3.8955002,7.289445,12.599999,0.0,0.0,38020.0,6.728273,4.3889384
2026-03-10 03:00:00+01:00,3.6455002,6.618519,12.959999,0.0,0.0,37560.0,4.2990294,5.2667265
2026-03-10 04:00:00+01:00,4.0455,5.991594,7.92,0.0,0.0,38260.0,2.278481,5.551616
2026-03-10 05:00:00+01:00,3.5454998,6.6087217,11.5199995,0.0,0.0,36360.0,4.907998,7.499821
2026-03-10 06:00:00+01:00,3.5955,6.618519,12.24,0.0,0.0,37300.0,7.34788,8.886923
2026-03-10 07:00:00+01:00,3.3455,6.12,12.24,0.0,0.0,37580.0,3.286072,9.331011
2026-03-10 08:00:00+01:00,4.3955,4.829907,10.799999,0.0,0.0,38120.0,5.094838,13.152178
2026-03-10 09:00:00+01:00,7.8954997,2.8116899,7.5599995,0.0,0.0,39680.0,6.347113,15.702343
2026-03-10 10:00:00+01:00,9.1955,1.484318,8.28,0.0,0.0,40800.0,3.6455696,15.861018
2026-03-10 11:00:00+01:00,11.495501,5.3999996,12.599999,0.0,0.0,41860.0,3.8667102,16.94153
2026-03-10 12:00:00+01:00,12.295501,12.181625,21.599998,0.0,0.0,41800.0,2.0379353,16.884583
2026-03-10 13:00:00+01:00,12.8955,13.32,21.96,0.0,0.0,42000.0,3.9200466,17.654228
2026-03-10 14:00:00+01:00,12.995501,13.1041975,21.599998,0.0,0.0,40620.0,6.1307654,17.390388
2026-03-10 15:00:00+01:00,12.4455,13.202726,23.4,0.0,0.0,39540.0,10.311228,18.042755
2026-03-10 16:00:00+01:00,11.5955,10.137692,23.4,25.0,0.0,39420.0,7.1327734,15.529648
2026-03-10 17:00:00+01:00,10.9455,8.049845,20.519999,52.0,0.0,38960.0,3.89347,14.909477
2026-03-10 18:00:00+01:00,9.9455,5.6233797,16.199999,63.0,0.1,38000.0,1.8227848,17.478779
2026-03-10 19:00:00+01:00,8.4455,3.319036,9.72,68.0,0.1,35560.0,1.4410379,22.4909
2026-03-10 20:00:00+01:00,7.6454997,2.2768397,5.7599998,50.0,0.0,36020.0,2.6571426,22.490902
2026-03-10 21:00:00+01:00,6.7955,3.563818,3.96,59.0,0.0,31700.0,2.8820758,19.331268
2026-03-10 22:00:00+01:00,6.7455,2.1897945,3.96,26.0,0.1,33220.0,5.562481,25.928188
2026-03-10 23:00:00+01:00,6.2455,5.904439,10.440001,0.0,0.1,30440.0,11.961482,28.335009
2026-03-11 00:00:00+01:00,4.9455,1.9386592,9.36,0.0,0.0,29940.0,5.7641516,27.792759
2026-03-11 01:00:00+01:00,4.8954997,6.3690495,2.52,13.0,0.0,31880.0,7.840093,28.423246
2026-03-11 02:00:00+01:00,5.2455,2.4149535,9.72,30.0,0.0,35800.0,6.728273,37.184437
2026-03-11 03:00:00+01:00,5.9955,4.1046314,13.679999,68.0,0.0,37180.0,6.728273,33.3097
2026-03-11 04:00:00+01:00,5.3954997,6.8777895,11.879999,24.0,0.0,30840.0,9.858215,31.36786
2026-03-11 05:00:00+01:00,4.6955,4.8965297,11.879999,5.0,0.0,31480.0,9.113924,31.108875
2026-03-11 06:00:00+01:00,4.2455,2.5455842,9.72,12.0,0.0,32200.0,5.094838,32.400948
2026-03-11 07:00:00+01:00,5.2955,4.2136917,2.8799999,28.0,0.0,35380.0,6.9559,29.441893
2026-03-11 08:00:00+01:00,5.7955,6.696387,12.959999,34.0,0.1,32240.0,15.044876,34.430096
2026-03-11 09:00:00+01:00,7.7455,2.3051248,10.440001,0.0,0.0,20060.0,9.994198,31.312546
2026-03-11 10:00:00+01:00,8.995501,5.904439,10.08,10.0,0.0,34400.0,6.1307654,26.194277
2026-03-11 11:00:00+01:00,10.3455,1.8,11.879999,0.0,0.0,37280.0,11.618018,30.659805
2026-03-11 12:00:00+01:00,11.295501,5.495161,12.599999,0.0,0.0,38720.0,14.67455,37.70402
2026-03-11 13:00:00+01:00,11.8455,8.714677,20.519999,0.0,0.0,38160.0,10.118097,36.372623
2026-03-11 14:00:00+01:00,12.4455,7.2,18.0,0.0,0.0,39760.0,10.802979,36.64172
2026-03-11 15:00:00+01:00,12.3955,8.287822,19.08,0.0,0.0,39680.0,8.765491,39.65619
2026-03-11 16:00:00+01:00,11.795501,4.3349743,18.0,11.0,0.0,40100.0,10.411436,40.876076
2026-03-11 17:00:00+01:00,11.1955,5.495161,10.440001,47.0,0.0,39320.0,18.142204,39.1871
2026-03-11 18:00:00+01:00,10.045501,10.182337,26.64,2.0,0.0,40740.0,16.182028,52.49875
2026-03-11 19:00:00+01:00,8.6455,6.12,17.64,54.0,0.0,38720.0,4.556962,47.95003
2026-03-11 20:00:00+01:00,7.3954997,4.3349743,10.440001,65.0,0.0,32480.0,6.940957,48.65589
2026-03-11 21:00:00+01:00,6.9955,6.6087217,12.599999,61.0,0.0,27700.0,13.144288,45.64496
2026-03-11 22:00:00+01:00,7.2955,3.8773184,12.959999,99.0,0.3,27800.0,10.870049,34.228092
2026-03-11 23:00:00+01:00,7.1454997,6.489992,12.24,65.0,1.1,26860.0,14.410378,39.196926
2026-03-12 00:00:00+01:00,6.7955,3.319036,11.879999,94.0,1.4,33360.0,8.36547,25.63681
2026-03-12 01:00:00+01:00,6.2955,5.771239,11.5199995,100.0,1.8,20740.0,4.907998,32.949207
2026-03-12 02:00:00+01:00,6.2455,7.69592,15.119999,93.0,1.6,21560.0,8.402622,18.764957
2026-03-12 03:00:00+01:00,5.6454997,6.297428,14.04,86.0,0.3,23120.0,7.515534,11.939203
2026-03-12 04:00:00+01:00,5.3455,1.5273507,11.5199995,77.0,0.3,27420.0,4.201311,10.330335
2026-03-12 05:00:00+01:00,5.1454997,2.0364676,5.04,80.0,0.1,28080.0,2.9178793,6.598021
2026-03-12 06:00:00+01:00,4.3455,1.9386592,3.6,72.0,0.1,17380.0,2.577807,3.3425157
2026-03-12 07:00:00+01:00,4.6455,1.08,3.2399998,86.0,0.0,21860.0,2.453999,4.8477407
2026-03-12 08:00:00+01:00,4.9455,0.0,1.4399999,96.0,0.0,22860.0,0.9113924,6.48019
2026-03-12 09:00:00+01:00,5.7455,2.0364676,3.96,66.0,0.0,12600.0,0.4556962,2.6333632
2026-03-12 10:00:00+01:00,6.4455,3.6,6.12,72.0,0.0,23980.0,1.4410379,1.9627929
2026-03-12 11:00:00+01:00,7.5455,2.7416782,9.72,43.0,0.0,32160.0,5.709857,1.7555753
2026-03-12 12:00:00+01:00,9.045501,5.634891,8.64,0.0,0.0,35740.0,1.2889035,2.2379284
2026-03-12 13:00:00+01:00,9.1455,10.829959,15.84,0.0,0.0,36540.0,3.9200466,3.1649084
2026-03-12 14:00:00+01:00,9.995501,8.350138,15.4800005,0.0,0.0,38960.0,1.8788835,7.0769506
2026-03-12 15:00:00+01:00,10.1455,11.726277,19.44,0.0,0.0,39760.0,3.9200466,8.886923
2026-03-12 16:00:00+01:00,10.3455,10.703569,18.0,0.0,0.0,40700.0,2.278481,8.6452055
2026-03-12 17:00:00+01:00,9.6955,6.162207,17.28,0.0,0.0,40400.0,4.1265044,10.998648
2026-03-12 18:00:00+01:00,8.495501,6.193674,12.24,0.0,0.0,39540.0,1.0189676,11.326523
2026-03-12 19:00:00+01:00,6.0455,2.2768397,11.159999,0.0,0.0,37700.0,2.9178793,12.4911375
2026-03-12 20:00:00+01:00,5.5955,1.8,3.6,0.0,0.0,39620.0,1.643036,11.189641
2026-03-12 21:00:00+01:00,4.9455,6.8399997,7.2,0.0,0.0,38020.0,4.201311,9.227215
2026-03-12 22:00:00+01:00,3.4455,6.9247384,12.24,0.0,0.0,28640.0,8.706063,5.339374
2026-03-12 23:00:00+01:00,2.8455,4.6102495,12.24,0.0,0.0,29740.0,4.844117,5.1183376
2026-03-13 00:00:00+01:00,2.3955002,1.8,7.5599995,0.0,0.0,37240.0,6.572144,8.068965
2026-03-13 01:00:00+01:00,0.6955,0.8049845,6.8399997,0.0,0.0,34600.0,5.562481,10.008319
2026-03-13 02:00:00+01:00,1.4955001,1.484318,2.52,0.0,0.0,39220.0,9.394418,14.529971
2026-03-13 03:00:00+01:00,1.7455,4.802999,15.4800005,0.0,0.0,38640.0,6.7744107,16.952896
2026-03-13 04:00:00+01:00,0.19550002,3.319036,6.4799995,0.0,0.0,36260.0,1.0189676,16.65485
2026-03-13 05:00:00+01:00,0.7455,1.2979984,2.52,0.0,0.0,37900.0,3.5591009,19.281382
2026-03-13 06:00:00+01:00,1.8955001,1.609969,1.8,0.0,0.0,40560.0,7.418196,24.103226
2026-03-13 07:00:00+01:00,-0.85449994,7.172949,9.36,0.0,0.0,35160.0,10.677303,30.267769
2026-03-13 08:00:00+01:00,2.4955,8.311245,16.56,0.0,0.0,40280.0,11.501252,36.9558
2026-03-13 09:00:00+01:00,5.3455,6.2145634,16.919998,0.0,0.0,40220.0,17.196117,39.1871
2026-03-13 10:00:00+01:00,8.245501,6.4096174,12.959999,0.0,0.0,42680.0,14.038106,36.64172
2026-03-13 11:00:00+01:00,9.495501,3.096837,12.24,0.0,0.0,39360.0,12.636843,35.029118
2026-03-13 12:00:00+01:00,11.295501,6.9527545,15.84,0.0,0.0,41520.0,8.706063,35.138927
2026-03-13 13:00:00+01:00,12.3455,5.692099,20.880001,0.0,0.0,44040.0,14.192577,39.607586
2026-03-13 14:00:00+01:00,12.3455,10.883676,24.119999,0.0,0.0,42580.0,7.1327734,37.529915
2026-03-13 15:00:00+01:00,12.6955,4.896529,23.759998,0.0,0.0,42140.0,9.045312,34.74199
2026-03-13 16:00:00+01:00,12.295501,7.42159,14.759999,0.0,0.0,41060.0,7.34788,33.820465
2026-03-13 17:00:00+01:00,11.4455,3.8939953,14.04,0.0,0.0,40620.0,9.113924,33.797676
2026-03-13 18:00:00+01:00,9.6955,3.9763298,9.72,0.0,0.0,40920.0,5.155614,35.21012
2026-03-13 19:00:00+01:00,7.8455,2.1897945,4.68,0.0,0.0,41280.0,10.331347,33.917152
2026-03-13 20:00:00+01:00,6.2455,0.5091169,2.16,0.0,0.0,41800.0,10.638334,37.12741
2026-03-13 21:00:00+01:00,5.0455,3.0758414,2.52,0.0,0.0,41360.0,17.865383,42.461704
2026-03-13 22:00:00+01:00,3.6455002,6.763786,13.679999,0.0,0.0,34780.0,19.61612,37.907825
2026-03-13 23:00:00+01:00,4.5455,5.8603754,11.159999,0.0,0.0,36740.0,14.47508,40.230076
2026-03-14 00:00:00+01:00,4.3455,6.489992,11.879999,0.0,0.0,34140.0,16.316214,40.344826
2026-03-14 01:00:00+01:00,5.1955,4.73506,12.959999,0.0,0.0,38540.0,18.044647,40.344826
2026-03-14 02:00:00+01:00,4.7955,6.489992,10.08,0.0,0.0,38540.0,14.192577,34.513916
2026-03-14 03:00:00+01:00,2.6955,5.692099,12.24,0.0,0.0,29420.0,10.638334,38.861317
2026-03-14 04:00:00+01:00,1.6455,4.6938252,9.72,0.0,0.0,26720.0,8.976174,44.835964
2026-03-14 05:00:00+01:00,2.5955,1.4399999,11.159999,0.0,0.0,36380.0,3.286072,43.060833
2026-03-14 06:00:00+01:00,3.6955,5.692099,9.72,0.0,0.0,38680.0,5.941551,50.44416
2026-03-14 07:00:00+01:00,4.4455,9.0,12.599999,11.0,0.0,25060.0,10.638335,45.344337
2026-03-14 08:00:00+01:00,5.2955,5.1544156,18.359999,75.0,0.0,18220.0,7.418196,45.118626
2026-03-14 09:00:00+01:00,4.1955,15.137133,30.239998,100.0,0.0,21500.0,20.225931,33.522987
2026-03-14 10:00:00+01:00,2.2955,13.779114,33.12,100.0,1.5,2380.0,23.329687,27.373749
2026-03-14 11:00:00+01:00,1.2455001,7.9036193,27.0,100.0,1.6,960.0,16.053188,19.331268
2026-03-14 12:00:00+01:00,0.9955,6.792466,16.56,100.0,3.0,540.0,14.836392,7.5510154
2026-03-14 13:00:00+01:00,0.9955,7.653705,12.959999,100.0,2.9,1060.0,14.038106,3.1649084
2026-03-14 14:00:00+01:00,0.8955,9.504272,21.599998,100.0,2.2,940.0,16.411392,3.6192114
2026-03-14 15:00:00+01:00,0.79550004,7.386582,20.16,100.0,1.8,1380.0,12.832521,0.0
2026-03-14 16:00:00+01:00,0.3955,9.1641035,17.28,100.0,1.6,1460.0,15.4936695,1.387904
2026-03-14 17:00:00+01:00,0.24550003,8.161764,19.8,100.0,1.5,1420.0,16.63135,8.821657
2026-03-14 18:00:00+01:00,-0.004499972,6.4096174,16.56,100.0,1.7,1760.0,16.562534,11.103232
2026-03-14 19:00:00+01:00,0.34550002,6.193674,12.599999,100.0,1.6,4180.0,15.955876,17.78468
2026-03-14 20:00:00+01:00,0.2955,5.8603754,16.199999,100.0,1.0,4980.0,13.739071,22.593443
2026-03-14 21:00:00+01:00,0.24550003,5.1919937,10.440001,100.0,0.9,4880.0,15.372571,25.326874
2026-03-14 22:00:00+01:00,0.04550004,7.2,14.759999,100.0,1.0,5840.0,16.909952,29.435349
2026-03-14 23:00:00+01:00,-0.15450001,7.8954163,16.199999,100.0,0.9,4700.0,17.352394,28.531475
2026-03-15 00:00:00+01:00,-0.15450001,7.42159,15.119999,100.0,1.1,4460.0,17.46571,26.862312
2026-03-15 01:00:00+01:00,-0.054499984,7.69592,16.56,89.0,0.9,6740.0,16.518595,27.26799
2026-03-15 02:00:00+01:00,-0.004499972,6.489992,15.84,100.0,0.6,5620.0,14.989566,21.944693
2026-03-15 03:00:00+01:00,0.04550004,6.151683,12.599999,99.0,0.8,7480.0,14.759212,19.794064
2026-03-15 04:00:00+01:00,-0.004499972,8.049845,13.679999,88.0,0.6,8180.0,15.148044,20.208189
2026-03-15 05:00:00+01:00,-0.004499972,5.8048253,16.56,92.0,0.5,8740.0,12.269995,17.643314
2026-03-15 06:00:00+01:00,-0.15450001,3.219938,10.440001,94.0,0.4,8380.0,9.65603,14.8057575
2026-03-15 07:00:00+01:00,-0.4045,4.6938252,5.7599998,66.0,0.4,6680.0,12.603934,15.529648
2026-03-15 08:00:00+01:00,-0.15450001,2.0364676,8.64,76.0,0.3,8160.0,9.394418,26.194277
2026-03-15 09:00:00+01:00,0.54550004,3.563818,8.28,74.0,0.1,21960.0,5.941551,28.144014
2026-03-15 10:00:00+01:00,1.1455,2.968636,7.92,76.0,0.0,26940.0,6.7744107,34.413307
2026-03-15 11:00:00+01:00,2.0955,4.829907,10.799999,62.0,0.0,31840.0,8.377872,35.806854
2026-03-15 12:00:00+01:00,2.5955,7.208994,13.679999,40.0,0.0,29640.0,7.5842957,31.65517
2026-03-15 13:00:00+01:00,2.5455,8.473393,10.08,46.0,0.0,30140.0,4.9291077,28.853722
2026-03-15 14:00:00+01:00,2.9955,8.891344,13.679999,22.0,0.0,33120.0,6.347113,27.48611
2026-03-15 15:00:00+01:00,3.3955002,10.239453,15.119999,30.0,0.0,34620.0,6.198138,20.52034
2026-03-15 16:00:00+01:00,2.9455,7.69592,15.4800005,45.0,0.0,33760.0,4.9291077,20.208189
2026-03-15 17:00:00+01:00,2.8955002,3.671294,15.119999,44.0,0.0,35680.0,0.9113924,21.402544
2026-03-15 18:00:00+01:00,2.3455,4.6938257,9.0,59.0,0.0,34220.0,0.9113924,21.679756
2026-03-15 19:00:00+01:00,1.5955,1.2979984,7.92,74.0,0.0,31300.0,1.643036,21.139927
2026-03-15 20:00:00+01:00,1.0455,2.0991426,7.2,86.0,0.0,24640.0,1.0189676,22.014801
2026-03-15 21:00:00+01:00,1.1455,1.9386592,6.8399997,85.0,0.0,25260.0,1.0189676,23.700268
2026-03-15 22:00:00+01:00,1.5455,3.219938,4.32,100.0,0.0,24200.0,0.4556962,24.333883
2026-03-15 23:00:00+01:00,0.9455,1.8,6.4799995,76.0,0.0,26480.0,1.643036,27.563091
2026-03-16 00:00:00+01:00,0.54550004,5.0911684,8.28,79.0,0.0,23900.0,3.757767,30.56542
2026-03-16 01:00:00+01:00,1.1955,4.1046314,11.159999,54.0,0.0,25160.0,3.757767,29.441893
2026-03-16 02:00:00+01:00,0.8455,6.519877,12.959999,95.0,0.0,24500.0,6.3960004,22.559313
2026-03-16 03:00:00+01:00,1.0455,6.379216,16.199999,33.0,0.0,28440.0,15.713261,26.40668
2026-03-16 04:00:00+01:00,0.5955,4.6800003,12.24,6.0,0.0,26600.0,3.5591009,33.956886
2026-03-16 05:00:00+01:00,-0.8045,6.489992,9.72,0.0,0.0,24060.0,2.9178793,22.379284
2026-03-16 06:00:00+01:00,-2.3544998,4.802999,8.28,22.0,0.0,9500.0,1.8227848,18.0
2026-03-16 07:00:00+01:00,-0.6545,9.107359,10.799999,30.0,0.0,26320.0,12.51299,18.45443
2026-03-16 08:00:00+01:00,1.1955,4.8433046,17.64,0.0,0.0,33240.0,3.2222586,21.230852
2026-03-16 09:00:00+01:00,2.8455,3.5455887,11.879999,0.0,0.0,32500.0,9.688234,24.710932
2026-03-16 10:00:00+01:00,5.4955,3.8939953,7.92,15.0,0.0,38160.0,15.57388,39.25586
2026-03-16 11:00:00+01:00,5.7455,4.8965297,11.159999,3.0,0.0,36180.0,12.969341,44.28263
2026-03-16 12:00:00+01:00,5.7955,2.5455842,10.08,0.0,0.0,35600.0,18.193638,41.66025
2026-03-16 13:00:00+01:00,6.2455,5.154415,9.72,0.0,0.0,36960.0,16.111294,40.805325
2026-03-16 14:00:00+01:00,6.7955,9.686609,20.16,0.0,0.0,38720.0,13.9118,44.434612
2026-03-16 15:00:00+01:00,6.7455,9.220499,19.08,0.0,0.0,37940.0,11.618018,43.687023
2026-03-16 16:00:00+01:00,6.0455,12.538134,24.48,0.0,0.0,38480.0,3.67394,40.07175
2026-03-16 17:00:00+01:00,5.7955,7.4128532,26.64,0.0,0.0,36760.0,5.195736,39.59299
2026-03-16 18:00:00+01:00,5.0455,6.12,13.679999,36.0,0.0,33560.0,6.0797453,32.902405
2026-03-16 19:00:00+01:00,4.8455,4.829907,10.799999,74.0,0.0,34660.0,0.4556962,36.641724
2026-03-16 20:00:00+01:00,4.3955,4.6938257,9.36,86.0,0.0,33500.0,2.8820758,37.14297
2026-03-16 21:00:00+01:00,3.8455,5.315336,12.24,72.0,0.0,28440.0,1.9333551,32.383106
2026-03-16 22:00:00+01:00,4.2455,4.6800003,9.36,91.0,0.0,34900.0,1.8788835,28.477413
2026-03-16 23:00:00+01:00,3.8955002,2.0364676,8.28,93.0,0.0,36840.0,2.278481,26.304356
2026-03-17 00:00:00+01:00,2.4955,7.172949,11.159999,66.0,0.0,25260.0,3.286072,26.098505
2026-03-17 01:00:00+01:00,2.8955002,4.6800003,11.5199995,65.0,0.0,23580.0,6.1138062,33.769165
2026-03-17 02:00:00+01:00,3.2954998,2.5455842,6.8399997,31.0,0.0,33500.0,2.9178793,36.55751
2026-03-17 03:00:00+01:00,2.3455,0.71999997,3.6,0.0,0.0,34440.0,2.3236039,30.87268
2026-03-17 04:00:00+01:00,2.5455,5.0911684,6.8399997,62.0,0.0,23460.0,4.201311,28.659466
2026-03-17 05:00:00+01:00,2.1955,3.219938,10.440001,38.0,0.0,28280.0,4.6916795,32.867256
2026-03-17 06:00:00+01:00,1.9455,1.835647,3.6,23.0,0.0,29580.0,3.2222586,34.76416
2026-03-17 07:00:00+01:00,2.0455,3.671294,6.4799995,17.0,0.0,35340.0,5.506198,34.49717
2026-03-17 08:00:00+01:00,2.3955002,2.5959969,6.12,0.0,0.0,37720.0,0.9113924,37.78568
2026-03-17 09:00:00+01:00,3.6455002,1.484318,4.68,0.0,0.0,32200.0,3.4704785,37.00268
2026-03-17 10:00:00+01:00,5.4455,4.3498964,8.28,0.0,0.0,36700.0,2.3236039,32.40095
2026-03-17 11:00:00+01:00,6.3455,2.3051248,10.08,0.0,0.0,38060.0,4.201311,30.659805
2026-03-17 12:00:00+01:00,7.3954997,0.8049845,6.4799995,0.0,0.0,38940.0,3.6455696,30.891392
2026-03-17 13:00:00+01:00,8.9455,5.04,13.32,0.0,0.0,40120.0,2.577807,31.090292
2026-03-17 14:00:00+01:00,9.545501,8.905908,19.44,0.0,0.0,41680.0,6.1138062,32.572903
2026-03-17 15:00:00+01:00,9.5955,7.5942073,20.880001,0.0,0.0,40320.0,8.765491,38.226624
2026-03-17 16:00:00+01:00,9.995501,7.928178,16.56,0.0,0.0,40840.0,8.062088,38.02959
2026-03-17 17:00:00+01:00,9.495501,3.0758414,15.84,0.0,0.0,40540.0,3.286072,37.122223
2026-03-17 18:00:00+01:00,8.5455,1.8,6.4799995,0.0,0.0,37860.0,5.094838,36.541702
2026-03-17 19:00:00+01:00,6.6955,3.7064266,8.28,0.0,0.0,38840.0,4.556962,31.81905
2026-03-17 20:00:00+01:00,5.2455,3.319036,8.64,0.0,0.0,36160.0,1.2889035,36.117523
2026-03-17 21:00:00+01:00,4.5455,2.3051248,5.3999996,0.0,0.0,37700.0,0.9113924,43.346184
2026-03-17 22:00:00+01:00,3.2954998,1.9386592,2.8799999,0.0,0.0,39020.0,1.643036,44.9818
2026-03-17 23:00:00+01:00,2.8955002,3.7585104,4.32,0.0,0.0,38140.0,4.6916795,39.422344
2026-03-18 00:00:00+01:00,2.3955002,0.5091169,3.96,0.0,0.0,36960.0,6.970812,37.370464
2026-03-18 01:00:00+01:00,0.6455,1.2979984,10.08,0.0,0.0,28140.0,5.506198,33.59187
2026-03-18 02:00:00+01:00,1.9955,1.2979984,3.96,0.0,0.0,38200.0,3.2222586,32.204163
2026-03-18 03:00:00+01:00,1.9955,3.2599385,3.2399998,0.0,0.0,38080.0,4.9291077,33.407864
2026-03-18 04:00:00+01:00,-0.5545,1.2979984,5.04,0.0,0.0,34380.0,3.67394,33.88306
2026-03-18 05:00:00+01:00,0.24550003,2.5455842,3.2399998,11.0,0.0,35760.0,10.035667,25.113012
2026-03-18 06:00:00+01:00,-0.60449994,1.1384199,2.52,54.0,0.0,26240.0,7.4739733,26.392084
2026-03-18 07:00:00+01:00,0.19550002,1.835647,1.4399999,77.0,0.0,30360.0,10.035667,27.43701
2026-03-18 08:00:00+01:00,0.54550004,1.609969,11.879999,85.0,0.0,27540.0,5.709857,25.136013
2026-03-18 09:00:00+01:00,1.5455,3.4152596,6.8399997,100.0,0.0,10260.0,5.8000655,19.271389
2026-03-18 10:00:00+01:00,3.4955,3.9763298,6.8399997,96.0,0.0,25260.0,1.8788835,30.267769
2026-03-18 11:00:00+01:00,4.3455,5.4477882,12.599999,79.0,0.0,29760.0,2.734177,57.083202
2026-03-18 12:00:00+01:00,6.0455,3.96,12.599999,0.0,0.0,38660.0,5.094838,57.083202
2026-03-18 13:00:00+01:00,8.9455,7.8954163,11.879999,0.0,0.0,43060.0,9.394418,49.53865
2026-03-18 14:00:00+01:00,9.795501,6.924738,18.0,0.0,0.0,42980.0,2.6571426,30.659805
2026-03-18 15:00:00+01:00,10.6955,5.1165614,13.32,0.0,0.0,45020.0,6.47666,35.341175
2026-03-18 16:00:00+01:00,9.8955,10.137692,21.24,0.0,0.0,41160.0,8.402622,27.792759
2026-03-18 17:00:00+01:00,9.6455,6.830519,19.44,0.0,0.0,41180.0,10.754816,25.816511
2026-03-18 18:00:00+01:00,8.1455,3.8268526,12.959999,0.0,0.0,40660.0,11.254866,21.71527
2026-03-18 19:00:00+01:00,4.6955,6.519877,10.799999,0.0,0.0,37940.0,2.6571426,21.185438
2026-03-18 20:00:00+01:00,3.1955,6.379216,12.599999,0.0,0.0,33100.0,2.577807,18.010698
2026-03-18 21:00:00+01:00,2.9455,5.1165614,9.0,0.0,0.0,32120.0,2.0379353,13.093462
2026-03-18 22:00:00+01:00,1.0455,3.396233,5.04,0.0,0.0,30740.0,4.844117,17.87112
2026-03-18 23:00:00+01:00,0.5955,0.5091169,6.4799995,0.0,0.0,31400.0,7.0889688,20.41682
2026-03-19 00:00:00+01:00,2.1455002,0.8049845,2.52,0.0,0.0,39620.0,7.205189,14.490146
2026-03-19 01:00:00+01:00,0.6955,2.0991426,2.8799999,0.0,0.0,36220.0,4.844117,17.290411
2026-03-19 02:00:00+01:00,0.6955,0.35999998,3.2399998,0.0,0.0,38840.0,3.4704785,16.562065
2026-03-19 03:00:00+01:00,2.2955,1.5273507,2.52,0.0,0.0,40780.0,3.3175182,13.0492525
2026-03-19 04:00:00+01:00,0.2955,5.6233797,10.799999,0.0,0.0,37500.0,0.4556962,13.6692705
2026-03-19 05:00:00+01:00,0.44550002,6.6185193,7.92,0.0,0.0,36900.0,0.64445174,17.522804
2026-03-19 06:00:00+01:00,-0.6545,7.9932966,14.759999,0.0,0.0,34000.0,5.195736,23.635157
2026-03-19 07:00:00+01:00,0.09549999,8.699793,16.56,0.0,0.0,34900.0,3.0569031,30.439116
2026-03-19 08:00:00+01:00,1.9455,5.937272,16.56,0.0,0.0,36760.0,4.0758705,33.08922
2026-03-19 09:00:00+01:00,6.2955,1.4399999,11.879999,0.0,0.0,40040.0,1.2889035,34.580822
2026-03-19 10:00:00+01:00,8.245501,4.3498964,7.2,0.0,0.0,41680.0,4.844117,36.14951
2026-03-19 11:00:00+01:00,9.9455,4.6938252,11.879999,0.0,0.0,41260.0,6.47666,35.73146
2026-03-19 12:00:00+01:00,10.795501,7.9526596,18.0,0.0,0.0,41220.0,6.330734,31.606453
2026-03-19 13:00:00+01:00,11.3455,11.165805,22.319998,0.0,0.0,41460.0,9.394418,28.477415
2026-03-19 14:00:00+01:00,11.745501,11.525623,23.759998,0.0,0.0,40820.0,10.240498,29.747807
2026-03-19 15:00:00+01:00,11.745501,10.495713,19.08,0.0,0.0,40640.0,12.84061,31.951952
2026-03-19 16:00:00+01:00,11.795501,10.805999,19.44,0.0,0.0,41160.0,14.41038,33.78057
2026-03-19 17:00:00+01:00,11.295501,6.489992,22.68,37.0,0.0,41300.0,13.340306,37.199974
2026-03-19 18:00:00+01:00,9.6955,5.154415,10.440001,26.0,0.0,40900.0,11.012396,35.87672
2026-03-19 19:00:00+01:00,5.7955,4.198285,9.0,0.0,0.0,36540.0,12.636843,38.342346
2026-03-19 20:00:00+01:00,3.8955002,5.6920996,10.08,0.0,0.0,35980.0,11.419714,34.608665
2026-03-19 21:00:00+01:00,3.6955,5.6920996,8.28,0.0,0.0,37080.0,6.198138,31.410818
2026-03-19 22:00:00+01:00,2.8455,4.6800003,9.0,0.0,0.0,35140.0,4.556962,30.83522
2026-03-19 23:00:00+01:00,2.4455,5.4477882,9.0,0.0,0.0,34860.0,1.2889035,30.540203
2026-03-20 00:00:00+01:00,1.5955,5.0911684,8.28,0.0,0.0,34460.0,0.4556962,31.533234
2026-03-20 01:00:00+01:00,0.8455,4.896529,7.2,0.0,0.0,36740.0,3.9200466,29.093067
2026-03-20 02:00:00+01:00,0.34550002,6.2145634,13.679999,0.0,0.0,36140.0,2.0379353,25.326874
2026-03-20 03:00:00+01:00,0.9455,4.1046314,10.799999,0.0,0.0,39780.0,0.9113924,23.59437
2026-03-20 04:00:00+01:00,-0.95449996,6.725354,3.6,0.0,0.0,32640.0,1.0189676,21.230852
2026-03-20 05:00:00+01:00,0.04550004,5.1919937,12.24,0.0,0.0,39080.0,2.0379353,18.433542
2026-03-20 06:00:00+01:00,-0.85449994,1.1384199,7.5599995,0.0,0.0,40040.0,2.3236039,16.884583
2026-03-20 07:00:00+01:00,0.34550002,4.6938257,2.16,0.0,0.0,40180.0,2.7718916,18.51695
2026-03-20 08:00:00+01:00,2.3455,1.8,7.5599995,17.0,0.0,40200.0,0.0,19.311329
2026-03-20 09:00:00+01:00,4.7455,1.484318,4.68,0.0,0.0,40560.0,3.5591009,18.91831
2026-03-20 10:00:00+01:00,6.2955,3.7585104,8.28,0.0,0.0,40320.0,1.4410379,20.85554
2026-03-20 11:00:00+01:00,8.6455,9.72,12.599999,0.0,0.0,39140.0,4.556962,18.62069
2026-03-20 12:00:00+01:00,9.6455,8.350138,12.599999,0.0,0.0,40640.0,3.0569031,15.824544
2026-03-20 13:00:00+01:00,10.5955,10.464798,12.959999,0.0,0.0,40340.0,3.2222586,12.735487
2026-03-20 14:00:00+01:00,11.1455,11.252519,15.4800005,0.0,0.0,40500.0,4.6916795,12.735487
2026-03-20 15:00:00+01:00,11.4455,11.440978,17.64,0.0,0.0,41360.0,6.7744107,9.695481
2026-03-20 16:00:00+01:00,11.4455,12.324414,19.44,0.0,0.0,42540.0,11.031237,7.4740934
2026-03-20 17:00:00+01:00,10.745501,9.114471,20.880001,46.0,0.0,41940.0,11.961482,5.339374
2026-03-20 18:00:00+01:00,9.295501,5.1919937,17.28,59.0,0.0,41620.0,11.012396,6.113084
2026-03-20 19:00:00+01:00,5.8954997,6.12,9.36,21.0,0.0,38600.0,2.8820758,10.839878
2026-03-20 20:00:00+01:00,3.6955,6.12,6.4799995,0.0,0.0,32060.0,0.64445174,11.394346
2026-03-20 21:00:00+01:00,2.9955,5.692099,6.12,0.0,0.0,33480.0,1.2889035,12.780782
2026-03-20 22:00:00+01:00,2.3455,6.0347,5.7599998,0.0,0.0,29560.0,0.64445174,11.394346
2026-03-20 23:00:00+01:00,1.8455,6.6185193,7.5599995,0.0,0.0,28160.0,2.0379353,10.551724
2026-03-21 00:00:00+01:00,2.2955,4.39436,7.5599995,0.0,0.0,34140.0,2.0379353,7.5510154
2026-03-21 01:00:00+01:00,0.8955,5.8048253,7.92,0.0,0.0,27360.0,1.4410379,7.4740934
2026-03-21 02:00:00+01:00,1.7455,5.6233797,6.4799995,0.0,0.0,33880.0,2.9178793,8.6452055
2026-03-21 03:00:00+01:00,1.2955,1.835647,5.7599998,0.0,0.0,36160.0,3.67394,8.622896
2026-03-21 04:00:00+01:00,1.5955,5.815978,7.5599995,0.0,0.0,38640.0,2.9178793,11.545494
2026-03-21 05:00:00+01:00,0.19550002,7.653705,7.92,0.0,0.0,31480.0,5.487309,13.427569
2026-03-21 06:00:00+01:00,0.1455,6.638072,9.36,0.0,0.0,31820.0,4.844117,13.879042
2026-03-21 07:00:00+01:00,0.04550004,5.6233797,8.28,0.0,0.0,32220.0,1.0189676,15.216393
2026-03-21 08:00:00+01:00,2.1455002,2.9024127,6.12,0.0,0.0,34520.0,1.0189676,14.329733
2026-03-21 09:00:00+01:00,5.0455,0.5091169,3.96,0.0,0.0,37860.0,2.0379353,14.329733
2026-03-21 10:00:00+01:00,6.8455,2.52,6.12,0.0,0.0,39920.0,1.4410379,14.329733
2026-03-21 11:00:00+01:00,8.9455,7.9526596,10.08,0.0,0.0,38740.0,0.64445174,15.517241
2026-03-21 12:00:00+01:00,9.545501,11.177405,16.199999,0.0,0.0,40920.0,5.9240503,11.793103
2026-03-21 13:00:00+01:00,10.1455,12.313893,19.08,0.0,0.0,41200.0,8.21518,15.517241
2026-03-21 14:00:00+01:00,10.6955,12.57426,19.08,0.0,0.0,41240.0,8.765491,10.839878
2026-03-21 15:00:00+01:00,11.045501,11.177405,19.44,0.0,0.0,42080.0,10.831774,8.327425
2026-03-21 16:00:00+01:00,10.8455,11.726277,19.44,0.0,0.0,42660.0,11.4288025,9.813965
2026-03-21 17:00:00+01:00,10.045501,9.6932955,21.96,0.0,0.0,42080.0,14.843389,12.780782
2026-03-21 18:00:00+01:00,8.5955,4.1046314,18.0,0.0,0.0,41720.0,11.401515,14.999642
2026-03-21 19:00:00+01:00,4.7455,6.6087217,15.119999,3.0,0.0,33580.0,2.3236039,19.871763
2026-03-21 20:00:00+01:00,5.1454997,4.3498964,11.879999,24.0,0.0,38000.0,5.8357587,15.824542
2026-03-21 21:00:00+01:00,3.8955002,4.8433046,9.72,0.0,0.0,34200.0,2.6571426,15.628565
2026-03-21 22:00:00+01:00,3.7455,4.6102495,8.28,50.0,0.0,30240.0,1.2889035,14.003396
2026-03-21 23:00:00+01:00,3.7954998,3.671294,9.0,49.0,0.1,34140.0,1.0189676,8.092802
2026-03-22 00:00:00+01:00,3.4455,5.6920996,11.5199995,34.0,0.2,23480.0,7.205189,11.858258
2026-03-22 01:00:00+01:00,3.1955,7.42159,10.799999,0.0,0.1,24540.0,12.636843,14.948187
2026-03-22 02:00:00+01:00,3.0955,6.3690495,13.679999,0.0,0.0,26200.0,10.035667,19.62793
2026-03-22 03:00:00+01:00,2.8455,4.3349743,11.5199995,100.0,0.0,23600.0,8.21518,23.846117
2026-03-22 04:00:00+01:00,3.0454998,5.771239,10.440001,97.0,0.3,22520.0,12.2276125,24.238705
2026-03-22 05:00:00+01:00,3.0454998,3.9763298,10.799999,3.0,0.2,24420.0,13.949067,21.935911
2026-03-22 06:00:00+01:00,2.3955002,5.8048253,10.799999,0.0,0.0,20920.0,13.776805,29.702448
2026-03-22 07:00:00+01:00,2.7954998,4.379589,10.08,0.0,0.0,26400.0,17.1538,30.622086
2026-03-22 08:00:00+01:00,3.4955,6.3690495,12.599999,0.0,0.0,21060.0,8.21518,30.640951
2026-03-22 09:00:00+01:00,5.7455,6.725354,14.759999,0.0,0.0,28420.0,1.2889035,26.186924
2026-03-22 10:00:00+01:00,6.5955,7.69592,16.199999,9.0,0.0,34760.0,2.8820758,24.593725
2026-03-22 11:00:00+01:00,7.9955,8.311245,18.359999,52.0,0.0,38360.0,2.6571426,18.98945
2026-03-22 12:00:00+01:00,9.1955,10.390226,21.96,0.0,0.0,39760.0,2.278481,15.102031
2026-03-22 13:00:00+01:00,9.4455,13.849476,20.519999,50.0,0.0,39840.0,7.971428,5.855574
2026-03-22 14:00:00+01:00,10.0955,13.202726,20.519999,22.0,0.0,40500.0,10.331347,6.8557405
2026-03-22 15:00:00+01:00,10.1455,14.917212,24.119999,0.0,0.0,40220.0,14.947947,7.2649856
2026-03-22 16:00:00+01:00,9.795501,12.849528,26.28,0.0,0.0,40300.0,16.811422,3.9743526
2026-03-22 17:00:00+01:00,8.795501,13.1041975,24.48,14.0,0.0,38920.0,16.755745,6.2068963
2026-03-22 18:00:00+01:00,7.6955,7.729527,24.84,59.0,0.0,37360.0,15.5204525,10.00832
2026-03-22 19:00:00+01:00,5.3455,5.6233797,19.08,46.0,0.0,29660.0,8.11344,7.4740934
2026-03-22 20:00:00+01:00,3.5955,5.8048253,8.64,43.0,0.0,22640.0,0.64445174,5.6205835
2026-03-22 21:00:00+01:00,2.9455,3.8773184,8.28,64.0,0.0,20780.0,1.0189676,5.5862064
2026-03-22 22:00:00+01:00,2.7455,5.8603754,8.28,50.0,0.0,18180.0,1.0189676,6.48019
2026-03-22 23:00:00+01:00,2.3955002,5.1544156,11.159999,61.0,0.0,19280.0,1.8788835,6.939521
2026-03-23 00:00:00+01:00,2.0955,4.0249224,9.36,62.0,0.0,22940.0,2.3236039,10.1040945
2026-03-23 01:00:00+01:00,2.9455,1.2979984,8.28,43.0,0.0,26000.0,3.2222586,7.777219
2026-03-23 02:00:00+01:00,3.1955,4.3498964,8.28,84.0,0.4,23960.0,3.8667102,15.628565
2026-03-23 03:00:00+01:00,3.3455,5.815978,10.440001,77.0,0.0,28500.0,4.201311,19.120867
2026-03-23 04:00:00+01:00,2.7455,4.32,11.159999,72.0,0.0,25120.0,1.8227848,18.0
2026-03-23 05:00:00+01:00,2.5955,5.3517847,9.36,50.0,0.0,21080.0,2.577807,21.96224
2026-03-23 06:00:00+01:00,2.4455,2.5455842,9.36,41.0,0.0,33080.0,2.8820758,24.593725
2026-03-23 07:00:00+01:00,2.2955,3.7064266,3.96,69.0,0.0,31740.0,4.9291077,25.020798
2026-03-23 08:00:00+01:00,3.4455,3.096837,7.2,40.0,0.0,21380.0,3.3175182,25.051575
2026-03-23 09:00:00+01:00,5.8954997,1.4399999,5.7599998,0.0,0.0,33980.0,4.844117,26.392084
2026-03-23 10:00:00+01:00,6.9955,5.5887027,11.5199995,80.0,0.0,35980.0,5.941551,23.7652
2026-03-23 11:00:00+01:00,7.9455,5.815978,13.679999,69.0,0.0,38060.0,4.556962,21.357496
2026-03-23 12:00:00+01:00,8.6955,8.4042845,18.72,92.0,0.0,38220.0,5.8000655,20.818563
2026-03-23 13:00:00+01:00,9.3955,11.542478,22.319998,53.0,0.0,39340.0,11.02182,13.612786
2026-03-23 14:00:00+01:00,9.3955,12.964998,22.319998,3.0,0.0,37540.0,13.670886,9.164372
2026-03-23 15:00:00+01:00,8.8455,15.745627,27.359999,39.0,0.0,37820.0,13.4101715,4.3889384
2026-03-23 16:00:00+01:00,8.5455,6.830519,28.08,0.0,0.1,37820.0,12.269995,11.444951
2026-03-23 17:00:00+01:00,8.795501,4.68,14.04,0.0,0.0,39480.0,9.079681,10.678748
2026-03-23 18:00:00+01:00,8.0455,3.2599385,10.08,0.0,0.0,36200.0,9.482423,8.068965
2026-03-23 19:00:00+01:00,5.3455,4.8433046,15.119999,27.0,0.0,32200.0,8.800955,11.103232
2026-03-23 20:00:00+01:00,4.7955,5.6920996,10.08,66.0,0.0,27500.0,6.835443,11.939203
2026-03-23 21:00:00+01:00,3.8455,5.315336,11.159999,19.0,0.0,27460.0,5.3142853,12.289027
2026-03-23 22:00:00+01:00,3.7455,5.0911684,10.08,27.0,0.0,25560.0,2.3236039,17.390388
2026-03-23 23:00:00+01:00,3.1455002,5.4477882,10.799999,18.0,0.0,30260.0,2.0379353,21.375526
2026-03-24 00:00:00+01:00,2.4955,4.6800003,11.5199995,12.0,0.0,28440.0,5.487309,22.76332
2026-03-24 01:00:00+01:00,1.4455,6.12,12.599999,0.0,0.0,23860.0,2.7718916,22.379282
2026-03-24 02:00:00+01:00,2.2955,2.5959969,10.08,0.0,0.0,34560.0,4.907998,20.293798
2026-03-24 03:00:00+01:00,1.1955,5.3517847,10.799999,0.0,0.0,28820.0,1.2889035,17.78468
2026-03-24 04:00:00+01:00,0.6955,5.4119864,9.36,0.0,0.0,29500.0,2.0379353,20.208189
2026-03-24 05:00:00+01:00,0.79550004,4.802999,11.159999,0.0,0.0,32500.0,1.0189676,21.402544
2026-03-24 06:00:00+01:00,1.3455,3.6179552,8.28,0.0,0.0,37060.0,1.3670886,26.515873
2026-03-24 07:00:00+01:00,0.09549999,5.506941,7.5599995,0.0,0.0,32480.0,3.6455696,32.84967
2026-03-24 08:00:00+01:00,2.5455,4.3349743,10.799999,0.0,0.0,37660.0,3.9200466,31.410818
2026-03-24 09:00:00+01:00,4.5955,1.2979984,6.8399997,0.0,0.0,37940.0,1.4410379,30.83522
2026-03-24 10:00:00+01:00,8.0955,5.0528407,10.799999,0.0,0.0,40480.0,4.101266,29.179018
2026-03-24 11:00:00+01:00,9.4455,6.87779,14.04,0.0,0.0,40780.0,3.2222586,26.076351
2026-03-24 12:00:00+01:00,10.6455,9.779817,13.679999,0.0,0.0,41560.0,3.5591009,23.846117
2026-03-24 13:00:00+01:00,11.495501,12.849528,18.0,0.0,0.0,42640.0,3.2222586,19.49005
2026-03-24 14:00:00+01:00,11.795501,11.659777,21.599998,0.0,0.0,41780.0,3.757767,15.367554
2026-03-24 15:00:00+01:00,12.245501,11.792404,18.0,0.0,0.0,42440.0,4.844117,13.427569
2026-03-24 16:00:00+01:00,12.295501,10.739833,18.72,0.0,0.0,42320.0,4.556962,10.857635
2026-03-24 17:00:00+01:00,11.795501,9.107359,15.84,0.0,0.0,41220.0,2.577807,12.795844
2026-03-24 18:00:00+01:00,10.6955,6.3690495,16.199999,0.0,0.0,40760.0,2.3236039,12.226168
2026-03-24 19:00:00+01:00,8.795501,4.73506,11.159999,0.0,0.0,39620.0,6.524576,17.043554
2026-03-24 20:00:00+01:00,6.1955,6.6185193,10.440001,0.0,0.0,35280.0,8.062088,16.292364
2026-03-24 21:00:00+01:00,5.5455,5.8603754,12.24,0.0,0.0,36380.0,8.377872,14.999642
2026-03-24 22:00:00+01:00,5.3455,5.4833565,10.440001,0.0,0.0,39260.0,5.195736,9.227215
2026-03-24 23:00:00+01:00,4.6455,4.829907,9.72,0.0,0.0,39860.0,7.418196,6.2068963
2026-03-25 00:00:00+01:00,4.9955,5.6002855,9.72,0.0,0.0,40680.0,9.045312,9.655664
2026-03-25 01:00:00+01:00,3.7455,7.9932966,12.24,0.0,0.0,40800.0,10.974618,12.795844
2026-03-25 02:00:00+01:00,3.4955,7.145796,15.119999,0.0,0.0,41020.0,5.487309,16.327795
2026-03-25 03:00:00+01:00,3.4455,6.297428,13.32,0.0,0.0,40960.0,9.994198,25.319267
2026-03-25 04:00:00+01:00,2.8455,7.145796,13.32,0.0,0.0,40900.0,14.309151,28.793577
2026-03-25 05:00:00+01:00,3.0955,7.7043357,13.679999,0.0,0.0,41680.0,9.752324,34.813995
2026-03-25 06:00:00+01:00,3.1455002,5.6920996,14.4,0.0,0.0,41680.0,11.282507,37.499107
2026-03-25 07:00:00+01:00,3.0955,8.217153,16.199999,0.0,0.0,41260.0,13.525812,47.147903
2026-03-25 08:00:00+01:00,5.6454997,4.73506,14.759999,0.0,0.0,40880.0,17.507277,49.561977
2026-03-25 09:00:00+01:00,8.495501,7.968939,15.84,0.0,0.0,41340.0,19.71643,55.283207
2026-03-25 10:00:00+01:00,11.6455,3.2399998,15.84,0.0,0.0,47060.0,21.006557,65.60839
2026-03-25 11:00:00+01:00,14.3455,1.1384199,10.799999,0.0,0.0,42740.0,30.35087,66.97986
2026-03-25 12:00:00+01:00,14.5955,20.390114,42.48,0.0,0.0,46580.0,47.269558,74.90054
2026-03-25 13:00:00+01:00,14.795501,22.97522,45.719997,0.0,0.0,46540.0,49.488693,80.03768
2026-03-25 14:00:00+01:00,12.1455,22.771244,54.0,0.0,0.1,19780.0,53.39429,71.00863
2026-03-25 15:00:00+01:00,8.8955,5.815978,44.639996,100.0,1.0,7940.0,13.859459,49.705578
2026-03-25 16:00:00+01:00,6.1955,5.1544156,31.319998,6.0,2.4,35180.0,34.824253,49.285255
2026-03-25 17:00:00+01:00,3.8955002,10.144082,31.68,100.0,0.6,5080.0,7.5842957,49.75206
2026-03-25 18:00:00+01:00,2.0955,11.525623,22.68,100.0,1.6,2420.0,13.548821,42.279854
2026-03-25 19:00:00+01:00,1.2455001,6.87779,21.96,100.0,1.0,18360.0,4.1265044,41.80795
2026-03-25 20:00:00+01:00,1.3455,8.913181,19.08,47.0,0.3,10680.0,8.598059,44.1781
2026-03-25 21:00:00+01:00,0.8955,4.39436,17.28,100.0,0.6,1860.0,5.941551,43.96393
2026-03-25 22:00:00+01:00,0.8955,7.928178,17.64,92.0,2.1,6380.0,7.1327734,40.28271
2026-03-25 23:00:00+01:00,1.1955,8.427383,21.24,93.0,0.4,17980.0,10.677303,40.416378
2026-03-26 00:00:00+01:00,0.8955,7.342588,20.880001,87.0,0.3,15420.0,18.142204,43.04741
2026-03-26 01:00:00+01:00,1.0455,14.039999,21.96,100.0,0.3,13980.0,23.661121,45.564705
2026-03-26 02:00:00+01:00,0.44550002,14.241629,28.08,100.0,0.4,7940.0,25.978682,51.37121
2026-03-26 03:00:00+01:00,-0.15450001,14.689588,28.44,100.0,1.0,3400.0,37.759594,45.186886
2026-03-26 04:00:00+01:00,0.09549999,13.1041975,29.519999,100.0,1.6,5220.0,31.416607,52.539097
2026-03-26 05:00:00+01:00,-0.6545,10.446206,28.44,100.0,1.0,3420.0,32.85124,46.023205
2026-03-26 06:00:00+01:00,-1.0045,10.829959,21.96,100.0,0.9,3280.0,29.707758,41.270023
2026-03-26 07:00:00+01:00,-0.95449996,11.841756,21.599998,100.0,1.1,1480.0,34.18936,39.142838
2026-03-26 08:00:00+01:00,-0.95449996,9.346143,23.4,100.0,0.9,2040.0,30.408972,31.873484
2026-03-26 09:00:00+01:00,-0.6545,8.891343,18.359999,100.0,0.5,2140.0,28.538372,33.66061
2026-03-26 10:00:00+01:00,-0.60449994,10.086427,22.68,97.0,0.5,2680.0,22.624752,31.059296
2026-03-26 11:00:00+01:00,0.24550003,12.096214,25.199999,77.0,0.2,24000.0,24.76322,29.198812
2026-03-26 12:00:00+01:00,0.54550004,10.805998,25.919998,100.0,0.1,3500.0,19.403242,33.597603
2026-03-26 13:00:00+01:00,-0.104499996,12.218805,32.760002,100.0,1.0,1400.0,28.939398,29.818954
2026-03-26 14:00:00+01:00,0.6955,12.904882,34.2,92.0,0.4,35660.0,23.351929,36.03209
2026-03-26 15:00:00+01:00,0.8955,16.055353,32.399998,92.0,0.0,18000.0,27.530989,36.08551
2026-03-26 16:00:00+01:00,0.2955,12.0694,33.12,12.0,0.4,14980.0,24.867823,35.111507
2026-03-26 17:00:00+01:00,-0.004499972,9.826088,28.08,68.0,0.5,4440.0,20.782944,39.45165
2026-03-26 18:00:00+01:00,0.24550003,8.28,21.24,85.0,0.0,31940.0,19.742744,47.69627
2026-03-26 19:00:00+01:00,-0.95449996,6.924738,21.24,91.0,0.1,13260.0,13.708807,37.344685
2026-03-26 20:00:00+01:00,-1.4044999,6.87779,14.4,100.0,0.3,3260.0,18.904528,42.647293
2026-03-26 21:00:00+01:00,-1.3544999,6.9899354,18.72,83.0,0.2,28580.0,20.647614,38.587734
2026-03-26 22:00:00+01:00,-1.0045,8.287822,16.199999,75.0,0.3,9900.0,20.506329,40.344826
2026-03-26 23:00:00+01:00,-1.4545001,4.6938252,16.199999,16.0,0.0,27680.0,15.680186,39.845184
2026-03-27 00:00:00+01:00,-1.9545001,3.2399998,9.72,100.0,0.5,920.0,18.437403,37.989048
2026-03-27 01:00:00+01:00,-1.1044999,8.557102,11.5199995,87.0,2.0,5160.0,17.123507,37.86207
2026-03-27 02:00:00+01:00,-1.3045,9.885262,23.759998,100.0,1.0,2700.0,22.085989,33.338604
2026-03-27 03:00:00+01:00,-1.0545,12.599999,26.28,100.0,1.3,3200.0,22.857605,37.80097
2026-03-27 04:00:00+01:00,-1.1044999,13.441071,27.359999,92.0,0.6,11860.0,23.879524,43.04741
2026-03-27 05:00:00+01:00,-1.5545,12.57426,32.039997,85.0,0.2,7760.0,19.61612,39.280388
2026-03-27 06:00:00+01:00,-1.8544999,12.144331,27.0,73.0,0.2,30860.0,21.026318,42.21146
2026-03-27 07:00:00+01:00,-1.7545,13.009903,23.4,71.0,0.0,14840.0,22.565014,44.50392
2026-03-27 08:00:00+01:00,-1.5045,13.009903,27.72,42.0,0.0,32680.0,25.141878,47.012886
2026-03-27 09:00:00+01:00,-0.85449994,14.408997,31.319998,23.0,0.0,34720.0,27.074642,50.10315
2026-03-27 10:00:00+01:00,-0.054499984,16.965895,30.239998,3.0,0.0,37200.0,27.406252,50.524284
2026-03-27 11:00:00+01:00,0.8455,17.377226,38.16,0.0,0.0,39540.0,29.064701,45.276318
2026-03-27 12:00:00+01:00,1.1955,16.279802,36.719997,68.0,0.0,38140.0,23.844715,38.110546
2026-03-27 13:00:00+01:00,1.0455,17.555305,34.92,64.0,0.0,39200.0,23.06111,24.966848
2026-03-27 14:00:00+01:00,0.9955,14.264361,34.2,67.0,0.0,36620.0,17.865383,14.072007
2026-03-27 15:00:00+01:00,1.3455,11.440978,28.44,0.0,0.0,38680.0,17.725351,8.622896
2026-03-27 16:00:00+01:00,1.7455,11.252519,24.84,0.0,0.0,39740.0,14.038106,7.022301
2026-03-27 17:00:00+01:00,1.6455,9.779817,18.72,0.0,0.0,40340.0,12.95332,6.598021
2026-03-27 18:00:00+01:00,0.9455,6.489992,16.919998,0.0,0.0,38780.0,12.244582,8.777877
2026-03-27 19:00:00+01:00,-0.15450001,3.4152596,13.679999,0.0,0.0,37520.0,11.618018,13.6692705
2026-03-27 20:00:00+01:00,-2.9545002,4.6102495,8.28,0.0,0.0,32740.0,6.47666,29.179014
2026-03-27 21:00:00+01:00,-5.5545,3.396233,7.92,0.0,0.0,28860.0,9.113924,29.896374
2026-03-27 22:00:00+01:00,-5.0045,2.2768397,5.7599998,76.0,0.0,28220.0,5.3142853,26.46497
2026-03-27 23:00:00+01:00,-3.7045002,3.9763298,6.12,67.0,0.0,34480.0,4.201311,26.566677
2026-03-28 00:00:00+01:00,-4.2045,4.6800003,8.28,66.0,0.0,33000.0,6.444517,27.681644
2026-03-28 01:00:00+01:00,-2.1044998,5.154415,9.36,87.0,0.0,32280.0,1.643036,25.051575
2026-03-28 02:00:00+01:00,-3.1044998,5.991594,12.599999,68.0,0.0,32180.0,3.286072,28.232851
2026-03-28 03:00:00+01:00,-5.4545,2.9024127,9.72,38.0,0.0,29680.0,2.278481,34.780777
2026-03-28 04:00:00+01:00,-5.4045,5.3999996,6.8399997,53.0,0.0,33160.0,3.2222586,29.086447
2026-03-28 05:00:00+01:00,-6.5045,5.3517847,10.08,64.0,0.0,30920.0,1.2889035,30.050611
2026-03-28 06:00:00+01:00,-7.0045,3.219938,9.72,4.0,0.0,33500.0,1.8788835,32.572903
2026-03-28 07:00:00+01:00,-6.2045,3.7585104,4.32,0.0,0.0,34120.0,1.8227848,27.317396
2026-03-28 08:00:00+01:00,-3.4045,3.0758414,7.5599995,0.0,0.0,35960.0,1.9333551,24.42869
2026-03-28 09:00:00+01:00,0.49550003,1.0182338,5.3999996,0.0,0.0,39720.0,2.8820758,23.635157
2026-03-28 10:00:00+01:00,1.0955,1.2979984,6.4799995,0.0,0.0,39780.0,1.643036,19.430658
2026-03-28 11:00:00+01:00,2.5955,1.9386592,6.4799995,0.0,0.0,39800.0,1.8788835,14.922391
2026-03-28 12:00:00+01:00,3.7954998,1.835647,7.2,0.0,0.0,40700.0,4.844117,19.862066
2026-03-28 13:00:00+01:00,4.5455,3.671294,8.64,0.0,0.0,40460.0,4.201311,19.862066
2026-03-28 14:00:00+01:00,5.3455,3.96,10.08,0.0,0.0,40880.0,6.444517,19.900824
2026-03-28 15:00:00+01:00,5.3455,8.209263,12.24,22.0,0.0,41940.0,3.1898732,22.482334
2026-03-28 16:00:00+01:00,4.3455,9.983106,21.599998,80.0,0.0,37060.0,3.5591009,19.98775
2026-03-28 17:00:00+01:00,3.0955,8.217153,16.919998,81.0,0.0,31180.0,5.487309,13.879042
2026-03-28 18:00:00+01:00,1.7955,7.0911775,15.119999,94.0,0.1,6740.0,1.8788835,14.490146
2026-03-28 19:00:00+01:00,0.8955,6.8777895,16.56,97.0,0.6,7740.0,8.402622,18.62069
2026-03-28 20:00:00+01:00,1.2955,7.8954163,15.4800005,100.0,0.6,6280.0,12.312233,19.120867
2026-03-28 21:00:00+01:00,0.9955,7.145796,15.4800005,100.0,0.8,5820.0,13.701232,20.47335
2026-03-28 22:00:00+01:00,0.9455,7.42159,16.56,87.0,0.6,9660.0,11.254866,25.357279
2026-03-28 23:00:00+01:00,0.79550004,4.0249224,14.4,89.0,0.3,17900.0,8.976174,36.64172
2026-03-29 00:00:00+01:00,0.7455,6.763786,13.32,99.0,0.5,5640.0,15.916782,37.12741
2026-03-29 01:00:00+01:00,1.1455,9.83268,21.24,94.0,0.5,7540.0,20.11784,28.558466
2026-03-29 03:00:00+02:00,0.9955,11.165805,22.319998,86.0,0.4,12560.0,19.742744,39.06402
2026-03-29 04:00:00+02:00,0.8455,10.823973,24.119999,74.0,0.4,7920.0,20.727915,40.932587
2026-03-29 05:00:00+02:00,0.79550004,10.805999,23.039999,50.0,0.5,10720.0,20.782944,39.123146
2026-03-29 06:00:00+02:00,0.54550004,10.823973,22.68,89.0,0.3,10080.0,19.852879,38.662537
2026-03-29 07:00:00+02:00,0.54550004,11.885453,24.48,82.0,0.6,5660.0,24.151897,39.65619
2026-03-29 08:00:00+02:00,0.6955,12.074766,24.48,74.0,0.4,11180.0,24.169086,39.123146
2026-03-29 09:00:00+02:00,1.0455,11.726277,25.919998,68.0,0.1,28260.0,25.33933,39.74353
2026-03-29 10:00:00+02:00,1.4455,12.074766,25.199999,68.0,0.0,29340.0,24.169086,40.876076
2026-03-29 11:00:00+02:00,2.1955,13.202726,25.56,63.0,0.0,33560.0,23.524694,35.87672
2026-03-29 12:00:00+02:00,2.6955,13.627795,31.319998,36.0,0.0,34640.0,25.81027,35.00712
2026-03-29 13:00:00+02:00,3.4955,14.512064,32.039997,8.0,0.0,34280.0,26.11819,32.186214
2026-03-29 14:00:00+02:00,3.8455,14.934577,31.68,0.0,0.0,37100.0,23.28068,30.337694
2026-03-29 15:00:00+02:00,4.3955,16.87398,33.12,18.0,0.0,40620.0,21.996487,23.846117
2026-03-29 16:00:00+02:00,4.1455,14.440443,30.960001,63.0,0.0,38380.0,16.335293,19.803793
2026-03-29 17:00:00+02:00,3.9455,13.797912,27.72,65.0,0.0,38920.0,15.739669,19.803793
2026-03-29 18:00:00+02:00,3.4955,13.324863,27.0,68.0,0.0,37880.0,15.587208,17.643314
2026-03-29 19:00:00+02:00,2.5455,7.072878,26.28,88.0,0.0,9460.0,11.830561,16.398428
2026-03-29 20:00:00+02:00,2.6955,4.2136917,14.04,43.0,0.1,35300.0,8.476439,12.051613
2026-03-29 21:00:00+02:00,1.9955,0.8049845,7.2,18.0,0.0,35120.0,7.205189,13.283339
2026-03-29 22:00:00+02:00,0.19550002,4.32,10.440001,13.0,0.0,23900.0,0.9113924,16.952896
2026-03-29 23:00:00+02:00,1.2455001,4.5536795,6.8399997,70.0,0.0,23580.0,2.734177,11.987508
2026-03-30 00:00:00+02:00,0.6955,5.2416787,12.24,3.0,0.0,28240.0,3.2222586,13.781546
2026-03-30 01:00:00+02:00,-0.20449996,3.319036,10.799999,0.0,0.0,28440.0,4.9291077,11.987508
2026-03-30 02:00:00+02:00,0.44550002,4.5820518,6.12,0.0,0.0,32780.0,5.333787,18.423088
2026-03-30 03:00:00+02:00,-0.004499972,4.73506,9.0,0.0,0.0,31360.0,7.4739733,24.151127
2026-03-30 04:00:00+02:00,0.2955,5.3517847,9.0,0.0,0.0,32540.0,10.240498,18.433542
2026-03-30 05:00:00+02:00,0.9455,7.7043357,8.64,0.0,0.0,35420.0,11.282507,28.612377
2026-03-30 06:00:00+02:00,1.0955,7.2359104,15.119999,0.0,0.0,36520.0,8.765491,44.029602
2026-03-30 07:00:00+02:00,1.5455,3.7064266,12.599999,0.0,0.0,34780.0,9.350104,47.469566
2026-03-30 08:00:00+02:00,1.9455,12.387348,13.32,100.0,0.0,38680.0,18.142204,60.61186
2026-03-30 09:00:00+02:00,2.5455,11.503113,27.0,92.0,0.0,24700.0,13.033229,60.331543
2026-03-30 10:00:00+02:00,2.7954998,9.531505,21.96,88.0,0.0,30500.0,16.124176,55.63055
2026-03-30 11:00:00+02:00,3.0955,11.435313,16.919998,100.0,0.0,37980.0,13.889393,58.186134
2026-03-30 12:00:00+02:00,4.1955,14.408997,28.08,68.0,0.0,40100.0,17.412127,58.096684
2026-03-30 13:00:00+02:00,5.1955,11.165805,28.08,39.0,0.0,40700.0,15.916784,56.615604
2026-03-30 14:00:00+02:00,7.4455,1.609969,24.84,25.0,0.0,42320.0,14.067659,42.216022
2026-03-30 15:00:00+02:00,6.6454997,8.4963045,18.72,0.0,0.0,41780.0,31.499125,37.375618
2026-03-30 16:00:00+02:00,5.8455,6.6185193,20.16,66.0,0.0,41240.0,26.241138,56.615604
2026-03-30 17:00:00+02:00,5.4455,6.12,29.16,90.0,0.1,41340.0,20.802917,64.0755
2026-03-30 18:00:00+02:00,3.5955,11.91812,31.68,93.0,0.2,28900.0,31.38685,58.965515
2026-03-30 19:00:00+02:00,3.6955,8.78872,24.119999,100.0,0.0,22400.0,24.76322,47.469566
2026-03-30 20:00:00+02:00,1.4955001,9.9571085,18.359999,100.0,1.4,5460.0,25.133617,43.43054
2026-03-30 21:00:00+02:00,1.3955,10.028439,21.96,100.0,1.4,5200.0,34.874905,50.714558
2026-03-30 22:00:00+02:00,1.8955001,11.480557,27.359999,80.0,0.6,29140.0,36.583637,52.436337
2026-03-30 23:00:00+02:00,1.6955,12.031756,25.56,85.0,0.4,17400.0,30.535046,51.666584
2026-03-31 00:00:00+02:00,1.6455,7.754637,24.48,100.0,0.2,8660.0,23.700583,46.53103
2026-03-31 01:00:00+02:00,1.3455,7.7879906,17.64,95.0,0.6,6180.0,32.290184,45.31459
2026-03-31 02:00:00+02:00,1.2955,6.0347,23.759998,81.0,0.4,9740.0,16.63135,37.287903
2026-03-31 03:00:00+02:00,0.8455,4.198285,9.36,100.0,0.8,1700.0,16.182028,27.875805
2026-03-31 04:00:00+02:00,0.7455,8.891344,16.919998,100.0,5.0,3220.0,39.70576,34.62536
2026-03-31 05:00:00+02:00,1.0955,18.0,35.28,93.0,0.7,10660.0,39.184574,31.994127
2026-03-31 06:00:00+02:00,0.54550004,16.93531,37.8,95.0,0.3,26580.0,31.270855,35.919647
2026-03-31 07:00:00+02:00,0.2955,12.620554,33.48,78.0,0.0,28480.0,26.85903,39.417454
2026-03-31 08:00:00+02:00,0.3955,17.294992,25.919998,100.0,0.9,13980.0,36.0,33.75205
2026-03-31 09:00:00+02:00,0.24550003,14.799459,34.56,78.0,0.1,31700.0,26.804853,32.984264
2026-03-31 10:00:00+02:00,0.5955,15.4800005,31.68,38.0,0.1,9060.0,27.436543,34.491585
2026-03-31 11:00:00+02:00,1.2955,14.799459,29.88,79.0,0.1,33240.0,21.45163,35.138927
2026-03-31 12:00:00+02:00,1.5455,14.512064,32.399998,100.0,0.0,9180.0,23.80549,36.667995
2026-03-31 13:00:00+02:00,1.6455,15.517629,35.64,100.0,0.1,3340.0,33.278305,34.636482
2026-03-31 14:00:00+02:00,2.0455,13.698934,35.28,69.0,0.1,35600.0,20.465782,32.89655
2026-03-31 15:00:00+02:00,1.7455,13.679999,30.960001,80.0,0.7,13920.0,17.441916,29.980017
2026-03-31 16:00:00+02:00,1.0455,14.113653,30.960001,100.0,0.3,2500.0,27.831066,24.593725
2026-03-31 17:00:00+02:00,0.9455,9.114471,27.359999,100.0,0.2,5540.0,16.00136,27.112131
2026-03-31 18:00:00+02:00,0.8455,10.08,20.880001,24.0,0.9,6740.0,15.318443,27.820469
2026-03-31 19:00:00+02:00,0.8455,7.2805495,21.24,79.0,0.0,9420.0,15.493671,39.182186
2026-03-31 20:00:00+02:00,0.04550004,8.311245,17.64,48.0,0.5,10220.0,16.124176,32.519634
2026-03-31 21:00:00+02:00,-0.15450001,5.3517847,17.64,100.0,0.2,23820.0,14.82239,36.72574
2026-03-31 22:00:00+02:00,-0.6545,2.0364676,8.28,7.0,0.0,28240.0,15.230073,43.71788
2026-03-31 23:00:00+02:00,-1.1044999,3.8773184,3.2399998,33.0,0.0,26940.0,21.615568,45.463135
2026-04-01 00:00:00+02:00,-1.9044999,3.219938,7.5599995,0.0,0.0,34460.0,21.920834,49.612476
2026-04-01 01:00:00+02:00,-1.8544999,4.8433046,8.28,9.0,0.0,34500.0,24.156197,48.47741
2026-04-01 02:00:00+02:00,-4.0545,2.8116899,7.5599995,51.0,0.0,32800.0,18.788836,46.05668
2026-04-01 03:00:00+02:00,-4.4545,2.52,3.96,53.0,0.0,34560.0,16.768133,44.108284
2026-04-01 04:00:00+02:00,-3.9045,4.1046314,4.68,75.0,0.0,34860.0,15.311664,40.057327
2026-04-01 05:00:00+02:00,-3.9045,3.6179552,4.68,66.0,0.0,35200.0,13.246578,39.65619
2026-04-01 06:00:00+02:00,-4.2045,4.6938252,8.28,48.0,0.0,34100.0,12.570939,40.819485
2026-04-01 07:00:00+02:00,-3.2045002,4.452954,7.5599995,67.0,0.0,35660.0,13.033229,44.844555
2026-04-01 08:00:00+02:00,-3.7545,3.8773184,6.8399997,47.0,0.0,35180.0,18.090624,53.89645
2026-04-01 09:00:00+02:00,-1.1044999,4.39436,4.68,41.0,0.0,35220.0,21.276669,55.640938
2026-04-01 10:00:00+02:00,0.8455,6.28713,14.759999,65.0,0.0,32740.0,14.503743,55.862064
2026-04-01 11:00:00+02:00,1.8955001,11.304229,20.519999,92.0,0.0,37680.0,14.674548,55.087734
2026-04-01 12:00:00+02:00,2.5455,12.496719,27.359999,67.0,0.0,39140.0,16.512306,45.884876
2026-04-01 13:00:00+02:00,3.3955002,10.799999,25.919998,97.0,0.0,39520.0,16.436678,28.102919
2026-04-01 14:00:00+02:00,3.9955,13.276144,25.56,9.0,0.0,40220.0,17.795506,16.185604
2026-04-01 15:00:00+02:00,4.5455,13.202726,24.119999,0.0,0.0,40940.0,14.236403,9.474416
2026-04-01 16:00:00+02:00,4.6955,10.853866,20.880001,7.0,0.0,40640.0,12.905135,11.189641
2026-04-01 17:00:00+02:00,4.8455,12.964998,20.16,0.0,0.0,40460.0,18.147924,9.392738
2026-04-01 18:00:00+02:00,4.4955,10.823973,23.4,0.0,0.0,39920.0,15.5204525,7.677507
2026-04-01 19:00:00+02:00,3.9955,7.2359104,20.519999,0.0,0.0,39380.0,13.033229,8.092802
2026-04-01 20:00:00+02:00,2.9455,2.8116899,14.04,0.0,0.0,38440.0,9.688234,9.813965
2026-04-01 21:00:00+02:00,0.9955,4.1046314,7.5599995,0.0,0.0,32040.0,3.67394,8.886923
2026-04-01 22:00:00+02:00,-0.35449994,3.8939953,7.5599995,0.0,0.0,29700.0,2.3236039,10.551724
2026-04-01 23:00:00+02:00,-0.95449996,3.219938,6.12,21.0,0.0,32520.0,5.506198,17.167427
2026-04-02 00:00:00+02:00,-0.75450003,3.2599385,6.12,25.0,0.0,37260.0,3.89347,17.043554
2026-04-02 01:00:00+02:00,-2.3045,5.154415,8.28,40.0,0.0,33260.0,3.2222586,17.077427
2026-04-02 02:00:00+02:00,-2.7545,6.28713,9.36,0.0,0.0,31760.0,3.2222586,22.041039
2026-04-02 03:00:00+02:00,-2.6545,2.9024127,12.959999,0.0,0.0,33200.0,3.2222586,24.42869
2026-04-02 04:00:00+02:00,-3.7545,5.00128,9.0,33.0,0.0,29180.0,1.8788835,27.716415
2026-04-02 05:00:00+02:00,-4.4045,2.8116899,7.92,71.0,0.0,20540.0,3.6455696,35.56936
2026-04-02 06:00:00+02:00,-3.0045,1.609969,5.3999996,72.0,0.0,31220.0,3.757767,36.515335
2026-04-02 07:00:00+02:00,-2.2045002,2.52,3.96,87.0,0.0,34040.0,3.3175182,42.520634
2026-04-02 08:00:00+02:00,-3.8045,4.802999,8.28,18.0,0.0,32960.0,2.8820758,45.81766
2026-04-02 09:00:00+02:00,-1.5045,2.0991426,8.28,29.0,0.0,34840.0,8.402622,46.832253
2026-04-02 10:00:00+02:00,1.0955,4.0249224,11.5199995,78.0,0.0,31560.0,4.201311,49.53865
2026-04-02 11:00:00+02:00,2.6455002,6.151683,8.64,67.0,0.0,36060.0,5.993747,51.819218
2026-04-02 12:00:00+02:00,3.7455,9.007196,19.8,51.0,0.0,37760.0,6.7744107,49.06982
2026-04-02 13:00:00+02:00,4.5955,9.72,23.759998,38.0,0.0,37480.0,9.858215,45.314594
2026-04-02 14:00:00+02:00,5.5455,12.324414,24.119999,25.0,0.0,38820.0,11.821781,45.37831
2026-04-02 15:00:00+02:00,6.2955,12.144331,27.72,3.0,0.0,39560.0,12.84061,47.5304
2026-04-02 16:00:00+02:00,6.6955,11.252519,26.64,0.0,0.0,39660.0,16.111294,47.857544
2026-04-02 17:00:00+02:00,6.8455,13.493999,26.64,0.0,0.0,39760.0,18.3697,45.85548
2026-04-02 18:00:00+02:00,6.8455,11.542478,28.8,18.0,0.0,40220.0,20.11784,42.08349
2026-04-02 19:00:00+02:00,6.4955,10.1376915,23.759998,21.0,0.0,40500.0,20.071335,39.182186
2026-04-02 20:00:00+02:00,5.1955,6.12,18.359999,28.0,0.0,40000.0,13.859459,35.111507
2026-04-02 21:00:00+02:00,3.8455,2.4149535,10.799999,0.0,0.0,38120.0,14.532351,34.80846
2026-04-02 22:00:00+02:00,3.0955,1.835647,6.4799995,0.0,0.0,36320.0,16.461926,38.48776
2026-04-02 23:00:00+02:00,2.6455002,3.219938,3.2399998,0.0,0.0,38880.0,15.798928,33.866
2026-04-03 00:00:00+02:00,1.4455,5.8603754,10.440001,0.0,0.0,38760.0,10.667574,31.649088
2026-04-03 01:00:00+02:00,0.44550002,5.815978,10.799999,0.0,0.0,36580.0,10.087265,30.666088
2026-04-03 02:00:00+02:00,-0.6545,6.0347,12.599999,50.0,0.0,33000.0,9.666777,28.933727
2026-04-03 03:00:00+02:00,-0.60449994,6.9899354,12.959999,78.0,0.0,31140.0,8.402622,24.333883
2026-04-03 04:00:00+02:00,-0.20449996,6.5693827,13.679999,71.0,0.0,29220.0,4.2990294,20.85554
2026-04-03 05:00:00+02:00,1.2955,6.379216,12.959999,27.0,0.0,26140.0,3.1898732,20.265303
2026-04-03 06:00:00+02:00,0.8955,6.130579,13.32,16.0,0.0,31360.0,2.7718916,23.17426
2026-04-03 07:00:00+02:00,0.34550002,5.5887027,11.879999,0.0,0.0,33600.0,2.453999,22.593443
2026-04-03 08:00:00+02:00,0.9455,5.1919937,11.5199995,0.0,0.0,34700.0,1.8788835,21.794956
2026-04-03 09:00:00+02:00,2.2955,3.7585104,10.08,0.0,0.0,30880.0,2.3236039,22.499464
2026-04-03 10:00:00+02:00,5.1454997,2.0364676,6.4799995,0.0,0.0,36860.0,2.278481,26.69687
2026-04-03 11:00:00+02:00,6.7955,3.96,6.8399997,0.0,0.0,40460.0,4.757608,28.612377
2026-04-03 12:00:00+02:00,7.7955,1.835647,7.5599995,0.0,0.0,41140.0,6.198138,26.253044
2026-04-03 13:00:00+02:00,8.795501,9.693296,14.759999,0.0,0.0,40620.0,6.347113,19.862066
2026-04-03 14:00:00+02:00,9.795501,9.028754,15.84,0.0,0.0,41520.0,3.3175182,18.074755
2026-04-03 15:00:00+02:00,10.1955,9.021574,14.04,0.0,0.0,41520.0,5.8357587,13.948265
2026-04-03 16:00:00+02:00,10.4455,8.373386,13.32,0.0,0.0,41180.0,5.155614,16.70105
2026-04-03 17:00:00+02:00,10.9455,7.491114,14.04,0.0,0.0,41780.0,3.0569031,18.51695
2026-04-03 18:00:00+02:00,10.5955,8.435069,16.199999,0.0,0.0,41500.0,7.515534,12.780782
2026-04-03 19:00:00+02:00,9.995501,4.6102495,16.56,0.0,0.0,41620.0,7.800262,18.328745
2026-04-03 20:00:00+02:00,9.0955,4.0249224,8.64,0.0,0.0,41000.0,3.757767,23.950901
2026-04-03 21:00:00+02:00,6.7455,7.4128532,14.04,0.0,0.0,39840.0,9.482423,25.987556
2026-04-03 22:00:00+02:00,6.1454997,5.3999996,14.4,0.0,0.0,38980.0,12.603934,25.898457
2026-04-03 23:00:00+02:00,6.6454997,6.489992,10.799999,0.0,0.0,39240.0,8.402622,26.392084
2026-04-04 00:00:00+02:00,5.6955,5.495161,12.959999,0.0,0.0,39140.0,6.1138062,21.51923
2026-04-04 01:00:00+02:00,6.1454997,5.991594,10.440001,0.0,0.0,40220.0,5.195736,24.278408
2026-04-04 02:00:00+02:00,5.5955,6.1305785,11.5199995,0.0,0.0,38800.0,8.753638,29.435352
2026-04-04 03:00:00+02:00,5.9455,6.1305785,11.159999,13.0,0.0,39560.0,6.572144,27.204338
2026-04-04 04:00:00+02:00,6.3954997,4.3349743,11.159999,70.0,0.0,40140.0,9.350104,26.076351
2026-04-04 05:00:00+02:00,6.1454997,5.1165614,8.64,71.0,0.0,39620.0,8.706063,24.483826
2026-04-04 06:00:00+02:00,6.3954997,3.5455887,9.36,75.0,0.0,39780.0,4.757608,20.74441
2026-04-04 07:00:00+02:00,6.7955,3.0758414,7.92,100.0,0.0,40120.0,4.488087,19.390963
2026-04-04 08:00:00+02:00,6.4455,5.634891,4.32,78.0,0.0,38820.0,7.7602262,18.631031
2026-04-04 09:00:00+02:00,7.7455,4.0249224,10.440001,74.0,0.0,39580.0,8.21518,19.716057
2026-04-04 10:00:00+02:00,8.6955,1.1384199,6.12,62.0,0.0,37880.0,9.227144,18.096056
2026-04-04 11:00:00+02:00,11.245501,1.2979984,11.159999,26.0,0.0,41200.0,9.350104,18.096056
2026-04-04 12:00:00+02:00,12.3955,2.0991426,10.799999,21.0,0.0,41020.0,8.36547,17.390388
2026-04-04 13:00:00+02:00,13.8455,9.028754,12.599999,0.0,0.0,41200.0,6.1307654,20.265303
2026-04-04 14:00:00+02:00,13.795501,11.91812,19.08,0.0,0.0,40780.0,3.5591009,15.554438
2026-04-04 15:00:00+02:00,14.495501,9.0,19.44,0.0,0.0,40880.0,1.0189676,11.103232
2026-04-04 16:00:00+02:00,15.0955,10.028439,16.56,0.0,0.0,41060.0,2.8820758,9.655664
2026-04-04 17:00:00+02:00,15.3955,9.107359,16.56,0.0,0.0,41300.0,1.643036,7.022301
2026-04-04 18:00:00+02:00,15.1455,7.24486,14.4,0.0,0.0,41080.0,1.643036,6.113084
2026-04-04 19:00:00+02:00,14.495501,1.2979984,12.24,0.0,0.0,40820.0,3.286072,9.6356945
2026-04-04 20:00:00+02:00,12.5955,4.379589,7.2,0.0,0.0,39480.0,7.78694,9.227215
2026-04-04 21:00:00+02:00,9.745501,7.7043357,14.4,0.0,0.0,39020.0,9.022324,14.003396
2026-04-04 22:00:00+02:00,8.795501,7.42159,15.4800005,0.0,0.0,39360.0,9.350104,15.566816
2026-04-04 23:00:00+02:00,8.0955,7.386582,15.119999,0.0,0.0,39260.0,9.350104,18.042755
2026-04-05 00:00:00+02:00,7.8954997,7.386582,14.4,0.0,0.0,39740.0,11.926711,21.803795
2026-04-05 01:00:00+02:00,7.7955,6.989936,14.04,0.0,0.0,40260.0,10.677303,23.618853
2026-04-05 02:00:00+02:00,6.6955,7.386582,14.04,0.0,0.0,39000.0,12.603934,27.317396
2026-04-05 03:00:00+02:00,7.2955,8.14587,15.119999,0.0,0.0,40060.0,12.312233,29.954306
2026-04-05 04:00:00+02:00,7.1454997,6.696387,15.4800005,0.0,0.0,40260.0,14.927093,32.566986
2026-04-05 05:00:00+02:00,6.5955,6.8777895,12.24,0.0,0.0,40440.0,13.144288,36.192112
2026-04-05 06:00:00+02:00,7.0455,7.386582,14.04,0.0,0.0,40740.0,15.713261,36.00535
2026-04-05 07:00:00+02:00,7.2455,5.991594,13.679999,0.0,0.0,39760.0,15.044876,32.990105
2026-04-05 08:00:00+02:00,7.5955,6.4096174,10.440001,0.0,0.0,40980.0,11.031237,36.430836
2026-04-05 09:00:00+02:00,10.5955,3.096837,12.24,0.0,0.0,41520.0,15.318443,37.9789
2026-04-05 10:00:00+02:00,12.795501,2.9024127,6.8399997,0.0,0.0,39640.0,16.43036,37.033905
2026-04-05 11:00:00+02:00,15.545501,4.6938257,6.12,0.0,0.0,42320.0,15.680186,38.11055
2026-04-05 12:00:00+02:00,17.495499,4.3349743,10.799999,0.0,0.0,42020.0,15.5204525,38.11055
2026-04-05 13:00:00+02:00,19.245499,4.8965297,12.599999,0.0,0.0,44280.0,15.311664,34.547386
2026-04-05 14:00:00+02:00,20.4455,2.8116899,10.440001,0.0,0.0,44580.0,24.0485,30.082644
2026-04-05 15:00:00+02:00,21.245499,2.4149535,11.879999,0.0,0.0,46480.0,18.766718,31.022066
2026-04-05 16:00:00+02:00,21.6455,5.3517847,12.959999,0.0,0.0,48780.0,19.972805,33.568924
2026-04-05 17:00:00+02:00,21.245499,10.883676,17.28,0.0,0.0,48440.0,25.794176,25.273579
2026-04-05 18:00:00+02:00,20.1455,9.107359,23.759998,0.0,0.0,45000.0,28.212711,36.430832
2026-04-05 19:00:00+02:00,18.845499,3.9763298,18.0,0.0,0.0,42720.0,22.55581,39.53457
2026-04-05 20:00:00+02:00,14.995501,9.028754,11.879999,0.0,0.0,41840.0,21.920834,42.36178
2026-04-05 21:00:00+02:00,13.245501,9.983106,19.8,0.0,0.0,41300.0,19.868563,40.033276
2026-04-05 22:00:00+02:00,12.1455,8.089993,17.28,0.0,0.0,40660.0,19.988396,32.40095
2026-04-05 23:00:00+02:00,13.245501,12.979984,20.519999,0.0,0.3,40560.0,28.563828,49.06982
2026-04-06 00:00:00+02:00,12.1955,10.495713,25.56,0.0,0.0,39640.0,24.645538,52.23021
2026-04-06 01:00:00+02:00,11.4455,6.9153743,20.16,0.0,0.0,39280.0,16.436678,48.60836
2026-04-06 02:00:00+02:00,11.4455,5.991594,11.879999,0.0,0.0,39860.0,11.392405,47.82936
2026-04-06 03:00:00+02:00,10.9455,7.42159,13.679999,0.0,0.0,39880.0,15.942856,49.670685
2026-04-06 04:00:00+02:00,9.745501,6.638072,13.679999,0.0,0.0,38940.0,14.47508,48.429703
2026-04-06 05:00:00+02:00,9.6455,6.4096174,13.679999,32.0,0.0,38840.0,11.4288025,47.20915
2026-04-06 06:00:00+02:00,9.0955,5.495161,10.799999,26.0,0.0,39100.0,7.20519,44.138847
2026-04-06 07:00:00+02:00,7.8954997,6.4096174,12.959999,17.0,0.0,36660.0,14.47508,40.464012
2026-04-06 08:00:00+02:00,7.8954997,3.2599385,11.5199995,0.0,0.0,32260.0,8.476439,37.90783
2026-04-06 09:00:00+02:00,11.0955,1.1384199,5.7599998,0.0,0.0,36200.0,11.419714,35.204647
2026-04-06 10:00:00+02:00,13.6955,2.8116899,8.64,0.0,0.0,38380.0,15.09311,31.806936
2026-04-06 11:00:00+02:00,15.5955,5.1165614,13.32,0.0,0.0,40180.0,16.335295,26.098505
2026-04-06 12:00:00+02:00,16.8955,10.805998,24.119999,0.0,0.0,40680.0,15.419778,18.0
2026-04-06 13:00:00+02:00,17.5455,15.463246,29.519999,0.0,0.0,40920.0,7.78694,14.753624
2026-04-06 14:00:00+02:00,18.1455,13.53236,24.84,0.0,0.0,41300.0,6.7744107,13.093462
2026-04-06 15:00:00+02:00,18.5455,12.24,29.519999,0.0,0.0,41000.0,4.323114,17.043554
2026-04-06 16:00:00+02:00,18.6455,11.841756,27.0,0.0,0.0,40880.0,3.89347,15.665498
2026-04-06 17:00:00+02:00,18.5455,11.119281,26.28,0.0,0.0,41040.0,7.34788,15.266946
2026-04-06 18:00:00+02:00,18.0455,7.9932966,23.4,0.0,0.0,41120.0,4.1265044,13.6692705
2026-04-06 19:00:00+02:00,17.1455,4.829907,16.919998,0.0,0.0,40760.0,1.643036,13.398848
2026-04-06 20:00:00+02:00,14.6955,2.9024127,7.92,0.0,0.0,40560.0,5.487309,17.423588
2026-04-06 21:00:00+02:00,11.795501,8.0899935,14.04,0.0,0.0,35360.0,7.7334204,13.879042
2026-04-06 22:00:00+02:00,10.295501,6.9153743,15.4800005,0.0,0.0,34700.0,9.350104,14.329733
2026-04-06 23:00:00+02:00,9.9455,7.7879906,13.32,0.0,0.0,35380.0,8.753638,13.781546
2026-04-07 00:00:00+02:00,9.5955,7.9932966,15.119999,0.0,0.0,37500.0,9.022324,11.444951
2026-04-07 01:00:00+02:00,9.1955,7.8954163,15.4800005,0.0,0.0,38760.0,10.754816,10.857635
2026-04-07 02:00:00+02:00,8.5455,7.7043357,14.759999,0.0,0.0,39720.0,7.418196,8.1638975
2026-04-07 03:00:00+02:00,8.245501,7.2,14.04,0.0,0.0,40180.0,5.562481,11.809426
2026-04-07 04:00:00+02:00,7.5955,6.6087217,13.32,0.0,0.0,39780.0,2.278481,12.4293
2026-04-07 05:00:00+02:00,6.7455,7.9036193,13.679999,0.0,0.0,39800.0,7.7334204,11.189642
2026-04-07 06:00:00+02:00,6.6955,7.7043357,14.4,0.0,0.0,40740.0,7.840093,11.241167
2026-04-07 07:00:00+02:00,6.1454997,7.5685663,13.32,0.0,0.0,40560.0,3.5591009,11.326523
2026-04-07 08:00:00+02:00,7.2455,7.24486,7.5599995,0.0,0.0,40440.0,4.6916795,10.1040945
2026-04-07 09:00:00+02:00,11.545501,1.8,9.72,0.0,0.0,41540.0,5.155614,10.4046545
2026-04-07 10:00:00+02:00,14.1955,2.3051248,6.4799995,0.0,0.0,41420.0,3.9200466,11.987508
2026-04-07 11:00:00+02:00,16.9455,5.815978,9.36,0.0,0.0,42920.0,2.6571426,13.612786
2026-04-07 12:00:00+02:00,18.345499,9.227524,13.32,0.0,0.0,45260.0,0.4556962,11.394346
2026-04-07 13:00:00+02:00,19.2955,10.587917,15.4800005,0.0,0.0,46040.0,3.1898732,10.00832
2026-04-07 14:00:00+02:00,19.6455,12.768586,16.56,0.0,0.0,44840.0,3.2222586,8.327425
2026-04-07 15:00:00+02:00,20.1455,13.441071,21.96,0.0,0.0,43400.0,8.95301,8.1638975
2026-04-07 16:00:00+02:00,20.3955,12.864649,22.319998,0.0,0.0,42520.0,11.618018,8.711794
2026-04-07 17:00:00+02:00,20.4455,11.841756,22.319998,0.0,0.0,43300.0,10.240498,7.2649856
2026-04-07 18:00:00+02:00,19.9455,8.089993,20.519999,0.0,0.0,44640.0,6.940957,7.0769506
2026-04-07 19:00:00+02:00,18.995499,5.3517847,15.119999,0.0,0.0,45280.0,7.958392,7.948705
2026-04-07 20:00:00+02:00,16.0455,2.1897945,9.0,0.0,0.0,45060.0,3.0569031,11.939204
2026-04-07 21:00:00+02:00,11.5955,8.0899935,14.759999,0.0,0.0,39720.0,2.577807,14.289349
2026-04-07 22:00:00+02:00,10.4455,6.792466,15.119999,0.0,0.0,39860.0,2.9178793,17.167427
2026-04-07 23:00:00+02:00,10.0955,6.763786,12.599999,0.0,0.0,39420.0,2.9178793,16.804535
2026-04-08 00:00:00+02:00,9.745501,7.24486,13.32,0.0,0.0,39320.0,4.0758705,16.804535
2026-04-08 01:00:00+02:00,9.545501,6.638072,12.24,0.0,0.0,39880.0,1.9333551,15.628565
2026-04-08 02:00:00+02:00,9.045501,7.0911775,8.64,0.0,0.0,39320.0,2.0379353,16.861752
2026-04-08 03:00:00+02:00,8.745501,7.10031,11.5199995,0.0,0.0,39420.0,2.8820758,16.433628
2026-04-08 04:00:00+02:00,8.6455,6.989936,10.799999,0.0,0.0,39780.0,3.0569031,16.562065
2026-04-08 05:00:00+02:00,8.1455,7.5685663,9.36,0.0,0.0,39460.0,2.8820758,16.386677
2026-04-08 06:00:00+02:00,7.6955,6.9247384,11.5199995,0.0,0.0,38940.0,2.3236039,14.153901
2026-04-08 07:00:00+02:00,7.5455,6.696387,12.24,0.0,0.0,39520.0,2.8820758,13.196042
2026-04-08 08:00:00+02:00,8.5455,6.0347,11.159999,0.0,0.0,38940.0,2.734177,20.548483
2026-04-08 09:00:00+02:00,11.0955,3.0758414,10.799999,0.0,0.0,31260.0,2.8820758,23.635157
2026-04-08 10:00:00+02:00,15.4455,1.835647,6.12,0.0,0.0,41080.0,3.5591009,22.249796
2026-04-08 11:00:00+02:00,17.4455,5.04,10.440001,0.0,0.0,42220.0,5.195736,20.864775
2026-04-08 12:00:00+02:00,18.495499,8.707238,16.199999,0.0,0.0,42240.0,4.9291077,20.217718
2026-04-08 13:00:00+02:00,19.1455,11.367109,17.28,0.0,0.0,42520.0,9.17071,16.71258
2026-04-08 14:00:00+02:00,19.595499,12.849528,17.64,0.0,0.0,41380.0,10.240498,15.702343
2026-04-08 15:00:00+02:00,20.1455,12.682018,20.16,0.0,0.0,40500.0,10.754816,13.370063
2026-04-08 16:00:00+02:00,20.345499,12.015589,19.8,0.0,0.0,40500.0,13.144288,11.661699
2026-04-08 17:00:00+02:00,20.5455,11.720751,19.8,0.0,0.0,41320.0,12.95332,11.711148
2026-04-08 18:00:00+02:00,20.1455,9.178235,19.8,0.0,0.0,41540.0,8.062088,13.166815
2026-04-08 19:00:00+02:00,19.0455,5.6233797,16.199999,0.0,0.0,41600.0,5.094838,12.413793
2026-04-08 20:00:00+02:00,16.6455,2.52,10.08,36.0,0.0,41820.0,2.453999,12.4911375
2026-04-08 21:00:00+02:00,13.1955,6.989936,10.08,9.0,0.0,38060.0,0.4556962,15.702343
2026-04-08 22:00:00+02:00,11.745501,5.6233797,11.159999,0.0,0.0,37820.0,2.0379353,17.31268
2026-04-08 23:00:00+02:00,10.6455,7.0911775,11.159999,0.0,0.0,38260.0,4.6472077,15.95788
2026-04-09 00:00:00+02:00,10.295501,6.989936,11.159999,0.0,0.0,39300.0,3.67394,12.194616
2026-04-09 01:00:00+02:00,10.045501,6.3690495,9.0,0.0,0.0,40180.0,4.556962,9.310345
2026-04-09 02:00:00+02:00,9.545501,6.439876,8.64,0.0,0.0,36620.0,5.094838,10.274241
2026-04-09 03:00:00+02:00,9.045501,7.9932966,8.64,0.0,0.0,37320.0,6.47666,12.5680065
2026-04-09 04:00:00+02:00,8.3955,7.653705,8.64,0.0,0.0,38780.0,4.844117,11.444951
2026-04-09 05:00:00+02:00,8.1955,7.729527,10.799999,0.0,0.0,36960.0,5.562481,9.813965
2026-04-09 06:00:00+02:00,7.9455,8.78872,15.84,0.0,0.0,36840.0,11.282507,14.289349
2026-04-09 07:00:00+02:00,7.8455,8.14587,16.56,0.0,0.0,38280.0,11.319258,18.25503
2026-04-09 08:00:00+02:00,8.8955,7.5942082,15.4800005,0.0,0.0,40520.0,10.677303,16.245003
2026-04-09 09:00:00+02:00,13.9455,3.0547013,12.599999,0.0,0.0,43740.0,8.706063,16.77011
2026-04-09 10:00:00+02:00,15.8455,4.6938257,10.08,0.0,0.0,42620.0,4.6916795,17.167427
2026-04-09 11:00:00+02:00,16.9455,8.373386,11.5199995,0.0,0.0,41520.0,1.4410379,17.256958
2026-04-09 12:00:00+02:00,18.1455,11.770403,18.359999,0.0,0.0,42520.0,5.487309,14.153901
2026-04-09 13:00:00+02:00,19.245499,10.931203,18.359999,0.0,0.0,43440.0,5.7641516,12.915714
2026-04-09 14:00:00+02:00,19.6955,11.298495,18.359999,0.0,0.0,41900.0,5.333787,11.103232
2026-04-09 15:00:00+02:00,20.2955,10.30883,19.08,0.0,0.0,42600.0,5.195736,8.6452055
2026-04-09 16:00:00+02:00,20.245499,10.630672,22.319998,0.0,0.0,41440.0,9.666777,12.413793
2026-04-09 17:00:00+02:00,20.345499,12.181624,23.759998,0.0,0.0,43840.0,15.284514,14.948187
2026-04-09 18:00:00+02:00,19.6955,7.928177,24.84,0.0,0.0,43240.0,11.392405,14.896551
2026-04-09 19:00:00+02:00,18.7955,1.2979984,15.84,0.0,0.0,43060.0,7.7602262,18.26558
2026-04-09 20:00:00+02:00,16.4955,3.219938,8.28,0.0,0.0,43040.0,1.3670886,21.330421
2026-04-09 21:00:00+02:00,13.6955,7.9036193,16.199999,40.0,0.0,40180.0,1.2889035,22.77178
2026-04-09 22:00:00+02:00,12.545501,6.439876,14.759999,46.0,0.0,39520.0,6.728273,20.864775
2026-04-09 23:00:00+02:00,12.1955,6.12,11.5199995,42.0,0.0,39500.0,2.278481,21.330421
2026-04-10 00:00:00+02:00,11.245501,6.6087217,12.959999,47.0,0.0,38820.0,1.4410379,27.373749
2026-04-10 01:00:00+02:00,10.545501,6.4096174,13.32,32.0,0.0,37780.0,6.444517,27.267992
2026-04-10 02:00:00+02:00,11.1955,7.42159,12.599999,43.0,0.0,40000.0,9.612922,33.568924
2026-04-10 03:00:00+02:00,10.3955,5.8603754,13.679999,0.0,0.0,39740.0,10.490913,29.64402
2026-04-10 04:00:00+02:00,9.6455,5.904439,11.159999,0.0,0.0,39380.0,9.350104,28.362186
2026-04-10 05:00:00+02:00,9.3955,7.145796,12.959999,0.0,0.0,38660.0,8.598059,30.56542
2026-04-10 06:00:00+02:00,8.5455,6.489992,14.759999,0.0,0.0,39680.0,8.11344,26.718508
2026-04-10 07:00:00+02:00,8.1455,7.145796,14.04,0.0,0.0,39920.0,7.205189,27.204338
2026-04-10 08:00:00+02:00,9.8455,6.6185193,12.24,0.0,0.0,39860.0,10.628571,34.97959
2026-04-10 09:00:00+02:00,13.4455,4.32,12.24,0.0,0.0,41280.0,12.537857,37.375618
2026-04-10 10:00:00+02:00,17.095499,2.2768397,9.36,0.0,0.0,42980.0,9.612922,29.14599
2026-04-10 11:00:00+02:00,17.3955,3.219938,10.08,0.0,0.0,42700.0,11.087566,31.022066
2026-04-10 12:00:00+02:00,18.745499,6.6087217,14.4,0.0,0.0,45000.0,5.487309,29.409164
2026-04-10 13:00:00+02:00,17.745499,14.512064,30.960001,0.0,0.0,42720.0,5.941551,22.379284
2026-04-10 14:00:00+02:00,15.745501,13.979872,32.399998,0.0,0.0,39440.0,9.612922,28.659466
2026-04-10 15:00:00+02:00,16.2955,11.753876,29.519999,0.0,0.0,39440.0,4.0758705,28.659466
2026-04-10 16:00:00+02:00,15.3955,6.638072,25.56,5.0,0.4,38260.0,4.57969,30.108244
2026-04-10 17:00:00+02:00,16.3955,5.0528407,11.159999,28.0,0.0,40020.0,10.004581,41.60473
2026-04-10 18:00:00+02:00,14.745501,6.725354,15.84,41.0,0.0,34920.0,9.994198,40.344826
2026-04-10 19:00:00+02:00,14.3455,7.145796,17.28,10.0,0.0,35380.0,7.34788,36.751953
2026-04-10 20:00:00+02:00,12.6955,3.96,12.24,43.0,0.0,27660.0,9.227144,41.752625
2026-04-10 21:00:00+02:00,11.3955,6.439876,11.5199995,0.0,0.0,37660.0,11.618018,42.49798
2026-04-10 22:00:00+02:00,9.8955,6.9153743,13.32,0.0,0.0,36560.0,15.318443,41.026596
2026-04-10 23:00:00+02:00,10.0955,8.404285,13.32,0.0,0.0,38880.0,15.284515,40.30661
2026-04-11 00:00:00+02:00,9.745501,8.14587,15.84,0.0,0.0,39580.0,14.301892,37.658012
2026-04-11 01:00:00+02:00,8.8455,7.2,15.4800005,0.0,0.0,38860.0,13.9118,33.66061
2026-04-11 02:00:00+02:00,8.745501,7.653705,13.679999,0.0,0.0,39040.0,11.644798,36.704754
2026-04-11 03:00:00+02:00,8.2955,6.9153743,14.04,0.0,0.0,38700.0,11.254866,35.111507
2026-04-11 04:00:00+02:00,7.5455,6.9247384,13.32,0.0,0.0,37620.0,10.035667,36.03209
2026-04-11 05:00:00+02:00,7.7955,7.2,14.04,0.0,0.0,39000.0,11.821781,42.49798
2026-04-11 06:00:00+02:00,7.2455,7.10031,13.32,0.0,0.0,38160.0,10.240498,41.701843
2026-04-11 07:00:00+02:00,6.5955,7.24486,14.04,0.0,0.0,36640.0,13.525812,37.262062
2026-04-11 08:00:00+02:00,8.4455,6.9153743,14.04,0.0,0.0,38660.0,12.636843,36.62069
2026-04-11 09:00:00+02:00,11.995501,1.835647,11.879999,0.0,0.0,39660.0,12.864844,31.059296
2026-04-11 10:00:00+02:00,14.4455,5.6002855,12.959999,0.0,0.0,40740.0,10.118097,27.373749
2026-04-11 11:00:00+02:00,15.495501,5.3517847,15.4800005,0.0,0.0,39880.0,14.265547,26.689655
2026-04-11 12:00:00+02:00,17.5455,5.8603754,13.679999,0.0,0.0,41260.0,14.067659,29.507248
2026-04-11 13:00:00+02:00,18.5455,9.0,20.880001,0.0,0.0,41500.0,11.501252,29.059942
2026-04-11 14:00:00+02:00,18.745499,13.584932,24.119999,0.0,0.0,43760.0,3.0569031,27.48611
2026-04-11 15:00:00+02:00,19.5455,11.808878,26.28,0.0,0.0,43840.0,6.940957,23.635157
2026-04-11 16:00:00+02:00,20.095499,8.14587,21.96,0.0,0.0,43380.0,9.113924,24.982275
2026-04-11 17:00:00+02:00,20.5455,6.379216,16.56,0.0,0.0,42780.0,16.461926,16.884583
2026-04-11 18:00:00+02:00,18.595499,12.879752,27.72,0.0,0.0,41220.0,7.78694,20.49216
2026-04-11 19:00:00+02:00,17.7955,5.692099,22.68,0.0,0.0,40900.0,3.286072,29.799566
2026-04-11 20:00:00+02:00,15.545501,6.519877,8.28,0.0,0.0,41700.0,21.203342,41.21865
2026-04-11 21:00:00+02:00,13.6455,5.904439,13.32,0.0,0.0,41440.0,9.952556,36.36733
2026-04-11 22:00:00+02:00,12.3455,5.3999996,9.0,0.0,0.0,40100.0,5.094838,39.25586
2026-04-11 23:00:00+02:00,12.1955,5.95906,11.879999,0.0,0.0,40840.0,2.0379353,37.184437
2026-04-12 00:00:00+02:00,11.1955,9.693296,16.919998,0.0,0.0,39080.0,22.370922,30.735107
2026-04-12 01:00:00+02:00,12.045501,6.0347,24.84,49.0,0.0,31400.0,16.866917,36.085506
2026-04-12 02:00:00+02:00,12.045501,2.9024127,10.08,90.0,0.0,31940.0,9.125309,32.773354
2026-04-12 03:00:00+02:00,11.245501,6.989936,13.32,93.0,0.0,22700.0,6.444517,30.659805
2026-04-12 04:00:00+02:00,11.0955,11.269782,22.68,100.0,0.0,24400.0,14.589397,27.204338
2026-04-12 05:00:00+02:00,10.1455,11.246759,24.48,100.0,0.0,28280.0,20.647614,31.81905
2026-04-12 06:00:00+02:00,10.0955,10.587918,21.599998,100.0,0.0,31340.0,15.473553,28.362186
2026-04-12 07:00:00+02:00,9.295501,7.127636,21.96,100.0,0.0,27000.0,9.65603,31.921795
2026-04-12 08:00:00+02:00,9.3455,4.198285,14.4,100.0,0.0,27660.0,3.3175182,30.816475
2026-04-12 09:00:00+02:00,9.245501,6.638072,13.679999,100.0,0.0,25000.0,3.67394,31.108875
2026-04-12 10:00:00+02:00,9.1455,8.587338,18.359999,100.0,0.0,23000.0,6.347113,33.367477
2026-04-12 11:00:00+02:00,9.3455,7.729527,18.0,100.0,0.0,19060.0,3.89347,34.74199
2026-04-12 12:00:00+02:00,10.1455,7.8625183,17.28,97.0,0.0,27360.0,4.2990294,34.946533
2026-04-12 13:00:00+02:00,10.495501,10.137692,24.48,100.0,0.0,26520.0,6.47666,31.91576
2026-04-12 14:00:00+02:00,10.745501,11.91812,24.84,100.0,0.0,28800.0,6.524576,30.108244
2026-04-12 15:00:00+02:00,10.5955,11.298495,23.759998,99.0,0.0,30200.0,5.941551,29.851236
2026-04-12 16:00:00+02:00,10.4455,10.028439,23.4,100.0,0.0,28980.0,6.1307654,31.70989
2026-04-12 17:00:00+02:00,9.8955,8.427383,22.68,98.0,0.0,25200.0,5.8000655,31.133633
2026-04-12 18:00:00+02:00,9.5955,8.699793,19.8,92.0,0.0,24440.0,5.3142853,29.818954
2026-04-12 19:00:00+02:00,9.0955,8.049845,18.72,100.0,0.0,20680.0,6.572144,29.198812
2026-04-12 20:00:00+02:00,8.3955,4.8965297,16.919998,100.0,0.0,17420.0,2.7718916,29.799566
2026-04-12 21:00:00+02:00,7.9955,1.0182338,8.28,100.0,0.0,3660.0,0.64445174,27.937927
2026-04-12 22:00:00+02:00,8.0955,4.5536795,9.36,100.0,0.0,5300.0,3.286072,26.71851
2026-04-12 23:00:00+02:00,7.7955,7.208994,14.759999,100.0,0.0,1560.0,5.941551,21.330421
2026-04-13 00:00:00+02:00,7.4455,5.8048253,13.32,100.0,0.3,5960.0,1.643036,38.70735
2026-04-13 01:00:00+02:00,7.0455,4.3498964,12.959999,100.0,0.1,1860.0,2.278481,31.951952
2026-04-13 02:00:00+02:00,6.8954997,3.8773184,11.879999,100.0,0.0,1700.0,3.0569031,31.806936
2026-04-13 03:00:00+02:00,6.7455,4.3498964,9.36,100.0,0.0,4060.0,3.757767,35.96252
2026-04-13 04:00:00+02:00,6.8455,4.32,9.72,100.0,0.0,12020.0,4.0758705,31.951952
2026-04-13 05:00:00+02:00,6.7455,5.2416787,11.5199995,100.0,0.0,1060.0,6.1138062,37.83662
2026-04-13 06:00:00+02:00,6.8455,4.6102495,10.08,100.0,0.0,1900.0,8.074956,37.907825
2026-04-13 07:00:00+02:00,6.7455,4.379589,10.440001,100.0,0.0,2040.0,5.709857,33.4021
2026-04-13 08:00:00+02:00,6.7455,3.4152596,9.36,100.0,0.0,2520.0,6.524576,32.114315
2026-04-13 09:00:00+02:00,6.9955,3.8773184,7.2,100.0,0.0,3560.0,4.907998,30.83522
2026-04-13 10:00:00+02:00,7.1454997,5.8603754,7.92,100.0,0.0,2680.0,3.9200466,26.948225
2026-04-13 11:00:00+02:00,7.3954997,6.6185193,10.799999,100.0,0.0,11740.0,5.9240503,28.102917
2026-04-13 12:00:00+02:00,7.9455,8.891344,13.32,86.0,0.0,15240.0,6.7744107,24.966848
2026-04-13 13:00:00+02:00,8.4455,10.163227,15.4800005,86.0,0.0,18680.0,8.151741,23.878407
2026-04-13 14:00:00+02:00,7.5455,8.854829,15.4800005,98.0,0.0,1100.0,7.6388597,24.151127
2026-04-13 15:00:00+02:00,8.0955,8.699793,14.4,100.0,0.0,15200.0,8.151741,19.62793
2026-04-13 16:00:00+02:00,8.1455,8.557102,16.199999,100.0,0.0,20740.0,12.039351,16.492132
2026-04-13 17:00:00+02:00,7.8455,7.4128532,16.56,100.0,0.0,22280.0,10.087265,10.274241
2026-04-13 18:00:00+02:00,7.4955,6.830519,14.759999,92.0,0.4,21680.0,7.78694,8.886923
2026-04-13 19:00:00+02:00,7.2455,5.991594,12.599999,96.0,0.3,23240.0,5.7641516,9.494725
2026-04-13 20:00:00+02:00,6.8954997,4.198285,12.24,90.0,0.2,21340.0,4.844117,8.711794
2026-04-13 21:00:00+02:00,6.3455,5.95906,12.24,87.0,0.1,20740.0,4.844117,9.950412
2026-04-13 22:00:00+02:00,5.9955,5.991594,12.599999,89.0,0.1,17660.0,4.9291077,10.5517235
2026-04-13 23:00:00+02:00,5.3954997,5.8048253,12.959999,86.0,0.3,15280.0,5.7641516,12.795845
2026-04-14 00:00:00+02:00,5.1955,6.12,13.32,100.0,0.1,15880.0,5.8357587,14.003396
2026-04-14 01:00:00+02:00,4.9955,5.6920996,12.599999,100.0,0.0,14380.0,4.488087,15.329903
2026-04-14 02:00:00+02:00,4.8455,5.95906,11.5199995,100.0,0.0,16580.0,5.562481,12.367153
2026-04-14 03:00:00+02:00,4.7455,3.8939953,11.879999,100.0,0.0,16900.0,2.278481,7.4740934
2026-04-14 04:00:00+02:00,4.6955,4.6938257,9.36,100.0,0.0,16000.0,3.4704785,5.6205835
2026-04-14 05:00:00+02:00,4.5955,3.7064266,10.08,100.0,0.0,15260.0,2.278481,1.7555753
2026-04-14 06:00:00+02:00,4.4455,2.0991426,6.4799995,99.0,0.0,10840.0,0.9113924,7.900089
2026-04-14 07:00:00+02:00,4.3955,1.835647,4.68,100.0,0.0,3240.0,2.453999,11.9230585
2026-04-14 08:00:00+02:00,4.5955,2.5959969,4.32,100.0,0.0,1620.0,2.278481,14.153901
2026-04-14 09:00:00+02:00,5.1955,4.379589,10.08,100.0,0.0,20260.0,3.67394,16.386677
2026-04-14 10:00:00+02:00,5.3954997,3.6179552,12.24,100.0,0.0,22160.0,3.67394,17.522804
2026-04-14 11:00:00+02:00,6.4955,5.0528407,9.72,88.0,0.0,24580.0,3.286072,15.554438
2026-04-14 12:00:00+02:00,7.5955,5.771239,13.679999,97.0,0.0,27760.0,3.89347,16.77011
2026-04-14 13:00:00+02:00,8.4455,8.4042845,14.4,87.0,0.0,29860.0,5.506198,17.390388
2026-04-14 14:00:00+02:00,8.745501,10.594036,16.56,82.0,0.0,31820.0,7.3619976,17.752157
2026-04-14 15:00:00+02:00,9.1955,11.304229,19.08,81.0,0.0,32000.0,9.227144,14.8057575
2026-04-14 16:00:00+02:00,9.1955,9.605998,18.359999,92.0,0.0,32760.0,8.377872,13.427569
2026-04-14 17:00:00+02:00,8.0955,7.172949,15.4800005,100.0,0.0,30180.0,2.453999,12.320337
2026-04-14 18:00:00+02:00,7.9455,6.2145634,11.879999,100.0,0.0,26700.0,2.6571426,14.072007
2026-04-14 19:00:00+02:00,7.8455,6.9899354,16.199999,100.0,0.0,31680.0,6.7744107,14.490146
2026-04-14 20:00:00+02:00,7.5455,4.2136917,13.32,100.0,0.0,28460.0,5.195736,15.329903
2026-04-14 21:00:00+02:00,7.0955,3.319036,8.64,100.0,0.0,23600.0,4.844117,14.543223
2026-04-14 22:00:00+02:00,6.7955,2.0991426,5.04,100.0,0.0,15160.0,2.577807,14.289349
2026-04-14 23:00:00+02:00,6.7955,1.9386592,3.96,98.0,0.0,9720.0,4.57969,13.196042
2026-04-15 00:00:00+02:00,6.3455,3.319036,8.28,100.0,0.0,2040.0,3.757767,13.283339
2026-04-15 01:00:00+02:00,6.4455,1.484318,7.2,88.0,0.0,16000.0,0.64445174,13.196042
2026-04-15 02:00:00+02:00,6.5955,0.71999997,8.64,100.0,0.0,14380.0,3.0569031,9.695481
2026-04-15 03:00:00+02:00,6.5955,3.2399998,5.3999996,100.0,0.0,17260.0,0.64445174,7.8511715
2026-04-15 04:00:00+02:00,6.6955,0.8049845,5.7599998,87.0,0.0,23700.0,1.0189676,8.777877
2026-04-15 05:00:00+02:00,6.6454997,3.8939953,2.8799999,84.0,0.0,24120.0,3.757767,7.5510154
2026-04-15 06:00:00+02:00,6.0955,2.8799999,6.12,43.0,0.0,27940.0,2.0379353,6.2068963
2026-04-15 07:00:00+02:00,5.1955,0.5091169,2.8799999,42.0,0.0,25320.0,1.643036,8.068965
2026-04-15 08:00:00+02:00,5.8455,2.5455842,1.8,19.0,0.0,31440.0,0.4556962,8.886923
2026-04-15 09:00:00+02:00,7.5955,2.16,6.12,16.0,0.0,28140.0,1.0189676,9.6356945
2026-04-15 10:00:00+02:00,9.1955,4.5536795,7.92,30.0,0.0,28280.0,1.2889035,8.442291
2026-04-15 11:00:00+02:00,10.045501,5.2416787,7.92,57.0,0.0,28300.0,2.6571426,5.551616
2026-04-15 12:00:00+02:00,11.5955,6.638072,9.36,25.0,0.0,33240.0,3.2222586,3.1034482
2026-04-15 13:00:00+02:00,12.0955,13.32,20.519999,20.0,0.0,35700.0,2.6571426,3.1034482
2026-04-15 14:00:00+02:00,12.245501,14.707222,23.759998,0.0,0.0,35580.0,2.0379353,5.7224755
2026-04-15 15:00:00+02:00,12.8455,12.0694,22.319998,0.0,0.0,36500.0,1.4410379,5.5862064
2026-04-15 16:00:00+02:00,13.245501,13.32,21.24,0.0,0.0,37480.0,2.453999,6.8557405
2026-04-15 17:00:00+02:00,12.5955,12.522619,22.319998,0.0,0.0,36760.0,2.278481,6.329817
2026-04-15 18:00:00+02:00,12.045501,8.12197,19.08,0.0,0.0,34920.0,3.1898732,7.4482756
2026-04-15 19:00:00+02:00,11.295501,6.6185193,12.599999,0.0,0.0,32020.0,2.6571426,6.8557405
2026-04-15 20:00:00+02:00,9.995501,4.6102495,12.599999,0.0,0.0,28440.0,1.4410379,10.998648
2026-04-15 21:00:00+02:00,8.745501,0.8049845,9.72,36.0,0.0,27680.0,1.0189676,10.569963
2026-04-15 22:00:00+02:00,8.1455,2.3051248,7.5599995,51.0,0.0,24200.0,2.577807,11.858258
2026-04-15 23:00:00+02:00,7.8455,5.1919937,10.08,91.0,0.0,23860.0,5.468354,10.008319
2026-04-16 00:00:00+02:00,7.8455,4.896529,8.64,89.0,0.0,20580.0,1.8788835,16.149862
2026-04-16 01:00:00+02:00,7.8954997,3.319036,7.5599995,74.0,0.0,21840.0,2.8820758,14.948187
2026-04-16 02:00:00+02:00,8.1955,2.0991426,5.3999996,92.0,0.0,22000.0,1.8227848,14.609298
2026-04-16 03:00:00+02:00,8.5955,1.609969,2.52,93.0,0.0,26960.0,2.3236039,13.612786
2026-04-16 04:00:00+02:00,8.6955,1.835647,2.52,96.0,0.0,28100.0,2.577807,13.326771
2026-04-16 05:00:00+02:00,8.795501,2.16,2.16,90.0,0.0,19960.0,3.0569031,10.551724
2026-04-16 06:00:00+02:00,8.5455,2.5455842,2.8799999,94.0,0.0,20280.0,3.757767,9.310345
2026-04-16 07:00:00+02:00,8.1955,2.8116899,6.12,98.0,0.0,14200.0,5.0333285,7.4740934
2026-04-16 08:00:00+02:00,8.6955,2.52,3.96,91.0,0.0,12160.0,1.0189676,7.948705
2026-04-16 09:00:00+02:00,9.6955,4.896529,8.64,82.0,0.0,17640.0,3.67394,4.3889384
2026-04-16 10:00:00+02:00,10.245501,4.379589,9.36,96.0,0.0,17600.0,2.7718916,5.339374
2026-04-16 11:00:00+02:00,11.8955,0.5091169,6.4799995,49.0,0.0,31600.0,4.0758705,5.339374
2026-04-16 12:00:00+02:00,13.6955,6.924738,8.64,2.0,0.0,35620.0,1.2889035,3.6192114
2026-04-16 13:00:00+02:00,14.6455,10.495713,14.759999,0.0,0.0,38540.0,4.6916795,4.3889384
2026-04-16 14:00:00+02:00,15.6455,12.371645,19.08,0.0,0.0,40820.0,6.1138062,6.48019
2026-04-16 15:00:00+02:00,16.1455,13.202726,20.519999,0.0,0.0,40720.0,6.47666,7.238423
2026-04-16 16:00:00+02:00,16.4955,12.7279215,20.880001,0.0,0.0,41520.0,7.418196,7.5764823
2026-04-16 17:00:00+02:00,16.4955,13.722565,24.119999,18.0,0.0,41880.0,13.309138,11.444951
2026-04-16 18:00:00+02:00,15.795501,11.928989,24.84,22.0,0.0,41560.0,15.044876,13.948265
2026-04-16 19:00:00+02:00,15.045501,8.473393,24.84,16.0,0.0,41420.0,11.419714,12.051613
2026-04-16 20:00:00+02:00,13.9455,3.8939953,15.84,53.0,0.0,41340.0,7.205189,14.4368725
2026-04-16 21:00:00+02:00,11.995501,5.0142193,5.7599998,2.0,0.0,41000.0,1.8788835,11.41124
2026-04-16 22:00:00+02:00,8.995501,5.904439,9.72,0.0,0.0,33760.0,3.67394,13.948265
2026-04-16 23:00:00+02:00,8.4455,5.8048253,11.159999,0.0,0.0,32280.0,1.9333551,13.268828
2026-04-17 00:00:00+02:00,8.495501,5.315336,11.159999,0.0,0.0,35340.0,1.3670886,13.948265
2026-04-17 01:00:00+02:00,7.7455,5.6233797,11.879999,0.0,0.0,34400.0,2.8820758,11.939203
2026-04-17 02:00:00+02:00,7.0955,5.991594,10.08,0.0,0.0,31580.0,3.1898732,12.226168
2026-04-17 03:00:00+02:00,6.9955,5.0528407,10.08,0.0,0.0,34880.0,0.64445174,13.879042
2026-04-17 04:00:00+02:00,7.0955,4.39436,9.0,0.0,0.0,36640.0,0.64445174,14.329733
2026-04-17 05:00:00+02:00,5.8455,4.896529,5.7599998,0.0,0.0,37040.0,2.6571426,12.659634
2026-04-17 06:00:00+02:00,5.6454997,3.396233,5.3999996,0.0,0.0,38460.0,3.757767,10.998648
2026-04-17 07:00:00+02:00,6.8455,2.968636,3.6,0.0,0.0,40240.0,0.64445174,12.795845
2026-04-17 08:00:00+02:00,4.0955,2.5959969,4.68,0.0,0.0,30800.0,1.0189676,10.606349
2026-04-17 09:00:00+02:00,7.2955,1.484318,3.6,0.0,0.0,27160.0,2.577807,11.595439
2026-04-17 10:00:00+02:00,11.045501,2.16,6.12,0.0,0.0,35440.0,2.453999,11.595439
2026-04-17 11:00:00+02:00,14.3955,7.289444,13.32,0.0,0.0,39700.0,0.9113924,15.216393
2026-04-17 12:00:00+02:00,15.495501,10.587917,15.4800005,0.0,0.0,40640.0,0.9113924,17.478779
2026-04-17 13:00:00+02:00,16.5455,11.726277,17.64,0.0,0.0,40960.0,0.9113924,14.922391
2026-04-17 14:00:00+02:00,16.845499,14.799459,22.319998,0.0,0.0,41300.0,7.543114,14.529971
2026-04-17 15:00:00+02:00,17.1955,12.864649,24.84,0.0,0.0,40580.0,7.840093,10.857635
2026-04-17 16:00:00+02:00,17.0455,11.27553,20.16,21.0,0.0,40180.0,6.1138062,9.454063
2026-04-17 17:00:00+02:00,17.3955,12.303366,18.72,4.0,0.0,40320.0,10.240498,11.444951
2026-04-17 18:00:00+02:00,17.1455,9.565437,21.24,4.0,0.0,40460.0,6.524576,11.776757
2026-04-17 19:00:00+02:00,16.345499,6.6087217,16.919998,37.0,0.0,40320.0,6.728273,11.41124
2026-04-17 20:00:00+02:00,14.545501,3.2599385,12.24,50.0,0.0,39680.0,3.2222586,13.556066
2026-04-17 21:00:00+02:00,12.6955,5.8603754,6.8399997,17.0,0.0,38980.0,2.278481,14.329733
2026-04-17 22:00:00+02:00,10.3455,6.1305785,12.959999,8.0,0.0,28940.0,1.8788835,14.896551
2026-04-17 23:00:00+02:00,9.8455,6.297428,11.5199995,20.0,0.0,28840.0,1.643036,13.6692705
2026-04-18 00:00:00+02:00,9.3955,7.10031,12.959999,9.0,0.0,30180.0,3.9200466,12.5526705
2026-04-18 01:00:00+02:00,8.8955,6.4096174,12.959999,0.0,0.0,29640.0,4.556962,11.326523
2026-04-18 02:00:00+02:00,8.245501,6.9247384,10.799999,6.0,0.0,27960.0,4.2990294,7.4740934
2026-04-18 03:00:00+02:00,8.1455,7.491114,9.0,0.0,0.0,30480.0,6.198138,10.839878
2026-04-18 04:00:00+02:00,7.6955,6.638072,10.08,0.0,0.0,29600.0,4.556962,12.226168
2026-04-18 05:00:00+02:00,7.6454997,6.489992,6.8399997,0.0,0.0,33060.0,1.8788835,9.813965
2026-04-18 06:00:00+02:00,7.2955,6.151683,6.8399997,0.0,0.0,34500.0,1.643036,9.695481
2026-04-18 07:00:00+02:00,7.1454997,4.6800003,6.12,0.0,0.0,36740.0,1.643036,8.442291
2026-04-18 08:00:00+02:00,8.6955,5.154415,6.12,0.0,0.0,34200.0,1.8788835,10.551724
2026-04-18 09:00:00+02:00,12.245501,1.609969,5.3999996,0.0,0.0,32420.0,2.6571426,12.241913
2026-04-18 10:00:00+02:00,14.0955,2.5455842,7.2,0.0,0.0,38780.0,2.577807,13.612786
2026-04-18 11:00:00+02:00,16.1955,4.3498964,10.799999,0.0,0.0,40420.0,4.9291077,17.077427
2026-04-18 12:00:00+02:00,17.1955,8.891344,12.959999,0.0,0.0,40820.0,4.2990294,15.702343
2026-04-18 13:00:00+02:00,17.8955,12.522619,19.44,0.0,0.0,41680.0,4.907998,15.216393
2026-04-18 14:00:00+02:00,18.745499,12.904882,20.519999,0.0,0.0,41860.0,6.524576,12.4293
2026-04-18 15:00:00+02:00,19.095499,12.57426,19.08,0.0,0.0,41400.0,6.6350365,12.5526705
2026-04-18 16:00:00+02:00,19.0455,12.303366,20.519999,0.0,0.0,41340.0,9.666777,14.289349
2026-04-18 17:00:00+02:00,19.1455,11.119281,20.880001,0.0,0.0,41520.0,8.253009,14.153901
2026-04-18 18:00:00+02:00,18.6955,8.557102,17.64,0.0,0.0,41380.0,5.468354,16.433628
2026-04-18 19:00:00+02:00,17.7955,6.763786,16.919998,0.0,0.0,41780.0,5.0333285,17.390388
2026-04-18 20:00:00+02:00,15.745501,3.5455887,12.599999,0.0,0.0,41580.0,5.7641516,17.555754
2026-04-18 21:00:00+02:00,13.295501,6.849467,6.8399997,0.0,0.0,41200.0,2.0379353,17.555754
2026-04-18 22:00:00+02:00,10.745501,6.792466,14.759999,0.0,0.0,33240.0,3.286072,17.87112
2026-04-18 23:00:00+02:00,10.8455,7.2,13.32,0.0,0.0,33240.0,4.556962,19.430658
2026-04-19 00:00:00+02:00,10.4455,7.491114,14.04,0.0,0.0,34120.0,4.556962,24.14315
2026-04-19 01:00:00+02:00,9.8455,6.3690495,13.679999,0.0,0.0,33360.0,7.7602262,28.266945
2026-04-19 02:00:00+02:00,9.6955,7.145796,11.5199995,0.0,0.0,33960.0,7.7602262,30.710028
2026-04-19 03:00:00+02:00,9.495501,7.8954163,15.119999,0.0,0.0,37160.0,8.706063,31.170732
2026-04-19 04:00:00+02:00,9.745501,6.3690495,14.4,0.0,0.0,37240.0,8.753638,31.090292
2026-04-19 05:00:00+02:00,9.8455,7.2,19.44,46.0,0.0,37100.0,7.205189,31.25713
2026-04-19 06:00:00+02:00,10.0955,8.161764,24.119999,4.0,0.0,36820.0,10.311228,29.179014
2026-04-19 07:00:00+02:00,10.045501,6.1305785,24.119999,0.0,0.0,35080.0,8.062088,27.338541
2026-04-19 08:00:00+02:00,12.295501,3.563818,14.759999,9.0,0.0,38460.0,8.11344,26.689655
2026-04-19 09:00:00+02:00,13.9455,1.0182338,7.2,31.0,0.0,37060.0,8.598059,21.724136
2026-04-19 10:00:00+02:00,15.1955,1.1384199,7.5599995,0.0,0.0,39200.0,10.870049,25.5691
2026-04-19 11:00:00+02:00,16.5455,3.8268526,10.08,0.0,0.0,40100.0,7.78694,30.439116
2026-04-19 12:00:00+02:00,16.845499,8.854829,19.8,16.0,0.0,40720.0,4.844117,29.818954
2026-04-19 13:00:00+02:00,17.2955,13.905509,24.84,40.0,0.0,41540.0,2.6571426,28.368979
2026-04-19 14:00:00+02:00,17.1455,11.367109,23.4,45.0,0.0,40620.0,3.89347,28.551722
2026-04-19 15:00:00+02:00,16.6455,13.237039,32.399998,94.0,0.0,39540.0,18.6891,25.478535
2026-04-19 16:00:00+02:00,16.1955,16.965895,36.0,59.0,0.0,38580.0,22.495888,27.758083
2026-04-19 17:00:00+02:00,15.795501,13.797913,35.28,45.0,0.0,39740.0,18.233543,29.356714
2026-04-19 18:00:00+02:00,15.3455,11.503113,29.16,44.0,0.0,39760.0,18.369701,27.48611
2026-04-19 19:00:00+02:00,14.545501,10.365251,24.84,55.0,0.0,39720.0,18.70576,24.710932
2026-04-19 20:00:00+02:00,13.4455,5.6002855,20.880001,63.0,0.0,39420.0,11.392405,26.076353
2026-04-19 21:00:00+02:00,11.9455,4.0249224,10.799999,61.0,0.0,40060.0,6.7744107,27.993032
2026-04-19 22:00:00+02:00,11.245501,3.2599385,6.4799995,59.0,0.0,40100.0,2.0379353,28.178215
2026-04-19 23:00:00+02:00,10.3455,5.1919937,8.64,21.0,0.0,40160.0,2.453999,31.752386
2026-04-20 00:00:00+02:00,9.1455,4.6102495,7.5599995,53.0,0.0,39520.0,2.6571426,34.896893
2026-04-20 01:00:00+02:00,8.0455,5.634891,8.64,17.0,0.0,36600.0,9.688234,39.226406
2026-04-20 02:00:00+02:00,7.0955,5.0528407,12.24,0.0,0.0,31840.0,10.411436,41.04068
2026-04-20 03:00:00+02:00,6.8954997,6.725354,11.5199995,0.0,0.0,33640.0,9.612922,42.247948
2026-04-20 04:00:00+02:00,5.1454997,3.9763298,12.959999,0.0,0.0,22300.0,4.844117,41.590836
2026-04-20 05:00:00+02:00,4.5455,4.3349743,5.7599998,0.0,0.0,24820.0,6.9559,41.60473
2026-04-20 06:00:00+02:00,4.5455,4.452954,6.12,0.0,0.0,33340.0,8.21518,41.590836
2026-04-20 07:00:00+02:00,5.0455,3.9763298,6.4799995,0.0,0.0,35900.0,4.844117,42.84557
2026-04-20 08:00:00+02:00,6.2455,5.04,6.8399997,0.0,0.0,29820.0,5.506198,39.84518
2026-04-20 09:00:00+02:00,8.6455,6.1094027,13.679999,0.0,0.0,31200.0,3.9200466,37.262062
2026-04-20 10:00:00+02:00,10.3455,9.826088,22.319998,0.0,0.0,36560.0,1.4410379,37.867157
2026-04-20 11:00:00+02:00,11.3955,11.269782,27.359999,6.0,0.0,38400.0,1.2889035,39.103443
2026-04-20 12:00:00+02:00,12.6455,13.049689,29.519999,0.0,0.0,39840.0,4.2990294,39.743526
2026-04-20 13:00:00+02:00,13.795501,12.768586,28.8,0.0,0.0,40700.0,4.201311,36.048122
2026-04-20 14:00:00+02:00,14.495501,14.007655,24.84,0.0,0.0,40660.0,6.3960004,35.466316
2026-04-20 15:00:00+02:00,14.495501,14.799459,24.119999,0.0,0.0,40680.0,11.618018,29.844782
2026-04-20 16:00:00+02:00,14.545501,12.979984,23.759998,0.0,0.0,41180.0,12.512989,29.059942
2026-04-20 17:00:00+02:00,14.1455,12.72283,23.759998,0.0,0.0,41200.0,13.402427,28.953691
2026-04-20 18:00:00+02:00,13.6455,10.365251,22.68,0.0,0.0,41460.0,9.952556,29.702448
2026-04-20 19:00:00+02:00,12.8455,6.6185193,20.880001,0.0,0.0,41660.0,4.488087,29.960732
2026-04-20 20:00:00+02:00,10.8455,5.6233797,14.4,0.0,0.0,41500.0,6.330734,30.816475
2026-04-20 21:00:00+02:00,9.3455,1.5273507,9.72,0.0,0.0,41660.0,2.6571426,31.040686
2026-04-20 22:00:00+02:00,7.3954997,4.39436,5.04,7.0,0.0,40600.0,2.453999,29.23178
2026-04-20 23:00:00+02:00,8.245501,2.2768397,4.32,50.0,0.0,41200.0,1.8227848,29.896374
2026-04-21 00:00:00+02:00,7.5955,3.0547013,5.04,70.0,0.0,40440.0,2.0379353,30.413792
2026-04-21 01:00:00+02:00,6.2455,2.9024127,7.5599995,45.0,0.0,38580.0,3.5591009,31.806936
2026-04-21 02:00:00+02:00,6.8954997,3.6,6.12,37.0,0.0,39560.0,7.4739733,32.919964
2026-04-21 03:00:00+02:00,5.6454997,6.12,12.24,21.0,0.0,34080.0,8.976174,32.490005
2026-04-21 04:00:00+02:00,5.0955,4.1046314,12.24,3.0,0.0,34120.0,5.3142853,29.954306
2026-04-21 05:00:00+02:00,4.4955,2.52,11.159999,56.0,0.0,35620.0,3.8667102,31.776642
2026-04-21 06:00:00+02:00,4.3955,2.9024127,3.2399998,38.0,0.0,36840.0,6.330734,30.439116
2026-04-21 07:00:00+02:00,3.6455002,4.198285,7.5599995,5.0,0.0,35340.0,3.286072,26.406677
2026-04-21 08:00:00+02:00,3.2954998,2.4149535,5.7599998,0.0,0.0,15200.0,0.64445174,25.273579
2026-04-21 09:00:00+02:00,7.2955,2.4149535,6.4799995,0.0,0.0,31600.0,1.2889035,26.515873
2026-04-21 10:00:00+02:00,9.1955,8.891344,18.72,0.0,0.0,36660.0,2.0379353,26.054182
2026-04-21 11:00:00+02:00,10.545501,11.770403,18.72,0.0,0.0,39660.0,4.488087,28.558468
2026-04-21 12:00:00+02:00,11.8455,14.118243,21.599998,11.0,0.0,40780.0,9.227144,28.578697
2026-04-21 13:00:00+02:00,13.0955,12.661564,21.599998,0.0,0.0,40980.0,7.958392,25.478535
2026-04-21 14:00:00+02:00,13.8455,14.707222,23.759998,0.0,0.0,41520.0,12.537857,23.757093
2026-04-21 15:00:00+02:00,14.295501,13.493999,23.4,0.0,0.0,41800.0,14.309151,21.590723
2026-04-21 16:00:00+02:00,14.5955,11.5199995,22.319998,0.0,0.0,42160.0,16.405064,22.041037
2026-04-21 17:00:00+02:00,14.045501,11.367109,24.48,0.0,0.0,42460.0,13.223043,20.331732
2026-04-21 18:00:00+02:00,13.245501,10.041354,18.72,0.0,0.0,41960.0,10.066657,26.054182
2026-04-21 19:00:00+02:00,12.295501,6.379216,16.919998,0.0,0.0,41620.0,8.670211,22.353445
2026-04-21 20:00:00+02:00,10.745501,4.3349743,12.599999,0.0,0.0,41000.0,5.6366506,24.897316
2026-04-21 21:00:00+02:00,8.5955,4.39436,9.0,62.0,0.0,39780.0,13.033229,25.5691
2026-04-21 22:00:00+02:00,7.8455,2.1897945,6.4799995,17.0,0.0,39220.0,4.323114,24.827585
2026-04-21 23:00:00+02:00,5.9955,1.0182338,3.2399998,0.0,0.0,37160.0,1.8227848,23.618853
2026-04-22 00:00:00+02:00,6.0455,0.71999997,4.32,0.0,0.0,40820.0,3.3175182,19.28138
2026-04-22 01:00:00+02:00,4.4955,1.2979984,3.96,0.0,0.0,37100.0,0.9113924,17.043554
2026-04-22 02:00:00+02:00,3.9455,2.7416782,5.3999996,0.0,0.0,37760.0,4.0758705,18.381218
2026-04-22 03:00:00+02:00,2.9955,2.4149535,3.6,0.0,0.0,36140.0,2.0379353,17.043554
2026-04-22 04:00:00+02:00,2.4955,2.5959969,4.68,0.0,0.0,36740.0,0.64445174,17.914183
2026-04-22 05:00:00+02:00,1.6955,5.1544156,5.7599998,0.0,0.0,32940.0,3.67394,21.865547
2026-04-22 06:00:00+02:00,2.5955,2.5455842,5.7599998,0.0,0.0,38000.0,2.9178793,19.900824
2026-04-22 07:00:00+02:00,2.1455002,1.2979984,2.8799999,0.0,0.0,36800.0,0.9113924,16.149862
2026-04-22 08:00:00+02:00,2.6455002,4.8965297,3.2399998,0.0,0.0,33500.0,3.2222586,13.398848
2026-04-22 09:00:00+02:00,6.1955,2.1897945,6.8399997,0.0,0.0,35300.0,3.757767,7.5764823
2026-04-22 10:00:00+02:00,8.5955,2.5455842,9.0,0.0,0.0,36360.0,1.643036,7.238423
2026-04-22 11:00:00+02:00,10.495501,9.346143,9.36,0.0,0.0,36140.0,1.3670886,6.113084
2026-04-22 12:00:00+02:00,11.795501,12.015589,18.0,0.0,0.0,40500.0,3.5591009,1.8620689
2026-04-22 13:00:00+02:00,13.1955,12.7279215,20.519999,0.0,0.0,40660.0,10.118097,3.7755077
2026-04-22 14:00:00+02:00,13.8455,15.188415,21.24,0.0,0.0,40040.0,14.674548,6.390391
2026-04-22 15:00:00+02:00,14.6955,14.764389,25.56,0.0,0.0,40600.0,18.788836,6.2068963
2026-04-22 16:00:00+02:00,15.4455,11.525623,24.84,0.0,0.0,41300.0,15.318443,6.113084
2026-04-22 17:00:00+02:00,15.5955,13.556282,21.599998,0.0,0.0,41740.0,17.725351,5.6205835
2026-04-22 18:00:00+02:00,14.9455,12.10157,23.4,0.0,0.0,44860.0,16.335293,4.9655166
2026-04-22 19:00:00+02:00,13.8955,8.4042845,23.039999,0.0,0.0,42540.0,14.075039,1.2413791
2026-04-22 20:00:00+02:00,11.0955,5.4477882,16.56,11.0,0.0,40740.0,12.636843,0.6206896
2026-04-22 21:00:00+02:00,8.5955,1.1384199,8.28,4.0,0.0,39440.0,5.8357587,3.1649084
2026-04-22 22:00:00+02:00,7.3455,3.319036,3.6,0.0,0.0,39880.0,6.1138062,6.8557405
2026-04-22 23:00:00+02:00,4.7955,4.5820518,8.28,0.0,0.0,34220.0,4.6472077,8.6452055
2026-04-23 00:00:00+02:00,5.7955,3.219938,5.04,0.0,0.0,39980.0,3.4704785,12.051613
2026-04-23 01:00:00+02:00,3.9955,4.1046314,4.68,0.0,0.0,38540.0,2.278481,15.41761
2026-04-23 02:00:00+02:00,-0.4045,3.096837,5.3999996,82.0,0.0,660.0,0.9113924,14.948187
2026-04-23 03:00:00+02:00,-0.6545,1.0182338,3.2399998,97.0,0.0,240.0,1.0189676,17.256958
2026-04-23 04:00:00+02:00,1.5955,1.0182338,1.4399999,0.0,0.0,29200.0,0.9113924,18.948832
2026-04-23 05:00:00+02:00,1.5455,6.151683,3.6,0.0,0.0,39800.0,0.64445174,16.71258
2026-04-23 06:00:00+02:00,1.6955,5.815978,8.28,0.0,0.0,40200.0,1.3670886,17.87112
2026-04-23 07:00:00+02:00,2.6455002,3.8268526,7.5599995,0.0,0.0,40740.0,2.6571426,19.161121
2026-04-23 08:00:00+02:00,3.1955,5.506941,5.3999996,0.0,0.0,35540.0,2.453999,21.438515
2026-04-23 09:00:00+02:00,8.0955,1.8,9.0,0.0,0.0,27660.0,0.64445174,19.430658
2026-04-23 10:00:00+02:00,10.3955,1.9386592,8.28,0.0,0.0,41100.0,0.64445174,19.171173
2026-04-23 11:00:00+02:00,12.1455,6.489992,14.759999,0.0,0.0,40300.0,4.2990294,21.103449
2026-04-23 12:00:00+02:00,14.1455,7.6367526,15.119999,0.0,0.0,42100.0,3.4704785,19.430658
2026-04-23 13:00:00+02:00,15.0955,10.853866,16.199999,0.0,0.0,44900.0,9.350104,19.716057
2026-04-23 14:00:00+02:00,15.6955,12.261158,15.84,0.0,0.0,42200.0,7.418196,22.82248
2026-04-23 15:00:00+02:00,16.095499,14.404499,23.039999,0.0,0.0,41160.0,13.859459,19.598463
2026-04-23 16:00:00+02:00,16.5455,11.212135,25.56,0.0,0.0,41620.0,18.073395,14.948187
2026-04-23 17:00:00+02:00,17.095499,12.015589,24.48,0.0,0.0,43540.0,11.883102,16.492132
2026-04-23 18:00:00+02:00,16.845499,10.239453,21.24,0.0,0.0,45180.0,8.561753,14.999642
2026-04-23 19:00:00+02:00,15.8955,5.771239,19.8,0.0,0.0,43840.0,10.331347,16.102081
2026-04-23 20:00:00+02:00,13.295501,2.0991426,10.08,0.0,0.0,42500.0,7.1182017,17.643314
2026-04-23 21:00:00+02:00,8.495501,5.991594,11.879999,0.0,0.0,39940.0,6.835443,20.360134
2026-04-23 22:00:00+02:00,7.4455,5.904439,10.440001,0.0,0.0,40020.0,1.643036,20.66067
2026-04-23 23:00:00+02:00,6.7955,6.151683,9.72,0.0,0.0,40660.0,4.201311,21.375526
2026-04-24 00:00:00+02:00,5.8455,5.8048253,11.159999,0.0,0.0,38980.0,4.556962,18.98945
2026-04-24 01:00:00+02:00,5.7455,5.8048253,9.36,0.0,0.0,40100.0,2.8820758,16.327795
2026-04-24 02:00:00+02:00,4.5455,5.937272,9.0,0.0,0.0,38720.0,3.757767,13.093462
2026-04-24 03:00:00+02:00,3.7455,3.7585104,9.0,0.0,0.0,39160.0,2.3236039,10.839878
2026-04-24 04:00:00+02:00,3.9955,4.39436,5.04,0.0,0.0,40400.0,1.8788835,10.1040945
2026-04-24 05:00:00+02:00,2.7954998,2.9024127,5.3999996,0.0,0.0,39040.0,1.643036,5.3031745
2026-04-24 06:00:00+02:00,3.8455,3.396233,3.6,0.0,0.0,40760.0,1.8788835,6.2068963
2026-04-24 07:00:00+02:00,4.4955,5.1919937,6.12,0.0,0.0,41020.0,1.8788835,8.350525
2026-04-24 08:00:00+02:00,6.3455,2.7416782,5.3999996,0.0,0.0,40060.0,3.89347,8.821657
2026-04-24 09:00:00+02:00,10.295501,1.9386592,5.04,0.0,0.0,30100.0,3.67394,6.598021
2026-04-24 10:00:00+02:00,12.745501,1.835647,6.4799995,0.0,0.0,40140.0,2.453999,6.598021
2026-04-24 11:00:00+02:00,14.4455,5.937272,7.5599995,0.0,0.0,41160.0,0.9113924,6.113084
2026-04-24 12:00:00+02:00,15.3455,11.27553,17.64,0.0,0.0,42220.0,2.3236039,6.390391
2026-04-24 13:00:00+02:00,16.595499,11.27553,18.359999,0.0,0.0,43340.0,2.8820758,6.2068963
2026-04-24 14:00:00+02:00,17.495499,13.450708,19.44,0.0,0.0,43440.0,6.1138062,5.00416
2026-04-24 15:00:00+02:00,18.245499,14.05845,22.68,0.0,0.0,44180.0,9.227144,3.9743526
2026-04-24 16:00:00+02:00,18.495499,12.429127,22.68,0.0,0.0,43480.0,9.394418,3.7755077
2026-04-24 17:00:00+02:00,18.6955,12.224107,20.16,0.0,0.0,44580.0,10.490913,2.775808
2026-04-24 18:00:00+02:00,18.495499,8.654986,21.599998,0.0,0.0,45160.0,9.113924,2.4827583
2026-04-24 19:00:00+02:00,17.595499,4.8433046,16.919998,0.0,0.0,44120.0,6.835443,1.9627929
2026-04-24 20:00:00+02:00,15.3955,2.3051248,8.28,0.0,0.0,43900.0,3.2222586,2.5591688
2026-04-24 21:00:00+02:00,11.545501,7.754637,8.28,0.0,0.0,41160.0,0.9113924,3.1649084
2026-04-24 22:00:00+02:00,9.045501,6.9153743,8.28,0.0,0.0,38060.0,1.643036,1.9627929
2026-04-24 23:00:00+02:00,8.2955,7.5685663,7.5599995,0.0,0.0,37160.0,3.0569031,1.2413791
2026-04-25 00:00:00+02:00,7.9455,7.7879906,10.08,0.0,0.0,37700.0,4.2990294,2.775808
2026-04-25 01:00:00+02:00,7.9455,7.7879906,9.36,0.0,0.0,38500.0,5.3142853,3.7241378
2026-04-25 02:00:00+02:00,7.4955,8.39657,15.119999,0.0,0.0,37460.0,9.666777,3.7755077
2026-04-25 03:00:00+02:00,7.3455,8.161764,14.4,0.0,0.0,37240.0,6.835443,3.7755077
2026-04-25 04:00:00+02:00,7.2955,7.9932966,8.28,0.0,0.0,37860.0,6.47666,5.7224755
2026-04-25 05:00:00+02:00,6.8455,7.2,9.0,0.0,0.0,37700.0,4.511162,3.9255857
2026-04-25 06:00:00+02:00,6.6955,8.0899935,8.28,0.0,0.0,37100.0,3.9200466,5.8883786
2026-04-25 07:00:00+02:00,6.7455,6.3690495,7.92,0.0,0.0,37280.0,2.577807,6.329817
2026-04-25 08:00:00+02:00,9.295501,4.68,6.4799995,0.0,0.0,36700.0,1.0189676,3.3425157
2026-04-25 09:00:00+02:00,12.6455,0.35999998,5.7599998,0.0,0.0,38920.0,2.9178793,3.3425157
2026-04-25 10:00:00+02:00,14.3455,1.835647,5.7599998,0.0,0.0,40500.0,3.5591009,4.7270317
2026-04-25 11:00:00+02:00,16.345499,8.373386,14.04,0.0,0.0,41680.0,4.2990294,7.948705
2026-04-25 12:00:00+02:00,17.595499,9.826088,20.519999,0.0,0.0,42620.0,4.0758705,7.948705
2026-04-25 13:00:00+02:00,18.6955,11.503113,20.880001,0.0,0.0,43540.0,2.278481,9.695481
2026-04-25 14:00:00+02:00,19.5455,13.1041975,20.880001,0.0,0.0,45500.0,9.580464,12.413793
2026-04-25 15:00:00+02:00,19.9455,12.768586,20.880001,0.0,0.0,43460.0,10.087265,7.677507
2026-04-25 16:00:00+02:00,20.245499,14.039999,27.359999,0.0,0.0,46760.0,19.674257,10.00832
2026-04-25 17:00:00+02:00,20.1455,12.72283,27.359999,0.0,0.0,47740.0,16.959,5.3031745
2026-04-25 18:00:00+02:00,19.745499,10.495713,23.4,0.0,0.0,47200.0,15.209606,3.7755077
2026-04-25 19:00:00+02:00,18.6955,8.557102,21.96,0.0,0.0,46360.0,16.506018,5.7224755
2026-04-25 20:00:00+02:00,16.6455,4.0249224,15.4800005,0.0,0.0,45300.0,13.678478,5.855574
2026-04-25 21:00:00+02:00,12.295501,8.714677,11.879999,0.0,0.0,42720.0,11.715913,7.4740934
2026-04-25 22:00:00+02:00,9.9455,6.151683,14.759999,0.0,0.0,40340.0,3.67394,10.98112
2026-04-25 23:00:00+02:00,9.3955,6.193674,11.5199995,0.0,0.0,39720.0,4.907998,13.879042
2026-04-26 00:00:00+02:00,8.9455,6.6185193,10.799999,0.0,0.0,39540.0,1.8788835,14.153901
2026-04-26 01:00:00+02:00,8.2955,5.991594,11.5199995,0.0,0.0,39100.0,3.4704785,14.044602
2026-04-26 02:00:00+02:00,7.5455,6.489992,9.72,0.0,0.0,37720.0,6.330734,9.715329
2026-04-26 03:00:00+02:00,7.5455,7.289445,8.28,0.0,0.0,38840.0,6.835443,9.715329
2026-04-26 04:00:00+02:00,7.2955,6.8777895,7.92,0.0,0.0,39140.0,5.195736,9.494725
2026-04-26 05:00:00+02:00,6.4955,5.815978,6.8399997,0.0,0.0,38520.0,1.2889035,8.6452055
2026-04-26 06:00:00+02:00,5.6955,5.815978,6.4799995,0.0,0.0,36960.0,0.4556962,9.6356945
2026-04-26 07:00:00+02:00,6.2955,5.8048253,6.8399997,0.0,0.0,40080.0,3.0569031,10.236675
2026-04-26 08:00:00+02:00,8.245501,3.4152596,7.2,0.0,0.0,34280.0,2.734177,13.152178
2026-04-26 09:00:00+02:00,12.1455,2.2768397,8.28,0.0,0.0,37540.0,2.7718916,11.189642
2026-04-26 10:00:00+02:00,13.8455,1.835647,6.12,0.0,0.0,40380.0,1.4410379,11.0510645
2026-04-26 11:00:00+02:00,15.9455,7.9932976,9.0,0.0,0.0,41660.0,3.5591009,10.98112
2026-04-26 12:00:00+02:00,16.995499,11.570515,18.0,0.0,0.0,42920.0,9.045312,8.092802
2026-04-26 13:00:00+02:00,17.745499,11.570515,18.72,0.0,0.0,41380.0,8.598059,5.7224755
2026-04-26 14:00:00+02:00,18.5455,12.7279215,19.44,0.0,0.0,41540.0,8.402622,1.387904
2026-04-26 15:00:00+02:00,19.5455,12.9249525,20.519999,0.0,0.0,42580.0,8.21518,3.3425157
2026-04-26 16:00:00+02:00,20.095499,11.966953,20.519999,0.0,0.0,43980.0,7.543114,7.4740934
2026-04-26 17:00:00+02:00,20.2955,15.84,28.8,0.0,0.0,43260.0,19.594936,12.915714
2026-04-26 18:00:00+02:00,19.495499,13.75558,36.0,0.0,0.0,43760.0,20.050632,15.517241
2026-04-26 19:00:00+02:00,18.245499,9.346143,29.16,0.0,0.0,43760.0,10.638335,10.839878
2026-04-26 20:00:00+02:00,15.545501,5.1919937,18.0,0.0,0.0,42220.0,4.57969,9.331011
2026-04-26 21:00:00+02:00,12.295501,6.3690495,9.72,0.0,0.0,41340.0,3.9200466,9.494725
2026-04-26 22:00:00+02:00,9.9455,5.692099,9.0,0.0,0.0,36940.0,1.0189676,8.886923
2026-04-26 23:00:00+02:00,9.3455,6.489992,8.28,0.0,0.0,35760.0,3.67394,8.689655
2026-04-27 00:00:00+02:00,9.1455,6.792466,10.08,0.0,0.0,36380.0,3.5591009,10.569963
2026-04-27 01:00:00+02:00,8.745501,5.904439,7.2,0.0,0.0,35940.0,4.556962,11.793103
2026-04-27 02:00:00+02:00,8.2955,7.289445,7.2,0.0,0.0,35380.0,5.487309,13.0492525
2026-04-27 03:00:00+02:00,8.1955,7.4128532,9.36,0.0,0.0,36000.0,5.8357587,14.153901
2026-04-27 04:00:00+02:00,7.9455,6.3690495,9.72,0.0,0.0,36560.0,7.418196,13.948265
2026-04-27 05:00:00+02:00,7.7955,6.989936,10.440001,0.0,0.0,38400.0,7.4739733,12.96038
2026-04-27 06:00:00+02:00,7.6454997,6.4096174,10.440001,0.0,0.0,38740.0,4.488087,12.051613
2026-04-27 07:00:00+02:00,7.4955,5.495161,10.08,0.0,0.0,39000.0,1.0189676,10.839878
2026-04-27 08:00:00+02:00,10.745501,2.5455842,7.5599995,0.0,0.0,39580.0,2.7718916,5.339374
2026-04-27 09:00:00+02:00,12.295501,2.4149535,4.32,0.0,0.0,36200.0,2.278481,5.00416
2026-04-27 10:00:00+02:00,13.745501,0.71999997,3.2399998,0.0,0.0,38860.0,1.3670886,4.3889384
2026-04-27 11:00:00+02:00,16.095499,4.3498964,6.12,0.0,0.0,40940.0,2.8820758,8.711794
2026-04-27 12:00:00+02:00,17.5455,12.0694,18.72,0.0,0.0,41260.0,1.2889035,8.092802
2026-04-27 13:00:00+02:00,18.6455,14.145756,22.68,0.0,0.0,42040.0,7.971428,8.886923
2026-04-27 14:00:00+02:00,19.6955,15.815435,23.759998,0.0,0.0,42460.0,13.402427,10.533453
2026-04-27 15:00:00+02:00,20.4455,14.830076,26.28,0.0,0.0,44700.0,13.594724,11.939203
2026-04-27 16:00:00+02:00,20.595499,14.799459,27.0,0.0,0.0,44260.0,15.8972025,16.018122
2026-04-27 17:00:00+02:00,20.345499,13.324863,26.64,0.0,0.0,44240.0,16.00136,15.89741
2026-04-27 18:00:00+02:00,19.7955,11.183201,25.199999,0.0,0.0,44140.0,15.031068,11.858258
2026-04-27 19:00:00+02:00,18.845499,7.072878,23.4,0.0,0.0,43620.0,12.030725,11.9230585
2026-04-27 20:00:00+02:00,16.5455,2.8799999,12.959999,0.0,0.0,43280.0,5.195736,15.824544
2026-04-27 21:00:00+02:00,13.545501,6.379216,6.8399997,0.0,0.0,41760.0,2.8820758,12.735487
2026-04-27 22:00:00+02:00,10.5955,5.8603754,12.959999,0.0,0.0,38980.0,2.9178793,20.265303
2026-04-27 23:00:00+02:00,10.4455,6.792466,11.159999,0.0,0.0,38380.0,0.4556962,22.889902
2026-04-28 00:00:00+02:00,10.045501,7.4128532,14.4,0.0,0.0,38180.0,2.577807,25.987556
2026-04-28 01:00:00+02:00,9.745501,6.1094027,14.4,0.0,0.0,38280.0,6.7744107,30.540203
2026-04-28 02:00:00+02:00,9.4455,7.491114,11.879999,0.0,0.0,37500.0,5.709857,30.666088
2026-04-28 03:00:00+02:00,9.4455,7.42159,14.4,0.0,0.0,38040.0,5.3142853,28.753408
2026-04-28 04:00:00+02:00,8.6955,6.193674,13.679999,0.0,0.0,38320.0,2.278481,28.639296
2026-04-28 05:00:00+02:00,8.6455,7.2,12.24,0.0,0.0,36940.0,10.638334,31.189268
2026-04-28 06:00:00+02:00,8.4455,6.618519,12.599999,0.0,0.0,37740.0,7.4739733,27.792759
2026-04-28 07:00:00+02:00,7.9955,5.8603754,12.599999,0.0,0.0,38260.0,5.195736,23.878407
2026-04-28 08:00:00+02:00,10.1455,1.1384199,10.08,0.0,0.0,38360.0,1.9333551,16.527136
2026-04-28 09:00:00+02:00,12.6955,1.4399999,5.3999996,0.0,0.0,30640.0,7.3619976,15.665498
2026-04-28 10:00:00+02:00,14.8955,1.484318,8.28,0.0,0.0,40160.0,10.638334,21.103449
2026-04-28 11:00:00+02:00,16.4455,4.802999,17.64,0.0,0.0,41780.0,3.2222586,18.25503
2026-04-28 12:00:00+02:00,17.3955,12.245293,20.16,0.0,0.0,41160.0,7.6388597,16.018122
2026-04-28 13:00:00+02:00,17.1955,14.689589,26.28,0.0,0.0,41400.0,17.177994,13.612786
2026-04-28 14:00:00+02:00,16.4455,7.8954163,26.28,52.0,0.0,30280.0,7.1327734,8.711794
2026-04-28 15:00:00+02:00,15.6455,6.151683,14.04,3.0,0.4,29180.0,5.3142853,19.794064
2026-04-28 16:00:00+02:00,16.2455,8.225035,13.32,2.0,0.0,39240.0,5.8357587,16.398428
2026-04-28 17:00:00+02:00,14.545501,9.826088,17.64,22.0,0.0,35780.0,9.688234,10.1040945
2026-04-28 18:00:00+02:00,14.1955,8.287822,18.72,44.0,0.0,35340.0,12.396276,5.7224755
2026-04-28 19:00:00+02:00,13.5955,5.6920996,16.919998,48.0,0.0,34140.0,14.236403,4.8477407
2026-04-28 20:00:00+02:00,12.6455,2.9024127,10.799999,82.0,0.1,35600.0,8.84802,6.8557405
2026-04-28 21:00:00+02:00,11.045501,4.2136917,7.92,44.0,0.5,19360.0,6.0797453,6.2068963
2026-04-28 22:00:00+02:00,10.0955,3.563818,7.5599995,56.0,0.4,17220.0,3.2222586,7.0769506
2026-04-28 23:00:00+02:00,10.295501,4.3498964,6.4799995,40.0,0.6,22560.0,4.757608,15.824542
2026-04-29 00:00:00+02:00,9.3455,4.6800003,9.0,4.0,0.0,23920.0,4.201311,20.141356
2026-04-29 01:00:00+02:00,8.4455,4.39436,9.36,0.0,0.0,24780.0,3.2222586,20.265303
2026-04-29 02:00:00+02:00,9.4455,3.5455887,8.64,22.0,0.0,27300.0,2.278481,27.373749
2026-04-29 03:00:00+02:00,9.5955,3.319036,6.12,13.0,0.0,31480.0,3.8667102,25.516308
2026-04-29 04:00:00+02:00,10.045501,2.9024127,4.68,17.0,0.0,35200.0,3.5591009,23.463383
2026-04-29 05:00:00+02:00,9.3455,3.396233,6.8399997,18.0,0.0,31540.0,2.9178793,22.379284
2026-04-29 06:00:00+02:00,9.6455,3.0547013,3.2399998,9.0,0.0,34240.0,1.9333551,20.66067
2026-04-29 07:00:00+02:00,9.8455,2.9024127,3.2399998,12.0,0.0,34020.0,0.64445174,21.112572
2026-04-29 08:00:00+02:00,9.8955,2.9024127,2.8799999,16.0,0.0,24420.0,2.0379353,15.012479
2026-04-29 09:00:00+02:00,11.245501,2.0991426,7.5599995,19.0,0.0,19140.0,5.709857,15.517241
2026-04-29 10:00:00+02:00,12.6955,4.896529,11.879999,0.0,0.0,26420.0,1.0189676,16.327795
2026-04-29 11:00:00+02:00,12.9455,6.6087217,13.32,3.0,0.0,27780.0,1.0189676,16.77011
2026-04-29 12:00:00+02:00,14.245501,4.829907,12.24,0.0,0.0,31900.0,4.511162,13.781546
2026-04-29 13:00:00+02:00,15.3955,10.931203,18.0,0.0,0.0,33080.0,1.643036,12.5526705
2026-04-29 14:00:00+02:00,15.3455,13.1041975,25.199999,8.0,0.0,36180.0,7.3619976,13.093462
2026-04-29 15:00:00+02:00,16.4455,12.181625,22.319998,0.0,0.0,37660.0,10.831774,9.310345
2026-04-29 16:00:00+02:00,16.6455,10.308831,20.519999,0.0,0.0,37380.0,9.994197,10.839878
2026-04-29 17:00:00+02:00,15.4455,9.504273,21.599998,22.0,0.0,35720.0,12.438086,12.780782
2026-04-29 18:00:00+02:00,15.8955,6.162207,19.44,14.0,0.0,37180.0,4.844117,12.735487
2026-04-29 19:00:00+02:00,15.045501,7.0911775,14.04,13.0,0.0,34800.0,7.7468357,9.227214
2026-04-29 20:00:00+02:00,13.6455,3.9763298,14.04,18.0,0.0,30800.0,3.2222586,6.598021
2026-04-29 21:00:00+02:00,12.0955,0.8049845,5.3999996,16.0,0.0,27880.0,2.278481,10.00832
2026-04-29 22:00:00+02:00,10.8455,5.1544156,5.7599998,41.0,0.0,27200.0,3.286072,7.238423
2026-04-29 23:00:00+02:00,11.3455,2.2768397,5.3999996,32.0,0.0,32740.0,4.1265044,5.8883786
2026-04-30 00:00:00+02:00,10.3955,3.2399998,4.32,50.0,0.0,32100.0,3.1898732,4.7270317
2026-04-30 01:00:00+02:00,9.995501,1.5273507,3.6,56.0,0.0,32520.0,0.64445174,4.8477407
2026-04-30 02:00:00+02:00,7.5455,3.6,6.12,52.0,0.0,23300.0,6.198138,3.6192114
2026-04-30 03:00:00+02:00,6.1955,3.396233,3.6,20.0,0.0,12400.0,1.8227848,3.9255857
2026-04-30 04:00:00+02:00,8.0455,3.7585104,4.68,40.0,0.0,33440.0,1.4410379,6.2378535
2026-04-30 05:00:00+02:00,6.9955,0.35999998,3.2399998,62.0,0.0,28080.0,1.643036,7.5510154
2026-04-30 06:00:00+02:00,7.6454997,2.2768397,2.8799999,50.0,0.0,31860.0,1.0189676,8.281033
2026-04-30 07:00:00+02:00,8.1955,3.0758414,3.2399998,10.0,0.0,36340.0,4.0758705,9.310345
2026-04-30 08:00:00+02:00,8.995501,2.5455842,3.6,0.0,0.0,36540.0,5.195736,7.948705
2026-04-30 09:00:00+02:00,10.8455,3.671294,7.2,0.0,0.0,29840.0,3.1898732,7.8511715
2026-04-30 10:00:00+02:00,12.545501,6.379216,9.0,0.0,0.0,31680.0,0.64445174,9.6356945
2026-04-30 11:00:00+02:00,13.495501,8.427383,14.4,0.0,0.0,37280.0,2.278481,7.4740934
2026-04-30 12:00:00+02:00,14.9455,12.181625,19.44,0.0,0.0,38780.0,2.8820758,7.5764823
2026-04-30 13:00:00+02:00,16.345499,10.483357,20.880001,0.0,0.0,40220.0,2.6571426,6.598021
2026-04-30 14:00:00+02:00,17.245499,14.587776,23.039999,0.0,0.0,39980.0,8.151741,5.1183376
2026-04-30 15:00:00+02:00,18.0455,14.345898,24.84,0.0,0.0,40540.0,11.4288025,8.281033
2026-04-30 16:00:00+02:00,18.5455,11.966954,24.48,0.0,0.0,40780.0,13.859459,8.068965
2026-04-30 17:00:00+02:00,18.6455,12.371645,21.24,0.0,0.0,41620.0,11.319258,5.7224755
2026-04-30 18:00:00+02:00,18.1955,10.853866,23.4,0.0,0.0,41800.0,10.490913,5.551616
2026-04-30 19:00:00+02:00,17.095499,9.227524,20.880001,0.0,0.0,41660.0,8.402622,5.1183376
2026-04-30 20:00:00+02:00,15.495501,4.6938257,18.0,0.0,0.0,41400.0,3.5591009,6.2068963
2026-04-30 21:00:00+02:00,12.245501,4.802999,8.64,0.0,0.0,40220.0,1.0189676,6.6850314
2026-04-30 22:00:00+02:00,11.1455,2.8116899,7.2,0.0,0.0,38720.0,4.907998,6.113084
2026-04-30 23:00:00+02:00,9.245501,5.904439,6.12,0.0,0.0,32540.0,8.476439,5.855574
2026-05-01 00:00:00+02:00,9.1955,6.28713,10.08,0.0,0.0,35660.0,5.8357587,3.6192114
2026-05-01 01:00:00+02:00,9.295501,5.1919937,8.64,0.0,0.0,37080.0,4.0758705,2.6333632
2026-05-01 02:00:00+02:00,7.6454997,5.904439,6.8399997,0.0,0.0,33700.0,4.2990294,3.1649084
2026-05-01 03:00:00+02:00,7.3954997,5.3517847,6.12,0.0,0.0,32940.0,2.9178793,4.1637125
2026-05-01 04:00:00+02:00,7.3455,5.904439,6.12,0.0,0.0,34320.0,4.201311,4.475857
2026-05-01 05:00:00+02:00,6.7955,5.3517847,6.12,54.0,0.0,32380.0,3.9200466,6.6850314
2026-05-01 06:00:00+02:00,7.1454997,5.4833565,6.12,26.0,0.0,35920.0,1.0189676,8.092802
2026-05-01 07:00:00+02:00,7.1955,5.692099,8.28,0.0,0.0,33160.0,2.6571426,12.915714
2026-05-01 08:00:00+02:00,9.9455,1.2979984,8.28,0.0,0.0,35360.0,1.2889035,15.566816
2026-05-01 09:00:00+02:00,11.545501,2.4149535,7.2,0.0,0.0,31920.0,0.4556962,14.153901
2026-05-01 10:00:00+02:00,14.3955,3.8773184,6.12,0.0,0.0,38760.0,0.9113924,10.839878
2026-05-01 11:00:00+02:00,15.6455,10.041354,12.599999,0.0,0.0,40080.0,3.4704785,8.092802
2026-05-01 12:00:00+02:00,16.7955,12.661564,19.8,0.0,0.0,40620.0,6.7744107,5.3031745
2026-05-01 13:00:00+02:00,18.095499,11.874544,19.8,0.0,0.0,41520.0,7.543114,5.7224755
2026-05-01 14:00:00+02:00,19.1955,15.463244,20.880001,0.0,0.0,42540.0,10.628571,9.331011
2026-05-01 15:00:00+02:00,19.8955,14.917212,26.28,0.0,0.0,43060.0,14.532351,11.809426
2026-05-01 16:00:00+02:00,20.245499,13.084402,24.84,0.0,0.0,43300.0,14.192577,16.94153
2026-05-01 17:00:00+02:00,20.2955,13.698934,24.119999,0.0,0.0,44220.0,12.0307255,16.75862
2026-05-01 18:00:00+02:00,19.8955,12.324414,25.919998,0.0,0.0,44380.0,12.905135,16.327795
2026-05-01 19:00:00+02:00,19.1455,7.968939,25.919998,0.0,0.0,43900.0,12.133847,19.120867
2026-05-01 20:00:00+02:00,18.1955,4.3349743,15.119999,0.0,0.0,43280.0,9.227144,14.4368725
2026-05-01 21:00:00+02:00,13.4455,6.9527545,12.599999,0.0,0.0,40620.0,3.4704785,7.0769506
2026-05-01 22:00:00+02:00,11.3955,5.991594,12.599999,0.0,0.0,38580.0,2.3236039,7.900089
2026-05-01 23:00:00+02:00,11.245501,6.439876,11.159999,0.0,0.0,38780.0,1.4410379,6.598021
2026-05-02 00:00:00+02:00,10.745501,6.28713,11.159999,0.0,0.0,38200.0,1.2889035,5.3031745
2026-05-02 01:00:00+02:00,10.1455,6.6087217,11.5199995,0.0,0.0,37540.0,3.757767,2.5591688
2026-05-02 02:00:00+02:00,10.045501,6.12,11.879999,0.0,0.0,37020.0,3.286072,5.1183376
2026-05-02 03:00:00+02:00,10.1455,6.6087217,10.08,0.0,0.0,37940.0,1.2889035,3.3425157
2026-05-02 04:00:00+02:00,9.495501,6.28713,6.8399997,0.0,0.0,36100.0,2.278481,3.7755077
2026-05-02 05:00:00+02:00,8.795501,5.937272,6.4799995,0.0,0.0,33420.0,0.9113924,3.1649084
2026-05-02 06:00:00+02:00,8.745501,5.815978,8.64,0.0,0.0,34240.0,4.201311,4.9655166
2026-05-02 07:00:00+02:00,9.495501,5.6233797,8.28,0.0,0.0,37260.0,2.453999,3.1649084
2026-05-02 08:00:00+02:00,10.8955,1.2979984,5.7599998,0.0,0.0,32480.0,1.643036,2.2379284
2026-05-02 09:00:00+02:00,13.1455,1.609969,4.68,0.0,0.0,34100.0,0.9113924,3.6192114
2026-05-02 10:00:00+02:00,16.1955,2.9024127,5.3999996,0.0,0.0,40300.0,0.9113924,4.3448277
2026-05-02 11:00:00+02:00,17.745499,8.654986,12.24,0.0,0.0,40420.0,0.64445174,6.390391
2026-05-02 12:00:00+02:00,18.845499,12.413476,20.16,0.0,0.0,41380.0,4.907998,8.1638975
2026-05-02 13:00:00+02:00,20.0455,11.792404,20.16,0.0,0.0,41320.0,5.195736,14.490146
2026-05-02 14:00:00+02:00,20.995499,14.332341,21.599998,0.0,0.0,41320.0,7.7334204,15.95788
2026-05-02 15:00:00+02:00,21.6955,14.973576,24.48,0.0,0.0,41660.0,10.638334,18.381218
2026-05-02 16:00:00+02:00,22.0455,15.517629,28.08,0.0,0.0,42660.0,15.311664,20.47335
2026-05-02 17:00:00+02:00,22.0455,14.4,28.44,0.0,0.0,42980.0,16.512308,18.877537
2026-05-02 18:00:00+02:00,21.5455,11.659777,27.72,0.0,0.0,42540.0,17.60781,18.381218
2026-05-02 19:00:00+02:00,20.5455,8.12197,24.48,7.0,0.0,41780.0,15.099987,15.012479
2026-05-02 20:00:00+02:00,18.595499,7.653705,15.84,0.0,0.0,41100.0,19.160929,16.71258
2026-05-02 21:00:00+02:00,16.5455,5.8048253,12.599999,35.0,0.0,39520.0,11.392405,16.71258
2026-05-02 22:00:00+02:00,14.6955,4.8433046,10.08,32.0,0.0,38380.0,4.757608,17.555754
2026-05-02 23:00:00+02:00,13.0955,6.379216,8.28,21.0,0.0,33560.0,2.7718916,19.862066
2026-05-03 00:00:00+02:00,12.4455,5.634891,11.5199995,0.0,0.0,33820.0,3.2222586,20.632679
2026-05-03 01:00:00+02:00,11.6455,5.315336,10.799999,0.0,0.0,35820.0,1.8227848,23.496197
2026-05-03 02:00:00+02:00,11.3955,5.991594,11.5199995,0.0,0.0,36800.0,4.6916795,24.710932
2026-05-03 03:00:00+02:00,10.6455,6.696387,12.959999,0.0,0.0,38200.0,5.8357587,23.331656
2026-05-03 04:00:00+02:00,10.3955,6.4096174,12.24,0.0,0.0,39720.0,5.195736,22.249796
2026-05-03 05:00:00+02:00,9.795501,6.1305785,12.24,0.0,0.0,39240.0,11.254866,23.364658
2026-05-03 06:00:00+02:00,10.0955,5.8603754,10.799999,0.0,0.0,39900.0,6.1138062,20.66067
2026-05-03 07:00:00+02:00,10.3455,2.4149535,9.36,0.0,0.0,39800.0,1.3670886,19.716057
2026-05-03 08:00:00+02:00,10.6955,0.0,2.8799999,0.0,0.0,32260.0,1.0189676,19.251387
2026-05-03 09:00:00+02:00,12.745501,2.0991426,6.12,0.0,0.0,21600.0,1.4410379,21.438515
2026-05-03 10:00:00+02:00,15.5955,6.725354,15.4800005,0.0,0.0,38040.0,2.6571426,18.381218
2026-05-03 11:00:00+02:00,16.345499,3.319036,15.119999,0.0,0.0,40120.0,2.8820758,17.914183
2026-05-03 12:00:00+02:00,17.9455,5.8048253,14.4,0.0,0.0,40440.0,4.201311,17.21225
2026-05-03 13:00:00+02:00,18.8955,10.483357,27.72,0.0,0.0,40340.0,2.734177,20.265303
2026-05-03 14:00:00+02:00,19.9455,12.864649,25.199999,0.0,0.0,43220.0,3.3175182,21.546066
2026-05-03 15:00:00+02:00,19.995499,15.84409,28.44,0.0,0.0,41200.0,13.525812,20.809309
2026-05-03 16:00:00+02:00,18.995499,15.629971,35.64,36.0,0.0,40780.0,19.573729,24.710932
2026-05-03 17:00:00+02:00,15.8955,12.57426,30.239998,14.0,0.1,37400.0,13.594724,24.491692
2026-05-03 18:00:00+02:00,15.6455,8.707237,28.08,61.0,0.0,39300.0,20.236195,23.594372
2026-05-03 19:00:00+02:00,15.1955,5.95906,18.0,53.0,0.0,40220.0,8.800955,28.612377
2026-05-03 20:00:00+02:00,13.8955,3.096837,10.08,2.0,0.0,37500.0,1.8788835,35.42284
2026-05-03 21:00:00+02:00,12.245501,5.506941,7.5599995,0.0,0.0,38440.0,1.3670886,34.946533
2026-05-03 22:00:00+02:00,10.3955,3.319036,9.36,0.0,0.0,33200.0,2.8820758,33.88306
2026-05-03 23:00:00+02:00,11.3455,2.3051248,4.32,0.0,0.0,39500.0,8.21518,32.186214
2026-05-04 00:00:00+02:00,10.495501,3.4152596,3.96,0.0,0.0,39140.0,1.8788835,24.804298
2026-05-04 01:00:00+02:00,8.795501,8.089993,12.24,0.0,0.0,34080.0,5.506198,22.965515
2026-05-04 02:00:00+02:00,9.1455,2.1897945,11.159999,0.0,0.0,36880.0,1.8788835,21.002802
2026-05-04 03:00:00+02:00,9.0955,4.8433046,5.04,0.0,0.0,38440.0,3.67394,18.672342
2026-05-04 04:00:00+02:00,8.495501,0.8049845,5.7599998,0.0,0.0,36740.0,0.9113924,19.400894
2026-05-04 05:00:00+02:00,9.6955,2.1897945,2.16,0.0,0.0,37040.0,3.4704785,24.843096
2026-05-04 06:00:00+02:00,9.5955,3.9763298,3.6,0.0,0.0,36480.0,7.6388597,23.659594
2026-05-04 07:00:00+02:00,9.0955,4.5820518,8.28,0.0,0.0,31960.0,3.9200466,26.537657
2026-05-04 08:00:00+02:00,11.0955,0.5091169,6.8399997,0.0,0.0,34780.0,1.4410379,28.907082
2026-05-04 09:00:00+02:00,12.295501,4.198285,9.72,0.0,0.0,30940.0,1.0189676,24.718725
2026-05-04 10:00:00+02:00,13.495501,7.771331,18.359999,0.0,0.0,31480.0,2.9178793,23.496197
2026-05-04 11:00:00+02:00,14.745501,5.6920996,18.0,0.0,0.0,36020.0,2.3236039,21.402544
2026-05-04 12:00:00+02:00,16.2455,8.766573,20.519999,0.0,0.0,39300.0,2.577807,21.679756
2026-05-04 13:00:00+02:00,16.6455,14.241629,29.88,0.0,0.0,39220.0,8.765491,23.789505
2026-05-04 14:00:00+02:00,17.245499,15.937878,28.8,0.0,0.0,40220.0,11.680409,20.01664
2026-05-04 15:00:00+02:00,16.1955,13.896187,35.28,0.0,0.0,38940.0,10.240498,17.390388
2026-05-04 16:00:00+02:00,15.495501,12.303366,29.88,47.0,0.1,34740.0,7.205189,21.438515
2026-05-04 17:00:00+02:00,13.6955,9.107359,24.119999,50.0,0.0,27140.0,2.3236039,33.72921
2026-05-04 18:00:00+02:00,12.745501,11.119281,21.96,46.0,0.3,25000.0,4.57969,34.08711
2026-05-04 19:00:00+02:00,11.9455,9.693296,21.96,88.0,0.0,20840.0,4.511162,34.941025
2026-05-04 20:00:00+02:00,11.4455,4.072935,19.44,89.0,0.0,17920.0,5.562481,37.122223
2026-05-04 21:00:00+02:00,10.1955,4.8433046,9.36,94.0,0.0,1680.0,8.402622,34.4245
2026-05-04 22:00:00+02:00,9.495501,2.8116899,9.36,94.0,0.0,2260.0,0.4556962,31.606453
2026-05-04 23:00:00+02:00,9.295501,4.8433046,5.3999996,100.0,0.0,7280.0,4.511162,28.068626
2026-05-05 00:00:00+02:00,9.045501,1.1384199,7.92,75.0,0.0,13920.0,0.64445174,23.364658
2026-05-05 01:00:00+02:00,9.1455,1.0182338,1.4399999,80.0,0.0,15520.0,1.4410379,24.238705
2026-05-05 02:00:00+02:00,8.2955,1.0182338,1.4399999,100.0,0.0,480.0,1.9333551,19.900824
2026-05-05 03:00:00+02:00,8.795501,1.2979984,3.2399998,92.0,0.0,3380.0,1.8788835,17.390388
2026-05-05 04:00:00+02:00,8.795501,1.835647,3.2399998,79.0,0.0,23360.0,2.0379353,21.103447
2026-05-05 05:00:00+02:00,8.795501,3.096837,3.6,19.0,0.0,30660.0,6.895935,18.631031
2026-05-05 06:00:00+02:00,8.245501,3.2399998,4.68,66.0,0.0,25600.0,7.800262,21.139927
2026-05-05 07:00:00+02:00,9.045501,2.3051248,3.2399998,75.0,0.0,28100.0,2.3236039,21.997295
2026-05-05 08:00:00+02:00,9.795501,2.6208394,2.52,88.0,0.1,20040.0,1.2889035,28.477413
2026-05-05 09:00:00+02:00,10.6455,1.4399999,6.4799995,68.0,0.0,20920.0,3.4704785,29.851236
2026-05-05 10:00:00+02:00,11.495501,3.5455887,9.36,56.0,0.0,23980.0,2.453999,35.138927
2026-05-05 11:00:00+02:00,12.0955,4.3498964,14.4,35.0,0.0,27600.0,4.201311,25.516308
2026-05-05 12:00:00+02:00,13.295501,10.365251,23.759998,17.0,0.0,30820.0,2.0379353,23.323399
2026-05-05 13:00:00+02:00,14.245501,13.441071,30.239998,5.0,0.0,32700.0,9.079681,25.816511
2026-05-05 14:00:00+02:00,14.6455,12.783802,29.16,53.0,0.0,33540.0,7.958392,28.068626
2026-05-05 15:00:00+02:00,13.495501,14.24163,32.760002,77.0,0.0,30460.0,15.916784,31.649084
2026-05-05 16:00:00+02:00,13.0955,9.83268,29.519999,78.0,0.1,28880.0,9.994198,35.74224
2026-05-05 17:00:00+02:00,12.495501,10.440001,24.48,86.0,0.1,25940.0,14.503743,17.245792
2026-05-05 18:00:00+02:00,11.3955,7.7879906,18.359999,0.0,3.0,19740.0,21.610764,29.960732
2026-05-05 19:00:00+02:00,11.8455,8.913181,18.72,0.0,0.2,27280.0,4.57969,30.286854
2026-05-05 20:00:00+02:00,10.245501,4.0249224,16.919998,21.0,0.0,10860.0,2.734177,26.718508
2026-05-05 21:00:00+02:00,9.495501,1.9386592,18.0,42.0,0.0,18640.0,6.7744107,25.935617
2026-05-05 22:00:00+02:00,8.9455,4.198285,12.959999,61.0,0.2,8160.0,4.6916795,17.522804
2026-05-05 23:00:00+02:00,8.8955,1.2979984,6.12,96.0,1.1,13820.0,1.3670886,22.999043
2026-05-06 00:00:00+02:00,9.495501,5.2416787,4.68,45.0,0.7,28940.0,6.7744107,27.317396
2026-05-06 01:00:00+02:00,8.5455,1.609969,12.24,39.0,0.1,21420.0,5.094838,25.105341
2026-05-06 02:00:00+02:00,7.9955,4.73506,9.36,0.0,0.0,17400.0,8.598059,21.590723
2026-05-06 03:00:00+02:00,8.2955,2.8116899,8.28,0.0,0.1,26500.0,0.0,21.935911
2026-05-06 04:00:00+02:00,7.5955,4.8433046,8.64,0.0,0.0,26540.0,2.7718916,26.105885
2026-05-06 05:00:00+02:00,7.6955,4.198285,8.64,0.0,0.0,31840.0,4.757608,23.04088
2026-05-06 06:00:00+02:00,7.2955,2.5959969,4.32,0.0,0.0,32000.0,3.4704785,18.62069
2026-05-06 07:00:00+02:00,7.4955,3.2399998,4.32,0.0,0.0,31140.0,5.3142853,17.31268
2026-05-06 08:00:00+02:00,8.1455,2.3051248,2.8799999,0.0,0.0,26100.0,4.757608,21.076046
2026-05-06 09:00:00+02:00,9.1955,4.0249224,9.36,7.0,0.0,16540.0,3.286072,20.331732
2026-05-06 10:00:00+02:00,10.1955,3.7585104,9.72,49.0,0.2,26860.0,2.9178793,28.659466
2026-05-06 11:00:00+02:00,10.0955,1.609969,15.4800005,65.0,0.0,25720.0,2.6571426,22.76332
2026-05-06 12:00:00+02:00,10.495501,4.0249224,10.440001,81.0,0.3,10480.0,2.278481,23.265514
2026-05-06 13:00:00+02:00,10.4455,4.802999,14.04,94.0,1.2,17920.0,6.895935,19.281382
2026-05-06 14:00:00+02:00,9.995501,5.6920996,15.4800005,54.0,0.9,24160.0,6.524576,42.805088
2026-05-06 15:00:00+02:00,10.9455,5.3999996,13.32,28.0,0.1,28460.0,11.273301,41.881607
2026-05-06 16:00:00+02:00,10.0955,11.269782,26.28,55.0,0.0,24260.0,2.0379353,35.292084
2026-05-06 17:00:00+02:00,10.245501,6.792466,23.4,76.0,0.5,28400.0,5.7641516,34.697605
2026-05-06 18:00:00+02:00,9.995501,3.096837,18.72,57.0,0.0,23840.0,11.273301,38.960327
2026-05-06 19:00:00+02:00,9.8955,3.396233,9.72,13.0,0.0,23960.0,8.36547,37.432266
2026-05-06 20:00:00+02:00,9.045501,6.151683,11.5199995,3.0,0.0,30760.0,3.757767,32.58473
2026-05-06 21:00:00+02:00,8.1455,3.219938,11.5199995,8.0,0.0,36740.0,4.511162,31.330996
2026-05-06 22:00:00+02:00,7.5455,6.792466,6.4799995,9.0,0.0,37420.0,5.709857,29.960732
2026-05-06 23:00:00+02:00,5.4455,4.8433046,13.32,29.0,0.0,24420.0,4.201311,29.896374
2026-05-07 00:00:00+02:00,5.1955,5.00128,8.64,5.0,0.0,26060.0,5.8357587,32.990105
2026-05-07 01:00:00+02:00,4.7955,4.6938257,11.159999,0.0,0.0,21860.0,2.577807,37.12741
2026-05-07 02:00:00+02:00,4.9455,5.692099,11.159999,0.0,0.0,15880.0,11.392405,36.414967
2026-05-07 03:00:00+02:00,5.3455,5.00128,11.159999,4.0,0.0,28480.0,11.618018,30.891392
2026-05-07 04:00:00+02:00,5.3455,4.829907,12.24,36.0,0.0,18380.0,5.506198,29.179018
2026-05-07 05:00:00+02:00,5.8954997,5.3517847,8.28,52.0,0.0,21660.0,9.688234,26.054182
2026-05-07 06:00:00+02:00,5.9955,4.8433046,10.799999,38.0,0.0,20180.0,6.198138,21.212698
2026-05-07 07:00:00+02:00,6.0955,2.7416782,9.36,40.0,0.0,24560.0,3.9200466,18.877537
2026-05-07 08:00:00+02:00,7.9455,1.8,3.6,0.0,0.0,20340.0,6.728273,14.167504
2026-05-07 09:00:00+02:00,9.5955,5.495161,13.32,0.0,0.0,25780.0,3.9200466,15.517241
2026-05-07 10:00:00+02:00,10.6955,8.225035,16.919998,0.0,0.0,30020.0,1.2889035,15.861018
2026-05-07 11:00:00+02:00,11.495501,9.565437,17.64,0.0,0.0,32520.0,1.9333551,15.266946
2026-05-07 12:00:00+02:00,12.295501,12.181625,19.8,0.0,0.0,36280.0,6.1138062,14.8057575
2026-05-07 13:00:00+02:00,13.0955,12.224107,21.24,0.0,0.0,38940.0,9.045312,15.824544
2026-05-07 14:00:00+02:00,13.8455,12.429127,20.519999,0.0,0.0,38940.0,7.205189,17.122486
2026-05-07 15:00:00+02:00,14.045501,12.9249525,21.96,0.0,0.0,39680.0,9.227144,19.311329
2026-05-07 16:00:00+02:00,14.5955,11.252519,21.599998,43.0,0.0,40260.0,9.482423,18.91831
2026-05-07 17:00:00+02:00,14.5955,11.013882,21.24,41.0,0.0,40460.0,9.113924,20.85554
2026-05-07 18:00:00+02:00,14.1955,8.4042845,21.24,49.0,0.0,39980.0,8.753638,20.66999
2026-05-07 19:00:00+02:00,13.6955,5.95906,18.359999,56.0,0.0,40020.0,8.21518,19.311329
2026-05-07 20:00:00+02:00,12.545501,2.968636,11.879999,62.0,0.0,39460.0,5.941551,20.189116
2026-05-07 21:00:00+02:00,11.3955,2.968636,5.3999996,44.0,0.0,39360.0,1.3670886,19.871765
2026-05-07 22:00:00+02:00,8.4455,5.8603754,10.440001,52.0,0.0,31120.0,1.0189676,22.729446
2026-05-07 23:00:00+02:00,7.9955,5.154415,10.08,72.0,0.0,28000.0,1.8788835,25.020798
2026-05-08 00:00:00+02:00,7.6955,4.6102495,8.64,46.0,0.0,29640.0,0.9113924,25.591688
2026-05-08 01:00:00+02:00,6.7955,6.3690495,12.24,6.0,0.0,26080.0,1.4410379,23.463383
2026-05-08 02:00:00+02:00,6.0455,6.792466,11.879999,0.0,0.0,27460.0,6.444517,25.113012
2026-05-08 03:00:00+02:00,5.9455,6.1094027,13.32,0.0,0.0,28520.0,4.907998,22.839355
2026-05-08 04:00:00+02:00,5.4455,4.510787,11.5199995,0.0,0.0,29240.0,1.9333551,19.311329
2026-05-08 05:00:00+02:00,5.0955,6.792466,10.440001,0.0,0.0,23980.0,1.3670886,16.386677
2026-05-08 06:00:00+02:00,4.8455,6.6087217,13.679999,0.0,0.0,25560.0,1.4410379,12.735487
2026-05-08 07:00:00+02:00,5.3455,4.8965297,10.799999,0.0,0.0,26120.0,0.4556962,10.857635
2026-05-08 08:00:00+02:00,8.495501,1.835647,8.28,0.0,0.0,23760.0,2.278481,9.454063
2026-05-08 09:00:00+02:00,10.995501,0.71999997,6.12,0.0,0.0,36740.0,0.4556962,9.454063
2026-05-08 10:00:00+02:00,12.9455,2.7416782,7.92,0.0,0.0,38200.0,2.0379353,10.4046545
2026-05-08 11:00:00+02:00,14.8455,8.473393,9.36,0.0,0.0,37900.0,3.5591009,13.370063
2026-05-08 12:00:00+02:00,15.745501,11.27553,17.64,0.0,0.0,40060.0,3.2222586,15.517241
2026-05-08 13:00:00+02:00,16.7955,13.450708,21.96,0.0,0.0,40920.0,6.835443,18.096056
2026-05-08 14:00:00+02:00,17.6955,15.463244,24.84,0.0,0.0,41120.0,14.878324,16.433628
2026-05-08 15:00:00+02:00,18.345499,15.137133,26.28,0.0,0.0,41660.0,15.1685915,19.480164
2026-05-08 16:00:00+02:00,17.6955,10.182337,26.28,11.0,0.0,41240.0,13.144288,22.499464
2026-05-08 17:00:00+02:00,17.8955,9.3669195,19.8,0.0,0.0,40900.0,8.753638,15.824542
2026-05-08 18:00:00+02:00,17.0455,12.261158,26.28,39.0,0.0,40960.0,14.589397,14.609298
2026-05-08 19:00:00+02:00,15.745501,4.072935,24.84,79.0,0.0,39420.0,7.958391,19.161121
2026-05-08 20:00:00+02:00,13.795501,4.0249224,10.08,70.0,0.5,32440.0,7.78694,21.185438
2026-05-08 21:00:00+02:00,11.8455,4.6102495,11.159999,67.0,0.1,34420.0,3.2222586,12.226168
2026-05-08 22:00:00+02:00,10.8455,3.4152596,10.08,17.0,0.0,24340.0,8.36547,11.241167
2026-05-08 23:00:00+02:00,10.0955,4.1046314,6.12,0.0,0.0,28720.0,8.377872,13.948265
2026-05-09 00:00:00+02:00,9.245501,5.8048253,5.3999996,0.0,0.0,33360.0,4.201311,8.327425
2026-05-09 01:00:00+02:00,8.245501,4.8965297,7.92,14.0,0.0,25660.0,1.4410379,10.330335
2026-05-09 02:00:00+02:00,10.245501,4.379589,7.5599995,38.0,0.0,37800.0,1.8788835,13.166815
2026-05-09 03:00:00+02:00,8.5455,5.692099,10.799999,0.0,0.0,26380.0,8.706063,15.517241
2026-05-09 04:00:00+02:00,8.1955,5.1919937,11.879999,0.0,0.0,22840.0,4.9291077,12.915714
2026-05-09 05:00:00+02:00,9.295501,4.6938257,10.08,37.0,0.0,28980.0,6.1138062,8.350525
2026-05-09 06:00:00+02:00,8.9455,4.5820518,7.5599995,0.0,0.0,29740.0,4.0758705,10.00832
2026-05-09 07:00:00+02:00,9.0955,3.8268526,7.2,9.0,0.0,32760.0,2.0379353,10.857635
2026-05-09 08:00:00+02:00,11.045501,0.8049845,4.32,11.0,0.0,34020.0,0.64445174,10.98112
2026-05-09 09:00:00+02:00,12.1955,1.1384199,4.32,3.0,0.0,30880.0,1.0189676,13.283339
2026-05-09 10:00:00+02:00,14.295501,3.2599385,8.64,6.0,0.0,35740.0,4.556962,12.051613
2026-05-09 11:00:00+02:00,15.8455,9.793058,11.5199995,0.0,0.0,39740.0,6.1307654,10.551724
2026-05-09 12:00:00+02:00,16.8955,10.390226,16.199999,0.0,0.0,40860.0,4.201311,12.4911375
2026-05-09 13:00:00+02:00,18.1955,11.367109,17.28,0.0,0.0,40560.0,4.201311,15.517241
2026-05-09 14:00:00+02:00,19.6455,15.034041,21.24,0.0,0.0,41340.0,9.612922,14.490146
2026-05-09 15:00:00+02:00,20.0455,15.328561,25.199999,0.0,0.0,41300.0,12.669665,10.008319
2026-05-09 16:00:00+02:00,20.595499,13.684735,25.56,0.0,0.0,42020.0,14.265547,14.003396
2026-05-09 17:00:00+02:00,20.7955,12.964998,27.0,5.0,0.0,42280.0,16.182028,13.398848
2026-05-09 18:00:00+02:00,20.495499,12.261158,25.199999,0.0,0.0,41980.0,14.582278,17.478779
2026-05-09 19:00:00+02:00,19.5455,10.041354,25.56,0.0,0.0,42080.0,13.223043,19.598463
2026-05-09 20:00:00+02:00,18.1955,4.73506,19.8,2.0,0.0,41280.0,12.159491,15.529648
2026-05-09 21:00:00+02:00,15.045501,5.6920996,9.72,39.0,0.0,39980.0,9.858215,12.5526705
2026-05-09 22:00:00+02:00,13.0955,5.00128,10.440001,10.0,0.0,37760.0,5.709857,13.879042
2026-05-09 23:00:00+02:00,12.4455,5.4833565,6.4799995,7.0,0.0,37080.0,1.0189676,10.5517235
2026-05-10 00:00:00+02:00,11.3455,5.95906,8.64,0.0,0.0,36320.0,1.643036,8.689655
2026-05-10 01:00:00+02:00,10.6955,5.991594,9.36,0.0,0.0,37520.0,2.278481,6.7137847
2026-05-10 02:00:00+02:00,10.3455,6.763786,10.440001,0.0,0.0,38440.0,4.907998,6.48019
2026-05-10 03:00:00+02:00,10.3955,6.696387,10.799999,0.0,0.0,39680.0,7.7602262,6.939521
2026-05-10 04:00:00+02:00,10.045501,6.1305785,12.599999,0.0,0.0,40280.0,10.754816,6.390391
2026-05-10 05:00:00+02:00,9.745501,6.12,11.879999,0.0,0.0,39820.0,7.34788,6.390391
2026-05-10 06:00:00+02:00,10.1955,5.6233797,11.879999,0.0,0.0,41180.0,7.205189,9.310345
2026-05-10 07:00:00+02:00,10.545501,5.495161,10.440001,0.0,0.0,41200.0,8.11344,9.474416
2026-05-10 08:00:00+02:00,12.8455,2.3051248,9.72,0.0,0.0,42080.0,7.840093,6.48019
2026-05-10 09:00:00+02:00,14.1455,1.9386592,4.32,0.0,0.0,38960.0,10.331347,10.98112
2026-05-10 10:00:00+02:00,15.1955,8.891343,16.919998,0.0,0.0,40960.0,5.562481,14.476846
2026-05-10 11:00:00+02:00,16.095499,11.720751,23.4,0.0,0.0,40560.0,7.1327734,19.390963
2026-05-10 12:00:00+02:00,16.9455,10.948973,21.599998,0.0,0.0,39120.0,8.476439,27.716415
2026-05-10 13:00:00+02:00,17.495499,12.57426,20.880001,0.0,0.0,39740.0,9.350104,24.206896
2026-05-10 14:00:00+02:00,17.845499,13.979871,24.84,15.0,0.0,39500.0,4.6916795,27.653793
2026-05-10 15:00:00+02:00,16.8955,13.009903,27.359999,44.0,0.0,38660.0,8.21518,27.937927
2026-05-10 16:00:00+02:00,15.8955,11.183201,29.16,42.0,0.3,35460.0,11.392405,27.882717
2026-05-10 17:00:00+02:00,14.795501,10.495713,26.28,45.0,0.0,28160.0,3.89347,30.922554
2026-05-10 18:00:00+02:00,14.3955,9.504272,27.72,33.0,0.0,27360.0,2.734177,29.409164
2026-05-10 19:00:00+02:00,14.045501,6.151683,20.519999,57.0,0.0,27080.0,1.0189676,29.857687
2026-05-10 20:00:00+02:00,13.045501,4.198285,14.759999,86.0,0.0,22460.0,4.323114,25.136013
2026-05-10 21:00:00+02:00,12.0955,3.396233,11.879999,52.0,0.6,23140.0,7.5842957,28.693052
2026-05-10 22:00:00+02:00,11.545501,2.4149535,5.04,0.0,0.0,30060.0,11.031237,31.164553
2026-05-10 23:00:00+02:00,9.6455,6.489992,10.799999,15.0,0.0,27140.0,3.2222586,33.797676
2026-05-11 00:00:00+02:00,10.1455,1.835647,12.599999,31.0,0.0,20340.0,3.757767,25.69685
2026-05-11 01:00:00+02:00,10.4455,3.319036,3.96,54.0,0.0,35760.0,1.8227848,23.757093
2026-05-11 02:00:00+02:00,10.045501,3.4152596,11.159999,74.0,1.1,24040.0,4.0758705,18.096056
2026-05-11 03:00:00+02:00,10.245501,3.4152596,10.440001,56.0,1.4,23100.0,10.754816,10.569963
2026-05-11 04:00:00+02:00,9.9455,2.8116899,8.64,71.0,3.1,25500.0,9.394418,19.794064
2026-05-11 05:00:00+02:00,9.3455,5.3517847,11.5199995,90.0,0.1,1560.0,2.278481,22.249796
2026-05-11 06:00:00+02:00,9.3455,2.9024127,7.5599995,32.0,0.1,25200.0,7.418196,28.335009
2026-05-11 07:00:00+02:00,9.1455,5.1919937,9.0,3.0,0.0,17440.0,2.9178793,28.61238
2026-05-11 08:00:00+02:00,10.1455,2.52,9.0,67.0,0.0,880.0,2.278481,28.980291
2026-05-11 09:00:00+02:00,10.995501,1.0182338,5.3999996,64.0,0.9,12440.0,7.34788,40.630287
2026-05-11 10:00:00+02:00,11.5955,5.0911684,11.879999,0.0,1.1,23040.0,23.06111,54.747498
2026-05-11 11:00:00+02:00,13.795501,5.6920996,21.599998,73.0,0.0,38940.0,19.079472,45.93103
2026-05-11 12:00:00+02:00,12.5955,6.8777895,23.4,66.0,0.4,24760.0,9.994197,39.280388
2026-05-11 13:00:00+02:00,12.0955,4.6938252,27.359999,47.0,1.2,8540.0,17.412127,49.468613
2026-05-11 14:00:00+02:00,13.045501,10.853866,21.599998,18.0,0.9,38840.0,22.42192,42.48438
2026-05-11 15:00:00+02:00,14.3955,11.901798,27.72,4.0,0.0,40160.0,23.28068,39.14776
2026-05-11 16:00:00+02:00,12.8455,10.685391,27.72,52.0,0.4,14040.0,22.42192,31.170736
2026-05-11 17:00:00+02:00,12.245501,13.363711,19.08,31.0,2.4,38480.0,27.315176,49.68619
2026-05-11 18:00:00+02:00,12.245501,12.620554,30.599998,0.0,0.0,39360.0,27.512127,50.65755
2026-05-11 19:00:00+02:00,11.9455,11.384199,25.199999,15.0,0.2,15400.0,30.258366,50.27969
2026-05-11 20:00:00+02:00,10.545501,7.8625183,22.319998,40.0,0.7,20420.0,24.792553,57.910706
2026-05-11 21:00:00+02:00,9.6455,14.471821,28.8,54.0,2.0,21820.0,29.153875,69.60862
2026-05-11 22:00:00+02:00,8.5955,6.9247384,28.8,47.0,0.8,31840.0,21.996487,53.469448
2026-05-11 23:00:00+02:00,8.1955,7.386582,20.519999,100.0,1.2,24840.0,9.394418,45.4165
2026-05-12 00:00:00+02:00,6.6454997,13.783817,28.44,100.0,2.3,14740.0,13.708808,34.62536
2026-05-12 01:00:00+02:00,5.3455,11.212135,31.68,100.0,3.5,16380.0,14.610731,43.55897
2026-05-12 02:00:00+02:00,3.8455,12.24,24.48,100.0,2.8,18260.0,11.92671,50.291183
2026-05-12 03:00:00+02:00,4.0455,4.5536795,24.48,96.0,2.0,22980.0,2.0379353,51.81922
2026-05-12 04:00:00+02:00,4.1455,3.7585104,9.0,87.0,0.6,21840.0,2.8820758,57.056194
2026-05-12 05:00:00+02:00,4.2955,9.007196,7.5599995,87.0,0.0,27080.0,4.6472077,50.122368
2026-05-12 06:00:00+02:00,4.1955,5.3999996,16.56,81.0,0.0,28860.0,4.757608,34.957558
2026-05-12 07:00:00+02:00,4.2455,5.4119864,11.879999,100.0,0.2,20620.0,5.8000655,37.70402
2026-05-12 08:00:00+02:00,5.0455,6.489992,13.679999,94.0,0.4,27020.0,3.757767,33.597603
2026-05-12 09:00:00+02:00,3.9955,11.720751,29.519999,85.0,0.5,22300.0,7.34788,38.502773
2026-05-12 10:00:00+02:00,4.2455,8.913181,23.759998,81.0,0.2,19540.0,4.844117,36.14951
2026-05-12 11:00:00+02:00,4.5955,7.729527,19.8,95.0,0.0,29420.0,1.0189676,31.312546
2026-05-12 12:00:00+02:00,5.0955,8.942214,19.8,83.0,0.1,25640.0,1.2889035,29.251541
2026-05-12 13:00:00+02:00,7.1454997,6.8777895,20.16,44.0,0.0,34240.0,5.506198,29.27787
2026-05-12 14:00:00+02:00,8.745501,6.9153743,16.919998,66.0,0.0,39160.0,6.3797464,29.441893
2026-05-12 15:00:00+02:00,8.6955,10.086427,23.039999,81.0,0.0,37000.0,1.4410379,24.405024
2026-05-12 16:00:00+02:00,8.6955,9.793058,21.599998,95.0,0.0,35920.0,0.4556962,17.31268
2026-05-12 17:00:00+02:00,10.0955,10.315115,18.359999,64.0,0.0,40600.0,5.6366506,21.944693
2026-05-12 18:00:00+02:00,9.995501,8.854829,16.56,28.0,0.0,40400.0,7.20519,16.71258
2026-05-12 19:00:00+02:00,9.545501,5.315336,18.359999,47.0,0.0,40360.0,4.101266,15.861018
2026-05-12 20:00:00+02:00,9.045501,2.3051248,11.159999,67.0,0.0,40980.0,1.4410379,20.74441
2026-05-12 21:00:00+02:00,7.4455,2.3051248,3.2399998,21.0,0.0,40740.0,1.8227848,20.74441
2026-05-12 22:00:00+02:00,6.1955,5.3517847,5.7599998,0.0,0.0,40420.0,1.9333551,15.665498
2026-05-12 23:00:00+02:00,4.4455,5.634891,9.36,0.0,0.0,32400.0,4.844117,16.94153
2026-05-13 00:00:00+02:00,3.9455,5.4833565,11.879999,0.0,0.0,28980.0,7.5842957,16.13793
2026-05-13 01:00:00+02:00,4.5455,3.671294,9.72,0.0,0.0,34280.0,4.6916795,12.795844
2026-05-13 02:00:00+02:00,4.3455,2.9024127,5.7599998,0.0,0.0,33060.0,1.4410379,14.396789
2026-05-13 03:00:00+02:00,3.9955,2.9024127,3.2399998,0.0,0.0,33080.0,2.734177,16.149862
2026-05-13 04:00:00+02:00,4.3955,2.7416782,3.2399998,0.0,0.0,34300.0,5.0333285,17.167427
2026-05-13 05:00:00+02:00,3.7954998,1.0182338,3.96,0.0,0.0,34280.0,1.4410379,19.949162
2026-05-13 06:00:00+02:00,3.7954998,3.9763298,3.96,0.0,0.0,34860.0,2.6571426,24.835342
2026-05-13 07:00:00+02:00,4.2455,2.6208394,5.3999996,0.0,0.0,35560.0,1.3670886,26.135382
2026-05-13 08:00:00+02:00,5.4955,3.0758414,3.2399998,0.0,0.0,27520.0,2.278481,30.514961
2026-05-13 09:00:00+02:00,7.5955,6.989936,16.56,0.0,0.0,39040.0,2.3236039,31.53323
2026-05-13 10:00:00+02:00,8.745501,8.0899935,21.24,0.0,0.0,40080.0,3.5591009,31.034481
2026-05-13 11:00:00+02:00,10.295501,8.891343,20.519999,0.0,0.0,40740.0,5.8000655,35.078575
2026-05-13 12:00:00+02:00,10.9455,14.081477,32.399998,6.0,0.0,40480.0,4.6916795,36.919296
2026-05-13 13:00:00+02:00,11.9455,13.089354,32.399998,0.0,0.0,41040.0,5.012658,32.572903
2026-05-13 14:00:00+02:00,13.1955,12.819235,29.88,0.0,0.0,42060.0,8.215179,27.931032
2026-05-13 15:00:00+02:00,14.545501,7.7043357,28.44,0.0,0.0,42480.0,5.0333285,23.95894
2026-05-13 16:00:00+02:00,15.0955,11.988594,26.28,0.0,0.0,43280.0,25.701426,21.066906
2026-05-13 17:00:00+02:00,14.4455,11.983188,34.56,0.0,0.0,42800.0,24.779985,29.670004
2026-05-13 18:00:00+02:00,13.545501,13.281023,28.44,0.0,0.0,42300.0,27.707676,36.11219
2026-05-13 19:00:00+02:00,12.5955,10.990322,28.44,0.0,0.0,41940.0,31.535362,41.844795
2026-05-13 20:00:00+02:00,11.6955,9.504273,25.199999,0.0,0.0,42480.0,30.48059,38.647587
2026-05-13 21:00:00+02:00,10.045501,9.746631,19.44,0.0,0.0,41300.0,28.076212,44.434612
2026-05-13 22:00:00+02:00,9.6455,8.28,21.599998,0.0,0.0,42500.0,36.29585,45.93103
2026-05-13 23:00:00+02:00,9.745501,8.373386,26.28,4.0,0.0,41440.0,30.967232,40.530605
2026-05-14 00:00:00+02:00,8.9455,10.163227,27.359999,55.0,0.2,40200.0,25.494562,50.06084
2026-05-14 01:00:00+02:00,8.3955,6.162207,18.0,100.0,0.3,30420.0,20.009163,54.958202
2026-05-14 02:00:00+02:00,7.1454997,7.8954163,14.4,72.0,0.8,36280.0,16.461926,49.65905
2026-05-14 03:00:00+02:00,6.6454997,6.151683,14.759999,89.0,0.3,26940.0,10.677303,47.77294
2026-05-14 04:00:00+02:00,5.3954997,4.73506,14.4,35.0,0.2,28060.0,13.949067,48.118458
2026-05-14 05:00:00+02:00,5.3455,6.489992,7.92,13.0,0.0,28120.0,16.124176,43.381718
2026-05-14 06:00:00+02:00,4.9955,4.198285,11.5199995,38.0,0.1,29040.0,12.438086,45.96876
2026-05-14 07:00:00+02:00,5.0455,3.6179552,9.0,0.0,0.0,26740.0,20.009163,49.608597
2026-05-14 08:00:00+02:00,7.3455,5.95906,7.2,3.0,0.0,36640.0,21.242481,52.17117
2026-05-14 09:00:00+02:00,9.1455,7.928178,19.08,6.0,0.0,40500.0,21.359468,47.1479
2026-05-14 10:00:00+02:00,9.995501,4.3498964,15.119999,6.0,0.0,40460.0,10.035667,32.192196
2026-05-14 11:00:00+02:00,8.8455,16.263872,28.8,18.0,0.0,34880.0,15.065567,33.93419
2026-05-14 12:00:00+02:00,7.4955,16.42247,36.0,59.0,0.1,29560.0,14.272824,39.260765
2026-05-14 13:00:00+02:00,6.9455,12.413477,39.239998,98.0,0.3,27800.0,10.401459,50.70316
2026-05-14 14:00:00+02:00,6.7455,6.830519,37.44,80.0,0.4,32320.0,2.9178793,50.041595
2026-05-14 15:00:00+02:00,8.5955,9.178235,20.519999,0.0,0.0,33760.0,4.0758705,37.12741
2026-05-14 16:00:00+02:00,7.3954997,13.089354,41.399998,28.0,0.5,16160.0,16.562534,30.822723
2026-05-14 17:00:00+02:00,6.9955,9.449572,34.56,73.0,0.6,19600.0,3.9200466,33.05427
2026-05-14 18:00:00+02:00,6.9455,4.802999,19.08,59.0,0.3,31680.0,4.0758705,34.334854
2026-05-14 19:00:00+02:00,6.7455,4.829907,11.159999,32.0,0.1,23320.0,5.9240503,41.48882
2026-05-14 20:00:00+02:00,7.1955,6.439876,10.08,0.0,0.0,34700.0,13.594724,34.813995
2026-05-14 21:00:00+02:00,4.5455,4.0249224,13.32,44.0,0.0,23660.0,6.572144,32.37121
2026-05-14 22:00:00+02:00,3.9955,2.0364676,5.04,61.0,0.0,16360.0,1.8788835,30.56542
2026-05-14 23:00:00+02:00,4.3955,2.0364676,3.6,27.0,0.0,29000.0,4.57969,31.034481
2026-05-15 00:00:00+02:00,4.0455,3.219938,3.6,41.0,0.0,23560.0,4.101266,30.165771
2026-05-15 01:00:00+02:00,3.3455,2.5455842,4.32,0.0,0.0,27200.0,2.278481,28.693052
2026-05-15 02:00:00+02:00,2.3455,6.638072,8.64,0.0,0.0,33660.0,0.4556962,30.816475
2026-05-15 03:00:00+02:00,1.5455,5.154415,11.5199995,0.0,0.0,27920.0,1.0189676,29.799566
2026-05-15 04:00:00+02:00,0.6955,3.6179552,8.64,0.0,0.0,15360.0,6.524576,23.716516
2026-05-15 05:00:00+02:00,0.5955,1.1384199,5.04,93.0,0.0,380.0,5.195736,22.041039
2026-05-15 06:00:00+02:00,1.6455,4.829907,7.2,73.0,0.0,32620.0,2.6571426,18.764957
2026-05-15 07:00:00+02:00,2.9955,1.8,6.8399997,94.0,0.0,32680.0,1.0189676,15.800178
2026-05-15 08:00:00+02:00,3.9955,1.1384199,2.8799999,94.0,0.4,20240.0,5.094838,12.241913
2026-05-15 09:00:00+02:00,4.3955,3.96,7.2,85.0,0.4,20600.0,3.67394,10.4046545
2026-05-15 10:00:00+02:00,5.2455,5.7599998,8.64,93.0,0.2,28180.0,4.6472077,9.474416
2026-05-15 11:00:00+02:00,4.9955,8.891343,14.4,83.0,0.2,23380.0,10.280973,5.3031745
2026-05-15 12:00:00+02:00,5.6454997,9.504273,17.64,94.0,0.4,25920.0,11.171529,3.9255857
2026-05-15 13:00:00+02:00,5.8455,11.631956,23.759998,92.0,0.4,27500.0,14.927093,5.7224755
2026-05-15 14:00:00+02:00,5.9455,9.220499,27.0,82.0,0.3,28180.0,11.087566,8.6452055
2026-05-15 15:00:00+02:00,6.4955,8.891343,18.0,83.0,0.2,28480.0,10.831774,7.022301
2026-05-15 16:00:00+02:00,6.9455,8.311245,18.0,84.0,0.1,33080.0,13.246578,9.474416
2026-05-15 17:00:00+02:00,6.4455,5.95906,17.64,92.0,0.0,34260.0,8.800955,16.018122
2026-05-15 18:00:00+02:00,5.8455,6.6185193,15.119999,72.0,1.0,27680.0,10.628571,11.987508
2026-05-15 19:00:00+02:00,5.9955,1.08,14.4,46.0,0.2,31180.0,4.556962,10.839878
2026-05-15 20:00:00+02:00,5.3455,4.379589,3.6,80.0,0.0,21820.0,2.7718916,13.370063
2026-05-15 21:00:00+02:00,3.8955002,4.0249224,15.119999,59.0,1.5,22100.0,8.646228,8.068965
2026-05-15 22:00:00+02:00,3.0454998,5.1544156,10.08,16.0,0.1,15400.0,2.7718916,13.0492525
2026-05-15 23:00:00+02:00,3.0454998,3.9763298,10.08,90.0,0.0,12560.0,2.9178793,11.987508
2026-05-16 00:00:00+02:00,2.8455,3.219938,8.28,90.0,0.2,11980.0,3.5591009,12.367153
2026-05-16 01:00:00+02:00,2.8955002,3.0758414,6.4799995,92.0,0.3,6940.0,3.5591009,13.398848
2026-05-16 02:00:00+02:00,2.9455,3.2399998,8.64,85.0,0.8,11940.0,4.488087,15.517241
2026-05-16 03:00:00+02:00,2.8955002,3.0758414,6.12,100.0,0.2,12720.0,4.757608,10.606349
2026-05-16 04:00:00+02:00,2.7455,2.968636,7.5599995,86.0,0.2,12980.0,3.4704785,7.8511715
2026-05-16 05:00:00+02:00,2.6455002,2.5455842,6.4799995,83.0,0.1,12560.0,2.6571426,6.939521
2026-05-16 06:00:00+02:00,2.5455,2.8799999,6.8399997,80.0,0.1,16540.0,0.64445174,8.951714
2026-05-16 07:00:00+02:00,2.8455,2.6208394,6.8399997,80.0,0.0,14560.0,0.0,10.330335
2026-05-16 08:00:00+02:00,3.8455,1.8,6.4799995,73.0,0.1,11180.0,1.4410379,10.533453
2026-05-16 09:00:00+02:00,4.7955,1.8,6.12,74.0,0.0,1660.0,2.3236039,11.189642
2026-05-16 10:00:00+02:00,5.4955,1.835647,5.7599998,65.0,0.0,26500.0,2.278481,9.310345
2026-05-16 11:00:00+02:00,5.9455,5.04,5.3999996,85.0,0.0,25880.0,1.643036,10.678748
2026-05-16 12:00:00+02:00,6.3455,7.0911775,11.5199995,67.0,0.3,28580.0,4.201311,9.474416
2026-05-16 13:00:00+02:00,7.0955,13.004921,22.68,64.0,0.0,24800.0,8.215179,9.310345
2026-05-16 14:00:00+02:00,6.8954997,10.636766,28.08,64.0,0.4,26460.0,7.418196,5.6205835
2026-05-16 15:00:00+02:00,7.1955,9.449572,18.0,62.0,0.1,31580.0,8.476439,6.1445136
2026-05-16 16:00:00+02:00,6.9455,10.440001,20.16,84.0,0.3,29440.0,12.84061,11.189642
2026-05-16 17:00:00+02:00,7.5955,8.427383,20.880001,46.0,1.2,33680.0,7.205189,10.180067
2026-05-16 18:00:00+02:00,7.4955,4.198285,12.959999,15.0,0.1,33800.0,4.0758705,10.551724
2026-05-16 19:00:00+02:00,7.0955,3.6179552,10.440001,87.0,0.1,31880.0,6.728273,11.444951
2026-05-16 20:00:00+02:00,6.8455,1.2979984,14.04,50.0,0.2,30040.0,1.2889035,15.628565
2026-05-16 21:00:00+02:00,6.1454997,4.452954,9.0,39.0,0.3,32100.0,1.4410379,10.624495
2026-05-16 22:00:00+02:00,4.1955,3.96,8.64,0.0,0.0,26100.0,5.562481,11.241167
2026-05-16 23:00:00+02:00,3.0955,6.489992,10.799999,0.0,0.0,20740.0,6.7744107,8.442291
2026-05-17 00:00:00+02:00,2.6455002,5.8048253,11.879999,0.0,0.0,21040.0,4.844117,5.855574
2026-05-17 01:00:00+02:00,2.0955,5.1165614,9.72,0.0,0.0,22560.0,5.8000655,6.329817
2026-05-17 02:00:00+02:00,1.9455,5.991594,8.64,0.0,0.0,21900.0,5.8357587,7.5510154
2026-05-17 03:00:00+02:00,1.3455,6.4096174,11.5199995,0.0,0.0,23540.0,3.8667102,6.48019
2026-05-17 04:00:00+02:00,0.6955,6.4096174,10.08,0.0,0.0,23180.0,3.9200466,7.0769506
2026-05-17 05:00:00+02:00,0.34550002,7.289445,10.440001,0.0,0.0,23460.0,3.8667102,10.1040945
2026-05-17 06:00:00+02:00,0.19550002,6.989936,12.24,0.0,0.0,25220.0,3.2222586,10.1040945
2026-05-17 07:00:00+02:00,0.6455,5.3517847,10.799999,0.0,0.0,24240.0,2.577807,10.998648
2026-05-17 08:00:00+02:00,3.7954998,2.5959969,7.92,0.0,0.0,29120.0,3.0569031,12.226168
2026-05-17 09:00:00+02:00,5.9455,0.5091169,5.04,0.0,0.0,35460.0,1.643036,10.274241
2026-05-17 10:00:00+02:00,7.3455,1.609969,6.12,0.0,0.0,38100.0,3.286072,11.394346
2026-05-17 11:00:00+02:00,9.6455,5.937272,12.959999,0.0,0.0,40160.0,2.0379353,14.167504
2026-05-17 12:00:00+02:00,10.6455,9.793058,14.759999,0.0,0.0,40480.0,3.1898732,14.476846
2026-05-17 13:00:00+02:00,11.0955,10.390226,16.919998,39.0,0.0,41960.0,2.9178793,16.884583
2026-05-17 14:00:00+02:00,12.745501,11.27553,18.72,0.0,0.0,43280.0,3.2222586,16.292364
2026-05-17 15:00:00+02:00,13.245501,11.113451,26.64,4.0,0.0,42060.0,3.0569031,19.120867
2026-05-17 16:00:00+02:00,13.4455,11.27553,25.56,0.0,0.0,41300.0,4.6472077,22.102129
2026-05-17 17:00:00+02:00,13.1955,12.181625,23.4,0.0,0.0,41840.0,9.515216,20.265303
2026-05-17 18:00:00+02:00,12.9455,10.495713,24.84,0.0,0.0,41460.0,9.294415,21.617472
2026-05-17 19:00:00+02:00,12.295501,7.8954163,23.4,0.0,0.0,40960.0,4.488087,23.846117
2026-05-17 20:00:00+02:00,11.6455,4.3349743,16.919998,0.0,0.0,40600.0,0.0,28.068626
2026-05-17 21:00:00+02:00,9.245501,3.6,8.64,0.0,0.0,39920.0,2.8820758,30.659805
2026-05-17 22:00:00+02:00,6.6955,6.3690495,12.599999,0.0,0.0,34860.0,5.8000655,32.37121
2026-05-17 23:00:00+02:00,6.4455,6.1305785,12.599999,0.0,0.0,35780.0,7.418196,31.410818
2026-05-18 00:00:00+02:00,6.5955,6.3690495,12.24,0.0,0.0,37340.0,8.377872,31.108875
2026-05-18 01:00:00+02:00,6.4455,6.193674,12.24,0.0,0.0,37860.0,6.7744107,29.27787
2026-05-18 02:00:00+02:00,5.8954997,6.1305785,11.5199995,0.0,0.0,36380.0,8.377872,29.954306
2026-05-18 03:00:00+02:00,5.8954997,6.1094027,11.879999,0.0,0.0,37460.0,8.706063,29.179018
2026-05-18 04:00:00+02:00,5.8954997,4.198285,12.24,0.0,0.0,38880.0,2.3236039,23.265514
2026-05-18 05:00:00+02:00,5.0955,5.6920996,9.0,0.0,0.0,36480.0,2.453999,20.632679
2026-05-18 06:00:00+02:00,5.4955,6.12,11.5199995,0.0,0.0,35920.0,1.4410379,22.387888
2026-05-18 07:00:00+02:00,6.1955,3.6179552,11.159999,0.0,0.0,37580.0,6.7744107,24.103226
2026-05-18 08:00:00+02:00,7.2455,0.8049845,6.8399997,26.0,0.0,23560.0,3.2222586,22.014801
2026-05-18 09:00:00+02:00,9.495501,3.2599385,7.5599995,51.0,0.1,31820.0,1.8788835,21.617472
2026-05-18 10:00:00+02:00,10.8955,6.924738,16.199999,52.0,0.0,33040.0,3.0569031,19.716057
2026-05-18 11:00:00+02:00,10.5955,9.360001,20.16,65.0,0.1,33580.0,1.8788835,21.402544
2026-05-18 12:00:00+02:00,9.8955,11.525623,22.68,92.0,0.7,28620.0,5.7641516,21.679756
2026-05-18 13:00:00+02:00,9.495501,9.585739,21.599998,90.0,1.0,19820.0,5.094838,22.889902
2026-05-18 14:00:00+02:00,9.795501,5.6233797,18.0,60.0,0.6,29900.0,1.2889035,22.102129
2026-05-18 15:00:00+02:00,11.045501,2.6208394,14.04,92.0,0.2,34800.0,7.3619976,33.4021
2026-05-18 16:00:00+02:00,11.745501,4.73506,11.5199995,40.0,0.1,35440.0,5.012658,29.670004
2026-05-18 17:00:00+02:00,10.995501,9.178235,19.8,48.0,0.0,32980.0,2.7718916,26.718508
2026-05-18 18:00:00+02:00,11.045501,10.587917,21.599998,40.0,0.0,34020.0,4.6916795,25.020798
2026-05-18 19:00:00+02:00,10.3455,5.4477882,21.24,45.0,0.4,34320.0,9.612922,20.055098
2026-05-18 20:00:00+02:00,10.1455,2.2768397,9.72,56.0,0.0,32000.0,0.9113924,18.599987
2026-05-18 21:00:00+02:00,9.0955,1.8,6.4799995,71.0,0.0,31020.0,3.3175182,15.11478
2026-05-18 22:00:00+02:00,8.1455,4.39436,6.4799995,15.0,0.0,30120.0,4.844117,15.329903
2026-05-18 23:00:00+02:00,6.9955,4.2136917,8.64,76.0,0.0,24700.0,2.7718916,16.292364
2026-05-19 00:00:00+02:00,7.1454997,4.3498964,6.4799995,51.0,0.0,29700.0,3.0569031,14.153901
2026-05-19 01:00:00+02:00,6.3954997,5.1919937,7.92,25.0,0.0,30360.0,5.8357587,14.476846
2026-05-19 02:00:00+02:00,5.3954997,5.8048253,11.159999,8.0,0.0,19340.0,5.155614,16.185604
2026-05-19 03:00:00+02:00,4.5455,6.297428,12.24,3.0,0.0,18660.0,2.278481,11.939203
2026-05-19 04:00:00+02:00,3.9955,6.6087217,11.879999,0.0,0.0,17660.0,2.8820758,12.5526705
2026-05-19 05:00:00+02:00,3.4455,7.10031,11.159999,0.0,0.0,16600.0,6.835443,13.879042
2026-05-19 06:00:00+02:00,3.3955002,6.8777895,12.959999,0.0,0.0,19820.0,6.572144,14.003396
2026-05-19 07:00:00+02:00,4.1955,5.904439,12.959999,0.0,0.0,17680.0,3.286072,12.051613
2026-05-19 08:00:00+02:00,7.2955,2.7416782,6.4799995,0.0,0.0,23060.0,2.3236039,14.003396
2026-05-19 09:00:00+02:00,9.245501,0.5091169,5.04,0.0,0.0,34760.0,3.286072,12.226168
2026-05-19 10:00:00+02:00,10.8955,4.1046314,10.440001,0.0,0.0,36520.0,1.9333551,13.0492525
2026-05-19 11:00:00+02:00,12.1955,8.089993,12.599999,0.0,0.0,37180.0,0.64445174,13.152178
2026-05-19 12:00:00+02:00,12.4455,9.565437,15.119999,0.0,0.0,38960.0,1.4410379,16.13793
2026-05-19 13:00:00+02:00,13.3955,10.703569,17.64,0.0,0.0,40600.0,0.0,16.386677
2026-05-19 14:00:00+02:00,14.5955,12.10157,21.599998,12.0,0.0,40820.0,2.3236039,14.753624
2026-05-19 15:00:00+02:00,14.6955,14.24163,27.72,12.0,0.0,40120.0,4.6916795,24.143152
2026-05-19 16:00:00+02:00,13.6955,11.440978,25.199999,42.0,0.1,25000.0,7.1182017,23.240662
2026-05-19 17:00:00+02:00,13.3455,7.289445,21.96,21.0,0.2,38860.0,4.6916795,28.592175
2026-05-19 18:00:00+02:00,13.045501,5.3999996,15.84,0.0,0.0,37640.0,8.706063,29.218596
2026-05-19 19:00:00+02:00,12.745501,5.991594,13.32,7.0,0.0,37840.0,8.062088,27.875805
2026-05-19 20:00:00+02:00,12.6955,5.00128,13.32,5.0,0.0,39060.0,10.035667,27.549112
2026-05-19 21:00:00+02:00,11.245501,2.6208394,9.72,38.0,0.0,39460.0,10.974618,26.186924
2026-05-19 22:00:00+02:00,10.795501,5.00128,5.3999996,18.0,0.0,39940.0,11.618018,27.204338
2026-05-19 23:00:00+02:00,9.5955,6.638072,13.679999,19.0,0.0,37200.0,12.767628,24.42869
2026-05-20 00:00:00+02:00,8.995501,5.991594,12.24,19.0,0.0,35860.0,7.34788,18.516953
2026-05-20 01:00:00+02:00,8.5455,6.1305785,12.599999,18.0,0.0,33240.0,5.8357587,19.331268
2026-05-20 02:00:00+02:00,9.795501,5.904439,10.08,49.0,0.0,35840.0,7.840093,19.251387
2026-05-20 03:00:00+02:00,10.1955,5.634891,11.159999,50.0,0.0,36420.0,5.333787,23.099327
2026-05-20 04:00:00+02:00,9.9455,5.3999996,10.440001,34.0,0.6,30180.0,14.075039,33.797676
2026-05-20 05:00:00+02:00,10.4455,5.00128,11.879999,46.0,0.4,32020.0,12.133847,38.186287
2026-05-20 06:00:00+02:00,9.6955,4.73506,10.440001,70.0,0.0,27480.0,11.501252,31.337141
2026-05-20 07:00:00+02:00,9.8955,3.4152596,8.28,84.0,0.1,21860.0,8.706063,30.816475
2026-05-20 08:00:00+02:00,10.9455,3.4152596,6.8399997,77.0,0.0,23060.0,10.870049,32.75571
2026-05-20 09:00:00+02:00,12.795501,2.5455842,7.92,42.0,0.0,29460.0,15.311664,26.71851
2026-05-20 10:00:00+02:00,14.245501,7.9932966,18.72,0.0,0.0,33500.0,11.618018,24.238705
2026-05-20 11:00:00+02:00,14.6955,11.304229,23.4,23.0,0.0,36440.0,8.765491,28.006792
2026-05-20 12:00:00+02:00,15.795501,10.805998,19.8,0.0,0.0,37760.0,5.993747,26.71851
2026-05-20 13:00:00+02:00,16.3955,12.245293,20.16,0.0,0.0,37920.0,5.562481,23.040882
2026-05-20 14:00:00+02:00,16.7955,13.089354,22.319998,0.0,0.0,37140.0,7.971428,27.422962
2026-05-20 15:00:00+02:00,17.1955,11.885453,25.56,16.0,0.0,38180.0,8.84802,29.799566
2026-05-20 16:00:00+02:00,17.6955,9.339208,26.28,0.0,0.0,40480.0,7.515534,29.198812
2026-05-20 17:00:00+02:00,17.245499,7.653705,21.24,56.0,0.0,40900.0,5.9240503,29.857687
2026-05-20 18:00:00+02:00,17.245499,5.1919937,23.4,27.0,0.0,40600.0,2.8820758,26.660769
2026-05-20 19:00:00+02:00,14.745501,6.193674,17.28,75.0,2.2,4100.0,8.513107,24.804298
2026-05-20 20:00:00+02:00,15.3455,3.0547013,16.56,71.0,0.3,37620.0,1.4410379,22.965515
2026-05-20 21:00:00+02:00,14.3955,2.3051248,4.32,70.0,0.0,37220.0,8.21518,19.251387
2026-05-20 22:00:00+02:00,12.6955,5.692099,8.28,50.0,0.0,36300.0,4.323114,20.265303
2026-05-20 23:00:00+02:00,11.245501,5.3517847,7.92,83.0,0.0,29040.0,1.0189676,21.546066
2026-05-21 00:00:00+02:00,10.745501,5.991594,9.36,63.0,0.0,31680.0,0.9113924,21.617472
2026-05-21 01:00:00+02:00,9.795501,5.6233797,10.08,28.0,0.0,29300.0,2.278481,21.546066
2026-05-21 02:00:00+02:00,8.9455,6.297428,6.4799995,17.0,0.0,28620.0,6.1307654,28.612377
2026-05-21 03:00:00+02:00,8.2955,6.4096174,10.799999,0.0,0.0,30320.0,5.562481,28.430025
2026-05-21 04:00:00+02:00,7.7955,5.6233797,10.08,0.0,0.0,30720.0,6.835443,27.563091
2026-05-21 05:00:00+02:00,7.1955,6.28713,10.08,0.0,0.0,29200.0,4.201311,28.423246
2026-05-21 06:00:00+02:00,7.2955,6.489992,12.959999,0.0,0.0,30800.0,10.331347,27.716415
2026-05-21 07:00:00+02:00,8.1955,5.692099,12.599999,0.0,0.0,27880.0,10.391472,26.515873
2026-05-21 08:00:00+02:00,11.4455,1.609969,10.440001,0.0,0.0,28300.0,6.1307654,24.928242
2026-05-21 09:00:00+02:00,13.245501,0.35999998,4.68,0.0,0.0,36280.0,7.7468357,23.3729
2026-05-21 10:00:00+02:00,15.0955,3.319036,9.0,0.0,0.0,37220.0,6.47666,20.567223
2026-05-21 11:00:00+02:00,16.345499,8.557102,12.599999,0.0,0.0,36720.0,3.5591009,19.28138
2026-05-21 12:00:00+02:00,17.495499,9.346143,14.759999,0.0,0.0,40160.0,3.286072,17.423588
2026-05-21 13:00:00+02:00,18.745499,9.605998,15.119999,0.0,0.0,41140.0,0.0,15.566816
2026-05-21 14:00:00+02:00,19.995499,10.8955765,16.56,0.0,0.0,40540.0,2.6571426,12.475707
2026-05-21 15:00:00+02:00,20.745499,12.015589,19.8,0.0,0.0,40260.0,6.47666,9.310345
2026-05-21 16:00:00+02:00,20.995499,11.720751,20.519999,0.0,0.0,40280.0,6.47666,8.092802
2026-05-21 17:00:00+02:00,21.2955,10.8955765,19.8,0.0,0.0,41080.0,6.47666,10.551724
2026-05-21 18:00:00+02:00,20.995499,9.114471,19.08,0.0,0.0,41140.0,6.7744107,10.551724
2026-05-21 19:00:00+02:00,20.3955,6.439876,19.08,0.0,0.0,40860.0,7.958392,12.051613
2026-05-21 20:00:00+02:00,19.245499,4.3349743,13.32,0.0,0.0,40760.0,4.1265044,11.9230585
2026-05-21 21:00:00+02:00,16.845499,4.6938252,6.8399997,0.0,0.0,40260.0,6.1138062,11.711148
2026-05-21 22:00:00+02:00,12.8955,6.3690495,9.0,0.0,0.0,26480.0,4.9291077,12.320337
2026-05-21 23:00:00+02:00,12.3955,6.489992,10.08,0.0,0.0,34920.0,5.941551,9.695481
2026-05-22 00:00:00+02:00,11.8455,6.8777895,10.08,0.0,0.0,37460.0,6.572144,10.569963
2026-05-22 01:00:00+02:00,11.0955,6.638072,10.440001,0.0,0.0,37560.0,7.3619976,12.735487
2026-05-22 02:00:00+02:00,11.0955,7.491114,12.24,0.0,0.0,34560.0,7.205189,13.093462
2026-05-22 03:00:00+02:00,10.6455,7.653705,11.879999,0.0,0.0,36180.0,5.562481,11.189642
2026-05-22 04:00:00+02:00,9.8955,7.145796,8.64,0.0,0.0,34920.0,4.201311,9.655664
2026-05-22 05:00:00+02:00,10.1455,7.5942082,8.28,0.0,0.0,33480.0,2.9178793,7.022301
2026-05-22 06:00:00+02:00,9.8455,7.5942082,10.08,0.0,0.0,31820.0,3.286072,6.1445136
2026-05-22 07:00:00+02:00,10.8455,6.1305785,9.72,0.0,0.0,29200.0,3.5591009,6.1445136
2026-05-22 08:00:00+02:00,13.8955,2.1897945,6.4799995,0.0,0.0,30600.0,1.3670886,6.2068963
2026-05-22 09:00:00+02:00,15.6955,0.35999998,5.3999996,0.0,0.0,32480.0,4.488087,8.442291
2026-05-22 10:00:00+02:00,17.6455,3.671294,6.4799995,0.0,0.0,40520.0,3.286072,7.5764823
2026-05-22 11:00:00+02:00,19.245499,8.089993,12.24,0.0,0.0,40680.0,1.0189676,7.948705
2026-05-22 12:00:00+02:00,20.5455,11.165805,18.359999,0.0,0.0,41780.0,2.278481,7.022301
2026-05-22 13:00:00+02:00,21.845499,10.041354,18.72,0.0,0.0,41960.0,1.8788835,6.1445136
2026-05-22 14:00:00+02:00,22.7955,13.32,21.96,0.0,0.0,41600.0,7.6388597,8.092802
2026-05-22 15:00:00+02:00,23.5455,12.7279215,22.68,0.0,0.0,43240.0,7.7602262,7.499821
2026-05-22 16:00:00+02:00,23.845499,12.074766,21.599998,0.0,0.0,43080.0,8.11344,7.5510154
2026-05-22 17:00:00+02:00,23.845499,12.324414,20.880001,0.0,0.0,43120.0,10.638334,8.689655
2026-05-22 18:00:00+02:00,23.5455,9.0645685,22.68,0.0,0.0,42780.0,8.402622,6.2378535
2026-05-22 19:00:00+02:00,22.745499,6.12,19.44,0.0,0.0,42300.0,7.7602262,6.48019
2026-05-22 20:00:00+02:00,21.1455,3.096837,11.879999,0.0,0.0,41760.0,6.1307654,3.9743526
2026-05-22 21:00:00+02:00,18.9455,4.3498964,4.68,0.0,0.0,41660.0,4.2990294,6.2068963
2026-05-22 22:00:00+02:00,14.795501,6.4096174,15.119999,0.0,0.0,35720.0,1.0189676,6.48019
2026-05-22 23:00:00+02:00,13.8955,6.792466,11.5199995,0.0,0.0,32540.0,1.8227848,5.00416
2026-05-23 00:00:00+02:00,13.1455,6.6087217,13.679999,0.0,0.0,33360.0,3.67394,5.8883786
2026-05-23 01:00:00+02:00,12.995501,6.8777895,11.879999,0.0,0.0,35580.0,3.2222586,5.5862064
2026-05-23 02:00:00+02:00,12.545501,7.10031,9.0,0.0,0.0,36300.0,3.286072,5.3031745
2026-05-23 03:00:00+02:00,12.295501,7.10031,10.08,0.0,0.0,36800.0,2.453999,6.48019
2026-05-23 04:00:00+02:00,11.9455,6.696387,9.36,0.0,0.0,35600.0,1.643036,8.092802
2026-05-23 05:00:00+02:00,11.5955,7.0911775,7.92,0.0,0.0,35380.0,0.9113924,8.442291
2026-05-23 06:00:00+02:00,11.295501,7.4128532,12.959999,0.0,0.0,36400.0,2.734177,7.499821
2026-05-23 07:00:00+02:00,12.1455,5.8603754,12.24,0.0,0.0,33220.0,0.64445174,8.442291
2026-05-23 08:00:00+02:00,15.6455,1.9386592,6.4799995,0.0,0.0,32920.0,1.2889035,10.98112
2026-05-23 09:00:00+02:00,17.9455,1.1384199,5.04,0.0,0.0,37000.0,0.0,11.9230585
2026-05-23 10:00:00+02:00,19.745499,3.2599385,5.7599998,0.0,0.0,39940.0,1.8788835,13.283339
2026-05-23 11:00:00+02:00,21.1455,7.771331,9.36,0.0,0.0,40600.0,2.3236039,13.612786
2026-05-23 12:00:00+02:00,22.5455,9.114471,13.679999,0.0,0.0,41600.0,2.577807,14.714402
2026-05-23 13:00:00+02:00,23.5455,12.224107,20.16,0.0,0.0,41180.0,7.78694,11.545494
2026-05-23 14:00:00+02:00,24.345499,13.138765,20.16,0.0,0.0,41640.0,7.7334204,10.606349
2026-05-23 15:00:00+02:00,25.095499,13.684735,23.759998,0.0,0.0,42200.0,14.1779375,8.821657
2026-05-23 16:00:00+02:00,25.345499,13.679999,27.359999,0.0,0.0,42060.0,18.330091,7.4740934
2026-05-23 17:00:00+02:00,25.2955,13.039754,27.72,0.0,0.0,42760.0,17.934988,6.598021
2026-05-23 18:00:00+02:00,25.0455,9.826088,28.08,0.0,0.0,43520.0,14.265547,8.821657
2026-05-23 19:00:00+02:00,24.4455,7.2359104,20.880001,0.0,0.0,43600.0,15.209606,10.1040945
2026-05-23 20:00:00+02:00,23.9455,5.8048253,15.119999,0.0,0.0,44360.0,14.610731,11.41124
2026-05-23 21:00:00+02:00,18.5455,7.42159,13.32,0.0,0.0,40280.0,7.1182017,14.543223
2026-05-23 22:00:00+02:00,16.0455,5.1165614,15.119999,0.0,0.0,37480.0,7.418196,20.01664
2026-05-23 23:00:00+02:00,15.545501,5.937272,11.159999,0.0,0.0,34360.0,8.976174,18.672342
2026-05-24 00:00:00+02:00,14.545501,6.379216,12.24,0.0,0.0,34640.0,7.515534,18.908127
2026-05-24 01:00:00+02:00,13.745501,6.12,12.599999,0.0,0.0,36440.0,5.941551,21.375526
2026-05-24 02:00:00+02:00,13.1955,7.0911775,12.599999,0.0,0.0,36000.0,6.3960004,14.999642
2026-05-24 03:00:00+02:00,12.4455,8.049845,15.84,0.0,0.0,36820.0,4.57969,17.903427
2026-05-24 04:00:00+02:00,12.3955,6.792466,15.84,0.0,0.0,38060.0,5.195736,18.423088
2026-05-24 05:00:00+02:00,11.5955,7.8954163,14.4,0.0,0.0,36660.0,3.757767,15.152965
2026-05-24 06:00:00+02:00,11.545501,8.0899935,14.4,0.0,0.0,37700.0,1.8788835,19.794064
2026-05-24 07:00:00+02:00,12.6455,6.6087217,15.4800005,0.0,0.0,34220.0,4.2990294,20.66999
2026-05-24 08:00:00+02:00,15.6455,3.219938,11.5199995,0.0,0.0,31180.0,1.9333551,20.49216
2026-05-24 09:00:00+02:00,19.7955,0.8049845,6.8399997,0.0,0.0,38240.0,2.9178793,20.208189
2026-05-24 10:00:00+02:00,20.8955,0.71999997,4.32,0.0,0.0,40020.0,3.0569031,22.593443
2026-05-24 11:00:00+02:00,22.2955,6.5693827,14.04,0.0,0.0,41740.0,5.3142853,18.999592
2026-05-24 12:00:00+02:00,23.5455,9.346143,14.759999,0.0,0.0,44280.0,7.1327734,17.122486
2026-05-24 13:00:00+02:00,24.5455,10.1376915,19.44,0.0,0.0,42460.0,9.482423,15.41761
2026-05-24 14:00:00+02:00,25.5455,12.371645,19.08,0.0,0.0,41860.0,9.688234,12.915714
2026-05-24 15:00:00+02:00,26.3955,11.901798,21.599998,0.0,0.0,42200.0,13.246578,13.166815
2026-05-24 16:00:00+02:00,27.1455,11.183201,21.24,0.0,0.0,44940.0,15.044876,12.051613
2026-05-24 17:00:00+02:00,27.4455,13.849476,24.84,0.0,0.0,45800.0,18.31876,9.813965
2026-05-24 18:00:00+02:00,26.745499,10.446206,31.319998,0.0,0.0,44180.0,12.961332,7.8511715
2026-05-24 19:00:00+02:00,26.245499,7.42159,21.96,0.0,0.0,44520.0,13.859459,10.027549
2026-05-24 20:00:00+02:00,24.495499,6.4799995,15.4800005,0.0,0.0,43760.0,16.512306,16.102081
2026-05-24 21:00:00+02:00,21.0455,3.671294,12.24,0.0,0.0,41680.0,16.22688,17.566723
2026-05-24 22:00:00+02:00,16.4955,6.696387,13.679999,0.0,0.0,40060.0,7.4739733,15.367554
2026-05-24 23:00:00+02:00,15.5955,7.5685663,14.04,0.0,0.0,38380.0,8.598059,12.320337
2026-05-25 00:00:00+02:00,14.745501,7.24486,14.4,0.0,0.0,37940.0,6.572144,9.164372
2026-05-25 01:00:00+02:00,14.4455,7.289445,14.759999,0.0,0.0,37280.0,4.2990294,3.7755077
2026-05-25 02:00:00+02:00,13.8455,7.42159,13.679999,0.0,0.0,36720.0,3.2222586,6.390391
2026-05-25 03:00:00+02:00,13.995501,7.5942082,11.5199995,0.0,0.0,39080.0,0.9113924,7.677507
2026-05-25 04:00:00+02:00,13.6455,6.8777895,11.159999,0.0,0.0,38820.0,2.9178793,7.4482756
2026-05-25 05:00:00+02:00,13.1455,7.10031,9.72,0.0,0.0,38960.0,4.556962,10.839878
2026-05-25 06:00:00+02:00,13.4455,7.2,10.08,0.0,0.0,39760.0,5.155614,8.777877
2026-05-25 07:00:00+02:00,15.1455,5.3999996,7.5599995,0.0,0.0,38400.0,5.562481,6.8557405
2026-05-25 08:00:00+02:00,17.3955,0.5091169,8.28,0.0,0.0,36860.0,5.8000655,5.7224755
2026-05-25 09:00:00+02:00,19.7955,2.3051248,6.4799995,0.0,0.0,39820.0,2.6571426,4.5186887
2026-05-25 10:00:00+02:00,21.995499,5.1544156,10.08,0.0,0.0,40900.0,1.3670886,4.3889384
2026-05-25 11:00:00+02:00,23.245499,7.8625183,10.799999,0.0,0.0,42100.0,3.3175182,4.7270317
2026-05-25 12:00:00+02:00,24.595499,11.726277,19.44,0.0,0.0,43300.0,7.3619976,5.855574
2026-05-25 13:00:00+02:00,25.6955,12.849528,20.880001,0.0,0.0,42080.0,7.7468357,5.7224755
2026-05-25 14:00:00+02:00,26.595499,13.276144,20.880001,0.0,0.0,41580.0,9.482423,9.310345
2026-05-25 15:00:00+02:00,27.6955,14.113653,24.84,0.0,0.0,44120.0,12.0307255,7.4740934
2026-05-25 16:00:00+02:00,28.1955,14.04,26.64,0.0,0.0,49420.0,14.067659,10.839878
2026-05-25 17:00:00+02:00,27.745499,14.471821,30.239998,0.0,0.0,45940.0,18.683542,13.626929
2026-05-25 18:00:00+02:00,27.3955,11.165805,31.68,0.0,0.0,47260.0,15.5538645,9.331011
2026-05-25 19:00:00+02:00,26.595499,8.825508,23.4,0.0,0.0,44940.0,14.388747,10.1040945
2026-05-25 20:00:00+02:00,24.9455,3.671294,17.64,0.0,0.0,43380.0,15.148044,9.6356945
2026-05-25 21:00:00+02:00,20.5455,7.9036193,11.5199995,0.0,0.0,40480.0,8.315675,6.113084
2026-05-25 22:00:00+02:00,18.095499,6.1094027,12.24,0.0,0.0,39160.0,4.556962,5.1183376
2026-05-25 23:00:00+02:00,17.345499,7.0911775,11.159999,0.0,0.0,37220.0,2.8820758,4.5186887
2026-05-26 00:00:00+02:00,16.3955,6.439876,13.32,0.0,0.0,36240.0,3.67394,6.2068963
2026-05-26 01:00:00+02:00,16.1455,6.1305785,12.599999,0.0,0.0,36580.0,2.8820758,5.7224755
2026-05-26 02:00:00+02:00,15.8955,6.763786,9.0,0.0,0.0,35400.0,5.195736,7.499821
2026-05-26 03:00:00+02:00,15.795501,6.989936,12.599999,0.0,0.0,36360.0,6.940957,6.7137847
2026-05-26 04:00:00+02:00,15.4455,6.3690495,10.799999,0.0,0.0,36200.0,7.78694,5.339374
2026-05-26 05:00:00+02:00,15.1955,6.696387,11.159999,0.0,0.0,37540.0,7.5842957,3.6192114
2026-05-26 06:00:00+02:00,15.0955,6.638072,10.440001,0.0,0.0,37860.0,6.1138062,4.1637125
2026-05-26 07:00:00+02:00,16.1955,4.3349743,7.2,0.0,0.0,35960.0,3.286072,6.939521
2026-05-26 08:00:00+02:00,18.1955,0.8049845,6.8399997,0.0,0.0,25260.0,1.3670886,7.238423
2026-05-26 09:00:00+02:00,19.995499,0.35999998,5.3999996,0.0,0.0,35920.0,2.278481,7.0769506
2026-05-26 10:00:00+02:00,22.1955,2.6208394,7.92,0.0,0.0,39080.0,2.3236039,7.948705
2026-05-26 11:00:00+02:00,23.5455,8.557102,11.879999,0.0,0.0,41440.0,1.8788835,8.6452055
2026-05-26 12:00:00+02:00,25.1955,10.703569,18.359999,0.0,0.0,42280.0,5.941551,7.4740934
2026-05-26 13:00:00+02:00,26.345499,11.966954,20.880001,0.0,0.0,41920.0,7.1327734,8.327425
2026-05-26 14:00:00+02:00,27.2955,13.708391,21.24,0.0,0.0,43340.0,7.958392,10.678748
2026-05-26 15:00:00+02:00,27.9455,14.685176,25.919998,0.0,0.0,42940.0,13.402427,10.606349
2026-05-26 16:00:00+02:00,27.995499,14.869351,32.039997,0.0,0.0,42640.0,19.742744,6.939521
2026-05-26 17:00:00+02:00,27.1455,11.542478,29.519999,0.0,0.0,43040.0,17.292456,5.6205835
2026-05-26 18:00:00+02:00,26.6455,4.896529,21.96,0.0,0.0,43100.0,5.0333285,4.1637125
2026-05-26 19:00:00+02:00,25.1955,4.1046314,7.5599995,0.0,0.0,40820.0,5.6366506,3.6192114
2026-05-26 20:00:00+02:00,23.495499,2.0991426,10.440001,0.0,0.0,40280.0,1.0189676,1.9627929
2026-05-26 21:00:00+02:00,21.995499,5.3517847,5.7599998,0.0,0.0,42040.0,4.57969,7.4740934
2026-05-26 22:00:00+02:00,18.5455,5.692099,7.2,0.0,0.0,39060.0,5.094838,9.310345
2026-05-26 23:00:00+02:00,18.095499,5.6920996,7.92,0.0,0.0,37560.0,0.4556962,10.236675
2026-05-27 00:00:00+02:00,17.595499,6.439876,12.24,0.0,0.0,37620.0,6.347113,12.051613
2026-05-27 01:00:00+02:00,17.3955,5.8603754,11.5199995,0.0,0.0,37580.0,8.36547,12.780782
2026-05-27 02:00:00+02:00,16.995499,6.696387,10.799999,0.0,0.0,37940.0,7.205189,13.626929
2026-05-27 03:00:00+02:00,16.5455,6.9153743,13.679999,0.0,0.0,38060.0,6.9559,13.879042
2026-05-27 04:00:00+02:00,16.1455,6.1094027,12.959999,0.0,0.0,37920.0,5.9240503,15.824542
2026-05-27 05:00:00+02:00,15.6455,7.491114,12.24,0.0,0.0,37180.0,7.1182017,18.713562
2026-05-27 06:00:00+02:00,15.6455,6.638072,14.04,0.0,0.0,37520.0,6.524576,18.662022
2026-05-27 07:00:00+02:00,16.8955,4.8433046,12.959999,0.0,0.0,36720.0,5.9240503,18.170418
2026-05-27 08:00:00+02:00,18.845499,2.16,8.64,31.0,0.0,33240.0,1.9333551,18.98945
2026-05-27 09:00:00+02:00,20.9455,1.5273507,4.68,33.0,0.0,39940.0,1.0189676,16.327795
2026-05-27 10:00:00+02:00,22.6955,3.2599385,8.64,0.0,0.0,40240.0,0.64445174,16.327795
2026-05-27 11:00:00+02:00,24.095499,8.534353,10.08,0.0,0.0,41100.0,2.9178793,18.26558
2026-05-27 12:00:00+02:00,25.245499,10.703569,17.28,0.0,0.0,41560.0,4.9291077,16.102081
2026-05-27 13:00:00+02:00,26.095499,12.303366,21.96,0.0,0.0,41440.0,9.837129,12.780782
2026-05-27 14:00:00+02:00,27.095499,15.315873,27.359999,0.0,0.0,41920.0,15.148044,12.320337
2026-05-27 15:00:00+02:00,27.595499,15.745627,29.88,0.0,0.0,43400.0,20.63252,9.813965
2026-05-27 16:00:00+02:00,27.595499,13.849476,30.239998,0.0,0.0,45460.0,15.5204525,6.2378535
2026-05-27 17:00:00+02:00,27.4455,11.901798,27.0,0.0,0.0,53240.0,13.285713,6.2068963
2026-05-27 18:00:00+02:00,26.595499,9.531505,24.119999,0.0,0.0,46980.0,12.159491,6.329817
2026-05-27 19:00:00+02:00,26.1455,6.151683,20.16,0.0,0.0,45960.0,10.638335,5.00416
2026-05-27 20:00:00+02:00,24.995499,4.3498964,12.24,0.0,0.0,42200.0,16.506018,3.3425157
2026-05-27 21:00:00+02:00,22.595499,2.5455842,9.0,0.0,0.0,42920.0,14.582278,3.3425157
2026-05-27 22:00:00+02:00,18.345499,6.1094027,14.04,0.0,0.0,40060.0,6.6350365,6.2378535
2026-05-27 23:00:00+02:00,18.8955,5.4833565,11.159999,0.0,0.0,40320.0,4.488087,9.227214
2026-05-28 00:00:00+02:00,17.995499,5.815978,12.599999,0.0,0.0,39060.0,2.6571426,5.855574
2026-05-28 01:00:00+02:00,16.9455,5.1919937,11.5199995,0.0,0.0,38900.0,3.286072,3.6192114
2026-05-28 02:00:00+02:00,15.8455,5.634891,9.72,0.0,0.0,38120.0,2.9178793,4.1637125
2026-05-28 03:00:00+02:00,15.045501,5.1544156,10.799999,15.0,0.0,36520.0,3.4704785,6.598021
2026-05-28 04:00:00+02:00,14.9455,4.8965297,10.440001,0.0,0.0,38160.0,2.278481,6.7137847
2026-05-28 05:00:00+02:00,13.9455,5.6920996,11.159999,0.0,0.0,37060.0,3.9200466,11.326523
2026-05-28 06:00:00+02:00,13.3455,6.151683,12.24,0.0,0.0,36280.0,3.286072,12.194616
2026-05-28 07:00:00+02:00,15.3455,3.8939953,11.879999,0.0,0.0,36920.0,3.2222586,14.714402
2026-05-28 08:00:00+02:00,16.2455,1.609969,5.04,49.0,0.0,920.0,7.840093,12.226168
2026-05-28 09:00:00+02:00,19.4455,0.5091169,5.3999996,0.0,0.0,37300.0,9.022324,11.776757
2026-05-28 10:00:00+02:00,21.6955,5.8048253,13.679999,0.0,0.0,40680.0,12.570939,14.648801
2026-05-28 11:00:00+02:00,22.595499,11.901798,24.84,0.0,0.0,41020.0,17.105307,14.543223
2026-05-28 12:00:00+02:00,23.845499,14.404499,25.199999,0.0,0.0,40780.0,19.376469,14.714402
2026-05-28 13:00:00+02:00,25.095499,12.959999,25.919998,0.0,0.0,41200.0,19.225843,14.999642
2026-05-28 14:00:00+02:00,26.1955,13.339445,26.28,0.0,0.0,42880.0,16.053188,11.939203
2026-05-28 15:00:00+02:00,26.495499,15.124284,28.08,0.0,0.0,43540.0,17.60781,7.900089
2026-05-28 16:00:00+02:00,26.595499,14.154915,28.44,0.0,0.0,43400.0,19.274387,8.622896
2026-05-28 17:00:00+02:00,26.3955,14.404499,31.319998,0.0,0.0,44200.0,18.683542,9.164372
2026-05-28 18:00:00+02:00,25.495499,15.484185,35.64,0.0,0.0,43620.0,22.629341,12.413793
2026-05-28 19:00:00+02:00,24.845499,13.138765,32.039997,0.0,0.0,44600.0,23.056606,11.858258
2026-05-28 20:00:00+02:00,23.9455,10.041354,27.72,0.0,0.0,46340.0,19.972805,11.0510645
2026-05-28 21:00:00+02:00,20.0455,4.452954,20.16,0.0,0.0,42820.0,15.175435,13.166815
2026-05-28 22:00:00+02:00,17.6455,4.802999,9.72,0.0,0.0,41580.0,17.400198,14.648801
2026-05-28 23:00:00+02:00,16.1955,5.4833565,9.72,0.0,0.0,41120.0,15.871056,19.311329
2026-05-29 00:00:00+02:00,14.3455,5.3517847,11.159999,0.0,0.0,38320.0,11.961482,20.01664
2026-05-29 01:00:00+02:00,14.495501,5.495161,10.440001,0.0,0.0,39400.0,12.669665,22.973904
2026-05-29 02:00:00+02:00,13.6955,5.3999996,10.440001,0.0,0.0,37780.0,9.394418,20.265303
2026-05-29 03:00:00+02:00,12.795501,5.937272,11.5199995,0.0,0.0,36700.0,8.074956,18.454428
2026-05-29 04:00:00+02:00,12.8955,5.95906,11.5199995,0.0,0.0,38060.0,5.094838,19.794064
2026-05-29 05:00:00+02:00,12.045501,6.379216,12.24,0.0,0.0,36500.0,6.0797453,18.096056
2026-05-29 06:00:00+02:00,11.5955,5.6920996,12.24,0.0,0.0,36680.0,5.9240503,18.127962
2026-05-29 07:00:00+02:00,13.3955,3.9763298,10.799999,0.0,0.0,36460.0,8.062088,17.167427
2026-05-29 08:00:00+02:00,15.045501,3.0758414,6.4799995,0.0,0.0,15080.0,6.9559,18.096056
2026-05-29 09:00:00+02:00,19.0455,1.0182338,7.5599995,0.0,0.0,40480.0,9.045312,18.877537
2026-05-29 10:00:00+02:00,20.5455,0.71999997,5.7599998,0.0,0.0,40840.0,6.728273,19.281382
2026-05-29 11:00:00+02:00,22.1455,8.647496,14.759999,0.0,0.0,43820.0,9.045312,19.725824
2026-05-29 12:00:00+02:00,23.495499,11.5199995,18.72,0.0,0.0,43100.0,12.95332,18.8469
2026-05-29 13:00:00+02:00,24.6455,12.261158,23.4,0.0,0.0,41920.0,17.400198,14.909477
2026-05-29 14:00:00+02:00,25.495499,14.05845,27.0,0.0,0.0,42000.0,20.981827,11.103232
2026-05-29 15:00:00+02:00,26.8955,11.609651,27.72,0.0,0.0,45380.0,17.725351,5.7224755
2026-05-29 16:00:00+02:00,27.495499,12.964998,24.48,0.0,0.0,47320.0,15.4936695,6.1445136
2026-05-29 17:00:00+02:00,27.1455,14.417988,27.359999,0.0,0.0,49600.0,18.43177,3.6192114
2026-05-29 18:00:00+02:00,26.8955,12.864649,28.08,0.0,0.0,49580.0,19.568422,0.6206896
2026-05-29 19:00:00+02:00,26.1455,8.825508,26.28,0.0,0.0,52780.0,16.43036,4.1637125
2026-05-29 20:00:00+02:00,24.595499,7.9932976,18.359999,0.0,0.0,49780.0,18.700209,5.551616
2026-05-29 21:00:00+02:00,20.595499,3.4152596,16.56,0.0,0.0,43920.0,16.124176,5.339374
2026-05-29 22:00:00+02:00,16.3955,6.1305785,11.5199995,0.0,0.0,42880.0,8.598059,6.7137847
2026-05-29 23:00:00+02:00,15.4455,6.6087217,11.159999,0.0,0.0,41720.0,5.941551,6.2068963
2026-05-30 00:00:00+02:00,14.245501,7.10031,11.879999,0.0,0.0,41300.0,1.8788835,0.6206896
2026-05-30 01:00:00+02:00,13.0955,6.439876,11.159999,0.0,0.0,40500.0,5.195736,3.3425157
2026-05-30 02:00:00+02:00,12.6955,6.6185193,11.5199995,0.0,0.0,39420.0,3.9200466,5.855574
2026-05-30 03:00:00+02:00,12.995501,6.989936,10.440001,0.0,0.0,40340.0,2.0379353,8.777877
2026-05-30 04:00:00+02:00,12.6455,6.696387,10.08,0.0,0.0,39880.0,2.734177,10.624495
2026-05-30 05:00:00+02:00,12.295501,6.763786,12.959999,0.0,0.0,38800.0,5.012658,6.2068963
2026-05-30 06:00:00+02:00,12.4455,6.696387,11.879999,0.0,0.0,39420.0,5.709857,6.2378535
2026-05-30 07:00:00+02:00,14.295501,4.5820518,11.5199995,0.0,0.0,39520.0,4.844117,8.1638975
2026-05-30 08:00:00+02:00,15.045501,1.609969,5.7599998,0.0,0.0,27260.0,1.0189676,13.196042
2026-05-30 09:00:00+02:00,18.495499,0.0,5.7599998,0.0,0.0,38800.0,3.67394,22.014801
2026-05-30 10:00:00+02:00,20.3955,3.0758414,9.36,0.0,0.0,40740.0,1.0189676,29.020142
2026-05-30 11:00:00+02:00,21.3955,8.049845,15.119999,0.0,0.0,41580.0,5.9240503,24.278408
2026-05-30 12:00:00+02:00,22.995499,10.137692,19.44,0.0,0.0,43340.0,11.012396,20.818563
2026-05-30 13:00:00+02:00,24.4455,9.9571085,19.8,0.0,0.0,45540.0,12.44643,16.952896
2026-05-30 14:00:00+02:00,25.2955,13.084402,21.24,0.0,0.0,48860.0,13.285712,13.0492525
2026-05-30 15:00:00+02:00,25.995499,11.928989,24.48,0.0,0.0,47480.0,15.871056,11.103232
2026-05-30 16:00:00+02:00,26.3955,9.779817,21.599998,0.0,0.0,46520.0,13.889393,11.103232
2026-05-30 17:00:00+02:00,25.995499,12.144331,22.68,0.0,0.0,45700.0,15.680186,8.092802
2026-05-30 18:00:00+02:00,25.2955,9.346143,24.48,0.0,0.0,44380.0,16.303482,4.5186887
2026-05-30 19:00:00+02:00,24.745499,6.3690495,19.8,0.0,0.0,43860.0,15.587208,7.4740934
2026-05-30 20:00:00+02:00,23.6455,5.3517847,12.599999,0.0,0.0,43700.0,12.864844,5.7224755
2026-05-30 21:00:00+02:00,20.1455,5.692099,9.72,0.0,0.0,42080.0,5.8357587,6.598021
2026-05-30 22:00:00+02:00,16.6955,6.193674,10.799999,0.0,0.0,39180.0,1.0189676,7.777219
2026-05-30 23:00:00+02:00,16.4455,6.6185193,11.879999,0.0,0.0,38560.0,4.0758705,5.6205835
2026-05-31 00:00:00+02:00,15.995501,6.9247384,13.32,0.0,0.0,38420.0,3.67394,9.392738
2026-05-31 01:00:00+02:00,15.6955,6.3690495,13.32,0.0,0.0,38960.0,4.9291077,12.659634
2026-05-31 02:00:00+02:00,15.3455,7.10031,10.08,0.0,0.0,38740.0,6.330734,8.281033
2026-05-31 03:00:00+02:00,15.0955,6.696387,12.959999,0.0,0.0,38880.0,6.7744107,7.677507
2026-05-31 04:00:00+02:00,14.5955,6.1305785,11.5199995,0.0,0.0,38500.0,6.835443,8.1638975
2026-05-31 05:00:00+02:00,14.1955,6.989936,10.440001,0.0,0.0,38920.0,5.709857,5.0041595
2026-05-31 06:00:00+02:00,13.995501,6.6087217,10.440001,0.0,0.0,38420.0,6.1307654,1.9627929
2026-05-31 07:00:00+02:00,15.5955,3.8268526,10.799999,0.0,0.0,38040.0,5.941551,3.3425157
2026-05-31 08:00:00+02:00,18.1955,0.71999997,6.4799995,0.0,0.0,38360.0,2.6571426,7.0769506
2026-05-31 09:00:00+02:00,19.6455,1.2979984,6.12,3.0,0.0,38920.0,3.2222586,9.037377
2026-05-31 10:00:00+02:00,21.745499,2.1897945,7.2,0.0,0.0,41000.0,2.7718916,7.5764823
2026-05-31 11:00:00+02:00,23.345499,10.1887,16.56,0.0,0.0,42940.0,6.3960004,8.777877
2026-05-31 12:00:00+02:00,24.7955,10.464797,18.72,0.0,0.0,44040.0,6.524576,9.227214
2026-05-31 13:00:00+02:00,25.6455,10.308831,19.8,0.0,0.0,42820.0,2.9178793,13.427569
2026-05-31 14:00:00+02:00,26.1955,13.53236,29.519999,0.0,0.0,42720.0,17.292456,23.846117
2026-05-31 15:00:00+02:00,26.6955,14.24163,31.68,0.0,0.0,44380.0,21.461308,26.566677
2026-05-31 16:00:00+02:00,26.8955,7.4128532,32.760002,0.0,0.0,46040.0,15.493671,20.103062
2026-05-31 17:00:00+02:00,21.9455,11.304229,39.96,63.0,0.0,39480.0,19.035887,18.672342
2026-05-31 18:00:00+02:00,22.3955,11.183201,24.119999,23.0,0.0,40100.0,16.104847,29.073198
2026-05-31 19:00:00+02:00,20.8955,13.276144,26.28,68.0,0.1,37600.0,23.766205,32.299725
2026-05-31 20:00:00+02:00,16.9455,9.693296,34.92,100.0,4.8,9700.0,16.335295,18.662022
2026-05-31 21:00:00+02:00,15.995501,5.0911684,12.959999,56.0,1.7,20600.0,7.5842957,37.262062
2026-05-31 22:00:00+02:00,16.1455,0.71999997,27.359999,82.0,0.0,23960.0,4.6916795,31.53323
2026-05-31 23:00:00+02:00,15.245501,11.212135,14.04,100.0,0.8,3160.0,9.394418,24.928242
2026-06-01 00:00:00+02:00,15.1955,2.4149535,15.84,86.0,10.8,12260.0,3.5591009,36.809563
2026-06-01 01:00:00+02:00,14.745501,2.4149535,11.5199995,90.0,1.1,10280.0,4.488087,37.033905
2026-06-01 02:00:00+02:00,14.495501,3.7064266,20.16,60.0,0.3,23040.0,2.278481,28.592175
2026-06-01 03:00:00+02:00,14.8455,1.835647,7.92,57.0,0.0,29280.0,1.643036,27.204338
2026-06-01 04:00:00+02:00,14.4455,1.1384199,7.2,70.0,0.0,22300.0,3.2222586,30.03137
2026-06-01 05:00:00+02:00,14.495501,4.5820518,3.6,83.0,0.0,23300.0,1.2889035,28.477413
2026-06-01 06:00:00+02:00,14.295501,4.5820518,12.24,90.0,0.1,13820.0,3.3175182,28.266945
2026-06-01 07:00:00+02:00,14.495501,2.8116899,9.36,76.0,0.0,10880.0,4.2990294,24.989985
2026-06-01 08:00:00+02:00,15.3455,5.991594,8.28,64.0,0.0,25040.0,4.6916795,27.709465
2026-06-01 09:00:00+02:00,15.245501,6.3690495,19.8,65.0,0.0,24180.0,2.9178793,23.789505
2026-06-01 10:00:00+02:00,15.995501,7.5170207,17.28,55.0,0.0,28620.0,1.8788835,21.590723
2026-06-01 11:00:00+02:00,17.0455,8.225035,15.4800005,42.0,0.0,33640.0,1.3670886,17.87112
2026-06-01 12:00:00+02:00,17.995499,10.30883,16.919998,0.0,0.0,36540.0,3.9200466,12.194616
2026-06-01 13:00:00+02:00,18.845499,10.931203,18.359999,0.0,0.0,38020.0,5.094838,10.551724
2026-06-01 14:00:00+02:00,19.9455,13.1041975,21.599998,0.0,0.0,39800.0,10.004581,14.044602
2026-06-01 15:00:00+02:00,20.745499,13.202726,23.759998,0.0,0.0,40680.0,11.671517,15.367554
2026-06-01 16:00:00+02:00,21.2955,12.324414,22.68,0.0,0.0,41020.0,11.671517,16.71258
2026-06-01 17:00:00+02:00,21.495499,12.783802,22.319998,0.0,0.0,41480.0,12.669665,14.948187
2026-06-01 18:00:00+02:00,21.245499,10.538843,23.039999,0.0,0.0,41260.0,10.974618,16.245003
2026-06-01 19:00:00+02:00,20.6955,8.766573,20.16,0.0,0.0,41120.0,10.004581,18.62069
2026-06-01 20:00:00+02:00,20.1455,6.1305785,19.44,43.0,0.0,41400.0,10.411436,22.593443
2026-06-01 21:00:00+02:00,19.0455,3.8773184,12.24,41.0,0.0,41480.0,7.0743074,26.515873
2026-06-01 22:00:00+02:00,15.545501,4.6102495,9.72,29.0,0.0,39240.0,2.7718916,26.186924
2026-06-01 23:00:00+02:00,16.2455,3.9763298,7.2,62.0,0.0,40600.0,0.9113924,29.297602
2026-06-02 00:00:00+02:00,13.745501,4.5820518,13.32,32.0,0.0,33540.0,3.0569031,30.816475
2026-06-02 01:00:00+02:00,14.1455,4.802999,9.0,0.0,0.0,37900.0,1.2889035,34.946533
2026-06-02 02:00:00+02:00,13.045501,4.0249224,8.28,0.0,0.0,35340.0,2.9178793,33.93419
2026-06-02 03:00:00+02:00,13.8955,6.6185193,7.5599995,0.0,0.0,38960.0,5.8000655,36.0
2026-06-02 04:00:00+02:00,12.5955,4.3349743,10.799999,0.0,0.0,31360.0,4.201311,37.744873
2026-06-02 05:00:00+02:00,13.5955,1.609969,6.8399997,0.0,0.0,38200.0,1.643036,33.367477
2026-06-02 06:00:00+02:00,13.995501,1.484318,2.16,0.0,0.0,39680.0,1.2889035,32.47814
2026-06-02 07:00:00+02:00,14.0955,5.815978,6.4799995,0.0,0.0,37940.0,3.757767,34.278706
2026-06-02 08:00:00+02:00,15.295501,1.1384199,7.92,0.0,0.0,24480.0,2.7718916,36.0
2026-06-02 09:00:00+02:00,17.1455,5.3517847,12.599999,0.0,0.0,34600.0,2.6571426,37.329205
2026-06-02 10:00:00+02:00,18.3955,9.220499,20.880001,0.0,0.0,38400.0,3.2222586,38.747143
2026-06-02 11:00:00+02:00,18.1955,9.983106,23.759998,0.0,0.0,37860.0,1.8788835,45.67871
2026-06-02 12:00:00+02:00,19.8955,8.699793,20.16,0.0,0.0,39080.0,4.556962,41.49346
2026-06-02 13:00:00+02:00,20.995499,14.48972,33.839996,0.0,0.0,39420.0,5.195736,36.085506
2026-06-02 14:00:00+02:00,19.495499,18.03237,36.719997,48.0,0.0,36220.0,21.41772,33.036785
2026-06-02 15:00:00+02:00,17.4455,13.608762,37.44,2.0,1.7,2300.0,25.910646,29.428804
2026-06-02 16:00:00+02:00,17.1955,5.8603754,36.719997,19.0,3.5,11560.0,15.318443,62.329105
2026-06-02 17:00:00+02:00,17.595499,4.896529,24.84,8.0,0.4,32540.0,20.63252,55.7447
2026-06-02 18:00:00+02:00,16.9455,13.246826,29.16,41.0,0.0,31260.0,12.159491,47.857544
2026-06-02 19:00:00+02:00,14.245501,17.518356,47.16,0.0,1.8,4620.0,47.53241,46.369293
2026-06-02 20:00:00+02:00,13.245501,8.766573,39.6,0.0,0.9,39000.0,27.587502,51.85638
2026-06-02 21:00:00+02:00,13.1955,2.5959969,14.759999,6.0,0.0,38320.0,16.959002,41.007812
2026-06-02 22:00:00+02:00,11.3455,5.1919937,9.0,81.0,0.0,26060.0,8.215179,34.413307
2026-06-02 23:00:00+02:00,11.545501,3.8773184,13.32,53.0,0.0,34900.0,10.311228,30.03137
2026-06-03 00:00:00+02:00,12.545501,1.8,5.7599998,42.0,0.0,39540.0,3.0569031,26.098505
2026-06-03 01:00:00+02:00,11.6455,0.35999998,3.96,64.0,0.5,16540.0,6.970812,15.566816
2026-06-03 02:00:00+02:00,11.295501,11.525623,10.08,32.0,3.7,30160.0,27.481918,37.6938
2026-06-03 03:00:00+02:00,9.795501,4.1046314,24.84,47.0,0.0,30780.0,15.553866,31.53323
2026-06-03 04:00:00+02:00,9.5955,3.9763298,6.4799995,100.0,0.2,22440.0,5.195736,20.818563
2026-06-03 05:00:00+02:00,10.0955,6.4799995,9.72,100.0,1.2,22320.0,5.333787,31.63082
2026-06-03 06:00:00+02:00,10.1455,5.991594,12.24,44.0,0.3,29060.0,9.227144,34.591965
2026-06-03 07:00:00+02:00,10.6955,3.219938,11.5199995,75.0,0.1,23900.0,7.418196,39.417454
2026-06-03 08:00:00+02:00,11.045501,3.0758414,9.0,77.0,0.7,19940.0,10.955679,28.04116
2026-06-03 09:00:00+02:00,11.6955,4.0249224,10.799999,61.0,0.2,33200.0,13.285712,27.993032
2026-06-03 10:00:00+02:00,12.3955,1.9386592,6.4799995,79.0,0.5,23320.0,12.261531,29.818954
2026-06-03 11:00:00+02:00,13.545501,2.3051248,10.08,69.0,0.2,37520.0,13.525812,28.612377
2026-06-03 12:00:00+02:00,13.045501,5.00128,11.5199995,100.0,0.1,28740.0,11.821781,29.23178
2026-06-03 13:00:00+02:00,14.8455,5.00128,12.959999,24.0,0.0,32560.0,11.618018,27.317396
2026-06-03 14:00:00+02:00,15.295501,10.97262,23.039999,43.0,0.0,36300.0,6.850616,25.455843
2026-06-03 15:00:00+02:00,15.8455,10.948973,22.68,5.0,0.0,37620.0,9.17071,21.944693
2026-06-03 16:00:00+02:00,16.6955,7.9932966,24.48,0.0,0.0,39440.0,5.155614,22.430868
2026-06-03 17:00:00+02:00,17.345499,8.427383,18.72,0.0,0.0,40940.0,6.3797464,18.672342
2026-06-03 18:00:00+02:00,16.9455,8.089993,19.44,3.0,0.0,40780.0,4.101266,26.076353
2026-06-03 19:00:00+02:00,16.4455,6.0347,16.919998,24.0,0.0,40340.0,2.7718916,31.429213
2026-06-03 20:00:00+02:00,15.8955,5.991594,12.24,41.0,0.0,40480.0,2.3236039,39.59299
2026-06-03 21:00:00+02:00,13.795501,4.5536795,9.72,0.0,0.0,40660.0,5.487309,33.88306
2026-06-03 22:00:00+02:00,11.495501,3.8773184,8.64,0.0,0.0,38060.0,3.89347,27.958607
2026-06-03 23:00:00+02:00,10.545501,7.24486,9.36,0.0,0.0,33300.0,6.1307654,29.198812
2026-06-04 00:00:00+02:00,10.5955,6.3690495,13.679999,0.0,0.0,34660.0,11.961482,27.958607
2026-06-04 01:00:00+02:00,10.295501,5.634891,13.32,0.0,0.0,37200.0,9.994198,24.491692
2026-06-04 02:00:00+02:00,10.245501,7.145796,11.159999,0.0,0.0,38560.0,10.311228,26.948227
2026-06-04 03:00:00+02:00,10.245501,4.198285,12.599999,0.0,0.0,40780.0,2.734177,25.838884
2026-06-04 04:00:00+02:00,9.6955,2.7416782,14.4,0.0,0.0,40480.0,2.278481,27.48611
2026-06-04 05:00:00+02:00,8.8955,2.1897945,5.7599998,0.0,0.0,38300.0,2.0379353,31.849302
2026-06-04 06:00:00+02:00,8.1955,4.8433046,7.5599995,0.0,0.0,36140.0,3.0569031,34.608665
2026-06-04 07:00:00+02:00,11.045501,4.896529,7.92,0.0,0.0,38980.0,1.8788835,39.767754
2026-06-04 08:00:00+02:00,12.045501,2.0364676,7.2,21.0,0.0,31720.0,2.734177,38.905903
2026-06-04 09:00:00+02:00,14.495501,2.9024127,11.879999,56.0,0.0,26700.0,2.734177,37.61707
2026-06-04 10:00:00+02:00,15.495501,5.692099,12.599999,0.0,0.0,37640.0,2.278481,44.50392
2026-06-04 11:00:00+02:00,16.5455,7.9036193,16.919998,0.0,0.0,39580.0,2.0379353,45.37831
2026-06-04 12:00:00+02:00,16.845499,13.217443,29.16,0.0,0.0,39160.0,11.92671,44.108284
2026-06-04 13:00:00+02:00,16.595499,11.681987,30.599998,44.0,0.0,38260.0,9.383359,39.607586
2026-06-04 14:00:00+02:00,16.845499,14.57889,24.119999,72.0,0.0,39560.0,21.45163,37.47341
2026-06-04 15:00:00+02:00,15.545501,12.904882,30.239998,92.0,0.3,33040.0,14.067659,31.465965
2026-06-04 16:00:00+02:00,13.8955,12.096214,25.919998,95.0,0.8,17060.0,13.285712,34.97959
2026-06-04 17:00:00+02:00,12.5955,4.3349743,28.08,88.0,2.7,12500.0,7.0889688,28.659466
2026-06-04 18:00:00+02:00,12.045501,5.6233797,15.119999,79.0,1.9,16900.0,7.958392,25.935617
2026-06-04 19:00:00+02:00,11.745501,3.8939953,12.24,60.0,1.3,9880.0,14.410378,32.525555
2026-06-04 20:00:00+02:00,10.8955,5.5887027,7.92,97.0,1.9,10040.0,13.859459,32.400948
2026-06-04 21:00:00+02:00,10.6455,4.3349743,10.08,100.0,1.4,20880.0,15.480263,36.64172
2026-06-04 22:00:00+02:00,10.1455,3.96,11.879999,100.0,1.1,26340.0,16.43036,25.92076
2026-06-04 23:00:00+02:00,10.3455,9.746631,12.959999,37.0,1.0,34440.0,20.647614,28.232851
2026-06-05 00:00:00+02:00,9.3955,6.5693827,16.919998,43.0,0.4,31820.0,17.196117,28.068626
2026-06-05 01:00:00+02:00,9.045501,2.5959969,11.159999,51.0,0.0,25220.0,9.482423,34.362892
2026-06-05 02:00:00+02:00,8.8955,4.379589,6.8399997,70.0,0.0,20520.0,4.844117,33.12413
2026-06-05 03:00:00+02:00,9.3455,5.3517847,10.799999,94.0,0.0,16140.0,3.2222586,30.22956
2026-06-05 04:00:00+02:00,9.745501,2.6208394,10.440001,78.0,0.0,30080.0,2.3236039,17.654228
2026-06-05 05:00:00+02:00,9.1955,2.7416782,8.64,69.0,0.0,29160.0,1.9333551,14.181093
2026-06-05 06:00:00+02:00,8.6955,3.2599385,4.32,63.0,0.0,28320.0,3.286072,14.4368725
2026-06-05 07:00:00+02:00,8.5455,0.0,5.3999996,57.0,0.0,18540.0,2.0379353,17.290411
2026-06-05 08:00:00+02:00,10.495501,4.6102495,9.36,80.0,0.0,23260.0,2.0379353,17.773846
2026-06-05 09:00:00+02:00,11.1455,4.3498964,11.159999,91.0,0.0,28380.0,0.4556962,15.566816
2026-06-05 10:00:00+02:00,11.995501,7.5170207,12.599999,51.0,0.0,36400.0,3.67394,12.915714
2026-06-05 11:00:00+02:00,11.6955,9.793058,17.64,70.0,0.0,31540.0,9.394418,10.533453
2026-06-05 12:00:00+02:00,12.295501,10.787993,21.96,51.0,0.0,32060.0,12.537857,10.569963
2026-06-05 13:00:00+02:00,12.6955,10.24578,21.96,63.0,0.0,34440.0,11.618018,11.661699
2026-06-05 14:00:00+02:00,13.6955,7.172949,18.72,45.0,0.0,38800.0,6.524576,16.71258
2026-06-05 15:00:00+02:00,14.9455,11.304229,17.64,30.0,0.0,40420.0,10.189676,21.653082
2026-06-05 16:00:00+02:00,14.745501,10.587917,19.08,68.0,0.0,40680.0,11.821781,21.429527
2026-06-05 17:00:00+02:00,14.495501,7.5942073,19.08,72.0,0.0,40420.0,10.754816,18.662022
2026-06-05 18:00:00+02:00,14.745501,5.5887027,15.119999,72.0,0.0,40380.0,6.330734,24.389233
2026-06-05 19:00:00+02:00,14.3455,6.638072,13.32,77.0,0.0,39220.0,5.709857,24.710932
2026-06-05 20:00:00+02:00,13.8955,5.1919937,14.04,49.0,0.0,39540.0,6.198138,24.734306
2026-06-05 21:00:00+02:00,12.0955,2.7416782,9.72,40.0,0.0,37360.0,6.728273,26.164846
2026-06-05 22:00:00+02:00,9.6955,4.6102495,9.72,49.0,0.0,30760.0,6.1307654,24.14315
2026-06-05 23:00:00+02:00,9.3955,5.4833565,12.599999,46.0,0.0,24900.0,1.643036,24.780989
2026-06-06 00:00:00+02:00,8.6955,4.0249224,10.08,8.0,0.0,23840.0,2.0379353,25.538944
2026-06-06 01:00:00+02:00,8.245501,4.6102495,12.959999,10.0,0.0,25780.0,1.643036,24.452335
2026-06-06 02:00:00+02:00,8.6455,4.072935,10.08,6.0,0.0,30360.0,0.4556962,24.554531
2026-06-06 03:00:00+02:00,9.4455,1.9386592,5.04,3.0,0.0,35920.0,1.8788835,25.561563
2026-06-06 04:00:00+02:00,9.8955,1.4399999,2.16,5.0,0.0,37240.0,0.4556962,26.926771
2026-06-06 05:00:00+02:00,8.245501,0.8049845,4.68,5.0,0.0,32880.0,2.734177,26.653542
2026-06-06 06:00:00+02:00,9.1455,2.8116899,3.6,17.0,0.0,36200.0,2.7718916,27.253859
2026-06-06 07:00:00+02:00,9.8455,2.2768397,2.52,19.0,0.0,35700.0,5.195736,28.362186
2026-06-06 08:00:00+02:00,10.5955,0.5091169,6.4799995,50.0,0.0,14700.0,1.2889035,33.367477
2026-06-06 09:00:00+02:00,12.545501,3.563818,9.0,60.0,0.0,30660.0,2.0379353,36.430832
2026-06-06 10:00:00+02:00,13.3455,4.39436,12.599999,0.0,0.0,33240.0,2.0379353,32.186214
2026-06-06 11:00:00+02:00,15.295501,3.2599385,10.08,0.0,0.1,39320.0,5.487309,33.797676
2026-06-06 12:00:00+02:00,16.1455,11.753877,27.72,0.0,0.0,37660.0,1.4410379,35.682907
2026-06-06 13:00:00+02:00,17.1455,12.879752,29.88,0.0,0.0,38960.0,3.1898732,34.513916
2026-06-06 14:00:00+02:00,18.595499,9.422101,29.519999,0.0,0.0,39740.0,2.453999,28.639296
2026-06-06 15:00:00+02:00,19.6455,10.086427,24.48,0.0,0.0,40280.0,5.9240503,26.948225
2026-06-06 16:00:00+02:00,20.245499,12.43434,28.8,0.0,0.0,40480.0,8.377872,30.261404
2026-06-06 17:00:00+02:00,20.5455,10.182337,29.16,0.0,0.0,41360.0,6.9559,32.773354
2026-06-06 18:00:00+02:00,20.595499,8.669949,23.759998,0.0,0.0,41420.0,3.3175182,38.04478
2026-06-06 19:00:00+02:00,20.1955,6.792466,19.8,0.0,0.0,41140.0,5.506198,39.432114
2026-06-06 20:00:00+02:00,19.6455,8.049845,15.84,0.0,0.0,40840.0,8.151741,36.667995
2026-06-06 21:00:00+02:00,17.0455,3.7585104,15.4800005,0.0,0.0,40640.0,10.490913,34.608665
2026-06-06 22:00:00+02:00,13.8455,7.386582,16.199999,0.0,0.0,35360.0,11.392405,38.04478
2026-06-06 23:00:00+02:00,12.9455,7.42159,14.759999,0.0,0.0,36880.0,12.0307255,34.430096
2026-06-07 00:00:00+02:00,12.4455,6.638072,14.4,0.0,0.0,37320.0,11.926711,32.796856
2026-06-07 01:00:00+02:00,12.0955,5.634891,14.04,0.0,0.0,37940.0,10.331347,31.330996
2026-06-07 02:00:00+02:00,12.3455,2.9024127,9.36,6.0,0.0,40040.0,4.556962,37.184437
2026-06-07 03:00:00+02:00,12.1955,4.072935,4.32,24.0,0.0,40600.0,2.9178793,36.32493
2026-06-07 04:00:00+02:00,12.1955,3.671294,5.3999996,47.0,0.0,39380.0,5.993747,32.667385
2026-06-07 05:00:00+02:00,11.4455,2.16,4.68,54.0,0.0,36020.0,1.4410379,31.034481
2026-06-07 06:00:00+02:00,11.295501,1.835647,2.16,68.0,0.0,34060.0,1.8788835,29.670004
2026-06-07 07:00:00+02:00,12.545501,2.5455842,3.6,69.0,0.0,33240.0,0.4556962,30.165771
2026-06-07 08:00:00+02:00,13.9455,3.096837,5.04,50.0,0.0,28240.0,2.278481,33.042614
2026-06-07 09:00:00+02:00,15.1955,8.427383,19.44,49.0,0.0,37580.0,1.0189676,33.956886
2026-06-07 10:00:00+02:00,15.995501,9.565437,22.319998,21.0,0.0,38240.0,1.4410379,35.133446
2026-06-07 11:00:00+02:00,17.0455,13.363711,27.359999,0.0,0.0,39540.0,3.6455696,34.513916
2026-06-07 12:00:00+02:00,18.1455,13.049689,26.64,0.0,0.0,39720.0,4.323114,32.525555
2026-06-07 13:00:00+02:00,19.1955,14.003029,26.28,0.0,0.0,40360.0,5.195736,30.286854
2026-06-07 14:00:00+02:00,19.8955,13.049689,23.4,0.0,0.0,40760.0,4.101266,27.931032
2026-06-07 15:00:00+02:00,20.4455,14.654254,28.8,0.0,0.0,40920.0,11.715913,26.855139
2026-06-07 16:00:00+02:00,20.8955,12.0694,24.84,0.0,0.0,41060.0,6.347113,25.868687
2026-06-07 17:00:00+02:00,20.845499,12.979984,23.4,0.0,0.0,41120.0,9.580463,24.61721
2026-06-07 18:00:00+02:00,20.595499,9.360001,22.68,0.0,0.0,41000.0,2.8820758,23.846117
2026-06-07 19:00:00+02:00,20.1955,8.225035,20.880001,0.0,0.0,40920.0,1.3670886,22.839355
2026-06-07 20:00:00+02:00,19.6955,5.991594,18.359999,3.0,0.0,40840.0,4.757608,23.422297
2026-06-07 21:00:00+02:00,17.9455,3.2599385,11.879999,54.0,0.0,39960.0,3.286072,22.249796
2026-06-07 22:00:00+02:00,14.795501,6.3690495,12.24,3.0,0.0,35780.0,5.195736,21.94469
2026-06-07 23:00:00+02:00,13.545501,6.1305785,12.24,0.0,0.0,33200.0,5.941551,21.679756
2026-06-08 00:00:00+02:00,12.9455,6.696387,12.959999,0.0,0.0,32460.0,7.418196,23.88647
2026-06-08 01:00:00+02:00,12.745501,5.3999996,12.959999,0.0,0.0,33660.0,7.4739733,26.098505
2026-06-08 02:00:00+02:00,11.995501,7.145796,12.24,0.0,0.0,33100.0,9.688234,33.036785
2026-06-08 03:00:00+02:00,11.9455,6.3690495,13.679999,0.0,0.0,36220.0,11.926711,30.56542
2026-06-08 04:00:00+02:00,11.5955,6.6185193,12.599999,0.0,0.0,38560.0,7.5842957,30.659805
2026-06-08 05:00:00+02:00,10.295501,7.7043357,14.04,0.0,0.0,36100.0,14.503743,25.994967
2026-06-08 06:00:00+02:00,10.0955,7.7879906,14.759999,0.0,0.0,37980.0,14.503743,27.338541
2026-06-08 07:00:00+02:00,11.5955,6.379216,15.84,0.0,0.0,34620.0,13.533486,31.533234
2026-06-08 08:00:00+02:00,15.3455,3.4152596,11.5199995,0.0,0.0,37040.0,13.594724,28.430025
2026-06-08 09:00:00+02:00,17.2955,3.0547013,8.28,0.0,0.0,40200.0,15.044876,27.26799
2026-06-08 10:00:00+02:00,19.1455,3.319036,8.64,0.0,0.0,41320.0,13.859459,29.020142
2026-06-08 11:00:00+02:00,21.1955,7.2,14.4,0.0,0.0,41420.0,14.192577,25.516308
2026-06-08 12:00:00+02:00,22.6455,10.514218,24.48,0.0,0.0,42660.0,17.196117,25.898457
2026-06-08 13:00:00+02:00,23.595499,11.792404,28.44,0.0,0.0,42060.0,19.166346,23.757093
2026-06-08 14:00:00+02:00,24.1955,13.608762,30.960001,0.0,0.0,42620.0,7.515534,24.206896
2026-06-08 15:00:00+02:00,24.3955,14.512064,34.56,0.0,0.0,41620.0,9.56962,24.206896
2026-06-08 16:00:00+02:00,23.6455,9.19939,28.08,0.0,0.1,41380.0,13.120569,28.307802
2026-06-08 17:00:00+02:00,21.845499,12.4811535,36.36,16.0,0.0,39500.0,14.126582,31.70989
2026-06-08 18:00:00+02:00,20.3955,8.089993,25.919998,16.0,0.1,38260.0,3.5591009,25.516308
2026-06-08 19:00:00+02:00,18.245499,5.692099,21.96,79.0,0.9,18920.0,5.562481,22.379284
2026-06-08 20:00:00+02:00,17.745499,2.968636,10.799999,57.0,3.4,13620.0,8.753638,28.307802
2026-06-08 21:00:00+02:00,16.3955,6.519877,12.24,4.0,1.6,7020.0,11.618018,44.417274
2026-06-08 22:00:00+02:00,16.0455,6.379216,15.4800005,0.0,0.6,26880.0,20.055809,50.809425
2026-06-08 23:00:00+02:00,14.545501,1.4399999,12.599999,0.0,0.0,27080.0,11.319258,45.947807
2026-06-09 00:00:00+02:00,15.1455,4.73506,7.5599995,19.0,0.3,36400.0,18.21075,59.203506
2026-06-09 01:00:00+02:00,13.0955,6.489992,14.04,0.0,0.0,18680.0,12.261531,46.646797
2026-06-09 02:00:00+02:00,13.995501,5.154415,16.199999,0.0,0.0,24220.0,6.572144,43.629665
2026-06-09 03:00:00+02:00,13.9455,4.802999,16.919998,39.0,0.4,9880.0,6.7744107,54.87402
2026-06-09 04:00:00+02:00,13.6455,2.1897945,9.0,69.0,0.1,8840.0,4.9291077,51.520973
2026-06-09 05:00:00+02:00,13.795501,2.6208394,25.919998,93.0,0.0,1220.0,4.1265044,39.975494
2026-06-09 06:00:00+02:00,13.995501,8.427383,15.84,75.0,2.3,7540.0,0.64445174,40.630287
2026-06-09 07:00:00+02:00,13.5955,5.00128,16.919998,88.0,1.0,19860.0,4.488087,50.524284
2026-06-09 08:00:00+02:00,13.9455,8.0899935,10.08,87.0,0.1,20580.0,4.0758705,49.42576
2026-06-09 09:00:00+02:00,14.3455,8.0899935,16.56,79.0,0.0,21260.0,4.101266,48.002224
2026-06-09 10:00:00+02:00,14.1455,10.296251,23.039999,98.0,0.0,21300.0,3.286072,51.032616
2026-06-09 11:00:00+02:00,13.3455,10.009036,24.119999,87.0,0.0,25340.0,10.520564,41.590836
2026-06-09 12:00:00+02:00,13.8955,6.618519,21.24,100.0,0.0,27200.0,2.3236039,48.719193
2026-06-09 13:00:00+02:00,14.245501,7.42159,16.56,86.0,0.0,26920.0,5.487309,40.616062
2026-06-09 14:00:00+02:00,14.4455,9.957108,18.359999,100.0,0.0,29580.0,9.294415,40.98432
2026-06-09 15:00:00+02:00,13.3955,9.957108,28.08,100.0,0.0,26820.0,6.6350365,39.850014
2026-06-09 16:00:00+02:00,13.8455,8.209263,19.8,100.0,0.0,28960.0,8.377872,39.74353
2026-06-09 17:00:00+02:00,13.995501,9.931042,18.0,96.0,0.0,32080.0,13.859459,42.755558
2026-06-09 18:00:00+02:00,13.9455,7.145796,19.08,87.0,0.0,32700.0,8.402622,41.007816
2026-06-09 19:00:00+02:00,13.6955,4.8965297,15.4800005,95.0,0.0,31960.0,5.941551,36.96101
2026-06-09 20:00:00+02:00,12.745501,5.991594,9.72,77.0,0.0,24960.0,8.074956,33.4021
2026-06-09 21:00:00+02:00,12.3455,4.39436,12.599999,84.0,0.0,26040.0,6.347113,30.286854
2026-06-09 22:00:00+02:00,12.3455,1.835647,6.8399997,100.0,0.0,27420.0,1.2889035,31.170736
2026-06-09 23:00:00+02:00,11.995501,3.7064266,2.8799999,83.0,0.0,25640.0,5.487309,26.194277
2026-06-10 00:00:00+02:00,11.995501,3.0758414,6.4799995,87.0,0.0,29960.0,2.7718916,26.948225
2026-06-10 01:00:00+02:00,12.1455,2.6208394,4.32,90.0,0.0,31500.0,2.0379353,30.36308
2026-06-10 02:00:00+02:00,11.5955,5.00128,6.4799995,93.0,0.0,24000.0,9.113924,26.653542
2026-06-10 03:00:00+02:00,11.3455,3.096837,10.08,82.0,0.0,19280.0,5.195736,28.980291
2026-06-10 04:00:00+02:00,11.1455,5.00128,9.72,100.0,0.1,13720.0,6.0797453,31.5149
2026-06-10 05:00:00+02:00,10.995501,6.1094027,11.879999,90.0,0.2,12240.0,8.315675,32.036243
2026-06-10 06:00:00+02:00,10.8455,7.10031,15.119999,95.0,0.4,20520.0,10.189676,25.831429
2026-06-10 07:00:00+02:00,10.5955,8.78872,18.0,100.0,0.4,26800.0,12.337506,27.653793
2026-06-10 08:00:00+02:00,10.3955,4.8433046,17.64,86.0,0.1,21000.0,2.6571426,30.286854
2026-06-10 09:00:00+02:00,10.745501,7.2,15.119999,97.0,0.0,25700.0,5.195736,26.776121
2026-06-10 10:00:00+02:00,10.5955,8.669949,18.0,100.0,0.0,28340.0,13.049152,24.238705
2026-06-10 11:00:00+02:00,11.1955,11.480557,18.0,87.0,0.6,32540.0,11.392405,28.307802
2026-06-10 12:00:00+02:00,11.0955,8.669949,23.759998,72.0,0.0,32240.0,8.658227,24.333883
2026-06-10 13:00:00+02:00,10.5955,8.435069,20.16,92.0,0.3,14940.0,10.974618,25.591688
2026-06-10 14:00:00+02:00,9.795501,11.988594,22.68,100.0,2.3,10240.0,16.00136,22.4909
2026-06-10 15:00:00+02:00,10.5955,2.6208394,24.119999,87.0,1.2,17700.0,4.907998,27.875805
2026-06-10 16:00:00+02:00,10.4455,6.297428,14.759999,81.0,0.8,26300.0,1.0189676,34.362892
2026-06-10 17:00:00+02:00,10.0955,7.289445,16.56,90.0,0.4,19120.0,3.3175182,27.993032
2026-06-10 18:00:00+02:00,10.795501,2.6208394,15.84,43.0,0.4,30820.0,5.506198,30.108244
2026-06-10 19:00:00+02:00,11.295501,2.5959969,6.8399997,24.0,0.0,32920.0,7.5842957,25.63681
2026-06-10 20:00:00+02:00,11.1455,3.396233,6.4799995,27.0,0.0,29660.0,8.84802,23.3729
2026-06-10 21:00:00+02:00,10.3955,3.7064266,6.8399997,21.0,0.0,31720.0,8.706063,21.997295
2026-06-10 22:00:00+02:00,8.5955,5.154415,8.28,28.0,0.0,28120.0,9.350104,26.9768
2026-06-10 23:00:00+02:00,9.4455,4.39436,12.599999,64.0,0.0,33340.0,7.78694,24.593725
2026-06-11 00:00:00+02:00,8.9455,4.0249224,6.4799995,93.0,0.0,32860.0,7.543114,24.238705
2026-06-11 01:00:00+02:00,8.1455,3.319036,7.92,46.0,0.0,31440.0,6.7744107,25.935617
2026-06-11 02:00:00+02:00,8.995501,3.8268526,9.36,79.0,0.0,34720.0,4.201311,23.716516
2026-06-11 03:00:00+02:00,8.4455,5.3999996,9.72,76.0,0.0,31360.0,5.195736,26.537657
2026-06-11 04:00:00+02:00,7.2455,5.991594,11.879999,65.0,0.0,23580.0,5.8000655,28.068626
2026-06-11 05:00:00+02:00,7.9455,6.696387,12.599999,69.0,0.0,30980.0,4.2990294,21.230852
2026-06-11 06:00:00+02:00,8.0455,4.6102495,12.599999,80.0,0.0,31440.0,3.4704785,17.31268
2026-06-11 07:00:00+02:00,8.1455,4.6102495,8.64,50.0,0.0,23740.0,2.8820758,24.341797
2026-06-11 08:00:00+02:00,8.8455,5.6002855,9.0,96.0,0.1,23060.0,3.89347,21.230852
2026-06-11 09:00:00+02:00,9.0955,4.5820518,11.879999,88.0,0.3,28780.0,2.7718916,17.478779
2026-06-11 10:00:00+02:00,10.9455,2.3051248,9.0,0.0,0.1,35740.0,5.3142853,20.49216
2026-06-11 11:00:00+02:00,10.745501,2.0991426,9.36,94.0,0.0,37260.0,8.151741,18.042755
2026-06-11 12:00:00+02:00,12.245501,8.534353,19.08,68.0,0.0,38100.0,3.0569031,27.792759
2026-06-11 13:00:00+02:00,12.8955,9.793058,19.8,61.0,0.0,38080.0,0.64445174,17.665136
2026-06-11 14:00:00+02:00,14.3455,8.587338,15.119999,0.0,0.0,40780.0,3.2222586,15.517241
2026-06-11 15:00:00+02:00,15.245501,9.339208,18.359999,0.0,0.0,41160.0,4.488087,15.517241
2026-06-11 16:00:00+02:00,15.8955,8.891344,16.919998,0.0,0.0,41580.0,8.646228,10.624495
2026-06-11 17:00:00+02:00,16.0455,10.296251,19.08,0.0,0.0,42240.0,8.21518,19.725824
2026-06-11 18:00:00+02:00,15.745501,9.360001,17.64,3.0,0.0,42000.0,6.850616,26.948227
2026-06-11 19:00:00+02:00,14.9455,7.754637,19.08,15.0,0.0,41600.0,7.800262,27.401884
2026-06-11 20:00:00+02:00,14.495501,5.1165614,15.84,41.0,0.0,41440.0,3.0569031,36.51006
2026-06-11 21:00:00+02:00,13.4455,3.6179552,11.159999,44.0,0.0,41100.0,1.0189676,38.287045
2026-06-11 22:00:00+02:00,11.8955,4.829907,7.92,0.0,0.0,41000.0,6.1307654,36.934944
2026-06-11 23:00:00+02:00,11.0955,5.3999996,11.879999,0.0,0.0,39280.0,11.644798,40.134197
2026-06-12 00:00:00+02:00,11.6455,4.8433046,9.72,0.0,0.0,40680.0,10.004581,40.838356
2026-06-12 01:00:00+02:00,11.745501,1.9386592,7.5599995,0.0,0.0,41240.0,9.482423,34.137928
2026-06-12 02:00:00+02:00,10.9455,5.3999996,2.8799999,0.0,0.0,40200.0,7.3619976,39.510197
2026-06-12 03:00:00+02:00,11.6455,3.319036,12.599999,7.0,0.0,40820.0,8.84802,38.246773
2026-06-12 04:00:00+02:00,11.0955,2.4149535,9.36,40.0,0.0,39600.0,9.350104,35.504314
2026-06-12 05:00:00+02:00,12.045501,3.2399998,7.5599995,63.0,0.1,41260.0,8.84802,36.00535
2026-06-12 06:00:00+02:00,12.1455,3.8773184,5.7599998,80.0,0.0,41640.0,10.035667,33.42516
2026-06-12 07:00:00+02:00,11.8955,2.52,7.5599995,100.0,0.0,40560.0,14.947947,34.725353
2026-06-12 08:00:00+02:00,12.295501,6.638072,9.72,100.0,0.0,38220.0,7.4739733,35.029118
2026-06-12 09:00:00+02:00,14.4455,1.9386592,11.5199995,80.0,0.0,36180.0,14.309151,39.083736
2026-06-12 10:00:00+02:00,14.745501,5.904439,12.24,70.0,0.0,37760.0,9.350104,35.122475
2026-06-12 11:00:00+02:00,15.1955,4.6938252,17.64,87.0,0.0,39920.0,12.636843,35.61807
2026-06-12 12:00:00+02:00,16.1455,7.42159,15.84,98.0,0.0,38560.0,10.331347,30.470741
2026-06-12 13:00:00+02:00,16.2955,9.021574,19.8,79.0,0.0,39760.0,8.84802,28.592175
2026-06-12 14:00:00+02:00,17.595499,5.3517847,19.8,65.0,0.0,40340.0,7.5842957,32.210144
2026-06-12 15:00:00+02:00,17.7955,10.685391,21.599998,77.0,0.0,40520.0,3.3175182,33.97957
2026-06-12 16:00:00+02:00,18.6955,6.618519,20.16,63.0,0.0,40240.0,3.5591009,33.476986
2026-06-12 17:00:00+02:00,18.745499,8.435069,15.119999,66.0,0.0,40460.0,2.0379353,33.88306
2026-06-12 18:00:00+02:00,18.495499,7.491114,18.0,73.0,0.0,39920.0,2.278481,32.995945
2026-06-12 19:00:00+02:00,18.345499,4.1046314,13.32,43.0,0.0,39260.0,7.7468357,34.23372
2026-06-12 20:00:00+02:00,18.1455,4.2136917,10.799999,10.0,0.0,39340.0,10.974618,32.708637
2026-06-12 21:00:00+02:00,16.7955,3.219938,8.28,11.0,0.0,39020.0,11.254866,43.359512
2026-06-12 22:00:00+02:00,13.495501,5.6233797,13.32,9.0,0.0,32320.0,8.377872,40.838356
2026-06-12 23:00:00+02:00,13.495501,5.6002855,11.159999,58.0,0.0,36240.0,6.572144,41.66025
2026-06-13 00:00:00+02:00,13.6955,6.6185193,12.599999,35.0,0.0,37780.0,14.301892,44.96895
2026-06-13 01:00:00+02:00,13.245501,6.193674,13.679999,0.0,0.0,38240.0,12.51299,43.963932
2026-06-13 02:00:00+02:00,11.3455,6.193674,11.5199995,0.0,0.0,35080.0,2.9178793,47.20915
2026-06-13 03:00:00+02:00,10.9455,6.696387,14.759999,0.0,0.0,34400.0,6.1138062,45.653397
2026-06-13 04:00:00+02:00,10.5955,6.489992,12.24,0.0,0.0,35480.0,5.155614,42.574966
2026-06-13 05:00:00+02:00,9.9455,6.792466,12.24,0.0,0.0,31840.0,5.543783,42.279854
2026-06-13 06:00:00+02:00,10.1455,6.696387,14.04,0.0,0.0,34440.0,6.524576,42.216022
2026-06-13 07:00:00+02:00,11.745501,4.6102495,11.879999,0.0,0.0,33160.0,10.599223,39.123146
2026-06-13 08:00:00+02:00,15.795501,1.8,6.4799995,0.0,0.0,39680.0,11.392405,39.99958
2026-06-13 09:00:00+02:00,17.1455,3.8268526,9.36,0.0,0.0,38180.0,9.815996,39.083736
2026-06-13 10:00:00+02:00,19.245499,4.6938257,11.5199995,0.0,0.0,38740.0,9.784211,34.675392
2026-06-13 11:00:00+02:00,20.8955,4.8965297,14.759999,0.0,0.0,40700.0,8.074956,34.697605
2026-06-13 12:00:00+02:00,22.745499,4.3349743,14.4,0.0,0.0,41760.0,7.418196,31.612547
2026-06-13 13:00:00+02:00,24.3955,4.452954,11.879999,0.0,0.0,44000.0,7.1327734,28.558466
2026-06-13 14:00:00+02:00,24.095499,12.413477,20.880001,0.0,0.0,42360.0,1.0189676,26.776121
2026-06-13 15:00:00+02:00,24.5455,11.298495,23.039999,0.0,0.0,41380.0,4.323114,22.22381
2026-06-13 16:00:00+02:00,24.8955,9.511088,24.119999,0.0,0.0,42500.0,8.765491,20.864775
2026-06-13 17:00:00+02:00,24.8955,9.726664,22.319998,0.0,0.0,43300.0,7.958392,27.758083
2026-06-13 18:00:00+02:00,24.6455,8.287822,21.96,0.0,0.0,45220.0,7.958392,30.57172
2026-06-13 19:00:00+02:00,24.0455,6.4096174,18.0,0.0,0.0,44820.0,5.993747,29.896374
2026-06-13 20:00:00+02:00,22.995499,6.28713,12.599999,0.0,0.0,44040.0,5.468354,27.958607
2026-06-13 21:00:00+02:00,19.3955,5.4477882,11.5199995,0.0,0.0,42340.0,4.488087,25.816511
2026-06-13 22:00:00+02:00,16.2455,5.6233797,11.879999,0.0,0.0,40500.0,4.201311,34.160492
2026-06-13 23:00:00+02:00,14.045501,7.5685663,13.679999,0.0,0.0,36820.0,0.0,34.76416
2026-06-14 00:00:00+02:00,13.8955,8.78872,15.119999,24.0,0.0,39000.0,3.0569031,34.228092
2026-06-14 01:00:00+02:00,13.5955,7.7043357,15.84,0.0,0.0,39180.0,7.7334204,33.568924
2026-06-14 02:00:00+02:00,14.1955,7.2,14.4,0.0,0.0,40220.0,10.401459,36.53116
2026-06-14 03:00:00+02:00,14.3455,7.289445,15.119999,0.0,0.0,39360.0,11.618018,34.591965
2026-06-14 04:00:00+02:00,13.8455,6.638072,14.04,0.0,0.0,38700.0,12.039351,32.667385
2026-06-14 05:00:00+02:00,13.6455,5.8603754,12.24,0.0,0.0,38740.0,9.815996,34.08711
2026-06-14 06:00:00+02:00,13.1455,6.4096174,11.159999,0.0,0.0,38440.0,9.227144,35.98394
2026-06-14 07:00:00+02:00,13.8955,3.671294,11.159999,0.0,0.0,36100.0,9.752324,34.74199
2026-06-14 08:00:00+02:00,16.4455,4.0249224,7.2,0.0,0.0,34900.0,5.195736,37.344685
2026-06-14 09:00:00+02:00,18.8955,4.3349743,10.799999,0.0,0.0,40100.0,7.1182017,36.919292
2026-06-14 10:00:00+02:00,20.245499,5.495161,12.959999,0.0,0.0,40120.0,9.482423,33.05427
2026-06-14 11:00:00+02:00,21.245499,9.220499,21.96,0.0,0.0,40840.0,4.556962,33.153194
2026-06-14 12:00:00+02:00,22.8955,8.209263,22.68,0.0,0.0,41660.0,2.734177,30.133825
2026-06-14 13:00:00+02:00,23.7955,9.585739,23.4,0.0,0.0,41600.0,2.8820758,28.232851
2026-06-14 14:00:00+02:00,24.345499,13.493999,25.56,0.0,0.0,43140.0,15.209606,24.206896
2026-06-14 15:00:00+02:00,25.345499,17.373497,33.839996,0.0,0.0,45720.0,21.461308,26.9768
2026-06-14 16:00:00+02:00,25.5455,13.684735,35.64,0.0,0.0,45900.0,15.2777195,28.335009
2026-06-14 17:00:00+02:00,25.345499,11.753876,24.48,0.0,0.0,46720.0,13.270073,28.102919
2026-06-14 18:00:00+02:00,24.5455,13.779114,28.8,0.0,0.0,45680.0,19.631992,19.98775
2026-06-14 19:00:00+02:00,23.5455,9.983106,29.16,0.0,0.0,45260.0,13.285712,24.103226
2026-06-14 20:00:00+02:00,22.3955,9.726664,20.880001,0.0,0.0,45360.0,14.155951,18.599987
2026-06-14 21:00:00+02:00,19.0455,7.9932976,20.16,0.0,0.0,42940.0,9.227144,21.002802
2026-06-14 22:00:00+02:00,15.6955,5.692099,14.04,0.0,0.0,41180.0,2.7718916,28.558466
2026-06-14 23:00:00+02:00,14.1455,5.904439,10.799999,0.0,0.0,40540.0,3.0569031,26.862312
2026-06-15 00:00:00+02:00,13.4455,6.12,12.959999,0.0,0.0,40680.0,5.195736,25.470974
2026-06-15 01:00:00+02:00,12.8955,6.792466,12.599999,0.0,0.0,40540.0,5.8000655,25.928188
2026-06-15 02:00:00+02:00,12.995501,7.10031,12.599999,0.0,0.0,40680.0,8.765491,28.933727
2026-06-15 03:00:00+02:00,12.8455,7.5942082,15.119999,0.0,0.0,40820.0,9.994197,29.297602
2026-06-15 04:00:00+02:00,12.295501,6.3690495,14.759999,0.0,0.0,40840.0,9.482423,29.670004
2026-06-15 05:00:00+02:00,12.045501,7.9036193,12.959999,0.0,0.0,40700.0,10.087265,31.533234
2026-06-15 06:00:00+02:00,12.1955,7.729527,16.199999,0.0,0.0,41040.0,12.694226,31.79482
2026-06-15 07:00:00+02:00,14.0955,5.6920996,14.759999,0.0,0.0,40640.0,12.438086,32.525555
2026-06-15 08:00:00+02:00,16.345499,2.4149535,8.64,0.0,0.0,39980.0,7.78694,31.533234
2026-06-15 09:00:00+02:00,18.345499,0.35999998,5.3999996,0.0,0.0,39820.0,6.7744107,31.330996
2026-06-15 10:00:00+02:00,19.845499,2.9024127,7.92,0.0,0.0,41460.0,3.67394,28.430025
2026-06-15 11:00:00+02:00,19.995499,7.7043357,16.56,0.0,0.0,41120.0,2.6571426,20.74441
2026-06-15 12:00:00+02:00,21.0455,8.654987,21.24,0.0,0.0,42520.0,5.094838,20.360134
2026-06-15 13:00:00+02:00,21.495499,9.726664,23.039999,0.0,0.0,41760.0,8.706063,19.251387
2026-06-15 14:00:00+02:00,22.345499,6.439876,26.28,0.0,0.0,42660.0,3.89347,24.780989
2026-06-15 15:00:00+02:00,23.0455,10.195057,19.08,0.0,0.0,44240.0,11.282507,28.362186
2026-06-15 16:00:00+02:00,23.0455,9.0,23.039999,0.0,0.0,45300.0,12.537857,19.598463
2026-06-15 17:00:00+02:00,22.745499,8.669949,21.96,0.0,0.0,45180.0,10.490913,17.87112
2026-06-15 18:00:00+02:00,22.5455,8.14587,18.359999,0.0,0.0,45380.0,10.401459,17.87112
2026-06-15 19:00:00+02:00,21.995499,7.172949,16.56,0.0,0.0,44140.0,9.612922,17.043554
2026-06-15 20:00:00+02:00,21.0455,5.991594,16.199999,0.0,0.0,44160.0,9.215885,17.31268
2026-06-15 21:00:00+02:00,18.7955,2.9024127,11.5199995,0.0,0.0,42920.0,8.765491,18.631031
2026-06-15 22:00:00+02:00,15.0955,6.696387,7.5599995,0.0,0.0,40480.0,5.0333285,17.903427
2026-06-15 23:00:00+02:00,14.3455,6.763786,12.24,0.0,0.0,39420.0,4.844117,17.290411
2026-06-16 00:00:00+02:00,13.6455,6.763786,13.679999,0.0,0.0,39420.0,9.022324,13.781546
2026-06-16 01:00:00+02:00,12.8955,5.904439,12.24,0.0,0.0,38880.0,7.0889688,12.475707
2026-06-16 02:00:00+02:00,12.745501,5.95906,11.159999,0.0,0.0,38720.0,6.198138,11.172413
2026-06-16 03:00:00+02:00,12.3955,6.151683,14.04,0.0,0.0,38380.0,7.515534,12.96038
2026-06-16 04:00:00+02:00,12.3955,5.8603754,11.879999,0.0,0.0,39220.0,7.1327734,13.0492525
2026-06-16 05:00:00+02:00,11.995501,6.763786,11.159999,0.0,0.0,38540.0,6.3960004,12.5680065
2026-06-16 06:00:00+02:00,11.545501,6.439876,12.599999,0.0,0.0,38720.0,7.958391,14.543223
2026-06-16 07:00:00+02:00,13.6455,3.8268526,12.599999,0.0,0.0,39360.0,7.418196,13.612786
2026-06-16 08:00:00+02:00,15.8455,3.6179552,7.92,0.0,0.0,35020.0,6.9559,15.554438
2026-06-16 09:00:00+02:00,19.095499,2.9024127,8.64,0.0,0.0,40380.0,8.476439,13.948265
2026-06-16 10:00:00+02:00,20.2955,2.3051248,6.8399997,0.0,0.0,40720.0,4.844117,14.329733
2026-06-16 11:00:00+02:00,20.9455,9.726664,16.919998,0.0,0.0,40700.0,5.487309,14.329733
2026-06-16 12:00:00+02:00,22.0455,9.0,21.599998,0.0,0.0,43260.0,5.993747,25.838884
2026-06-16 13:00:00+02:00,24.0455,3.7064266,15.84,0.0,0.0,46220.0,6.9559,28.933727
2026-06-16 14:00:00+02:00,25.095499,1.2979984,11.5199995,0.0,0.0,45600.0,2.9178793,25.113012
2026-06-16 15:00:00+02:00,25.845499,6.989936,15.4800005,0.0,0.0,46340.0,6.198138,16.11404
2026-06-16 16:00:00+02:00,26.095499,6.28713,15.4800005,0.0,0.0,47460.0,2.9178793,14.490146
2026-06-16 17:00:00+02:00,25.745499,8.714677,16.199999,0.0,0.0,47620.0,7.4739733,14.896551
2026-06-16 18:00:00+02:00,25.345499,7.928177,19.44,0.0,0.0,46760.0,9.580464,21.330421
2026-06-16 19:00:00+02:00,24.345499,8.707238,18.0,0.0,0.0,44120.0,16.506018,20.482758
2026-06-16 20:00:00+02:00,22.0455,7.2,22.319998,0.0,0.0,41800.0,10.240498,41.812557
2026-06-16 21:00:00+02:00,19.845499,6.924738,17.64,0.0,0.0,41160.0,15.311664,32.383106
2026-06-16 22:00:00+02:00,17.3955,7.2,13.679999,0.0,0.0,39700.0,8.21518,34.205574
2026-06-16 23:00:00+02:00,17.495499,7.729527,13.32,0.0,0.0,39860.0,11.848101,31.465965
2026-06-17 00:00:00+02:00,17.7955,8.311245,17.64,0.0,0.0,39760.0,15.318443,31.022066
2026-06-17 01:00:00+02:00,17.095499,6.9527545,16.56,0.0,0.0,38620.0,15.318443,31.404686
2026-06-17 02:00:00+02:00,16.995499,7.729527,13.32,0.0,0.0,38500.0,12.2276125,33.78057
2026-06-17 03:00:00+02:00,16.745499,6.9153743,15.119999,0.0,0.0,39680.0,10.411436,31.81905
2026-06-17 04:00:00+02:00,16.2955,5.8603754,12.959999,0.0,0.0,40100.0,8.84802,30.22956
2026-06-17 05:00:00+02:00,15.745501,6.792466,10.440001,0.0,0.0,40380.0,9.17071,29.441893
2026-06-17 06:00:00+02:00,15.5955,6.696387,13.679999,0.0,0.0,39800.0,10.189676,27.709465
2026-06-17 07:00:00+02:00,16.595499,4.510787,12.599999,0.0,0.0,38260.0,11.821781,25.935617
2026-06-17 08:00:00+02:00,19.1455,1.2979984,6.12,0.0,0.0,38040.0,8.987734,24.928242
2026-06-17 09:00:00+02:00,20.5455,2.7416782,7.2,0.0,0.0,35240.0,10.004581,21.997295
2026-06-17 10:00:00+02:00,22.7955,3.319036,9.0,0.0,0.0,40260.0,7.840093,19.725824
2026-06-17 11:00:00+02:00,23.5455,10.315115,15.84,0.0,0.0,40920.0,5.9240503,15.714606
2026-06-17 12:00:00+02:00,24.845499,11.609651,25.56,0.0,0.0,42040.0,3.89347,10.4046545
2026-06-17 13:00:00+02:00,26.0455,11.165805,23.4,0.0,0.0,42880.0,6.940957,10.551724
2026-06-17 14:00:00+02:00,26.745499,12.538134,24.48,0.0,0.0,42700.0,9.815996,10.1040945
2026-06-17 15:00:00+02:00,27.0455,9.957108,29.519999,0.0,0.0,42340.0,10.628571,10.00832
2026-06-17 16:00:00+02:00,26.9455,5.0142193,22.319998,0.0,0.0,42980.0,11.087566,16.71258
2026-06-17 17:00:00+02:00,27.245499,6.618519,16.199999,0.0,0.0,43060.0,7.34788,15.11478
2026-06-17 18:00:00+02:00,27.095499,4.5536795,16.56,0.0,0.0,43160.0,4.1265044,20.208189
2026-06-17 19:00:00+02:00,26.495499,1.2979984,10.440001,0.0,0.0,42980.0,4.907998,22.284399
2026-06-17 20:00:00+02:00,24.995499,1.1384199,3.6,0.0,0.0,41600.0,3.0569031,18.672342
2026-06-17 21:00:00+02:00,22.2955,5.8603754,8.64,0.0,0.0,40860.0,1.2889035,25.020798
2026-06-17 22:00:00+02:00,19.0455,5.634891,14.4,0.0,0.0,37660.0,5.487309,23.040882
2026-06-17 23:00:00+02:00,18.6455,7.24486,12.24,0.0,0.0,38920.0,8.062088,19.862066
2026-06-18 00:00:00+02:00,17.995499,6.696387,13.679999,0.0,0.0,38700.0,8.706063,16.185604
2026-06-18 01:00:00+02:00,17.0455,6.1094027,12.24,0.0,0.0,37620.0,7.1182017,13.093462
2026-06-18 02:00:00+02:00,16.595499,7.491114,11.879999,0.0,0.0,38080.0,6.444517,9.494725
2026-06-18 03:00:00+02:00,16.2455,7.42159,12.959999,0.0,0.0,38640.0,7.7334204,10.236675
2026-06-18 04:00:00+02:00,15.745501,6.8777895,12.959999,0.0,0.0,38640.0,7.1182017,11.326523
2026-06-18 05:00:00+02:00,15.545501,7.10031,12.599999,0.0,0.0,38740.0,5.195736,8.092802
2026-06-18 06:00:00+02:00,15.1455,7.2,12.24,0.0,0.0,38140.0,6.198138,8.092802
2026-06-18 07:00:00+02:00,16.5455,4.8433046,10.440001,0.0,0.0,36740.0,5.8000655,8.886923
2026-06-18 08:00:00+02:00,19.745499,1.835647,7.92,0.0,0.0,37440.0,2.9178793,8.281033
2026-06-18 09:00:00+02:00,21.745499,0.8049845,3.96,0.0,0.0,40280.0,2.8820758,9.813965
2026-06-18 10:00:00+02:00,23.095499,2.2768397,6.4799995,0.0,0.0,40300.0,1.9333551,10.236675
2026-06-18 11:00:00+02:00,25.095499,6.6087217,10.440001,0.0,0.0,42220.0,1.0189676,11.41124
2026-06-18 12:00:00+02:00,26.3955,10.495713,17.28,0.0,0.0,43060.0,2.734177,12.5680065
2026-06-18 13:00:00+02:00,27.5455,12.0694,19.8,0.0,0.0,43720.0,5.709857,10.98112
2026-06-18 14:00:00+02:00,28.495499,12.57426,20.16,0.0,0.0,44100.0,9.227144,12.96038
2026-06-18 15:00:00+02:00,29.3955,12.979984,23.039999,0.0,0.0,44320.0,14.067659,14.003396
2026-06-18 16:00:00+02:00,29.745499,12.287555,23.759998,0.0,0.0,44580.0,15.044876,14.153901
2026-06-18 17:00:00+02:00,29.6455,13.324863,23.4,0.0,0.0,43820.0,15.587208,15.566816
2026-06-18 18:00:00+02:00,29.2955,11.879999,25.56,0.0,0.0,43320.0,15.318443,14.153901
2026-06-18 19:00:00+02:00,28.6455,7.628263,25.56,0.0,0.0,43500.0,13.708807,15.11478
2026-06-18 20:00:00+02:00,27.095499,5.3999996,15.4800005,0.0,0.0,42580.0,12.159491,12.051613
2026-06-18 21:00:00+02:00,24.845499,4.6938257,10.799999,0.0,0.0,42920.0,5.094838,12.915714
2026-06-18 22:00:00+02:00,22.5455,5.315336,32.039997,0.0,0.0,41820.0,20.592224,9.813965
2026-06-18 23:00:00+02:00,19.995499,7.0911775,12.599999,0.0,0.0,38260.0,13.594724,9.474416
2026-06-19 00:00:00+02:00,19.245499,6.3690495,14.4,0.0,0.0,38400.0,11.282507,7.777219
2026-06-19 01:00:00+02:00,18.2955,6.3690495,11.5199995,0.0,0.0,37840.0,4.844117,10.330335
2026-06-19 02:00:00+02:00,17.6955,5.5887027,9.36,0.0,0.0,38560.0,6.572144,11.661699
2026-06-19 03:00:00+02:00,17.1955,5.815978,11.159999,0.0,0.0,36680.0,4.511162,8.068965
2026-06-19 04:00:00+02:00,17.9455,5.315336,9.72,0.0,0.0,38600.0,5.9240503,7.022301
2026-06-19 05:00:00+02:00,17.1455,6.130579,9.36,0.0,0.0,35320.0,4.511162,6.7137847
2026-06-19 06:00:00+02:00,16.4955,5.154415,11.159999,0.0,0.0,32640.0,3.286072,3.7241378
2026-06-19 07:00:00+02:00,18.595499,3.4152596,9.0,0.0,0.0,35180.0,3.9200466,3.1034482
2026-06-19 08:00:00+02:00,20.6955,4.1046314,6.12,0.0,0.0,28560.0,6.7744107,2.2379284
2026-06-19 09:00:00+02:00,24.5455,1.8,8.64,0.0,0.0,40480.0,3.8667102,5.2667265
2026-06-19 10:00:00+02:00,25.1955,5.95906,10.08,0.0,0.0,41360.0,1.8227848,7.238423
2026-06-19 11:00:00+02:00,25.5455,12.43434,18.72,0.0,0.0,41540.0,4.757608,11.103232
2026-06-19 12:00:00+02:00,27.095499,12.181625,21.96,0.0,0.0,42360.0,7.6388597,12.194616
2026-06-19 13:00:00+02:00,28.495499,12.496719,22.319998,0.0,0.0,42320.0,13.144288,18.170418
2026-06-19 14:00:00+02:00,28.5455,14.417988,28.8,0.0,0.0,43060.0,17.60191,14.609298
2026-06-19 15:00:00+02:00,28.845499,0.71999997,25.919998,0.0,0.1,42760.0,9.15938,8.350525
2026-06-19 16:00:00+02:00,25.6455,16.563911,32.039997,50.0,0.1,41340.0,23.002504,20.632679
2026-06-19 17:00:00+02:00,23.1955,13.138765,42.48,49.0,0.1,39620.0,26.703953,23.7652
2026-06-19 18:00:00+02:00,19.4455,15.021105,28.44,11.0,2.2,20900.0,14.927093,9.454063
2026-06-19 19:00:00+02:00,20.0455,9.387651,23.039999,0.0,0.0,36960.0,16.053188,4.5186887
2026-06-19 20:00:00+02:00,20.1955,2.2768397,14.759999,0.0,0.0,32360.0,13.285712,15.329903
2026-06-19 21:00:00+02:00,18.9455,1.609969,9.0,0.0,1.0,22900.0,9.350104,3.7755077
2026-06-19 22:00:00+02:00,18.2955,2.9024127,4.32,0.0,0.1,24900.0,10.490914,14.490146
2026-06-19 23:00:00+02:00,17.2955,5.4477882,6.12,0.0,0.0,26840.0,10.087265,16.149862
2026-06-20 00:00:00+02:00,17.1955,5.904439,11.879999,0.0,0.0,29360.0,12.133847,16.327795
2026-06-20 01:00:00+02:00,15.8455,7.653705,14.759999,0.0,0.0,30520.0,12.767628,16.77011
2026-06-20 02:00:00+02:00,15.1455,7.5942082,15.119999,0.0,0.0,31740.0,11.282507,19.949162
2026-06-20 03:00:00+02:00,14.6955,7.928177,15.84,0.0,0.0,33700.0,9.994198,17.914183
2026-06-20 04:00:00+02:00,14.045501,7.127636,15.84,0.0,0.0,32520.0,8.11344,16.492132
2026-06-20 05:00:00+02:00,14.295501,7.7879906,13.679999,0.0,0.0,33540.0,8.11344,16.492132
2026-06-20 06:00:00+02:00,14.495501,7.491114,14.04,0.0,0.0,33160.0,9.482423,15.329903
2026-06-20 07:00:00+02:00,15.8455,4.39436,13.679999,0.0,0.0,33980.0,7.7468357,13.879042
2026-06-20 08:00:00+02:00,18.5455,0.8049845,4.32,0.0,0.0,29140.0,3.5591009,11.711148
2026-06-20 09:00:00+02:00,20.245499,0.35999998,4.32,0.0,0.0,27000.0,1.8788835,9.310345
2026-06-20 10:00:00+02:00,21.6955,0.8049845,3.96,0.0,0.0,30020.0,1.9333551,8.886923
2026-06-20 11:00:00+02:00,24.345499,4.6938252,6.12,0.0,0.0,40560.0,2.8820758,9.715329
2026-06-20 12:00:00+02:00,25.495499,7.5170207,13.679999,0.0,0.0,41860.0,4.6472077,8.821657
2026-06-20 13:00:00+02:00,26.8955,10.829959,20.16,0.0,0.0,44020.0,10.240498,8.350525
2026-06-20 14:00:00+02:00,28.0455,13.009903,21.599998,0.0,0.0,43200.0,12.039351,6.598021
2026-06-20 15:00:00+02:00,28.8955,13.276144,22.68,0.0,0.0,42600.0,11.4288025,6.598021
2026-06-20 16:00:00+02:00,28.9455,12.313893,24.84,0.0,0.0,42740.0,9.7416725,7.5764823
2026-06-20 17:00:00+02:00,28.9455,10.966713,21.599998,0.0,0.0,43100.0,8.215179,6.939521
2026-06-20 18:00:00+02:00,28.745499,5.2416787,17.64,0.0,0.0,43720.0,4.6916795,9.494725
2026-06-20 19:00:00+02:00,27.9455,2.16,10.08,0.0,0.0,42400.0,2.453999,9.950412
2026-06-20 20:00:00+02:00,25.595499,4.072935,8.64,0.0,0.0,40420.0,0.4556962,15.216393
2026-06-20 21:00:00+02:00,24.245499,4.0249224,6.12,0.0,0.0,40900.0,1.2889035,16.884583
2026-06-20 22:00:00+02:00,20.1955,6.0347,15.119999,0.0,0.0,38220.0,6.330734,9.392738
2026-06-20 23:00:00+02:00,19.5455,6.830519,11.5199995,0.0,0.0,37900.0,7.971428,10.678748
2026-06-21 00:00:00+02:00,19.345499,6.830519,13.679999,0.0,0.0,39220.0,10.628571,6.390391
2026-06-21 01:00:00+02:00,18.345499,6.3690495,12.599999,0.0,0.0,40120.0,8.36547,4.3889384
2026-06-21 02:00:00+02:00,17.6955,6.6185193,12.24,0.0,0.0,39280.0,6.970812,8.1638975
2026-06-21 03:00:00+02:00,17.4455,7.289445,13.679999,0.0,0.0,40240.0,9.858215,11.326523
2026-06-21 04:00:00+02:00,16.995499,6.638072,13.679999,0.0,0.0,40360.0,9.482423,11.595439
2026-06-21 05:00:00+02:00,17.1455,6.989936,12.599999,0.0,0.0,40580.0,9.045312,9.6356945
2026-06-21 06:00:00+02:00,16.8955,7.145796,13.679999,0.0,0.0,40260.0,8.476439,9.454063
2026-06-21 07:00:00+02:00,17.6955,4.198285,11.879999,0.0,0.0,38140.0,6.198138,11.858258
2026-06-21 08:00:00+02:00,20.6455,2.5959969,5.3999996,0.0,0.0,34300.0,7.6388597,13.626929
2026-06-21 09:00:00+02:00,24.245499,2.0364676,5.3999996,0.0,0.0,40460.0,5.8357587,15.266946
2026-06-21 10:00:00+02:00,25.745499,1.2979984,5.04,0.0,0.0,41820.0,4.757608,12.289027
2026-06-21 11:00:00+02:00,28.0455,4.3498964,9.36,0.0,0.0,45020.0,1.643036,13.0492525
2026-06-21 12:00:00+02:00,29.1455,11.367109,18.359999,0.0,0.0,44600.0,4.907998,10.1040945
2026-06-21 13:00:00+02:00,30.095499,12.074766,19.44,0.0,0.0,46780.0,10.955679,5.6205835
2026-06-21 14:00:00+02:00,31.0455,11.013882,19.44,0.0,0.0,47660.0,9.394418,2.5591688
2026-06-21 15:00:00+02:00,31.745499,12.144331,22.68,0.0,0.0,51860.0,9.022324,6.8275857
2026-06-21 16:00:00+02:00,32.0455,11.252519,20.519999,0.0,0.0,51440.0,8.11344,9.227215
2026-06-21 17:00:00+02:00,31.5455,10.594036,19.08,0.0,0.0,51060.0,7.205189,8.327425
2026-06-21 18:00:00+02:00,31.1455,9.885262,20.519999,0.0,0.0,51100.0,13.120569,11.858258
2026-06-21 19:00:00+02:00,30.095499,6.0347,21.24,0.0,0.0,46860.0,14.989566,12.413793
2026-06-21 20:00:00+02:00,26.5455,2.7416782,11.879999,0.0,0.0,42340.0,16.63135,10.1040945
2026-06-21 21:00:00+02:00,24.9455,4.68,4.32,0.0,0.0,41640.0,5.195736,9.813965
2026-06-21 22:00:00+02:00,20.3955,6.151683,11.159999,0.0,0.0,39560.0,1.0189676,12.051613
2026-06-21 23:00:00+02:00,20.0455,6.638072,13.679999,0.0,0.0,40320.0,5.094838,9.813965
2026-06-22 00:00:00+02:00,19.5455,6.6185193,14.04,0.0,0.0,40340.0,9.17071,14.999642
2026-06-22 01:00:00+02:00,19.0455,6.696387,12.959999,0.0,0.0,40000.0,8.377872,15.824542
2026-06-22 02:00:00+02:00,19.345499,6.830519,12.24,0.0,0.0,40640.0,11.254866,13.427569
2026-06-22 03:00:00+02:00,19.095499,6.792466,14.4,0.0,0.0,40580.0,9.113924,16.292364
2026-06-22 04:00:00+02:00,18.345499,5.904439,12.599999,0.0,0.0,40000.0,7.543114,18.127962
2026-06-22 05:00:00+02:00,18.095499,5.95906,11.159999,0.0,0.0,40300.0,5.094838,18.599987
2026-06-22 06:00:00+02:00,17.7955,6.12,11.879999,0.0,0.0,39600.0,6.524576,19.040104
2026-06-22 07:00:00+02:00,18.995499,3.219938,11.159999,0.0,0.0,38220.0,5.333787,17.555754
2026-06-22 08:00:00+02:00,21.2955,2.5959969,4.68,0.0,0.0,30420.0,5.333787,13.0492525
2026-06-22 09:00:00+02:00,25.745499,2.9024127,9.36,0.0,0.0,40820.0,4.1265044,9.392738
2026-06-22 10:00:00+02:00,26.9455,1.8,6.4799995,0.0,0.0,42460.0,1.0189676,6.939521
2026-06-22 11:00:00+02:00,28.095499,7.172949,10.08,0.0,0.0,43260.0,5.506198,5.6205835
2026-06-22 12:00:00+02:00,29.6955,7.928178,12.24,0.0,0.0,45060.0,5.487309,6.329817
2026-06-22 13:00:00+02:00,30.495499,11.367109,17.64,0.0,0.0,43040.0,8.561753,4.8477407
2026-06-22 14:00:00+02:00,31.2955,13.009903,21.599998,0.0,0.0,44660.0,13.594724,3.6192114
2026-06-22 15:00:00+02:00,32.1455,14.113653,24.48,0.0,0.0,47560.0,14.301892,1.9627929
2026-06-22 16:00:00+02:00,32.4455,13.397612,25.199999,0.0,0.0,52620.0,15.473553,2.5591688
2026-06-22 17:00:00+02:00,31.995499,11.542478,30.960001,0.0,0.0,53640.0,17.081009,2.5591688
2026-06-22 18:00:00+02:00,31.245499,10.105681,27.359999,0.0,0.0,54600.0,19.679535,7.5510154
2026-06-22 19:00:00+02:00,30.595499,6.924738,21.96,0.0,0.0,52820.0,19.616121,7.4740934
2026-06-22 20:00:00+02:00,28.495499,5.0528407,17.28,0.0,0.0,44780.0,13.057107,11.241167
2026-06-22 21:00:00+02:00,25.3955,1.2979984,9.0,0.0,0.0,42540.0,9.952556,11.939204
2026-06-22 22:00:00+02:00,21.245499,5.8048253,10.799999,0.0,0.0,41260.0,4.907998,14.003396
2026-06-22 23:00:00+02:00,20.495499,6.379216,11.879999,0.0,0.0,40180.0,2.9178793,10.606349
2026-06-23 00:00:00+02:00,19.745499,6.379216,12.599999,0.0,0.0,39900.0,2.453999,8.777877
2026-06-23 01:00:00+02:00,19.095499,5.6233797,11.879999,0.0,0.0,39820.0,6.0797453,7.4740934
2026-06-23 02:00:00+02:00,18.5455,7.10031,11.159999,0.0,0.0,38500.0,1.643036,5.7224755
2026-06-23 03:00:00+02:00,18.345499,7.4128532,14.4,0.0,0.0,39160.0,1.8788835,10.274241
2026-06-23 04:00:00+02:00,17.8955,6.696387,14.4,0.0,0.0,39180.0,5.094838,14.490146
2026-06-23 05:00:00+02:00,17.745499,7.10031,11.879999,0.0,0.0,39320.0,2.278481,12.659634
2026-06-23 06:00:00+02:00,17.095499,5.95906,12.959999,0.0,0.0,37160.0,5.195736,12.413793
2026-06-23 07:00:00+02:00,18.2955,3.4152596,11.159999,0.0,0.0,35560.0,3.67394,15.628565
2026-06-23 08:00:00+02:00,20.5455,1.9386592,4.32,0.0,0.0,20660.0,3.1898732,20.265303
2026-06-23 09:00:00+02:00,24.6455,1.1384199,7.5599995,0.0,0.0,40040.0,2.9178793,15.89741
2026-06-23 10:00:00+02:00,25.8955,2.9024127,7.5599995,0.0,0.0,41820.0,8.476439,14.181093
2026-06-23 11:00:00+02:00,27.095499,5.771239,11.879999,0.0,0.0,43120.0,8.598059,16.71258
2026-06-23 12:00:00+02:00,28.595499,8.669949,14.04,0.0,0.0,44520.0,9.350104,17.773846
2026-06-23 13:00:00+02:00,29.6455,10.853866,18.359999,0.0,0.0,42540.0,12.767628,13.0492525
2026-06-23 14:00:00+02:00,30.595499,12.661564,22.68,0.0,0.0,43020.0,18.788836,6.6850314
2026-06-23 15:00:00+02:00,30.5455,16.267857,34.92,0.0,0.0,44080.0,26.516663,10.180067
2026-06-23 16:00:00+02:00,27.3955,19.08,44.639996,0.0,0.0,42780.0,4.1265044,21.429527
2026-06-23 17:00:00+02:00,29.745499,2.9024127,33.48,0.0,0.0,43040.0,10.189676,17.167427
2026-06-23 18:00:00+02:00,29.1455,4.198285,17.28,0.0,0.0,44040.0,14.64622,14.490146
2026-06-23 19:00:00+02:00,28.245499,2.8116899,11.159999,0.0,0.0,42320.0,14.41038,12.051613
2026-06-23 20:00:00+02:00,26.245499,2.5455842,5.04,0.0,0.0,40120.0,9.17071,12.5680065
2026-06-23 21:00:00+02:00,23.845499,6.9527545,13.32,0.0,0.0,39000.0,5.709857,10.606349
2026-06-23 22:00:00+02:00,20.5455,7.145796,14.04,0.0,0.0,36020.0,4.844117,15.628565
2026-06-23 23:00:00+02:00,20.3955,5.3517847,14.04,0.0,0.0,39620.0,2.0379353,11.793103
2026-06-24 00:00:00+02:00,19.495499,7.7879906,15.84,0.0,0.0,38260.0,1.2889035,10.624495
2026-06-24 01:00:00+02:00,19.095499,6.696387,15.4800005,0.0,0.0,39340.0,4.57969,13.0492525
2026-06-24 02:00:00+02:00,18.6455,7.5685663,12.959999,0.0,0.0,38580.0,8.561753,13.711481
2026-06-24 03:00:00+02:00,18.345499,7.7043357,15.4800005,0.0,0.0,39020.0,7.205189,11.326523
2026-06-24 04:00:00+02:00,17.4455,6.638072,15.119999,0.0,0.0,38640.0,2.7718916,6.2378535
2026-06-24 05:00:00+02:00,16.6455,6.9527545,8.64,0.0,0.0,36540.0,3.89347,5.339374
2026-06-24 06:00:00+02:00,16.4455,7.289445,13.679999,0.0,0.0,37320.0,1.4410379,4.475857
2026-06-24 07:00:00+02:00,17.495499,4.6102495,12.959999,0.0,0.0,33120.0,3.757767,4.8477407
2026-06-24 08:00:00+02:00,19.995499,3.096837,7.92,0.0,0.0,25540.0,4.101266,6.113084
2026-06-24 09:00:00+02:00,23.845499,2.5959969,7.92,0.0,0.0,38620.0,2.6571426,6.113084
2026-06-24 10:00:00+02:00,24.995499,2.1897945,6.12,0.0,0.0,40920.0,3.9200466,7.2649856
2026-06-24 11:00:00+02:00,26.0455,7.072878,10.440001,0.0,0.0,41680.0,5.3142853,4.7270317
2026-06-24 12:00:00+02:00,27.4455,10.483357,18.72,0.0,0.0,42380.0,11.883102,4.3889384
2026-06-24 13:00:00+02:00,28.845499,10.594036,22.68,0.0,0.0,42000.0,16.335295,5.6205835
2026-06-24 14:00:00+02:00,29.9455,11.841756,24.84,0.0,0.0,43100.0,17.90602,7.2649856
2026-06-24 15:00:00+02:00,31.095499,10.966713,27.359999,0.0,0.0,43520.0,20.52657,8.281033
2026-06-24 16:00:00+02:00,31.595499,11.525623,25.919998,0.0,0.0,44060.0,17.917614,9.715329
2026-06-24 17:00:00+02:00,31.495499,13.276144,28.44,0.0,0.0,43960.0,20.687803,10.008319
2026-06-24 18:00:00+02:00,30.9455,12.6462,29.16,0.0,0.0,44600.0,19.631992,12.226168
2026-06-24 19:00:00+02:00,29.845499,7.9932976,25.919998,0.0,0.0,46040.0,17.22628,10.274241
2026-06-24 20:00:00+02:00,28.095499,6.519877,16.919998,0.0,0.0,43640.0,18.3697,10.236675
2026-06-24 21:00:00+02:00,24.095499,4.3349743,13.679999,0.0,0.0,40900.0,18.3697,13.612786
2026-06-24 22:00:00+02:00,20.8955,6.3690495,12.599999,0.0,0.0,40360.0,5.7641516,8.442291
2026-06-24 23:00:00+02:00,20.995499,7.0911775,9.0,0.0,0.0,39860.0,3.89347,1.8620689
2026-06-25 00:00:00+02:00,19.7955,6.9527545,14.04,0.0,0.0,38840.0,2.278481,2.4827583
2026-06-25 01:00:00+02:00,19.5455,7.2,11.879999,0.0,0.0,39020.0,5.562481,5.0041595
2026-06-25 02:00:00+02:00,19.3955,6.696387,12.24,0.0,0.0,39160.0,5.333787,0.6206896
2026-06-25 03:00:00+02:00,19.1955,6.4096174,12.599999,0.0,0.0,39000.0,1.643036,1.7555753
2026-06-25 04:00:00+02:00,18.2955,4.8433046,10.08,0.0,0.0,38020.0,3.5591009,3.3425157
2026-06-25 05:00:00+02:00,18.095499,6.439876,8.64,0.0,0.0,39020.0,1.8788835,3.7755077
2026-06-25 06:00:00+02:00,17.845499,6.439876,8.28,0.0,0.0,38740.0,2.278481,3.1034482
2026-06-25 07:00:00+02:00,19.095499,3.5455887,6.4799995,0.0,0.0,37460.0,2.278481,3.1649084
2026-06-25 08:00:00+02:00,21.245499,1.835647,5.7599998,0.0,0.0,28720.0,0.64445174,3.1649084
2026-06-25 09:00:00+02:00,24.5455,1.1384199,4.32,0.0,0.0,39860.0,0.4556962,2.775808
2026-06-25 10:00:00+02:00,25.845499,3.2599385,4.32,0.0,0.0,41060.0,2.0379353,2.5591688
2026-06-25 11:00:00+02:00,27.245499,6.830519,10.799999,0.0,0.0,41380.0,1.4410379,2.4827583
2026-06-25 12:00:00+02:00,28.4455,12.245293,20.519999,0.0,0.0,42880.0,4.6472077,2.2379284
2026-06-25 13:00:00+02:00,29.845499,13.1041975,23.039999,0.0,0.0,43340.0,12.396276,1.387904
2026-06-25 14:00:00+02:00,30.6955,13.450708,23.039999,0.0,0.0,43040.0,16.718523,1.8620689
2026-06-25 15:00:00+02:00,31.595499,13.75558,25.199999,0.0,0.0,43500.0,16.43036,1.387904
2026-06-25 16:00:00+02:00,31.9455,13.004921,27.0,0.0,0.0,44080.0,15.473553,3.1034482
2026-06-25 17:00:00+02:00,30.245499,10.1376915,25.199999,0.0,0.0,44040.0,21.006556,14.948187
2026-06-25 18:00:00+02:00,27.4455,17.610588,34.2,0.0,0.0,42160.0,24.476442,11.793103
2026-06-25 19:00:00+02:00,25.8955,6.28713,36.719997,0.0,0.0,41680.0,13.708808,8.622896
2026-06-25 20:00:00+02:00,24.6455,6.792466,13.679999,0.0,0.0,40600.0,8.753638,15.861018
2026-06-25 21:00:00+02:00,22.745499,4.6938257,12.599999,0.0,0.0,39660.0,7.7334204,14.153901
2026-06-25 22:00:00+02:00,21.345499,5.634891,11.5199995,0.0,0.0,39180.0,10.411436,8.327425
2026-06-25 23:00:00+02:00,21.6455,6.439876,11.5199995,0.0,0.0,40160.0,9.394418,8.350525
2026-06-26 00:00:00+02:00,21.345499,6.8777895,13.32,0.0,0.0,40100.0,5.3142853,8.821657
2026-06-26 01:00:00+02:00,20.8955,5.3517847,12.599999,0.0,0.0,40080.0,8.561753,3.7755077
2026-06-26 02:00:00+02:00,20.7955,5.6920996,10.799999,0.0,0.0,39820.0,2.9178793,5.5862064
2026-06-26 03:00:00+02:00,20.2955,5.8048253,11.159999,0.0,0.0,39800.0,0.4556962,6.1445136
2026-06-26 04:00:00+02:00,20.0455,6.1094027,10.08,0.0,0.0,39880.0,2.3236039,12.568007
2026-06-26 05:00:00+02:00,19.845499,6.439876,8.28,0.0,0.0,39940.0,1.0189676,10.4046545
2026-06-26 06:00:00+02:00,19.3955,5.95906,12.24,0.0,0.0,39660.0,1.0189676,9.6356945
2026-06-26 07:00:00+02:00,19.8955,3.563818,11.879999,0.0,0.0,38480.0,1.4410379,10.274241
2026-06-26 08:00:00+02:00,22.1955,3.5455887,6.4799995,0.0,0.0,34640.0,2.278481,12.795844
2026-06-26 09:00:00+02:00,24.9455,1.4399999,6.4799995,0.0,0.0,38040.0,4.2990294,9.813965
2026-06-26 10:00:00+02:00,26.8955,2.52,6.8399997,0.0,0.0,42280.0,5.9240503,6.939521
2026-06-26 11:00:00+02:00,27.745499,7.5942073,15.4800005,0.0,0.0,41940.0,8.476439,6.2068963
2026-06-26 12:00:00+02:00,29.1955,10.440001,20.16,0.0,0.0,42620.0,12.0307255,1.387904
2026-06-26 13:00:00+02:00,30.245499,10.799999,19.44,0.0,0.0,42680.0,14.532351,3.7755077
2026-06-26 14:00:00+02:00,30.995499,11.966953,19.44,0.0,0.0,43660.0,13.033229,4.1637125
2026-06-26 15:00:00+02:00,31.8955,10.799999,19.44,0.0,0.0,44100.0,13.594724,5.0041595
2026-06-26 16:00:00+02:00,32.3455,9.531505,20.880001,0.0,0.0,44100.0,15.086228,5.0041595
2026-06-26 17:00:00+02:00,32.3455,9.9571085,21.599998,0.0,0.0,44580.0,13.270073,7.677507
2026-06-26 18:00:00+02:00,32.3955,6.792466,21.24,0.0,0.0,45240.0,12.065196,6.2068963
2026-06-26 19:00:00+02:00,31.595499,4.73506,13.679999,0.0,0.0,45260.0,11.096928,8.886923
2026-06-26 20:00:00+02:00,29.845499,3.4152596,9.0,0.0,0.0,43080.0,5.506198,9.310345
2026-06-26 21:00:00+02:00,26.6455,4.0249224,6.8399997,0.0,0.0,41640.0,4.201311,6.7137847
2026-06-26 22:00:00+02:00,24.345499,5.154415,11.879999,0.0,0.0,41520.0,4.1265044,1.7555753
2026-06-26 23:00:00+02:00,23.345499,6.830519,13.32,0.0,0.0,41080.0,1.4410379,2.5591688
2026-06-27 00:00:00+02:00,22.495499,6.2145634,13.32,0.0,0.0,40800.0,5.8357587,3.1034482
2026-06-27 01:00:00+02:00,22.1455,6.193674,12.959999,0.0,0.0,40580.0,9.858215,5.855574
2026-06-27 02:00:00+02:00,21.2955,6.439876,10.799999,0.0,0.0,40280.0,6.330734,9.474416
2026-06-27 03:00:00+02:00,20.7955,6.9153743,11.879999,0.0,0.0,39720.0,6.835443,8.281033
2026-06-27 04:00:00+02:00,20.3955,6.193674,14.04,0.0,0.0,39140.0,9.752324,8.777877
2026-06-27 05:00:00+02:00,20.6455,6.193674,11.5199995,0.0,0.0,39320.0,6.330734,5.339374
2026-06-27 06:00:00+02:00,19.9455,6.3690495,11.879999,0.0,0.0,38420.0,6.47666,5.551616
2026-06-27 07:00:00+02:00,21.1455,4.3349743,8.64,0.0,0.0,37200.0,4.556962,3.1034482
2026-06-27 08:00:00+02:00,23.7955,0.8049845,5.7599998,0.0,0.0,34620.0,2.9178793,1.387904
2026-06-27 09:00:00+02:00,25.595499,1.9386592,5.3999996,0.0,0.0,39200.0,1.0189676,2.775808
2026-06-27 10:00:00+02:00,27.5455,6.0347,11.159999,0.0,0.0,41620.0,1.4410379,3.9255857
2026-06-27 11:00:00+02:00,29.1955,10.028439,14.04,0.0,0.0,43980.0,3.286072,6.939521
2026-06-27 12:00:00+02:00,30.595499,10.787993,17.28,0.0,0.0,45060.0,4.101266,9.331011
2026-06-27 13:00:00+02:00,31.845499,11.726277,19.08,0.0,0.0,47320.0,6.330734,11.595439
2026-06-27 14:00:00+02:00,32.5955,13.441071,25.199999,0.0,0.0,44840.0,11.419714,13.283339
2026-06-27 15:00:00+02:00,33.0955,15.542662,27.359999,0.0,0.0,44160.0,19.46735,4.9655166
2026-06-27 16:00:00+02:00,26.995499,24.798225,52.56,0.0,0.0,23880.0,26.79323,3.6192114
2026-06-27 17:00:00+02:00,28.595499,18.844202,55.079998,0.0,1.4,42420.0,11.961482,2.775808
2026-06-27 18:00:00+02:00,28.5455,8.225035,28.44,0.0,0.0,42320.0,10.066657,6.113084
2026-06-27 19:00:00+02:00,27.745499,13.979872,29.16,0.0,0.0,41180.0,21.026318,1.9627929
2026-06-27 20:00:00+02:00,28.2955,3.2599385,25.56,0.0,0.0,41340.0,0.64445174,5.339374
2026-06-27 21:00:00+02:00,26.3955,7.342588,14.04,0.0,0.1,40360.0,13.859459,2.775808
2026-06-27 22:00:00+02:00,24.3955,6.8777895,16.56,0.0,0.0,40340.0,15.1685915,10.678748
2026-06-27 23:00:00+02:00,24.245499,6.4096174,11.879999,0.0,0.0,40820.0,9.688234,10.98112
2026-06-28 00:00:00+02:00,22.8955,7.386582,11.879999,0.0,0.0,39700.0,4.488087,7.499821
2026-06-28 01:00:00+02:00,22.245499,5.3517847,10.799999,0.0,0.0,38500.0,0.64445174,4.7270317
2026-06-28 02:00:00+02:00,21.8955,21.794127,12.959999,0.0,0.0,36220.0,27.177988,13.948265
2026-06-28 03:00:00+02:00,20.6955,8.39657,31.319998,12.0,0.2,36220.0,12.312233,15.824542
2026-06-28 04:00:00+02:00,21.0455,4.510787,21.599998,0.0,0.0,37620.0,13.402427,13.370063
2026-06-28 05:00:00+02:00,18.7955,6.439876,14.04,0.0,0.0,25780.0,7.543114,9.813965
2026-06-28 06:00:00+02:00,18.6955,7.145796,14.04,0.0,0.0,28140.0,8.706063,4.5186887
2026-06-28 07:00:00+02:00,20.245499,3.319036,12.599999,0.0,0.0,32440.0,7.78694,3.7755077
2026-06-28 08:00:00+02:00,22.595499,2.2768397,6.4799995,0.0,0.0,26360.0,9.113924,3.1649084
2026-06-28 09:00:00+02:00,24.8955,5.1165614,10.799999,0.0,0.0,38060.0,3.5591009,5.551616
2026-06-28 10:00:00+02:00,26.245499,6.830519,10.799999,0.0,0.0,38140.0,2.278481,4.475857
2026-06-28 11:00:00+02:00,26.845499,10.990322,20.519999,0.0,0.0,40560.0,10.725815,8.092802
2026-06-28 12:00:00+02:00,28.4455,11.183201,21.96,0.0,0.0,42400.0,11.821781,5.855574
2026-06-28 13:00:00+02:00,29.4455,11.966953,26.28,0.0,0.0,41640.0,13.776805,6.2068963
2026-06-28 14:00:00+02:00,30.1955,14.84318,23.4,0.0,0.0,44220.0,15.851416,3.1034482
2026-06-28 15:00:00+02:00,29.745499,9.6932955,28.44,0.0,0.0,45580.0,9.580464,3.1649084
2026-06-28 16:00:00+02:00,25.845499,17.0763,44.639996,0.0,0.0,41000.0,15.73307,7.238423
2026-06-28 17:00:00+02:00,27.2955,11.720751,31.68,0.0,0.0,41720.0,10.520563,5.8883786
2026-06-28 18:00:00+02:00,28.345499,9.290511,27.72,0.0,0.0,42700.0,8.513107,14.609298
2026-06-28 19:00:00+02:00,27.7955,4.8965297,18.359999,0.0,0.0,41580.0,5.7641516,12.96038
2026-06-28 20:00:00+02:00,27.0455,2.3051248,8.28,0.0,0.0,41700.0,2.8820758,11.41124
2026-06-28 21:00:00+02:00,24.2955,6.6185193,12.24,0.0,0.0,39960.0,5.543783,6.8275857
2026-06-28 22:00:00+02:00,21.995499,6.3690495,13.679999,0.0,0.0,41080.0,6.7744107,1.2413791
2026-06-28 23:00:00+02:00,22.595499,6.9247384,14.04,0.0,0.0,41760.0,4.556962,9.474416
2026-06-29 00:00:00+02:00,22.245499,7.7879906,15.119999,0.0,0.0,41560.0,6.1307654,10.00832
2026-06-29 01:00:00+02:00,22.495499,7.42159,15.4800005,0.0,0.0,41080.0,8.402622,11.326523
2026-06-29 02:00:00+02:00,22.095499,5.4477882,12.599999,0.0,0.0,40920.0,9.666777,8.068965
2026-06-29 03:00:00+02:00,21.4455,6.696387,13.32,0.0,0.0,40440.0,6.895935,11.444951
2026-06-29 04:00:00+02:00,21.595499,9.983106,19.44,0.0,0.0,41060.0,11.618018,9.494725
2026-06-29 05:00:00+02:00,19.995499,11.753877,21.24,66.0,0.0,4280.0,12.792001,25.51631
2026-06-29 06:00:00+02:00,17.3955,4.0249224,24.119999,0.0,17.9,30400.0,13.270073,18.662022
2026-06-29 07:00:00+02:00,17.6955,2.16,14.759999,0.0,0.0,20080.0,7.1327734,7.2649856
2026-06-29 08:00:00+02:00,19.7955,4.829907,11.879999,4.0,0.0,27760.0,6.6350365,10.606349
2026-06-29 09:00:00+02:00,21.2955,3.7064266,9.36,0.0,0.0,31220.0,5.468354,8.442291
2026-06-29 10:00:00+02:00,22.245499,8.217153,13.32,0.0,0.0,36180.0,5.0333285,7.4740934
2026-06-29 11:00:00+02:00,22.6455,9.983106,15.119999,0.0,0.0,36020.0,4.2990294,9.474416
2026-06-29 12:00:00+02:00,24.1455,4.379589,15.84,0.0,0.0,38060.0,0.64445174,6.939521
2026-06-29 13:00:00+02:00,25.5455,7.8625183,11.159999,0.0,0.0,39900.0,3.89347,6.7137847
2026-06-29 14:00:00+02:00,26.9455,12.72283,18.72,0.0,0.0,41160.0,11.501252,7.238423
2026-06-29 15:00:00+02:00,27.7955,13.049689,24.84,0.0,0.0,40780.0,17.026215,8.886923
2026-06-29 16:00:00+02:00,27.495499,10.446206,25.56,0.0,0.0,41640.0,18.31876,1.9627929
2026-06-29 17:00:00+02:00,27.1455,14.561099,32.039997,42.0,0.0,41160.0,24.169088,3.6192114
2026-06-29 18:00:00+02:00,23.6955,20.275385,47.88,76.0,0.0,38900.0,26.746689,22.422277
2026-06-29 19:00:00+02:00,19.6955,9.504273,34.2,63.0,26.0,37460.0,3.2222586,18.599987
2026-06-29 20:00:00+02:00,20.745499,4.6800003,22.68,0.0,0.0,36940.0,7.515534,1.2413791
2026-06-29 21:00:00+02:00,20.1955,3.6,12.24,0.0,0.0,33200.0,10.118097,1.387904
2026-06-29 22:00:00+02:00,19.4455,3.0758414,7.92,0.0,0.0,35220.0,1.4410379,3.9255857
2026-06-29 23:00:00+02:00,18.6455,5.0528407,10.440001,0.0,0.0,29140.0,3.89347,5.5862064
2026-06-30 00:00:00+02:00,18.1455,4.8965297,10.08,0.0,0.0,31840.0,0.0,9.331011
2026-06-30 01:00:00+02:00,17.8955,2.2768397,6.12,0.0,0.0,33760.0,1.8227848,7.5510154
2026-06-30 02:00:00+02:00,16.2955,7.2,8.64,0.0,0.0,25060.0,0.0,3.7755077
2026-06-30 03:00:00+02:00,15.8955,5.95906,9.36,0.0,0.0,26460.0,2.3236039,2.2379284
2026-06-30 04:00:00+02:00,15.8955,5.1165614,9.36,0.0,0.0,28200.0,2.7718916,1.9627929
2026-06-30 05:00:00+02:00,15.1955,5.634891,8.28,0.0,0.0,28520.0,2.6571426,3.9743526
2026-06-30 06:00:00+02:00,15.245501,5.692099,7.92,0.0,0.0,29380.0,1.643036,4.1637125
2026-06-30 07:00:00+02:00,15.5955,2.0364676,5.7599998,0.0,0.0,27920.0,3.2222586,7.0769506
2026-06-30 08:00:00+02:00,18.2955,1.2979984,5.04,0.0,0.0,21440.0,2.3236039,5.855574
2026-06-30 09:00:00+02:00,20.4455,3.8939953,6.4799995,0.0,0.0,35060.0,0.9113924,7.499821
2026-06-30 10:00:00+02:00,22.095499,7.5170207,11.879999,0.0,0.0,38040.0,4.0758705,8.886923
2026-06-30 11:00:00+02:00,23.1455,9.339208,15.4800005,0.0,0.0,39580.0,5.094838,9.037377
2026-06-30 12:00:00+02:00,24.5455,9.983106,16.199999,0.0,0.0,39580.0,3.3175182,12.795844
2026-06-30 13:00:00+02:00,26.345499,10.931203,17.28,0.0,0.0,40880.0,5.709857,14.476846
2026-06-30 14:00:00+02:00,27.4455,14.84318,23.759998,0.0,0.0,41220.0,13.495072,15.329903
2026-06-30 15:00:00+02:00,27.3955,2.52,28.44,52.0,0.0,41360.0,4.201311,11.939204
2026-06-30 16:00:00+02:00,27.095499,9.826088,22.319998,0.0,0.0,42600.0,3.5591009,12.5680065
2026-06-30 17:00:00+02:00,25.245499,14.57889,36.719997,0.0,0.0,39500.0,13.309138,9.227214
2026-06-30 18:00:00+02:00,22.6455,15.807239,37.8,0.0,0.0,41060.0,20.991722,14.396789
2026-06-30 19:00:00+02:00,21.095499,10.97262,26.64,35.0,0.3,19000.0,4.0758705,15.628565
2026-06-30 20:00:00+02:00,20.845499,4.6938257,25.919998,78.0,0.4,36700.0,11.254866,15.216393
2026-06-30 21:00:00+02:00,20.1955,2.5455842,31.319998,54.0,0.0,38580.0,9.394418,21.230852
2026-06-30 22:00:00+02:00,19.2955,4.6102495,10.440001,34.0,0.0,38240.0,7.205189,16.245003
2026-06-30 23:00:00+02:00,19.0455,7.5942082,8.28,0.0,0.0,34980.0,8.062088,16.562065
2026-07-01 00:00:00+02:00,18.245499,3.9763298,9.0,0.0,0.0,36340.0,2.734177,8.1638975
2026-07-01 01:00:00+02:00,18.095499,4.6102495,9.72,0.0,1.1,7060.0,9.394418,15.329903
2026-07-01 02:00:00+02:00,17.4455,3.396233,11.159999,0.0,1.6,23540.0,11.254866,18.0
2026-07-01 03:00:00+02:00,17.1455,6.763786,11.5199995,0.0,0.2,27940.0,11.883102,24.143152
2026-07-01 04:00:00+02:00,17.595499,4.0249224,17.28,0.0,0.0,28920.0,5.7641516,18.662022
2026-07-01 05:00:00+02:00,16.9455,2.1897945,11.5199995,0.0,1.2,25100.0,4.757608,16.245003
2026-07-01 06:00:00+02:00,17.245499,4.1046314,12.959999,3.0,0.0,26740.0,9.858215,26.098505
2026-07-01 07:00:00+02:00,16.8955,1.1384199,15.84,84.0,4.8,2560.0,7.971428,19.490047
2026-07-01 08:00:00+02:00,17.9455,6.4799995,12.959999,44.0,5.0,27060.0,6.572144,24.554531
2026-07-01 09:00:00+02:00,18.995499,2.9024127,14.759999,59.0,0.2,27320.0,6.198138,21.185438
2026-07-01 10:00:00+02:00,19.995499,1.484318,9.36,44.0,0.0,31160.0,8.21518,19.241377
2026-07-01 11:00:00+02:00,15.245501,15.496736,50.76,10.0,0.6,1800.0,25.555578,26.804882
2026-07-01 12:00:00+02:00,16.0455,8.4963045,28.44,72.0,2.5,7380.0,9.113924,38.342346
2026-07-01 13:00:00+02:00,16.1455,6.6185193,18.359999,13.0,1.9,10860.0,9.858215,36.74671
2026-07-01 14:00:00+02:00,16.595499,9.504272,13.679999,0.0,1.2,29480.0,14.64622,31.806936
2026-07-01 15:00:00+02:00,19.095499,2.0991426,19.08,0.0,0.0,37880.0,0.9113924,37.78568
2026-07-01 16:00:00+02:00,19.6455,9.885262,23.4,0.0,0.0,37440.0,11.254866,35.817608
2026-07-01 17:00:00+02:00,19.345499,5.495161,23.759998,16.0,0.0,34900.0,9.994197,29.799566
2026-07-01 18:00:00+02:00,19.6955,6.9899354,16.919998,0.0,0.0,36680.0,9.383359,31.040686
2026-07-01 19:00:00+02:00,19.1455,7.928177,20.519999,0.0,0.0,37220.0,20.561947,32.919964
2026-07-01 20:00:00+02:00,18.2955,3.319036,16.199999,0.0,0.0,33380.0,13.246578,33.12413
2026-07-01 21:00:00+02:00,17.495499,2.9024127,5.04,0.0,0.0,31260.0,7.4739733,30.439116
2026-07-01 22:00:00+02:00,14.295501,5.1919937,11.159999,0.0,0.0,27080.0,8.976174,35.54769
2026-07-01 23:00:00+02:00,15.5955,4.8965297,11.879999,0.0,0.0,33680.0,8.598059,38.980095
2026-07-02 00:00:00+02:00,14.0955,3.9763298,8.64,0.0,0.0,28120.0,14.503743,34.62536
2026-07-02 01:00:00+02:00,14.795501,3.8773184,8.64,64.0,0.0,33080.0,17.123507,33.88306
2026-07-02 02:00:00+02:00,14.295501,3.0547013,10.440001,29.0,0.1,34620.0,17.748766,29.435349
2026-07-02 03:00:00+02:00,13.5955,4.39436,5.3999996,52.0,0.0,31700.0,15.044876,25.928188
2026-07-02 04:00:00+02:00,12.8955,4.73506,10.08,48.0,0.0,19300.0,11.961482,24.593725
2026-07-02 05:00:00+02:00,12.0955,4.73506,10.440001,50.0,0.0,2580.0,9.17071,21.357496
2026-07-02 06:00:00+02:00,11.545501,4.452954,9.72,9.0,0.0,15060.0,6.198138,26.186924
2026-07-02 07:00:00+02:00,12.795501,2.9024127,9.0,0.0,0.0,26580.0,7.840093,27.820469
2026-07-02 08:00:00+02:00,15.3955,1.835647,5.3999996,0.0,0.0,27020.0,9.994198,28.933727
2026-07-02 09:00:00+02:00,17.345499,2.0991426,6.8399997,0.0,0.0,34700.0,8.377872,28.102919
2026-07-02 10:00:00+02:00,18.245499,5.2416787,13.679999,0.0,0.0,37300.0,9.666777,27.04099
2026-07-02 11:00:00+02:00,19.4455,6.87779,17.64,0.0,0.0,39220.0,9.17071,26.926771
2026-07-02 12:00:00+02:00,20.595499,10.594036,19.8,0.0,0.0,40040.0,13.215189,22.56785
2026-07-02 13:00:00+02:00,21.745499,10.1376915,19.44,0.0,0.0,40580.0,11.760141,17.245792
2026-07-02 14:00:00+02:00,22.995499,11.183201,19.8,0.0,0.0,41420.0,10.955679,18.339252
2026-07-02 15:00:00+02:00,23.495499,12.964998,23.759998,0.0,0.0,41940.0,13.836966,15.11478
2026-07-02 16:00:00+02:00,23.6955,12.261158,24.84,0.0,0.0,42580.0,14.301892,11.444951
2026-07-02 17:00:00+02:00,24.095499,9.007196,22.319998,0.0,0.0,43620.0,10.391472,16.327795
2026-07-02 18:00:00+02:00,23.745499,9.3669195,16.919998,0.0,0.0,43560.0,6.347113,24.405024
2026-07-02 19:00:00+02:00,23.1455,8.311245,18.72,0.0,0.0,43040.0,10.240498,23.659594
2026-07-02 20:00:00+02:00,22.6955,6.696387,19.08,0.0,0.0,43400.0,12.537857,21.330421
2026-07-02 21:00:00+02:00,21.1455,3.4152596,14.04,6.0,0.0,42560.0,14.69576,18.662022
2026-07-02 22:00:00+02:00,16.0455,5.315336,14.04,0.0,0.0,39680.0,12.832521,19.251385
2026-07-02 23:00:00+02:00,15.3955,5.6233797,12.599999,0.0,0.0,37500.0,13.859459,16.245003
2026-07-03 00:00:00+02:00,15.045501,6.28713,12.959999,31.0,0.0,36140.0,10.974618,16.185604
2026-07-03 01:00:00+02:00,14.745501,5.8603754,12.599999,0.0,0.0,35320.0,5.941551,12.4293
2026-07-03 02:00:00+02:00,15.9455,6.151683,11.5199995,37.0,0.0,34580.0,4.1265044,5.8883786
2026-07-03 03:00:00+02:00,15.6955,5.4833565,12.599999,43.0,0.0,33720.0,2.734177,4.3889384
2026-07-03 04:00:00+02:00,15.6455,4.5536795,10.799999,27.0,0.0,33760.0,5.094838,8.886923
2026-07-03 05:00:00+02:00,15.5955,4.3349743,10.08,38.0,0.0,31320.0,2.0379353,3.1034482
2026-07-03 06:00:00+02:00,14.9455,3.8939953,8.64,6.0,0.0,28760.0,2.3236039,9.310345
2026-07-03 07:00:00+02:00,16.0455,3.319036,6.12,41.0,0.0,32480.0,4.201311,12.051613
2026-07-03 08:00:00+02:00,17.3955,2.5455842,5.7599998,12.0,0.0,32680.0,2.278481,13.0492525
2026-07-03 09:00:00+02:00,18.5455,4.68,8.28,0.0,0.0,36340.0,1.643036,14.275861
2026-07-03 10:00:00+02:00,19.3955,7.928178,13.32,0.0,0.0,36420.0,7.205189,13.093462
2026-07-03 11:00:00+02:00,21.0455,7.9932976,14.4,0.0,0.0,39960.0,5.993747,14.329733
2026-07-03 12:00:00+02:00,22.245499,11.659777,20.519999,0.0,0.0,40260.0,12.396276,9.813965
2026-07-03 13:00:00+02:00,23.4455,11.165805,20.880001,0.0,0.0,41040.0,11.4288025,5.855574
2026-07-03 14:00:00+02:00,24.495499,13.324863,29.16,0.0,0.0,41620.0,18.250618,3.6192114
2026-07-03 15:00:00+02:00,24.745499,14.154915,26.28,0.0,0.0,41660.0,15.955876,3.7241378
2026-07-03 16:00:00+02:00,24.9455,14.113653,29.519999,0.0,0.0,41940.0,20.962025,3.7241378
2026-07-03 17:00:00+02:00,24.6455,13.627795,30.599998,0.0,0.0,42260.0,18.6891,8.622896
2026-07-03 18:00:00+02:00,24.345499,12.074766,31.68,0.0,0.0,42380.0,17.777994,6.390391
2026-07-03 19:00:00+02:00,23.495499,11.212135,27.359999,0.0,0.0,42060.0,17.772152,3.1034482
2026-07-03 20:00:00+02:00,22.5455,8.647496,25.919998,19.0,0.0,41700.0,21.495148,5.7224755
2026-07-03 21:00:00+02:00,21.595499,3.396233,17.28,40.0,0.0,41920.0,12.379514,8.886923
2026-07-03 22:00:00+02:00,18.1455,5.3517847,10.08,34.0,0.0,39500.0,5.941551,13.196042
2026-07-03 23:00:00+02:00,17.4455,5.00128,10.08,48.0,0.0,38520.0,3.89347,13.948265
2026-07-04 00:00:00+02:00,16.2955,5.8048253,11.5199995,44.0,0.0,34220.0,2.577807,11.711148
2026-07-04 01:00:00+02:00,15.495501,5.0911684,10.440001,50.0,0.0,34800.0,3.6455696,13.0492525
2026-07-04 02:00:00+02:00,14.995501,4.39436,6.4799995,63.0,0.0,33960.0,0.4556962,13.556066
2026-07-04 03:00:00+02:00,14.8455,5.154415,9.36,54.0,0.0,33840.0,4.0758705,17.290411
2026-07-04 04:00:00+02:00,14.4455,4.198285,9.72,65.0,0.0,35300.0,3.286072,17.31268
2026-07-04 05:00:00+02:00,13.245501,5.315336,6.8399997,53.0,0.0,30440.0,3.0569031,19.480164
2026-07-04 06:00:00+02:00,13.1955,5.495161,7.2,42.0,0.0,32900.0,5.155614,22.490902
2026-07-04 07:00:00+02:00,14.245501,3.319036,7.5599995,3.0,0.0,29860.0,4.323114,18.433542
2026-07-04 08:00:00+02:00,16.095499,3.096837,6.8399997,0.0,0.0,32580.0,1.0189676,17.167427
2026-07-04 09:00:00+02:00,17.995499,1.1384199,6.8399997,0.0,0.0,38760.0,7.20519,20.74441
2026-07-04 10:00:00+02:00,19.6455,6.725354,11.879999,0.0,0.0,40000.0,3.9200466,21.653082
2026-07-04 11:00:00+02:00,21.0455,10.587917,17.64,0.0,0.0,41520.0,1.643036,21.438515
2026-07-04 12:00:00+02:00,22.345499,13.1041975,21.96,0.0,0.0,41560.0,4.201311,19.120867
2026-07-04 13:00:00+02:00,23.5455,12.682018,22.319998,0.0,0.0,42220.0,4.556962,16.245003
2026-07-04 14:00:00+02:00,24.6455,11.874544,20.880001,0.0,0.0,43940.0,1.4410379,17.654228
2026-07-04 15:00:00+02:00,25.345499,12.224107,20.519999,0.0,0.0,46440.0,6.3797464,17.31268
2026-07-04 16:00:00+02:00,25.7955,12.9249525,23.4,0.0,0.0,53540.0,8.253009,13.152178
2026-07-04 17:00:00+02:00,25.7955,12.144331,23.4,0.0,0.0,55940.0,8.598059,12.780782
2026-07-04 18:00:00+02:00,25.3955,10.308831,21.96,0.0,0.0,54200.0,7.3619976,15.824544
2026-07-04 19:00:00+02:00,24.6955,6.763786,19.08,0.0,0.0,53620.0,6.3797464,16.386677
2026-07-04 20:00:00+02:00,23.9455,4.6938257,14.04,0.0,0.0,49980.0,5.941551,16.386677
2026-07-04 21:00:00+02:00,21.1955,3.671294,9.36,0.0,0.0,48180.0,6.0797453,17.643314
2026-07-04 22:00:00+02:00,15.495501,7.491114,15.119999,0.0,0.0,41320.0,3.3175182,18.999592
2026-07-04 23:00:00+02:00,14.9455,6.297428,15.119999,0.0,0.0,41640.0,3.67394,24.278408
2026-07-05 00:00:00+02:00,14.545501,6.297428,13.679999,0.0,0.0,41260.0,5.487309,27.062351
2026-07-05 01:00:00+02:00,14.0955,6.4096174,12.599999,0.0,0.0,40960.0,9.022324,25.928188
2026-07-05 02:00:00+02:00,13.8455,6.989936,12.599999,0.0,0.0,40420.0,8.062088,23.716516
2026-07-05 03:00:00+02:00,13.3955,6.989936,13.679999,0.0,0.0,40260.0,6.198138,22.102129
2026-07-05 04:00:00+02:00,12.6955,6.3690495,13.32,0.0,0.0,39900.0,5.543783,20.66999
2026-07-05 05:00:00+02:00,12.4455,7.289445,10.799999,0.0,0.0,39400.0,6.835443,21.944693
2026-07-05 06:00:00+02:00,12.295501,7.42159,12.959999,0.0,0.0,39520.0,7.840093,24.578054
2026-07-05 07:00:00+02:00,13.4455,5.3517847,11.5199995,0.0,0.0,37380.0,7.840093,23.700268
2026-07-05 08:00:00+02:00,17.345499,4.198285,9.72,0.0,0.0,37260.0,8.062088,26.862312
2026-07-05 09:00:00+02:00,19.6955,1.8,6.8399997,0.0,0.0,40160.0,11.392405,28.980291
2026-07-05 10:00:00+02:00,21.1955,3.096837,8.64,0.0,0.0,41580.0,9.045312,27.225573
2026-07-05 11:00:00+02:00,23.095499,5.3517847,14.4,0.0,0.0,43080.0,4.488087,28.430025
2026-07-05 12:00:00+02:00,24.6955,6.193674,16.199999,0.0,0.0,43740.0,2.6571426,29.086447
2026-07-05 13:00:00+02:00,25.345499,9.83268,20.519999,0.0,0.0,43880.0,2.577807,28.558466
2026-07-05 14:00:00+02:00,25.9455,11.212135,25.56,0.0,0.0,44100.0,5.094838,27.225573
2026-07-05 15:00:00+02:00,26.745499,11.808878,29.16,0.0,0.0,47520.0,16.568802,39.975494
2026-07-05 16:00:00+02:00,27.4455,16.279802,37.8,0.0,0.0,48240.0,22.370922,25.591688
2026-07-05 17:00:00+02:00,26.8955,15.509274,34.92,0.0,0.0,48460.0,24.0485,22.284399
2026-07-05 18:00:00+02:00,26.2955,13.584932,34.2,0.0,0.0,48300.0,22.624752,25.59169
2026-07-05 19:00:00+02:00,25.5455,10.805998,30.239998,0.0,0.0,46240.0,14.133929,26.948225
2026-07-05 20:00:00+02:00,24.595499,10.195057,24.119999,0.0,0.0,45200.0,16.518595,24.827585
2026-07-05 21:00:00+02:00,21.1955,7.072878,21.24,0.0,0.0,42780.0,16.587591,29.857687
2026-07-05 22:00:00+02:00,17.3955,8.161764,16.56,0.0,0.0,40260.0,9.294415,35.989296
2026-07-05 23:00:00+02:00,16.995499,7.386582,16.199999,0.0,0.0,40680.0,3.286072,39.975494
2026-07-06 00:00:00+02:00,15.995501,7.2,15.119999,0.0,0.0,39820.0,1.4410379,42.953335
2026-07-06 01:00:00+02:00,15.3455,5.991594,13.679999,0.0,0.0,39020.0,0.4556962,42.755558
2026-07-06 02:00:00+02:00,15.3955,6.193674,11.879999,0.0,0.0,37860.0,1.643036,40.47829
2026-07-06 03:00:00+02:00,14.8955,5.6233797,12.24,0.0,0.0,36960.0,4.757608,37.999184
2026-07-06 04:00:00+02:00,14.545501,5.1165614,10.440001,0.0,0.0,37940.0,7.5842957,37.018295
2026-07-06 05:00:00+02:00,14.245501,5.315336,9.0,0.0,0.0,38160.0,7.78694,33.338604
2026-07-06 06:00:00+02:00,14.245501,5.692099,10.799999,0.0,0.0,38780.0,8.598059,25.561563
2026-07-06 07:00:00+02:00,15.9455,3.219938,10.08,0.0,0.0,38700.0,10.240498,17.903427
2026-07-06 08:00:00+02:00,17.845499,1.609969,4.68,0.0,0.0,34240.0,9.394418,17.577684
2026-07-06 09:00:00+02:00,20.345499,3.0547013,8.64,0.0,0.0,39920.0,10.035667,18.908127
2026-07-06 10:00:00+02:00,21.495499,8.854829,16.56,0.0,0.0,39780.0,6.835443,19.949162
2026-07-06 11:00:00+02:00,22.1455,11.384198,19.08,0.0,0.0,41240.0,3.67394,26.186924
2026-07-06 12:00:00+02:00,23.5455,11.923557,20.16,0.0,0.0,41400.0,4.511162,26.754532
2026-07-06 13:00:00+02:00,24.7955,11.298495,24.84,0.0,0.0,41140.0,6.47666,22.284399
2026-07-06 14:00:00+02:00,25.5455,12.682018,21.96,0.0,0.0,42820.0,11.087566,21.357496
2026-07-06 15:00:00+02:00,26.495499,13.237038,29.519999,0.0,0.0,47800.0,19.030432,21.357496
2026-07-06 16:00:00+02:00,26.9455,10.685391,29.519999,0.0,0.0,50420.0,17.1538,21.71527
2026-07-06 17:00:00+02:00,26.745499,10.195057,25.56,0.0,0.0,51000.0,13.881914,20.141356
2026-07-06 18:00:00+02:00,26.5455,8.14587,24.48,0.0,0.0,54660.0,12.84061,20.265303
2026-07-06 19:00:00+02:00,25.7955,4.1046314,18.359999,0.0,0.0,45160.0,9.65603,21.185438
2026-07-06 20:00:00+02:00,24.4455,3.9763298,8.64,0.0,0.0,46260.0,2.9178793,26.804882
2026-07-06 21:00:00+02:00,20.6955,5.991594,8.64,0.0,0.0,42980.0,6.3960004,26.855139
2026-07-06 22:00:00+02:00,16.345499,7.5685663,14.759999,0.0,0.0,40760.0,6.7744107,25.020798
2026-07-06 23:00:00+02:00,16.345499,7.24486,14.04,0.0,0.0,41140.0,1.0189676,25.265957
2026-07-07 00:00:00+02:00,15.795501,6.9247384,14.04,0.0,0.0,41020.0,6.47666,21.617472
2026-07-07 01:00:00+02:00,15.3955,6.489992,13.32,0.0,0.0,40880.0,10.677303,18.042753
2026-07-07 02:00:00+02:00,15.045501,7.289445,12.24,0.0,0.0,40340.0,8.062088,13.6692705
2026-07-07 03:00:00+02:00,14.6455,7.7043357,15.119999,0.0,0.0,40360.0,7.4739733,13.626929
2026-07-07 04:00:00+02:00,13.8955,6.638072,14.759999,0.0,0.0,40100.0,7.418196,15.566816
2026-07-07 05:00:00+02:00,13.745501,7.7879906,12.599999,0.0,0.0,39420.0,7.1182017,18.877537
2026-07-07 06:00:00+02:00,13.5955,7.5942082,15.119999,0.0,0.0,39560.0,8.706063,17.043554
2026-07-07 07:00:00+02:00,14.545501,5.904439,14.759999,0.0,0.0,36820.0,8.753638,16.884583
2026-07-07 08:00:00+02:00,17.6455,3.4152596,10.08,0.0,0.0,35720.0,7.1182017,18.764957
2026-07-07 09:00:00+02:00,21.1955,2.2768397,7.2,0.0,0.0,40080.0,7.1182017,19.871765
2026-07-07 10:00:00+02:00,22.8955,3.096837,8.64,0.0,0.0,42600.0,6.572144,20.632679
2026-07-07 11:00:00+02:00,24.1955,2.0364676,7.2,0.0,0.0,43660.0,5.506198,20.265303
2026-07-07 12:00:00+02:00,25.6955,2.968636,9.0,0.0,0.0,42080.0,2.3236039,19.311329
2026-07-07 13:00:00+02:00,27.095499,5.5887027,15.119999,0.0,0.0,47920.0,2.278481,15.800178
2026-07-07 14:00:00+02:00,27.845499,8.78872,18.359999,0.0,0.0,58840.0,5.7641516,12.320337
2026-07-07 15:00:00+02:00,28.2955,5.6002855,22.319998,0.0,0.0,48880.0,2.7718916,18.096056
2026-07-07 16:00:00+02:00,28.6455,8.707237,20.16,0.0,0.0,51840.0,8.513107,24.593725
2026-07-07 17:00:00+02:00,28.345499,6.5693827,16.919998,0.0,0.0,55040.0,7.78694,32.82621
2026-07-07 18:00:00+02:00,28.2955,4.0249224,16.56,0.0,0.0,55180.0,5.012658,32.984264
2026-07-07 19:00:00+02:00,26.995499,4.3349743,9.72,0.0,0.0,50380.0,4.556962,28.430025
2026-07-07 20:00:00+02:00,25.345499,4.8965297,8.28,0.0,0.0,48160.0,7.958392,25.20489
2026-07-07 21:00:00+02:00,22.245499,9.693296,19.44,0.0,0.0,43100.0,15.148044,30.56542
2026-07-07 22:00:00+02:00,20.845499,9.565437,22.68,0.0,0.0,43740.0,17.08101,36.03209
2026-07-07 23:00:00+02:00,19.595499,11.165805,20.16,0.0,0.0,42620.0,17.32245,33.64344
2026-07-08 00:00:00+02:00,19.1455,10.636766,22.68,0.0,0.0,42560.0,17.530981,31.5149
2026-07-08 01:00:00+02:00,18.5455,9.028754,21.24,0.0,0.0,42300.0,18.21075,33.407864
2026-07-08 02:00:00+02:00,18.595499,10.30883,18.359999,0.0,0.0,42840.0,18.142204,32.25795
2026-07-08 03:00:00+02:00,18.495499,10.144082,22.319998,0.0,0.0,43040.0,18.54969,36.9558
2026-07-08 04:00:00+02:00,17.6955,8.587338,20.16,0.0,0.0,42320.0,16.811422,40.464012
2026-07-08 05:00:00+02:00,17.8955,8.891343,16.919998,0.0,0.0,42260.0,14.133929,35.54769
2026-07-08 06:00:00+02:00,17.245499,8.78872,19.08,0.0,0.0,41700.0,13.464261,37.57608
2026-07-08 07:00:00+02:00,17.1955,5.692099,16.199999,0.0,0.0,40080.0,11.618018,34.80846
2026-07-08 08:00:00+02:00,20.745499,2.0991426,8.28,0.0,0.0,40680.0,7.866535,38.065025
2026-07-08 09:00:00+02:00,21.995499,3.8268526,9.72,0.0,0.0,40180.0,5.333787,35.029118
2026-07-08 10:00:00+02:00,24.6455,3.6,9.36,0.0,0.0,41880.0,6.1307654,32.90241
2026-07-08 11:00:00+02:00,25.6955,8.404285,19.8,0.0,0.0,43960.0,2.3236039,32.400948
2026-07-08 12:00:00+02:00,26.6955,13.584932,25.199999,0.0,0.0,47440.0,6.6350365,28.612377
2026-07-08 13:00:00+02:00,27.7955,10.990322,27.0,0.0,0.0,48420.0,8.513107,28.307802
2026-07-08 14:00:00+02:00,28.245499,12.031756,26.64,0.0,0.0,46820.0,12.0307255,20.360134
2026-07-08 15:00:00+02:00,28.5455,13.551501,31.68,0.0,0.0,48980.0,17.60191,21.375526
2026-07-08 16:00:00+02:00,28.9455,11.435313,30.960001,0.0,0.0,54280.0,16.587591,24.966848
2026-07-08 17:00:00+02:00,28.6455,12.475961,27.72,0.0,0.0,51160.0,17.1538,27.253859
2026-07-08 18:00:00+02:00,28.095499,10.009036,27.72,0.0,0.0,49820.0,19.600235,26.40668
2026-07-08 19:00:00+02:00,27.2955,11.043261,24.119999,0.0,0.0,47060.0,21.27667,19.716057
2026-07-08 20:00:00+02:00,25.6455,3.6,23.4,0.0,0.0,45260.0,8.95301,26.926771
2026-07-08 21:00:00+02:00,23.845499,2.5959969,5.3999996,0.0,0.0,44060.0,11.85686,25.538944
2026-07-08 22:00:00+02:00,19.8955,1.9386592,2.52,0.0,0.0,41740.0,10.936708,22.839355
2026-07-08 23:00:00+02:00,19.095499,6.3690495,14.759999,0.0,0.0,40500.0,9.17071,23.265514
2026-07-09 00:00:00+02:00,17.9455,6.12,12.599999,17.0,0.0,39400.0,3.8667102,20.85554
2026-07-09 01:00:00+02:00,16.745499,5.692099,10.440001,6.0,0.0,38600.0,2.6571426,17.522804
2026-07-09 02:00:00+02:00,17.3955,5.815978,10.440001,39.0,0.0,37840.0,1.0189676,16.292364
2026-07-09 03:00:00+02:00,17.0455,5.495161,11.159999,46.0,0.0,37160.0,3.3175182,18.877537
2026-07-09 04:00:00+02:00,16.7955,4.8965297,5.7599998,7.0,0.0,36160.0,3.2222586,19.900824
2026-07-09 05:00:00+02:00,15.8455,5.4833565,5.04,4.0,0.0,34400.0,1.0189676,25.478535
2026-07-09 06:00:00+02:00,15.3955,4.829907,7.92,4.0,0.0,33760.0,1.9333551,23.659594
2026-07-09 07:00:00+02:00,16.845499,2.7416782,5.04,0.0,0.0,35880.0,1.0189676,20.208189
2026-07-09 08:00:00+02:00,18.3955,1.2979984,3.96,0.0,0.0,23220.0,1.0189676,22.15436
2026-07-09 09:00:00+02:00,20.7955,1.8,5.7599998,0.0,0.0,39640.0,0.0,22.206465
2026-07-09 10:00:00+02:00,22.495499,5.4477882,12.24,0.0,0.0,40000.0,5.709857,22.593443
2026-07-09 11:00:00+02:00,23.8955,9.531505,13.679999,0.0,0.0,41120.0,6.728273,22.839355
2026-07-09 12:00:00+02:00,25.0455,12.324414,21.24,0.0,0.0,40640.0,12.396276,19.871765
2026-07-09 13:00:00+02:00,26.3955,11.159999,20.519999,0.0,0.0,41480.0,10.331347,19.803793
2026-07-09 14:00:00+02:00,27.1955,13.698934,21.599998,0.0,0.0,41860.0,13.144288,21.724138
2026-07-09 15:00:00+02:00,28.095499,13.339445,24.48,0.0,0.0,42420.0,18.766718,17.390388
2026-07-09 16:00:00+02:00,28.745499,12.849528,25.56,0.0,0.0,43140.0,18.465538,12.915714
2026-07-09 17:00:00+02:00,28.7955,13.708391,28.8,0.0,0.0,42960.0,16.182028,10.678748
2026-07-09 18:00:00+02:00,28.7955,14.205182,31.68,0.0,0.0,43380.0,23.875175,11.444951
2026-07-09 19:00:00+02:00,27.595499,11.609651,31.319998,0.0,0.0,43580.0,15.851416,10.00832
2026-07-09 20:00:00+02:00,26.6455,7.2359104,24.48,0.0,0.0,43920.0,12.269995,8.6452055
2026-07-09 21:00:00+02:00,24.245499,3.219938,14.04,0.0,0.0,42460.0,11.392405,8.442291
2026-07-09 22:00:00+02:00,19.6455,5.3999996,11.5199995,0.0,0.0,40260.0,8.753638,6.598021
2026-07-09 23:00:00+02:00,19.4455,4.8433046,11.159999,0.0,0.0,40480.0,5.941551,4.8477407
2026-07-10 00:00:00+02:00,17.8955,5.4833565,8.28,0.0,0.0,38560.0,2.9178793,2.4827583
2026-07-10 01:00:00+02:00,17.5455,5.904439,7.92,0.0,0.0,38540.0,3.2222586,2.775808
2026-07-10 02:00:00+02:00,17.1455,6.6087217,8.28,0.0,0.0,37540.0,3.89347,7.677507
2026-07-10 03:00:00+02:00,17.095499,6.638072,11.5199995,0.0,0.0,38440.0,6.1307654,9.331011
2026-07-10 04:00:00+02:00,16.845499,6.3690495,13.32,0.0,0.0,38820.0,5.155614,10.569963
2026-07-10 05:00:00+02:00,15.9455,5.6233797,11.5199995,0.0,0.0,38640.0,3.8667102,12.5526705
2026-07-10 06:00:00+02:00,16.1955,6.1094027,12.599999,0.0,0.0,38920.0,3.286072,12.5526705
2026-07-10 07:00:00+02:00,17.495499,5.0142193,11.5199995,0.0,0.0,36940.0,5.8000655,13.0492525
2026-07-10 08:00:00+02:00,18.8955,2.3051248,9.0,0.0,0.0,24480.0,6.7744107,11.809426
2026-07-10 09:00:00+02:00,21.8955,3.8939953,10.08,0.0,0.0,40020.0,4.556962,11.172413
2026-07-10 10:00:00+02:00,23.495499,6.830519,13.679999,0.0,0.0,39960.0,1.0189676,10.5517235
2026-07-10 11:00:00+02:00,24.595499,11.113451,15.119999,0.0,0.0,41400.0,3.67394,12.194616
2026-07-10 12:00:00+02:00,26.3955,12.245293,19.8,0.0,0.0,42740.0,6.198138,11.661699
2026-07-10 13:00:00+02:00,27.9455,12.768586,21.599998,0.0,0.0,43600.0,10.667574,14.4368725
2026-07-10 14:00:00+02:00,28.745499,14.33234,23.759998,0.0,0.0,43960.0,16.335293,14.543223
2026-07-10 15:00:00+02:00,29.495499,14.039999,25.56,0.0,0.0,42760.0,15.500371,7.4740934
2026-07-10 16:00:00+02:00,29.8955,12.181625,24.84,0.0,0.0,42960.0,10.628571,8.092802
2026-07-10 17:00:00+02:00,29.095499,5.6002855,20.880001,0.0,0.0,44020.0,3.5591009,12.413793
2026-07-10 18:00:00+02:00,26.6455,14.84318,33.12,0.0,0.0,43380.0,13.655687,15.102031
2026-07-10 19:00:00+02:00,26.7955,5.1165614,28.44,0.0,0.0,43000.0,6.835443,17.522804
2026-07-10 20:00:00+02:00,26.1955,1.5273507,12.599999,0.0,0.0,42220.0,3.5591009,21.103449
2026-07-10 21:00:00+02:00,24.6955,2.4149535,3.96,0.0,0.0,42040.0,1.0189676,21.679756
2026-07-10 22:00:00+02:00,20.495499,6.638072,14.04,0.0,0.0,39120.0,3.8667102,23.95894
2026-07-10 23:00:00+02:00,20.595499,6.696387,14.04,0.0,0.0,40340.0,7.5842957,22.379284
2026-07-11 00:00:00+02:00,20.095499,5.8048253,14.4,0.0,0.0,39220.0,4.488087,18.516953
2026-07-11 01:00:00+02:00,19.6955,5.3517847,12.599999,0.0,0.0,39200.0,10.974618,11.189642
2026-07-11 02:00:00+02:00,19.845499,5.3999996,10.440001,0.0,0.0,39740.0,7.418196,18.785477
2026-07-11 03:00:00+02:00,19.7955,6.193674,12.599999,0.0,0.0,40040.0,6.728273,16.433628
2026-07-11 04:00:00+02:00,18.5455,5.904439,12.599999,0.0,0.0,37820.0,5.6366506,15.329903
2026-07-11 05:00:00+02:00,17.7955,6.297428,11.5199995,0.0,0.0,39200.0,1.643036,19.331268
2026-07-11 06:00:00+02:00,17.345499,5.0911684,10.08,0.0,0.0,38600.0,4.6472077,18.91831
2026-07-11 07:00:00+02:00,18.6955,4.3498964,7.2,0.0,0.0,38180.0,0.64445174,18.096056
2026-07-11 08:00:00+02:00,20.1955,1.1384199,5.04,4.0,0.0,31480.0,1.8227848,11.595439
2026-07-11 09:00:00+02:00,23.0455,4.379589,10.799999,0.0,0.0,38780.0,6.572144,8.777877
2026-07-11 10:00:00+02:00,24.745499,5.3999996,10.799999,6.0,0.0,41220.0,5.8357587,7.677507
2026-07-11 11:00:00+02:00,26.1455,7.69592,9.36,0.0,0.0,42200.0,5.3142853,4.475857
2026-07-11 12:00:00+02:00,27.6455,9.531505,14.759999,0.0,0.0,42000.0,6.1138062,1.7555753
2026-07-11 13:00:00+02:00,28.595499,13.450708,23.4,0.0,0.0,43640.0,12.897088,3.7241378
2026-07-11 14:00:00+02:00,29.2955,13.397612,23.759998,0.0,0.0,43760.0,12.44643,0.6206896
2026-07-11 15:00:00+02:00,29.8955,15.124284,28.44,0.0,0.0,45500.0,19.344288,6.598021
2026-07-11 16:00:00+02:00,30.1955,12.620554,30.239998,0.0,0.0,47240.0,18.58883,6.8557405
2026-07-11 17:00:00+02:00,30.2955,13.324863,27.72,0.0,0.0,48460.0,24.662384,13.166815
2026-07-11 18:00:00+02:00,29.845499,11.183201,33.12,0.0,0.0,47520.0,22.988956,14.289349
2026-07-11 19:00:00+02:00,28.6955,6.12,22.319998,0.0,0.0,44960.0,11.848101,15.11478
2026-07-11 20:00:00+02:00,25.845499,10.144082,18.0,0.0,0.0,43500.0,8.062088,20.567223
2026-07-11 21:00:00+02:00,23.4455,6.87779,23.4,0.0,0.0,41580.0,2.0379353,22.559313
2026-07-11 22:00:00+02:00,20.595499,6.151683,16.199999,0.0,0.0,39900.0,2.577807,17.665136
2026-07-11 23:00:00+02:00,19.1455,5.6920996,12.959999,0.0,0.0,39140.0,1.8227848,13.283339
2026-07-12 00:00:00+02:00,17.745499,5.8603754,14.04,0.0,0.0,37460.0,4.0758705,8.951714
2026-07-12 01:00:00+02:00,17.245499,5.8048253,12.959999,0.0,0.0,37820.0,2.7718916,8.622896
2026-07-12 02:00:00+02:00,16.345499,6.379216,11.159999,0.0,0.0,36600.0,2.278481,8.6452055
2026-07-12 03:00:00+02:00,16.0455,5.2416787,14.4,0.0,0.0,37300.0,3.89347,15.025306
2026-07-12 04:00:00+02:00,16.3955,6.193674,12.24,0.0,0.0,38960.0,1.0189676,17.752157
2026-07-12 05:00:00+02:00,15.295501,6.830519,13.679999,0.0,0.0,38200.0,4.2990294,14.948187
2026-07-12 06:00:00+02:00,14.8955,6.489992,15.119999,0.0,0.0,37800.0,3.2222586,11.711148
2026-07-12 07:00:00+02:00,16.6455,4.5536795,12.599999,0.0,0.0,37160.0,4.101266,11.661699
2026-07-12 08:00:00+02:00,18.0455,3.219938,6.8399997,0.0,0.0,30580.0,4.6472077,11.987508
2026-07-12 09:00:00+02:00,22.6455,2.1897945,7.2,0.0,0.0,41540.0,4.556962,10.857635
2026-07-12 10:00:00+02:00,23.745499,1.8,6.4799995,0.0,0.0,41800.0,7.418196,11.103232
2026-07-12 11:00:00+02:00,24.8955,8.311245,14.4,0.0,0.0,42820.0,11.926711,13.626929
2026-07-12 12:00:00+02:00,26.245499,10.495713,18.359999,0.0,0.0,42920.0,13.859459,9.695481
2026-07-12 13:00:00+02:00,27.3955,11.879999,21.24,0.0,0.0,42060.0,16.755745,9.164372
2026-07-12 14:00:00+02:00,28.5455,13.441071,22.68,0.0,0.0,42900.0,17.32245,5.1183376
2026-07-12 15:00:00+02:00,29.995499,11.901798,24.84,0.0,0.0,47260.0,15.4936695,8.092802
2026-07-12 16:00:00+02:00,30.1455,15.815435,32.760002,0.0,0.0,47440.0,18.70576,12.915714
2026-07-12 17:00:00+02:00,30.0455,13.849476,32.760002,0.0,0.0,49120.0,16.63135,15.517241
2026-07-12 18:00:00+02:00,29.5455,12.849528,27.72,0.0,0.0,50180.0,16.959,13.6692705
2026-07-12 19:00:00+02:00,28.595499,9.531505,27.0,0.0,0.0,49780.0,11.4288025,13.6692705
2026-07-12 20:00:00+02:00,27.345499,6.2145634,19.8,0.0,0.0,46920.0,16.335295,17.522804
2026-07-12 21:00:00+02:00,23.995499,2.8116899,11.879999,0.0,0.0,43780.0,11.031237,18.339252
2026-07-12 22:00:00+02:00,19.345499,7.8954163,11.159999,0.0,0.0,40980.0,3.286072,17.903427
2026-07-12 23:00:00+02:00,18.745499,6.489992,12.959999,0.0,0.0,40720.0,1.4410379,18.91831
2026-07-13 00:00:00+02:00,18.2955,7.42159,15.84,0.0,0.0,40740.0,8.765491,21.085184
2026-07-13 01:00:00+02:00,17.8955,6.489992,14.759999,0.0,0.0,40520.0,8.402622,23.298607
2026-07-13 02:00:00+02:00,16.9455,7.145796,12.959999,0.0,0.0,39460.0,9.994198,23.950901
2026-07-13 03:00:00+02:00,17.0455,6.989936,15.119999,0.0,0.0,39700.0,10.311228,26.164846
2026-07-13 04:00:00+02:00,16.745499,6.489992,13.32,0.0,0.0,39340.0,9.394418,23.323399
2026-07-13 05:00:00+02:00,16.5455,7.6367526,13.32,0.0,0.0,39880.0,11.319258,20.818563
2026-07-13 06:00:00+02:00,16.4955,6.9153743,15.4800005,0.0,0.0,40200.0,9.688234,18.328745
2026-07-13 07:00:00+02:00,17.1955,5.991594,14.759999,0.0,0.0,38500.0,9.752324,19.725824
2026-07-13 08:00:00+02:00,19.6955,2.2768397,10.799999,0.0,0.0,34380.0,9.752324,24.710932
2026-07-13 09:00:00+02:00,22.0455,4.2136917,10.08,0.0,0.0,39820.0,8.706063,29.494188
2026-07-13 10:00:00+02:00,24.1455,3.219938,10.08,0.0,0.0,39940.0,7.78694,35.111507
2026-07-13 11:00:00+02:00,25.9455,9.0,14.4,0.0,0.0,41980.0,8.976174,36.430836
2026-07-13 12:00:00+02:00,26.845499,10.00256,25.56,0.0,0.0,43200.0,5.8357587,36.767677
2026-07-13 13:00:00+02:00,28.7955,9.885262,25.56,0.0,0.0,45120.0,1.643036,41.11571
2026-07-13 14:00:00+02:00,28.5455,11.384198,27.359999,0.0,0.0,43540.0,2.7718916,33.45972
2026-07-13 15:00:00+02:00,29.5455,8.891344,26.64,0.0,0.0,43980.0,2.0379353,41.21398
2026-07-13 16:00:00+02:00,29.9455,8.534353,22.319998,0.0,0.0,44280.0,3.9200466,43.33285
2026-07-13 17:00:00+02:00,28.995499,3.219938,20.16,0.0,0.0,43960.0,9.113924,44.594723
2026-07-13 18:00:00+02:00,28.745499,12.313894,28.8,0.0,0.0,42580.0,8.706063,38.989983
2026-07-13 19:00:00+02:00,27.595499,7.9526596,21.96,0.0,0.0,42160.0,9.394418,42.033108
2026-07-13 20:00:00+02:00,25.995499,4.072935,14.759999,0.0,0.0,40720.0,5.7641516,39.142838
2026-07-13 21:00:00+02:00,24.5455,3.219938,9.36,0.0,0.0,41020.0,2.3236039,35.341175
2026-07-13 22:00:00+02:00,22.495499,8.557102,15.119999,0.0,0.0,41300.0,5.487309,38.562763
2026-07-13 23:00:00+02:00,21.595499,7.8954163,16.56,14.0,0.0,40420.0,8.987734,37.044304
2026-07-14 00:00:00+02:00,21.7955,8.0899935,16.919998,0.0,0.0,39160.0,12.261531,33.769165
2026-07-14 01:00:00+02:00,20.995499,6.1305785,16.56,0.0,0.0,35400.0,13.309138,33.568924
2026-07-14 02:00:00+02:00,20.1455,6.193674,12.24,0.0,0.0,37000.0,9.350104,27.653793
2026-07-14 03:00:00+02:00,19.595499,7.928177,16.199999,0.0,0.0,38360.0,4.101266,25.69685
2026-07-14 04:00:00+02:00,18.6955,6.1305785,15.4800005,0.0,0.0,38120.0,2.0379353,24.103226
2026-07-14 05:00:00+02:00,18.245499,6.9527545,12.24,0.0,0.0,37780.0,1.3670886,21.212698
2026-07-14 06:00:00+02:00,18.3955,6.792466,14.04,0.0,0.0,38080.0,6.940957,19.251387
2026-07-14 07:00:00+02:00,18.995499,4.8433046,12.24,0.0,0.0,34940.0,5.3142853,16.492132
2026-07-14 08:00:00+02:00,21.845499,2.4149535,8.28,0.0,0.0,35020.0,8.21518,20.47335
2026-07-14 09:00:00+02:00,24.595499,3.319036,8.28,0.0,0.0,40320.0,7.7334204,22.353445
2026-07-14 10:00:00+02:00,25.9455,6.830519,15.84,0.0,0.0,40960.0,5.8000655,17.390388
2026-07-14 11:00:00+02:00,26.595499,10.00256,19.08,0.0,0.0,41280.0,5.506198,18.010698
2026-07-14 12:00:00+02:00,28.245499,10.685391,18.359999,0.0,0.0,42020.0,3.4704785,15.824542
2026-07-14 13:00:00+02:00,29.2955,11.770403,19.44,0.0,0.0,42720.0,7.205189,14.922391
2026-07-14 14:00:00+02:00,30.1455,13.281023,20.880001,0.0,0.0,42680.0,10.391472,14.289349
2026-07-14 15:00:00+02:00,31.1955,10.464797,25.919998,0.0,0.0,43900.0,12.897088,21.402544
2026-07-14 16:00:00+02:00,31.245499,8.0899935,24.84,0.0,0.0,45500.0,11.830561,21.002802
2026-07-14 17:00:00+02:00,30.745499,8.654986,18.359999,0.0,0.0,45080.0,3.9200466,27.563091
2026-07-14 18:00:00+02:00,29.7955,10.182337,19.44,0.0,0.0,43680.0,9.580464,32.867256
2026-07-14 19:00:00+02:00,28.5455,2.3051248,22.319998,0.0,0.0,41760.0,9.15938,37.324043
2026-07-14 20:00:00+02:00,26.495499,12.496719,15.119999,0.0,1.3,41100.0,12.065196,32.22808
2026-07-14 21:00:00+02:00,24.1955,9.885262,23.039999,68.0,0.0,39220.0,11.92671,39.45165
2026-07-14 22:00:00+02:00,22.1955,7.10031,21.24,0.0,0.0,37300.0,9.612922,36.00535
2026-07-14 23:00:00+02:00,21.0455,6.763786,12.959999,0.0,0.0,31960.0,9.815996,31.034481
2026-07-15 00:00:00+02:00,20.995499,7.42159,14.759999,0.0,0.0,37440.0,13.057107,35.6451
2026-07-15 01:00:00+02:00,20.6455,6.3690495,14.759999,0.0,0.0,39400.0,12.636843,36.704754
2026-07-15 02:00:00+02:00,21.1455,8.373386,14.04,0.0,0.0,40280.0,13.836966,35.6451
2026-07-15 03:00:00+02:00,20.7955,8.287822,16.199999,0.0,0.0,41060.0,12.2276125,35.817608
2026-07-15 04:00:00+02:00,20.495499,8.0899935,16.56,0.0,0.0,41360.0,16.568802,40.668198
2026-07-15 05:00:00+02:00,21.1955,8.78872,16.199999,0.0,0.0,41420.0,14.410378,39.743526
2026-07-15 06:00:00+02:00,20.345499,8.404285,16.199999,0.0,0.0,41020.0,10.628571,39.806484
2026-07-15 07:00:00+02:00,20.0455,5.692099,18.0,0.0,0.0,37980.0,7.971428,34.49717
2026-07-15 08:00:00+02:00,20.995499,9.83268,10.440001,0.0,0.0,37240.0,16.86076,45.6534
2026-07-15 09:00:00+02:00,23.345499,5.3999996,17.64,0.0,0.0,33280.0,15.713261,39.34408
2026-07-15 10:00:00+02:00,25.0455,1.9386592,10.08,0.0,0.0,36640.0,10.391472,31.873484
2026-07-15 11:00:00+02:00,25.1455,6.28713,7.2,0.0,0.0,38420.0,7.7468357,37.251724
2026-07-15 12:00:00+02:00,25.745499,10.464797,22.319998,0.0,0.0,39400.0,3.2222586,44.594723
2026-07-15 13:00:00+02:00,25.495499,9.826088,23.759998,0.0,0.0,40100.0,10.831775,36.70475
2026-07-15 14:00:00+02:00,22.4455,10.44,32.760002,85.0,0.0,36740.0,25.65695,20.49216
2026-07-15 15:00:00+02:00,21.1455,11.609651,35.64,38.0,1.5,3700.0,16.111294,42.461704
2026-07-15 16:00:00+02:00,22.1455,8.287822,30.599998,0.0,3.1,34100.0,23.524694,62.378536
2026-07-15 17:00:00+02:00,23.9455,11.367109,16.919998,0.0,0.0,40500.0,26.746687,47.99019
2026-07-15 18:00:00+02:00,24.2955,6.638072,21.599998,0.0,0.0,39720.0,19.376469,48.481384
2026-07-15 19:00:00+02:00,23.3955,5.3517847,11.159999,0.0,0.0,33300.0,12.767628,37.251724
2026-07-15 20:00:00+02:00,22.0455,5.1165614,11.5199995,0.0,0.0,36200.0,11.208644,47.857548
2026-07-15 21:00:00+02:00,20.095499,5.1165614,14.04,0.0,0.0,32280.0,9.815996,35.6451
2026-07-15 22:00:00+02:00,20.1955,5.0911684,11.159999,0.0,0.0,38720.0,7.800262,31.776642
2026-07-15 23:00:00+02:00,17.5455,6.618519,9.36,0.0,0.0,32500.0,3.9200466,37.943382
2026-07-16 00:00:00+02:00,16.995499,2.1897945,9.0,20.0,0.0,31380.0,5.094838,47.433033
2026-07-16 01:00:00+02:00,16.3955,6.489992,12.959999,0.0,0.0,28800.0,8.062088,47.049744
2026-07-16 02:00:00+02:00,15.6955,7.10031,15.4800005,0.0,0.0,27100.0,16.568802,47.319187
2026-07-16 03:00:00+02:00,16.1955,5.8048253,13.32,6.0,0.0,37040.0,5.333787,50.371555
2026-07-16 04:00:00+02:00,15.3955,10.315115,17.64,0.0,0.0,33100.0,11.031237,52.152706
2026-07-16 05:00:00+02:00,15.1955,9.422101,17.64,0.0,0.0,23780.0,16.162766,51.532196
2026-07-16 06:00:00+02:00,15.4455,7.9932966,18.0,0.0,0.0,26860.0,11.848101,50.9306
2026-07-16 07:00:00+02:00,15.8955,7.5942082,15.84,0.0,0.0,20580.0,12.694226,47.188744
2026-07-16 08:00:00+02:00,19.245499,6.9153743,14.759999,0.0,0.0,30240.0,10.667574,41.007812
2026-07-16 09:00:00+02:00,22.6955,3.2399998,12.959999,0.0,0.0,28900.0,13.859459,37.044304
2026-07-16 10:00:00+02:00,23.245499,3.8939953,12.24,0.0,0.0,39780.0,13.859459,35.919647
2026-07-16 11:00:00+02:00,23.9455,7.928177,15.119999,0.0,0.0,40100.0,12.95332,42.755558
2026-07-16 12:00:00+02:00,25.2955,10.296251,22.68,0.0,0.0,40240.0,11.528303,53.469448
2026-07-16 13:00:00+02:00,26.6955,12.4811535,27.72,0.0,0.0,41140.0,8.706063,45.619633
2026-07-16 14:00:00+02:00,28.095499,14.186923,30.960001,0.0,0.0,41960.0,6.524576,49.98382
2026-07-16 15:00:00+02:00,28.6955,12.496718,31.68,0.0,0.0,42240.0,10.520563,53.122475
2026-07-16 16:00:00+02:00,28.245499,11.885453,27.72,0.0,0.0,41880.0,10.004581,44.76717
2026-07-16 17:00:00+02:00,28.2955,6.4096174,24.119999,0.0,0.0,42180.0,16.111294,46.13607
2026-07-16 18:00:00+02:00,26.495499,2.968636,28.8,0.0,0.2,11820.0,21.996489,31.703814
2026-07-16 19:00:00+02:00,24.495499,10.495713,30.239998,0.0,0.6,40160.0,24.792553,35.645096
2026-07-16 20:00:00+02:00,24.095499,6.519877,21.599998,0.0,0.0,39640.0,7.34788,36.15484
2026-07-16 21:00:00+02:00,20.845499,35.68542,68.76,0.0,8.6,2680.0,45.43499,60.130062
2026-07-16 22:00:00+02:00,20.495499,10.296251,65.159996,0.0,6.3,41860.0,27.979895,62.477276
2026-07-16 23:00:00+02:00,19.095499,16.24394,27.359999,0.0,0.0,39060.0,24.224873,39.280384
2026-07-17 00:00:00+02:00,18.2955,13.138765,30.960001,0.0,0.0,21760.0,20.506329,35.817608
2026-07-17 01:00:00+02:00,18.3955,8.287822,23.039999,42.0,6.9,22220.0,27.105307,52.373848
2026-07-17 02:00:00+02:00,16.6955,14.480773,28.8,76.0,3.3,8480.0,28.186937,67.15219
2026-07-17 03:00:00+02:00,17.9455,15.4800005,39.239998,0.0,3.2,39860.0,37.57767,63.746967
2026-07-17 04:00:00+02:00,17.1955,14.440443,29.519999,0.0,0.3,38580.0,64.66552,42.615665
2026-07-17 05:00:00+02:00,18.1955,22.870626,72.0,0.0,1.1,40820.0,49.469803,35.989296
2026-07-17 06:00:00+02:00,16.8955,15.459054,43.92,0.0,1.6,38640.0,39.248116,54.845924
2026-07-17 07:00:00+02:00,17.095499,7.42159,26.28,0.0,0.0,38800.0,30.721498,50.46325
2026-07-17 08:00:00+02:00,17.995499,6.28713,20.519999,0.0,0.0,37200.0,12.269996,63.698605
2026-07-17 09:00:00+02:00,19.345499,6.12,12.959999,0.0,0.0,35080.0,25.535255,51.67777
2026-07-17 10:00:00+02:00,19.995499,15.530151,30.239998,0.0,0.0,36940.0,9.17071,48.62421
2026-07-17 11:00:00+02:00,19.995499,9.931042,29.16,0.0,0.0,37660.0,3.0569031,48.683594
2026-07-17 12:00:00+02:00,22.095499,6.6087217,19.08,7.0,0.0,39820.0,1.643036,42.755558
2026-07-17 13:00:00+02:00,23.345499,9.178235,19.44,0.0,0.0,40860.0,1.0189676,42.579487
2026-07-17 14:00:00+02:00,24.595499,8.669949,21.599998,0.0,0.0,41200.0,4.907998,49.503643
2026-07-17 15:00:00+02:00,25.095499,12.88981,28.08,0.0,0.0,41240.0,6.198138,51.20219
2026-07-17 16:00:00+02:00,25.6455,9.957108,28.44,0.0,0.0,41440.0,8.11344,46.996494
2026-07-17 17:00:00+02:00,25.995499,10.30883,21.24,0.0,0.0,41720.0,8.402622,44.082077
2026-07-17 18:00:00+02:00,26.095499,6.792466,22.319998,0.0,0.0,41820.0,6.970812,44.082077
2026-07-17 19:00:00+02:00,25.7955,8.669949,17.28,0.0,0.0,41960.0,9.858215,32.186214
2026-07-17 20:00:00+02:00,24.495499,5.0528407,16.199999,0.0,0.0,41620.0,10.240498,35.989296
2026-07-17 21:00:00+02:00,21.1955,7.6367526,15.84,0.0,0.0,40680.0,9.350104,28.699764
2026-07-17 22:00:00+02:00,19.6955,7.172949,21.24,11.0,0.0,35960.0,9.666777,36.372623
2026-07-17 23:00:00+02:00,18.8955,3.8939953,20.519999,60.0,0.0,36380.0,7.7602262,31.022066
2026-07-18 00:00:00+02:00,17.845499,4.6938252,9.0,48.0,0.2,33100.0,7.1182017,46.61788
2026-07-18 01:00:00+02:00,16.5455,8.14587,15.84,0.0,0.0,24880.0,12.897088,45.041714
2026-07-18 02:00:00+02:00,17.6955,9.686609,15.119999,43.0,0.0,30500.0,10.189676,50.919254
2026-07-18 03:00:00+02:00,17.6455,8.209263,19.44,51.0,0.0,31700.0,11.254866,42.9892
2026-07-18 04:00:00+02:00,17.245499,7.127636,15.84,47.0,0.0,29200.0,13.246578,39.743526
2026-07-18 05:00:00+02:00,17.995499,7.42159,14.759999,46.0,0.0,33640.0,11.883102,37.867157
2026-07-18 06:00:00+02:00,17.495499,4.2136917,15.119999,73.0,0.0,27600.0,6.835443,31.189268
2026-07-18 07:00:00+02:00,17.5455,3.7585104,8.64,30.0,0.1,27860.0,6.330734,30.816475
2026-07-18 08:00:00+02:00,19.0455,3.9763298,6.4799995,19.0,0.0,31500.0,8.84802,32.566986
2026-07-18 09:00:00+02:00,20.1955,4.39436,10.799999,13.0,0.0,29920.0,9.394418,28.753408
2026-07-18 10:00:00+02:00,21.2955,6.489992,14.4,0.0,0.0,34480.0,9.113924,28.150856
2026-07-18 11:00:00+02:00,19.8955,2.1897945,22.319998,3.0,0.0,26800.0,7.971428,25.71933
2026-07-18 12:00:00+02:00,21.995499,3.096837,14.759999,0.0,0.0,38720.0,8.598059,33.199642
2026-07-18 13:00:00+02:00,22.4455,10.464797,23.759998,0.0,0.0,36240.0,1.8788835,29.980017
2026-07-18 14:00:00+02:00,20.8955,5.634891,33.48,0.0,0.1,35100.0,9.350104,30.31864
2026-07-18 15:00:00+02:00,23.1455,6.297428,15.4800005,21.0,0.0,38660.0,5.8000655,42.751053
2026-07-18 16:00:00+02:00,22.745499,7.653705,21.96,46.0,0.0,39680.0,9.837129,40.110195
2026-07-18 17:00:00+02:00,22.3955,11.165805,22.68,54.0,2.8,31760.0,9.394418,35.029118
2026-07-18 18:00:00+02:00,22.095499,5.315336,29.16,0.0,0.5,39240.0,6.47666,40.630287
2026-07-18 19:00:00+02:00,22.495499,4.0249224,11.159999,0.0,0.0,38500.0,4.844117,36.15484
2026-07-18 20:00:00+02:00,22.5455,6.151683,10.440001,0.0,0.0,39820.0,3.67394,41.143806
2026-07-18 21:00:00+02:00,20.2955,4.829907,20.519999,2.0,1.6,34880.0,6.1307654,41.973488
2026-07-18 22:00:00+02:00,17.095499,8.404285,16.199999,20.0,0.1,26120.0,9.350104,37.10146
2026-07-18 23:00:00+02:00,16.7955,5.154415,14.759999,29.0,0.0,30600.0,3.67394,39.06402
2026-07-19 00:00:00+02:00,16.2955,5.1919937,10.440001,36.0,0.0,30840.0,4.201311,36.74671
2026-07-19 01:00:00+02:00,15.1455,6.989936,15.84,30.0,0.0,20620.0,9.045312,34.941025
2026-07-19 02:00:00+02:00,14.995501,8.209263,15.119999,25.0,0.0,23560.0,8.062088,34.957558
2026-07-19 03:00:00+02:00,14.4455,7.7879906,16.919998,19.0,0.0,24940.0,8.476439,36.74671
2026-07-19 04:00:00+02:00,14.6455,8.0899935,14.759999,54.0,0.0,23940.0,8.598059,36.08551
2026-07-19 05:00:00+02:00,15.5955,9.178235,15.84,10.0,0.0,29540.0,12.0307255,37.989048
2026-07-19 06:00:00+02:00,15.3455,7.7043357,18.0,14.0,0.0,29600.0,6.572144,41.007812
2026-07-19 07:00:00+02:00,15.3455,4.8433046,16.199999,66.0,0.0,18920.0,3.3175182,39.724133
2026-07-19 08:00:00+02:00,17.245499,6.12,8.28,42.0,0.0,31600.0,3.9200466,37.943382
2026-07-19 09:00:00+02:00,17.8955,8.942214,19.8,60.0,0.0,26420.0,1.643036,41.007812
2026-07-19 10:00:00+02:00,18.095499,8.587338,18.0,16.0,0.0,25100.0,3.2222586,34.160492
2026-07-19 11:00:00+02:00,19.5455,7.145796,19.44,49.0,0.0,34920.0,2.278481,34.78632
2026-07-19 12:00:00+02:00,20.0455,8.0899935,19.08,55.0,0.0,36360.0,2.453999,32.867256
2026-07-19 13:00:00+02:00,20.6455,10.144082,22.68,49.0,0.0,36100.0,6.0797453,29.218596
2026-07-19 14:00:00+02:00,21.9455,9.220499,21.24,0.0,0.0,40420.0,4.757608,31.213963
2026-07-19 15:00:00+02:00,22.745499,8.557102,20.519999,0.0,0.0,40580.0,4.6472077,28.659466
2026-07-19 16:00:00+02:00,23.1455,6.9899354,20.880001,0.0,0.0,41260.0,5.012658,25.74927
2026-07-19 17:00:00+02:00,22.995499,7.8954163,16.199999,5.0,0.0,41760.0,8.976174,25.326874
2026-07-19 18:00:00+02:00,22.845499,5.1544156,15.84,0.0,0.0,41660.0,6.970812,24.14315
2026-07-19 19:00:00+02:00,22.3955,4.6938252,11.879999,33.0,0.0,41080.0,12.396276,26.370178
2026-07-19 20:00:00+02:00,21.7955,4.379589,14.4,46.0,0.0,40760.0,9.125309,25.935617
2026-07-19 21:00:00+02:00,20.745499,4.8433046,11.5199995,64.0,0.0,40260.0,9.837129,29.747807
2026-07-19 22:00:00+02:00,18.1955,4.3349743,9.0,54.0,0.0,37820.0,3.67394,28.61238
2026-07-19 23:00:00+02:00,17.1455,2.5455842,7.92,35.0,0.0,38100.0,1.643036,29.179018
2026-07-20 00:00:00+02:00,16.2955,3.096837,3.6,29.0,0.0,38060.0,2.6571426,31.38628
2026-07-20 01:00:00+02:00,15.545501,3.6,4.32,14.0,0.0,37600.0,2.453999,31.090292
2026-07-20 02:00:00+02:00,14.0955,5.315336,7.92,10.0,0.0,28720.0,7.7602262,35.04561
2026-07-20 03:00:00+02:00,14.0955,6.162207,11.159999,25.0,0.0,28260.0,11.671517,36.767677
2026-07-20 04:00:00+02:00,14.1455,6.0347,12.24,9.0,0.0,30960.0,11.618018,36.70475
2026-07-20 05:00:00+02:00,13.1455,5.2416787,11.5199995,0.0,0.0,30140.0,14.674548,36.74671
2026-07-20 06:00:00+02:00,11.8955,3.8773184,9.0,0.0,0.0,25660.0,10.754816,34.941025
2026-07-20 07:00:00+02:00,12.8955,3.5455887,4.68,0.0,0.0,28520.0,8.706063,33.59187
2026-07-20 08:00:00+02:00,14.9455,4.198285,7.92,0.0,0.0,28020.0,6.7744107,34.024887
2026-07-20 09:00:00+02:00,16.8955,6.763786,15.4800005,0.0,0.0,34320.0,6.198138,33.72921
2026-07-20 10:00:00+02:00,17.7955,9.339208,21.599998,0.0,0.0,38060.0,3.9200466,34.697605
2026-07-20 11:00:00+02:00,18.4455,11.792404,24.84,6.0,0.0,39260.0,6.330734,34.334854
2026-07-20 12:00:00+02:00,19.8955,12.24,28.08,0.0,0.0,39440.0,4.323114,32.82621
2026-07-20 13:00:00+02:00,21.1455,12.641076,28.8,0.0,0.0,40440.0,2.8820758,34.00224
2026-07-20 14:00:00+02:00,21.995499,12.682018,30.239998,0.0,0.0,41300.0,7.3619976,29.086447
2026-07-20 15:00:00+02:00,22.845499,12.4811535,29.16,0.0,0.0,41700.0,8.21518,28.966991
2026-07-20 16:00:00+02:00,23.2955,11.435313,29.16,0.0,0.0,42140.0,7.866535,28.531475
2026-07-20 17:00:00+02:00,23.3955,10.587918,25.56,0.0,0.0,43160.0,7.3619976,32.525555
2026-07-20 18:00:00+02:00,23.245499,9.504272,24.84,0.0,0.0,43920.0,6.850616,33.0601
2026-07-20 19:00:00+02:00,22.745499,5.991594,20.519999,0.0,0.0,43900.0,7.3053656,35.645096
2026-07-20 20:00:00+02:00,22.0455,3.0758414,12.599999,0.0,0.0,43240.0,6.6350365,34.80846
2026-07-20 21:00:00+02:00,19.4455,2.0364676,7.5599995,0.0,0.0,42840.0,5.6366506,38.02959
2026-07-20 22:00:00+02:00,17.1955,6.9247384,6.12,0.0,0.0,41380.0,3.89347,40.91847
2026-07-20 23:00:00+02:00,15.045501,2.968636,12.959999,0.0,0.0,39300.0,1.8227848,42.903976
2026-07-21 00:00:00+02:00,14.795501,0.35999998,4.68,0.0,0.0,40980.0,6.572144,42.755558
2026-07-21 01:00:00+02:00,12.8455,5.0528407,11.159999,0.0,0.0,37700.0,7.4739733,45.186886
2026-07-21 02:00:00+02:00,13.6955,2.968636,7.2,0.0,0.0,39660.0,9.858215,47.506077
2026-07-21 03:00:00+02:00,11.545501,5.3517847,6.12,0.0,0.0,39220.0,9.858215,47.74471
2026-07-21 04:00:00+02:00,10.3455,4.198285,7.2,0.0,0.0,38980.0,7.205189,47.91788
2026-07-21 05:00:00+02:00,10.9455,6.12,5.7599998,0.0,0.0,39120.0,8.402622,48.022285
2026-07-21 06:00:00+02:00,10.3455,5.3517847,8.28,0.0,0.0,36900.0,9.350104,50.900333
2026-07-21 07:00:00+02:00,10.8455,2.0991426,10.08,0.0,0.0,30640.0,5.506198,49.468613
2026-07-21 08:00:00+02:00,13.495501,4.379589,4.68,0.0,0.0,31060.0,7.971428,52.66726
2026-07-21 09:00:00+02:00,14.995501,7.653705,18.359999,4.0,0.0,38500.0,3.0569031,49.596947
2026-07-21 10:00:00+02:00,16.5455,7.4128532,17.64,17.0,0.0,39280.0,2.0379353,44.082073
2026-07-21 11:00:00+02:00,17.845499,9.19939,23.4,15.0,0.0,40340.0,6.1307654,44.347828
2026-07-21 12:00:00+02:00,19.095499,15.778518,30.239998,38.0,0.0,41020.0,9.666777,40.535355
2026-07-21 13:00:00+02:00,20.345499,12.245293,31.319998,3.0,0.0,41260.0,12.039351,33.199642
2026-07-21 14:00:00+02:00,21.245499,12.55879,22.68,0.0,0.0,41640.0,6.7744107,33.176426
2026-07-21 15:00:00+02:00,21.995499,13.1041975,21.24,0.0,0.0,42020.0,10.240498,32.210144
2026-07-21 16:00:00+02:00,22.6455,10.853866,23.4,0.0,0.0,42540.0,16.007849,27.681644
2026-07-21 17:00:00+02:00,22.1955,13.493999,25.919998,0.0,0.0,42600.0,18.70576,23.757093
2026-07-21 18:00:00+02:00,21.9455,10.661107,27.0,0.0,0.0,42680.0,16.43036,18.599987
2026-07-21 19:00:00+02:00,21.345499,9.885262,23.4,0.0,0.0,42480.0,18.233543,18.25503
2026-07-21 20:00:00+02:00,20.745499,5.6233797,20.880001,0.0,0.0,43060.0,11.02182,16.75862
2026-07-21 21:00:00+02:00,18.9455,2.2768397,10.440001,5.0,0.0,41780.0,9.952556,19.271389
2026-07-21 22:00:00+02:00,16.4955,2.6208394,3.96,0.0,0.0,42300.0,8.561753,19.480164
2026-07-21 23:00:00+02:00,15.045501,1.8,8.28,4.0,0.0,41420.0,6.7744107,20.331732
2026-07-22 00:00:00+02:00,11.745501,9.339208,12.24,0.0,0.0,35480.0,3.4704785,13.781546
2026-07-22 01:00:00+02:00,11.295501,5.8603754,14.4,0.0,0.0,33680.0,4.556962,14.490146
2026-07-22 02:00:00+02:00,11.545501,5.904439,10.08,0.0,0.0,33680.0,5.487309,12.320337
2026-07-22 03:00:00+02:00,11.295501,5.904439,10.440001,0.0,0.0,35760.0,5.487309,10.1040945
2026-07-22 04:00:00+02:00,10.5955,5.3517847,8.28,0.0,0.0,35460.0,3.286072,9.655664
2026-07-22 05:00:00+02:00,10.0955,5.154415,6.12,0.0,0.0,33500.0,1.9333551,8.777877
2026-07-22 06:00:00+02:00,9.795501,6.28713,7.92,0.0,0.0,31640.0,3.2222586,8.350525
2026-07-22 07:00:00+02:00,11.045501,4.8433046,9.0,0.0,0.0,33260.0,5.562481,8.951714
2026-07-22 08:00:00+02:00,13.745501,0.8049845,7.2,0.0,0.0,31880.0,3.286072,8.622896
2026-07-22 09:00:00+02:00,16.1455,2.7416782,7.2,0.0,0.0,38840.0,1.8227848,10.330335
2026-07-22 10:00:00+02:00,17.845499,4.379589,7.92,0.0,0.0,39840.0,2.6571426,10.678748
2026-07-22 11:00:00+02:00,18.6955,9.83268,16.919998,0.0,0.0,40440.0,2.278481,8.350525
2026-07-22 12:00:00+02:00,20.095499,11.384199,18.72,0.0,0.0,41540.0,3.6455696,7.0769506
2026-07-22 13:00:00+02:00,21.495499,11.27553,19.08,0.0,0.0,41840.0,4.0758705,7.8511715
2026-07-22 14:00:00+02:00,22.7955,11.966953,20.519999,0.0,0.0,44140.0,7.800262,12.4293
2026-07-22 15:00:00+02:00,23.495499,11.043261,19.44,0.0,0.0,44580.0,7.34788,12.475707
2026-07-22 16:00:00+02:00,23.7955,10.703569,18.72,0.0,0.0,43180.0,9.215885,9.310345
2026-07-22 17:00:00+02:00,24.1455,10.495713,19.8,0.0,0.0,44120.0,12.603934,9.454063
2026-07-22 18:00:00+02:00,23.7955,9.114471,19.44,0.0,0.0,44340.0,7.6388597,11.661699
2026-07-22 19:00:00+02:00,23.095499,7.072878,16.919998,0.0,0.0,44520.0,3.5591009,19.900824
2026-07-22 20:00:00+02:00,22.5455,5.6233797,15.119999,0.0,0.0,46440.0,5.543783,22.999043
2026-07-22 21:00:00+02:00,19.595499,0.5091169,10.08,0.0,0.0,45880.0,3.67394,27.317396
2026-07-22 22:00:00+02:00,16.2455,2.8116899,4.68,0.0,0.0,44180.0,5.993747,28.006792
2026-07-22 23:00:00+02:00,13.495501,7.42159,13.32,0.0,0.0,38280.0,4.57969,30.866442
2026-07-23 00:00:00+02:00,12.995501,6.9247384,13.679999,0.0,0.0,38060.0,2.453999,29.441893
2026-07-23 01:00:00+02:00,12.6455,7.10031,12.24,0.0,0.0,38080.0,4.6916795,26.304356
2026-07-23 02:00:00+02:00,12.545501,6.6185193,13.32,0.0,0.0,37500.0,4.0758705,34.00224
2026-07-23 03:00:00+02:00,12.8455,6.1305785,11.879999,0.0,0.0,38660.0,8.11344,34.14357
2026-07-23 04:00:00+02:00,12.295501,6.3690495,11.5199995,0.0,0.0,38380.0,6.444517,31.951952
2026-07-23 05:00:00+02:00,12.4455,7.127636,12.24,0.0,0.0,38460.0,12.108149,38.110546
2026-07-23 06:00:00+02:00,12.3455,5.904439,12.24,0.0,0.0,38800.0,6.728273,35.87672
2026-07-23 07:00:00+02:00,13.0955,5.154415,13.32,0.0,0.0,36080.0,4.1265044,28.048029
2026-07-23 08:00:00+02:00,15.245501,1.8,7.5599995,0.0,0.0,36060.0,8.765491,35.292084
2026-07-23 09:00:00+02:00,17.0455,6.3690495,14.4,0.0,0.0,37620.0,5.195736,33.866
2026-07-23 10:00:00+02:00,18.2955,9.826088,18.72,0.0,0.0,39740.0,5.333787,26.40668
2026-07-23 11:00:00+02:00,19.1455,7.4128532,17.64,0.0,0.0,40820.0,4.101266,27.253859
2026-07-23 12:00:00+02:00,20.345499,11.269782,19.08,0.0,0.0,41920.0,6.728273,24.483826
2026-07-23 13:00:00+02:00,21.5455,12.303366,21.599998,0.0,0.0,41840.0,7.34788,19.832952
2026-07-23 14:00:00+02:00,22.3955,14.81259,23.759998,0.0,0.0,42180.0,13.246579,15.517241
2026-07-23 15:00:00+02:00,22.995499,13.217443,25.919998,0.0,0.0,42740.0,14.272824,13.166815
2026-07-23 16:00:00+02:00,23.095499,12.413476,22.319998,0.0,0.0,43640.0,11.096928,10.4046545
2026-07-23 17:00:00+02:00,23.1455,11.298495,21.96,0.0,0.0,45480.0,10.831774,12.4911375
2026-07-23 18:00:00+02:00,22.7955,8.942214,21.96,0.0,0.0,45800.0,10.599223,10.678748
2026-07-23 19:00:00+02:00,22.4455,8.28,18.359999,0.0,0.0,45600.0,15.099987,14.153901
2026-07-23 20:00:00+02:00,21.7955,5.4477882,18.72,0.0,0.0,44280.0,12.710575,18.631031
2026-07-23 21:00:00+02:00,19.745499,3.6179552,11.879999,0.0,0.0,42420.0,13.941624,16.71258
2026-07-23 22:00:00+02:00,16.345499,6.6185193,5.04,0.0,0.0,41920.0,8.658227,16.018122
2026-07-23 23:00:00+02:00,13.545501,6.28713,11.159999,5.0,0.0,38260.0,4.6916795,16.292364
2026-07-24 00:00:00+02:00,13.245501,5.8048253,11.879999,35.0,0.0,38000.0,1.0189676,19.794064
2026-07-24 01:00:00+02:00,12.545501,5.3517847,11.159999,0.0,0.0,37320.0,2.6571426,20.66067
2026-07-24 02:00:00+02:00,12.3455,5.495161,6.8399997,0.0,0.0,38440.0,4.9291077,19.440569
2026-07-24 03:00:00+02:00,11.6955,5.1165614,10.440001,0.0,0.0,38700.0,7.5842957,21.724136
2026-07-24 04:00:00+02:00,11.6955,5.1919937,10.440001,0.0,0.0,39780.0,2.453999,21.679756
2026-07-24 05:00:00+02:00,10.6455,5.4833565,5.3999996,0.0,0.0,38480.0,0.9113924,19.161121
2026-07-24 06:00:00+02:00,10.295501,5.4833565,9.36,0.0,0.0,38480.0,3.3175182,18.908127
2026-07-24 07:00:00+02:00,11.3955,5.1165614,11.5199995,0.0,0.0,38840.0,1.2889035,20.864775
2026-07-24 08:00:00+02:00,13.4455,1.484318,6.8399997,0.0,0.0,30160.0,1.0189676,18.672342
2026-07-24 09:00:00+02:00,16.2455,1.08,4.68,0.0,0.0,31860.0,1.0189676,18.096056
2026-07-24 10:00:00+02:00,18.245499,1.08,4.68,0.0,0.0,40740.0,1.4410379,16.292364
2026-07-24 11:00:00+02:00,20.0455,6.28713,10.08,0.0,0.0,41780.0,2.577807,11.326523
2026-07-24 12:00:00+02:00,21.6955,7.342588,9.72,0.0,0.0,45780.0,2.3236039,8.886923
2026-07-24 13:00:00+02:00,23.095499,9.178235,14.04,0.0,0.0,48440.0,3.5591009,5.6205835
2026-07-24 14:00:00+02:00,23.845499,12.758432,18.72,0.0,0.0,42280.0,7.5842957,2.2379284
2026-07-24 15:00:00+02:00,24.9455,12.181625,20.16,0.0,0.0,44360.0,7.958392,8.442291
2026-07-24 16:00:00+02:00,25.6455,11.090103,20.16,23.0,0.0,46620.0,8.84802,11.41124
2026-07-24 17:00:00+02:00,26.095499,10.390226,18.72,0.0,0.0,55440.0,5.562481,16.386677
2026-07-24 18:00:00+02:00,25.6955,7.289444,17.28,0.0,0.0,50700.0,2.7718916,14.922391
2026-07-24 19:00:00+02:00,25.095499,4.2136917,16.56,0.0,0.0,48100.0,1.0189676,18.170418
2026-07-24 20:00:00+02:00,24.245499,2.5959969,8.28,0.0,0.0,46640.0,4.201311,24.103226
2026-07-24 21:00:00+02:00,20.8955,4.510787,7.5599995,0.0,0.0,44220.0,7.7334204,26.69687
2026-07-24 22:00:00+02:00,16.595499,6.9153743,15.4800005,0.0,0.0,40320.0,6.1307654,28.362186
2026-07-24 23:00:00+02:00,16.4955,7.42159,14.04,0.0,0.0,40480.0,8.062088,26.515873
2026-07-25 00:00:00+02:00,16.0455,7.653705,15.4800005,0.0,0.0,40320.0,9.350104,28.123474
2026-07-25 01:00:00+02:00,15.1455,7.145796,14.759999,0.0,0.0,39860.0,9.022324,29.857687
2026-07-25 02:00:00+02:00,15.6455,7.386582,14.04,0.0,0.0,40300.0,11.618018,33.269196
2026-07-25 03:00:00+02:00,15.8955,7.928177,15.4800005,0.0,0.0,41380.0,12.133847,37.262062
2026-07-25 04:00:00+02:00,14.9455,6.9247384,14.759999,0.0,0.0,42360.0,12.897088,36.809563
2026-07-25 05:00:00+02:00,15.545501,7.928177,13.679999,0.0,0.0,42160.0,9.113924,36.9558
2026-07-25 06:00:00+02:00,14.4455,8.14587,15.84,0.0,0.0,41020.0,7.7334204,28.558468
2026-07-25 07:00:00+02:00,14.6455,7.289445,16.199999,0.0,0.0,38360.0,14.674548,28.612377
2026-07-25 08:00:00+02:00,18.7955,3.319036,13.679999,0.0,0.0,40860.0,12.2276125,35.54769
2026-07-25 09:00:00+02:00,20.1955,4.8965297,10.440001,0.0,0.0,40360.0,7.543114,34.9851
2026-07-25 10:00:00+02:00,21.995499,5.6233797,12.959999,0.0,0.0,41000.0,2.577807,27.373749
2026-07-25 11:00:00+02:00,23.095499,8.39657,17.28,0.0,0.0,43560.0,1.8227848,32.281826
2026-07-25 12:00:00+02:00,24.345499,6.0347,32.039997,0.0,0.0,45400.0,1.8788835,26.696869
2026-07-25 13:00:00+02:00,25.8955,8.766573,21.24,0.0,0.0,47880.0,3.67394,20.632679
2026-07-25 14:00:00+02:00,25.2955,10.883676,27.0,0.0,0.0,44460.0,12.832521,20.035875
2026-07-25 15:00:00+02:00,25.8955,9.693296,25.56,0.0,0.0,43760.0,8.11344,19.390963
2026-07-25 16:00:00+02:00,25.6955,5.634891,19.8,0.0,0.0,40860.0,10.189676,17.122486
2026-07-25 17:00:00+02:00,26.1455,3.563818,16.919998,0.0,1.1,43580.0,6.347113,18.042753
2026-07-25 18:00:00+02:00,25.595499,4.2136917,14.4,0.0,0.0,43080.0,11.830561,11.189641
2026-07-25 19:00:00+02:00,21.9455,10.483357,33.12,2.0,0.1,40880.0,17.777994,33.956886
2026-07-25 20:00:00+02:00,22.1455,4.802999,20.519999,0.0,0.0,39120.0,8.062088,28.61238
2026-07-25 21:00:00+02:00,19.8955,5.8603754,12.24,0.0,0.0,35360.0,10.638334,23.17426
2026-07-25 22:00:00+02:00,18.8955,12.245293,27.72,0.0,0.7,33100.0,23.524694,15.529648
2026-07-25 23:00:00+02:00,19.095499,6.725354,20.880001,0.0,0.7,39500.0,12.261531,14.003396
2026-07-26 00:00:00+02:00,18.1455,6.379216,14.4,0.0,0.0,37720.0,11.926711,9.474416
2026-07-26 01:00:00+02:00,18.095499,5.00128,14.04,0.0,1.8,34960.0,17.123507,5.8883786
2026-07-26 02:00:00+02:00,16.995499,5.1165614,10.440001,0.0,0.4,34220.0,10.638334,4.1637125
2026-07-26 03:00:00+02:00,16.1455,5.692099,10.799999,0.0,0.0,32340.0,7.0743074,1.2413791
2026-07-26 04:00:00+02:00,15.5955,3.096837,12.599999,0.0,0.0,32020.0,7.418196,2.5591688
2026-07-26 05:00:00+02:00,14.6455,5.95906,7.92,13.0,0.0,20700.0,3.89347,4.7270317
2026-07-26 06:00:00+02:00,15.045501,2.9024127,9.0,49.0,0.0,27640.0,3.67394,5.00416
2026-07-26 07:00:00+02:00,15.6455,3.96,7.5599995,61.0,0.0,29240.0,4.556962,4.3889384
2026-07-26 08:00:00+02:00,16.745499,2.5455842,7.92,83.0,0.0,34060.0,3.757767,5.2667265
2026-07-26 09:00:00+02:00,16.4455,5.154415,12.959999,45.0,1.2,3920.0,2.7718916,8.281033
2026-07-26 10:00:00+02:00,16.2955,4.802999,9.72,17.0,4.1,8900.0,8.765491,10.1040945
2026-07-26 11:00:00+02:00,18.7955,4.73506,13.32,61.0,1.4,36460.0,11.124962,9.454063
2026-07-26 12:00:00+02:00,18.4455,5.6233797,9.72,44.0,0.0,33660.0,2.7718916,8.350525
2026-07-26 13:00:00+02:00,18.845499,3.219938,10.799999,58.0,0.0,35120.0,4.6472077,8.821657
2026-07-26 14:00:00+02:00,19.7955,4.5536795,10.440001,39.0,0.0,37540.0,7.971428,11.394346
2026-07-26 15:00:00+02:00,20.3955,2.4149535,9.36,0.0,0.0,39500.0,4.6472077,16.292364
2026-07-26 16:00:00+02:00,20.7955,5.506941,13.32,0.0,0.0,39440.0,8.476439,17.167427
2026-07-26 17:00:00+02:00,21.2955,6.130579,14.04,0.0,0.0,40740.0,12.51299,19.62793
2026-07-26 18:00:00+02:00,21.3955,5.7599998,14.4,20.0,0.0,41000.0,14.192577,22.76332
2026-07-26 19:00:00+02:00,21.2955,4.0249224,12.599999,36.0,0.0,40600.0,10.974618,23.496197
2026-07-26 20:00:00+02:00,20.5455,5.2416787,9.72,38.0,0.0,38940.0,9.394418,28.368979
2026-07-26 21:00:00+02:00,17.7955,7.2359104,15.119999,0.0,0.0,38620.0,13.889393,26.33363
2026-07-26 22:00:00+02:00,15.5955,9.19939,19.44,0.0,0.0,32840.0,18.073395,23.95894
2026-07-26 23:00:00+02:00,16.845499,9.693296,18.0,0.0,0.0,36800.0,14.878324,27.289175
2026-07-27 00:00:00+02:00,16.1455,9.19939,19.8,5.0,0.0,36480.0,13.670886,26.689655
2026-07-27 01:00:00+02:00,15.3955,7.7879906,18.0,20.0,0.0,31660.0,10.391472,21.185438
2026-07-27 02:00:00+02:00,18.1455,3.6,14.759999,53.0,0.2,38360.0,4.9291077,21.733002
2026-07-27 03:00:00+02:00,16.595499,6.151683,12.599999,48.0,0.0,35340.0,12.312233,24.593725
2026-07-27 04:00:00+02:00,16.345499,4.510787,11.5199995,17.0,0.0,35780.0,15.818631,26.797695
2026-07-27 05:00:00+02:00,15.9455,6.9247384,14.04,61.0,0.0,36060.0,14.67455,34.76416
2026-07-27 06:00:00+02:00,15.8955,6.696387,14.4,47.0,0.0,35160.0,13.285712,35.428276
2026-07-27 07:00:00+02:00,16.3955,3.8939953,13.32,0.0,0.0,35200.0,15.553866,29.954306
2026-07-27 08:00:00+02:00,17.595499,5.0528407,7.92,37.0,0.0,34960.0,9.688234,27.317396
2026-07-27 09:00:00+02:00,18.6955,5.6233797,12.24,67.0,0.0,37020.0,11.600131,26.33363
2026-07-27 10:00:00+02:00,20.245499,5.904439,15.4800005,0.0,0.0,37840.0,9.482423,23.618853
2026-07-27 11:00:00+02:00,20.4455,11.090103,21.599998,50.0,0.0,40260.0,5.487309,23.618853
2026-07-27 12:00:00+02:00,20.7955,8.78872,19.44,70.0,0.0,39700.0,6.940957,18.096056
2026-07-27 13:00:00+02:00,21.6955,9.904906,16.919998,18.0,0.0,38880.0,4.6472077,18.662022
2026-07-27 14:00:00+02:00,22.595499,11.298495,15.84,14.0,0.0,40220.0,7.958392,15.714606
2026-07-27 15:00:00+02:00,23.4455,9.693296,17.64,10.0,0.0,41040.0,8.670211,14.529971
2026-07-27 16:00:00+02:00,24.245499,9.504273,18.72,6.0,0.0,41720.0,12.537857,11.711148
2026-07-27 17:00:00+02:00,24.4455,7.9932966,18.72,0.0,0.0,42760.0,8.36547,12.226168
2026-07-27 18:00:00+02:00,24.245499,9.6932955,20.519999,0.0,0.0,42620.0,9.837129,12.051613
2026-07-27 19:00:00+02:00,23.745499,7.628263,20.880001,0.0,0.0,42460.0,10.638335,12.5526705
2026-07-27 20:00:00+02:00,23.1455,5.634891,14.759999,0.0,0.0,42140.0,7.20519,17.555754
2026-07-27 21:00:00+02:00,21.1455,0.8049845,10.440001,3.0,0.0,41620.0,5.6366506,18.096056
2026-07-27 22:00:00+02:00,17.2955,8.217153,12.599999,0.0,0.0,38120.0,2.734177,18.631031
2026-07-27 23:00:00+02:00,17.1955,7.24486,12.959999,0.0,0.0,37760.0,1.3670886,15.800178
2026-07-28 00:00:00+02:00,16.1955,6.9527545,14.04,0.0,0.0,35300.0,1.0189676,15.329903
2026-07-28 01:00:00+02:00,16.095499,5.8603754,14.04,0.0,0.0,36680.0,3.4704785,16.13793
2026-07-28 02:00:00+02:00,15.4455,6.297428,5.7599998,0.0,0.0,35180.0,3.4704785,14.329733
2026-07-28 03:00:00+02:00,15.1955,5.154415,7.5599995,0.0,0.0,35820.0,1.0189676,9.310345
2026-07-28 04:00:00+02:00,13.9455,1.484318,5.04,0.0,0.0,32820.0,2.0379353,8.777877
2026-07-28 05:00:00+02:00,13.3955,4.3349743,1.8,0.0,0.0,32280.0,3.0569031,9.813965
2026-07-28 06:00:00+02:00,12.3955,1.5273507,5.7599998,0.0,0.0,29300.0,2.6571426,8.1638975
2026-07-28 07:00:00+02:00,12.6955,1.08,1.4399999,0.0,0.0,31160.0,0.4556962,5.0041595
2026-07-28 08:00:00+02:00,14.795501,0.71999997,2.16,0.0,0.0,33720.0,2.278481,2.2379284
2026-07-28 09:00:00+02:00,17.245499,0.35999998,3.6,0.0,0.0,36120.0,1.0189676,3.1649084
2026-07-28 10:00:00+02:00,20.1455,2.52,5.7599998,0.0,0.0,38720.0,0.64445174,5.7224755
2026-07-28 11:00:00+02:00,22.5455,5.0528407,7.2,0.0,0.0,40580.0,2.278481,8.068965
2026-07-28 12:00:00+02:00,23.8955,7.8625183,11.159999,0.0,0.0,40760.0,2.8820758,9.494725
2026-07-28 13:00:00+02:00,25.495499,10.041354,14.759999,0.0,0.0,41860.0,0.4556962,10.027549
2026-07-28 14:00:00+02:00,26.7955,11.384199,16.56,0.0,0.0,43160.0,1.643036,10.00832
2026-07-28 15:00:00+02:00,28.095499,12.522619,20.519999,38.0,0.0,45500.0,5.333787,11.41124
2026-07-28 16:00:00+02:00,28.745499,12.758432,22.68,0.0,0.0,44320.0,10.628571,11.939203
2026-07-28 17:00:00+02:00,28.845499,12.57426,22.68,0.0,0.0,43760.0,8.706063,13.879042
2026-07-28 18:00:00+02:00,28.6455,10.495713,21.24,0.0,0.0,43800.0,7.5842957,17.31268
2026-07-28 19:00:00+02:00,28.1455,6.439876,18.72,0.0,0.0,43840.0,3.9200466,17.478779
2026-07-28 20:00:00+02:00,27.245499,2.9024127,12.599999,0.0,0.0,42800.0,1.8227848,21.51923
2026-07-28 21:00:00+02:00,25.495499,4.6102495,7.92,0.0,0.0,41840.0,2.453999,20.85554
2026-07-28 22:00:00+02:00,20.495499,7.8954163,16.199999,0.0,0.0,39240.0,5.562481,22.729446
2026-07-28 23:00:00+02:00,20.9455,7.491114,15.4800005,0.0,0.0,39720.0,9.394418,23.59437
2026-07-29 00:00:00+02:00,20.2955,7.386582,14.4,0.0,0.0,39180.0,10.311228,25.455843
2026-07-29 01:00:00+02:00,19.5455,6.4096174,14.4,0.0,0.0,38260.0,9.045312,25.987556
2026-07-29 02:00:00+02:00,19.6955,6.8777895,12.24,0.0,0.0,39200.0,5.6366506,22.014801
2026-07-29 03:00:00+02:00,19.745499,6.489992,13.679999,0.0,0.0,38620.0,2.6571426,20.74441
2026-07-29 04:00:00+02:00,19.1455,6.1305785,12.959999,0.0,0.0,37840.0,2.9178793,20.141356
2026-07-29 05:00:00+02:00,19.0455,6.6087217,11.159999,3.0,0.0,37900.0,3.286072,19.171173
2026-07-29 06:00:00+02:00,19.0455,6.792466,13.32,16.0,0.0,37620.0,5.487309,16.77011
2026-07-29 07:00:00+02:00,19.1955,5.6002855,13.32,0.0,0.0,36000.0,7.7334204,15.367554
2026-07-29 08:00:00+02:00,22.1455,3.396233,10.799999,0.0,0.0,37680.0,8.11344,18.51695
2026-07-29 09:00:00+02:00,24.0455,1.609969,5.3999996,0.0,0.0,38980.0,7.7602262,16.70105
2026-07-29 10:00:00+02:00,26.0455,3.5455887,9.0,0.0,0.0,41020.0,6.47666,16.677967
2026-07-29 11:00:00+02:00,27.1455,9.19939,18.0,0.0,0.0,42140.0,4.907998,19.871765
2026-07-29 12:00:00+02:00,28.5455,10.144082,24.119999,0.0,0.0,41820.0,6.3960004,21.066906
2026-07-29 13:00:00+02:00,29.745499,11.440979,25.919998,0.0,0.0,42380.0,5.7641516,22.889902
2026-07-29 14:00:00+02:00,30.845499,12.096214,28.08,0.0,0.0,43040.0,8.315675,22.249796
2026-07-29 15:00:00+02:00,31.6955,9.726664,28.44,0.0,0.0,43480.0,8.21518,26.696869
2026-07-29 16:00:00+02:00,32.5455,8.557102,22.319998,0.0,0.0,47240.0,11.096928,25.334478
2026-07-29 17:00:00+02:00,32.3955,10.182337,19.44,0.0,0.0,49180.0,18.227848,16.149862
2026-07-29 18:00:00+02:00,32.1955,4.3349743,21.599998,0.0,0.0,49380.0,7.34788,18.042753
2026-07-29 19:00:00+02:00,31.1955,1.8,11.159999,0.0,0.0,45860.0,19.144665,15.861018
2026-07-29 20:00:00+02:00,30.1455,3.0758414,7.5599995,0.0,0.0,49600.0,11.92671,13.283339
2026-07-29 21:00:00+02:00,24.995499,6.28713,12.599999,0.0,0.0,42520.0,10.974618,10.839878
2026-07-29 22:00:00+02:00,22.345499,7.4128532,16.56,0.0,0.0,42260.0,14.503743,14.153901
2026-07-29 23:00:00+02:00,21.6455,7.24486,14.4,0.0,0.0,42120.0,11.282507,13.152178
2026-07-30 00:00:00+02:00,20.595499,6.792466,13.679999,0.0,0.0,41780.0,8.706063,11.41124
2026-07-30 01:00:00+02:00,19.4455,6.9153743,13.32,0.0,0.0,41380.0,8.377872,11.987508
2026-07-30 02:00:00+02:00,18.995499,7.4128532,13.32,0.0,0.0,40880.0,5.8357587,12.475707
2026-07-30 03:00:00+02:00,18.6455,7.289445,14.759999,0.0,0.0,40880.0,9.113924,15.012479
2026-07-30 04:00:00+02:00,18.1955,6.9153743,14.04,0.0,0.0,40760.0,10.004581,14.922391
2026-07-30 05:00:00+02:00,17.845499,7.729527,13.32,0.0,0.0,41180.0,10.974618,16.94153
2026-07-30 06:00:00+02:00,17.495499,7.289445,14.759999,0.0,0.0,41440.0,10.391472,18.672342
2026-07-30 07:00:00+02:00,17.845499,6.4096174,14.04,0.0,0.0,40900.0,10.831774,21.139927
2026-07-30 08:00:00+02:00,19.745499,2.9024127,12.599999,0.0,0.0,40280.0,8.670211,19.28138
2026-07-30 09:00:00+02:00,22.745499,2.6208394,6.4799995,0.0,0.0,25340.0,7.0743074,14.753624
2026-07-30 10:00:00+02:00,26.745499,2.7416782,7.5599995,0.0,0.0,41360.0,3.2222586,12.795844
2026-07-30 11:00:00+02:00,27.345499,1.2979984,7.2,0.0,0.0,42840.0,2.0379353,9.474416
2026-07-30 12:00:00+02:00,29.4455,3.6179552,9.0,0.0,0.0,49940.0,4.556962,3.1034482
2026-07-30 13:00:00+02:00,31.4455,6.162207,9.36,0.0,0.0,54240.0,4.323114,5.855574
2026-07-30 14:00:00+02:00,32.0455,8.654986,11.159999,0.0,0.0,53000.0,5.333787,14.167504
2026-07-30 15:00:00+02:00,32.9955,9.83268,16.56,0.0,0.0,52660.0,9.125309,19.161121
2026-07-30 16:00:00+02:00,33.545498,9.449572,20.16,0.0,0.0,58140.0,12.961332,19.62793
2026-07-30 17:00:00+02:00,31.095499,17.902534,40.68,0.0,0.0,45720.0,22.221907,6.2068963
2026-07-30 18:00:00+02:00,27.7955,17.208603,52.56,0.0,0.0,42060.0,12.261531,9.331011
2026-07-30 19:00:00+02:00,27.3955,8.049845,33.48,0.0,0.0,42100.0,16.885372,29.27787
2026-07-30 20:00:00+02:00,26.4455,7.42159,18.72,0.0,0.0,42020.0,19.972805,32.204163
2026-07-30 21:00:00+02:00,23.5455,2.8116899,14.4,0.0,0.0,40800.0,16.461926,23.17426
2026-07-30 22:00:00+02:00,20.3955,5.692099,15.84,0.0,0.0,40900.0,11.254866,26.33363
2026-07-30 23:00:00+02:00,20.595499,6.9153743,11.5199995,0.0,0.0,41880.0,9.113924,25.020798
2026-07-31 00:00:00+02:00,19.8955,6.1305785,12.24,0.0,0.0,41820.0,6.330734,22.249796
2026-07-31 01:00:00+02:00,18.745499,6.638072,12.959999,0.0,0.0,41100.0,5.709857,25.326874
2026-07-31 02:00:00+02:00,18.095499,6.989936,12.599999,0.0,0.0,40960.0,7.205189,29.297602
2026-07-31 03:00:00+02:00,18.745499,8.654987,16.919998,0.0,0.0,41120.0,7.5842957,32.400948
2026-07-31 04:00:00+02:00,17.6955,7.145796,15.119999,0.0,0.0,40600.0,7.4739733,37.529915
2026-07-31 05:00:00+02:00,17.8955,7.386582,13.679999,0.0,0.0,41120.0,11.961482,40.573357
2026-07-31 06:00:00+02:00,17.6455,7.145796,13.679999,0.0,0.0,40880.0,14.038106,41.045376
2026-07-31 07:00:00+02:00,17.8955,5.6002855,12.959999,0.0,0.0,40020.0,14.899244,36.28779
2026-07-31 08:00:00+02:00,18.3955,3.0758414,9.36,0.0,0.0,31980.0,5.709857,36.90886
2026-07-31 09:00:00+02:00,22.4455,2.0991426,8.28,0.0,0.0,25940.0,8.987734,33.08922
2026-07-31 10:00:00+02:00,24.6955,3.396233,8.64,0.0,0.0,40780.0,7.7602262,31.189268
2026-07-31 11:00:00+02:00,25.7955,8.587338,18.359999,0.0,0.0,41940.0,2.453999,35.138927
2026-07-31 12:00:00+02:00,26.4455,13.104198,28.8,0.0,0.0,43340.0,15.73307,19.871765
2026-07-31 13:00:00+02:00,26.9455,10.086427,28.08,0.0,0.0,42480.0,4.6472077,28.102919
2026-07-31 14:00:00+02:00,29.6455,4.3349743,20.16,6.0,0.0,43700.0,4.488087,32.40095
2026-07-31 15:00:00+02:00,30.5455,10.24578,25.56,0.0,0.0,43940.0,4.6472077,37.329205
2026-07-31 16:00:00+02:00,24.6455,8.557102,29.16,0.0,3.5,2000.0,6.524576,33.88306
2026-07-31 17:00:00+02:00,29.7955,1.609969,17.28,0.0,0.6,43440.0,11.392405,39.432114
2026-07-31 18:00:00+02:00,29.345499,9.422101,22.68,0.0,0.0,42980.0,5.941551,29.507248
2026-07-31 19:00:00+02:00,28.5455,9.107359,22.319998,0.0,0.0,42740.0,9.294415,28.212376
2026-07-31 20:00:00+02:00,26.245499,5.315336,19.08,0.0,0.0,41840.0,5.487309,36.64172
2026-07-31 21:00:00+02:00,22.8955,3.6,8.64,0.0,0.0,40400.0,3.2222586,30.286854
2026-07-31 22:00:00+02:00,21.245499,5.4477882,12.599999,0.0,0.6,38660.0,5.094838,33.568924
2026-07-31 23:00:00+02:00,23.3955,13.551501,25.919998,0.0,3.3,39880.0,11.02182,30.83522
2026-08-01 00:00:00+02:00,20.845499,4.6938252,25.199999,0.0,0.0,36880.0,10.490913,31.238638
2026-08-01 01:00:00+02:00,19.845499,8.557102,12.959999,0.0,0.0,33760.0,10.189676,42.755558
2026-08-01 02:00:00+02:00,19.845499,3.096837,14.4,0.0,0.6,38100.0,5.993747,37.370464
2026-08-01 03:00:00+02:00,18.0455,3.6179552,13.32,12.0,0.1,32140.0,1.8227848,30.024958
2026-08-01 04:00:00+02:00,18.1955,3.9763298,10.08,0.0,1.5,34480.0,3.6455696,49.472504
2026-08-01 05:00:00+02:00,16.8955,7.5685663,14.04,0.0,0.0,29640.0,11.883102,52.329693
2026-08-01 06:00:00+02:00,17.4455,7.0911775,13.679999,0.0,0.0,34740.0,9.612922,46.72107
2026-08-01 07:00:00+02:00,17.6955,5.04,12.599999,11.0,0.0,29820.0,7.7334204,41.973488
2026-08-01 08:00:00+02:00,17.845499,5.6233797,7.92,2.0,0.0,22580.0,2.7718916,42.579487
2026-08-01 09:00:00+02:00,20.845499,5.991594,21.96,0.0,0.0,36600.0,3.67394,43.963932
2026-08-01 10:00:00+02:00,21.7955,4.510787,14.759999,0.0,0.0,38140.0,1.3670886,38.905903
2026-08-01 11:00:00+02:00,22.2955,8.891344,23.4,0.0,0.0,38880.0,1.0189676,34.74199
2026-08-01 12:00:00+02:00,23.4455,11.792404,28.08,0.0,0.0,38860.0,5.094838,35.15537
2026-08-01 13:00:00+02:00,24.845499,11.525623,27.72,37.0,0.0,39080.0,5.562481,33.797676
2026-08-01 14:00:00+02:00,26.1955,13.570615,20.880001,23.0,0.0,39960.0,9.815996,32.042255
2026-08-01 15:00:00+02:00,26.995499,14.182355,24.119999,34.0,0.0,40640.0,15.5538645,29.297602
2026-08-01 16:00:00+02:00,27.2955,13.53236,33.839996,50.0,0.0,41180.0,21.66355,23.98305
2026-08-01 17:00:00+02:00,27.1955,9.178235,28.08,33.0,0.0,41060.0,13.285712,27.401884
2026-08-01 18:00:00+02:00,25.095499,7.2359104,25.919998,43.0,0.0,41320.0,3.0569031,22.593443
2026-08-01 19:00:00+02:00,25.345499,0.35999998,10.799999,51.0,0.0,41140.0,12.537857,23.975016
2026-08-01 20:00:00+02:00,22.595499,2.0364676,4.32,46.0,0.0,39620.0,7.5842957,23.757093
2026-08-01 21:00:00+02:00,20.6955,2.7416782,4.32,50.0,0.0,39080.0,6.1307654,18.877537
2026-08-01 22:00:00+02:00,18.245499,4.896529,9.36,49.0,0.0,23480.0,2.9178793,21.103449
2026-08-01 23:00:00+02:00,18.5455,4.829907,9.72,46.0,0.0,29320.0,1.0189676,22.249796
2026-08-02 00:00:00+02:00,17.4455,5.8048253,11.879999,0.0,0.0,26820.0,3.3175182,24.966848
2026-08-02 01:00:00+02:00,17.095499,5.1165614,11.5199995,0.0,0.0,27660.0,4.323114,24.640675
2026-08-02 02:00:00+02:00,16.8955,6.9247384,10.08,0.0,0.0,29160.0,6.835443,27.062351
2026-08-02 03:00:00+02:00,16.745499,6.4096174,13.679999,0.0,0.0,30500.0,8.377872,26.696869
2026-08-02 04:00:00+02:00,16.345499,6.489992,12.599999,0.0,0.0,32500.0,5.487309,24.61721
2026-08-02 05:00:00+02:00,16.2455,6.6087217,12.959999,0.0,0.0,32360.0,4.201311,24.61721
2026-08-02 06:00:00+02:00,16.0455,6.193674,13.679999,0.0,0.0,33260.0,2.3236039,22.889902
2026-08-02 07:00:00+02:00,16.095499,4.6938257,11.879999,0.0,0.0,32820.0,2.453999,22.387888
2026-08-02 08:00:00+02:00,18.845499,2.1897945,9.0,0.0,0.0,31260.0,0.9113924,22.422277
2026-08-02 09:00:00+02:00,21.345499,2.3051248,9.0,0.0,0.0,35540.0,1.0189676,23.265514
2026-08-02 10:00:00+02:00,22.745499,1.9386592,7.5599995,0.0,0.0,38540.0,1.0189676,25.051575
2026-08-02 11:00:00+02:00,23.6455,8.089993,20.880001,0.0,0.0,39520.0,1.2889035,25.898457
2026-08-02 12:00:00+02:00,25.095499,11.503113,24.119999,0.0,0.0,40420.0,3.9200466,28.089205
2026-08-02 13:00:00+02:00,26.6455,11.177405,22.319998,0.0,0.0,41020.0,3.8667102,26.515873
2026-08-02 14:00:00+02:00,27.8955,12.864649,21.96,0.0,0.0,41320.0,9.383359,24.42869
2026-08-02 15:00:00+02:00,29.095499,13.009903,21.599998,0.0,0.0,41940.0,12.133847,24.780989
2026-08-02 16:00:00+02:00,29.6955,11.252519,21.599998,0.0,0.0,42620.0,11.671517,23.422297
2026-08-02 17:00:00+02:00,29.8955,10.587917,18.72,0.0,0.0,43280.0,11.618018,20.66999
2026-08-02 18:00:00+02:00,29.6955,6.489992,18.72,0.0,0.0,43080.0,6.6350365,30.165771
2026-08-02 19:00:00+02:00,29.0455,3.319036,11.879999,0.0,0.0,42540.0,4.6916795,36.192112
2026-08-02 20:00:00+02:00,26.245499,10.829958,6.8399997,0.0,0.0,43060.0,14.236403,38.886093
2026-08-02 21:00:00+02:00,21.6955,6.638072,21.599998,0.0,0.0,39600.0,9.994197,32.620174
2026-08-02 22:00:00+02:00,20.1455,5.8603754,12.959999,0.0,0.0,38160.0,9.580463,28.907082
2026-08-02 23:00:00+02:00,20.345499,6.439876,11.5199995,0.0,0.0,39880.0,9.858215,25.92819
2026-08-03 00:00:00+02:00,19.7955,5.991594,11.5199995,0.0,0.0,40920.0,10.754816,21.997295
2026-08-03 01:00:00+02:00,18.9455,5.8603754,10.799999,0.0,0.0,41500.0,13.144288,15.554438
2026-08-03 02:00:00+02:00,19.245499,6.1305785,10.799999,0.0,0.0,41620.0,13.859459,16.386677
2026-08-03 03:00:00+02:00,19.245499,6.638072,12.24,0.0,0.0,41380.0,14.503743,16.245003
2026-08-03 04:00:00+02:00,18.6955,5.991594,11.159999,0.0,0.0,41840.0,12.767628,14.167504
2026-08-03 05:00:00+02:00,18.995499,6.4096174,10.440001,0.0,0.0,41040.0,10.974618,15.800178
2026-08-03 06:00:00+02:00,19.1455,6.3690495,12.24,0.0,0.0,40960.0,12.570939,19.120867
2026-08-03 07:00:00+02:00,18.6455,6.297428,11.5199995,0.0,0.0,39460.0,11.926711,17.903427
2026-08-03 08:00:00+02:00,22.9455,0.5091169,10.440001,0.0,0.0,41420.0,8.377872,21.546066
2026-08-03 09:00:00+02:00,22.6955,2.7416782,6.8399997,0.0,0.0,24020.0,7.1182017,18.454428
2026-08-03 10:00:00+02:00,25.1955,4.1046314,9.72,0.0,0.0,40200.0,0.9113924,16.292364
2026-08-03 11:00:00+02:00,26.245499,5.815978,12.959999,0.0,0.0,41520.0,2.0379353,15.367554
2026-08-03 12:00:00+02:00,28.1455,7.8954163,16.56,0.0,0.0,43480.0,5.6366506,14.753624
2026-08-03 13:00:00+02:00,27.8955,8.311245,17.28,0.0,0.0,43420.0,11.124962,17.555754
2026-08-03 14:00:00+02:00,30.495499,10.805998,16.56,0.0,0.0,49760.0,15.739669,19.28138
2026-08-03 15:00:00+02:00,31.595499,12.224107,23.039999,0.0,0.0,48360.0,15.230073,19.440569
2026-08-03 16:00:00+02:00,31.345499,10.08,28.44,0.0,0.0,46260.0,15.419778,11.444951
2026-08-03 17:00:00+02:00,28.2955,12.181624,63.0,0.0,0.0,42360.0,6.7744107,7.0769506
2026-08-03 18:00:00+02:00,27.6455,4.32,26.64,0.0,0.0,41760.0,2.9178793,3.5111506
2026-08-03 19:00:00+02:00,21.6955,26.932714,59.76,0.0,1.7,3340.0,40.392784,6.8275857
2026-08-03 20:00:00+02:00,20.7955,11.200571,47.16,0.0,7.1,27260.0,24.220585,9.227215
2026-08-03 21:00:00+02:00,19.745499,5.1919937,18.72,0.0,0.3,35980.0,14.1559515,16.433628
2026-08-03 22:00:00+02:00,19.7955,5.3999996,15.119999,0.0,0.0,34440.0,17.507277,13.427569
2026-08-03 23:00:00+02:00,19.8955,5.154415,10.799999,0.0,0.0,28020.0,16.124176,14.8057575
2026-08-04 00:00:00+02:00,19.2955,5.937272,16.199999,0.0,0.4,30920.0,15.66031,15.566816
2026-08-04 01:00:00+02:00,18.7955,5.991594,13.32,0.0,0.0,29760.0,12.603934,20.632677
2026-08-04 02:00:00+02:00,18.595499,6.1305785,12.959999,0.0,0.0,30100.0,13.594724,13.196042
2026-08-04 03:00:00+02:00,18.4455,6.3690495,12.599999,0.0,0.0,31240.0,15.587208,17.78468
2026-08-04 04:00:00+02:00,17.1955,7.289444,13.32,0.0,0.0,24160.0,10.754816,19.725824
2026-08-04 05:00:00+02:00,17.6955,6.618519,14.04,0.0,0.0,34360.0,9.350104,13.196042
2026-08-04 06:00:00+02:00,17.4455,6.618519,12.24,0.0,0.0,33780.0,9.227144,10.027549
2026-08-04 07:00:00+02:00,17.6955,6.489992,12.959999,0.0,0.0,31780.0,3.8667102,5.8883786
2026-08-04 08:00:00+02:00,19.4455,1.609969,11.5199995,0.0,0.0,32760.0,1.4410379,9.331011
2026-08-04 09:00:00+02:00,20.995499,3.319036,8.28,0.0,0.0,29920.0,0.4556962,13.711481
2026-08-04 10:00:00+02:00,23.495499,5.506941,12.24,0.0,0.0,34900.0,4.323114,20.818563
2026-08-04 11:00:00+02:00,25.0455,6.9247384,15.4800005,0.0,0.0,40320.0,4.6472077,19.430658
2026-08-04 12:00:00+02:00,26.4455,6.830519,15.84,0.0,0.0,40520.0,0.64445174,24.554531
2026-08-04 13:00:00+02:00,27.995499,10.587917,23.4,0.0,0.0,41420.0,4.9291077,26.194279
2026-08-04 14:00:00+02:00,29.8955,11.269782,22.68,0.0,0.0,42840.0,4.844117,27.112131
2026-08-04 15:00:00+02:00,30.2955,9.021574,24.119999,0.0,0.0,44460.0,13.309138,21.794956
2026-08-04 16:00:00+02:00,28.8955,22.380884,43.199997,8.0,0.0,42100.0,26.233223,20.716534
2026-08-04 17:00:00+02:00,30.845499,16.327497,37.8,0.0,8.7,42900.0,21.821138,4.475857
2026-08-04 18:00:00+02:00,25.595499,17.477621,54.0,0.0,0.2,41680.0,20.966978,17.167427
2026-08-04 19:00:00+02:00,24.7955,9.3669195,32.039997,3.0,0.0,39880.0,13.79187,15.824542
2026-08-04 20:00:00+02:00,23.6955,3.319036,12.959999,49.0,0.1,40200.0,7.958391,21.24899
2026-08-04 21:00:00+02:00,21.845499,7.0911775,17.28,48.0,0.0,36760.0,7.78694,18.042755
2026-08-04 22:00:00+02:00,20.495499,2.8799999,13.679999,5.0,0.0,34360.0,3.4704785,15.824542
2026-08-04 23:00:00+02:00,19.3955,11.183201,11.159999,62.0,0.2,29920.0,6.9559,20.818563
2026-08-05 00:00:00+02:00,19.095499,3.2399998,22.68,0.0,0.0,29540.0,8.377872,20.265303
2026-08-05 01:00:00+02:00,18.745499,3.5455887,6.8399997,0.0,0.0,30600.0,10.628571,23.757093
2026-08-05 02:00:00+02:00,17.5455,1.1384199,8.64,0.0,0.0,23240.0,9.227144,20.632679
2026-08-05 03:00:00+02:00,18.3955,4.8433046,9.72,0.0,0.0,35780.0,9.394418,18.0
2026-08-05 04:00:00+02:00,16.595499,4.3349743,8.64,0.0,0.0,25320.0,3.2222586,13.612786
2026-08-05 05:00:00+02:00,17.3955,4.8965297,5.7599998,0.0,0.0,29220.0,2.6571426,17.167427
2026-08-05 06:00:00+02:00,16.995499,4.829907,9.72,0.0,0.0,27800.0,3.8667102,15.89741
2026-08-05 07:00:00+02:00,18.0455,3.6,8.28,0.0,0.0,34360.0,1.2889035,14.153901
2026-08-05 08:00:00+02:00,18.345499,0.35999998,5.3999996,0.0,0.0,21800.0,1.2889035,15.554438
2026-08-05 09:00:00+02:00,21.245499,2.7416782,7.5599995,0.0,0.0,35600.0,1.643036,19.161121
2026-08-05 10:00:00+02:00,22.8955,8.12197,11.5199995,0.0,0.0,37540.0,4.2990294,20.265303
2026-08-05 11:00:00+02:00,23.845499,10.966713,16.919998,0.0,0.0,40340.0,4.0758705,19.725824
2026-08-05 12:00:00+02:00,24.995499,13.237039,21.24,0.0,0.0,40700.0,7.0743074,20.47335
2026-08-05 13:00:00+02:00,26.2955,13.009903,20.880001,0.0,0.0,41420.0,8.36547,23.553514
2026-08-05 14:00:00+02:00,27.1955,16.071491,24.84,0.0,0.0,40760.0,14.236403,26.406677
2026-08-05 15:00:00+02:00,27.1455,15.5843,27.359999,10.0,0.0,40120.0,14.503743,24.982275
2026-08-05 16:00:00+02:00,26.745499,14.154915,26.28,39.0,0.0,40480.0,14.927093,20.265303
2026-08-05 17:00:00+02:00,26.345499,11.503113,25.919998,64.0,1.4,40560.0,9.227144,18.25503
2026-08-05 18:00:00+02:00,24.495499,6.6087217,23.039999,59.0,0.1,39600.0,5.7641516,10.678748
2026-08-05 19:00:00+02:00,21.7955,5.6233797,19.8,87.0,2.6,26400.0,2.9178793,16.70105
2026-08-05 20:00:00+02:00,22.095499,7.2359104,22.319998,81.0,16.1,34360.0,6.7744107,9.695481
2026-08-05 21:00:00+02:00,21.995499,4.0249224,9.72,66.0,0.0,38520.0,1.4410379,10.330335
2026-08-05 22:00:00+02:00,20.1955,2.16,8.28,40.0,0.0,34040.0,1.643036,18.62069
2026-08-05 23:00:00+02:00,19.4455,3.671294,7.2,56.0,0.0,22880.0,1.8227848,17.21225
2026-08-06 00:00:00+02:00,19.345499,4.39436,15.84,40.0,0.1,28140.0,3.286072,18.096056
2026-08-06 01:00:00+02:00,19.1455,2.968636,5.3999996,55.0,0.0,26580.0,1.8788835,22.422277
2026-08-06 02:00:00+02:00,19.095499,4.6938252,7.2,47.0,0.0,31260.0,1.0189676,21.944693
2026-08-06 03:00:00+02:00,17.9455,5.1919937,9.72,48.0,0.0,25940.0,0.4556962,23.700268
2026-08-06 04:00:00+02:00,16.9455,4.8965297,10.08,52.0,0.0,19720.0,1.3670886,23.265514
2026-08-06 05:00:00+02:00,17.495499,2.968636,8.64,34.0,0.0,28820.0,3.757767,20.265303
2026-08-06 06:00:00+02:00,17.7955,3.6,3.96,59.0,0.0,34080.0,2.0379353,18.51695
2026-08-06 07:00:00+02:00,17.245499,4.3498964,9.0,56.0,0.0,24120.0,1.4410379,18.25503
2026-08-06 08:00:00+02:00,18.4455,1.0182338,7.5599995,33.0,0.0,16380.0,2.6571426,18.096056
2026-08-06 09:00:00+02:00,20.9455,3.319036,8.28,25.0,0.0,27560.0,1.8788835,19.171173
2026-08-06 10:00:00+02:00,21.6955,9.028754,13.679999,24.0,0.0,30120.0,3.89347,19.251387
2026-08-06 11:00:00+02:00,22.3955,9.83268,15.84,80.0,0.0,33460.0,6.0797453,19.271389
2026-08-06 12:00:00+02:00,23.095499,10.931203,20.16,42.0,0.0,36580.0,8.976174,19.271389
2026-08-06 13:00:00+02:00,23.8955,11.177405,21.599998,81.0,0.0,38640.0,12.039351,22.82248
2026-08-06 14:00:00+02:00,25.245499,12.7279215,22.68,72.0,0.0,40080.0,11.760141,21.002802
2026-08-06 15:00:00+02:00,25.7955,12.144331,20.519999,57.0,0.0,40460.0,11.124962,23.757093
2026-08-06 16:00:00+02:00,25.6955,10.587917,19.8,58.0,0.0,40640.0,12.030725,21.510277
2026-08-06 17:00:00+02:00,25.6955,9.227524,19.44,77.0,0.0,40860.0,10.725815,22.490902
2026-08-06 18:00:00+02:00,25.3955,6.638072,15.4800005,72.0,0.0,40800.0,11.4288025,21.230852
2026-08-06 19:00:00+02:00,25.0455,2.16,13.679999,75.0,0.0,40780.0,10.520564,19.871765
2026-08-06 20:00:00+02:00,24.3955,4.1046314,8.28,73.0,0.0,41060.0,10.189676,15.89741
2026-08-06 21:00:00+02:00,22.2955,4.452954,7.2,48.0,0.0,39840.0,7.20519,17.577684
2026-08-06 22:00:00+02:00,20.345499,5.0142193,12.959999,71.0,0.0,35780.0,5.9240503,16.70105
2026-08-06 23:00:00+02:00,21.345499,5.3999996,8.64,53.0,0.0,39980.0,8.402622,16.018122
2026-08-07 00:00:00+02:00,20.0455,5.0142193,10.08,56.0,0.0,39580.0,1.4410379,13.427569
2026-08-07 01:00:00+02:00,19.1955,4.3349743,8.64,53.0,0.0,39920.0,0.9113924,15.824542
2026-08-07 02:00:00+02:00,17.495499,6.1305785,6.4799995,38.0,0.0,31100.0,4.201311,15.824542
2026-08-07 03:00:00+02:00,17.245499,3.4152596,11.159999,15.0,0.0,34460.0,5.155614,15.517241
2026-08-07 04:00:00+02:00,16.4955,3.8268526,6.12,9.0,0.0,33740.0,1.9333551,15.628565
2026-08-07 05:00:00+02:00,15.3955,4.6102495,4.68,21.0,0.0,27540.0,3.0569031,14.490146
2026-08-07 06:00:00+02:00,15.5955,4.6938257,8.64,11.0,0.0,30720.0,3.286072,12.780782
2026-08-07 07:00:00+02:00,15.6955,4.510787,8.28,13.0,0.0,28840.0,5.487309,14.948187
2026-08-07 08:00:00+02:00,16.6455,1.9386592,7.5599995,10.0,0.0,18800.0,2.278481,17.643314
2026-08-07 09:00:00+02:00,19.1455,3.96,9.36,6.0,0.0,35980.0,1.8788835,18.0
2026-08-07 10:00:00+02:00,20.745499,7.8954163,10.799999,0.0,0.0,36820.0,3.0569031,21.139927
2026-08-07 11:00:00+02:00,21.745499,11.91812,17.28,5.0,0.0,39240.0,6.198138,21.510277
2026-08-07 12:00:00+02:00,22.9455,12.181625,19.44,7.0,0.0,40120.0,7.0743074,21.066906
2026-08-07 13:00:00+02:00,24.1955,12.661564,21.24,24.0,0.0,40840.0,10.240498,24.143152
2026-08-07 14:00:00+02:00,25.2955,13.979871,20.519999,37.0,0.0,41280.0,13.309138,22.422277
2026-08-07 15:00:00+02:00,25.9455,11.384199,23.039999,16.0,0.0,41500.0,13.309138,22.422277
2026-08-07 16:00:00+02:00,26.3955,11.183201,18.72,41.0,0.0,41820.0,10.401459,21.94469
2026-08-07 17:00:00+02:00,25.7955,10.8955765,21.96,31.0,0.0,41740.0,9.994198,23.090988
2026-08-07 18:00:00+02:00,25.6455,10.440001,23.039999,38.0,0.0,41840.0,13.464261,21.71527
2026-08-07 19:00:00+02:00,24.9455,6.924738,22.68,46.0,0.0,41720.0,14.927093,18.096056
2026-08-07 20:00:00+02:00,24.5455,1.8,14.4,38.0,0.0,41240.0,8.646228,18.26558
2026-08-07 21:00:00+02:00,22.095499,2.8116899,4.32,23.0,0.0,40320.0,5.195736,18.096056
2026-08-07 22:00:00+02:00,18.4455,6.792466,15.119999,35.0,0.0,34920.0,3.2222586,16.185604
2026-08-07 23:00:00+02:00,18.495499,4.3349743,12.599999,72.0,0.0,34720.0,4.0758705,21.230852
2026-08-08 00:00:00+02:00,17.745499,5.3517847,10.440001,8.0,0.0,33920.0,1.8227848,22.973904
2026-08-08 01:00:00+02:00,16.995499,5.495161,11.159999,0.0,0.0,32280.0,2.0379353,21.357496
2026-08-08 02:00:00+02:00,16.2955,6.489992,10.440001,0.0,0.0,31620.0,4.9291077,20.818563
2026-08-08 03:00:00+02:00,16.1455,5.6233797,12.599999,0.0,0.0,31860.0,5.195736,18.631031
2026-08-08 04:00:00+02:00,15.745501,5.3999996,11.5199995,0.0,0.0,31600.0,4.201311,16.952896
2026-08-08 05:00:00+02:00,15.4455,6.28713,10.440001,0.0,0.0,30220.0,4.201311,12.96038
2026-08-08 06:00:00+02:00,15.1455,5.95906,8.28,0.0,0.0,30560.0,3.4704785,10.998648
2026-08-08 07:00:00+02:00,15.545501,5.1165614,7.5599995,0.0,0.0,32460.0,4.0758705,7.777219
2026-08-08 08:00:00+02:00,18.095499,0.8049845,6.12,0.0,0.0,33760.0,2.453999,9.655664
2026-08-08 09:00:00+02:00,20.0455,3.0758414,8.28,0.0,0.0,34920.0,0.64445174,12.289027
2026-08-08 10:00:00+02:00,22.1955,5.4477882,13.32,0.0,0.0,39100.0,0.4556962,14.072007
2026-08-08 11:00:00+02:00,23.245499,10.30883,15.84,0.0,0.0,40140.0,2.8820758,16.677967
2026-08-08 12:00:00+02:00,24.6455,11.503113,18.359999,0.0,0.0,41020.0,4.6916795,16.245003
2026-08-08 13:00:00+02:00,26.095499,12.522619,20.16,0.0,0.0,42080.0,5.709857,18.127962
2026-08-08 14:00:00+02:00,27.2955,13.32,21.96,0.0,0.0,42620.0,10.401459,19.430658
2026-08-08 15:00:00+02:00,27.995499,12.783802,21.96,0.0,0.0,42420.0,9.045312,20.66067
2026-08-08 16:00:00+02:00,28.2955,12.324414,20.880001,0.0,0.0,42620.0,8.706063,20.208189
2026-08-08 17:00:00+02:00,28.3955,11.27553,20.519999,0.0,0.0,42820.0,8.598059,18.91831
2026-08-08 18:00:00+02:00,28.0455,9.504273,23.4,0.0,0.0,42620.0,6.728273,21.085184
2026-08-08 19:00:00+02:00,27.495499,5.815978,21.24,0.0,0.0,42660.0,4.9291077,22.014801
2026-08-08 20:00:00+02:00,26.245499,1.484318,11.5199995,0.0,0.0,42160.0,2.6571426,22.490902
2026-08-08 21:00:00+02:00,22.6455,6.193674,10.440001,0.0,0.0,40700.0,6.1307654,24.966848
2026-08-08 22:00:00+02:00,19.995499,7.2,14.4,0.0,0.0,38440.0,9.688234,25.831429
2026-08-08 23:00:00+02:00,19.995499,6.9247384,14.04,0.0,0.0,38220.0,9.350104,23.298607
2026-08-09 00:00:00+02:00,19.095499,7.2,14.4,0.0,0.0,37560.0,9.994198,26.40668
2026-08-09 01:00:00+02:00,18.595499,6.489992,14.759999,0.0,0.0,37080.0,10.974618,29.999285
2026-08-09 02:00:00+02:00,18.745499,6.3690495,12.599999,0.0,0.0,38680.0,11.319258,28.853722
2026-08-09 03:00:00+02:00,18.5455,7.653705,14.4,0.0,0.0,39840.0,11.671517,24.989985
2026-08-09 04:00:00+02:00,17.1955,6.193674,14.4,0.0,0.0,39940.0,9.350104,20.52034
2026-08-09 05:00:00+02:00,16.845499,7.491114,12.599999,0.0,0.0,40040.0,10.311228,19.161121
2026-08-09 06:00:00+02:00,16.5455,7.653705,15.119999,0.0,0.0,40840.0,10.754816,17.290411
2026-08-09 07:00:00+02:00,15.995501,6.618519,14.4,0.0,0.0,40480.0,11.501252,14.753624
2026-08-09 08:00:00+02:00,19.845499,3.319036,12.599999,0.0,0.0,41200.0,9.858215,17.390388
2026-08-09 09:00:00+02:00,22.245499,0.5091169,4.68,0.0,0.0,22580.0,8.987734,17.043554
2026-08-09 10:00:00+02:00,24.4455,2.5455842,7.92,0.0,0.0,39300.0,6.728273,15.517241
2026-08-09 11:00:00+02:00,26.1955,3.396233,7.92,0.0,0.0,41320.0,6.835443,18.096056
2026-08-09 12:00:00+02:00,27.995499,6.6185193,15.84,0.0,0.0,44340.0,3.67394,20.208189
2026-08-09 13:00:00+02:00,29.595499,9.449572,22.319998,0.0,0.0,47980.0,2.6571426,21.002802
2026-08-09 14:00:00+02:00,29.5455,16.279802,27.0,0.0,0.0,47340.0,17.981243,22.387888
2026-08-09 15:00:00+02:00,28.245499,11.726277,37.8,0.0,0.0,45020.0,22.42192,6.939521
2026-08-09 16:00:00+02:00,25.3955,8.4963045,36.0,0.0,0.1,41660.0,12.039351,31.849302
2026-08-09 17:00:00+02:00,27.2955,9.360001,18.359999,0.0,0.0,42360.0,15.318443,29.702448
2026-08-09 18:00:00+02:00,28.5455,6.8399997,18.359999,0.0,0.0,43580.0,17.105307,34.636482
2026-08-09 19:00:00+02:00,28.095499,5.8048253,16.199999,0.0,0.0,43400.0,20.364061,32.84967
2026-08-09 20:00:00+02:00,26.1955,1.609969,11.879999,0.0,0.0,42400.0,8.765491,27.709465
2026-08-09 21:00:00+02:00,21.3955,6.297428,19.44,0.0,0.8,40440.0,11.618018,24.804298
2026-08-09 22:00:00+02:00,19.1455,8.049845,16.56,0.0,0.0,35620.0,28.065113,32.525555
2026-08-09 23:00:00+02:00,20.0455,8.217153,16.919998,0.0,0.0,39420.0,18.142204,40.196545
2026-08-10 00:00:00+02:00,18.495499,6.638072,14.759999,0.0,0.0,39480.0,9.350104,24.780989
2026-08-10 01:00:00+02:00,17.745499,5.6002855,12.599999,0.0,0.0,39240.0,7.4739733,23.03252
2026-08-10 02:00:00+02:00,16.6955,7.386582,13.32,0.0,0.0,38320.0,7.0889688,26.428555
2026-08-10 03:00:00+02:00,16.5455,7.653705,16.199999,0.0,0.0,39540.0,10.331347,25.455843
2026-08-10 04:00:00+02:00,15.795501,6.1094027,14.04,0.0,0.0,39320.0,8.706063,24.206896
2026-08-10 05:00:00+02:00,16.6955,7.9932966,14.04,0.0,0.0,40320.0,8.062088,23.3729
2026-08-10 06:00:00+02:00,16.0455,8.209263,16.199999,0.0,0.0,39580.0,8.215179,18.98945
2026-08-10 07:00:00+02:00,15.3455,6.9153743,16.199999,0.0,0.0,37080.0,7.840093,17.654228
2026-08-10 08:00:00+02:00,18.1455,5.1919937,13.32,0.0,0.0,36160.0,6.9559,19.161121
2026-08-10 09:00:00+02:00,21.7955,1.8,8.64,0.0,0.0,39840.0,8.476439,19.480164
2026-08-10 10:00:00+02:00,23.245499,3.5455887,9.72,0.0,0.0,39900.0,3.2222586,21.944693
2026-08-10 11:00:00+02:00,23.3955,8.0899935,14.04,0.0,0.0,40940.0,3.67394,31.679502
2026-08-10 12:00:00+02:00,24.845499,2.7416782,16.919998,0.0,0.0,41940.0,3.1898732,29.487658
2026-08-10 13:00:00+02:00,26.245499,5.95906,16.919998,0.0,0.0,43040.0,7.5842957,40.28271
2026-08-10 14:00:00+02:00,27.0455,12.181624,24.48,0.0,0.0,42940.0,6.198138,40.530605
2026-08-10 15:00:00+02:00,27.9455,12.594856,30.239998,0.0,0.0,43240.0,5.941551,43.43054
2026-08-10 16:00:00+02:00,28.5455,12.387348,32.039997,0.0,0.0,42960.0,8.074956,45.10582
2026-08-10 17:00:00+02:00,28.8955,9.422101,26.28,0.0,0.0,43820.0,8.074956,37.907825
2026-08-10 18:00:00+02:00,28.5455,9.83268,26.64,0.0,0.0,43080.0,11.096928,34.636482
2026-08-10 19:00:00+02:00,27.1955,8.12197,24.84,0.0,0.0,42460.0,11.848101,29.27787
2026-08-10 20:00:00+02:00,26.1955,5.8603754,15.4800005,0.0,0.0,43380.0,11.273301,24.238705
2026-08-10 21:00:00+02:00,22.8955,5.692099,10.08,0.0,0.0,42560.0,6.524576,31.903688
2026-08-10 22:00:00+02:00,18.9455,6.6087217,12.599999,0.0,0.0,38280.0,6.835443,31.921795
2026-08-10 23:00:00+02:00,19.095499,7.7879906,15.119999,0.0,0.0,38320.0,2.7718916,30.439116
2026-08-11 00:00:00+02:00,18.345499,6.4096174,15.119999,0.0,0.0,38100.0,4.0758705,30.722569
2026-08-11 01:00:00+02:00,18.1455,6.489992,13.32,0.0,0.0,38620.0,8.84802,25.5691
2026-08-11 02:00:00+02:00,18.1955,6.989936,12.24,0.0,0.0,38960.0,8.706063,24.389233
2026-08-11 03:00:00+02:00,17.845499,6.638072,12.959999,0.0,0.0,39360.0,8.062088,23.496197
2026-08-11 04:00:00+02:00,17.0455,6.1094027,12.24,0.0,0.0,38820.0,6.444517,22.653046
2026-08-11 05:00:00+02:00,16.745499,7.2,12.24,0.0,0.0,38420.0,6.1307654,21.733002
2026-08-11 06:00:00+02:00,16.595499,6.9153743,13.679999,0.0,0.0,38920.0,9.350104,19.871763
2026-08-11 07:00:00+02:00,16.0455,6.193674,13.32,0.0,0.0,37760.0,6.1307654,19.490047
2026-08-11 08:00:00+02:00,19.6455,2.0991426,11.5199995,0.0,0.0,40080.0,5.487309,21.185438
2026-08-11 09:00:00+02:00,21.095499,2.0991426,5.7599998,0.0,0.0,37820.0,4.0758705,18.096056
2026-08-11 10:00:00+02:00,22.845499,5.95906,10.799999,0.0,0.0,40080.0,2.278481,14.948187
2026-08-11 11:00:00+02:00,24.3955,6.379216,11.5199995,0.0,0.0,41160.0,0.4556962,11.809426
2026-08-11 12:00:00+02:00,26.095499,9.028754,14.04,0.0,0.0,41740.0,4.201311,10.1040945
2026-08-11 13:00:00+02:00,27.6455,10.931203,17.64,0.0,0.0,42780.0,6.524576,7.238423
2026-08-11 14:00:00+02:00,28.9455,13.009903,21.599998,0.0,0.0,43980.0,14.075039,7.0769506
2026-08-11 15:00:00+02:00,29.7955,13.75558,24.48,0.0,0.0,42500.0,16.73094,6.2068963
2026-08-11 16:00:00+02:00,30.345499,13.684735,26.64,0.0,0.0,44260.0,17.871193,0.6206896
2026-08-11 17:00:00+02:00,30.4455,15.273505,34.56,0.0,0.0,45720.0,23.329687,1.8620689
2026-08-11 18:00:00+02:00,29.745499,14.417988,34.92,0.0,0.0,44960.0,22.555809,3.9255857
2026-08-11 19:00:00+02:00,28.8955,9.746631,29.88,0.0,0.0,45340.0,17.15985,1.387904
2026-08-11 20:00:00+02:00,24.9455,10.383987,19.08,0.0,0.0,41860.0,7.78694,11.858258
2026-08-11 21:00:00+02:00,22.9455,9.47012,22.68,0.0,0.0,41120.0,13.9118,15.102031
2026-08-11 22:00:00+02:00,22.3955,14.57889,31.319998,0.0,0.0,41640.0,28.3632,10.236675
2026-08-11 23:00:00+02:00,20.1955,9.931042,26.28,0.0,0.0,38620.0,14.64622,10.678748
2026-08-12 00:00:00+02:00,17.9455,5.4119864,19.08,0.0,0.0,36980.0,10.955679,7.5510154
2026-08-12 01:00:00+02:00,17.345499,5.1165614,10.440001,0.0,0.0,36340.0,4.0758705,12.568007
2026-08-12 02:00:00+02:00,16.1455,4.896529,9.36,0.0,0.0,29320.0,3.8667102,14.490146
2026-08-12 03:00:00+02:00,15.745501,5.0142193,7.5599995,0.0,0.0,26780.0,2.278481,11.444951
2026-08-12 04:00:00+02:00,16.6455,5.1165614,5.7599998,0.0,0.0,32300.0,0.4556962,7.777219
2026-08-12 05:00:00+02:00,15.1955,6.12,6.12,0.0,0.0,28480.0,2.577807,3.6192114
2026-08-12 06:00:00+02:00,14.8955,7.2,11.5199995,0.0,0.0,27120.0,1.8788835,1.387904
2026-08-12 07:00:00+02:00,15.4455,7.145796,9.0,0.0,0.0,27480.0,2.0379353,1.2413791
2026-08-12 08:00:00+02:00,17.5455,1.609969,7.2,0.0,0.0,26280.0,0.0,2.775808
2026-08-12 09:00:00+02:00,20.1955,0.5091169,3.6,0.0,0.0,24980.0,1.0189676,3.3425157
2026-08-12 10:00:00+02:00,22.345499,1.484318,4.68,0.0,0.0,37980.0,0.64445174,4.1637125
2026-08-12 11:00:00+02:00,23.995499,3.0758414,5.7599998,0.0,0.0,40980.0,1.643036,2.775808
2026-08-12 12:00:00+02:00,25.845499,8.12197,11.879999,0.0,0.0,41500.0,3.0569031,5.6205835
2026-08-12 13:00:00+02:00,27.495499,10.041354,16.199999,0.0,0.0,43720.0,6.728273,5.7224755
2026-08-12 14:00:00+02:00,28.845499,11.440978,16.199999,0.0,0.0,42560.0,8.84802,6.2068963
2026-08-12 15:00:00+02:00,29.7955,12.429127,20.16,0.0,0.0,42180.0,11.392405,3.9255857
2026-08-12 16:00:00+02:00,30.595499,11.367109,20.880001,0.0,0.0,43900.0,15.044876,2.4827583
2026-08-12 17:00:00+02:00,30.845499,11.659777,23.4,0.0,0.0,46880.0,16.755745,6.113084
2026-08-12 18:00:00+02:00,30.6955,10.853866,25.919998,0.0,0.0,46100.0,24.64554,7.677507
2026-08-12 19:00:00+02:00,29.5455,8.225035,25.919998,0.0,0.0,47520.0,16.162766,10.569963
2026-08-12 20:00:00+02:00,26.5455,7.5942082,16.199999,0.0,0.0,46140.0,9.079681,11.189642
2026-08-12 21:00:00+02:00,22.495499,6.489992,11.879999,0.0,0.0,42480.0,8.561753,5.855574
2026-08-12 22:00:00+02:00,19.9455,5.1165614,12.24,0.0,0.0,40580.0,3.8667102,7.0769506
2026-08-12 23:00:00+02:00,19.345499,6.151683,9.0,0.0,0.0,40320.0,2.0379353,1.2413791
2026-08-13 00:00:00+02:00,18.995499,6.6087217,11.159999,0.0,0.0,40000.0,1.8788835,1.8620689
2026-08-13 01:00:00+02:00,18.5455,6.193674,11.159999,0.0,0.0,39340.0,4.101266,3.1649084
2026-08-13 02:00:00+02:00,18.595499,7.10031,9.36,0.0,0.0,39700.0,4.6916795,4.3889384
2026-08-13 03:00:00+02:00,18.5455,6.696387,11.159999,0.0,0.0,39760.0,5.155614,5.855574
2026-08-13 04:00:00+02:00,18.095499,6.696387,8.28,0.0,0.0,39540.0,6.1138062,6.6850314
2026-08-13 05:00:00+02:00,17.7955,6.6087217,11.159999,0.0,0.0,39580.0,5.195736,8.777877
2026-08-13 06:00:00+02:00,17.7955,6.696387,9.72,0.0,0.0,39820.0,5.3142853,7.4740934
2026-08-13 07:00:00+02:00,17.9455,6.4096174,6.8399997,0.0,0.0,39500.0,3.9200466,8.281033
2026-08-13 08:00:00+02:00,20.1455,2.5455842,6.4799995,0.0,0.0,37880.0,3.67394,6.939521
2026-08-13 09:00:00+02:00,22.745499,2.3051248,5.7599998,0.0,0.0,38300.0,3.5591009,5.551616
2026-08-13 10:00:00+02:00,24.6955,5.6920996,9.36,0.0,0.0,40800.0,1.2889035,6.2068963
2026-08-13 11:00:00+02:00,26.1455,6.830519,10.440001,0.0,0.0,41720.0,0.9113924,5.00416
2026-08-13 12:00:00+02:00,28.0455,7.968939,11.879999,0.0,0.0,43080.0,2.3236039,3.9255857
2026-08-13 13:00:00+02:00,29.5455,10.829959,17.64,0.0,0.0,45140.0,5.543783,3.3425157
2026-08-13 14:00:00+02:00,30.745499,12.864649,19.8,0.0,0.0,45500.0,9.515216,1.7555753
2026-08-13 15:00:00+02:00,31.745499,13.979871,24.84,0.0,0.0,49720.0,15.09311,1.387904
2026-08-13 16:00:00+02:00,32.1955,13.339445,26.64,0.0,0.0,53500.0,17.725351,2.5591688
2026-08-13 17:00:00+02:00,31.995499,13.004921,27.0,0.0,0.0,48140.0,19.642567,4.475857
2026-08-13 18:00:00+02:00,31.9455,9.746631,29.16,0.0,0.0,51840.0,17.292456,7.2649856
2026-08-13 19:00:00+02:00,31.1455,6.2145634,23.039999,0.0,0.0,53260.0,15.5538645,3.9255857
2026-08-13 20:00:00+02:00,29.3955,3.319036,11.879999,0.0,0.0,50480.0,9.294415,1.8620689
2026-08-13 21:00:00+02:00,22.3955,6.696387,15.4800005,0.0,0.0,43240.0,6.9559,6.113084
2026-08-13 22:00:00+02:00,20.6955,6.792466,13.679999,0.0,0.0,42600.0,0.4556962,2.2379284
2026-08-13 23:00:00+02:00,19.995499,7.24486,13.32,0.0,0.0,40840.0,2.7718916,3.3425157
2026-08-14 00:00:00+02:00,19.745499,7.24486,14.759999,0.0,0.0,41000.0,4.6472077,3.7755077
2026-08-14 01:00:00+02:00,19.495499,6.6087217,13.679999,0.0,0.0,41260.0,8.513107,4.5186887
2026-08-14 02:00:00+02:00,19.245499,7.5942082,13.32,0.0,0.0,40920.0,7.7602262,4.9655166
2026-08-14 03:00:00+02:00,18.8955,6.989936,14.759999,0.0,0.0,40840.0,7.34788,6.48019
2026-08-14 04:00:00+02:00,18.5455,6.618519,13.32,0.0,0.0,40860.0,8.987734,9.164372
2026-08-14 05:00:00+02:00,18.2955,6.696387,12.24,0.0,0.0,40740.0,7.7334204,9.494725
2026-08-14 06:00:00+02:00,17.995499,6.489992,10.440001,0.0,0.0,40700.0,5.195736,9.950412
2026-08-14 07:00:00+02:00,17.7955,6.489992,7.5599995,0.0,0.0,40240.0,3.9200466,10.624495
2026-08-14 08:00:00+02:00,19.7955,3.7585104,7.92,0.0,0.0,38600.0,4.101266,11.858258
2026-08-14 09:00:00+02:00,23.0455,0.8049845,6.12,0.0,0.0,24120.0,3.89347,12.475707
2026-08-14 10:00:00+02:00,25.6455,1.4399999,4.32,0.0,0.0,41220.0,2.453999,11.809426
2026-08-14 11:00:00+02:00,27.2955,2.9024127,6.4799995,0.0,0.0,43200.0,0.9113924,8.689655
2026-08-14 12:00:00+02:00,29.345499,6.924738,11.5199995,0.0,0.0,45260.0,4.488087,6.939521
2026-08-14 13:00:00+02:00,30.6455,9.531505,15.119999,0.0,0.0,48320.0,8.377872,4.7270317
2026-08-14 14:00:00+02:00,31.8955,12.313893,18.359999,0.0,0.0,52900.0,14.148615,1.387904
2026-08-14 15:00:00+02:00,32.5455,13.698934,24.84,0.0,0.0,56020.0,19.035887,5.1183376
2026-08-14 16:00:00+02:00,32.7455,12.964998,29.16,0.0,0.0,54820.0,19.274387,13.196042
2026-08-14 17:00:00+02:00,32.4455,13.084402,27.0,0.0,0.0,51640.0,23.289597,16.677967
2026-08-14 18:00:00+02:00,27.4455,18.532135,42.48,0.0,0.0,42700.0,24.27197,22.653046
2026-08-14 19:00:00+02:00,27.1455,8.707237,34.2,0.0,0.0,43340.0,19.868563,18.98945
2026-08-14 20:00:00+02:00,23.245499,10.495713,33.839996,0.0,0.0,41080.0,27.681435,14.476846
2026-08-14 21:00:00+02:00,23.595499,8.217153,27.0,0.0,0.5,42300.0,24.9803,15.012479
2026-08-14 22:00:00+02:00,21.095499,4.510787,15.119999,0.0,0.0,40440.0,4.201311,17.665136
2026-08-14 23:00:00+02:00,18.2955,5.154415,11.879999,0.0,0.0,39360.0,11.501252,11.987508
2026-08-15 00:00:00+02:00,16.6455,7.491114,13.679999,0.0,0.0,33620.0,5.3142853,12.780782
2026-08-15 01:00:00+02:00,16.095499,6.989936,11.879999,0.0,0.0,33220.0,6.347113,8.777877
2026-08-15 02:00:00+02:00,16.4955,7.7879906,12.959999,0.0,0.0,33100.0,5.941551,9.392738
2026-08-15 03:00:00+02:00,16.5455,7.42159,15.119999,0.0,0.0,34540.0,6.940957,10.274241
2026-08-15 04:00:00+02:00,16.1955,7.145796,12.959999,0.0,0.0,34160.0,8.36547,11.711148
2026-08-15 05:00:00+02:00,15.995501,7.7043357,14.04,0.0,0.0,33860.0,9.612922,11.0510645
2026-08-15 06:00:00+02:00,15.795501,7.386582,14.4,0.0,0.0,34420.0,7.7602262,10.678748
2026-08-15 07:00:00+02:00,15.545501,6.8777895,11.879999,0.0,0.0,34180.0,7.418196,9.474416
2026-08-15 08:00:00+02:00,18.8955,3.2599385,10.440001,0.0,0.0,39080.0,4.844117,10.00832
2026-08-15 09:00:00+02:00,21.4455,1.9386592,5.7599998,0.0,0.0,23520.0,1.8788835,10.839878
2026-08-15 10:00:00+02:00,23.1455,1.835647,6.12,0.0,0.0,39720.0,1.3670886,12.4911375
2026-08-15 11:00:00+02:00,24.9455,5.154415,7.5599995,0.0,0.0,42060.0,3.3175182,12.795844
2026-08-15 12:00:00+02:00,25.3955,1.9386592,11.879999,0.0,0.0,42180.0,0.64445174,12.320337
2026-08-15 13:00:00+02:00,27.345499,2.7416782,8.28,0.0,0.0,43020.0,2.0379353,12.5680065
2026-08-15 14:00:00+02:00,29.1955,9.885262,14.759999,0.0,0.0,47160.0,3.0569031,10.606349
2026-08-15 15:00:00+02:00,29.245499,3.563818,15.119999,0.0,0.0,45680.0,6.1138062,11.595439
2026-08-15 16:00:00+02:00,23.2955,11.384199,41.760002,0.0,0.6,40660.0,8.513107,12.795844
2026-08-15 17:00:00+02:00,28.8955,8.311245,19.08,0.0,0.0,42920.0,17.026215,8.951714
2026-08-15 18:00:00+02:00,27.1455,8.287822,23.039999,0.0,0.1,41480.0,5.562481,7.777219
2026-08-15 19:00:00+02:00,23.845499,11.304229,38.519997,0.0,0.0,41440.0,10.066657,8.442291
2026-08-15 20:00:00+02:00,24.2955,5.937272,20.519999,0.0,0.0,41640.0,7.3619976,19.871763
2026-08-15 21:00:00+02:00,20.095499,6.9527545,13.32,0.0,0.0,39420.0,11.124962,19.900824
2026-08-15 22:00:00+02:00,19.1955,6.1305785,13.32,0.0,0.0,39660.0,11.671517,19.28138
2026-08-15 23:00:00+02:00,19.4455,6.297428,11.879999,0.0,0.0,40540.0,9.994198,14.275861
2026-08-16 00:00:00+02:00,19.345499,6.638072,13.32,0.0,0.0,40720.0,9.752324,13.711481
2026-08-16 01:00:00+02:00,18.9455,5.8603754,11.879999,0.0,0.0,40660.0,12.0307255,13.093462
2026-08-16 02:00:00+02:00,18.2955,6.193674,10.08,0.0,0.0,39720.0,9.752324,11.809426
2026-08-16 03:00:00+02:00,18.245499,6.618519,11.879999,0.0,0.0,40340.0,9.045312,10.569963
2026-08-16 04:00:00+02:00,17.4455,5.8603754,12.24,0.0,0.0,39940.0,9.022324,9.037377
2026-08-16 05:00:00+02:00,17.095499,6.9153743,11.5199995,0.0,0.0,39140.0,6.7744107,12.051613
2026-08-16 06:00:00+02:00,17.095499,6.193674,13.32,0.0,0.0,39520.0,6.198138,10.00832
2026-08-16 07:00:00+02:00,16.9455,6.1094027,9.36,0.0,0.0,39000.0,3.2222586,10.4046545
2026-08-16 08:00:00+02:00,20.1455,2.968636,6.12,0.0,0.0,40280.0,3.9200466,10.714764
2026-08-16 09:00:00+02:00,21.995499,2.1897945,6.8399997,0.0,0.0,39420.0,10.280973,8.1638975
2026-08-16 10:00:00+02:00,23.6955,3.6179552,9.0,0.0,0.0,40700.0,11.087566,5.00416
2026-08-16 11:00:00+02:00,24.9455,9.504273,21.96,0.0,0.0,41900.0,11.848101,5.00416
2026-08-16 12:00:00+02:00,26.495499,8.891344,21.24,0.0,0.0,42080.0,6.9559,8.951714
2026-08-16 13:00:00+02:00,27.6455,11.384199,19.08,0.0,0.0,42340.0,9.515216,9.655664
2026-08-16 14:00:00+02:00,28.3955,13.049689,23.039999,0.0,0.0,42540.0,12.2276125,10.180067
2026-08-16 15:00:00+02:00,27.5455,14.113653,35.28,0.0,0.0,42840.0,21.878162,4.5186887
2026-08-16 16:00:00+02:00,22.1955,16.418526,38.88,0.0,2.1,38400.0,15.148044,3.9255857
2026-08-16 17:00:00+02:00,23.0455,8.707238,31.68,0.0,0.1,40360.0,8.646228,4.5186887
2026-08-16 18:00:00+02:00,22.6955,8.825508,18.72,6.0,0.0,40880.0,11.392405,9.813965
2026-08-16 19:00:00+02:00,22.1955,7.8954163,24.48,0.0,0.1,40040.0,9.215885,13.739551
2026-08-16 20:00:00+02:00,21.845499,5.1165614,14.759999,0.0,0.0,39980.0,2.9178793,27.317396
2026-08-16 21:00:00+02:00,18.995499,5.8048253,9.72,32.0,0.0,30440.0,5.3142853,22.76332
2026-08-16 22:00:00+02:00,18.9455,3.8268526,12.24,22.0,0.0,33660.0,7.3619976,19.725824
2026-08-16 23:00:00+02:00,20.245499,5.3517847,7.2,63.0,0.0,38460.0,1.4410379,22.499464
2026-08-17 00:00:00+02:00,18.1955,6.6185193,14.759999,40.0,0.0,30440.0,6.572144,25.020798
2026-08-17 01:00:00+02:00,17.495499,5.904439,14.04,9.0,0.0,30120.0,8.402622,25.020798
2026-08-17 02:00:00+02:00,17.495499,6.792466,12.24,30.0,0.0,30900.0,6.9559,19.803793
2026-08-17 03:00:00+02:00,17.245499,6.193674,13.32,0.0,0.0,31820.0,7.1182017,15.012479
2026-08-17 04:00:00+02:00,16.6455,5.6233797,11.159999,0.0,0.0,30340.0,5.709857,13.326771
2026-08-17 05:00:00+02:00,16.3955,5.1919937,8.64,24.0,0.0,29260.0,4.201311,11.939203
2026-08-17 06:00:00+02:00,16.1455,7.4128532,14.759999,11.0,0.0,27880.0,9.045312,13.612786
2026-08-17 07:00:00+02:00,16.6455,4.6102495,13.32,0.0,0.0,30640.0,9.045312,9.310345
2026-08-17 08:00:00+02:00,18.845499,0.8049845,12.599999,5.0,0.0,35600.0,6.347113,11.444951
2026-08-17 09:00:00+02:00,19.5455,3.6,8.28,0.0,0.0,29300.0,8.598059,18.074755
2026-08-17 10:00:00+02:00,19.0455,12.261157,29.16,61.0,0.9,4880.0,10.280973,35.96252
2026-08-17 11:00:00+02:00,18.095499,8.14587,28.08,80.0,4.9,26680.0,13.889393,34.08711
2026-08-17 12:00:00+02:00,19.8955,4.829907,18.359999,48.0,7.1,34420.0,11.419714,40.464016
2026-08-17 13:00:00+02:00,18.595499,9.793059,25.919998,70.0,2.4,4520.0,4.201311,29.14599
2026-08-17 14:00:00+02:00,17.5455,5.495161,25.919998,82.0,2.5,2880.0,2.0379353,40.663464
2026-08-17 15:00:00+02:00,19.7955,5.6920996,25.919998,56.0,3.1,34140.0,8.765491,46.13607
2026-08-17 16:00:00+02:00,20.345499,5.771239,14.04,19.0,0.0,35720.0,13.525812,32.281826
2026-08-17 17:00:00+02:00,21.245499,5.937272,10.799999,46.0,0.0,38500.0,10.831774,38.886093
2026-08-17 18:00:00+02:00,20.595499,5.692099,11.5199995,58.0,0.0,32380.0,7.20519,36.64172
2026-08-17 19:00:00+02:00,19.6455,7.8954163,17.28,31.0,0.0,30900.0,3.2222586,39.850014
2026-08-17 20:00:00+02:00,18.8955,6.9247384,14.759999,13.0,0.0,31220.0,3.4704785,38.04478
2026-08-17 21:00:00+02:00,18.495499,5.00128,13.32,17.0,0.0,38620.0,6.7744107,40.387775
2026-08-17 22:00:00+02:00,17.745499,3.8268526,9.36,58.0,0.0,32880.0,4.488087,33.367477
2026-08-17 23:00:00+02:00,16.6955,6.696387,9.72,69.0,0.0,26360.0,5.333787,33.797676
2026-08-18 00:00:00+02:00,16.1455,7.2,14.4,70.0,0.0,28140.0,4.757608,32.192196
2026-08-18 01:00:00+02:00,15.545501,7.2,14.4,50.0,0.0,23940.0,6.330734,32.25795
2026-08-18 02:00:00+02:00,15.9455,7.7879906,14.4,73.0,0.0,29460.0,9.394418,40.587597
2026-08-18 03:00:00+02:00,16.2455,6.6087217,16.199999,74.0,0.0,31000.0,7.20519,37.00268
2026-08-18 04:00:00+02:00,15.6455,6.193674,12.24,70.0,0.0,27140.0,5.506198,34.474827
2026-08-18 05:00:00+02:00,15.8455,6.638072,12.599999,73.0,0.0,27000.0,3.89347,30.816475
2026-08-18 06:00:00+02:00,16.0455,5.904439,14.4,52.0,0.0,30120.0,7.971428,28.048029
2026-08-18 07:00:00+02:00,15.745501,6.1305785,12.959999,50.0,0.0,26480.0,9.022324,27.48611
2026-08-18 08:00:00+02:00,17.995499,6.28713,12.599999,62.0,0.0,33400.0,11.883102,28.477415
2026-08-18 09:00:00+02:00,19.745499,4.1046314,12.24,41.0,0.0,28700.0,14.532351,26.9768
2026-08-18 10:00:00+02:00,20.8955,4.198285,10.08,3.0,0.0,32600.0,11.961482,24.928242
2026-08-18 11:00:00+02:00,20.095499,4.896529,17.28,52.0,0.0,32080.0,10.754816,20.331732
2026-08-18 12:00:00+02:00,20.8955,4.8965297,11.5199995,72.0,0.0,35620.0,11.282507,27.89653
2026-08-18 13:00:00+02:00,22.345499,5.1165614,12.599999,0.0,0.0,36360.0,12.767628,28.873745
2026-08-18 14:00:00+02:00,24.1455,7.145796,19.8,8.0,0.0,39860.0,11.124962,34.08711
2026-08-18 15:00:00+02:00,24.595499,6.1305785,22.319998,0.0,0.0,40160.0,12.039351,31.951952
2026-08-18 16:00:00+02:00,25.245499,8.287822,19.8,0.0,0.0,40460.0,8.377872,29.999285
2026-08-18 17:00:00+02:00,26.095499,10.799999,26.28,0.0,0.0,41820.0,7.3619976,31.81905
2026-08-18 18:00:00+02:00,25.6955,8.435069,25.199999,0.0,0.0,43260.0,6.444517,31.040686
2026-08-18 19:00:00+02:00,25.245499,6.3690495,17.64,0.0,0.0,43940.0,7.418196,29.702448
2026-08-18 20:00:00+02:00,24.3955,5.3999996,12.599999,0.0,0.0,43160.0,4.2990294,32.06629
2026-08-18 21:00:00+02:00,20.4455,5.4119864,10.08,0.0,0.0,41160.0,6.47666,34.362892
2026-08-18 22:00:00+02:00,18.1455,6.3690495,15.4800005,4.0,0.0,37980.0,10.035667,32.995945
2026-08-18 23:00:00+02:00,18.7955,7.289445,12.599999,3.0,0.0,38780.0,13.525812,36.15484
2026-08-19 00:00:00+02:00,18.3955,6.638072,14.4,0.0,0.0,38840.0,12.269996,36.261242
2026-08-19 01:00:00+02:00,17.595499,5.692099,12.599999,0.0,0.0,38240.0,11.760141,37.86207
2026-08-19 02:00:00+02:00,18.1455,6.989936,11.879999,3.0,0.0,38080.0,13.655687,39.280384
2026-08-19 03:00:00+02:00,17.6955,6.4096174,14.04,0.0,0.0,38000.0,15.553866,38.48776
2026-08-19 04:00:00+02:00,16.6955,5.634891,12.959999,0.0,0.0,37040.0,10.870049,36.668
2026-08-19 05:00:00+02:00,16.1455,6.696387,11.879999,0.0,0.0,37120.0,9.227144,37.943382
2026-08-19 06:00:00+02:00,16.1455,6.9153743,13.679999,0.0,0.0,38960.0,13.776805,38.72725
2026-08-19 07:00:00+02:00,15.545501,6.439876,13.32,0.0,0.0,37680.0,14.309151,36.641724
2026-08-19 08:00:00+02:00,18.345499,4.510787,12.599999,0.0,0.0,38320.0,12.396276,36.893196
2026-08-19 09:00:00+02:00,20.1955,2.3051248,7.92,0.0,0.0,30360.0,14.155951,36.74671
2026-08-19 10:00:00+02:00,21.995499,6.1305785,13.679999,0.0,0.0,40240.0,12.312233,37.882412
2026-08-19 11:00:00+02:00,22.9455,6.618519,16.56,0.0,0.0,40700.0,10.754816,37.493973
2026-08-19 12:00:00+02:00,24.245499,8.0899935,20.16,0.0,0.0,41080.0,10.677303,39.201843
2026-08-19 13:00:00+02:00,25.595499,9.339208,21.96,0.0,0.0,41340.0,8.753638,42.206898
2026-08-19 14:00:00+02:00,27.245499,11.304229,23.759998,0.0,0.0,42160.0,9.383359,45.85548
2026-08-19 15:00:00+02:00,28.2955,11.246759,27.72,0.0,0.0,42240.0,7.3619976,47.06203
2026-08-19 16:00:00+02:00,29.095499,10.296251,25.919998,0.0,0.0,42980.0,3.1898732,43.89816
2026-08-19 17:00:00+02:00,29.5455,8.4963045,24.84,0.0,0.0,44040.0,5.543783,38.632633
2026-08-19 18:00:00+02:00,29.745499,7.342588,21.24,0.0,0.0,44540.0,3.5591009,32.796856
2026-08-19 19:00:00+02:00,29.495499,7.42159,15.84,0.0,0.0,45120.0,31.849873,39.61245
2026-08-19 20:00:00+02:00,25.6455,6.489992,19.8,0.0,0.0,42580.0,23.06111,47.47363
2026-08-19 21:00:00+02:00,22.6455,10.594036,21.24,0.0,0.0,40920.0,31.040905,55.24486
2026-08-19 22:00:00+02:00,21.8955,10.041354,21.24,0.0,0.0,40140.0,35.94227,56.971737
2026-08-19 23:00:00+02:00,22.345499,10.931203,20.16,0.0,0.0,41660.0,30.586006,60.63728
2026-08-20 00:00:00+02:00,22.3955,11.298495,23.759998,0.0,0.0,42720.0,38.044495,59.98894
2026-08-20 01:00:00+02:00,21.345499,8.654986,22.68,0.0,0.0,41980.0,41.909187,56.809208
2026-08-20 02:00:00+02:00,21.9455,9.904906,16.919998,0.0,0.0,42360.0,35.371536,54.408676
2026-08-20 03:00:00+02:00,21.095499,9.0,19.08,0.0,0.0,41380.0,36.44715,56.741352
2026-08-20 04:00:00+02:00,21.245499,7.754637,24.84,0.0,0.3,34700.0,33.374886,65.145805
2026-08-20 05:00:00+02:00,20.845499,2.5959969,19.08,0.0,0.1,39920.0,21.996487,53.194946
2026-08-20 06:00:00+02:00,18.6955,5.0911684,15.4800005,0.0,0.0,36700.0,10.401459,51.770874
2026-08-20 07:00:00+02:00,18.345499,5.4833565,16.56,0.0,0.0,34560.0,17.400198,56.7006
2026-08-20 08:00:00+02:00,20.995499,6.6185193,14.04,0.0,0.0,40180.0,3.67394,55.366768
2026-08-20 09:00:00+02:00,22.1455,2.9024127,16.199999,0.0,0.0,40380.0,13.859459,55.992947
2026-08-20 10:00:00+02:00,22.6955,8.707237,19.44,0.0,0.0,39660.0,9.994198,54.747498
2026-08-20 11:00:00+02:00,22.1955,8.209263,21.24,0.0,0.0,39620.0,24.267694,46.819916
2026-08-20 12:00:00+02:00,21.6955,8.435069,21.96,0.0,0.1,37980.0,11.618018,42.574966
2026-08-20 13:00:00+02:00,23.5455,9.885262,24.84,0.0,0.0,39960.0,5.941551,42.133812
2026-08-20 14:00:00+02:00,24.245499,4.3349743,21.24,0.0,0.0,39620.0,14.989566,47.06203
2026-08-20 15:00:00+02:00,25.6955,7.653705,19.08,0.0,0.0,40180.0,9.994198,45.348587
2026-08-20 16:00:00+02:00,26.6455,12.229406,29.88,0.0,0.0,41720.0,4.757608,29.409164
2026-08-20 17:00:00+02:00,24.9455,10.853866,40.68,8.0,0.0,40240.0,8.315675,41.922977
2026-08-20 18:00:00+02:00,22.2955,6.5693827,28.44,47.0,2.1,4260.0,6.524576,31.612547
2026-08-20 19:00:00+02:00,21.5455,3.0758414,15.84,29.0,1.4,33260.0,11.4288025,41.367928
2026-08-20 20:00:00+02:00,22.3955,4.198285,21.24,0.0,3.2,39640.0,15.949366,41.66025
2026-08-20 21:00:00+02:00,19.5455,5.0142193,12.599999,0.0,0.0,33180.0,2.6571426,30.56542
2026-08-20 22:00:00+02:00,19.345499,3.6,12.599999,0.0,0.0,34080.0,3.286072,28.953691
2026-08-20 23:00:00+02:00,18.495499,2.5959969,10.440001,0.0,0.0,31440.0,6.1307654,34.80846
2026-08-21 00:00:00+02:00,17.9455,7.7879906,15.4800005,11.0,0.0,28900.0,6.940957,30.470741
2026-08-21 01:00:00+02:00,17.4455,3.8773184,16.56,73.0,0.0,26820.0,5.709857,27.737257
2026-08-21 02:00:00+02:00,16.995499,4.3498964,8.64,75.0,0.4,22080.0,7.418196,19.480164
2026-08-21 03:00:00+02:00,17.245499,1.5273507,17.28,73.0,1.9,9600.0,8.800955,14.289349
2026-08-21 04:00:00+02:00,16.745499,3.6,14.04,50.0,7.9,4120.0,13.223043,26.948225
2026-08-21 05:00:00+02:00,15.795501,3.319036,11.5199995,0.0,0.1,16340.0,3.9200466,27.04099
2026-08-21 06:00:00+02:00,15.6455,5.5887027,14.4,59.0,0.1,11080.0,3.89347,24.452335
2026-08-21 07:00:00+02:00,15.545501,4.3349743,9.0,57.0,0.6,4040.0,4.488087,18.98945
2026-08-21 08:00:00+02:00,15.4455,4.6800003,11.159999,89.0,2.5,720.0,1.4410379,23.040882
2026-08-21 09:00:00+02:00,15.8455,10.990322,23.039999,73.0,1.4,19260.0,16.411392,10.008319
2026-08-21 10:00:00+02:00,15.8955,7.653705,23.759998,94.0,1.2,6820.0,17.32245,7.499821
2026-08-21 11:00:00+02:00,14.5955,7.7879906,20.16,100.0,4.5,4580.0,4.0758705,13.781546
2026-08-21 12:00:00+02:00,14.4455,8.654987,20.519999,82.0,4.4,8260.0,3.8667102,20.103062
2026-08-21 13:00:00+02:00,14.4455,8.0899935,19.8,88.0,1.4,15380.0,1.0189676,14.648801
2026-08-21 14:00:00+02:00,14.1455,9.449572,16.56,100.0,0.9,19800.0,5.094838,17.245792
2026-08-21 15:00:00+02:00,13.9455,5.4833565,19.8,89.0,0.7,9020.0,1.8788835,30.56542
2026-08-21 16:00:00+02:00,14.495501,1.484318,12.24,89.0,0.6,23460.0,2.9178793,36.65749
2026-08-21 17:00:00+02:00,15.295501,5.8048253,8.28,49.0,0.0,30160.0,12.570939,37.943382
2026-08-21 18:00:00+02:00,15.745501,8.669949,19.08,39.0,0.0,30520.0,9.994198,37.57608
2026-08-21 19:00:00+02:00,15.8455,8.373386,21.599998,0.0,0.0,33180.0,6.47666,49.91055
2026-08-21 20:00:00+02:00,14.995501,6.130579,11.879999,0.0,0.0,32740.0,15.493671,51.352455
2026-08-21 21:00:00+02:00,13.6955,6.519877,15.84,0.0,0.0,20440.0,12.244582,44.951813
2026-08-21 22:00:00+02:00,13.3455,3.7585104,10.440001,38.0,0.0,27320.0,13.949067,35.618065
2026-08-21 23:00:00+02:00,12.795501,5.7599998,11.159999,0.0,0.0,18620.0,8.84802,42.24795
2026-08-22 00:00:00+02:00,12.295501,5.991594,12.599999,48.0,0.0,30440.0,9.394418,31.312546
2026-08-22 01:00:00+02:00,12.8955,2.0991426,17.28,100.0,0.9,11860.0,7.866535,20.632679
2026-08-22 02:00:00+02:00,12.6955,4.0249224,9.36,8.0,4.0,21760.0,11.883102,25.448275
2026-08-22 03:00:00+02:00,13.1455,2.3051248,9.36,6.0,0.0,27480.0,12.661468,34.278706
2026-08-22 04:00:00+02:00,11.5955,2.6208394,5.7599998,0.0,0.0,27380.0,12.897088,37.24138
2026-08-22 05:00:00+02:00,11.6455,2.3051248,6.4799995,4.0,0.0,25600.0,7.78694,35.515167
2026-08-22 06:00:00+02:00,11.3455,3.5455887,3.96,2.0,0.0,27120.0,6.572144,32.566986
2026-08-22 07:00:00+02:00,11.795501,3.319036,4.32,0.0,0.0,37160.0,8.476439,31.133633
2026-08-22 08:00:00+02:00,11.995501,3.7064266,8.28,0.0,0.0,28140.0,8.800955,28.578697
2026-08-22 09:00:00+02:00,14.545501,2.4149535,6.4799995,0.0,0.0,33120.0,10.004581,25.455843
2026-08-22 10:00:00+02:00,15.8455,5.154415,10.799999,0.0,0.0,37900.0,5.0333285,13.6692705
2026-08-22 11:00:00+02:00,15.8955,5.991594,12.959999,0.0,0.0,36920.0,3.0569031,15.529648
2026-08-22 12:00:00+02:00,15.995501,8.699793,15.4800005,17.0,0.0,37760.0,3.89347,14.329733
2026-08-22 13:00:00+02:00,16.995499,9.028754,16.199999,0.0,0.0,37120.0,3.3175182,13.166815
2026-08-22 14:00:00+02:00,17.6955,12.641076,20.519999,0.0,0.0,38900.0,6.728273,17.566723
2026-08-22 15:00:00+02:00,18.3955,12.641076,23.759998,0.0,0.0,40220.0,10.725815,16.77011
2026-08-22 16:00:00+02:00,18.745499,12.074766,22.68,0.0,0.0,40760.0,9.394418,20.66999
2026-08-22 17:00:00+02:00,19.245499,10.948973,22.68,0.0,0.0,41720.0,10.401459,23.700268
2026-08-22 18:00:00+02:00,18.995499,9.531505,20.880001,0.0,0.0,41900.0,9.394418,23.265514
2026-08-22 19:00:00+02:00,18.5455,6.6185193,20.16,0.0,0.0,42080.0,11.501252,25.69685
2026-08-22 20:00:00+02:00,17.345499,4.8433046,13.679999,34.0,0.0,40860.0,8.513107,29.27787
2026-08-22 21:00:00+02:00,15.0955,2.5959969,9.72,19.0,0.0,40520.0,5.155614,31.722036
2026-08-22 22:00:00+02:00,12.045501,5.3517847,12.24,0.0,0.0,33380.0,2.278481,33.88306
2026-08-22 23:00:00+02:00,11.4455,5.6233797,10.799999,3.0,0.0,31460.0,1.3670886,36.11219
2026-08-23 00:00:00+02:00,11.545501,4.8433046,9.0,0.0,0.0,34520.0,2.577807,35.341175
2026-08-23 01:00:00+02:00,11.495501,1.835647,8.28,0.0,0.0,36400.0,1.4410379,38.226624
2026-08-23 02:00:00+02:00,12.245501,4.0249224,3.96,0.0,0.0,39060.0,3.5591009,37.499107
2026-08-23 03:00:00+02:00,10.5955,4.8433046,10.799999,0.0,0.0,33120.0,4.556962,37.760178
2026-08-23 04:00:00+02:00,9.6955,3.319036,9.72,0.0,0.0,22500.0,3.4704785,36.36733
2026-08-23 05:00:00+02:00,9.4455,2.7416782,4.68,0.0,0.0,23480.0,3.9200466,36.192112
2026-08-23 06:00:00+02:00,11.3455,4.73506,5.3999996,0.0,0.0,36500.0,2.453999,34.80846
2026-08-23 07:00:00+02:00,9.795501,4.6102495,11.159999,0.0,0.0,30320.0,1.4410379,33.08922
2026-08-23 08:00:00+02:00,11.745501,3.6179552,6.12,0.0,0.0,31480.0,3.286072,30.816475
2026-08-23 09:00:00+02:00,13.8955,2.0364676,6.12,0.0,0.0,28240.0,1.9333551,29.27787
2026-08-23 10:00:00+02:00,15.5955,5.0142193,12.959999,0.0,0.0,31340.0,2.453999,33.66061
2026-08-23 11:00:00+02:00,17.095499,8.854829,21.599998,0.0,0.0,37900.0,3.9200466,33.08922
2026-08-23 12:00:00+02:00,18.095499,11.113451,25.919998,0.0,0.0,39800.0,1.8227848,32.519634
2026-08-23 13:00:00+02:00,19.4455,11.298495,26.64,0.0,0.0,41100.0,3.2222586,33.905792
2026-08-23 14:00:00+02:00,20.7955,10.30883,26.64,0.0,0.0,41900.0,1.8788835,33.042614
2026-08-23 15:00:00+02:00,21.5455,11.440979,27.0,0.0,0.0,41720.0,3.67394,37.755074
2026-08-23 16:00:00+02:00,21.745499,12.413476,28.8,0.0,0.0,41060.0,5.195736,39.69503
2026-08-23 17:00:00+02:00,21.995499,11.770403,28.8,0.0,0.0,41140.0,5.506198,41.19528
2026-08-23 18:00:00+02:00,21.6455,10.365251,27.0,0.0,0.0,41140.0,6.47666,39.083736
2026-08-23 19:00:00+02:00,21.0455,5.3999996,21.599998,0.0,0.0,41080.0,2.278481,38.342346
2026-08-23 20:00:00+02:00,19.8955,3.319036,10.08,0.0,0.0,40720.0,3.757767,38.59272
2026-08-23 21:00:00+02:00,16.1455,6.9153743,12.24,0.0,0.0,37540.0,8.402622,37.246548
2026-08-23 22:00:00+02:00,15.1955,4.6938257,13.32,0.0,0.0,36340.0,6.835443,37.760178
2026-08-23 23:00:00+02:00,15.045501,5.6233797,11.5199995,0.0,0.0,35780.0,11.926711,36.64172
2026-08-24 00:00:00+02:00,15.245501,5.2416787,9.36,0.0,0.0,36560.0,10.974618,37.760178
2026-08-24 01:00:00+02:00,14.795501,2.6208394,8.64,0.0,0.0,37520.0,9.045312,37.57608
2026-08-24 02:00:00+02:00,13.4455,6.3690495,14.759999,0.0,0.0,35640.0,13.309138,38.36746
2026-08-24 03:00:00+02:00,13.545501,5.8603754,12.959999,0.0,0.0,39400.0,15.942856,38.110546
2026-08-24 04:00:00+02:00,13.1455,6.0347,11.879999,0.0,0.0,39420.0,12.661468,36.048122
2026-08-24 05:00:00+02:00,11.8955,7.172949,13.679999,0.0,0.0,36720.0,8.151741,33.66061
2026-08-24 06:00:00+02:00,12.4455,5.991594,13.32,0.0,0.0,38780.0,13.678478,27.373749
2026-08-24 07:00:00+02:00,13.245501,5.634891,10.799999,0.0,0.0,39680.0,9.482423,22.482334
2026-08-24 08:00:00+02:00,14.295501,4.8433046,8.64,0.0,0.0,25300.0,2.8820758,22.77178
2026-08-24 09:00:00+02:00,17.3955,1.9386592,9.72,8.0,0.0,16480.0,5.0333285,20.293798
2026-08-24 10:00:00+02:00,18.845499,2.52,9.72,0.0,0.0,30780.0,5.941551,21.546066
2026-08-24 11:00:00+02:00,18.995499,4.3349743,11.879999,0.0,0.0,34620.0,7.4739733,26.653542
2026-08-24 12:00:00+02:00,21.2955,3.5455887,9.36,0.0,0.0,38740.0,4.511162,28.068626
2026-08-24 13:00:00+02:00,22.845499,8.225035,17.64,0.0,0.0,38480.0,1.2889035,21.002802
2026-08-24 14:00:00+02:00,22.9455,12.074766,21.599998,0.0,0.0,40140.0,8.84802,27.48611
2026-08-24 15:00:00+02:00,23.5455,10.041354,21.24,0.0,0.0,41000.0,7.1327734,27.549112
2026-08-24 16:00:00+02:00,23.745499,12.313893,20.519999,0.0,0.0,36760.0,9.227144,30.337694
2026-08-24 17:00:00+02:00,23.6455,10.315115,20.519999,0.0,0.0,38560.0,7.958392,30.891392
2026-08-24 18:00:00+02:00,23.495499,8.225035,21.599998,0.0,0.0,39660.0,5.195736,26.948225
2026-08-24 19:00:00+02:00,22.5455,6.763786,16.919998,0.0,0.0,39320.0,4.556962,26.304356
2026-08-24 20:00:00+02:00,20.745499,3.6,14.759999,0.0,0.0,38580.0,6.198138,17.914183
2026-08-24 21:00:00+02:00,18.845499,3.319036,24.48,0.0,1.0,30100.0,11.618018,11.241167
2026-08-24 22:00:00+02:00,17.5455,3.5455887,12.599999,0.0,0.1,27300.0,2.9178793,32.281826
2026-08-24 23:00:00+02:00,16.7955,6.2145634,5.3999996,0.0,0.1,22980.0,4.907998,33.88306
2026-08-25 00:00:00+02:00,16.1455,5.2416787,9.36,0.0,0.0,14880.0,12.269996,21.103447
2026-08-25 01:00:00+02:00,15.9455,4.8433046,6.8399997,0.0,0.0,23520.0,2.577807,16.71258
2026-08-25 02:00:00+02:00,16.2455,1.9386592,8.28,58.0,0.3,25680.0,3.286072,21.724136
2026-08-25 03:00:00+02:00,16.1955,5.3999996,14.759999,57.0,2.3,17420.0,9.666777,19.755098
2026-08-25 04:00:00+02:00,16.095499,6.618519,12.959999,92.0,1.9,12960.0,8.95301,20.265303
2026-08-25 05:00:00+02:00,15.495501,8.404285,15.119999,94.0,5.5,6060.0,5.7641516,16.292364
2026-08-25 06:00:00+02:00,15.0955,3.8268526,12.24,60.0,8.7,2060.0,19.035887,29.507248
2026-08-25 07:00:00+02:00,14.6455,1.8,7.2,65.0,3.2,940.0,11.273301,35.22653
2026-08-25 08:00:00+02:00,15.1455,3.319036,7.92,44.0,0.7,3240.0,10.520563,34.547386
2026-08-25 09:00:00+02:00,15.9455,2.9024127,6.8399997,51.0,0.0,14400.0,11.419714,33.18223
2026-08-25 10:00:00+02:00,17.845499,2.5455842,9.36,0.0,0.0,35600.0,16.053188,32.620174
2026-08-25 11:00:00+02:00,18.8955,8.654987,16.56,0.0,0.0,30500.0,15.587208,35.384754
2026-08-25 12:00:00+02:00,19.745499,11.200571,24.48,0.0,0.0,32080.0,10.638334,36.641724
2026-08-25 13:00:00+02:00,20.3955,12.599998,27.72,0.0,0.0,32720.0,5.543783,36.15484
2026-08-25 14:00:00+02:00,21.245499,10.44,27.359999,4.0,0.0,36460.0,8.513107,36.430836
2026-08-25 15:00:00+02:00,22.0455,10.086427,24.84,0.0,0.0,37040.0,9.394418,31.776642
2026-08-25 16:00:00+02:00,22.6955,9.585739,24.48,0.0,0.0,38920.0,7.1327734,32.40095
2026-08-25 17:00:00+02:00,22.9455,8.942214,21.24,0.0,0.0,39840.0,5.8357587,29.747807
2026-08-25 18:00:00+02:00,22.9455,4.8965297,19.08,0.0,0.0,40420.0,6.895935,31.994127
2026-08-25 19:00:00+02:00,21.845499,4.829907,11.5199995,0.0,0.0,40200.0,3.89347,32.210144
2026-08-25 20:00:00+02:00,19.845499,4.829907,8.28,0.0,0.0,35900.0,11.618018,33.199642
2026-08-25 21:00:00+02:00,17.6455,6.193674,11.879999,0.0,0.0,28960.0,11.02182,37.499107
2026-08-25 22:00:00+02:00,16.745499,5.8603754,12.959999,0.0,0.0,38540.0,8.598059,36.11219
2026-08-25 23:00:00+02:00,16.6955,6.9153743,12.24,0.0,0.0,36860.0,9.383359,39.728985
2026-08-26 00:00:00+02:00,16.1455,5.8603754,12.24,0.0,0.0,36940.0,8.706063,36.65749
2026-08-26 01:00:00+02:00,15.295501,6.4096174,11.879999,0.0,0.0,35740.0,9.113924,37.897663
2026-08-26 02:00:00+02:00,15.6455,6.638072,12.599999,0.0,0.0,36360.0,10.311228,35.466312
2026-08-26 03:00:00+02:00,15.1455,5.8603754,12.24,0.0,0.0,35880.0,6.728273,33.106678
2026-08-26 04:00:00+02:00,14.1955,5.991594,14.4,0.0,0.0,30680.0,8.11344,32.47814
2026-08-26 05:00:00+02:00,14.545501,5.8603754,11.879999,0.0,0.0,34400.0,4.907998,33.597603
2026-08-26 06:00:00+02:00,14.0955,6.1305785,12.24,0.0,0.0,32500.0,4.556962,32.210144
2026-08-26 07:00:00+02:00,13.745501,5.904439,11.879999,0.0,0.0,31380.0,5.8357587,32.773354
2026-08-26 08:00:00+02:00,15.745501,3.8773184,10.440001,0.0,0.0,32580.0,6.835443,34.23372
2026-08-26 09:00:00+02:00,18.2955,0.5091169,4.68,0.0,0.0,18100.0,3.286072,35.74224
2026-08-26 10:00:00+02:00,20.3955,3.0758414,8.28,0.0,0.0,36100.0,1.0189676,34.80846
2026-08-26 11:00:00+02:00,21.1455,6.9247384,17.28,0.0,0.0,39580.0,0.0,32.40095
2026-08-26 12:00:00+02:00,22.1955,9.227524,20.16,0.0,0.0,40700.0,1.643036,28.880415
2026-08-26 13:00:00+02:00,23.1455,10.00256,22.68,0.0,0.0,41480.0,6.7744107,31.189268
2026-08-26 14:00:00+02:00,23.845499,10.495713,24.119999,0.0,0.0,40680.0,11.012396,29.093067
2026-08-26 15:00:00+02:00,24.745499,10.308831,23.759998,0.0,0.0,41280.0,9.022324,28.853722
2026-08-26 16:00:00+02:00,24.6955,8.825508,23.4,0.0,0.0,41340.0,7.418196,30.866442
2026-08-26 17:00:00+02:00,24.8955,9.565437,19.44,0.0,0.0,41040.0,8.11344,33.3097
2026-08-26 18:00:00+02:00,24.2955,5.95906,21.24,0.0,0.0,40460.0,6.198138,36.64172
2026-08-26 19:00:00+02:00,23.6955,1.609969,10.440001,0.0,0.0,38960.0,1.8227848,43.470436
2026-08-26 20:00:00+02:00,21.6955,4.39436,5.04,0.0,0.0,37820.0,5.941551,46.08594
2026-08-26 21:00:00+02:00,18.6455,5.8603754,11.159999,0.0,0.0,33160.0,11.254866,51.50228
2026-08-26 22:00:00+02:00,18.3955,6.763786,12.24,0.0,0.0,36140.0,12.039351,56.030777
2026-08-26 23:00:00+02:00,17.745499,6.9247384,13.679999,0.0,0.0,37400.0,16.568802,57.867455
2026-08-27 00:00:00+02:00,17.595499,5.634891,11.879999,0.0,0.0,38860.0,18.147924,58.759346
2026-08-27 01:00:00+02:00,16.5455,5.506941,9.72,0.0,0.0,36380.0,18.599998,55.491875
2026-08-27 02:00:00+02:00,16.7955,5.991594,11.879999,0.0,0.0,40040.0,21.610764,54.003563
2026-08-27 03:00:00+02:00,16.595499,6.162207,9.0,0.0,0.0,40400.0,15.8972025,56.809208
2026-08-27 04:00:00+02:00,16.7955,6.0347,11.159999,0.0,0.0,39820.0,11.926711,51.577026
2026-08-27 05:00:00+02:00,19.1955,4.198285,7.92,0.0,0.0,42160.0,10.004581,48.87709
2026-08-27 06:00:00+02:00,16.9455,6.924738,11.879999,0.0,0.0,40140.0,10.391472,50.56621
2026-08-27 07:00:00+02:00,17.5455,6.6185193,11.879999,0.0,0.0,40460.0,7.1182017,46.96369
2026-08-27 08:00:00+02:00,18.245499,3.219938,11.159999,0.0,0.0,39740.0,4.6916795,42.629227
2026-08-27 09:00:00+02:00,19.2955,3.8939953,8.28,0.0,0.0,23640.0,6.198138,49.163948
2026-08-27 10:00:00+02:00,21.2955,3.319036,8.64,0.0,0.0,34200.0,0.64445174,54.87753
2026-08-27 11:00:00+02:00,22.7955,6.28713,13.32,0.0,0.0,38840.0,1.0189676,57.056194
2026-08-27 12:00:00+02:00,24.095499,8.707237,19.08,0.0,0.0,40800.0,4.9291077,61.196976
2026-08-27 13:00:00+02:00,25.2955,11.753877,25.199999,0.0,0.0,41600.0,2.0379353,62.233227
2026-08-27 14:00:00+02:00,26.1955,12.55879,28.44,0.0,0.0,42500.0,1.643036,56.349594
2026-08-27 15:00:00+02:00,26.845499,14.512064,31.319998,0.0,0.0,41220.0,4.757608,51.10051
2026-08-27 16:00:00+02:00,27.345499,13.217443,32.039997,0.0,0.0,41560.0,11.680409,52.174862
2026-08-27 17:00:00+02:00,27.1955,10.495713,28.08,0.0,0.0,41380.0,2.9178793,52.52809
2026-08-27 18:00:00+02:00,26.8955,9.339208,22.319998,0.0,0.0,40960.0,3.286072,58.096684
2026-08-27 19:00:00+02:00,25.845499,6.439876,18.72,0.0,0.0,40700.0,1.3670886,61.835762
2026-08-27 20:00:00+02:00,23.6455,1.1384199,12.24,0.0,0.0,39380.0,7.3619976,64.53082
2026-08-27 21:00:00+02:00,20.345499,5.991594,11.879999,0.0,0.0,36940.0,14.539494,66.91944
2026-08-27 22:00:00+02:00,18.995499,7.8625183,15.84,0.0,0.0,39660.0,19.71643,70.01698
2026-08-27 23:00:00+02:00,18.845499,6.638072,14.4,0.0,0.0,38420.0,26.668936,68.66971
2026-08-28 00:00:00+02:00,19.4455,7.386582,14.04,0.0,0.0,39900.0,32.56873,75.960335
2026-08-28 01:00:00+02:00,19.345499,6.638072,13.679999,0.0,0.0,40240.0,32.07402,75.154724
2026-08-28 02:00:00+02:00,18.845499,6.12,15.4800005,0.0,0.0,40220.0,33.78919,72.410835
2026-08-28 03:00:00+02:00,18.6455,7.145796,12.959999,0.0,0.0,39560.0,37.250202,79.71211
2026-08-28 04:00:00+02:00,18.245499,6.28713,12.24,0.0,0.0,38780.0,38.08268,81.33876
2026-08-28 05:00:00+02:00,17.095499,5.4833565,11.5199995,0.0,0.0,36460.0,30.977287,80.268394
2026-08-28 06:00:00+02:00,17.095499,5.692099,11.159999,0.0,0.0,37280.0,29.352638,77.29019
2026-08-28 07:00:00+02:00,17.345499,6.924738,12.24,0.0,0.0,38080.0,25.47419,73.68451
2026-08-28 08:00:00+02:00,18.095499,3.9763298,14.04,0.0,0.0,32260.0,19.166346,77.07055
2026-08-28 09:00:00+02:00,21.1955,4.0249224,11.159999,0.0,0.0,27560.0,49.42781,94.5121
2026-08-28 10:00:00+02:00,23.245499,4.8965297,13.679999,0.0,0.0,40600.0,44.56746,68.47306
2026-08-28 11:00:00+02:00,19.1455,11.631956,55.44,63.0,0.0,19020.0,9.227144,71.680916
2026-08-28 12:00:00+02:00,18.1455,14.8257065,33.839996,75.0,0.5,17820.0,7.1182017,52.436337
2026-08-28 13:00:00+02:00,17.495499,11.983188,38.16,98.0,1.4,18060.0,11.319258,66.55286
2026-08-28 14:00:00+02:00,19.9455,1.835647,30.599998,62.0,13.4,34880.0,11.208644,64.5905
2026-08-28 15:00:00+02:00,18.095499,12.287555,32.039997,51.0,0.0,25020.0,2.278481,58.12652
2026-08-28 16:00:00+02:00,17.8955,9.693296,28.44,94.0,0.0,28060.0,8.253009,52.586735
2026-08-28 17:00:00+02:00,16.095499,7.928178,24.119999,100.0,2.6,22600.0,5.195736,46.456448
2026-08-28 18:00:00+02:00,15.795501,1.2979984,14.759999,68.0,4.8,20500.0,5.3142853,35.682907
2026-08-28 19:00:00+02:00,16.3955,4.3498964,11.879999,9.0,1.3,22880.0,22.55581,51.442398
2026-08-28 20:00:00+02:00,16.345499,8.4963045,13.32,0.0,0.0,32400.0,20.143627,73.11766
2026-08-28 21:00:00+02:00,15.1455,7.289444,20.519999,8.0,0.1,34700.0,13.776805,56.75493
2026-08-28 22:00:00+02:00,12.4455,7.42159,15.84,0.0,0.0,24080.0,17.1538,49.16003
2026-08-28 23:00:00+02:00,12.8955,8.654987,15.119999,0.0,0.0,27760.0,19.679535,49.503643
2026-08-29 00:00:00+02:00,12.295501,7.7879906,16.56,0.0,0.0,25340.0,12.603934,45.52664
2026-08-29 01:00:00+02:00,11.795501,4.510787,15.119999,0.0,0.0,26860.0,10.035667,43.687023
2026-08-29 02:00:00+02:00,11.995501,3.0547013,6.8399997,2.0,0.0,35020.0,7.418196,36.919292
2026-08-29 03:00:00+02:00,12.245501,4.39436,5.3999996,6.0,0.0,38720.0,1.0189676,32.042255
2026-08-29 04:00:00+02:00,10.4455,5.692099,9.0,0.0,0.0,31800.0,6.1307654,30.22956
2026-08-29 05:00:00+02:00,10.545501,6.9153743,7.5599995,14.0,0.0,20440.0,5.562481,29.857687
2026-08-29 06:00:00+02:00,10.1455,6.4096174,13.32,0.0,0.0,18380.0,7.1182017,28.873745
2026-08-29 07:00:00+02:00,10.6955,2.9024127,12.24,0.0,0.0,31420.0,5.094838,30.267769
2026-08-29 08:00:00+02:00,11.8955,3.8939953,9.36,0.0,0.0,25640.0,9.227144,34.97959
2026-08-29 09:00:00+02:00,14.6955,2.9024127,7.2,0.0,0.0,33800.0,5.993747,28.880415
2026-08-29 10:00:00+02:00,16.6455,2.52,7.5599995,0.0,0.0,33940.0,4.844117,28.232851
2026-08-29 11:00:00+02:00,17.1455,7.289445,16.199999,0.0,0.0,35980.0,5.195736,23.95894
2026-08-29 12:00:00+02:00,18.0455,8.217153,19.44,0.0,0.0,36900.0,5.993747,28.144014
2026-08-29 13:00:00+02:00,18.6955,9.83268,22.68,0.0,0.0,37100.0,1.0189676,32.773354
2026-08-29 14:00:00+02:00,20.1455,11.298495,23.759998,0.0,0.0,40240.0,5.094838,33.338604
2026-08-29 15:00:00+02:00,20.6955,10.315115,25.919998,0.0,0.0,40380.0,5.0333285,33.042614
2026-08-29 16:00:00+02:00,21.1955,8.373386,23.039999,0.0,0.0,40680.0,5.094838,35.133446
2026-08-29 17:00:00+02:00,21.095499,9.686609,21.599998,0.0,0.0,40440.0,7.418196,35.806854
2026-08-29 18:00:00+02:00,20.8955,5.3517847,21.599998,0.0,0.0,40360.0,4.556962,35.54769
2026-08-29 19:00:00+02:00,19.995499,3.7064266,10.799999,0.0,0.0,38980.0,3.1898732,34.154854
2026-08-29 20:00:00+02:00,17.5455,4.68,10.440001,0.0,0.0,38700.0,3.5591009,30.533892
2026-08-29 21:00:00+02:00,15.795501,3.9763298,6.12,0.0,0.0,37740.0,4.6916795,29.428804
2026-08-29 22:00:00+02:00,13.5955,4.8965297,12.599999,0.0,0.0,29580.0,6.198138,32.40095
2026-08-29 23:00:00+02:00,14.0955,6.193674,8.64,0.0,0.0,29620.0,8.11344,29.67
2026-08-30 00:00:00+02:00,14.5955,4.8965297,11.5199995,0.0,0.0,34460.0,9.394418,29.251541
2026-08-30 01:00:00+02:00,14.9455,4.8433046,8.28,0.0,0.0,37680.0,7.1327734,25.020798
2026-08-30 02:00:00+02:00,13.8955,5.6002855,7.92,0.0,0.0,35020.0,8.84802,31.465965
2026-08-30 03:00:00+02:00,13.1955,6.4096174,13.679999,0.0,0.0,35300.0,6.940957,31.022066
2026-08-30 04:00:00+02:00,12.745501,6.1305785,12.599999,0.0,0.0,36880.0,6.835443,29.059942
2026-08-30 05:00:00+02:00,12.6955,6.4096174,12.24,0.0,0.0,35640.0,7.1327734,30.891392
2026-08-30 06:00:00+02:00,12.6455,6.618519,13.679999,0.0,0.0,35660.0,10.035667,32.40095
2026-08-30 07:00:00+02:00,12.8955,5.904439,12.24,0.0,0.0,37340.0,11.282507,32.984264
2026-08-30 08:00:00+02:00,14.1955,3.6179552,12.24,0.0,0.0,34820.0,6.940957,31.38628
2026-08-30 09:00:00+02:00,15.9455,1.2979984,5.04,0.0,0.0,30000.0,8.377872,31.238638
2026-08-30 10:00:00+02:00,18.4455,5.991594,14.4,0.0,0.0,37800.0,2.6571426,28.880415
2026-08-30 11:00:00+02:00,19.495499,6.9247384,14.4,0.0,0.0,39720.0,1.8788835,28.933727
2026-08-30 12:00:00+02:00,20.5455,7.8954163,18.0,0.0,0.0,40180.0,3.286072,34.137928
2026-08-30 13:00:00+02:00,21.6455,9.504273,23.039999,0.0,0.0,40700.0,1.643036,38.20646
2026-08-30 14:00:00+02:00,22.6455,9.220499,23.039999,0.0,0.0,40580.0,4.57969,34.23372
2026-08-30 15:00:00+02:00,23.345499,10.805998,26.28,0.0,0.0,40600.0,4.201311,32.58473
2026-08-30 16:00:00+02:00,23.845499,9.360001,25.199999,0.0,0.0,40680.0,5.094838,30.286854
2026-08-30 17:00:00+02:00,23.8955,8.587338,21.599998,0.0,0.0,41060.0,3.89347,33.367477
2026-08-30 18:00:00+02:00,23.745499,6.489992,19.8,0.0,0.0,41220.0,6.970812,33.797676
2026-08-30 19:00:00+02:00,22.6955,2.5959969,13.32,0.0,0.0,40860.0,4.907998,35.15537
2026-08-30 20:00:00+02:00,20.1955,4.32,7.5599995,0.0,0.0,39520.0,1.2889035,36.908855
2026-08-30 21:00:00+02:00,16.595499,7.289445,15.119999,0.0,0.0,33920.0,8.753638,40.530605
2026-08-30 22:00:00+02:00,15.9455,6.3690495,15.119999,0.0,0.0,34420.0,15.230073,46.323578
2026-08-30 23:00:00+02:00,16.6455,7.8954163,13.32,0.0,0.0,36440.0,15.680186,44.951817
2026-08-31 00:00:00+02:00,16.745499,6.193674,15.84,0.0,0.0,38660.0,14.236403,44.693966
2026-08-31 01:00:00+02:00,16.7955,4.3498964,14.04,0.0,0.7,38840.0,24.980299,62.21775
2026-08-31 02:00:00+02:00,17.495499,5.6920996,27.359999,0.0,0.1,37500.0,13.144288,53.321537
2026-08-31 03:00:00+02:00,17.0455,3.2599385,10.799999,26.0,0.0,37440.0,11.618018,46.729317
2026-08-31 04:00:00+02:00,16.2455,5.00128,15.4800005,0.0,1.1,24060.0,14.532351,51.42742
2026-08-31 05:00:00+02:00,17.095499,11.592894,14.04,4.0,0.1,35220.0,21.649166,71.2172
2026-08-31 06:00:00+02:00,16.2955,8.287822,23.039999,0.0,0.0,32340.0,21.706642,59.28804
2026-08-31 07:00:00+02:00,15.3955,6.489992,16.56,0.0,0.0,30800.0,21.30593,56.404263
2026-08-31 08:00:00+02:00,15.6455,6.725354,11.159999,0.0,0.0,18320.0,17.507277,53.584606
2026-08-31 09:00:00+02:00,17.495499,9.220499,19.8,0.0,0.0,22840.0,17.748766,56.82277
2026-08-31 10:00:00+02:00,17.845499,10.739832,24.119999,34.0,0.0,28120.0,16.182028,59.083
2026-08-31 11:00:00+02:00,18.4455,12.031756,26.64,38.0,0.0,31460.0,11.92671,58.47015
2026-08-31 12:00:00+02:00,19.595499,10.195057,27.72,21.0,0.0,35620.0,12.512989,51.183376
2026-08-31 13:00:00+02:00,20.1955,14.003028,31.68,34.0,0.0,37100.0,10.035667,45.208195
2026-08-31 14:00:00+02:00,21.5455,12.819235,30.960001,6.0,0.0,40060.0,11.4288025,38.712326
2026-08-31 15:00:00+02:00,22.7955,12.88981,30.960001,0.0,0.0,41080.0,10.520564,34.74199
2026-08-31 16:00:00+02:00,23.095499,13.044722,29.16,1.0,0.0,41220.0,6.198138,35.574776
2026-08-31 17:00:00+02:00,22.9455,13.004922,28.8,0.0,0.0,41780.0,3.0569031,36.160164
2026-08-31 18:00:00+02:00,22.1955,11.592894,26.64,0.0,0.0,41720.0,4.2990294,35.769176
2026-08-31 19:00:00+02:00,20.845499,5.0528407,22.319998,0.0,0.0,40840.0,15.916784,37.999184
2026-08-31 20:00:00+02:00,18.0455,7.5170207,8.28,0.0,0.0,42260.0,12.603934,29.297602
2026-08-31 21:00:00+02:00,15.995501,5.4833565,18.359999,21.0,0.0,37840.0,5.487309,35.54769
2026-08-31 22:00:00+02:00,15.245501,2.1897945,8.64,47.0,0.0,40020.0,1.643036,33.723503
2026-08-31 23:00:00+02:00,15.045501,2.52,10.08,57.0,0.0,36880.0,5.094838,29.896374
2026-09-01 00:00:00+02:00,15.3455,3.8268526,6.12,58.0,0.0,38260.0,5.709857,29.896374
2026-09-01 01:00:00+02:00,14.4455,4.072935,10.08,45.0,0.0,37860.0,5.941551,28.719894
2026-09-01 02:00:00+02:00,13.9455,5.8603754,10.08,45.0,0.0,36480.0,9.045312,32.490005
2026-09-01 03:00:00+02:00,12.8455,5.3517847,10.799999,0.0,0.0,36200.0,6.7744107,29.702448
2026-09-01 04:00:00+02:00,12.3955,4.510787,10.08,0.0,0.0,37880.0,3.2222586,28.907082
2026-09-01 05:00:00+02:00,11.245501,5.154415,9.36,0.0,0.0,31740.0,6.444517,28.307802
2026-09-01 06:00:00+02:00,11.8955,3.219938,8.28,0.0,0.0,37540.0,4.907998,26.515873
2026-09-01 07:00:00+02:00,11.4455,1.0182338,3.6,0.0,0.0,37620.0,4.201311,25.591688
2026-09-01 08:00:00+02:00,11.995501,1.609969,1.8,0.0,0.0,33600.0,6.198138,24.452335
2026-09-01 09:00:00+02:00,14.8955,2.5959969,6.4799995,0.0,0.0,24260.0,4.907998,24.483826
2026-09-01 10:00:00+02:00,17.0455,8.089993,18.72,0.0,0.0,36480.0,4.757608,24.278408
2026-09-01 11:00:00+02:00,18.0455,9.659814,20.519999,0.0,0.0,39760.0,1.2889035,24.804298
2026-09-01 12:00:00+02:00,19.095499,10.829958,24.119999,0.0,0.0,40520.0,2.0379353,25.659342
2026-09-01 13:00:00+02:00,20.1955,11.620809,24.48,0.0,0.0,40620.0,2.9178793,28.639296
2026-09-01 14:00:00+02:00,21.2955,11.91812,24.119999,0.0,0.0,40900.0,3.757767,30.56542
2026-09-01 15:00:00+02:00,21.7955,12.397806,26.64,0.0,0.0,40860.0,6.444517,31.410818
2026-09-01 16:00:00+02:00,21.9455,12.10157,24.48,0.0,0.0,41080.0,8.95301,31.79482
2026-09-01 17:00:00+02:00,21.4455,10.144082,21.96,0.0,0.0,41040.0,5.543783,30.050611
2026-09-01 18:00:00+02:00,21.1955,8.534353,22.68,0.0,0.0,41040.0,4.57969,32.54332
2026-09-01 19:00:00+02:00,20.345499,5.0142193,18.359999,0.0,0.0,40740.0,1.4410379,33.106678
2026-09-01 20:00:00+02:00,18.5455,3.7064266,9.72,0.0,0.0,40200.0,3.89347,32.796856
2026-09-01 21:00:00+02:00,16.345499,5.6233797,7.2,0.0,0.0,39720.0,6.572144,30.261404
2026-09-01 22:00:00+02:00,14.745501,4.6102495,12.24,0.0,0.0,37520.0,2.7718916,31.090292
2026-09-01 23:00:00+02:00,13.995501,6.3690495,10.440001,0.0,0.0,33460.0,7.205189,29.441893
2026-09-02 00:00:00+02:00,13.745501,5.8603754,12.959999,0.0,0.0,33040.0,12.570939,28.699764
2026-09-02 01:00:00+02:00,13.795501,5.315336,11.159999,0.0,0.0,34060.0,9.994198,27.479101
2026-09-02 02:00:00+02:00,12.3955,7.127636,14.759999,0.0,0.0,29100.0,6.9559,23.95894
2026-09-02 03:00:00+02:00,11.995501,6.8777895,13.679999,0.0,0.0,34320.0,9.688234,26.515873
2026-09-02 04:00:00+02:00,11.745501,5.991594,12.24,0.0,0.0,38200.0,10.677303,27.89653
2026-09-02 05:00:00+02:00,11.1455,6.792466,10.440001,0.0,0.0,37340.0,9.394418,31.034481
2026-09-02 06:00:00+02:00,10.6455,7.386582,14.4,0.0,0.0,37980.0,10.311228,37.14297
2026-09-02 07:00:00+02:00,10.3955,6.193674,14.04,0.0,0.0,39720.0,11.02182,34.334854
2026-09-02 08:00:00+02:00,12.3455,2.6208394,11.5199995,0.0,0.0,39700.0,6.47666,34.474827
2026-09-02 09:00:00+02:00,14.295501,1.835647,5.04,0.0,0.0,21180.0,9.994198,28.907082
2026-09-02 10:00:00+02:00,17.1455,2.8116899,7.5599995,0.0,0.0,38140.0,9.394418,28.048029
2026-09-02 11:00:00+02:00,18.245499,0.8049845,6.8399997,0.0,0.0,32320.0,12.269996,29.179018
2026-09-02 12:00:00+02:00,19.0455,10.739832,24.119999,0.0,0.0,39820.0,5.9240503,30.261404
2026-09-02 13:00:00+02:00,20.1955,9.693296,25.199999,0.0,0.0,40820.0,2.7718916,33.228638
2026-09-02 14:00:00+02:00,21.6455,10.990322,24.48,0.0,0.0,40620.0,4.201311,30.816475
2026-09-02 15:00:00+02:00,22.495499,9.19939,25.56,0.0,0.0,40640.0,7.866535,26.370178
2026-09-02 16:00:00+02:00,22.5455,12.594856,28.44,0.0,0.0,40340.0,8.706063,26.40668
2026-09-02 17:00:00+02:00,22.745499,11.212135,28.8,0.0,0.0,41720.0,9.045312,27.758083
2026-09-02 18:00:00+02:00,22.2955,7.9036193,24.119999,0.0,0.0,41740.0,9.113924,30.108244
2026-09-02 19:00:00+02:00,21.1455,4.3498964,15.119999,0.0,0.0,41420.0,6.1307654,30.432787
2026-09-02 20:00:00+02:00,19.1455,4.3349743,7.5599995,0.0,0.0,42300.0,4.556962,30.413792
2026-09-02 21:00:00+02:00,15.045501,8.39657,13.679999,0.0,0.0,36560.0,3.3175182,31.429213
2026-09-02 22:00:00+02:00,14.045501,6.489992,15.84,0.0,0.0,34100.0,8.402622,30.432787
2026-09-02 23:00:00+02:00,15.1955,5.3999996,12.599999,49.0,0.0,37760.0,4.556962,28.266945
2026-09-03 00:00:00+02:00,14.8455,5.1165614,10.440001,28.0,0.0,37500.0,5.487309,26.304356
2026-09-03 01:00:00+02:00,14.1955,5.6233797,10.799999,29.0,0.0,36180.0,4.323114,23.03252
2026-09-03 02:00:00+02:00,14.4455,5.692099,11.5199995,41.0,0.0,35820.0,10.677303,24.554531
2026-09-03 03:00:00+02:00,14.245501,6.1305785,12.24,0.0,0.0,36100.0,10.974618,22.15436
2026-09-03 04:00:00+02:00,13.545501,5.8603754,11.879999,0.0,0.0,36120.0,7.5842957,21.24899
2026-09-03 05:00:00+02:00,12.6455,7.289445,11.5199995,0.0,0.0,36000.0,5.709857,20.567223
2026-09-03 06:00:00+02:00,12.0955,6.6087217,14.04,0.0,0.0,36120.0,3.286072,19.862066
2026-09-03 07:00:00+02:00,11.6455,5.904439,13.32,0.0,0.0,35480.0,3.286072,20.208189
2026-09-03 08:00:00+02:00,13.3955,4.8965297,11.879999,0.0,0.0,35900.0,7.205189,27.112131
2026-09-03 09:00:00+02:00,15.995501,1.484318,7.92,0.0,0.0,22160.0,8.402622,24.341797
2026-09-03 10:00:00+02:00,18.595499,2.0991426,7.2,0.0,0.0,36580.0,7.1327734,20.632677
2026-09-03 11:00:00+02:00,19.8955,8.217153,17.64,0.0,0.0,38540.0,5.9240503,21.357496
2026-09-03 12:00:00+02:00,20.745499,6.28713,16.199999,0.0,0.0,39180.0,5.195736,22.898315
2026-09-03 13:00:00+02:00,21.9455,9.107359,18.72,0.0,0.0,40460.0,5.562481,20.864775
2026-09-03 14:00:00+02:00,22.8955,10.233123,22.68,0.0,0.0,40720.0,5.094838,24.333883
2026-09-03 15:00:00+02:00,23.5455,8.089993,19.44,0.0,0.0,40520.0,7.515534,22.839355
2026-09-03 16:00:00+02:00,23.745499,10.028439,17.64,0.0,0.0,40920.0,5.941551,20.74441
2026-09-03 17:00:00+02:00,23.8955,9.585739,16.919998,0.0,0.0,42040.0,6.444517,22.889902
2026-09-03 18:00:00+02:00,23.6955,8.161764,17.28,0.0,0.0,43300.0,7.1182017,25.591688
2026-09-03 19:00:00+02:00,22.345499,2.9024127,15.84,0.0,0.0,43200.0,2.0379353,28.880415
2026-09-03 20:00:00+02:00,21.1455,3.8939953,4.68,0.0,0.0,43800.0,4.9291077,34.697605
2026-09-03 21:00:00+02:00,15.745501,7.7879906,14.759999,0.0,0.0,35820.0,7.418196,36.515335
2026-09-03 22:00:00+02:00,15.745501,5.6233797,13.679999,0.0,0.0,38940.0,8.11344,35.292084
2026-09-03 23:00:00+02:00,15.245501,6.6087217,10.08,0.0,0.0,38140.0,6.1307654,36.160164
2026-09-04 00:00:00+02:00,15.1955,5.8603754,12.959999,0.0,0.0,39520.0,7.7334204,34.08711
2026-09-04 01:00:00+02:00,14.4455,6.1094027,10.440001,0.0,0.0,39580.0,6.1307654,29.80603
2026-09-04 02:00:00+02:00,14.4455,5.692099,11.879999,0.0,0.0,39800.0,11.961482,34.273087
2026-09-04 03:00:00+02:00,14.9455,6.8777895,9.0,0.0,0.0,41040.0,9.113924,29.14599
2026-09-04 04:00:00+02:00,14.045501,5.815978,11.5199995,0.0,0.0,39660.0,8.598059,26.164846
2026-09-04 05:00:00+02:00,13.745501,6.297428,11.5199995,0.0,0.0,38920.0,13.548821,27.493116
2026-09-04 06:00:00+02:00,13.6455,6.489992,11.5199995,0.0,0.0,38860.0,11.618018,25.273579
2026-09-04 07:00:00+02:00,13.6955,6.12,11.5199995,0.0,0.0,39000.0,12.312233,24.734306
2026-09-04 08:00:00+02:00,14.8955,4.802999,11.5199995,0.0,0.0,36540.0,13.246578,26.348255
2026-09-04 09:00:00+02:00,17.0455,2.4149535,6.4799995,0.0,0.0,22680.0,13.594724,25.71933
2026-09-04 10:00:00+02:00,19.4455,3.096837,8.28,0.0,0.0,33680.0,11.961482,26.076353
2026-09-04 11:00:00+02:00,21.7955,2.0991426,7.92,0.0,0.0,40160.0,10.401459,29.179014
2026-09-04 12:00:00+02:00,23.7955,4.829907,12.24,0.0,0.0,41240.0,9.612922,29.27787
2026-09-04 13:00:00+02:00,25.245499,7.8954163,19.08,0.0,0.0,41780.0,6.835443,29.093067
2026-09-04 14:00:00+02:00,26.345499,10.315115,23.759998,0.0,0.0,43440.0,7.418196,36.03209
2026-09-04 15:00:00+02:00,27.0455,11.384198,28.8,0.0,0.0,45920.0,4.6472077,37.344685
2026-09-04 16:00:00+02:00,27.3955,8.854829,25.56,0.0,0.0,43040.0,4.6472077,40.24922
2026-09-04 17:00:00+02:00,27.6955,7.8954163,20.880001,0.0,0.0,43620.0,8.253009,41.265354
2026-09-04 18:00:00+02:00,27.495499,5.1919937,17.64,0.0,0.0,43580.0,10.802979,41.157852
2026-09-04 19:00:00+02:00,25.9455,4.6800003,10.799999,0.0,0.0,42480.0,9.815996,40.819485
2026-09-04 20:00:00+02:00,23.1955,5.0142193,10.440001,0.0,0.0,42260.0,5.155614,38.647587
2026-09-04 21:00:00+02:00,19.345499,5.937272,6.12,0.0,0.0,40160.0,7.7468357,44.968952
2026-09-04 22:00:00+02:00,17.745499,6.989936,19.08,0.0,0.0,38720.0,13.215189,43.381718
2026-09-04 23:00:00+02:00,18.2955,8.669949,14.759999,0.0,0.0,40420.0,14.301892,43.581074
2026-09-05 00:00:00+02:00,19.3955,10.182337,20.880001,0.0,0.0,41640.0,19.784773,43.181446
2026-09-05 01:00:00+02:00,18.6955,8.404285,19.8,0.0,0.0,41320.0,19.504648,50.24903
2026-09-05 02:00:00+02:00,19.245499,8.913181,16.56,0.0,0.0,41020.0,15.480263,48.09844
2026-09-05 03:00:00+02:00,18.345499,6.8777895,17.64,0.0,0.0,40220.0,13.594724,45.31459
2026-09-05 04:00:00+02:00,18.095499,2.2768397,13.679999,0.0,0.0,40380.0,11.618018,42.48438
2026-09-05 05:00:00+02:00,17.8955,3.2599385,5.04,21.0,0.0,40500.0,12.95332,44.693962
2026-09-05 06:00:00+02:00,17.5455,3.219938,4.68,47.0,0.0,40280.0,10.331347,44.347828
2026-09-05 07:00:00+02:00,16.1455,6.5693827,7.92,48.0,0.0,38760.0,10.118097,45.968758
2026-09-05 08:00:00+02:00,17.4455,5.0911684,10.08,48.0,0.0,38400.0,6.7744107,45.327347
2026-09-05 09:00:00+02:00,18.595499,5.6002855,11.159999,46.0,0.0,35020.0,7.7602262,44.50392
2026-09-05 10:00:00+02:00,18.9455,8.714677,18.359999,19.0,0.0,38900.0,6.3960004,48.47741
2026-09-05 11:00:00+02:00,20.5455,8.404285,19.08,2.0,0.0,39640.0,7.0889688,45.174095
2026-09-05 12:00:00+02:00,20.845499,11.384198,24.48,5.0,0.0,40100.0,6.3797464,42.574966
2026-09-05 13:00:00+02:00,21.995499,10.383987,24.84,3.0,0.0,40380.0,5.094838,39.123146
2026-09-05 14:00:00+02:00,22.995499,10.1887,23.759998,0.0,0.0,40600.0,5.506198,39.724133
2026-09-05 15:00:00+02:00,23.345499,10.97262,27.359999,0.0,0.0,40740.0,7.34788,32.566986
2026-09-05 16:00:00+02:00,23.5455,7.386582,24.84,0.0,0.0,40800.0,6.198138,29.844782
2026-09-05 17:00:00+02:00,23.1955,8.854829,21.24,0.0,0.0,40840.0,5.487309,30.204062
2026-09-05 18:00:00+02:00,22.6455,7.2,20.16,26.0,0.0,40620.0,6.970812,24.593725
2026-09-05 19:00:00+02:00,21.5455,4.8433046,15.119999,42.0,0.0,40280.0,9.15938,26.33363
2026-09-05 20:00:00+02:00,19.995499,4.1046314,10.440001,77.0,0.0,37400.0,5.333787,23.716516
2026-09-05 21:00:00+02:00,19.495499,1.0182338,5.3999996,58.0,0.0,38240.0,0.4556962,21.733002
2026-09-05 22:00:00+02:00,16.8955,5.4833565,10.440001,37.0,0.0,25900.0,4.201311,21.185438
2026-09-05 23:00:00+02:00,17.345499,5.4833565,10.440001,42.0,0.0,28900.0,4.511162,19.400894
2026-09-06 00:00:00+02:00,16.845499,4.8433046,9.72,22.0,0.0,33060.0,7.0889688,19.949162
2026-09-06 01:00:00+02:00,15.5955,4.6938257,10.08,0.0,0.0,30760.0,8.36547,19.241377
2026-09-06 02:00:00+02:00,15.0955,4.8433046,7.2,0.0,0.0,33880.0,7.418196,18.662022
2026-09-06 03:00:00+02:00,14.745501,5.315336,7.2,0.0,0.0,36200.0,6.330734,21.759575
2026-09-06 04:00:00+02:00,15.0955,4.6938257,7.2,0.0,0.0,37740.0,6.47666,21.112574
2026-09-06 05:00:00+02:00,14.0955,5.0911684,7.2,0.0,0.0,32020.0,8.11344,17.043554
2026-09-06 06:00:00+02:00,13.795501,5.8048253,10.440001,0.0,0.0,33160.0,5.195736,14.003396
2026-09-06 07:00:00+02:00,13.495501,4.8965297,10.440001,0.0,0.0,36600.0,3.9200466,10.714764
2026-09-06 08:00:00+02:00,14.5955,2.9024127,6.8399997,0.0,0.0,35360.0,2.734177,5.1183376
2026-09-06 09:00:00+02:00,16.995499,1.0182338,3.6,0.0,0.0,18980.0,2.577807,8.281033
2026-09-06 10:00:00+02:00,18.9455,1.4399999,6.4799995,0.0,0.0,35140.0,2.0379353,11.103232
2026-09-06 11:00:00+02:00,20.9455,5.6920996,9.72,0.0,0.0,39560.0,4.488087,16.71258
2026-09-06 12:00:00+02:00,22.245499,7.628263,18.72,0.0,0.0,39280.0,3.2222586,18.423088
2026-09-06 13:00:00+02:00,23.5455,10.703569,24.84,0.0,0.0,40660.0,2.453999,20.66067
2026-09-06 14:00:00+02:00,24.1955,11.113451,25.199999,0.0,0.0,40660.0,1.2889035,18.948832
2026-09-06 15:00:00+02:00,25.095499,9.107359,25.199999,0.0,0.0,41100.0,2.734177,22.499464
2026-09-06 16:00:00+02:00,25.595499,9.983106,24.48,0.0,0.0,41140.0,0.64445174,29.27787
2026-09-06 17:00:00+02:00,25.2955,7.9932966,22.319998,0.0,0.0,41220.0,5.709857,35.384754
2026-09-06 18:00:00+02:00,24.995499,6.1305785,18.0,0.0,0.0,40520.0,7.971428,37.287903
2026-09-06 19:00:00+02:00,23.595499,4.8433046,12.599999,0.0,0.0,39160.0,9.350104,33.88306
2026-09-06 20:00:00+02:00,21.6955,4.1046314,9.36,0.0,0.0,40060.0,13.309138,37.370464
2026-09-06 21:00:00+02:00,19.6955,7.5942082,11.879999,0.0,0.0,38540.0,15.09311,36.14951
2026-09-06 22:00:00+02:00,18.095499,5.991594,12.599999,0.0,0.0,39320.0,14.878324,32.495934
2026-09-06 23:00:00+02:00,18.1955,7.145796,11.879999,0.0,0.0,40200.0,11.392405,24.42869
2026-09-07 00:00:00+02:00,17.5455,6.489992,12.24,0.0,0.0,40360.0,10.638334,21.94469
2026-09-07 01:00:00+02:00,17.095499,6.489992,13.32,0.0,0.0,39960.0,11.031237,19.832952
2026-09-07 02:00:00+02:00,16.2955,6.9153743,12.959999,0.0,0.0,40440.0,13.949067,19.120867
2026-09-07 03:00:00+02:00,16.6455,6.9153743,12.959999,0.0,0.0,40620.0,10.974618,18.25503
2026-09-07 04:00:00+02:00,16.345499,6.696387,12.24,0.0,0.0,40120.0,10.391472,19.480164
2026-09-07 05:00:00+02:00,15.9455,5.7599998,12.959999,0.0,0.0,39160.0,6.198138,20.47335
2026-09-07 06:00:00+02:00,19.9455,3.319036,39.239998,0.0,0.0,38880.0,7.800262,11.41124
2026-09-07 07:00:00+02:00,16.2955,8.225035,15.4800005,0.0,1.2,26880.0,18.58883,28.966991
2026-09-07 08:00:00+02:00,17.095499,1.835647,12.959999,0.0,0.2,32380.0,17.292456,38.747143
2026-09-07 09:00:00+02:00,18.8955,5.904439,12.599999,0.0,0.0,23680.0,12.95332,42.06975
2026-09-07 10:00:00+02:00,21.5455,3.6,19.44,0.0,0.0,35960.0,17.865383,39.728985
2026-09-07 11:00:00+02:00,23.8955,2.9024127,13.32,0.0,0.5,34940.0,20.802917,46.55172
2026-09-07 12:00:00+02:00,23.4455,10.233123,22.319998,0.0,0.0,36440.0,17.1538,41.265358
2026-09-07 13:00:00+02:00,24.095499,8.714677,24.48,0.0,0.0,39680.0,20.236195,42.39814
2026-09-07 14:00:00+02:00,24.7955,8.854829,18.359999,0.0,0.0,40260.0,22.75289,37.033905
2026-09-07 15:00:00+02:00,25.595499,9.504272,20.519999,0.0,0.0,40560.0,20.822872,34.957558
2026-09-07 16:00:00+02:00,26.595499,9.957108,23.759998,0.0,0.0,41100.0,15.5538645,38.881138
2026-09-07 17:00:00+02:00,26.345499,9.686609,21.599998,0.0,0.0,41620.0,10.974618,39.142838
2026-09-07 18:00:00+02:00,26.095499,7.145796,20.519999,0.0,0.0,41660.0,11.474137,38.846447
2026-09-07 19:00:00+02:00,24.495499,4.379589,14.04,0.0,0.0,41180.0,10.118097,35.138927
2026-09-07 20:00:00+02:00,22.345499,3.4152596,12.24,0.0,0.0,41440.0,7.418196,32.519634
2026-09-07 21:00:00+02:00,18.345499,6.989936,15.4800005,0.0,0.0,39660.0,9.383359,34.80846
2026-09-07 22:00:00+02:00,17.7955,6.696387,13.679999,0.0,0.0,41080.0,11.419714,30.204062
2026-09-07 23:00:00+02:00,18.1455,7.10031,11.879999,0.0,0.0,40340.0,10.802979,32.75571
2026-09-08 00:00:00+02:00,18.1455,6.792466,13.679999,0.0,0.0,40740.0,13.049152,37.14297
2026-09-08 01:00:00+02:00,17.495499,6.1305785,12.24,0.0,0.0,41060.0,13.456546,36.641724
2026-09-08 02:00:00+02:00,17.6455,6.1094027,10.440001,0.0,0.0,40880.0,9.994197,39.142838
2026-09-08 03:00:00+02:00,17.6955,6.3690495,12.24,0.0,0.0,40920.0,12.44643,41.881607
2026-09-08 04:00:00+02:00,17.245499,6.3690495,11.159999,0.0,0.0,40720.0,14.482251,37.70402
2026-09-08 05:00:00+02:00,17.2955,5.8603754,10.08,0.0,0.0,40520.0,10.401459,35.22653
2026-09-08 06:00:00+02:00,17.3955,6.4096174,9.0,0.0,0.0,41060.0,10.490913,33.956886
2026-09-08 07:00:00+02:00,16.4455,5.6920996,10.799999,0.0,0.0,39380.0,12.897088,41.637127
2026-09-08 08:00:00+02:00,18.345499,3.7585104,10.799999,0.0,0.0,40360.0,10.004581,41.844795
2026-09-08 09:00:00+02:00,19.9455,3.0758414,6.4799995,0.0,0.0,33360.0,14.878324,45.458893
2026-09-08 10:00:00+02:00,23.0455,4.3349743,10.799999,0.0,0.0,40780.0,15.318443,50.291183
2026-09-08 11:00:00+02:00,23.995499,6.1305785,9.0,0.0,0.0,41600.0,18.70576,52.90446
2026-09-08 12:00:00+02:00,25.5455,6.28713,14.759999,0.0,0.0,42360.0,28.3632,47.91788
2026-09-08 13:00:00+02:00,27.2955,6.763786,16.919998,0.0,0.0,42140.0,35.817837,50.10315
2026-09-08 14:00:00+02:00,27.8955,8.669949,15.4800005,0.0,0.0,42020.0,38.028114,53.713867
2026-09-08 15:00:00+02:00,28.6955,7.9036193,19.8,0.0,0.0,43800.0,32.816452,59.69602
2026-09-08 16:00:00+02:00,29.495499,8.942214,20.880001,0.0,0.0,43280.0,28.333897,61.673565
2026-09-08 17:00:00+02:00,28.8955,11.304229,23.759998,0.0,0.0,42480.0,31.499125,57.157394
2026-09-08 18:00:00+02:00,27.995499,7.342588,22.319998,0.0,0.0,42180.0,25.228453,61.13084
2026-09-08 19:00:00+02:00,26.2955,4.802999,13.679999,0.0,0.0,42300.0,22.666018,53.97145
2026-09-08 20:00:00+02:00,23.345499,7.771331,27.72,0.0,0.0,41400.0,20.179676,58.12652
2026-09-08 21:00:00+02:00,21.345499,9.220499,19.44,0.0,0.0,41600.0,17.69604,59.498856
2026-09-08 22:00:00+02:00,18.8955,4.1046314,20.519999,0.0,0.0,38920.0,20.872675,60.42406
2026-09-08 23:00:00+02:00,20.345499,6.0347,10.08,0.0,0.0,40840.0,17.44787,53.05353
2026-09-09 00:00:00+02:00,19.3955,6.763786,19.44,0.0,0.0,37200.0,5.993747,55.533516
2026-09-09 01:00:00+02:00,18.9455,4.6800003,17.64,44.0,0.0,35720.0,4.488087,56.523666
2026-09-09 02:00:00+02:00,17.245499,12.7279215,9.0,72.0,0.0,4260.0,15.949368,37.61707
2026-09-09 03:00:00+02:00,16.8955,6.12,15.119999,0.0,9.9,23700.0,27.311375,38.342346
2026-09-09 04:00:00+02:00,16.2955,5.6920996,10.08,11.0,1.1,24000.0,13.670886,46.646797
2026-09-09 05:00:00+02:00,15.8455,4.6800003,12.599999,10.0,0.0,29240.0,12.312233,50.153107
2026-09-09 06:00:00+02:00,14.745501,7.5170207,15.119999,11.0,0.0,20340.0,1.3670886,48.65589
2026-09-09 07:00:00+02:00,15.4455,5.8048253,11.879999,49.0,0.0,20300.0,13.270073,48.054367
2026-09-09 08:00:00+02:00,15.3455,8.534353,17.64,100.0,0.3,2760.0,13.708807,29.487658
2026-09-09 09:00:00+02:00,14.495501,9.686609,29.519999,94.0,4.4,15740.0,13.655687,17.643314
2026-09-09 10:00:00+02:00,14.495501,8.0899935,17.64,97.0,1.3,19960.0,18.733494,28.041162
2026-09-09 11:00:00+02:00,14.3955,1.835647,16.56,84.0,2.3,9240.0,1.2889035,14.275861
2026-09-09 12:00:00+02:00,14.8455,6.12,13.32,67.0,0.8,10600.0,2.577807,5.2667265
2026-09-09 13:00:00+02:00,13.795501,11.808878,25.56,85.0,0.5,21660.0,2.278481,9.950412
2026-09-09 14:00:00+02:00,13.745501,5.6233797,20.519999,41.0,1.0,16560.0,6.9559,28.102919
2026-09-09 15:00:00+02:00,13.795501,8.891344,20.16,61.0,0.2,19040.0,8.84802,28.551722
2026-09-09 16:00:00+02:00,13.545501,14.186923,32.399998,73.0,0.0,27280.0,18.904528,11.41124
2026-09-09 17:00:00+02:00,12.995501,9.290511,27.72,94.0,0.0,26580.0,12.44643,17.555754
2026-09-09 18:00:00+02:00,12.4455,5.3517847,19.44,100.0,0.0,29940.0,13.655687,13.427569
2026-09-09 19:00:00+02:00,12.495501,5.6233797,11.5199995,100.0,0.0,29900.0,12.832521,12.367153
2026-09-09 20:00:00+02:00,12.1955,2.9024127,10.440001,100.0,0.0,27580.0,6.0797453,6.1445136
2026-09-09 21:00:00+02:00,12.1455,6.193674,13.32,100.0,0.0,31560.0,11.012396,2.2379284
2026-09-09 22:00:00+02:00,12.0955,6.3690495,13.679999,100.0,0.0,31900.0,14.1559515,5.2667265
2026-09-09 23:00:00+02:00,11.295501,6.5693827,12.599999,100.0,0.0,23620.0,13.246578,7.4740934
2026-09-10 00:00:00+02:00,10.8455,4.2136917,13.32,85.0,0.0,23380.0,9.752324,14.948187
2026-09-10 01:00:00+02:00,10.3955,3.0758414,7.5599995,77.0,0.0,18480.0,9.350104,19.331268
2026-09-10 02:00:00+02:00,10.3455,4.829907,8.64,66.0,0.0,20340.0,10.118097,21.375526
2026-09-10 03:00:00+02:00,10.1955,5.3999996,10.440001,61.0,0.0,19700.0,12.95332,17.914183
2026-09-10 04:00:00+02:00,9.8955,2.52,10.08,58.0,0.0,23260.0,8.753638,14.275861
2026-09-10 05:00:00+02:00,9.745501,4.6800003,9.36,79.0,0.0,20400.0,8.476439,6.8557405
2026-09-10 06:00:00+02:00,9.3455,4.1046314,9.72,68.0,0.0,21140.0,8.476439,1.9627929
2026-09-10 07:00:00+02:00,9.295501,2.52,7.5599995,78.0,0.0,14200.0,3.8667102,4.5186887
2026-09-10 08:00:00+02:00,9.795501,3.6179552,7.5599995,86.0,0.0,5540.0,4.844117,5.8883786
2026-09-10 09:00:00+02:00,10.295501,4.73506,10.799999,100.0,0.0,20540.0,6.1307654,8.689655
2026-09-10 10:00:00+02:00,10.8455,4.6938252,9.72,90.0,0.0,18260.0,3.9200466,11.326523
2026-09-10 11:00:00+02:00,11.795501,5.5887027,7.92,83.0,0.0,26460.0,3.9200466,6.8557405
2026-09-10 12:00:00+02:00,12.745501,9.255571,14.759999,89.0,0.0,29500.0,7.840093,5.0041595
2026-09-10 13:00:00+02:00,13.1455,7.771331,15.4800005,84.0,0.0,33440.0,8.561753,7.0769506
2026-09-10 14:00:00+02:00,12.6955,6.151683,14.4,100.0,0.0,30020.0,6.9559,2.5591688
2026-09-10 15:00:00+02:00,12.8455,3.9763298,11.879999,100.0,0.0,33140.0,5.487309,5.3031745
2026-09-10 16:00:00+02:00,13.1955,2.968636,8.28,100.0,0.0,34100.0,4.0758705,6.113084
2026-09-10 17:00:00+02:00,13.1955,0.8049845,7.5599995,100.0,0.0,32920.0,2.278481,7.900089
2026-09-10 18:00:00+02:00,12.545501,2.5959969,6.8399997,100.0,0.0,22760.0,1.3670886,8.350525
2026-09-10 19:00:00+02:00,12.5955,0.0,4.32,100.0,0.0,22980.0,5.333787,6.1445136
2026-09-10 20:00:00+02:00,12.495501,2.1897945,5.3999996,100.0,0.0,27840.0,5.487309,4.1637125
2026-09-10 21:00:00+02:00,11.795501,2.0364676,6.4799995,100.0,0.0,18280.0,2.8820758,7.0769506
2026-09-10 22:00:00+02:00,11.795501,2.0364676,4.32,100.0,0.0,22720.0,1.643036,7.777219
2026-09-10 23:00:00+02:00,11.4455,2.5455842,4.68,100.0,0.0,18700.0,3.2222586,4.1637125
2026-09-11 00:00:00+02:00,11.4455,2.7416782,8.28,100.0,0.0,19380.0,3.5591009,16.149862
2026-09-11 01:00:00+02:00,11.6455,2.0991426,3.96,100.0,0.0,20060.0,2.453999,14.4368725
2026-09-11 02:00:00+02:00,11.245501,2.2768397,3.96,100.0,0.0,11980.0,1.3670886,16.292364
2026-09-11 03:00:00+02:00,11.295501,1.9386592,4.32,100.0,0.0,11000.0,2.453999,14.999642
2026-09-11 04:00:00+02:00,11.1455,3.319036,6.12,54.0,0.0,13240.0,4.57969,23.265514
2026-09-11 05:00:00+02:00,11.495501,2.0364676,6.8399997,76.0,0.0,21520.0,3.1898732,22.041037
2026-09-11 06:00:00+02:00,11.4455,2.6208394,2.8799999,90.0,0.0,23980.0,1.0189676,18.042755
2026-09-11 07:00:00+02:00,10.795501,2.2768397,5.3999996,60.0,0.0,22520.0,3.286072,19.120867
2026-09-11 08:00:00+02:00,11.295501,2.7416782,2.16,55.0,0.0,30080.0,4.2990294,14.909477
2026-09-11 09:00:00+02:00,12.3955,1.8,7.2,10.0,0.0,13820.0,2.9178793,13.879042
2026-09-11 10:00:00+02:00,13.545501,9.0,15.119999,0.0,0.0,30200.0,5.709857,11.809426
2026-09-11 11:00:00+02:00,14.295501,9.178235,17.64,0.0,0.0,33540.0,5.562481,6.113084
2026-09-11 12:00:00+02:00,15.3455,5.5887027,15.84,0.0,0.0,36580.0,1.4410379,8.777877
2026-09-11 13:00:00+02:00,16.5455,6.849467,11.5199995,0.0,0.0,39580.0,2.453999,12.320337
2026-09-11 14:00:00+02:00,17.495499,12.303366,21.599998,0.0,0.0,41180.0,6.7744107,12.915714
2026-09-11 15:00:00+02:00,18.1955,10.587917,20.880001,0.0,0.0,41000.0,1.4410379,14.167504
2026-09-11 16:00:00+02:00,18.4455,11.966954,21.599998,0.0,0.0,40980.0,4.556962,12.226168
2026-09-11 17:00:00+02:00,18.495499,11.043261,23.039999,0.0,0.0,41560.0,4.9291077,9.695481
2026-09-11 18:00:00+02:00,17.8955,9.360001,20.880001,0.0,0.0,41020.0,7.4739733,9.310345
2026-09-11 19:00:00+02:00,16.845499,5.3999996,18.72,0.0,0.0,40680.0,4.9291077,9.655664
2026-09-11 20:00:00+02:00,14.745501,4.1046314,9.0,0.0,0.0,40560.0,3.2222586,7.022301
2026-09-11 21:00:00+02:00,12.495501,6.12,7.92,0.0,0.0,35660.0,1.9333551,5.7224755
2026-09-11 22:00:00+02:00,11.495501,4.3349743,8.64,0.0,0.0,33660.0,1.0189676,6.939521
2026-09-11 23:00:00+02:00,11.3955,5.1544156,4.68,3.0,0.0,31680.0,1.643036,5.8883786
2026-09-12 00:00:00+02:00,10.8955,3.671294,5.7599998,0.0,0.0,33040.0,1.2889035,1.7555753
2026-09-12 01:00:00+02:00,10.295501,0.0,3.6,35.0,0.0,32060.0,7.20519,2.5591688
2026-09-12 02:00:00+02:00,11.8455,3.9763298,7.92,49.0,0.0,37160.0,2.278481,4.9655166
2026-09-12 03:00:00+02:00,10.6955,5.4833565,8.64,46.0,0.0,34220.0,3.3175182,9.454063
2026-09-12 04:00:00+02:00,9.6955,5.991594,9.72,0.0,0.0,32160.0,4.0758705,10.00832
2026-09-12 05:00:00+02:00,9.045501,6.12,8.28,8.0,0.0,31120.0,3.67394,10.839878
2026-09-12 06:00:00+02:00,9.045501,5.904439,7.2,0.0,0.0,34020.0,3.0569031,9.813965
2026-09-12 07:00:00+02:00,9.6455,1.1384199,6.12,0.0,0.0,38120.0,0.64445174,7.777219
2026-09-12 08:00:00+02:00,9.1455,1.8,1.8,24.0,0.0,32880.0,2.453999,8.886923
2026-09-12 09:00:00+02:00,12.3955,2.0364676,4.68,0.0,0.0,28760.0,4.201311,9.715329
2026-09-12 10:00:00+02:00,14.545501,1.835647,6.8399997,0.0,0.0,32560.0,3.286072,13.152178
2026-09-12 11:00:00+02:00,16.095499,5.4119864,9.72,0.0,0.0,37420.0,1.4410379,9.331011
2026-09-12 12:00:00+02:00,17.2955,6.519877,11.879999,0.0,0.0,38780.0,1.4410379,8.689655
2026-09-12 13:00:00+02:00,18.2955,10.137692,16.919998,0.0,0.0,40040.0,1.8788835,9.392738
2026-09-12 14:00:00+02:00,19.345499,12.758432,20.880001,0.0,0.0,40880.0,5.3142853,6.2068963
2026-09-12 15:00:00+02:00,20.0455,11.966954,21.599998,0.0,0.0,41060.0,4.556962,5.3031745
2026-09-12 16:00:00+02:00,20.245499,12.313893,21.96,0.0,0.0,41060.0,6.728273,4.3889384
2026-09-12 17:00:00+02:00,20.6455,11.090103,23.039999,0.0,0.0,42180.0,9.482423,4.9655166
2026-09-12 18:00:00+02:00,19.995499,7.9036193,21.24,0.0,0.0,41960.0,6.9559,6.48019
2026-09-12 19:00:00+02:00,18.745499,3.8773184,16.919998,0.0,0.0,41640.0,5.562481,8.6452055
2026-09-12 20:00:00+02:00,16.595499,4.5536795,6.8399997,0.0,0.0,41660.0,0.4556962,12.241913
2026-09-12 21:00:00+02:00,13.1955,6.489992,11.879999,0.0,0.0,35500.0,5.487309,14.476846
2026-09-12 22:00:00+02:00,12.8955,5.8603754,11.5199995,0.0,0.0,35640.0,8.476439,18.042753
2026-09-12 23:00:00+02:00,12.6455,5.904439,11.5199995,0.0,0.0,33940.0,5.155614,17.077427
2026-09-13 00:00:00+02:00,12.745501,4.3349743,7.92,0.0,0.0,38820.0,2.8820758,13.879042
2026-09-13 01:00:00+02:00,12.4455,4.0249224,4.68,0.0,0.0,39220.0,0.4556962,15.102031
2026-09-13 02:00:00+02:00,10.995501,5.634891,6.4799995,0.0,0.0,33420.0,5.195736,16.94153
2026-09-13 03:00:00+02:00,11.6955,4.896529,6.8399997,0.0,0.0,38780.0,1.8788835,11.858258
2026-09-13 04:00:00+02:00,11.1955,2.4149535,5.04,0.0,0.0,37080.0,1.0189676,10.4046545
2026-09-13 05:00:00+02:00,10.295501,2.7416782,2.52,7.0,0.0,34680.0,3.286072,12.795844
2026-09-13 06:00:00+02:00,10.745501,4.0249224,4.32,13.0,0.0,38460.0,1.0189676,13.556066
2026-09-13 07:00:00+02:00,10.8455,3.6,4.32,13.0,0.0,39180.0,1.3670886,14.153901
2026-09-13 08:00:00+02:00,8.9455,4.379589,10.08,8.0,0.0,19220.0,4.201311,12.96038
2026-09-13 09:00:00+02:00,12.745501,1.2979984,5.7599998,0.0,0.0,17800.0,3.8667102,12.226168
2026-09-13 10:00:00+02:00,15.795501,1.4399999,5.04,0.0,0.0,30400.0,2.453999,13.612786
2026-09-13 11:00:00+02:00,17.6455,7.289444,12.599999,0.0,0.0,37860.0,0.4556962,14.753624
2026-09-13 12:00:00+02:00,18.845499,8.557102,13.32,0.0,0.0,39820.0,0.64445174,15.216393
2026-09-13 13:00:00+02:00,20.095499,7.342588,13.679999,0.0,0.0,40560.0,2.0379353,16.185604
2026-09-13 14:00:00+02:00,21.4455,10.137692,16.919998,0.0,0.0,41540.0,1.8227848,14.490146
2026-09-13 15:00:00+02:00,22.0455,10.703569,19.8,0.0,0.0,43340.0,2.3236039,14.753624
2026-09-13 16:00:00+02:00,22.1955,11.503113,20.880001,0.0,0.0,43720.0,7.20519,12.795845
2026-09-13 17:00:00+02:00,21.6955,7.968939,20.880001,0.0,0.0,42220.0,1.643036,14.4368725
2026-09-13 18:00:00+02:00,20.9455,4.8433046,16.56,0.0,0.0,41780.0,0.64445174,14.999642
2026-09-13 19:00:00+02:00,19.3955,0.8049845,8.28,0.0,0.0,41020.0,2.278481,13.711481
2026-09-13 20:00:00+02:00,17.4455,6.0347,3.6,0.0,0.0,41160.0,8.21518,11.394346
2026-09-13 21:00:00+02:00,16.4955,4.452954,11.159999,0.0,0.0,40300.0,20.506329,5.1183376
2026-09-13 22:00:00+02:00,16.345499,4.39436,9.0,0.0,0.7,30880.0,12.889034,18.45443
2026-09-13 23:00:00+02:00,15.1455,10.495713,11.879999,0.0,0.7,30640.0,17.584206,28.123474
2026-09-14 00:00:00+02:00,14.045501,7.491114,20.16,0.0,0.0,33660.0,11.319258,37.499107
2026-09-14 01:00:00+02:00,13.495501,4.8433046,13.679999,0.0,0.0,22080.0,5.941551,29.565943
2026-09-14 02:00:00+02:00,14.745501,3.671294,10.440001,49.0,0.0,29540.0,1.643036,37.018295
2026-09-14 03:00:00+02:00,14.045501,5.1165614,12.959999,59.0,0.0,22860.0,4.57969,31.951952
2026-09-14 04:00:00+02:00,14.245501,5.8048253,11.159999,66.0,0.0,26740.0,4.556962,27.225573
2026-09-14 05:00:00+02:00,14.1955,6.6087217,9.0,53.0,0.0,20060.0,4.0758705,28.423246
2026-09-14 06:00:00+02:00,14.295501,5.00128,13.32,65.0,0.0,21080.0,8.062088,36.51006
2026-09-14 07:00:00+02:00,14.745501,0.5091169,10.799999,85.0,0.0,27480.0,3.0569031,28.873745
2026-09-14 08:00:00+02:00,15.1455,4.6938252,10.08,72.0,0.0,28280.0,3.4704785,25.838884
2026-09-14 09:00:00+02:00,15.8955,4.452954,9.72,75.0,0.0,17940.0,0.9113924,22.379282
2026-09-14 10:00:00+02:00,17.9455,2.0991426,10.440001,48.0,0.0,30940.0,1.4410379,23.065948
2026-09-14 11:00:00+02:00,18.5455,2.1897945,5.7599998,13.0,0.0,33320.0,3.67394,27.549112
2026-09-14 12:00:00+02:00,19.495499,2.4149535,7.5599995,5.0,0.0,35100.0,6.572144,22.249796
2026-09-14 13:00:00+02:00,20.345499,7.072878,10.799999,0.0,0.0,36000.0,3.67394,17.87112
2026-09-14 14:00:00+02:00,21.495499,10.829958,19.08,0.0,0.0,39140.0,2.8820758,16.11404
2026-09-14 15:00:00+02:00,21.9455,12.0694,21.24,0.0,0.0,39260.0,5.487309,7.0769506
2026-09-14 16:00:00+02:00,22.095499,12.413476,23.759998,0.0,0.0,39340.0,13.049152,1.8620689
2026-09-14 17:00:00+02:00,22.4455,11.720751,23.759998,0.0,0.0,40380.0,14.787324,2.2379284
2026-09-14 18:00:00+02:00,21.7955,6.725354,23.4,0.0,0.0,40040.0,9.612922,2.6333632
2026-09-14 19:00:00+02:00,20.6955,2.7416782,13.679999,0.0,0.0,39780.0,5.3142853,9.813965
2026-09-14 20:00:00+02:00,17.5455,6.0347,9.0,0.0,0.0,36480.0,4.757608,18.339252
2026-09-14 21:00:00+02:00,15.3955,5.692099,11.159999,0.0,0.0,30680.0,4.556962,15.95788
2026-09-14 22:00:00+02:00,14.795501,5.1919937,7.5599995,0.0,0.0,32140.0,3.286072,13.879042
2026-09-14 23:00:00+02:00,14.3955,5.95906,5.7599998,0.0,0.0,34160.0,3.9200466,14.329733
2026-09-15 00:00:00+02:00,14.045501,6.297428,10.440001,0.0,0.0,35520.0,4.511162,14.329733
2026-09-15 01:00:00+02:00,13.795501,5.6233797,9.72,0.0,0.0,37180.0,3.67394,13.093462
2026-09-15 02:00:00+02:00,13.3955,6.151683,5.3999996,0.0,0.0,35220.0,3.2222586,8.711794
2026-09-15 03:00:00+02:00,13.545501,5.3517847,7.2,0.0,0.0,36500.0,2.7718916,8.6452055
2026-09-15 04:00:00+02:00,13.3455,7.10031,9.72,0.0,0.0,36160.0,5.3142853,13.626929
2026-09-15 05:00:00+02:00,13.1955,8.0899935,14.4,0.0,0.0,37840.0,10.490913,16.71258
2026-09-15 06:00:00+02:00,12.8955,6.8777895,14.759999,0.0,0.0,38780.0,8.062088,17.87112
2026-09-15 07:00:00+02:00,12.545501,5.3999996,10.08,0.0,0.0,39260.0,4.511162,14.396789
2026-09-15 08:00:00+02:00,13.1955,4.3498964,5.7599998,0.0,0.0,36340.0,2.6571426,10.624495
2026-09-15 09:00:00+02:00,15.745501,0.35999998,6.8399997,0.0,0.0,35260.0,1.4410379,7.499821
2026-09-15 10:00:00+02:00,17.7955,0.8049845,4.68,0.0,0.0,34920.0,1.0189676,8.350525
2026-09-15 11:00:00+02:00,20.095499,4.829907,10.799999,0.0,0.0,39260.0,0.64445174,9.695481
2026-09-15 12:00:00+02:00,21.3955,8.089993,12.24,0.0,0.0,39960.0,1.4410379,10.839878
2026-09-15 13:00:00+02:00,22.4455,10.30883,16.919998,0.0,0.0,41200.0,1.8788835,10.624495
2026-09-15 14:00:00+02:00,23.345499,9.983106,16.919998,0.0,0.0,41660.0,0.4556962,11.241167
2026-09-15 15:00:00+02:00,24.1955,9.360001,16.199999,0.0,0.0,42160.0,0.64445174,10.5517235
2026-09-15 16:00:00+02:00,24.4455,10.163227,17.28,0.0,0.0,40860.0,3.67394,12.226168
2026-09-15 17:00:00+02:00,24.4455,10.630672,18.72,10.0,0.0,40820.0,6.444517,11.939203
2026-09-15 18:00:00+02:00,24.095499,5.991594,19.08,11.0,0.0,41000.0,3.2222586,14.476846
2026-09-15 19:00:00+02:00,22.8955,1.484318,11.5199995,0.0,0.0,41000.0,2.278481,16.102081
2026-09-15 20:00:00+02:00,20.1455,5.815978,9.36,0.0,0.0,40200.0,4.201311,17.903427
2026-09-15 21:00:00+02:00,17.1455,6.792466,14.759999,0.0,0.0,32620.0,6.444517,19.49005
2026-09-15 22:00:00+02:00,16.8955,6.4096174,14.4,0.0,0.0,33880.0,11.124962,23.04088
2026-09-15 23:00:00+02:00,17.0455,6.638072,12.24,0.0,0.0,35040.0,11.961482,30.024958
2026-09-16 00:00:00+02:00,16.9455,7.127636,13.679999,0.0,0.0,37420.0,13.402427,31.679502
2026-09-16 01:00:00+02:00,15.995501,7.2,14.04,0.0,0.0,38680.0,14.192577,28.800266
2026-09-16 02:00:00+02:00,16.3955,8.78872,14.04,0.0,0.0,39180.0,13.309138,27.26799
2026-09-16 03:00:00+02:00,16.4955,7.9932966,16.919998,0.0,0.0,39700.0,11.392405,27.737257
2026-09-16 04:00:00+02:00,15.745501,7.2,15.4800005,0.0,0.0,38880.0,10.391472,24.278408
2026-09-16 05:00:00+02:00,16.1955,8.0899935,13.679999,0.0,0.0,39220.0,10.240498,22.593443
2026-09-16 06:00:00+02:00,16.345499,7.10031,15.4800005,0.0,0.0,39280.0,10.802979,23.553514
2026-09-16 07:00:00+02:00,15.6455,5.6233797,12.959999,0.0,0.0,38480.0,9.350104,23.553514
2026-09-16 08:00:00+02:00,16.3955,5.95906,10.440001,0.0,0.0,36120.0,5.543783,18.074755
2026-09-16 09:00:00+02:00,16.4455,3.319036,13.32,0.0,0.3,25760.0,14.947947,19.251387
2026-09-16 10:00:00+02:00,18.3955,4.802999,11.879999,0.0,0.5,34220.0,15.8972025,29.896374
2026-09-16 11:00:00+02:00,20.9455,3.096837,13.679999,0.0,0.0,36440.0,7.34788,27.289175
2026-09-16 12:00:00+02:00,20.495499,14.182355,27.0,17.0,0.0,35020.0,4.201311,28.102919
2026-09-16 13:00:00+02:00,19.345499,15.315873,33.48,73.0,0.0,33820.0,17.952349,28.102917
2026-09-16 14:00:00+02:00,16.745499,4.072935,37.8,100.0,7.8,29540.0,14.503743,9.715329
2026-09-16 15:00:00+02:00,16.745499,3.0758414,10.799999,80.0,8.6,20000.0,7.3619976,25.868687
2026-09-16 16:00:00+02:00,16.6955,11.298495,29.88,89.0,0.0,25740.0,4.907998,32.37121
2026-09-16 17:00:00+02:00,15.3455,13.479583,28.44,96.0,2.2,20540.0,19.726961,30.565416
2026-09-16 18:00:00+02:00,14.4455,9.504272,27.72,100.0,1.3,21340.0,7.7468348,33.153194
2026-09-16 19:00:00+02:00,13.9455,7.9036193,21.599998,100.0,0.0,21380.0,12.396276,33.54022
2026-09-16 20:00:00+02:00,13.3455,9.422101,16.56,100.0,0.0,20120.0,10.118097,31.951952
2026-09-16 21:00:00+02:00,12.8955,5.634891,22.319998,100.0,0.1,28080.0,6.524576,33.59187
2026-09-16 22:00:00+02:00,12.295501,2.5959969,9.0,100.0,0.2,20520.0,1.8227848,38.307163
2026-09-16 23:00:00+02:00,11.545501,2.5455842,8.64,100.0,0.0,26140.0,6.524576,31.5149
2026-09-17 00:00:00+02:00,11.3455,2.5959969,5.7599998,100.0,0.0,18360.0,5.195736,32.400948
2026-09-17 01:00:00+02:00,11.3955,2.1897945,5.7599998,100.0,0.0,19660.0,7.800262,34.334854
2026-09-17 02:00:00+02:00,11.045501,3.563818,4.32,100.0,0.0,25020.0,2.6571426,33.64344
2026-09-17 03:00:00+02:00,11.045501,2.52,6.12,82.0,0.0,26940.0,3.2222586,31.903688
2026-09-17 04:00:00+02:00,10.1455,2.9024127,4.32,50.0,0.0,20180.0,4.907998,31.649084
2026-09-17 05:00:00+02:00,9.995501,3.219938,3.6,66.0,0.0,27520.0,3.286072,25.74927
2026-09-17 06:00:00+02:00,9.295501,3.396233,3.96,71.0,0.0,21160.0,2.8820758,23.040882
2026-09-17 07:00:00+02:00,9.1455,3.319036,3.96,45.0,0.0,29260.0,0.4556962,18.62069
2026-09-17 08:00:00+02:00,9.995501,3.9763298,8.64,58.0,0.0,27380.0,1.643036,13.268828
2026-09-17 09:00:00+02:00,11.795501,0.8049845,7.2,62.0,0.0,1240.0,1.8227848,11.595439
2026-09-17 10:00:00+02:00,12.995501,4.6800003,11.159999,41.0,0.0,27160.0,3.2222586,12.5526705
2026-09-17 11:00:00+02:00,13.3955,7.8954163,14.04,52.0,0.0,31460.0,5.468354,10.008319
2026-09-17 12:00:00+02:00,14.0955,7.0911775,13.32,66.0,0.0,34520.0,2.3236039,13.556066
2026-09-17 13:00:00+02:00,14.745501,6.830519,11.879999,52.0,0.0,37100.0,2.278481,15.329903
2026-09-17 14:00:00+02:00,15.8455,7.172949,11.5199995,26.0,0.0,39420.0,1.4410379,18.328745
2026-09-17 15:00:00+02:00,16.4455,7.42159,18.0,22.0,0.0,39880.0,1.3670886,22.965515
2026-09-17 16:00:00+02:00,16.4955,10.028439,19.8,61.0,0.0,40220.0,5.195736,20.632677
2026-09-17 17:00:00+02:00,16.6955,9.178235,19.08,18.0,0.0,39980.0,4.488087,18.672342
2026-09-17 18:00:00+02:00,15.995501,6.439876,19.08,39.0,0.0,39820.0,2.577807,20.01664
2026-09-17 19:00:00+02:00,14.8955,6.638072,14.759999,80.0,0.0,39900.0,9.394418,21.86555
2026-09-17 20:00:00+02:00,13.1955,3.219938,12.599999,66.0,0.0,40220.0,4.6472077,19.171173
2026-09-17 21:00:00+02:00,11.6455,5.95906,10.08,45.0,0.0,37380.0,2.9178793,18.328745
2026-09-17 22:00:00+02:00,10.6955,2.8116899,10.440001,34.0,0.0,35540.0,2.3236039,21.402544
2026-09-17 23:00:00+02:00,12.295501,2.9024127,2.52,58.0,0.0,39800.0,4.57969,21.94469
2026-09-18 00:00:00+02:00,12.295501,4.0249224,4.32,59.0,0.0,40420.0,2.7718916,22.593443
2026-09-18 01:00:00+02:00,10.4455,4.39436,11.879999,24.0,0.0,34700.0,0.9113924,25.20489
2026-09-18 02:00:00+02:00,11.295501,1.484318,7.92,93.0,0.0,36080.0,5.487309,23.7652
2026-09-18 03:00:00+02:00,12.245501,3.319036,5.7599998,95.0,0.0,39260.0,5.012658,25.020798
2026-09-18 04:00:00+02:00,12.745501,2.5455842,4.68,84.0,0.0,38600.0,6.7744107,26.804882
2026-09-18 05:00:00+02:00,12.1455,1.484318,5.3999996,69.0,0.0,38180.0,3.5591009,34.430096
2026-09-18 06:00:00+02:00,12.0955,4.452954,6.12,94.0,0.0,38300.0,5.094838,29.844782
2026-09-18 07:00:00+02:00,10.995501,4.5820518,9.72,41.0,0.0,33180.0,2.0379353,34.89689
2026-09-18 08:00:00+02:00,10.745501,4.896529,7.5599995,90.0,0.0,32060.0,8.202532,29.297602
2026-09-18 09:00:00+02:00,12.495501,0.35999998,8.28,76.0,0.0,25820.0,3.1898732,27.062351
2026-09-18 10:00:00+02:00,13.6955,1.609969,6.4799995,51.0,0.0,30640.0,1.0189676,25.69685
2026-09-18 11:00:00+02:00,14.995501,6.4096174,14.759999,0.0,0.0,39440.0,2.0379353,25.020798
2026-09-18 12:00:00+02:00,15.9455,9.0,21.24,9.0,0.0,38700.0,0.4556962,21.103449
2026-09-18 13:00:00+02:00,16.7955,11.726277,20.519999,3.0,0.0,40080.0,4.0758705,19.62793
2026-09-18 14:00:00+02:00,17.6455,12.879752,22.319998,4.0,0.0,40540.0,8.215179,23.846117
2026-09-18 15:00:00+02:00,18.1455,13.570615,24.48,3.0,0.0,40580.0,12.792001,24.333883
2026-09-18 16:00:00+02:00,18.3955,11.503113,24.84,49.0,0.0,40920.0,12.603934,24.333883
2026-09-18 17:00:00+02:00,18.1455,9.659814,22.68,27.0,0.0,41420.0,10.118097,24.333883
2026-09-18 18:00:00+02:00,17.6955,7.42159,18.359999,44.0,0.0,41480.0,8.706063,23.397612
2026-09-18 19:00:00+02:00,16.8955,3.096837,15.119999,50.0,0.0,41120.0,6.1138062,22.284399
2026-09-18 20:00:00+02:00,14.795501,3.8939953,6.4799995,39.0,0.0,40900.0,2.8820758,23.17426
2026-09-18 21:00:00+02:00,11.745501,7.5685663,14.759999,0.0,0.0,36800.0,1.3670886,19.331268
2026-09-18 22:00:00+02:00,10.6455,5.3999996,15.119999,0.0,0.0,34120.0,0.9113924,18.042755
2026-09-18 23:00:00+02:00,10.795501,7.0911775,12.959999,8.0,0.0,33720.0,3.5591009,13.711481
2026-09-19 00:00:00+02:00,10.495501,6.696387,14.759999,0.0,0.0,33280.0,5.8357587,8.622896
2026-09-19 01:00:00+02:00,10.3455,5.6002855,13.32,0.0,0.0,34060.0,3.2222586,6.48019
2026-09-19 02:00:00+02:00,9.8955,6.28713,10.799999,0.0,0.0,31460.0,1.8227848,5.0041595
2026-09-19 03:00:00+02:00,9.545501,4.379589,10.799999,0.0,0.0,31800.0,2.453999,7.5510154
2026-09-19 04:00:00+02:00,9.6955,1.4399999,5.3999996,0.0,0.0,36740.0,2.0379353,8.092802
2026-09-19 05:00:00+02:00,6.7455,2.2768397,2.16,0.0,0.0,22240.0,3.67394,5.5862064
2026-09-19 06:00:00+02:00,8.4455,3.6179552,4.68,0.0,0.0,37200.0,1.0189676,4.3448277
2026-09-19 07:00:00+02:00,9.4455,2.968636,3.6,0.0,0.0,39240.0,1.643036,5.339374
2026-09-19 08:00:00+02:00,8.995501,4.3349743,6.8399997,0.0,0.0,36540.0,2.7718916,7.8511715
2026-09-19 09:00:00+02:00,10.9455,1.9386592,5.7599998,0.0,0.0,30180.0,2.0379353,8.777877
2026-09-19 10:00:00+02:00,14.1455,2.3051248,7.2,0.0,0.0,36400.0,6.940957,9.037377
2026-09-19 11:00:00+02:00,15.8455,7.5685663,14.4,0.0,0.0,38160.0,1.643036,11.172413
2026-09-19 12:00:00+02:00,17.2955,6.830519,12.599999,0.0,0.0,39020.0,3.0569031,10.5517235
2026-09-19 13:00:00+02:00,18.0455,10.365251,18.359999,0.0,0.0,39760.0,1.4410379,10.839878
2026-09-19 14:00:00+02:00,19.245499,12.768586,22.319998,0.0,0.0,41160.0,4.488087,9.454063
2026-09-19 15:00:00+02:00,19.845499,10.24578,21.599998,0.0,0.0,40840.0,2.6571426,11.394346
2026-09-19 16:00:00+02:00,19.995499,10.587917,18.359999,0.0,0.0,40220.0,1.8788835,11.394346
2026-09-19 17:00:00+02:00,20.095499,8.049845,18.0,0.0,0.0,41000.0,1.4410379,11.776757
2026-09-19 18:00:00+02:00,19.245499,4.6938257,14.04,0.0,0.0,40560.0,0.64445174,11.326523
2026-09-19 19:00:00+02:00,18.1955,1.484318,7.92,0.0,0.0,40260.0,3.4704785,13.166815
2026-09-19 20:00:00+02:00,15.3455,4.1046314,7.5599995,0.0,0.0,38720.0,2.6571426,9.227215
2026-09-19 21:00:00+02:00,14.3455,3.9763298,8.64,0.0,0.0,38500.0,1.643036,6.598021
2026-09-19 22:00:00+02:00,13.295501,4.072935,7.92,0.0,0.0,38560.0,4.511162,7.900089
2026-09-19 23:00:00+02:00,12.495501,5.815978,8.64,0.0,0.0,31100.0,3.5591009,4.7270317
2026-09-20 00:00:00+02:00,12.3455,5.991594,7.92,0.0,0.0,33020.0,5.155614,6.598021
2026-09-20 01:00:00+02:00,12.495501,5.495161,6.8399997,0.0,0.0,36040.0,3.67394,6.2068963
2026-09-20 02:00:00+02:00,11.995501,4.829907,5.7599998,0.0,0.0,33060.0,3.67394,7.5764823
2026-09-20 03:00:00+02:00,11.6955,6.379216,7.92,0.0,0.0,32720.0,5.487309,10.274241
2026-09-20 04:00:00+02:00,11.6455,5.3517847,7.92,0.0,0.0,37180.0,5.941551,11.661699
2026-09-20 05:00:00+02:00,10.995501,6.6087217,7.92,0.0,0.0,34640.0,5.487309,9.494725
2026-09-20 06:00:00+02:00,11.0955,5.00128,7.92,0.0,0.0,38880.0,4.844117,11.41124
2026-09-20 07:00:00+02:00,11.795501,0.71999997,5.7599998,0.0,0.0,40860.0,2.453999,11.103232
2026-09-20 08:00:00+02:00,12.1955,5.4833565,5.04,0.0,0.0,40540.0,4.2990294,18.096056
2026-09-20 09:00:00+02:00,13.3455,1.1384199,9.0,0.0,0.0,32680.0,1.4410379,17.043554
2026-09-20 10:00:00+02:00,16.345499,1.0182338,7.5599995,0.0,0.0,34720.0,6.47666,17.903427
2026-09-20 11:00:00+02:00,17.9455,1.9386592,9.36,0.0,0.0,37840.0,5.9240503,18.127962
2026-09-20 12:00:00+02:00,19.245499,5.0142193,11.5199995,0.0,0.0,39100.0,4.6916795,18.0
2026-09-20 13:00:00+02:00,20.095499,8.12197,16.199999,0.0,0.0,40660.0,2.3236039,16.185604
2026-09-20 14:00:00+02:00,21.1455,10.144082,19.8,0.0,0.0,42100.0,3.286072,20.055098
2026-09-20 15:00:00+02:00,21.5455,10.30883,20.16,0.0,0.0,42840.0,3.0569031,23.975016
2026-09-20 16:00:00+02:00,21.6455,9.511088,22.68,0.0,0.0,40640.0,5.9240503,25.538944
2026-09-20 17:00:00+02:00,21.3955,8.913181,20.519999,0.0,0.0,42560.0,4.57969,25.92076
2026-09-20 18:00:00+02:00,20.6455,5.8603754,16.199999,0.0,0.0,43520.0,5.333787,28.853722
2026-09-20 19:00:00+02:00,18.8955,3.7064266,11.159999,0.0,0.0,42840.0,6.850616,28.880415
2026-09-20 20:00:00+02:00,15.545501,7.491114,15.119999,0.0,0.0,39920.0,5.195736,33.59187
2026-09-20 21:00:00+02:00,13.6955,6.696387,12.24,0.0,0.0,35480.0,4.556962,30.816475
2026-09-20 22:00:00+02:00,14.3455,4.0249224,12.599999,0.0,0.0,39680.0,3.757767,35.00712
2026-09-20 23:00:00+02:00,13.295501,5.904439,13.32,0.0,0.0,36720.0,3.5591009,34.334854
2026-09-21 00:00:00+02:00,12.745501,3.096837,14.04,0.0,0.0,35420.0,4.6916795,28.144014
2026-09-21 01:00:00+02:00,13.0955,4.5820518,5.3999996,0.0,0.0,40180.0,8.670211,27.653793
2026-09-21 02:00:00+02:00,12.245501,6.638072,5.7599998,0.0,0.0,39500.0,5.6366506,26.33363
2026-09-21 03:00:00+02:00,11.1455,7.4128532,10.08,0.0,0.0,34420.0,2.9178793,27.225573
2026-09-21 04:00:00+02:00,10.495501,6.4096174,12.24,0.0,0.0,31000.0,8.402622,26.804882
2026-09-21 05:00:00+02:00,10.745501,5.904439,13.32,0.0,0.0,29540.0,7.971428,26.186924
2026-09-21 06:00:00+02:00,11.8955,3.396233,10.799999,0.0,0.0,37320.0,3.89347,19.390963
2026-09-21 07:00:00+02:00,11.4455,4.0249224,6.4799995,0.0,0.0,39700.0,2.0379353,22.206465
2026-09-21 08:00:00+02:00,9.9455,4.379589,7.2,0.0,0.0,22300.0,4.6916795,25.136015
2026-09-21 09:00:00+02:00,12.495501,2.3051248,8.64,0.0,0.0,18660.0,7.418196,30.03137
2026-09-21 10:00:00+02:00,15.3955,5.4119864,14.4,0.0,0.0,36580.0,1.4410379,27.875805
2026-09-21 11:00:00+02:00,15.995501,5.0528407,12.959999,0.0,0.0,37280.0,2.7718916,30.108244
2026-09-21 12:00:00+02:00,17.1955,6.638072,10.08,0.0,0.0,37740.0,2.6571426,31.133633
2026-09-21 13:00:00+02:00,18.245499,8.905908,15.119999,0.0,0.0,39440.0,2.0379353,28.178215
2026-09-21 14:00:00+02:00,19.0455,12.979984,24.84,0.0,0.0,40860.0,5.562481,24.238705
2026-09-21 15:00:00+02:00,19.5455,12.783802,23.759998,0.0,0.0,39100.0,10.831774,20.52034
2026-09-21 16:00:00+02:00,19.7955,9.47012,24.119999,0.0,0.0,39920.0,7.418196,23.594372
2026-09-21 17:00:00+02:00,19.7955,7.69592,19.44,0.0,0.0,40060.0,1.8788835,29.337025
2026-09-21 18:00:00+02:00,18.8955,8.311245,17.28,0.0,0.0,39540.0,2.3236039,30.470741
2026-09-21 19:00:00+02:00,16.995499,6.638072,17.28,0.0,0.0,37260.0,3.2222586,29.198812
2026-09-21 20:00:00+02:00,15.295501,2.5455842,12.599999,0.0,0.0,36700.0,2.734177,28.659466
2026-09-21 21:00:00+02:00,13.8455,5.154415,5.7599998,0.0,0.0,36200.0,2.278481,29.591993
2026-09-21 22:00:00+02:00,12.6955,5.3999996,5.3999996,25.0,0.0,33600.0,2.0379353,32.490005
2026-09-21 23:00:00+02:00,12.745501,2.5455842,5.7599998,47.0,0.0,28840.0,3.757767,31.337141
2026-09-22 00:00:00+02:00,11.795501,5.2416787,6.4799995,51.0,0.0,30600.0,3.3175182,30.204062
2026-09-22 01:00:00+02:00,11.995501,3.219938,8.64,83.0,0.0,35320.0,0.4556962,29.356714
2026-09-22 02:00:00+02:00,11.4455,4.6938252,3.6,76.0,0.0,27200.0,2.278481,28.068626
2026-09-22 03:00:00+02:00,11.295501,4.829907,10.440001,84.0,0.0,30920.0,1.8788835,27.097918
2026-09-22 04:00:00+02:00,10.745501,3.671294,10.08,82.0,0.0,30820.0,2.9178793,27.479101
2026-09-22 05:00:00+02:00,9.545501,5.2416787,5.7599998,77.0,0.0,32120.0,3.2222586,28.753408
2026-09-22 06:00:00+02:00,10.045501,2.2768397,9.72,62.0,0.0,33540.0,2.3236039,32.75571
2026-09-22 07:00:00+02:00,9.795501,5.0911684,6.8399997,58.0,0.0,36620.0,2.6571426,39.45165
2026-09-22 08:00:00+02:00,8.745501,4.32,6.8399997,2.0,0.0,30960.0,4.2990294,37.184437
2026-09-22 09:00:00+02:00,10.6455,1.8,9.0,0.0,0.0,15740.0,5.333787,41.045376
2026-09-22 10:00:00+02:00,13.045501,2.6208394,7.5599995,0.0,0.0,21520.0,4.556962,43.310616
2026-09-22 11:00:00+02:00,15.6955,3.4152596,8.64,0.0,0.0,36580.0,7.0889688,38.960327
2026-09-22 12:00:00+02:00,16.5455,6.924738,16.919998,0.0,0.0,35620.0,8.476439,36.085506
2026-09-22 13:00:00+02:00,17.245499,8.759178,20.880001,0.0,0.0,39480.0,10.628571,34.491585
2026-09-22 14:00:00+02:00,18.2955,8.707238,21.96,0.0,0.0,38500.0,10.240498,33.64344
2026-09-22 15:00:00+02:00,18.6955,10.948973,20.880001,0.0,0.0,38800.0,12.269996,29.980017
2026-09-22 16:00:00+02:00,18.845499,9.0645685,19.8,0.0,0.0,40420.0,11.760141,30.533892
2026-09-22 17:00:00+02:00,19.1955,7.208994,18.72,0.0,0.0,42740.0,7.7468357,27.48611
2026-09-22 18:00:00+02:00,18.345499,5.3517847,15.119999,0.0,0.0,42780.0,5.506198,27.89653
2026-09-22 19:00:00+02:00,16.4955,5.0911684,10.440001,0.0,0.0,42900.0,6.198138,27.792759
2026-09-22 20:00:00+02:00,12.9455,4.1046314,10.08,0.0,0.0,41000.0,4.844117,25.659342
2026-09-22 21:00:00+02:00,11.995501,4.6102495,6.12,0.0,0.0,40720.0,2.453999,26.340944
2026-09-22 22:00:00+02:00,11.545501,1.2979984,6.12,0.0,0.0,41020.0,3.0569031,26.076351
2026-09-22 23:00:00+02:00,9.9455,4.829907,1.4399999,0.0,0.0,40180.0,3.89347,25.928188
2026-09-23 00:00:00+02:00,8.0455,5.0142193,7.92,0.0,0.0,36000.0,2.0379353,21.085184
2026-09-23 01:00:00+02:00,6.7455,2.4149535,6.12,0.0,0.0,31040.0,1.643036,19.390963
2026-09-23 02:00:00+02:00,6.5955,4.3498964,3.2399998,0.0,0.0,32320.0,1.2889035,17.752157
2026-09-23 03:00:00+02:00,5.5455,3.5455887,4.68,0.0,0.0,20220.0,3.1898732,16.398428
2026-09-23 04:00:00+02:00,6.2455,1.0182338,3.6,0.0,0.0,30200.0,2.453999,15.566816
2026-09-23 05:00:00+02:00,7.5455,6.151683,1.08,0.0,0.0,34940.0,4.0758705,15.566816
2026-09-23 06:00:00+02:00,7.5455,4.8433046,6.8399997,0.0,0.0,34660.0,4.201311,13.370063
2026-09-23 07:00:00+02:00,9.3455,5.8603754,6.12,0.0,0.0,40700.0,4.9291077,11.939204
2026-09-23 08:00:00+02:00,7.5955,4.0249224,6.4799995,0.0,0.0,33220.0,5.3142853,12.475707
2026-09-23 09:00:00+02:00,10.545501,2.0364676,5.7599998,0.0,0.0,35920.0,5.155614,12.194616
2026-09-23 10:00:00+02:00,12.995501,3.8773184,7.5599995,0.0,0.0,31200.0,2.278481,13.326771
2026-09-23 11:00:00+02:00,14.795501,3.219938,7.5599995,0.0,0.0,36300.0,4.0758705,15.824542
2026-09-23 12:00:00+02:00,16.0455,7.5685663,11.5199995,0.0,0.0,38320.0,3.3175182,16.018122
2026-09-23 13:00:00+02:00,17.0455,7.42159,12.959999,0.0,0.0,40800.0,1.0189676,14.922391
2026-09-23 14:00:00+02:00,18.1955,9.085988,16.199999,0.0,0.0,43000.0,2.734177,14.490146
2026-09-23 15:00:00+02:00,19.095499,7.10031,17.28,0.0,0.0,42040.0,1.4410379,13.093462
2026-09-23 16:00:00+02:00,19.595499,6.489992,14.04,0.0,0.0,41560.0,1.0189676,15.012479
2026-09-23 17:00:00+02:00,19.7955,6.989936,14.759999,0.0,0.0,41740.0,3.286072,16.13793
2026-09-23 18:00:00+02:00,19.745499,3.096837,15.84,0.0,0.0,41440.0,1.0189676,16.13793
2026-09-23 19:00:00+02:00,17.845499,3.0758414,5.04,0.0,0.0,40600.0,3.89347,20.818563
2026-09-23 20:00:00+02:00,14.9455,7.2805495,8.28,0.0,0.0,40480.0,2.6571426,25.538944
2026-09-23 21:00:00+02:00,12.6955,6.9153743,18.72,0.0,0.0,38040.0,11.600131,29.844782
2026-09-23 22:00:00+02:00,11.995501,6.1094027,12.959999,0.0,0.0,37280.0,9.350104,28.068626
2026-09-23 23:00:00+02:00,11.3955,6.830519,14.04,0.0,0.0,35260.0,2.577807,21.94469
2026-09-24 00:00:00+02:00,11.495501,6.696387,14.759999,0.0,0.0,37720.0,11.124962,27.204338
2026-09-24 01:00:00+02:00,11.4455,6.696387,11.879999,0.0,0.0,37980.0,13.402427,25.591688
2026-09-24 02:00:00+02:00,11.295501,7.10031,11.879999,0.0,0.0,38000.0,8.476439,24.206896
2026-09-24 03:00:00+02:00,11.495501,7.386582,15.119999,0.0,0.0,39600.0,10.638334,28.307802
2026-09-24 04:00:00+02:00,10.8455,7.928177,14.04,0.0,0.0,39720.0,10.331347,30.540203
2026-09-24 05:00:00+02:00,10.6955,7.729527,12.24,0.0,0.0,39980.0,8.987734,33.568924
2026-09-24 06:00:00+02:00,10.3955,6.489992,15.4800005,0.0,0.0,39240.0,9.688234,35.138927
2026-09-24 07:00:00+02:00,9.995501,6.193674,14.04,0.0,0.0,36240.0,6.835443,34.413307
2026-09-24 08:00:00+02:00,9.745501,6.12,13.32,0.0,0.0,33580.0,6.9559,36.908855
2026-09-24 09:00:00+02:00,13.6455,2.0991426,11.5199995,0.0,0.0,37640.0,11.254866,41.21398
2026-09-24 10:00:00+02:00,15.9455,4.39436,9.36,0.0,0.0,34440.0,5.155614,39.35877
2026-09-24 11:00:00+02:00,17.0455,3.6,10.799999,0.0,0.0,39920.0,6.572144,38.186287
2026-09-24 12:00:00+02:00,18.2955,8.217153,18.359999,0.0,0.0,40240.0,2.6571426,36.0
2026-09-24 13:00:00+02:00,18.2955,8.209263,20.16,0.0,0.0,41200.0,2.8820758,35.00712
2026-09-24 14:00:00+02:00,19.245499,7.386582,20.519999,0.0,0.0,41780.0,3.0569031,35.138927
2026-09-24 15:00:00+02:00,19.8955,7.289445,22.68,0.0,0.0,41160.0,4.2990294,38.307163
2026-09-24 16:00:00+02:00,20.095499,7.9932966,21.96,0.0,0.0,40980.0,3.9200466,41.10165
2026-09-24 17:00:00+02:00,18.9455,4.8965297,18.72,0.0,0.0,40620.0,0.64445174,40.72027
2026-09-24 18:00:00+02:00,18.595499,5.991594,11.879999,0.0,0.0,39720.0,1.3670886,42.755558
2026-09-24 19:00:00+02:00,16.4455,7.7043357,16.199999,0.0,0.0,40020.0,7.866535,50.10315
2026-09-24 20:00:00+02:00,14.995501,5.154415,14.759999,0.0,0.0,39280.0,7.6388597,53.627728
2026-09-24 21:00:00+02:00,13.3955,5.8603754,15.119999,0.0,0.0,36420.0,1.8788835,49.798496
2026-09-24 22:00:00+02:00,11.545501,3.8773184,12.959999,0.0,0.0,37040.0,1.0189676,45.989704
2026-09-24 23:00:00+02:00,11.8455,6.28713,12.599999,0.0,0.0,37600.0,1.4410379,42.796085
2026-09-25 00:00:00+02:00,10.5955,6.638072,10.08,0.0,0.0,37520.0,2.453999,43.99459
2026-09-25 01:00:00+02:00,10.0955,5.6002855,8.64,0.0,0.0,37840.0,6.7744107,42.48438
2026-09-25 02:00:00+02:00,9.3455,6.3690495,12.24,0.0,0.0,39340.0,9.113924,42.574966
2026-09-25 03:00:00+02:00,9.045501,6.9153743,13.679999,0.0,0.0,38600.0,11.031237,38.10549
2026-09-25 04:00:00+02:00,8.995501,6.489992,13.32,0.0,0.0,39500.0,10.638334,34.941025
2026-09-25 05:00:00+02:00,8.745501,6.8777895,13.32,0.0,0.0,38880.0,6.7744107,36.704754
2026-09-25 06:00:00+02:00,8.9455,6.489992,12.24,0.0,0.0,39520.0,8.753638,33.106678
2026-09-25 07:00:00+02:00,8.995501,5.692099,11.5199995,0.0,0.0,40480.0,8.11344,30.57172
2026-09-25 08:00:00+02:00,8.3955,5.8603754,8.64,0.0,0.0,36080.0,8.706063,28.368979
2026-09-25 09:00:00+02:00,11.6955,3.219938,10.799999,0.0,0.0,36420.0,9.022324,25.59169
2026-09-25 10:00:00+02:00,13.745501,2.1897945,6.12,0.0,0.0,34900.0,9.994198,27.549112
2026-09-25 11:00:00+02:00,15.545501,3.396233,9.72,0.0,0.0,40780.0,7.7602262,29.960732
2026-09-25 12:00:00+02:00,17.4455,2.1897945,9.72,0.0,0.0,40120.0,7.5842957,27.875805
2026-09-25 13:00:00+02:00,18.495499,6.2145634,10.08,0.0,0.0,39120.0,3.67394,27.48611
2026-09-25 14:00:00+02:00,19.1455,6.439876,10.799999,0.0,0.0,41040.0,3.2222586,23.716516
2026-09-25 15:00:00+02:00,19.7955,6.9527545,11.159999,0.0,0.0,42520.0,2.6571426,23.716516
2026-09-25 16:00:00+02:00,19.8955,6.12,12.599999,0.0,0.0,44860.0,3.286072,23.040882
2026-09-25 17:00:00+02:00,20.095499,6.638072,12.599999,0.0,0.0,42820.0,4.1265044,24.206896
2026-09-25 18:00:00+02:00,19.1455,4.198285,13.679999,0.0,0.0,41820.0,3.1898732,21.139927
2026-09-25 19:00:00+02:00,18.0455,2.1897945,6.12,0.0,0.0,42980.0,1.4410379,19.400894
2026-09-25 20:00:00+02:00,13.495501,7.9036193,12.24,0.0,0.0,41460.0,2.9178793,20.331732
2026-09-25 21:00:00+02:00,11.6455,7.5942082,15.4800005,0.0,0.0,40640.0,6.47666,21.330421
2026-09-25 22:00:00+02:00,11.3955,6.638072,13.679999,0.0,0.0,40800.0,8.753638,21.185438
2026-09-25 23:00:00+02:00,11.3455,6.489992,12.959999,0.0,0.0,40660.0,7.840093,19.241377
2026-09-26 00:00:00+02:00,11.245501,6.439876,11.159999,0.0,0.0,41120.0,6.7744107,14.909477
2026-09-26 01:00:00+02:00,11.245501,6.193674,8.28,0.0,0.0,41540.0,6.444517,12.5526705
2026-09-26 02:00:00+02:00,10.1455,6.489992,9.0,0.0,0.0,39980.0,6.198138,11.809426
2026-09-26 03:00:00+02:00,10.8455,6.297428,10.08,0.0,0.0,40800.0,8.11344,11.987508
2026-09-26 04:00:00+02:00,10.6455,6.4096174,10.440001,0.0,0.0,40600.0,6.1307654,11.9230585
2026-09-26 05:00:00+02:00,10.5955,5.4833565,7.2,0.0,0.0,39920.0,4.9291077,10.98112
2026-09-26 06:00:00+02:00,10.3955,6.28713,7.5599995,0.0,0.0,40000.0,5.8000655,10.678748
2026-09-26 07:00:00+02:00,10.1955,5.8603754,7.2,0.0,0.0,39900.0,5.8000655,10.551724
2026-09-26 08:00:00+02:00,9.545501,6.763786,7.92,0.0,0.0,36480.0,7.1182017,12.4911375
2026-09-26 09:00:00+02:00,13.745501,3.563818,10.440001,0.0,0.0,40120.0,8.706063,11.189641
2026-09-26 10:00:00+02:00,16.2955,3.096837,7.2,0.0,0.0,32640.0,3.9200466,10.1040945
2026-09-26 11:00:00+02:00,17.6955,3.6,11.159999,0.0,0.0,38980.0,0.64445174,11.189642
2026-09-26 12:00:00+02:00,19.095499,5.315336,10.440001,0.0,0.0,41340.0,1.4410379,13.166815
2026-09-26 13:00:00+02:00,19.9455,7.42159,14.4,0.0,0.0,42000.0,3.67394,11.595439
2026-09-26 14:00:00+02:00,21.495499,9.339208,14.04,0.0,0.0,45840.0,4.201311,12.780782
2026-09-26 15:00:00+02:00,21.7955,9.339208,18.72,0.0,0.0,47620.0,5.195736,13.948265
2026-09-26 16:00:00+02:00,21.8955,6.9527545,18.72,0.0,0.0,46680.0,6.7744107,14.648801
2026-09-26 17:00:00+02:00,22.3955,7.5685663,14.4,0.0,0.0,47800.0,10.189676,14.8057575
2026-09-26 18:00:00+02:00,20.9455,3.8939953,14.04,0.0,0.0,43760.0,7.34788,16.398428
2026-09-26 19:00:00+02:00,19.2955,3.7064266,5.7599998,0.0,0.0,44880.0,5.9240503,15.824542
2026-09-26 20:00:00+02:00,13.8955,8.161764,11.879999,0.0,0.0,42560.0,1.8788835,14.714402
2026-09-26 21:00:00+02:00,12.5955,7.7879906,15.4800005,0.0,0.0,41040.0,4.844117,16.94153
2026-09-26 22:00:00+02:00,12.245501,7.6367526,15.119999,0.0,0.0,40480.0,7.1182017,19.040104
2026-09-26 23:00:00+02:00,12.745501,7.7043357,14.4,0.0,0.0,40420.0,8.11344,18.26558
2026-09-27 00:00:00+02:00,12.6455,7.6367526,15.119999,0.0,0.0,40080.0,8.36547,17.478779
2026-09-27 01:00:00+02:00,12.1455,6.8777895,14.759999,0.0,0.0,40020.0,6.198138,15.628565
2026-09-27 02:00:00+02:00,12.4455,7.145796,13.32,0.0,0.0,40540.0,7.840093,13.556066
2026-09-27 03:00:00+02:00,12.0955,7.491114,14.759999,0.0,0.0,41040.0,5.941551,11.987508
2026-09-27 04:00:00+02:00,11.6455,6.4096174,12.959999,0.0,0.0,41080.0,3.0569031,11.41124
2026-09-27 05:00:00+02:00,11.295501,6.725354,9.0,0.0,0.0,40420.0,2.278481,8.092802
2026-09-27 06:00:00+02:00,10.8455,6.151683,9.72,0.0,0.0,40200.0,3.4704785,5.855574
2026-09-27 07:00:00+02:00,10.995501,6.297428,7.92,0.0,0.0,40820.0,3.286072,4.475857
2026-09-27 08:00:00+02:00,10.745501,6.489992,6.4799995,0.0,0.0,39820.0,3.5591009,5.1183376
2026-09-27 09:00:00+02:00,14.0955,2.6208394,6.4799995,0.0,0.0,40000.0,2.9178793,5.0041595
2026-09-27 10:00:00+02:00,17.245499,1.835647,5.7599998,0.0,0.0,38960.0,2.8820758,6.329817
2026-09-27 11:00:00+02:00,18.1455,2.9024127,6.12,0.0,0.0,40540.0,1.9333551,9.454063
2026-09-27 12:00:00+02:00,20.1455,6.28713,13.32,0.0,0.0,42340.0,1.3670886,10.551724
2026-09-27 13:00:00+02:00,21.0455,7.5685663,13.679999,0.0,0.0,43480.0,2.8820758,11.711148
2026-09-27 14:00:00+02:00,21.995499,8.534353,13.679999,0.0,0.0,46780.0,2.8820758,12.5680065
2026-09-27 15:00:00+02:00,22.845499,7.9036193,15.119999,0.0,0.0,49180.0,5.195736,13.427569
2026-09-27 16:00:00+02:00,22.845499,7.5685663,15.84,0.0,0.0,47980.0,5.9240503,12.241913
2026-09-27 17:00:00+02:00,22.6455,5.3999996,15.119999,0.0,0.0,44080.0,2.453999,14.153901
2026-09-27 18:00:00+02:00,22.345499,1.1384199,9.36,0.0,0.0,43820.0,0.64445174,13.739551
2026-09-27 19:00:00+02:00,20.495499,3.096837,3.2399998,0.0,0.0,44000.0,1.3670886,11.595439
2026-09-27 20:00:00+02:00,14.495501,7.172949,9.0,0.0,0.0,40820.0,2.6571426,10.330335
2026-09-27 21:00:00+02:00,13.5955,7.2,15.4800005,0.0,0.0,40500.0,3.9200466,10.533453
2026-09-27 22:00:00+02:00,13.495501,6.638072,10.799999,0.0,0.0,40420.0,1.8788835,11.0510645
2026-09-27 23:00:00+02:00,13.0955,6.6185193,6.8399997,0.0,0.0,38600.0,1.2889035,8.350525
2026-09-28 00:00:00+02:00,12.8955,6.792466,10.440001,0.0,0.0,39260.0,2.3236039,7.022301
2026-09-28 01:00:00+02:00,12.8455,6.4096174,10.440001,0.0,0.0,39300.0,4.6472077,6.7137847
2026-09-28 02:00:00+02:00,12.9455,6.696387,11.879999,0.0,0.0,38200.0,6.444517,8.1638975
2026-09-28 03:00:00+02:00,13.1455,7.145796,11.5199995,0.0,0.0,39240.0,5.506198,11.189641
2026-09-28 04:00:00+02:00,13.1455,6.8777895,7.5599995,0.0,0.0,39460.0,3.89347,11.987508
2026-09-28 05:00:00+02:00,12.0955,5.991594,7.2,0.0,0.0,38580.0,1.0189676,8.622896
2026-09-28 06:00:00+02:00,12.1455,5.8603754,6.12,0.0,0.0,40180.0,0.9113924,7.5764823
2026-09-28 07:00:00+02:00,13.045501,4.8433046,6.12,0.0,0.0,41140.0,1.0189676,7.2649856
2026-09-28 08:00:00+02:00,11.4455,4.379589,5.04,0.0,0.0,39440.0,2.0379353,6.6850314
2026-09-28 09:00:00+02:00,14.8455,1.9386592,6.12,0.0,0.0,39240.0,1.643036,7.677507
2026-09-28 10:00:00+02:00,16.4955,1.5273507,4.68,0.0,0.0,35120.0,0.64445174,8.092802
2026-09-28 11:00:00+02:00,18.5455,2.7416782,5.7599998,0.0,0.0,33020.0,0.4556962,8.092802
2026-09-28 12:00:00+02:00,20.1955,6.763786,12.959999,0.0,0.0,39740.0,2.453999,9.931033
2026-09-28 13:00:00+02:00,20.5455,8.891344,16.919998,0.0,0.0,40920.0,4.0758705,12.475707
2026-09-28 14:00:00+02:00,21.5455,9.178235,19.8,0.0,0.0,41240.0,6.0797453,16.11404
2026-09-28 15:00:00+02:00,22.245499,8.225035,17.28,0.0,0.0,41620.0,5.9240503,15.566816
2026-09-28 16:00:00+02:00,22.595499,7.289444,16.199999,0.0,0.0,40940.0,7.958392,13.6692705
2026-09-28 17:00:00+02:00,22.345499,5.8048253,14.4,0.0,0.0,40320.0,6.524576,12.5526705
2026-09-28 18:00:00+02:00,21.4455,2.5455842,11.879999,0.0,0.0,40660.0,3.0569031,9.950412
2026-09-28 19:00:00+02:00,20.095499,2.5455842,2.8799999,0.0,0.0,39920.0,1.3670886,8.1638975
2026-09-28 20:00:00+02:00,16.095499,6.725354,6.12,0.0,0.0,36880.0,0.9113924,8.068965
2026-09-28 21:00:00+02:00,14.6455,5.937272,10.799999,0.0,0.0,29320.0,4.201311,8.327425
2026-09-28 22:00:00+02:00,14.6455,5.6002855,10.440001,0.0,0.0,34560.0,5.195736,8.622896
2026-09-28 23:00:00+02:00,14.1955,6.6087217,9.36,0.0,0.0,33320.0,5.9240503,6.390391
2026-09-29 00:00:00+02:00,13.995501,6.638072,9.36,0.0,0.0,36600.0,5.195736,7.2649856
2026-09-29 01:00:00+02:00,13.8455,5.3517847,9.72,0.0,0.0,38980.0,2.0379353,5.1183376
2026-09-29 02:00:00+02:00,13.4455,5.0911684,8.28,0.0,0.0,35140.0,0.9113924,5.551616
2026-09-29 03:00:00+02:00,14.6455,0.5091169,5.3999996,0.0,0.0,39740.0,1.0189676,5.1183376
2026-09-29 04:00:00+02:00,14.545501,0.5091169,1.4399999,0.0,0.0,40260.0,1.2889035,3.3425157
2026-09-29 05:00:00+02:00,11.4455,7.2,2.8799999,0.0,0.0,39320.0,3.4704785,1.387904
2026-09-29 06:00:00+02:00,12.0955,6.1094027,9.36,0.0,0.0,33680.0,4.757608,1.387904
2026-09-29 07:00:00+02:00,12.995501,5.154415,6.4799995,0.0,0.0,39720.0,3.2222586,2.775808
2026-09-29 08:00:00+02:00,12.495501,6.0347,7.2,0.0,0.0,34580.0,1.643036,5.7224755
2026-09-29 09:00:00+02:00,15.545501,2.2768397,6.8399997,0.0,0.0,34320.0,2.7718916,7.499821
2026-09-29 10:00:00+02:00,17.495499,1.2979984,4.32,0.0,0.0,32300.0,0.64445174,7.4740934
2026-09-29 11:00:00+02:00,18.5455,2.4149535,5.04,0.0,0.0,39560.0,0.0,5.0041595
2026-09-29 12:00:00+02:00,20.0455,5.937272,10.08,0.0,0.0,35920.0,1.8788835,6.390391
2026-09-29 13:00:00+02:00,20.2955,9.021574,17.64,0.0,0.0,39620.0,4.323114,7.5510154
2026-09-29 14:00:00+02:00,20.3955,8.287822,18.0,0.0,0.0,40100.0,5.993747,11.939204
2026-09-29 15:00:00+02:00,21.345499,6.1305785,17.64,0.0,0.0,40060.0,3.0569031,13.781546
2026-09-29 16:00:00+02:00,21.245499,6.439876,12.959999,0.0,0.0,39580.0,3.4704785,14.329733
2026-09-29 17:00:00+02:00,20.495499,3.8268526,12.599999,0.0,0.0,37140.0,1.8788835,13.166815
2026-09-29 18:00:00+02:00,19.995499,1.8,6.4799995,29.0,0.0,38140.0,0.4556962,12.194616
2026-09-29 19:00:00+02:00,18.0455,4.896529,6.8399997,0.0,0.0,30920.0,1.4410379,10.839878
2026-09-29 20:00:00+02:00,16.3955,5.04,8.28,0.0,0.0,38720.0,1.0189676,11.326523
2026-09-29 21:00:00+02:00,15.3955,5.4833565,8.64,0.0,0.0,33720.0,1.8227848,9.392738
2026-09-29 22:00:00+02:00,14.745501,5.00128,7.2,0.0,0.0,34360.0,3.1898732,8.777877
2026-09-29 23:00:00+02:00,14.245501,5.6920996,7.5599995,0.0,0.0,31820.0,3.0569031,7.0769506
