date,icao24,callsign,DepartureAirport,ArrivalAirport,Duration
2026-01-04 15:10:12,4b1c69,HBKTT,LSZL,,1464
2026-01-04 13:23:09,4b2977,HBPSH,LSZL,LOIH,1747
2026-01-04 13:06:09,4b1bb0,HBKMQ,LSZL,,1302
2026-01-04 12:53:48,4b3356,HBTLM,LSZL,LSPN,2031
2026-01-04 10:56:34,4b1bc8,HBKNO,LSZL,LSZA,4438
2026-01-04 08:48:45,4b1bb0,HBKMQ,LSZL,LILE,2585
2026-01-04 08:46:42,4b1bc7,HBKNN,LSZL,LILE,5230
2026-01-04 08:39:46,4b1bc9,HBKNP,LSZL,LSZL,3364
2026-01-04 08:38:35,4b1bc8,HBKNO,LSZL,LSZL,1488
2026-01-06 15:53:19,4b1bc9,HBKNP,LSZL,LSZL,1348
2026-01-06 15:21:30,4b1bb6,HBKMW,LSZL,LSZA,1415
2026-01-06 15:08:03,4b1bc7,HBKNN,LSZL,LSZL,1983
2026-01-06 15:07:26,4b1fa1,HBLZL,LSZL,LSZL,2798
2026-01-06 13:56:02,4b1baf,HBKMP,LSZL,LSZB,3214
2026-01-06 13:53:35,4b1bc7,HBKNN,LSZL,LSZL,1516
2026-01-06 13:45:00,4b1bc8,HBKNO,LSZL,LSZL,7067
2026-01-06 13:15:36,a2721c,N257GG,LSZL,LSZL,3966
2026-01-06 12:55:30,4b1fa1,HBLZL,LSZL,LSZL,1674
2026-01-06 12:00:09,4b1bc8,HBKNO,LSZL,LSZL,2230
2026-01-06 11:21:03,4b1bc7,HBKNN,LSZL,LSZA,3885
2026-01-06 11:19:09,4b4089,HBYLL,LSZL,LSZF,2396
2026-01-06 11:17:00,4b1bc9,HBKNP,LSZL,LSZA,3753
2026-01-06 10:08:10,4b1bc9,HBKNP,LSZL,LSZL,1546
2026-01-06 09:58:01,4b1c04,HBKPW,LSZL,LSZA,2129
2026-01-06 09:44:30,4b1fa1,HBLZL,LSZL,LSZL,2367
2026-01-06 09:37:04,4b1bc7,HBKNN,LSZL,LSZL,1609
2026-01-06 08:33:09,4b1bc8,HBKNO,LSZL,LSTA,1586
2026-01-06 08:18:12,4b1bc7,HBKNN,LSZL,LSZL,1834
2026-01-06 08:09:57,4b1b08,HBKGE,LSZL,LSTA,1935
2026-01-06 08:01:13,4b1fa1,HBLZL,LSZL,LSZL,2011
2026-01-05 10:54:32,4b1bc8,HBKNO,LSZL,LILE,2755
2026-01-05 10:51:33,4b1bb0,HBKMQ,LSZL,LSZL,1736
2026-01-05 10:45:15,4b1bc9,HBKNP,LSZL,LSZL,718
2026-01-05 10:08:15,4b443d,HBZVX,LSZL,LSZL,4115
2026-01-05 09:43:19,4b1bb0,HBKMQ,LSZL,LSZL,1617
2026-01-05 09:02:43,4b0f49,HBFUN,LSZL,LSZH,2647
2026-01-05 08:44:46,4b1fa1,HBLZL,LSZL,LSZL,5489
2026-01-05 08:44:35,4b1bc7,HBKNN,LSZL,,2042
2026-01-05 08:21:22,4b1b08,HBKGE,LSZL,,3634
2026-01-05 08:08:17,4b448d,HBZYZ,LSZL,LSZL,1683
2026-01-08 15:40:14,4b1bc9,HBKNP,LSZL,LSZL,1249
2026-01-08 15:02:55,4b1bc6,HBKNM,LSZL,LSZL,1724
2026-01-08 14:30:36,4b448d,HBZYZ,LSZL,LSZL,1348
2026-01-08 14:19:32,4b1bc9,HBKNP,LSZL,LSZL,1587
2026-01-08 14:02:20,4b1bc6,HBKNM,LSZL,LSZL,1148
2026-01-08 13:14:48,4b1bc9,HBKNP,LSZL,LSZL,1661
2026-01-08 13:06:30,4b448d,HBZYZ,LSZL,LSZL,869
2026-01-08 12:59:23,4b4437,HBZVR,LSZL,LSZL,825
2026-01-08 12:55:43,4b1b07,HBKGD,LSZL,LSZL,3344
2026-01-08 11:33:40,4b1bc7,HBKNN,LSZL,LSZL,693
2026-01-08 10:04:01,4b1bc6,HBKNM,LSZL,LSZL,1138
2026-01-08 10:03:10,4b1bc7,HBKNN,LSZL,LSZL,1680
2026-01-08 09:48:10,4b1bc9,HBKNP,LSZL,LSZL,3799
2026-01-08 08:53:41,4b1bc7,HBKNN,LSZL,LSZL,1026
2026-01-08 08:48:59,4b1bc6,HBKNM,LSZL,LSZL,1512
2026-01-08 08:21:40,4b1b07,HBKGD,LSZL,LSZL,3978
2026-01-08 08:07:13,4b448d,HBZYZ,LSZL,LSZL,1516
2026-01-08 07:09:28,4b3e43,HBXPB,LSZL,LSZA,1676
2026-01-07 18:22:35,4b1bc7,HBKNN,LSZL,LSZL,983
2026-01-07 17:45:19,4b1b07,HBKGD,LSZL,LSZL,2130
2026-01-07 17:10:00,4b1bc7,HBKNN,LSZL,LSZL,3386
2026-01-07 17:00:01,4b1b07,HBKGD,LSZL,LSZL,1941
2026-01-07 15:17:01,4b1b07,HBKGD,LSZL,LSZL,1438
2026-01-07 15:05:41,4b1bc7,HBKNN,LSZL,LSZL,2396
2026-01-07 14:43:12,4b448d,HBZYZ,LSZL,LSZL,2934
2026-01-07 14:34:13,4b23e1,HBNPH,LSZL,LSZL,853
2026-01-07 13:34:00,4b1bc9,HBKNP,LSZL,LSZL,2905
2026-01-07 13:30:09,4b1bc7,HBKNN,LSZL,LSZL,1760
2026-01-07 12:59:43,4b445e,KHS51,LSZL,LSZL,2599
2026-01-07 12:32:48,4b4322,HBZLA,LSZL,LSZL,2409
2026-01-07 12:06:14,4b1bc9,HBKNP,LSZL,LSZL,2772
2026-01-07 11:29:56,4b1b07,HBKGD,LSZL,LSZL,1441
2026-01-07 11:00:45,4b1bc7,HBKNN,LSZL,LSZL,4593
2026-01-07 10:28:11,4b23e1,HBNPH,LSZL,LSZA,885
2026-01-07 10:07:41,4b1bc7,HBKNN,LSZL,LSZL,1453
2026-01-07 09:40:28,4b448d,HBZYZ,LSZL,LSZL,4050
2026-01-07 08:57:26,4b1bc7,HBKNN,LSZL,LSZL,1833
2026-01-07 08:46:39,4b1bc9,HBKNP,LSZL,LILE,2590
2026-01-07 07:10:21,4b443d,HBZVX,LSZL,LSPM,2864
2026-01-10 14:52:24,4b1bc6,HBKNM,LSZL,LSZL,3395
2026-01-10 13:20:54,4b1bb1,HBKMR,LSZL,LSZL,1857
2026-01-10 13:03:29,4b1bc6,HBKNM,LSZL,LSZL,3005
2026-01-10 13:02:33,4b448d,HBZYZ,LSZL,LSZL,1833
2026-01-10 12:45:44,4b4322,HBZLA,LSZL,LSZL,1129
2026-01-10 12:28:52,4b442e,HBZVI,LSZL,,1500
2026-01-10 10:01:14,4b4322,HBZLA,LSZL,LSZL,667
2026-01-10 09:57:52,4b0a14,HBDVG,LSZL,LILC,696
2026-01-10 09:47:58,4b448d,HBZYZ,LSZL,LSZL,3350
2026-01-10 07:06:05,4b443d,HBZVX,LSZL,LILB,680
2026-01-09 16:00:53,4b1bc6,HBKNM,LSZL,LSZL,950
2026-01-09 15:13:39,4b1bc8,HBKNO,LSZL,LSZL,1700
2026-01-09 14:54:02,4b1bc6,HBKNM,LSZL,LSZL,1663
2026-01-09 14:38:10,4b1bb6,HBKMW,LSZL,LSZA,875
2026-01-09 14:01:07,4b1bc8,HBKNO,LSZL,LSZL,2233
2026-01-09 09:11:07,4b443d,HBZVX,LSZL,LSZL,956
2026-01-12 15:08:27,4b1bb0,HBKMQ,LSZL,LSZL,1135
2026-01-12 14:47:00,3d3292,DERKC,LSZL,LIMB,1348
2026-01-12 14:44:28,4b0d33,HBEZZ,LSZL,LSZL,1902
2026-01-12 14:40:33,4b1b07,HBKGD,LSZL,LSZL,1642
2026-01-12 13:43:14,4b1bc9,HBKNP,LSZL,LSZL,3313
2026-01-12 13:40:22,4b1b07,HBKGD,LSZL,LSZL,1267
2026-01-12 13:26:30,4b1bc6,HBKNM,LSZL,LILE,2495
2026-01-12 13:21:02,4b1bb1,HBKMR,LSZL,,1850
2026-01-12 13:03:55,3d3292,DERKC,LSZL,LSZL,934
2026-01-12 13:00:25,4b1bc7,HBKNN,LSZL,LIMR,3801
2026-01-12 11:23:12,4b1bc6,HBKNM,LSZL,LSZL,1425
2026-01-12 10:17:10,4b1b07,HBKGD,LSZL,LSZL,1287
2026-01-12 10:02:25,4b1b08,HBKGE,LSZL,LSZL,1287
2026-01-12 09:44:35,4b4db1,HB2314,LSZL,LSZL,2393
2026-01-12 09:15:25,4b1b07,HBKGD,LSZL,LSZL,1434
2026-01-12 08:33:21,4b1bc6,HBKNM,LSZL,LSZL,7946
2026-01-12 08:29:47,a2721c,N257GG,LSZL,LSZL,5565
2026-01-12 08:28:15,4b1e1d,HBLKN,LSZL,LSZB,3416
2026-01-12 08:24:39,4b1bc7,HBKNN,LSZL,LILE,2718
2026-01-12 08:18:06,4b1bc9,HBKNP,LSZL,LILE,2715
2026-01-12 08:16:03,4b1b08,HBKGE,LSZL,LSZL,1793
2026-01-12 08:14:55,4b1bc8,HBKNO,LSZL,LIPV,7046
2026-01-12 08:13:50,4b1bb1,HBKMR,LSZL,LSZL,10238
2026-01-12 07:04:43,4b442e,HBZVI,LSZL,LSZL,3000
2026-01-12 07:02:10,4b443d,HBZVX,LSZL,LSZA,3529
2026-01-11 14:43:35,4b1bc5,HBKNL,LSZL,LILC,3232
2026-01-11 14:20:15,4b1bb6,HBKMW,LSZL,LILN,2294
2026-01-11 13:42:21,4b1bc8,HBKNO,LSZL,LSZL,3961
2026-01-11 13:01:31,4b1bc9,HBKNP,LSZL,LSZL,8856
2026-01-11 12:42:16,500028,T7PCS,LSZL,LSZL,724
2026-01-11 12:16:34,4b1bc5,HBKNL,LSZL,LSZL,6165
2026-01-11 12:11:54,4b4db1,HB2314,LSZL,LSTA,2403
2026-01-11 11:39:18,4b1bc9,HBKNP,LSZL,LSZL,970
2026-01-11 11:28:04,4b1bb1,HBKMR,LSZL,LIMG,4912
2026-01-11 11:14:03,4b1bb0,HBKMQ,LSZL,LIPL,3266
2026-01-11 11:13:26,4b1bc6,HBKNM,LSZL,LIPL,3062
2026-01-11 10:51:35,4b1e1d,HBLKN,LSZL,LSZB,2196
2026-01-11 10:30:37,3d840b,DFWGH,LSZL,EDLD,6515
2026-01-11 09:39:03,4b1bc8,HBKNO,LSZL,LSZL,11018
2026-01-14 14:24:34,4b1fa1,HBLZL,LSZL,LSZA,6645
2026-01-14 13:30:36,4b7f6b,V613,LSZL,LSZL,693
2026-01-14 12:15:00,4b1fa1,HBLZL,LSZL,,739
2026-01-14 11:43:45,4b7fa6,T313,LSZL,LSZB,5146
2026-01-14 10:04:09,4b1bc6,HBKNM,LSZL,LILE,4850
2026-01-14 09:14:30,4b443d,HBZVX,LSZL,LSZL,15555
2026-01-14 08:27:51,a2721c,N257GG,LSZL,EDMA,4011
2026-01-13 14:49:00,4b1bc7,HBKNN,LSZL,LSZL,2508
2026-01-13 14:45:37,4b303f,HBSHB,LSZL,LSPU,1629
2026-01-13 14:40:00,4b443d,HBZVX,LSZL,LSZL,1409
2026-01-13 14:07:23,4b1b07,HBKGD,LSZL,LSZL,2944
2026-01-13 13:19:51,4b1bc6,HBKNM,LSZL,LILE,2383
2026-01-13 13:16:11,4b1bc7,HBKNN,LSZL,LSZL,3168
2026-01-13 13:11:30,4b443d,HBZVX,LSZL,LSZL,1945
2026-01-13 13:11:14,4b40a1,HBYMJ,LSZL,LSZF,3910
2026-01-13 13:09:42,4b442e,HBZVI,LSZL,LSZL,2111
2026-01-13 13:08:22,4b413c,HBYSI,LSZL,LSGE,3410
2026-01-13 13:06:38,4b4089,HBYLL,LSZL,LSZF,3320
2026-01-13 13:05:22,4b447b,HBZYH,LSZL,LSTA,1392
2026-01-13 12:50:19,4b1bb0,HBKMQ,LSZL,LSZL,11697
2026-01-13 12:45:00,4b1bb1,HBKMR,LSZL,LIPL,3685
2026-01-13 12:43:39,4b1b08,HBKGE,LSZL,LSZL,3791
2026-01-13 12:41:19,4b7f9d,T322,LSZL,LSML,3375
2026-01-13 12:39:30,3d6c57,DFNGX,LSZL,LSZR,3912
2026-01-13 10:48:06,4b1bc6,HBKNM,LSZL,LSZL,6623
2026-01-13 10:14:43,4b1bb1,HBKMR,LSZL,LSZL,2326
2026-01-13 10:02:54,500028,T7PCS,LSZL,LSZL,2338
2026-01-13 09:43:25,4b1b07,HBKGD,LSZL,LSZL,1765
2026-01-13 09:15:44,4b1b08,HBKGE,LSZL,LSZL,3632
2026-01-13 09:11:10,4b1e1d,HBLKN,LSZL,LFMD,4695
2026-01-13 08:51:47,4b448d,HBZYZ,LSZL,,909
2026-01-13 08:48:38,4b1bb1,HBKMR,LSZL,LSZL,2116
2026-01-13 08:24:05,4b1bc9,HBKNP,LSZL,LIPV,6712
2026-01-13 08:21:11,4b1bc6,HBKNM,LSZL,LILE,2469
2026-01-13 08:08:39,4b1bc7,HBKNN,LSZL,LILE,2525
2026-01-13 07:30:09,4b442e,HBZVI,LSZL,LSZL,11350
2026-01-13 07:28:19,4b443e,HBZVY,LSZL,LSZL,9611
2026-01-16 10:41:49,4b1fa1,HBLZL,LSZL,LSZA,7357
2026-01-16 09:53:26,4b442e,HBZVI,LSZL,LSZL,697
2026-01-16 09:53:11,4b4387,HBZOX,LSZL,LSZA,2778
2026-01-16 09:50:07,4b1b08,HBKGE,LSZL,LSZL,1606
2026-01-16 09:49:36,4b448d,HBZYZ,LSZL,LSZL,887
2026-01-16 09:20:28,4b1bc9,HBKNP,LSZL,LSZL,2536
2026-01-16 09:02:43,4b1bb0,HBKMQ,LSZL,LSZL,1233
2026-01-16 09:01:45,4b4387,HBZOX,LSZL,LSZL,1708
2026-01-16 08:17:52,4b448d,HBZYZ,LSZL,LSZL,1146
2026-01-16 07:49:37,4b1fa1,HBLZL,LSZL,LSZL,5300
2026-01-16 07:40:48,4b3fc5,HBYDX,LSZL,LSML,813
2026-01-15 15:42:01,4b1fa1,HBLZL,LSZL,LSZL,1803
2026-01-15 15:04:38,4b1bc6,HBKNM,LSZL,LSZL,1763
2026-01-15 14:42:44,4b1fa1,HBLZL,LSZL,LSZL,1343
2026-01-15 14:34:40,4b1bb1,HBKMR,LSZL,LSZL,2180
2026-01-15 14:26:12,4b44a1,HBZZT,LSZL,LSZL,3274
2026-01-15 14:24:53,4b1bc7,HBKNN,LSZL,LSZL,2069
2026-01-15 14:16:39,4b1bb0,HBKMQ,LSZL,LSZL,1864
2026-01-15 14:06:32,a1e06c,N22UB,LSZL,EGTK,5903
2026-01-15 13:52:36,4b1fa1,HBLZL,LSZL,LSZL,1298
2026-01-15 13:34:38,4b1b08,HBKGE,LSZL,LSZL,1919
2026-01-15 13:27:18,4b1bb0,HBKMQ,LSZL,LSZL,1750
2026-01-15 13:13:09,4b1bb1,HBKMR,LSZL,LSZL,2300
2026-01-15 13:03:47,4b1b07,HBKGD,LSZL,LSZL,3831
2026-01-15 12:59:13,4b1bc9,HBKNP,LSZL,,1333
2026-01-15 12:43:31,4b1bb0,HBKMQ,LSZL,LSZL,787
2026-01-15 12:37:30,4b443d,HBZVX,LSZL,LSZL,2266
2026-01-15 12:28:04,4b44a1,HBZZT,LSZL,LSZL,6263
2026-01-15 10:47:35,4b1bc7,HBKNN,LSZL,LILE,2437
2026-01-15 10:45:08,4b3fc5,HBYDX,LSZL,LSZX,10992
2026-01-15 10:32:46,4b1e1d,HBLKN,LSZL,LSGE,2634
2026-01-15 10:32:41,4b442e,HBZVI,LSZL,LSZL,2067
2026-01-15 10:23:23,4b443d,HBZVX,LSZL,LSZL,2270
2026-01-15 09:59:30,4b1bc9,HBKNP,LSZL,LSZL,1700
2026-01-15 09:46:01,4b442e,HBZVI,LSZL,LSZL,1071
2026-01-15 09:42:24,4b1b08,HBKGE,LSZL,LSZL,2100
2026-01-15 09:39:01,4b44a1,HBZZT,LSZL,LSZL,3233
2026-01-15 09:35:46,4b443d,HBZVX,LSZL,LSZL,790
2026-01-15 09:18:19,4b1b07,HBKGD,LSZL,LSZL,2961
2026-01-15 09:06:00,4b442e,HBZVI,LSZL,LSZL,1428
2026-01-15 08:39:17,4b443d,HBZVX,LSZL,LSZL,1506
2026-01-15 08:35:49,4b1bc7,HBKNN,LSZL,LSZL,2105
2026-01-15 08:34:19,4b1bb0,HBKMQ,LSZL,LSZL,7000
2026-01-15 08:28:26,4b4437,HBZVR,LSZL,LSZL,6137
2026-01-15 08:22:25,4b1bc9,HBKNP,LSZL,LSZL,1804
2026-01-15 08:20:38,4b1bb1,HBKMR,LSZL,LSZL,4575
2026-01-15 08:04:18,4b1fa1,HBLZL,LSZL,LSZL,5410
2026-01-15 07:32:37,4b44a1,HBZZT,LSZL,LSZL,6552
2026-01-15 07:17:12,4b4387,HBZOX,LSZL,LSZL,8426
2026-01-18 16:00:06,4b1bb1,HBKMR,LSZL,LSZL,833
2026-01-18 13:46:50,4b1bb0,HBKMQ,LSZL,LILC,3200
2026-01-18 11:43:22,4b1bc8,HBKNO,LSZL,,1294
2026-01-18 11:07:17,4b1bc9,HBKNP,LSZL,LSZL,1233
2026-01-18 10:52:11,4b2958,HBPRC,LSZL,LIMB,1158
2026-01-18 10:32:34,4b1bc7,HBKNN,LSZL,LSZL,1735
2026-01-18 09:31:03,4b1b08,HBKGE,LSZL,LILC,9415
2026-01-18 09:16:19,4b1bb1,HBKMR,LSZL,LSZL,3196
2026-01-18 09:03:52,4b1bc8,HBKNO,LSZL,LSZL,3787
2026-01-18 08:56:35,4b1fa1,HBLZL,LSZL,LSZA,5552
2026-01-17 12:49:56,3d3d28,DEVKI,LSZL,EDBJ,6100
2026-01-20 15:16:00,4b448d,HBZYZ,LSZL,LSZL,3465
2026-01-20 14:44:32,4b1bb1,HBKMR,LSZL,LSZL,4639
2026-01-20 14:26:06,4b1b08,HBKGE,LSZL,LSZL,2376
2026-01-20 14:24:01,4b4db1,HB2314,LSZL,LSZL,2913
2026-01-20 13:49:37,4b1bc5,HBKNL,LSZL,LSZL,7682
2026-01-20 13:42:32,4b4db1,HB2314,LSZL,LSZL,1252
2026-01-20 13:30:52,4b448d,HBZYZ,LSZL,LSZL,2103
2026-01-20 13:29:00,4b1fa1,HBLZL,LSZL,LSZL,5978
2026-01-20 13:14:43,4b4437,HBZVR,LSZL,LSZL,2438
2026-01-20 13:08:45,4b1bc6,HBKNM,LSZL,LSZL,9443
2026-01-20 12:54:33,4b1bc8,HBKNO,LSZL,LSZL,7380
2026-01-20 12:33:52,4b443e,HBZVY,LSZL,LSZL,5735
2026-01-20 10:41:33,4b1bb1,HBKMR,LSZL,LSZL,7084
2026-01-20 10:11:06,511142,DMS1,LSZL,LSZL,2167
2026-01-20 09:58:39,4b443e,HBZVY,LSZL,LSZL,2239
2026-01-20 09:48:34,4b1bc9,HBKNP,LSZL,LIPL,3595
2026-01-20 09:35:53,4b1bc8,HBKNO,LSZL,LSZL,3456
2026-01-20 09:25:38,4b1b08,HBKGE,LSZL,LSZL,4675
2026-01-20 09:22:54,4b4437,HBZVR,LSZL,LSZL,679
2026-01-20 09:13:15,4b1bc5,HBKNL,LSZL,LSZL,12100
2026-01-20 09:05:11,4b3fc5,HBYDX,LSZL,LSZL,708
2026-01-20 09:00:33,4b1fa1,HBLZL,LSZL,LSZL,6102
2026-01-19 14:07:30,4b1bc9,HBKNP,LSZL,LSZL,1556
2026-01-19 13:45:58,4b1fa1,HBLZL,LSZL,LSZA,6477
2026-01-19 12:42:38,4b1bc9,HBKNP,LSZL,LSZL,1663
2026-01-19 12:39:19,4b443e,HBZVY,LSZL,LSZL,964
2026-01-19 10:53:25,4b4387,HBZOX,LSZL,LSZA,7224
2026-01-19 09:32:27,4b442e,HBZVI,LSZL,LSZA,659
2026-01-19 09:19:51,4b1bc9,HBKNP,LSZL,LSZL,1544
2026-01-19 09:05:18,4b443e,HBZVY,LSZL,LSZL,4371
2026-01-22 16:32:19,4b23e7,HBNPN,LSZL,LSZA,2613
2026-01-22 15:44:47,4b4275,HBZEJ,LSZL,LSZL,3001
2026-01-22 15:42:31,4b1bc8,HBKNO,LSZL,LSZL,2236
2026-01-22 15:34:34,4b1bc6,HBKNM,LSZL,LSZL,1505
2026-01-22 15:05:23,4b1bb1,HBKMR,LSZL,LSZL,1726
2026-01-22 14:51:42,4b7f64,V622,LSZL,,1345
2026-01-22 14:26:06,4b1b07,HBKGD,LSZL,LSZL,3054
2026-01-22 13:57:47,4b1bb0,HBKMQ,LSZL,LSZL,6752
2026-01-22 13:54:01,4b1bc9,HBKNP,LSZL,LSZL,3639
2026-01-22 13:41:46,4b1bb1,HBKMR,LSZL,LSZL,1962
2026-01-22 13:16:36,4b1bc5,HBKNL,LSZL,LSTA,1491
2026-01-22 13:06:30,4b1bae,HBKMO,LSZL,LSZB,5295
2026-01-22 12:59:01,4b7f6b,V613,LSZL,LSZL,2621
2026-01-22 12:58:01,4b7f69,V616,LSZL,LSML,2053
2026-01-22 12:57:10,4b1bc6,HBKNM,LSZL,LSZL,6078
2026-01-22 12:53:08,4b4275,HBZEJ,LSZL,LSZL,749
2026-01-22 12:51:25,4b1fa1,HBLZL,LSZL,LSZA,4661
2026-01-22 12:48:38,4b3f28,HBXXW,LSZL,LSZL,2322
2026-01-22 12:43:22,4b1bc8,HBKNO,LSZL,LSZL,3904
2026-01-22 12:38:45,4b4322,HBZLA,LSZL,LSPM,724
2026-01-22 11:59:05,4b4072,HBYKO,LSZL,LSMF,2677
2026-01-22 11:38:35,4b1bc5,HBKNL,LSZL,LSPM,884
2026-01-22 11:33:08,4b1bc8,HBKNO,LSZL,LSZL,1910
2026-01-22 10:56:34,4b1bc7,HBKNN,LSZL,LSPU,1884
2026-01-22 10:41:30,4b1bc6,HBKNM,LSZL,LSZL,2119
2026-01-22 10:05:56,4b1e1d,HBLKN,LSZL,LSZB,2491
2026-01-22 10:02:14,4b7f69,V616,LSZL,LSZL,843
2026-01-22 09:39:20,4b1bb0,HBKMQ,LSZL,LSTA,1553
2026-01-22 09:27:47,4b1bb1,HBKMR,LSZL,LSZL,1558
2026-01-22 09:12:34,4b4322,HBZLA,LSZL,LSZL,2634
2026-01-22 09:09:37,4b1fa1,HBLZL,LSZL,LSZL,5572
2026-01-22 09:08:57,4b1bc9,HBKNP,LSZL,LSPU,1622
2026-01-22 08:57:42,4b4437,HBZVR,LSZL,LSZL,1203
2026-01-22 08:57:16,4b1bc6,HBKNM,LSZL,LSZA,1213
2026-01-22 08:47:47,4b1bc5,HBKNL,LSZL,LSZL,6390
2026-01-22 08:41:56,a2721c,N257GG,LSZL,LDLO,5351
2026-01-22 08:40:03,4b1b07,HBKGD,LSZL,LSZL,4516
2026-01-22 08:23:36,4b1bb1,HBKMR,LSZL,LSZL,1447
2026-01-22 06:54:43,4b443e,HBZVY,LSZL,LSPM,880
2026-01-21 18:31:36,4b1bb1,HBKMR,LSZL,LSZL,1265
2026-01-21 18:28:36,4b1b07,HBKGD,LSZL,LSZL,907
2026-01-21 17:35:37,4b1b07,HBKGD,LSZL,LSZL,742
2026-01-21 16:57:33,4b1bb1,HBKMR,LSZL,LSZL,4976
2026-01-21 15:58:40,4b1bc5,HBKNL,LSZL,LSZL,1765
2026-01-21 15:47:45,4b448d,HBZYZ,LSZL,LSZL,1899
2026-01-21 15:41:22,4b1bc9,HBKNP,LSZL,LSZL,1725
2026-01-21 15:37:31,4b1bb1,HBKMR,LSZL,LSZL,627
2026-01-21 15:12:35,4b1bc8,HBKNO,LSZL,LSZL,987
2026-01-21 15:07:02,4b1bb0,HBKMQ,LSZL,LSZL,2548
2026-01-21 14:30:32,4b1bb1,HBKMR,LSZL,LSZL,1707
2026-01-21 14:25:02,4b1bc9,HBKNP,LSZL,LSZL,1617
2026-01-21 14:15:05,4b1bc5,HBKNL,LSZL,LSZL,1280
2026-01-21 14:10:10,4b1b08,HBKGE,LSZL,LSZL,3002
2026-01-21 14:08:05,4b1bc8,HBKNO,LSZL,LSZL,1534
2026-01-21 13:45:23,4b1fa1,HBLZL,LSZL,LSZL,6634
2026-01-21 13:22:48,4b1bb1,HBKMR,LSZL,LSZL,1820
2026-01-21 13:21:21,4b413c,HBYSI,LSZL,LSGE,3476
2026-01-21 13:11:01,4b1bc6,HBKNM,LSZL,LIPL,3027
2026-01-21 13:03:02,4b1bc5,HBKNL,LSZL,LSZL,2066
2026-01-21 13:02:20,4b4437,HBZVR,LSZL,LSZL,2995
2026-01-21 12:47:37,4b4275,HBZEJ,LSZL,LSZL,4012
2026-01-21 12:46:09,4b09dc,HBDTC,LSZL,LSZM,3018
2026-01-21 12:38:45,4b44a1,HBZZT,LSZL,LSZL,4688
2026-01-21 12:35:03,4b442e,HBZVI,LSZL,LSML,8804
2026-01-21 11:52:10,4b1bc8,HBKNO,LSZL,LSPU,1292
2026-01-21 11:29:37,4b1bc9,HBKNP,LSZL,LSPU,1980
2026-01-21 11:24:13,4b1bc6,HBKNM,LSZL,LSZL,1723
2026-01-21 10:47:16,49d628,OKUTC,LSZL,LKLT,10977
2026-01-21 10:34:37,4b1bc5,HBKNL,LSZL,LSZL,1291
2026-01-21 10:20:37,4b442e,HBZVI,LSZL,LSZL,1118
2026-01-21 10:05:11,4b4275,HBZEJ,LSZL,LSZL,1090
2026-01-21 10:03:30,4b1bc6,HBKNM,LSZL,LSZL,1146
2026-01-21 09:55:32,4b1bc9,HBKNP,LSZL,LSZL,3087
2026-01-21 09:50:19,4b1fa1,HBLZL,LSZL,LIMF,3663
2026-01-21 09:26:51,4b442e,HBZVI,LSZL,LSZL,1016
2026-01-21 08:58:23,4b1b08,HBKGE,LSZL,LSZL,4168
2026-01-21 08:57:18,4b1bb0,HBKMQ,LSZL,LIPV,7865
2026-01-21 08:42:54,4b1bb1,HBKMR,LSZL,LSZL,7025
2026-01-21 08:29:34,4b1bc6,HBKNM,LSZL,LSZL,2005
2026-01-21 08:26:18,4b1bc8,HBKNO,LSZL,LSZL,2020
2026-01-21 08:03:51,4b3fc5,HBYDX,LSZL,LSZL,3236
2026-01-21 07:04:46,4b443e,HBZVY,LSZL,LSZA,3880
2026-01-21 07:01:38,4b442e,HBZVI,LSZL,LSZL,4958
2026-01-21 06:59:28,4b4275,HBZEJ,LSZL,LSZL,7717
2026-01-23 15:21:02,4b1bc9,HBKNP,LSZL,LSZL,2556
2026-01-23 14:22:41,4b1bc6,HBKNM,LSZL,LSZL,1858
2026-01-23 14:22:22,4b1bb1,HBKMR,LSZL,LSZL,2455
2026-01-23 13:47:48,4b1bc9,HBKNP,LSZL,LSZL,2949
2026-01-23 13:28:30,4b1b07,HBKGD,LSZL,LSZL,1995
2026-01-23 13:27:34,4b1bc8,HBKNO,LSZL,LSZL,1752
2026-01-23 13:17:23,4b1bb0,HBKMQ,LSZL,LILE,2533
2026-01-23 13:08:35,4b1fa1,HBLZL,LSZL,LSZL,7423
2026-01-23 12:48:35,4b1bc5,HBKNL,LSZL,LSZL,2841
2026-01-23 12:44:31,4b1bc9,HBKNP,LSZL,LSZL,1582
2026-01-23 11:28:13,4b1bc9,HBKNP,LSZL,LSZL,1426
2026-01-23 10:28:41,4b1bb1,HBKMR,LSZL,LSZA,678
2026-01-23 10:16:48,4b1bc9,HBKNP,LSZL,LSZL,1054
2026-01-23 10:05:05,4b1bc5,HBKNL,LSZL,LSZL,2043
2026-01-23 09:55:31,4b1bc9,HBKNP,LSZL,LSZL,653
2026-01-23 09:40:38,4b7f5f,V634,LSZL,LSZL,1828
2026-01-23 09:15:03,4b4437,HBZVR,LSZL,LSZL,1174
2026-01-23 09:10:51,4b1b07,HBKGD,LSZL,LSZA,953
2026-01-23 08:57:28,4b1bb6,HBKMW,LSZL,LSZL,1346
2026-01-23 08:48:07,4b1fa1,HBLZL,LSZL,LSZL,6949
2026-01-23 08:45:33,4b1bc8,HBKNO,LSZL,LILE,2580
2026-01-23 08:43:04,4b1bb0,HBKMQ,LSZL,LILE,2472
2026-01-23 08:29:38,4b1bc9,HBKNP,LSZL,LSZL,1581
2026-01-23 08:25:51,4b1bc6,HBKNM,LSZL,LSZL,15933
2026-01-23 08:11:43,4b1bc5,HBKNL,LSZL,LSZL,2536
2026-01-23 08:05:43,4b448d,HBZYZ,LSZL,LSZL,2369
2026-01-23 07:35:20,4b7f5f,V634,LSZL,LSZL,1950
2026-01-26 15:46:51,4b1bc8,HBKNO,LSZL,LSZL,1716
2026-01-26 15:29:42,4b1bc6,HBKNM,LSZL,LSZL,1845
2026-01-26 14:55:44,4b4db1,HB2314,LSZL,LSZL,3845
2026-01-26 14:38:04,4b1bb0,HBKMQ,LSZL,LSZL,2463
2026-01-26 14:31:32,4b1bc8,HBKNO,LSZL,LSZL,1759
2026-01-26 14:26:15,4b7f5f,V634,LSZL,LSPU,1018
2026-01-26 14:23:44,4b1b08,HBKGE,LSZL,LSZL,1514
2026-01-26 14:23:07,4b7f6b,V613,LSZL,LSPU,1552
2026-01-26 14:22:37,4b7f67,V618,LSZL,LSPU,1417
2026-01-26 14:22:08,4b7f69,V616,LSZL,LSPU,1446
2026-01-26 14:02:26,4b1bc6,HBKNM,LSZL,LSZL,1623
2026-01-26 14:00:06,500028,T7PCS,LSZL,LSML,1213
2026-01-26 13:46:01,4b1bb0,HBKMQ,LSZL,LSZL,1181
2026-01-26 13:37:43,4b1b08,HBKGE,LSZL,LSML,945
2026-01-26 13:21:46,4b1bc7,HBKNN,LSZL,LILE,2722
2026-01-26 13:19:53,4b1fa1,HBLZL,LSZL,LSZL,5379
2026-01-26 13:09:30,4b4275,HBZEJ,LSZL,LSZL,1049
2026-01-26 13:04:05,4b1b07,HBKGD,LSZL,LSZL,1944
2026-01-26 12:56:23,440a4a,SABRE1,LSZL,LSZL,3870
2026-01-26 12:47:30,4b1bc6,HBKNM,LSZL,LSZL,1558
2026-01-26 12:46:35,4b7f5f,V634,LSZL,LSPU,1097
2026-01-26 12:45:54,4b7f69,V616,LSZL,LSZL,1396
2026-01-26 12:44:36,4b7f6b,V613,LSZL,,2272
2026-01-26 12:17:10,440a4a,SABRE1,LSZL,LSZL,1739
2026-01-26 11:45:06,300833,IBSAL,LSZL,LIMB,1442
2026-01-26 11:02:49,4b1bc6,HBKNM,LSZL,LSZL,1740
2026-01-26 10:58:00,4b1bb0,HBKMQ,LSZL,LILE,2486
2026-01-26 10:50:05,4b1fa1,HBLZL,LSZL,LSZL,7333
2026-01-26 10:15:26,4b1b07,HBKGD,LSZL,LSZL,2035
2026-01-26 10:10:08,4b1bc6,HBKNM,LSZL,LSZL,1353
2026-01-26 10:00:30,4b4387,HBZOX,LSZL,LILB,1379
2026-01-26 09:53:58,4b1bc8,HBKNO,LSZL,LSZL,4492
2026-01-26 09:39:16,4b3f28,HBXXW,LSZL,LSZL,3207
2026-01-26 09:26:44,4b1bc7,HBKNN,LSZL,LILE,2475
2026-01-26 09:10:11,500028,T7PCS,LSZL,LSZL,1860
2026-01-26 08:47:20,4b1bc6,HBKNM,LSZL,LSZL,1228
2026-01-26 08:46:42,4b1fa1,HBLZL,LSZL,LSZA,1842
2026-01-26 08:32:33,4b1bb0,HBKMQ,LSZL,LSZL,1564
2026-01-26 08:27:36,4b3f28,HBXXW,LSZL,LSZL,2570
2026-01-26 08:15:44,a2721c,N257GG,LSZL,LFMD,4465
2026-01-26 08:14:20,4b1bc7,HBKNN,LSZL,LSZL,2188
2026-01-26 07:50:55,4b442e,HBZVI,LSZL,LILN,1545
2026-01-25 15:40:06,4b1bc6,HBKNM,LSZL,LSZL,1115
2026-01-25 15:23:46,4b1bc7,HBKNN,LSZL,LSZL,1563
2026-01-25 14:56:19,4b1bb0,HBKMQ,LSZL,LSZL,2599
2026-01-25 14:53:36,4b1bc5,HBKNL,LSZL,LSZL,2081
2026-01-25 14:44:49,4b1bc9,HBKNP,LSZL,LSZL,2896
2026-01-25 14:12:36,4b1bc7,HBKNN,LSZL,LSZL,2764
2026-01-25 10:59:37,4b1bc7,HBKNN,LSZL,LILC,1429
2026-01-25 08:57:16,4b1bb0,HBKMQ,LSZL,LSZL,1089
2026-01-25 08:30:36,4b1bc8,HBKNO,LSZL,LSZL,1596
2026-01-28 09:08:09,4b443e,HBZVY,LSZL,LSZL,1928
2026-01-27 15:37:51,4b1bc6,HBKNM,LSZL,LSZL,1103
2026-01-27 15:16:17,4b7f9d,T322,LSZL,LSZL,1338
2026-01-27 15:06:32,4b1b08,HBKGE,LSZL,LSZL,2876
2026-01-27 15:02:33,4b1bc6,HBKNM,LSZL,LSZL,1492
2026-01-27 15:00:11,440a4a,SABRE01,LSZL,LSZL,1686
2026-01-27 14:47:33,4b7f68,V617,LSZL,LSZL,1232
2026-01-27 14:39:06,4b7f5f,V634,LSZL,LSZL,1381
2026-01-27 14:38:08,440a4a,SABRE01,LSZL,LSZL,651
2026-01-27 14:33:02,4b7f67,V618,LSZL,LSZL,1576
2026-01-27 14:29:31,4b7f69,V616,LSZL,LSZL,1533
2026-01-27 14:24:41,4b7f6b,V613,LSZL,LSZL,3409
2026-01-27 13:52:00,4b1bb0,HBKMQ,LSZL,LSZL,1036
2026-01-27 13:47:35,3d32a8,DERKY,LSZL,LIMB,1606
2026-01-27 13:45:30,4b1bc8,HBKNO,LSZL,LILE,2539
2026-01-27 13:42:34,4b1bc7,HBKNN,LSZL,LILE,2675
2026-01-27 13:30:22,4b1bc6,HBKNM,LSZL,LSZL,3180
2026-01-27 13:20:03,440a4a,SABRE01,LSZL,LSZL,706
2026-01-27 13:15:30,4b7f65,V620,LSZL,LSZL,1550
2026-01-27 13:12:52,4b1bb0,HBKMQ,LSZL,LSZL,1081
2026-01-27 12:55:16,4b3f28,HBXXW,LSZL,LSZL,684
2026-01-27 12:55:00,440a4a,SABRE01,LSZL,LSZL,770
2026-01-27 12:44:01,4b7f68,V617,LSZL,LSZL,1185
2026-01-27 12:38:00,4b7f5f,V634,LSZL,LSZL,1407
2026-01-27 12:35:00,4b7f67,V618,LSZL,LSZL,1198
2026-01-27 12:31:40,4b7f65,V620,LSZL,LSZL,930
2026-01-27 12:23:52,4b7f6b,V613,LSZL,LSZL,2731
2026-01-27 11:47:55,4b1bb0,HBKMQ,LSZL,LSZL,3094
2026-01-27 10:56:48,4b1bc6,HBKNM,LSZL,LSZL,5994
2026-01-27 10:52:00,4b1fa1,HBLZL,LSZL,LSZL,7066
2026-01-27 10:37:52,440a4a,SABRE01,LSZL,LSZL,727
2026-01-27 10:31:01,4b1bb0,HBKMQ,LSZL,LSZL,1034
2026-01-27 09:50:10,4b7f68,V617,LSZL,LSZL,3238
2026-01-27 09:42:13,4b4275,HBZEJ,LSZL,LSZL,3177
2026-01-27 09:39:56,4b1b78,HBKKM,LSZL,LSZA,5618
2026-01-27 09:36:00,4b7f9d,T322,LSZL,LSPM,2549
2026-01-27 09:27:39,4b1bc8,HBKNO,LSZL,LSZL,1207
2026-01-27 09:23:35,4b1b07,HBKGD,LSZL,LIMB,2389
2026-01-27 09:16:43,4b7f67,V618,LSZL,LSZL,3730
2026-01-27 09:14:04,4b7f69,V616,LSZL,LSZL,3714
2026-01-27 09:10:56,4b1bb0,HBKMQ,LSZL,LSZL,2702
2026-01-27 09:09:56,4b1fa1,HBLZL,LSZL,LSZL,3824
2026-01-27 09:07:31,4b7f6b,V613,LSZL,LSZL,3613
2026-01-27 08:54:26,440a4a,SABRE01,LSZL,LSZL,661
2026-01-27 08:37:26,4b1bc6,HBKNM,LSZL,LSZA,3797
2026-01-27 08:34:17,4b1bc8,HBKNO,LSZL,LSZL,2532
2026-01-27 08:30:54,440a4a,SABRE01,LSZL,LSZL,645
2026-01-27 08:29:25,4b1bc7,HBKNN,LSZL,LIDT,3776
2026-01-27 08:17:39,4b1b08,HBKGE,LSZL,LSZL,2102
2026-01-27 07:43:31,440a4a,SABRE01,LSZL,LSZL,619
2026-01-27 07:39:08,4b4275,HBZEJ,LSZL,LSZL,5330
2026-01-27 07:36:12,4b7f9d,T322,LSZL,LSZL,2332
2026-01-27 07:31:54,4b4072,HBYKO,LSZL,LSZE,1904
2026-01-27 07:18:41,440a4a,SABRE01,LSZL,LSZL,660
2026-01-27 07:16:06,4b7f67,V618,LSZL,LSZL,2842
2026-01-27 07:11:20,4b7f69,V616,LSZL,LSZL,2775
2026-01-27 07:08:24,4b7f6b,V613,LSZL,LSZL,2653
2026-01-30 15:48:17,4b1bc6,HBKNM,LSZL,LSZL,1007
2026-01-30 15:15:16,4b448d,HBZYZ,LSZL,LSZL,1523
2026-01-30 15:14:13,4b1bc6,HBKNM,LSZL,LSZL,1388
2026-01-30 15:12:33,4b1bb0,HBKMQ,LSZL,LSZL,1908
2026-01-30 14:58:17,4b7f68,V617,LSZL,LSZL,718
2026-01-30 14:50:00,440a4a,SABRE01,LSZL,LSZL,1708
2026-01-30 14:37:00,4b1bc8,HBKNO,LSZL,LSZA,2779
2026-01-30 13:54:57,440a4a,SABRE01,LSZL,LSZL,895
2026-01-30 13:49:31,4b7f6a,V614,LSZL,LSZL,944
2026-01-30 13:46:17,4b7f68,V617,LSZL,LSPM,1676
2026-01-30 13:43:12,4b7f65,V620,LSZL,LSZL,855
2026-01-30 13:39:19,4b7f6b,V613,LSZL,LSPM,2125
2026-01-30 13:22:01,4b1fa1,HBLZL,LSZL,LSZL,6279
2026-01-30 13:19:31,4b4322,HBZLA,LSZL,LSZL,1173
2026-01-30 13:14:12,4b442e,HBZVI,LSZL,LSML,2488
2026-01-30 13:07:37,4b1bc6,HBKNM,LSZL,LSZL,3165
2026-01-30 13:03:42,4b1bb0,HBKMQ,LSZL,LSZL,3554
2026-01-30 13:01:33,4b1bc9,HBKNP,LSZL,LIME,2754
2026-01-30 12:57:26,4b4322,HBZLA,LSZL,LSZL,650
2026-01-30 12:33:48,4b7f6a,V614,LSZL,LSZL,906
2026-01-30 12:21:45,440a4a,SABRE01,LSZL,LSZL,1736
2026-01-30 11:14:32,4b1bc6,HBKNM,LSZL,LSPM,715
2026-01-30 10:28:39,4b32fe,RGAIC,LSZL,LSZL,2230
2026-01-30 10:01:08,4b1bc8,HBKNO,LSZL,LILO,1455
2026-01-30 09:56:54,440a4a,SABRE01,LSZL,LSZL,1023
2026-01-30 09:48:50,4b3f28,HBXXW,LSZL,LSZA,2898
2026-01-30 09:47:36,4b7f6a,V614,LSZL,LSZL,1157
2026-01-30 09:46:52,4b7f68,V617,LSZL,LSZL,967
2026-01-30 09:41:16,4b7f65,V620,LSZL,LSZL,702
2026-01-30 09:36:32,4b7f6b,V613,LSZL,LSZL,1043
2026-01-30 09:35:16,440a4a,SABRE01,LSZL,LSZL,635
2026-01-30 09:00:49,4b1bb1,HBKMR,LSZL,LSZL,19487
2026-01-30 08:57:14,4b32fe,RGAIC,LSZL,LSZL,3455
2026-01-30 08:54:42,4b1bb0,HBKMQ,LSZL,,1903
2026-01-30 08:53:11,4b1b07,HBKGD,LSZL,LSZL,2907
2026-01-30 08:47:06,4b1fa1,HBLZL,LSZL,LSZL,7690
2026-01-30 08:35:49,4b7f6a,V614,LSZL,LSZL,691
2026-01-30 08:30:32,4b7f68,V617,LSZL,LSZL,893
2026-01-30 08:29:42,4b1bc6,HBKNM,LSZL,LSZL,4296
2026-01-30 08:27:52,4b7f65,V620,LSZL,LSZL,914
2026-01-30 08:27:16,4b1bc9,HBKNP,LSZL,,1990
2026-01-30 08:25:33,440a4a,SABRE01,LSZL,LSZL,826
2026-01-30 08:10:21,4b7f6b,V613,LSZL,LSPM,758
2026-01-30 07:59:13,4b448d,HBZYZ,LSZL,LSZL,2703
2026-01-30 07:28:40,440a4a,SABRE01,LSZL,LSZL,859
2026-01-30 07:25:52,4b442e,HBZVI,LSZL,LSPM,697
2026-01-30 07:17:11,4b7f68,V617,LSZL,LSZL,756
2026-01-30 07:13:17,4b7f65,V620,LSZL,LSZL,863
2026-01-30 07:07:42,4b7f6b,V613,LSZL,LSZL,850
2026-01-30 07:05:21,440a4a,SABRE01,LSZL,LSZL,743
2026-01-30 06:57:43,4b3f28,HBXXW,LSZL,LSZL,9519
2026-01-29 19:02:32,4b7fa6,T313,LSZL,LSZL,613
2026-01-29 18:36:31,4b7f6a,V614,LSZL,LSZL,989
2026-01-29 18:34:38,4b7f6b,V613,LSZL,LSZL,815
2026-01-29 18:32:45,440a4a,SABRE01,LSZL,LSZL,1159
2026-01-29 17:36:08,4b7f6a,V614,LSZL,LSZL,830
2026-01-29 17:10:11,4b7f69,V616,LSZL,LSZL,1330
2026-01-29 17:09:33,4b7f6b,V613,LSZL,LSZL,985
2026-01-29 17:08:30,4b7f65,V620,LSZL,LSZL,799
2026-01-29 17:07:39,4b7f68,V617,LSZL,LSZL,974
2026-01-29 17:07:01,4b7f6a,V614,LSZL,LSZL,1102
2026-01-29 15:54:00,4b1bb0,HBKMQ,LSZL,LSZL,2379
2026-01-29 15:51:46,4b1bc8,HBKNO,LSZL,LSZL,1200
2026-01-29 15:06:32,4b7f62,V631,LSZL,LSZL,844
2026-01-29 15:06:22,4b7f65,V620,LSZL,LSZL,837
2026-01-29 15:01:30,4b1bb1,HBKMR,LSZL,LSZA,2829
2026-01-29 14:52:10,a2721c,N257GG,LSZL,LSZL,2125
2026-01-29 14:35:13,4b1bb0,HBKMQ,LSZL,LSZL,1654
2026-01-29 14:04:14,4b1bc6,HBKNM,LSZL,LSZA,4211
2026-01-29 13:58:45,4b1bc8,HBKNO,LSZL,LSZL,1634
2026-01-29 13:50:11,4b1bc9,HBKNP,LSZL,LSZL,2236
2026-01-29 13:41:46,4b1fa1,HBLZL,LSZL,LSZL,5821
2026-01-29 13:35:00,4b7f69,V616,LSZL,LSML,2849
2026-01-29 13:25:19,4b7f6b,V613,LSZL,LSML,2950
2026-01-29 13:23:30,4b1b08,HBKGE,LSZL,LSZL,2337
2026-01-29 13:17:38,4b7f65,V620,LSZL,LSML,2264
2026-01-29 13:16:58,4b1bb1,HBKMR,LSZL,LSZL,4319
2026-01-29 13:08:31,4b4275,HBZEJ,LSZL,LSZL,3290
2026-01-29 12:43:47,440a4a,SABRE01,LSZL,,6582
2026-01-29 12:40:40,4b1bc8,HBKNO,LSZL,LSZL,1052
2026-01-29 12:20:00,4b4437,HBZVR,LSZL,LSPM,1270
2026-01-29 12:11:15,4b3fc5,HBYDX,LSZL,LSZA,1273
2026-01-29 10:50:44,4b1bb0,HBKMQ,LSZL,,2195
2026-01-29 10:32:30,440a4a,SABRE01,LSZL,LSZL,638
2026-01-29 10:26:50,4b4275,HBZEJ,LSZL,LSZL,1023
2026-01-29 10:25:04,4b7fa6,T313,LSZL,LSZL,1121
2026-01-29 10:15:38,4b1b08,HBKGE,LSZL,LSZL,1491
2026-01-29 10:09:45,4b4437,HBZVR,LSZL,LSZL,2080
2026-01-29 09:50:24,4b7f62,V631,LSZL,LSZL,1579
2026-01-29 09:45:51,4b7f65,V620,LSZL,LSZL,1388
2026-01-29 09:41:17,4b4275,HBZEJ,LSZL,LSZL,1435
2026-01-29 09:38:26,4b7f6a,V614,LSZL,LSZL,1413
2026-01-29 09:33:51,4b7f69,V616,LSZL,LSZL,987
2026-01-29 09:26:41,4b1bc6,HBKNM,LSZL,LILE,2438
2026-01-29 09:22:35,4b7f6b,V613,LSZL,LSZL,1275
2026-01-29 09:09:36,440a4a,SABRE01,LSZL,LSZL,2940
2026-01-29 08:57:04,4b1bc8,HBKNO,LSZL,LSZL,5435
2026-01-29 08:53:39,4b7f68,V617,LSZL,LSZL,3230
2026-01-29 08:43:25,4b443e,HBZVY,LSZL,LSZA,9094
2026-01-29 08:41:10,4b1bc9,HBKNP,LSZL,LSZL,6613
2026-01-29 08:39:39,4b1c24,HBKRC,LSZL,LIRZ,4006
2026-01-29 08:30:03,4b1fa1,HBLZL,LSZL,LSZL,6046
2026-01-29 08:27:12,4b442e,HBZVI,LSZL,LSZA,7123
2026-01-29 08:20:36,4b1b08,HBKGE,LSZL,LSZL,923
2026-01-29 07:14:52,4b443e,HBZVY,LSZL,LSZL,4623
2026-01-29 07:13:03,440a4a,SABRE01,LSZL,LSZL,1033
2026-02-01 15:55:37,4b1bb1,HBKMR,LSZL,LSZL,2581
2026-02-01 15:47:32,4b303e,HBSHA,LSZL,LSZR,3681
2026-02-01 15:46:50,4b1bb0,HBKMQ,LSZL,LSZL,2866
2026-02-01 15:39:13,4b1bc8,HBKNO,LSZL,LSZL,1913
2026-02-01 15:16:00,4b1bc7,HBKNN,LSZL,LSZL,1462
2026-02-01 14:53:21,4b1bc8,HBKNO,LSZL,LSZL,1988
2026-02-01 14:39:02,4b1bb0,HBKMQ,LSZL,LSZL,710
2026-02-01 14:19:00,4b4db1,HB2314,LSZL,LSZL,2117
2026-02-01 14:07:00,4b4005,HBYGJ,LSZL,LSGE,3659
2026-02-01 14:06:09,4b413c,HBYSI,LSZL,LSGE,3520
2026-02-01 14:04:51,4b1bb1,HBKMR,LSZL,LSZL,3368
2026-02-01 14:03:54,4b1bc8,HBKNO,LSZL,LSZL,1701
2026-02-01 13:59:33,4b3a22,HBWAK,LSZL,LSZL,990
2026-02-01 13:56:10,4b1bc7,HBKNN,LSZL,LSZL,2538
2026-02-01 13:47:16,4b1bc9,HBKNP,LSZL,LSPM,1173
2026-02-01 13:35:17,4b2964,HBPRO,LSZL,LSZG,2409
2026-02-01 13:31:50,4b1bb0,HBKMQ,LSZL,LSZL,2196
2026-02-01 13:18:35,500028,T7PCS,LSZL,LSZL,2614
2026-02-01 13:00:31,4b4db1,HB2314,LSZL,LSZL,2728
2026-02-01 12:53:17,38c59b,FPTUN,LSZL,LSZL,4935
2026-02-01 12:35:00,4b1fa1,HBLZL,LSZL,LSZL,5421
2026-02-01 12:30:00,4b1f48,HBLWA,LSZL,LSZR,2201
2026-02-01 12:26:32,4b1bc7,HBKNN,LSZL,LSZL,2018
2026-02-01 11:28:48,4b3a22,HBWAK,LSZL,LSZL,1866
2026-02-01 11:24:01,3d840b,DFWGH,LSZL,EDLD,4803
2026-02-01 11:21:01,4b1bb0,HBKMQ,LSZL,LSPU,1363
2026-02-01 11:18:36,4b1bc8,HBKNO,LSZL,LSPU,1411
2026-02-01 11:12:33,4b1bc9,HBKNP,LSZL,LILE,2646
2026-02-01 10:38:37,4b1bc7,HBKNN,LSZL,LSZL,2013
2026-02-01 10:21:21,4b1bc6,HBKNM,LSZL,LSZL,4644
2026-02-01 10:14:21,4b1b78,HBKKM,LSZL,LFMN,3848
2026-02-01 10:12:04,4b1bb1,HBKMR,LSZL,LSPU,1900
2026-02-01 10:09:35,4b1bb0,HBKMQ,LSZL,LSZL,1728
2026-02-01 10:00:46,4b1bc9,HBKNP,LSZL,LSZL,2166
2026-02-01 09:51:30,500028,T7PCS,LSZL,LSPM,1175
2026-02-01 09:50:29,4b4db1,HB2314,LSZL,LSZL,4169
2026-02-01 08:44:47,4b1bc8,HBKNO,LSZL,LSZA,869
2026-02-01 08:42:33,4b1bb0,HBKMQ,LSZL,LSZL,2624
2026-02-01 08:33:07,4b1fa1,HBLZL,LSZL,LSZL,7107
2026-02-01 08:19:42,4b1bc9,HBKNP,LSZL,LSZL,4127
2026-01-31 15:28:52,4b448d,HBZYZ,LSZL,LSZL,671
2026-01-31 15:14:32,4b1bb0,HBKMQ,LSZL,LSZL,2241
2026-01-31 14:54:21,4b1bb1,HBKMR,LSZL,LSZL,785
2026-01-31 13:54:38,4b1bc9,HBKNP,LSZL,LSZL,6144
2026-01-31 13:51:33,4b448d,HBZYZ,LSZL,LSZL,2006
2026-01-31 13:29:47,4b1bc6,HBKNM,LSZL,LSTA,1473
2026-01-31 13:25:39,4b1bc8,HBKNO,LSZL,,1956
2026-01-31 13:23:39,4b1fa1,HBLZL,LSZL,LSZL,5854
2026-01-31 13:09:03,500028,T7PCS,LSZL,LSPM,797
2026-01-31 13:04:08,4b1bc7,HBKNN,LSZL,LSZL,8164
2026-01-31 13:03:30,4b1bb0,HBKMQ,LSZL,LSZL,1945
2026-01-31 12:55:41,38c59b,FPTUN,LSZL,LSZL,3598
2026-01-31 10:50:37,4b1bb1,HBKMR,LSZL,LSTA,1432
2026-01-31 10:14:12,4b1bc9,HBKNP,LSZL,LILE,2597
2026-01-31 09:30:53,4b1bb0,HBKMQ,LSZL,LSZL,3503
2026-01-31 09:20:41,4b1bc7,HBKNN,LSZL,LSZL,1572
2026-01-31 09:17:22,4b448d,HBZYZ,LSZL,LSZL,2552
2026-01-31 09:01:19,4b1fa1,HBLZL,LSZL,LSZL,6215
2026-01-31 08:54:35,4b1bc9,HBKNP,LSZL,LSZL,2002
2026-01-31 08:29:18,4b1bc8,HBKNO,LSZL,LSGL,5125
2026-01-31 08:28:18,4b1bc6,HBKNM,LSZL,LSZL,1531
2026-02-03 15:45:21,4b1bb0,HBKMQ,LSZL,LSZL,1695
2026-02-03 14:08:57,4b7f6b,V613,LSZL,LSZL,1005
2026-02-03 14:08:56,4b7f69,V616,LSZL,LSZL,1006
2026-02-03 12:24:57,4b7f67,V618,LSZL,LSZL,1478
2026-02-02 16:06:28,4b448d,HBZYZ,LSZL,LSZL,707
2026-02-02 15:53:13,4b1bc8,HBKNO,LSZL,LSZL,1096
2026-02-02 15:46:46,4b1bb0,HBKMQ,LSZL,LSZL,1632
2026-02-02 15:32:10,4b1bc8,HBKNO,LSZL,LSZL,649
2026-02-02 15:26:36,4b1bb1,HBKMR,LSZL,LSZL,1322
2026-02-02 14:58:50,440a4a,SABRE01,LSZL,LSZL,1533
2026-02-02 14:38:02,4b7f69,V616,LSZL,LSZL,4088
2026-02-02 14:31:45,4b1bc8,HBKNO,LSZL,LSZL,1991
2026-02-02 14:28:14,4b1b08,HBKGE,LSZL,LSZL,1574
2026-02-02 14:19:32,440a4a,SABRE01,LSZL,LSZL,1524
2026-02-02 14:16:51,4b1bb0,HBKMQ,LSZL,LSZL,2223
2026-02-02 13:43:17,4b7f67,V618,LSZL,LSZL,2040
2026-02-02 13:38:56,440a4a,SABRE01,LSZL,LSZL,620
2026-02-02 13:38:22,4b1bc9,HBKNP,LSZL,LSZA,3494
2026-02-02 13:34:04,4b1bc6,HBKNM,LSZL,LSZL,1066
2026-02-02 13:23:10,4b1bb1,HBKMR,LSZL,LSZL,1482
2026-02-02 13:05:38,4b1b07,HBKGD,LSZL,LSZL,1760
2026-02-02 12:58:52,4b1fa1,HBLZL,LSZL,LSZL,2105
2026-02-02 12:55:14,4b4437,HBZVR,LSZL,LSZL,2256
2026-02-02 12:50:16,4b7f5f,V634,LSZL,LSZL,1300
2026-02-02 12:49:28,4b7f69,V616,LSZL,LSZL,989
2026-02-02 12:42:39,4b4275,HBZEJ,LSZL,LSZL,4633
2026-02-02 12:19:35,440a4a,SABRE01,LSZL,LSZL,3874
2026-02-02 10:33:20,4b4387,HBZOX,LSZL,LSZL,662
2026-02-02 10:11:33,4b1bc9,HBKNP,LSZL,LSZL,1272
2026-02-02 09:49:34,4b32fe,RGAIC,LSZL,LSZL,3873
2026-02-02 09:41:33,4b4275,HBZEJ,LSZL,LSZL,952
2026-02-02 09:34:56,4b1bc7,HBKNN,LSZL,LSZL,1609
2026-02-02 09:24:53,4b4437,HBZVR,LSZL,LSZL,2950
2026-02-02 09:21:05,4b1bc8,HBKNO,LSZL,LSZL,1344
2026-02-02 09:06:15,4b1bb1,HBKMR,LSZL,LSZL,3134
2026-02-02 08:55:03,4b1b07,HBKGD,LSZL,LSZL,2483
2026-02-02 08:35:47,4b1fa1,HBLZL,LSZL,LSZL,6789
2026-02-02 08:27:33,4b1bc8,HBKNO,LSZL,LSZL,1223
2026-02-02 07:23:19,4b4387,HBZOX,LSZL,LSZL,8101
2026-02-02 07:07:41,4b4275,HBZEJ,LSZL,LSZL,3031
2026-02-05 20:05:16,4b7f62,V631,LSZL,LSZL,1621
2026-02-05 20:00:07,4b7f68,V617,LSZL,LSZL,1666
2026-02-05 19:54:34,4b7f6b,V613,LSZL,LSZL,1815
2026-02-05 19:45:14,4b7f69,V616,LSZL,LSZL,3174
2026-02-05 19:34:34,4b32fe,RGAIC,LSZL,LSZL,3512
2026-02-05 19:06:21,4b7f6b,V613,LSZL,LSZL,1088
2026-02-05 18:57:30,4b7f68,V617,LSZL,LSZL,1490
2026-02-05 18:40:07,4b7f62,V631,LSZL,LSZL,2621
2026-02-05 18:27:00,4b1bc5,HBKNL,LSZL,LSZA,738
2026-02-05 17:29:33,4b32fe,RGAIC,LSZL,LSZL,3924
2026-02-05 17:10:31,4b7f6b,V613,LSZL,LSZL,3284
2026-02-05 17:10:10,4b7f68,V617,LSZL,LSZL,1079
2026-02-05 17:10:04,4b7f62,V631,LSZL,LSZL,1225
2026-02-05 17:08:24,440a4a,SABRE01,LSZL,LSZL,1385
2026-02-05 16:10:43,4b1bc7,HBKNN,LSZL,LSZL,1167
2026-02-05 16:10:18,4b1bb0,HBKMQ,LSZL,LSZL,1043
2026-02-05 15:39:31,4b1bc7,HBKNN,LSZL,LSZL,1137
2026-02-05 15:26:39,4b1fa1,HBLZL,LSZL,LSZL,1957
2026-02-05 15:25:35,4b1bc9,HBKNP,LSZL,LSZL,1301
2026-02-05 14:53:05,4b4275,HBZEJ,LSZL,LSZL,2003
2026-02-05 14:40:01,4b3300,RGAIE,LSZL,LSZL,1690
2026-02-05 14:15:16,4b1fa1,HBLZL,LSZL,LSZL,1922
2026-02-05 14:12:04,4b7f62,V631,LSZL,LSZL,765
2026-02-05 14:05:00,4b1bc9,HBKNP,LSZL,LSZL,1578
2026-02-05 14:02:38,4b7f5f,V634,LSZL,LSZL,912
2026-02-05 14:00:53,4b1402,HBHPA,LSZL,LSZL,1040
2026-02-05 14:00:14,4b1bc8,HBKNO,LSZL,LSZL,2522
2026-02-05 13:53:00,4b7f6b,LOKI11,LSZL,,2298
2026-02-05 13:37:41,4b1bc7,HBKNN,LSZL,LSZL,2707
2026-02-05 13:35:25,440a4a,SABRE01,LSZL,,1892
2026-02-05 13:08:56,4b7f62,V631,LSZL,LSZL,888
2026-02-05 13:06:22,4b7f5f,V634,LSZL,LSZL,877
2026-02-05 12:59:50,4b7fa6,T313,LSZL,LSMA,1372
2026-02-05 12:51:25,4b32fe,RGAIC,LSZL,LSZL,3424
2026-02-05 12:45:05,4b7f68,ATLAS12,LSZL,LSZL,2654
2026-02-05 12:44:54,4b7f69,V616,LSZL,LSZL,2644
2026-02-05 12:41:30,4b413c,HBYSI,LSZL,LSGE,3374
2026-02-05 12:35:20,4b4275,HBZEJ,LSZL,LSZL,7489
2026-02-05 12:30:45,4b4437,HBZVR,LSZL,LSZA,2676
2026-02-05 12:30:38,440a4a,SABRE01,LSZL,LSZL,1929
2026-02-05 12:21:56,4b7f6b,V613,LSZL,,2003
2026-02-05 11:19:34,4b1bb0,HBKMQ,LSZL,LSZL,7358
2026-02-05 11:16:45,4b1bc7,HBKNN,LSZL,LSZL,3553
2026-02-05 10:51:25,4b1e1d,HBLKN,LSZL,LIMG,3158
2026-02-05 10:30:12,4b7f5f,V634,LSZL,LSZL,617
2026-02-05 10:22:56,4b7f62,V631,LSZL,LSZL,822
2026-02-05 10:13:33,4b32fe,RGAIC,LSZL,LSZL,1355
2026-02-05 10:07:09,4b7f65,V620,LSZL,LSML,1713
2026-02-05 09:51:47,4b4275,HBZEJ,LSZL,LSZL,1621
2026-02-05 09:51:43,4b4437,HBZVR,LSZL,LSZL,733
2026-02-05 09:40:04,4b1b08,HBKGE,LSZL,LSZL,2751
2026-02-05 09:17:33,440a4a,SABRE01,LSZL,LSZL,728
2026-02-05 09:07:54,4b1fa1,HBLZL,LSZL,LSZL,1980
2026-02-05 09:01:53,4b7f62,V631,LSZL,LSZL,796
2026-02-05 08:47:21,4b1bc7,HBKNN,LSZL,LILE,2588
2026-02-05 08:23:39,4b1c24,HBKRC,LSZL,ELLX,4709
2026-02-05 07:16:20,4b4387,HBZOX,LSZL,LSZA,2718
2026-02-05 07:15:50,4b443d,HBZVX,LSZL,LSZL,1829
2026-02-05 07:04:25,4b4275,HBZEJ,LSZL,LSZL,8551
2026-02-04 18:01:38,4b32fe,RGAIC,LSZL,LSZL,3832
2026-02-04 15:00:38,4b7f5f,V634,LSZL,LSZL,1004
2026-02-04 14:55:02,4b7f62,V631,LSZL,LSZL,1416
2026-02-04 14:36:21,4b7f67,V618,LSZL,LSZL,2881
2026-02-04 13:37:15,4b4387,HBZOX,LSZL,LSZL,669
2026-02-04 13:09:32,4b7f67,V618,LSZL,LSZL,1467
2026-02-04 12:51:00,4b32fe,RGAIC,LSZL,LSZL,3458
2026-02-04 12:46:19,4b7f5f,V634,LSZL,LSZL,2520
2026-02-04 12:36:46,4b7f62,V631,LSZL,LSZL,1600
2026-02-04 12:34:52,4b7f67,V618,LSZL,LSZL,1378
2026-02-04 10:41:31,440a4a,SABRE01,LSZL,LSZL,898
2026-02-04 10:24:18,4b4387,HBZOX,LSZL,LSZL,1475
2026-02-04 09:59:21,4b1bb0,HBKMQ,LSZL,LSZL,1635
2026-02-04 09:55:46,4b32fe,RGAIC,LSZL,LSZL,3573
2026-02-04 09:25:00,4b7f68,V617,LSZL,LSZL,1150
2026-02-04 09:24:45,4b4275,HBZEJ,LSZL,LSZL,1430
2026-02-04 09:13:33,4b1b07,HBKGD,LSZL,LSZL,2015
2026-02-04 08:55:45,4b1fa1,HBLZL,LSZL,LSZL,5971
2026-02-04 08:47:45,4b1bc7,HBKNN,LSZL,LSZL,1484
2026-02-04 08:32:19,4b4387,HBZOX,LSZL,LSZL,5695
2026-02-04 08:24:45,4b4437,HBZVR,LSZL,LSZL,2215
2026-02-04 08:05:18,4b7fa6,T313,LSZL,LSZL,2789
2026-02-04 07:42:47,4b7f6b,V613,LSZL,LSZL,900
2026-02-04 07:41:42,4b7f69,V616,LSZL,LSZL,874
2026-02-07 16:37:46,4b23e1,HBNPH,LSZL,LSZA,1257
2026-02-07 16:08:46,4b1bc5,HBKNL,LSZL,LSZL,2051
2026-02-07 15:51:32,4b348f,HBTXN,LSZL,LSZF,4445
2026-02-07 15:28:00,3d3618,DESSU,LSZL,EDNY,3568
2026-02-07 15:16:08,4b1fa1,HBLZL,LSZL,LSZL,2672
2026-02-07 14:55:43,4b1a6e,HBKAG,LSZL,LSPN,1628
2026-02-07 14:08:01,4b1bc8,HBKNO,LSZL,LSZL,1991
2026-02-07 14:04:49,4b1fa1,HBLZL,LSZL,LSZL,2039
2026-02-07 13:45:13,4b4322,HBZLA,LSZL,LSZL,650
2026-02-07 13:37:13,4b1bc5,HBKNL,LSZL,LSZL,3481
2026-02-07 12:30:42,48d247,SPWTH,LSZL,LSZN,3899
2026-02-07 11:54:02,4b1bc5,HBKNL,LSZL,LSZL,3441
2026-02-07 11:01:37,4b1bc9,HBKNP,LSZL,LILE,2349
2026-02-07 10:51:59,4b288b,HBPJF,LSZL,LSZL,3949
2026-02-07 10:44:17,4b1fa1,HBLZL,LSZL,LSZL,619
2026-02-07 10:36:24,4b448d,HBZYZ,LSZL,LSZL,1577
2026-02-07 10:35:43,4b1bc8,HBKNO,LSZL,LSZL,1263
2026-02-07 10:07:08,a2721c,N257GG,LSZL,LIMF,2593
2026-02-07 09:32:15,4b1bc7,HBKNN,LSZL,LSZL,4395
2026-02-07 09:27:27,4b3fc5,HBYDX,LSZL,LSPM,859
2026-02-07 09:27:13,4b4072,HBYKO,LSZL,LSPM,841
2026-02-07 09:25:54,4b1fa1,HBLZL,LSZL,LSZL,2195
2026-02-07 09:22:37,4b1bc8,HBKNO,LSZL,LSZL,2116
2026-02-07 09:02:57,4b1bc9,HBKNP,LSZL,LSZL,2911
2026-02-07 08:39:28,4b448d,HBZYZ,LSZL,LSZL,2517
2026-02-07 08:26:46,4b1bc5,HBKNL,LSZL,LSZL,7912
2026-02-07 08:05:27,4b1fa1,HBLZL,LSZL,LSZL,2215
2026-02-06 16:16:33,4b1bc5,HBKNL,LSZL,LSZL,1564
2026-02-06 16:11:00,4b1bc7,HBKNN,LSZL,LSZL,1935
2026-02-06 15:34:35,4b1bc9,HBKNP,LSZL,LSZL,3427
2026-02-06 15:15:05,4b1bc8,HBKNO,LSZL,LSZL,1576
2026-02-06 14:50:52,4b1c04,HBKPW,LSZL,LSZA,828
2026-02-06 14:45:34,4b3fc5,HBYDX,LSZL,LSZA,2319
2026-02-06 14:40:21,4b448d,HBZYZ,LSZL,LSZL,1243
2026-02-06 14:38:14,4b1fa1,HBLZL,LSZL,LSZL,1856
2026-02-06 14:34:30,4b1b08,HBKGE,LSZL,LSZL,2988
2026-02-06 13:53:32,4b7f67,V618,LSZL,LSZL,823
2026-02-06 13:49:45,4b7f69,V616,LSZL,LSZL,818
2026-02-06 13:48:20,4b7f5f,V634,LSZL,LSME,3993
2026-02-06 13:44:18,4b7f62,V631,LSZL,LSMD,3114
2026-02-06 13:43:10,4b7f6a,V614,LSZL,LSZL,899
2026-02-06 13:36:40,4b7f6b,V613,LSZL,LSZL,905
2026-02-06 13:34:19,440a4a,SABRE01,LSZL,LSZL,2697
2026-02-06 13:30:14,4b32fe,RGAIC,LSZL,LSZL,2276
2026-02-06 13:21:33,4b4072,HBYKO,LSZL,LSZA,860
2026-02-06 13:15:17,4b1bc8,HBKNO,LSZL,LSZL,1118
2026-02-06 13:07:32,4b1bc7,HBKNN,LSZL,LSZL,9072
2026-02-06 13:06:00,4b1bc9,HBKNP,LSZL,LSZL,3172
2026-02-06 13:05:34,4b32fe,RGAIC,LSZL,LSZL,650
2026-02-06 13:03:03,4b1b08,HBKGE,LSZL,LSZL,2976
2026-02-06 12:44:11,440a4a,SABRE01,LSZL,LSZL,790
2026-02-06 12:39:19,4b7f67,V618,LSZL,LSZL,708
2026-02-06 12:37:03,4b1fa1,HBLZL,LSZL,LSZL,2660
2026-02-06 12:36:08,4b32fe,RGAIC,LSZL,LSZL,1041
2026-02-06 12:33:08,4b7f69,V616,LSZL,LSZL,766
2026-02-06 12:27:31,4b7f6a,V614,LSZL,LSZL,803
2026-02-06 12:23:30,4b7f6b,V613,LSZL,LSZL,676
2026-02-06 12:22:30,4b443d,HBZVX,LSZL,LSZL,4348
2026-02-06 12:19:00,440a4a,SABRE01,LSZL,LSZL,805
2026-02-06 11:34:36,4b1bc9,HBKNP,LSZL,LSPM,1222
2026-02-06 11:25:06,4b1bc7,HBKNN,LSZL,LSML,1904
2026-02-06 10:38:28,4b1bc8,HBKNO,LSZL,LSZL,1410
2026-02-06 10:37:40,4b1bc9,HBKNP,LSZL,LSZL,1723
2026-02-06 09:56:48,4b443d,HBZVX,LSZL,LSZL,3558
2026-02-06 09:53:40,4b32fe,RGAIC,LSZL,LSZL,3097
2026-02-06 09:51:01,4b7f67,V618,LSZL,LSZL,657
2026-02-06 09:50:05,4b1b07,HBKGD,LSZL,LSZL,1811
2026-02-06 09:46:25,4b7f69,V616,LSZL,LSZL,679
2026-02-06 09:40:32,4b7f6a,V614,LSZL,LSZL,926
2026-02-06 09:37:24,4b7f6b,V613,LSZL,LSZL,809
2026-02-06 09:36:33,440a4a,SABRE01,LSZL,LSZL,1934
2026-02-06 09:25:06,4b4437,HBZVR,LSZL,LSZL,1748
2026-02-06 09:02:14,4b1fa1,HBLZL,LSZL,LSZL,5295
2026-02-06 08:44:02,440a4a,SABRE01,LSZL,LSZL,801
2026-02-06 08:40:42,4b1bc7,HBKNN,LSZL,LSZL,2116
2026-02-06 08:39:17,4b7f67,V618,LSZL,LSZL,669
2026-02-06 08:34:49,4b7f65,V620,LSZL,LSZL,7100
2026-02-06 08:33:50,4b1b08,HBKGE,LSZL,LSZL,2919
2026-02-06 08:32:35,4b7f69,V616,LSZL,LSZL,678
2026-02-06 08:28:04,4b7f6a,V614,LSZL,LSZL,724
2026-02-06 08:22:01,440a4a,SABRE01,LSZL,LSZL,650
2026-02-06 08:06:41,4b7f6b,V613,LSZL,LSZL,613
2026-02-06 07:25:11,4b7f67,V618,LSZL,LSZL,778
2026-02-06 07:17:45,4b7f69,V616,LSZL,LSZL,848
2026-02-06 07:12:44,4b7f6a,V614,LSZL,LSZL,872
2026-02-06 07:09:09,4b7f6b,V613,LSZL,LSZL,758
2026-02-06 07:07:28,440a4a,SABRE01,LSZL,LSZL,2219
2026-02-06 06:55:04,4b443d,HBZVX,LSZL,LSZL,1969
2026-02-09 19:22:30,4b32fe,RGAIC,LSZL,LSZL,2091
2026-02-09 17:54:08,4b32fe,RGAIC,LSZL,LSZL,2084
2026-02-09 15:38:45,4b32fe,RGAIC,LSZL,LSZL,4873
2026-02-09 15:17:10,4b1bb0,HBKMQ,LSZL,LSZL,997
2026-02-09 15:04:10,4b1bc7,HBKNN,LSZL,LSZL,4224
2026-02-09 14:31:32,4b445e,KHS51,LSZL,LSZL,1833
2026-02-09 14:07:54,4b1bb0,HBKMQ,LSZL,LSZL,1233
2026-02-09 13:57:31,4b443d,HBZVX,LSZL,LSZL,2342
2026-02-09 13:52:18,4b4455,HBZWV,LSZL,LSGL,2671
2026-02-09 13:42:05,4b1bc9,HBKNP,LSZL,LSZL,3657
2026-02-09 13:01:47,440a4a,SABRE01,LSZL,LSZL,1691
2026-02-09 12:56:51,4b1bc5,HBKNL,LSZL,LSZL,607
2026-02-09 12:56:11,4b3300,RGAIE,LSZL,LSZL,1757
2026-02-09 12:31:16,440a4a,SABRE01,LSZL,LSZL,1196
2026-02-09 12:23:37,4b442e,HBZVI,LSZL,LSZL,4142
2026-02-09 11:01:36,300965,IPRSS,LSZL,LIMB,1512
2026-02-09 10:42:23,4b1bc9,HBKNP,LSZL,LSZL,6942
2026-02-09 10:40:53,4b1b07,HBKGD,LSZL,,5866
2026-02-09 09:50:21,4b443d,HBZVX,LSZL,LSZL,2616
2026-02-09 09:49:46,4b442e,HBZVI,LSZL,LSZL,1548
2026-02-09 09:46:51,4b1fa1,HBLZL,LSZL,LSZL,1372
2026-02-09 09:35:49,4b1e1d,HBLKN,LSZL,LFMD,4516
2026-02-09 09:31:24,4b1bc7,HBKNN,LSZL,LSZL,1995
2026-02-09 09:29:47,4b4437,HBZVR,LSZL,LSZL,1852
2026-02-09 09:23:13,4b443d,HBZVX,LSZL,LSZL,904
2026-02-09 09:18:12,4b1bc9,HBKNP,LSZL,LSZA,994
2026-02-09 08:47:09,4b1bc8,HBKNO,LSZL,LSZL,1489
2026-02-09 07:59:28,4b4072,HBYKO,LSZL,LEMU,27110
2026-02-09 07:51:41,4b442e,HBZVI,LSZL,LSZL,2965
2026-02-09 07:11:39,4b443d,HBZVX,LSZL,LSZL,4880
2026-02-08 15:45:23,4b08c3,HBDIH,LSZL,LSPV,2802
2026-02-08 15:42:48,4b1bc8,HBKNO,LSZL,LSZL,1974
2026-02-08 15:32:09,4b1bc5,HBKNL,LSZL,LSZL,3895
2026-02-08 15:29:51,4b3a22,HBWAK,LSZL,LSZL,990
2026-02-08 14:40:50,4b3a22,HBWAK,LSZL,LSZL,814
2026-02-08 14:33:13,4b1fa1,HBLZL,LSZL,LSZA,3286
2026-02-08 14:07:02,4b3a22,HBWAK,LSZL,LSZL,861
2026-02-08 13:55:53,4b1bc8,HBKNO,LSZL,,959
2026-02-08 13:38:47,4b3a22,HBWAK,LSZL,LSZL,999
2026-02-08 13:17:15,3ff3b9,DMMUK,LSZL,EDTB,4590
2026-02-08 13:08:53,4b1bc5,HBKNL,LSZL,LSZL,1708
2026-02-08 12:44:20,4b23e1,HBNPH,LSZL,LSZA,890
2026-02-08 12:39:03,4b4455,HBZWV,LSZL,LSGL,2542
2026-02-08 12:17:24,4b1bc8,HBKNO,LSZL,LSZA,1150
2026-02-08 12:08:07,4b1c63,HBKTN,LSZL,LSMF,2689
2026-02-08 11:55:03,4b1bc5,HBKNL,LSZL,LSZL,1676
2026-02-08 11:27:45,4b3a22,HBWAK,LSZL,LSZL,3606
2026-02-08 10:51:30,4b3a22,HBWAK,LSZL,LSZL,899
2026-02-08 10:30:13,4b23e1,HBNPH,LSZL,LSZL,3942
2026-02-08 10:03:09,4b3a22,HBWAK,LSZL,LSZL,1070
2026-02-08 09:47:51,4b1e1d,HBLKN,LSZL,,1597
2026-02-08 09:24:48,4b1fa1,HBLZL,LSZL,LSZL,3781
2026-02-08 09:14:57,4b1b07,HBKGD,LSZL,LSZL,4132
2026-02-08 08:30:07,4b1bc5,HBKNL,LSZL,LSZL,2178
2026-02-11 17:31:30,4b1bc6,HBKNM,LSZL,LSZL,4655
2026-02-11 17:31:08,4b4322,HBZLA,LSZL,LSZL,2472
2026-02-11 17:29:45,4b1bc5,HBKNL,LSZL,LSZL,4821
2026-02-11 17:27:22,4b448d,HBZYZ,LSZL,LSZL,5249
2026-02-11 17:24:15,4b3300,RGAIE,LSZL,LSPM,1829
2026-02-11 14:50:20,440a4a,SABRE01,LSZL,LSZL,3589
2026-02-11 14:40:00,4b0ea6,HBFOG,LSZL,LSME,1908
2026-02-11 14:30:04,4b1bc8,HBKNO,LSZL,LSZL,834
2026-02-11 14:14:47,4b1bc7,HBKNN,LSZL,LSZL,2618
2026-02-11 14:07:30,4b1bc6,HBKNM,LSZL,LSZL,1018
2026-02-11 14:05:16,500028,T7PCS,LSZL,LSZA,1598
2026-02-11 14:04:25,4b1bb0,HBKMQ,LSZL,LSZL,2438
2026-02-11 13:52:21,4b1fa1,HBLZL,LSZL,LIPO,2671
2026-02-11 13:42:52,4b7f6a,V614,LSZL,LSZL,647
2026-02-11 13:14:50,4b1b07,HBKGD,LSZL,LSZL,4087
2026-02-11 12:53:37,4b448d,HBZYZ,LSZL,LSZL,2827
2026-02-11 12:37:22,4b1bc7,HBKNN,LSZL,LSZL,2855
2026-02-11 12:32:53,4b1bc9,HBKNP,LSZL,LSZL,2496
2026-02-11 12:31:16,4b1bb0,HBKMQ,LSZL,LSZL,2203
2026-02-11 12:21:30,4b443d,HBZVX,LSZL,LSZA,1109
2026-02-11 09:38:55,4b1636,HBIKS,LSZL,LOWW,3280
2026-02-11 09:05:17,440a4a,SABRE01,LSZL,LSML,2393
2026-02-11 08:53:52,4b1b07,HBKGD,LSZL,LSZA,907
2026-02-11 07:53:46,4b4475,HBZYB,LSZL,LSPM,2449
2026-02-11 07:08:34,4b443d,HBZVX,LSZL,LSZA,3861
2026-02-10 18:48:40,4b32fe,RGAIC,LSZL,LSZL,2382
2026-02-10 15:25:09,4b1bc6,HBKNM,LSZL,LSZL,2394
2026-02-10 15:22:07,4b1bc8,HBKNO,LSZL,LSZL,1599
2026-02-10 15:17:20,440a4a,SABRE01,LSZL,LSZL,614
2026-02-10 14:59:38,4b1bb0,HBKMQ,LSZL,LSZL,2419
2026-02-10 14:45:36,4b1bc9,HBKNP,LSZL,LSZL,2457
2026-02-10 14:14:03,3d3292,DERKC,LSZL,LIMB,3314
2026-02-10 13:54:02,4b1b07,HBKGD,LSZL,LSZL,3919
2026-02-10 13:53:06,4b1bc6,HBKNM,LSZL,LSZL,2453
2026-02-10 13:47:40,4b1bc8,HBKNO,LSZL,LSZL,1609
2026-02-10 13:24:37,4b1bb0,HBKMQ,LSZL,LSZL,2897
2026-02-10 13:16:02,4b443d,HBZVX,LSZL,LSZL,3469
2026-02-10 13:01:00,4b1fa1,HBLZL,LSZL,LSZL,5399
2026-02-10 12:35:39,440a4a,SABRE01,LSZL,LSZL,2805
2026-02-10 12:23:16,4b4437,HBZVR,LSZL,LSZL,2263
2026-02-10 10:33:20,4b1bc7,HBKNN,LSZL,LSZL,1925
2026-02-10 09:42:37,4b1b07,HBKGD,LSZL,LSZL,1904
2026-02-10 09:29:41,4b4437,HBZVR,LSZL,LSZL,2009
2026-02-10 09:26:20,4b1bc9,HBKNP,LSZL,LSZL,2305
2026-02-10 09:20:04,4b1bc7,HBKNN,LSZL,LSZL,2390
2026-02-10 09:05:29,4b32fe,RGAIC,LSZL,LSZL,1855
2026-02-10 08:53:04,4b1fa1,HBLZL,LSZL,LSZA,1543
2026-02-10 08:47:38,4b4475,HBZYB,LSZL,LSZL,1307
2026-02-10 08:13:25,4b1c24,HBKRC,LSZL,LIRZ,3750
2026-02-10 08:11:52,4b4475,HBZYB,LSZL,LSZL,1339
2026-02-10 07:55:07,4b443d,HBZVX,LSZL,LSZL,5325
2026-02-10 07:32:17,4b3f28,HBXXW,LSZL,LSZL,12338
2026-02-10 07:17:28,4b443d,HBZVX,LSZL,LSZL,1266
2026-02-10 07:10:08,4b442e,HBZVI,LSZL,LSZA,7420
2026-02-13 16:22:34,4b1bc9,HBKNP,LSZL,LSZL,2082
2026-02-13 15:53:02,4b1bc6,HBKNM,LSZL,LSZL,1226
2026-02-13 15:32:38,4b448d,HBZYZ,LSZL,LSZL,1380
2026-02-13 15:24:45,4b1bc8,HBKNO,LSZL,LSZL,656
2026-02-13 15:19:49,4b1b08,HBKGE,LSZL,LSML,798
2026-02-13 14:46:16,4b3f28,HBXXW,LSZL,LSZL,642
2026-02-13 14:23:30,4b1bc7,HBKNN,LSZL,LIPL,3143
2026-02-13 13:51:29,440332,OEDBB,LSZL,LIMB,1941
2026-02-13 13:26:37,4b40a1,HBYMJ,LSZL,LSZF,3189
2026-02-13 13:16:04,4b4089,HBYLL,LSZL,LSZF,3417
2026-02-13 13:01:34,4b1bb0,HBKMQ,LSZL,LILE,2435
2026-02-13 12:56:42,4b1fa1,HBLZL,LSZL,LSZL,6758
2026-02-13 12:48:34,440a4a,OEFDV,LSZL,LKKT,6010
2026-02-13 12:31:42,4b4387,HBZOX,LSZL,LSZL,4613
2026-02-13 12:29:24,4b4437,HBZVR,LSZL,LSZL,2353
2026-02-13 12:17:49,4b32fe,RGAIC,LSZL,LSZL,4397
2026-02-13 11:22:55,4b32fe,RGAIC,LSZL,LSZL,841
2026-02-13 11:02:40,4d2506,9HHLMG,LSZL,LIMG,3065
2026-02-13 10:58:22,4b448d,HBZYZ,LSZL,LSTA,1747
2026-02-13 10:21:43,4b443d,HBZVX,LSZL,LSZA,1349
2026-02-13 09:53:56,4b443d,HBZVX,LSZL,LSZL,710
2026-02-13 09:44:17,440a4a,SABRE01,LSZL,LSZL,2528
2026-02-13 09:37:25,4b448d,HBZYZ,LSZL,LSZL,1021
2026-02-13 09:35:40,4b4437,HBZVR,LSZL,LSZL,1783
2026-02-13 09:25:44,4b3300,RGA16,LSZL,LSZL,5516
2026-02-13 09:14:48,4b4387,HBZOX,LSZL,LSZL,4096
2026-02-13 09:10:23,4b7f6c,V612,LSZL,LSMD,2102
2026-02-13 09:08:00,4b442e,HBZVI,LSZL,LSZL,1699
2026-02-13 09:06:53,4b7fda,T339,LSZL,LSMP,2706
2026-02-13 08:46:21,4b1bc5,HBKNL,LSZL,LILE,9208
2026-02-13 08:44:03,4b1bc9,HBKNP,LSZL,LILE,8905
2026-02-13 08:41:58,4b1fa1,HBLZL,LSZL,LSZL,6421
2026-02-13 08:14:08,4b1bc8,HBKNO,LSZL,LSTA,8856
2026-02-13 08:01:03,4b1bc6,HBKNM,LSZL,LSZL,17696
2026-02-13 07:57:13,4b1bb0,HBKMQ,LSZL,LSZL,6815
2026-02-13 07:55:00,4b3300,RGA16,LSZL,LSZL,4690
2026-02-13 07:39:54,4b1bc7,HBKNN,LSZL,LSZL,2240
2026-02-13 07:21:17,440a4a,SABRE01,LSZL,LSZL,2650
2026-02-13 07:14:22,4b443d,HBZVX,LSZL,LSZL,8883
2026-02-13 07:03:18,4b44a1,HBZZT,LSZL,LSZA,12652
2026-02-12 18:39:36,4b3300,RGAIE,LSZL,LSZL,1297
2026-02-12 18:07:37,4b3300,RGAIE,LSZL,LSZL,761
2026-02-12 16:12:44,4b1bc5,HBKNL,LSZL,LSZL,3097
2026-02-12 15:32:41,4b448d,HBZYZ,LSZL,LSZL,2262
2026-02-12 15:16:50,4b32fe,RGAIC,LSZL,LSZL,4628
2026-02-12 15:02:54,440a4a,SABRE01,LSZL,LSZL,1312
2026-02-12 15:01:28,4b1bc5,HBKNL,LSZL,LSZL,1981
2026-02-12 13:51:49,4b3f28,HBXXW,LSZL,LSZL,1761
2026-02-12 13:48:17,440a4a,SABRE01,LSZL,LSZL,3143
2026-02-12 13:35:12,440332,OEDBB,LSZL,LSZL,1393
2026-02-12 13:20:15,4b32fe,RGAIC,LSZL,LSZL,4451
2026-02-12 12:45:15,4b443d,HBZVX,LSZL,LSZL,1312
2026-02-12 12:18:00,440a4a,SABRE01,LSZL,LSZL,2974
2026-02-12 10:18:35,4b1bc8,HBKNO,LSZL,LSZL,622
2026-02-12 10:08:36,4b448d,HBZYZ,LSZL,LSZL,2782
2026-02-12 09:49:26,4b443d,HBZVX,LSZL,LSZL,1413
2026-02-12 09:37:49,500028,T7PCS,LSZL,LSZL,1340
2026-02-12 09:09:06,4b1fa1,HBLZL,LSZL,LSZA,5207
2026-02-12 09:08:31,4b443d,HBZVX,LSZL,LSZL,1642
2026-02-12 08:46:40,4b448d,HBZYZ,LSZL,LSZL,2269
2026-02-12 07:32:13,440a4a,SABRE01,LSZL,LSZL,759
2026-02-12 07:31:03,4b443d,HBZVX,LSZL,LSZL,3701
2026-02-12 07:04:10,4b442e,HBZVI,LSZL,LSZL,1909
2026-02-15 13:50:32,4b3a22,HBWAK,LSZL,LSZL,879
2026-02-15 10:06:21,3d840b,DFWGH,LSZL,EDLD,5432
2026-02-14 16:05:02,4b1bc6,HBKNM,LSZL,LSZL,1009
2026-02-14 15:24:15,4b1bc7,HBKNN,LSZL,LSZL,3048
2026-02-14 14:49:36,4b1bc6,HBKNM,LSZL,LSZL,2961
2026-02-14 14:13:00,4b1fa1,HBLZL,LSZL,LSZL,1740
2026-02-14 12:51:05,4b1fa1,HBLZL,LSZL,LSZL,1357
2026-02-14 11:02:07,4b1bc5,HBKNL,LSZL,LSZL,3583
2026-02-14 10:27:14,4b1bc6,HBKNM,LSZL,LSZL,1664
2026-02-14 10:06:20,4b1bc8,HBKNO,LSZL,LSZL,1825
2026-02-14 09:09:58,4b1bc7,HBKNN,LSZL,LSZL,2034
2026-02-14 09:06:10,4b448d,HBZYZ,LSZL,LSZL,1907
2026-02-14 08:48:52,4b1bc8,HBKNO,LSZL,LSZL,1717
2026-02-14 08:43:22,4b1bc5,HBKNL,LSZL,LSZL,1551
2026-02-14 08:39:51,4b1bc6,HBKNM,LSZL,LSZL,1593
2026-02-14 07:32:59,4b4387,HBZOX,LSZL,LSZL,1440
2026-02-17 15:43:18,4b1bc8,HBKNO,LSZL,LSZL,1608
2026-02-17 14:50:53,500028,T7PCS,LSZL,LSZL,965
2026-02-17 12:42:03,4b442e,HBZVI,LSZL,LSZL,897
2026-02-17 12:37:06,4b443d,HBZVX,LSZL,LSZL,1291
2026-02-17 10:44:01,4b1bc7,HBKNN,LSZL,LSZL,670
2026-02-17 09:41:22,4b1bb0,HBKMQ,LSZL,LSZL,10553
2026-02-17 09:32:45,4b1bc8,HBKNO,LSZL,LSZL,1028
2026-02-17 09:13:24,48644a,PHRSQ,LSZL,LFLY,9140
2026-02-17 09:07:22,4b1bc7,HBKNN,LSZL,LSZL,1294
2026-02-17 09:02:44,4b1bc8,HBKNO,LSZL,LSZL,612
2026-02-17 08:52:11,4b1bc5,HBKNL,LSZL,LSZL,1760
2026-02-17 08:47:40,4b1bc6,HBKNM,LSZL,LSZL,4085
2026-02-17 08:43:21,4b1fa1,HBLZL,LSZL,LSZL,7832
2026-02-17 08:22:25,4b1bc9,HBKNP,LSZL,LIPF,8859
2026-02-17 08:14:20,4b3f28,HBXXW,LSZL,LSZA,959
2026-02-17 08:03:26,4b442e,HBZVI,LSZL,LSZL,2083
2026-02-17 07:48:06,4b1bc6,HBKNM,LSZL,LSZL,1643
2026-02-16 15:47:19,4b1bc5,HBKNL,LSZL,LSZL,1547
2026-02-16 15:30:40,4b7f69,V616,LSZL,LSZL,669
2026-02-16 15:30:03,4b1bc7,HBKNN,LSZL,LSZL,1524
2026-02-16 15:14:44,4b442e,HBZVI,LSZL,LSZL,1265
2026-02-16 14:53:07,4b4455,HBZWV,LSZL,LIME,1472
2026-02-16 14:44:12,4b1bc8,HBKNO,LSZL,LSZL,1359
2026-02-16 14:27:00,4b1bc5,HBKNL,LSZL,LSZL,646
2026-02-16 14:22:35,4b1bc9,HBKNP,LSZL,LSZA,1505
2026-02-16 14:15:26,4b1b07,HBKGD,LSZL,LSZL,1435
2026-02-16 14:08:43,4b442e,HBZVI,LSZL,LSZL,2146
2026-02-16 13:39:34,4b1bc8,HBKNO,LSZL,LSZL,1075
2026-02-16 13:24:05,4b1bc7,HBKNN,LSZL,LSZL,2177
2026-02-16 12:42:15,4b1bc6,HBKNM,LSZL,LSZL,4438
2026-02-16 12:31:04,4b442e,HBZVI,LSZL,LSZL,2930
2026-02-16 10:54:19,4b1bc9,HBKNP,LSZL,LSZL,7589
2026-02-16 10:51:23,4b1bc5,HBKNL,LSZL,LSZL,9066
2026-02-16 10:29:00,4b3f28,HBXXW,LSZL,LSZL,1452
2026-02-16 10:17:29,4b1bc8,HBKNO,LSZL,LSZL,2097
2026-02-16 10:07:58,4b1bc7,HBKNN,LSZL,LSZL,8746
2026-02-16 09:51:25,4b1bc6,HBKNM,LSZL,LSZL,1997
2026-02-16 09:37:17,4b3f28,HBXXW,LSZL,LSZL,2066
2026-02-16 09:36:31,4b442e,HBZVI,LSZL,LSZL,1407
2026-02-16 09:27:56,4b1bb0,HBKMQ,LSZL,LIDC,6299
2026-02-16 09:22:53,4b1636,HBIKS,LSZL,LOWW,3209
2026-02-16 09:05:19,4b1bc9,HBKNP,LSZL,LSZL,1660
2026-02-16 08:55:14,4b1fa1,HBLZL,LSZL,LSZL,6417
2026-02-16 08:41:42,4b1bc5,HBKNL,LSZL,LSZL,848
2026-02-16 08:23:00,4b3f28,HBXXW,LSZL,LSZL,2151
2026-02-16 07:25:45,4b44a1,HBZZT,LSZL,LSZL,803
2026-02-16 07:02:52,4b4387,HBZOX,LSZL,LSZA,13955
2026-02-16 07:00:29,4b3f28,HBXXW,LSZL,LSZL,672
2026-02-19 19:45:54,4b3300,RGAIE,LSZL,LSZL,2807
2026-02-19 16:16:48,4b1bc7,HBKNN,LSZL,LSZL,2563
2026-02-19 14:47:40,4b1bc7,HBKNN,LSZL,LSZL,2357
2026-02-19 14:46:06,4b1bc5,HBKNL,LSZL,LSZA,832
2026-02-19 14:38:22,4b1fa1,HBLZL,LSZL,LSZL,2708
2026-02-19 14:01:45,4b1bc6,HBKNM,LSZL,LSZL,2297
2026-02-19 13:55:31,4b1b08,HBKGE,LSZL,LSZL,3252
2026-02-19 13:41:19,4b1bc8,HBKNO,LSZL,LSZL,1535
2026-02-19 13:31:39,4b442e,HBZVI,LSZL,LSML,3619
2026-02-19 10:53:08,4b32fe,RGAIC,LSZL,LSZL,1821
2026-02-19 10:29:34,4b1b08,HBKGE,LSZL,LSZL,1429
2026-02-19 09:54:34,4b442e,HBZVI,LSZL,LSZL,1087
2026-02-19 08:30:33,4b442e,HBZVI,LSZL,LSZL,2753
2026-02-18 18:02:25,4b1bc5,HBKNL,LSZL,LSZL,2080
2026-02-18 17:58:31,4b3300,RGAIE,LSZL,LSZL,1558
2026-02-18 17:52:30,4b448d,HBZYZ,LSZL,LSZL,3068
2026-02-18 17:44:20,4b1bc6,HBKNM,LSZL,LSZL,3992
2026-02-18 17:41:50,4b1bc7,HBKNN,LSZL,LSZL,1028
2026-02-18 16:07:21,4b1bc5,HBKNL,LSZL,LSZL,1136
2026-02-18 15:46:44,4b1bc7,HBKNN,LSZL,LSZL,4605
2026-02-18 15:34:31,4b1bc6,HBKNM,LSZL,LSZL,1070
2026-02-18 15:06:00,4b1bc5,HBKNL,LSZL,LSZL,1780
2026-02-18 15:01:34,4b448d,HBZYZ,LSZL,LSZL,1739
2026-02-18 14:59:30,4b1bc6,HBKNM,LSZL,LSZL,1102
2026-02-18 14:22:20,4b1b08,HBKGE,LSZL,LSZL,3767
2026-02-18 14:14:35,4b448d,HBZYZ,LSZL,LSZL,778
2026-02-18 14:13:09,4b3300,RGAIE,LSZL,LSZL,3959
2026-02-18 14:10:17,4b1bc8,HBKNO,LSZL,,1925
2026-02-18 14:07:47,4b1bc5,HBKNL,LSZL,LSZL,1551
2026-02-18 13:47:23,4b4275,HBZEJ,LSZL,LSZL,892
2026-02-18 13:07:33,4b1fa1,HBLZL,LSZL,LSZL,6588
2026-02-18 13:05:31,4b1bc8,HBKNO,LSZL,LSZL,1365
2026-02-18 12:51:46,4b3f28,HBXXW,LSZL,LSZL,1524
2026-02-18 12:23:37,4b3300,RGAIE,LSZL,LSZL,4180
2026-02-18 12:18:02,4b7f69,V616,LSZL,LSZL,1737
2026-02-18 11:32:00,4b1bc6,HBKNM,LSZL,LSZL,8669
2026-02-18 10:51:15,4b1bc5,HBKNL,LSZL,LIPO,3482
2026-02-18 10:25:46,4b1bc8,HBKNO,LSZL,LSZL,7112
2026-02-18 10:15:51,4b1bc6,HBKNM,LSZL,LSZL,2466
2026-02-18 09:57:31,4b448d,HBZYZ,LSZL,LSZL,2993
2026-02-18 09:52:12,4b1bc5,HBKNL,LSZL,LSZL,1304
2026-02-18 09:49:04,4b3300,RGAIE,LSZL,LSZL,1705
2026-02-18 09:31:34,4b3f28,HBXXW,LSZL,LSZL,5569
2026-02-18 09:23:21,4b1bc8,HBKNO,LSZL,LSZL,1193
2026-02-18 09:19:04,4b7f69,V616,LSZL,LSZL,1247
2026-02-18 09:18:30,4b1bc6,HBKNM,LSZL,LSZL,1132
2026-02-18 09:07:38,4b1b08,HBKGE,LSZL,LSZL,3423
2026-02-18 08:56:07,4b3f28,HBXXW,LSZL,LSZL,636
2026-02-18 08:42:16,4b1bc5,HBKNL,LSZL,LSZL,1110
2026-02-18 08:39:19,4b1bc8,HBKNO,LSZL,LSZL,1450
2026-02-18 08:29:34,4b1bc6,HBKNM,LSZL,LSZL,1972
2026-02-18 07:14:23,4b3f28,HBXXW,LSZL,LSZL,1283
2026-02-21 16:32:42,4b1bc7,HBKNN,LSZL,LSZL,2601
2026-02-21 15:41:43,4b1bc6,HBKNM,LSZL,LSZL,1074
2026-02-21 15:36:00,4b3a22,HBWAK,LSZL,LSZL,871
2026-02-21 15:02:32,4b1fa1,HBLZL,LSZL,LSZL,4538
2026-02-21 14:51:45,4b1bc8,HBKNO,LSZL,LSZL,5298
2026-02-21 14:46:16,4b1bb0,HBKMQ,LSZL,LSZL,1533
2026-02-21 14:22:48,4b3a22,HBWAK,LSZL,LSZL,657
2026-02-21 14:04:30,4b1bc5,HBKNL,LSZL,LIPL,2665
2026-02-21 13:49:30,4b1bc7,HBKNN,LSZL,LSZA,1907
2026-02-21 13:47:10,4b3a22,HBWAK,LSZL,LSZL,686
2026-02-21 13:11:31,4b1bb0,HBKMQ,LSZL,LSZL,2003
2026-02-21 12:56:20,4b1bc5,HBKNL,LSZL,LSZL,1644
2026-02-21 12:16:07,4b1fa1,HBLZL,LSZL,LSZL,6948
2026-02-21 11:44:18,4b1bc8,HBKNO,LSZL,LSZL,7150
2026-02-21 11:33:01,4b448d,HBZYZ,LSZL,LSZL,2547
2026-02-21 11:23:06,4b1bb0,HBKMQ,LSZL,LSZL,3553
2026-02-21 10:37:39,4b3a22,HBWAK,LSZL,LSZL,5979
2026-02-21 10:23:48,4b1bc8,HBKNO,LSZL,LSZL,2940
2026-02-21 10:14:37,4b1bc6,HBKNM,LSZL,LIMG,4990
2026-02-21 10:13:41,4b1fa1,HBLZL,LSZL,LSZL,1726
2026-02-21 08:59:14,4b3f28,HBXXW,LSZL,LSZL,1501
2026-02-21 08:56:15,4b1bc5,HBKNL,LSZL,LIPL,2995
2026-02-21 08:51:08,4b3a22,HBWAK,LSZL,LSZL,2684
2026-02-21 08:49:35,4b1bc7,HBKNN,LSZL,LSZL,12094
2026-02-21 08:34:10,4b1bb0,HBKMQ,LSZL,LIMJ,3549
2026-02-21 08:20:46,4b1fa1,HBLZL,LSZL,LSZL,4617
2026-02-21 07:44:12,4b448d,HBZYZ,LSZL,LSZL,1718
2026-02-21 06:59:13,4b3f28,HBXXW,LSZL,LSZL,1430
2026-02-20 15:52:05,4b0a14,HBDVG,LSZL,LILC,753
2026-02-20 15:02:36,4b0f49,HBFUN,LSZL,,3610
2026-02-20 14:40:14,4b4275,HBZEJ,LSZL,LSZL,1736
2026-02-20 13:56:05,4b32fe,RGAIC,LSZL,LSZL,1132
2026-02-20 13:54:30,4b442e,HBZVI,LSZL,LSZL,3518
2026-02-20 13:52:16,4b3300,RGAIE,LSZL,LSZL,3879
2026-02-20 12:57:32,4b443d,HBZVX,LSZL,LSZL,1677
2026-02-20 10:13:43,500028,T7PCS,LSZL,LSZL,1797
2026-02-20 10:03:25,aab66b,N79HR,LSZL,LSZL,1754
2026-02-20 09:04:33,4b1fa1,HBLZL,LSZL,LSZL,5823
2026-02-20 08:42:53,4b4275,HBZEJ,LSZL,LSZL,2025
2026-02-20 08:40:17,4b442e,HBZVI,LSZL,LSZL,1518
2026-02-20 07:10:23,4b4455,HBZWV,LSZL,,4344
2026-02-20 07:00:49,4b4275,HBZEJ,LSZL,LSPM,1337
2026-02-23 19:47:33,4b32fe,RGAIC,LSZL,LSZL,1766
2026-02-23 18:59:46,4b32fe,RGAIC,LSZL,LSZL,821
2026-02-23 17:56:09,4b7f6a,V614,LSZL,LSZL,1968
2026-02-23 16:25:36,4b1bc6,HBKNM,LSZL,LSZL,2084
2026-02-23 15:38:42,4b4275,HBZEJ,LSZL,LSZL,957
2026-02-23 15:16:15,4b4db1,HB2314,LSZL,LSPM,1385
2026-02-23 15:06:33,4b1bc7,HBKNN,LSZL,LSZL,4298
2026-02-23 14:55:20,4b1bb0,HBKMQ,LSZL,LSPU,1658
2026-02-23 14:51:31,4b32fe,RGAIC,LSZL,LSZL,3870
2026-02-23 14:44:39,4b7f68,V617,LSZL,LSZL,1373
2026-02-23 14:32:15,4b1fa1,HBLZL,LSZL,LSZL,1670
2026-02-23 14:04:07,4b1bc5,HBKNL,LSZL,LIPL,2989
2026-02-23 13:48:03,4b4275,HBZEJ,LSZL,LSZL,4805
2026-02-23 13:38:30,4b1bc7,HBKNN,LSZL,LSZL,2746
2026-02-23 13:20:08,4b1bb0,HBKMQ,LSZL,LSZL,1632
2026-02-23 13:19:45,4b3300,RGA16,LSZL,LSZL,2318
2026-02-23 13:10:53,4b1bc6,HBKNM,LSZL,LIME,3003
2026-02-23 13:05:37,4b32fe,RGAIC,LSZL,LSZL,3693
2026-02-23 12:51:05,4b1bc8,HBKNO,LSZL,LSZA,2736
2026-02-23 12:40:17,4b442e,HBZVI,LSZL,LSZL,10004
2026-02-23 12:38:18,4b1e1d,HBLKN,LSZL,LSZH,2640
2026-02-23 12:37:09,4b1fa1,HBLZL,LSZL,LSZA,2734
2026-02-23 12:31:13,4b7f68,V617,LSZL,LSZL,1444
2026-02-23 12:19:08,4b7f6a,V614,LSZL,LSZL,1869
2026-02-23 10:38:01,4b23e1,HBNPH,LSZL,LSZA,1009
2026-02-23 10:31:36,4b1bb0,HBKMQ,LSZL,LSZL,7600
2026-02-23 10:30:27,4b1bc7,HBKNN,LSZL,LSZL,7518
2026-02-23 10:28:45,4b1b07,HBKGD,LSZL,LSZL,1558
2026-02-23 10:20:23,4b1c04,HBKPW,LSZL,LSZA,1521
2026-02-23 10:18:31,4b0f49,HBFUN,LSZL,LSZH,2025
2026-02-23 10:02:16,4b442e,HBZVI,LSZL,LSZL,2390
2026-02-23 09:49:47,4b443d,HBZVX,LSZL,LSZL,2629
2026-02-23 09:46:10,4b07fd,HBDAR,LSZL,LFMR,4326
2026-02-23 09:36:48,4b1bc5,HBKNL,LSZL,LILE,2426
2026-02-23 09:11:10,4b4437,HBZVR,LSZL,LSZL,1029
2026-02-23 09:05:17,4b442e,HBZVI,LSZL,LSZL,2058
2026-02-23 08:50:05,4b1bb0,HBKMQ,LSZL,LSZL,2922
2026-02-23 08:31:52,4b1bc6,HBKNM,LSZL,LSZA,6275
2026-02-23 08:23:48,4b443d,HBZVX,LSZL,LSZL,2903
2026-02-23 08:22:35,4b1fa1,HBLZL,LSZL,LSZL,7104
2026-02-23 08:16:18,4b1bc8,HBKNO,LSZL,LSZL,7410
2026-02-23 06:57:12,4b4275,HBZEJ,LSZL,LSPM,3256
2026-02-22 16:09:49,4b1bc7,HBKNN,LSZL,LSZL,1253
2026-02-22 16:04:45,4b23e7,HBNPN,LSZL,LSZA,638
2026-02-22 16:01:41,4b1bb0,HBKMQ,LSZL,LSZL,2040
2026-02-22 15:16:00,500028,T7PCS,LSZL,LSZL,1354
2026-02-22 14:53:11,4b3a22,HBWAK,LSZL,LSZL,999
2026-02-22 14:48:30,4b1bc7,HBKNN,LSZL,LSZL,1930
2026-02-22 14:20:15,4b1d21,HBLAV,LSZL,LSZL,2295
2026-02-22 14:14:45,4b0fa5,HBFYB,LSZL,LSZB,3413
2026-02-22 14:11:16,4b3a22,HBWAK,LSZL,LSZL,1508
2026-02-22 14:01:11,500028,T7PCS,LSZL,LSZL,2916
2026-02-22 13:40:16,4b1bc6,HBKNM,LSZL,LILE,2522
2026-02-22 13:31:11,4b1f2e,HBLVA,LSZL,LSPN,2379
2026-02-22 13:30:39,4b1bc7,HBKNN,LSZL,LSZL,2288
2026-02-22 13:26:30,4b1bc8,HBKNO,LSZL,LSZL,8651
2026-02-22 13:11:49,4b3a22,HBWAK,LSZL,LSZL,1836
2026-02-22 13:04:07,4b1bc5,HBKNL,LSZL,LSZA,1162
2026-02-22 12:58:45,4b1f5e,HBLWW,LSZL,LSZB,2962
2026-02-22 12:56:02,4b1fa1,HBLZL,LSZL,LSZL,5517
2026-02-22 12:55:23,4b1bb0,HBKMQ,LSZL,LSZL,9051
2026-02-22 12:39:30,500028,T7PCS,LSZL,LSZL,3238
2026-02-22 12:19:33,4b1bc7,HBKNN,LSZL,LSZL,1722
2026-02-22 11:33:20,4b1bc6,HBKNM,LSZL,LSZL,2844
2026-02-22 11:32:02,4b1bc8,HBKNO,LSZL,,1747
2026-02-22 10:58:02,4b1bc7,HBKNN,LSZL,LSZL,1280
2026-02-22 10:18:30,500028,T7PCS,LSZL,LSZL,1408
2026-02-22 10:17:36,4b1bc6,HBKNM,LSZL,LSZL,2291
2026-02-22 10:09:40,4b1bc5,HBKNL,LSZL,LILE,2269
2026-02-22 10:05:08,4b3a22,HBWAK,LSZL,LSZL,9551
2026-02-22 10:00:08,4b3e3f,KHS31,LSZL,LFLS,8540
2026-02-22 09:58:05,4b1bb0,HBKMQ,LSZL,LSZL,1762
2026-02-22 09:33:34,4b1bc7,HBKNN,LSZL,LSZL,1433
2026-02-22 09:31:38,4b1b08,HBKGE,LSZL,LSZL,1662
2026-02-22 09:29:25,4b1bc8,HBKNO,LSZL,LSZL,4384
2026-02-22 09:25:16,4b1b78,HBKKM,LSZL,LSZR,2648
2026-02-22 09:21:19,500028,T7PCS,LSZL,LSZL,1750
2026-02-22 09:12:32,4b1bc5,HBKNL,LSZL,LSZL,1614
2026-02-22 08:52:47,4b1bb0,HBKMQ,LSZL,LSZL,1325
2026-02-22 08:32:56,4b1fa1,HBLZL,LSZL,LSZL,7441
2026-02-22 08:17:08,4b1bc5,HBKNL,LSZL,LSZL,2211
2026-02-22 08:16:13,4b1bc6,HBKNM,LSZL,LSZL,3449
2026-02-25 15:10:09,4b1b07,HBKGD,LSZL,LILC,813
2026-02-25 14:19:26,4b7f6a,V614,LSZL,LSZL,1561
2026-02-25 14:04:32,4b1bc6,HBKNM,LSZL,LSTA,1166
2026-02-25 13:57:57,4b1402,HBHPA,LSZL,LSMP,3662
2026-02-25 13:57:30,4b443e,HBZVY,LSZL,LSZL,815
2026-02-25 13:57:30,4b4275,HBZEJ,LSZL,LSZL,815
2026-02-25 13:53:20,4b1fa1,HBLZL,LSZL,LSZA,816
2026-02-25 12:54:28,4b4322,HBZLA,LSZL,LSZL,870
2026-02-25 12:43:30,4b443e,HBZVY,LSZL,LSZL,1797
2026-02-25 12:22:21,4b7f6a,V614,LSZL,LSZL,1707
2026-02-25 12:17:24,4b7f66,V619,LSZL,LSZL,1706
2026-02-25 11:32:11,4b1b07,HBKGD,LSZL,LSZL,1332
2026-02-25 10:48:52,4b1b07,HBKGD,LSZL,LSZL,1386
2026-02-25 10:42:03,4b4db1,HB2314,LSZL,LSGB,3776
2026-02-25 10:08:01,4b442e,HBZVI,LSZL,LSZL,11104
2026-02-25 09:35:52,4b1bc8,HBKNO,LSZL,LSZL,1612
2026-02-25 09:24:20,4b1bc7,HBKNN,LSZL,LSZL,1328
2026-02-25 09:12:30,4b443e,HBZVY,LSZL,LSZL,869
2026-02-25 08:47:11,4b4437,HBZVR,LSZL,LSZA,2971
2026-02-25 07:20:25,4b443e,HBZVY,LSZL,LSZL,2783
2026-02-25 07:17:29,4b442e,HBZVI,LSZL,LSZL,9437
2026-02-24 18:38:31,4b32fe,RGAIC,LSZL,LSZL,1371
2026-02-24 17:59:00,4b32fe,RGAIC,LSZL,LSZL,1078
2026-02-24 15:32:26,4b1bc6,HBKNM,LSZL,LSZA,1499
2026-02-24 15:00:07,4b4275,HBZEJ,LSZL,LSZL,656
2026-02-24 14:41:06,4b32fe,RGAIC,LSZL,LSZL,3171
2026-02-24 14:40:54,4b3300,RGAIE,LSZL,LSML,3204
2026-02-24 14:27:18,4b7f66,V619,LSZL,LSZL,782
2026-02-24 14:25:30,4b7f6a,V614,LSZL,LSZL,612
2026-02-24 14:19:34,4b7f68,V617,LSZL,LSZL,1450
2026-02-24 14:05:30,4b1fa1,HBLZL,LSZL,LSZA,1092
2026-02-24 13:56:31,4b1bb0,HBKMQ,LSZL,LSZL,6716
2026-02-24 13:55:46,4b3e3f,KHS31,LSZL,LIEA,7723
2026-02-24 13:48:12,4b1bc7,HBKNN,LSZL,LSZL,2710
2026-02-24 13:30:08,4b442e,HBZVI,LSZL,LSZL,917
2026-02-24 13:01:48,4b4322,HBZLA,LSZL,LSZL,804
2026-02-24 12:55:25,4b4275,HBZEJ,LSZL,LSZL,3268
2026-02-24 12:52:08,390908,FGCII,LSZL,LFHN,8505
2026-02-24 12:43:20,4b3300,RGA16,LSZL,LSPU,849
2026-02-24 12:36:54,4b32fe,RGAIC,LSZL,LSZL,2692
2026-02-24 12:28:00,4b7f68,V617,LSZL,LSZL,1469
2026-02-24 12:27:14,4b7f6a,V614,LSZL,LSZL,1349
2026-02-24 12:24:04,4b7f66,V619,LSZL,LSZL,1133
2026-02-24 12:22:38,4b4db1,HB2314,LSZL,LSZL,3219
2026-02-24 12:04:40,4b1bc7,HBKNN,LSZL,LSZL,853
2026-02-24 11:02:39,4b1b07,HBKGD,LSZL,LSZL,2249
2026-02-24 10:13:44,4b1bc5,HBKNL,LSZL,LIMG,5354
2026-02-24 10:06:54,4b4275,HBZEJ,LSZL,LSZL,2045
2026-02-24 09:59:50,4b1bb0,HBKMQ,LSZL,LSZL,2995
2026-02-24 09:38:59,4b4437,HBZVR,LSZL,LSZL,2303
2026-02-24 09:37:46,4b7f66,V619,LSZL,LSZL,1375
2026-02-24 09:25:34,4b1baf,HBKMP,LSZL,LSZB,5028
2026-02-24 09:01:04,4b1bc8,HBKNO,LSZL,LILE,2780
2026-02-24 08:49:44,4b1fa1,HBLZL,LSZL,LSZL,7064
2026-02-24 08:41:46,4b1bc7,HBKNN,LSZL,LSZL,723
2026-02-24 08:28:44,4b442e,HBZVI,LSZL,LSZL,7093
2026-02-24 08:25:37,4b1bb0,HBKMQ,LSZL,LSZL,3381
2026-02-24 08:22:27,4b4275,HBZEJ,LSZL,LSZL,678
2026-02-24 08:18:19,4b1bc5,HBKNL,LSZL,LSZL,3119
2026-02-24 07:30:55,4b7f66,V619,LSZL,LSZL,1378
2026-02-24 07:27:56,4b7f6a,V614,LSZL,LSZL,1353
2026-02-24 07:20:41,4b7f68,V617,LSZL,LSZL,1303
2026-02-24 06:59:18,4b443d,HBZVX,LSZL,LSPM,2457
2026-02-27 09:24:49,4b1e1d,HBLKN,LSZL,LSZR,2031
2026-02-27 08:58:20,4b1fa1,HBLZL,LSZL,LSZA,6339
2026-02-27 08:47:11,4b1bc6,HBKNM,LSZL,LSTA,1204
2026-02-26 10:53:15,4b1bc6,HBKNM,LSZL,LILE,2351
2026-02-26 10:52:20,4b1bc7,HBKNN,LSZL,LIME,2889
2026-02-26 10:43:20,4b1bc8,HBKNO,LSZL,LSPM,5675
2026-02-26 10:05:34,4b0d1d,HBEZD,LSZL,LSZK,7971
2026-02-26 10:00:57,4b1bc5,HBKNL,LSZL,LSZL,1051
2026-02-26 09:39:28,4b4db1,HB2314,LSZL,,1787
2026-02-26 09:33:16,4b1fa1,HBLZL,LSZL,LSZA,2320
2026-02-26 09:31:36,4b7f6a,V614,LSZL,LSZL,1432
2026-02-26 09:27:07,4b7f68,V617,LSZL,LSZL,1342
2026-02-26 09:22:36,4b7f6b,V613,LSZL,LSZL,1043
2026-02-26 08:34:49,4b1bb0,HBKMQ,LSZL,LSTA,1567
2026-02-26 08:26:34,4b1bc6,HBKNM,LSZL,LILE,2377
2026-02-26 08:21:17,4b1c24,HBKRC,LSZL,LIMB,1181
2026-02-26 08:19:18,4b1bc8,HBKNO,LSZL,LSZL,3128
2026-02-26 08:15:23,4b1bc7,HBKNN,LSZL,LSZL,1834
2026-02-26 08:03:52,4b4322,HBZLA,LSZL,LSZB,2782
2026-02-26 07:28:40,4b7f68,V617,LSZL,LSZL,1523
2026-02-26 07:26:50,4b7f6b,V613,LSZL,LSZL,1308
2026-02-26 07:22:45,4b7f6a,V614,LSZL,LSZL,1144
2026-02-26 06:56:19,4b443d,HBZVX,LSZL,LSZL,7747
2026-02-26 06:43:49,4b442e,HBZVI,LSZL,LSZL,12471
2026-02-28 15:35:32,4b1bc6,HBKNM,LSZL,LSZL,945
2026-02-28 15:19:00,4b1bc5,HBKNL,LSZL,LSZL,1516
2026-02-28 14:54:40,4b3a22,HBWAK,LSZL,LSZL,708
2026-02-28 14:18:33,4b3a22,HBWAK,LSZL,LSZL,1483
2026-02-28 14:03:27,4b1e1d,HBLKN,LSZL,LSZR,1902
2026-02-28 13:41:53,4b1bc7,HBKNN,LSZL,LSZL,2041
2026-02-28 13:18:30,4b1bc5,HBKNL,LSZL,LSZL,1707
2026-02-28 13:03:12,4b1b1d,HBKGZ,LSZL,LSZX,3312
2026-02-28 13:01:07,4b1bc6,HBKNM,LSZL,LSZL,3799
2026-02-28 12:28:01,4b3a22,HBWAK,LSZL,LSZL,2065
2026-02-28 11:39:44,48d247,SPWTH,LSZL,LSZN,3109
2026-02-28 10:26:13,4b1bb0,HBKMQ,LSZL,LSZL,2172
2026-02-28 10:00:20,4b1bc5,HBKNL,LSZL,LSZL,693
2026-02-28 09:37:29,4b4322,HBZLA,LSZL,LSZL,2048
2026-02-28 09:02:59,4b1bb0,HBKMQ,LSZL,LSZL,2310
2026-02-28 07:54:27,4b4387,HBZOX,LSZL,LSZL,8633
2026-03-03 18:57:21,4b7f67,V618,LSZL,LSZL,3048
2026-03-03 17:55:21,4b7f67,V618,LSZL,LSZL,2424
2026-03-03 17:51:44,4b7f6b,V613,LSZL,LSZL,6889
2026-03-03 17:48:07,4b7f6a,V614,LSZL,LSZL,7040
2026-03-03 16:32:01,4b0c39,HBEQJ,LSZL,LSMM,1789
2026-03-03 16:09:44,4b1bc7,HBKNN,LSZL,LSZL,1672
2026-03-03 15:35:35,4b1bb0,HBKMQ,LSZL,LSZL,2093
2026-03-03 14:35:46,4b442e,HBZVI,LSZL,LSML,5564
2026-03-03 14:17:44,4b7f6b,V613,LSZL,LSZL,824
2026-03-03 14:16:30,4b7f6a,V614,LSZL,LSZL,778
2026-03-03 14:10:49,4b7f66,V619,LSZL,LSZL,693
2026-03-03 14:07:08,4b7f67,V618,LSZL,LSZL,1935
2026-03-03 13:27:21,4b1bc7,HBKNN,LSZL,LSZL,3398
2026-03-03 13:20:11,4b443e,HBZVY,LSZL,LSZL,2968
2026-03-03 12:55:19,3008b1,IDIOT,LSZL,LSGB,4745
2026-03-03 12:54:22,4b1bb0,HBKMQ,LSZL,LSZL,3151
2026-03-03 12:40:18,4b7f6a,V614,LSZL,LSZL,860
2026-03-03 12:38:38,4b7f66,V619,LSZL,LSZL,703
2026-03-03 12:36:12,4b32fe,RGAIC,LSZL,LSZL,3215
2026-03-03 12:19:51,4b4387,HBZOX,LSZL,LSZL,8105
2026-03-03 12:14:44,4b442e,HBZVI,LSZL,LSZL,820
2026-03-03 11:49:45,4b4089,HBYLL,LSZL,LSZF,5179
2026-03-03 11:29:50,4b1bc7,HBKNN,LSZL,LSZL,1735
2026-03-03 10:49:33,a79c67,N59PV,LSZL,LSZH,2077
2026-03-03 10:33:02,4b1bc7,HBKNN,LSZL,LSZL,656
2026-03-03 10:32:15,4b442e,HBZVI,LSZL,LSZL,1118
2026-03-03 10:21:43,a2721c,N257GG,LSZL,,883
2026-03-03 10:20:31,3ff41c,DMMDZ,LSZL,EDTD,3972
2026-03-03 10:05:08,4b0f49,HBFUN,LSZL,LSGG,2824
2026-03-03 09:57:18,4b442e,HBZVI,LSZL,LSZL,1091
2026-03-03 09:38:45,4b7f67,V618,LSZL,LSZL,1853
2026-03-03 09:36:53,4b7f6b,V613,LSZL,LSZL,1684
2026-03-03 09:16:26,4b32fe,RGAIC,LSZL,LSZL,3418
2026-03-03 09:04:48,4b442e,HBZVI,LSZL,LSZL,1481
2026-03-03 08:44:21,4b1bc6,HBKNM,LSZL,LSZA,6025
2026-03-03 08:41:38,4b1bc7,HBKNN,LSZL,LSZL,2960
2026-03-03 08:22:37,4b1bb0,HBKMQ,LSZL,LSTA,1724
2026-03-03 08:19:50,4b7f66,V619,LSZL,LSZL,946
2026-03-03 08:17:56,4b7f67,V618,LSZL,LSZL,825
2026-03-03 08:09:07,4b7f6a,V614,LSZL,LSZL,1867
2026-03-03 07:51:56,4b32fe,RGAIC,LSZL,LSZL,2882
2026-03-03 07:51:55,4b442e,HBZVI,LSZL,LSZL,3243
2026-03-03 07:51:54,4b443e,HBZVY,LSZL,LSZL,6481
2026-03-05 19:36:01,4b32fe,RGAIC,LSZL,LSZL,3212
2026-03-05 18:08:00,4b32fe,RGAIC,LSZL,LSZL,3313
2026-03-05 15:43:14,4b1bb0,HBKMQ,LSZL,LSZL,1376
2026-03-05 15:22:02,4b4387,HBZOX,LSZL,LSZL,990
2026-03-05 15:04:04,4b7f6b,V613,LSZL,LSZL,749
2026-03-05 15:03:09,4b7f67,V618,LSZL,LSZL,696
2026-03-05 14:40:05,4b7f6b,V613,LSZL,LSML,833
2026-03-05 14:28:48,4b32fe,RGAIC,LSZL,LSZL,2465
2026-03-05 14:21:32,4b3300,RGA16,LSZL,LSPM,1818
2026-03-05 14:18:22,4b7f67,V618,LSZL,LSML,1935
2026-03-05 14:17:51,4b442e,HBZVI,LSZL,LSML,8160
2026-03-05 14:01:06,4b1bc7,HBKNN,LSZL,LSZL,7604
2026-03-05 13:56:20,4b1bc8,HBKNO,LSZL,LSZL,3337
2026-03-05 13:47:05,4b4387,HBZOX,LSZL,LSZL,1665
2026-03-05 13:39:47,4b442e,HBZVI,LSZL,LSZL,1490
2026-03-05 12:58:15,4b7f67,V618,LSZL,LSZL,1120
2026-03-05 12:51:36,4b4322,HBZLA,LSZL,LSZL,2776
2026-03-05 12:40:08,4b32fe,RGAIC,LSZL,LSZL,3140
2026-03-05 12:39:13,4b3731,HBUXL,LSZL,LSPG,2006
2026-03-05 12:33:08,4b1bc8,HBKNO,LSZL,LSZL,1428
2026-03-05 12:27:00,4b7f6b,V613,LSZL,LSML,3174
2026-03-05 12:24:30,4b7f67,V618,LSZL,LSZL,1379
2026-03-05 12:14:14,4b442e,HBZVI,LSZL,LSZL,1810
2026-03-05 11:29:12,4b1bc7,HBKNN,LSZL,LSPU,1947
2026-03-05 10:15:51,4b3300,RGA16,LSZL,LSZL,1493
2026-03-05 10:13:19,4b1bc8,HBKNO,LSZL,LSZL,1200
2026-03-05 10:13:09,500028,T7PCS,LSZL,LSPM,1091
2026-03-05 10:10:08,4b1d21,HBLAV,LSZL,EHTE,8930
2026-03-05 09:52:37,4b7f67,V618,LSZL,LSZL,2969
2026-03-05 09:51:11,4b7f6a,V614,LSZL,LSZL,1877
2026-03-05 09:42:35,4b7f6b,V613,LSZL,LSZL,1732
2026-03-05 09:29:16,4b3300,RGA16,LSZL,LSZL,1920
2026-03-05 09:24:18,4b1bc6,HBKNM,LSZL,LSZB,4326
2026-03-05 09:19:31,4b4387,HBZOX,LSZL,LSZL,5303
2026-03-05 08:32:28,4b1bc8,HBKNO,LSZL,LSZL,2670
2026-03-05 07:12:12,4b7f6a,V614,LSZL,LSZL,2236
2026-03-05 07:06:49,4b7f6b,V613,LSZL,LSZL,2410
2026-03-05 07:03:35,4b7f67,V618,LSZL,LSZL,2145
2026-03-05 06:47:28,4b4387,HBZOX,LSZL,LSZL,4951
2026-03-05 06:46:47,4b44a1,HBZZT,LSZL,LSZL,777
2026-03-04 19:46:00,4b32fe,RGAIC,LSZL,LSZL,3804
2026-03-04 18:18:55,4b32fe,RGAIC,LSZL,LSZL,3687
2026-03-04 18:08:09,4b1bc5,HBKNL,LSZL,LSZA,1623
2026-03-04 18:06:46,4b1bc6,HBKNM,LSZL,LSZA,1553
2026-03-04 18:06:09,4b4db1,HB2314,LSZL,LSZL,2750
2026-03-04 15:50:10,4b443d,HBZVX,LSZL,LSZL,783
2026-03-04 15:44:42,4b1bc7,HBKNN,LSZL,LSZL,1534
2026-03-04 15:43:53,4b1bc5,HBKNL,LSZL,LSZL,1788
2026-03-04 15:33:34,4b1b07,HBKGD,LSZL,LSZL,1177
2026-03-04 14:54:40,4b32fe,RGAIC,LSZL,LSZL,1099
2026-03-04 14:31:48,4b7f67,V618,LSZL,LSZL,2128
2026-03-04 14:29:20,4b7f66,V619,LSZL,LSZL,1721
2026-03-04 14:22:41,4b4387,HBZOX,LSZL,LSZL,914
2026-03-04 14:20:06,4b32fe,RGAIC,LSZL,LSZL,1093
2026-03-04 14:13:46,4b1b07,HBKGD,LSZL,LSZL,3372
2026-03-04 13:52:48,4b413c,HBYSI,LSZL,LSGE,3291
2026-03-04 13:49:05,4b3416,HBTSW,LSZL,LSPV,5557
2026-03-04 13:48:02,4b40f1,HBYPL,LSZL,LSZK,2866
2026-03-04 13:47:30,4b40c8,HBYNW,LSZL,LSZF,4791
2026-03-04 13:46:34,4b40a1,HBYMJ,LSZL,LSZF,4071
2026-03-04 13:40:00,4b1bc5,HBKNL,LSZL,LSZL,1558
2026-03-04 13:39:53,4b4184,HBYVC,LSZL,LSZT,3420
2026-03-04 13:26:11,4b1b4a,HBKIS,LSZL,LSPV,4968
2026-03-04 13:25:06,4b3f93,HBYBZ,LSZL,LSZN,6137
2026-03-04 13:24:35,4b1bc7,HBKNN,LSZL,LSZL,1912
2026-03-04 13:13:05,4b32fe,RGAIC,LSZL,LSZL,803
2026-03-04 13:00:43,4b3273,HBTCT,LSZL,LSPG,2422
2026-03-04 12:56:04,4b7f66,V619,LSZL,LSZL,712
2026-03-04 12:54:03,4b1e1d,HBLKN,LSZL,LSZR,2196
2026-03-04 12:52:02,4b0d1d,HBEZD,LSZL,LSZG,8784
2026-03-04 12:48:24,4b066d,HBCLH,LSZL,LSZF,3721
2026-03-04 12:47:35,4b1bb0,HBKMQ,LSZL,LSPU,2656
2026-03-04 12:45:56,4b40e4,HBYOY,LSZL,LSZG,4018
2026-03-04 12:44:02,4b7f6b,V613,LSZL,LSML,730
2026-03-04 12:42:02,4b1bf7,HBKPJ,LSZL,LSZM,5379
2026-03-04 12:40:04,4b7f6a,V614,LSZL,LSML,2215
2026-03-04 12:38:38,4b32fe,RGAIC,LSZL,LSZL,1259
2026-03-04 12:34:30,4b7f67,V618,LSZL,LSML,2810
2026-03-04 12:07:12,4b442e,HBZVI,LSZL,LSZL,12945
2026-03-04 12:07:04,4b4455,HBZWV,LSZL,LIPI,7551
2026-03-04 11:35:14,4b1bc8,HBKNO,LSZL,LSPU,2035
2026-03-04 11:26:26,4b1bc7,HBKNN,LSZL,LSZL,1983
2026-03-04 11:06:16,4b1bc5,HBKNL,LSZL,LSZL,1113
2026-03-04 10:31:18,4b7f67,V618,LSZL,LSZL,857
2026-03-04 10:27:34,4b7f6b,V613,LSZL,LSZL,650
2026-03-04 09:37:34,4b1b07,HBKGD,LSZL,LSZL,4423
2026-03-04 09:16:30,4b1bc5,HBKNL,LSZL,LSZL,1796
2026-03-04 09:01:57,4b1bc7,HBKNN,LSZL,LSZL,1483
2026-03-04 08:50:36,4b1bc8,HBKNO,LSZL,LILO,1682
2026-03-04 08:49:42,4b1bb0,HBKMQ,LSZL,LSPU,3062
2026-03-04 08:35:16,4b4322,HBZLA,LSZL,LFLI,3503
2026-03-04 08:16:58,4b7f6a,V614,LSZL,LSZL,661
2026-03-04 08:15:19,4b442e,HBZVI,LSZL,LSZL,8407
2026-03-04 08:09:03,4b7f67,V618,LSZL,LSZL,1975
2026-03-04 08:05:41,4b7f66,V619,LSZL,LSZL,1830
2026-03-04 08:04:39,4b1bb6,HBKMW,LSZL,LSZA,4637
2026-03-04 07:30:49,4b4387,HBZOX,LSZL,LSZL,3293
2026-03-04 07:17:13,4b443d,HBZVX,LSZL,LSZL,12976
2026-03-04 06:50:45,4b4387,HBZOX,LSZL,LSZL,1171
2026-03-07 16:33:37,4b1bc5,HBKNL,LSZL,LSZL,1642
2026-03-07 16:06:10,4b1e1d,HBLKN,LSZL,LILO,799
2026-03-07 16:05:33,4b07fe,HBDAS,LSZL,LSPV,2232
2026-03-07 15:58:19,4b1bb6,HBKMW,LSZL,LSZA,1179
2026-03-07 15:53:09,4b1bc8,HBKNO,LSZL,LSZL,2128
2026-03-07 15:42:34,4b1f3f,HBLVR,LSZL,LSPN,2198
2026-03-07 15:39:31,4b1bc5,HBKNL,LSZL,LSZL,1417
2026-03-07 14:57:09,4b3a22,HBWAK,LSZL,LSZL,1335
2026-03-07 14:46:42,4b1bb0,HBKMQ,LSZL,LSZL,1721
2026-03-07 14:45:23,4b4db1,HB2314,LSZL,LSZL,1946
2026-03-07 14:35:08,4b4045,HBYIV,LSZL,LSZF,2901
2026-03-07 14:31:02,4b1bc8,HBKNO,LSZL,LSZL,2065
2026-03-07 14:14:30,4b1bc5,HBKNL,LSZL,LSZL,1762
2026-03-07 13:56:07,4b1c04,HBKPW,LSZL,LSZL,2961
2026-03-07 13:30:36,4b2811,HBPEN,LSZL,LSZB,3365
2026-03-07 13:26:48,4b1bb0,HBKMQ,LSZL,LSZL,2289
2026-03-07 13:22:09,4b4475,HBZYB,LSZL,LSZL,776
2026-03-07 13:17:56,4b4322,HBZLA,LSZL,LSZL,2078
2026-03-07 13:17:00,4b1bc8,HBKNO,LSZL,LSZL,2596
2026-03-07 13:12:04,4b1bc5,HBKNL,LSZL,LSZL,1748
2026-03-07 12:52:22,4b3a22,HBWAK,LSZL,LSZL,3247
2026-03-07 12:51:53,4b5169,HB3266,LSZL,LSZL,4698
2026-03-07 12:51:00,4b1bc7,HBKNN,LSZL,LSPU,1948
2026-03-07 12:24:23,4b1b0e,HBKGK,LSZL,LSZB,3596
2026-03-07 11:51:37,4b3a22,HBWAK,LSZL,LSZL,2898
2026-03-07 11:28:25,4b1bb0,HBKMQ,LSZL,LSZL,1442
2026-03-07 11:23:17,4b1b08,HBKGE,LSZL,LSZL,4555
2026-03-07 11:04:18,4b1bc8,HBKNO,LSZL,LSZL,1920
2026-03-07 09:55:36,4b1e1d,HBLKN,LSZL,LSGK,1907
2026-03-07 09:51:48,38599d,FJIPI,LSZL,LIMB,2131
2026-03-07 09:42:19,4b3a22,HBWAK,LSZL,LSZL,6470
2026-03-07 09:40:53,4b1bc5,HBKNL,LSZL,LSZL,1742
2026-03-07 09:36:30,4b1bb0,HBKMQ,LSZL,LSZL,2188
2026-03-07 09:19:33,4b4387,HBZOX,LSZL,LSZL,3810
2026-03-07 09:12:04,4b4322,HBZLA,LSZL,LSZL,1271
2026-03-07 08:37:22,4b1bc8,HBKNO,LSZL,LSZL,3906
2026-03-07 08:35:59,4b1bc5,HBKNL,LSZL,LSZL,1123
2026-03-07 08:32:19,4b1bc7,HBKNN,LSZL,LSPU,6890
2026-03-07 08:20:19,4b1bb0,HBKMQ,LSZL,LSZL,2635
2026-03-07 08:16:29,500028,T7PCS,LSZL,LSPM,680
2026-03-07 07:14:26,4b4475,HBZYB,LSZL,LSML,1730
2026-03-06 16:29:52,4b1bb0,HBKMQ,LSZL,LSZL,1105
2026-03-06 15:47:19,4b1bb0,HBKMQ,LSZL,LSZL,1672
2026-03-06 15:36:42,44038e,OEFSG,LSZL,LIME,2261
2026-03-06 15:34:08,4b442e,HBZVI,LSZL,LSML,634
2026-03-06 15:21:20,4b1bc5,HBKNL,LSZL,LSZL,4059
2026-03-06 15:11:19,4b4424,HBZUY,LSZL,LSZL,641
2026-03-06 15:09:32,4b1bc7,HBKNN,LSZL,LSZL,4208
2026-03-06 15:02:30,4b414f,HBYTB,LSZL,LSZF,3637
2026-03-06 14:56:55,4b4089,HBYLL,LSZL,LSZF,3639
2026-03-06 14:44:42,4b4db1,HB2314,LSZL,LSZL,5064
2026-03-06 14:31:38,500028,T7PCS,LSZL,LSZL,1665
2026-03-06 13:30:50,4b1b07,HBKGD,LSZL,LSZL,3477
2026-03-06 13:10:35,4b1bc7,HBKNN,LSZL,,1807
2026-03-06 13:09:08,500028,T7PCS,LSZL,LSZL,812
2026-03-06 12:40:46,4b1bc5,HBKNL,LSZL,LSZL,6996
2026-03-06 12:38:54,4b3300,RGA16,LSZL,LSML,1226
2026-03-06 12:34:30,4b1bc8,HBKNO,LSZL,LSZL,3700
2026-03-06 12:33:30,3e1e8f,DICTR,LSZL,EDTD,1996
2026-03-06 12:20:14,4b4387,HBZOX,LSZL,LSZL,12895
2026-03-06 12:17:01,4b7f67,V618,LSZL,LSZL,1339
2026-03-06 12:12:30,4b442e,HBZVI,LSZL,LSZL,6037
2026-03-06 11:20:18,4b1bc8,HBKNO,LSZL,LSML,1258
2026-03-06 11:09:32,4b1bb0,HBKMQ,LSZL,LSPM,10247
2026-03-06 11:04:02,44004c,OEKMA,LSZL,LOIH,8048
2026-03-06 10:30:52,500028,T7PCS,LSZL,LSZL,733
2026-03-06 10:29:45,3d3d28,DEVKI,LSZL,EDBJ,6609
2026-03-06 10:04:07,4b4387,HBZOX,LSZL,LSZL,1092
2026-03-06 09:57:39,3d840b,DFWGH,LSZL,ELLX,3859
2026-03-06 09:55:40,4b1b07,HBKGD,LSZL,LSZL,1870
2026-03-06 09:52:32,4b1bc8,HBKNO,LSZL,LSZL,2007
2026-03-06 09:44:38,4b7f6a,V614,LSZL,LSZL,762
2026-03-06 09:42:44,4b7f68,V617,LSZL,LSZL,629
2026-03-06 09:35:38,4b7f67,V618,LSZL,LSZL,824
2026-03-06 09:34:37,4b442e,HBZVI,LSZL,LSZL,1519
2026-03-06 09:28:35,4b7f6b,V613,LSZL,LSZL,1914
2026-03-06 09:18:49,4b1b07,HBKGD,LSZL,LSZL,1410
2026-03-06 09:02:40,4b1bb0,HBKMQ,LSZL,LSZL,4483
2026-03-06 08:51:54,4b1bc7,HBKNN,LSZL,LSPM,12393
2026-03-06 08:47:05,4b1bc8,HBKNO,LSZL,LSZL,1869
2026-03-06 07:47:59,4b0f49,HBFUN,LSZL,EBLG,5154
2026-03-06 07:16:51,4b7f67,V618,LSZL,LSZL,1018
2026-03-06 07:14:03,4b4387,HBZOX,LSZL,LSZL,5373
2026-03-06 07:10:09,4b7f6b,V613,LSZL,LSZL,963
2026-03-06 07:07:34,4b7f6a,V614,LSZL,LSZL,2093
2026-03-06 07:01:45,4b7f68,V617,LSZL,LSZL,2278
2026-03-06 06:31:36,4b442e,HBZVI,LSZL,LSZL,9310
2026-03-06 06:31:17,4b4387,HBZOX,LSZL,LSZL,1240
2026-03-09 19:14:10,4b32fe,RGAIC,LSZL,LSZL,2391
2026-03-09 18:16:09,4b7f6b,V613,LSZL,LSML,669
2026-03-09 18:10:18,4b32fe,RGAIC,LSZL,LSZL,2619
2026-03-09 18:03:35,4b7f68,V617,LSZL,LSML,2075
2026-03-09 18:01:00,4b7f6a,V614,LSZL,LSML,2171
2026-03-09 18:00:08,4b7f61,V632,LSZL,LSZL,3123
2026-03-09 16:29:39,4b4db1,HB2314,LSZL,LSZL,1033
2026-03-09 14:49:30,4b4275,HBZEJ,LSZL,LSZL,5210
2026-03-09 14:46:05,4b1b07,HBKGD,LSZL,LSZL,1853
2026-03-09 14:16:02,4b1bc5,HBKNL,LSZL,LILE,2513
2026-03-09 14:15:33,4b32fe,RGAIC,LSZL,LSZL,4787
2026-03-09 14:15:06,4b3300,RGA16,LSZL,LSML,1673
2026-03-09 14:07:38,4b1bb6,HBKMW,LSZL,LSZA,1036
2026-03-09 14:06:17,4b442e,HBZVI,LSZL,LSZL,5092
2026-03-09 14:02:04,4b1bc6,HBKNM,LSZL,LSZA,1265
2026-03-09 13:49:23,4b1bc8,HBKNO,LSZL,LSZL,7206
2026-03-09 13:21:36,500028,T7PCS,LSZL,LSZL,1401
2026-03-09 12:51:04,4b1bb0,HBKMQ,LSZL,LILR,3880
2026-03-09 12:24:14,4b442e,HBZVI,LSZL,LSZL,2595
2026-03-09 12:24:11,4b7f6a,V614,LSZL,LSML,1955
2026-03-09 12:23:58,4b3300,RGA16,LSZL,LSML,2422
2026-03-09 12:21:46,4b32fe,RGAIC,LSZL,LSML,780
2026-03-09 10:46:06,4b1bc5,HBKNL,LSZL,LILE,2502
2026-03-09 10:06:00,3d0fcc,DEEFS,LSZL,EDMA,7611
2026-03-09 09:49:16,4b4424,HBZUY,LSZL,LSZL,3250
2026-03-09 09:43:40,511142,ESTWN,LSZL,,1627
2026-03-09 09:18:37,4b1bc5,HBKNL,LSZL,LSZL,2284
2026-03-09 09:11:31,a2721c,N257GG,LSZL,LJPZ,4942
2026-03-09 09:10:10,4b1bc8,HBKNO,LSZL,LSZL,6275
2026-03-09 07:41:22,4b4424,HBZUY,LSZL,LSZL,6547
2026-03-09 06:51:18,4b443d,HBZVX,LSZL,LSZL,3537
2026-03-09 06:48:42,4b442e,HBZVI,LSZL,LSZL,15342
2026-03-09 06:43:07,4b4424,HBZUY,LSZL,LSZL,2715
2026-03-08 16:33:00,4b1bc8,HBKNO,LSZL,LSZL,1189
2026-03-08 16:15:36,4b1bb0,HBKMQ,LSZL,LSZL,1633
2026-03-08 15:28:47,4b06f4,HBCQM,LSZL,LSZN,2866
2026-03-08 14:26:42,4b1bfb,HBKPN,LSZL,LSMF,2397
2026-03-08 14:24:21,500028,T7PCS,LSZL,LSZL,2256
2026-03-08 14:03:46,4b3a22,HBWAK,LSZL,LSZL,966
2026-03-08 14:01:17,4b3356,HBTLM,LSZL,LSPN,4066
2026-03-08 13:51:30,3ffbf6,DMZRT,LSZL,EDFZ,11926
2026-03-08 13:49:04,4b50c4,HB3101,LSZL,LSZL,5230
2026-03-08 13:38:12,4b1b07,HBKGD,LSZL,LSZL,3015
2026-03-08 13:35:07,4b3a22,HBWAK,LSZL,LSZL,724
2026-03-08 13:34:29,4b50c3,HB3100,LSZL,LSZL,12318
2026-03-08 13:21:36,4b50c4,HB3101,LSZL,LSZL,943
2026-03-08 13:17:16,4b1bc8,HBKNO,LSZL,,1802
2026-03-08 13:06:11,a0365a,N11222,LSZL,EDAZ,7977
2026-03-08 12:43:07,4b3e5a,HBXPY,LSZL,LSZU,7087
2026-03-08 12:22:57,4b5169,HB3266,LSZL,LSZL,4445
2026-03-08 12:07:00,4b25ea,HBOJI,LSZL,LSGL,5173
2026-03-08 11:44:51,4b1c67,HBKTR,LSZL,LSZI,3755
2026-03-08 11:32:09,4b50c4,HB3101,LSZL,LSZL,5447
2026-03-08 10:57:15,4b3a22,HBWAK,LSZL,LSZL,5811
2026-03-08 10:52:36,a3be02,N340HE,LSZL,LIPV,3920
2026-03-08 10:13:43,4b3a22,HBWAK,LSZL,LSZL,822
2026-03-08 09:58:07,4b1bb0,HBKMQ,LSZL,LIPL,4004
2026-03-08 09:43:33,4b1bc7,HBKNN,LSZL,LIPB,6410
2026-03-08 09:42:10,4b1bc5,HBKNL,LSZL,LIPB,4279
2026-03-08 09:28:16,a2721c,N257GG,LSZL,LOWS,5401
2026-03-08 08:35:34,4b1bb0,HBKMQ,LSZL,LSZL,2030
2026-03-11 14:02:23,4b1bc8,HBKNO,LSZL,LSZL,2139
2026-03-11 13:55:16,4b1b07,HBKGD,LSZL,LSZL,3063
2026-03-11 13:53:30,4b1bc5,HBKNL,LSZL,LSZL,1616
2026-03-11 13:41:07,4b3f28,HBXXW,LSZL,LSZL,6351
2026-03-11 08:11:55,4b4387,HBZOX,LSZL,LSZL,792
2026-03-11 07:19:47,4b4387,HBZOX,LSZL,LSZL,2231
2026-03-10 13:48:34,4b1b07,HBKGD,LSZL,LSZL,1473
2026-03-10 13:31:31,4b3300,RGA16,LSZL,LSML,696
2026-03-10 13:19:33,4b1bc5,HBKNL,LSZL,LSZL,2781
2026-03-10 12:24:42,4b7f6a,V614,LSZL,LSZL,1463
2026-03-10 12:20:25,4b32fe,RGAIC,LSZL,LSZL,2591
2026-03-10 12:14:15,4b7f6b,V613,LSZL,LSPG,2640
2026-03-10 11:12:54,4b4089,HBYLL,LSZL,LSZF,3975
2026-03-10 10:54:01,3d3d28,DEVKI,LSZL,LFMN,3992
2026-03-10 10:53:06,4b1e1d,HBLKN,LSZL,ETSI,4594
2026-03-10 10:41:06,4b1c04,HBKPW,LSZL,LSZA,792
2026-03-10 10:11:33,4b1b08,HBKGE,LSZL,LSZL,1940
2026-03-10 09:53:02,4b7f5e,V635,LSZL,LSZL,1338
2026-03-10 09:49:37,4b7f67,V618,LSZL,LSZL,1372
2026-03-10 09:28:17,4b4275,HBZEJ,LSZL,LSZL,3856
2026-03-10 09:07:01,4b442e,HBZVI,LSZL,LSZL,5067
2026-03-10 08:12:27,4b1bc8,HBKNO,LSZL,LSZL,5203
2026-03-10 08:11:04,4b1bc5,HBKNL,LSZL,LSZL,3301
2026-03-10 08:06:58,4b1b07,HBKGD,LSZL,LSZL,4679
2026-03-10 07:51:11,4b3f28,HBXXW,LSZL,LSZL,786
2026-03-10 07:18:07,4b7f6a,V614,LSZL,LSZL,880
2026-03-10 07:15:11,4b7f5e,V635,LSZL,LSZL,702
2026-03-10 07:14:59,4b4275,HBZEJ,LSZL,LSZA,2218
2026-03-10 07:07:26,4b7f67,V618,LSZL,LSZL,1993
2026-03-10 07:02:28,4b7f66,V619,LSZL,LSZL,2041
2026-03-10 06:53:06,4b4424,HBZUY,LSZL,LSPM,817
2026-03-10 06:51:53,4b44a1,HBZZT,LSZL,LSZA,2060
2026-03-13 16:47:47,4b1bc7,HBKNN,LSZL,LSZL,1957
2026-03-13 15:34:46,4b4db1,HB2314,LSZL,LSZL,2284
2026-03-13 15:29:44,4b1bc7,HBKNN,LSZL,LSZL,2114
2026-03-13 15:24:30,4b448d,HBZYZ,LSZL,LSZL,1896
2026-03-13 15:24:04,4b1b08,HBKGE,LSZL,LSZL,2918
2026-03-13 15:05:25,4b3300,RGA16,LSZL,LSZL,3192
2026-03-13 14:34:05,4b1b07,HBKGD,LSZL,LSZL,1742
2026-03-13 13:57:43,4b44a1,HBZZT,LSZL,LSZL,844
2026-03-13 13:57:30,4b4072,HBYKO,LSZL,EDRY,6820
2026-03-13 13:48:53,4b442e,HBZVI,LSZL,LSZL,4202
2026-03-13 13:19:37,4b4475,HBZYB,LSZL,LSZL,1849
2026-03-13 13:05:43,4b1b07,HBKGD,LSZL,LSZL,2105
2026-03-13 13:05:32,4b44a1,HBZZT,LSZL,LSZL,1053
2026-03-13 13:01:05,4b413c,HBYSI,LSZL,LSPM,641
2026-03-13 12:52:52,4b3f28,HBXXW,LSZL,LSZL,3030
2026-03-13 12:17:21,4b3300,RGA16,LSZL,LSZL,2988
2026-03-13 12:17:12,4b442e,HBZVI,LSZL,LSZL,1985
2026-03-13 10:53:04,4b0f49,HBFUN,LSZL,,4453
2026-03-13 10:33:15,4b44a1,HBZZT,LSZL,LSZL,1233
2026-03-13 10:26:15,4b448d,HBZYZ,LSZL,LSZL,1986
2026-03-13 10:14:06,4b3300,RGA16,LSZL,LSZL,2298
2026-03-13 10:05:31,4b7f62,V631,LSZL,LSMD,2759
2026-03-13 09:01:34,4b44a1,HBZZT,LSZL,LSZL,2677
2026-03-13 09:00:22,4b442e,HBZVI,LSZL,LSZL,4176
2026-03-13 08:54:09,4b7f62,V631,LSZL,LSZL,3406
2026-03-13 08:52:44,4b7f5e,V635,LSZL,LSMM,1298
2026-03-13 08:43:15,4b1b07,HBKGD,LSZL,LSPU,1874
2026-03-13 08:37:50,4b1bc5,HBKNL,LSZL,LIMB,2438
2026-03-13 08:12:44,4b3300,RGA16,LSZL,LSZL,6504
2026-03-13 08:10:44,4b7f62,V631,LSZL,LSZL,994
2026-03-13 08:07:17,4b7f67,V618,LSZL,LSZL,2091
2026-03-13 07:58:30,4b7f5e,V635,LSZL,LSZL,958
2026-03-13 07:56:51,4b4072,HBYKO,LSZL,,1073
2026-03-13 07:52:03,4b1c24,HBKRC,LSZL,LIMB,1166
2026-03-13 07:15:59,4b7f62,V631,LSZL,LSZL,1046
2026-03-13 07:14:47,4b4455,HBZWV,LSZL,LSGL,2917
2026-03-13 07:06:40,4b7f67,V618,LSZL,LSZL,1069
2026-03-13 07:03:54,4b7f5e,V635,LSZL,LSZL,2439
2026-03-13 06:37:29,4b442e,HBZVI,LSZL,LSPM,1435
2026-03-13 05:52:06,4b4424,HBZUY,LSZL,LSZL,4257
2026-03-13 05:25:58,4b3f28,HBXXW,LSZL,LSZL,18901
2026-03-12 17:13:32,4b1bc8,HBKNO,LSZL,LSZL,2003
2026-03-12 16:49:04,4b1bc5,HBKNL,LSZL,LSZL,2004
2026-03-12 16:22:30,4b1bb0,HBKMQ,LSZL,LSZL,3382
2026-03-12 16:10:03,4b3f28,HBXXW,LSZL,LSZL,6589
2026-03-12 15:43:14,4b0d1d,HBEZD,LSZL,LSZR,9763
2026-03-12 15:35:35,4b1bc8,HBKNO,LSZL,LSZL,3802
2026-03-12 15:08:03,4b1bb0,HBKMQ,LSZL,LSZL,2515
2026-03-12 15:00:07,4b7f6a,V614,LSZL,LSZL,1772
2026-03-12 14:57:07,4b7f5e,V635,LSZL,LSZL,1871
2026-03-12 14:52:00,4b7f61,V632,LSZL,LSZL,1832
2026-03-12 14:49:20,500028,T7PCS,LSZL,LSZL,1668
2026-03-12 14:44:14,4b7f67,V618,LSZL,LSZL,2180
2026-03-12 14:21:16,4b1bc8,HBKNO,LSZL,LSML,821
2026-03-12 13:50:40,4b1bc5,HBKNL,LSZL,LILE,2670
2026-03-12 13:48:06,4b442e,HBZVI,LSZL,LSZL,6489
2026-03-12 13:33:25,4b448d,HBZYZ,LSZL,LSZL,615
2026-03-12 13:21:35,4b7f5e,V635,LSZL,LSZL,999
2026-03-12 13:18:14,4b1b07,HBKGD,LSZL,LSZL,3225
2026-03-12 13:14:40,4b3fc5,HBYDX,LSZL,LSZF,7074
2026-03-12 13:13:27,4b32fe,RGAIC,LSZL,LSZL,4634
2026-03-12 12:59:16,4b3300,RGA16,LSZL,LSZL,4895
2026-03-12 12:48:12,4b7f5e,V635,LSZL,LSZL,1337
2026-03-12 12:41:35,4b7f61,V632,LSZL,LSZL,3083
2026-03-12 12:35:11,4b7f67,V618,LSZL,LSZL,2889
2026-03-12 12:31:25,4b7f6a,V614,LSZL,LSZL,2784
2026-03-12 12:12:41,4b442e,HBZVI,LSZL,LSZL,4391
2026-03-12 12:06:10,4b4424,HBZUY,LSZL,LSZL,1321
2026-03-12 11:05:10,4b1bb0,HBKMQ,LSZL,LILE,2488
2026-03-12 10:21:03,500028,T7PCS,LSZL,LSZA,1826
2026-03-12 10:08:38,4b1bc5,HBKNL,LSZL,LSZL,2000
2026-03-12 09:42:31,4b7f6a,V614,LSZL,LSZL,1168
2026-03-12 09:36:36,4b7f5e,V635,LSZL,LSZL,1113
2026-03-12 09:27:40,4b1b07,HBKGD,LSZL,LSZL,2487
2026-03-12 09:18:50,4b7f61,V632,LSZL,LSZL,3173
2026-03-12 09:11:34,4b7f67,V618,LSZL,LSZL,3114
2026-03-12 09:07:30,4b7f6a,V614,LSZL,LSZL,1499
2026-03-12 09:04:04,4b7f5e,V635,LSZL,LSZL,1253
2026-03-12 09:01:33,4b0f49,HBFUN,LSZL,LSZH,2179
2026-03-12 08:34:37,4b1bc5,HBKNL,LSZL,LSZL,2681
2026-03-12 08:14:05,4b443d,HBZVX,LSZL,LSZL,3552
2026-03-12 07:46:10,4b4424,HBZUY,LSZL,LSZL,9255
2026-03-12 07:18:03,4b3f28,HBXXW,LSZL,LSZA,647
2026-03-12 07:08:40,4b7f61,V632,LSZL,LSZL,1561
2026-03-12 06:53:08,4b442e,HBZVI,LSZL,LSZL,15035
2026-03-12 06:30:51,4b4424,HBZUY,LSZL,LSZL,3707
2026-03-12 06:26:44,4b44a1,HBZZT,LSZL,LSZL,1978
2026-03-15 17:26:31,4b1bc9,HBKNP,LSZL,LSZL,1109
2026-03-15 17:18:45,4b1c04,HBKPW,LSZL,LSZA,758
2026-03-15 17:01:01,4b1bc7,HBKNN,LSZL,LSZL,2926
2026-03-15 16:58:09,4b1bc5,HBKNL,LSZL,LSZL,1593
2026-03-15 16:31:10,4b1bc9,HBKNP,LSZL,LSZL,949
2026-03-15 15:47:25,4b1bc9,HBKNP,LSZL,LSZL,1288
2026-03-15 15:35:23,4b3300,RGA16,LSZL,LSZL,1510
2026-03-15 15:21:31,4b1bc5,HBKNL,LSZL,LSZL,1007
2026-03-15 15:19:10,4b1bb0,HBKMQ,LSZL,LSZL,6925
2026-03-15 14:46:25,4b1bc9,HBKNP,LSZL,LSZL,1441
2026-03-15 14:18:24,4b1bc5,HBKNL,LSZL,LSZL,2093
2026-03-15 13:57:21,4b1fa1,HBLZL,LSZL,LIMZ,2690
2026-03-15 13:35:34,4b1bc9,HBKNP,LSZL,LSZL,1968
2026-03-15 13:22:28,4b1bc7,HBKNN,LSZL,LSZA,849
2026-03-15 13:20:07,4b1bb0,HBKMQ,LSZL,LSZL,1637
2026-03-15 11:50:55,4b3f28,HBXXW,LSZL,LSZL,1403
2026-03-15 11:40:51,4b3300,RGA16,LSZL,LSPM,1178
2026-03-15 10:18:07,3d3d28,DEVKI,LSZL,EDBJ,5691
2026-03-15 09:58:26,4b1fa1,HBLZL,LSZL,LSZL,6032
2026-03-15 08:31:10,4b1fa1,HBLZL,LSZL,LSZL,692
2026-03-17 16:51:48,4b1bc7,HBKNN,LSZL,LSZL,1438
2026-03-17 16:29:36,4b1bb5,HBKMV,LSZL,LSZL,1619
2026-03-17 16:16:41,4b1bcc,HBKNS,LSZL,LSZL,1600
2026-03-17 16:13:31,4b1bc8,HBKNO,LSZL,LSZL,1606
2026-03-17 16:05:02,4b1bc7,HBKNN,LSZL,LSZL,1610
2026-03-17 15:49:00,4b1bc9,HBKNP,LSZL,LSZL,1789
2026-03-17 15:31:36,4b1bcc,HBKNS,LSZL,LSZL,910
2026-03-17 15:11:00,4b40f1,HBYPL,LSZL,LSZK,3272
2026-03-17 15:09:25,4b4455,HBZWV,LSZL,LIPU,3669
2026-03-17 15:02:37,4b1bc8,HBKNO,LSZL,LSZL,1836
2026-03-17 14:41:12,4b1bc7,HBKNN,LSZL,LSZL,1394
2026-03-17 14:16:02,505b0e,OMXNX,LSZL,,10595
2026-03-17 13:51:30,4b442e,HBZVI,LSZL,LSML,7360
2026-03-17 13:51:02,4b1bc8,HBKNO,LSZL,LSZL,1903
2026-03-17 13:35:19,4b1bfd,HBKPP,LSZL,LSGL,3512
2026-03-17 13:30:21,4b1bb5,HBKMV,LSZL,,990
2026-03-17 13:17:36,4b1b07,HBKGD,LSZL,LSZL,1950
2026-03-17 13:13:51,4b1bc9,HBKNP,LSZL,LILE,2897
2026-03-17 13:13:00,4b1bc7,HBKNN,LSZL,LSZL,2159
2026-03-17 13:03:34,4b1bcc,HBKNS,LSZL,LSZL,4073
2026-03-17 13:01:09,500028,T7PCS,LSZL,LSZL,1389
2026-03-17 12:49:16,4b1fa1,HBLZL,LSZL,LSZL,4678
2026-03-17 12:36:00,4b32fe,RGAIC,LSZL,LSZL,1718
2026-03-17 12:32:43,4b442e,HBZVI,LSZL,LSZL,3373
2026-03-17 12:22:06,4b44a1,HBZZT,LSZL,LSZL,3680
2026-03-17 12:19:51,4b4424,HBZUY,LSZL,LSZL,803
2026-03-17 12:04:05,4b32fe,RGAIC,LSZL,LSZL,1248
2026-03-17 11:57:16,4b1bc8,HBKNO,LSZL,LSZL,2630
2026-03-17 10:50:34,4b1bc8,HBKNO,LSZL,LSML,1764
2026-03-17 10:22:10,4b44a1,HBZZT,LSZL,LSZL,2406
2026-03-17 10:21:20,4b1b08,HBKGE,LSZL,LSZL,1775
2026-03-17 10:05:10,4b1bcc,HBKNS,LSZL,LSZL,2687
2026-03-17 09:54:50,4b442e,HBZVI,LSZL,LSZL,3800
2026-03-17 09:35:30,4b4424,HBZUY,LSZL,LSZL,1704
2026-03-17 09:30:34,4b448d,HBZYZ,LSZL,LSZL,3289
2026-03-17 09:26:45,4b1e1d,HBLKN,LSZL,LSZR,2346
2026-03-17 09:07:50,4b1bc9,HBKNP,LSZL,,2120
2026-03-17 09:06:04,4b1bc8,HBKNO,LSZL,LSZL,1555
2026-03-17 09:02:18,3ff89b,DMVLQ,LSZL,LFNA,5995
2026-03-17 08:50:03,4b442e,HBZVI,LSZL,LSZL,1814
2026-03-17 08:41:33,4b4424,HBZUY,LSZL,LSZL,1074
2026-03-17 08:40:37,500028,T7PCS,LSZL,LSPM,1387
2026-03-17 08:29:08,4b1fa1,HBLZL,LSZL,LSZL,6869
2026-03-17 08:26:00,4b32fe,RGAIC,LSZL,LSZL,8713
2026-03-17 08:22:27,4b1bc7,HBKNN,LSZL,LIMG,5011
2026-03-17 08:21:52,4b3300,RGAIE,LSZL,LSZL,1585
2026-03-17 08:17:42,4b1bc8,HBKNO,LSZL,LSZL,1350
2026-03-17 08:17:06,4b1b08,HBKGE,LSZL,LSZL,2119
2026-03-17 07:56:15,4b1bc5,HBKNL,LSZL,LIMG,5563
2026-03-17 07:38:51,4b448d,HBZYZ,LSZL,LSZL,766
2026-03-17 06:59:08,4b4387,HBZOX,LSZL,LSZL,3570
2026-03-17 06:57:18,4b4424,HBZUY,LSZL,LSZL,2880
2026-03-17 06:32:19,4b44a1,HBZZT,LSZL,LSZL,3547
2026-03-16 16:09:12,4b1fa1,HBLZL,LSZL,LSZL,2313
2026-03-16 15:29:03,4b4424,HBZUY,LSZL,LSZL,760
2026-03-16 14:13:50,4b1fa1,HBLZL,LSZL,LSZL,4664
2026-03-16 13:54:58,4b0f49,HBFUN,LSZL,LSGG,2511
2026-03-16 13:36:09,4b1bcc,HBKNS,LSZL,LSZL,4633
2026-03-16 13:20:44,4b1bc9,HBKNP,LSZL,LSZL,7489
2026-03-16 13:13:54,4b1bc7,HBKNN,LSZL,LSZL,1473
2026-03-16 12:59:33,4b0da8,HBFEM,LSZL,LSMF,4358
2026-03-16 12:56:01,4b1aa8,HBKCM,LSZL,LSGE,2905
2026-03-16 12:55:07,4b32fe,RGAIC,LSZL,LSZL,862
2026-03-16 12:53:29,511142,ESTWN,LSZL,LSZL,6380
2026-03-16 12:50:32,4b4072,HBYKO,LSZL,LSZL,2444
2026-03-16 12:35:26,4b4424,HBZUY,LSZL,LSZL,7728
2026-03-16 12:03:06,4b4387,HBZOX,LSZL,LSZL,8638
2026-03-16 11:16:40,4b1bc9,HBKNP,LSZL,LSZL,1877
2026-03-16 10:34:09,4b1bb0,HBKMQ,LSZL,LSZL,925
2026-03-16 10:07:56,4b442e,HBZVI,LSZL,LSZL,1375
2026-03-16 10:01:12,4b4387,HBZOX,LSZL,LSZL,1755
2026-03-16 09:36:13,4b448d,HBZYZ,LSZL,LSZL,2413
2026-03-16 09:19:20,4b1bc5,HBKNL,LSZL,LIMG,4653
2026-03-16 08:56:33,4b442e,HBZVI,LSZL,LSZL,3116
2026-03-16 08:51:27,a2721c,N257GG,LSZL,LIRU,6181
2026-03-16 08:40:03,4b32fe,RGAIC,LSZL,LSZL,7851
2026-03-16 08:28:07,4b4387,HBZOX,LSZL,LSZL,2689
2026-03-16 08:27:13,4b1bc9,HBKNP,LSZL,LILE,2453
2026-03-16 08:26:51,4b1bc7,HBKNN,LSZL,LSZL,3486
2026-03-16 06:50:33,4b4424,HBZUY,LSZL,LSZL,969
2026-03-16 06:42:49,4b442e,HBZVI,LSZL,LSPM,1166
2026-03-19 14:59:35,4b0c39,HBEQJ,LSZL,LSMA,3004
2026-03-19 12:44:18,4b079c,HBCWY,LSZL,LSZR,2713
2026-03-19 10:04:16,4b08c3,HBDIH,LSZL,LSPV,3369
2026-03-19 09:22:23,4b1e1d,HBLKN,LSZL,,3293
2026-03-19 08:54:42,4b1bc9,HBKNP,LSZL,LIPB,5193
2026-03-19 08:29:04,4b1bcc,HBKNS,LSZL,LSZB,4222
2026-03-18 16:57:43,4b1bc6,HBKNM,LSZL,LSZL,2152
2026-03-18 16:47:05,4b1bc7,HBKNN,LSZL,LSZL,2072
2026-03-18 16:45:14,4b1bc9,HBKNP,LSZL,LSZL,2034
2026-03-18 16:39:52,4b1bcc,HBKNS,LSZL,LSZL,1702
2026-03-18 16:38:14,4b1bc8,HBKNO,LSZL,LSZL,2756
2026-03-18 15:44:33,500028,T7PCS,LSZL,LSZL,1070
2026-03-18 15:42:15,4b1bcc,HBKNS,LSZL,LSZL,1561
2026-03-18 15:34:09,4b1bc7,HBKNN,LSZL,LSZL,1114
2026-03-18 15:32:44,4b1bb5,HBKMV,LSZL,LSZL,1742
2026-03-18 15:28:37,4b1bfb,HBKPN,LSZL,LSPV,2350
2026-03-18 15:22:30,4b0d1d,HBEZD,LSZL,LSZR,4134
2026-03-18 15:18:44,4b1bc6,HBKNM,LSZL,LSZL,3261
2026-03-18 15:10:52,4b1fa1,HBLZL,LSZL,LSZL,4501
2026-03-18 14:38:02,4b1bb5,HBKMV,LSZL,LSZL,1136
2026-03-18 14:35:37,4b443d,HBZVX,LSZL,LSZL,2138
2026-03-18 14:14:54,4b4437,HBZVR,LSZL,LSZL,1499
2026-03-18 14:03:00,4b1bc8,HBKNO,LSZL,LSZA,800
2026-03-18 13:42:44,4b1bc7,HBKNN,LSZL,LSZL,1251
2026-03-18 13:38:46,4b442e,HBZVI,LSZL,LSZL,3422
2026-03-18 13:30:19,4b1bb5,HBKMV,LSZL,LSZL,1682
2026-03-18 13:26:06,4b1bc9,HBKNP,LSZL,LSZL,7690
2026-03-18 13:06:41,500028,T7PCS,LSZL,LSZL,1153
2026-03-18 13:01:06,4b1b08,HBKGE,LSZL,LSZL,4857
2026-03-18 12:47:06,4b1fa1,HBLZL,LSZL,LSZL,5373
2026-03-18 12:43:23,4b4322,HBZLA,LSZL,LSZL,1450
2026-03-18 10:43:35,4b1bc7,HBKNN,LSZL,LIPL,3382
2026-03-18 10:28:49,4b4424,HBZUY,LSZL,LSZL,2058
2026-03-18 10:16:10,4b4275,HBZEJ,LSZL,LSZL,1518
2026-03-18 10:02:13,4b1b07,HBKGD,LSZL,,1599
2026-03-18 09:52:07,4b1bc8,HBKNO,LSZL,LIME,2772
2026-03-18 09:48:13,4b4424,HBZUY,LSZL,LSZL,1652
2026-03-18 09:41:20,4b44a1,HBZZT,LSZL,LSZL,22619
2026-03-18 09:40:01,4b448d,HBZYZ,LSZL,LSZL,1935
2026-03-18 09:38:34,4b1bc7,HBKNN,LSZL,LSZL,1044
2026-03-18 09:35:05,4b1bc9,HBKNP,LSZL,LSZL,2451
2026-03-18 09:06:36,4b1fa1,HBLZL,LSZL,LSZA,1628
2026-03-18 08:59:33,4b32fe,RGAIC,LSZL,LSZL,1519
2026-03-18 08:50:27,4b1bcc,HBKNS,LSZL,LSZL,5642
2026-03-18 08:37:38,4b1bb5,HBKMV,LSZL,LSZL,7598
2026-03-18 08:28:45,4b4424,HBZUY,LSZL,LSZL,2379
2026-03-18 08:27:08,4b1bc5,HBKNL,LSZL,LIME,2535
2026-03-18 08:24:11,4b1c24,HBKRC,LSZL,EDLZ,4963
2026-03-18 08:17:57,4b44a1,HBZZT,LSZL,LSZL,3595
2026-03-18 08:12:42,4b1bc7,HBKNN,LSZL,LSML,767
2026-03-18 07:52:33,4b1bfa,HBKPM,LSZL,LSZL,5538
2026-03-18 07:13:28,4b4424,HBZUY,LSZL,LSZL,2594
2026-03-18 07:12:14,4b448d,HBZYZ,LSZL,LSZL,2588
2026-03-18 06:36:59,4b443d,HBZVX,LSZL,LSZA,1121
2026-03-21 14:08:30,4b1fa1,HBLZL,LSZL,LSZA,4564
2026-03-21 13:59:31,4b3731,HBUXL,LSZL,LSMA,2819
2026-03-21 11:07:04,4b4455,HBZWV,LSZL,LSGL,2599
2026-03-21 08:36:35,4b1fa1,HBLZL,LSZL,LSZA,6846
2026-03-20 16:34:11,4b1bc6,HBKNM,LSZL,LSPM,1128
2026-03-20 16:29:28,4b1bb5,HBKMV,LSZL,LSPM,1110
2026-03-20 14:32:10,3d1d3d,DEJIB,LSZL,EDSB,3357
2026-03-20 14:03:37,3d840b,DFWGH,LSZL,EDGS,4631
2026-03-20 13:57:23,4b1fa1,HBLZL,LSZL,LSZA,5477
2026-03-23 19:00:31,4b32fe,RGAIC,LSZL,LSZL,775
2026-03-23 16:58:04,3e553c,DIXMA,LSZL,EDTD,1898
2026-03-23 15:13:16,4b32fe,RGAIC,LSZL,LSZL,973
2026-03-23 14:02:11,4b32fe,RGAIC,LSZL,LSZL,2085
2026-03-23 13:27:19,4b1fa1,HBLZL,LSZL,LSZA,4391
2026-03-23 10:52:37,4b1fa1,HBLZL,LSZL,LSZA,6021
2026-03-23 08:55:20,3e1f3b,DIDAH,LSZL,EDTD,1889
2026-03-23 08:33:59,4b1fa1,HBLZL,LSZL,LSZA,4961
2026-03-22 15:51:00,4b1bc6,HBKNM,LSZL,LSZL,1283
2026-03-22 15:45:13,4b1bcc,HBKNS,LSZL,LSZA,2252
2026-03-22 14:10:45,4b3fc5,HBYDX,LSZL,,1413
2026-03-22 13:49:50,4b1fa1,HBLZL,LSZL,LSZL,5947
2026-03-22 13:25:12,4b4db1,HB2314,LSZL,LSZL,1151
2026-03-22 13:08:18,4b1bcc,HBKNS,LSZL,LSZA,2437
2026-03-22 12:05:55,4b1bc6,HBKNM,LSZL,LSZA,7594
2026-03-22 10:37:00,4b1bcc,HBKNS,LSZL,LSZL,958
2026-03-22 08:17:38,4b0f49,HBFUN,LSZL,LEMG,12076
2026-03-25 15:40:31,4b442e,HBZVI,LSZL,LSZL,1788
2026-03-25 15:09:47,4b7fa2,T317,LSZL,LSZL,3308
2026-03-25 14:49:21,4b1fa1,HBLZL,LSZL,LSZL,2109
2026-03-25 14:35:18,4b7fa4,T315,LSZL,LSZL,4327
2026-03-25 14:18:07,440261,SABRE01,LSZL,LSZL,843
2026-03-25 14:09:19,4b448d,HBZYZ,LSZL,LSZL,812
2026-03-25 13:45:51,4b4275,HBZEJ,LSZL,LSZL,3786
2026-03-25 13:43:30,4b3309,RGA06,LSZL,LILN,612
2026-03-25 12:54:00,4b1fa1,HBLZL,LSZL,LSZL,4662
2026-03-25 08:56:39,4b1fa1,HBLZL,LSZL,LSZA,4847
2026-03-25 08:18:18,4b1c24,HBKRC,LSZL,EDMA,3305
2026-03-25 07:25:15,4b44a1,HBZZT,LSZL,LSML,30494
2026-03-24 14:48:02,4b1bc6,HBKNM,LSZL,,1513
2026-03-24 09:37:17,4b4db1,HB2314,LSZL,LILO,630
2026-03-24 08:23:18,4b1fa1,HBLZL,LSZL,EDNY,3397
2026-03-27 15:38:47,4b442e,HBZVI,LSZL,LSPM,2005
2026-03-27 14:22:36,4b3309,RGA06,LSZL,LSZA,2212
2026-03-27 14:16:02,3d5453,DFEEL,LSZL,LIRP,2615
2026-03-27 12:58:18,4b3300,RGAIE,LSZL,LSZG,6986
2026-03-27 12:00:09,4b7fa4,T315,LSZL,LSMA,1707
2026-03-27 09:11:46,4b7f9a,CANDY01,LSZL,LSPG,4461
2026-03-27 08:08:21,4b0f8e,HBFXE,LSZL,LFMD,3642
2026-03-27 05:35:56,4b4275,HBZEJ,LSZL,LSZA,1789
2026-03-26 12:40:49,4b3300,RGAIE,LSZL,LSZL,842
2026-03-26 12:17:16,440261,OEFDI,LSZL,LILR,2193
2026-03-29 13:51:09,3d840b,DFWGH,LSZL,EDLD,5602
2026-03-29 12:39:03,a79c67,N59PV,LSZL,LFLI,2405
2026-03-29 09:55:04,4b3a22,HBWAK,LSZL,LSZL,1204
2026-03-29 09:20:01,4b3a22,HBWAK,LSZL,LSZL,1348
2026-03-29 07:53:30,4b3a22,HBWAK,LSZL,LSZL,801
2026-03-28 14:45:19,4b1fa1,HBLZL,LSZL,LSZL,2306
2026-03-28 14:10:19,4b3309,RGA06,LSZL,LSZA,2018
2026-03-28 13:52:46,4b1bc7,HBKNN,LSZL,LSZL,2867
2026-03-28 13:42:52,4b448d,HBZYZ,LSZL,LSZL,3574
2026-03-28 13:30:02,4b1bb0,HBKMQ,LSZL,LSZL,1730
2026-03-28 13:24:30,4b50c4,HB3101,LSZL,LSZL,3627
2026-03-28 12:44:04,4b3a22,HBWAK,LSZL,LSZL,5424
2026-03-28 12:43:21,4b50c4,HB3101,LSZL,LSZL,794
2026-03-28 12:39:46,4d243f,9HSKW,LSZL,LOWS,2713
2026-03-28 12:24:24,3e1f3b,DIDAH,LSZL,LOWI,2841
2026-03-28 11:50:31,4b3a22,HBWAK,LSZL,LSZL,1046
2026-03-28 11:04:27,a0365a,N11222,LSZL,EDAZ,8276
2026-03-28 11:03:40,4b3a22,HBWAK,LSZL,LSZL,2209
2026-03-28 10:57:22,4b1bb0,HBKMQ,LSZL,LSZL,2481
2026-03-28 10:31:36,4b1bc6,HBKNM,LSZL,LSZL,8726
2026-03-28 10:14:41,4b3f28,HBXXW,LSZL,LSZL,1542
2026-03-28 09:44:41,4b3a22,HBWAK,LSZL,LSZL,2394
2026-03-28 09:33:38,4b1c24,HBKRC,LSZL,LIRS,4047
2026-03-28 09:01:26,4b3a22,HBWAK,LSZL,LSZL,1887
2026-03-28 08:33:30,4b3a22,HBWAK,LSZL,LSZL,776
2026-03-28 08:04:08,4b3f28,HBXXW,LSZL,LSZL,2579
2026-03-28 07:58:28,4b0a14,HBDVG,LSZL,LILC,683
2026-03-28 06:49:25,4b3f28,HBXXW,LSZL,LSZL,3300
2026-03-28 06:32:22,4b4275,HBZEJ,LSZL,LSPM,2024
2026-03-31 14:30:03,4b4275,HBZEJ,LSZL,LSZL,1041
2026-03-31 13:33:09,4b7fa2,T317,LSZL,LSZL,2497
2026-03-31 12:25:16,4b7fa2,T317,LSZL,LSZL,1328
2026-03-31 11:19:51,4b4275,HBZEJ,LSZL,LSZL,5198
2026-03-31 11:04:49,4b442e,HBZVI,LSZL,LSZL,5879
2026-03-31 10:17:03,4b32fe,RGA06,LSZL,LSZA,736
2026-03-31 10:04:35,4d2506,9HHLMG,LSZL,LIMG,2665
2026-03-31 08:20:03,4b4275,HBZEJ,LSZL,LSZL,708
2026-03-31 07:47:33,a2721c,N257GG,LSZL,LIPQ,5358
2026-03-31 07:26:44,4b44a1,HBZZT,LSZL,LSZL,9321
2026-03-31 07:17:47,4b4e3b,HB2452,LSZL,LSZL,912
2026-03-31 07:10:21,3ec647,DKQAX,LSZL,LSZL,1307
2026-03-31 07:01:57,4b4ef0,HB2633,LSZL,,2527
2026-03-31 06:13:24,4b44a1,HBZZT,LSZL,LSZL,1101
2026-03-31 05:35:12,4b4275,HBZEJ,LSZL,LSZL,2550
2026-03-30 19:31:03,4b32fe,RGAIC,LSZL,LSZL,1620
2026-03-30 18:42:34,4b32fe,RGAIC,LSZL,LSZL,1525
2026-03-30 18:13:31,4b7fa2,T317,LSZL,LSZL,3990
2026-03-30 15:40:24,3d840b,DFWGH,LSZL,EDLD,6648
2026-03-30 14:52:52,4b3f28,HBXXW,LSZL,LSZL,1410
2026-03-30 14:48:58,4b32fe,RGAIC,LSZL,LSZL,2662
2026-03-30 14:21:18,3ec647,DKQAX,LSZL,LSZL,5108
2026-03-30 14:03:53,4b1fa1,HBLZL,LSZL,LSZL,1560
2026-03-30 13:48:14,4b3f28,HBXXW,LSZL,LSZL,789
2026-03-30 13:35:04,4b7fa2,T317,LSZL,LSZL,4013
2026-03-30 13:28:35,4b442e,HBZVI,LSZL,LSZL,960
2026-03-30 12:32:08,4b4275,HBZEJ,LSZL,LSZL,1279
2026-03-30 12:30:52,4b7fa2,T317,LSZL,LSZL,695
2026-03-30 12:25:29,4b32fe,RGAIC,LSZL,LSZL,4770
2026-03-30 11:58:41,4b44a1,HBZZT,LSZL,LSML,3086
2026-03-30 11:33:32,4b4322,HBZLA,LSZL,LSZL,2599
2026-03-30 11:07:33,4b1b08,HBKGE,LSZL,LSZL,2736
2026-03-30 10:47:32,4b1b07,HBKGD,LSZL,LSZL,1953
2026-03-30 09:52:44,a3be02,N340HE,LSZL,EDFV,5640
2026-03-30 09:32:52,4b1bc6,HBKNM,LSZL,LSZL,1661
2026-03-30 08:43:33,4b4322,HBZLA,LSZL,LSZL,2717
2026-03-30 08:42:02,4b442e,HBZVI,LSZL,LSZL,13437
2026-03-30 08:24:04,4b1b07,HBKGD,LSZL,LSZL,5393
2026-03-30 07:50:43,4b1bc7,HBKNN,LSZL,LSZL,1847
2026-03-30 07:43:06,4b1bc2,HBKNI,LSZL,LSZL,4631
2026-03-30 07:18:46,4b1fa1,HBLZL,LSZL,LSZL,8232
2026-03-30 07:08:46,4b4275,HBZEJ,LSZL,LSZL,2412
2026-03-30 07:05:51,4b1bc6,HBKNM,LSZL,LSZA,1117
2026-03-30 06:35:05,4b4322,HBZLA,LSZL,LSZL,2952
2026-03-30 05:52:13,4b442e,HBZVI,LSZL,LSPM,612
2026-03-30 05:50:14,4b3f28,HBXXW,LSZL,LSZA,670
2026-03-30 05:36:59,4b443d,HBZVX,LSZL,LSZA,3849
2026-03-30 05:35:04,4b4275,HBZEJ,LSZL,LSZL,4370
2026-04-02 15:44:47,3e1e8f,DICTR,LSZL,EDTD,2001
2026-04-02 14:17:33,4b1bc2,HBKNI,LSZL,LSZL,2750
2026-04-02 14:13:30,4b3f28,HBXXW,LSZL,LSZL,4760
2026-04-02 14:01:11,4b448d,HBZYZ,LSZL,LSZL,2137
2026-04-02 14:00:01,4b442e,HBZVI,LSZL,LSML,4780
2026-04-02 13:20:09,3d68e2,DFLYW,LSZL,EDDN,4430
2026-04-02 12:46:30,4b442e,HBZVI,LSZL,LSZL,1612
2026-04-02 12:32:30,4b1fa1,HBLZL,LSZL,LSZL,6525
2026-04-02 12:23:15,4b3309,RGA06,LSZL,LSPU,769
2026-04-02 12:00:36,4b1c04,HBKPW,LSZL,LSZA,769
2026-04-02 11:27:04,4b4387,HBZOX,LSZL,LSZL,8749
2026-04-02 11:19:12,4b442e,HBZVI,LSZL,LSZL,2260
2026-04-02 10:32:37,4b4455,HBZWV,LSZL,LSGL,2807
2026-04-02 09:59:11,4b1bc6,HBKNM,LSZL,LIMB,1947
2026-04-02 09:47:22,4b4424,HBZUY,LSZL,LSZL,613
2026-04-02 09:23:42,4b4ef0,HB2633,LSZL,LSML,15760
2026-04-02 08:58:17,4b44a1,HBZZT,LSZL,LSZA,1562
2026-04-02 08:30:43,4d243f,9HSKW,LSZL,LOWS,2826
2026-04-02 08:29:27,4b1fa1,HBLZL,LSZL,LSZL,1059
2026-04-02 08:05:15,4b1bc2,HBKNI,LSZL,LIME,2774
2026-04-02 07:48:32,4b4275,HBZEJ,LSZL,LSZA,5755
2026-04-02 07:29:34,4b4322,HBZLA,LSZL,LSZL,2040
2026-04-02 07:25:17,4b4072,HBYKO,LSZL,,1403
2026-04-02 07:04:04,4b3309,RGA06,LSZL,LILB,697
2026-04-02 06:50:05,4b3f28,HBXXW,LSZL,LSZL,10545
2026-04-02 05:44:23,4b44a1,HBZZT,LSZL,LSZL,747
2026-04-02 05:37:56,4b4387,HBZOX,LSZL,LSZL,14102
2026-04-02 05:33:45,4b3f28,HBXXW,LSZL,LSZL,3810
2026-04-01 14:03:49,4b7fa2,T317,LSZL,LSZL,925
2026-04-01 13:44:42,4b1bb6,HBKMW,LSZL,LSZA,814
2026-04-01 13:15:14,4b1fa1,HBLZL,LSZL,LSZL,5700
2026-04-01 12:20:11,4b442e,HBZVI,LSZL,LSML,8498
2026-04-01 11:35:23,4b4424,HBZUY,LSZL,LSPM,932
2026-04-01 11:31:36,4b4275,HBZEJ,LSZL,LSZA,6841
2026-04-01 11:10:33,3ecf45,DKTLL,LSZL,,3291
2026-04-01 09:48:39,4b1fa1,HBLZL,LSZL,LSZL,7597
2026-04-01 09:47:05,4b4437,HBZVR,LSZL,LSZL,1440
2026-04-01 09:37:05,4b3f28,HBXXW,LSZL,LSZL,1973
2026-04-01 08:17:02,4b3f28,HBXXW,LSZL,LSZL,3216
2026-04-01 07:58:00,4b1bb5,HBKMV,LSZL,LSZL,1084
2026-04-01 07:55:33,4b1bc5,HBKNL,LSZL,LSZL,2165
2026-04-01 07:30:36,4b1bc7,HBKNN,LSZL,LSZL,1560
2026-04-01 07:18:21,4b1fa1,HBLZL,LSZL,LSZL,6505
2026-04-01 07:03:13,4b1bb5,HBKMV,LSZL,LSZL,1606
2026-04-01 06:33:55,4b448d,HBZYZ,LSZL,LSZL,2149
2026-04-01 06:10:20,4b443d,HBZVX,LSZL,LSZL,1475
2026-04-01 06:02:54,4b4275,HBZEJ,LSZL,LSZL,12290
2026-04-01 05:49:55,4b3f28,HBXXW,LSZL,LSPM,1564
2026-04-01 05:43:18,4b442e,HBZVI,LSZL,LSPM,2559
2026-04-04 17:12:23,4b1bb5,HBKMV,LSZL,LSZL,1043
2026-04-04 16:37:30,4b1bb5,HBKMV,LSZL,LSZL,1102
2026-04-04 16:19:49,4b3f28,HBXXW,LSZL,LSZL,670
2026-04-04 15:48:44,4b1bc7,HBKNN,LSZL,LSZA,3134
2026-04-04 15:28:25,4b1bc9,HBKNP,LSZL,,3206
2026-04-04 14:45:44,4b0ca8,HBEUQ,LSZL,LSPN,4331
2026-04-04 14:15:07,4b5169,HB3266,LSZL,LSZL,2113
2026-04-04 13:57:44,4b3731,HBUXL,LSZL,LSMM,2834
2026-04-04 13:55:11,3ec647,DKQAX,LSZL,LSZL,2015
2026-04-04 13:45:00,4b3273,HBTCT,LSZL,LSPG,2419
2026-04-04 13:26:00,500028,T7PCS,LSZL,LSZL,2948
2026-04-04 13:08:02,4b1bc7,HBKNN,LSZL,LSZL,1224
2026-04-04 12:50:00,4b3a22,HBWAK,LSZL,LSZL,3581
2026-04-04 12:49:33,4b5169,HB3266,LSZL,LSZL,2245
2026-04-04 12:36:00,4b1fa1,HBLZL,LSZL,LSZL,6689
2026-04-04 12:26:32,4b1bc7,HBKNN,LSZL,LSZL,1247
2026-04-04 12:24:53,4b3a22,HBWAK,LSZL,LSZL,904
2026-04-04 12:06:01,4b2858,HBPHG,LSZL,LSMM,2304
2026-04-04 12:01:40,4b288b,HBPJF,LSZL,LSZL,3460
2026-04-04 11:56:32,4b448d,HBZYZ,LSZL,LSZL,3809
2026-04-04 11:39:48,500028,T7PCS,LSZL,LSZL,2705
2026-04-04 11:37:21,4b3a22,HBWAK,LSZL,LSZL,2108
2026-04-04 10:57:39,4b3a22,HBWAK,LSZL,LSZL,1064
2026-04-04 10:30:17,4b3040,HBSHC,LSZL,LSZR,3703
2026-04-04 10:14:08,4b1bc7,HBKNN,LSZL,LSZL,3349
2026-04-04 09:30:53,4b3a22,HBWAK,LSZL,LSZL,3773
2026-04-04 09:18:18,4b448d,HBZYZ,LSZL,LSZL,1960
2026-04-04 09:13:01,4b3f28,HBXXW,LSZL,LSZL,1617
2026-04-04 09:12:49,a0365a,N11222,LSZL,EDDV,8529
2026-04-04 08:52:00,4b1bb6,HBKMW,LSZL,LSZA,2636
2026-04-04 08:44:27,4b288b,HBPJF,LSZL,LSZL,2876
2026-04-04 08:38:20,aa793a,N774PT,LSZL,LSZA,724
2026-04-04 08:28:18,4b1fa1,HBLZL,LSZL,LSZA,2768
2026-04-04 08:21:39,500028,T7PCS,LSZL,LSZL,2405
2026-04-04 08:13:30,4b3a22,HBWAK,LSZL,LSZL,891
2026-04-04 07:56:20,4b4322,HBZLA,LSZL,LSZL,2392
2026-04-04 07:46:12,4b3a22,HBWAK,LSZL,LSZL,826
2026-04-04 07:35:38,4b448d,HBZYZ,LSZL,LSZL,1041
2026-04-04 07:22:33,4b3a22,HBWAK,LSZL,LSZL,818
2026-04-04 07:17:58,4b1bbc,HBKNC,LSZL,LIPV,6657
2026-04-04 07:14:38,4b1bc6,HBKNM,LSZL,LIPV,6718
2026-04-04 07:13:36,4b1bb0,HBKMQ,LSZL,LIPV,6527
2026-04-04 07:12:03,4b1bc2,HBKNI,LSZL,LIPV,6486
2026-04-04 07:10:35,4b1bc5,HBKNL,LSZL,LIPV,6338
2026-04-04 07:08:45,4b1bb5,HBKMV,LSZL,LIPV,8383
2026-04-04 07:07:40,4b1bc9,HBKNP,LSZL,LIPV,7690
2026-04-04 07:03:21,4b1b07,HBKGD,LSZL,LSZL,3461
2026-04-04 05:56:21,4b3f28,HBXXW,LSZL,LSPM,1086
2026-04-03 15:27:52,4b1bbc,HBKNC,LSZL,LSZA,3054
2026-04-03 14:41:14,4b3a22,HBWAK,LSZL,LSZL,660
2026-04-03 14:24:00,4b442e,HBZVI,LSZL,LSML,749
2026-04-03 13:51:01,4b1bbc,HBKNC,LSZL,LSZL,613
2026-04-03 13:00:30,4b1fa1,HBLZL,LSZL,LSZL,6641
2026-04-03 12:55:26,4b1bbc,HBKNC,LSZL,LSZL,644
2026-04-03 12:27:01,4b1bb5,HBKMV,LSZL,LSZL,3583
2026-04-03 12:13:21,4b4387,HBZOX,LSZL,LSZL,1537
2026-04-03 12:00:59,4b0f49,HBFUN,LSZL,,4310
2026-04-03 11:52:41,4b3a22,HBWAK,LSZL,LSZL,1966
2026-04-03 11:52:10,4b442e,HBZVI,LSZL,LSZL,2254
2026-04-03 11:38:18,4b1e1d,HBLKN,LSZL,EGKB,12437
2026-04-03 11:30:19,4b44a1,HBZZT,LSZL,LSZL,8722
2026-04-03 10:31:30,4b3302,RGA15,LSZL,LSGG,3562
2026-04-03 10:19:09,3ec647,DKQAX,LSZL,LSZL,782
2026-04-03 09:47:23,4b4322,HBZLA,LSZL,LSZL,1223
2026-04-03 09:34:11,4b4387,HBZOX,LSZL,LSZL,1767
2026-04-03 09:17:30,4b44a1,HBZZT,LSZL,LSZL,2961
2026-04-03 09:05:36,4b3a22,HBWAK,LSZL,LSZL,618
2026-04-03 09:02:16,4b442e,HBZVI,LSZL,LSZL,698
2026-04-03 08:46:34,3009a6,IDOBE,LSZL,LIMF,1542
2026-04-03 08:40:40,4b3f28,HBXXW,LSZL,LSZA,1145
2026-04-03 08:34:36,4b3a22,HBWAK,LSZL,LSZL,1234
2026-04-03 08:15:07,4b3309,RGA06,LSZL,LSZL,2265
2026-04-03 08:06:11,4b1bb5,HBKMV,LSZL,LSZL,2383
2026-04-03 08:04:06,4b1bc9,HBKNP,LSZL,LSZL,1958
2026-04-03 08:00:57,4b1fa1,HBLZL,LSZL,LSZL,5716
2026-04-03 07:53:47,4b3a22,HBWAK,LSZL,LSZL,841
2026-04-03 07:28:25,4b1bc7,HBKNN,LSZL,LSZL,7726
2026-04-03 07:02:26,4b4437,HBZVR,LSZL,LSZL,891
2026-04-03 06:39:12,4b1bc9,HBKNP,LSZL,LSZL,1663
2026-04-03 06:32:21,4b1e1d,HBLKN,LSZL,LIRJ,4296
2026-04-03 06:04:54,4b44a1,HBZZT,LSZL,LSZL,9784
2026-04-03 05:54:52,4b4387,HBZOX,LSZL,LSZL,1607
2026-04-03 05:37:04,4b442e,HBZVI,LSZL,LSZL,6469
2026-04-06 15:51:31,4b1bc2,HBKNI,LSZL,LSZL,1241
2026-04-06 15:31:30,4b3309,RGA06,LSZL,LSZL,653
2026-04-06 15:26:27,4b1b07,HBKGD,LSZL,LSZL,1713
2026-04-06 15:03:31,4b1bbc,HBKNC,LSZL,LSZL,2853
2026-04-06 15:02:29,4b1bb0,HBKMQ,LSZL,LSPM,3506
2026-04-06 15:01:08,4b1bc6,HBKNM,LSZL,LSZL,2104
2026-04-06 14:54:40,4b1bc5,HBKNL,LSZL,LSZA,1750
2026-04-06 14:47:49,4b4db1,HB2314,LSZL,LSZL,5105
2026-04-06 14:41:08,3e1e8f,DICTR,LSZL,EDTD,2030
2026-04-06 14:32:22,4b1b97,HBKLR,LSZL,LSZT,3925
2026-04-06 14:17:03,4b1bc9,HBKNP,LSZL,LSZL,1175
2026-04-06 14:00:38,4b50c4,HB3101,LSZL,LSZL,9099
2026-04-06 13:59:10,3d840b,DFWGH,LSZL,EDLD,5706
2026-04-06 13:44:30,4b1bc7,HBKNN,LSZL,LSZL,4164
2026-04-06 13:40:30,4b281e,HBPFA,LSZL,LSZQ,5062
2026-04-06 13:32:08,4b40a1,HBYMJ,LSZL,LSZF,5198
2026-04-06 13:26:42,4b1bc6,HBKNM,LSZL,LSZL,1995
2026-04-06 13:22:32,4b1bbc,HBKNC,LSZL,LSZL,3642
2026-04-06 13:19:12,4b1bb5,HBKMV,LSZL,LSZL,8205
2026-04-06 13:02:11,4b1bc9,HBKNP,LSZL,LSZL,1234
2026-04-06 12:41:32,4b1bc2,HBKNI,LSZL,LSZL,6325
2026-04-06 12:38:33,4b1bc5,HBKNL,LSZL,LSZA,1730
2026-04-06 12:35:33,4b08aa,HBDHI,LSZL,LSZF,3306
2026-04-06 12:32:56,4b079c,HBCWY,LSZL,LSZR,2861
2026-04-06 12:31:07,49d5b7,OKMTT,LSZL,EDFR,6328
2026-04-06 12:17:45,4b1bb0,HBKMQ,LSZL,LSZL,1776
2026-04-06 12:15:51,500227,T736A,LSZL,LSGR,2258
2026-04-06 12:09:44,4b4db1,HB2314,LSZL,LSZL,4814
2026-04-06 12:05:41,4b3fc5,HBYDX,LSZL,LSZF,3797
2026-04-06 11:58:34,4b3a22,HBWAK,LSZL,LSZL,2483
2026-04-06 11:51:38,4b1bc6,HBKNM,LSZL,LSZL,1969
2026-04-06 11:48:37,4b1bb5,HBKMV,LSZL,LSZL,1383
2026-04-06 11:44:06,4b1bc9,HBKNP,LSZL,LSZL,1272
2026-04-06 11:43:50,4b1bbc,HBKNC,LSZL,LSZL,1042
2026-04-06 11:21:34,4b5169,HB3266,LSZL,,5061
2026-04-06 11:06:14,4b4072,HBYKO,LSZL,LSZE,2030
2026-04-06 10:54:37,4b3a22,HBWAK,LSZL,LSZL,3142
2026-04-06 10:11:01,4b1bbc,HBKNC,LSZL,LSZL,2665
2026-04-06 10:04:17,4b1bb0,HBKMQ,LSZL,LSZL,1931
2026-04-06 09:47:03,4b1bc7,HBKNN,LSZL,LSTA,1599
2026-04-06 09:42:35,4b1e15,HBLKF,LSZL,LSZG,2615
2026-04-06 09:32:48,4b4db1,HB2314,LSZL,LSZL,4327
2026-04-06 09:25:18,4b3a22,HBWAK,LSZL,LSZL,3371
2026-04-06 09:03:30,4b1bc5,HBKNL,LSZL,LSZL,1431
2026-04-06 08:59:24,4b1bbc,HBKNC,LSZL,LSZL,2015
2026-04-06 08:51:51,4b3a22,HBWAK,LSZL,LSZL,1267
2026-04-06 08:25:32,4b1fa1,HBLZL,LSZL,LSZA,3697
2026-04-06 07:52:10,4b1bc5,HBKNL,LSZL,LSZL,1324
2026-04-06 07:51:27,4b4db1,HB2314,LSZL,LSZL,2012
2026-04-06 07:33:04,4b1bc2,HBKNI,LSZL,LOWI,6288
2026-04-06 07:03:55,4b1fa1,HBLZL,LSZL,LSZL,2835
2026-04-05 15:12:35,4b1bc9,HBKNP,LSZL,LSZL,1578
2026-04-05 14:38:43,4b1f2f,HBLVB,LSZL,LSZB,2714
2026-04-05 13:53:03,4b0d33,HBEZZ,LSZL,LSZL,4674
2026-04-05 13:50:42,4b3a22,HBWAK,LSZL,LSZL,4131
2026-04-05 13:49:06,4b1bc9,HBKNP,LSZL,LSZL,3051
2026-04-05 12:34:06,4b3309,RGA06,LSZL,LSZA,1050
2026-04-05 12:32:51,4b1b8a,HBKLE,LSZL,LSZG,3589
2026-04-05 12:22:33,4b0a01,HBDUN,LSZL,LSGR,2840
2026-04-05 12:14:10,4b3a22,HBWAK,LSZL,LSZL,1366
2026-04-05 12:13:03,4b5169,HB3266,LSZL,LSZL,13602
2026-04-05 12:08:37,4b288b,HBPJF,LSZL,LSZL,2608
2026-04-05 12:07:32,4b1bc9,HBKNP,LSZL,LSZL,2598
2026-04-05 11:59:30,4b1bc2,HBKNI,LSZL,LSZB,4199
2026-04-05 11:52:31,4b1b4a,HBKIS,LSZL,LSPV,3267
2026-04-05 11:32:28,4b09ed,HBDTT,LSZL,LSZM,3561
2026-04-05 11:29:51,4b1f5e,HBLWW,LSZL,LSZB,1979
2026-04-05 10:13:39,38c59b,FPTUN,LSZL,LSZL,4838
2026-04-05 09:59:37,4b1f2e,HBLVA,LSZL,LSPN,3662
2026-04-05 08:59:13,4b1bc9,HBKNP,LSZL,LSZL,3032
2026-04-05 08:00:01,4b1bb5,HBKMV,LSZL,LIPL,3293
2026-04-05 07:47:19,4b1bc5,HBKNL,LSZL,LFMD,8618
2026-04-05 07:44:58,4b1bc6,HBKNM,LSZL,LFMD,8341
2026-04-05 07:39:39,4b1bc7,HBKNN,LSZL,LFMD,8240
2026-04-05 07:34:29,4b1bb0,HBKMQ,LSZL,LIMG,16161
2026-04-05 07:24:23,4b1bc2,HBKNI,LSZL,LIMJ,4403
2026-04-05 07:21:17,4b1bbc,HBKNC,LSZL,LIPV,7662
2026-04-08 16:31:04,4b1bc5,HBKNL,LSZL,LSZL,974
2026-04-08 16:25:03,4b1bb0,HBKMQ,LSZL,LSZL,1654
2026-04-08 15:45:16,4b1bc7,HBKNN,LSZL,LSZL,4015
2026-04-08 15:44:42,4b4db1,HB2314,LSZL,LSZL,4638
2026-04-08 15:19:03,4b40fe,HBYPY,LSZL,LSZL,1922
2026-04-08 14:38:30,4b07fd,HBDAR,LSZL,LSZA,807
2026-04-08 14:23:08,4b43e5,HBZSN,LSZL,LSZB,2561
2026-04-08 14:19:46,4b1bcc,HBKNS,LSZL,LSZA,1603
2026-04-08 14:18:53,4b443d,HBZVX,LSZL,LSZL,2830
2026-04-08 14:12:47,4b1bc2,HBKNI,LSZL,LSZL,3922
2026-04-08 14:08:03,4b2858,HBPHG,LSZL,LSMA,2664
2026-04-08 13:15:56,4b4322,HBZLA,LSZL,LSZL,3232
2026-04-08 13:11:14,4b1bc2,HBKNI,LSZL,LSZL,675
2026-04-08 13:08:22,4b1bc7,HBKNN,LSZL,LILE,2627
2026-04-08 12:57:30,4b1bcc,HBKNS,LSZL,LSZL,2563
2026-04-08 12:48:38,4b1bc5,HBKNL,LSZL,LSPU,1984
2026-04-08 12:41:30,4b1bbc,HBKNC,LSZL,LSZL,4641
2026-04-08 12:41:02,4b1fa1,HBLZL,LSZL,LSZL,4904
2026-04-08 12:34:34,4b7f61,V632,LSZL,LSZL,2425
2026-04-08 12:22:44,4b40f1,HBYPL,LSZL,LSZK,3152
2026-04-08 12:08:43,4b448d,HBZYZ,LSZL,LSZL,880
2026-04-08 12:08:36,4b1bc6,HBKNM,LSZL,LSZL,2663
2026-04-08 12:06:45,4b1bb0,HBKMQ,LSZL,LSZR,5250
2026-04-08 12:03:37,4b1bc7,HBKNN,LSZL,LSZL,1558
2026-04-08 12:02:01,4b08aa,HBDHI,LSZL,LSZF,3601
2026-04-08 11:45:10,4b293f,HBPQD,LSZL,LSZM,4148
2026-04-08 11:42:00,4b1bc5,HBKNL,LSZL,LSML,806
2026-04-08 11:39:30,4b1bad,HBKMN,LSZL,LSZR,5300
2026-04-08 11:35:38,4b1d21,HBLAV,LSZL,,4187
2026-04-08 11:25:52,4b1bc9,HBKNP,LSZL,LSZL,3670
2026-04-08 11:16:04,4b7f61,V632,LSZL,LSZL,1033
2026-04-08 10:58:01,4b1bbc,HBKNC,LSZL,LSZL,745
2026-04-08 10:12:01,4b1bc2,HBKNI,LSZL,LSPU,2150
2026-04-08 10:07:52,4b4425,HBZUZ,LSZL,LSPU,1340
2026-04-08 09:54:48,4b1af2,HBKFI,LSZL,LSGL,4686
2026-04-08 09:54:00,4b1fa1,HBLZL,LSZL,LSZL,5809
2026-04-08 09:42:14,4b1bcc,HBKNS,LSZL,LSML,2203
2026-04-08 09:36:19,4b1c24,HBKRC,LSZL,EDLN,5374
2026-04-08 09:19:23,4b7f66,V619,LSZL,LSZL,1797
2026-04-08 09:16:10,4b7f61,V632,LSZL,LSZL,1003
2026-04-08 08:58:56,4b4322,HBZLA,LSZL,LSZL,2897
2026-04-08 08:58:45,4b23e1,HBNPH,LSZL,LSZA,640
2026-04-08 08:57:32,4b1bc2,HBKNI,LSZL,LSZL,1689
2026-04-08 08:43:44,4b40fe,HBYPY,LSZL,LSZL,3878
2026-04-08 08:43:10,4b4072,HBYKO,LSZL,,889
2026-04-08 08:42:39,4b7f66,V619,LSZL,LSZL,1160
2026-04-08 08:41:03,4b1bc7,HBKNN,LSZL,,2597
2026-04-08 08:24:33,4b1bc6,HBKNM,LSZL,LSZL,2619
2026-04-08 08:17:02,4b1bc9,HBKNP,LSZL,LSZL,3023
2026-04-08 08:02:19,4b1bc2,HBKNI,LSZL,LSZL,1540
2026-04-08 07:54:41,4b7f66,V619,LSZL,LSZL,1389
2026-04-08 07:44:51,4b7f61,V632,LSZL,LSZL,938
2026-04-08 07:42:35,4b1b07,HBKGD,LSZL,LSZL,6843
2026-04-08 07:33:42,4b1bb0,HBKMQ,LSZL,LSPU,2203
2026-04-08 07:19:07,4b1bbc,HBKNC,LSZL,LSZE,3492
2026-04-08 07:12:37,4b1bc7,HBKNN,LSZL,LSZL,3291
2026-04-08 07:00:07,4b4275,HBZEJ,LSZL,LSZA,738
2026-04-08 06:58:00,4b1bc5,HBKNL,LSZL,LILE,2531
2026-04-08 06:55:27,4b1bcc,HBKNS,LSZL,LSZL,3360
2026-04-08 06:52:15,4b1bc6,HBKNM,LSZL,LSZL,2833
2026-04-08 06:43:07,4b1fa1,HBLZL,LSZL,LSZA,2332
2026-04-08 06:41:42,4b1bc9,HBKNP,LSZL,LSZL,2931
2026-04-08 06:18:18,4b7f61,V632,LSZL,LSZL,1026
2026-04-08 06:09:24,4b4275,HBZEJ,LSZL,LSZL,842
2026-04-08 06:00:07,4b443d,HBZVX,LSZL,LSZA,832
2026-04-08 05:37:05,4b4424,HBZUY,LSZL,LSZL,3254
2026-04-08 05:21:22,4b44a1,HBZZT,LSZL,LSZL,16603
2026-04-07 17:12:03,4b1bc7,HBKNN,LSZL,LSZL,1509
2026-04-07 16:13:15,4b1bcc,HBKNS,LSZL,LSZL,878
2026-04-07 16:07:15,4b1bc7,HBKNN,LSZL,LSZL,1304
2026-04-07 16:06:54,4b4322,HBZLA,LSZL,LSZA,837
2026-04-07 16:05:22,3e1f3b,DIDAH,LSZL,EDTD,1914
2026-04-07 15:34:51,4b1bc2,HBKNI,LSZL,LSZL,1919
2026-04-07 15:21:30,4b40fe,HBYPY,LSZL,LSZL,3412
2026-04-07 15:11:09,4b1bc5,HBKNL,LSZL,LSZL,2688
2026-04-07 15:11:03,4b448d,HBZYZ,LSZL,LSZL,1854
2026-04-07 15:05:02,4b3309,RGA06,LSZL,LSZA,1966
2026-04-07 14:59:09,4b1bb5,HBKMV,LSZL,LSZL,3199
2026-04-07 14:50:40,486790,PHOIJ,LSZL,LSGR,1617
2026-04-07 14:35:45,4b1bb0,HBKMQ,LSZL,LSZL,4213
2026-04-07 14:19:25,500028,T7PCS,LSZL,LSZL,907
2026-04-07 14:15:48,4b442e,HBZVI,LSZL,LSML,3844
2026-04-07 14:06:15,4b1bc7,HBKNN,LSZL,LSZL,2049
2026-04-07 14:03:46,4b448d,HBZYZ,LSZL,LSZL,2260
2026-04-07 13:45:01,4b1bc2,HBKNI,LSZL,LSZL,3290
2026-04-07 13:44:13,4b1bc9,HBKNP,LSZL,LSZL,2684
2026-04-07 13:41:39,4b1bc6,HBKNM,LSZL,LSZL,2249
2026-04-07 13:30:33,4b4db1,HB2314,LSZL,LSZL,6460
2026-04-07 12:20:02,4b1fa1,HBLZL,LSZL,LSZL,6886
2026-04-07 12:04:32,4b1bc2,HBKNI,LSZL,LSZL,1276
2026-04-07 11:56:30,4b2923,HBPPB,LSZL,LSZM,4185
2026-04-07 11:50:09,4b448d,HBZYZ,LSZL,LSZL,2921
2026-04-07 11:43:19,4b1bbc,HBKNC,LSZL,LIME,2769
2026-04-07 11:41:32,3ffc9a,DMCXY,LSZL,EDNH,6032
2026-04-07 11:40:37,4b1bc6,HBKNM,LSZL,LSZL,2403
2026-04-07 11:39:15,4b1bb0,HBKMQ,LSZL,LSZL,1649
2026-04-07 11:38:41,4b4437,HBZVR,LSZL,LSML,5095
2026-04-07 11:38:31,4b442e,HBZVI,LSZL,LSZL,4872
2026-04-07 11:34:14,4b1bc9,HBKNP,LSZL,LSZL,2189
2026-04-07 11:34:07,4b4db1,HB2314,LSZL,LSZL,1068
2026-04-07 11:21:50,4b1bcd,HBKNT,LSZL,LSZP,5374
2026-04-07 10:44:37,4b1fa1,HBLZL,LSZL,LSZL,1516
2026-04-07 10:28:04,4b1bc2,HBKNI,LSZL,LSZL,2785
2026-04-07 09:50:32,4b0e27,PIZ22,LSZL,LICZ,8162
2026-04-07 09:49:29,4b0f49,HBFUN,LSZL,,4505
2026-04-07 08:30:33,4b441d,HBZUR,LSZL,LSPV,3430
2026-04-07 08:23:35,4b448d,HBZYZ,LSZL,LSZL,1551
2026-04-07 08:18:05,4b1bc5,HBKNL,LSZL,LSZL,1426
2026-04-07 08:10:00,4b7f78,T741,LSZL,LSMD,2096
2026-04-07 08:06:00,4b4387,HBZOX,LSZL,LSZA,2108
2026-04-07 07:56:52,4b1fa1,HBLZL,LSZL,LSZA,5437
2026-04-07 07:53:04,3ff89b,DMVLQ,LSZL,LOIH,2266
2026-04-07 07:50:06,4b44a1,HBZZT,LSZL,LSZL,2053
2026-04-07 07:48:37,4b4437,HBZVR,LSZL,LSZA,1048
2026-04-07 07:39:30,4b1bb0,HBKMQ,LSZL,LSZL,1378
2026-04-07 07:37:15,4b3309,RGA06,LSZL,LSPM,723
2026-04-07 07:29:17,4b40fe,HBYPY,LSZL,LSZL,2163
2026-04-07 07:26:28,4b1bc5,HBKNL,LSZL,LSZL,1317
2026-04-07 07:24:19,4b1bc6,HBKNM,LSZL,LSZL,2138
2026-04-07 07:10:42,4b4437,HBZVR,LSZL,LSZL,851
2026-04-07 07:06:14,4b1bc9,HBKNP,LSZL,LSZL,2242
2026-04-07 06:12:39,4b1e1d,HBLKN,LSZL,LSZR,2024
2026-04-07 06:10:23,4b1bfb,HBKPN,LSZL,LSMF,3267
2026-04-07 05:44:56,4b442e,HBZVI,LSZL,LSZL,9404
2026-04-07 05:38:25,4b4387,HBZOX,LSZL,LSZL,3961
2026-04-07 05:33:39,4b3f28,HBXXW,LSZL,LSZA,5086
2026-04-07 05:33:10,4b443d,HBZVX,LSZL,LSZL,2082
2026-04-10 16:35:10,4b1bb5,HBKMV,LSZL,LSZL,1459
2026-04-10 16:12:20,4b1bc2,HBKNI,LSZL,LSML,4681
2026-04-10 15:56:09,4b1bc5,HBKNL,LSZL,LSZA,1361
2026-04-10 15:26:01,4b1bb6,HBKMW,LSZL,LSZA,1793
2026-04-10 15:18:16,4b1bcc,HBKNS,LSZL,LSML,966
2026-04-10 14:51:14,4b1bc5,HBKNL,LSZL,LSZL,1364
2026-04-10 14:38:09,a1e06c,N22UB,LSZL,EGTK,6311
2026-04-10 14:26:57,4b1bc2,HBKNI,LSZL,LSZL,3898
2026-04-10 14:17:31,4b3a22,HBWAK,LSZL,LSZL,1572
2026-04-10 14:09:59,4b50c3,HB3100,LSZL,LSZL,3474
2026-04-10 14:00:02,4b448d,HBZYZ,LSZL,LSZL,2485
2026-04-10 13:35:30,4b1bc5,HBKNL,LSZL,LSZL,1109
2026-04-10 13:08:30,4b1bb0,HBKMQ,LSZL,LSZA,1166
2026-04-10 12:50:25,461852,FSF902A,LSZL,LFPB,6074
2026-04-10 12:27:38,4b1bb5,HBKMV,LSZL,LSZL,9891
2026-04-10 12:21:42,4b3a22,HBWAK,LSZL,LSZL,969
2026-04-10 12:11:07,4b1bbc,HBKNC,LSZL,LSZL,3575
2026-04-10 12:09:50,4b1bb0,HBKMQ,LSZL,LSZL,1068
2026-04-10 12:02:17,4b1fa1,HBLZL,LSZL,LSZL,6156
2026-04-10 11:59:39,4b448d,HBZYZ,LSZL,LSZL,2382
2026-04-10 11:56:58,4b50c4,HB3101,LSZL,LSZL,14646
2026-04-10 11:39:30,4b3a22,HBWAK,LSZL,LSZL,1908
2026-04-10 11:27:08,4b1bc9,HBKNP,LSZL,LSZL,2704
2026-04-10 11:20:14,4b442e,HBZVI,LSZL,LSPM,13956
2026-04-10 11:08:10,4b1bb0,HBKMQ,LSZL,LSZL,1458
2026-04-10 10:00:38,4b1bcc,HBKNS,LSZL,LSZL,8977
2026-04-10 09:58:31,4b1bc5,HBKNL,LSZL,LSZL,5494
2026-04-10 09:41:37,4b3a22,HBWAK,LSZL,LSZL,821
2026-04-10 09:26:05,4b1bbc,HBKNC,LSZL,LSZL,1524
2026-04-10 09:14:00,4b1bb5,HBKMV,LSZL,LSZL,6118
2026-04-10 09:11:13,4b4455,HBZWV,LSZL,LSGL,2941
2026-04-10 09:02:00,4b1bc6,HBKNM,LSZL,LSZL,2533
2026-04-10 08:09:48,4b4387,HBZOX,LSZL,LSZL,755
2026-04-10 08:09:31,4b1bb0,HBKMQ,LSZL,LIPL,2993
2026-04-10 07:54:42,4b1fa1,HBLZL,LSZL,LSZL,6525
2026-04-10 07:53:00,4b1bc9,HBKNP,LSZL,LSZL,3085
2026-04-10 07:47:02,4b1bc6,HBKNM,LSZL,LSZL,2319
2026-04-10 07:44:52,4b448d,HBZYZ,LSZL,LSZL,3197
2026-04-10 07:43:10,4b1bb0,HBKMQ,LSZL,LSZL,696
2026-04-10 07:42:10,4b1b07,HBKGD,LSZL,LSZA,3036
2026-04-10 07:11:36,4b1bcc,HBKNS,LSZL,LIPL,3199
2026-04-10 07:10:20,4b1bbc,HBKNC,LSZL,LSZL,3145
2026-04-10 07:03:55,4b1bc5,HBKNL,LSZL,LIPL,3123
2026-04-10 06:53:00,4b1bb5,HBKMV,LSZL,LSZL,3275
2026-04-10 06:23:10,4b1bc6,HBKNM,LSZL,LSZL,2777
2026-04-10 06:17:18,4b1bc9,HBKNP,LSZL,LSZL,2885
2026-04-10 05:36:05,4b3f28,HBXXW,LSZL,LSZL,3042
2026-04-10 04:59:20,4b442e,HBZVI,LSZL,LSZL,17236
2026-04-09 15:48:51,4b1c67,HBKTR,LSZL,LSZI,3942
2026-04-09 15:34:33,4b1bb0,HBKMQ,LSZL,LSZL,1974
2026-04-09 14:57:41,4b1bcc,HBKNS,LSZL,LSZL,1895
2026-04-09 14:56:50,4b1bbc,HBKNC,LSZL,LSZA,4496
2026-04-09 14:48:38,a6898f,N520GL,LSZL,LSMP,2830
2026-04-09 14:41:46,4b1fa1,HBLZL,LSZL,LSZL,1795
2026-04-09 14:36:16,4b1bb5,HBKMV,LSZL,,2073
2026-04-09 14:21:30,4b43e6,HBZSO,LSZL,LSMP,3003
2026-04-09 14:20:34,4b1bc5,HBKNL,LSZL,LILE,2543
2026-04-09 14:19:46,4b23e7,HBNPN,LSZL,LSZA,3213
2026-04-09 14:18:07,4b1bc9,HBKNP,LSZL,LSZL,2021
2026-04-09 14:09:49,4b1bb0,HBKMQ,LSZL,LSZL,2037
2026-04-09 14:07:01,4b1bc6,HBKNM,LSZL,LSZL,2084
2026-04-09 13:32:01,4b7f61,V632,LSZL,LSZL,996
2026-04-09 12:57:31,4b1bbc,HBKNC,LSZL,LSZL,1279
2026-04-09 12:55:36,4b1bc9,HBKNP,LSZL,LSZL,2528
2026-04-09 12:51:01,4b1bc5,HBKNL,LSZL,LSZL,3395
2026-04-09 12:49:00,4b1bc6,HBKNM,LSZL,LSZL,2009
2026-04-09 12:12:36,4b1bcc,HBKNS,LSZL,LSZL,8853
2026-04-09 12:11:31,4b0618,HBCIA,LSZL,LSPV,4035
2026-04-09 12:02:04,4b1bb5,HBKMV,LSZL,LILE,2706
2026-04-09 11:58:31,4b1bb0,HBKMQ,LSZL,LSML,1003
2026-04-09 11:51:49,4b1bc5,HBKNL,LSZL,LSZL,1681
2026-04-09 11:50:00,4b1bbc,HBKNC,LSZL,LSZL,1271
2026-04-09 11:49:36,500028,T7PCS,LSZL,LSZL,2787
2026-04-09 11:38:05,4b1bc6,HBKNM,LSZL,LSZL,1906
2026-04-09 11:35:53,4b1bc9,HBKNP,LSZL,LSZL,2187
2026-04-09 11:29:00,4b442e,HBZVI,LSZL,LSPM,13717
2026-04-09 10:15:44,4b1bb5,HBKMV,LSZL,LSPM,1595
2026-04-09 09:57:47,4b1fa1,HBLZL,LSZL,LSZL,6459
2026-04-09 09:57:10,4b1bb0,HBKMQ,LSZL,LSML,4211
2026-04-09 09:52:35,4b1bcc,HBKNS,LSZL,LSPM,1488
2026-04-09 09:17:54,4b1bc5,HBKNL,LSZL,LSZL,2065
2026-04-09 09:16:37,4b1bb5,HBKMV,LSZL,LSZL,1462
2026-04-09 08:54:07,4b1bb0,HBKMQ,LSZL,LSZL,1966
2026-04-09 08:49:01,4b1bc9,HBKNP,LSZL,LSZL,2557
2026-04-09 08:46:33,4b1bc6,HBKNM,LSZL,LSZL,2366
2026-04-09 08:26:12,4b1b07,HBKGD,LSZL,LSZL,1720
2026-04-09 08:08:37,4b1bb5,HBKMV,LSZL,LSZL,1462
2026-04-09 08:03:01,4b442e,HBZVI,LSZL,LSZL,6128
2026-04-09 07:44:42,4b1bb0,HBKMQ,LSZL,LSZL,2257
2026-04-09 07:39:48,4b1bc5,HBKNL,LSZL,LSZL,4029
2026-04-09 07:27:30,4b1bc9,HBKNP,LSZL,LSZL,2425
2026-04-09 07:25:45,4b1bc6,HBKNM,LSZL,LSZL,2106
2026-04-09 07:03:50,4b1bcc,HBKNS,LSZL,LSZL,8520
2026-04-09 06:55:24,4b4072,HBYKO,LSZL,LSZF,3569
2026-04-09 06:55:10,4b1fa1,HBLZL,LSZL,LSZA,2665
2026-04-09 06:53:48,4b1bbc,HBKNC,LSZL,LSTA,1716
2026-04-09 06:35:15,4b40fe,HBYPY,LSZL,,703
2026-04-09 06:31:04,4b7f61,V632,LSZL,LSZL,644
2026-04-09 06:14:28,4b1bc9,HBKNP,LSZL,LSZL,2498
2026-04-09 06:12:19,4b1bc6,HBKNM,LSZL,LSZL,2259
2026-04-09 04:31:12,4b43e6,HBZSO,LSZL,LSPM,1381
2026-04-12 16:35:14,4b1bb5,HBKMV,LSZL,LSZL,1524
2026-04-12 15:31:35,4b1bb0,HBKMQ,LSZL,LSZL,2486
2026-04-12 14:38:15,4b1bc2,HBKNI,LSZL,LSZL,1022
2026-04-12 14:08:40,4b1bc2,HBKNI,LSZL,LSZL,1080
2026-04-12 13:26:20,4b1bb5,HBKMV,LSZL,LSZL,1644
2026-04-12 13:24:04,4b1bc7,HBKNN,LSZL,LSZL,2755
2026-04-12 13:06:31,4b1b07,HBKGD,LSZL,LSZL,3604
2026-04-12 13:01:17,4b1bbc,HBKNC,LSZL,LSZL,1477
2026-04-12 12:11:04,4b1bb0,HBKMQ,LSZL,LSZL,2710
2026-04-12 12:01:27,4b1fa1,HBLZL,LSZL,LSZL,5452
2026-04-12 11:32:34,4b1bbc,HBKNC,LSZL,LSZL,625
2026-04-12 10:18:48,4b1bcc,HBKNS,LSZL,LIPL,3469
2026-04-12 10:10:11,4b1bc2,HBKNI,LSZL,LSZL,1876
2026-04-12 09:43:32,4b1bb0,HBKMQ,LSZL,LSZL,2808
2026-04-12 09:35:01,4b23e1,HBNPH,LSZL,LSZA,952
2026-04-12 08:30:10,4b1bc7,HBKNN,LSZL,LSZL,1151
2026-04-12 08:05:21,4b1b07,HBKGD,LSZL,LSZA,1116
2026-04-12 07:55:10,4b1bc6,HBKNM,LSZL,LIPV,8167
2026-04-12 07:50:58,4b1bb0,HBKMQ,LSZL,LSZL,3721
2026-04-12 07:38:41,4b1bc9,HBKNP,LSZL,LIDT,6672
2026-04-12 07:37:43,4b1bb5,HBKMV,LSZL,LIDT,6556
2026-04-12 07:23:15,4b1bc5,HBKNL,LSZL,LSZL,3582
2026-04-12 07:21:19,4b1bc2,HBKNI,LSZL,LSZL,7702
2026-04-12 07:20:42,4b1bcc,HBKNS,LSZL,LIME,3256
2026-04-11 17:08:13,4b3a22,HBWAK,LSZL,LSZL,1494
2026-04-11 16:58:18,4b4db1,HB2314,LSZL,LSZL,1506
2026-04-11 15:58:36,4b1bcc,HBKNS,LSZL,LSML,789
2026-04-11 15:54:39,4b1bc5,HBKNL,LSZL,LSML,3263
2026-04-11 15:40:00,4b448d,HBZYZ,LSZL,LSZL,811
2026-04-11 15:33:33,3d3d28,DEVKI,LSZL,EDBJ,6737
2026-04-11 15:21:37,4b441d,HBZUR,LSZL,LSPV,4193
2026-04-11 15:14:00,4b3a22,HBWAK,LSZL,LSZL,3389
2026-04-11 15:06:01,4b1bb5,HBKMV,LSZL,LSZL,3603
2026-04-11 15:01:08,4b0f49,HBFUN,LSZL,EDDM,2897
2026-04-11 14:06:49,4b1bc5,HBKNL,LSZL,LSZL,1448
2026-04-11 13:44:11,4b1bb0,HBKMQ,LSZL,LILE,2562
2026-04-11 13:42:03,4b1bc7,HBKNN,LSZL,LSZL,7425
2026-04-11 13:39:20,4b3a22,HBWAK,LSZL,LSZL,2055
2026-04-11 13:38:17,4b2fd9,HBSDD,LSZL,LSZF,3226
2026-04-11 13:33:41,3efb92,D6907,LSZL,LSZL,1671
2026-04-11 13:26:33,4b1bb5,HBKMV,LSZL,LSZL,2545
2026-04-11 13:23:53,500028,T7PCS,LSZL,LSZL,2586
2026-04-11 13:22:14,4b4424,HBZUY,LSZL,LSZL,662
2026-04-11 13:02:02,3ecf45,DKTLL,LSZL,LILB,5916
2026-04-11 13:00:33,4b1bc5,HBKNL,LSZL,LSZL,862
2026-04-11 12:57:47,4b09dc,HBDTC,LSZL,LSZM,3005
2026-04-11 12:53:11,4b1fa1,HBLZL,LSZL,LSZL,5828
2026-04-11 12:47:54,3e2dae,DIIMO,LSZL,EDFE,5497
2026-04-11 12:32:35,4b07fd,HBDAR,LSZL,LSZR,3248
2026-04-11 12:32:33,4b1bc2,HBKNI,LSZL,LSZL,4007
2026-04-11 12:23:42,4b1bc7,HBKNN,LSZL,LSZL,1080
2026-04-11 12:20:41,4b1bbc,HBKNC,LSZL,LIPB,4993
2026-04-11 12:14:34,4b3a22,HBWAK,LSZL,LSZL,1495
2026-04-11 11:55:54,4b1bb5,HBKMV,LSZL,LSZL,2462
2026-04-11 11:52:43,4b1b13,HBKGP,LSZL,LSZB,4403
2026-04-11 11:49:44,500028,T7PCS,LSZL,,2155
2026-04-11 11:44:24,4b1bc7,HBKNN,LSZL,LSZL,1565
2026-04-11 10:33:30,4b3a22,HBWAK,LSZL,LSZL,3148
2026-04-11 10:26:38,4b1bb5,HBKMV,LSZL,LSZL,2147
2026-04-11 10:12:45,4b4322,HBZLA,LSZL,LSZL,3966
2026-04-11 10:08:30,4b1bcc,HBKNS,LSZL,LILE,5124
2026-04-11 09:23:14,4b1bbc,HBKNC,LSZL,LSZL,1777
2026-04-11 09:22:21,4b3a22,HBWAK,LSZL,LSZL,2438
2026-04-11 09:13:19,4b1bc7,HBKNN,LSZL,LSZL,2050
2026-04-11 08:54:10,4b40fe,HBYPY,LSZL,LSZF,2207
2026-04-11 08:42:31,4b1bc2,HBKNI,LSZL,LSZL,3984
2026-04-11 08:35:36,4b4275,HBZEJ,LSZL,LSZL,2087
2026-04-11 08:34:20,4b3a22,HBWAK,LSZL,LSZL,2104
2026-04-11 08:33:17,4b1fa1,HBLZL,LSZL,LSZL,4975
2026-04-11 08:14:06,4b1bc7,HBKNN,LSZL,LSZL,1823
2026-04-11 07:45:41,4b1bb0,HBKMQ,LSZL,LILE,2662
2026-04-11 07:44:26,4b1bb5,HBKMV,LSZL,LILE,2695
2026-04-11 07:40:42,4b1bc5,HBKNL,LSZL,LILE,6046
2026-04-11 07:30:10,4b1bbc,HBKNC,LSZL,LSZL,1931
2026-04-11 07:27:27,4b1bc7,HBKNN,LSZL,LSZL,1621
2026-04-11 07:10:27,4b1bc2,HBKNI,LSZL,LSZL,3239
2026-04-11 06:42:38,4b448d,HBZYZ,LSZL,LSZL,2711
2026-04-11 06:19:30,4b4275,HBZEJ,LSZL,LSPM,1203
2026-04-14 16:35:32,4b1bb6,HBKMW,LSZL,LSZA,721
2026-04-14 15:42:01,4b1bc5,HBKNL,LSZL,LSZL,1945
2026-04-14 14:50:09,4b3f28,HBXXW,LSZL,LSZL,869
2026-04-14 14:21:49,4b1bc7,HBKNN,LSZL,LSZL,2816
2026-04-14 14:18:07,4b1bb5,HBKMV,LSZL,LSZL,2161
2026-04-14 14:04:10,500028,T7PCS,LSZL,LSZL,1691
2026-04-14 12:51:32,4b1bcc,HBKNS,LSZL,LSZL,3295
2026-04-14 12:44:03,4b1bb5,HBKMV,LSZL,LSZL,2711
2026-04-14 12:32:07,4b3f28,HBXXW,LSZL,LSZL,2055
2026-04-14 12:12:18,4b1bc5,HBKNL,LSZL,LILE,4952
2026-04-14 12:10:54,500028,T7PCS,LSZL,LSZL,2000
2026-04-14 12:07:23,4b23e1,HBNPH,LSZL,LSZA,1497
2026-04-14 12:06:00,4b1bc7,HBKNN,LSZL,LSZL,953
2026-04-14 11:55:38,4b1bb0,HBKMQ,LSZL,LSZL,2753
2026-04-14 11:42:00,4b1bc2,HBKNI,LSZL,LSZA,1331
2026-04-14 11:32:32,4b4e77,HB2512,LSZL,LSZL,3807
2026-04-14 11:19:37,4b442e,HBZVI,LSZL,LSZL,8648
2026-04-14 10:01:53,4b1bc5,HBKNL,LSZL,LSZL,5007
2026-04-14 09:36:17,4b442e,HBZVI,LSZL,LSZL,961
2026-04-14 09:22:51,4b1bc7,HBKNN,LSZL,LSZL,1988
2026-04-14 08:59:33,4b1bc6,HBKNM,LSZL,LSZL,2270
2026-04-14 08:51:30,4b1bc9,HBKNP,LSZL,LSZL,2891
2026-04-14 08:51:20,4b4424,HBZUY,LSZL,LSZL,3925
2026-04-14 08:51:18,4b7f61,V632,LSZL,LSZL,2507
2026-04-14 08:40:38,4b1bbc,HBKNC,LSZL,LIPL,2869
2026-04-14 08:31:08,4b442e,HBZVI,LSZL,LSZL,1543
2026-04-14 08:09:12,4b4072,HBYKO,LSZL,LSZL,1952
2026-04-14 07:55:18,4b0f49,HBFUN,LSZL,,4596
2026-04-14 07:49:52,4b1bcc,HBKNS,LSZL,LSZL,6813
2026-04-14 07:44:02,4b1bc6,HBKNM,LSZL,LSZL,2503
2026-04-14 07:39:55,4b1bbc,HBKNC,LSZL,LSZL,1473
2026-04-14 07:37:29,4b4072,HBYKO,LSZL,LSZL,1246
2026-04-14 07:31:11,4b1bc9,HBKNP,LSZL,LSZL,2763
2026-04-14 07:25:46,4b1bc2,HBKNI,LSZL,LILE,2695
2026-04-14 07:16:42,4b1bc5,HBKNL,LSZL,LILE,2497
2026-04-14 07:14:37,4b1bb0,HBKMQ,LSZL,LILE,2441
2026-04-14 07:12:23,4b1bb5,HBKMV,LSZL,LILE,2488
2026-04-14 07:03:19,4b1bc7,HBKNN,LSZL,LSZL,2305
2026-04-14 06:11:43,4b1bc9,HBKNP,LSZL,LSZL,2742
2026-04-14 06:09:39,4b1bc6,HBKNM,LSZL,LSZL,3200
2026-04-14 05:36:51,4b4424,HBZUY,LSZL,LSZL,8578
2026-04-14 05:33:55,4b3f28,HBXXW,LSZL,LSZL,12993
2026-04-13 12:15:21,4b1bc6,HBKNM,LSZL,LSZL,1332
2026-04-13 12:15:17,4b1bc9,HBKNP,LSZL,LSZL,928
2026-04-13 11:46:47,4b4275,HBZEJ,LSZL,LSZL,3286
2026-04-16 18:37:39,4b7fa2,T317,LSZL,LSZL,3081
2026-04-16 16:54:01,4b1bc7,HBKNN,LSZL,LSZL,2115
2026-04-16 15:55:02,4b1bbc,HBKNC,LSZL,LSZL,1174
2026-04-16 15:54:03,4b1bcc,HBKNS,LSZL,LSZL,1907
2026-04-16 14:51:29,4b1b78,HBKKM,LSZL,LSZL,2346
2026-04-16 14:44:11,4b3f28,HBXXW,LSZL,LSZL,1717
2026-04-16 14:24:34,4b7f61,V632,LSZL,LSZL,1648
2026-04-16 14:07:33,4b1bcc,HBKNS,LSZL,LSZL,3595
2026-04-16 13:56:31,4b1bc9,HBKNP,LSZL,LSZL,2420
2026-04-16 13:55:54,4b4275,HBZEJ,LSZL,LSZL,743
2026-04-16 13:54:40,4b1bc7,HBKNN,LSZL,LSZL,1789
2026-04-16 13:41:49,4b7fa2,T317,LSZL,LSZL,2673
2026-04-16 13:15:38,4b1bbc,HBKNC,LSZL,LILE,2630
2026-04-16 13:09:40,4b1b07,HBKGD,LSZL,LIPL,3401
2026-04-16 12:58:21,4b3f28,HBXXW,LSZL,LSZL,1822
2026-04-16 12:53:49,a5a99f,N464MW,LSZL,,1040
2026-04-16 12:49:45,4b1bc9,HBKNP,LSZL,LSZL,2579
2026-04-16 12:35:30,4b1bcc,HBKNS,LSZL,LSZL,3594
2026-04-16 12:33:31,4b7f61,V632,LSZL,LSZL,613
2026-04-16 12:30:30,4b1bc7,HBKNN,LSZL,LSZL,1642
2026-04-16 12:11:34,4b28ed,HBPMZ,LSZL,LSZR,2204
2026-04-16 12:01:55,4b4322,HBZLA,LSZL,LSZL,832
2026-04-16 12:00:50,4b1bc2,HBKNI,LSZL,LOWI,5707
2026-04-16 12:00:10,4b2d1f,HBRCH,LSZL,LSZL,2862
2026-04-16 11:52:47,500028,T7PCS,LSZL,LSZL,3135
2026-04-16 11:33:44,4b1bc9,HBKNP,LSZL,LSZL,2670
2026-04-16 11:10:09,4b442e,HBZVI,LSZL,LSZL,12261
2026-04-16 10:45:00,4b1bc7,HBKNN,LSZL,LSZL,1109
2026-04-16 10:27:08,4b4e36,HB2447,LSZL,,10788
2026-04-16 09:23:32,4b443d,HBZVX,LSZL,LSZA,1967
2026-04-16 09:18:31,4b1bc2,HBKNI,LSZL,LSZL,3415
2026-04-16 09:06:53,4b1bc7,HBKNN,LSZL,LSZL,2027
2026-04-16 08:57:44,4b1bc9,HBKNP,LSZL,LSZL,2555
2026-04-16 08:45:17,4b3f28,HBXXW,LSZL,LSZL,2950
2026-04-16 08:32:30,4b442e,HBZVI,LSZL,LSZL,1735
2026-04-16 08:25:28,511142,DMS1,LSZL,LKMT,9410
2026-04-16 08:14:20,4b3fc5,HBYDX,LSZL,LSZF,3457
2026-04-16 08:12:35,4b1bc5,HBKNL,LSZL,LIPV,7805
2026-04-16 08:10:39,4b1bb0,HBKMQ,LSZL,LIPV,8057
2026-04-16 08:06:22,4b7f61,V632,LSZL,LSZL,781
2026-04-16 07:42:57,4b1bc7,HBKNN,LSZL,LSZL,1529
2026-04-16 07:41:01,4b1bc9,HBKNP,LSZL,LSZL,2439
2026-04-16 07:25:24,4b4437,HBZVR,LSZL,LSZL,754
2026-04-16 07:20:55,4b1bc2,HBKNI,LSZL,LSZL,4443
2026-04-16 07:05:30,4b443d,HBZVX,LSZL,LSZL,3048
2026-04-16 07:01:41,4b1bcc,HBKNS,LSZL,LIMF,3408
2026-04-16 06:43:45,4b1bb5,HBKMV,LSZL,LSZL,612
2026-04-16 06:28:37,4b1bc9,HBKNP,LSZL,LSZL,2443
2026-04-16 06:03:20,4b7f61,V632,LSZL,LSZL,1501
2026-04-16 05:56:18,4b443d,HBZVX,LSZL,LSZL,1687
2026-04-16 05:54:14,4b4387,HBZOX,LSZL,LSZA,8498
2026-04-16 05:43:30,4b442e,HBZVI,LSZL,LSZL,6497
2026-04-16 05:35:22,4b4424,HBZUY,LSZL,LSZL,10040
2026-04-16 05:32:58,4b3f28,HBXXW,LSZL,LSZL,9342
2026-04-16 00:40:17,4b3309,RGA06,LSZL,LSME,2619
2026-04-15 19:05:46,4b7fa2,T317,LSZL,LSZL,1514
2026-04-15 16:42:00,4b1bc2,HBKNI,LSZL,LSZL,1941
2026-04-15 15:49:55,4b3cfb,HBXCL,LSZL,,1444
2026-04-15 15:30:04,4b1bbc,HBKNC,LSZL,LSZL,1772
2026-04-15 15:18:46,4b1bc6,HBKNM,LSZL,LSZL,737
2026-04-15 15:17:03,4b1bb5,HBKMV,LSZL,LSZL,1637
2026-04-15 15:03:44,4b1bc7,HBKNN,LSZL,LSZL,2509
2026-04-15 14:38:02,4b1bc2,HBKNI,LSZL,LSZL,1976
2026-04-15 13:48:00,4b1bc7,HBKNN,LSZL,LSZL,1317
2026-04-15 13:43:46,4b442e,HBZVI,LSZL,LSZL,4841
2026-04-15 13:40:00,4b7fa2,T317,LSZL,LSZL,869
2026-04-15 13:31:01,4b1bc6,HBKNM,LSZL,LSZA,1683
2026-04-15 12:57:42,4b442e,HBZVI,LSZL,LSZL,1186
2026-04-15 12:42:26,4b1bc9,HBKNP,LSZL,LSZA,2147
2026-04-15 12:39:10,4b4322,HBZLA,LSZL,LSZL,4761
2026-04-15 12:30:34,4b1b07,HBKGD,LSZL,LSZL,9942
2026-04-15 12:27:31,4b1bc5,HBKNL,LSZL,,3565
2026-04-15 12:24:30,4b1bb5,HBKMV,LSZL,LSZL,3564
2026-04-15 12:22:31,4b1bb0,HBKMQ,LSZL,LIPL,3351
2026-04-15 12:22:00,500028,T7PCS,LSZL,LSZL,1511
2026-04-15 12:17:06,4b1bcc,HBKNS,LSZL,LIMZ,4633
2026-04-15 12:10:22,4b1bbc,HBKNC,LSZL,LIMZ,4484
2026-04-15 12:07:12,4b1bc2,HBKNI,LSZL,LILE,2789
2026-04-15 12:01:16,4b4424,HBZUY,LSZL,LSZL,5682
2026-04-15 09:42:06,4b4072,HBYKO,LSZL,LSZF,3644
2026-04-15 09:34:48,4b3cfb,HBXCL,LSZL,,1442
2026-04-15 09:32:44,4b7f61,V632,LSZL,LSZL,1395
2026-04-15 09:20:06,4b1bc2,HBKNI,LSZL,LSZL,8238
2026-04-15 09:09:33,4b1bc9,HBKNP,LSZL,LSZA,2335
2026-04-15 09:04:24,4b1bb0,HBKMQ,LSZL,LSZL,1741
2026-04-15 09:02:13,4b1bc6,HBKNM,LSZL,LSZA,2143
2026-04-15 09:00:17,4b1bc7,HBKNN,LSZL,LSZL,2469
2026-04-15 08:57:30,4b442e,HBZVI,LSZL,LSZL,2394
2026-04-15 08:33:49,4b4db1,HB2314,LSZL,LSPM,1498
2026-04-15 08:29:20,500028,T7PCS,LSZL,LSML,1348
2026-04-15 07:42:52,4b1b07,HBKGD,LSZL,LSTA,1477
2026-04-15 07:36:29,4b1bc2,HBKNI,LSZL,LSZL,3347
2026-04-15 07:33:09,4b1e1d,HBLKN,LSZL,LSZR,2534
2026-04-15 07:31:10,4b0c84,HBETG,LSZL,LSZT,7570
2026-04-15 07:27:38,4b1bb5,HBKMV,LSZL,LSZL,2284
2026-04-15 07:25:36,4b1bbc,HBKNC,LSZL,LSZL,8059
2026-04-15 07:24:15,4b1bc5,HBKNL,LSZL,LSZL,7830
2026-04-15 06:47:06,4b442e,HBZVI,LSZL,LSZL,5240
2026-04-15 06:30:51,4b1bc6,HBKNM,LSZL,LSZA,1531
2026-04-15 06:21:23,4b1bc9,HBKNP,LSZL,LSZA,2265
2026-04-15 06:09:35,4b3f28,HBXXW,LSZL,LSZA,1614
2026-04-15 06:03:25,4b4387,HBZOX,LSZL,LSZL,13651
2026-04-15 05:33:41,4b4424,HBZUY,LSZL,LSZL,10866
2026-04-18 19:23:43,4b3309,RGA06,LSZL,LSZB,2926
2026-04-18 17:40:11,4b3a22,HBWAK,LSZL,LSZL,1103
2026-04-18 17:18:16,4b3f65,HBYAF,LSZL,LSZF,2755
2026-04-18 16:29:35,4b1bc7,HBKNN,LSZL,LSZL,1541
2026-04-18 16:13:36,4b3a22,HBWAK,LSZL,LSZL,1218
2026-04-18 16:11:11,4b1bc2,HBKNI,LSZL,LSZL,1564
2026-04-18 16:04:02,4b23e0,HBNPG,LSZL,LSGE,3298
2026-04-18 15:37:21,4b1fa1,HBLZL,LSZL,LSZL,1226
2026-04-18 15:08:09,4b3a22,HBWAK,LSZL,LSZL,2420
2026-04-18 14:54:53,4b1bc9,HBKNP,LSZL,LSZL,1750
2026-04-18 14:41:54,3d1d3d,DEJIB,LSZL,EDTB,4152
2026-04-18 14:31:19,4b1b00,HBKFW,LSZL,LSZT,4348
2026-04-18 14:24:47,4b4121,HBYRH,LSZL,LSGR,3289
2026-04-18 14:16:41,4b3a22,HBWAK,LSZL,LSZL,1861
2026-04-18 14:14:19,4b1bb0,HBKMQ,LSZL,LIPL,3152
2026-04-18 14:03:37,4b448d,HBZYZ,LSZL,LSZL,1232
2026-04-18 13:39:00,4b3309,RGA06,LSZL,LSML,647
2026-04-18 13:37:13,4b3fc5,HBYDX,LSZL,LSZL,705
2026-04-18 13:05:30,3d5006,DFCOC,LSZL,EDDS,3098
2026-04-18 12:54:35,4b1b08,HBKGE,LSZL,LSZL,9460
2026-04-18 12:51:44,4b1b07,HBKGD,LSZL,LSZL,1387
2026-04-18 12:41:06,4b3a22,HBWAK,LSZL,LSZL,1670
2026-04-18 12:38:18,4b448d,HBZYZ,LSZL,LSZL,2198
2026-04-18 12:37:31,4b1f5e,HBLWW,LSZL,LSZB,3055
2026-04-18 12:32:34,4b1bc2,HBKNI,LSZL,LILE,3065
2026-04-18 12:17:45,4b1fa1,HBLZL,LSZL,LSZA,4383
2026-04-18 12:10:56,4b1bc7,HBKNN,LSZL,LSZA,1376
2026-04-18 11:59:26,4b1b07,HBKGD,LSZL,LSZL,2102
2026-04-18 11:40:31,4b066f,HBCLJ,LSZL,LSPN,3747
2026-04-18 11:32:30,4b1bb0,HBKMQ,LSZL,LSZL,2849
2026-04-18 11:10:04,4b3fc5,HBYDX,LSZL,LSZE,1594
2026-04-18 11:09:15,4b1d21,HBLAV,LSZL,LIPL,2081
2026-04-18 10:58:02,4b3a22,HBWAK,LSZL,LSZL,4695
2026-04-18 10:54:09,4b28a6,HBPKG,LSZL,LSPL,3917
2026-04-18 10:08:10,4b3a22,HBWAK,LSZL,LSZL,1788
2026-04-18 10:03:47,4b4424,HBZUY,LSZL,LSZL,1488
2026-04-18 09:42:44,4b3a22,HBWAK,LSZL,LSZL,849
2026-04-18 09:25:41,4b1bc2,HBKNI,LSZL,LSZL,3388
2026-04-18 09:13:51,4b3a22,HBWAK,LSZL,LSZL,844
2026-04-18 08:29:07,4b3a22,HBWAK,LSZL,LSZL,1896
2026-04-18 08:20:51,4b1bb0,HBKMQ,LSZL,LSZL,6181
2026-04-18 08:17:35,4b3309,RGA06,LSZL,LSZA,818
2026-04-18 08:02:53,4b1bc2,HBKNI,LSZL,LSZL,1249
2026-04-18 08:01:34,4b448d,HBZYZ,LSZL,LSTA,1779
2026-04-18 07:59:13,4b1bb5,HBKMV,LSZL,LSZR,6490
2026-04-18 07:58:37,4b1bc5,HBKNL,LSZL,LSZL,4224
2026-04-18 07:43:28,4b1bbc,HBKNC,LSZL,LIPV,7553
2026-04-18 07:29:23,4b1bc2,HBKNI,LSZL,LSZL,813
2026-04-18 07:18:50,4b1bcc,HBKNS,LSZL,LILE,2610
2026-04-18 07:04:05,4b4424,HBZUY,LSZL,LSPM,1232
2026-04-18 06:53:03,4b1b07,HBKGD,LSZL,LSZA,4815
2026-04-18 06:07:19,4b4424,HBZUY,LSZL,LSZL,1480
2026-04-18 05:31:40,4b4275,HBZEJ,LSZL,LSZL,4472
2026-04-17 17:06:15,4b1bbc,HBKNC,LSZL,LSZL,1701
2026-04-17 16:16:55,4b1bc2,HBKNI,LSZL,LSZL,2230
2026-04-17 16:09:50,4b3a22,HBWAK,LSZL,LSZL,1758
2026-04-17 14:43:00,500028,T7PCS,LSZL,LSML,1422
2026-04-17 14:40:48,4b3a22,HBWAK,LSZL,LSZL,1985
2026-04-17 14:39:48,4b1bc7,HBKNN,LSZL,LSZL,3529
2026-04-17 14:39:11,4b1e1d,HBLKN,LSZL,LSZR,2199
2026-04-17 14:38:25,4b50c4,HB3101,LSZL,LSZL,5390
2026-04-17 14:07:38,4b1bcc,HBKNS,LSZL,LIME,3140
2026-04-17 13:42:56,4b1bc7,HBKNN,LSZL,LSZL,1113
2026-04-17 13:42:37,500028,T7PCS,LSZL,LSML,1019
2026-04-17 13:37:33,4b4424,HBZUY,LSZL,LSZL,8690
2026-04-17 13:33:20,4b1bb0,HBKMQ,LSZL,LSZL,3277
2026-04-17 13:32:50,4b7fdc,T337,LSZL,LSMD,5129
2026-04-17 13:31:40,4b2811,HBPEN,LSZL,LSZB,3503
2026-04-17 13:27:39,4b1fa1,HBLZL,LSZL,LSZL,6511
2026-04-17 13:05:11,4b4424,HBZUY,LSZL,LSZL,840
2026-04-17 12:51:35,4b1b1a,HBKGW,LSZL,LSZR,11573
2026-04-17 12:28:15,4b1bb0,HBKMQ,LSZL,LSML,760
2026-04-17 12:26:04,4b1bc2,HBKNI,LSZL,LSZB,4222
2026-04-17 12:09:43,4b1bc7,HBKNN,LSZL,LSZL,3444
2026-04-17 11:58:10,4b1bc5,HBKNL,LSZL,LSZR,4409
2026-04-17 11:39:39,4b1baf,HBKMP,LSZL,LSZB,4153
2026-04-17 11:37:22,4b1bcc,HBKNS,LSZL,LSZL,3059
2026-04-17 11:24:45,4b1bc2,HBKNI,LSZL,LSZL,1422
2026-04-17 11:04:42,4b442e,HBZVI,LSZL,LSML,15400
2026-04-17 10:53:12,4b1bbc,HBKNC,LSZL,LSZR,4440
2026-04-17 10:33:09,4b1c5c,HBKTG,LSZL,LSGL,3043
2026-04-17 10:00:41,4b1fa1,HBLZL,LSZL,LSZL,6467
2026-04-17 09:12:19,500028,T7PCS,LSZL,LSZL,2775
2026-04-17 09:01:08,4b7fa2,T317,LSZL,LSMA,1389
2026-04-17 08:53:18,4b1bb0,HBKMQ,LSZL,LSZL,10028
2026-04-17 08:38:49,4b4072,HBYKO,LSZL,LSZF,3699
2026-04-17 08:11:53,4b1bc7,HBKNN,LSZL,LSZL,1676
2026-04-17 07:52:25,4b443d,HBZVX,LSZL,LSZL,938
2026-04-17 07:44:48,4b1bb0,HBKMQ,LSZL,LSZL,2006
2026-04-17 07:43:55,4b1bcc,HBKNS,LSZL,LSZL,1608
2026-04-17 07:33:05,4b1fa1,HBLZL,LSZL,LSZL,6795
2026-04-17 07:15:20,4b1bbc,HBKNC,LSZL,LSZL,9489
2026-04-17 07:13:49,4b1bc5,HBKNL,LSZL,LIME,3081
2026-04-17 07:11:36,4b7f61,V632,LSZL,LSZL,3591
2026-04-17 07:01:13,4b1c24,HBKRC,LSZL,LIMB,1115
2026-04-17 06:56:53,4b1bc2,HBKNI,LSZL,LILE,2420
2026-04-17 06:52:49,4b40fe,HBYPY,LSZL,LSZL,683
2026-04-17 06:46:43,4b7f66,V619,LSZL,LSPU,847
2026-04-17 06:37:00,4b7f61,V632,LSZL,LSZL,1439
2026-04-17 05:55:22,4b443d,HBZVX,LSZL,LSZL,2659
2026-04-17 05:31:33,4b4424,HBZUY,LSZL,LSPM,2526
2026-04-20 17:00:04,4b1bc5,HBKNL,LSZL,LSZL,1332
2026-04-20 16:19:49,3e553c,DIXMA,LSZL,EDTD,2010
2026-04-20 16:09:22,4b40fe,HBYPY,LSZL,LSZL,2277
2026-04-20 15:08:15,4b1bc5,HBKNL,LSZL,LSZL,2458
2026-04-20 14:44:03,4b1bb0,HBKMQ,LSZL,LSZL,2652
2026-04-20 14:07:40,4b1bb5,HBKMV,LSZL,LSZL,1074
2026-04-20 13:53:51,4b0fda,HBGAC,LSZL,LSZF,3156
2026-04-20 13:51:14,4b3f28,HBXXW,LSZL,LSZL,662
2026-04-20 13:34:18,4b1bc6,HBKNM,LSZL,LILE,2839
2026-04-20 13:17:52,440261,SABRE1,LSZL,LSZL,3424
2026-04-20 13:12:22,4b4424,HBZUY,LSZL,LSZL,901
2026-04-20 13:09:24,4b1b08,HBKGE,LSZL,LSZB,4255
2026-04-20 12:54:12,500028,T7PCS,LSZL,LSZL,1001
2026-04-20 12:51:32,4b1fa1,HBLZL,LSZL,LSZL,1739
2026-04-20 12:44:00,4b1bc5,HBKNL,LSZL,LSZL,2727
2026-04-20 12:28:06,4b1bc7,HBKNN,LSZL,LSZA,1097
2026-04-20 12:23:11,4b07fd,HBDAR,LSZL,LSZR,3457
2026-04-20 12:12:40,500028,T7PCS,LSZL,LSZL,1249
2026-04-20 12:10:00,4b1bb5,HBKMV,LSZL,LSZL,3552
2026-04-20 12:06:12,440261,SABRE1,LSZL,LSZL,702
2026-04-20 12:04:33,4b1bc6,HBKNM,LSZL,LSZL,3368
2026-04-20 12:01:03,4b1bbc,HBKNC,LSZL,LSZB,4190
2026-04-20 11:21:19,440261,SABRE1,LSZL,LSZL,2062
2026-04-20 11:16:43,4b442e,HBZVI,LSZL,LSZA,1095
2026-04-20 11:02:01,4b1bc6,HBKNM,LSZL,LSML,785
2026-04-20 10:28:47,4b1bb5,HBKMV,LSZL,LSML,879
2026-04-20 10:13:46,4b1bbc,HBKNC,LSZL,LSML,790
2026-04-20 09:51:40,4b1bc7,HBKNN,LSZL,LSZL,5260
2026-04-20 09:44:31,4b1bc6,HBKNM,LSZL,LSZL,2308
2026-04-20 09:26:36,4b4dcb,HB2340,LSZL,LSML,1639
2026-04-20 09:22:56,4b1bb0,HBKMQ,LSZL,LSZL,2097
2026-04-20 09:14:20,4b442e,HBZVI,LSZL,LSZL,1659
2026-04-20 08:58:39,4b443d,HBZVX,LSZL,LSZL,3954
2026-04-20 08:53:46,4b1bb6,HBKMW,LSZL,LSZA,1514
2026-04-20 08:42:12,4b1bc5,HBKNL,LSZL,LILE,2575
2026-04-20 08:37:52,a2721c,N257GG,LSZL,,682
2026-04-20 08:06:09,4b442e,HBZVI,LSZL,LSZL,2401
2026-04-20 08:02:51,4b4322,HBZLA,LSZL,LSZL,865
2026-04-20 07:55:08,4b1bc7,HBKNN,LSZL,LSZL,2491
2026-04-20 07:47:10,4b1bc6,HBKNM,LSZL,LSZL,1349
2026-04-20 07:34:18,4b1fa1,HBLZL,LSZL,LSZL,7301
2026-04-20 07:20:06,4b0f49,HBFUN,LSZL,,4341
2026-04-20 07:19:40,4b4424,HBZUY,LSZL,LSZL,2536
2026-04-20 07:18:39,4b1bcc,HBKNS,LSZL,LSPU,22256
2026-04-20 07:16:10,4b1bbc,HBKNC,LSZL,LSZL,6316
2026-04-20 07:09:25,4b4437,HBZVR,LSZL,LSZL,2660
2026-04-20 07:03:08,4b1bb5,HBKMV,LSZL,LSZL,9691
2026-04-20 06:21:13,4b443d,HBZVX,LSZL,LSZL,3046
2026-04-20 05:36:15,4b4275,HBZEJ,LSZL,LSZL,786
2026-04-20 05:14:45,4b442e,HBZVI,LSZL,LSZL,9071
2026-04-19 16:56:48,4b1bc5,HBKNL,LSZL,LSZL,1977
2026-04-19 16:54:38,4b1bb5,HBKMV,LSZL,LSZL,1526
2026-04-19 16:11:49,4b1bc2,HBKNI,LSZL,LSZL,2892
2026-04-19 15:42:31,4b1bc6,HBKNM,LSZL,LSZL,2715
2026-04-19 15:15:07,4b1bc5,HBKNL,LSZL,LSZL,2018
2026-04-19 15:08:46,4b1bc9,HBKNP,LSZL,LSZL,3664
2026-04-19 15:06:10,4b1bb0,HBKMQ,LSZL,LSZL,1887
2026-04-19 14:37:12,4b1bbc,HBKNC,LSZL,LSZL,3783
2026-04-19 14:17:38,4b40fe,HBYPY,LSZL,LSZL,3695
2026-04-19 14:09:31,4b1bb0,HBKMQ,LSZL,LSZL,1725
2026-04-19 13:46:32,4b1bc2,HBKNI,LSZL,LSZL,3776
2026-04-19 13:41:01,4b1bc5,HBKNL,LSZL,LSZL,1732
2026-04-19 13:18:39,4b1bc6,HBKNM,LSZL,LSZL,3517
2026-04-19 13:11:00,4b1bbc,HBKNC,LSZL,LSZL,1839
2026-04-19 12:55:00,4b1bb0,HBKMQ,LSZL,LSZL,2844
2026-04-19 12:53:08,4b1bc9,HBKNP,LSZL,LSZL,3049
2026-04-19 12:10:13,4b1bc6,HBKNM,LSZL,LSZL,1842
2026-04-19 12:08:38,4b1bb0,HBKMQ,LSZL,LSZL,818
2026-04-19 11:25:35,a91672,N685GT,LSZL,EGKB,12565
2026-04-19 11:01:00,4b1bc9,HBKNP,LSZL,LSZL,3383
2026-04-19 10:40:00,4b1bc7,HBKNN,LSZL,LSZL,3768
2026-04-19 10:22:00,4b1bc6,HBKNM,LSZL,LSZL,1577
2026-04-19 10:17:13,4b1bc2,HBKNI,LSZL,LSPM,602
2026-04-19 10:15:10,4b1bc5,HBKNL,LSZL,LSZL,1359
2026-04-19 09:45:32,4b1bc9,HBKNP,LSZL,LSZL,653
2026-04-19 09:19:35,4b1bc9,HBKNP,LSZL,LSZL,678
2026-04-19 09:13:04,4b1bb0,HBKMQ,LSZL,LSZL,2545
2026-04-19 09:00:13,4b1bc7,HBKNN,LSZL,LSZL,1619
2026-04-19 07:52:21,4b1bc6,HBKNM,LSZL,LSZL,1898
2026-04-19 07:41:40,4b1bbc,HBKNC,LSZL,LILE,9193
2026-04-19 07:32:18,4b1bcc,HBKNS,LSZL,LIMG,5891
2026-04-19 07:29:47,4b1bc9,HBKNP,LSZL,LSZA,1320
2026-04-19 07:24:33,4b1b07,HBKGD,LSZL,LSZA,4519
2026-04-19 07:02:55,4b1bb0,HBKMQ,LSZL,LSZL,4564
2026-04-22 16:43:12,4b1bb0,HBKMQ,LSZL,LSZL,1416
2026-04-22 14:39:28,4b4e50,HB2473,LSZL,LSZL,3024
2026-04-22 14:30:17,38bf9b,FCUBA,LSZL,LSZL,3563
2026-04-22 14:28:48,4b442e,HBZVI,LSZL,LSML,3001
2026-04-22 14:09:37,440261,SABRE1,LSZL,LSZL,1042
2026-04-22 14:06:17,4b1bc6,HBKNM,LSZL,LSZL,3863
2026-04-22 13:46:01,440261,SABRE1,LSZL,LSZL,808
2026-04-22 13:21:09,4b1bc2,HBKNI,LSZL,LIME,3469
2026-04-22 13:04:52,4b1fa1,HBLZL,LSZL,LSZL,6072
2026-04-22 12:58:07,4b1bb0,HBKMQ,LSZL,LSZL,1769
2026-04-22 12:28:56,440261,SABRE1,LSZL,LSZL,2272
2026-04-22 12:27:09,4b1bbc,HBKNC,LSZL,LSGP,6269
2026-04-22 12:08:02,4b443d,HBZVX,LSZL,LSZL,3899
2026-04-22 11:48:09,4b1bc6,HBKNM,LSZL,LSZL,5147
2026-04-22 11:46:03,4b1bb0,HBKMQ,LSZL,LSZL,2629
2026-04-22 11:16:21,440261,SABRE1,LSZL,LSZL,2297
2026-04-22 11:13:02,4b442e,HBZVI,LSZL,LSZL,8187
2026-04-22 09:41:05,4b1bc9,HBKNP,LSZL,LIDP,9140
2026-04-22 09:40:34,4b1bc7,HBKNN,LSZL,LIDP,9115
2026-04-22 09:17:49,4b1c6c,HBKTW,LSZL,LSZA,2162
2026-04-22 08:58:30,4b443d,HBZVX,LSZL,LSZL,1425
2026-04-22 08:51:31,4b1bb0,HBKMQ,LSZL,LSZL,3413
2026-04-22 08:39:54,440261,SABRE1,LSZL,LSZL,1288
2026-04-22 07:59:16,4b1fa1,HBLZL,LSZL,LSZA,3215
2026-04-22 06:36:28,4b1c24,HBKRC,LSZL,ELLX,3674
2026-04-21 16:32:16,4b1bcc,HBKNS,LSZL,LSZL,885
2026-04-21 15:06:55,4b1f2e,HBLVA,LSZL,LSPN,2535
2026-04-21 14:44:30,4b06f4,HBCQM,LSZL,LSPV,4031
2026-04-21 14:36:13,4b1bcc,HBKNS,LSZL,LSZL,2056
2026-04-21 14:14:12,4b1bbc,HBKNC,LSZL,LSZL,1006
2026-04-21 13:53:20,500028,T7PCS,LSZL,LSPV,2666
2026-04-21 13:33:20,4b1bbc,HBKNC,LSZL,LSZL,1762
2026-04-21 13:10:31,4b1fa1,HBLZL,LSZL,LSZL,5199
2026-04-21 13:01:50,440261,OEFDI,LSZL,LSZL,2523
2026-04-21 13:01:33,4b4322,HBZLA,LSZL,LSZL,2990
2026-04-21 13:01:20,4b3f28,HBXXW,LSZL,LSZL,2120
2026-04-21 12:55:00,4b7fd9,T340,LSZL,LSMA,6755
2026-04-21 12:48:13,4b1bc9,HBKNP,LSZL,LIPL,3613
2026-04-21 12:10:03,4b1bc6,HBKNM,LSZL,LSZL,3403
2026-04-21 11:59:16,4b1bcc,HBKNS,LSZL,LSZL,4211
2026-04-21 11:53:16,4b1bc5,HBKNL,LSZL,LSPU,1392
2026-04-21 11:51:51,4b1bbc,HBKNC,LSZL,LSZL,2870
2026-04-21 11:45:02,3d5006,DFCOC,LSZL,EDDS,3214
2026-04-21 11:40:01,4b40f1,HBYPL,LSZL,LSZK,3111
2026-04-21 11:30:53,4b3f28,HBXXW,LSZL,LSZL,2353
2026-04-21 11:25:38,4b442e,HBZVI,LSZL,LSZL,12741
2026-04-21 11:17:31,440261,SABRE1,LSZL,LSZL,3844
2026-04-21 11:14:20,4b4387,HBZOX,LSZL,LSZA,10555
2026-04-21 09:44:20,4b4275,HBZEJ,LSZL,LSZL,1102
2026-04-21 09:41:40,4b1bc9,HBKNP,LSZL,LSPU,1609
2026-04-21 09:15:13,4b1fa1,HBLZL,LSZL,LSZL,2462
2026-04-21 08:48:30,4b1bbc,HBKNC,LSZL,LIPL,3689
2026-04-21 08:35:20,500028,T7PCS,LSZL,LSPU,846
2026-04-21 08:27:39,4b1b08,HBKGE,LSZL,LSZL,14714
2026-04-21 08:26:21,4b1bc7,HBKNN,LSZL,LSZL,4976
2026-04-21 08:03:30,440261,SABRE1,LSZL,LSZL,2759
2026-04-21 07:57:22,4b1bc5,HBKNL,LSZL,LSZL,1017
2026-04-21 07:52:04,4b0f50,HUE12H,LSZL,LFMD,3248
2026-04-21 07:41:51,4b1bb0,HBKMQ,LSZL,LSZR,4911
2026-04-21 07:38:53,4b1bc6,HBKNM,LSZL,LSZL,3229
2026-04-21 07:28:09,4b1bc9,HBKNP,LSZL,LSZL,5012
2026-04-21 07:17:04,4b1bcc,HBKNS,LSZL,LSPU,1775
2026-04-21 07:15:59,4b1bc5,HBKNL,LSZL,LSZL,1500
2026-04-21 07:14:13,4b4322,HBZLA,LSZL,,1678
2026-04-21 07:06:35,4b3f28,HBXXW,LSZL,LSZL,1074
2026-04-21 07:06:19,4b1bbc,HBKNC,LSZL,LSZL,2209
2026-04-21 06:46:07,4b442e,HBZVI,LSZL,LSZL,6945
2026-04-21 06:21:05,440261,SABRE1,LSZL,LSZL,3679
2026-04-21 05:55:36,4b4275,HBZEJ,LSZL,LSZL,840
2026-04-21 05:31:48,4b3f28,HBXXW,LSZL,LSZL,4660
2026-04-21 05:11:37,4b442e,HBZVI,LSZL,LSZL,2831
2026-04-24 16:41:24,4b3a22,HBWAK,LSZL,LSZL,1979
2026-04-24 16:40:59,4b5169,HB3266,LSZL,LSZL,2610
2026-04-24 15:39:40,4b1bbc,HBKNC,LSZL,LSZL,1592
2026-04-24 15:31:32,4b1bc5,HBKNL,LSZL,LSZL,1555
2026-04-24 15:26:12,4b3a22,HBWAK,LSZL,LSZL,3492
2026-04-24 15:02:45,4b448d,HBZYZ,LSZL,LSZL,2142
2026-04-24 14:50:41,500028,T7PCS,LSZL,LSZL,1139
2026-04-24 14:15:00,4b1bae,HBKMO,LSZL,LSZB,3051
2026-04-24 14:13:00,4b1bc6,HBKNM,LSZL,LSPV,4526
2026-04-24 14:04:15,4b1bc5,HBKNL,LSZL,LSZL,651
2026-04-24 13:42:06,4b3f28,HBXXW,LSZL,LSZL,3317
2026-04-24 13:29:10,4b448d,HBZYZ,LSZL,LSZL,2166
2026-04-24 13:27:47,4b4275,HBZEJ,LSZL,LSZL,1385
2026-04-24 13:25:14,4b1bcc,HBKNS,LSZL,,1106
2026-04-24 13:00:37,3d22ef,DELMD,LSZL,LOIH,3898
2026-04-24 12:45:26,4b4322,HBZLA,LSZL,LSZL,902
2026-04-24 12:42:02,4b1fa1,HBLZL,LSZL,LSZL,4118
2026-04-24 12:41:12,4b1b08,HBKGE,LSZL,LSZL,4676
2026-04-24 12:21:32,4b3f28,HBXXW,LSZL,LSZL,2860
2026-04-24 12:04:05,4b1bbc,HBKNC,LSZL,LSZL,10152
2026-04-24 12:03:09,4b1bc2,HBKNI,LSZL,LSZL,1887
2026-04-24 11:50:46,4b1bc5,HBKNL,LSZL,LSZL,4602
2026-04-24 11:45:18,4b1c6c,HBKTW,LSZL,LSZA,791
2026-04-24 11:42:24,4b1f9d,HBLZH,LSZL,LSZB,3036
2026-04-24 11:36:18,4b442e,HBZVI,LSZL,LSZL,7638
2026-04-24 11:27:03,4b3f28,HBXXW,LSZL,LSZL,2271
2026-04-24 11:13:47,4b0ca8,HBEUQ,LSZL,LSPN,3344
2026-04-24 10:07:04,4b1bcc,HBKNS,LSZL,LSML,785
2026-04-24 10:00:55,4b1bbc,HBKNC,LSZL,LSZL,5133
2026-04-24 09:46:31,4b40c6,HBYNU,LSZL,LSGR,4222
2026-04-24 09:21:04,4b3f28,HBXXW,LSZL,LSZL,1465
2026-04-24 08:51:42,4b1bcc,HBKNS,LSZL,LSZL,1434
2026-04-24 08:48:31,440261,SABRE1,LSZL,LSZL,1196
2026-04-24 08:39:20,4b442e,HBZVI,LSZL,LSZL,4890
2026-04-24 07:33:08,440261,SABRE1,LSZL,LSZL,1479
2026-04-24 07:27:50,4b1b08,HBKGE,LSZL,LSZA,618
2026-04-24 07:18:36,4b1bbc,HBKNC,LSZL,LSZL,5453
2026-04-24 07:17:41,4b1fa1,HBLZL,LSZL,LSZL,3436
2026-04-24 07:14:37,4b1bcc,HBKNS,LSZL,LSZL,2230
2026-04-24 07:04:13,4b1bc6,HBKNM,LSZL,LIPL,3424
2026-04-24 07:02:35,4b1bc5,HBKNL,LSZL,LSZL,3680
2026-04-24 06:58:35,4b4322,HBZLA,LSZL,LSZL,2381
2026-04-24 06:57:43,4b1bc2,HBKNI,LSZL,LSZR,5189
2026-04-24 06:31:41,4b443d,HBZVX,LSZL,LSZL,1190
2026-04-24 06:19:20,440261,SABRE1,LSZL,LSZL,2084
2026-04-24 06:10:48,4b448d,HBZYZ,LSZL,LSTA,1614
2026-04-24 05:49:17,4b442e,HBZVI,LSZL,LSZL,9161
2026-04-24 05:35:33,4b443d,HBZVX,LSZL,LSZL,1608
2026-04-24 05:32:26,4b3f28,HBXXW,LSZL,LSPM,1652
2026-04-23 18:29:14,4b3309,RGA06,LSZL,LSZL,2782
2026-04-23 16:51:47,4b1bcc,HBKNS,LSZL,LSZL,3416
2026-04-23 16:34:39,4b1c69,HBKTT,LSZL,LSMF,2995
2026-04-23 16:16:03,4b1bb7,HBKMX,LSZL,LSZK,3841
2026-04-23 16:12:50,4b1bbc,HBKNC,LSZL,LSML,833
2026-04-23 14:55:52,a1e06c,N22UB,LSZL,EDDG,3931
2026-04-23 14:42:24,4b1bc5,HBKNL,LSZL,LSZL,1724
2026-04-23 14:40:11,4b1bc2,HBKNI,LSZL,LSPU,2199
2026-04-23 14:38:34,4b4455,HBZWV,LSZL,LIMB,991
2026-04-23 14:21:33,4b442e,HBZVI,LSZL,LSML,4820
2026-04-23 14:21:21,4b1b16,HBKGS,LSZL,LSZM,3713
2026-04-23 13:59:35,440261,SABRE1,LSZL,LSZL,2067
2026-04-23 13:41:01,4b1bc5,HBKNL,LSZL,LSZL,1077
2026-04-23 13:33:31,4b1bbc,HBKNC,LSZL,LIME,2894
2026-04-23 12:51:44,4b1e1d,HBLKN,LSZL,LSZR,2307
2026-04-23 12:40:49,4b1bc2,HBKNI,LSZL,LSZL,4792
2026-04-23 12:27:44,4b3f28,HBXXW,LSZL,LSZL,1103
2026-04-23 12:26:55,4b1bcc,HBKNS,LSZL,LSPU,1638
2026-04-23 12:24:41,4b2811,HBPEN,LSZL,LSZB,3133
2026-04-23 12:05:38,4b1baf,HBKMP,LSZL,LSZB,4460
2026-04-23 11:55:43,4b1bae,HBKMO,LSZL,LSZB,8402
2026-04-23 11:48:30,4b1bbc,HBKNC,LSZL,LSZL,2780
2026-04-23 11:28:49,4b4e50,HB2473,LSZL,LSZL,13927
2026-04-23 11:26:50,38bf9b,FCUBA,LSZL,LSZL,1298
2026-04-23 11:21:00,4b442e,HBZVI,LSZL,LSZL,5831
2026-04-23 11:18:49,440261,SABRE1,LSZL,LSML,2685
2026-04-23 10:58:01,4867b7,PHXGE,LSZL,LSZR,3458
2026-04-23 10:27:02,4b0899,HBDGR,LSZL,LSPV,2114
2026-04-23 10:09:07,4b1bb5,HBKMV,LSZL,LSZL,620
2026-04-23 10:05:03,4b1bc2,HBKNI,LSZL,LSZL,2473
2026-04-23 10:02:30,4b1bc5,HBKNL,LSZL,LSZL,10618
2026-04-23 10:00:50,4b4db1,HB2314,LSZL,LSZL,5965
2026-04-23 09:45:54,4b4387,HBZOX,LSZL,LSZL,704
2026-04-23 09:43:30,4b4322,HBZLA,LSZL,LSZL,1037
2026-04-23 09:08:23,4b1e15,HBLKF,LSZL,LSZP,2757
2026-04-23 08:38:53,4b07fd,HBDAR,LSZL,LSZR,3781
2026-04-23 08:30:15,440261,SABRE1,LSZL,LSZL,2324
2026-04-23 08:14:05,4b1bc6,HBKNM,LSZL,LOWI,7383
2026-04-23 07:47:11,4b1fa1,HBLZL,LSZL,LSZL,5921
2026-04-23 07:45:06,4b1bc5,HBKNL,LSZL,LSPU,1540
2026-04-23 07:44:50,4b1bcc,HBKNS,LSZL,LSZL,3844
2026-04-23 07:35:25,4b442e,HBZVI,LSZL,LSZL,5809
2026-04-23 07:19:45,4b1bc2,HBKNI,LSZL,LSPM,2341
2026-04-23 07:17:21,4b1bb0,HBKMQ,LSZL,LOWI,6571
2026-04-23 07:16:53,4b448d,HBZYZ,LSZL,LSZL,886
2026-04-23 07:11:27,4b1bbc,HBKNC,LSZL,LILE,2516
2026-04-23 06:19:37,440261,SABRE1,LSZL,LSZL,2421
2026-04-23 06:07:09,4b4322,HBZLA,LSZL,LSZL,723
2026-04-23 05:52:07,4b4424,HBZUY,LSZL,LSZA,12727
2026-04-23 05:33:54,4b3f28,HBXXW,LSZL,LSZA,2667
2026-04-23 05:32:03,4b4387,HBZOX,LSZL,LSZL,3082
2026-04-23 05:21:51,4b442e,HBZVI,LSZL,LSZL,7078
2026-04-26 20:06:00,4b3309,RGA06,LSZL,LSME,2002
2026-04-26 17:02:14,4b3309,RGA06,LSZL,LSZA,754
2026-04-26 15:32:30,4b303c,HBSGY,LSZL,LSZF,3211
2026-04-26 15:10:46,4b0ca8,HBEUQ,LSZL,LSPN,3113
2026-04-26 14:55:30,4b1bc7,HBKNN,LSZL,LSZL,3425
2026-04-26 14:09:37,4b1bc2,HBKNI,LSZL,LSZL,3412
2026-04-26 14:06:11,4b1b78,HBKKM,LSZL,LSZG,1938
2026-04-26 13:51:15,4b1bc5,HBKNL,LSZL,LSML,752
2026-04-26 13:37:10,4b08aa,HBDHI,LSZL,LSZF,3569
2026-04-26 13:25:34,4b1bc7,HBKNN,LSZL,LSZL,625
2026-04-26 13:22:14,4b1bfb,HBKPN,LSZL,LSMF,2027
2026-04-26 13:04:23,4b1bc9,HBKNP,LSZL,LIME,2944
2026-04-26 12:44:00,4b2858,HBPHG,LSZL,LSMA,2614
2026-04-26 12:33:22,4b0a01,HBDUN,LSZL,LSGR,2460
2026-04-26 12:23:05,4b1bc2,HBKNI,LSZL,LSZL,2273
2026-04-26 12:22:55,4b1bc5,HBKNL,LSZL,LSZL,633
2026-04-26 12:01:34,46045e,OHBRA,LSZL,EHGG,10429
2026-04-26 11:48:19,403075,GLASR,LSZL,LFOI,13240
2026-04-26 11:23:35,4b1b08,HBKGE,LSZL,LSPM,2272
2026-04-26 11:10:35,4b3a22,HBWAK,LSZL,LSZL,6522
2026-04-26 10:33:09,4b1bc9,HBKNP,LSZL,LSZL,2980
2026-04-26 10:26:39,4b1bc2,HBKNI,LSZL,LSZL,2704
2026-04-26 10:14:59,4b5169,HB3266,LSZL,LSZL,1712
2026-04-26 10:02:26,4b1e15,HBLKF,LSZL,LSZG,2385
2026-04-26 09:55:09,4b3a22,HBWAK,LSZL,LSZL,2058
2026-04-26 09:34:13,4b1bc2,HBKNI,LSZL,LSZL,1325
2026-04-26 09:32:01,4b1bc5,HBKNL,LSZL,LSZL,1186
2026-04-26 09:17:10,4b3309,RGA06,LSZL,LSZA,2055
2026-04-26 08:40:19,a79c67,N59PV,LSZL,LSZL,1553
2026-04-26 08:34:37,4b1bbc,HBKNC,LSZL,LSZL,1282
2026-04-26 08:05:13,4b1b08,HBKGE,LSZL,LSZL,3943
2026-04-26 07:59:11,4b1bc5,HBKNL,LSZL,LSML,845
2026-04-26 07:49:41,4b3a22,HBWAK,LSZL,LSZL,885
2026-04-26 07:40:03,4b1bc2,HBKNI,LSZL,LSZL,1846
2026-04-26 07:30:07,4b1bcc,HBKNS,LSZL,LSZL,1290
2026-04-26 07:28:39,4b1bc7,HBKNN,LSZL,,2749
2026-04-26 07:27:23,4b1bc9,HBKNP,LSZL,LIME,2838
2026-04-26 07:20:17,4b1bc6,HBKNM,LSZL,LOWI,6669
2026-04-26 06:34:55,4b4322,HBZLA,LSZL,LILB,723
2026-04-26 06:34:34,4b4387,HBZOX,LSZL,LILB,771
2026-04-25 16:46:54,4b50c4,HB3101,LSZL,LSZL,1102
2026-04-25 16:16:34,4b1bc2,HBKNI,LSZL,LSZL,1194
2026-04-25 15:59:35,4b4121,HBYRH,LSZL,LSZK,3652
2026-04-25 15:27:20,4b1bc5,HBKNL,LSZL,LSZL,2567
2026-04-25 15:26:19,4b1bc2,HBKNI,LSZL,LSZL,2148
2026-04-25 15:03:49,4b1b8a,HBKLE,LSZL,LSZG,4681
2026-04-25 14:35:14,4b3fc5,HBYDX,LSZL,LSZF,3555
2026-04-25 14:34:30,4b4322,HBZLA,LSZL,LSZL,2092
2026-04-25 14:10:31,4b4db1,HB2314,LSZL,LSZL,1697
2026-04-25 13:49:11,4b066f,HBCLJ,LSZL,LSPN,3369
2026-04-25 13:47:36,4b448d,HBZYZ,LSZL,LSZL,862
2026-04-25 13:42:16,4b1c69,HBKTT,LSZL,LSMF,3746
2026-04-25 13:19:20,4b1bc5,HBKNL,LSZL,LSZL,3299
2026-04-25 13:18:37,4b1bbc,HBKNC,LSZL,LIPL,3333
2026-04-25 13:01:56,4b448d,HBZYZ,LSZL,LSZL,1029
2026-04-25 12:55:38,4b1bc7,HBKNN,LSZL,LSZL,8802
2026-04-25 12:52:30,4b4db1,HB2314,LSZL,LSZL,3268
2026-04-25 12:32:43,4b059a,HBCDE,LSZL,LSTA,1348
2026-04-25 12:26:46,500028,T7PCS,LSZL,LSZL,2114
2026-04-25 12:15:48,4b293a,HBPPY,LSZL,LSZG,5236
2026-04-25 12:06:11,38c59b,FPTUN,LSZL,LSZL,6209
2026-04-25 11:51:05,4b1bbc,HBKNC,LSZL,LSZL,1824
2026-04-25 11:46:35,4b1bc2,HBKNI,LSZL,LSZL,1184
2026-04-25 11:46:19,4b303e,HBSHA,LSZL,LSZR,3129
2026-04-25 11:42:21,4b1bc7,HBKNN,LSZL,LSZL,1628
2026-04-25 11:36:46,4b50c4,HB3101,LSZL,LSZL,15325
2026-04-25 11:35:42,4b07fd,HBDAR,LSZL,LSZR,2987
2026-04-25 11:27:06,4b4156,HBYTI,LSZL,LSPL,4573
2026-04-25 11:26:04,4b4136,HBYSC,LSZL,LSPL,3665
2026-04-25 11:10:18,4b4db1,HB2314,LSZL,LSZL,4745
2026-04-25 11:10:17,4b3731,HBUXL,LSZL,LSMM,2651
2026-04-25 10:12:13,4b50c4,HB3101,LSZL,LSZL,2023
2026-04-25 09:44:31,4b4db1,HB2314,LSZL,LSZL,2878
2026-04-25 09:18:36,4b1b08,HBKGE,LSZL,LSZL,2535
2026-04-25 09:15:21,4b448d,HBZYZ,LSZL,LSZL,1027
2026-04-25 09:02:20,500028,T7PCS,LSZL,LSZL,1260
2026-04-25 08:32:33,4b4db1,HB2314,LSZL,LSZL,3080
2026-04-25 08:25:34,4b1bc7,HBKNN,LSZL,LSZL,1327
2026-04-25 08:19:03,4b1d21,HBLAV,LSZL,EHTE,9868
2026-04-25 08:06:03,4b0f49,HBFUN,LSZL,,4835
2026-04-25 07:58:06,4b4db1,HB2314,LSZL,LSZL,1370
2026-04-25 07:49:09,4b1bc2,HBKNI,LSZL,LSZL,4621
2026-04-25 07:43:46,4b1bcc,HBKNS,LSZL,LSTZ,4085
2026-04-25 07:42:34,4b1bc9,HBKNP,LSZL,LIPV,7622
2026-04-25 07:38:46,4b1bc6,HBKNM,LSZL,LIPV,6898
2026-04-25 07:37:29,4b1bc7,HBKNN,LSZL,LSZL,2067
2026-04-25 07:31:56,4b4db1,HB2314,LSZL,LSZL,609
2026-04-25 07:31:23,4b1bbc,HBKNC,LSZL,LSZB,4662
2026-04-25 07:26:52,4b1bc5,HBKNL,LSZL,LSPU,2161
2026-04-25 07:19:52,4b4322,HBZLA,LSZL,LSZR,6949
2026-04-25 06:50:55,4b448d,HBZYZ,LSZL,LSZL,1274
2026-04-25 06:33:16,4b442e,HBZVI,LSZL,LSPM,3160
2026-04-25 06:16:22,4b4275,HBZEJ,LSZL,LSZL,1919
2026-04-28 16:53:20,4b7fa8,T311,LSZL,LSZL,2655
2026-04-28 15:53:07,4b1bcc,HBKNS,LSZL,LSZL,1675
2026-04-28 13:54:33,4b1bc9,HBKNP,LSZL,LSZL,1775
2026-04-28 12:27:36,4b4275,HBZEJ,LSZL,LSZL,2511
2026-04-28 12:22:06,4b1bc2,HBKNI,LSZL,LSZL,4554
2026-04-28 11:59:22,4b1bc9,HBKNP,LSZL,LSZL,2347
2026-04-28 11:58:53,4b44a1,HBZZT,LSZL,LSML,3762
2026-04-28 11:46:06,4b442e,HBZVI,LSZL,LSZL,2626
2026-04-28 09:19:46,4b1bc9,HBKNP,LSZL,LSZL,2066
2026-04-28 08:52:21,4b442e,HBZVI,LSZL,LSZL,1547
2026-04-28 08:48:33,4b4387,HBZOX,LSZL,LSZL,9488
2026-04-28 08:00:54,4b442e,HBZVI,LSZL,LSZL,1198
2026-04-28 07:31:28,4b1bc9,HBKNP,LSZL,LSZL,1890
2026-04-28 05:48:51,4b4275,HBZEJ,LSZL,LSZL,11246
2026-04-28 05:38:05,4b442e,HBZVI,LSZL,LSZL,6605
2026-04-27 17:17:11,4b3303,RGA15,LSZL,LSGG,3427
2026-04-27 16:27:30,4b1bcc,HBKNS,LSZL,LSZL,2018
2026-04-27 16:16:02,4b1bc9,HBKNP,LSZL,LSZL,1147
2026-04-27 15:54:30,4b1bc2,HBKNI,LSZL,LSZL,2775
2026-04-27 15:11:00,4b23e7,HBNPN,LSZL,LSZA,1791
2026-04-27 14:55:30,4b442e,HBZVI,LSZL,LSZL,2766
2026-04-27 14:53:49,4b1bc9,HBKNP,LSZL,LSZL,1657
2026-04-27 14:49:31,4b1bc2,HBKNI,LSZL,LSZL,1826
2026-04-27 14:40:00,4b4275,HBZEJ,LSZL,LSML,2586
2026-04-27 13:49:54,4b4322,HBZLA,LSZL,LSZL,1042
2026-04-27 13:45:01,4b07fd,HBDAR,LSZL,LSZR,3044
2026-04-27 13:35:10,4b1bc2,HBKNI,LSZL,LSZL,664
2026-04-27 13:21:19,4b4455,HBZWV,LSZL,LSGL,2760
2026-04-27 13:18:05,a79c67,N59PV,LSZL,LSGL,2111
2026-04-27 13:14:30,4b442e,HBZVI,LSZL,LSZL,2038
2026-04-27 13:09:30,4b1bc2,HBKNI,LSZL,LSZL,834
2026-04-27 13:07:20,4b1bcc,HBKNS,LSZL,LSZL,2847
2026-04-27 12:53:32,4b1bc9,HBKNP,LSZL,LSZL,4122
2026-04-27 12:42:38,4b1fa1,HBLZL,LSZL,LSZL,1724
2026-04-27 11:39:00,4b1fa1,HBLZL,LSZL,LSZL,1909
2026-04-27 11:22:01,4b442e,HBZVI,LSZL,LSZL,4483
2026-04-27 11:11:03,4b2947,HBPQL,LSZL,LSZM,4094
2026-04-27 10:27:24,4b4089,HBYLL,LSZL,LSZF,2512
2026-04-27 10:01:32,4b1bc2,HBKNI,LSZL,LIPL,3257
2026-04-27 09:50:34,4b1bcc,HBKNS,LSZL,LIPL,3261
2026-04-27 09:44:43,4b1bc9,HBKNP,LSZL,LIPL,3429
2026-04-27 09:33:27,4b4465,KHS52,LSZL,LSZL,1389
2026-04-27 09:13:00,4b23e7,HBNPN,LSZL,LSZA,1499
2026-04-27 08:52:23,4b1bcc,HBKNS,LSZL,LSZL,1590
2026-04-27 08:51:45,4b1d21,HBLAV,LSZL,LSZL,1468
2026-04-27 08:44:14,4b442e,HBZVI,LSZL,LSZL,3701
2026-04-27 08:32:40,4b1fa1,HBLZL,LSZL,LSZL,2277
2026-04-27 08:31:09,4b1b08,HBKGE,LSZL,,3320
2026-04-27 08:15:04,4b23e7,HBNPN,LSZL,LSZL,617
2026-04-27 08:11:55,4b3f28,HBXXW,LSZL,LSZL,2210
2026-04-27 07:33:23,4b1b08,HBKGE,LSZL,LSZL,1102
2026-04-27 07:30:58,4b1bcc,HBKNS,LSZL,LSZL,3465
2026-04-27 07:10:47,a2721c,N257GG,LSZL,LIPQ,5262
2026-04-27 07:08:41,4b1bc2,HBKNI,LSZL,LSZL,4932
2026-04-27 06:40:36,4b1bc9,HBKNP,LSZL,LIMJ,3853
2026-04-27 05:57:30,4b3f28,HBXXW,LSZL,LSZL,4034
2026-04-27 05:35:34,4b4275,HBZEJ,LSZL,LSPM,2362
2026-04-27 05:30:13,4b442e,HBZVI,LSZL,LSPM,1820
2026-04-27 05:21:51,4b44a1,HBZZT,LSZL,LSZA,17067
2026-04-30 15:10:03,4b1bc9,HBKNP,LSZL,LSZL,1125
2026-04-30 15:06:08,4b1bc2,HBKNI,LSZL,LSZL,1420
2026-04-30 14:42:41,4b4455,HBZWV,LSZL,LSGL,2733
2026-04-30 14:40:44,4b1bc9,HBKNP,LSZL,LSZL,1154
2026-04-30 14:26:11,4b4322,HBZLA,LSZL,LSZL,2849
2026-04-30 14:07:14,4b288b,HBPJF,LSZL,LSZL,1704
2026-04-30 13:54:11,4b442e,HBZVI,LSZL,LSZL,2129
2026-04-30 13:49:25,4b7f78,T741,LSZL,LSME,1846
2026-04-30 13:30:01,4b23e7,HBNPN,LSZL,LSZA,750
2026-04-30 13:13:29,4b1bc6,HBKNM,LSZL,LILE,2469
2026-04-30 13:08:04,4b1bc9,HBKNP,LSZL,LSZL,3415
2026-04-30 13:02:46,4b4275,HBZEJ,LSZL,LSZL,724
2026-04-30 12:55:30,4b1bc5,HBKNL,LSZL,LIPL,3025
2026-04-30 12:41:15,4b442e,HBZVI,LSZL,LSZL,1992
2026-04-30 12:23:37,4b1bc2,HBKNI,LSZL,LSZL,5198
2026-04-30 12:17:00,4b1fa1,HBLZL,LSZL,LSZL,6197
2026-04-30 12:06:14,4b288b,HBPJF,LSZL,LSZL,847
2026-04-30 11:52:35,4b442e,HBZVI,LSZL,LSZL,1219
2026-04-30 11:52:34,500028,T7PCS,LSZL,LSGC,2429
2026-04-30 09:34:56,4b1f9d,HBLZH,LSZL,LSZB,3717
2026-04-30 09:21:30,4b1bc2,HBKNI,LSZL,LSZL,809
2026-04-30 09:11:30,4b4275,HBZEJ,LSZL,LSZL,1248
2026-04-30 08:54:04,4b1fa1,HBLZL,LSZL,LSZA,3278
2026-04-30 08:09:00,4b3f28,HBXXW,LSZL,LSZL,1070
2026-04-30 07:52:49,4b1bc2,HBKNI,LSZL,LSZL,1810
2026-04-30 07:45:55,4b442e,HBZVI,LSZL,LSZL,1301
2026-04-30 07:30:23,4b1bc5,HBKNL,LSZL,LSZL,3243
2026-04-30 07:08:06,4b3f28,HBXXW,LSZL,LSZL,2713
2026-04-30 06:50:21,4b442e,HBZVI,LSZL,LSZL,1968
2026-04-29 19:05:53,4b7fa8,T311,LSZL,LSZL,1788
2026-04-29 16:55:02,4b1bc2,HBKNI,LSZL,LSZL,1357
2026-04-29 16:42:07,4b1bc5,HBKNL,LSZL,LSZL,1739
2026-04-29 15:56:00,4b1bc2,HBKNI,LSZL,LSZL,1138
2026-04-29 15:19:44,4b1bc5,HBKNL,LSZL,LSZL,1027
2026-04-29 14:57:17,4b7fa8,T311,LSZL,LSZL,1552
2026-04-29 14:29:57,4b288b,HBPJF,LSZL,LSZL,1095
2026-04-29 14:20:38,4b1bc9,HBKNP,LSZL,LSZL,3505
2026-04-29 14:07:14,4b1bc2,HBKNI,LSZL,LSZL,906
2026-04-29 13:13:07,4b4322,HBZLA,LSZL,LSZL,621
2026-04-29 13:12:30,4b3f28,HBXXW,LSZL,LSPM,1386
2026-04-29 12:56:46,4b288b,HBPJF,LSZL,LSZL,1081
2026-04-29 12:54:52,4b1bc9,HBKNP,LSZL,LSZL,3362
2026-04-29 11:35:33,4b1bc2,HBKNI,LSZL,LSZL,1835
2026-04-29 11:15:21,4b3f28,HBXXW,LSZL,LSZL,3597
2026-04-29 11:00:18,4b1bc9,HBKNP,LSZL,LSZL,1570
2026-04-29 10:03:05,4b1bc5,HBKNL,LSZL,LSZL,1974
2026-04-29 09:25:45,4b0f49,HBFUN,LSZL,,5021
2026-04-29 09:11:54,4b448d,HBZYZ,LSZL,LSZL,2274
2026-04-29 08:51:41,4b3f28,HBXXW,LSZL,LSZL,3738
2026-04-29 08:42:19,4b448d,HBZYZ,LSZL,LSZL,845
2026-04-29 08:40:34,4b1e1d,HBLKN,LSZL,LSZR,2563
2026-04-29 08:36:10,4b7fa8,T311,LSZL,LSML,2356
2026-04-29 08:23:58,4b1bc5,HBKNL,LSZL,LSZL,1793
2026-04-29 08:19:26,4b1bc2,HBKNI,LSZL,LSZL,5620
2026-04-29 07:40:35,4b1bc9,HBKNP,LSZL,LSZL,1222
2026-04-29 05:40:40,4b442e,HBZVI,LSZL,LSZL,1337
2026-05-02 17:10:38,4083a2,GLUMI,LSZL,LSZF,3780
2026-05-02 17:00:15,4b1bc2,HBKNI,LSZL,LSZL,2003
2026-05-02 16:53:03,4b23e0,HBNPG,LSZL,LSGE,3746
2026-05-02 16:33:09,4b1bc6,HBKNM,LSZL,LSZL,1635
2026-05-02 16:08:02,4b1bcc,HBKNS,LSZL,LSZL,3733
2026-05-02 15:54:30,3d27d2,DENIG,LSZL,EDNY,3471
2026-05-02 15:37:53,4b3309,RGA06,LSZL,LSZA,1473
2026-05-02 15:19:40,4b1bc5,HBKNL,LSZL,LSZA,3655
2026-05-02 15:19:15,4b1bc9,HBKNP,LSZL,LSZL,3012
2026-05-02 14:48:20,4b40fe,HBYPY,LSZL,LSZL,3692
2026-05-02 14:24:38,4b1bc6,HBKNM,LSZL,LSZL,1293
2026-05-02 14:17:21,4b1bc5,HBKNL,LSZL,LSZL,1665
2026-05-02 14:05:39,4b1bc7,HBKNN,LSZL,LIPL,3650
2026-05-02 13:41:49,4b442e,HBZVI,LSZL,LSZL,1119
2026-05-02 13:23:52,4b2923,HBPPB,LSZL,LSZM,3404
2026-05-02 13:19:30,4b1bc9,HBKNP,LSZL,LSZA,1009
2026-05-02 13:13:31,4b4322,HBZLA,LSZL,LSZL,767
2026-05-02 13:04:32,4b1b97,HBKLR,LSZL,LSZT,4033
2026-05-02 12:45:08,4b4db1,HB2314,LSZL,LSZL,2127
2026-05-02 12:37:11,4b1bc7,HBKNN,LSZL,LSZL,3286
2026-05-02 12:22:49,4b1bc5,HBKNL,LSZL,LSZL,1980
2026-05-02 12:04:07,4b448d,HBZYZ,LSZL,LSZL,9626
2026-05-02 12:00:06,4b1fa1,HBLZL,LSZL,LSZL,6607
2026-05-02 11:56:30,4b4322,HBZLA,LSZL,LSZL,1306
2026-05-02 11:49:17,4b07fd,HBDAR,LSZL,LSZR,2722
2026-05-02 11:30:00,4b2811,HBPEN,LSZL,LSZB,3301
2026-05-02 11:13:01,4b1bc6,HBKNM,LSZL,LSZL,5248
2026-05-02 11:12:03,4b1bc7,HBKNN,LSZL,LSZL,1823
2026-05-02 11:04:33,4b4db1,HB2314,LSZL,LSZL,4817
2026-05-02 10:35:02,4b1c56,HBKTA,LSZL,LSPN,3133
2026-05-02 10:23:44,4b1bc9,HBKNP,LSZL,LSPU,1635
2026-05-02 10:15:00,4b1bc6,HBKNM,LSZL,LSZL,1227
2026-05-02 09:49:09,4b1bc2,HBKNI,LSZL,LILE,2563
2026-05-02 09:45:35,4b4322,HBZLA,LSZL,LSZL,739
2026-05-02 09:32:44,4b4424,HBZUY,LSZL,LSZL,1463
2026-05-02 09:09:00,4b1bc7,HBKNN,LSZL,LSZL,1467
2026-05-02 08:41:35,4b4322,HBZLA,LSZL,LSZL,1194
2026-05-02 08:37:11,4b1b8a,HBKLE,LSZL,LSZG,3438
2026-05-02 08:07:34,4b1bc9,HBKNP,LSZL,LSPU,2180
2026-05-02 08:07:33,4b4db1,HB2314,LSZL,LSZL,1297
2026-05-02 08:06:54,4b442e,HBZVI,LSZL,LSZL,1276
2026-05-02 07:58:04,4b1bcc,HBKNS,LSZL,LOWI,6198
2026-05-02 07:43:08,4b4db1,HB2314,LSZL,LSZL,620
2026-05-02 07:33:05,4b2886,HBPJA,LSZL,LSZR,5939
2026-05-02 07:28:17,4b1bc6,HBKNM,LSZL,LSZL,3751
2026-05-02 07:19:10,4b1bc2,HBKNI,LSZL,LILE,2710
2026-05-02 06:56:37,4b448d,HBZYZ,LSZL,LSZL,1908
2026-05-02 06:33:08,4b4437,HBZVR,LSZL,LSZL,2659
2026-05-02 06:08:33,4b44a1,HBZZT,LSZL,LSPM,1749
2026-05-02 05:59:50,4b4424,HBZUY,LSZL,LSPM,1869
2026-05-01 17:31:02,4b1bc2,HBKNI,LSZL,LSZL,1104
2026-05-01 17:29:33,4b1bc9,HBKNP,LSZL,LSZL,1294
2026-05-01 16:46:00,4b1bc7,HBKNN,LSZL,LSZL,659
2026-05-01 16:42:34,4b1bc5,HBKNL,LSZL,LSZL,2201
2026-05-01 16:15:01,4b1bc9,HBKNP,LSZL,LSZL,1557
2026-05-01 16:00:16,4b1bcc,HBKNS,LSZL,LSZL,4354
2026-05-01 15:30:32,4b1bc7,HBKNN,LSZL,LSZL,2673
2026-05-01 15:27:45,4b1bc5,HBKNL,LSZL,LSZL,1864
2026-05-01 15:09:17,4b1bc9,HBKNP,LSZL,LSZL,1151
2026-05-01 14:54:15,4b1bc2,HBKNI,LSZL,LSZL,1212
2026-05-01 14:32:44,4b1bcc,HBKNS,LSZL,LSZL,656
2026-05-01 14:25:36,4b4db1,HB2314,LSZL,LSZL,869
2026-05-01 14:23:02,4b1bc9,HBKNP,LSZL,LSZL,1635
2026-05-01 14:21:00,4b07fd,HBDAR,LSZL,LSZR,2774
2026-05-01 14:06:37,4b1bc6,HBKNM,LSZL,LSZR,4219
2026-05-01 14:03:12,4b1bc5,HBKNL,LSZL,LSZL,2117
2026-05-01 13:56:42,4b1bb6,HBKMW,LSZL,LSZA,1932
2026-05-01 13:44:24,4b1bc2,HBKNI,LSZL,LSZL,1481
2026-05-01 13:40:19,4b23e1,HBNPH,LSZL,LSZW,2458
2026-05-01 12:25:00,4b1bc7,HBKNN,LSZL,LSZL,8953
2026-05-01 12:23:43,4b1bcc,HBKNS,LSZL,LSZA,1737
2026-05-01 12:23:40,4b40fe,HBYPY,LSZL,LSZL,5960
2026-05-01 12:19:15,4b1bc5,HBKNL,LSZL,LSZL,3162
2026-05-01 12:07:39,4b1bc2,HBKNI,LSZL,LSZL,1699
2026-05-01 12:04:47,4b1bc9,HBKNP,LSZL,LSZL,3400
2026-05-01 11:52:32,4b1bc6,HBKNM,LSZL,LSZL,5487
2026-05-01 11:50:36,4b4137,HBYSD,LSZL,LSZK,4562
2026-05-01 11:45:37,4b3040,HBSHC,LSZL,LSZR,2935
2026-05-01 11:41:42,4b288b,HBPJF,LSZL,LSZR,3538
2026-05-01 11:33:00,4b1bfb,HBKPN,LSZL,,1647
2026-05-01 11:29:09,4b4db1,HB2314,LSZL,LSZL,3797
2026-05-01 11:11:08,4b1b78,HBKKM,LSZL,LSZG,2001
2026-05-01 10:27:51,4b1bc2,HBKNI,LSZL,LSZL,872
2026-05-01 09:49:30,4b1bcc,HBKNS,LSZL,LSPM,3408
2026-05-01 09:26:47,4b1bc2,HBKNI,LSZL,LSZL,1985
2026-05-01 09:11:01,4b1bc9,HBKNP,LSZL,LIPL,3654
2026-05-01 08:35:44,4b3fc5,HBYDX,LSZL,LSPM,3189
2026-05-01 08:13:30,4b1bc5,HBKNL,LSZL,LSZL,2098
2026-05-01 08:08:06,4b4db1,HB2314,LSZL,LSZL,3112
2026-05-01 08:04:03,4b1bc6,HBKNM,LSZL,LSZL,1070
2026-05-01 07:35:35,4b1bc2,HBKNI,LSZL,LSZA,1559
2026-05-01 07:25:23,4b1bc6,HBKNM,LSZL,LSZL,1594
2026-05-01 07:18:49,4b1bcc,HBKNS,LSZL,LSZL,4736
2026-05-01 07:17:03,4b1b08,HBKGE,LSZL,LSZL,4184
2026-05-04 16:37:20,4b330a,RGA08,LSZL,LSME,2670
2026-05-04 16:22:11,4b1bc6,HBKNM,LSZL,LSZL,1666
2026-05-04 16:00:48,4b4db1,HB2314,LSZL,LSZL,1314
2026-05-04 15:32:00,4b1bc5,HBKNL,LSZL,LSZL,4715
2026-05-04 15:13:17,4b1bc6,HBKNM,LSZL,LSZL,1777
2026-05-04 15:07:12,4b40fe,HBYPY,LSZL,LSZL,3200
2026-05-04 14:47:01,4b1bb6,HBKMW,LSZL,LSZA,1366
2026-05-04 14:27:00,4b1bc2,HBKNI,LSZL,LIME,2993
2026-05-04 14:23:38,4b44a1,HBZZT,LSZL,LSZL,1090
2026-05-04 14:19:21,4b1bc7,HBKNN,LSZL,LSZL,3716
2026-05-04 14:13:31,4b1bc5,HBKNL,LSZL,LSZL,2154
2026-05-04 13:41:49,4b3309,RGA06,LSZL,LSZA,753
2026-05-04 13:31:01,4b448d,HBZYZ,LSZL,LSZL,1886
2026-05-04 13:16:00,3d840b,DFWGH,LSZL,EDLD,5066
2026-05-04 12:51:15,4b1bc6,HBKNM,LSZL,LSZL,4421
2026-05-04 12:46:00,4b7f61,V632,LSZL,LSZL,1073
2026-05-04 12:43:16,4b1fa1,HBLZL,LSZL,LSZL,6442
2026-05-04 12:20:14,4b3f28,HBXXW,LSZL,LSZL,653
2026-05-04 12:18:30,4b1bc7,HBKNN,LSZL,LSZL,3499
2026-05-04 12:06:10,4b1bc5,HBKNL,LSZL,LSZL,874
2026-05-04 11:58:38,4b44a1,HBZZT,LSZL,LSZL,4992
2026-05-04 11:47:17,4b1bc9,HBKNP,LSZL,LSZL,4112
2026-05-04 11:44:00,4b448d,HBZYZ,LSZL,LSZL,2218
2026-05-04 11:42:23,4b1bc2,HBKNI,LSZL,LSZL,7643
2026-05-04 11:38:05,4b1bc6,HBKNM,LSZL,LSZL,2419
2026-05-04 11:19:13,4b7f61,V632,LSZL,LSZL,1212
2026-05-04 10:39:03,4b1bc6,HBKNM,LSZL,LSZL,1476
2026-05-04 10:20:07,4b44a1,HBZZT,LSZL,LSZL,2227
2026-05-04 09:46:18,4b3fc5,HBYDX,LSZL,LSML,610
2026-05-04 09:11:01,4b1bc9,HBKNP,LSZL,LSZL,2230
2026-05-04 09:06:17,4b4275,HBZEJ,LSZL,LSZL,1017
2026-05-04 09:05:49,4b448d,HBZYZ,LSZL,LSZL,2392
2026-05-04 08:57:40,4b1bc5,HBKNL,LSZL,LSZL,2809
2026-05-04 08:55:41,4b44a1,HBZZT,LSZL,LSZL,2716
2026-05-04 08:26:35,4b4322,HBZLA,LSZL,LSZL,1284
2026-05-04 08:06:27,4b4455,HBZWV,LSZL,LIPU,3558
2026-05-04 07:32:14,4b1bc2,HBKNI,LSZL,LSZA,1112
2026-05-04 07:22:17,4b1bc7,HBKNN,LSZL,,1838
2026-05-04 07:21:08,4b1fa1,HBLZL,LSZL,LSZA,3610
2026-05-04 07:08:19,4b1bc5,HBKNL,LSZL,LSZL,2769
2026-05-04 06:58:05,4b4275,HBZEJ,LSZL,LSZL,2805
2026-05-04 06:52:43,4b1bc9,HBKNP,LSZL,LSZL,2803
2026-05-04 06:48:46,4b448d,HBZYZ,LSZL,LSZL,2974
2026-05-04 06:42:27,4b1bc6,HBKNM,LSZL,LIME,2904
2026-05-04 06:27:32,4b443d,HBZVX,LSZL,LSZL,13347
2026-05-04 06:05:53,4b4322,HBZLA,LSZL,LSZL,1770
2026-05-04 05:58:08,4b443d,HBZVX,LSZL,LSZL,1109
2026-05-04 05:46:05,4b3f28,HBXXW,LSZL,LSZL,1231
2026-05-03 16:33:45,4b1bc5,HBKNL,LSZL,LSZL,2877
2026-05-03 16:15:03,4b1bc7,HBKNN,LSZL,LSZL,2594
2026-05-03 15:46:15,4b1bc6,HBKNM,LSZL,LSZL,1544
2026-05-03 15:22:23,4b1bc2,HBKNI,LSZL,LSZL,3118
2026-05-03 14:57:52,4b1c24,HBKRC,LSZL,LFBT,6629
2026-05-03 14:41:04,4b3fc5,HBYDX,LSZL,LSZE,4028
2026-05-03 14:40:27,4b40fe,HBYPY,LSZL,,631
2026-05-03 14:39:56,4b4072,HBYKO,LSZL,LSML,601
2026-05-03 14:27:33,4b1bc5,HBKNL,LSZL,LSZL,1869
2026-05-03 14:10:38,4b1bc6,HBKNM,LSZL,LSZL,1607
2026-05-03 13:43:24,4b1bc2,HBKNI,LSZL,LSZL,2338
2026-05-03 13:32:45,4b3a22,HBWAK,LSZL,LSZL,874
2026-05-03 13:30:32,4b1bc7,HBKNN,LSZL,LSZL,7851
2026-05-03 13:11:33,3d1d3d,DEJIB,LSZL,EDTB,3871
2026-05-03 12:34:41,4b1bc5,HBKNL,LSZL,LSZL,4538
2026-05-03 12:21:03,4b1fa1,HBLZL,LSZL,LSZL,8048
2026-05-03 11:55:01,4b1bcc,HBKNS,LSZL,LSZL,1546
2026-05-03 11:50:13,4b1bc6,HBKNM,LSZL,LSZL,6346
2026-05-03 11:41:41,4b1c48,HBKSM,LSZL,LSZR,6410
2026-05-03 11:32:20,4b3a22,HBWAK,LSZL,LSZL,934
2026-05-03 10:32:42,4b1bc5,HBKNL,LSZL,LSML,839
2026-05-03 09:19:43,4b3a22,HBWAK,LSZL,LSZL,1876
2026-05-03 09:14:01,4b1bc7,HBKNN,LSZL,LSZL,3297
2026-05-03 08:36:22,4b1bc6,HBKNM,LSZL,LSZA,1087
2026-05-03 08:32:30,4b1bc5,HBKNL,LSZL,LSZL,3945
2026-05-03 08:28:08,4b1bcc,HBKNS,LSZL,,900
2026-05-03 08:17:21,4b4322,HBZLA,LSZL,LSZL,1494
2026-05-03 08:16:33,4b3a22,HBWAK,LSZL,LSZL,1014
2026-05-03 08:15:57,4b5169,HB3266,LSZL,LSZL,2038
2026-05-03 08:02:27,4b1fa1,HBLZL,LSZL,LSZA,4142
2026-05-03 07:31:56,4b1bcc,HBKNS,LSZL,LSZL,1817
2026-05-03 07:24:49,4b1bc2,HBKNI,LSZL,LSZL,4792
2026-05-03 07:18:27,4b1bc7,HBKNN,LSZL,LSZL,2192
2026-05-03 07:10:03,4b1bc5,HBKNL,LSZL,LSZL,2754
2026-05-05 12:42:16,4b1fa1,HBLZL,LSZL,LSZL,1140
2026-05-05 06:56:27,4b3f28,HBXXW,LSZL,LSZL,1496
2026-05-08 21:20:51,4b3309,RGA06,LSZL,LSME,2048
2026-05-08 15:45:30,4b1bc6,HBKNM,LSZL,LSZL,1125
2026-05-08 15:42:43,4b5169,HB3266,LSZL,LSZL,2991
2026-05-08 15:05:38,4b3a22,HBWAK,LSZL,LSZL,3057
2026-05-08 15:03:07,4b1bbc,HBKNC,LSZL,LSZL,2672
2026-05-08 14:58:20,4b1bc2,HBKNI,LSZL,LSZL,2370
2026-05-08 14:54:37,4b1fa1,HBLZL,LSZL,LSZL,1465
2026-05-08 14:53:54,4b1bcc,HBKNS,LSZL,LSZA,3232
2026-05-08 14:16:34,4b1bbc,HBKNC,LSZL,LSZL,1884
2026-05-08 14:09:02,4b1fa1,HBLZL,LSZL,LSZL,1509
2026-05-08 13:45:43,4b1bc7,HBKNN,LSZL,LILE,2572
2026-05-08 13:28:37,4b1bc6,HBKNM,LSZL,LSZL,3421
2026-05-08 13:26:02,4b1bc2,HBKNI,LSZL,LSZL,1347
2026-05-08 13:19:37,4b40fe,HBYPY,LSZL,LSZL,3785
2026-05-08 13:17:47,4b1bcc,HBKNS,LSZL,LSZL,1031
2026-05-08 13:07:19,4b1fa1,HBLZL,LSZL,LSZL,1510
2026-05-08 12:38:30,4b1bcc,HBKNS,LSZL,LSZL,1116
2026-05-08 12:21:20,4b1bbc,HBKNC,LSZL,LSZL,877
2026-05-08 12:20:16,4b1bc7,HBKNN,LSZL,LSZL,3103
2026-05-08 12:14:47,4b442e,HBZVI,LSZL,LSZL,1009
2026-05-08 11:58:52,4b1bc6,HBKNM,LSZL,LSZL,1476
2026-05-08 11:41:52,4b442e,HBZVI,LSZL,LSZL,654
2026-05-08 11:29:42,4b44a1,HBZZT,LSZL,LSML,11883
2026-05-08 11:20:07,4b7f61,V632,LSZL,LSZL,7845
2026-05-08 10:18:00,4b1bc6,HBKNM,LSZL,LSZL,3407
2026-05-08 09:54:00,4b1bc2,HBKNI,LSZL,LSZL,7378
2026-05-08 09:52:04,4b1fa1,HBLZL,LSZL,LSZL,743
2026-05-08 09:35:38,4b1bc7,HBKNN,LSZL,LSZL,1416
2026-05-08 09:23:36,4b1bbc,HBKNC,LSZL,LILE,2938
2026-05-08 09:20:13,4b1bc6,HBKNM,LSZL,LSZL,1497
2026-05-08 08:57:13,4b7f61,V632,LSZL,LSZL,3254
2026-05-08 08:56:00,4b1bcc,HBKNS,LSZL,LSZL,1583
2026-05-08 08:48:03,4b7fa8,T311,LSZL,LSZL,1583
2026-05-08 08:37:15,38c59b,FPTUN,LSZL,LFLI,3413
2026-05-08 08:35:35,4b1fa1,HBLZL,LSZL,LSZL,2454
2026-05-08 08:28:04,4b4322,HBZLA,LSZL,LSZL,2775
2026-05-08 08:22:33,4b442e,HBZVI,LSZL,LSPM,2876
2026-05-08 08:20:06,4b1c99,HBKVP,LSZL,LSZR,4371
2026-05-08 08:03:50,3d3d28,DEVKI,LSZL,EDBJ,6513
2026-05-08 07:48:00,4b442e,HBZVI,LSZL,LSZL,715
2026-05-08 07:37:59,4b1e1d,HBLKN,LSZL,LSZR,2626
2026-05-08 07:36:50,4b1bbc,HBKNC,LSZL,LSZA,1569
2026-05-08 07:25:38,4b1bcc,HBKNS,LSZL,LSZL,1209
2026-05-08 07:16:10,4b1bc7,HBKNN,LSZL,LSML,911
2026-05-08 07:15:11,4b7f61,V632,LSZL,LSZL,3616
2026-05-08 07:12:39,4b1bc2,HBKNI,LSZL,LSZL,3822
2026-05-08 07:09:06,4b448d,HBZYZ,LSZL,LILN,1978
2026-05-08 06:57:17,4b1fa1,HBLZL,LSZL,LSZL,2830
2026-05-08 06:28:32,4b443d,HBZVX,LSZL,LSPM,857
2026-05-08 06:18:17,4b7f61,V632,LSZL,LSZL,2682
2026-05-08 05:35:50,4b443d,HBZVX,LSZL,LSZL,1245
2026-05-08 05:35:26,4b442e,HBZVI,LSZL,LSZL,6235
2026-05-07 17:21:45,4b1bc6,HBKNM,LSZL,LSZL,681
2026-05-07 17:17:55,4b1bc2,HBKNI,LSZL,LSZL,664
2026-05-07 16:58:49,4b1bbc,HBKNC,LSZL,LSZL,2364
2026-05-07 16:39:32,4b1bc5,HBKNL,LSZL,LSZL,1928
2026-05-07 16:12:17,4b1bc6,HBKNM,LSZL,LSZL,3005
2026-05-07 15:44:10,4b447b,HBZYH,LSZL,LSTA,1332
2026-05-07 14:58:41,4b1bc7,HBKNN,LSZL,LILE,2656
2026-05-07 14:55:35,4b1bc2,HBKNI,LSZL,LSZL,2333
2026-05-07 14:51:45,4b1bc5,HBKNL,LSZL,LSZL,3393
2026-05-07 14:38:09,4b44a1,HBZZT,LSZL,LSML,3082
2026-05-07 14:18:32,a1b9af,N210BV,LSZL,LJPZ,5612
2026-05-07 14:06:43,4b7fd9,T340,LSZL,LSMA,3389
2026-05-07 14:06:02,4b7fdc,T337,LSZL,LSZC,3427
2026-05-07 14:02:16,4b1bc6,HBKNM,LSZL,LSZL,5412
2026-05-07 13:53:43,4b1bc7,HBKNN,LSZL,LSZL,1743
2026-05-07 13:51:35,4b443d,HBZVX,LSZL,LSZL,1637
2026-05-07 13:49:38,4b7f61,V632,LSZL,LSZL,1303
2026-05-07 13:45:02,4b1bc9,HBKNP,LSZL,LSZA,11186
2026-05-07 13:32:42,4b44a1,HBZZT,LSZL,LSZL,2747
2026-05-07 13:09:15,4b1bc5,HBKNL,LSZL,LSZL,1963
2026-05-07 12:58:32,4b44a1,HBZZT,LSZL,LSZL,1040
2026-05-07 12:57:08,4b1bbc,HBKNC,LSZL,LILE,2767
2026-05-07 12:55:32,4b1bc7,HBKNN,LSZL,LSZL,1107
2026-05-07 12:42:25,4b1bc9,HBKNP,LSZL,LSZL,1229
2026-05-07 12:27:51,4b1bcc,HBKNS,LSZL,LSGS,4297
2026-05-07 12:18:45,4b441d,HBZUR,LSZL,LSZN,2408
2026-05-07 12:06:51,4b3f28,HBXXW,LSZL,LSZL,7385
2026-05-07 11:54:33,4b1bc5,HBKNL,LSZL,LSZL,1914
2026-05-07 11:35:16,4b44a1,HBZZT,LSZL,LSZL,1136
2026-05-07 11:33:36,4b40f1,HBYPL,LSZL,LSZK,3683
2026-05-07 11:21:14,4b7f61,V632,LSZL,LSZL,6693
2026-05-07 10:20:05,4b1bc6,HBKNM,LSZL,LSPU,1928
2026-05-07 09:59:00,4b1bc7,HBKNN,LSZL,LIPL,2635
2026-05-07 09:55:55,4b1bc9,HBKNP,LSZL,LIPL,2822
2026-05-07 09:42:53,4b1bbc,HBKNC,LSZL,LSZL,7431
2026-05-07 09:29:02,4b1bcc,HBKNS,LSZL,LSPM,1340
2026-05-07 09:17:30,4b443d,HBZVX,LSZL,LSZL,3741
2026-05-07 09:07:20,4b1bc5,HBKNL,LSZL,LSZL,2675
2026-05-07 09:04:50,4b7f61,V632,LSZL,LSZL,2798
2026-05-07 08:51:10,4b1bc6,HBKNM,LSZL,LSZL,3079
2026-05-07 08:49:31,4b7fa8,T311,LSZL,LSZL,1214
2026-05-07 07:33:35,4b1bbc,HBKNC,LSZL,LSZL,5063
2026-05-07 07:30:10,a2721c,N257GG,LSZL,LIPV,3812
2026-05-07 07:26:29,4b1bc6,HBKNM,LSZL,LSZL,3505
2026-05-07 07:20:38,4b1bc7,HBKNN,LSZL,LIPL,3016
2026-05-07 07:18:56,4b1bc5,HBKNL,LSZL,LSZL,3414
2026-05-07 07:14:38,4b7f61,V632,LSZL,LSZL,3688
2026-05-07 07:12:22,4b1b08,HBKGE,LSZL,LSZA,3903
2026-05-07 07:09:33,4b1bcc,HBKNS,LSZL,LSZL,3406
2026-05-07 06:54:37,4b1bc9,HBKNP,LSZL,LSZL,6794
2026-05-07 06:20:50,4b442e,HBZVI,LSZL,LSZL,6129
2026-05-07 06:17:09,4b7f61,V632,LSZL,LSZL,2822
2026-05-07 05:38:03,4b3f28,HBXXW,LSZL,LSZA,1639
2026-05-07 05:33:19,4b443d,HBZVX,LSZL,LSZL,11853
2026-05-07 05:28:42,4b44a1,HBZZT,LSZL,LSZL,15102
2026-05-10 12:27:23,a95249,N70AV,LSZL,EDLP,4653
2026-05-10 08:00:17,50020a,SLS7A,LSZL,EGSM,7800
2026-05-09 17:06:33,4b1bb5,HBKMV,LSZL,LSZL,1471
2026-05-09 16:06:49,4b1bc6,HBKNM,LSZL,LSZA,3515
2026-05-09 15:40:38,4b3309,RGA06,LSZL,LSZL,988
2026-05-09 15:11:13,4b1bb5,HBKMV,LSZL,LSZL,3486
2026-05-09 15:05:53,4b1b86,HBKLA,LSZL,LSZT,3730
2026-05-09 15:04:00,4b1bc5,HBKNL,LSZL,LSZL,3299
2026-05-09 14:21:37,4b293f,HBPQD,LSZL,LSZM,4824
2026-05-09 14:10:02,4b1bbc,HBKNC,LSZL,LSZR,4254
2026-05-09 13:59:46,4b1bc2,HBKNI,LSZL,LSZA,9958
2026-05-09 13:48:25,4b4072,HBYKO,LSZL,LSZE,2983
2026-05-09 13:35:01,4b1bb5,HBKMV,LSZL,LSZL,2452
2026-05-09 13:30:18,4b23e7,HBNPN,LSZL,LSZA,800
2026-05-09 13:22:00,4b4322,HBZLA,LSZL,LSZL,1725
2026-05-09 13:15:30,4b1bc7,HBKNN,LSZL,LSZL,1616
2026-05-09 13:10:00,4b3a22,HBWAK,LSZL,LSZL,933
2026-05-09 13:06:48,4b5169,HB3266,LSZL,LSZL,4421
2026-05-09 12:58:05,4b330a,RGA08,LSZL,LSPG,3705
2026-05-09 12:57:24,4b1bc6,HBKNM,LSZL,LSZL,7314
2026-05-09 12:35:22,4b059a,HBCDE,LSZL,LSZN,2753
2026-05-09 12:34:36,4b07fd,HBDAR,LSZL,LSZR,3102
2026-05-09 12:25:03,4b1fa1,HBLZL,LSZL,LSZL,6460
2026-05-09 12:23:14,4b3a22,HBWAK,LSZL,LSZL,975
2026-05-09 11:55:40,4b4387,HBZOX,LSZL,LSZL,1179
2026-05-09 11:53:08,4b4db1,HB2314,LSZL,LSZL,4540
2026-05-09 11:42:17,4b1bc7,HBKNN,LSZL,LSZL,2032
2026-05-09 11:15:18,4b4322,HBZLA,LSZL,LSZL,2648
2026-05-09 11:15:03,4b1bc6,HBKNM,LSZL,LSZL,2748
2026-05-09 11:10:46,38c59b,FPTUN,LSZL,LSZL,4931
2026-05-09 10:56:10,4b1bc2,HBKNI,LSZL,LSZL,6449
2026-05-09 10:35:18,4b1c67,HBKTR,LSZL,LSZI,3790
2026-05-09 10:11:01,4b3a22,HBWAK,LSZL,LSZL,4194
2026-05-09 09:47:33,4b1bb5,HBKMV,LSZL,LSZL,2677
2026-05-09 09:40:19,4b3a22,HBWAK,LSZL,LSZL,1196
2026-05-09 09:29:07,4b1bbc,HBKNC,LSZL,,1635
2026-05-09 09:26:04,4b1b08,HBKGE,LSZL,LSZL,1303
2026-05-09 09:23:31,4b4437,HBZVR,LSZL,LSZL,1904
2026-05-09 09:23:01,4b1bc5,HBKNL,LSZL,LSPU,10913
2026-05-09 08:09:07,4b44a1,HBZZT,LSZL,LSML,4092
2026-05-09 08:01:19,4b4437,HBZVR,LSZL,LSML,1113
2026-05-09 07:22:23,4b1bb5,HBKMV,LSZL,LSZL,3696
2026-05-09 07:19:56,4b1bbc,HBKNC,LSZL,LSZL,4293
2026-05-09 07:15:12,4b1bc6,HBKNM,LSZL,LSZL,8348
2026-05-09 07:13:50,4b1bcc,HBKNS,LSZL,LIPV,7166
2026-05-09 07:06:16,4b1bc2,HBKNI,LSZL,LSZL,8463
2026-05-09 07:01:45,4b1bc5,HBKNL,LSZL,LSZL,2645
2026-05-09 07:00:41,4b1bc7,HBKNN,LSZL,LIMJ,4601
2026-05-09 06:54:08,4b448d,HBZYZ,LSZL,LSZL,3051
2026-05-09 05:48:57,4b3f28,HBXXW,LSZL,LSZL,7352
2026-05-09 05:35:34,4b4387,HBZOX,LSZL,LSZA,1005
2026-05-12 13:40:09,4b4387,HBZOX,LSZL,LSPM,3213
2026-05-12 13:32:03,4b3f28,HBXXW,LSZL,LSZL,3101
2026-05-12 12:30:49,500028,T7PCS,LSZL,LSZL,1182
2026-05-12 12:29:30,4b4387,HBZOX,LSZL,LSZL,2456
2026-05-12 12:22:00,4b442e,HBZVI,LSZL,LSZL,1377
2026-05-12 12:01:02,4b4437,HBZVR,LSZL,LSZL,2127
2026-05-12 11:39:52,4b44a1,HBZZT,LSZL,LSZL,758
2026-05-12 11:17:47,4b4387,HBZOX,LSZL,LSZL,719
2026-05-12 09:35:12,500028,T7PCS,LSZL,LSZL,1424
2026-05-12 09:02:45,4d243f,9HSKW,LSZL,LPPR,10631
2026-05-12 08:45:47,4b1bb5,HBKMV,LSZL,LSZL,2128
2026-05-12 08:41:46,4b1bc7,HBKNN,LSZL,LSZL,1589
2026-05-12 08:19:25,4b4387,HBZOX,LSZL,LSZL,5936
2026-05-12 08:15:50,4b442e,HBZVI,LSZL,LSZL,2267
2026-05-12 07:37:56,500028,T7PCS,LSZL,LSZL,1291
2026-05-12 07:21:41,4b4437,HBZVR,LSZL,LSZL,1932
2026-05-12 06:26:50,4b443d,HBZVX,LSZL,LSZL,844
2026-05-12 06:12:30,4b4387,HBZOX,LSZL,LSZL,5535
2026-05-12 05:49:05,4b44a1,HBZZT,LSZL,LSZL,9317
2026-05-12 05:41:15,4b443d,HBZVX,LSZL,LSZL,2092
2026-05-12 05:33:55,4b4387,HBZOX,LSZL,LSZL,1154
2026-05-11 15:06:03,500028,T7PCS,LSZL,LSZL,1394
2026-05-11 11:42:48,4b0f8e,HBFXE,LSZL,LIPV,2645
2026-05-14 15:03:17,4b4322,HBZLA,LSZL,LSZL,3982
2026-05-13 17:06:30,4b1bc6,HBKNM,LSZL,LSZL,960
2026-05-13 16:51:01,4b1bc7,HBKNN,LSZL,LSZL,1173
2026-05-13 16:40:05,4b1bb5,HBKMV,LSZL,LSZL,2452
2026-05-13 16:20:23,4b1bcc,HBKNS,LSZL,LSZL,2027
2026-05-13 16:16:04,4b1bbc,HBKNC,LSZL,LSZL,2486
2026-05-13 16:12:14,4b1bc7,HBKNN,LSZL,LSZL,1619
2026-05-13 16:01:12,4b1bc6,HBKNM,LSZL,LSZL,2224
2026-05-13 15:23:00,4b1bb5,HBKMV,LSZL,LSZL,1603
2026-05-13 15:17:40,4b1bcc,HBKNS,LSZL,LSZL,1982
2026-05-13 14:38:54,4b4322,HBZLA,LSZL,LSZL,3268
2026-05-13 14:21:05,4b1bcc,HBKNS,LSZL,LSZL,1733
2026-05-13 14:19:07,4b1fa1,HBLZL,LSZL,LSZL,3196
2026-05-13 14:14:40,4b330a,RGA08,LSZL,LSPM,1744
2026-05-13 14:04:14,4b443d,HBZVX,LSZL,LSZL,1202
2026-05-13 14:03:20,4b1bc6,HBKNM,LSZL,LSZL,3108
2026-05-13 13:42:32,4b442e,HBZVI,LSZL,LSZL,7587
2026-05-13 13:32:00,4b1bb6,HBKMW,LSZL,LSZA,2371
2026-05-13 13:24:10,4b1bbc,HBKNC,LSZL,LSZL,6876
2026-05-13 13:11:32,4b1bc2,HBKNI,LSZL,LSZL,7332
2026-05-13 13:03:06,4b3f28,HBXXW,LSZL,LSPM,2991
2026-05-13 12:50:30,4b1bcc,HBKNS,LSZL,LSZL,2572
2026-05-13 12:42:34,4b40fe,HBYPY,LSZL,LSZL,6328
2026-05-13 12:34:06,4b4437,HBZVR,LSZL,LSZL,2048
2026-05-13 12:27:34,4b4072,HBYKO,LSZL,LSPL,11209
2026-05-13 12:21:13,4b1bc6,HBKNM,LSZL,LSZL,1755
2026-05-13 12:20:03,4b1b08,HBKGE,LSZL,LSZL,2311
2026-05-13 12:10:19,3009cc,IMAPE,LSZL,LIMB,1623
2026-05-13 12:08:47,4b1bc7,HBKNN,LSZL,LSZL,3354
2026-05-13 12:05:57,4b1bc5,HBKNL,LSZL,LSZC,3177
2026-05-13 12:05:02,4b4322,HBZLA,LSZL,LSZL,4105
2026-05-13 11:33:06,4b1bb5,HBKMV,LSZL,LIPL,3351
2026-05-13 11:25:19,4b1bc2,HBKNI,LSZL,LSZL,2129
2026-05-13 11:23:36,4b442e,HBZVI,LSZL,LSZL,6679
2026-05-13 10:58:28,4b2977,HBPSH,LSZL,LSZR,2056
2026-05-13 10:05:00,4b1bc2,HBKNI,LSZL,LSZL,1458
2026-05-13 09:53:03,4b1bcc,HBKNS,LSZL,LSZL,1854
2026-05-13 09:49:32,4b1bbc,HBKNC,LSZL,LILE,2736
2026-05-13 09:40:25,4b3f28,HBXXW,LSZL,LSZL,650
2026-05-13 09:12:45,4b1bc7,HBKNN,LSZL,LSZL,1063
2026-05-13 09:04:22,4b3f28,HBXXW,LSZL,LSZL,1147
2026-05-13 08:41:28,4b1636,HBIKS,LSZL,LSZM,2562
2026-05-13 08:36:15,4b1bc6,HBKNM,LSZL,LSZL,1903
2026-05-13 08:35:17,4b442e,HBZVI,LSZL,LSZL,611
2026-05-13 08:18:46,4b4437,HBZVR,LSZL,LSZL,3040
2026-05-13 07:31:05,4b1bbc,HBKNC,LSZL,LSZL,3822
2026-05-13 07:28:50,4b1bc6,HBKNM,LSZL,LSZL,1695
2026-05-13 07:27:23,4b1bc7,HBKNN,LSZL,LSZL,2975
2026-05-13 07:22:53,4b1bb5,HBKMV,LSZL,LIPL,3389
2026-05-13 07:18:28,4b1bc2,HBKNI,LSZL,LILE,2456
2026-05-13 07:14:34,4b1bcc,HBKNS,LSZL,LILE,2571
2026-05-13 05:58:47,4b44a1,HBZZT,LSZL,LSZL,14689
2026-05-13 05:44:41,4b443d,HBZVX,LSZL,LSZL,10691
2026-05-13 05:32:12,4b3f28,HBXXW,LSZL,LSZL,2226
2026-05-16 15:22:44,4b1bbc,HBKNC,LSZL,LSZL,1534
2026-05-16 15:11:33,4b3309,RGA06,LSZL,LSZA,948
2026-05-16 14:32:58,43f6c5,2DIVT,LSZL,LSTA,900
2026-05-16 12:31:47,4b3a22,HBWAK,LSZL,LSZL,806
2026-05-16 11:39:35,4b1fa1,HBLZL,LSZL,LSZL,7485
2026-05-16 11:07:18,4b1bbc,HBKNC,LSZL,LSZL,1924
2026-05-16 09:17:33,4b3f28,HBXXW,LSZL,LSZL,1504
2026-05-16 08:21:16,4b3a22,HBWAK,LSZL,LSZL,635
2026-05-16 08:18:11,4b40fe,HBYPY,LSZL,LSZA,913
2026-05-16 08:09:25,4b1fa1,HBLZL,LSZL,LSZL,3439
2026-05-16 07:49:16,4b1bbc,HBKNC,LSZL,LSZA,1053
2026-05-16 07:39:34,4b3309,RGA06,LSZL,LSZA,2219
2026-05-16 06:59:05,4b1bcc,HBKNS,LSZL,LIPV,6919
2026-05-16 06:32:16,a2721c,N257GG,LSZL,,8083
2026-05-16 05:33:55,4b4387,HBZOX,LSZL,LSPM,6850
2026-05-15 14:16:46,4b1bb5,HBKMV,LSZL,LSZL,1110
2026-05-15 14:14:54,4b1fa1,HBLZL,LSZL,LSZA,1252
2026-05-15 09:07:05,4b1bc7,HBKNN,LSZL,LSZL,1537
2026-05-15 09:03:47,4b1bc6,HBKNM,LSZL,LSZL,2693
2026-05-15 08:31:13,4b4387,HBZOX,LSZL,LSPM,882
2026-05-15 08:21:58,4b1bc7,HBKNN,LSZL,LSZL,1425
2026-05-15 07:56:53,4b1b08,HBKGE,LSZL,LSZL,696
2026-05-15 07:43:58,4b1bb5,HBKMV,LSZL,LSZL,2191
2026-05-15 07:35:48,4b1bc9,HBKNP,LSZL,LSZL,2379
2026-05-15 07:07:37,4b1bc2,HBKNI,LSZL,LSZL,2443
2026-05-15 06:43:24,4b4387,HBZOX,LSZL,LSZL,1341
2026-05-15 06:05:14,4b44a1,HBZZT,LSZL,LSPM,2423
2026-05-15 06:02:03,4b4387,HBZOX,LSZL,LSML,1151
2026-05-18 14:44:49,4b1bc2,HBKNI,LSZL,LSZL,3780
2026-05-18 13:58:09,4b40fe,HBYPY,LSZL,LSZL,2017
2026-05-18 13:56:33,4b1bc6,HBKNM,LSZL,LSZL,2114
2026-05-18 13:39:36,4b1bc7,HBKNN,LSZL,LSZL,2940
2026-05-18 13:31:07,4b3f28,HBXXW,LSZL,LSZL,4318
2026-05-18 13:29:33,4b1bc5,HBKNL,LSZL,LSZL,1750
2026-05-18 13:24:49,4b1bc9,HBKNP,LSZL,LSZL,2500
2026-05-18 12:48:38,4b1bc2,HBKNI,LSZL,LSZL,3255
2026-05-18 12:27:31,4b1bc5,HBKNL,LSZL,LSZL,1587
2026-05-18 12:03:24,4b1bc9,HBKNP,LSZL,LSZL,2523
2026-05-18 10:30:35,4b1bc5,HBKNL,LSZL,LSZL,1493
2026-05-18 09:30:16,4b1bcc,HBKNS,LSZL,LSZL,852
2026-05-18 09:16:32,4b1bb5,HBKMV,LSZL,LIPL,3176
2026-05-18 08:54:33,4b1bc7,HBKNN,LSZL,LSZL,1252
2026-05-18 08:46:37,4b1bbc,HBKNC,LSZL,LIPL,3495
2026-05-18 08:44:36,4b1bc2,HBKNI,LSZL,LSZL,9558
2026-05-18 08:22:11,4b3f28,HBXXW,LSZL,LSPM,3569
2026-05-18 07:59:45,4b44a1,HBZZT,LSZL,LSZL,2346
2026-05-18 07:51:51,4b1bcc,HBKNS,LSZL,LSZL,2186
2026-05-18 07:34:39,4b1b08,HBKGE,LSZL,LSZL,2943
2026-05-18 07:31:44,4b1bb5,HBKMV,LSZL,LSZL,2325
2026-05-18 07:20:23,4b1bc6,HBKNM,LSZL,LILE,2568
2026-05-18 07:17:28,4b1bc5,HBKNL,LSZL,LSZL,6537
2026-05-18 07:10:33,4b1bc7,HBKNN,LSZL,LSZL,1748
2026-05-18 07:00:46,4b1c6c,HBKTW,LSZL,LSZA,793
2026-05-18 06:35:14,4b44a1,HBZZT,LSZL,LSZL,661
2026-05-18 05:57:12,4b443d,HBZVX,LSZL,LSZA,14057
2026-05-18 05:37:50,4b4387,HBZOX,LSZL,LSZL,3014
2026-05-18 05:37:39,4b3f28,HBXXW,LSZL,LSZL,5760
2026-05-18 05:36:33,4b44a1,HBZZT,LSZL,LSPM,645
2026-05-17 17:12:03,4b1bc9,HBKNP,LSZL,LSZL,1540
2026-05-17 17:09:01,4b3a22,HBWAK,LSZL,LSZL,751
2026-05-17 17:03:30,4b1bc6,HBKNM,LSZL,LSZL,1534
2026-05-17 16:49:07,4b1bc9,HBKNP,LSZL,LSZL,673
2026-05-17 16:45:53,4b3a22,HBWAK,LSZL,LSZL,784
2026-05-17 16:45:31,4b1bc2,HBKNI,LSZL,LSZL,1111
2026-05-17 16:22:14,4b1bb5,HBKMV,LSZL,LSZL,1739
2026-05-17 15:51:46,4b1bc2,HBKNI,LSZL,LSZL,2225
2026-05-17 15:42:30,4b1bcc,HBKNS,LSZL,LSZL,1011
2026-05-17 15:41:11,4b1bc9,HBKNP,LSZL,LSZL,1330
2026-05-17 15:32:54,4b3a22,HBWAK,LSZL,LSZL,1513
2026-05-17 15:10:21,4b1bc6,HBKNM,LSZL,LSZA,1358
2026-05-17 14:52:35,4b1bcc,HBKNS,LSZL,LSZL,1957
2026-05-17 14:47:08,4b3a22,HBWAK,LSZL,LSZL,790
2026-05-17 14:42:56,4b40fe,HBYPY,LSZL,LSPU,1769
2026-05-17 14:37:34,4b1bc2,HBKNI,LSZL,LSZL,1015
2026-05-17 14:07:46,4b1fa1,HBLZL,LSZL,LSZL,4710
2026-05-17 14:05:30,4b1bc5,HBKNL,LSZL,LSZL,7456
2026-05-17 13:59:02,4b1bc7,HBKNN,LSZL,LSZA,7377
2026-05-17 13:31:16,4b1bc2,HBKNI,LSZL,LSZL,2832
2026-05-17 13:28:22,4b1bcc,HBKNS,LSZL,LSZL,1083
2026-05-17 13:02:05,4b1bbc,HBKNC,LSZL,LSZL,11651
2026-05-17 13:01:19,4b1bc9,HBKNP,LSZL,LSZL,2887
2026-05-17 12:52:23,4b1bcc,HBKNS,LSZL,LSZL,1172
2026-05-17 12:48:17,4b3a22,HBWAK,LSZL,LSZL,821
2026-05-17 12:43:17,4b1bc5,HBKNL,LSZL,LSZL,2592
2026-05-17 12:09:31,4b1bc7,HBKNN,LSZL,LSZA,1401
2026-05-17 12:00:34,4b1fa1,HBLZL,LSZL,LSZL,4944
2026-05-17 11:56:13,4b5169,HB3266,LSZL,LSZL,1106
2026-05-17 11:51:50,4b0c39,HBEQJ,LSZL,LSPG,2240
2026-05-17 11:49:00,4b07fd,HBDAR,LSZL,LSZR,2999
2026-05-17 11:22:08,4b1bc6,HBKNM,LSZL,LSZL,8991
2026-05-17 11:15:21,4b1bc9,HBKNP,LSZL,LSZA,875
2026-05-17 11:08:45,4b1bc5,HBKNL,LSZL,LSZL,3069
2026-05-17 11:02:34,4b3a22,HBWAK,LSZL,LSZL,1952
2026-05-17 10:56:38,4b1c01,HBKPT,LSZL,LSZN,3541
2026-05-17 10:46:46,4b1bc7,HBKNN,LSZL,LSZL,725
2026-05-17 10:27:09,4b1bcc,HBKNS,LSZL,LSZL,4683
2026-05-17 10:18:03,4b1bc6,HBKNM,LSZL,LSZL,1787
2026-05-17 10:14:20,4b3a22,HBWAK,LSZL,LSZL,1179
2026-05-17 10:03:30,4b1bc5,HBKNL,LSZL,LSZL,1379
2026-05-17 10:01:35,4b1bb5,HBKMV,LSZL,LOWI,6201
2026-05-17 09:57:01,4b1c99,HBKVP,LSZL,LSPV,3837
2026-05-17 09:37:45,4b3a22,HBWAK,LSZL,LSZL,1402
2026-05-17 09:37:08,4b08aa,HBDHI,LSZL,LSZF,3290
2026-05-17 09:34:36,4b1bc7,HBKNN,LSZL,LSZL,971
2026-05-17 09:27:08,aab66b,N79HR,LSZL,LSZL,1810
2026-05-17 09:21:51,4b1bc2,HBKNI,LSZL,LILE,2720
2026-05-17 09:09:22,4b3a22,HBWAK,LSZL,LSZL,978
2026-05-17 09:03:36,4b1bc6,HBKNM,LSZL,LSZL,620
2026-05-17 08:56:56,500028,T7PCS,LSZL,LSZL,1366
2026-05-17 08:45:25,4b1e1d,HBLKN,LSZL,LIPV,3894
2026-05-17 08:44:11,4b3a22,HBWAK,LSZL,LSZL,696
2026-05-17 08:05:12,4b3a22,HBWAK,LSZL,LSZL,673
2026-05-17 08:02:15,4b1fa1,HBLZL,LSZL,LSZL,3873
2026-05-17 07:57:28,4b1b08,HBKGE,LSZL,LSZL,2327
2026-05-17 07:51:00,4b1bcc,HBKNS,LSZL,LIME,2668
2026-05-17 07:48:59,4b1bc5,HBKNL,LSZL,LSZA,1457
2026-05-17 07:40:42,4b1bbc,HBKNC,LSZL,LIMG,5447
2026-05-17 07:37:17,4b23e7,HBNPN,LSZL,LSZA,2449
2026-05-17 07:32:21,4b1bc9,HBKNP,LSZL,LSZL,11781
2026-05-17 07:27:36,4b1bc6,HBKNM,LSZL,LSZL,3343
2026-05-17 07:18:47,4b3a22,HBWAK,LSZL,LSZL,726
2026-05-17 07:17:47,4b1bb5,HBKMV,LSZL,LSZL,4595
2026-05-20 17:22:33,4b1bcc,HBKNS,LSZL,LSZL,1685
2026-05-20 17:21:40,4b1bc6,HBKNM,LSZL,LSZL,2065
2026-05-20 16:28:47,4b1bc7,HBKNN,LSZL,LSZL,1324
2026-05-20 15:53:35,4b1bc5,HBKNL,LSZL,LSZL,1765
2026-05-20 15:40:52,4b1bb5,HBKMV,LSZL,LSZL,2733
2026-05-20 14:24:33,4b1bc6,HBKNM,LSZL,LIME,2569
2026-05-20 14:17:40,4b1bc9,HBKNP,LSZL,LSZA,6927
2026-05-20 14:01:30,4b1bb5,HBKMV,LSZL,LSZL,2986
2026-05-20 13:37:51,4b1bc5,HBKNL,LSZL,LSZL,4716
2026-05-20 13:06:30,4b1bc2,HBKNI,LSZL,LSZL,6347
2026-05-20 13:04:19,4b443d,HBZVX,LSZL,LSZL,1148
2026-05-20 12:37:05,4b1fa1,HBLZL,LSZL,LSZL,5965
2026-05-20 12:18:11,4b1bcc,HBKNS,LSZL,LSGL,5686
2026-05-20 12:16:34,4b1bbc,HBKNC,LSZL,LSZL,8691
2026-05-20 12:06:31,4b1bc6,HBKNM,LSZL,LSZL,3322
2026-05-20 12:00:11,4b1bc7,HBKNN,LSZL,LSZL,7356
2026-05-20 11:59:00,4b1bc2,HBKNI,LSZL,LSZL,1499
2026-05-20 11:36:45,43ec6e,2EGJB,LSZL,,847
2026-05-20 11:28:02,4b3f28,HBXXW,LSZL,LSZA,2974
2026-05-20 11:28:00,4b442e,HBZVI,LSZL,LSPM,1079
2026-05-20 10:53:45,4b1bc5,HBKNL,LSZL,LSZL,4387
2026-05-20 09:52:19,4b1bc6,HBKNM,LSZL,LSZL,5461
2026-05-20 09:46:55,4b0f49,HBFUN,LSZL,LIPV,2910
2026-05-20 09:42:33,4b1bbc,HBKNC,LSZL,LSZL,1670
2026-05-20 09:23:41,4b1bc5,HBKNL,LSZL,LSZL,3251
2026-05-20 09:13:49,4b1bc7,HBKNN,LSZL,LILE,2940
2026-05-20 08:31:07,4b1bc2,HBKNI,LSZL,LSZL,4986
2026-05-20 08:18:26,4b1bbc,HBKNC,LSZL,LSPM,1141
2026-05-20 07:38:41,4b1bc7,HBKNN,LSZL,LSZL,1566
2026-05-20 07:27:13,4b442e,HBZVI,LSZL,LSZL,7965
2026-05-20 07:22:34,4b1bb5,HBKMV,LSZL,LSZL,3265
2026-05-20 07:20:08,4b1bcc,HBKNS,LSZL,LIMG,5317
2026-05-20 07:19:15,4b4424,HBZUY,LSZL,LSZL,8138
2026-05-20 07:19:10,4b1bbc,HBKNC,LSZL,LSZL,1532
2026-05-20 07:07:04,4b1bc5,HBKNL,LSZL,LSZL,5295
2026-05-20 07:01:19,4b40fe,HBYPY,LSZL,LSZL,3586
2026-05-20 06:56:45,4b443d,HBZVX,LSZL,LSZL,669
2026-05-20 06:46:34,4b1c24,HBKRC,LSZL,LIMB,1134
2026-05-20 06:37:14,4b442e,HBZVI,LSZL,LSZL,2378
2026-05-20 06:29:13,4d243f,9HSKW,LSZL,EGKB,6653
2026-05-20 06:18:32,4b4424,HBZUY,LSZL,LSZL,3016
2026-05-20 05:56:20,4b44a1,HBZZT,LSZL,LSZL,18726
2026-05-20 05:38:59,4b4424,HBZUY,LSZL,LSZL,1302
2026-05-20 05:35:53,4b443d,HBZVX,LSZL,LSZL,3778
2026-05-20 05:28:29,4b442e,HBZVI,LSZL,LSZL,3449
2026-05-19 17:13:31,4b1bc9,HBKNP,LSZL,LSZL,2416
2026-05-19 17:13:03,4b1bc5,HBKNL,LSZL,LSZL,2253
2026-05-19 15:27:30,4b1bc2,HBKNI,LSZL,LSZL,1421
2026-05-19 15:23:00,4b1bc7,HBKNN,LSZL,LSZL,1955
2026-05-19 14:48:15,4b1bcc,HBKNS,LSZL,LSZL,729
2026-05-19 14:24:05,4b1bb5,HBKMV,LSZL,LIME,2781
2026-05-19 14:05:45,4b1bb6,HBKMW,LSZL,LSZA,1684
2026-05-19 14:03:05,4b1bc9,HBKNP,LSZL,LSPM,1523
2026-05-19 13:49:45,4b1bc7,HBKNN,LSZL,LSZL,1543
2026-05-19 13:46:46,4b7f78,T741,LSZL,LSMD,1968
2026-05-19 13:30:36,4b4387,HBZOX,LSZL,LSPM,2273
2026-05-19 13:18:01,4b40f1,HBYPL,LSZL,LSZK,2789
2026-05-19 13:17:06,4b4156,HBYTI,LSZL,LSPL,3683
2026-05-19 13:11:48,4b1bcc,HBKNS,LSZL,LSZL,1655
2026-05-19 13:06:42,4b1bc5,HBKNL,LSZL,LSZL,7247
2026-05-19 13:02:07,4b1bc6,HBKNM,LSZL,LSZL,6670
2026-05-19 12:54:44,4b1fa1,HBLZL,LSZL,LSZL,6535
2026-05-19 12:47:30,4b1bbc,HBKNC,LSZL,LSZL,9304
2026-05-19 12:33:40,4b1bc7,HBKNN,LSZL,LSZL,1956
2026-05-19 12:31:01,4b3309,RGA06,LSZL,LSZL,786
2026-05-19 12:30:18,4b1e1d,HBLKN,LSZL,LIMB,6217
2026-05-19 12:20:00,4b1bc2,HBKNI,LSZL,LIPL,3010
2026-05-19 12:16:35,4b1bb5,HBKMV,LSZL,LSZL,3885
2026-05-19 12:06:19,4b1bcc,HBKNS,LSZL,LSZL,1595
2026-05-19 12:04:16,4b4db1,HB2314,LSZL,LSZL,3610
2026-05-19 11:24:30,4b4387,HBZOX,LSZL,LSZL,4666
2026-05-19 11:22:00,4b442e,HBZVI,LSZL,LSZL,2277
2026-05-19 11:17:37,4b44a1,HBZZT,LSZL,LSZL,8720
2026-05-19 09:59:00,4b1bbc,HBKNC,LSZL,LSZL,1886
2026-05-19 09:53:37,4b1bc7,HBKNN,LSZL,LSZL,1662
2026-05-19 09:46:52,4b1bc5,HBKNL,LSZL,LIMJ,4023
2026-05-19 09:38:03,4b1bcc,HBKNS,LSZL,LSZL,1865
2026-05-19 09:32:07,4b4387,HBZOX,LSZL,LSZL,2405
2026-05-19 09:09:03,4b1bc9,HBKNP,LSZL,LSZL,1214
2026-05-19 09:06:00,4b1bc6,HBKNM,LSZL,LSZL,1491
2026-05-19 09:03:26,4b4437,HBZVR,LSZL,LSZL,1379
2026-05-19 08:47:15,4b1bc7,HBKNN,LSZL,LSZL,1364
2026-05-19 08:34:01,4b4387,HBZOX,LSZL,LSZL,1813
2026-05-19 08:24:43,4b1bbc,HBKNC,LSZL,LSZL,1053
2026-05-19 08:20:35,4b442e,HBZVI,LSZL,LSZL,1924
2026-05-19 08:04:30,4b1bc6,HBKNM,LSZL,LSZL,687
2026-05-19 07:56:28,4b1bcc,HBKNS,LSZL,LSZL,929
2026-05-19 07:50:45,4b1fa1,HBLZL,LSZL,LSZL,4331
2026-05-19 07:31:46,4b1bc2,HBKNI,LSZL,LIPL,3033
2026-05-19 07:29:13,4b3309,RGA06,LSZL,LSZL,748
2026-05-19 07:26:37,4b1bc6,HBKNM,LSZL,LSZL,1101
2026-05-19 07:17:09,4b1bc5,HBKNL,LSZL,LSTA,1506
2026-05-19 06:17:51,4b442e,HBZVI,LSZL,LSZL,3727
2026-05-19 06:13:19,4b443d,HBZVX,LSZL,LSZL,13608
2026-05-19 05:35:22,4b4387,HBZOX,LSZL,LSZL,9110
2026-05-19 05:21:13,4b44a1,HBZZT,LSZL,LSZL,16334
2026-05-22 19:41:31,4b3309,RGA06,LSZL,LSZL,894
2026-05-22 17:23:11,4b1bc9,HBKNP,LSZL,LSZL,1818
2026-05-22 16:54:10,4b4db1,HB2314,LSZL,LSZL,2302
2026-05-22 16:47:55,4b1bc6,HBKNM,LSZL,LSZL,1515
2026-05-22 16:42:21,4b1bbc,HBKNC,LSZL,LSZL,1530
2026-05-22 16:19:39,4b1bb5,HBKMV,LSZL,LSZL,3184
2026-05-22 16:10:30,4b1bc9,HBKNP,LSZL,LSZL,681
2026-05-22 16:00:34,4b3309,RGA06,LSZL,LSZL,744
2026-05-22 15:59:45,4b4db1,HB2314,LSZL,LSZL,972
2026-05-22 15:46:22,4b1bc9,HBKNP,LSZL,LSZL,806
2026-05-22 15:33:23,4b5169,HB3266,LSZL,LSZL,3697
2026-05-22 15:26:00,4b1fa1,HBLZL,LSZL,LSZL,1223
2026-05-22 15:19:48,4b1bbc,HBKNC,LSZL,LSZL,1075
2026-05-22 15:02:31,4b4db1,HB2314,LSZL,LSZL,2808
2026-05-22 15:01:06,511142,ESTWN,LSZL,LSZA,1707
2026-05-22 14:56:33,4b1b78,HBKKM,LSZL,LSZG,2454
2026-05-22 14:43:04,4b1bbc,HBKNC,LSZL,LSZL,1180
2026-05-22 14:26:02,4b4db1,HB2314,LSZL,LSZL,1303
2026-05-22 14:23:37,4b442e,HBZVI,LSZL,LSPM,2286
2026-05-22 14:16:41,4b1bc9,HBKNP,LSZL,LSZL,1980
2026-05-22 14:11:13,4b1bc2,HBKNI,LSZL,LILE,2806
2026-05-22 14:07:05,4b28aa,HBPKK,LSZL,LSZB,3171
2026-05-22 13:58:01,4b1bb5,HBKMV,LSZL,LSZL,4190
2026-05-22 13:56:06,4b1bc7,HBKNN,LSZL,LSZL,12739
2026-05-22 13:42:18,a1e06c,N22UB,LSZL,EBAW,5486
2026-05-22 13:36:02,4b1bc6,HBKNM,LSZL,LSTA,1688
2026-05-22 13:20:52,4b3f28,HBXXW,LSZL,LIMB,1343
2026-05-22 13:15:33,4b1bc9,HBKNP,LSZL,LSZL,2153
2026-05-22 13:11:43,4b27d0,HBPCA,LSZL,LSGC,4804
2026-05-22 13:08:07,4b4db1,HB2314,LSZL,LSZL,1051
2026-05-22 13:01:24,486782,PHSMD,LSZL,,1294
2026-05-22 12:59:00,4b443d,HBZVX,LSZL,LSZA,2721
2026-05-22 12:55:15,4b1bb6,HBKMW,LSZL,LSZA,819
2026-05-22 12:51:53,4b4322,HBZLA,LSZL,LSZL,1134
2026-05-22 12:37:34,4b1bc7,HBKNN,LSZL,LSZL,1211
2026-05-22 12:34:08,4b3fc6,HBYDY,LSZL,LSZF,3877
2026-05-22 12:28:36,abbe20,N856FA,LSZL,LSMD,3302
2026-05-22 12:22:21,4b1bb5,HBKMV,LSZL,LSZL,2204
2026-05-22 12:18:41,4b3fda,HBYES,LSZL,LSZG,5119
2026-05-22 12:13:30,4b1bcc,HBKNS,LSZL,,2211
2026-05-22 12:12:04,4b1e1d,HBLKN,LSZL,LSZR,2176
2026-05-22 12:00:37,4b1fa1,HBLZL,LSZL,LSZL,5550
2026-05-22 11:57:00,4b1bc7,HBKNN,LSZL,LSZL,1194
2026-05-22 11:55:27,4b1d21,HBLAV,LSZL,EHTE,9386
2026-05-22 11:47:00,4b1bc6,HBKNM,LSZL,LSZL,3222
2026-05-22 11:28:54,4b442e,HBZVI,LSZL,LSZL,7444
2026-05-22 11:17:08,4b443d,HBZVX,LSZL,LSZL,2629
2026-05-22 10:56:51,4b1bbc,HBKNC,LSZL,LSPU,1925
2026-05-22 09:47:00,4b1bc2,HBKNI,LSZL,LSTA,1720
2026-05-22 09:39:16,4b3309,RGA06,LSZL,LSZL,2532
2026-05-22 09:24:39,4b1bcc,HBKNS,LSZL,LSZL,1940
2026-05-22 09:08:16,4b07fd,HBDAR,LSZL,LFMD,5496
2026-05-22 09:00:08,4b4424,HBZUY,LSZL,LSZL,1610
2026-05-22 09:00:01,500028,T7PCS,LSZL,LSZL,1384
2026-05-22 07:49:51,500028,T7PCS,LSZL,LSZA,607
2026-05-22 07:31:40,4b1bc9,HBKNP,LSZL,LILB,1698
2026-05-22 07:18:42,4b1bcc,HBKNS,LSZL,LSZL,1695
2026-05-22 07:16:44,4b1bc7,HBKNN,LSZL,LIMB,2269
2026-05-22 05:38:42,4b4424,HBZUY,LSZL,LSPM,797
2026-05-22 05:32:46,4b443d,HBZVX,LSZL,LSZA,3151
2026-05-22 05:31:51,4b442e,HBZVI,LSZL,LSZL,8353
2026-05-21 16:54:00,4b1bbc,HBKNC,LSZL,LSZL,1108
2026-05-21 16:46:09,4b1bcc,HBKNS,LSZL,LSZL,3770
2026-05-21 15:57:22,4b40fe,HBYPY,LSZL,LSZL,4757
2026-05-21 15:17:11,4b1bcc,HBKNS,LSZL,LSZL,2080
2026-05-21 15:16:05,3de9ae,DHITA,LSZL,LIMF,2099
2026-05-21 15:14:14,aa793a,N774PT,LSZL,LSZA,1492
2026-05-21 15:13:17,4b1bb5,HBKMV,LSZL,LSZL,3796
2026-05-21 15:12:07,4b1bc5,HBKNL,LSZL,LSZL,1047
2026-05-21 14:13:34,4b4424,HBZUY,LSZL,LSZL,2812
2026-05-21 13:53:54,3d3292,DERKC,LSZL,LIMB,1077
2026-05-21 13:42:01,4b1b89,HBKLD,LSZL,LSZT,3734
2026-05-21 13:30:31,4b1bb5,HBKMV,LSZL,LSZL,2962
2026-05-21 13:19:38,4b1bcc,HBKNS,LSZL,LSZL,1849
2026-05-21 13:11:39,4b1bc7,HBKNN,LSZL,LSZA,3643
2026-05-21 12:54:52,4b1bc2,HBKNI,LSZL,LSZR,4466
2026-05-21 12:46:53,4b1fa1,HBLZL,LSZL,LSZL,1942
2026-05-21 12:45:38,4b1e1d,HBLKN,LSZL,LSZL,3299
2026-05-21 12:20:13,4b1bcc,HBKNS,LSZL,LSZL,1663
2026-05-21 12:14:16,4b1bc9,HBKNP,LSZL,LIMZ,5556
2026-05-21 12:11:45,4b2811,HBPEN,LSZL,LSZB,4335
2026-05-21 12:09:36,4b1bc5,HBKNL,LSZL,LSZL,3743
2026-05-21 11:58:11,3d3292,DERKC,LSZL,LSZL,2136
2026-05-21 11:47:06,4b4424,HBZUY,LSZL,LSZL,1419
2026-05-21 11:05:45,4b442e,HBZVI,LSZL,LSZL,12261
2026-05-21 10:32:09,4b1bb5,HBKMV,LSZL,LSZL,2355
2026-05-21 10:13:13,4b1fa1,HBLZL,LSZL,LSZL,2264
2026-05-21 09:56:10,4b1bcc,HBKNS,LSZL,LSZL,1516
2026-05-21 09:55:51,600885,AZH1918,LSZL,,7469
2026-05-21 09:53:31,4b1bc2,HBKNI,LSZL,LIMJ,4310
2026-05-21 09:46:30,4b1bdd,HBKOJ,LSZL,LSGL,4198
2026-05-21 09:41:32,4b301c,HBSFS,LSZL,LSZN,3373
2026-05-21 09:10:51,4b1bbc,HBKNC,LSZL,LIPV,7854
2026-05-21 09:10:30,4b442e,HBZVI,LSZL,LSZL,831
2026-05-21 09:08:31,4b1bb5,HBKMV,LSZL,LSZA,1242
2026-05-21 09:03:15,4b1bc9,HBKNP,LSZL,LSZL,10121
2026-05-21 08:41:48,4b1bc2,HBKNI,LSZL,LSZL,3066
2026-05-21 08:41:13,a31cde,N3YZ,LSZL,LSZG,2192
2026-05-21 08:35:21,4b4424,HBZUY,LSZL,LSZL,4894
2026-05-21 07:57:13,4b1fa1,HBLZL,LSZL,LSZL,1784
2026-05-21 07:44:51,4b1bc5,HBKNL,LSZL,LIDT,4261
2026-05-21 07:43:54,4b443d,HBZVX,LSZL,LSZA,734
2026-05-21 07:28:33,4b1bc9,HBKNP,LSZL,LSZL,3536
2026-05-21 07:18:42,4b1bcc,HBKNS,LSZL,LSZL,7392
2026-05-21 07:12:36,4b1bbc,HBKNC,LSZL,LSZL,1432
2026-05-21 06:49:57,4b1bb5,HBKMV,LSZL,LSZL,3762
2026-05-21 06:37:59,4b1bc7,HBKNN,LSZL,LSZC,3480
2026-05-21 06:14:18,4b1bc6,HBKNM,LSZL,LFMD,7178
2026-05-21 05:40:26,4b4387,HBZOX,LSZL,LSZL,3235
2026-05-21 05:40:08,4b442e,HBZVI,LSZL,LSZL,8988
2026-05-21 05:39:55,4b44a1,HBZZT,LSZL,LSZL,14746
2026-05-21 05:34:21,4b4424,HBZUY,LSZL,LSPM,2038
2026-05-24 17:08:55,4b1c6c,HBKTW,LSZL,LSZA,789
2026-05-24 17:04:22,4b1bc6,HBKNM,LSZL,LSZL,1697
2026-05-24 16:40:03,4b1bbc,HBKNC,LSZL,LSZL,2299
2026-05-24 16:35:11,4b059a,HBCDE,LSZL,LSZN,2797
2026-05-24 16:19:08,4b1c67,HBKTR,LSZL,LSZI,3122
2026-05-24 16:05:32,4b1bc6,HBKNM,LSZL,LSZL,1405
2026-05-24 15:41:35,3d0afa,DECKG,LSZL,LSZF,3569
2026-05-24 15:31:23,3d0f7a,DEECO,LSZL,EDFZ,6564
2026-05-24 14:44:18,4b1bbc,HBKNC,LSZL,LSZL,3382
2026-05-24 14:34:01,4b1bc9,HBKNP,LSZL,LSZL,1564
2026-05-24 14:14:32,4b0c84,HBETG,LSZL,LSPF,3683
2026-05-24 14:13:02,4b3a22,HBWAK,LSZL,LSZL,685
2026-05-24 14:12:02,4b51f3,HB3404,LSZL,LSZL,1637
2026-05-24 13:30:40,4b3a22,HBWAK,LSZL,LSZL,644
2026-05-24 13:05:36,4b3a22,HBWAK,LSZL,LSZL,803
2026-05-24 13:05:00,4b51f3,HB3404,LSZL,LSZL,3382
2026-05-24 12:36:55,4b4cca,HB2083,LSZL,LSZG,5185
2026-05-24 12:36:15,4b51f3,HB3404,LSZL,LSZL,751
2026-05-24 12:32:39,4b1fa1,HBLZL,LSZL,LSZL,6406
2026-05-24 12:14:08,4b1bcc,HBKNS,LSZL,LSPV,3912
2026-05-24 12:06:00,4b08aa,HBDHI,LSZL,LSZF,3825
2026-05-24 11:59:32,4b1bc9,HBKNP,LSZL,,2150
2026-05-24 11:57:37,4b1b07,HBKGD,LSZL,LSZL,2480
2026-05-24 11:55:33,4b1bc2,HBKNI,LSZL,LIME,3012
2026-05-24 11:39:38,4b0618,HBCIA,LSZL,LSPL,4712
2026-05-24 11:08:13,4b3a22,HBWAK,LSZL,LSZL,2612
2026-05-24 10:53:57,4b3309,RGA06,LSZL,LSZL,978
2026-05-24 10:22:19,4b1bc2,HBKNI,LSZL,LSZL,1629
2026-05-24 10:05:38,3d32dc,DERMY,LSZL,LIPV,3849
2026-05-24 09:56:59,4b1bbc,HBKNC,LSZL,LSPU,1798
2026-05-24 09:54:33,4b4db1,HB2314,LSZL,LSPV,3766
2026-05-24 09:39:50,48d247,SPWTH,LSZL,LSZN,3291
2026-05-24 09:34:14,aab66b,N79HR,LSZL,LOWS,5385
2026-05-24 09:33:24,4407fd,OEFUB,LSZL,LSZL,2297
2026-05-24 09:23:37,4b1bc9,HBKNP,LSZL,LSZL,3167
2026-05-24 09:19:11,4b3a22,HBWAK,LSZL,LSZL,2291
2026-05-24 09:01:24,4b4322,HBZLA,LSZL,LSZL,1305
2026-05-24 08:43:14,4b3a22,HBWAK,LSZL,LSZL,787
2026-05-24 08:40:50,4b51f3,HB3404,LSZL,LSZL,992
2026-05-24 08:28:30,4b1af2,HBKFI,LSZL,LSGL,4476
2026-05-24 08:02:42,4b1bc6,HBKNM,LSZL,LSZL,25874
2026-05-24 07:55:09,4b1bc9,HBKNP,LSZL,LSZL,2018
2026-05-24 07:45:35,4b1bc2,HBKNI,LSZL,LSZL,4764
2026-05-24 07:41:17,4b1bcc,HBKNS,LSZL,LSTA,1639
2026-05-24 07:04:26,4b1fa1,HBLZL,LSZL,LSZL,5594
2026-05-23 17:13:35,4b2685,HBOPH,LSZL,LSGP,6723
2026-05-23 16:50:09,4b1bb5,HBKMV,LSZL,LSZL,2231
2026-05-23 16:40:02,4b1bc2,HBKNI,LSZL,LSZL,1875
2026-05-23 15:37:44,4b1bbc,HBKNC,LSZL,LSZL,1582
2026-05-23 15:16:38,3d22ef,DELMD,LSZL,LOIH,3813
2026-05-23 14:54:44,4b303e,HBSHA,LSZL,LSZR,3299
2026-05-23 14:26:04,4b3a22,HBWAK,LSZL,LSZL,797
2026-05-23 14:25:38,4b51f3,HB3404,LSZL,LSZL,909
2026-05-23 14:17:20,4b1bc2,HBKNI,LSZL,LSZL,2067
2026-05-23 13:55:42,4b1bc9,HBKNP,LSZL,LSZB,3702
2026-05-23 13:47:18,4b51f3,HB3404,LSZL,LSZL,701
2026-05-23 13:30:41,4b1bb5,HBKMV,LSZL,LSZL,4185
2026-05-23 13:22:05,4b3a22,HBWAK,LSZL,LSZL,785
2026-05-23 13:03:01,4b1fa1,HBLZL,LSZL,LIPO,2506
2026-05-23 12:41:44,4b1bc6,HBKNM,LSZL,LSPV,4634
2026-05-23 12:40:04,500028,T7PCS,LSZL,LSZL,1716
2026-05-23 12:24:49,4b4cca,HB2083,LSZL,LSZG,5409
2026-05-23 12:22:01,4b51f3,HB3404,LSZL,LSZL,773
2026-05-23 12:07:04,4b1bbc,HBKNC,LSZL,LSZL,8695
2026-05-23 12:00:25,4b51f3,HB3404,LSZL,LSZL,626
2026-05-23 11:57:17,4b0e15,HBFIR,LSZL,LSZC,1328
2026-05-23 11:54:26,4b1bc9,HBKNP,LSZL,LSZL,811
2026-05-23 11:39:41,4b1bb7,HBKMX,LSZL,LSZK,4548
2026-05-23 11:36:12,4b3a22,HBWAK,LSZL,LSZL,4844
2026-05-23 11:20:02,4b4322,HBZLA,LSZL,LSZL,1027
2026-05-23 11:15:08,4b3fc6,HBYDY,LSZL,LSZF,3822
2026-05-23 11:05:00,4b1bc2,HBKNI,LSZL,LSZL,9119
2026-05-23 10:23:02,4b1bb5,HBKMV,LSZL,LSZL,1091
2026-05-23 10:19:40,4b1bbc,HBKNC,LSZL,LSZL,2884
2026-05-23 10:19:04,4b3a22,HBWAK,LSZL,LSZL,835
2026-05-23 09:42:53,4b443d,HBZVX,LSZL,LSZL,1515
2026-05-23 09:37:40,4b1bc2,HBKNI,LSZL,LSZL,2808
2026-05-23 09:34:00,4b3a22,HBWAK,LSZL,LSZL,1439
2026-05-23 09:33:16,4b1fa1,HBLZL,LSZL,LSZL,6853
2026-05-23 09:29:39,4b1bc6,HBKNM,LSZL,LSZL,9440
2026-05-23 09:28:43,4b1bb5,HBKMV,LSZL,LSZL,1515
2026-05-23 09:23:11,4b4322,HBZLA,LSZL,LSZL,2487
2026-05-23 09:19:03,500028,T7PCS,LSZL,LSZL,1824
2026-05-23 09:05:06,4b1c56,HBKTA,LSZL,LSPN,7667
2026-05-23 09:00:42,4b4322,HBZLA,LSZL,LSZL,646
2026-05-23 08:57:30,4b40e4,HBYOY,LSZL,LIPV,5182
2026-05-23 08:57:11,4b3a22,HBWAK,LSZL,LSZL,783
2026-05-23 08:54:37,4b066f,HBCLJ,LSZL,LSPN,3803
2026-05-23 08:32:55,4b1bc6,HBKNM,LSZL,LSZL,1552
2026-05-23 07:47:05,4b1bbc,HBKNC,LSZL,LSZL,7122
2026-05-23 07:44:42,4b3a22,HBWAK,LSZL,LSZL,3557
2026-05-23 07:33:40,4b1bc6,HBKNM,LSZL,LSZL,1561
2026-05-23 07:32:26,4b1bcc,HBKNS,LSZL,LSTA,1621
2026-05-23 07:30:51,4b1bb5,HBKMV,LSZL,LSZL,2377
2026-05-23 07:22:10,4b1bc9,HBKNP,LSZL,LSTA,1767
2026-05-23 07:20:16,4b1bc7,HBKNN,LSZL,LSZL,3210
2026-05-23 07:15:49,4b1bc2,HBKNI,LSZL,LSZL,4219
2026-05-23 07:15:35,4b1fa1,HBLZL,LSZL,LSZL,2182
2026-05-23 07:01:47,4b4121,HBYRH,LSZL,LIPV,5889
2026-05-23 06:48:17,4b4072,HBYKO,LSZL,LSZE,2472
2026-05-23 06:23:10,4b07fd,HBDAR,LSZL,LSZR,2624
2026-05-23 05:35:03,4b4424,HBZUY,LSZL,LSZL,1012
2026-05-26 17:09:41,4b1bbc,HBKNC,LSZL,LSZL,1712
2026-05-26 16:24:51,4b1bb5,HBKMV,LSZL,LSZL,1178
2026-05-26 15:59:01,4b1bbc,HBKNC,LSZL,LSZL,2548
2026-05-26 15:55:40,4aaa87,SEJTG,LSZL,LIME,2630
2026-05-26 15:06:32,4b1bbc,HBKNC,LSZL,LSZL,1311
2026-05-26 14:13:47,4b4424,HBZUY,LSZL,LSZL,2390
2026-05-26 14:01:19,4b1bb5,HBKMV,LSZL,LSZL,3151
2026-05-26 13:58:00,4b1bbc,HBKNC,LSZL,LSZL,2077
2026-05-26 13:06:46,4b1fa1,HBLZL,LSZL,LSZL,5563
2026-05-26 13:01:44,4b442e,HBZVI,LSZL,LSZL,1675
2026-05-26 12:49:02,4b4387,HBZOX,LSZL,LSZL,1153
2026-05-26 12:25:49,4b1bb5,HBKMV,LSZL,LSZL,3323
2026-05-26 12:15:37,4b1bbc,HBKNC,LSZL,LSZL,4072
2026-05-26 12:11:01,4b1b07,HBKGD,LSZL,LSZL,1584
2026-05-26 12:06:56,4b4387,HBZOX,LSZL,LSZL,751
2026-05-26 12:06:33,4b4437,HBZVR,LSZL,LSZL,1748
2026-05-26 12:01:32,4b1e1d,HBLKN,LSZL,LSZL,2394
2026-05-26 11:47:07,4b1c6c,HBKTW,LSZL,LSZA,876
2026-05-26 11:22:51,4b44a1,HBZZT,LSZL,LSZL,5408
2026-05-26 10:54:13,4b303a,HBSGW,LSZL,LSZT,4496
2026-05-26 09:42:44,4b1fa1,HBLZL,LSZL,LSZL,6984
2026-05-26 09:36:31,4b442e,HBZVI,LSZL,LSPM,1064
2026-05-26 09:31:00,4b3510,HBUCM,LSZL,LSPL,3506
2026-05-26 09:28:02,4b1b07,HBKGD,LSZL,LSZL,1564
2026-05-26 09:14:15,4b4424,HBZUY,LSZL,LSZL,1684
2026-05-26 09:07:45,4b3f28,HBXXW,LSZL,LSZA,2652
2026-05-26 08:44:18,4b4424,HBZUY,LSZL,LSZL,851
2026-05-26 08:17:34,4b1b07,HBKGD,LSZL,LSZL,2383
2026-05-26 07:52:37,4b1bbc,HBKNC,LSZL,LSZL,1552
2026-05-26 07:49:31,4b442e,HBZVI,LSZL,LSZL,3508
2026-05-26 07:36:41,4b40fe,HBYPY,LSZL,LSZL,3346
2026-05-26 07:24:25,4b4387,HBZOX,LSZL,LSZL,8751
2026-05-26 07:11:03,4b1fa1,HBLZL,LSZL,LSZL,5358
2026-05-26 06:52:06,4b4437,HBZVR,LSZL,LSZL,1192
2026-05-26 06:21:14,38c59b,FPTUN,LSZL,LFSP,3613
2026-05-26 05:59:25,4b44a1,HBZZT,LSZL,LSZL,1058
2026-05-26 05:38:40,4b3f28,HBXXW,LSZL,LSZL,11777
2026-05-26 05:38:13,4b443d,HBZVX,LSZL,LSZL,6901
2026-05-26 05:28:34,4b44a1,HBZZT,LSZL,LSZL,745
2026-05-25 17:44:12,4b3309,RGA06,LSZL,LSZL,1044
2026-05-25 16:58:07,4b1bbc,HBKNC,LSZL,LSZL,1078
2026-05-25 16:34:02,4b1bbc,HBKNC,LSZL,LSZL,713
2026-05-25 16:16:23,a79c67,N59PV,LSZL,LFLI,2365
2026-05-25 16:09:07,3d3d28,DEVKI,LSZL,LSZA,728
2026-05-25 15:28:18,4b3a22,HBWAK,LSZL,LSZL,875
2026-05-25 15:28:09,a504ae,N422SS,LSZL,LSZR,2567
2026-05-25 15:17:10,4b4072,HBYKO,LSZL,LSZE,3537
2026-05-25 14:50:36,4b303e,HBSHA,LSZL,LSZR,3501
2026-05-25 14:24:00,4b1bc6,HBKNM,LSZL,LSZL,2116
2026-05-25 14:16:42,4b1bc2,HBKNI,LSZL,LSZL,4665
2026-05-25 14:15:09,3d24d3,DEMET,LSZL,LOIH,3390
2026-05-25 13:59:05,4b3a22,HBWAK,LSZL,LSZL,1188
2026-05-25 13:52:42,4b07fd,HBDAR,LSZL,LSZR,3068
2026-05-25 13:48:33,4b1b07,HBKGD,LSZL,LSZL,1659
2026-05-25 13:19:07,4b1bc6,HBKNM,LSZL,LSZL,1695
2026-05-25 13:05:25,4b3a22,HBWAK,LSZL,LSZL,934
2026-05-25 13:00:01,4b1bcc,HBKNS,LSZL,LSZL,1484
2026-05-25 12:45:00,4b1b07,HBKGD,LSZL,LSZL,1388
2026-05-25 12:38:31,4b51f3,HB3404,LSZL,LSZL,1660
2026-05-25 12:20:40,4b3a22,HBWAK,LSZL,LSZL,1428
2026-05-25 12:09:03,4b1bc6,HBKNM,LSZL,LSZL,1777
2026-05-25 12:03:40,4b3fc6,HBYDY,LSZL,LSZF,3858
2026-05-25 11:54:07,4b1fa1,HBLZL,LSZL,LSZL,5642
2026-05-25 11:52:12,4b3309,RGA06,LSZL,LSZB,2346
2026-05-25 11:51:31,4b4cca,HB2083,LSZL,LSZG,5527
2026-05-25 11:36:13,4b4449,HBZWJ,LSZL,LSZG,3248
2026-05-25 11:21:32,4b1b13,HBKGP,LSZL,LSZB,4037
2026-05-25 10:47:32,4b1bbc,HBKNC,LSZL,LSPU,2105
2026-05-25 10:36:02,4b4db1,HB2314,LSZL,LSPM,958
2026-05-25 10:23:42,4b3a22,HBWAK,LSZL,LSZL,637
2026-05-25 10:23:29,4b51f3,HB3404,LSZL,LSZL,625
2026-05-25 09:51:32,4b293f,HBPQD,LSZL,LSGL,5691
2026-05-25 09:49:52,4b1bc5,HBKNL,LSZL,LIDP,11697
2026-05-25 09:49:18,4b1bc9,HBKNP,LSZL,LIDP,11679
2026-05-25 09:28:42,4b3a22,HBWAK,LSZL,LSZL,2156
2026-05-25 09:27:04,4b1b07,HBKGD,LSZL,LSZL,1536
2026-05-25 09:10:32,4b1bc6,HBKNM,LSZL,LSZL,2216
2026-05-25 09:07:44,4b1b4a,HBKIS,LSZL,LSPV,9720
2026-05-25 08:58:59,4407fd,OEFUB,LSZL,LKMT,11382
2026-05-25 08:48:30,4b4db1,HB2314,LSZL,LSZL,4109
2026-05-25 08:34:48,4b1b07,HBKGD,LSZL,LSZL,1388
2026-05-25 08:12:49,4b1e15,HBLKF,LSZL,LSZG,2440
2026-05-25 07:44:06,4b1bc6,HBKNM,LSZL,LSZL,664
2026-05-25 07:33:56,4b4db1,HB2314,LSZL,LSPM,1126
2026-05-25 07:20:55,4b1fa1,HBLZL,LSZL,LSZL,5984
2026-05-25 07:15:13,4b3a22,HBWAK,LSZL,LSZL,1256
2026-05-25 07:08:45,4b1bbc,HBKNC,LSZL,LSZL,9164
2026-05-25 07:05:08,4b1bcc,HBKNS,LSZL,LIMJ,3912
2026-05-28 17:21:20,4b1bb5,HBKMV,LSZL,LSZL,1527
2026-05-28 17:15:17,4b1bc7,HBKNN,LSZL,LSZL,1652
2026-05-28 16:49:30,4b1bbc,HBKNC,LSZL,LSZL,2245
2026-05-28 16:24:01,4b1bc7,HBKNN,LSZL,LSZL,1161
2026-05-28 16:21:09,4b1bb5,HBKMV,LSZL,LSZL,1775
2026-05-28 15:49:00,4b1bbc,HBKNC,LSZL,LSZL,2091
2026-05-28 15:15:36,4b1bc7,HBKNN,LSZL,LSZL,2566
2026-05-28 14:28:41,4b1bbc,HBKNC,LSZL,LSZL,1578
2026-05-28 12:59:09,4b443d,HBZVX,LSZL,LSZL,1163
2026-05-28 12:52:45,4b442e,HBZVI,LSZL,LSZL,3179
2026-05-28 12:52:06,4b1bb5,HBKMV,LSZL,LSZL,4763
2026-05-28 12:47:17,4b1bbc,HBKNC,LSZL,LSZL,4122
2026-05-28 12:28:03,4b443d,HBZVX,LSZL,LSZL,1236
2026-05-28 12:05:34,4b4e42,HB2459,LSZL,LSZS,2265
2026-05-28 12:03:22,4b1fa1,HBLZL,LSZL,LSZL,4908
2026-05-28 11:52:55,4b1b16,HBKGS,LSZL,LSZM,4716
2026-05-28 11:41:54,4b443d,HBZVX,LSZL,LSZL,845
2026-05-28 11:33:44,4b1c48,HBKSM,LSZL,LSZR,4204
2026-05-28 10:43:53,4b1bb5,HBKMV,LSZL,LSZL,906
2026-05-28 10:02:24,4b1bbc,HBKNC,LSZL,LSZL,6600
2026-05-28 09:32:39,4b1bb5,HBKMV,LSZL,LSZL,1323
2026-05-28 09:11:43,4b1c6c,HBKTW,LSZL,LSZA,2185
2026-05-28 09:06:22,4b44a1,HBZZT,LSZL,LSPM,877
2026-05-28 09:05:23,4b1bbc,HBKNC,LSZL,LSZL,2082
2026-05-28 08:40:05,4b4387,HBZOX,LSZL,LSZL,2763
2026-05-28 08:24:54,4b1fa1,HBLZL,LSZL,LSZL,5036
2026-05-28 08:10:58,3d1019,DEEIR,LSZL,EDFE,7806
2026-05-28 08:09:37,4b442e,HBZVI,LSZL,LSZL,8031
2026-05-28 07:47:05,4b443d,HBZVX,LSZL,LSZL,628
2026-05-28 07:39:23,4b1bb5,HBKMV,LSZL,LSZL,5093
2026-05-28 07:33:06,4b4424,HBZUY,LSZL,LSZA,3621
2026-05-28 07:23:24,4b1bbc,HBKNC,LSZL,LSZL,956
2026-05-28 06:53:46,4b4322,HBZLA,LSZL,LILE,1813
2026-05-28 06:51:54,4b448d,HBZYZ,LSZL,LILE,2027
2026-05-28 06:44:13,4b1b07,HBKGD,LSZL,LIPB,3955
2026-05-28 06:07:19,4b3f28,HBXXW,LSZL,LSZA,8444
2026-05-28 05:40:26,4b44a1,HBZZT,LSZL,LSZL,8708
2026-05-28 05:32:09,4b443d,HBZVX,LSZL,LSPM,1543
2026-05-28 05:23:03,4b442e,HBZVI,LSZL,LSPM,729
2026-05-27 17:15:09,4b1bbc,HBKNC,LSZL,LSZL,1863
2026-05-27 16:07:10,4b1bb5,HBKMV,LSZL,LSZL,2413
2026-05-27 15:37:09,3d840b,DFWGH,LSZL,EDLD,5843
2026-05-27 15:31:51,4b1bbc,HBKNC,LSZL,LSZL,2599
2026-05-27 13:50:07,4b44a1,HBZZT,LSZL,LSZL,717
2026-05-27 13:37:15,4b443d,HBZVX,LSZL,LSML,1697
2026-05-27 13:23:14,4b4424,HBZUY,LSZL,LSZL,5687
2026-05-27 13:19:45,4b1bb5,HBKMV,LSZL,LSZL,3524
2026-05-27 13:05:43,4b443d,HBZVX,LSZL,LSZL,795
2026-05-27 13:04:24,4b1bbc,HBKNC,LSZL,LSZL,2913
2026-05-27 12:41:23,4b1bb5,HBKMV,LSZL,LSZL,743
2026-05-27 12:39:00,4b442e,HBZVI,LSZL,LSZL,4289
2026-05-27 12:38:17,4b0f49,HBFUN,LSZL,LFPB,5825
2026-05-27 12:36:36,4b1fa1,HBLZL,LSZL,LSZL,2687
2026-05-27 12:27:20,4b3309,RGA06,LSZL,LSZA,664
2026-05-27 12:01:52,4b4424,HBZUY,LSZL,LSZL,4087
2026-05-27 11:54:36,4b1bbc,HBKNC,LSZL,LSZL,1639
2026-05-27 11:14:12,4b443d,HBZVX,LSZL,LSZL,5713
2026-05-27 11:06:37,4b442e,HBZVI,LSZL,LSZL,4402
2026-05-27 09:34:52,4b1bbc,HBKNC,LSZL,LSZL,6004
2026-05-27 09:22:46,4b1c6c,HBKTW,LSZL,LSZA,2143
2026-05-27 07:23:24,4b1bbc,HBKNC,LSZL,LSZL,3393
2026-05-27 07:22:27,4b1bb5,HBKMV,LSZL,LIPL,3167
2026-05-27 06:54:39,4b1fa1,HBLZL,LSZL,LSZL,6436
2026-05-27 06:51:26,4b443d,HBZVX,LSZL,LSZL,12569
2026-05-27 05:42:18,4b4437,HBZVR,LSZL,LSZL,29273
2026-05-27 05:36:03,4b3f28,HBXXW,LSZL,LSZA,7403
2026-05-27 05:35:17,4b443d,HBZVX,LSZL,LSZL,3170
2026-05-27 05:28:45,4b442e,HBZVI,LSZL,LSZL,15584
2026-05-30 17:12:15,4b1bc2,HBKNI,LSZL,LSZL,2375
2026-05-30 17:07:18,4b1bc7,HBKNN,LSZL,LSZL,2908
2026-05-30 17:06:32,4b1bc6,HBKNM,LSZL,LSZL,2029
2026-05-30 16:23:51,4b1bc2,HBKNI,LSZL,LSZL,1747
2026-05-30 16:16:00,4b1bc7,HBKNN,LSZL,LSZL,1548
2026-05-30 16:13:19,4b1bc6,HBKNM,LSZL,LSZL,1660
2026-05-30 15:03:51,4b1bc2,HBKNI,LSZL,LSZL,2662
2026-05-30 13:57:41,4b1bc2,HBKNI,LSZL,LSZL,2109
2026-05-30 13:31:49,4b4387,HBZOX,LSZL,LSZL,1414
2026-05-30 13:15:00,4b3a22,HBWAK,LSZL,LSZL,945
2026-05-30 13:08:30,4b1bc7,HBKNN,LSZL,LIME,3058
2026-05-30 13:06:00,4b1bc6,HBKNM,LSZL,LIME,3021
2026-05-30 12:50:31,4b2830,HBPFS,LSZL,LSZG,5028
2026-05-30 12:47:21,4b3a22,HBWAK,LSZL,LSZL,937
2026-05-30 12:14:30,4b1fa1,HBLZL,LSZL,LSZL,7141
2026-05-30 11:57:25,4b3a22,HBWAK,LSZL,LSZL,1641
2026-05-30 11:32:07,4b1bb5,HBKMV,LSZL,LSZL,1792
2026-05-30 11:28:32,4b348f,HBTXN,LSZL,LSZF,4735
2026-05-30 11:24:08,4b303a,HBSGW,LSZL,LSZT,4135
2026-05-30 10:41:49,4b281e,HBPFA,LSZL,LSZQ,5551
2026-05-30 10:32:08,4b1bb5,HBKMV,LSZL,LSZL,2039
2026-05-30 10:28:49,4b1bcc,HBKNS,LSZL,LSPV,3669
2026-05-30 09:52:54,4b1bc6,HBKNM,LSZL,LSZL,8639
2026-05-30 09:29:14,4b1bbc,HBKNC,LSZL,LSPV,4563
2026-05-30 08:57:10,4b3a22,HBWAK,LSZL,LSZL,912
2026-05-30 08:51:44,4b3f28,HBXXW,LSZL,LSZL,805
2026-05-30 08:41:49,4b4387,HBZOX,LSZL,LSZL,940
2026-05-30 08:26:51,4b44a1,HBZZT,LSZL,LSPM,602
2026-05-30 08:23:00,4b1bb5,HBKMV,LSZL,LSZL,4276
2026-05-30 08:16:28,4b3a22,HBWAK,LSZL,LSZL,931
2026-05-30 08:15:18,4b1bc7,HBKNN,LSZL,LSZL,14334
2026-05-30 07:41:20,4b1fa1,HBLZL,LSZL,LSZL,7051
2026-05-30 07:35:28,4b1bcc,HBKNS,LSZL,LSZL,7888
2026-05-30 07:23:19,4b1bb5,HBKMV,LSZL,LSZL,1648
2026-05-30 07:16:38,4b1bc2,HBKNI,LSZL,LSZL,9552
2026-05-30 07:14:37,4b1bc6,HBKNM,LSZL,LSZL,7401
2026-05-30 05:51:51,4b4437,HBZVR,LSZL,LSZL,848
2026-05-30 05:42:17,4b3f28,HBXXW,LSZL,LSZL,2738
2026-05-30 05:32:03,4b4387,HBZOX,LSZL,LSPM,3666
2026-05-29 17:19:43,4b1bc7,HBKNN,LSZL,LSZL,1438
2026-05-29 17:14:39,4b1bbc,HBKNC,LSZL,LSZL,1960
2026-05-29 17:01:13,4b3a22,HBWAK,LSZL,LSZL,725
2026-05-29 16:07:55,4b1bc2,HBKNI,LSZL,LSZL,1127
2026-05-29 15:56:43,4b3a22,HBWAK,LSZL,LSZL,2571
2026-05-29 15:33:37,4b1bc6,HBKNM,LSZL,LIME,2632
2026-05-29 15:30:05,4b1bb5,HBKMV,LSZL,LSZL,1244
2026-05-29 15:23:38,4b4437,HBZVR,LSZL,LSML,2507
2026-05-29 15:12:43,4b4387,HBZOX,LSZL,LSZL,2101
2026-05-29 15:03:41,4b1bcc,HBKNS,LSZL,LSPU,1887
2026-05-29 14:33:25,4b1b08,HBKGE,LSZL,LSZL,1812
2026-05-29 14:32:16,4b1bc7,HBKNN,LSZL,LSZA,5550
2026-05-29 14:30:30,4b1bb5,HBKMV,LSZL,LSZL,1224
2026-05-29 14:26:40,4b442e,HBZVI,LSZL,LSML,2349
2026-05-29 14:25:05,4b1bc6,HBKNM,LSZL,LSZL,2693
2026-05-29 13:20:16,4b4cce,HB2087,LSZL,LSZI,4423
2026-05-29 13:18:44,4b1bc6,HBKNM,LSZL,LSZL,1522
2026-05-29 13:13:48,4b1b08,HBKGE,LSZL,LSZL,1968
2026-05-29 12:59:52,4b1bc2,HBKNI,LSZL,LILR,3712
2026-05-29 12:52:13,4b0878,HBDFK,LSZL,LSZG,2550
2026-05-29 12:43:02,4b1bb5,HBKMV,LSZL,LSZL,2002
2026-05-29 12:39:36,4b1b07,HBKGD,LSZL,LSZL,2871
2026-05-29 12:36:55,4b1fa1,HBLZL,LSZL,LSZL,6537
2026-05-29 12:22:30,4b442e,HBZVI,LSZL,LSZL,1167
2026-05-29 12:21:33,4b4424,HBZUY,LSZL,LSZL,3158
2026-05-29 11:50:18,4b27bf,HBPBJ,LSZL,LSGG,3668
2026-05-29 11:43:35,4b1bbc,HBKNC,LSZL,LIPB,4329
2026-05-29 11:38:17,4b1bc6,HBKNM,LSZL,LSZL,2421
2026-05-29 11:36:44,4b4387,HBZOX,LSZL,LSZL,11380
2026-05-29 11:18:49,4b7fa8,T311,LSZL,LSMD,2264
2026-05-29 10:18:07,4b4089,HBYLL,LSZL,LSZF,2509
2026-05-29 09:47:00,4b1fa1,HBLZL,LSZL,LSZL,7128
2026-05-29 09:27:02,4b1bb5,HBKMV,LSZL,LSZL,1766
2026-05-29 09:18:52,4b442e,HBZVI,LSZL,LSZL,1355
2026-05-29 09:06:30,4b4424,HBZUY,LSZL,LSZL,2336
2026-05-29 09:00:23,4b443d,HBZVX,LSZL,LSZA,880
2026-05-29 08:53:34,4b0c84,HBETG,LSZL,LSZT,3262
2026-05-29 08:46:17,4b1bc6,HBKNM,LSZL,LSZL,1491
2026-05-29 08:12:34,4b1e1d,HBLKN,LSZL,LDPM,5482
2026-05-29 08:05:15,4b1bc7,HBKNN,LSZL,LIPV,7530
2026-05-29 07:50:10,4b1bbc,HBKNC,LSZL,LSZL,4451
2026-05-29 07:38:30,4b4424,HBZUY,LSZL,LSZL,3012
2026-05-29 07:33:03,4b7fa8,T311,LSZL,LSZL,4616
2026-05-29 07:32:58,4b1fa1,HBLZL,LSZL,LSZA,2862
2026-05-29 07:10:05,4b1bb5,HBKMV,LSZL,LSZL,3742
2026-05-29 06:07:37,4b7fa8,T311,LSZL,LSZL,1656
2026-05-29 05:50:19,4b443d,HBZVX,LSZL,LSZA,4510
2026-05-29 05:42:38,4b4387,HBZOX,LSZL,LSZL,15147
2026-05-29 05:42:07,4b4424,HBZUY,LSZL,LSZL,5896
2026-05-29 05:41:05,4b44a1,HBZZT,LSZL,LSZA,1694
2026-05-29 05:37:55,4b442e,HBZVI,LSZL,LSPM,2829
2026-06-01 16:59:25,4b1bc9,HBKNP,LSZL,LSZL,1418
2026-06-01 16:55:43,4b1bcc,HBKNS,LSZL,LSZL,1461
2026-06-01 16:54:12,4b1bc6,HBKNM,LSZL,LSZL,1886
2026-06-01 15:46:10,a1b103,N208PC,LSZL,LOIH,2697
2026-06-01 15:44:34,4b1bc9,HBKNP,LSZL,LSZL,1599
2026-06-01 14:58:20,4b1bc2,HBKNI,LSZL,LSZA,7179
2026-06-01 14:44:12,506dff,S5DSM,LSZL,LOWI,6803
2026-06-01 14:42:44,4b1bc6,HBKNM,LSZL,LSZL,4210
2026-06-01 14:37:30,4b442e,HBZVI,LSZL,LSML,2329
2026-06-01 14:20:34,4b4322,HBZLA,LSZL,LSZL,764
2026-06-01 13:41:09,4b1b07,HBKGD,LSZL,LSZL,2901
2026-06-01 13:33:38,4b44a1,HBZZT,LSZL,LSML,1779
2026-06-01 12:53:15,4b1bc9,HBKNP,LSZL,LSZL,7451
2026-06-01 12:51:50,4b1bc6,HBKNM,LSZL,LSZL,2518
2026-06-01 12:16:16,4b1fa1,HBLZL,LSZL,LSZL,7101
2026-06-01 12:08:03,4b442e,HBZVI,LSZL,LSZL,5430
2026-06-01 12:07:21,4b1bc2,HBKNI,LSZL,LIME,3006
2026-06-01 11:43:00,4b3f28,HBXXW,LSZL,LSZL,7401
2026-06-01 09:52:07,4b1bcc,HBKNS,LSZL,LIMZ,4386
2026-06-01 09:22:56,4b1bc2,HBKNI,LSZL,LIME,2998
2026-06-01 09:21:09,4b4437,HBZVR,LSZL,LSZL,2162
2026-06-01 09:20:35,4b1bc9,HBKNP,LSZL,LIME,2694
2026-06-01 09:08:03,4b442e,HBZVI,LSZL,LSZL,3195
2026-06-01 08:41:15,4b1bc6,HBKNM,LSZL,LSZL,3704
2026-06-01 08:32:32,4b1bc2,HBKNI,LSZL,LSZL,1582
2026-06-01 08:23:56,4b4387,HBZOX,LSZL,LSZL,5521
2026-06-01 08:22:43,3d356a,DESMC,LSZL,,3649
2026-06-01 08:04:40,4b1bcc,HBKNS,LSZL,LSZL,4275
2026-06-01 07:42:09,4b1fa1,HBLZL,LSZL,LSZL,7110
2026-06-01 07:09:05,4b1bc6,HBKNM,LSZL,LSZL,1584
2026-06-01 07:05:50,4b44a1,HBZZT,LSZL,LSZL,5551
2026-06-01 07:01:09,4b1bc2,HBKNI,LSZL,LSZL,3257
2026-06-01 06:50:15,4b4387,HBZOX,LSZL,LSZL,1493
2026-06-01 06:25:17,4b4424,HBZUY,LSZL,LSZA,10172
2026-06-01 05:39:46,4b4437,HBZVR,LSZL,LSZL,1119
2026-06-01 05:38:50,4b4387,HBZOX,LSZL,LSZL,2997
2026-06-01 05:37:39,4b3f28,HBXXW,LSZL,LSZA,4571
2026-06-01 05:26:59,4b44a1,HBZZT,LSZL,LSZL,4599
2026-05-31 14:16:13,3d840b,DFWGH,LSZL,EDLD,6050
2026-05-31 13:09:45,4b1bc7,HBKNN,LSZL,LSZL,4626
2026-05-31 13:04:10,4b442e,HBZVI,LSZL,LSML,3053
2026-05-31 13:00:39,4b0f49,HBFUN,LSZL,LOWS,5582
2026-05-31 12:36:06,4b1bc2,HBKNI,LSZL,LSZL,1308
2026-05-31 12:28:54,4b1fa1,HBLZL,LSZL,LSZL,6818
2026-05-31 12:18:22,4b1bc6,HBKNM,LSZL,LSZL,1519
2026-05-31 12:00:10,4b3e3f,KHS31,LSZL,LSGG,3226
2026-05-31 11:12:53,4b1bcc,HBKNS,LSZL,LSZL,2555
2026-05-31 10:20:01,4b1bc7,HBKNN,LSZL,LSZL,1730
2026-05-31 10:14:15,4b1bc6,HBKNM,LSZL,LSZL,2834
2026-05-31 10:12:32,4b1bc2,HBKNI,LSZL,,1925
2026-05-31 09:22:04,4b1bc6,HBKNM,LSZL,LSZL,1247
2026-05-31 09:08:46,4b3a22,HBWAK,LSZL,LSZL,1228
2026-05-31 09:04:12,4b1bc7,HBKNN,LSZL,LSZL,2627
2026-05-31 08:27:21,4b1bc2,HBKNI,LSZL,LSZL,2302
2026-05-31 08:07:07,4b3a22,HBWAK,LSZL,LSZL,1117
2026-05-31 08:06:06,48c5cb,SPSOL,LSZL,LIPV,4055
2026-05-31 07:54:39,4b1bc6,HBKNM,LSZL,LSZL,2287
2026-05-31 07:47:34,4b1bc7,HBKNN,LSZL,LSZL,642
2026-05-31 07:44:16,4b1fa1,HBLZL,LSZL,LIMZ,3174
2026-05-31 07:24:10,4b1bc2,HBKNI,LSZL,LSZL,1533
2026-06-03 16:43:16,4b1bc2,HBKNI,LSZL,LSZL,2630
2026-06-03 16:36:30,4b1bc5,HBKNL,LSZL,LSZL,2894
2026-06-03 16:25:48,4b1b08,HBKGE,LSZL,LSZL,2561
2026-06-03 16:07:13,4b0d8c,HBFDK,LSZL,LSMP,1671
2026-06-03 16:01:18,4b4072,HBYKO,LSZL,LSZE,2637
2026-06-03 15:13:01,4b4424,HBZUY,LSZL,LSZL,1252
2026-06-03 14:59:52,4b3f28,HBXXW,LSZL,LSZL,2952
2026-06-03 14:59:12,4b442e,HBZVI,LSZL,LSZL,4291
2026-06-03 14:42:13,4b1b07,HBKGD,LSZL,LSZL,1054
2026-06-03 14:12:53,4b4322,HBZLA,LSZL,LSZL,1790
2026-06-03 14:11:07,4b4089,HBYLL,LSZL,LSZF,2969
2026-06-03 14:01:08,4b1b08,HBKGE,LSZL,LSZL,3975
2026-06-03 13:53:21,4b3309,RGA06,LSZL,LSZL,1373
2026-06-03 13:50:10,4b1b07,HBKGD,LSZL,LSZL,1300
2026-06-03 13:16:30,4b7f6b,V613,LSZL,LSMP,4784
2026-06-03 13:14:38,4b1bc5,HBKNL,LSZL,LIME,2656
2026-06-03 13:11:22,4b448d,HBZYZ,LSZL,LSZL,936
2026-06-03 12:57:18,4b1b07,HBKGD,LSZL,LSZL,1540
2026-06-03 12:47:48,4b1bc2,HBKNI,LSZL,LSZL,11351
2026-06-03 12:23:26,4b1bc9,HBKNP,LSZL,LSZL,3316
2026-06-03 11:13:38,4b442e,HBZVI,LSZL,LSZL,4907
2026-06-03 09:06:00,4b443d,HBZVX,LSZL,LSPM,4437
2026-06-03 08:51:00,4b4424,HBZUY,LSZL,LSML,10852
2026-06-03 08:49:33,4b442e,HBZVI,LSZL,LSZL,1466
2026-06-03 08:22:23,4b4437,HBZVR,LSZL,LSZL,1442
2026-06-03 08:07:06,4b4455,HBZWV,LSZL,LSGL,3383
2026-06-03 07:00:08,4b23e7,HBNPN,LSZL,LSZL,6278
2026-06-03 06:50:46,4b443d,HBZVX,LSZL,LSZL,1718
2026-06-03 05:35:07,4b443d,HBZVX,LSZL,LSZL,3600
2026-06-03 05:34:36,4b3f28,HBXXW,LSZL,LILB,14990
2026-06-02 11:49:35,4b3f28,HBXXW,LSZL,LSZL,995
2026-06-05 16:11:20,4b1bc7,HBKNN,LSZL,LSZL,692
2026-06-05 15:09:39,4b448d,HBZYZ,LSZL,LSZL,1964
2026-06-05 13:01:00,4b448d,HBZYZ,LSZL,LSZL,794
2026-06-05 12:03:03,4b448d,HBZYZ,LSZL,LSZL,801
2026-06-05 11:48:30,4b442e,HBZVI,LSZL,LSPM,2439
2026-06-05 11:30:43,4b4455,HBZWV,LSZL,LSGL,3235
2026-06-05 11:29:38,4b4424,HBZUY,LSZL,LSZL,2821
2026-06-05 07:58:07,4b448d,HBZYZ,LSZL,LSZL,1368
2026-06-05 07:23:21,4b448d,HBZYZ,LSZL,LSZL,667
2026-06-05 07:03:48,4b4424,HBZUY,LSZL,LSZL,7600
2026-06-05 06:17:56,4b44a1,HBZZT,LSZL,LSZL,1328
2026-06-05 06:12:34,4b3f28,HBXXW,LSZL,LSZA,4573
2026-06-05 05:58:47,4b4424,HBZUY,LSZL,LSZL,2708
2026-06-05 05:38:06,4b443d,HBZVX,LSZL,LSPM,2001
2026-06-05 05:35:11,4b4387,HBZOX,LSZL,LSZL,888
2026-06-05 05:18:11,4b442e,HBZVI,LSZL,LSPM,3235
2026-06-04 14:14:49,4b1bc7,HBKNN,LSZL,LSZL,1533
2026-06-04 14:04:51,4b1bcc,HBKNS,LSZL,LSZL,1366
2026-06-04 13:51:13,4b1bc2,HBKNI,LSZL,LSZL,1564
2026-06-04 13:33:22,4b1b07,HBKGD,LSZL,LSZL,1360
2026-06-04 13:31:40,4b1bb5,HBKMV,LSZL,LSZL,783
2026-06-04 13:00:42,4b1bc7,HBKNN,LSZL,LSZL,1242
2026-06-04 12:49:44,4b1bc6,HBKNM,LSZL,LSZL,3357
2026-06-04 12:48:37,4b1bc9,HBKNP,LSZL,LSZL,4992
2026-06-04 12:38:46,4b1b07,HBKGD,LSZL,LSZL,1470
2026-06-04 12:36:18,4b1bc2,HBKNI,LSZL,LSZL,1891
2026-06-04 12:23:50,4b1bcc,HBKNS,LSZL,LSZL,1681
2026-06-04 12:03:55,4b1bbc,HBKNC,LSZL,LILR,3360
2026-06-04 12:00:18,4b1bb5,HBKMV,LSZL,LSZL,2315
2026-06-04 11:45:41,4b1b07,HBKGD,LSZL,LSZL,1428
2026-06-04 11:04:00,4b1bcc,HBKNS,LSZL,LSZL,1105
2026-06-04 10:34:23,4b1bc6,HBKNM,LSZL,LSZL,3582
2026-06-04 10:22:02,4b1bb5,HBKMV,LSZL,LSZL,1901
2026-06-04 09:23:07,4b4322,HBZLA,LSZL,LSZL,815
2026-06-04 09:22:14,4b1bb5,HBKMV,LSZL,LSZL,1695
2026-06-04 09:19:46,4b1b07,HBKGD,LSZL,LSZL,1348
2026-06-04 08:54:38,4b1bc2,HBKNI,LSZL,LSZL,11445
2026-06-04 08:52:53,4b1bc9,HBKNP,LSZL,LSZL,11610
2026-06-04 08:24:47,4b1bcc,HBKNS,LSZL,LSZL,3302
2026-06-04 08:16:20,4b1b07,HBKGD,LSZL,LSZL,1652
2026-06-04 08:15:20,4b1b08,HBKGE,LSZL,LSZL,3406
2026-06-04 07:37:06,4b1bc5,HBKNL,LSZL,LIPV,7862
2026-06-04 07:33:08,4b1bb5,HBKMV,LSZL,LSZL,4425
2026-06-04 07:23:53,4b1bbc,HBKNC,LSZL,LSZL,11689
2026-06-04 07:14:36,4b1bc2,HBKNI,LSZL,LSZL,2885
2026-06-04 07:10:04,4b1bcc,HBKNS,LSZL,LSZL,3095
2026-06-04 07:06:06,4b1bc6,HBKNM,LSZL,LSZL,8444
2026-06-07 17:16:13,4b1bcc,HBKNS,LSZL,LSZL,2420
2026-06-07 17:11:05,4b1bc6,HBKNM,LSZL,LSZL,2436
2026-06-07 17:07:31,4b1bc5,HBKNL,LSZL,LSZL,2767
2026-06-07 15:58:39,4b1bc6,HBKNM,LSZL,LSZL,2568
2026-06-07 15:55:11,4b1bcc,HBKNS,LSZL,LSZL,2621
2026-06-07 15:32:05,4b1bc5,HBKNL,LSZL,LSZL,1487
2026-06-07 14:13:30,4b1bcc,HBKNS,LSZL,LSZL,2117
2026-06-07 13:26:20,4b1bc5,HBKNL,LSZL,LSZL,2871
2026-06-07 13:23:32,4b3309,RGA06,LSZL,LSZL,1459
2026-06-07 13:18:20,4b1bc6,HBKNM,LSZL,LSZL,2251
2026-06-07 12:46:30,4b3a22,HBWAK,LSZL,LSZL,824
2026-06-07 11:59:08,4b1bc6,HBKNM,LSZL,LSZL,2180
2026-06-07 11:54:04,4b1bcc,HBKNS,LSZL,LSZL,4084
2026-06-07 11:05:00,4b1bc5,HBKNL,LSZL,LSZL,1403
2026-06-07 09:59:33,4b3a22,HBWAK,LSZL,LSZL,2545
2026-06-07 09:51:07,4b1bc6,HBKNM,LSZL,LSZL,4680
2026-06-07 08:48:40,4b1bb6,HBKMW,LSZL,LSZA,1323
2026-06-07 08:42:11,4b1bc5,HBKNL,LSZL,LILE,2560
2026-06-07 08:28:58,4b3a22,HBWAK,LSZL,LSZL,2791
2026-06-07 07:11:11,4b3e3f,NDD0031,LSZL,LIML,1337
2026-06-06 14:50:40,49d0eb,OKPMP,LSZL,LSGL,1999
2026-06-06 12:54:26,4b44a1,HBZZT,LSZL,LSZL,1765
2026-06-09 16:46:47,4b4322,HBZLA,LSZL,LSZL,775
2026-06-09 15:24:44,4b4322,HBZLA,LSZL,LSZL,803
2026-06-09 14:54:53,4b3f28,HBXXW,LSZL,LSZL,1310
2026-06-09 13:26:01,4b1bc5,HBKNL,LSZL,LSZL,3405
2026-06-09 12:31:05,4b4322,HBZLA,LSZL,LSZL,740
2026-06-09 12:15:00,4b1bc2,HBKNI,LSZL,LSZA,3370
2026-06-09 12:05:05,4b1bc6,HBKNM,LSZL,LSZL,3597
2026-06-09 11:43:00,4b4387,HBZOX,LSZL,LSZA,906
2026-06-09 11:36:26,4b7f6c,V612,LSZL,LSZL,798
2026-06-09 10:55:26,4b1bc2,HBKNI,LSZL,LSZL,1314
2026-06-09 10:09:42,4b1bc5,HBKNL,LSZL,LSZL,1426
2026-06-09 09:33:54,300965,IPRSS,LSZL,LIMB,1584
2026-06-09 09:31:11,4b1bc2,HBKNI,LSZL,LSZL,1218
2026-06-09 08:40:35,4b1b08,HBKGE,LSZL,LSZL,1589
2026-06-09 08:04:41,4b1bc5,HBKNL,LSZL,LSZA,1502
2026-06-09 07:55:41,4b3f28,HBXXW,LSZL,LSZL,947
2026-06-09 07:52:10,4b1bc6,HBKNM,LSZL,LSZL,2160
2026-06-09 07:37:38,4b1b08,HBKGE,LSZL,LSZL,1577
2026-06-09 06:51:20,4b0f8e,HBFXE,LSZL,LSMP,2343
2026-06-09 05:24:41,4b4387,HBZOX,LSZL,LSZA,12276
2026-06-08 16:32:11,4b1bc6,HBKNM,LSZL,LSZL,2418
2026-06-08 16:11:38,4b1bc2,HBKNI,LSZL,LSZL,1819
2026-06-08 15:00:37,4b1bc6,HBKNM,LSZL,LSZL,1181
2026-06-08 14:58:00,4b0d8c,HBFDK,LSZL,LSMP,2174
2026-06-08 14:49:00,4b1bc5,HBKNL,LSZL,LSZL,1633
2026-06-08 14:34:45,4b44a1,HBZZT,LSZL,LSZL,656
2026-06-08 14:17:50,4b1c6c,HBKTW,LSZL,LSZA,1425
2026-06-08 14:16:27,4b1bc2,HBKNI,LSZL,LSZL,2427
2026-06-08 13:44:04,4b1bc5,HBKNL,LSZL,LSZL,1489
2026-06-08 13:38:07,4b1b08,HBKGE,LSZL,LSZL,1688
2026-06-08 12:43:52,4b1bc5,HBKNL,LSZL,LSZL,1861
2026-06-08 12:00:31,4b1bcc,HBKNS,LSZL,LSZL,1288
2026-06-08 11:45:49,4b1b07,HBKGD,LSZL,LSZL,1339
2026-06-08 11:45:25,4b3f28,HBXXW,LSZL,LSZL,873
2026-06-08 11:27:44,4b44a1,HBZZT,LSZL,LSZL,8663
2026-06-08 11:05:37,4b4387,HBZOX,LSZL,LSZL,9439
2026-06-08 10:59:52,4b1bcc,HBKNS,LSZL,LSZL,1563
2026-06-08 10:04:10,4b4424,HBZUY,LSZL,LSZL,11277
2026-06-08 09:36:01,4b4387,HBZOX,LSZL,LSZL,647
2026-06-08 09:10:47,4b4db1,HB2314,LSZL,LSZL,1949
2026-06-08 09:05:36,4b1bcc,HBKNS,LSZL,LSZL,2468
2026-06-08 09:01:04,4b1bc5,HBKNL,LSZL,LIME,2813
2026-06-08 08:48:08,4b1b07,HBKGD,LSZL,LSZL,1625
2026-06-08 08:39:39,4b40fe,HBYPY,LSZL,LSPM,884
2026-06-08 08:26:18,3ff89b,DMVLQ,LSZL,LFCH,15512
2026-06-08 08:07:53,4b44a1,HBZZT,LSZL,LSZL,735
2026-06-08 07:46:07,4b1b07,HBKGD,LSZL,LSZL,1640
2026-06-08 07:34:36,4b7fd9,SUI053,LSZL,LSZB,2323
2026-06-08 07:01:22,4b1bc5,HBKNL,LSZL,LSZL,3097
2026-06-08 06:51:35,4b44a1,HBZZT,LSZL,LSZL,3303
2026-06-08 05:51:10,4b4424,HBZUY,LSZL,LSZL,1399
2026-06-08 05:37:57,4b44a1,HBZZT,LSZL,LSZL,3249
2026-06-08 05:33:21,4b3f28,HBXXW,LSZL,LSZL,1203
2026-06-08 05:30:10,4b4387,HBZOX,LSZL,LSPM,1706
2026-06-11 14:34:40,4b442e,HBZVI,LSZL,LSML,3716
2026-06-11 14:32:52,4b3f28,HBXXW,LSZL,LSZL,2260
2026-06-11 14:28:12,4b1b07,HBKGD,LSZL,LSZL,772
2026-06-11 14:22:39,4b4322,HBZLA,LSZL,LSZL,3312
2026-06-11 13:18:52,4b442e,HBZVI,LSZL,LSZL,3872
2026-06-11 13:03:44,4b1bcc,HBKNS,LSZL,LSZL,2561
2026-06-11 12:45:52,4b3f28,HBXXW,LSZL,LSZL,937
2026-06-11 12:35:41,4b1bc9,HBKNP,LSZL,LIME,2745
2026-06-11 12:35:02,500028,T7PCS,LSZL,LSZL,3605
2026-06-11 12:10:00,4b442e,HBZVI,LSZL,LSZL,923
2026-06-11 12:06:15,4b4424,HBZUY,LSZL,LSZL,837
2026-06-11 11:53:30,4b4437,HBZVR,LSZL,LSZL,1880
2026-06-11 11:30:40,4b3f28,HBXXW,LSZL,LSZL,3199
2026-06-11 09:56:13,4b1bc9,HBKNP,LSZL,LSZL,5386
2026-06-11 09:48:06,500028,T7PCS,LSZL,LSPU,764
2026-06-11 09:43:14,4b1bcc,HBKNS,LSZL,LSZL,1857
2026-06-11 09:24:13,4b442e,HBZVI,LSZL,LSML,2457
2026-06-11 08:28:59,4b4437,HBZVR,LSZL,LSZL,1828
2026-06-11 08:25:00,4b3309,RGA06,LSZL,LSZA,2036
2026-06-11 08:13:14,4b1bcc,HBKNS,LSZL,LSZL,3150
2026-06-11 08:06:11,4b1b07,HBKGD,LSZL,LSZL,3438
2026-06-11 07:37:19,4b1bc6,HBKNM,LSZL,LSZL,3047
2026-06-11 07:32:05,4b3309,RGA06,LSZL,LSZL,1201
2026-06-11 05:24:48,4b44a1,HBZZT,LSZL,LSZL,3130
2026-06-11 05:24:14,4b3f28,HBXXW,LSZL,LSPM,2197
2026-06-11 05:23:40,4b4387,HBZOX,LSZL,LSZA,8442
2026-06-11 05:19:14,4b442e,HBZVI,LSZL,LSZL,12844
2026-06-10 13:16:00,4b0f49,HBFUN,LSZL,,5456
2026-06-10 13:02:30,4b44a1,HBZZT,LSZL,LSML,4991
2026-06-10 12:44:30,4b4424,HBZUY,LSZL,LSZL,1430
2026-06-10 11:59:33,4b44a1,HBZZT,LSZL,LSZL,2283
2026-06-10 11:50:49,4b4437,HBZVR,LSZL,LSZL,1257
2026-06-10 11:43:35,4b4424,HBZUY,LSZL,LSZL,2078
2026-06-10 11:26:24,4b442e,HBZVI,LSZL,LSZL,4272
2026-06-10 10:53:52,4b3f28,HBXXW,LSZL,LSZL,6533
2026-06-10 09:23:30,4b4424,HBZUY,LSZL,LSZL,2216
2026-06-10 08:18:37,4b4424,HBZUY,LSZL,LSZL,1286
2026-06-10 08:12:24,4b442e,HBZVI,LSZL,LSZL,5086
2026-06-10 07:37:16,4b442e,HBZVI,LSZL,LSZL,1273
2026-06-10 07:21:19,4b4387,HBZOX,LSZL,LSZA,9398
2026-06-10 06:25:11,4b4408,HBZTW,LSZL,LSZL,1006
2026-06-10 06:16:13,4b44a1,HBZZT,LSZL,LSZA,1132
2026-06-10 05:49:09,4b4387,HBZOX,LSZL,LSZL,1198
2026-06-13 16:50:30,4b3eb9,HBXTP,LSZL,LSPV,2734
2026-06-13 16:43:04,4b1bc2,HBKNI,LSZL,LSZL,1732
2026-06-13 16:30:03,4b1bc7,HBKNN,LSZL,LSZL,3785
2026-06-13 16:25:23,4b448d,HBZYZ,LSZL,LSZL,1340
2026-06-13 16:24:13,4b1bc9,HBKNP,LSZL,LSZL,3737
2026-06-13 16:05:18,4b3309,RGA06,LSZL,LSZL,1935
2026-06-13 16:05:17,4b4424,HBZUY,LSZL,LSZL,1762
2026-06-13 15:53:30,3d27d2,DENIG,LSZL,LSZR,3567
2026-06-13 15:09:10,4b1b89,HBKLD,LSZL,LSZT,3890
2026-06-13 15:02:54,4b1bbc,HBKNC,LSZL,LSZL,1668
2026-06-13 14:55:33,4b1bc7,HBKNN,LSZL,LSZL,3434
2026-06-13 14:40:16,4b1bb5,HBKMV,LSZL,LSZL,4043
2026-06-13 14:24:53,500028,T7PCS,LSZL,LSZL,1564
2026-06-13 14:19:36,4b0c39,HBEQJ,LSZL,LSMM,2135
2026-06-13 14:13:31,4b1bbc,HBKNC,LSZL,LSZL,1271
2026-06-13 14:12:35,4b1c69,HBKTT,LSZL,LSMF,4021
2026-06-13 14:00:52,4b4db1,HB2314,LSZL,LSZL,6140
2026-06-13 13:36:44,4b1bc5,HBKNL,LSZL,LIMG,5560
2026-06-13 13:35:51,4b1bc6,HBKNM,LSZL,LIMG,5571
2026-06-13 13:32:08,4b4322,HBZLA,LSZL,LSZL,1154
2026-06-13 13:20:03,500028,T7PCS,LSZL,LSZL,1610
2026-06-13 13:05:09,4b1bb5,HBKMV,LSZL,LSZL,3821
2026-06-13 13:02:24,4b1bbc,HBKNC,LSZL,LSZL,3024
2026-06-13 12:31:01,4b1bc2,HBKNI,LSZL,LILE,4283
2026-06-13 11:59:15,4b0c1d,HBEPH,LSZL,LSMF,4161
2026-06-13 11:55:36,4b448d,HBZYZ,LSZL,LSZL,1687
2026-06-13 11:53:44,4b4322,HBZLA,LSZL,LSZL,3853
2026-06-13 11:21:15,4b1bc7,HBKNN,LSZL,LIMG,5230
2026-06-13 11:12:35,4b3a22,HBWAK,LSZL,LSZL,1860
2026-06-13 11:09:02,500028,T7PCS,LSZL,LSZL,2717
2026-06-13 10:57:11,4b1bc2,HBKNI,LSZL,LSZL,3247
2026-06-13 10:21:19,4b3a22,HBWAK,LSZL,LSZL,786
2026-06-13 10:04:31,4b1bc5,HBKNL,LSZL,LSZL,10707
2026-06-13 10:00:06,4b4322,HBZLA,LSZL,LSZL,631
2026-06-13 09:50:08,4b1b78,HBKKM,LSZL,LIMG,3081
2026-06-13 09:40:12,4b1bc6,HBKNM,LSZL,LIMG,5246
2026-06-13 09:28:43,4b1bbc,HBKNC,LSZL,LIMJ,4151
2026-06-13 09:27:37,4b1bb7,HBKMX,LSZL,LSZK,4840
2026-06-13 09:25:18,4b2d1f,HBRCH,LSZL,LIPV,4756
2026-06-13 09:19:46,4b1bc2,HBKNI,LSZL,LSZL,1654
2026-06-13 09:00:14,4b4322,HBZLA,LSZL,LSZL,1536
2026-06-13 08:57:30,4b4387,HBZOX,LSZL,,1559
2026-06-13 08:46:22,4b1b07,HBKGD,LSZL,LIMG,5136
2026-06-13 08:42:17,4b1bc5,HBKNL,LSZL,LSZA,736
2026-06-13 08:33:50,4b1bbc,HBKNC,LSZL,LSZL,609
2026-06-13 08:19:22,4b1bc2,HBKNI,LSZL,LSZL,1866
2026-06-13 08:04:55,500028,T7PCS,LSZL,LSPU,1443
2026-06-13 07:47:47,4b1bc9,HBKNP,LSZL,LIPV,7420
2026-06-13 07:46:50,4b1bc5,HBKNL,LSZL,LSZL,1989
2026-06-13 07:45:05,4b4387,HBZOX,LSZL,LSZL,1064
2026-06-13 07:38:45,4b4455,HBZWV,LSZL,,7975
2026-06-13 07:29:37,4b1bc7,HBKNN,LSZL,LILE,2748
2026-06-13 07:26:52,4b1bcc,HBKNS,LSZL,LILE,2672
2026-06-13 07:25:59,4b1bb5,HBKMV,LSZL,LSZL,2276
2026-06-13 07:23:43,4b3f28,HBXXW,LSZL,LSPM,1689
2026-06-13 07:02:40,4b1bc6,HBKNM,LSZL,LSZL,4771
2026-06-13 06:46:37,4b4387,HBZOX,LSZL,LSML,1206
2026-06-13 06:15:13,4b4437,HBZVR,LSZL,LSZL,6853
2026-06-13 05:49:10,4b443d,HBZVX,LSZL,LSZA,1699
2026-06-13 05:43:33,4b3f28,HBXXW,LSZL,LSPM,1760
2026-06-13 05:37:23,4b44a1,HBZZT,LSZL,LSPM,1922
2026-06-12 17:42:36,4b3fc5,HBYDX,LSZL,LSZE,2876
2026-06-12 17:08:43,4b1bbc,HBKNC,LSZL,LSZL,2076
2026-06-12 16:49:48,4b1bcc,HBKNS,LSZL,LSZL,1735
2026-06-12 16:46:22,4b1bc6,HBKNM,LSZL,LSZL,2374
2026-06-12 16:05:07,4b1bc9,HBKNP,LSZL,LSZL,1159
2026-06-12 15:52:17,4b1bb6,HBKMW,LSZL,EDTL,8520
2026-06-12 15:48:02,4b3309,RGA06,LSZL,LSZL,1219
2026-06-12 15:37:51,4b1bc6,HBKNM,LSZL,LSZL,2215
2026-06-12 15:31:43,4b1bc7,HBKNN,LSZL,LSZL,1915
2026-06-12 15:12:52,4b443d,HBZVX,LSZL,LSZL,3600
2026-06-12 14:59:31,4b4322,HBZLA,LSZL,LSZL,1716
2026-06-12 14:52:53,4b1bb5,HBKMV,LSZL,LSZL,1956
2026-06-12 14:42:04,4b1b08,HBKGE,LSZL,LSZL,1677
2026-06-12 14:41:13,4b1bcc,HBKNS,LSZL,LSZL,4356
2026-06-12 14:27:49,4b1bc5,HBKNL,LSZL,LSZL,4510
2026-06-12 14:08:34,4b1bc6,HBKNM,LSZL,LSZL,3037
2026-06-12 14:01:02,4b1bb6,HBKMW,LSZL,LSZL,836
2026-06-12 13:48:16,4b1bc9,HBKNP,LSZL,LSZL,1542
2026-06-12 13:31:47,4b1bb6,HBKMW,LSZL,LSZL,670
2026-06-12 13:21:33,4b1bc5,HBKNL,LSZL,LSZL,1759
2026-06-12 12:56:39,4b1bc7,HBKNN,LSZL,LSZL,6809
2026-06-12 12:55:01,4b4322,HBZLA,LSZL,LSZL,2068
2026-06-12 12:50:17,4b4424,HBZUY,LSZL,LSZL,754
2026-06-12 12:49:02,4b1b08,HBKGE,LSZL,LSZL,1692
2026-06-12 12:35:30,4b442e,HBZVI,LSZL,LSPM,4220
2026-06-12 12:33:14,4b1bc6,HBKNM,LSZL,LSZL,2804
2026-06-12 12:31:51,4b1bb5,HBKMV,LSZL,LSZL,2078
2026-06-12 12:06:04,4b1bc2,HBKNI,LSZL,LIMG,5837
2026-06-12 12:00:34,4b448d,HBZYZ,LSZL,LSZL,2365
2026-06-12 11:59:15,4b442e,HBZVI,LSZL,LSZL,1175
2026-06-12 11:53:39,4b1b08,HBKGE,LSZL,LSZL,1537
2026-06-12 11:51:00,4b4387,HBZOX,LSZL,LSZL,13656
2026-06-12 11:33:38,4b4437,HBZVR,LSZL,LSML,1960
2026-06-12 09:59:33,4b1bc9,HBKNP,LSZL,LSZL,9174
2026-06-12 09:58:07,4b1bbc,HBKNC,LSZL,LSZL,9373
2026-06-12 09:49:36,4b4322,HBZLA,LSZL,LSZL,853
2026-06-12 09:22:04,4b3309,RGA06,LSZL,LSZA,1104
2026-06-12 09:01:02,4b1bbc,HBKNC,LSZL,LSZL,1794
2026-06-12 08:55:48,4b1bb5,HBKMV,LSZL,LSZL,1151
2026-06-12 08:53:50,4b1bc2,HBKNI,LSZL,LSZL,3079
2026-06-12 08:49:06,4b448d,HBZYZ,LSZL,LSZL,2283
2026-06-12 08:39:27,4b4322,HBZLA,LSZL,LSZL,3371
2026-06-12 08:34:17,4b4387,HBZOX,LSZL,LSZL,6279
2026-06-12 08:23:40,4b1bb6,HBKMW,LSZL,LSZL,1115
2026-06-12 08:04:22,4b7f6c,V612,LSZL,LSZL,877
2026-06-12 07:17:40,4b448d,HBZYZ,LSZL,LSZL,1511
2026-06-12 06:02:59,4b4387,HBZOX,LSZL,LSZL,6908
2026-06-12 06:01:07,4b44a1,HBZZT,LSZL,LSZL,2032
2026-06-12 05:56:13,4b442e,HBZVI,LSZL,LSPM,1610
2026-06-12 05:36:04,4b443d,HBZVX,LSZL,LSPM,1272
2026-06-12 05:35:24,4b3f28,HBXXW,LSZL,LSZA,3541
2026-06-12 05:19:21,4b442e,HBZVI,LSZL,LSZL,1365
2026-06-15 16:36:16,4b1bc6,HBKNM,LSZL,LSZL,1161
2026-06-15 16:05:49,4b1bc7,HBKNN,LSZL,LSZA,2091
2026-06-15 15:10:08,4b1bc6,HBKNM,LSZL,LSZL,2070
2026-06-15 09:30:31,3e1e8f,DICTR,LSZL,EDTD,2195
2026-06-15 09:21:25,4b1bc7,HBKNN,LSZL,LSZL,1748
2026-06-15 05:48:27,4b4387,HBZOX,LSZL,LSZL,2272
2026-06-15 05:33:44,4b44a1,HBZZT,LSZL,LSZL,1764
2026-06-14 17:36:00,4b1b00,HBKFW,LSZL,LSZT,3944
2026-06-14 17:15:00,4b1bb5,HBKMV,LSZL,LSZL,2100
2026-06-14 16:30:31,3982dd,FJLQU,LSZL,LSGP,3767
2026-06-14 16:29:31,4b1bbc,HBKNC,LSZL,LSZL,1189
2026-06-14 16:00:05,4b4072,HBYKO,LSZL,LSZE,2726
2026-06-14 15:56:59,4b1bbc,HBKNC,LSZL,LSZL,1130
2026-06-14 15:52:50,4b1bb5,HBKMV,LSZL,LSZL,2782
2026-06-14 14:59:31,4b1bc9,HBKNP,LSZL,LSZL,8525
2026-06-14 14:58:16,4b1bc6,HBKNM,LSZL,LSZL,4342
2026-06-14 14:57:05,4b1bc7,HBKNN,LSZL,LIME,2692
2026-06-14 14:45:05,4b23e9,HBNPP,LSZL,LSZX,3155
2026-06-14 14:23:45,4b1bc2,HBKNI,LSZL,LSZL,11665
2026-06-14 14:19:37,4b1b78,HBKKM,LSZL,LSZG,2910
2026-06-14 13:46:19,4b3a22,HBWAK,LSZL,LSZL,921
2026-06-14 13:33:51,4b1bc9,HBKNP,LSZL,LSZL,2249
2026-06-14 13:22:23,4b1bc2,HBKNI,LSZL,LSZL,1882
2026-06-14 12:39:17,3d1d3d,DEJIB,LSZL,EDTB,4672
2026-06-14 12:11:10,4b1bc7,HBKNN,LSZL,LIME,2689
2026-06-14 12:01:00,4b3a22,HBWAK,LSZL,LSZL,3173
2026-06-14 12:00:17,4b1bb5,HBKMV,LSZL,LSZL,9904
2026-06-14 11:46:15,4b1bc2,HBKNI,LSZL,LSZL,1659
2026-06-14 11:34:01,4b1bc9,HBKNP,LSZL,LSZL,3562
2026-06-14 10:39:30,4b1bc2,HBKNI,LSZL,LSZL,1949
2026-06-14 09:45:06,4d243f,9HSKW,LSZL,LEPA,6203
2026-06-14 09:37:32,123456,ECXRT,LSZL,,19330
2026-06-14 09:31:09,4b1bc2,HBKNI,LSZL,LSZL,1633
2026-06-14 09:00:35,4b1bb5,HBKMV,LSZL,LSZL,1993
2026-06-14 08:49:09,4b1bc7,HBKNN,LSZL,LSZL,8862
2026-06-14 08:32:39,4b3a22,HBWAK,LSZL,LSZL,919
2026-06-14 08:25:22,4b1bc9,HBKNP,LSZL,LIME,2540
2026-06-14 08:24:19,4b0f8e,HBFXE,LSZL,LFRM,6727
2026-06-14 08:19:59,4b442e,HBZVI,LSZL,LSPU,1453
2026-06-14 07:34:08,4b1bc6,HBKNM,LSZL,LIPV,6731
2026-06-14 07:30:43,4b3a22,HBWAK,LSZL,LSZL,1005
2026-06-14 07:27:45,4b1bc2,HBKNI,LSZL,LSZL,3152
2026-06-14 07:25:55,4b1bb5,HBKMV,LSZL,LSZL,1503
2026-06-14 07:15:43,4b3fc5,HBYDX,LSZL,EDMS,8805
2026-06-17 16:13:14,4b1bc9,HBKNP,LSZL,LSZL,739
2026-06-17 14:02:51,3d840b,DFWGH,LSZL,EDLD,5487
2026-06-17 13:40:01,4b442e,HBZVI,LSZL,LSZL,1354
2026-06-17 12:49:06,4b40fe,HBYPY,LSZL,LSPM,2798
2026-06-17 12:25:26,500028,T7PCS,LSZL,LSZA,2202
2026-06-17 11:32:36,4b443d,HBZVX,LSZL,LSZL,3237
2026-06-17 11:29:19,4b0f49,HBFUN,LSZL,,4450
2026-06-17 10:30:12,4b1bc5,HBKNL,LSZL,LSZL,841
2026-06-17 09:26:24,4b1bcc,HBKNS,LSZL,LSZL,776
2026-06-17 08:39:11,4b23e1,HBNPH,LSZL,LSZA,4750
2026-06-17 08:31:25,4b442e,HBZVI,LSZL,,943
2026-06-17 07:43:39,4b1bcc,HBKNS,LSZL,LSZL,1276
2026-06-17 07:33:18,4b1bc5,HBKNL,LSZL,LSZL,7114
2026-06-17 06:22:53,4b1bc6,HBKNM,LSZL,LSZL,841
2026-06-17 05:35:16,4b3f28,HBXXW,LSZL,LSPM,1749
2026-06-17 05:20:16,4b443d,HBZVX,LSZL,LSZL,1273
2026-06-17 05:18:06,4b44a1,HBZZT,LSZL,LSZA,3901
2026-06-16 17:06:41,4b1bc9,HBKNP,LSZL,LSZL,2228
2026-06-16 15:54:07,4b1bc5,HBKNL,LSZL,LSZL,2098
2026-06-16 15:47:07,4b1bc9,HBKNP,LSZL,LSZL,2140
2026-06-16 13:24:16,4b4387,HBZOX,LSZL,LSZL,1873
2026-06-16 12:48:15,4b1bc6,HBKNM,LSZL,LSZA,6800
2026-06-16 12:34:32,4b1bcc,HBKNS,LSZL,LSPU,2350
2026-06-16 11:54:50,4b3f28,HBXXW,LSZL,LSZL,5524
2026-06-16 11:51:20,500028,T7PCS,LSZL,LSZA,1592
2026-06-16 11:50:32,4b4387,HBZOX,LSZL,LSZL,1945
2026-06-16 10:31:07,4b1bc9,HBKNP,LSZL,LSZB,4398
2026-06-16 10:28:30,4b1bbc,HBKNC,LSZL,LSZB,4376
2026-06-16 09:37:09,4b1bc7,HBKNN,LSZL,LIMG,16424
2026-06-16 09:31:53,4b1b4a,HBKIS,LSZL,LSPV,3237
2026-06-16 07:54:08,4b1bc9,HBKNP,LSZL,LSZL,1487
2026-06-16 07:49:22,4b1bc7,HBKNN,LSZL,LSZL,3035
2026-06-16 07:49:06,4b3fc5,HBYDX,LSZL,LOIH,2628
2026-06-16 07:20:14,4b3f28,HBXXW,LSZL,LSZL,1543
2026-06-16 06:56:43,4b1bbc,HBKNC,LSZL,LSZL,1231
2026-06-16 06:37:33,4b448d,HBZYZ,LSZL,LSTA,1583
2026-06-16 06:09:33,4b0f49,HBFUN,LSZL,LFMD,3416
2026-06-19 14:45:23,4b3e3f,NDD0031,LSZL,LIML,1476
2026-06-19 14:40:39,4b44a1,HBZZT,LSZL,LSML,5124
2026-06-19 14:15:22,3e1f3b,DIDAH,LSZL,EDTD,1765
2026-06-19 14:07:53,4b1bc7,HBKNN,LSZL,LSZL,719
2026-06-19 13:44:08,4b1bcc,HBKNS,LSZL,LSZL,1537
2026-06-19 13:29:31,4b1bbc,HBKNC,LSZL,LSZL,1328
2026-06-19 13:28:10,4b1bc5,HBKNL,LSZL,LSZL,1033
2026-06-19 12:38:00,4b3305,RGA01,LSZL,LSMD,3124
2026-06-19 12:13:17,4b1bcc,HBKNS,LSZL,LSZA,1872
2026-06-19 12:05:30,4b3f28,HBXXW,LSZL,LSZL,6147
2026-06-19 11:39:43,adaca4,N980RJ,LSZL,LOWS,5685
2026-06-19 11:34:12,4b4387,HBZOX,LSZL,LSZL,2257
2026-06-19 10:43:04,4b1bc2,HBKNI,LSZL,,706
2026-06-19 10:06:42,4b0f49,HBFUN,LSZL,EGTR,7115
2026-06-19 09:48:09,4b28e3,HBPMP,LSZL,LJPZ,6313
2026-06-19 09:44:17,4b1bc5,HBKNL,LSZL,LSZL,9456
2026-06-19 08:50:37,4b1bc2,HBKNI,LSZL,LSZA,1305
2026-06-19 08:18:00,4b44a1,HBZZT,LSZL,LSZL,4271
2026-06-19 08:03:42,4b1bbc,HBKNC,LSZL,LSZL,2144
2026-06-19 07:30:04,4b1bc5,HBKNL,LSZL,LSZL,2052
2026-06-19 07:19:47,4b07fd,HBDAR,LSZL,LSZR,2669
2026-06-19 07:19:40,4b1bb5,HBKMV,LSZL,LSZL,2618
2026-06-19 07:17:05,4b1bc6,HBKNM,LSZL,LSZB,4344
2026-06-19 07:07:11,4b3f28,HBXXW,LSZL,LSZL,8445
2026-06-19 07:04:03,4b448d,HBZYZ,LSZL,LSZL,2810
2026-06-19 07:00:10,4b1bc7,HBKNN,LSZL,LIPL,3341
2026-06-19 06:58:11,4b1bcc,HBKNS,LSZL,LIMG,5617
2026-06-19 05:51:55,4b44a1,HBZZT,LSZL,LSZL,7813
2026-06-19 05:44:55,4b4424,HBZUY,LSZL,LSZA,5690
2026-06-19 05:43:47,4b4387,HBZOX,LSZL,LSPM,2230
2026-06-18 15:57:52,3d3d28,DEVKI,LSZL,EDBJ,6158
2026-06-18 13:59:22,4b1bc6,HBKNM,LSZL,LSZA,1681
2026-06-18 13:53:23,3e1e8f,DICTR,LSZL,EDTD,1891
2026-06-18 13:43:12,4b425c,HBZDK,LSZL,LSZG,3631
2026-06-18 12:59:45,4b2811,HBPEN,LSZL,LSZB,3187
2026-06-18 12:51:02,4b1bbc,HBKNC,LSZL,LSZB,4342
2026-06-18 12:47:02,4b4387,HBZOX,LSZL,LSZL,5052
2026-06-18 12:33:42,4b4449,HBZWJ,LSZL,LSZB,2926
2026-06-18 12:32:09,4b1bc6,HBKNM,LSZL,LSZA,1602
2026-06-18 12:05:31,4b1f2f,HBLVB,LSZL,LSZB,3036
2026-06-18 12:02:54,4b1bc5,HBKNL,LSZL,LILE,2477
2026-06-18 11:36:00,4b4387,HBZOX,LSZL,LSZL,1333
2026-06-18 10:16:50,4b1bb5,HBKMV,LSZL,LSZL,1093
2026-06-18 09:21:30,4b7f61,V632,LSZL,LSZL,615
2026-06-18 09:14:04,4b1bbc,HBKNC,LSZL,LSPU,1853
2026-06-18 09:09:53,4b4387,HBZOX,LSZL,LSZL,1004
2026-06-18 09:09:35,4b1bc9,HBKNP,LSZL,LSPM,1486
2026-06-18 08:55:02,4b1bc2,HBKNI,LSZL,LSZL,10585
2026-06-18 08:21:42,4b1bbc,HBKNC,LSZL,LSZL,1074
2026-06-18 07:50:46,4b7f61,V632,LSZL,LSZL,631
2026-06-18 07:38:45,4b1bcc,HBKNS,LSZL,LSZL,1016
2026-06-18 07:28:56,4b1bc5,HBKNL,LSZL,LSZL,14189
2026-06-18 07:22:08,4b1bc2,HBKNI,LSZL,LSZL,1446
2026-06-18 06:33:45,4b448d,HBZYZ,LSZL,LSTA,1350
2026-06-18 06:27:23,4b40fe,HBYPY,LSZL,LSZL,2600
2026-06-18 06:25:05,4b443d,HBZVX,LSZL,LSML,17982
2026-06-18 05:38:54,4b4387,HBZOX,LSZL,LSZL,792
2026-06-18 05:36:04,4b442e,HBZVI,LSZL,LSZL,2407
2026-06-21 16:03:00,4b1bc6,HBKNM,LSZL,LSZA,1757
2026-06-21 14:33:03,4b1bcc,HBKNS,LSZL,LSZA,2454
2026-06-21 14:06:32,4b1bc6,HBKNM,LSZL,LSZL,627
2026-06-21 13:30:31,4b1bbc,HBKNC,LSZL,LSZL,4681
2026-06-21 12:33:04,4b1bc9,HBKNP,LSZL,LSZL,1931
2026-06-21 12:00:07,4b1bc2,HBKNI,LSZL,LSTA,2074
2026-06-21 10:41:32,4b1bc6,HBKNM,LSZL,LSZL,2064
2026-06-21 10:36:07,4b1bcc,HBKNS,LSZL,LSZA,4042
2026-06-21 08:17:45,4b1bc6,HBKNM,LSZL,LILE,2359
2026-06-21 07:25:15,4b1bbc,HBKNC,LSZL,,4814
2026-06-21 06:53:24,4b1bc5,HBKNL,LSZL,LIMZ,4253
2026-06-21 06:53:15,38c59b,FPTUN,LSZL,LSZL,6535
2026-06-20 16:39:04,a47204,N386EM,LSZL,LSZH,2168
2026-06-20 12:16:01,4b1bcc,HBKNS,LSZL,LILC,6619
2026-06-20 11:53:00,4b441d,HBZUR,LSZL,LSPV,2669
2026-06-20 11:27:30,4b3fc5,HBYDX,LSZL,LSZE,2137
2026-06-20 09:41:48,4b44a1,HBZZT,LSZL,LSML,767
2026-06-20 09:13:13,4b448d,HBZYZ,LSZL,LSTA,1194
2026-06-20 09:08:37,4b1bcc,HBKNS,LSZL,,2076
2026-06-20 09:08:00,4b1bc6,HBKNM,LSZL,LSZL,7329
2026-06-20 08:15:33,4b4072,HBYKO,LSZL,LIPV,5588
2026-06-20 07:58:12,4b1bc2,HBKNI,LSZL,LIMZ,5385
2026-06-20 07:57:37,4b1bbc,HBKNC,LSZL,LIMZ,5148
2026-06-20 07:14:47,a47204,N386EM,LSZL,LOWG,3612
2026-06-23 16:44:01,4b1bbc,HBKNC,LSZL,LSZL,1280
2026-06-23 16:42:49,4b1bb5,HBKMV,LSZL,LSZL,3142
2026-06-23 16:23:32,4b1bc5,HBKNL,LSZL,LSZL,3627
2026-06-23 16:14:03,4b1bcc,HBKNS,LSZL,LSZL,2517
2026-06-23 16:12:42,4b1bc6,HBKNM,LSZL,LSZL,4113
2026-06-23 15:11:05,4b1bc9,HBKNP,LSZL,LSZL,1731
2026-06-23 14:59:01,4b4437,HBZVR,LSZL,LSZL,2680
2026-06-23 14:55:38,4b1bcc,HBKNS,LSZL,LSZL,2991
2026-06-23 14:46:00,4b1bbc,HBKNC,LSZL,LSZL,1793
2026-06-23 14:28:17,4b3f28,HBXXW,LSZL,LSZL,4011
2026-06-23 13:59:14,3d3292,DERKC,LSZL,LIMB,1161
2026-06-23 13:24:42,500028,T7PCS,LSZL,LSZA,2080
2026-06-23 13:19:00,4b1bc6,HBKNM,LSZL,LSZL,2114
2026-06-23 13:17:51,4b1bc5,HBKNL,LSZL,LSZL,3353
2026-06-23 13:08:30,4b1bc9,HBKNP,LSZL,LSZL,2115
2026-06-23 12:49:40,4b3f28,HBXXW,LSZL,LSZL,2442
2026-06-23 12:44:22,4b442e,HBZVI,LSZL,LSML,5598
2026-06-23 12:38:52,4b1bbc,HBKNC,LSZL,LSZL,3409
2026-06-23 12:27:30,4b1bc6,HBKNM,LSZL,LSZL,1319
2026-06-23 12:20:11,4b4322,HBZLA,LSZL,LSZL,3599
2026-06-23 12:12:44,4b1bb5,HBKMV,LSZL,LSZL,3640
2026-06-23 11:26:15,4b442e,HBZVI,LSZL,LSZL,2139
2026-06-23 10:37:33,4b1bb5,HBKMV,LSZL,LSZL,2366
2026-06-23 10:14:42,4b1bcc,HBKNS,LSZL,LSPU,2125
2026-06-23 10:00:22,4b1bc5,HBKNL,LSZL,LIME,2586
2026-06-23 09:42:09,4b1bbc,HBKNC,LSZL,LSZL,2329
2026-06-23 09:25:01,4b4424,HBZUY,LSZL,LSZL,893
2026-06-23 09:20:17,4b1bcc,HBKNS,LSZL,LSZL,1600
2026-06-23 08:55:41,4b1bb5,HBKMV,LSZL,LSZL,2437
2026-06-23 08:45:16,4b1bc6,HBKNM,LSZL,LSPU,2094
2026-06-23 08:42:33,4b1bc9,HBKNP,LSZL,LSZL,1585
2026-06-23 08:28:08,4b4424,HBZUY,LSZL,LSZL,643
2026-06-23 08:24:33,4b442e,HBZVI,LSZL,LSZL,3110
2026-06-23 08:17:06,4b1bcc,HBKNS,LSZL,LSZL,1253
2026-06-23 08:10:32,4b1bc5,HBKNL,LSZL,LSZL,1977
2026-06-23 07:40:04,4b1bbc,HBKNC,LSZL,LSZL,3330
2026-06-23 07:35:44,38c59b,FPTUN,LSZL,LIPV,5249
2026-06-23 07:22:28,4b1bb5,HBKMV,LSZL,LSZL,1545
2026-06-23 07:06:12,4b1bc9,HBKNP,LSZL,LSZL,1298
2026-06-23 07:04:21,4b1bc5,HBKNL,LSZL,LSZL,1328
2026-06-23 07:02:23,4b1bc6,HBKNM,LSZL,LSZL,2071
2026-06-23 06:52:00,4b4424,HBZUY,LSZL,LSZL,2758
2026-06-23 06:20:56,4b4424,HBZUY,LSZL,LSZL,946
2026-06-23 06:05:48,4b4437,HBZVR,LSZL,LSML,993
2026-06-23 05:43:24,4b4424,HBZUY,LSZL,LSZL,1070
2026-06-23 05:42:24,4b4387,HBZOX,LSZL,LSZA,4593
2026-06-23 05:35:48,4b3f28,HBXXW,LSZL,LSPU,4051
2026-06-23 05:25:26,4b442e,HBZVI,LSZL,LSZL,5023
2026-06-23 04:58:41,4b4437,HBZVR,LSZL,LSZL,2880
2026-06-22 16:06:13,4b1bb5,HBKMV,LSZL,LSZL,4911
2026-06-22 16:01:32,4b1c24,HBKRC,LSZL,LELL,5751
2026-06-22 15:48:14,4b1bc9,HBKNP,LSZL,LSZA,1496
2026-06-22 14:48:51,4b23e0,HBNPG,LSZL,LSGE,3531
2026-06-22 14:46:04,4b1bbc,HBKNC,LSZL,LSGE,4542
2026-06-22 14:26:49,4b1bc5,HBKNL,LSZL,LSZB,4930
2026-06-22 14:03:53,4b4437,HBZVR,LSZL,LSZL,1048
2026-06-22 13:42:53,4b1bc6,HBKNM,LSZL,LSZL,1583
2026-06-22 12:51:00,4b1bc6,HBKNM,LSZL,LSZL,2125
2026-06-22 12:36:21,4b4424,HBZUY,LSZL,LSZL,4095
2026-06-22 12:34:12,4b1bb5,HBKMV,LSZL,LSZL,3165
2026-06-22 12:29:18,4b1bcc,HBKNS,LSZL,LSZE,6235
2026-06-22 12:23:58,4b4437,HBZVR,LSZL,LSZL,948
2026-06-22 12:17:14,4b1bc9,HBKNP,LSZL,LSZL,3144
2026-06-22 11:57:45,4b1bc5,HBKNL,LSZL,LSZL,4423
2026-06-22 11:40:15,4b28a6,HBPKG,LSZL,LSZW,2574
2026-06-22 11:37:30,4b1f9d,HBLZH,LSZL,LSZB,6104
2026-06-22 11:22:07,4b442e,HBZVI,LSZL,LSZL,9419
2026-06-22 09:53:00,4b1bbc,HBKNC,LSZL,LIMG,5005
2026-06-22 09:50:02,4b1bc9,HBKNP,LSZL,LILE,2858
2026-06-22 09:49:02,4b1bc6,HBKNM,LSZL,LSPM,5125
2026-06-22 09:30:46,4b0f49,HBFUN,LSZL,LIPV,3208
2026-06-22 09:21:14,4b1bc5,HBKNL,LSZL,LSZL,1258
2026-06-22 08:52:11,4b4387,HBZOX,LSZL,LSZL,1294
2026-06-22 08:47:51,500028,T7PCS,LSZL,LSML,2664
2026-06-22 08:43:18,4b0f49,HBFUN,LSZL,LSZL,1792
2026-06-22 08:19:14,3e1e8f,DICTR,LSZL,EDTD,2327
2026-06-22 07:31:23,4b1bc9,HBKNP,LSZL,LSZL,3811
2026-06-22 07:27:50,4b1bc5,HBKNL,LSZL,LSZL,1431
2026-06-22 07:25:41,4b1bcc,HBKNS,LSZL,LOWI,6168
2026-06-22 07:20:10,4b1bbc,HBKNC,LSZL,LSZL,1779
2026-06-22 07:18:37,4b1bc6,HBKNM,LSZL,LSZL,6844
2026-06-22 07:12:40,4b1c24,HBKRC,LSZL,EDVK,4798
2026-06-22 06:18:43,4b442e,HBZVI,LSZL,LSZL,2964
2026-06-22 05:41:18,4b3f28,HBXXW,LSZL,LSZA,2281
2026-06-22 05:37:42,4b4387,HBZOX,LSZL,LSZL,9665
2026-06-22 05:36:10,4b4424,HBZUY,LSZL,LSZA,1532
2026-06-22 05:23:46,4b44a1,HBZZT,LSZL,LSPM,643
2026-06-25 16:15:35,4b1bc9,HBKNP,LSZL,LSZL,2173
2026-06-25 16:14:35,4b1bcc,HBKNS,LSZL,LSZL,2859
2026-06-25 16:11:44,4b1bc5,HBKNL,LSZL,LSZL,1939
2026-06-25 16:05:02,4b1bc2,HBKNI,LSZL,LSZL,2864
2026-06-25 15:24:37,4b1bc9,HBKNP,LSZL,LSZL,1661
2026-06-25 15:17:53,4b1bc5,HBKNL,LSZL,LSZL,1654
2026-06-25 14:41:24,4b3f28,HBXXW,LSZL,LSZL,1321
2026-06-25 14:19:40,4b4387,HBZOX,LSZL,LSML,638
2026-06-25 13:52:04,4b1bc9,HBKNP,LSZL,LSZL,2420
2026-06-25 13:35:20,4b1bc5,HBKNL,LSZL,LSZL,3288
2026-06-25 13:19:03,4b1bb5,HBKMV,LSZL,LSZL,4040
2026-06-25 13:08:32,4b1bc2,HBKNI,LSZL,LSZL,4585
2026-06-25 13:07:54,4b4437,HBZVR,LSZL,LSZL,2103
2026-06-25 12:58:15,4b4072,HBYKO,LSZL,LSZE,2501
2026-06-25 12:48:51,4b4424,HBZUY,LSZL,LSZL,3842
2026-06-25 12:23:30,4b1bc5,HBKNL,LSZL,LSZL,2835
2026-06-25 12:22:22,4b4322,HBZLA,LSZL,LSZL,3397
2026-06-25 12:17:23,4b1f98,HBLZC,LSZL,LSZG,2341
2026-06-25 12:00:02,4b447b,HBZYH,LSZL,LSTA,1934
2026-06-25 11:58:50,4b1bc2,HBKNI,LSZL,LSZL,1594
2026-06-25 11:50:51,4b1bc9,HBKNP,LSZL,LSZL,2273
2026-06-25 09:56:37,4b1bcc,HBKNS,LSZL,LIPL,3890
2026-06-25 09:43:20,4b1bb5,HBKMV,LSZL,LSZL,3549
2026-06-25 09:20:04,4b3041,HBSHD,LSZL,LSZL,2035
2026-06-25 09:04:53,4b448d,HBZYZ,LSZL,LSZL,1288
2026-06-25 09:01:53,4b4322,HBZLA,LSZL,LSZL,2389
2026-06-25 08:51:41,4b1bcc,HBKNS,LSZL,LSZL,1496
2026-06-25 08:35:41,4b3f28,HBXXW,LSZL,LSZL,19074
2026-06-25 08:15:44,4b1bbc,HBKNC,LSZL,LSTA,2318
2026-06-25 08:00:59,4b1bcc,HBKNS,LSZL,LSZL,1609
2026-06-25 07:45:12,4b3eae,HBXTE,LSZL,LSZG,4046
2026-06-25 07:38:32,4b4437,HBZVR,LSZL,LSPM,5903
2026-06-25 07:32:07,4b1bc9,HBKNP,LSZL,LSZL,2866
2026-06-25 06:59:07,4b1bc7,HBKNN,LSZL,LJPZ,8932
2026-06-25 06:20:33,4b443d,HBZVX,LSZL,LSZL,10502
2026-06-25 05:39:41,4b4387,HBZOX,LSZL,LSZA,4020
2026-06-25 05:33:07,4b3f28,HBXXW,LSZL,LSZL,7843
2026-06-24 16:31:52,4b4322,HBZLA,LSZL,LSZL,1141
2026-06-24 16:00:01,4b3309,RGA06,LSZL,LSPU,623
2026-06-24 15:57:00,4b1bc9,HBKNP,LSZL,LSZA,4379
2026-06-24 15:53:10,4b23e1,HBNPH,LSZL,LSZA,738
2026-06-24 15:48:24,4b1bc7,HBKNN,LSZL,LSZL,1235
2026-06-24 15:45:01,4b1bcc,HBKNS,LSZL,LSZL,2881
2026-06-24 14:29:01,4b1bcc,HBKNS,LSZL,LSZL,925
2026-06-24 13:52:01,4b448d,HBZYZ,LSZL,LSZL,1846
2026-06-24 13:13:03,4b4322,HBZLA,LSZL,LSZL,3344
2026-06-24 13:08:30,4b1bb5,HBKMV,LSZL,LSZA,3281
2026-06-24 12:57:17,4b1bbc,HBKNC,LSZL,LSZL,3095
2026-06-24 12:54:31,4b1bc7,HBKNN,LSZL,LSZL,2757
2026-06-24 12:38:26,4b28ed,HBPMZ,LSZL,LSMF,963
2026-06-24 12:36:07,4b442e,HBZVI,LSZL,LSML,2849
2026-06-24 12:29:15,4b1bc5,HBKNL,LSZL,LSZL,2547
2026-06-24 12:25:21,4b1bc9,HBKNP,LSZL,LIPL,3091
2026-06-24 12:20:16,4b1bcc,HBKNS,LSZL,LSZL,3143
2026-06-24 12:08:41,4b4424,HBZUY,LSZL,LSZA,4177
2026-06-24 11:51:01,4b1bf7,HBKPJ,LSZL,,2488
2026-06-24 11:44:47,4b442e,HBZVI,LSZL,LSZL,792
2026-06-24 10:06:26,4b301c,HBSFS,LSZL,LSZN,3586
2026-06-24 09:41:09,4b1bc5,HBKNL,LSZL,,1690
2026-06-24 09:38:30,4b1bcc,HBKNS,LSZL,LSZL,3853
2026-06-24 09:30:30,4b1bb5,HBKMV,LSZL,LSZL,1331
2026-06-24 09:28:44,4b4322,HBZLA,LSZL,LSZL,1165
2026-06-24 09:24:55,4b448d,HBZYZ,LSZL,LSZL,720
2026-06-24 08:24:33,4b442e,HBZVI,LSZL,LSZL,3922
2026-06-24 08:09:28,4b1bbc,HBKNC,LSZL,LSPU,2085
2026-06-24 07:50:25,4b1bc7,HBKNN,LSZL,LILE,2554
2026-06-24 07:40:34,4b1bcc,HBKNS,LSZL,LSZL,2393
2026-06-24 07:38:40,4b1bc5,HBKNL,LSZL,LSZL,2292
2026-06-24 07:32:16,4b3f28,HBXXW,LSZL,LSZL,960
2026-06-24 07:23:08,4b1bb5,HBKMV,LSZL,LSZL,3489
2026-06-24 07:15:51,4b448d,HBZYZ,LSZL,LSZL,1116
2026-06-24 07:05:57,4b1bc9,HBKNP,LSZL,LSZL,2519
2026-06-24 06:25:00,4b442e,HBZVI,LSZL,LSZL,6005
2026-06-24 06:18:17,4b4437,HBZVR,LSZL,LSPM,9667
2026-06-24 05:38:45,4b4424,HBZUY,LSZL,LSZL,2504
2026-06-24 05:35:38,4b4387,HBZOX,LSZL,LSZL,7189
2026-06-24 05:34:54,4b3f28,HBXXW,LSZL,LSZL,4654
2026-06-27 23:35:01,4b3309,RGA06,LSZL,LSZA,703
2026-06-27 16:08:02,4b1bc2,HBKNI,LSZL,LSZL,3116
2026-06-27 15:38:30,4b1bc7,HBKNN,LSZL,LSZL,1635
2026-06-27 15:32:19,4b1bc9,HBKNP,LSZL,LSZL,2217
2026-06-27 14:47:04,4b4db1,HB2314,LSZL,LSZL,2405
2026-06-27 14:21:17,4b1bb5,HBKMV,LSZL,LSZL,1564
2026-06-27 14:15:54,4b4072,HBYKO,LSZL,LSZE,2955
2026-06-27 13:53:18,4b4322,HBZLA,LSZL,LSZL,749
2026-06-27 13:44:32,4b1bb5,HBKMV,LSZL,LSZL,1063
2026-06-27 13:36:47,4b1bc2,HBKNI,LSZL,LSZL,1806
2026-06-27 12:58:59,4b1bcc,HBKNS,LSZL,LSZA,1008
2026-06-27 12:40:17,4b3a22,HBWAK,LSZL,LSZL,1397
2026-06-27 12:21:36,4b1bb5,HBKMV,LSZL,LSZL,1816
2026-06-27 12:10:56,4b4387,HBZOX,LSZL,LSZL,2521
2026-06-27 12:06:17,4b3a22,HBWAK,LSZL,LSZL,1180
2026-06-27 10:57:30,4b1bb5,HBKMV,LSZL,LSZL,1963
2026-06-27 09:58:53,4b1bb5,HBKMV,LSZL,LSZL,1776
2026-06-27 09:50:00,4b3a22,HBWAK,LSZL,LSZL,3598
2026-06-27 09:23:03,3d14aa,DEGBQ,LSZL,EDQM,9693
2026-06-27 09:10:19,4b448d,HBZYZ,LSZL,LSZL,1885
2026-06-27 09:10:04,4b4121,HBYRH,LSZL,LSZK,2899
2026-06-27 08:48:05,4b1bc2,HBKNI,LSZL,LSZC,8137
2026-06-27 07:39:14,4b4465,KHS52,LSZL,LSZL,3606
2026-06-27 07:33:42,4b44a1,HBZZT,LSZL,LSZL,2822
2026-06-27 07:30:33,4b1bc7,HBKNN,LSZL,LIPV,8155
2026-06-27 07:14:38,4b1bb5,HBKMV,LSZL,LSZL,994
2026-06-27 06:50:33,38c59b,FPTUN,LSZL,LSZL,1107
2026-06-27 06:09:24,4b4437,HBZVR,LSZL,LSZL,1261
2026-06-27 05:37:37,4b4424,HBZUY,LSZL,LSZL,2930
2026-06-27 05:33:23,4b3f28,HBXXW,LSZL,LSPM,3195
2026-06-26 15:00:41,4b1bc5,HBKNL,LSZL,LSZL,1924
2026-06-26 10:29:47,4b1bc2,HBKNI,LSZL,LSPU,2298
2026-06-26 10:01:15,4d2506,9HHLMG,LSZL,LIMG,2953
2026-06-26 09:55:02,4b0e27,PIZ51,LSZL,LFBD,7399
2026-06-26 09:22:27,4b1bc9,HBKNP,LSZL,LSZL,1246
2026-06-26 08:46:54,4b4db1,HB2314,LSZL,LSPU,3480
2026-06-26 07:36:21,4b1bbc,HBKNC,LSZL,LSZB,4062
2026-06-26 07:13:45,4b1bc2,HBKNI,LSZL,LSZA,3036
2026-06-26 05:48:45,4b3f28,HBXXW,LSZL,LSPM,3544
2026-06-29 15:44:21,4b3041,HBSHD,LSZL,LSZL,2156
2026-06-29 12:43:19,4b1bb5,HBKMV,LSZL,LSZL,1638
2026-06-29 12:35:17,4b1bc2,HBKNI,LSZL,LSZL,7382
2026-06-29 12:34:00,4b1bc9,HBKNP,LSZL,LSZA,3203
2026-06-29 12:28:04,4b1bc7,HBKNN,LSZL,LSZA,3361
2026-06-29 12:13:15,500028,T7PCS,LSZL,LSPV,3703
2026-06-29 10:57:01,4b1bc9,HBKNP,LSZL,LSZL,2392
2026-06-29 10:25:00,4b1bb5,HBKMV,LSZL,LSZL,1424
2026-06-29 09:48:09,4b1bc2,HBKNI,LSZL,LSZL,3823
2026-06-29 09:20:31,4b1bc9,HBKNP,LSZL,LSZL,2024
2026-06-29 09:07:30,4b1bc7,HBKNN,LSZL,LSZL,10215
2026-06-29 07:15:42,4b1bb5,HBKMV,LSZL,LSZL,4471
2026-06-29 07:13:34,4b1bc7,HBKNN,LSZL,LSZL,2799
2026-06-29 07:12:07,500028,T7PCS,LSZL,LSZL,2677
2026-06-29 07:09:17,a2721c,N257GG,LSZL,LSZL,2265
2026-06-29 07:07:17,4b1bc9,HBKNP,LSZL,LSZA,1289
2026-06-29 07:02:15,4b288b,HBPJF,LSZL,LIPV,5649
2026-06-29 06:47:03,4b1c24,HBKRC,LSZL,LIEO,4484
2026-06-29 06:43:04,a79c67,N59PV,LSZL,LFLI,2200
2026-06-28 12:42:35,4b1bc7,HBKNN,LSZL,LSZL,749
2026-06-28 11:32:26,4b3e3f,KHS31,LSZL,LIML,1323
2026-06-28 11:05:30,4b1bc7,HBKNN,LSZL,LSZL,1120
2026-06-28 10:47:45,4b1bcc,HBKNS,LSZL,LSZL,3248
2026-06-28 10:34:30,4b1bc2,HBKNI,LSZL,LSZL,8413
2026-06-28 09:46:48,3d3d28,DEVKI,LSZL,EDCA,9330
2026-06-28 09:11:13,4b1bc6,HBKNM,LSZL,LSZL,1388
2026-06-28 08:40:35,4b0f49,HBFUN,LSZL,,4963
2026-06-28 08:22:10,4b288b,HBPJF,LSZL,LSPM,649
2026-06-28 08:18:00,4b3309,RGA06,LSZL,LSPM,899
2026-06-28 08:06:52,4b0f8e,HBFXE,LSZL,LIRJ,3372
2026-06-28 07:39:16,4b1bc6,HBKNM,LSZL,LSZA,604
2026-06-28 07:38:10,4b1bc7,HBKNN,LSZL,LILE,2684
2026-06-28 07:34:55,4b1bb5,HBKMV,LSZL,LSZL,1740
2026-07-01 18:12:34,4b3309,RGA06,LSZL,LSZL,816
2026-07-01 13:11:07,4b44a1,HBZZT,LSZL,LSPM,1534
2026-07-01 12:36:34,500028,T7PCS,LSZL,LSZL,1544
2026-07-01 12:27:05,4b4437,HBZVR,LSZL,LSZL,2233
2026-07-01 11:58:02,4b443d,HBZVX,LSZL,LSZL,1653
2026-07-01 11:04:10,4b442e,HBZVI,LSZL,LSZL,1099
2026-07-01 09:29:32,4b4424,HBZUY,LSZL,LSZL,618
2026-07-01 09:24:00,4b4387,HBZOX,LSZL,LSZL,1445
2026-07-01 07:43:53,4b1bc6,HBKNM,LSZL,LSZA,1079
2026-07-01 07:31:21,4b1bc2,HBKNI,LSZL,LSZL,6260
2026-07-01 07:29:10,a3be02,N340HE,LSZL,EDMS,5621
2026-07-01 07:14:17,4b4322,HBZLA,LSZL,LSZL,1614
2026-07-01 06:49:20,4b1bc7,HBKNN,LSZL,LSZL,2116
2026-07-01 06:29:30,3d840b,DFWGH,LSZL,EDLD,5299
2026-07-01 06:25:34,a2721c,N257GG,LSZL,LDPM,4900
2026-07-01 05:42:45,4b443d,HBZVX,LSZL,LSZA,1478
2026-07-01 05:39:40,4b442e,HBZVI,LSZL,LSZA,1050
2026-07-01 05:37:44,4b3f28,HBXXW,LSZL,LSPM,3525
2026-07-01 05:36:11,4b4387,HBZOX,LSZL,LSZL,5580
2026-07-01 05:30:28,4b44a1,HBZZT,LSZL,LSPM,644
2026-07-01 04:54:23,4b443e,HBZVY,LSZL,LSZL,11508
2026-07-01 04:38:46,4b4424,HBZUY,LSZL,LSZL,12370
2026-06-30 17:15:30,4b1bc6,HBKNM,LSZL,LSZL,2312
2026-06-30 17:11:49,4b1bc7,HBKNN,LSZL,LSZL,1122
2026-06-30 16:40:34,4b443d,HBZVX,LSZL,LSZL,5406
2026-06-30 16:19:00,4b1bc2,HBKNI,LSZL,LSZL,1655
2026-06-30 16:17:51,4b3f28,HBXXW,LSZL,LSZL,5108
2026-06-30 16:03:05,4b3041,HBSHD,LSZL,LSZL,1256
2026-06-30 15:57:00,4b1bc6,HBKNM,LSZL,LSZL,3462
2026-06-30 15:51:18,4b1bc7,HBKNN,LSZL,LSZL,1271
2026-06-30 15:28:31,4b1bc2,HBKNI,LSZL,LSZL,1612
2026-06-30 15:17:34,4b443d,HBZVX,LSZL,LSZL,3715
2026-06-30 15:04:50,4b4387,HBZOX,LSZL,LSZL,5183
2026-06-30 14:49:31,4b1bc6,HBKNM,LSZL,LSZL,2096
2026-06-30 14:46:53,4b3041,HBSHD,LSZL,LSZL,1737
2026-06-30 13:41:15,4b3041,HBSHD,LSZL,LSZL,1205
2026-06-30 13:31:02,4b1bc6,HBKNM,LSZL,LSZL,2259
2026-06-30 13:30:30,4b4387,HBZOX,LSZL,LSZL,2667
2026-06-30 13:12:40,4b1bc7,HBKNN,LSZL,LSZL,3469
2026-06-30 12:30:04,4b4437,HBZVR,LSZL,LSZL,1721
2026-06-30 12:20:40,4b3041,HBSHD,LSZL,LSZL,1836
2026-06-30 12:06:04,4d24e2,9HITA,LSZL,LIME,2941
2026-06-30 11:58:10,4b1bc6,HBKNM,LSZL,LSZL,2805
2026-06-30 11:50:15,4b1bc2,HBKNI,LSZL,LSZL,11261
2026-06-30 11:48:30,4b4387,HBZOX,LSZL,LSZL,4103
2026-06-30 11:46:28,4b4322,HBZLA,LSZL,LSZL,1673
2026-06-30 10:05:48,4b443e,HBZVY,LSZL,LSZL,11914
2026-06-30 09:50:23,4b1e15,HBLKF,LSZL,LSZG,2893
2026-06-30 09:46:20,4b1bc2,HBKNI,LSZL,LSZL,2897
2026-06-30 09:43:05,4b443d,HBZVX,LSZL,LSZL,16414
2026-06-30 09:32:30,4b443e,HBZVY,LSZL,LSZL,1345
2026-06-30 09:28:02,4b1bc7,HBKNN,LSZL,LSPU,2033
2026-06-30 09:27:19,4b4437,HBZVR,LSZL,LSZL,2110
2026-06-30 09:14:53,4b3f28,HBXXW,LSZL,LSPM,1921
2026-06-30 09:10:36,4b4387,HBZOX,LSZL,LSZL,4871
2026-06-30 08:13:49,4b1b13,HBKGP,LSZL,LSTS,4575
2026-06-30 08:11:47,4b3041,HBSHD,LSZL,LSZL,1617
2026-06-30 07:03:50,4b1636,HBIKS,LSZL,LOWW,3728
2026-06-30 07:02:34,4b1bc2,HBKNI,LSZL,LSZL,7688
2026-06-30 07:02:07,4b377f,HBVAL,LSZL,LSZL,1988
2026-06-30 06:53:26,4b443e,HBZVY,LSZL,LSZL,7203
2026-06-30 06:45:25,4b1bc6,HBKNM,LSZL,LIPL,2693
2026-06-30 05:36:35,4b442e,HBZVI,LSZL,LSZA,9938
2026-06-30 05:32:53,4b3f28,HBXXW,LSZL,LSPM,1976
2026-06-30 05:31:29,4b4387,HBZOX,LSZL,LSZL,3279
2026-06-30 04:33:59,4b4424,HBZUY,LSZL,LSZA,10669
2026-06-30 03:35:28,4b443d,HBZVX,LSZL,LSZL,19140
2026-07-03 17:24:40,4b3041,HBSHD,LSZL,LSZL,1739
2026-07-03 17:19:32,4b3042,HBSHE,LSZL,LSZL,1964
2026-07-03 17:16:35,4b1bc7,HBKNN,LSZL,LSZL,1607
2026-07-03 17:12:38,4b1bc2,HBKNI,LSZL,LSZL,2226
2026-07-03 17:01:30,4b1bc5,HBKNL,LSZL,LSZL,1856
2026-07-03 16:29:06,4b3042,HBSHE,LSZL,LSZL,1708
2026-07-03 16:28:03,4b1bc7,HBKNN,LSZL,LSZL,1465
2026-07-03 16:26:51,4b3041,HBSHD,LSZL,LSZL,1118
2026-07-03 16:16:00,4b1bc6,HBKNM,LSZL,LSZL,1966
2026-07-03 15:52:00,4b3f28,HBXXW,LSZL,LSZL,2312
2026-07-03 15:15:31,4b3042,HBSHE,LSZL,LSZL,2291
2026-07-03 15:14:16,4b1bbc,HBKNC,LSZL,LSZA,1992
2026-07-03 15:02:53,4b1bc5,HBKNL,LSZL,LSZL,1714
2026-07-03 15:01:10,4b1bc7,HBKNN,LSZL,LSZL,1620
2026-07-03 14:58:05,4b3041,HBSHD,LSZL,LSZL,2694
2026-07-03 14:44:02,4b1bcc,HBKNS,LSZL,LSZL,10902
2026-07-03 14:20:06,500028,T7PCS,LSZL,LSZL,1573
2026-07-03 14:13:00,4b3042,HBSHE,LSZL,LSZL,1556
2026-07-03 14:02:16,4b1bc5,HBKNL,LSZL,LSZL,1559
2026-07-03 13:39:02,4b3041,HBSHD,LSZL,LSZL,1534
2026-07-03 13:08:40,500028,T7PCS,LSZL,LSZL,976
2026-07-03 13:06:56,4b1bbc,HBKNC,LSZL,LSZA,1552
2026-07-03 12:56:55,4b3042,HBSHE,LSZL,LSZL,1233
2026-07-03 12:42:03,506df0,S5DVV,LSZL,LIDT,4188
2026-07-03 12:22:06,4b1bb5,HBKMV,LSZL,LSZL,2921
2026-07-03 09:26:44,4b1bbc,HBKNC,LSZL,LIMZ,3810
2026-07-03 09:24:59,4b3041,HBSHD,LSZL,LSZL,1029
2026-07-03 08:58:12,4b1bc2,HBKNI,LSZL,LILR,3375
2026-07-03 07:44:33,4b1bc2,HBKNI,LSZL,LSZL,1299
2026-07-03 07:35:08,4b0f49,HBFUN,LSZL,,4869
2026-07-02 16:49:09,4b07fd,HBDAR,LSZL,LSZR,3050
2026-07-02 15:28:08,3e1e8f,DICTR,LSZL,EDTD,1918
2026-07-02 14:15:45,4b3273,HBTCT,LSZL,LSZG,4144
2026-07-02 13:40:36,4b7f9c,T323,LSZL,LSZL,677
2026-07-02 13:22:45,4b3041,HBSHD,LSZL,LSZL,1265
2026-07-02 12:55:08,4b4387,HBZOX,LSZL,LSZA,5671
2026-07-02 12:41:41,4b7f9c,T323,LSZL,LSZL,810
2026-07-02 12:41:35,4b2811,HBPEN,LSZL,LSZB,3533
2026-07-02 12:38:24,4b0f0a,PCH60D,LSZL,LSZC,4854
2026-07-02 12:15:53,4b1bc6,HBKNM,LSZL,LSZL,1247
2026-07-02 12:11:52,4b1bb5,HBKMV,LSZL,LSZL,1567
2026-07-02 11:59:54,4b3041,HBSHD,LSZL,LSZL,1348
2026-07-02 11:27:31,4b443d,HBZVX,LSZL,LSZL,2150
2026-07-02 10:01:01,500028,T7PCS,LSZL,LSTA,1528
2026-07-02 05:41:08,4b4424,HBZUY,LSZL,LSZA,1561
2026-07-02 05:36:59,4b4387,HBZOX,LSZL,LSML,1675
2026-07-02 05:07:22,4b443d,HBZVX,LSZL,LSZL,1435
2026-07-05 16:56:13,4b1bc6,HBKNM,LSZL,LSZL,2513
2026-07-05 15:22:22,4b4322,HBZLA,LSZL,LSZL,1441
2026-07-05 15:16:18,4b1bc5,HBKNL,LSZL,LSZL,1082
2026-07-05 15:08:06,4b1bbc,HBKNC,LSZL,LSZL,2169
2026-07-05 15:05:21,3e1e8f,DICTR,LSZL,EDTD,2301
2026-07-05 15:04:45,4b1bcc,HBKNS,LSZL,LSZL,1594
2026-07-05 14:41:32,4b5169,HB3266,LSZL,LSZL,2355
2026-07-05 14:40:49,4b3309,RGA06,LSZL,LSZL,1056
2026-07-05 14:05:30,4b1bbc,HBKNC,LSZL,LSZL,2099
2026-07-05 13:51:36,4b3a22,HBWAK,LSZL,LSZL,1246
2026-07-05 13:45:00,4b5169,HB3266,LSZL,LSZL,1678
2026-07-05 13:42:00,486782,PHSMD,LSZL,LSZE,2489
2026-07-05 13:18:38,3d840b,DFWGH,LSZL,EDLD,5900
2026-07-05 12:58:32,4b3a22,HBWAK,LSZL,LSZL,918
2026-07-05 12:47:06,4b1bcc,HBKNS,LSZL,LSZL,4695
2026-07-05 12:29:01,4b1bc5,HBKNL,LSZL,LSZL,5962
2026-07-05 12:27:52,4b1bbc,HBKNC,LSZL,LSZL,3695
2026-07-05 12:14:13,4b3a22,HBWAK,LSZL,LSZL,885
2026-07-05 11:26:41,4b1bc5,HBKNL,LSZL,LSZL,1665
2026-07-05 11:15:12,4b1c48,HBKSM,LSZL,LIMG,4694
2026-07-05 10:16:37,4b1bc5,HBKNL,LSZL,LSZL,1776
2026-07-05 10:03:36,4b1bd0,HBKNW,LSZL,LIRJ,6828
2026-07-05 09:49:46,4b0f49,HBFUN,LSZL,LSZS,666
2026-07-05 09:19:37,4b1bbc,HBKNC,LSZL,LSZL,3390
2026-07-05 08:50:46,a79c67,N59PV,LSZL,LFLI,2211
2026-07-05 08:39:09,4b1e1d,HBLKN,LSZL,LSZL,3546
2026-07-05 07:37:35,4b1bcc,HBKNS,LSZL,LIMG,5146
2026-07-05 07:22:28,4b1bc6,HBKNM,LSZL,LIMG,4591
2026-07-05 07:08:16,4b1bbc,HBKNC,LSZL,LSZL,1286
2026-07-05 06:44:23,4b2830,HBPFS,LSZL,,1356
2026-07-05 06:34:05,4b40fe,HBYPY,LSZL,LIRJ,5338
2026-07-05 06:33:34,4b1bc5,HBKNL,LSZL,LSZR,5245
2026-07-05 06:24:34,3ff89b,DMVLQ,LSZL,LSZL,3999
2026-07-04 17:39:51,4b3510,HBUCM,LSZL,LSMA,2956
2026-07-04 17:17:10,4b1bc6,HBKNM,LSZL,LSZL,1901
2026-07-04 17:10:31,4b1bbc,HBKNC,LSZL,LSZL,2469
2026-07-04 17:08:40,4b3041,HBSHD,LSZL,LSZL,2266
2026-07-04 16:35:01,4b1bc5,HBKNL,LSZL,LSZL,1677
2026-07-04 16:29:36,4b1c62,HBKTM,LSZL,LSMF,2085
2026-07-04 16:24:41,4b1bc7,HBKNN,LSZL,LSZL,1768
2026-07-04 16:18:35,4b1bc6,HBKNM,LSZL,LSZL,1868
2026-07-04 15:51:06,4b1bc2,HBKNI,LSZL,LSZL,3892
2026-07-04 15:44:46,4b3041,HBSHD,LSZL,LSZL,2735
2026-07-04 15:24:03,4b5169,HB3266,LSZL,LSZL,1189
2026-07-04 15:21:10,4b1bc7,HBKNN,LSZL,LSZL,1773
2026-07-04 14:37:51,4b418b,HBYVJ,LSZL,LSZE,2084
2026-07-04 14:26:25,4b1bfb,HBKPN,LSZL,LSMF,1772
2026-07-04 14:24:15,4b3041,HBSHD,LSZL,LSZL,2280
2026-07-04 14:20:03,4b1bc7,HBKNN,LSZL,LSZL,1555
2026-07-04 13:58:23,4b1b86,HBKLA,LSZL,LSZT,3824
2026-07-04 13:58:21,4b4322,HBZLA,LSZL,LSZL,806
2026-07-04 13:55:34,500028,T7PCS,LSZL,LSZL,766
2026-07-04 13:49:17,4b1bc5,HBKNL,LSZL,LSZL,6472
2026-07-04 13:21:21,4b1bc7,HBKNN,LSZL,LSZL,1940
2026-07-04 12:41:49,4b1bc6,HBKNM,LSZL,LSZL,5618
2026-07-04 12:37:03,4b1bc2,HBKNI,LSZL,LSZL,8995
2026-07-04 12:31:06,a95101,N7MT,LSZL,LSZR,3445
2026-07-04 12:13:46,4b1bc7,HBKNN,LSZL,LSZL,1692
2026-07-04 11:59:17,500028,T7PCS,LSZL,LSZL,3671
2026-07-04 11:53:05,4400fe,OEFML,LSZL,,5660
2026-07-04 11:04:51,4b3042,HBSHE,LSZL,LSZL,1789
2026-07-04 10:51:14,4b1bc6,HBKNM,LSZL,LSZL,2858
2026-07-04 10:26:34,4b1c48,HBKSM,LSZL,LSZR,5125
2026-07-04 10:07:07,4b1bc7,HBKNN,LSZL,LSTA,2283
2026-07-04 09:53:03,4b3042,HBSHE,LSZL,LSZL,2080
2026-07-04 09:42:00,4b4322,HBZLA,LSZL,LSZL,1339
2026-07-04 09:28:07,4b4387,HBZOX,LSZL,LSZL,1895
2026-07-04 09:13:12,4b1bc2,HBKNI,LSZL,LSML,6074
2026-07-04 09:07:30,4b1bc7,HBKNN,LSZL,LSZL,1706
2026-07-04 09:03:19,4b1bc5,HBKNL,LSZL,LSPU,2282
2026-07-04 09:02:12,4b1bc6,HBKNM,LSZL,LSML,926
2026-07-04 08:54:20,4b2d1f,HBRCH,LSZL,LSGN,3289
2026-07-04 08:35:52,4b4387,HBZOX,LSZL,LSZL,1325
2026-07-04 08:13:23,4b4db1,HB2314,LSZL,LSPV,3465
2026-07-04 08:05:51,4b44a1,HBZZT,LSZL,LSPM,3335
2026-07-04 07:59:10,4b443d,HBZVX,LSZL,LSZL,1541
2026-07-04 07:09:39,4b1bc2,HBKNI,LSZL,LSZL,1414
2026-07-04 06:46:47,38c59b,FPTUN,LSZL,LSZL,5343
2026-07-04 05:33:44,4b3f28,HBXXW,LSZL,LSZL,2798
2026-07-04 05:33:08,4b4387,HBZOX,LSZL,LSPM,1742
2026-07-07 16:27:30,4b1bc6,HBKNM,LSZL,LSZL,2109
2026-07-07 15:02:22,4b3041,HBSHD,LSZL,LSZL,1837
2026-07-07 14:50:02,4b1bc6,HBKNM,LSZL,LSZL,2154
2026-07-07 14:28:33,3e3fc7,DIPIT,LSZL,EDLN,8507
2026-07-07 13:40:06,4b3041,HBSHD,LSZL,LSZL,2044
2026-07-07 13:39:38,4b4db1,HB2314,LSZL,LSZL,921
2026-07-07 12:46:13,4b1bc2,HBKNI,LSZL,LSZL,3249
2026-07-07 12:27:00,4b1bbc,HBKNC,LSZL,LSZL,7750
2026-07-07 12:25:31,4b3041,HBSHD,LSZL,LSZL,1766
2026-07-07 12:08:30,4b4089,HBYLL,LSZL,LSPL,2008
2026-07-07 12:03:09,4b4387,HBZOX,LSZL,LSZL,1891
2026-07-07 12:01:01,4b1bc6,HBKNM,LSZL,LSZL,2802
2026-07-07 11:33:33,3d72b4,DFPRO,LSZL,EDDK,5212
2026-07-07 10:04:48,4b3041,HBSHD,LSZL,LSZL,1801
2026-07-07 09:42:46,4b4322,HBZLA,LSZL,LSZL,1092
2026-07-07 09:31:35,4b1bc6,HBKNM,LSZL,LSZL,1224
2026-07-07 09:19:11,aab66b,N79HR,LSZL,LOWS,5308
2026-07-07 09:13:02,4b1bcc,HBKNS,LSZL,LSZL,1960
2026-07-07 09:11:14,4b3041,HBSHD,LSZL,LSZL,1315
2026-07-07 09:04:41,4b1bc5,HBKNL,LSZL,LSZL,2344
2026-07-07 09:04:03,500028,T7PCS,LSZL,LSZL,2324
2026-07-07 08:51:48,4b1bc2,HBKNI,LSZL,LSZL,1990
2026-07-07 08:48:01,4b23e1,HBNPH,LSZL,LSZA,1304
2026-07-07 08:11:25,4b3f28,HBXXW,LSZL,LSZL,1354
2026-07-07 07:56:34,4b1bcc,HBKNS,LSZL,LSZL,1883
2026-07-07 07:54:36,4b3041,HBSHD,LSZL,LSZL,1501
2026-07-07 07:54:12,4b1bc5,HBKNL,LSZL,LSZL,2316
2026-07-07 07:34:49,4b1636,HBIKS,LSZL,LOWW,3819
2026-07-07 07:09:48,4b1bc6,HBKNM,LSZL,LSZL,1631
2026-07-07 07:09:37,4b1bbc,HBKNC,LSZL,LIPL,3091
2026-07-07 07:05:47,4b1bc2,HBKNI,LSZL,LSZL,2109
2026-07-07 06:30:37,4b4387,HBZOX,LSZL,LSZL,14550
2026-07-07 05:53:07,4b4424,HBZUY,LSZL,LSZA,705
2026-07-07 05:46:50,4b443d,HBZVX,LSZL,LSML,604
2026-07-07 05:37:08,4b4387,HBZOX,LSZL,LSZL,1521
2026-07-07 05:31:09,4b3f28,HBXXW,LSZL,LSPM,811
2026-07-07 05:26:22,4b442e,HBZVI,LSZL,LSZL,6535
2026-07-06 21:33:50,4b3309,RGA06,LSZL,LSML,978
2026-07-06 17:16:34,4b1bc6,HBKNM,LSZL,LSZL,1445
2026-07-06 16:46:54,4b1bc2,HBKNI,LSZL,LSZL,2972
2026-07-06 16:30:52,4b1bbc,HBKNC,LSZL,LSZL,2498
2026-07-06 15:32:03,4b1bc6,HBKNM,LSZL,LSZL,2135
2026-07-06 15:18:33,4b1bbc,HBKNC,LSZL,LSZL,1809
2026-07-06 14:24:20,4b4db1,HB2314,LSZL,LSZL,6170
2026-07-06 14:11:39,4b3041,HBSHD,LSZL,LSZL,2273
2026-07-06 14:04:01,4b1bbc,HBKNC,LSZL,LSZL,2294
2026-07-06 14:02:52,4b3309,RGA06,LSZL,LSZA,672
2026-07-06 13:45:50,4b1bc6,HBKNM,LSZL,LSZL,1638
2026-07-06 13:27:40,4b1bcc,HBKNS,LSZL,LSZL,1829
2026-07-06 13:19:36,4b3f28,HBXXW,LSZL,LSZA,979
2026-07-06 13:13:04,4b1bc5,HBKNL,LSZL,LSZL,2019
2026-07-06 13:04:05,4b3041,HBSHD,LSZL,LSZL,1551
2026-07-06 12:57:30,4b1bbc,HBKNC,LSZL,LSZL,2489
2026-07-06 12:00:51,4b40f1,HBYPL,LSZL,LSZK,3452
2026-07-06 11:59:24,4b3041,HBSHD,LSZL,LSZL,1728
2026-07-06 11:57:08,4b3f28,HBXXW,LSZL,LSZL,2598
2026-07-06 11:53:25,4b1bcc,HBKNS,LSZL,LSZL,1848
2026-07-06 11:50:20,4b1bbc,HBKNC,LSZL,LSZL,1569
2026-07-06 11:47:38,4b1bc5,HBKNL,LSZL,LSZL,1896
2026-07-06 11:34:05,4b2886,HBPJA,LSZL,LSZR,3895
2026-07-06 10:17:00,4b1bbc,HBKNC,LSZL,LSZL,1811
2026-07-06 10:14:08,4b3041,HBSHD,LSZL,LSZL,1365
2026-07-06 09:47:43,4b4424,HBZUY,LSZL,LSZL,3472
2026-07-06 09:18:03,4b1bc6,HBKNM,LSZL,LSZL,2066
2026-07-06 09:11:00,4b443d,HBZVX,LSZL,LSML,844
2026-07-06 09:09:40,4b3041,HBSHD,LSZL,LSZL,1471
2026-07-06 09:03:01,4b4424,HBZUY,LSZL,LSZL,1842
2026-07-06 07:13:18,4b1bc6,HBKNM,LSZL,LSZL,2261
2026-07-06 06:28:57,4b1bbc,HBKNC,LSZL,LSTA,2381
2026-07-06 06:27:47,4b4387,HBZOX,LSZL,LSZL,12524
2026-07-06 06:22:48,4b40fe,HBYPY,LSZL,LSZL,3735
2026-07-06 05:37:03,4b3f28,HBXXW,LSZL,LSZA,2636
2026-07-06 05:32:26,4b443d,HBZVX,LSZL,LSML,1876
2026-07-06 05:32:11,4b4387,HBZOX,LSZL,LSZL,1576
2026-07-09 14:24:15,4b1bc7,HBKNN,LSZL,LSZA,1784
2026-07-09 14:18:17,4b1bcc,HBKNS,LSZL,LSZL,1720
2026-07-09 14:06:33,4b1bc5,HBKNL,LSZL,LSZL,1299
2026-07-09 12:59:13,4b1bcc,HBKNS,LSZL,LSZL,1596
2026-07-09 12:56:16,4b1bc5,HBKNL,LSZL,LSZL,1453
2026-07-09 12:29:30,4b0c95,HBETX,LSZL,LSZT,3357
2026-07-09 12:03:41,4b4424,HBZUY,LSZL,LSZA,819
2026-07-09 11:52:48,4b3ef0,HBXVS,LSZL,LSPN,3851
2026-07-09 10:59:29,4b4322,HBZLA,LSZL,LSGR,3502
2026-07-09 10:22:21,4b1bbc,HBKNC,LSZL,LSZL,953
2026-07-09 10:18:24,4b3042,HBSHE,LSZL,LSZL,617
2026-07-09 10:09:19,4b3041,HBSHD,LSZL,LSZL,664
2026-07-09 09:08:21,4b1bbc,HBKNC,LSZL,LSZL,926
2026-07-09 09:02:08,500028,T7PCS,LSZL,LSZL,1739
2026-07-09 08:52:40,4b3041,HBSHD,LSZL,LSZL,765
2026-07-09 08:03:12,4b1bc7,HBKNN,LSZL,LSPU,3544
2026-07-09 07:50:13,4b3041,HBSHD,LSZL,LSZL,865
2026-07-09 07:43:58,4b3042,HBSHE,LSZL,LSZL,700
2026-07-09 07:07:57,4b1c24,HBKRC,LSZL,LOWG,3990
2026-07-09 05:49:33,4b4387,HBZOX,LSZL,LSPM,1895
2026-07-09 05:40:33,4b443d,HBZVX,LSZL,LSZL,685
2026-07-08 19:58:39,4b3309,RGA06,LSZL,LSZL,1086
2026-07-08 17:40:19,4b4203,HBYZZ,LSZL,LSZM,3459
2026-07-08 16:36:36,4b1bb7,HBKMX,LSZL,LSZK,4531
2026-07-08 15:19:53,4b1bc6,HBKNM,LSZL,LSZL,1943
2026-07-08 14:58:42,4b1bc2,HBKNI,LSZL,LIPK,7752
2026-07-08 13:44:34,4b1bc6,HBKNM,LSZL,LSZL,2551
2026-07-08 13:40:33,4b1bc9,HBKNP,LSZL,LSZL,2045
2026-07-08 12:56:52,4b3042,HBSHE,LSZL,LSZL,1500
2026-07-08 12:52:44,4b1bc6,HBKNM,LSZL,LSZL,1210
2026-07-08 12:49:49,4b1bc9,HBKNP,LSZL,LSZL,1471
2026-07-08 12:48:37,4b1bc7,HBKNN,LSZL,LSZL,6843
2026-07-08 12:42:12,4b4424,HBZUY,LSZL,LSZL,946
2026-07-08 12:09:48,4b1bbc,HBKNC,LSZL,LILR,3575
2026-07-08 12:08:03,4b4424,HBZUY,LSZL,LSZL,1025
2026-07-08 11:44:15,4b4424,HBZUY,LSZL,LSZL,633
2026-07-08 11:38:49,4b2858,HBPHG,LSZL,LSMM,2877
2026-07-08 11:24:38,4b44a1,HBZZT,LSZL,LSZL,6638
2026-07-08 11:24:22,4b442e,HBZVI,LSZL,LSML,2634
2026-07-08 11:04:15,4b3041,HBSHD,LSZL,LSZL,3600
2026-07-08 10:47:20,4b1b78,HBKKM,LSZL,LSZG,2661
2026-07-08 10:23:30,4b3042,HBSHE,LSZL,LSZL,1970
2026-07-08 09:25:31,4b3042,HBSHE,LSZL,LSZL,785
2026-07-08 09:11:16,4b3041,HBSHD,LSZL,LSZL,4140
2026-07-08 09:03:47,4b1bbc,HBKNC,LSZL,LSZA,925
2026-07-08 08:56:01,4b3042,HBSHE,LSZL,LSZL,1048
2026-07-08 08:35:48,4b1bc6,HBKNM,LSZL,LSZL,3063
2026-07-08 08:26:39,4b1bcc,HBKNS,LSZL,LSZL,3019
2026-07-08 08:24:38,4b1bc5,HBKNL,LSZL,LSZL,2833
2026-07-08 08:15:58,4b1bc9,HBKNP,LSZL,LSZA,11272
2026-07-08 08:05:30,4b3042,HBSHE,LSZL,LSZL,681
2026-07-08 08:04:26,4b3f28,HBXXW,LSZL,LSZL,3712
2026-07-08 08:03:13,4b3041,HBSHD,LSZL,LSZL,1965
2026-07-08 07:35:06,4b3042,HBSHE,LSZL,LSZL,911
2026-07-08 07:33:30,4b442e,HBZVI,LSZL,LSZL,3058
2026-07-08 07:27:18,4b3041,HBSHD,LSZL,LSZL,1347
2026-07-08 07:07:06,4b1bc6,HBKNM,LSZL,LSZL,2150
2026-07-08 07:01:42,3d72b4,DFPRO,LSZL,LSZC,1351
2026-07-08 06:53:14,4b1bcc,HBKNS,LSZL,LSZL,3133
2026-07-08 06:50:16,4b1bc5,HBKNL,LSZL,LSZL,2622
2026-07-08 06:48:19,4b1bbc,HBKNC,LSZL,LSZL,1767
2026-07-08 06:21:41,4b4322,HBZLA,LSZL,LSZL,1336
2026-07-08 05:48:12,4b4455,HBZWV,LSZL,LIMB,916
2026-07-08 05:35:35,4b44a1,HBZZT,LSZL,LSZA,1779
2026-07-08 05:34:38,4b3f28,HBXXW,LSZL,LSPM,1800
2026-07-08 05:34:12,4b443d,HBZVX,LSZL,LSML,3439
2026-07-08 05:32:04,4b442e,HBZVI,LSZL,LSZL,3472
2026-07-08 05:27:14,4b3e3f,KHS31,LSZL,LIMC,1660
2026-07-11 14:59:49,4b3309,RGA06,LSZL,LILO,780
2026-07-11 13:42:30,4b1bc5,HBKNL,LSZL,LSZL,2951
2026-07-11 13:31:46,4b4455,HBZWV,LSZL,LIML,1392
2026-07-11 13:16:54,4b43a4,HBZQA,LSZL,LSMF,6363
2026-07-11 12:30:31,4b4424,HBZUY,LSZL,LSZL,5457
2026-07-11 12:01:42,4b4072,HBYKO,LSZL,LSZE,2284
2026-07-11 11:46:20,300821,ITEKA,LSZL,LIPB,2598
2026-07-11 09:52:19,4b4322,HBZLA,LSZL,LSZL,2124
2026-07-11 09:41:17,4b1bc5,HBKNL,LSZL,LSZL,1557
2026-07-11 09:33:01,4b4424,HBZUY,LSZL,LSZL,1245
2026-07-11 09:22:13,500028,T7PCS,LSZL,LSZL,625
2026-07-11 09:11:41,4b4387,HBZOX,LSZL,LSZL,2579
2026-07-11 08:34:38,4b4322,HBZLA,LSZL,LSZL,1484
2026-07-11 07:39:48,4b4424,HBZUY,LSZL,LSZL,2935
2026-07-11 07:01:21,38c59b,FPTUN,LSZL,LSZL,3536
2026-07-10 14:43:45,500028,T7PCS,LSZL,LSZL,605
2026-07-10 14:12:11,4b1bc6,HBKNM,LSZL,LSZA,1966
2026-07-10 12:24:30,4b1bc9,HBKNP,LSZL,LSZL,966
2026-07-10 11:55:08,4b1bc7,HBKNN,LSZL,LSZA,2030
2026-07-10 11:17:20,4b4322,HBZLA,LSZL,LSZL,1814
2026-07-10 09:46:17,4b3041,HBSHD,LSZL,LSZL,1614
2026-07-10 09:35:10,4b3304,RGA02,LSZL,LSZM,2949
2026-07-10 09:22:30,4b3042,HBSHE,LSZL,LSZL,831
2026-07-10 08:31:53,4b3041,HBSHD,LSZL,LSZL,1745
2026-07-10 08:27:00,4b3042,HBSHE,LSZL,LSZL,1137
2026-07-10 08:22:39,4b1bc5,HBKNL,LSZL,LSZL,1790
2026-07-10 08:17:21,4b1bcc,HBKNS,LSZL,LSZL,1823
2026-07-10 08:14:34,4b1b78,HBKKM,LSZL,LSZB,2840
2026-07-10 07:40:08,4b1bc9,HBKNP,LSZL,LSZL,6111
2026-07-10 07:08:09,4b3041,HBSHD,LSZL,LSZL,1460
2026-07-10 07:05:35,4b3042,HBSHE,LSZL,LSZL,1441
2026-07-10 07:01:04,4b1bc7,HBKNN,LSZL,LSZL,1280
2026-07-10 06:56:25,4b1bc5,HBKNL,LSZL,LSZL,2067
2026-07-10 06:53:33,4b1bcc,HBKNS,LSZL,LSZL,1622
2026-07-10 06:25:47,4b443d,HBZVX,LSZL,LSZA,9681
2026-07-10 06:05:55,4b4072,HBYKO,LSZL,LSZP,2912
2026-07-10 05:47:41,4b443d,HBZVX,LSZL,LSZL,1424
2026-07-10 00:02:39,4b3309,RGA06,LSZL,LSTA,1039
2026-07-13 16:38:55,4b3041,HBSHD,LSZL,LSZL,1953
2026-07-13 15:17:38,4b1bbc,HBKNC,LSZL,LSZA,1461
2026-07-13 14:57:30,4b3041,HBSHD,LSZL,LSZL,914
2026-07-13 14:26:12,4b1c04,HBKPW,LSZL,LSZA,686
2026-07-13 14:14:34,4b44a1,HBZZT,LSZL,LSZL,1963
2026-07-13 13:42:51,4b4db1,HB2314,LSZL,LSZL,1760
2026-07-13 13:17:42,4b1bc9,HBKNP,LSZL,LSZL,2318
2026-07-13 12:46:45,4b3041,HBSHD,LSZL,LSZL,1269
2026-07-13 12:46:12,4b1bbc,HBKNC,LSZL,LSZL,1876
2026-07-13 11:53:52,4b4424,HBZUY,LSZL,LILB,1784
2026-07-13 11:38:09,4b3f28,HBXXW,LSZL,LSPM,819
2026-07-13 08:59:31,4b3041,HBSHD,LSZL,LSZL,1929
2026-07-13 08:23:11,4b1bcc,HBKNS,LSZL,LSZL,2313
2026-07-13 08:17:44,4b1bc7,HBKNN,LSZL,LSZL,3019
2026-07-13 08:09:02,4b3041,HBSHD,LSZL,LSZL,1081
2026-07-13 08:04:49,4b44a1,HBZZT,LSZL,LSZL,2636
2026-07-13 08:03:23,4b4322,HBZLA,LSZL,LSGR,6035
2026-07-13 07:15:56,4b3e3f,KHS31,LSZL,LSTS,1862
2026-07-13 07:10:58,4b4387,HBZOX,LSZL,LSZL,11341
2026-07-13 07:06:54,4b1bcc,HBKNS,LSZL,LSZL,2405
2026-07-13 07:03:13,4b1bc7,HBKNN,LSZL,LSZL,2596
2026-07-13 05:18:23,4b44a1,HBZZT,LSZL,LSPM,1111
2026-07-12 18:16:48,4b3309,RGA06,LSZL,LSZL,761
2026-07-12 17:52:06,4b3309,RGA06,LSZL,LSZL,863
2026-07-12 15:50:15,4b1c67,HBKTR,LSZL,LSTA,1505
2026-07-12 15:29:18,4b3309,RGA06,LSZL,LSZA,1360
2026-07-12 14:11:06,4b1bc5,HBKNL,LSZL,LSPL,5586
2026-07-12 14:09:16,4b3f65,HBYAF,LSZL,LILO,840
2026-07-12 13:50:04,4b1bc7,HBKNN,LSZL,LSZB,4208
2026-07-12 12:56:30,4b1bc5,HBKNL,LSZL,LSZL,2765
2026-07-12 12:23:46,4b1bd0,HBKNW,LSZL,LSZQ,4610
2026-07-12 12:15:51,4b1c69,HBKTT,LSZL,LSMF,3717
2026-07-12 12:13:49,4b1bb7,HBKMX,LSZL,LSZK,4330
2026-07-12 11:50:44,4b1bc9,HBKNP,LSZL,LILE,2745
2026-07-12 11:45:50,4b1bb7,HBKMX,LSZL,LSZL,699
2026-07-12 11:43:33,4b1bc5,HBKNL,LSZL,LSZL,1360
2026-07-12 10:53:51,4b3309,RGA06,LSZL,LSPU,966
2026-07-12 10:46:15,3d07e1,DEBFT,LSZL,EDMG,6668
2026-07-12 09:48:14,4b3a22,HBWAK,LSZL,LSZL,1566
2026-07-12 09:43:17,4b1bc7,HBKNN,LSZL,LSZL,10167
2026-07-12 09:04:52,4b1bc5,HBKNL,LSZL,LSZL,4470
2026-07-12 08:43:59,4b1e15,HBLKF,LSZL,LSZG,2386
2026-07-12 08:12:34,4b1ba0,HBKMA,LSZL,LSZH,2528
2026-07-12 08:11:44,500028,T7PCS,LSZL,LSML,2366
2026-07-12 07:58:55,4b1bc7,HBKNN,LSZL,LSZL,1965
2026-07-12 07:14:53,4b1bbc,HBKNC,LSZL,LIPV,7264
2026-07-12 07:13:34,4b1bc9,HBKNP,LSZL,LILE,2402
2026-07-12 07:12:21,4b1bcc,HBKNS,LSZL,LSZL,12650
2026-07-12 06:25:17,4b4424,HBZUY,LSZL,LSPM,848
2026-07-12 06:23:04,38c59b,FPTUN,LSZL,LSZL,6596
2026-07-12 06:12:35,4b40fe,HBYPY,LSZL,LFMU,6087
2026-07-15 17:33:13,4b1bc9,HBKNP,LSZL,LSZL,954
2026-07-15 15:11:31,4b3f28,HBXXW,LSZL,LSZL,1359
2026-07-15 13:00:26,4b4387,HBZOX,LSZL,LSZL,10025
2026-07-15 11:09:48,4b3041,HBSHD,LSZL,LSZL,2132
2026-07-15 11:03:33,4b3042,HBSHE,LSZL,LSZL,2098
2026-07-15 09:22:12,4b1bc7,HBKNN,LSZL,LSZA,2002
2026-07-15 09:03:30,4b1bc9,HBKNP,LSZL,LSZA,1795
2026-07-15 08:55:04,4b3041,HBSHD,LSZL,LSZL,1600
2026-07-15 08:50:45,4b1bc5,HBKNL,LSZL,LSZL,1435
2026-07-15 08:45:56,4b443e,HBZVY,LSZL,LSML,1463
2026-07-15 08:28:49,4b1bbc,HBKNC,LSZL,LSZL,1318
2026-07-15 08:17:04,4b3042,HBSHE,LSZL,LSZA,1839
2026-07-15 07:41:53,4b4322,HBZLA,LSZL,LSZL,3235
2026-07-15 07:37:59,4b4475,HBZYB,LSZL,LSPM,735
2026-07-15 07:20:48,4b1bc5,HBKNL,LSZL,LSZL,1601
2026-07-15 07:11:36,4b3041,HBSHD,LSZL,LSZL,3163
2026-07-15 07:06:22,4b3042,HBSHE,LSZL,LSZL,1984
2026-07-15 06:34:21,4b1bc7,HBKNN,LSZL,LSZA,2114
2026-07-15 06:27:08,4b1bc9,HBKNP,LSZL,LSZA,1080
2026-07-15 05:35:27,4b4387,HBZOX,LSZL,LSZL,2658
2026-07-15 05:35:22,4b3f28,HBXXW,LSZL,LSPM,861
2026-07-15 04:53:48,4b443e,HBZVY,LSZL,LSZL,7858
2026-07-15 04:15:36,4b443e,HBZVY,LSZL,LSZL,886
2026-07-14 19:25:25,4b443d,HBZVX,LSZL,LSZL,2152
2026-07-14 18:45:21,4b4387,HBZOX,LSZL,LSZL,809
2026-07-14 18:23:09,4b3f28,HBXXW,LSZL,LSZL,5937
2026-07-14 16:59:30,4b1bc5,HBKNL,LSZL,LSZL,1971
2026-07-14 15:18:07,4b1bc5,HBKNL,LSZL,LSZL,2166
2026-07-14 15:01:45,4b3042,HBSHE,LSZL,LSZL,1546
2026-07-14 14:34:01,4b1bc6,HBKNM,LSZL,LIPK,7285
2026-07-14 13:52:16,4b3042,HBSHE,LSZL,LSZL,1686
2026-07-14 13:51:16,4b1bc5,HBKNL,LSZL,LSZL,1368
2026-07-14 13:10:35,500028,T7PCS,LSZL,LSZL,1257
2026-07-14 12:56:48,4b3eb9,HBXTP,LSZL,LSPV,2067
2026-07-14 12:34:30,4b3042,HBSHE,LSZL,LSZL,1843
2026-07-14 12:32:51,4b1bbc,HBKNC,LSZL,LSZL,4883
2026-07-14 12:23:36,4b443d,HBZVX,LSZL,LSZL,918
2026-07-14 12:23:03,500028,T7PCS,LSZL,LSZL,1131
2026-07-14 12:18:02,4b1bc5,HBKNL,LSZL,LSZL,2482
2026-07-14 12:10:56,4b44a1,HBZZT,LSZL,LSPM,7675
2026-07-14 11:57:38,4b4322,HBZLA,LSZL,LSZL,3909
2026-07-14 11:35:32,500028,T7PCS,LSZL,LSZL,1090
2026-07-14 11:33:08,4b4387,HBZOX,LSZL,LSZL,4321
2026-07-14 11:30:12,4b0f49,HBFUN,LSZL,,5304
2026-07-14 10:29:31,4b3042,HBSHE,LSZL,LSZL,1460
2026-07-14 09:46:44,4b1bc5,HBKNL,LSZL,LSZL,1395
2026-07-14 09:40:34,4b1c62,HBKTM,LSZL,LSMF,2325
2026-07-14 08:55:06,500028,T7PCS,LSZL,LSPM,1144
2026-07-14 07:37:14,4b1636,HBIKS,LSZL,LOWW,3604
2026-07-14 07:13:12,4b4072,HBYKO,LSZL,,2384
2026-07-14 06:59:08,4b1bbc,HBKNC,LSZL,LSZL,10664
2026-07-14 06:39:26,4b4322,HBZLA,LSZL,LSZL,11953
2026-07-14 05:13:39,4b44a1,HBZZT,LSZL,LSZL,5948
2026-07-17 17:24:12,4b1bcc,HBKNS,LSZL,LSZL,1930
2026-07-17 17:14:25,4b1bc5,HBKNL,LSZL,LSZL,2434
2026-07-17 17:05:34,4b1bbc,HBKNC,LSZL,LSZL,2863
2026-07-17 16:30:31,4b1bcc,HBKNS,LSZL,LSZL,1661
2026-07-17 16:11:46,4b3042,HBSHE,LSZL,LSZL,3602
2026-07-17 15:48:32,4b3309,RGA06,LSZL,LSZA,846
2026-07-17 15:43:09,4b1bc6,HBKNM,LSZL,LSZL,1899
2026-07-17 15:37:07,4b1bbc,HBKNC,LSZL,LSZL,1452
2026-07-17 15:03:42,4b3309,RGA06,LSZL,LSZL,778
2026-07-17 14:57:23,4b4424,HBZUY,LSZL,LSZL,1992
2026-07-17 14:43:20,4b1bc5,HBKNL,LSZL,LSZL,3633
2026-07-17 14:42:25,4b443e,HBZVY,LSZL,LSZL,10782
2026-07-17 14:21:51,4b1bcc,HBKNS,LSZL,LSZA,1665
2026-07-17 13:32:37,4b288b,HBPJF,LSZL,LSZL,614
2026-07-17 13:26:19,4b3042,HBSHE,LSZL,LSZA,1474
2026-07-17 13:17:30,4b3041,HBSHD,LSZL,LSML,3586
2026-07-17 12:52:52,4b1bc6,HBKNM,LSZL,LSZL,1995
2026-07-17 12:37:34,4b1bc5,HBKNL,LSZL,LSZL,1397
2026-07-17 12:36:43,4b1bc7,HBKNN,LSZL,LSZL,2169
2026-07-17 12:14:12,4b1636,HBIKS,LSZL,EDDV,3757
2026-07-17 12:08:51,4b288b,HBPJF,LSZL,LSZL,2643
2026-07-17 12:07:06,4b3042,HBSHE,LSZL,LSZL,1073
2026-07-17 12:00:07,4b1fa1,HBLZL,LSZL,LSZL,5560
2026-07-17 11:57:31,4b1bbc,HBKNC,LSZL,LSZL,2084
2026-07-17 11:53:47,4b3f28,HBXXW,LSZL,LSZL,640
2026-07-17 11:41:01,4b4424,HBZUY,LSZL,LSZL,1152
2026-07-17 11:38:44,4b0f49,HBFUN,LSZL,,4927
2026-07-17 10:46:32,4b1b12,HBKGO,LSZL,LSTS,4102
2026-07-17 10:01:04,4b3041,HBSHD,LSZL,LSML,4073
2026-07-17 09:24:14,4b1bc9,HBKNP,LSZL,LSGL,6225
2026-07-17 09:11:44,4b1bcc,HBKNS,LSZL,LSZL,2115
2026-07-17 09:00:03,4b1bc5,HBKNL,LSZL,LSZL,2889
2026-07-17 08:53:00,4b23e1,HBNPH,LSZL,LSZA,1280
2026-07-17 08:51:17,4b3f28,HBXXW,LSZL,LSZL,2670
2026-07-17 08:49:47,4b288b,HBPJF,LSZL,LSZL,2635
2026-07-17 08:00:31,3e1a56,DIBEC,LSZL,EDDN,5106
2026-07-17 07:50:56,4b1bcc,HBKNS,LSZL,LSZL,683
2026-07-17 07:33:59,4b3041,HBSHD,LSZL,LSZA,1980
2026-07-17 07:32:20,4b3042,HBSHE,LSZL,LSZA,1987
2026-07-17 07:27:12,4b4322,HBZLA,LSZL,,1841
2026-07-17 07:25:20,4b1fa1,HBLZL,LSZL,LSZL,6166
2026-07-17 07:16:12,4b1bbc,HBKNC,LSZL,LSZL,1386
2026-07-17 07:14:51,4b1bc5,HBKNL,LSZL,LSZA,1748
2026-07-17 06:58:28,4b1bcc,HBKNS,LSZL,LSZL,1500
2026-07-17 05:34:13,4b3f28,HBXXW,LSZL,LSZL,1864
2026-07-17 05:33:55,4b4387,HBZOX,LSZL,LSPM,1550
2026-07-16 14:15:00,4b1bc9,HBKNP,LSZL,LSZL,1609
2026-07-16 14:13:56,4b1bc5,HBKNL,LSZL,LSZL,1562
2026-07-16 13:53:30,4b1bcc,HBKNS,LSZL,LSZL,1301
2026-07-16 13:49:04,4b443d,HBZVX,LSZL,LSZL,4275
2026-07-16 13:02:24,4b0d1e,HBEZE,LSZL,LSPN,3711
2026-07-16 12:42:06,4b4322,HBZLA,LSZL,LSZL,2739
2026-07-16 12:29:05,4b1bc9,HBKNP,LSZL,LSZL,1990
2026-07-16 12:21:43,4b3fc5,HBYDX,LSZL,LSZE,2136
2026-07-16 12:19:07,4b1f9d,HBLZH,LSZL,LSZB,2615
2026-07-16 12:17:47,4b28aa,HBPKK,LSZL,LSZB,3528
2026-07-16 12:04:24,4b1bcc,HBKNS,LSZL,LSZL,3405
2026-07-16 12:03:08,4b1b8a,HBKLE,LSZL,LSZG,4385
2026-07-16 12:01:20,4b1fa1,HBLZL,LSZL,LSZL,5617
2026-07-16 11:55:36,4b1b97,HBKLR,LSZL,LSZT,2927
2026-07-16 11:52:51,4b3041,HBSHD,LSZL,LSZA,1347
2026-07-16 11:51:31,4b43e5,HBZSN,LSZL,LSZB,4825
2026-07-16 11:46:01,4b443d,HBZVX,LSZL,LSZL,1842
2026-07-16 11:39:33,4b1bc7,HBKNN,LSZL,LSZL,2327
2026-07-16 10:39:52,4b1b78,HBKKM,LSZL,LSZL,2077
2026-07-16 10:38:12,4b1bc9,HBKNP,LSZL,LSZL,3364
2026-07-16 10:34:33,4b25ea,HBOJI,LSZL,LSGL,5443
2026-07-16 10:23:34,4b4089,HBYLL,LSZL,LSZF,2236
2026-07-16 10:19:33,4b08aa,HBDHI,LSZL,LSZF,3023
2026-07-16 09:56:42,4b1bae,HBKMO,LSZL,LSZB,5051
2026-07-16 09:41:47,4b0acb,HBECH,LSZL,LSMF,3172
2026-07-16 09:15:39,4b1bc7,HBKNN,LSZL,LSZL,2200
2026-07-16 09:13:33,4b4387,HBZOX,LSZL,LSZL,1362
2026-07-16 08:51:35,4b1bc9,HBKNP,LSZL,LSZL,1781
2026-07-16 08:42:02,4b1fa1,HBLZL,LSZL,LSZL,1197
2026-07-16 08:33:19,4b3041,HBSHD,LSZL,LSZA,1270
2026-07-16 08:28:01,4b1bc5,HBKNL,LSZL,LSML,879
2026-07-16 08:23:50,4b0f49,HBFUN,LSZL,LIMC,1792
2026-07-16 08:21:31,4b1bbc,HBKNC,LSZL,LIPB,4704
2026-07-16 08:08:40,4b1bc7,HBKNN,LSZL,LSZL,2155
2026-07-16 07:58:33,4b0d33,HBEZZ,LSZL,LIMB,1222
2026-07-16 07:27:54,4b3042,HBSHE,LSZL,LSZA,1622
2026-07-16 07:10:57,4b1bbc,HBKNC,LSZL,LSZL,2006
2026-07-16 07:09:24,4b1bc9,HBKNP,LSZL,LSZL,2150
2026-07-16 06:59:54,4b1fa1,HBLZL,LSZL,LSZL,776
2026-07-16 06:54:51,4b1bc7,HBKNN,LSZL,LSZL,2438
2026-07-16 05:39:21,4b443d,HBZVX,LSZL,LSZL,16238
2026-07-16 05:36:13,4b3f28,HBXXW,LSZL,LSPM,866
2026-07-19 16:22:06,4b1bbc,HBKNC,LSZL,LSZA,1652
2026-07-19 14:54:42,4b1bc5,HBKNL,LSZL,LSZA,9181
2026-07-19 14:53:33,4b1bc7,HBKNN,LSZL,LSZA,8510
2026-07-19 12:29:07,4b0f49,HBFUN,LSZL,,4796
2026-07-19 12:13:13,4b1bc7,HBKNN,LSZL,LSZA,790
2026-07-19 12:00:31,4b330a,RGA08,LSZL,LSPM,3677
2026-07-19 10:23:18,4b1bc5,HBKNL,LSZL,LSZL,681
2026-07-19 10:13:30,4b1bc7,HBKNN,LSZL,LSZL,1765
2026-07-19 08:05:53,4b1bbc,HBKNC,LSZL,LSZL,769
2026-07-19 06:16:06,4b3309,RGA06,LSZL,LSPM,983
2026-07-18 15:45:40,4b1bc9,HBKNP,LSZL,LSZL,2669
2026-07-18 15:36:33,4b1bbc,HBKNC,LSZL,LSZL,4301
2026-07-18 15:35:44,4b1bcc,HBKNS,LSZL,LSZL,3292
2026-07-18 15:04:08,4b4db1,HB2314,LSZL,LSZL,1610
2026-07-18 14:48:08,4b1bc7,HBKNN,LSZL,LSZL,3754
2026-07-18 13:46:09,4b1bc9,HBKNP,LSZL,LSZL,2150
2026-07-18 13:41:22,4b443d,HBZVX,LSZL,LSZL,3053
2026-07-18 13:40:12,4b4db1,HB2314,LSZL,LSZL,3853
2026-07-18 13:22:53,500028,T7PCS,LSZL,LSZL,1321
2026-07-18 12:34:30,4b4322,HBZLA,LSZL,LSZL,2650
2026-07-18 12:33:49,4b1bc7,HBKNN,LSZL,LSZL,3458
2026-07-18 12:26:08,4b1bcc,HBKNS,LSZL,LSZL,7431
2026-07-18 12:21:50,4b3a22,HBWAK,LSZL,LSZL,1361
2026-07-18 12:19:54,4b1bc9,HBKNP,LSZL,LSZL,2161
2026-07-18 11:56:25,4b4db1,HB2314,LSZL,LSZL,3358
2026-07-18 11:44:00,4b288b,HBPJF,LSZL,LSZL,1618
2026-07-18 10:58:00,4b1bc9,HBKNP,LSZL,LSZL,3072
2026-07-18 10:55:10,4b1bcc,HBKNS,LSZL,LSZL,3799
2026-07-18 10:16:33,4b443d,HBZVX,LSZL,LILB,638
2026-07-18 09:46:35,4b4322,HBZLA,LSZL,LSZL,1503
2026-07-18 09:34:30,4b1bc9,HBKNP,LSZL,LSZL,1421
2026-07-18 08:46:33,4b055b,HBCAT,LSZL,LFMD,8248
2026-07-18 08:41:35,4b288b,HBPJF,LSZL,LSML,2333
2026-07-18 07:51:46,500028,T7PCS,LSZL,LSZL,1543
2026-07-18 07:33:14,4b1bc7,HBKNN,LSZL,LSZL,11398
2026-07-18 07:32:14,4b1bc9,HBKNP,LSZL,LSZA,1562
2026-07-18 07:32:06,4b07fd,HBDAR,LSZL,LIMG,4119
2026-07-18 07:29:02,4b426c,HBZEA,LSZL,LSZL,3085
2026-07-18 07:28:26,4b1bc5,HBKNL,LSZL,LSZL,2572
2026-07-18 07:19:06,4b1bc6,HBKNM,LSZL,LSZL,9094
2026-07-18 07:18:10,4b1bcc,HBKNS,LSZL,LSZL,9343
2026-07-18 07:08:33,4b1bbc,HBKNC,LSZL,LILR,3085
2026-07-18 07:06:06,4b4322,HBZLA,LSZL,LSZL,1642
2026-07-18 06:56:38,4b1fa1,HBLZL,LSZL,LSZL,6575
2026-07-18 06:29:23,38c59b,FPTUN,LSZL,LSZL,4205
2026-07-18 05:38:19,4b426c,HBZEA,LSZL,LSZL,1627
2026-07-18 05:34:22,4b443d,HBZVX,LSZL,LSZL,3481
2026-07-21 18:59:49,4b3309,RGA06,LSZL,LSZL,2108
2026-07-21 16:42:33,4b3041,HBSHD,LSZL,LSZL,1001
2026-07-21 16:40:48,4b1bc5,HBKNL,LSZL,LSZL,2598
2026-07-21 14:59:43,4b3042,HBSHE,LSZL,LSZL,2579
2026-07-21 14:58:44,4b1bcc,HBKNS,LSZL,LSZA,5702
2026-07-21 14:56:16,4b3041,HBSHD,LSZL,LSZL,2023
2026-07-21 14:29:00,4b1bbc,HBKNC,LSZL,LSZL,681
2026-07-21 13:48:41,4b3f28,HBXXW,LSZL,LSZA,2425
2026-07-21 13:45:18,4b7f6c,V612,LSZL,LSZL,1264
2026-07-21 13:43:46,4b3309,RGA06,LSZL,LSZL,815
2026-07-21 13:41:13,4b7f61,V632,LSZL,LSZL,1198
2026-07-21 13:40:37,4b7f67,V618,LSZL,LSZL,2143
2026-07-21 13:33:06,4b1bc7,HBKNN,LSZL,LSZL,3351
2026-07-21 12:53:02,4b3041,HBSHD,LSZL,LSZL,1106
2026-07-21 12:41:18,4b1bbc,HBKNC,LSZL,LSZL,4658
2026-07-21 12:37:07,4b3042,HBSHE,LSZL,LSZL,1121
2026-07-21 12:35:00,4b1bc5,HBKNL,LSZL,LIME,2902
2026-07-21 12:17:19,4b3041,HBSHD,LSZL,LSZL,1171
2026-07-21 12:14:17,4b1bc7,HBKNN,LSZL,LSZL,1531
2026-07-21 12:12:09,4b1fa1,HBLZL,LSZL,LSZL,7060
2026-07-21 12:10:58,4b07fd,HBDAR,LSZL,LSZR,2964
2026-07-21 12:00:30,4b3042,HBSHE,LSZL,LSZL,1136
2026-07-21 11:50:10,4b443d,HBZVX,LSZL,LSZL,3557
2026-07-21 11:47:43,4b3309,RGA06,LSZL,LSZL,1265
2026-07-21 11:47:35,4b40fe,HBYPY,LSZL,LIMZ,2724
2026-07-21 11:18:53,4b7f6c,V612,LSZL,LSZL,1626
2026-07-21 09:19:41,4b44a1,HBZZT,LSZL,LSZL,737
2026-07-21 09:19:03,4b1bbc,HBKNC,LSZL,LSZL,1195
2026-07-21 09:14:27,3d3d28,DEVKI,LSZL,LDDU,7910
2026-07-21 09:06:07,4b4455,HBZWV,LSZL,LFMD,4989
2026-07-21 08:58:09,4b1bcc,HBKNS,LSZL,LSZL,1509
2026-07-21 08:57:03,4b426c,HBZEA,LSZL,LSZL,2485
2026-07-21 08:55:08,4b3042,HBSHE,LSZL,LSZL,725
2026-07-21 08:53:01,4b3041,HBSHD,LSZL,LSZL,1114
2026-07-21 08:37:31,3ff89b,DMVLQ,LSZL,LOIH,2990
2026-07-21 08:35:00,4b1bc7,HBKNN,LSZL,LSZL,1105
2026-07-21 08:25:26,4b3042,HBSHE,LSZL,LSZL,689
2026-07-21 08:16:43,4b7f67,V618,LSZL,LSZL,763
2026-07-21 08:15:39,4b3041,HBSHD,LSZL,LSZL,1550
2026-07-21 07:59:45,4b1fa1,HBLZL,LSZL,LSZL,6176
2026-07-21 07:58:36,4b1bbc,HBKNC,LSZL,LSZL,1643
2026-07-21 07:47:10,4b1bc7,HBKNN,LSZL,LSZL,1124
2026-07-21 07:44:14,4b1bc5,HBKNL,LSZL,LSZL,6651
2026-07-21 07:24:53,4b443d,HBZVX,LSZL,LSZL,2165
2026-07-21 07:14:52,4b1bcc,HBKNS,LSZL,LSZL,2252
2026-07-21 05:36:40,4b426c,HBZEA,LSZL,LSPM,925
2026-07-21 05:33:21,4b443d,HBZVX,LSZL,LSZL,2495
2026-07-21 05:11:08,4b442e,HBZVI,LSZL,LSZL,12153
2026-07-20 17:06:04,4b3041,HBSHD,LSZL,LSZL,1678
2026-07-20 16:38:00,4b1bcc,HBKNS,LSZL,LSZL,1948
2026-07-20 16:17:54,4b1bc5,HBKNL,LSZL,LSZL,5092
2026-07-20 15:42:06,4b1bcc,HBKNS,LSZL,LSZL,1807
2026-07-20 15:18:33,4b3041,HBSHD,LSZL,LSZL,2690
2026-07-20 15:18:33,4b3042,HBSHE,LSZL,LSZL,2777
2026-07-20 14:30:43,4b1bbc,HBKNC,LSZL,LSZA,8804
2026-07-20 14:28:30,4b1bc5,HBKNL,LSZL,LSZL,3553
2026-07-20 12:56:51,4b1bbc,HBKNC,LSZL,LSZL,1598
2026-07-20 12:46:04,4b1bc7,HBKNN,LSZL,LSZL,3019
2026-07-20 12:39:10,4b7f61,V632,LSZL,LSZL,835
2026-07-20 12:35:17,4b7f67,V618,LSZL,LSZL,1941
2026-07-20 12:22:13,4b44a1,HBZZT,LSZL,LSZL,633
2026-07-20 12:19:00,4b4322,HBZLA,LSZL,LSZL,2739
2026-07-20 12:09:49,500028,T7PCS,LSZL,LSTS,1979
2026-07-20 11:59:30,4b1bcc,HBKNS,LSZL,LSZL,4030
2026-07-20 11:54:30,4b1bc5,HBKNL,LSZL,LSZL,1960
2026-07-20 11:52:36,4b1f2e,HBLVA,LSZL,LSPN,3094
2026-07-20 11:49:02,4b3041,HBSHD,LSZL,LSZL,3136
2026-07-20 11:46:01,4b3042,HBSHE,LSZL,LSZL,3107
2026-07-20 11:29:15,4b7f61,V632,LSZL,LSZL,815
2026-07-20 11:26:18,4b7f67,V618,LSZL,LSZL,1950
2026-07-20 11:22:34,4b442e,HBZVI,LSZL,LSPM,652
2026-07-20 09:27:20,4b4424,HBZUY,LSZL,LSZL,1794
2026-07-20 09:15:38,4b7f9e,T321,LSZL,LSMA,1557
2026-07-20 08:51:49,4b3f28,HBXXW,LSZL,LSZA,1553
2026-07-20 08:49:36,4b44a1,HBZZT,LSZL,LSML,952
2026-07-20 08:39:43,4b4424,HBZUY,LSZL,LSZL,1106
2026-07-20 08:27:35,4b1bcc,HBKNS,LSZL,LSZL,5370
2026-07-20 08:14:15,4b7f61,V632,LSZL,LSZL,2923
2026-07-20 07:39:50,4b1bc7,HBKNN,LSZL,LSZL,1569
2026-07-20 07:39:33,a2721c,N257GG,LSZL,LSZL,2351
2026-07-20 07:37:40,4b1bbc,HBKNC,LSZL,LSPU,3468
2026-07-20 07:25:46,4b1bc5,HBKNL,LSZL,LSZL,5634
2026-07-20 07:21:35,4b3042,HBSHE,LSZL,LSZL,3580
2026-07-20 07:20:11,4b3041,HBSHD,LSZL,LSZL,2627
2026-07-20 06:44:46,4b4424,HBZUY,LSZL,LSZL,6111
2026-07-20 06:19:33,a79c67,N59PV,LSZL,LFLI,2020
2026-07-20 05:53:53,4b4424,HBZUY,LSZL,LSZL,1459
2026-07-20 05:35:35,4b443d,HBZVX,LSZL,LSPM,1715
2026-07-20 05:14:19,4b442e,HBZVI,LSZL,LSPM,3259
2026-07-20 05:04:19,4b44a1,HBZZT,LSZL,LSML,1108
2026-07-23 17:17:08,4b1bbc,HBKNC,LSZL,LSZL,2279
2026-07-23 16:38:47,4b1bc2,HBKNI,LSZL,LSZL,1883
2026-07-23 16:13:33,4b1bcc,HBKNS,LSZL,LSZL,2461
2026-07-23 16:12:12,4b1bbc,HBKNC,LSZL,LSZL,2327
2026-07-23 16:11:30,4b3041,HBSHD,LSZL,LSZL,1443
2026-07-23 15:50:20,4b1bc5,HBKNL,LSZL,LIPB,4479
2026-07-23 15:39:06,4b3041,HBSHD,LSZL,LSZL,1065
2026-07-23 15:32:38,4b1bc2,HBKNI,LSZL,LSZL,2490
2026-07-23 15:18:11,4b1bc9,HBKNP,LSZL,LSZL,9381
2026-07-23 14:59:51,4b3042,HBSHE,LSZL,LSZL,1853
2026-07-23 14:44:08,4b4387,HBZOX,LSZL,LSZL,742
2026-07-23 14:30:46,4b3042,HBSHE,LSZL,LSZL,664
2026-07-23 14:22:37,4b3041,HBSHD,LSZL,LSZL,1573
2026-07-23 14:11:02,44038e,OEFSG,LSZL,LIPL,2098
2026-07-23 13:47:14,3d840b,DFWGH,LSZL,EDGS,4818
2026-07-23 13:38:01,4b3041,HBSHD,LSZL,LSZL,1528
2026-07-23 13:16:32,4b1bc2,HBKNI,LSZL,LSZL,2289
2026-07-23 13:15:18,4b7f65,V620,LSZL,LSZL,1144
2026-07-23 12:58:16,4b4db1,HB2314,LSZL,LSZL,3020
2026-07-23 12:28:41,4b3041,HBSHD,LSZL,LSZL,1455
2026-07-23 12:23:21,4b4387,HBZOX,LSZL,LSML,3818
2026-07-23 12:19:55,4b3309,RGA06,LSZL,LILB,780
2026-07-23 12:18:48,4b1fa1,HBLZL,LSZL,LSZL,4631
2026-07-23 12:14:32,4b3040,HBSHC,LSZL,LSZR,3817
2026-07-23 12:02:29,4b1bc9,HBKNP,LSZL,LSZL,2827
2026-07-23 11:51:32,4b3041,HBSHD,LSZL,LSZL,1072
2026-07-23 11:43:14,4b1bc5,HBKNL,LSZL,LSZL,3126
2026-07-23 11:40:54,4b7f65,V620,LSZL,LSZL,736
2026-07-23 11:36:46,4b7f61,V632,LSZL,LSZL,1859
2026-07-23 11:24:04,4b44a1,HBZZT,LSZL,LSZL,3569
2026-07-23 10:49:33,4b1317,HBHFZ,LSZL,LSZR,3583
2026-07-23 10:17:19,4b1bc2,HBKNI,LSZL,LSZL,2969
2026-07-23 09:59:00,3d840b,DFWGH,LSZL,EDDS,2936
2026-07-23 09:45:14,4b4322,HBZLA,LSZL,LSZL,1447
2026-07-23 09:28:15,4b1fa1,HBLZL,LSZL,LSZL,1083
2026-07-23 09:08:20,4b3041,HBSHD,LSZL,LSZL,2093
2026-07-23 08:54:08,4b1bc2,HBKNI,LSZL,LSZL,1696
2026-07-23 08:45:01,4b3041,HBSHD,LSZL,LSZL,670
2026-07-23 08:11:23,4b1bcc,HBKNS,LSZL,LIPV,7886
2026-07-23 08:10:03,4b1bbc,HBKNC,LSZL,LIPV,8096
2026-07-23 08:07:21,4b7f61,V632,LSZL,LSPM,1983
2026-07-23 08:05:32,4b7f67,V618,LSZL,LSPM,1747
2026-07-23 07:50:56,4b1bae,HBKMO,LSZL,LSZR,3723
2026-07-23 07:47:54,4b1bc5,HBKNL,LSZL,LSPU,2180
2026-07-23 07:40:26,4b4424,HBZUY,LSZL,LSZL,1353
2026-07-23 07:40:04,4b40fe,HBYPY,LSZL,LSML,6220
2026-07-23 07:25:11,4b3041,HBSHD,LSZL,LSZL,1595
2026-07-23 07:23:11,a2721c,N257GG,LSZL,LDLO,5123
2026-07-23 07:20:54,4b1bc2,HBKNI,LSZL,LSZL,1745
2026-07-23 06:45:59,4b3041,HBSHD,LSZL,LSZL,1185
2026-07-23 06:13:59,4b7f61,V632,LSZL,LSZL,1163
2026-07-23 06:09:14,4b7f67,V618,LSZL,LSZL,911
2026-07-23 06:05:54,4b7f6c,V612,LSZL,LSML,2191
2026-07-23 05:37:05,4b4387,HBZOX,LSZL,LSPM,1415
2026-07-23 05:30:59,4b4424,HBZUY,LSZL,LSZL,2389
2026-07-22 17:00:30,4b1bbc,HBKNC,LSZL,LSZL,1272
2026-07-22 16:30:31,4b1bcc,HBKNS,LSZL,LSZL,1512
2026-07-22 15:56:09,4b1bc5,HBKNL,LSZL,LSZL,4463
2026-07-22 15:38:03,4b1bcc,HBKNS,LSZL,LSZL,776
2026-07-22 15:22:42,4b3041,HBSHD,LSZL,LSZL,1592
2026-07-22 15:20:47,4b3042,HBSHE,LSZL,LSZL,2106
2026-07-22 14:54:47,4b1bcc,HBKNS,LSZL,LSZL,1808
2026-07-22 14:44:36,4b3041,HBSHD,LSZL,LSZL,1133
2026-07-22 14:43:30,4b3042,HBSHE,LSZL,LSZL,1128
2026-07-22 13:52:02,4b7f67,V618,LSZL,LSZL,911
2026-07-22 13:39:55,4b7f65,V620,LSZL,LSZL,1877
2026-07-22 13:23:14,4b1bcc,HBKNS,LSZL,LSZL,2005
2026-07-22 12:46:41,4b442e,HBZVI,LSZL,LSZL,634
2026-07-22 12:38:25,4b3042,HBSHE,LSZL,LSZL,1075
2026-07-22 12:36:44,4b3041,HBSHD,LSZL,LSZL,1422
2026-07-22 12:22:45,4b1bcc,HBKNS,LSZL,LSZL,1694
2026-07-22 12:17:14,4b1bbc,HBKNC,LSZL,LIMZ,4569
2026-07-22 11:56:42,4b3fc5,HBYDX,LSZL,LIMB,1644
2026-07-22 11:52:32,4b3041,HBSHD,LSZL,LSZL,1584
2026-07-22 11:51:30,4b3042,HBSHE,LSZL,LSZL,1466
2026-07-22 11:44:18,4b06f4,HBCQM,LSZL,LSZN,4758
2026-07-22 11:42:15,4b3fc6,HBYDY,LSZL,LSZF,3803
2026-07-22 11:28:05,4b7f6c,V612,LSZL,LSZL,2944
2026-07-22 11:28:00,4b7f65,V620,LSZL,,2169
2026-07-22 11:26:52,4b7f67,V618,LSZL,LSZL,2107
2026-07-22 11:14:53,4b426c,HBZEA,LSZL,LSZL,8823
2026-07-22 09:36:37,a31cde,N3YZ,LSZL,,709
2026-07-22 09:23:18,4b1bcc,HBKNS,LSZL,LSZL,1768
2026-07-22 09:14:25,4b447f,HBZYL,LSZL,LSGS,2440
2026-07-22 09:01:01,4b1bc5,HBKNL,LSZL,LILE,2635
2026-07-22 08:45:13,4b4424,HBZUY,LSZL,LSZL,2663
2026-07-22 08:22:52,4b1bcc,HBKNS,LSZL,LSZL,1818
2026-07-22 08:15:12,4b7f65,V620,LSZL,,1893
2026-07-22 08:08:51,4b0ecc,HBFPS,LSZL,LDPN,3781
2026-07-22 07:58:51,4b4322,HBZLA,LSZL,LSZL,3598
2026-07-22 07:57:52,4b7f6c,V612,LSZL,,3503
2026-07-22 07:40:18,4b3042,HBSHE,LSZL,LSZL,1351
2026-07-22 07:37:34,4b3041,HBSHD,LSZL,LSZL,1434
2026-07-22 07:30:40,4b1bc5,HBKNL,LSZL,LSZL,1779
2026-07-22 07:23:34,4b3f28,HBXXW,LSZL,LSZA,1743
2026-07-22 07:21:59,4b1bcc,HBKNS,LSZL,LSZL,1640
2026-07-22 06:58:54,4b3042,HBSHE,LSZL,LSZL,1412
2026-07-22 06:57:33,4b3041,HBSHD,LSZL,LSZL,1339
2026-07-22 06:29:16,4b3fc5,HBYDX,LSZL,LSGR,2799
2026-07-22 06:15:44,4b7f67,V618,LSZL,LSML,1033
2026-07-22 06:14:26,4b7f6c,V612,LSZL,LSML,807
2026-07-22 06:07:13,4b7f65,V620,LSZL,LSML,2557
2026-07-22 05:38:15,4b426c,HBZEA,LSZL,LSPM,1814
2026-07-22 05:30:36,4b4424,HBZUY,LSZL,LSZL,7102
2026-07-22 05:19:23,4b442e,HBZVI,LSZL,LSPM,875
2026-07-25 17:20:57,4b7f9c,T323,LSZL,LSZL,1188
2026-07-25 15:13:00,4b3a22,HBWAK,LSZL,LSZL,764
2026-07-25 14:46:05,4b1bcc,HBKNS,LSZL,LIME,3405
2026-07-25 13:55:15,4b3309,RGA06,LSZL,LSZL,1349
2026-07-25 13:39:02,4b1bc9,HBKNP,LSZL,LSZL,2546
2026-07-25 13:15:25,4b4455,HBZWV,LSZL,LFTZ,5523
2026-07-25 13:02:51,4b3a22,HBWAK,LSZL,LSZL,2368
2026-07-25 12:53:38,4b1bcc,HBKNS,LSZL,LSZL,1551
2026-07-25 12:43:11,4b1bc5,HBKNL,LSZL,LSZL,2045
2026-07-25 12:38:24,4b1bc2,HBKNI,LSZL,LIME,2967
2026-07-25 12:21:15,4b1bbc,HBKNC,LSZL,LSML,1628
2026-07-25 12:14:19,4b3a22,HBWAK,LSZL,LSZL,1629
2026-07-25 12:13:12,4b1bcc,HBKNS,LSZL,LSZL,1573
2026-07-25 10:46:48,4b0b24,HBEFS,LSZL,LSGN,3976
2026-07-25 10:37:30,4b3a22,HBWAK,LSZL,LSZL,1795
2026-07-25 10:03:32,4b1bc5,HBKNL,LSZL,LSZL,5138
2026-07-25 09:47:01,4b1bc9,HBKNP,LSZL,LSZL,7596
2026-07-25 09:37:03,4b1bcc,HBKNS,LSZL,LSZL,1305
2026-07-25 09:32:44,4b3a22,HBWAK,LSZL,LSZL,1750
2026-07-25 09:28:15,4b0f49,HBFUN,LSZL,,5289
2026-07-25 09:26:15,4b3309,RGA06,LSZL,LSML,1192
2026-07-25 09:19:07,4b4db1,HB2314,LSZL,LSPM,1114
2026-07-25 09:10:53,4b1bc2,HBKNI,LSZL,LIME,3052
2026-07-25 09:00:51,4b288b,HBPJF,LSZL,LOWI,4268
2026-07-25 08:59:32,4b3309,RGA06,LSZL,LSZL,965
2026-07-25 08:53:00,4b1bcc,HBKNS,LSZL,LSZL,1164
2026-07-25 08:51:25,4b44a1,HBZZT,LSZL,LSML,3628
2026-07-25 08:51:18,4b1bad,HBKMN,LSZL,LSZR,3005
2026-07-25 08:39:49,4b1bc5,HBKNL,LSZL,LSZL,3441
2026-07-25 08:35:45,4b1bc9,HBKNP,LSZL,LSML,794
2026-07-25 08:18:38,4b3a22,HBWAK,LSZL,LSZL,981
2026-07-25 07:50:58,4b4db1,HB2314,LSZL,LSZL,1978
2026-07-25 07:28:31,4b4072,HBYKO,LSZL,LSZE,2443
2026-07-25 07:27:25,4b4424,HBZUY,LSZL,LSPM,3277
2026-07-25 07:27:04,4b426c,HBZEA,LSZL,LSZL,2784
2026-07-25 07:26:19,4b1bc2,HBKNI,LSZL,LSZL,3153
2026-07-25 07:21:36,4b1bbc,HBKNC,LSZL,LSZL,7611
2026-07-25 07:16:19,4b1bcc,HBKNS,LSZL,LSZL,3481
2026-07-25 05:37:25,4b4424,HBZUY,LSZL,LSZL,2301
2026-07-25 04:03:48,4b426c,HBZEA,LSZL,LSZL,4590
2026-07-25 02:06:46,4b3309,RGA06,LSZL,LSZA,777
2026-07-24 16:55:38,4b7f9c,T323,LSZL,LSZL,3168
2026-07-24 16:09:56,4b1bbc,HBKNC,LSZL,LSPM,2143
2026-07-24 16:07:07,4b1bc2,HBKNI,LSZL,LSPM,2987
2026-07-24 15:59:00,4b1bcc,HBKNS,LSZL,LSZL,1896
2026-07-24 15:06:31,4b1bc5,HBKNL,LSZL,LSZL,1502
2026-07-24 14:30:02,4b3041,HBSHD,LSZL,LSZL,2267
2026-07-24 14:29:31,4b23e0,HBNPG,LSZL,LSGN,4498
2026-07-24 14:04:32,4b41c1,HBYXL,LSZL,LSZM,3358
2026-07-24 13:51:49,4b1bbc,HBKNC,LSZL,LSZL,1700
2026-07-24 13:48:40,4b1bc9,HBKNP,LSZL,LSZL,8638
2026-07-24 13:38:51,4b1f2f,HBLVB,LSZL,LSZB,2819
2026-07-24 13:34:24,4b3041,HBSHD,LSZL,LSZL,1893
2026-07-24 13:18:08,4b1b8a,HBKLE,LSZL,LSZG,4574
2026-07-24 13:13:47,4b1bcc,HBKNS,LSZL,LILE,3409
2026-07-24 13:12:01,4b3309,RGA06,LSZL,LSZL,693
2026-07-24 13:08:10,4b4424,HBZUY,LSZL,LSPM,2813
2026-07-24 12:58:52,4b1bbc,HBKNC,LSZL,LSZL,1470
2026-07-24 12:37:00,4b0ecc,HBFPS,LSZL,LSZH,2358
2026-07-24 12:25:11,4b07fd,HBDAR,LSZL,LSPU,1606
2026-07-24 12:18:26,4b3041,HBSHD,LSZL,LSZL,2442
2026-07-24 12:12:49,4b415a,HBYTM,LSZL,LSZT,5154
2026-07-24 12:12:09,4b3042,HBSHE,LSZL,LSZL,1826
2026-07-24 12:09:05,4b1bbc,HBKNC,LSZL,LSZL,1457
2026-07-24 11:56:08,4b1bc9,HBKNP,LSZL,LSZL,3656
2026-07-24 11:49:08,4b1baf,HBKMP,LSZL,LSZF,2799
2026-07-24 11:41:00,4b1bcc,HBKNS,LSZL,LSZL,1868
2026-07-24 11:39:31,4b3041,HBSHD,LSZL,LSZL,1017
2026-07-24 11:16:48,4b442e,HBZVI,LSZL,LSZL,1057
2026-07-24 10:36:19,4b1bc5,HBKNL,LSZL,LSZL,14781
2026-07-24 09:55:41,4b1bc2,HBKNI,LSZL,LILO,1958
2026-07-24 09:40:47,4b4322,HBZLA,LSZL,LSZL,1264
2026-07-24 09:40:45,4b426c,HBZEA,LSZL,LSZL,998
2026-07-24 09:22:16,4b1bbc,HBKNC,LSZL,LSZL,1513
2026-07-24 09:19:16,4b288b,HBPJF,LSZL,,689
2026-07-24 08:51:47,4b1bc9,HBKNP,LSZL,LSZL,9653
2026-07-24 08:43:44,4b1bc5,HBKNL,LSZL,LSZL,3072
2026-07-24 08:43:08,4b1bc2,HBKNI,LSZL,LSZL,2056
2026-07-24 08:39:32,4b426c,HBZEA,LSZL,LSZL,1696
2026-07-24 08:36:14,4b1fa1,HBLZL,LSZL,LSZL,1513
2026-07-24 08:28:24,4b1bbc,HBKNC,LSZL,LSZL,1620
2026-07-24 08:27:23,4b7f65,V620,LSZL,LSZL,896
2026-07-24 08:09:17,4b3042,HBSHE,LSZL,LSZL,1774
2026-07-24 08:07:02,4b3041,HBSHD,LSZL,LSZL,1735
2026-07-24 08:06:47,4b7f61,V632,LSZL,LSZL,792
2026-07-24 08:03:28,4b1bcc,HBKNS,LSZL,LSZL,2297
2026-07-24 07:59:19,4b442e,HBZVI,LSZL,LSPM,2638
2026-07-24 07:56:31,4b7f67,V618,LSZL,LSZL,1996
2026-07-24 07:37:41,4b1bc2,HBKNI,LSZL,LSZL,674
2026-07-24 07:33:00,4b3042,HBSHE,LSZL,LSZL,749
2026-07-24 07:19:40,4b4db1,HB2314,LSZL,LILE,3167
2026-07-24 07:18:44,4b1fa1,HBLZL,LSZL,LSZL,1965
2026-07-24 07:10:06,4b1bc9,HBKNP,LSZL,LSZL,3915
2026-07-24 07:09:22,4b1bbc,HBKNC,LSZL,LSZL,3154
2026-07-24 07:00:24,4b3041,HBSHD,LSZL,LSZL,1024
2026-07-24 06:58:11,4b3042,HBSHE,LSZL,LSZL,1067
2026-07-24 06:44:06,4b439e,HBZPU,LSZL,LSZL,1112
2026-07-24 06:03:09,4b7f65,V620,LSZL,LSZL,664
2026-07-24 05:39:10,4b426c,HBZEA,LSZL,LSZL,2137
2026-07-24 05:33:14,4b4424,HBZUY,LSZL,LSPM,3525
2026-07-24 05:32:40,4b7f61,V632,LSZL,LSZL,723
2026-07-24 05:29:39,4b442e,HBZVI,LSZL,LSPM,2206
2026-07-27 17:16:34,4b1bc9,HBKNP,LSZL,LSZL,2029
2026-07-27 17:13:01,4b1bc2,HBKNI,LSZL,LSZL,2196
2026-07-27 16:30:02,4b1bc9,HBKNP,LSZL,LSZL,1165
2026-07-27 15:44:37,4b1bc9,HBKNP,LSZL,LSZL,1659
2026-07-27 15:41:01,4b1bc2,HBKNI,LSZL,LSZL,2035
2026-07-27 14:44:05,4b44a1,HBZZT,LSZL,LSZL,1703
2026-07-27 14:38:30,500028,T7PCS,LSZL,LSZL,797
2026-07-27 14:34:03,4b3309,RGA06,LSZL,LSZL,742
2026-07-27 13:38:37,4b0c7e,HBETA,LSZL,LSZT,4785
2026-07-27 12:38:24,500028,T7PCS,LSZL,LSZL,1759
2026-07-27 12:37:17,4b1fa1,HBLZL,LSZL,LIMZ,3380
2026-07-27 11:51:08,4b4424,HBZUY,LSZL,LSZL,908
2026-07-27 11:36:30,4b0da8,HBFEM,LSZL,LIRJ,3252
2026-07-27 10:54:30,4b4089,HBYLL,LSZL,LSZF,6395
2026-07-27 09:39:17,4b4424,HBZUY,LSZL,LSZL,971
2026-07-27 09:23:51,4b44a1,HBZZT,LSZL,LSZL,1298
2026-07-27 09:22:30,4b3043,HBSHF,LSZL,LSZL,1580
2026-07-27 09:20:00,4b3041,HBSHD,LSZL,LSZL,1642
2026-07-27 08:30:12,4b4424,HBZUY,LSZL,LSZL,2076
2026-07-27 08:18:58,4b40fe,HBYPY,LSZL,LSZL,3661
2026-07-27 08:16:24,4b3043,HBSHF,LSZL,LSZL,1581
2026-07-27 08:09:05,4b3041,HBSHD,LSZL,LSZL,1673
2026-07-27 07:49:20,4b1fa1,HBLZL,LSZL,LSZL,6261
2026-07-27 07:23:34,4b23ed,HBNPT,LSZL,LSZA,780
2026-07-27 07:07:33,4b4387,HBZOX,LSZL,LSZL,2292
2026-07-27 05:36:16,4b426c,HBZEA,LSZL,LSPM,972
2026-07-27 05:35:04,4b4387,HBZOX,LSZL,LSZL,3701
2026-07-27 05:24:10,4b44a1,HBZZT,LSZL,LSPM,4682
2026-07-26 18:48:40,4b3309,RGA06,LSZL,LSPM,946
2026-07-26 17:43:33,4b3309,RGA06,LSZL,LSZL,729
2026-07-26 17:30:33,4b1bc5,HBKNL,LSZL,LSZL,1391
2026-07-26 15:58:39,4b1bcc,HBKNS,LSZL,LSZA,1857
2026-07-26 15:30:37,4b1bc9,HBKNP,LSZL,LSZL,1188
2026-07-26 12:57:03,4b07fd,HBDAR,LSZL,LSZL,615
2026-07-26 11:55:14,4b1bc2,HBKNI,LSZL,LSZL,1561
2026-07-26 11:48:30,4b1bcc,HBKNS,LSZL,LSZL,1871
2026-07-26 09:31:32,4b1bcc,HBKNS,LSZL,LSZL,1137
2026-07-26 08:58:46,4b426c,HBZEA,LSZL,LSZL,995
2026-07-26 08:30:39,4b1bcc,HBKNS,LSZL,LSZL,1519
2026-07-29 17:28:10,4b1bc9,HBKNP,LSZL,LSZL,1662
2026-07-29 17:22:03,4b1bc2,HBKNI,LSZL,LSZL,1640
2026-07-29 17:16:13,4b3043,HBSHF,LSZL,LSZL,955
2026-07-29 17:14:42,4b3041,HBSHD,LSZL,LSZL,2259
2026-07-29 16:28:31,4b1bc2,HBKNI,LSZL,LSZL,1138
2026-07-29 16:25:19,4b1bc9,HBKNP,LSZL,LSZL,1920
2026-07-29 16:16:00,4b3043,HBSHF,LSZL,LSZL,2189
2026-07-29 16:14:33,4b3041,HBSHD,LSZL,LSZL,2071
2026-07-29 15:20:38,4b443d,HBZVX,LSZL,LSZL,816
2026-07-29 14:58:40,4b3041,HBSHD,LSZL,LSZL,2552
2026-07-29 14:57:08,4b3043,HBSHF,LSZL,LSZL,2511
2026-07-29 14:55:40,4b3042,HBSHE,LSZL,LSZL,2450
2026-07-29 13:37:21,3009a6,IDOBE,LSZL,LIMF,1851
2026-07-29 13:34:53,4b44a1,HBZZT,LSZL,LSPM,5886
2026-07-29 13:07:31,4b1bc9,HBKNP,LSZL,LSZL,2968
2026-07-29 12:54:31,4b1bc2,HBKNI,LSZL,LSZL,2826
2026-07-29 12:42:44,4b3043,HBSHF,LSZL,,1196
2026-07-29 12:41:33,4b3042,HBSHE,LSZL,LSZL,2006
2026-07-29 12:35:34,4b3041,HBSHD,LSZL,,1173
2026-07-29 12:35:17,4b1fa1,HBLZL,LSZL,LSZL,7359
2026-07-29 12:17:51,4b443d,HBZVX,LSZL,LSZL,1903
2026-07-29 11:46:00,4b2811,HBPEN,LSZL,LSZB,3091
2026-07-29 11:41:00,4b1bc2,HBKNI,LSZL,LSZL,2803
2026-07-29 11:38:12,4b1bc9,HBKNP,LSZL,LSZL,3105
2026-07-29 10:52:19,4b3309,RGA06,LSZL,LILB,664
2026-07-29 09:56:35,4b3041,HBSHD,LSZL,,1175
2026-07-29 09:54:30,4b3043,HBSHF,LSZL,,1125
2026-07-29 09:44:21,4b3042,HBSHE,LSZL,LSZL,1325
2026-07-29 09:25:03,4b3f28,HBXXW,LSZL,LSPM,1243
2026-07-29 09:22:18,4b441d,HBZUR,LSZL,LSPV,2010
2026-07-29 08:56:07,4b44a1,HBZZT,LSZL,LSPM,4948
2026-07-29 08:16:51,511142,DMS1,LSZL,,11116
2026-07-29 08:09:51,4b1bc2,HBKNI,LSZL,LSZL,2868
2026-07-29 08:07:25,4b1bc9,HBKNP,LSZL,LSZL,3153
2026-07-29 07:51:10,4b1fa1,HBLZL,LSZL,LSZL,6528
2026-07-29 07:16:11,4b3041,HBSHD,LSZL,,1377
2026-07-29 07:14:34,4b3043,HBSHF,LSZL,,3253
2026-07-29 07:14:06,4b1c24,HBKRC,LSZL,ESOW,11092
2026-07-29 06:08:03,4b40fe,HBYPY,LSZL,LFKO,6576
2026-07-29 05:29:20,4b3dd7,HBXKX,LSZL,LSPM,2468
2026-07-29 05:17:35,4b44a1,HBZZT,LSZL,LSZL,12045
2026-07-29 04:59:11,4b3f28,HBXXW,LSZL,LSZL,6011
2026-07-28 17:40:18,4b3305,RGA10,LSZL,LSME,1811
2026-07-28 17:00:35,4b1bc9,HBKNP,LSZL,LSZL,2910
2026-07-28 17:00:15,4b3309,RGA06,LSZL,LSZA,1628
2026-07-28 14:48:34,4b1bc9,HBKNP,LSZL,LSZL,7921
2026-07-28 14:29:18,4b1bc2,HBKNI,LSZL,LSZL,2487
2026-07-28 13:25:17,4b1bc9,HBKNP,LSZL,LSZL,2636
2026-07-28 13:15:18,4b3041,HBSHD,LSZL,LSZL,2289
2026-07-28 13:13:01,4b1bc2,HBKNI,LSZL,LSZL,2412
2026-07-28 13:08:43,4b3043,HBSHF,LSZL,LSZL,2720
2026-07-28 12:29:47,4b1fa1,HBLZL,LSZL,LSZL,5730
2026-07-28 12:21:03,4b4387,HBZOX,LSZL,LSPM,1905
2026-07-28 12:11:58,4b3dd7,HBXKX,LSZL,LSZL,3578
2026-07-28 12:07:11,4b4e42,HB2459,LSZL,LSPA,5510
2026-07-28 11:56:01,4b3043,HBSHF,LSZL,LSZL,2602
2026-07-28 11:53:46,4b3041,HBSHD,LSZL,LSZL,2664
2026-07-28 11:37:20,4b4137,HBYSD,LSZL,LSZK,2972
2026-07-28 09:11:42,4b3043,HBSHF,LSZL,LSZL,1753
2026-07-28 09:08:41,4b1bc2,HBKNI,LSZL,LSZL,2297
2026-07-28 09:05:20,4b1bc9,HBKNP,LSZL,LSZL,2647
2026-07-28 09:01:15,4b7fa7,SUI312,LSZL,LFKB,6571
2026-07-28 09:00:51,4b7f9a,SUI325,LSZL,LFKB,6597
2026-07-28 09:00:40,4b7fa2,SUI317,LSZL,LFKB,6599
2026-07-28 08:56:30,4b426c,HBZEA,LSZL,LSZL,878
2026-07-28 07:47:58,4b1fa1,HBLZL,LSZL,LIMF,2987
2026-07-28 07:29:38,4b426c,HBZEA,LSZL,LSZL,4340
2026-07-28 07:20:42,4b3041,HBSHD,LSZL,LSZL,2741
2026-07-28 07:18:39,4b3043,HBSHF,LSZL,LSZL,2869
2026-07-28 06:46:26,4b4db1,HB2314,LSZL,LSZL,3176
2026-07-28 05:33:21,4b4424,HBZUY,LSZL,LSPM,4040
2026-07-28 05:32:38,4b426c,HBZEA,LSZL,LSZL,4684
2026-07-31 17:20:33,4b1bc9,HBKNP,LSZL,LSZL,2246
2026-07-31 17:14:35,4b1bc7,HBKNN,LSZL,LSZL,2232
2026-07-31 15:13:00,4b442e,HBZVI,LSZL,LSML,961
2026-07-31 14:32:10,4b442e,HBZVI,LSZL,LSZL,1626
2026-07-31 13:53:12,4b4387,HBZOX,LSZL,LSZA,9063
2026-07-31 11:57:37,4b4322,HBZLA,LSZL,LSZL,989
2026-07-31 11:38:00,4b3041,HBSHD,LSZL,LSZL,2243
2026-07-31 11:36:30,4b3042,HBSHE,LSZL,LSZL,2055
2026-07-31 11:28:15,4b442e,HBZVI,LSZL,LSZL,1865
2026-07-31 11:24:04,4b443d,HBZVX,LSZL,LSZL,3522
2026-07-31 10:00:04,4b1bc7,HBKNN,LSZL,LSML,3561
2026-07-31 09:36:42,4b3dd7,HBXKX,LSZL,LSZL,614
2026-07-31 09:23:14,4b3273,HBTCT,LSZL,LSMA,2304
2026-07-31 09:14:00,4b426c,HBZEA,LSZL,LSZA,1727
2026-07-31 08:32:05,4b43e6,HBZSO,LSZL,LSMP,3950
2026-07-31 08:19:18,4b4322,HBZLA,LSZL,,905
2026-07-31 08:17:00,4b442e,HBZVI,LSZL,LSZL,1255
2026-07-31 08:13:26,4b1bcc,HBKNS,LSZL,LSZL,2553
2026-07-31 07:55:34,4b330a,RGA08,LSZL,LSPM,1165
2026-07-31 07:54:59,4b1fa1,HBLZL,LSZL,LSZL,5225
2026-07-31 07:48:06,4b3f28,HBXXW,LSZL,LSML,5633
2026-07-31 07:45:36,4b0f49,HBFUN,LSZL,EDWE,6802
2026-07-31 07:41:37,4b1bc7,HBKNN,LSZL,LSZA,1772
2026-07-31 07:39:14,4b1bc2,HBKNI,LSZL,LSZL,3326
2026-07-31 06:41:11,4b3042,HBSHE,LSZL,LSPU,2088
2026-07-31 06:39:06,4b3041,HBSHD,LSZL,LSPU,2123
2026-07-31 06:21:49,4b3f28,HBXXW,LSZL,LSML,2103
2026-07-31 05:32:24,4b3f28,HBXXW,LSZL,LSZL,1101
2026-07-31 05:20:48,4b442e,HBZVI,LSZL,LSZL,2162
2026-07-30 16:25:01,4b1bcc,HBKNS,LSZL,LSZA,1434
2026-07-30 16:01:08,4b1bc2,HBKNI,LSZL,LSZL,1596
2026-07-30 15:49:05,4b1bc7,HBKNN,LSZL,LSZL,1605
2026-07-30 15:35:33,4b1bc9,HBKNP,LSZL,LSZL,2310
2026-07-30 15:30:54,3e1e8f,DICTR,LSZL,EDTD,1989
2026-07-30 14:57:46,4b1bc7,HBKNN,LSZL,LSZL,1195
2026-07-30 14:47:49,4b1bcc,HBKNS,LSZL,LSZL,3812
2026-07-30 14:36:17,505b03,OMXCX,LSZL,LSZC,1924
2026-07-30 14:33:22,4b2959,HBPRD,LSZL,LSZM,3750
2026-07-30 14:23:08,4b1bc2,HBKNI,LSZL,LSZL,2044
2026-07-30 14:22:40,4b2841,HBPGJ,LSZL,LSGG,4569
2026-07-30 14:12:00,4b1bc9,HBKNP,LSZL,LSZL,2209
2026-07-30 13:15:05,4b1bc2,HBKNI,LSZL,LSZL,2206
2026-07-30 13:13:30,4b1c5c,HBKTG,LSZL,LSGL,2597
2026-07-30 13:06:45,4b1bc9,HBKNP,LSZL,LSZL,2124
2026-07-30 12:51:00,4b426c,HBZEA,LSZL,LSZA,1911
2026-07-30 12:39:21,4b1fa1,HBLZL,LSZL,LIMZ,5280
2026-07-30 12:35:30,4b1bcc,HBKNS,LSZL,LSZL,2309
2026-07-30 12:26:14,4b4322,HBZLA,LSZL,LSZL,2225
2026-07-30 12:21:10,38c59b,FPTUN,LSZL,LFMD,5811
2026-07-30 12:15:17,4b3041,HBSHD,LSZL,LSZL,2293
2026-07-30 12:14:00,4b3043,HBSHF,LSZL,LSZL,2543
2026-07-30 12:06:30,4b3042,HBSHE,LSZL,LSZA,5800
2026-07-30 12:03:17,4b1bc2,HBKNI,LSZL,LSZL,2074
2026-07-30 11:49:43,4b1bc9,HBKNP,LSZL,LSZL,2806
2026-07-30 11:41:52,3d6fb7,DFOOD,LSZL,LFKC,3617
2026-07-30 11:04:30,4b06f4,HBCQM,LSZL,LSZN,5010
2026-07-30 11:00:46,4b1bcc,HBKNS,LSZL,LSZL,1933
2026-07-30 09:58:49,4b0acb,HBECH,LSZL,LSMF,1749
2026-07-30 09:36:45,4b1bcc,HBKNS,LSZL,LSZL,1049
2026-07-30 09:20:32,4b293a,HBPPY,LSZL,LSZG,3345
2026-07-30 09:08:19,4b1bc2,HBKNI,LSZL,LSZL,2673
2026-07-30 09:04:00,4b0d8c,HBFDK,LSZL,LSMP,1813
2026-07-30 08:37:06,4b3042,HBSHE,LSZL,LSZL,4031
2026-07-30 08:11:53,4b3041,HBSHD,LSZL,LSZL,1851
2026-07-30 08:08:49,4b3043,HBSHF,LSZL,LSZL,1856
2026-07-30 07:55:41,4b1bc9,HBKNP,LSZL,LSZL,2778
2026-07-30 07:51:10,4b1bc2,HBKNI,LSZL,LSZL,2818
2026-07-30 07:44:17,4b1c47,HBKSL,LSZL,LSZR,3657
2026-07-30 07:32:28,500028,T7PCS,LSZL,LSZL,1649
2026-07-30 07:30:11,4b1fa1,HBLZL,LSZL,LIMZ,2717
2026-07-30 07:08:51,4b3041,HBSHD,LSZL,LSZL,1741
2026-07-30 07:05:24,4b3043,HBSHF,LSZL,LSZL,1847
2026-07-30 07:03:38,4b4424,HBZUY,LSZL,LSZL,1101
2026-07-30 06:36:23,4b1bc9,HBKNP,LSZL,LSZL,2824
2026-07-30 06:29:59,4b1bc2,HBKNI,LSZL,LSZL,2773
2026-07-30 06:28:00,4b3f28,HBXXW,LSZL,LSZL,876
2026-07-30 05:36:03,4b3dd7,HBXKX,LSZL,LSPM,1638
2026-07-30 05:34:38,4b3f28,HBXXW,LSZL,LSZL,2090
2026-08-02 17:08:50,4b1bbc,HBKNC,LSZL,LSZL,1800
2026-08-02 16:52:07,4b1bc2,HBKNI,LSZL,LSZL,1919
2026-08-02 16:29:00,4b1bc7,HBKNN,LSZL,LSZL,2525
2026-08-02 15:56:16,4b1bcc,HBKNS,LSZL,LSZL,4585
2026-08-02 15:21:32,4b1bbc,HBKNC,LSZL,LSZL,1638
2026-08-02 15:20:12,4b1bc7,HBKNN,LSZL,LSZL,1546
2026-08-02 14:50:06,4b1bc2,HBKNI,LSZL,LSZL,3424
2026-08-02 14:22:12,4b1bc9,HBKNP,LSZL,LIPB,5280
2026-08-02 14:17:00,4b1bbc,HBKNC,LSZL,LSZL,2126
2026-08-02 13:19:35,3e1e8f,DICTR,LSZL,EDTD,2013
2026-08-02 13:07:51,4b1bbc,HBKNC,LSZL,LSZL,2518
2026-08-02 12:54:45,4b3042,HBSHE,LSZL,LSZA,1363
2026-08-02 12:19:13,4b1bc9,HBKNP,LSZL,LSZL,2154
2026-08-02 11:43:20,500028,T7PCS,LSZL,,2767
2026-08-02 11:40:30,4b1bc7,HBKNN,LSZL,LSZL,3710
2026-08-02 11:39:09,4b3a22,HBWAK,LSZL,LSZL,1561
2026-08-02 11:04:31,4b059a,HBCDE,LSZL,LSZN,3026
2026-08-02 10:33:32,4b1bbc,HBKNC,LSZL,LSZL,3131
2026-08-02 10:09:36,4b06f4,HBCQM,LSZL,LSZN,4327
2026-08-02 09:27:04,4b3042,HBSHE,LSZL,LSZL,2713
2026-08-02 09:10:43,4b3a22,HBWAK,LSZL,LSZL,806
2026-08-02 08:42:03,4b3a22,HBWAK,LSZL,LSZL,1004
2026-08-02 08:23:04,500028,T7PCS,LSZL,LSZL,788
2026-08-02 08:10:36,4b1fa1,HBLZL,LSZL,LSZL,3336
2026-08-02 07:57:53,4b3a22,HBWAK,LSZL,LSZL,1821
2026-08-02 07:49:48,4b4072,HBYKO,LSZL,LSZE,2329
2026-08-02 07:47:08,4b1bc9,HBKNP,LSZL,LSZL,2640
2026-08-02 07:34:24,4b1e1d,HBLKN,LSZL,LSZR,2317
2026-08-02 07:33:18,4b37b7,HBVCP,LSZL,LSZH,2017
2026-08-02 07:30:08,4b07fd,HBDAR,LSZL,LSZR,2851
2026-08-02 07:12:47,4b23e9,HBNPP,LSZL,LSZX,2547
2026-08-02 06:44:47,4b44a1,HBZZT,LSZL,LSPM,4571
2026-08-02 02:41:16,4b3309,RGA06,LSZL,LSMD,3954
2026-08-01 17:18:03,4b1bc7,HBKNN,LSZL,LSZL,1618
2026-08-01 13:48:59,4b4437,HBZVR,LSZL,LSZA,8586
2026-08-01 12:58:19,4b0f49,HBFUN,LSZL,,5324
2026-08-01 12:52:53,4b1bc2,HBKNI,LSZL,LSZA,3350
2026-08-01 12:32:30,4b37b7,HBVCP,LSZL,LSZH,2217
2026-08-01 12:02:02,4b1bc9,HBKNP,LSZL,LSZL,2127
2026-08-01 11:39:50,4b439f,HBZPV,LSZL,LSZK,3486
2026-08-01 11:08:33,4b3a22,HBWAK,LSZL,LSZL,967
2026-08-01 11:05:33,4b5169,HB3266,LSZL,LSZL,11814
2026-08-01 10:13:00,4b1bc7,HBKNN,LSZL,LSZL,5849
2026-08-01 09:37:02,4b1bc2,HBKNI,LSZL,LILE,2611
2026-08-01 09:14:00,4b1bcc,HBKNS,LSZL,LSZL,2566
2026-08-01 08:49:33,4b3a22,HBWAK,LSZL,LSZL,1724
2026-08-01 08:48:26,4b5169,HB3266,LSZL,LSZL,6054
2026-08-01 08:01:50,a95101,N7MT,LSZL,LSZR,3188
2026-08-01 07:38:11,4b1bc2,HBKNI,LSZL,LSZL,648
2026-08-01 07:32:49,4b1bbc,HBKNC,LSZL,,1858
2026-08-01 07:27:49,4b1bcc,HBKNS,LSZL,LSZL,3155
2026-08-01 07:23:06,4b1bc9,HBKNP,LSZL,LSZL,9061
2026-08-01 07:22:07,4b1bc7,HBKNN,LSZL,LILR,3709
2026-08-04 15:24:30,4b3042,HBSHE,LSZL,LSZL,1727
2026-08-04 15:07:46,4b0da8,HBFEM,LSZL,LSMF,689
2026-08-04 15:05:18,4b28ed,HBPMZ,LSZL,LSMF,670
2026-08-04 14:08:47,4b3042,HBSHE,LSZL,LSZL,1733
2026-08-04 13:35:54,4b1bc2,HBKNI,LSZL,LSPU,1318
2026-08-04 13:01:47,4b1fa1,HBLZL,LSZL,LSZL,3524
2026-08-04 12:47:13,4b3dd7,HBXKX,LSZL,LSPM,1664
2026-08-04 12:03:45,4b1bc2,HBKNI,LSZL,LSZL,1299
2026-08-04 11:58:19,4b44a1,HBZZT,LSZL,LSZL,1138
2026-08-04 11:49:10,4b3042,HBSHE,LSZL,LSZL,3038
2026-08-04 10:20:35,4b1bc2,HBKNI,LSZL,LSZL,1643
2026-08-04 09:13:30,4b1bc2,HBKNI,LSZL,LSZL,1799
2026-08-04 08:53:13,4b1bbc,HBKNC,LSZL,LSZA,3675
2026-08-04 08:44:22,4b1bc7,HBKNN,LSZL,LSZL,1616
2026-08-04 08:42:30,4b1bcc,HBKNS,LSZL,LSZL,1568
2026-08-04 08:28:30,4b08c3,HBDIH,LSZL,LSPV,2802
2026-08-04 08:21:34,4b3042,HBSHE,LSZL,LSZL,1818
2026-08-04 08:03:01,4b44a1,HBZZT,LSZL,LSPM,2097
2026-08-04 08:01:30,4b23e1,HBNPH,LSZL,LSZA,3590
2026-08-04 07:37:30,4b1bc7,HBKNN,LSZL,LSZL,1499
2026-08-04 07:34:12,4b1bcc,HBKNS,LSZL,LSZL,1437
2026-08-04 07:32:15,4b1bc2,HBKNI,LSZL,LSZL,2556
2026-08-04 07:21:18,4b426c,HBZEA,LSZL,LSZA,892
2026-08-04 07:18:44,4b1bbc,HBKNC,LSZL,LSZL,2110
2026-08-04 06:57:47,500028,T7PCS,LSZL,LSZA,1264
2026-08-04 06:56:36,4b1bc7,HBKNN,LSZL,LSZL,1551
2026-08-04 06:52:36,4b1bc5,HBKNL,LSZL,LFMD,7897
2026-08-04 06:52:21,4b3dd7,HBXKX,LSZL,LSZL,7118
2026-08-04 06:51:11,4b1bcc,HBKNS,LSZL,LSZL,1517
2026-08-04 06:43:21,4b3042,HBSHE,LSZL,LSZL,2157
2026-08-04 06:02:39,4b44a1,HBZZT,LSZL,LSZL,1725
2026-08-04 05:36:09,4b3dd7,HBXKX,LSZL,LSZL,2600
2026-08-03 17:25:34,4b1bcc,HBKNS,LSZL,LSZL,1258
2026-08-03 17:22:40,4b1bbc,HBKNC,LSZL,LSZL,2008
2026-08-03 17:18:45,4b1bc2,HBKNI,LSZL,LSZL,1717
2026-08-03 16:33:01,4b1bc7,HBKNN,LSZL,LSZL,610
2026-08-03 15:53:30,4b1bc2,HBKNI,LSZL,LSZA,1458
2026-08-03 15:47:37,4b1bbc,HBKNC,LSZL,LSZL,2418
2026-08-03 15:46:31,4b3042,HBSHE,LSZL,LSZL,3969
2026-08-03 15:44:01,4b3043,HBSHF,LSZL,LSZL,4182
2026-08-03 14:58:44,4b4322,HBZLA,LSZL,LSZL,1040
2026-08-03 14:50:31,4b1bbc,HBKNC,LSZL,LSZL,1193
2026-08-03 14:37:04,4b44a1,HBZZT,LSZL,LSZL,1974
2026-08-03 14:27:20,4b1bc5,HBKNL,LSZL,LSZL,1743
2026-08-03 14:22:07,4b1bc2,HBKNI,LSZL,LSZA,974
2026-08-03 12:56:18,4b3dd7,HBXKX,LSZL,LSZL,1085
2026-08-03 12:48:12,4b1b78,HBKKM,LSZL,LSML,1221
2026-08-03 12:40:02,4b1bc2,HBKNI,LSZL,LSZA,1263
2026-08-03 12:22:48,3d6fb7,DFOOD,LSZL,EDMA,2674
2026-08-03 12:16:06,4b1bbc,HBKNC,LSZL,LSZA,1294
2026-08-03 12:10:47,4b44a1,HBZZT,LSZL,LSZL,933
2026-08-03 11:44:30,4b44a1,HBZZT,LSZL,LSZL,688
2026-08-03 10:29:06,4b1bc2,HBKNI,LSZL,LSZL,1364
2026-08-03 09:10:08,4b1bc2,HBKNI,LSZL,LSZL,2011
2026-08-03 09:01:02,500028,T7PCS,LSZL,LSZA,1121
2026-08-03 08:56:47,4b4387,HBZOX,LSZL,LSZA,901
2026-08-03 08:38:03,4b1bbc,HBKNC,LSZL,LSZA,1175
2026-08-03 08:09:43,4b1fa1,HBLZL,LSZL,LSZL,5575
2026-08-03 07:04:00,500028,T7PCS,LSZL,LSZA,1708
2026-08-03 06:40:49,4b3041,HBSHD,LSZL,LSPU,2639
2026-08-03 06:38:42,4b44a1,HBZZT,LSZL,LSZA,2682
2026-08-03 06:37:16,4b4387,HBZOX,LSZL,LSZL,3160
2026-08-03 06:32:56,a79c67,N59PV,LSZL,LFLI,2406
2026-08-03 05:46:54,4b426c,HBZEA,LSZL,LSPM,752
2026-08-03 05:34:25,4b3dd7,HBXKX,LSZL,LSPM,1530
2026-08-03 05:33:59,4b44a1,HBZZT,LSZL,LSML,1447
2026-08-06 16:36:40,4b1bc5,HBKNL,LSZL,LSZL,1297
2026-08-06 14:08:14,4b3f28,HBXXW,LSZL,LSZL,1418
2026-08-06 14:07:20,4b1bc5,HBKNL,LSZL,LSZL,1405
2026-08-06 13:45:33,4b23e1,HBNPH,LSZL,LSZA,1725
2026-08-06 13:38:44,4b3042,HBSHE,LSZL,LSZA,3499
2026-08-06 12:19:32,4b3043,HBSHF,LSZL,LSZA,3197
2026-08-06 12:19:13,4b1fa1,HBLZL,LSZL,LSZA,3928
2026-08-06 10:44:49,4b1bc5,HBKNL,LSZL,LSZL,1245
2026-08-06 10:06:08,4b442e,HBZVI,LSZL,LSZL,5175
2026-08-06 08:49:09,4b3043,HBSHF,LSZL,LSZA,2964
2026-08-06 08:41:50,4b3042,HBSHE,LSZL,LSZA,3023
2026-08-06 08:28:48,4b0f49,HBFUN,LSZL,,4613
2026-08-06 07:16:18,4b3043,HBSHF,LSZL,LSZA,3191
2026-08-06 07:15:17,4b3042,HBSHE,LSZL,LSZA,3085
2026-08-05 19:36:43,4b3309,RGA06,LSZL,LSZL,4137
2026-08-05 18:09:15,4b3309,RGA06,LSZL,LSZL,3960
2026-08-05 17:13:33,4b1bc5,HBKNL,LSZL,LSZL,1125
2026-08-05 16:50:33,4b1bcc,HBKNS,LSZL,LSZL,1893
2026-08-05 16:30:04,4b1bbc,HBKNC,LSZL,LSZL,1676
2026-08-05 16:14:17,4b1bc5,HBKNL,LSZL,LSZL,2312
2026-08-05 16:04:49,4b1bc2,HBKNI,LSZL,LSZL,1211
2026-08-05 15:51:15,4b23ed,HBNPT,LSZL,LSZA,1366
2026-08-05 15:48:00,4b1bbc,HBKNC,LSZL,LSZL,1107
2026-08-05 15:30:04,4b1bc2,HBKNI,LSZL,LSZL,1193
2026-08-05 15:17:00,4b1bbc,HBKNC,LSZL,LSZL,1165
2026-08-05 14:28:31,4b3f28,HBXXW,LSZL,LSZL,635
2026-08-05 13:34:30,4b1bbc,HBKNC,LSZL,LSZL,1599
2026-08-05 13:11:10,4b1bcc,HBKNS,LSZL,LSZA,2194
2026-08-05 12:39:42,4b1bc2,HBKNI,LSZL,LSZL,8317
2026-08-05 12:38:05,4b3dd7,HBXKX,LSZL,LSPM,1433
2026-08-05 12:24:33,4b4322,HBZLA,LSZL,LSZL,4301
2026-08-05 12:23:17,4b1bbc,HBKNC,LSZL,LSZL,1489
2026-08-05 12:12:13,a6d5ae,N54BB,LSZL,LSPL,4472
2026-08-05 12:07:23,4b7fa0,SUI077,LSZL,LSZB,2771
2026-08-05 12:05:38,4b3dd7,HBXKX,LSZL,LSZL,994
2026-08-05 11:57:00,500028,T7PCS,LSZL,LSZL,2311
2026-08-05 11:42:03,4b442e,HBZVI,LSZL,LSZL,4195
2026-08-05 11:34:03,4b7fdc,T337,LSZL,LSMA,2808
2026-08-05 11:05:30,4b1bbc,HBKNC,LSZL,LSZL,2180
2026-08-05 10:25:06,4b1bc2,HBKNI,LSZL,LSZL,1567
2026-08-05 09:59:36,4b1bbc,HBKNC,LSZL,LSZL,2138
2026-08-05 09:43:16,4b0f8e,HBFXE,LSZL,LFTZ,3590
2026-08-05 09:40:37,4b1b86,HBKLA,LSZL,LSZE,2956
2026-08-05 09:15:49,4b1bcc,HBKNS,LSZL,LSZA,2554
2026-08-05 09:13:47,4b1f9d,HBLZH,LSZL,,891
2026-08-05 08:33:19,4b0c84,HBETG,LSZL,LSZT,3338
2026-08-05 08:29:31,4b1bc2,HBKNI,LSZL,LSZL,4015
2026-08-05 07:53:34,4b442e,HBZVI,LSZL,LSZL,4819
2026-08-05 07:39:10,500028,T7PCS,LSZL,LSZA,1209
2026-08-05 07:35:16,4b1bbc,HBKNC,LSZL,LSZL,1603
2026-08-05 07:24:37,4b1bc5,HBKNL,LSZL,LSZL,2632
2026-08-05 07:19:38,4b1fa1,HBLZL,LSZL,LSZL,5722
2026-08-05 07:12:31,4b1bc2,HBKNI,LSZL,LSZL,2823
2026-08-05 06:36:57,4b1bcc,HBKNS,LSZL,LSZA,2100
2026-08-05 06:31:08,4b3042,HBSHE,LSZL,LSZL,1999
2026-08-05 05:33:51,4b3dd7,HBXKX,LSZL,LSPU,1623
2026-08-05 05:11:16,4b442e,HBZVI,LSZL,LSPM,1279
2026-08-08 23:05:30,4b3309,RGA06,LSZL,LSPM,1243
2026-08-08 17:06:51,4b1bc2,HBKNI,LSZL,LSZL,2497
2026-08-08 16:21:12,4b1bcc,HBKNS,LSZL,LSZL,1543
2026-08-08 16:01:02,4b1bbc,HBKNC,LSZL,LSZL,2040
2026-08-08 15:59:31,4b1bc9,HBKNP,LSZL,LSZL,1837
2026-08-08 15:19:00,4b1bc5,HBKNL,LSZL,LSZL,1703
2026-08-08 15:17:02,4b1bc2,HBKNI,LSZL,LSZL,1995
2026-08-08 15:14:32,38371d,FJHSL,LSZL,LIMB,2020
2026-08-08 15:02:40,4b3042,HBSHE,LSZL,LSZL,4217
2026-08-08 15:00:15,4b3043,HBSHF,LSZL,LSZL,4529
2026-08-08 14:52:00,4b0c1d,HBEPH,LSZL,LSMF,3009
2026-08-08 14:22:26,4b1bc9,HBKNP,LSZL,LSZL,2431
2026-08-08 13:49:38,4b1bc2,HBKNI,LSZL,LSZL,2959
2026-08-08 13:41:52,4b28b1,HBPKR,LSZL,LSGL,4539
2026-08-08 12:07:34,4b1fa1,HBLZL,LSZL,LSZL,7479
2026-08-08 11:55:24,4b3a22,HBWAK,LSZL,LSZL,638
2026-08-08 11:54:19,4b1bb1,HBKMR,LSZL,LSZB,4485
2026-08-08 11:09:00,4b436d,HBZNX,LSZL,LSZU,2918
2026-08-08 10:18:25,4b1bb1,HBKMR,LSZL,LSZL,1713
2026-08-08 09:29:37,4b3042,HBSHE,LSZL,LSZA,2751
2026-08-08 09:25:20,4b3043,HBSHF,LSZL,LSZL,3688
2026-08-08 08:42:19,a91672,N685GT,LSZL,LSTA,1279
2026-08-08 08:29:41,a2721c,N257GG,LSZL,,737
2026-08-08 08:17:45,4b1bcc,HBKNS,LSZL,LSZA,1234
2026-08-08 08:14:46,4b4322,HBZLA,LSZL,LSZL,1063
2026-08-08 08:05:37,4b1bc5,HBKNL,LSZL,LSZL,1633
2026-08-08 07:41:09,38c59b,FPTUN,LSZL,LSZL,5072
2026-08-08 07:02:10,4b3043,HBSHF,LSZL,LSZA,4207
2026-08-08 07:00:18,4b3042,HBSHE,LSZL,LSZA,4106
2026-08-07 16:01:33,4b3309,RGA06,LSZL,LSZL,739
2026-08-07 14:55:08,4b1bc5,HBKNL,LSZL,LSZL,1103
2026-08-07 14:35:31,4b1bb1,HBKMR,LSZL,LSZL,1980
2026-08-07 13:59:42,4b1bc5,HBKNL,LSZL,LSZL,1710
2026-08-07 13:21:32,4b1fa1,HBLZL,LSZL,LSZL,2070
2026-08-07 13:03:15,4b1bb1,HBKMR,LSZL,LSZL,1715
2026-08-07 12:34:22,4b44a1,HBZZT,LSZL,LSML,1881
2026-08-07 12:08:21,4b1bc9,HBKNP,LSZL,LSZL,965
2026-08-07 10:50:00,4b3309,RGA06,LSZL,LSPU,641
2026-08-07 10:43:57,4b1bc9,HBKNP,LSZL,LSZL,803
2026-08-07 09:09:38,4402ba,OEEGR,LSZL,LDPN,3585
2026-08-07 08:11:34,4b426c,HBZEA,LSZL,LSZL,1254
2026-08-07 08:03:33,4b3042,HBSHE,LSZL,LSZA,4691
2026-08-07 08:00:45,4b3043,HBSHF,LSZL,LSZL,4799
2026-08-07 07:46:20,4b1bbc,HBKNC,LSZL,LSZL,1841
2026-08-07 07:38:37,4b1fa1,HBLZL,LSZL,LSZL,4663
2026-08-07 07:32:03,4b442e,HBZVI,LSZL,LSZL,4701
2026-08-07 06:49:12,4b4db1,HB2314,LSZL,LSZL,2040
2026-08-07 06:36:38,4b1e1d,HBLKN,LSZL,LSZR,2279
2026-08-07 06:30:12,4b3309,RGA06,LSZL,LSZL,1843
2026-08-07 06:19:09,4b40fe,HBYPY,LSZL,LSPM,3462
2026-08-07 06:13:23,4b442e,HBZVI,LSZL,LSZL,2733
2026-08-07 05:36:50,4b426c,HBZEA,LSZL,LSPM,1748
2026-08-07 05:35:47,4b4437,HBZVR,LSZL,LSML,1231
2026-08-10 19:28:30,4b3309,RGA06,LSZL,LSZL,1042
2026-08-10 16:23:43,4b1bbc,HBKNC,LSZL,LSZL,1087
2026-08-10 16:20:49,4b1bc5,HBKNL,LSZL,LSZL,2065
2026-08-10 16:11:03,4b1bc9,HBKNP,LSZL,LSZL,2493
2026-08-10 15:50:17,4b4db1,HB2314,LSZL,LSZL,3425
2026-08-10 15:43:01,4b1bbc,HBKNC,LSZL,LSZL,1604
2026-08-10 15:34:51,4b1bcc,HBKNS,LSZL,LSZL,682
2026-08-10 15:17:03,4b4387,HBZOX,LSZL,LSZL,1739
2026-08-10 15:14:39,4b1bc2,HBKNI,LSZL,LSZL,2579
2026-08-10 14:59:40,4b3041,HBSHD,LSZL,LSZA,4660
2026-08-10 14:49:17,4b3043,HBSHF,LSZL,LSZA,4447
2026-08-10 14:36:20,4b3309,RGA06,LSZL,LSPM,609
2026-08-10 14:33:07,4b442e,HBZVI,LSZL,LSML,4035
2026-08-10 14:18:30,4b1bbc,HBKNC,LSZL,LSZL,1919
2026-08-10 13:33:03,4b1bc7,HBKNN,LSZL,LIMZ,9890
2026-08-10 13:29:34,4b1bc2,HBKNI,LSZL,LSZA,1525
2026-08-10 13:12:16,4b1bc5,HBKNL,LSZL,LSZL,6790
2026-08-10 13:11:32,4b1bcc,HBKNS,LSZL,LSZL,3205
2026-08-10 12:41:47,3d291a,DENUW,LSZL,EDME,6882
2026-08-10 12:40:30,4b1bb1,HBKMR,LSZL,LSZL,1093
2026-08-10 12:10:48,4b1bc9,HBKNP,LSZL,LSZL,4261
2026-08-10 12:01:23,4b1fa1,HBLZL,LSZL,LSZA,2873
2026-08-10 11:53:01,4b3042,HBSHE,LSZL,LSZA,2938
2026-08-10 11:50:47,4b3043,HBSHF,LSZL,LSZA,4620
2026-08-10 11:38:44,4b3f28,HBXXW,LSZL,LSZA,7199
2026-08-10 11:29:03,4b442e,HBZVI,LSZL,LSZL,4051
2026-08-10 11:28:14,4b0fa5,HBFYB,LSZL,LSZB,1529
2026-08-10 09:58:27,4b2d1f,HBRCH,LSZL,LSTS,3425
2026-08-10 09:52:02,4b1bbc,HBKNC,LSZL,LSZL,5425
2026-08-10 09:47:01,4b1bc9,HBKNP,LSZL,LSZL,708
2026-08-10 09:18:35,4b1bcc,HBKNS,LSZL,LSZL,2902
2026-08-10 09:14:47,4b288b,HBPJF,LSZL,,1872
2026-08-10 08:57:47,4b1bc5,HBKNL,LSZL,LSZL,12187
2026-08-10 08:50:48,4b1bc2,HBKNI,LSZL,LSPM,8420
2026-08-10 08:18:41,4b1bc5,HBKNL,LSZL,LSZL,700
2026-08-10 08:03:33,4b4322,HBZLA,LSZL,LSMD,2527
2026-08-10 07:47:52,4b4387,HBZOX,LSZL,LSZL,3783
2026-08-10 07:42:33,4b1bc7,HBKNN,LSZL,LSZL,4521
2026-08-10 07:40:40,4b3042,HBSHE,LSZL,LSZA,2808
2026-08-10 07:39:05,4b3043,HBSHF,LSZL,LSZA,2657
2026-08-10 07:36:29,4b1fa1,HBLZL,LSZL,LSZL,5188
2026-08-10 06:48:56,4b1bbc,HBKNC,LSZL,LSZL,7256
2026-08-10 06:45:29,4b1e1d,HBLKN,LSZL,,2326
2026-08-10 05:33:06,4b4387,HBZOX,LSZL,LSPM,1416
2026-08-09 17:21:30,4b1bc5,HBKNL,LSZL,LSZL,1537
2026-08-09 16:30:46,4b1bcc,HBKNS,LSZL,LSZL,1027
2026-08-09 15:56:53,4b1bc5,HBKNL,LSZL,LSZL,2034
2026-08-09 15:44:15,4b1bc9,HBKNP,LSZL,LSZL,3296
2026-08-09 15:25:02,4b1bcc,HBKNS,LSZL,LSZL,1105
2026-08-09 15:00:46,4b3309,RGA06,LSZL,LSZL,629
2026-08-09 14:49:00,4b1bc2,HBKNI,LSZL,LSZL,636
2026-08-09 14:13:48,4b330a,RGA08,LSZL,LSZC,1291
2026-08-09 14:09:17,4b1bbc,HBKNC,LSZL,LSZL,1438
2026-08-09 13:40:10,4b288b,HBPJF,LSZL,LSZL,623
2026-08-09 13:36:13,500028,T7PCS,LSZL,LSPM,726
2026-08-09 13:22:32,4b3042,HBSHE,LSZL,LSZL,3775
2026-08-09 13:20:34,4b3043,HBSHF,LSZL,LSZL,4227
2026-08-09 13:18:52,4b1bbc,HBKNC,LSZL,LSZL,1417
2026-08-09 13:11:40,3d840b,DFWGH,LSZL,EDLD,5355
2026-08-09 12:41:05,4b330a,RGA08,LSZL,LSPM,991
2026-08-09 12:40:30,4b3a22,HBWAK,LSZL,LSZL,1330
2026-08-09 12:25:35,4b1bbc,HBKNC,LSZL,LSZL,1413
2026-08-09 12:21:39,4b1bcc,HBKNS,LSZL,LSZL,5268
2026-08-09 12:20:03,4b1bc2,HBKNI,LSZL,LSZL,3193
2026-08-09 11:50:02,4b3043,HBSHF,LSZL,LSZL,3775
2026-08-09 11:48:00,4b3042,HBSHE,LSZL,LSZL,3549
2026-08-09 11:10:16,3fecf2,DMVVL,LSZL,EDAZ,10200
2026-08-09 10:09:01,4b3042,HBSHE,LSZL,LSZL,3466
2026-08-09 10:07:50,4b3043,HBSHF,LSZL,LSZL,3456
2026-08-09 10:03:12,4b1bc2,HBKNI,LSZL,LSZL,3197
2026-08-09 09:45:38,4b3a22,HBWAK,LSZL,LSZL,1339
2026-08-09 08:59:34,500028,T7PCS,LSZL,LSZL,1421
2026-08-09 08:47:53,4b1bcc,HBKNS,LSZL,LSZL,2296
2026-08-09 08:32:05,4b3a22,HBWAK,LSZL,LSZL,774
2026-08-09 08:07:54,4b288b,HBPJF,LSZL,LSZE,2518
2026-08-09 07:56:45,4b1bc2,HBKNI,LSZL,LSZL,3665
2026-08-09 07:27:42,4b3042,HBSHE,LSZL,LSZL,4416
2026-08-09 07:23:04,4b1bc9,HBKNP,LSZL,LSGL,6428
2026-08-09 07:20:55,4b3043,HBSHF,LSZL,LSZL,4800
2026-08-12 16:44:35,4b1bc5,HBKNL,LSZL,LSZL,2281
2026-08-12 16:09:14,4b3f28,HBXXW,LSZL,LSZL,642
2026-08-12 15:29:33,4b1bc9,HBKNP,LSZL,LSZL,2629
2026-08-12 15:19:30,4b1bbc,HBKNC,LSZL,LSZL,1244
2026-08-12 15:19:20,4b4322,HBZLA,LSZL,LSML,833
2026-08-12 15:17:50,4b3041,HBSHD,LSZL,LSZL,2933
2026-08-12 15:07:30,4b1bc2,HBKNI,LSZL,LSZL,1529
2026-08-12 14:21:51,4b442e,HBZVI,LSZL,LSZL,3597
2026-08-12 14:16:13,4b448d,HBZYZ,LSZL,LSZL,2209
2026-08-12 13:46:30,4b1c99,HBKVP,LSZL,LSPV,3822
2026-08-12 13:41:00,4b1bc5,HBKNL,LSZL,LSZL,5999
2026-08-12 13:39:02,4b1bc9,HBKNP,LSZL,LSZL,3343
2026-08-12 13:00:07,4b3f28,HBXXW,LSZL,LSZL,2591
2026-08-12 12:56:48,4b442e,HBZVI,LSZL,LSZL,2102
2026-08-12 12:44:44,4b3041,HBSHD,LSZL,LSZA,2709
2026-08-12 12:26:24,4b1bc2,HBKNI,LSZL,LSZL,1325
2026-08-12 12:20:03,4b1bc9,HBKNP,LSZL,LSZL,3176
2026-08-12 12:07:45,4b1bbc,HBKNC,LSZL,LSZL,1689
2026-08-12 11:53:04,4b1bc5,HBKNL,LSZL,LSZL,1703
2026-08-12 11:47:04,4b3f28,HBXXW,LSZL,LSPM,1262
2026-08-12 11:32:00,4b0d1e,HBEZE,LSZL,LSZR,4938
2026-08-12 10:57:34,4b1bc2,HBKNI,LSZL,LSML,2515
2026-08-12 09:46:34,3d3d28,DEVKI,LSZL,LFMD,4975
2026-08-12 09:22:41,4b4322,HBZLA,LSZL,LSML,1425
2026-08-12 08:58:35,4b4387,HBZOX,LSZL,LSML,4371
2026-08-12 08:43:22,4b442e,HBZVI,LSZL,LSZL,2060
2026-08-12 08:41:38,4b1bc2,HBKNI,LSZL,LSZL,3104
2026-08-12 08:38:38,4b23ed,HBNPT,LSZL,LSZA,2351
2026-08-12 08:35:06,4b3043,HBSHF,LSZL,LSZL,2661
2026-08-12 07:52:10,4b4322,HBZLA,LSZL,LSPM,1090
2026-08-12 07:51:16,4b1bc5,HBKNL,LSZL,LSZL,3719
2026-08-12 07:40:25,4b3041,HBSHD,LSZL,LSZA,2880
2026-08-12 07:35:13,4b4387,HBZOX,LSZL,LSZA,1022
2026-08-12 07:22:07,4b1bc9,HBKNP,LSZL,LSZE,9676
2026-08-12 07:18:26,4b1bbc,HBKNC,LSZL,LSZL,2865
2026-08-12 07:04:34,500028,T7PCS,LSZL,LSPM,1825
2026-08-12 06:59:38,4b1bc2,HBKNI,LSZL,LSZL,4227
2026-08-12 06:58:12,4b1bcc,HBKNS,LSZL,LIPV,8144
2026-08-12 06:07:11,4b4072,HBYKO,LSZL,LSZG,3334
2026-08-12 05:39:05,4b4387,HBZOX,LSZL,LSZL,2334
2026-08-12 05:34:42,4b3f28,HBXXW,LSZL,LSPM,1252
2026-08-12 05:15:07,4b442e,HBZVI,LSZL,LSZL,9554
2026-08-12 04:07:16,4b3dd7,HBXKX,LSZL,LSML,2110
2026-08-11 17:40:09,4b3309,RGA06,LSZL,LSPM,695
2026-08-11 17:14:01,4b1bbc,HBKNC,LSZL,LSZL,1069
2026-08-11 17:05:17,4b3043,HBSHF,LSZL,LSZL,633
2026-08-11 16:39:21,4b1bc2,HBKNI,LSZL,LSZA,1755
2026-08-11 16:29:10,4b1bc9,HBKNP,LSZL,LSZL,1422
2026-08-11 16:23:00,4b1bcc,HBKNS,LSZL,LSZL,1581
2026-08-11 16:08:00,4b1bbc,HBKNC,LSZL,LSZL,1786
2026-08-11 15:58:53,a91672,N685GT,LSZL,LSZL,2834
2026-08-11 15:29:35,4b1bc2,HBKNI,LSZL,LSZL,1156
2026-08-11 15:22:01,4b1bc9,HBKNP,LSZL,LSZL,1378
2026-08-11 15:19:19,4b1bc5,HBKNL,LSZL,LSZL,2367
2026-08-11 15:17:10,4b1bb1,HBKMR,LSZL,LSZL,1581
2026-08-11 14:51:04,4b4e76,HB2511,LSZL,,1361
2026-08-11 14:35:44,4b1bcc,HBKNS,LSZL,LSZL,3222
2026-08-11 14:26:30,4b1bbc,HBKNC,LSZL,LSZL,4166
2026-08-11 14:21:47,4b44a1,HBZZT,LSZL,LSPM,1712
2026-08-11 13:50:32,4b1bc5,HBKNL,LSZL,LSZL,3697
2026-08-11 13:45:32,4b3043,HBSHF,LSZL,LSZA,2693
2026-08-11 13:40:01,4b3041,HBSHD,LSZL,LSZA,2818
2026-08-11 13:25:00,4b1bcc,HBKNS,LSZL,LSZL,2330
2026-08-11 12:55:30,4b1bc9,HBKNP,LSZL,LSZL,1857
2026-08-11 12:54:30,4b1bc2,HBKNI,LSZL,LSZA,2013
2026-08-11 12:11:41,4b1fa1,HBLZL,LSZL,LSZL,9598
2026-08-11 11:58:33,4b3043,HBSHF,LSZL,LSZA,2811
2026-08-11 11:57:39,4b1bbc,HBKNC,LSZL,LSZL,3089
2026-08-11 11:55:15,4b3041,HBSHD,LSZL,LSZA,2638
2026-08-11 11:50:01,4b1bcc,HBKNS,LSZL,LSZL,2095
2026-08-11 11:19:27,4b7f9c,T323,LSZL,LSZL,751
2026-08-11 09:59:38,4b1bc9,HBKNP,LSZL,LSZL,7919
2026-08-11 09:08:55,4b44a1,HBZZT,LSZL,LSZL,2919
2026-08-11 09:01:11,4b1e1d,HBLKN,LSZL,LSZR,2082
2026-08-11 08:45:09,4b1bc2,HBKNI,LSZL,LSZL,3631
2026-08-11 07:58:36,4b3041,HBSHD,LSZL,LSZA,2708
2026-08-11 07:55:53,4b3043,HBSHF,LSZL,LSZL,5505
2026-08-11 07:49:53,4b1bbc,HBKNC,LSZL,LIPL,3414
2026-08-11 07:49:39,4b1fa1,HBLZL,LSZL,LSZL,4998
2026-08-11 07:41:35,4b4322,HBZLA,LSZL,LSZL,2446
2026-08-11 07:40:45,4b426c,HBZEA,LSZL,LSML,1470
2026-08-11 07:37:39,4b1bcc,HBKNS,LSZL,LSZL,3703
2026-08-11 07:30:38,4b1bb1,HBKMR,LSZL,LILE,2901
2026-08-11 07:11:46,4b1bc5,HBKNL,LSZL,LILR,3964
2026-08-11 05:12:34,4b44a1,HBZZT,LSZL,LSZL,9384
2026-08-11 05:01:48,4b426c,HBZEA,LSZL,LSML,3309
2026-08-14 20:07:00,4b3309,RGA06,LSZL,LSZL,2009
2026-08-14 16:32:34,4b1bc5,HBKNL,LSZL,LSZL,735
2026-08-14 15:57:48,4b4db1,HB2314,LSZL,LSZL,1647
2026-08-14 15:12:28,461fbd,FSF503A,LSZL,,4698
2026-08-14 14:32:13,4b1bc6,HBKNM,LSZL,LIMB,2324
2026-08-14 14:29:20,4b1e1d,HBLKN,LSZL,LSPU,811
2026-08-14 14:25:40,4b1bc5,HBKNL,LSZL,LSZL,3315
2026-08-14 13:50:38,4b4322,HBZLA,LSZL,LSZL,913
2026-08-14 13:23:46,4b3dd7,HBXKX,LSZL,LSZL,980
2026-08-14 13:07:30,4b1bc6,HBKNM,LSZL,LSZL,1147
2026-08-14 13:03:08,4b448d,HBZYZ,LSZL,LSZL,1122
2026-08-14 12:53:33,4b1bcc,HBKNS,LSZL,LSZL,1604
2026-08-14 12:34:12,4b3309,RGA06,LSZL,LSZA,1561
2026-08-14 12:30:52,4b3f28,HBXXW,LSZL,LSZL,959
2026-08-14 12:30:02,4b1bc9,HBKNP,LSZL,LIMB,2424
2026-08-14 12:20:03,4b1bb1,HBKMR,LSZL,LSZL,1007
2026-08-14 12:15:43,4b1bc7,HBKNN,LSZL,LSZA,14598
2026-08-14 12:14:42,4b4322,HBZLA,LSZL,LSZL,1937
2026-08-14 12:13:53,4b1bbc,HBKNC,LSZL,,10952
2026-08-14 12:03:02,4b1ab1,HBKCV,LSZL,LSZK,2849
2026-08-14 11:59:10,3e1f3b,DIDAH,LSZL,EDTD,1817
2026-08-14 11:55:06,abbe20,N856FA,LSZL,LSMD,3383
2026-08-14 11:40:40,4b0f8e,HBFXE,LSZL,LFTZ,3789
2026-08-14 11:14:34,4b1b8a,HBKLE,LSZL,LSZG,3698
2026-08-14 09:47:16,4b1bc6,HBKNM,LSZL,LSZL,6730
2026-08-14 09:11:56,4b0acb,HBECH,LSZL,LSMF,3870
2026-08-14 08:19:38,4b0f49,HBFUN,LSZL,EDNY,1881
2026-08-14 07:56:43,4b1e1d,HBLKN,LSZL,LSZL,2682
2026-08-14 07:53:42,4b1bc2,HBKNI,LSZL,LIPV,7033
2026-08-14 07:19:46,4b1bbc,HBKNC,LSZL,LSZL,4254
2026-08-14 07:18:42,4b1bcc,HBKNS,LSZL,LSML,1123
2026-08-14 07:17:28,4b1bb1,HBKMR,LSZL,LSZA,1530
2026-08-14 07:13:59,4b1bc9,HBKNP,LSZL,LSZR,4170
2026-08-14 07:07:55,500028,T7PCS,LSZL,LSZL,881
2026-08-14 07:04:38,4b448d,HBZYZ,LSZL,LSPM,1101
2026-08-14 06:54:48,4b4322,HBZLA,LSZL,LSPM,1894
2026-08-14 05:34:40,4b426c,HBZEA,LSZL,LSPM,3375
2026-08-13 16:49:13,4b1bcc,HBKNS,LSZL,LSZL,1730
2026-08-13 16:09:37,4b1bbc,HBKNC,LSZL,LSZL,1058
2026-08-13 16:07:31,4b1bc9,HBKNP,LSZL,LSZL,1468
2026-08-13 15:54:39,4b28a6,HBPKG,LSZL,LSPL,3369
2026-08-13 15:46:05,4b3042,HBSHE,LSZL,LSZL,999
2026-08-13 15:26:03,4b1bcc,HBKNS,LSZL,LSZL,1706
2026-08-13 14:46:48,4b3043,HBSHF,LSZL,LSZL,1242
2026-08-13 14:41:07,4b3042,HBSHE,LSZL,LSZL,1155
2026-08-13 14:26:54,4b442e,HBZVI,LSZL,LSZL,737
2026-08-13 13:51:39,4b44a1,HBZZT,LSZL,LSML,8713
2026-08-13 13:45:11,3d124d,DEFEJ,LSZL,EDME,6415
2026-08-13 12:54:14,4b1bc2,HBKNI,LSZL,LSZL,8522
2026-08-13 12:36:51,4b3273,HBTCT,LSZL,LSMM,3488
2026-08-13 12:32:07,4b1bc9,HBKNP,LSZL,LSZL,3648
2026-08-13 12:29:40,4b3043,HBSHF,LSZL,LSZA,3186
2026-08-13 12:16:03,4b40f1,HBYPL,LSZL,LSPL,2936
2026-08-13 12:12:31,4b3041,HBSHD,LSZL,LSZA,2662
2026-08-13 11:55:09,4b448d,HBZYZ,LSZL,LSZL,3558
2026-08-13 11:45:53,502cbc,YLMFG,LSZL,LSZN,2363
2026-08-13 11:42:52,4b1b86,HBKLA,LSZL,LSZT,3631
2026-08-13 11:40:04,4b07fd,HBDAR,LSZL,LSZR,2663
2026-08-13 10:21:08,4b1bc9,HBKNP,LSZL,LSZL,5755
2026-08-13 09:52:22,4b1bc2,HBKNI,LSZL,LSZL,5047
2026-08-13 09:22:36,4b3309,RGA06,LSZL,LSPM,953
2026-08-13 08:56:54,4b1bc7,HBKNN,LSZL,LSPM,3383
2026-08-13 08:51:20,4b07fd,HBDAR,LSZL,LSPM,1253
2026-08-13 08:48:49,4b1e1d,HBLKN,LSZL,LSZR,2169
2026-08-13 08:40:44,4b3dd7,HBXKX,LSZL,LSZL,1275
2026-08-13 08:24:15,4b1bc9,HBKNP,LSZL,LSZL,3851
2026-08-13 07:56:08,a31cde,N3YZ,LSZL,LSZP,2288
2026-08-13 07:48:22,4b1bc5,HBKNL,LSZL,LIPV,8016
2026-08-13 07:43:32,4b44a1,HBZZT,LSZL,LSZL,4354
2026-08-13 07:42:04,4b3043,HBSHF,LSZL,LSZA,2512
2026-08-13 07:40:16,4b3041,HBSHD,LSZL,LSZA,2591
2026-08-13 07:39:16,4b1bc2,HBKNI,LSZL,LSZA,1295
2026-08-13 07:34:00,4b448d,HBZYZ,LSZL,LSZL,3058
2026-08-13 07:21:54,4b1bc9,HBKNP,LSZL,LSZL,1563
2026-08-13 06:28:40,4b1bcc,HBKNS,LSZL,LSZL,1630
2026-08-13 06:00:22,4b3dd7,HBXKX,LSZL,LSZA,4204
2026-08-16 14:40:38,4b1bb1,HBKMR,LSZL,LSZL,720
2026-08-16 13:48:31,4b1bc9,HBKNP,LSZL,LSZL,6974
2026-08-16 12:14:01,4b1bbc,HBKNC,LSZL,LSZL,1180
2026-08-16 11:48:21,4b1bbc,HBKNC,LSZL,LSZL,727
2026-08-16 11:42:11,4b1bc2,HBKNI,LSZL,LIPV,7344
2026-08-16 11:35:17,4b4437,HBZVR,LSZL,LSZL,1193
2026-08-16 10:43:51,4b1e1d,HBLKN,LSZL,LSTA,786
2026-08-16 10:37:33,4b3a22,HBWAK,LSZL,LSZL,955
2026-08-16 10:27:41,4b2923,HBPPB,LSZL,LSZM,3769
2026-08-16 10:14:00,4b1bc9,HBKNP,LSZL,LIME,3265
2026-08-16 09:39:05,4b1bc7,HBKNN,LSZL,LSZL,3212
2026-08-16 09:29:27,4b1bcc,HBKNS,LSZL,LSZL,1302
2026-08-16 08:23:46,4b1b13,HBKGP,LSZL,LSZB,4327
2026-08-16 07:38:25,4b1bc6,HBKNM,LSZL,LIPV,7256
2026-08-16 07:36:10,4b1bb1,HBKMR,LSZL,LIPU,7186
2026-08-16 07:21:43,4b1bc9,HBKNP,LSZL,LSZL,4737
2026-08-16 07:19:21,4b1bc7,HBKNN,LSZL,LSTA,1865
2026-08-16 07:15:59,4b1bc2,HBKNI,LSZL,LSTA,2137
2026-08-16 06:46:47,4b3309,RGA06,LSZL,LSPM,1061
2026-08-15 17:25:12,4b1bbf,HBKNF,LSZL,LSZL,1704
2026-08-15 16:16:17,4b1bb1,HBKMR,LSZL,LSZL,1768
2026-08-15 15:59:02,4b4db1,HB2314,LSZL,LSZL,1523
2026-08-15 15:58:30,4b1bbf,HBKNF,LSZL,LSZL,1106
2026-08-15 15:15:30,4b1bc9,HBKNP,LSZL,LSZL,1697
2026-08-15 14:41:52,4b1bc2,HBKNI,LSZL,LSZL,1625
2026-08-15 14:39:39,4b1bb1,HBKMR,LSZL,LSZL,1699
2026-08-15 14:22:31,4b1bcc,HBKNS,LSZL,LSZL,2129
2026-08-15 14:20:49,4b1bbf,HBKNF,LSZL,LSZL,1679
2026-08-15 13:51:00,4b1bc2,HBKNI,LSZL,LSZL,1157
2026-08-15 13:02:39,a91672,N685GT,LSZL,EGKB,12234
2026-08-15 12:43:31,4b1bb1,HBKMR,LSZL,LSZL,1135
2026-08-15 12:12:07,4b1bb1,HBKMR,LSZL,LSZL,1124
2026-08-15 12:09:46,4b1bbf,HBKNF,LSZL,LSZL,2187
2026-08-15 12:03:48,4b3309,RGA06,LSZL,LSZA,916
2026-08-15 11:57:03,500028,T7PCS,LSZL,LSZL,1408
2026-08-15 11:47:20,4b1bcc,HBKNS,LSZL,LSZL,2349
2026-08-15 11:16:00,4b3a22,HBWAK,LSZL,LSZL,1217
2026-08-15 11:10:37,486782,PHSMD,LSZL,LSZE,2308
2026-08-15 10:46:55,4b1e1d,HBLKN,LSZL,LILO,812
2026-08-15 10:10:18,4b1bbf,HBKNF,LSZL,LSZL,2793
2026-08-15 09:31:30,4b1bc2,HBKNI,LSZL,LSZL,1197
2026-08-15 08:59:00,4b06f4,HBCQM,LSZL,LSZN,3595
2026-08-15 08:51:11,4b377f,HBVAL,LSZL,LSZC,1292
2026-08-15 08:49:16,4b07fd,HBDAR,LSZL,LSZR,2968
2026-08-15 08:39:41,4b1bc2,HBKNI,LSZL,LSZL,1998
2026-08-15 08:37:36,4b1bc6,HBKNM,LSZL,LSZL,11560
2026-08-15 07:59:03,4b1bc9,HBKNP,LSZL,LIPV,8401
2026-08-15 07:58:05,4b1bc5,HBKNL,LSZL,,5124
2026-08-15 07:57:33,4b1bc7,HBKNN,LSZL,LILE,6126
2026-08-15 07:55:24,4b1bcc,HBKNS,LSZL,LSZL,2643
2026-08-15 07:46:37,4b1bbf,HBKNF,LSZL,LSZA,1459
2026-08-15 07:25:54,38c59b,FPTUN,LSZL,LSZL,5163
2026-08-15 07:20:04,4b1bbc,HBKNC,LSZL,LIMG,4844
2026-08-15 06:44:19,4b441a,HBZUO,LSZL,,1802
2026-08-18 17:21:00,4b1bbc,HBKNC,LSZL,LSZL,1623
2026-08-18 17:12:18,4b1bcc,HBKNS,LSZL,LSZL,1072
2026-08-18 17:09:23,4b1bbe,HBKNE,LSZL,LSZL,798
2026-08-18 16:39:00,4b1bcc,HBKNS,LSZL,LSZL,1109
2026-08-18 15:59:30,4b1bbc,HBKNC,LSZL,LSZL,1018
2026-08-18 15:57:15,4b1bbf,HBKNF,LSZL,LSZA,764
2026-08-18 15:56:16,4b1bbe,HBKNE,LSZL,LSZL,1623
2026-08-18 15:47:41,4b3041,HBSHD,LSZL,LSZA,3956
2026-08-18 15:30:19,4b1bb1,HBKMR,LSZL,LSZL,1143
2026-08-18 15:11:37,4b1bbc,HBKNC,LSZL,LSZL,1055
2026-08-18 14:57:43,4b443d,HBZVX,LSZL,LSZL,1340
2026-08-18 14:52:09,4b1bcc,HBKNS,LSZL,LSZL,2887
2026-08-18 14:32:02,4b23e1,HBNPH,LSZL,LSZA,2551
2026-08-18 14:18:15,4b1bbf,HBKNF,LSZL,LSZL,3179
2026-08-18 14:14:03,4b40fe,HBYPY,LSZL,LSML,2538
2026-08-18 14:12:30,4b1bbe,HBKNE,LSZL,LSZL,2563
2026-08-18 14:09:00,4b1bc9,HBKNP,LSZL,LSZL,1748
2026-08-18 14:07:00,4b1bc6,HBKNM,LSZL,LSZL,1488
2026-08-18 13:07:47,4b1f9d,HBLZH,LSZL,LSZB,2944
2026-08-18 12:57:42,4b1bc6,HBKNM,LSZL,LSZL,1367
2026-08-18 12:54:13,4b1bc9,HBKNP,LSZL,LSZL,1867
2026-08-18 12:40:57,4b3041,HBSHD,LSZL,LIME,4195
2026-08-18 12:36:50,4b3043,HBSHF,LSZL,LIME,3985
2026-08-18 12:34:06,4b1bbe,HBKNE,LSZL,LSZL,2062
2026-08-18 12:20:38,4b0f0a,PCH60N,LSZL,LSZC,2048
2026-08-18 12:08:01,4b1bb1,HBKMR,LSZL,LSZL,3315
2026-08-18 11:51:36,4b1bcc,HBKNS,LSZL,LSML,1512
2026-08-18 11:45:42,4b1bc6,HBKNM,LSZL,LSZL,1537
2026-08-18 11:41:39,4b1bc9,HBKNP,LSZL,LSZL,1954
2026-08-18 09:59:54,4b1bbc,HBKNC,LSZL,LSZL,5434
2026-08-18 09:56:15,4b1bbe,HBKNE,LSZL,LSZL,7364
2026-08-18 09:10:34,4b3dd7,HBXKX,LSZL,LSZL,1525
2026-08-18 08:51:56,500028,T7PCS,LSZL,LSZL,1568
2026-08-18 08:27:00,4b2960,HBPRK,LSZL,LIMG,8241
2026-08-18 08:14:01,4b0f8e,HBFXE,LSZL,LDPM,3208
2026-08-18 08:05:36,4b1bbe,HBKNE,LSZL,LSZL,2210
2026-08-18 07:42:14,3ff89b,DMVLQ,LSZL,EDML,5012
2026-08-18 07:39:43,4b3043,HBSHF,LSZL,LIPL,4593
2026-08-18 07:27:20,4b1bb1,HBKMR,LSZL,LSZL,3538
2026-08-18 07:25:25,4b1bcc,HBKNS,LSZL,LSZL,2606
2026-08-18 06:59:45,4b1bbc,HBKNC,LSZL,LSZL,3432
2026-08-18 06:54:44,4b1bbe,HBKNE,LSZL,LSZL,1924
2026-08-18 06:06:33,4b4455,HBZWV,LSZL,LIMB,921
2026-08-18 05:41:06,4b44a1,HBZZT,LSZL,LSZA,5171
2026-08-18 05:32:54,4b443d,HBZVX,LSZL,LSPM,3046
2026-08-17 16:13:13,4b443d,HBZVX,LSZL,LSZL,6072
2026-08-17 16:04:08,4b1bc5,HBKNL,LSZL,LSZL,1687
2026-08-17 15:25:25,4b4437,HBZVR,LSZL,LSZL,11371
2026-08-17 15:14:17,4b1bb1,HBKMR,LSZL,LSZL,1516
2026-08-17 13:57:07,4b442e,HBZVI,LSZL,LSML,5801
2026-08-17 13:31:50,4b1fa1,HBLZL,LSZL,LSZL,1708
2026-08-17 12:37:49,4b4322,HBZLA,LSZL,LSZL,2598
2026-08-17 12:20:03,500028,T7PCS,LSZL,LSZL,1265
2026-08-17 11:50:15,4b1c24,HBKRC,LSZL,,3922
2026-08-17 11:09:00,4b3f28,HBXXW,LSZL,LSZA,2146
2026-08-17 09:37:00,4b1bbe,HBKNE,LSZL,LSZL,1437
2026-08-17 09:36:34,4b4437,HBZVR,LSZL,LSZL,14665
2026-08-17 09:13:11,4b1bb1,HBKMR,LSZL,LIME,3120
2026-08-17 08:58:15,4b1bbc,HBKNC,LSZL,LSZL,2646
2026-08-17 08:54:15,4b426c,HBZEA,LSZL,LSZL,756
2026-08-17 08:07:14,4b4322,HBZLA,LSZL,LSZL,1275
2026-08-17 07:46:23,4b442e,HBZVI,LSZL,LSPM,2441
2026-08-17 07:17:35,4b44a1,HBZZT,LSZL,LSZL,608
2026-08-17 06:50:46,4b443d,HBZVX,LSZL,LSZL,3297
2026-08-17 06:42:53,4b448d,HBZYZ,LSZL,LSZL,3306
2026-08-17 06:30:05,4b3f28,HBXXW,LSZL,LSZL,10554
2026-08-17 05:39:35,4b443d,HBZVX,LSZL,LSZL,3492
2026-08-17 05:20:46,4b442e,HBZVI,LSZL,LSPM,1363
2026-08-17 04:02:48,4b426c,HBZEA,LSZL,LSZL,8140
2026-08-20 12:53:51,4b7f9c,T323,LSZL,LSZL,3057
2026-08-20 06:10:12,4b3dd7,HBXKX,LSZL,LSPM,1787
2026-08-19 17:29:49,4b1bbe,HBKNE,LSZL,LSZL,679
2026-08-19 17:24:34,4b1bbf,HBKNF,LSZL,LSZL,726
2026-08-19 17:23:31,4b1bc5,HBKNL,LSZL,LSZL,1561
2026-08-19 17:00:06,4b1bbf,HBKNF,LSZL,LSZL,743
2026-08-19 16:53:21,4b1bc7,HBKNN,LSZL,LSZL,955
2026-08-19 16:49:02,4b1bbe,HBKNE,LSZL,LSZL,1188
2026-08-19 16:39:39,4b1bc5,HBKNL,LSZL,LSZL,1991
2026-08-19 16:18:31,4b1bbc,HBKNC,LSZL,LSZL,2202
2026-08-19 15:48:02,4b1bbe,HBKNE,LSZL,LSZL,1552
2026-08-19 15:32:20,3d27d2,DENIG,LSZL,EDNY,3501
2026-08-19 15:15:40,4b1bc2,HBKNI,LSZL,LSZL,2004
2026-08-19 15:13:54,4b1bbc,HBKNC,LSZL,LSZL,1981
2026-08-19 14:50:32,4b4437,HBZVR,LSZL,LSML,1165
2026-08-19 14:48:32,4b448d,HBZYZ,LSZL,LSZL,1502
2026-08-19 14:42:11,ab8901,N842TS,LSZL,LSZR,2429
2026-08-19 14:34:29,4b1bbe,HBKNE,LSZL,LSZL,1464
2026-08-19 14:26:13,4b1bcc,HBKNS,LSZL,LIPK,8188
2026-08-19 14:25:00,4b1bc6,HBKNM,LSZL,LSZL,2332
2026-08-19 14:21:52,4b1baf,HBKMP,LSZL,LSZB,4482
2026-08-19 14:15:38,4b1bc5,HBKNL,LSZL,LSZL,2414
2026-08-19 14:01:51,4b3043,HBSHF,LSZL,LSZL,6568
2026-08-19 13:48:15,4b426c,HBZEA,LSZL,LSZL,929
2026-08-19 13:15:10,4b1bb1,HBKMR,LSZL,LSZL,4489
2026-08-19 13:13:55,4b7f9c,T323,LSZL,LSZL,2666
2026-08-19 13:08:51,4b1bc6,HBKNM,LSZL,LSZL,2408
2026-08-19 13:05:06,4b1bc5,HBKNL,LSZL,LSZL,2460
2026-08-19 13:04:45,4b1f2f,HBLVB,LSZL,LSZB,2987
2026-08-19 12:24:49,4b1b8a,HBKLE,LSZL,LSZG,4865
2026-08-19 12:17:03,4b1bbc,HBKNC,LSZL,LSZL,5509
2026-08-19 12:13:22,4b0618,HBCIA,LSZL,LSPL,3884
2026-08-19 12:04:39,4b1bc7,HBKNN,LSZL,,1631
2026-08-19 11:58:35,4b1bbf,HBKNF,LSZL,LSZL,3983
2026-08-19 11:51:34,4b1bc6,HBKNM,LSZL,LSZL,2443
2026-08-19 11:50:07,4b1f9d,HBLZH,LSZL,LSZB,2057
2026-08-19 11:48:37,4b1bc5,HBKNL,LSZL,LSZL,3078
2026-08-19 11:47:38,4b3273,HBTCT,LSZL,LSME,4760
2026-08-19 11:43:45,4b1bb1,HBKMR,LSZL,LSZL,3222
2026-08-19 10:48:02,4b1bc7,HBKNN,LSZL,LSZL,2331
2026-08-19 10:42:05,4b7f9c,T323,LSZL,LSZL,6673
2026-08-19 10:29:23,4b4089,HBYLL,LSZL,LSZF,3435
2026-08-19 10:20:50,4b1bcc,HBKNS,LSZL,LSZL,4899
2026-08-19 09:55:18,4b1bc9,HBKNP,LSZL,LSZL,4165
2026-08-19 09:54:16,4b1bbc,HBKNC,LSZL,LSZL,4293
2026-08-19 09:52:36,4b1bb1,HBKMR,LSZL,LSZL,1936
2026-08-19 09:50:41,4b2d1f,HBRCH,LSZL,LSTS,3401
2026-08-19 09:33:06,4b1bc7,HBKNN,LSZL,LSML,1850
2026-08-19 09:30:30,4b4322,HBZLA,LSZL,,823
2026-08-19 09:09:14,4b1bc5,HBKNL,LSZL,LSZL,1783
2026-08-19 09:04:49,4b0f49,HBFUN,LSZL,LFTZ,3699
2026-08-19 09:01:15,4b3dd7,HBXKX,LSZL,LSZL,842
2026-08-19 09:00:15,4b7f67,V618,LSZL,LSZC,1232
2026-08-19 08:59:08,4b3021,HBSFX,LSZL,LSZN,3368
2026-08-19 08:58:52,4b7f61,V632,LSZL,LSME,2423
2026-08-19 08:56:13,4b1f2f,HBLVB,LSZL,LSML,1063
2026-08-19 08:49:21,4b1bc6,HBKNM,LSZL,LSZL,2046
2026-08-19 08:29:45,4b7f9c,T323,LSZL,LSZL,1843
2026-08-19 08:23:03,500028,T7PCS,LSZL,LSZL,1236
2026-08-19 08:16:59,4b4db1,HB2314,LSZL,LSZL,4933
2026-08-19 08:09:11,4b4322,HBZLA,LSZL,LSZL,2377
2026-08-19 07:57:46,4b3dd7,HBXKX,LSZL,LSZL,2531
2026-08-19 07:53:48,4b1bb1,HBKMR,LSZL,LSZL,2096
2026-08-19 07:51:52,4b1bbc,HBKNC,LSZL,LSML,2556
2026-08-19 07:44:43,4b1bc5,HBKNL,LSZL,LSZL,1832
2026-08-19 07:43:47,4b1bc6,HBKNM,LSZL,LSZL,1862
2026-08-19 07:32:59,4b4322,HBZLA,LSZL,LSZL,779
2026-08-19 07:24:18,4b1bbf,HBKNF,LSZL,LSZL,4237
2026-08-19 07:23:19,4b3043,HBSHF,LSZL,LIPK,7446
2026-08-19 07:19:49,4b3041,HBSHD,LSZL,LIPK,7419
2026-08-19 07:18:46,4b1bc9,HBKNP,LSZL,LSZL,3513
2026-08-19 07:06:39,4b7f62,V631,LSZL,LSZC,1209
2026-08-19 06:57:39,4b7f68,V617,LSZL,LSME,8095
2026-08-19 06:38:11,4b1bc5,HBKNL,LSZL,LSZL,1900
2026-08-19 06:36:41,4b1bc6,HBKNM,LSZL,LSZL,1886
2026-08-19 06:30:41,4b3dd7,HBXKX,LSZL,LSZL,1306
2026-08-19 06:05:27,4b3dd7,HBXKX,LSZL,LSZL,854
2026-08-22 16:03:45,4b1bb1,HBKMR,LSZL,LSZL,1684
2026-08-22 15:58:13,4b1bc6,HBKNM,LSZL,LSZL,865
2026-08-22 15:45:51,4b1bbf,HBKNF,LSZL,LSZL,1679
2026-08-22 15:31:51,3d3618,DESSU,LSZL,EDNY,3284
2026-08-22 15:27:16,4b1bbc,HBKNC,LSZL,LSZL,3090
2026-08-22 14:59:47,4b3309,RGA06,LSZL,LSZA,841
2026-08-22 14:52:07,4b4db1,HB2314,LSZL,LSZL,1223
2026-08-22 14:48:48,4b3a22,HBWAK,LSZL,LSZL,1138
2026-08-22 14:42:23,4b5169,HB3266,LSZL,LSZL,1263
2026-08-22 14:31:34,4b1bc2,HBKNI,LSZL,LIME,3136
2026-08-22 14:30:15,4b1bbe,HBKNE,LSZL,LIME,3044
2026-08-22 14:21:35,4b1bc6,HBKNM,LSZL,LSZL,1673
2026-08-22 14:18:35,4b4121,HBYRH,LSZL,LSZK,3785
2026-08-22 14:16:32,4b5169,HB3266,LSZL,LSZL,746
2026-08-22 14:13:01,4b1bc5,HBKNL,LSZL,LSZL,1938
2026-08-22 14:01:36,4b1bbf,HBKNF,LSZL,LSZL,4514
2026-08-22 13:47:32,4b4db1,HB2314,LSZL,LSZL,1797
2026-08-22 13:41:00,4b3a22,HBWAK,LSZL,LSZL,2665
2026-08-22 13:40:01,4b5169,HB3266,LSZL,LSZL,1467
2026-08-22 13:36:00,4b1bb6,HBKMW,LSZL,LSZA,615
2026-08-22 13:27:31,4b303e,HBSHA,LSZL,LSZR,4080
2026-08-22 13:16:33,4b44a1,HBZZT,LSZL,LSZL,793
2026-08-22 13:08:00,4b1bc6,HBKNM,LSZL,LSZL,2008
2026-08-22 13:06:25,4b1bc5,HBKNL,LSZL,LSZL,1790
2026-08-22 12:58:17,4b4db1,HB2314,LSZL,LSZL,1632
2026-08-22 12:38:47,4b1bbe,HBKNE,LSZL,LSZL,1059
2026-08-22 12:38:41,4b436d,HBZNX,LSZL,LSZU,2953
2026-08-22 12:29:30,4b3a22,HBWAK,LSZL,LSZL,999
2026-08-22 12:22:13,4b303e,HBSHA,LSZL,LSZL,1395
2026-08-22 12:03:11,4b1bc6,HBKNM,LSZL,LSZL,1615
2026-08-22 12:00:41,4b3a22,HBWAK,LSZL,LSZL,1024
2026-08-22 12:00:18,4b5169,HB3266,LSZL,LSZL,3245
2026-08-22 11:59:18,4b1bc5,HBKNL,LSZL,LSZL,1900
2026-08-22 11:28:29,4b3a22,HBWAK,LSZL,LSZL,920
2026-08-22 10:40:37,4b1bb1,HBKMR,LSZL,LSZL,3702
2026-08-22 10:07:00,4b3049,HBSHL,LSZL,LSZB,3379
2026-08-22 09:55:01,4b1bc6,HBKNM,LSZL,LSZL,2619
2026-08-22 09:48:17,4b1bc5,HBKNL,LSZL,LSZL,2238
2026-08-22 09:25:39,4b1bc9,HBKNP,LSZL,LIPV,7420
2026-08-22 09:12:39,4b426c,HBZEA,LSZL,LSZL,1364
2026-08-22 09:00:36,4b1bb1,HBKMR,LSZL,LSZL,2346
2026-08-22 08:46:25,4b0f49,HBFUN,LSZL,LIMB,717
2026-08-22 08:37:20,4b1bbf,HBKNF,LSZL,LSZL,2072
2026-08-22 08:29:31,4b1bc5,HBKNL,LSZL,LSZL,2383
2026-08-22 08:27:42,4b44a1,HBZZT,LSZL,LSML,1416
2026-08-22 08:24:20,4b1bc6,HBKNM,LSZL,LSZL,2961
2026-08-22 08:19:29,38c59b,FPTUN,LSZL,LFLI,3643
2026-08-22 08:18:20,4b40fe,HBYPY,LSZL,LSZP,2346
2026-08-22 08:13:56,4b3dd7,HBXKX,LSZL,LSZL,3283
2026-08-22 08:06:54,4b442e,HBZVI,LSZL,LSPM,3678
2026-08-22 07:28:05,4b44a1,HBZZT,LSZL,LSZL,1040
2026-08-22 07:21:35,4b1bbc,HBKNC,LSZL,LIPV,12444
2026-08-22 07:07:41,4b1bc5,HBKNL,LSZL,LSZL,2767
2026-08-22 07:06:13,4b1bc6,HBKNM,LSZL,LSZL,2289
2026-08-22 06:19:59,500028,T7PCS,LSZL,LSTS,1886
2026-08-22 05:48:48,4b426c,HBZEA,LSZL,LSPM,1511
2026-08-21 15:18:57,4b448d,HBZYZ,LSZL,LSZL,1120
2026-08-21 15:00:48,4b426c,HBZEA,LSZL,LSZL,985
2026-08-21 06:44:05,4b426c,HBZEA,LSZL,LSZL,673
2026-08-21 06:31:10,4b7f9c,T323,LSZL,LSZL,2650
2026-08-21 05:46:48,4b426c,HBZEA,LSZL,LSZL,1834
2026-08-21 05:26:11,4b44a1,HBZZT,LSZL,LSML,2618
2026-08-24 15:34:01,4b1bbe,HBKNE,LSZL,LSZL,1144
2026-08-24 15:17:30,4b448d,HBZYZ,LSZL,LSZL,1884
2026-08-24 14:59:17,4b1bc9,HBKNP,LSZL,LSZL,1657
2026-08-24 14:44:12,4b442e,HBZVI,LSZL,LSML,1710
2026-08-24 14:39:14,4b1bbf,HBKNF,LSZL,LSZL,1089
2026-08-24 14:15:23,4b1bbf,HBKNF,LSZL,LSZL,720
2026-08-24 14:04:06,4b1bbe,HBKNE,LSZL,LSZL,5395
2026-08-24 14:02:44,4b4422,HBZUW,LSZL,LSZL,4966
2026-08-24 13:56:40,4b1bb1,HBKMR,LSZL,LIME,5302
2026-08-24 13:36:08,4b1bc9,HBKNP,LSZL,LSZL,2494
2026-08-24 13:16:01,4b4072,HBYKO,LSZL,LSZE,3001
2026-08-24 13:09:45,4b1bbc,HBKNC,LSZL,LIMJ,4141
2026-08-24 12:54:38,4b442e,HBZVI,LSZL,LSZL,1488
2026-08-24 12:53:38,4b426c,HBZEA,LSZL,LSPM,8051
2026-08-24 12:49:01,a1e06c,N22UB,LSZL,EGBJ,6378
2026-08-24 12:42:46,4b1bbe,HBKNE,LSZL,LSZL,1649
2026-08-24 12:34:11,4b448d,HBZYZ,LSZL,LSZL,9799
2026-08-24 12:32:39,4b1bbf,HBKNF,LSZL,LSZL,3396
2026-08-24 12:27:46,4b1bc9,HBKNP,LSZL,LSZL,1842
2026-08-24 12:24:12,4b3041,HBSHD,LSZL,LIMG,5617
2026-08-24 12:19:36,4b3042,HBSHE,LSZL,LSZL,11364
2026-08-24 12:14:49,4b3043,HBSHF,LSZL,LSZL,11849
2026-08-24 11:59:36,4b1fa1,HBLZL,LSZL,LSZL,6472
2026-08-24 11:54:06,4b0c1d,HBEPH,LSZL,LSPU,1522
2026-08-24 11:49:30,4b1bc6,HBKNM,LSZL,LSZL,2624
2026-08-24 11:44:35,4b1bc5,HBKNL,LSZL,LSZL,2461
2026-08-24 11:09:34,4b1bc9,HBKNP,LSZL,LSZL,1014
2026-08-24 10:06:23,4b1bb1,,LSZL,LSPM,1485
2026-08-24 09:48:49,4b1bbc,HBKNC,LSZL,LSZL,7390
2026-08-24 09:33:15,4b1bbf,HBKNF,LSZL,LIME,2829
2026-08-24 09:30:45,4b1bbe,HBKNE,LSZL,LSZL,8540
2026-08-24 09:29:00,4b426c,HBZEA,LSZL,LSZL,887
2026-08-24 09:24:42,4b1bc9,HBKNP,LSZL,LSZL,1756
2026-08-24 08:48:36,4b4455,HBZWV,LSZL,LSGP,2960
2026-08-24 08:45:43,4b1bb1,HBKMR,LSZL,LSZL,1378
2026-08-24 08:35:03,4b07fe,HBDAS,LSZL,LSMF,1345
2026-08-24 08:23:00,4b07fd,HBDAR,LSZL,LSZR,2984
2026-08-24 08:19:35,4b1bc6,HBKNM,LSZL,LSZL,2261
2026-08-24 08:16:11,4b1bc5,HBKNL,LSZL,LSZL,2388
2026-08-24 08:01:25,4b44a1,HBZZT,LSZL,LSZA,913
2026-08-24 07:45:35,4b1bbe,HBKNE,LSZL,,1973
2026-08-24 07:44:22,4b1bbc,HBKNC,LSZL,LSZL,6577
2026-08-24 07:42:46,4b1bb1,HBKMR,LSZL,LSZL,1268
2026-08-24 06:57:38,4b1fa1,HBLZL,LSZL,LIMZ,2976
2026-08-24 06:49:10,4b4db1,HB2314,LSZL,LSGE,3375
2026-08-24 06:43:20,4b442e,HBZVI,LSZL,LSPU,1039
2026-08-24 06:43:06,4b1bc5,HBKNL,LSZL,LSZL,3376
2026-08-24 06:42:06,4b1bc6,HBKNM,LSZL,LSZL,3220
2026-08-24 06:35:29,a2721c,N257GG,LSZL,LSZA,638
2026-08-24 06:16:25,a79c67,N59PV,LSZL,LFLI,2399
2026-08-24 06:05:38,4b3dd7,HBXKX,LSZL,LSZL,3345
2026-08-24 06:01:19,4b426c,HBZEA,LSZL,LSZL,3414
2026-08-24 05:24:12,4b442e,HBZVI,LSZL,LSPM,984
2026-08-23 18:29:23,4b3309,RGA06,LSZL,LILG,1004
2026-08-23 17:15:18,4b1bc9,HBKNP,LSZL,LSZL,857
2026-08-23 17:06:19,4b3eb9,HBXTP,LSZL,LSPV,2646
2026-08-23 14:16:48,4b0b94,HBEKA,LSZL,LSZF,3719
2026-08-23 12:03:13,4b2811,HBPEN,LSZL,LSZB,2749
2026-08-23 12:00:13,4b1bbe,HBKNE,LSZL,LSZB,7305
2026-08-23 11:56:32,4b1bc2,HBKNI,LSZL,LIMZ,4370
2026-08-23 10:23:23,4b1bbe,HBKNE,LSZL,LSPM,1033
2026-08-23 10:13:39,4b3309,RGA06,LSZL,LSPM,903
2026-08-23 08:37:26,500227,T736A,LSZL,LSGR,1623
2026-08-23 08:00:57,4b1bbf,HBKNF,LSZL,LSZL,989
2026-08-23 07:57:21,4b1bbe,HBKNE,LSZL,LSZL,6271
2026-08-26 15:51:00,4b1bb1,HBKMR,LSZL,LSZA,1343
2026-08-26 14:52:35,4b1fa1,HBLZL,LSZL,LSZA,6821
2026-08-26 14:14:00,4b426c,HBZEA,LSZL,LSZL,2700
2026-08-26 13:56:52,4b3043,HBSHF,LSZL,LSZL,5881
2026-08-26 13:54:16,4b1bb1,HBKMR,LSZL,LSZA,1260
2026-08-26 13:07:16,4b1bc6,HBKNM,LSZL,LSZA,1920
2026-08-26 12:57:03,4b1bc5,HBKNL,LSZL,LSZA,2091
2026-08-26 12:23:45,4b442e,HBZVI,LSZL,LSPM,1534
2026-08-26 12:07:30,4b1fa1,HBLZL,LSZL,LSZL,5458
2026-08-26 12:02:42,4b1bbc,HBKNC,LSZL,LSZL,1948
2026-08-26 10:09:49,4b4322,HBZLA,LSZL,LSZL,1022
2026-08-26 10:04:00,4b1bbc,HBKNC,LSZL,LSZL,1445
2026-08-26 09:23:02,4b1bc6,HBKNM,LSZL,LSZA,1766
2026-08-26 09:13:30,4b1bc5,HBKNL,LSZL,LSZA,1919
2026-08-26 09:02:47,4b3043,HBSHF,LSZL,LIPO,2933
2026-08-26 08:57:22,4b3042,HBSHE,LSZL,LIPB,3486
2026-08-26 08:49:13,4b1bbc,HBKNC,LSZL,LSZL,796
2026-08-26 08:41:15,4b448d,HBZYZ,LSZL,LSTA,1274
2026-08-26 07:37:34,4b4db1,HB2314,LSZL,LSZL,2590
2026-08-26 07:32:18,4b3041,HBSHD,LSZL,LIME,3156
2026-08-26 07:28:14,4b1fa1,HBLZL,LSZL,LSZA,6549
2026-08-26 07:27:15,4b7f9c,T323,LSZL,LSZL,1257
2026-08-26 07:14:39,4b1bbe,HBKNE,LSZL,LSZL,1623
2026-08-26 05:34:35,4b3dd7,HBXKX,LSZL,LSZL,675
2026-08-25 17:27:32,4b1bbc,HBKNC,LSZL,LSZL,1574
2026-08-25 16:26:41,4b1bbc,HBKNC,LSZL,LSZL,1871
2026-08-25 16:25:13,4b1bc9,HBKNP,LSZL,LSZL,1737
2026-08-25 16:11:41,4b3309,RGA06,LSZL,LSZL,1098
2026-08-25 15:50:06,4b1bc5,HBKNL,LSZL,LSZL,6805
2026-08-25 15:15:36,4b1bbf,HBKNF,LSZL,LSZL,719
2026-08-25 14:52:00,4b1bbc,HBKNC,LSZL,LSZL,1969
2026-08-25 14:44:36,4b44a1,HBZZT,LSZL,LSPM,813
2026-08-25 14:42:05,4b1bc6,HBKNM,LSZL,LSZL,1691
2026-08-25 14:38:23,4b1bb1,HBKMR,LSZL,LIME,3140
2026-08-25 14:32:00,4b1bbe,HBKNE,LSZL,LSZL,3862
2026-08-25 14:25:01,4b448d,HBZYZ,LSZL,LSZL,2179
2026-08-25 14:20:32,4b1bc5,HBKNL,LSZL,LSZL,1751
2026-08-25 13:50:02,4b1bc6,HBKNM,LSZL,LSZL,2214
2026-08-25 13:48:46,4b3043,HBSHF,LSZL,LILE,2381
2026-08-25 13:45:39,4b3042,HBSHE,LSZL,LILE,2448
2026-08-25 13:43:30,4b3041,HBSHD,LSZL,LILE,2464
2026-08-25 13:31:03,4b1bc5,HBKNL,LSZL,LSZL,2184
2026-08-25 13:26:00,4b1fa1,HBLZL,LSZL,LSZL,8007
2026-08-25 12:51:30,4b1bc6,HBKNM,LSZL,LSZL,1583
2026-08-25 12:48:28,4b1bbf,HBKNF,LSZL,LSZL,3989
2026-08-25 12:45:42,4b1bb1,HBKMR,LSZL,LSZA,1795
2026-08-25 12:42:05,3d6fb7,DFOOD,LSZL,EGLK,8144
2026-08-25 12:38:20,4b3309,RGA06,LSZL,LSZL,879
2026-08-25 12:31:04,4b1bc5,HBKNL,LSZL,LSZL,1674
2026-08-25 12:29:46,4b1bbc,HBKNC,LSZL,LSZL,3301
2026-08-25 12:16:55,500028,T7PCS,LSZL,LSZL,2468
2026-08-25 12:13:46,4b448d,HBZYZ,LSZL,LSZL,4263
2026-08-25 11:53:07,4b1bc6,HBKNM,LSZL,LSZL,2353
2026-08-25 11:37:39,4b1bc5,HBKNL,LSZL,LSZL,2480
2026-08-25 11:28:00,4b7f65,V620,LSZL,LSZW,1975
2026-08-25 10:27:38,4b1bb1,HBKMR,LSZL,LSZL,1837
2026-08-25 09:58:56,4b1bbc,HBKNC,LSZL,LIME,2397
2026-08-25 09:55:58,4b1bbe,HBKNE,LSZL,LILE,2594
2026-08-25 09:55:46,4b3041,HBSHD,LSZL,LILE,2682
2026-08-25 09:54:16,4b3042,HBSHE,LSZL,LIMG,4648
2026-08-25 09:44:08,4b1bc6,HBKNM,LSZL,LSZL,1575
2026-08-25 09:42:11,4b1bc5,HBKNL,LSZL,LSZL,1488
2026-08-25 09:30:14,4b1fa1,HBLZL,LSZL,LSZL,7815
2026-08-25 09:02:31,4b0dd5,HUE12F,LSZL,LFMD,3866
2026-08-25 08:48:43,4b448d,HBZYZ,LSZL,LSZL,3117
2026-08-25 08:48:08,4b1bc6,HBKNM,LSZL,LSZL,2166
2026-08-25 08:47:07,4b1bc5,HBKNL,LSZL,LSZL,2030
2026-08-25 08:45:18,4b1bbc,HBKNC,LSZL,LSZL,1567
2026-08-25 08:02:53,4b7f65,V620,LSZL,LSZL,778
2026-08-25 08:01:22,4b3309,RGA06,LSZL,LSPU,625
2026-08-25 07:18:26,4b3dd7,HBXKX,LSZL,LSZL,2070
2026-08-25 06:42:17,4b44a1,HBZZT,LSZL,LSPM,3972
2026-08-28 11:38:18,4b3f28,HBXXW,LSZL,LSZL,3283
2026-08-28 06:15:17,4b3f28,HBXXW,LSZL,LSZL,1226
2026-08-27 15:59:47,4b1bbe,HBKNE,LSZL,LSZL,1156
2026-08-27 15:57:04,4b1bbf,HBKNF,LSZL,LSZL,1529
2026-08-27 15:42:04,4b1bc9,HBKNP,LSZL,LSZL,1355
2026-08-27 15:26:12,4b1bc5,HBKNL,LSZL,LSZL,2404
2026-08-27 15:21:58,4b4322,HBZLA,LSZL,LSZL,1778
2026-08-27 15:00:05,4b1bbf,HBKNF,LSZL,LSZL,2030
2026-08-27 14:56:00,4b1bbe,HBKNE,LSZL,LSZL,2176
2026-08-27 14:28:30,4b1bb1,HBKMR,LSZL,LSZL,2342
2026-08-27 14:07:39,4b1bc5,HBKNL,LSZL,LSZL,3044
2026-08-27 13:47:34,4b1bbf,HBKNF,LSZL,LSZL,2025
2026-08-27 13:19:03,4b1bb1,HBKMR,LSZL,LSZL,2239
2026-08-27 13:14:05,a4330b,N37SJ,LSZL,LSZH,4753
2026-08-27 13:06:30,4b1bc2,HBKNI,LSZL,LIMB,2109
2026-08-27 12:51:02,4b1bc6,HBKNM,LSZL,LSZL,2631
2026-08-27 12:36:10,4b3042,HBSHE,LSZL,LSZL,4284
2026-08-27 12:34:36,4b1bbf,HBKNF,LSZL,LSZL,1807
2026-08-27 12:27:45,4b1bc9,HBKNP,LSZL,LSZL,3822
2026-08-27 12:17:17,4b448d,HBZYZ,LSZL,LSZL,2034
2026-08-27 12:16:12,4b1bb1,HBKMR,LSZL,LSZL,1558
2026-08-27 11:55:38,4b1bbe,HBKNE,LSZL,LSZL,2206
2026-08-27 11:34:25,4b3dd7,HBXKX,LSZL,LSZL,1811
2026-08-27 11:30:09,4b1bc6,HBKNM,LSZL,LSZL,2689
2026-08-27 11:22:01,4b7f9c,T323,LSZL,LSZL,1154
2026-08-27 10:00:12,4b1bbf,HBKNF,LSZL,LSZL,1605
2026-08-27 09:32:44,4b3042,HBSHE,LSZL,LILE,2613
2026-08-27 09:31:15,4b3dd7,HBXKX,LSZL,LSZL,3358
2026-08-27 09:24:42,4b3043,HBSHF,LSZL,LIMJ,4974
2026-08-27 08:57:08,4b1bc9,HBKNP,LSZL,LSZL,1785
2026-08-27 08:52:20,4b7f9c,T323,LSZL,LSZL,2508
2026-08-27 08:51:15,a4330b,N37SJ,LSZL,,1813
2026-08-27 08:49:47,4b3dd7,HBXKX,LSZL,LSZL,1422
2026-08-27 08:42:20,4b1bc5,HBKNL,LSZL,LSZL,2409
2026-08-27 08:23:02,4b1bb1,HBKMR,LSZL,LSZL,1525
2026-08-27 08:11:26,4b3e3f,KHS31,LSZL,LSGG,3193
2026-08-27 07:51:10,4b1bbe,HBKNE,LSZL,LSZL,1218
2026-08-27 07:50:51,4b1bc9,HBKNP,LSZL,LSZL,1915
2026-08-27 07:44:09,4b0f49,HBFUN,LSZL,,6041
2026-08-27 07:33:58,4b1c24,HBKRC,LSZL,,4604
2026-08-27 07:20:13,4b7f9c,T323,LSZL,LSZL,1471
2026-08-27 07:14:36,4b1fa1,HBLZL,LSZL,LSZL,8425
2026-08-27 07:11:11,4b1bbf,HBKNF,LSZL,LIME,3004
2026-08-27 07:07:51,4b1bb1,HBKMR,LSZL,LSZL,1952
2026-08-27 07:03:51,4b40fe,HBYPY,LSZL,LDLO,5108
2026-08-27 07:01:17,4b3042,HBSHE,LSZL,LSZL,4707
2026-08-27 06:52:18,4b1bc5,HBKNL,LSZL,LSZL,4234
2026-08-27 06:39:07,4b3fc5,HBYDX,LSZL,LSZE,2208
2026-08-27 05:34:52,4b3dd7,HBXKX,LSZL,LSZL,4836
2026-08-30 15:03:06,4b1fa1,HBLZL,LSZL,LSZA,2847
2026-08-30 13:52:41,4b4322,HBZLA,LSZL,LSML,9347
2026-08-30 13:18:00,4b3042,HBSHE,LSZL,LSZL,694
2026-08-30 13:11:42,4b1bb1,HBKMR,LSZL,LSZL,1756
2026-08-30 12:46:38,4b1bcc,HBKNS,LSZL,LSZB,4002
2026-08-30 12:31:00,4b1fa1,HBLZL,LSZL,LSZA,5864
2026-08-30 12:29:44,4b1bbf,HBKNF,LSZL,LSZL,2308
2026-08-30 12:11:41,4b3042,HBSHE,LSZL,LSZL,662
2026-08-30 12:07:36,4b2919,HBPOR,LSZL,LSGL,3345
2026-08-30 11:37:07,4b4db1,HB2314,LSZL,LSZO,4684
2026-08-30 10:41:14,4b4121,HBYRH,LSZL,LSZK,6699
2026-08-30 10:33:01,4b1bbc,HBKNC,LSZL,LSZB,4055
2026-08-30 10:21:00,4b1bbe,HBKNE,LSZL,LSZL,1584
2026-08-30 10:15:38,4b1bb1,HBKMR,LSZL,LSPM,1071
2026-08-30 10:11:53,4b1bc5,HBKNL,LSZL,LSPM,2907
2026-08-30 08:56:53,4b1bc9,HBKNP,LSZL,LSZA,884
2026-08-30 08:33:15,4b3042,HBSHE,LSZL,LSZL,756
2026-08-30 07:36:20,4b1fa1,HBLZL,LSZL,LSZL,6920
2026-08-30 07:35:42,500028,T7PCS,LSZL,LSPM,884
2026-08-30 07:34:04,4b1bbf,HBKNF,LSZL,LSGR,3032
2026-08-30 07:27:33,4b1bbe,HBKNE,LSZL,,983
2026-08-30 07:26:49,4b1bbc,HBKNC,LSZL,LILE,2770
2026-08-29 20:30:08,4b3309,RGA06,LSZL,LSZL,1550
2026-08-29 18:02:40,4b330a,RGA08,LSZL,LSZC,2082
2026-08-29 16:14:46,4b1bc9,HBKNP,LSZL,LSPM,1600
2026-08-29 15:58:42,3d3292,DERKC,LSZL,LIMB,1305
2026-08-29 15:08:35,4b0ca8,HBEUQ,LSZL,LSPN,3339
2026-08-29 14:54:46,4b1bbc,HBKNC,LSZL,LSZA,882
2026-08-29 13:16:33,4b1bbe,HBKNE,LSZL,LSZL,1402
2026-08-29 12:50:05,4b1bc6,HBKNM,LSZL,LILE,2543
2026-08-29 12:19:00,4b1fa1,HBLZL,LSZL,LSZA,5481
2026-08-29 12:08:41,4b1bb1,HBKMR,LSZL,LSTA,1218
2026-08-29 11:58:14,4b3dd7,HBXKX,LSZL,LSZL,1499
2026-08-29 10:41:55,4b330a,RGA08,LSZL,LSPG,1764
2026-08-29 10:16:08,4b1bcc,HBKNS,LSZL,LSZA,3965
2026-08-29 09:48:37,3d3d28,DEVKI,LSZL,EDBJ,6302
2026-08-29 09:21:51,4b4322,HBZLA,LSZL,LSML,1251
2026-08-29 08:44:50,4b0a14,HBDVG,LSZL,LIMG,3843
2026-08-29 07:51:27,4b1bb1,HBKMR,LSZL,LSZL,5955
2026-08-29 07:48:40,4b3041,HBSHD,LSZL,LILE,2717
2026-08-29 07:43:55,4b1bbc,HBKNC,LSZL,LILE,2878
2026-08-29 07:40:08,4b1fa1,HBLZL,LSZL,LSZL,4199
2026-08-29 07:18:10,4b448d,HBZYZ,LSZL,LSZL,963
2026-08-29 07:14:04,4b1b78,HBKKM,LSZL,LSPU,889
2026-08-29 07:08:29,4b1bc9,HBKNP,LSZL,LSZA,4559
2026-08-29 06:40:09,4b443d,HBZVX,LSZL,LSML,1046
2026-08-29 06:33:10,4b442e,HBZVI,LSZL,LSZL,604
2026-08-29 06:11:00,4b3dd7,HBXKX,LSZL,LSPM,2316
2026-08-29 05:39:27,4b3dd7,HBXKX,LSZL,LSZL,1022
2026-09-01 16:48:20,4b1bc6,HBKNM,LSZL,LSZL,1549
2026-09-01 15:56:26,4b1bbc,HBKNC,LSZL,LSZA,2824
2026-09-01 15:42:53,4b1bfb,HBKPN,LSZL,LSMF,1894
2026-09-01 15:05:16,4b426c,HBZEA,LSZL,LSZL,1220
2026-09-01 14:13:31,4b1c62,HBKTM,LSZL,LSMF,2709
2026-09-01 14:05:52,4b1bc9,HBKNP,LSZL,LSGL,5033
2026-09-01 13:55:31,4b1bcc,HBKNS,LSZL,LOIH,3856
2026-09-01 13:50:07,4b4072,HBYKO,LSZL,LSZE,2398
2026-09-01 13:34:35,4b1bc2,HBKNI,LSZL,LSZL,3858
2026-09-01 12:35:55,4b1bc6,HBKNM,LSZL,LSZL,3857
2026-09-01 12:33:00,4b3042,HBSHE,LSZL,LSZR,3980
2026-09-01 12:32:31,4b1fa1,HBLZL,LSZL,LIMZ,3292
2026-09-01 12:31:30,4b3041,HBSHD,LSZL,LSZR,3923
2026-09-01 12:20:43,4b1bbc,HBKNC,LSZL,,1451
2026-09-01 12:19:31,4b1bbe,HBKNE,LSZL,LIPL,3343
2026-09-01 12:15:00,4b3309,RGA06,LSZL,LSZL,1649
2026-09-01 11:51:54,4b1c67,HBKTR,LSZL,LSZI,4224
2026-09-01 11:50:30,4b1bc5,HBKNL,LSZL,LILE,3044
2026-09-01 11:48:02,4b3dd7,HBXKX,LSZL,LSZL,855
2026-09-01 10:33:03,4b1bbc,HBKNC,LSZL,LSZL,3055
2026-09-01 08:59:41,4b448d,HBZYZ,LSZL,LSZL,877
2026-09-01 08:20:37,4b1bcc,HBKNS,LSZL,LIMG,5389
2026-09-01 08:11:43,4b1bc9,HBKNP,LSZL,LIMG,5681
2026-09-01 08:04:47,4b1bbe,HBKNE,LSZL,LSZC,2900
2026-09-01 07:56:19,4b1bbf,HBKNF,LSZL,LILE,2585
2026-09-01 07:50:50,4b1fa1,HBLZL,LSZL,LIMZ,2572
2026-09-01 07:46:44,4b1bc5,HBKNL,LSZL,LSZL,3732
2026-09-01 07:44:09,4b3041,HBSHD,LSZL,LSZR,3708
2026-09-01 07:40:33,4b1bbc,HBKNC,LSZL,LSZL,2385
2026-09-01 07:18:28,4b3309,RGA06,LSZL,LSZL,3780
2026-09-01 06:55:03,4b1c24,HBKRC,LSZL,LIMB,1045
2026-09-01 06:45:16,4b40fe,HBYPY,LSZL,LSML,6922
2026-09-01 05:45:05,4b3dd7,HBXKX,LSZL,LSPM,2173
2026-09-01 05:44:03,4b426c,HBZEA,LSZL,LSML,926
2026-08-31 17:10:01,4b1bc2,HBKNI,LSZL,LSZL,717
2026-08-31 16:48:02,4b1bc5,HBKNL,LSZL,LSZL,2208
2026-08-31 16:20:04,4b1bc9,HBKNP,LSZL,LSZL,790
2026-08-31 15:24:03,4b1bc6,HBKNM,LSZL,LSZL,1482
2026-08-31 15:23:00,4b1bbc,HBKNC,LSZL,LSZL,2135
2026-08-31 15:20:37,4b1bc2,HBKNI,LSZL,LSZL,1776
2026-08-31 15:08:09,4b1bcc,HBKNS,LSZL,LSZL,9217
2026-08-31 14:36:47,4b1fa1,HBLZL,LSZL,LSZL,2210
2026-08-31 14:29:07,4b443d,HBZVX,LSZL,LSZA,1544
2026-08-31 14:23:03,4b3e3f,KHS31,LSZL,LIMF,1977
2026-08-31 13:56:24,4b1bbe,HBKNE,LSZL,LSZL,1774
2026-08-31 13:14:08,4b1bcc,HBKNS,LSZL,LSZL,4876
2026-08-31 13:08:00,4b3041,HBSHD,LSZL,LSZA,1199
2026-08-31 12:49:49,4b4465,KHS52,LSZL,LSPM,3163
2026-08-31 12:39:17,4b1bc2,HBKNI,LSZL,LSZA,3970
2026-08-31 12:38:51,a79c67,N59PV,LSZL,LSZT,1872
2026-08-31 12:33:02,4b3dd7,HBXKX,LSZL,LSZL,4368
2026-08-31 12:32:14,4b3eb9,HBXTP,LSZL,LSPV,5042
2026-08-31 12:28:44,4b1bbe,HBKNE,LSZL,LSML,1987
2026-08-31 12:17:09,4b1bbc,HBKNC,LSZL,LSZL,9014
2026-08-31 11:57:38,4b1bc9,HBKNP,LSZL,LSZL,10938
2026-08-31 11:56:37,4b448d,HBZYZ,LSZL,LSZL,917
2026-08-31 11:54:06,4b3042,HBSHE,LSZL,LILV,3713
2026-08-31 11:53:31,4b442e,HBZVI,LSZL,LSZA,744
2026-08-31 11:48:06,4b1fa1,HBLZL,LSZL,LILN,5929
2026-08-31 11:42:36,4b7fd7,SUI078,LSZL,LILB,708
2026-08-31 11:28:25,4b44a1,HBZZT,LSZL,LSZL,3843
2026-08-31 11:11:17,4b2886,HBPJA,LSZL,LSZR,3021
2026-08-31 10:28:42,4b3041,HBSHD,LSZL,LSZL,2983
2026-08-31 10:03:32,4b1bcc,HBKNS,LSZL,LSML,1585
2026-08-31 09:46:41,4b1bbe,HBKNE,LSZL,LSZL,2518
2026-08-31 09:39:40,4b1bbc,HBKNC,LSZL,LSZL,6885
2026-08-31 09:22:43,4b1bc5,HBKNL,LSZL,LSZL,2164
2026-08-31 09:12:52,4b1bc9,HBKNP,LSZL,LSZL,1925
2026-08-31 09:08:14,500028,T7PCS,LSZL,LSZL,1194
2026-08-31 08:54:21,4b1bbf,HBKNF,LSZL,,6232
2026-08-31 08:30:32,4b4437,HBZVR,LSZL,LSZL,1076
2026-08-31 07:46:43,4b447b,HBZYH,LSZL,LSTA,1360
2026-08-31 07:44:00,4b1bc5,HBKNL,LSZL,LSZL,1493
2026-08-31 07:42:06,4b3042,HBSHE,LSZL,LSZL,7193
2026-08-31 07:28:14,4b1bc9,HBKNP,LSZL,LSZL,2996
2026-08-31 07:24:03,4b1bcc,HBKNS,LSZL,LSZA,1339
2026-08-31 07:20:14,4b1bbc,HBKNC,LSZL,LSZL,1953
2026-08-31 07:15:43,4b1c04,HBKPW,LSZL,LSZL,900
2026-08-31 07:10:55,4b3309,RGA06,LSZL,LSZL,2591
2026-08-31 07:05:26,4b1fa1,HBLZL,LSZL,LSZL,4965
2026-08-31 07:04:52,4b448d,HBZYZ,LSZL,LSZL,2527
2026-08-31 07:04:04,4b1bbe,HBKNE,LSZL,LSZL,3761
2026-08-31 06:21:27,4b442e,HBZVI,LSZL,LSZL,6313
2026-08-31 06:08:31,4b443d,HBZVX,LSZL,LSZL,997
2026-08-31 05:34:20,4b3f28,HBXXW,LSZL,LSPM,2421
2026-09-03 17:03:30,4b1bbc,HBKNC,LSZL,LSZL,1560
2026-09-03 16:30:38,4b1bc9,HBKNP,LSZL,LSZL,1676
2026-09-03 16:16:04,4b1bbe,HBKNE,LSZL,LSZL,1646
2026-09-03 15:59:06,4b1bc2,HBKNI,LSZL,LSZL,1596
2026-09-03 15:53:50,4b1bc9,HBKNP,LSZL,LSZL,669
2026-09-03 15:51:35,4b3042,HBSHE,LSZL,LSZL,1673
2026-09-03 15:50:00,3e1e8f,DICTR,LSZL,EDTD,2103
2026-09-03 15:38:02,4b1bbc,HBKNC,LSZL,LSZL,3431
2026-09-03 15:20:42,4b1bbe,HBKNE,LSZL,LSZL,1891
2026-09-03 15:10:42,4b1bc9,HBKNP,LSZL,LSZL,1217
2026-09-03 14:42:08,4b1bc2,HBKNI,LSZL,LSZL,2841
2026-09-03 14:31:49,4b3041,HBSHD,LSZL,LSZL,9481
2026-09-03 14:24:52,4b3042,HBSHE,LSZL,LSZL,1833
2026-09-03 14:08:06,4b3dd7,HBXKX,LSZL,LSZL,3220
2026-09-03 13:45:03,4b448d,HBZYZ,LSZL,LSZL,1225
2026-09-03 13:30:03,4b1bbf,HBKNF,LSZL,LSZL,11724
2026-09-03 13:28:30,4b1bc9,HBKNP,LSZL,LSZL,1911
2026-09-03 13:23:26,4b3041,HBSHD,LSZL,LSZL,1021
2026-09-03 12:42:02,4b3dd7,HBXKX,LSZL,LSZL,2695
2026-09-03 12:37:12,4b1bcc,HBKNS,LSZL,LIDT,4634
2026-09-03 12:33:33,4b448d,HBZYZ,LSZL,LSZL,746
2026-09-03 12:22:34,4b293f,HBPQD,LSZL,LIPV,5815
2026-09-03 12:19:31,4b2947,HBPQL,LSZL,LIPV,5479
2026-09-03 12:17:47,4b1bc6,HBKNM,LSZL,LIMG,5316
2026-09-03 12:13:00,4b44a1,HBZZT,LSZL,LSZL,6358
2026-09-03 12:09:20,4b3dd7,HBXKX,LSZL,LSZL,1054
2026-09-03 11:58:37,4b3273,HBTCT,LSZL,LSPL,5558
2026-09-03 11:50:15,4b1b8a,HBKLE,LSZL,LSZG,4154
2026-09-03 11:45:41,4b7f65,V620,LSZL,LSZL,2630
2026-09-03 11:45:11,4b06f4,HBCQM,LSZL,LSZN,3233
2026-09-03 11:40:45,4b3041,HBSHD,LSZL,LSZL,1167
2026-09-03 10:26:01,4b1bc6,HBKNM,LSZL,LSML,923
2026-09-03 10:20:39,4b3042,HBSHE,LSZL,LSZB,4238
2026-09-03 10:09:43,4b1bc9,HBKNP,LSZL,LSZL,5476
2026-09-03 09:43:30,4b1bbf,HBKNF,LSZL,LIPL,3081
2026-09-03 09:37:34,3956fb,FPMTO,LSZL,LFMD,5151
2026-09-03 09:28:00,4b3dd7,HBXKX,LSZL,LSZL,689
2026-09-03 09:26:31,4b1bc2,HBKNI,LSZL,LSZL,14755
2026-09-03 09:21:48,4b7f78,SUI741,LSZL,LSMD,9352
2026-09-03 09:01:01,4b3042,HBSHE,LSZL,LSZL,1185
2026-09-03 08:11:07,486a6a,PHYZZ,LSZL,LSZL,2676
2026-09-03 08:11:06,4b448d,HBZYZ,LSZL,LSZL,1701
2026-09-03 08:05:28,4b1bb1,HBKMR,LSZL,LIPR,9443
2026-09-03 08:01:54,4b1bbc,HBKNC,LSZL,LIPV,8207
2026-09-03 08:01:06,4b1fa1,HBLZL,LSZL,LSZL,5976
2026-09-03 08:00:05,4b1bc9,HBKNP,LSZL,LSZL,1583
2026-09-03 07:42:03,4b3042,HBSHE,LSZL,LSZL,1466
2026-09-03 07:27:40,4b1bc2,HBKNI,LSZL,LSZL,1968
2026-09-03 07:21:38,4b1bc6,HBKNM,LSZL,LIPL,2741
2026-09-03 07:11:08,4b448d,HBZYZ,LSZL,LSZL,1925
2026-09-03 07:09:04,4b1bcc,HBKNS,LSZL,LSZL,7314
2026-09-03 06:41:01,4b44a1,HBZZT,LSZL,LSZL,9772
2026-09-03 05:39:12,4b4387,HBZOX,LSZL,LSML,877
2026-09-03 05:38:36,4b426c,HBZEA,LSZL,LSZL,7253
2026-09-03 05:38:18,4b442e,HBZVI,LSZL,LSZA,14857
2026-09-03 05:36:59,4b44a1,HBZZT,LSZL,LSZL,2058
2026-09-02 17:28:00,4b1bbc,HBKNC,LSZL,LSZL,1062
2026-09-02 16:53:14,4b1bbc,HBKNC,LSZL,LSZL,1165
2026-09-02 16:45:03,4b1bc9,HBKNP,LSZL,LSZL,1489
2026-09-02 16:35:07,4b1bc2,HBKNI,LSZL,LSZL,1651
2026-09-02 16:33:37,4b1bbe,HBKNE,LSZL,LSZL,1654
2026-09-02 15:56:43,4b1bc6,HBKNM,LSZL,LSZL,4636
2026-09-02 15:47:02,4b1bc9,HBKNP,LSZL,LSZL,1583
2026-09-02 14:43:03,4b1bc6,HBKNM,LSZL,LSZL,702
2026-09-02 14:16:11,4b1bc9,HBKNP,LSZL,LSZL,2496
2026-09-02 14:10:02,4b1bc6,HBKNM,LSZL,LSZL,1194
2026-09-02 14:05:01,4b1bc2,HBKNI,LSZL,LSZL,5826
2026-09-02 13:37:00,4b3dd7,HBXKX,LSZL,LSZL,923
2026-09-02 13:17:17,4b1fa1,HBLZL,LSZL,LSZL,7610
2026-09-02 13:13:33,4b448d,HBZYZ,LSZL,LSZA,854
2026-09-02 13:11:51,4b1bc9,HBKNP,LSZL,LSZL,1568
2026-09-02 12:55:30,4b442e,HBZVI,LSZL,LSZL,636
2026-09-02 12:50:41,4b1bcc,HBKNS,LSZL,LSPV,3975
2026-09-02 12:48:16,4b1bbc,HBKNC,LSZL,LSTZ,4177
2026-09-02 12:44:24,a1e06c,N22UB,LSZL,EGBJ,7047
2026-09-02 12:39:44,4b3041,HBSHD,LSZL,LSZK,4163
2026-09-02 12:39:17,486a6a,PHYZZ,LSZL,LSZL,635
2026-09-02 12:24:33,4b1bc2,HBKNI,LSZL,LSZL,2328
2026-09-02 12:23:30,4b442e,HBZVI,LSZL,LSZL,768
2026-09-02 12:14:45,4b1bc9,HBKNP,LSZL,LSZL,1525
2026-09-02 12:13:09,4b1bc6,HBKNM,LSZL,LSZL,3219
2026-09-02 12:02:47,4b1bbe,HBKNE,LSZL,LSZB,4270
2026-09-02 12:01:09,4b1bbf,HBKNF,LSZL,LIMG,5385
2026-09-02 11:51:02,4b4437,HBZVR,LSZL,LSZL,1645
2026-09-02 11:34:04,4b4137,HBYSD,LSZL,LSZK,4113
2026-09-02 11:24:05,4b443d,HBZVX,LSZL,LSZA,1464
2026-09-02 10:07:00,4b1bc6,HBKNM,LSZL,LSML,891
2026-09-02 10:05:30,4b1bbf,HBKNF,LSZL,LSML,802
2026-09-02 09:53:42,4b1f5e,HBLWW,LSZL,LSZB,2015
2026-09-02 09:45:41,4b1bcc,HBKNS,LSZL,LSZL,8923
2026-09-02 09:45:27,4b1e1d,HBLKN,LSZL,LSZG,2069
2026-09-02 09:43:38,4b3309,RGA06,LSZL,LSZL,943
2026-09-02 09:28:04,4b44a1,HBZZT,LSZL,LSZL,894
2026-09-02 09:12:23,a3be02,N340HE,LSZL,LIEO,7305
2026-09-02 09:10:30,4b1bbe,HBKNE,LSZL,LSZL,2125
2026-09-02 08:51:01,4b1bbf,HBKNF,LSZL,LSZL,1609
2026-09-02 08:36:47,4b44a1,HBZZT,LSZL,LSZL,1887
2026-09-02 08:25:43,4b4387,HBZOX,LSZL,LSZL,2964
2026-09-02 08:00:17,4b1bcc,HBKNS,LSZL,LSZL,1297
2026-09-02 07:57:51,4b448d,HBZYZ,LSZL,LSTA,1598
2026-09-02 07:55:34,4b442e,HBZVI,LSZL,LSZL,873
2026-09-02 07:43:49,4b1bc9,HBKNP,LSZL,LSZL,3100
2026-09-02 07:34:53,4b1bbf,HBKNF,LSZL,LSZL,2046
2026-09-02 07:24:26,4b1bc6,HBKNM,LSZL,LIPL,3231
2026-09-02 07:15:06,4b1bbe,HBKNE,LSZL,LSZL,2541
2026-09-02 06:54:52,4b1fa1,HBLZL,LSZL,LIPK,5359
2026-09-02 06:35:51,4b4322,HBZLA,LSZL,LSZL,909
2026-09-02 05:41:22,4b44a1,HBZZT,LSZL,LSZL,9346
2026-09-02 05:39:21,4b4387,HBZOX,LSZL,LSZL,8016
2026-09-02 05:37:09,4b3dd7,HBXKX,LSZL,LSZL,2248
2026-09-05 16:09:00,4b1bc2,HBKNI,LSZL,LSZL,1149
2026-09-05 15:40:46,4b3309,RGA06,LSZL,LSZL,1289
2026-09-05 15:32:13,4b1bc2,HBKNI,LSZL,LSZL,1216
2026-09-05 15:12:34,4b1bbf,HBKNF,LSZL,LSZL,1694
2026-09-05 15:07:37,4b1bc5,HBKNL,LSZL,LSZL,2112
2026-09-05 14:29:31,4b3a22,HBWAK,LSZL,LSZL,2371
2026-09-05 14:12:18,4b1bc5,HBKNL,LSZL,LSZL,1647
2026-09-05 14:09:30,4b1bbf,HBKNF,LSZL,LSZL,1614
2026-09-05 14:08:01,4b1bc2,HBKNI,LSZL,LSZL,1195
2026-09-05 14:03:53,4b1bc6,HBKNM,LSZL,LIMZ,4114
2026-09-05 13:51:51,4b1bb1,HBKMR,LSZL,LSZA,12285
2026-09-05 13:31:21,4b1bc2,HBKNI,LSZL,LSZL,1202
2026-09-05 13:21:32,4b3a22,HBWAK,LSZL,LSZL,880
2026-09-05 13:20:34,4b1bc9,HBKNP,LSZL,LIMZ,4224
2026-09-05 13:16:48,4b4322,HBZLA,LSZL,LSZL,779
2026-09-05 13:13:15,4b1fa1,HBLZL,LSZL,LSZL,4572
2026-09-05 13:10:17,4b1bbe,HBKNE,LSZL,LIMZ,5198
2026-09-05 12:59:39,3d3857,DETOX,LSZL,LSTA,1484
2026-09-05 12:58:20,3d4142,DEWYS,LSZL,LSTA,2075
2026-09-05 12:51:46,4b1bc5,HBKNL,LSZL,LSZL,3312
2026-09-05 12:50:46,4b1bc6,HBKNM,LSZL,LSZL,1713
2026-09-05 12:32:00,4b1bbf,HBKNF,LSZL,LSZL,4079
2026-09-05 12:08:31,4b5169,HB3266,LSZL,LSZL,6612
2026-09-05 12:06:31,4b1bc2,HBKNI,LSZL,LSZL,1737
2026-09-05 12:02:39,4b27bf,HBPBJ,LSZL,LSGG,4970
2026-09-05 11:57:55,4b3a22,HBWAK,LSZL,LSZL,3662
2026-09-05 11:44:40,4b426c,HBZEA,LSZL,LSPM,1436
2026-09-05 10:39:51,4b1bc2,HBKNI,LSZL,,1025
2026-09-05 10:11:01,4b1bc5,HBKNL,LSZL,LSZL,7344
2026-09-05 10:01:58,4b5169,HB3266,LSZL,LSZL,3841
2026-09-05 09:44:16,4b3a22,HBWAK,LSZL,LSZL,759
2026-09-05 09:34:01,4b23e1,HBNPH,LSZL,LSZA,1316
2026-09-05 09:25:06,4b1bc2,HBKNI,LSZL,LSZL,2477
2026-09-05 08:56:27,4b1bc6,HBKNM,LSZL,LSZL,5312
2026-09-05 08:50:16,4b1bb1,HBKMR,LSZL,LILR,3510
2026-09-05 08:22:12,4b1bc9,HBKNP,LSZL,LSZL,7513
2026-09-05 08:17:17,4b3a22,HBWAK,LSZL,LSZL,993
2026-09-05 08:16:06,4b1bbf,HBKNF,LSZL,LSZL,7363
2026-09-05 08:16:04,4b3043,HBSHF,LSZL,LSGL,7455
2026-09-05 08:08:02,4b44a1,HBZZT,LSZL,LSPM,3151
2026-09-05 07:39:54,4b1bbe,HBKNE,LSZL,LIMG,5892
2026-09-05 07:37:55,4b1bb1,HBKMR,LSZL,LSZL,2194
2026-09-05 07:34:39,4b439e,HBZPU,LSZL,LSZL,829
2026-09-05 07:33:33,4b1fa1,HBLZL,LSZL,LSZL,6544
2026-09-05 07:31:37,4b448d,HBZYZ,LSZL,LSZL,2000
2026-09-05 07:08:54,4b4121,HBYRH,LSZL,LJPZ,7857
2026-09-05 07:05:38,4b1bc5,HBKNL,LSZL,LSZL,5236
2026-09-05 06:18:33,4b44a1,HBZZT,LSZL,LSZL,3683
2026-09-05 05:38:38,4b4387,HBZOX,LSZL,LSZL,5717
2026-09-04 17:10:06,4b3309,RGA06,LSZL,LSZL,1008
2026-09-04 16:26:44,4b1bc6,HBKNM,LSZL,LSZL,1248
2026-09-04 16:08:00,4b1bc9,HBKNP,LSZL,LSZL,1472
2026-09-04 15:54:30,4b1bbf,HBKNF,LSZL,LSZL,4604
2026-09-04 15:15:06,4b1bc5,HBKNL,LSZL,LSZL,1199
2026-09-04 14:57:25,4b1bc2,HBKNI,LSZL,,4915
2026-09-04 14:47:45,4b426c,HBZEA,LSZL,LSZL,1634
2026-09-04 14:44:47,4b1bc5,HBKNL,LSZL,LSZL,1181
2026-09-04 14:43:17,4b1bc6,HBKNM,LSZL,LSZL,1344
2026-09-04 14:34:15,4b443d,HBZVX,LSZL,LSZA,1418
2026-09-04 14:33:46,4b1bbf,HBKNF,LSZL,LSZL,2661
2026-09-04 14:20:22,4b4387,HBZOX,LSZL,LSPM,1805
2026-09-04 14:16:01,4b1bc9,HBKNP,LSZL,LSZL,1553
2026-09-04 14:11:48,500028,T7PCS,LSZL,LSML,1996
2026-09-04 13:37:40,4b23e1,HBNPH,LSZL,LSZA,1707
2026-09-04 13:35:47,4b1bc2,HBKNI,LSZL,LSZL,2575
2026-09-04 13:16:43,4b1bc9,HBKNP,LSZL,LSZL,1527
2026-09-04 13:10:30,4b1bb1,HBKMR,LSZL,LSZL,10306
2026-09-04 13:04:19,500028,T7PCS,LSZL,LSML,983
2026-09-04 12:52:09,4b3041,HBSHD,LSZL,LFST,6840
2026-09-04 12:37:48,4b23e1,HBNPH,LSZL,LSZL,994
2026-09-04 12:28:38,4b1baf,HBKMP,LSZL,LSZB,2487
2026-09-04 12:27:01,3ffca3,DMDRY,LSZL,LIRJ,6970
2026-09-04 12:24:05,4b1bc9,HBKNP,LSZL,LSZL,1533
2026-09-04 12:22:23,4b1bbe,HBKNE,LSZL,LSZL,6679
2026-09-04 12:21:36,4b448d,HBZYZ,LSZL,LSZL,1073
2026-09-04 12:19:09,4b1c04,HBKPW,LSZL,LSZL,601
2026-09-04 12:15:18,4b1bbf,HBKNF,LSZL,LILE,2595
2026-09-04 12:05:39,4b1bc6,HBKNM,LSZL,LSZL,3990
2026-09-04 12:01:34,4b1bf7,HBKPJ,LSZL,,2295
2026-09-04 12:00:02,4b1bb1,HBKMR,LSZL,LSZL,1982
2026-09-04 11:50:12,4b442e,HBZVI,LSZL,LSPM,630
2026-09-04 11:50:01,4b4137,HBYSD,LSZL,LSZK,4102
2026-09-04 11:38:19,4b2f91,HBSAJ,LSZL,LSGN,5097
2026-09-04 11:32:10,4b439e,HBZPU,LSZL,LSZL,3088
2026-09-04 11:23:09,4b0a14,HBDVG,LSZL,LILC,854
2026-09-04 10:14:49,4b1bb1,HBKMR,LSZL,LSZL,1449
2026-09-04 10:02:49,4b1bc5,HBKNL,LSZL,LSZR,5560
2026-09-04 09:38:40,4b1bbe,HBKNE,LSZL,LSZL,1309
2026-09-04 09:25:32,4b1c99,HBKVP,LSZL,LSPV,3297
2026-09-04 09:22:28,4b3042,HBSHE,LSZL,LSZC,14035
2026-09-04 09:11:34,4b1bc9,HBKNP,LSZL,LSZL,1089
2026-09-04 08:50:16,4b448d,HBZYZ,LSZL,LSZL,2232
2026-09-04 08:47:30,4b28a6,HBPKG,LSZL,LSPL,3709
2026-09-04 08:38:38,4b4322,HBZLA,LSZL,LSPM,3208
2026-09-04 08:31:07,4b1bc6,HBKNM,LSZL,LSZA,3614
2026-09-04 08:07:14,4b1bc9,HBKNP,LSZL,LSZL,1842
2026-09-04 07:55:36,4b1bbe,HBKNE,LSZL,LSZL,1233
2026-09-04 07:50:46,4b3dd7,HBXKX,LSZL,LSZL,3913
2026-09-04 07:47:07,4b448d,HBZYZ,LSZL,LSZL,770
2026-09-04 07:43:53,4b1fa1,HBLZL,LSZL,LSZL,5531
2026-09-04 07:20:52,4b1bb1,HBKMR,LSZL,LSZA,907
2026-09-04 07:19:39,4b1bbe,HBKNE,LSZL,LSZL,1244
2026-09-04 07:12:36,4b1bcc,HBKNS,LSZL,LSZB,3923
2026-09-04 07:09:34,4b1bbf,HBKNF,LSZL,LSZL,1882
2026-09-04 06:59:58,4b1e1d,HBLKN,LSZL,LSZR,3035
2026-09-04 06:36:05,4b3041,HBSHD,LSZL,LSZL,9457
2026-09-04 06:25:03,4b3dd7,HBXKX,LSZL,LSZL,1482
2026-09-04 05:38:08,4b4387,HBZOX,LSZL,LSPM,1414
2026-09-04 05:23:33,4b442e,HBZVI,LSZL,LSZL,3999
2026-09-07 17:25:41,4b1bb1,HBKMR,LSZL,LSZL,1551
2026-09-07 16:27:15,4b1bc5,HBKNL,LSZL,LSZL,2115
2026-09-07 16:03:06,4b1bc6,HBKNM,LSZL,LSZL,2038
2026-09-07 16:01:06,4b1bb1,HBKMR,LSZL,LSZL,1449
2026-09-07 15:52:34,4b1bcc,HBKNS,LSZL,LSZL,1525
2026-09-07 15:15:14,4b1bc6,HBKNM,LSZL,LSZL,1404
2026-09-07 15:13:31,4b1bc5,HBKNL,LSZL,LSZL,2060
2026-09-07 14:58:10,4b1bc2,HBKNI,LSZL,LSZL,3539
2026-09-07 14:54:53,4b1bcc,HBKNS,LSZL,LSZL,1682
2026-09-07 14:48:46,4b3fc5,HBYDX,LSZL,LSZE,2652
2026-09-07 14:30:49,4b1bb1,HBKMR,LSZL,LSZL,1773
2026-09-07 14:10:26,4b44a1,HBZZT,LSZL,LSML,5499
2026-09-07 13:58:03,4b7fa8,T311,LSZL,LSZL,650
2026-09-07 13:34:34,4b1bc5,HBKNL,LSZL,LSZL,2194
2026-09-07 13:21:10,500028,T7PCS,LSZL,LSZL,2557
2026-09-07 12:59:49,4b1bc2,HBKNI,LSZL,LSZA,2878
2026-09-07 12:37:46,4b1fa1,HBLZL,LSZL,LSZL,7998
2026-09-07 12:33:18,4b1bc5,HBKNL,LSZL,LSZL,1061
2026-09-07 11:51:53,4b1bc5,HBKNL,LSZL,LSZL,1575
2026-09-07 11:43:52,4b7fa8,T311,LSZL,LSZL,2917
2026-09-07 11:41:35,4b443d,HBZVX,LSZL,LILB,2552
2026-09-07 11:36:25,500028,T7PCS,LSZL,LSZL,1366
2026-09-07 10:10:18,4b1bc5,HBKNL,LSZL,LSZL,1926
2026-09-07 09:28:59,4b1bb1,HBKMR,LSZL,LIMZ,6030
2026-09-07 09:24:41,4b4db1,HB2314,LSZL,LFSD,6796
2026-09-07 09:22:40,4b1bbf,HBKNF,LSZL,LIME,3099
2026-09-07 09:17:34,4b1c69,HBKTT,LSZL,LSZE,3469
2026-09-07 09:14:04,4b443d,HBZVX,LSZL,LSZL,2455
2026-09-07 09:03:04,4b44a1,HBZZT,LSZL,LSPM,2873
2026-09-07 08:46:46,4b4387,HBZOX,LSZL,,2724
2026-09-07 08:45:37,4b4db1,HB2314,LSZL,LSZL,647
2026-09-07 08:30:38,4b1fa1,HBLZL,LSZL,LSZA,2720
2026-09-07 08:01:52,4b3309,RGA06,LSZL,LSZL,1400
2026-09-07 08:00:28,4b3043,HBSHF,LSZL,LIPV,6176
2026-09-07 07:57:48,4b3042,HBSHE,LSZL,LIPV,6063
2026-09-07 07:56:59,4b3041,HBSHD,LSZL,LIPV,5812
2026-09-07 07:46:23,4b1bc6,HBKNM,LSZL,LSZL,5915
2026-09-07 07:36:20,4b1bc2,HBKNI,LSZL,LSZL,1596
2026-09-07 07:35:00,4b3dd7,HBXKX,LSZL,LSML,1107
2026-09-07 07:21:58,4b1bbf,HBKNF,LSZL,LSZA,1663
2026-09-07 07:16:45,500028,T7PCS,LSZL,LSZL,1709
2026-09-07 05:49:13,4b3dd7,HBXKX,LSZL,LSZL,2325
2026-09-07 05:47:03,4b4387,HBZOX,LSZL,LSPM,797
2026-09-07 05:16:28,4b44a1,HBZZT,LSZL,LSPM,788
2026-09-06 17:13:51,300647,CPV822,LSZL,LIMB,2018
2026-09-06 16:47:41,4b1bc5,HBKNL,LSZL,LSZL,2854
2026-09-06 16:43:33,4b1bbf,HBKNF,LSZL,LSZL,2247
2026-09-06 16:31:31,4b1bc9,HBKNP,LSZL,LSZL,1628
2026-09-06 16:29:33,4b5169,HB3266,LSZL,LSZL,1926
2026-09-06 16:24:05,4b44a7,HBZZZ,LSZL,LSPV,2117
2026-09-06 16:23:03,4b4db1,HB2314,LSZL,LSZL,844
2026-09-06 16:12:01,4b1bb1,HBKMR,LSZL,LSZL,3581
2026-09-06 16:02:18,4b5169,HB3266,LSZL,LSZL,788
2026-09-06 15:55:07,4b303c,HBSGY,LSZL,LSZH,3418
2026-09-06 15:52:16,4b1bbf,HBKNF,LSZL,LSZL,1669
2026-09-06 15:28:00,3e1e8f,DICTR,LSZL,EDTD,2111
2026-09-06 15:09:01,4b5169,HB3266,LSZL,LSZL,2107
2026-09-06 15:07:11,4b1bb1,HBKMR,LSZL,LSZL,1561
2026-09-06 15:03:35,4b441d,HBZUR,LSZL,LSPV,2679
2026-09-06 14:50:33,4b1bcc,HBKNS,LSZL,LSZL,4287
2026-09-06 14:44:37,4b4db1,HB2314,LSZL,LSZL,4813
2026-09-06 14:29:43,4b1bc5,HBKNL,LSZL,LSZL,2218
2026-09-06 14:29:00,4b1bc9,HBKNP,LSZL,LSZL,1496
2026-09-06 14:28:34,4b2830,HBPFS,LSZL,LSZG,3181
2026-09-06 14:05:01,4b5169,HB3266,LSZL,LSZL,1797
2026-09-06 14:04:14,4b3042,HBSHE,LSZL,LSZB,4121
2026-09-06 14:02:36,4b1bc6,HBKNM,LSZL,LSZG,5555
2026-09-06 14:01:32,4b1bb1,HBKMR,LSZL,LSZL,1707
2026-09-06 13:59:30,4b4db1,HB2314,LSZL,LSZL,1646
2026-09-06 13:57:51,38599d,FJIPI,LSZL,LSML,1082
2026-09-06 13:24:30,4b5169,HB3266,LSZL,LSZL,1046
2026-09-06 13:16:40,4b3a22,HBWAK,LSZL,LSZL,992
2026-09-06 12:59:20,4b1bc9,HBKNP,LSZL,LSZL,2319
2026-09-06 12:46:34,4b1bc6,HBKNM,LSZL,LSZL,2376
2026-09-06 12:44:53,4b1bb1,HBKMR,LSZL,LSZL,1386
2026-09-06 12:44:51,4b1bc5,HBKNL,LSZL,LSZL,1672
2026-09-06 12:40:50,4b1bbe,HBKNE,LSZL,LSZL,11797
2026-09-06 12:31:39,4b1c69,HBKTT,LSZL,LSMF,2293
2026-09-06 12:30:16,4b1bdd,HBKOJ,LSZL,LSGL,5519
2026-09-06 12:29:05,4b3a22,HBWAK,LSZL,LSZL,1103
2026-09-06 12:23:08,3d24fe,DEMGK,LSZL,LSGB,4239
2026-09-06 12:18:06,4b4060,HBYJW,LSZL,LSZI,6086
2026-09-06 12:16:00,4b1b8a,HBKLE,LSZL,LSZG,4912
2026-09-06 12:13:11,4b2fd9,HBSDD,LSZL,LIRJ,7160
2026-09-06 12:07:53,3d3618,DESSU,LSZL,EDNY,4222
2026-09-06 11:54:47,4b1bc2,HBKNI,LSZL,LSZB,4479
2026-09-06 11:53:18,4b426c,HBZEA,LSZL,LSML,831
2026-09-06 11:53:11,4b1bbf,HBKNF,LSZL,LSZB,4032
2026-09-06 11:41:07,4b3a22,HBWAK,LSZL,LSZL,1842
2026-09-06 11:24:42,4b06f4,HBCQM,LSZL,LSZN,5105
2026-09-06 11:20:47,4b2923,HBPPB,LSZL,LSZM,5462
2026-09-06 11:20:30,4b5169,HB3266,LSZL,LSZL,4846
2026-09-06 11:09:09,4b3a22,HBWAK,LSZL,LSZL,886
2026-09-06 10:59:53,4b1bc9,HBKNP,LSZL,LSZL,1574
2026-09-06 10:54:01,4b1b5c,HBKJK,LSZL,LSZB,3957
2026-09-06 10:49:57,4b1bc5,HBKNL,LSZL,LSZL,3362
2026-09-06 10:48:10,4b1bfd,HBKPP,LSZL,LSGL,2742
2026-09-06 09:54:45,4b1bb1,HBKMR,LSZL,LSZL,7988
2026-09-06 09:52:38,4b40df,HBYOT,LSZL,LSGY,3921
2026-09-06 09:41:37,300647,CPV822,LSZL,LIMB,2353
2026-09-06 09:32:10,4b1bc9,HBKNP,LSZL,LSZL,1571
2026-09-06 09:20:34,4b5169,HB3266,LSZL,LSZL,801
2026-09-06 09:19:23,a2721c,N257GG,LSZL,,689
2026-09-06 08:53:44,4b2d1f,HBRCH,LSZL,LSTS,3093
2026-09-06 08:40:18,3d4142,DEWYS,LSZL,EDML,5974
2026-09-06 08:21:38,4b5169,HB3266,LSZL,LSZL,1729
2026-09-06 08:09:48,4b1bb1,HBKMR,LSZL,LSZL,671
2026-09-06 08:07:32,4b3a22,HBWAK,LSZL,LSZL,4931
2026-09-06 07:59:33,4b1bc5,HBKNL,LSZL,LSZL,1186
2026-09-06 07:59:08,500028,T7PCS,LSZL,LSZL,2083
2026-09-06 07:53:33,4b28e3,HBPMP,LSZL,LSZR,3054
2026-09-06 07:46:40,4b1bbe,HBKNE,LSZL,LSZL,15810
2026-09-06 07:44:20,4b1bc9,HBKNP,LSZL,LSZL,1417
2026-09-06 07:43:06,4b1bcc,HBKNS,LSZL,LSZL,1101
2026-09-06 07:39:41,4b1fa1,HBLZL,LSZL,LSZL,6070
2026-09-06 07:36:25,4b4db1,HB2314,LSZL,LSZL,1563
2026-09-06 07:34:21,3d2c5c,DEPAY,LSZL,EDMH,5301
2026-09-06 07:31:47,4b1bc2,HBKNI,LSZL,LSZL,5039
2026-09-06 07:28:37,4b1bc6,HBKNM,LSZL,LSGL,5686
2026-09-06 07:25:35,4b5169,HB3266,LSZL,LSZL,1642
2026-09-06 07:25:26,4b1bb1,HBKMR,LSZL,LSZL,1976
2026-09-06 07:17:50,4b1bbf,HBKNF,LSZL,LSPU,2199
2026-09-06 07:16:26,4b3a22,HBWAK,LSZL,LSZL,2422
2026-09-06 07:08:33,4b40fe,HBYPY,LSZL,ETHL,3456
2026-09-06 07:07:11,4b1bc5,HBKNL,LSZL,LSZL,1246
2026-09-06 06:58:07,3d3857,DETOX,LSZL,EDVM,9433
2026-09-06 06:50:24,4b426c,HBZEA,LSZL,LSPM,1594
2026-09-09 11:50:30,4b1bc5,HBKNL,LSZL,LSZL,2252
2026-09-09 11:36:05,4b1bc6,HBKNM,LSZL,LSZL,625
2026-09-09 11:25:01,4b7fe1,T332,LSZL,LSZL,872
2026-09-09 10:11:37,4b1bc2,HBKNI,LSZL,LSZL,1788
2026-09-09 09:48:46,4b1fa1,HBLZL,LSZL,LSZL,4002
2026-09-09 09:38:13,4b1bc5,HBKNL,LSZL,LSZL,1019
2026-09-09 09:20:25,4b1bcc,HBKNS,LSZL,LSZL,1953
2026-09-09 09:08:40,4b3f28,HBXXW,LSZL,LSZL,604
2026-09-09 08:03:54,4b3f28,HBXXW,LSZL,LSZL,1352
2026-09-09 07:57:33,4b3042,HBSHE,LSZL,LSZL,3065
2026-09-09 07:55:35,4b44a1,HBZZT,LSZL,LSPU,2062
2026-09-09 07:53:09,4b1bb1,HBKMR,LSZL,LSZL,1801
2026-09-09 07:46:25,500028,T7PCS,LSZL,LSZA,1234
2026-09-09 07:26:11,4b7fe1,T332,LSZL,LSZL,2320
2026-09-09 07:08:45,4b443d,HBZVX,LSZL,LILN,3517
2026-09-09 06:56:35,4b3dd7,HBXKX,LSZL,LSZL,7033
2026-09-09 06:45:22,4b1fa1,HBLZL,LSZL,LSZL,4542
2026-09-08 15:26:16,4b3043,HBSHF,LSZL,LSZL,1186
2026-09-08 14:00:01,500028,T7PCS,LSZL,LSZL,2382
2026-09-08 12:45:01,4b3042,HBSHE,LSZL,LILC,897
2026-09-08 12:22:49,4b1bcc,HBKNS,LSZL,LSZL,1779
2026-09-08 12:21:41,4b1bc6,HBKNM,LSZL,LSZL,1088
2026-09-08 12:18:08,4b1bc5,HBKNL,LSZL,LIMB,2504
2026-09-08 12:04:50,4b7f65,V620,LSZL,LSPG,1539
2026-09-08 11:56:02,4b2811,HBPEN,LSZL,LSZB,3546
2026-09-08 11:47:00,4b1bc6,HBKNM,LSZL,LSZL,1228
2026-09-08 11:46:46,4b1fa1,HBLZL,LSZL,LSZA,8233
2026-09-08 10:43:52,4b1bc2,HBKNI,LSZL,LSPU,2096
2026-09-08 09:51:31,4b3042,HBSHE,LSZL,LSZL,6178
2026-09-08 09:47:39,4b0e43,HBFKL,LSZL,,1752
2026-09-08 09:40:13,4b1bc2,HBKNI,LSZL,LSZL,2080
2026-09-08 09:26:31,4b1bcc,HBKNS,LSZL,LSZL,1556
2026-09-08 08:54:35,4b7fde,T335,LSZL,LSZC,1925
2026-09-08 08:49:43,a2721c,N257GG,LSZL,LSZL,1274
2026-09-08 08:30:52,4b1bc5,HBKNL,LSZL,LIMG,5877
2026-09-08 08:23:44,4b7fa8,T311,LSZL,,1065
2026-09-08 08:11:11,4b7fe1,T332,LSZL,LSMA,3307
2026-09-08 07:45:39,4b1bc2,HBKNI,LSZL,,1339
2026-09-08 07:30:59,4b1bc6,HBKNM,LSZL,LSZL,1430
2026-09-08 07:23:16,4b3041,HBSHD,LSZL,LSGL,4859
2026-09-08 07:20:47,4b1bcc,HBKNS,LSZL,LSZL,3912
2026-09-08 07:11:48,4b1fa1,HBLZL,LSZL,LIMZ,2647
2026-09-08 06:37:43,4b4387,HBZOX,LSZL,LSZL,6323
2026-09-08 05:44:48,4b3dd7,HBXKX,LSZL,LSPM,1224
2026-09-08 05:28:42,4b442e,HBZVI,LSZL,LSZA,10974
2026-09-11 17:11:20,4b1bbe,HBKNE,LSZL,LSZL,773
2026-09-11 17:07:40,4b1bc9,HBKNP,LSZL,LSZL,1386
2026-09-11 16:55:17,4b1bcc,HBKNS,LSZL,LSZL,1580
2026-09-11 16:52:46,4b1bc2,HBKNI,LSZL,LSZL,1174
2026-09-11 16:49:30,4b1bc6,HBKNM,LSZL,LSZL,2040
2026-09-11 16:45:13,4b1bc5,HBKNL,LSZL,LSZL,3193
2026-09-11 16:10:42,4b1bc9,HBKNP,LSZL,LSZL,1307
2026-09-11 15:53:00,4b0d8c,HBFDK,LSZL,LSMP,1523
2026-09-11 15:31:32,4b1bbe,HBKNE,LSZL,LSZA,1017
2026-09-11 15:28:30,4b1bb1,HBKMR,LSZL,LSZL,4059
2026-09-11 15:15:30,4b1bc2,HBKNI,LSZL,LSZL,1136
2026-09-11 15:01:55,4b1bc6,HBKNM,LSZL,LSZL,3182
2026-09-11 14:33:40,4b1bcc,HBKNS,LSZL,LSPM,1534
2026-09-11 14:30:10,4b1bb1,HBKMR,LSZL,LSZL,1261
2026-09-11 14:26:04,4b23e1,HBNPH,LSZL,LSZA,1874
2026-09-11 14:17:35,4b1bbe,HBKNE,LSZL,LSZL,1575
2026-09-11 14:12:00,4b448d,HBZYZ,LSZL,LSZL,1909
2026-09-11 14:09:00,4b1bc6,HBKNM,LSZL,LSZL,1155
2026-09-11 13:45:41,4b1bc2,HBKNI,LSZL,LSZL,1930
2026-09-11 13:41:22,4b3041,HBSHD,LSZL,LSTA,1741
2026-09-11 13:25:02,4b1bb1,HBKMR,LSZL,LSZL,1215
2026-09-11 13:04:09,4b4322,HBZLA,LSZL,LSZL,820
2026-09-11 12:59:21,4b1bc5,HBKNL,LSZL,LSZL,4717
2026-09-11 12:54:11,4b1fa1,HBLZL,LSZL,LSZL,5987
2026-09-11 12:46:35,4b4072,HBYKO,LSZL,LSZE,2616
2026-09-11 12:40:15,4b1bc2,HBKNI,LSZL,LSZL,1612
2026-09-11 12:39:47,4b1bcc,HBKNS,LSZL,LSZL,3610
2026-09-11 12:39:08,4b1bbe,HBKNE,LSZL,LSZL,3619
2026-09-11 12:23:31,4b3041,HBSHD,LSZL,LSZL,2382
2026-09-11 12:20:00,4b1bc6,HBKNM,LSZL,LSZL,2931
2026-09-11 12:10:03,4b1c24,HBKRC,LSZL,EDVK,4792
2026-09-11 12:05:16,4b0878,HBDFK,LSZL,LSZG,3982
2026-09-11 12:03:39,4b448d,HBZYZ,LSZL,LSZL,1547
2026-09-11 11:50:14,4b1bb1,HBKMR,LSZL,LSZL,3057
2026-09-11 11:49:52,4b0f49,HBFUN,LSZL,LSZC,1551
2026-09-11 11:43:49,4b3f28,HBXXW,LSZL,LSZL,2030
2026-09-11 11:31:00,4b3dd7,HBXKX,LSZL,LSZL,3022
2026-09-11 11:22:43,4b7fe1,T332,LSZL,LSMA,1446
2026-09-11 10:28:04,4b1bb1,HBKMR,LSZL,LSZL,1974
2026-09-11 10:26:31,4b3309,RGA06,LSZL,LSZL,968
2026-09-11 09:58:44,500028,T7PCS,LSZL,LSPV,2466
2026-09-11 09:51:05,4b1bbe,HBKNE,LSZL,LIPL,2897
2026-09-11 09:48:41,4b1bc9,HBKNP,LSZL,LIMB,8322
2026-09-11 09:42:43,4b1bc6,HBKNM,LSZL,LSZL,1892
2026-09-11 09:35:01,4b1bc2,HBKNI,LSZL,LILR,3623
2026-09-11 09:31:09,4b1bcc,HBKNS,LSZL,LILR,3765
2026-09-11 09:29:55,4b1bc5,HBKNL,LSZL,,3472
2026-09-11 09:04:05,4b4322,HBZLA,LSZL,LSZL,784
2026-09-11 09:02:00,4b3f28,HBXXW,LSZL,LSZL,2098
2026-09-11 08:56:15,4b1bc9,HBKNP,LSZL,LSZL,1093
2026-09-11 08:31:23,4b7fe1,T332,LSZL,LSZL,1347
2026-09-11 08:21:38,4b4455,HBZWV,LSZL,LSGL,4700
2026-09-11 08:18:30,4b7fa8,T311,LSZL,LSZL,779
2026-09-11 07:54:09,4b1fa1,HBLZL,LSZL,LSZL,5226
2026-09-11 07:51:27,4b1bc9,HBKNP,LSZL,LSZL,690
2026-09-11 07:49:04,4b1bbe,HBKNE,LSZL,LSZL,2871
2026-09-11 07:43:46,4b442e,HBZVI,LSZL,LSPM,3444
2026-09-11 07:43:18,4b1bc2,HBKNI,LSZL,LSZL,4650
2026-09-11 07:38:25,4b1bcc,HBKNS,LSZL,LSZL,2613
2026-09-11 07:38:07,4b1bc5,HBKNL,LSZL,LSZL,2760
2026-09-11 07:37:40,4b448d,HBZYZ,LSZL,LSZL,1444
2026-09-11 07:36:40,4b3042,HBSHE,LSZL,LSGB,4083
2026-09-11 06:54:29,4b7fe1,T332,LSZL,LSZL,1126
2026-09-11 06:41:06,4b7fa8,T311,LSZL,LSZL,830
2026-09-11 06:22:12,4b1c24,HBKRC,LSZL,,3946
2026-09-11 06:10:17,4b3f28,HBXXW,LSZL,LSZL,1257
2026-09-11 05:29:18,4b442e,HBZVI,LSZL,LSZL,656
2026-09-10 19:29:07,4b330a,RGA08,LSZL,LSMD,2576
2026-09-10 16:55:36,4b1bb1,HBKMR,LSZL,LSZL,2202
2026-09-10 15:55:35,4b1bc9,HBKNP,LSZL,LSZL,3807
2026-09-10 15:54:11,4b1bb1,HBKMR,LSZL,LSZL,2357
2026-09-10 15:34:02,4b1bbe,HBKNE,LSZL,LSZL,1875
2026-09-10 15:22:25,4b1bcc,HBKNS,LSZL,LSZL,7782
2026-09-10 15:09:37,4b1bc6,HBKNM,LSZL,LSZL,7400
2026-09-10 15:07:18,4b1bc2,HBKNI,LSZL,LSZL,2111
2026-09-10 15:06:30,4b1bc9,HBKNP,LSZL,LSZL,1108
2026-09-10 14:42:37,4b1bc5,HBKNL,LSZL,LSZA,2070
2026-09-10 14:05:08,4b1bc2,HBKNI,LSZL,LSZL,1586
2026-09-10 14:00:46,4b1bb1,HBKMR,LSZL,LSZL,4562
2026-09-10 13:53:33,4b1bc6,HBKNM,LSZL,LSZL,2530
2026-09-10 13:48:49,4b442e,HBZVI,LSZL,LSML,4928
2026-09-10 13:30:43,4b1bcc,HBKNS,LSZL,LSZA,1536
2026-09-10 13:28:34,4b1bbe,HBKNE,LSZL,LSZL,3914
2026-09-10 13:10:48,4b3043,HBSHF,LSZL,LIMB,2829
2026-09-10 13:09:50,4b3041,HBSHD,LSZL,LSTA,1663
2026-09-10 13:07:39,4b3042,HBSHE,LSZL,LSZL,6527
2026-09-10 13:04:40,4b7fa8,T311,LSZL,LSML,1976
2026-09-10 12:24:04,4b1bc9,HBKNP,LSZL,LSZL,7010
2026-09-10 12:21:00,4b1bb1,HBKMR,LSZL,LSZL,2279
2026-09-10 12:20:08,4b1bcc,HBKNS,LSZL,LSZL,1918
2026-09-10 11:57:10,4b1bc2,HBKNI,LSZL,LSZL,2227
2026-09-10 11:50:31,4b4072,HBYKO,LSZL,LSZE,3086
2026-09-10 11:45:20,4b3dd7,HBXKX,LSZL,LSZL,6743
2026-09-10 11:31:30,4b7fe1,T332,LSZL,LSZL,1901
2026-09-10 11:30:22,4b442e,HBZVI,LSZL,LSML,3121
2026-09-10 10:18:15,4b1bb1,HBKMR,LSZL,LSZL,1629
2026-09-10 09:52:58,4b3042,HBSHE,LSZL,LSZL,1231
2026-09-10 09:42:32,4b1bc9,HBKNP,LSZL,LSZL,1076
2026-09-10 09:36:02,4b1bc5,HBKNL,LSZL,LSZL,1287
2026-09-10 09:24:02,4b1fa1,HBLZL,LSZL,LSZL,2090
2026-09-10 09:18:23,4b1bbe,HBKNE,LSZL,LSZL,1416
2026-09-10 09:08:04,3e1d4c,DICHG,LSZL,EDPA,2589
2026-09-10 08:54:29,4b1fa1,HBLZL,LSZL,LSZL,976
2026-09-10 08:41:46,4b3dd7,HBXKX,LSZL,LSZL,805
2026-09-10 08:27:29,4b7fe1,T332,LSZL,LSZL,2496
2026-09-10 08:12:45,4b1bc5,HBKNL,LSZL,LSZL,914
2026-09-10 07:58:40,4b1bc2,HBKNI,LSZL,LSZA,3625
2026-09-10 07:51:18,4b1bc6,HBKNM,LSZL,LSZL,1539
2026-09-10 07:41:09,4b1bc9,HBKNP,LSZL,LSZL,1056
2026-09-10 07:28:42,4b1bc5,HBKNL,LSZL,LSZL,1006
2026-09-10 07:26:04,4b1bb1,HBKMR,LSZL,LSZL,3619
2026-09-10 07:19:37,4b1bcc,HBKNS,LSZL,LSZL,2722
2026-09-10 07:04:11,4b1c24,HBKRC,LSZL,ELLX,3795
2026-09-10 05:41:35,4b442e,HBZVI,LSZL,LSZL,6758
2026-09-10 05:38:06,4b3f28,HBXXW,LSZL,LSML,6868
2026-09-13 16:56:18,4b1bc5,HBKNL,LSZL,LSZL,1082
2026-09-13 16:53:44,4b1bb1,HBKMR,LSZL,LSZL,2779
2026-09-13 16:31:14,4b1bcc,HBKNS,LSZL,LSZL,2091
2026-09-13 16:26:22,4b1bbe,HBKNE,LSZL,LSZL,3095
2026-09-13 15:54:23,4b1bc5,HBKNL,LSZL,LSZL,1401
2026-09-13 15:46:00,4b1bcc,HBKNS,LSZL,LSZL,1079
2026-09-13 15:39:39,4b3309,RGA06,LSZL,LSZL,658
2026-09-13 15:38:03,4b1bbf,HBKNF,LSZL,LSML,9178
2026-09-13 15:20:30,4b1bbe,HBKNE,LSZL,LSZL,1913
2026-09-13 14:57:33,4b1bc5,HBKNL,LSZL,LSZL,1526
2026-09-13 14:39:02,4b1bc9,HBKNP,LSZL,LSZL,8414
2026-09-13 14:29:29,3e4b79,DITTX,LSZL,EDDC,8509
2026-09-13 14:23:37,4b1bbf,HBKNF,LSZL,LSZL,1991
2026-09-13 13:51:37,4b1bc5,HBKNL,LSZL,LSZL,1485
2026-09-13 13:45:14,4b1bcc,HBKNS,LSZL,LSZL,3157
2026-09-13 13:25:34,4b1bbf,HBKNF,LSZL,LSZL,1675
2026-09-13 13:22:43,4b1bb1,HBKMR,LSZL,LSZL,2322
2026-09-13 12:55:11,4b1bbe,HBKNE,LSZL,LSZL,3639
2026-09-13 12:53:17,4b1bfb,HBKPN,LSZL,LSMF,2799
2026-09-13 12:41:30,4b079c,HBCWY,LSZL,LSZR,2672
2026-09-13 12:39:30,4b0ca8,HBEUQ,LSZL,LSPN,4479
2026-09-13 12:34:36,4b1b97,HBKLR,LSZL,LSZT,3260
2026-09-13 12:32:45,4b1f98,HBLZC,LSZL,LSZG,3027
2026-09-13 12:30:30,4b1bc9,HBKNP,LSZL,LSZL,3412
2026-09-13 12:26:47,4b1bc5,HBKNL,LSZL,LSZL,1678
2026-09-13 12:24:35,4b0c1d,HBEPH,LSZL,LSMF,3860
2026-09-13 12:15:49,4b1bbf,HBKNF,LSZL,LSZL,2409
2026-09-13 12:07:46,4b1b5c,HBKJK,LSZL,LSZB,5101
2026-09-13 12:04:30,4b1fa1,HBLZL,LSZL,LSZL,6230
2026-09-13 12:03:16,4b4121,HBYRH,LSZL,LSZK,3577
2026-09-13 11:56:07,4b1bb1,HBKMR,LSZL,LSZL,2718
2026-09-13 11:32:21,4b1af2,HBKFI,LSZL,LSGL,4220
2026-09-13 11:19:05,4b1bf6,HBKPI,LSZL,LSZM,6834
2026-09-13 10:29:03,4b1bbf,HBKNF,LSZL,LSZL,1602
2026-09-13 10:15:15,4b1bc5,HBKNL,LSZL,LSZL,6313
2026-09-13 10:13:02,4b1bcc,HBKNS,LSZL,LSPM,6617
2026-09-13 09:53:30,4b1bc9,HBKNP,LSZL,LSZL,2474
2026-09-13 09:37:20,4b1bb1,HBKMR,LSZL,LSZL,3577
2026-09-13 09:33:50,4b1bbf,HBKNF,LSZL,LSZL,1380
2026-09-13 08:52:39,4b1bc5,HBKNL,LSZL,LSZL,3167
2026-09-13 08:39:50,4b1bcc,HBKNS,LSZL,LSZL,1640
2026-09-13 07:47:16,4b1bbe,HBKNE,LSZL,LSZL,7054
2026-09-13 07:45:37,4b1bb1,HBKMR,LSZL,LSZL,1932
2026-09-13 07:43:44,4b377f,HBVAL,LSZL,LYBE,5882
2026-09-13 07:35:55,4b1bcc,HBKNS,LSZL,LSZL,1594
2026-09-13 07:35:55,4b1bbf,HBKNF,LSZL,LSZL,3746
2026-09-13 07:31:10,4b1fa1,HBLZL,LSZL,LSZL,7459
2026-09-13 07:22:51,4b1bc5,HBKNL,LSZL,LSZL,3448
2026-09-13 07:09:20,4b1bc9,HBKNP,LSZL,LSZL,3516
2026-09-12 17:22:09,4b3309,RGA06,LSZL,LSZL,2307
2026-09-12 16:58:01,4b1bc9,HBKNP,LSZL,LSZL,2737
2026-09-12 16:49:20,4b1bc5,HBKNL,LSZL,LSZL,1393
2026-09-12 16:33:17,4b1bcc,HBKNS,LSZL,LSZL,3812
2026-09-12 16:28:01,4b1bbe,HBKNE,LSZL,LSZL,1966
2026-09-12 16:25:40,4b1bc6,HBKNM,LSZL,LSZL,1506
2026-09-12 16:07:36,4b1bbf,HBKNF,LSZL,LSZL,1570
2026-09-12 16:05:45,4b1bc9,HBKNP,LSZL,LSZL,1714
2026-09-12 15:39:08,4b1bcc,HBKNS,LSZL,LSZL,1461
2026-09-12 15:29:15,4b1bb1,HBKMR,LSZL,LSZL,1285
2026-09-12 15:23:31,4b1bc5,HBKNL,LSZL,LSZL,3352
2026-09-12 14:50:00,4b1bbe,HBKNE,LSZL,LSZL,3178
2026-09-12 14:32:23,4b3309,RGA06,LSZL,LSML,741
2026-09-12 14:27:37,4b1bcc,HBKNS,LSZL,LSZL,2586
2026-09-12 14:10:00,4b4126,HBYRM,LSZL,LSZP,3575
2026-09-12 14:06:09,4b1bbf,HBKNF,LSZL,LSZL,5509
2026-09-12 14:05:51,500028,T7PCS,LSZL,LSZA,723
2026-09-12 14:03:07,4b3416,HBTSW,LSZL,LSPV,2367
2026-09-12 13:56:36,4b41c1,HBYXL,LSZL,LSZM,2735
2026-09-12 13:55:30,4b1bc5,HBKNL,LSZL,LSZL,2653
2026-09-12 13:42:10,4b1bcc,HBKNS,LSZL,LSZL,1152
2026-09-12 13:26:30,4b1bc6,HBKNM,LSZL,LIME,2998
2026-09-12 13:24:49,4b2811,HBPEN,LSZL,LSZB,2768
2026-09-12 13:15:00,4b330a,RGA08,LSZL,LSPM,3354
2026-09-12 13:11:41,4b1bbe,HBKNE,LSZL,LSZL,1756
2026-09-12 13:10:02,4b1c69,HBKTT,LSZL,LSMF,3079
2026-09-12 12:38:01,4b32a5,HBTER,LSZL,LSZK,2780
2026-09-12 12:36:44,4b1bbf,HBKNF,LSZL,LSZL,3374
2026-09-12 12:29:50,3d3f14,DEWDG,LSZL,LSPN,3411
2026-09-12 12:21:30,4b1bc9,HBKNP,LSZL,LSPU,2267
2026-09-12 12:19:31,4b1fa1,HBLZL,LSZL,LSZL,7457
2026-09-12 12:16:39,4b1bc5,HBKNL,LSZL,LSZL,3598
2026-09-12 11:54:33,4b1bcc,HBKNS,LSZL,LSZL,1694
2026-09-12 11:44:31,3ff741,DMDUE,LSZL,LSZT,4688
2026-09-12 11:42:53,4b1c5c,HBKTG,LSZL,LSGL,2417
2026-09-12 11:39:30,4b079c,HBCWY,LSZL,LSZR,2854
2026-09-12 11:32:50,4b23e1,HBNPH,LSZL,LSZA,855
2026-09-12 11:25:03,4b1b5c,HBKJK,LSZL,LSZB,4399
2026-09-12 10:29:48,4b1bbe,HBKNE,LSZL,LSZL,5436
2026-09-12 10:25:18,4b2811,HBPEN,LSZL,LSPM,2379
2026-09-12 10:20:24,4b1c24,HBKRC,LSZL,EDMA,3388
2026-09-12 10:18:01,4b3309,RGA06,LSZL,LSZL,679
2026-09-12 10:02:46,4b1fa1,HBLZL,LSZL,LSZL,1843
2026-09-12 09:53:01,4b4322,HBZLA,LSZL,LSZL,1250
2026-09-12 09:52:16,4b1bbf,HBKNF,LSZL,LSZL,3516
2026-09-12 09:37:02,4b3309,RGA06,LSZL,LSZL,895
2026-09-12 09:29:42,4b1bc5,HBKNL,LSZL,LSZL,3330
2026-09-12 09:09:15,4b4322,HBZLA,LSZL,LSZL,1953
2026-09-12 09:06:14,4b1bbe,HBKNE,LSZL,LSZL,2462
2026-09-12 09:01:47,4b1bc9,HBKNP,LSZL,LSZL,1741
2026-09-12 09:00:10,4b4134,HBYSA,LSZL,,953
2026-09-12 08:58:57,3d840b,DFWGH,LSZL,EDDS,2959
2026-09-12 08:49:44,4b1bbf,HBKNF,LSZL,LSZL,1591
2026-09-12 08:19:59,4b1bb1,HBKMR,LSZL,LSZR,5155
2026-09-12 08:04:51,4b1fa1,HBLZL,LSZL,LSZL,1798
2026-09-12 07:57:55,4b448d,HBZYZ,LSZL,LSZL,887
2026-09-12 07:45:52,4b1bc9,HBKNP,LSZL,LSZL,2227
2026-09-12 07:40:56,4b1bcc,HBKNS,LSZL,LSZL,7412
2026-09-12 07:33:46,4b1bc5,HBKNL,LSZL,LSZL,3223
2026-09-12 07:27:43,4b1bbf,HBKNF,LSZL,LSZL,2024
2026-09-12 07:26:03,4b1bc6,HBKNM,LSZL,LIPV,8226
2026-09-12 07:20:01,4b44a1,HBZZT,LSZL,LSPM,1909
2026-09-12 07:12:28,4b4322,HBZLA,LSZL,LSZL,1219
2026-09-12 06:16:13,4b40fe,HBYPY,LSZL,,4317
2026-09-12 06:11:38,4b44a1,HBZZT,LSZL,LSZL,2104
2026-09-12 05:43:23,4b3dd7,HBXKX,LSZL,LSPM,1513
2026-09-15 17:11:28,4b1bbf,HBKNF,LSZL,LSZL,1469
2026-09-15 17:03:42,4b1bb1,HBKMR,LSZL,LSZL,1187
2026-09-15 16:06:33,4b3040,HBSHC,LSZL,LSZR,3538
2026-09-15 16:01:08,4b1bbf,HBKNF,LSZL,LSZL,1576
2026-09-15 15:46:13,4b1bc9,HBKNP,LSZL,LSZL,1345
2026-09-15 15:43:00,4b43e6,HBZSO,LSZL,LSPU,963
2026-09-15 15:36:54,4b1bbc,HBKNC,LSZL,LSZL,2141
2026-09-15 15:31:43,4b1bb1,HBKMR,LSZL,LSZL,1747
2026-09-15 15:27:49,4b1bcc,HBKNS,LSZL,LSZL,1670
2026-09-15 15:24:20,4b4387,HBZOX,LSZL,LSZA,1333
2026-09-15 14:55:31,4b1bc5,HBKNL,LSZL,LSZL,1154
2026-09-15 14:46:10,4b3d25,HBXEB,LSZL,LSGG,3731
2026-09-15 14:30:01,4b1fa1,HBLZL,LSZL,LSZL,2548
2026-09-15 14:09:16,4b426c,HBZEA,LSZL,LSZL,1077
2026-09-15 14:08:46,4b1bb1,HBKMR,LSZL,LSZL,2706
2026-09-15 13:59:15,4b1bbc,HBKNC,LSZL,LSZL,1866
2026-09-15 13:48:31,4b1bcc,HBKNS,LSZL,LSZL,2428
2026-09-15 13:40:20,4b1bc5,HBKNL,LSZL,LSZL,1718
2026-09-15 13:37:11,4b41b6,HBYXA,LSZL,LSPG,1881
2026-09-15 13:07:16,4b1bbf,HBKNF,LSZL,LSZL,1130
2026-09-15 13:00:22,4b7f65,V620,LSZL,LSZL,2910
2026-09-15 12:50:01,4b1c04,HBKPW,LSZL,LSZA,832
2026-09-15 12:37:33,4b1e1d,HBLKN,LSZL,LSZB,2726
2026-09-15 12:29:17,4b0e27,PIZ23,LSZL,LFMD,2832
2026-09-15 12:27:06,4b1bbf,HBKNF,LSZL,LSZL,1191
2026-09-15 12:17:16,4b1fa1,HBLZL,LSZL,LSZL,5219
2026-09-15 12:14:06,4b3042,HBSHE,LSZL,LSZB,5442
2026-09-15 12:09:05,4b4184,HBYVC,LSZL,LSZT,4733
2026-09-15 11:16:49,4b7f65,V620,LSZL,LSZL,4480
2026-09-15 10:26:31,4b1bbf,HBKNF,LSZL,LSZL,2289
2026-09-15 10:00:40,4b1bc5,HBKNL,LSZL,LSZL,1950
2026-09-15 09:59:49,4b1bc9,HBKNP,LSZL,LSPU,2200
2026-09-15 09:52:31,4b1bcc,HBKNS,LSZL,LSZL,7246
2026-09-15 09:29:07,4b1bb1,HBKMR,LSZL,LILR,4006
2026-09-15 09:12:02,4b1bc5,HBKNL,LSZL,LSZL,1668
2026-09-15 08:58:30,4b1bbf,HBKNF,LSZL,LSZL,2248
2026-09-15 08:51:18,4b1fa1,HBLZL,LSZL,LSZL,2034
2026-09-15 08:47:25,4b3042,HBSHE,LSZL,LSZL,2642
2026-09-15 08:21:57,4b1bcc,HBKNS,LSZL,LSZL,1764
2026-09-15 08:20:56,4b4475,HBZYB,LSZL,LSZL,1171
2026-09-15 08:14:07,4b7f65,V620,LSZL,LSZL,3191
2026-09-15 08:10:28,4b7f63,V623,LSZL,LSZL,6038
2026-09-15 07:51:51,4b426c,HBZEA,LSZL,LSZL,5190
2026-09-15 07:44:47,4b1bb1,HBKMR,LSZL,LSZL,4226
2026-09-15 07:43:50,4b1636,HBIKS,LSZL,LOWW,3580
2026-09-15 07:38:24,4b1bbe,HBKNE,LSZL,LIPB,4713
2026-09-15 07:25:59,500028,T7PCS,LSZL,LSZL,1550
2026-09-15 07:03:12,4b1bc9,HBKNP,LSZL,LSZL,8076
2026-09-15 07:01:55,4b1bc5,HBKNL,LSZL,LSZL,3027
2026-09-15 07:00:37,4b1bbf,HBKNF,LSZL,LSZL,2812
2026-09-15 06:38:50,4b426c,HBZEA,LSZL,LSZL,1139
2026-09-15 06:16:19,4b7f65,V620,LSZL,LSZL,2627
2026-09-15 05:44:34,4b426c,HBZEA,LSZL,LSZL,2305
2026-09-14 17:18:35,4b1bcc,HBKNS,LSZL,LSZL,1706
2026-09-14 16:26:25,4b1bbf,HBKNF,LSZL,LSZL,2364
2026-09-14 16:17:05,4b1bbe,HBKNE,LSZL,LSZL,2321
2026-09-14 15:48:19,4b1bc9,HBKNP,LSZL,LSZL,1614
2026-09-14 15:22:34,4b1bc5,HBKNL,LSZL,LSZL,3310
2026-09-14 15:19:10,4b1bbf,HBKNF,LSZL,LSZL,2226
2026-09-14 15:07:52,4b3e3f,KHS31,LSZL,LIMF,2107
2026-09-14 15:04:12,4b1bb1,HBKMR,LSZL,LSZL,6454
2026-09-14 14:53:35,4b1bcc,HBKNS,LSZL,LSZL,2029
2026-09-14 14:47:36,4b1bc9,HBKNP,LSZL,LSZL,1303
2026-09-14 14:45:00,4b442e,HBZVI,LSZL,LSML,2169
2026-09-14 14:30:23,4b0d8c,HBFDK,LSZL,LSMP,1695
2026-09-14 14:25:16,4b1bc5,HBKNL,LSZL,LSZL,1271
2026-09-14 14:06:22,4b1b4a,HBKIS,LSZL,LSPV,4275
2026-09-14 13:54:18,4b23f1,HBNPX,LSZL,LSPU,867
2026-09-14 13:53:38,4b443d,HBZVX,LSZL,LSZL,1185
2026-09-14 13:37:30,4b1bc9,HBKNP,LSZL,LSZL,2170
2026-09-14 13:13:36,4b7f65,V620,LSZL,LSZL,4217
2026-09-14 12:59:07,4b448d,HBZYZ,LSZL,LSZL,1629
2026-09-14 12:57:04,4b1bbe,HBKNE,LSZL,LSZL,4521
2026-09-14 12:16:03,4b443d,HBZVX,LSZL,LSZL,801
2026-09-14 12:15:05,4b1fa1,HBLZL,LSZL,LSZL,7598
2026-09-14 12:07:44,4b1bc5,HBKNL,LSZL,LSZL,6306
2026-09-14 11:57:01,4b1bc9,HBKNP,LSZL,LSZL,4072
2026-09-14 11:50:33,4b1bbe,HBKNE,LSZL,LSZL,2162
2026-09-14 11:48:56,4b3f28,HBXXW,LSZL,LSZA,3497
2026-09-14 11:39:36,4b443d,HBZVX,LSZL,LSZL,1220
2026-09-14 11:36:40,4b23f1,HBNPX,LSZL,LSTA,1203
2026-09-14 11:25:31,4b442e,HBZVI,LSZL,LSZL,7484
2026-09-14 11:16:34,4b7f65,V620,LSZL,LSZL,4037
2026-09-14 11:03:36,4b4387,HBZOX,LSZL,LSZL,1242
2026-09-14 10:27:36,4b1bc9,HBKNP,LSZL,LSZL,2504
2026-09-14 10:00:06,4b1bbe,HBKNE,LSZL,LSZL,2092
2026-09-14 09:32:02,4b4387,HBZOX,LSZL,LSZL,1462
2026-09-14 09:24:10,4b1bc9,HBKNP,LSZL,LSZL,1697
2026-09-14 08:56:22,4b1bbe,HBKNE,LSZL,LSZL,1644
2026-09-14 08:54:24,4b442e,HBZVI,LSZL,LSZL,2157
2026-09-14 08:50:00,4b426c,HBZEA,LSZL,LSZL,2187
2026-09-14 08:21:10,4b1bbf,HBKNF,LSZL,LIPK,8358
2026-09-14 08:15:13,4b1bcc,HBKNS,LSZL,LIPK,8464
2026-09-14 07:36:10,4b1fa1,HBLZL,LSZL,LSZL,6750
2026-09-14 07:31:18,4b1bc5,HBKNL,LSZL,LSZL,2762
2026-09-14 07:25:25,a2721c,N257GG,LSZL,LIRU,6627
2026-09-14 07:02:46,4b1bbe,HBKNE,LSZL,LSZL,3670
2026-09-14 06:16:53,a79c67,N59PV,LSZL,LFLI,2102
2026-09-14 05:39:28,4b442e,HBZVI,LSZL,LSPM,1230
2026-09-14 05:39:14,4b4387,HBZOX,LSZL,LSZL,3138
2026-09-14 05:34:33,4b426c,HBZEA,LSZL,LSPM,2516
2026-09-17 15:53:05,3d47fd,DEZMZ,LSZL,LSZA,1128
2026-09-17 15:33:10,4b1bc9,HBKNP,LSZL,LSZL,1549
2026-09-17 15:30:01,4b1bbf,HBKNF,LSZL,LSZL,3628
2026-09-17 15:13:00,4b1bcc,HBKNS,LSZL,LSZL,2022
2026-09-17 15:02:32,4b1bb1,HBKMR,LSZL,LSZL,2794
2026-09-17 14:57:04,4b1bbc,HBKNC,LSZL,LSZL,3277
2026-09-17 14:51:31,4b1bbe,HBKNE,LSZL,LSZL,1008
2026-09-17 14:42:22,4b1bc5,HBKNL,LSZL,LSZL,2392
2026-09-17 14:38:30,4b1bc9,HBKNP,LSZL,LSZL,1469
2026-09-17 14:33:23,4b3043,HBSHF,LSZL,LSZL,1180
2026-09-17 14:28:04,4b448d,HBZYZ,LSZL,LSZL,641
2026-09-17 14:25:36,4b1bc6,HBKNM,LSZL,LSZL,3127
2026-09-17 13:59:03,4b1fa1,HBLZL,LSZL,LSZL,7390
2026-09-17 13:56:39,4b442e,HBZVI,LSZL,LSZL,691
2026-09-17 13:49:22,4b0d33,HBEZZ,LSZL,LSZL,1088
2026-09-17 13:45:38,4b3043,HBSHF,LSZL,LSZL,1277
2026-09-17 13:33:18,4b1bbe,HBKNE,LSZL,LSZL,3086
2026-09-17 13:19:42,4b1bc9,HBKNP,LSZL,LSZL,1666
2026-09-17 13:15:21,4b7f9e,T321,LSZL,LSZL,1792
2026-09-17 13:10:15,4b3dd7,HBXKX,LSZL,LSZA,3390
2026-09-17 12:57:04,4b1bc6,HBKNM,LSZL,LSZL,1913
2026-09-17 12:54:51,4b1bb1,HBKMR,LSZL,LSZL,1028
2026-09-17 12:50:56,4b4437,HBZVR,LSZL,LSZL,3020
2026-09-17 12:49:06,4b3043,HBSHF,LSZL,LSZL,1282
2026-09-17 12:34:14,4b1bc5,HBKNL,LSZL,LSZL,3374
2026-09-17 12:19:37,4b1bbf,HBKNF,LSZL,LSZL,3511
2026-09-17 12:12:19,4b4e42,HB2459,LSZL,,1614
2026-09-17 12:00:47,4b7f9e,T321,LSZL,LSZL,1258
2026-09-17 11:52:44,4b426c,HBZEA,LSZL,LSZL,7753
2026-09-17 11:50:02,44048c,OEFNB,LSZL,LSZR,1527
2026-09-17 11:42:46,a1e06c,N22UB,LSZL,EGBJ,6196
2026-09-17 11:31:18,4b3043,HBSHF,LSZL,LSZL,1816
2026-09-17 11:28:14,4b7f9e,T321,LSZL,LSZL,1287
2026-09-17 11:02:30,4b7fa8,T311,LSZL,LSMM,921
2026-09-17 10:44:18,4b1bc9,HBKNP,LSZL,LSZL,1683
2026-09-17 10:05:17,4b1bbf,HBKNF,LSZL,LSZL,5034
2026-09-17 09:52:14,4b1bc5,HBKNL,LSZL,LSZL,2085
2026-09-17 09:31:07,4b448d,HBZYZ,LSZL,LSZL,801
2026-09-17 09:29:18,4b426c,HBZEA,LSZL,LSZL,1614
2026-09-17 09:26:44,4b442e,HBZVI,LSZL,LSZL,924
2026-09-17 09:19:00,4b1bc6,HBKNM,LSZL,LSZL,2008
2026-09-17 09:17:52,4b3043,HBSHF,LSZL,LSZL,1963
2026-09-17 08:49:20,4b426c,HBZEA,LSZL,LSZL,1539
2026-09-17 08:45:30,4b4437,HBZVR,LSZL,LSML,821
2026-09-17 08:08:26,4b4322,HBZLA,LSZL,LSZL,3946
2026-09-17 07:58:19,4b3043,HBSHF,LSZL,LSZL,1145
2026-09-17 07:54:21,4b443d,HBZVX,LSZL,,2270
2026-09-17 07:54:10,4b4437,HBZVR,LSZL,LSZL,1059
2026-09-17 07:49:40,4b1bbe,HBKNE,LSZL,LSTA,1509
2026-09-17 07:47:40,4b1bbf,HBKNF,LSZL,LSZL,5476
2026-09-17 07:46:41,4b1bb1,HBKMR,LSZL,LSZL,5821
2026-09-17 07:35:10,4b1bbc,HBKNC,LSZL,LSZL,2688
2026-09-17 07:23:54,4b1bc9,HBKNP,LSZL,LSZL,6093
2026-09-17 07:22:03,4b442e,HBZVI,LSZL,LSZL,3279
2026-09-17 07:11:40,4b426c,HBZEA,LSZL,LSZL,1394
2026-09-17 07:07:34,4b3043,HBSHF,LSZL,LSZL,1299
2026-09-17 07:04:13,4b1bcc,HBKNS,LSZL,LIMB,2909
2026-09-17 06:50:52,38c59b,FPTUN,LSZL,LFLI,3946
2026-09-17 06:49:49,4b7f9e,T321,LSZL,,967
2026-09-17 06:37:36,4b3dd7,HBXKX,LSZL,LSZL,1848
2026-09-17 06:34:41,4b4072,HBYKO,LSZL,LSGE,3375
2026-09-17 06:27:07,4b7fa8,T311,LSZL,LSZL,1205
2026-09-17 06:06:36,4b4437,HBZVR,LSZL,LSZL,1052
2026-09-17 05:40:54,4b426c,HBZEA,LSZL,LSZL,4535
2026-09-17 05:24:47,4b442e,HBZVI,LSZL,LSPM,1542
2026-09-16 14:54:16,4b443d,HBZVX,LSZL,LSZL,2852
2026-09-16 14:05:30,4b442e,HBZVI,LSZL,LSZL,772
2026-09-16 13:35:04,4b1bcc,HBKNS,LSZL,LSZL,1878
2026-09-16 13:16:36,4b1bb1,HBKMR,LSZL,LSZL,2305
2026-09-16 13:10:10,4b1bbc,HBKNC,LSZL,LSZL,2467
2026-09-16 13:09:00,4b1bbf,HBKNF,LSZL,LSZL,1189
2026-09-16 13:04:31,4b7f65,V620,LSZL,LSZL,3073
2026-09-16 12:24:04,4b1bcc,HBKNS,LSZL,LSZL,1892
2026-09-16 12:23:43,4d243f,9HSKW,LSZL,LIMB,785
2026-09-16 12:19:34,4b1fa1,HBLZL,LSZL,LSZL,4782
2026-09-16 12:09:51,4b448d,HBZYZ,LSZL,LSZL,1417
2026-09-16 11:30:46,4b1bbf,HBKNF,LSZL,LSZL,1153
2026-09-16 11:18:43,4b7f65,V620,LSZL,LSZL,4204
2026-09-16 09:44:52,4b1bbc,HBKNC,LSZL,LILE,2736
2026-09-16 09:43:31,4b1bb1,HBKMR,LSZL,LSZL,1303
2026-09-16 09:16:01,4b1bbe,HBKNE,LSZL,LSZL,1648
2026-09-16 09:09:06,4b448d,HBZYZ,LSZL,LSZL,681
2026-09-16 09:03:10,4b426c,HBZEA,LSZL,LSZL,942
2026-09-16 08:49:14,4b1bc9,HBKNP,LSZL,LSZL,2666
2026-09-16 08:47:33,4b1bcc,HBKNS,LSZL,LSZL,2044
2026-09-16 08:45:38,4b1bb1,HBKMR,LSZL,LSZL,1217
2026-09-16 08:33:31,4b426c,HBZEA,LSZL,LSZL,740
2026-09-16 08:16:31,4b7fa8,T311,LSZL,LSZL,2267
2026-09-16 07:41:33,4b1bb1,HBKMR,LSZL,LSZL,1336
2026-09-16 07:34:31,4b426c,HBZEA,LSZL,LSZL,855
2026-09-16 07:23:40,4b1fa1,HBLZL,LSZL,LSZL,8424
2026-09-16 07:14:10,4b1bc9,HBKNP,LSZL,LSZL,2925
2026-09-16 07:11:37,4b1bbf,HBKNF,LSZL,LIPL,3142
2026-09-16 07:04:17,4b1bcc,HBKNS,LSZL,LSZL,3712
2026-09-16 06:58:06,4b1bbe,HBKNE,LSZL,LSZL,3643
2026-09-16 06:58:00,4b442e,HBZVI,LSZL,LSPM,10895
2026-09-16 06:53:51,4b1bbc,HBKNC,LSZL,LIME,3127
2026-09-16 06:30:04,4b426c,HBZEA,LSZL,LSZL,1761
2026-09-16 06:29:55,4b7fa8,T311,LSZL,LSZL,1952
2026-09-16 06:22:54,4b40fe,HBYPY,LSZL,,4467
2026-09-16 05:52:28,4b426c,HBZEA,LSZL,LSZL,1404
2026-09-16 05:50:33,4b442e,HBZVI,LSZL,LSZL,2136
2026-09-16 05:32:44,4b3dd7,HBXKX,LSZL,LSPM,2329
2026-09-19 17:12:00,4b3eb9,HBXTP,LSZL,LSPV,1631
2026-09-19 16:45:39,4b3eb9,HBXTP,LSZL,LSZL,816
2026-09-19 16:31:48,4b1bc9,HBKNP,LSZL,LSZL,1482
2026-09-19 16:26:00,4b1bb1,HBKMR,LSZL,LSZL,2347
2026-09-19 16:12:03,4b3eb9,HBXTP,LSZL,LSZL,862
2026-09-19 15:43:38,4b1bbf,HBKNF,LSZL,LSZL,5497
2026-09-19 15:37:13,4b1bcc,HBKNS,LSZL,LSZL,1942
2026-09-19 15:33:34,4b1bbc,HBKNC,LSZL,LSZL,2754
2026-09-19 15:30:08,4b1bc9,HBKNP,LSZL,LSZL,2598
2026-09-19 15:26:51,4b4db1,HB2314,LSZL,LSZL,1637
2026-09-19 15:20:31,4b0c84,HBETG,LSZL,LSZT,3166
2026-09-19 14:41:30,4b1bc5,HBKNL,LSZL,LSTA,1658
2026-09-19 14:27:31,4b08c3,HBDIH,LSZL,LSPV,2882
2026-09-19 14:26:53,4b1bcc,HBKNS,LSZL,LSZL,1792
2026-09-19 14:23:33,4b27f2,HBPDI,LSZL,LSZN,3211
2026-09-19 14:22:11,4b1bbf,HBKNF,LSZL,LSZL,1660
2026-09-19 14:17:41,38371d,FJHSL,LSZL,LIMB,1982
2026-09-19 14:13:06,4b1b86,HBKLA,LSZL,LSZT,4706
2026-09-19 14:06:05,4b1b97,HBKLR,LSZL,LSZT,4383
2026-09-19 14:01:11,4b07fd,HBDAR,LSZL,LSZR,3063
2026-09-19 13:58:34,4b3043,HBSHF,LSZL,LSZR,3932
2026-09-19 13:43:00,4b4db1,HB2314,LSZL,LSZL,4096
2026-09-19 13:22:53,4b1bb1,HBKMR,LSZL,LSZL,6509
2026-09-19 13:05:15,4b0fa5,HBFYB,LSZL,LSZB,1424
2026-09-19 13:01:54,4b1bc5,HBKNL,LSZL,LSZL,2248
2026-09-19 12:59:52,4b1a7c,HBKAU,LSZL,LSPV,8915
2026-09-19 12:57:01,4b4089,HBYLL,LSZL,LSZF,3919
2026-09-19 12:57:00,4b1bbf,HBKNF,LSZL,LSZL,1978
2026-09-19 12:54:03,4b1bc9,HBKNP,LSZL,LSZL,1886
2026-09-19 12:45:17,4b293a,HBPPY,LSZL,LSZG,3391
2026-09-19 12:43:39,4b1bbc,HBKNC,LSZL,LSZL,3148
2026-09-19 12:11:01,3d3f14,DEWDG,LSZL,LSPN,3180
2026-09-19 12:10:02,4b1c01,HBKPT,LSZL,LSZN,2654
2026-09-19 12:04:11,4b4db1,HB2314,LSZL,LSZL,2478
2026-09-19 11:36:45,500028,T7PCS,LSZL,LSZL,3226
2026-09-19 11:36:37,4b3309,RGA06,LSZL,LSPU,1100
2026-09-19 11:34:49,3d0cfd,DEDGA,LSZL,LIMG,4162
2026-09-19 11:29:20,31dec0,ID646,LSZL,LILB,868
2026-09-19 11:16:27,4b079c,HBCWY,LSZL,LSZR,3067
2026-09-19 11:10:39,4b403f,HBYIP,LSZL,LSZE,4168
2026-09-19 10:49:00,4b1c69,HBKTT,LSZL,LSMF,3355
2026-09-19 10:25:10,4b1bb1,HBKMR,LSZL,,1129
2026-09-19 10:22:08,4b1bbf,HBKNF,LSZL,LSZL,3285
2026-09-19 10:15:09,4b4455,HBZWV,LSZL,LSGL,2664
2026-09-19 10:12:07,4b1bcc,HBKNS,LSZL,LSZB,4268
2026-09-19 09:49:42,4b1bc5,HBKNL,LSZL,LSZL,7902
2026-09-19 09:48:38,4b1bbc,HBKNC,LSZL,LSZL,1686
2026-09-19 09:42:33,4b23e1,HBNPH,LSZL,LSZA,679
2026-09-19 09:04:56,500028,T7PCS,LSZL,LSZL,2351
2026-09-19 09:00:17,4b3f28,HBXXW,LSZL,LSZL,1047
2026-09-19 08:56:44,38c59b,FPTUN,LSZL,,4573
2026-09-19 08:30:32,4b2d1f,HBRCH,LSZL,LSZL,5572
2026-09-19 08:28:31,4b1bcc,HBKNS,LSZL,LSZL,3768
2026-09-19 08:08:51,4b1bbf,HBKNF,LSZL,LSZL,6139
2026-09-19 07:54:15,4b1e1d,HBLKN,LSZL,LIMG,3168
2026-09-19 07:40:52,4b1bc5,HBKNL,LSZL,LSZL,3508
2026-09-19 07:37:11,4b1bbe,HBKNE,LSZL,LIPR,9856
2026-09-19 07:34:48,4b1bc6,HBKNM,LSZL,LSZA,1336
2026-09-19 07:28:54,4b1bb1,HBKMR,LSZL,LIME,3206
2026-09-19 07:24:47,4b1bc9,HBKNP,LSZL,LIME,6882
2026-09-19 07:12:18,4b1bcc,HBKNS,LSZL,LSZL,2621
2026-09-19 06:58:04,4b3f28,HBXXW,LSZL,LSZL,1701
2026-09-19 05:40:33,4b44a1,HBZZT,LSZL,LSPM,5875
2026-09-19 05:34:59,4b426c,HBZEA,LSZL,LSPU,3476
2026-09-18 17:14:00,4b1bc9,,LSZL,LSZL,1312
2026-09-18 17:11:50,4b1bb1,,LSZL,LSZL,2004
2026-09-18 16:56:30,4b3043,HBSHF,LSZL,LSZL,1568
2026-09-18 16:56:20,4b3eb9,HBXTP,LSZL,LSZL,918
2026-09-18 16:19:12,4b3eb9,HBXTP,LSZL,LSZL,1086
2026-09-18 16:14:36,4b1bbf,HBKNF,LSZL,LSZL,4384
2026-09-18 16:00:23,4b1bc9,HBKNP,LSZL,LSZL,1733
2026-09-18 15:53:42,4b1bb1,HBKMR,LSZL,LSZL,2590
2026-09-18 15:44:12,4b3eb9,HBXTP,LSZL,LSZL,1050
2026-09-18 15:40:38,4b1bc6,HBKNM,LSZL,LSZL,1627
2026-09-18 15:38:53,4b1bbc,,LSZL,,1115
2026-09-18 15:29:41,4b1bbe,HBKNE,LSZL,LSZL,2891
2026-09-18 15:28:14,4b1fa1,,LSZL,LSZL,1044
2026-09-18 15:23:04,4b3043,,LSZL,LSZL,1581
2026-09-18 15:10:05,4b1bbf,HBKNF,LSZL,LSZL,3024
2026-09-18 14:30:42,4b4437,HBZVR,LSZL,LSML,1604
2026-09-18 14:20:33,4b3043,HBSHF,LSZL,LSZL,1877
2026-09-18 14:17:34,4b44a1,HBZZT,LSZL,LSPM,2372
2026-09-18 14:17:07,4b448d,HBZYZ,LSZL,LSZL,961
2026-09-18 07:49:56,4b3042,HBSHE,LSZL,LSZG,6028
2026-09-18 07:04:23,4b44a1,HBZZT,LSZL,LSZL,635
2026-09-21 15:05:38,4b3043,HBSHF,LSZL,LSZA,990
2026-09-21 13:57:11,4b448d,HBZYZ,LSZL,LSZL,2451
2026-09-21 13:37:00,4b3043,HBSHF,LSZL,LSZL,1451
2026-09-21 13:21:00,4b44a1,HBZZT,LSZL,LSML,7068
2026-09-21 12:36:31,4b3021,HBSFX,LSZL,LSZN,5530
2026-09-21 12:34:44,4b1fa1,HBLZL,LSZL,LSZL,6486
2026-09-21 12:21:43,4b3f28,HBXXW,LSZL,LSZL,3547
2026-09-21 11:20:00,4b3f28,HBXXW,LSZL,LSZL,1375
2026-09-21 10:18:52,4b3dd7,HBXKX,LSZL,LSZA,896
2026-09-21 07:47:17,4b1fa1,HBLZL,LSZL,LSZL,4630
2026-09-21 07:30:28,a2721c,N257GG,LSZL,LD57,5994
2026-09-21 07:20:37,4b3f28,HBXXW,LSZL,LSZL,5779
2026-09-21 07:17:43,4b40fe,HBYPY,LSZL,,2473
2026-09-21 07:10:45,4b448d,HBZYZ,LSZL,LSZL,1319
2026-09-21 06:33:49,a79c67,N59PV,LSZL,LFLI,2155
2026-09-21 05:58:06,4b3f28,HBXXW,LSZL,LSZL,1690
2026-09-21 05:20:24,4b44a1,HBZZT,LSZL,LSPM,14831
2026-09-20 17:08:18,4b1bc5,HBKNL,LSZL,LSZL,2587
2026-09-20 17:02:04,4b1bc9,HBKNP,LSZL,LSZL,1160
2026-09-20 16:33:30,4b1bbf,HBKNF,LSZL,LSZL,1819
2026-09-20 16:08:00,4b1bbc,HBKNC,LSZL,LSZL,2001
2026-09-20 15:30:06,4b4db1,HB2314,LSZL,LSZL,4482
2026-09-20 15:17:31,4b1bc9,HBKNP,LSZL,LSZL,1808
2026-09-20 15:15:39,4b1bbf,HBKNF,LSZL,LSZL,2713
2026-09-20 14:41:03,4b0d1d,HBEZD,LSZL,LSZR,4190
2026-09-20 14:29:33,4b1bbc,HBKNC,LSZL,LSZL,4368
2026-09-20 14:13:11,4b1bcc,HBKNS,LSZL,LIME,2658
2026-09-20 14:10:00,4b1bc9,HBKNP,LSZL,LSZL,2015
2026-09-20 13:50:05,4b4db1,HB2314,LSZL,LSZL,3772
2026-09-20 13:13:09,500028,T7PCS,LSZL,LSZL,2469
2026-09-20 12:53:43,4b1bc5,HBKNL,LSZL,LSZL,8607
2026-09-20 12:44:49,4b1bbf,HBKNF,LSZL,LSZL,5371
2026-09-20 12:37:30,4b2947,HBPQL,LSZL,LSZM,4780
2026-09-20 12:36:54,4b293f,HBPQD,LSZL,LSZM,4647
2026-09-20 12:29:10,4b1bc9,HBKNP,LSZL,LSZL,3404
2026-09-20 12:03:31,4b1bad,HBKMN,LSZL,LSZR,2549
2026-09-20 12:02:47,4b4db1,HB2314,LSZL,LSZL,2591
2026-09-20 11:31:52,a79c67,N59PV,LSZL,,4090
2026-09-20 10:24:54,4b3043,HBSHF,LSZL,LSZL,2127
2026-09-20 10:06:25,4b1bbc,HBKNC,LSZL,LSPU,2281
2026-09-20 09:05:53,4b3042,HBSHE,LSZL,LSGC,7385
2026-09-20 08:57:49,300922,IVEZE,LSZL,LIPY,5409
2026-09-20 08:56:15,4b3043,HBSHF,LSZL,LSZL,2212
2026-09-20 08:42:35,38599d,FJIPI,LSZL,LIMB,3400
2026-09-20 08:16:12,4b4db1,HB2314,LSZL,LSZL,8112
2026-09-20 08:04:33,4b1fa1,HBLZL,LSZL,LSZB,2093
2026-09-20 07:59:21,4b1bc9,HBKNP,LSZL,LSZL,3458
2026-09-20 07:23:13,4b3043,HBSHF,LSZL,LSZL,2086
2026-09-20 07:20:09,4b1bc5,HBKNL,LSZL,LSZR,4208
2026-09-20 07:08:45,4b1bbc,HBKNC,LSZL,LSPU,1348
2026-09-23 16:58:00,4b3043,HBSHF,LSZL,LSZL,1877
2026-09-23 16:51:51,4b1bbf,HBKNF,LSZL,LSZL,1556
2026-09-23 16:19:08,4b1bbc,HBKNC,LSZL,LSZL,2365
2026-09-23 16:16:03,4b1bbe,HBKNE,LSZL,LSZL,1819
2026-09-23 16:15:00,4b1bc6,HBKNM,LSZL,LSZL,3408
2026-09-23 15:56:36,4b3042,HBSHE,LSZL,LSZL,3302
2026-09-23 15:55:34,4b1bc9,HBKNP,LSZL,LSZL,3696
2026-09-23 15:48:36,4b3043,HBSHF,LSZL,LSZL,2212
2026-09-23 15:35:30,a776a7,N580HR,LSZL,LSZV,3003
2026-09-23 15:34:16,4b1bc2,HBKNI,LSZL,LSZL,2694
2026-09-23 15:27:01,4b1bbf,HBKNF,LSZL,LSZL,3654
2026-09-23 15:24:41,4b1bbe,HBKNE,LSZL,LSZL,1154
2026-09-23 14:56:32,4b3043,HBSHF,LSZL,LSZL,1347
2026-09-23 14:26:09,4b2830,HBPFS,LSZL,LSZG,3158
2026-09-23 14:25:00,4b1fa1,HBLZL,LSZL,LSZL,1886
2026-09-23 14:21:02,4b1bc5,HBKNL,LSZL,LIPL,3135
2026-09-23 14:17:43,4b1bb1,HBKMR,LSZL,LIPL,3136
2026-09-23 14:16:45,4b1b97,HBKLR,LSZL,LSZT,3746
2026-09-23 14:13:49,4b1bc6,HBKNM,LSZL,LSZL,3190
2026-09-23 14:13:06,4b06c1,HBCON,LSZL,LSZR,3333
2026-09-23 14:00:30,4b3042,HBSHE,LSZL,LSZL,1871
2026-09-23 13:48:21,4b1bbc,HBKNC,LSZL,LSZL,2288
2026-09-23 12:55:05,4b1fa1,HBLZL,LSZL,LSZL,2264
2026-09-23 12:11:16,4b3f28,HBXXW,LSZL,LSZL,6309
2026-09-23 12:04:19,4b1bbe,HBKNE,LSZL,LIME,3129
2026-09-23 12:01:37,4b3042,HBSHE,LSZL,LSZL,1462
2026-09-23 12:00:30,4b1bc5,HBKNL,LSZL,LSPU,2218
2026-09-23 11:46:30,4b1bbc,HBKNC,LSZL,LSZL,3568
2026-09-23 11:37:20,4b1bae,HBKMO,LSZL,,634
2026-09-23 10:28:35,4b1bb1,HBKMR,LSZL,LSZL,2573
2026-09-23 10:09:48,4b1bbe,HBKNE,LSZL,LSZL,3996
2026-09-23 10:01:02,4b3043,HBSHF,LSZL,LSZL,2391
2026-09-23 09:41:05,4b1fa1,HBLZL,LSZL,LSZL,8470
2026-09-23 09:25:37,3ffc02,DMCFZ,LSZL,EDTM,6976
2026-09-23 09:01:16,4b1bbe,HBKNE,LSZL,LSZL,2411
2026-09-23 09:00:35,aab66b,N79HR,LSZL,LOWS,5501
2026-09-23 08:36:09,4b3043,HBSHF,LSZL,LSZL,1579
2026-09-23 08:23:08,4b1bc6,HBKNM,LSZL,LSZL,2729
2026-09-23 07:58:30,4b3fc5,HBYDX,LSZL,LSZQ,4499
2026-09-23 07:47:04,4b1bc5,HBKNL,LSZL,LSZA,4581
2026-09-23 07:42:10,4b1bbf,HBKNF,LSZL,LIPV,7926
2026-09-23 07:41:13,4b1bc2,HBKNI,LSZL,LIPV,7682
2026-09-23 07:38:49,4b1bbe,HBKNE,LSZL,LSZL,2195
2026-09-23 07:32:03,4b1bbc,HBKNC,LSZL,LSZL,3710
2026-09-23 07:24:22,4b3042,HBSHE,LSZL,LSZL,2549
2026-09-23 07:20:16,4b1bb1,HBKMR,LSZL,LSZL,9274
2026-09-23 06:33:23,4b1fa1,HBLZL,LSZL,LSZL,6935
2026-09-23 06:21:27,4b4322,HBZLA,LSZL,LSTZ,2721
2026-09-23 05:34:14,4b3f28,HBXXW,LSZL,LSZL,13422
2026-09-22 19:03:31,4b7f9e,T321,LSZL,LSZL,2058
2026-09-22 17:27:45,4b7f9e,T321,LSZL,LSZL,644
2026-09-22 16:18:05,4b1bbe,HBKNE,LSZL,LSZL,1690
2026-09-22 16:15:34,4b1bc5,HBKNL,LSZL,LSZL,2366
2026-09-22 15:51:02,4b1bc2,HBKNI,LSZL,LSZL,2194
2026-09-22 15:48:50,4b1bbf,HBKNF,LSZL,LSZL,2321
2026-09-22 15:44:47,4b1bbc,HBKNC,LSZL,LSZL,1569
2026-09-22 15:07:30,4b1bb1,HBKMR,LSZL,LSZL,5498
2026-09-22 14:58:00,4b1bc2,HBKNI,LSZL,LSZL,1392
2026-09-22 14:24:16,4b1bbf,HBKNF,LSZL,LSZL,2556
2026-09-22 13:58:31,4b7f9e,T321,LSZL,LSZL,2047
2026-09-22 13:42:31,4b4387,HBZOX,LSZL,LSZL,1369
2026-09-22 13:09:06,4b1bbe,HBKNE,LSZL,LSZL,8652
2026-09-22 13:04:30,4b1bb1,HBKMR,LSZL,LSZL,5129
2026-09-22 12:52:17,4b1fa1,HBLZL,LSZL,LSZA,1776
2026-09-22 12:48:52,4b7f9e,T321,LSZL,LSZL,931
2026-09-22 12:45:30,4b1bbc,HBKNC,LSZL,LSZL,4289
2026-09-22 12:38:01,4b448d,HBZYZ,LSZL,LSZL,639
2026-09-22 12:33:00,4b1bbf,HBKNF,LSZL,LSZL,3803
2026-09-22 12:31:34,4b1bc2,HBKNI,LSZL,LSZL,1464
2026-09-22 12:29:00,4b1bc5,HBKNL,LSZL,LSZL,6525
2026-09-22 12:12:52,4b07fd,HBDAR,LSZL,LSZR,3241
2026-09-22 11:45:26,4b1bb1,HBKMR,LSZL,LSZL,2522
2026-09-22 10:59:32,4b1bbc,HBKNC,LSZL,LSZL,1608
2026-09-22 10:15:30,4b1bc9,HBKNP,LSZL,LSZL,2015
2026-09-22 09:53:23,4b1bbc,HBKNC,LSZL,LSPM,1215
2026-09-22 09:36:31,4b1bc2,HBKNI,LSZL,LSZL,1785
2026-09-22 09:23:48,4b3fc5,HBYDX,LSZL,LSZF,3693
2026-09-22 08:30:02,4b448d,HBZYZ,LSZL,LSZL,2588
2026-09-22 08:26:09,4b1bb1,HBKMR,LSZL,LSZL,4094
2026-09-22 07:54:03,4b3042,HBSHE,LSZL,LIMG,4969
2026-09-22 07:42:15,4b448d,HBZYZ,LSZL,LSZL,684
2026-09-22 07:37:07,4b1bbe,HBKNE,LSZL,LSZL,18352
2026-09-22 07:34:57,4b1bc9,HBKNP,LSZL,LSZL,1769
2026-09-22 07:31:50,4b3dd7,HBXKX,LSZL,LSZA,1058
2026-09-22 07:30:05,4b3043,HBSHF,LSZL,LIMG,4968
2026-09-22 07:28:14,4b1bbf,HBKNF,LSZL,LILR,9163
2026-09-22 07:20:21,4b1bb1,HBKMR,LSZL,LSZL,2162
2026-09-22 07:03:58,4b1bbc,HBKNC,LSZL,LSZL,7452
2026-09-22 07:02:46,4b1bc2,HBKNI,LSZL,LSZL,4436
2026-09-22 06:13:13,4b40fe,HBYPY,LSZL,LSZB,2169
2026-09-22 05:39:33,4b3f28,HBXXW,LSZL,LSZL,906
2026-09-22 05:34:35,4b426c,HBZEA,LSZL,LSPM,3002
2026-09-22 05:33:15,4b4387,HBZOX,LSZL,LSZL,13921
2026-09-25 16:28:49,4b3043,HBSHF,LSZL,LSZL,2088
2026-09-25 16:14:20,4b1bbf,HBKNF,LSZL,LSZL,3235
2026-09-25 16:01:06,4b3042,HBSHE,LSZL,LSZL,3309
2026-09-25 15:59:33,4b1bc6,HBKNM,LSZL,LSZL,3264
2026-09-25 15:58:08,4b1bc9,HBKNP,LSZL,LSZL,1088
2026-09-25 15:48:19,a8f316,N676MA,LSZL,LSZB,1748
2026-09-25 15:15:30,4b3043,HBSHF,LSZL,LSZL,1545
2026-09-25 15:11:00,4b1bbf,HBKNF,LSZL,LSZL,2359
2026-09-25 14:50:45,4b1bc2,HBKNI,LSZL,LSZL,3383
2026-09-25 14:18:30,4b442e,HBZVI,LSZL,LSML,4187
2026-09-25 14:17:20,4b1bbc,HBKNC,LSZL,LSZL,3909
2026-09-25 14:08:31,4b1bb1,HBKMR,LSZL,LSPU,2905
2026-09-25 13:33:04,500028,T7PCS,LSZL,LSZL,792
2026-09-25 13:31:36,4b1bbe,HBKNE,LSZL,LIPL,3282
2026-09-25 13:30:30,4b1bbf,HBKNF,LSZL,LSZL,3762
2026-09-25 13:23:32,4b1bc2,HBKNI,LSZL,LSZL,3335
2026-09-25 13:08:43,4b3043,HBSHF,LSZL,LSPM,2056
2026-09-25 13:05:51,4b3042,HBSHE,LSZL,LSZL,5942
2026-09-25 12:51:35,4b3041,HBSHD,LSZL,LSGK,4884
2026-09-25 12:35:08,4b1bbc,HBKNC,LSZL,,1309
2026-09-25 12:32:15,4b1bc5,HBKNL,LSZL,LILE,2729
2026-09-25 12:30:47,4b1bc6,HBKNM,LSZL,LIME,2948
2026-09-25 12:19:37,4b1bbf,HBKNF,LSZL,LSZL,2387
2026-09-25 12:18:11,4b06f4,HBCQM,LSZL,LSZN,3563
2026-09-25 12:14:10,4b1bb1,HBKMR,LSZL,LSZL,4194
2026-09-25 12:13:47,4d21f3,FJO15,LSZL,LIMB,1364
2026-09-25 12:11:30,4b4387,HBZOX,LSZL,LSZL,3371
2026-09-25 11:58:02,4b1bc2,HBKNI,LSZL,LSZL,3293
2026-09-25 11:57:04,4b3fc5,HBYDX,LSZL,LSZE,2772
2026-09-25 11:51:01,4b3043,HBSHF,LSZL,LSZL,1983
2026-09-25 10:46:00,4b1bbf,HBKNF,LSZL,LSZL,2318
2026-09-25 10:44:38,4b1bbe,HBKNE,LSZL,LSZL,1774
2026-09-25 10:33:19,4b3043,HBSHF,LSZL,LSZL,1622
2026-09-25 09:46:37,4b1bb0,HBKMQ,LSZL,LIMB,2128
2026-09-25 09:17:45,4b4387,HBZOX,LSZL,LSZL,1093
2026-09-25 09:15:00,4b1bbe,HBKNE,LSZL,LSZL,1941
2026-09-25 09:13:00,4b3043,HBSHF,LSZL,LSZL,2389
2026-09-25 09:02:31,4b1bb1,HBKMR,LSZL,LSZL,9178
2026-09-25 08:59:00,4b442e,HBZVI,LSZL,LSZL,3264
2026-09-25 08:52:12,4b3042,HBSHE,LSZL,LSZL,3527
2026-09-25 07:39:17,4b4475,HBZYB,LSZL,LSZL,941
2026-09-25 07:37:44,4b3043,HBSHF,LSZL,LSZL,3022
2026-09-25 07:34:55,4b1bbe,HBKNE,LSZL,LSZL,1876
2026-09-25 07:22:18,4b1bc5,HBKNL,LSZL,LILR,3482
2026-09-25 07:20:17,4b1bc2,HBKNI,LSZL,LSZL,3955
2026-09-25 07:16:44,4b1bc6,HBKNM,LSZL,LSZL,7827
2026-09-25 07:16:37,4b1e1d,HBLKN,LSZL,LSZL,1214
2026-09-25 07:07:37,4b1bbc,HBKNC,LSZL,LILR,3640
2026-09-25 07:06:42,4b1bb1,HBKMR,LSZL,LSZL,2276
2026-09-25 06:56:38,4b1bbf,HBKNF,LSZL,LSZL,8931
2026-09-25 06:07:41,4b3f28,HBXXW,LSZL,LSPM,1059
2026-09-25 05:43:55,4b442e,HBZVI,LSZL,LSPM,2290
2026-09-24 16:40:02,4b3043,HBSHF,LSZL,LSZL,1725
2026-09-24 16:18:45,4b1bb1,HBKMR,LSZL,LSZL,2821
2026-09-24 16:16:03,4b1bbe,HBKNE,LSZL,LSZL,1939
2026-09-24 15:57:37,4b1bbf,HBKNF,LSZL,LSZL,2758
2026-09-24 15:38:46,4b1bbc,HBKNC,LSZL,LSZL,1911
2026-09-24 15:36:40,4b3043,HBSHF,LSZL,LSZL,1508
2026-09-24 15:02:04,4b3042,,LSZL,LSZL,1442
2026-09-24 14:53:51,4b1bc9,HBKNP,LSZL,LSZL,5420
2026-09-24 14:15:23,4b44a1,HBZZT,LSZL,LSPM,1698
2026-09-24 14:12:00,4b1bc5,HBKNL,LSZL,LILE,2766
2026-09-24 14:10:09,4b1bbf,HBKNF,LSZL,LSZL,2741
2026-09-24 13:53:42,4b1bc9,HBKNP,LSZL,LSZL,1590
2026-09-24 13:48:32,4b3042,HBSHE,LSZL,LSZL,1602
2026-09-24 13:39:48,500028,T7PCS,LSZL,LSZL,2068
2026-09-24 12:57:30,4b1bb1,HBKMR,LSZL,LSZL,7539
2026-09-24 12:56:38,4b1bc6,HBKNM,LSZL,LIPL,3073
2026-09-24 12:52:43,4b1bc5,HBKNL,LSZL,LSZL,2378
2026-09-24 12:49:45,4b1bc9,HBKNP,LSZL,LSZL,1981
2026-09-24 12:23:16,4b7f68,V617,LSZL,LSZL,2082
2026-09-24 12:19:18,4b1bbf,HBKNF,LSZL,LSZL,2784
2026-09-24 12:12:39,4b1bc2,HBKNI,LSZL,LSZL,9380
2026-09-24 12:05:01,4b1bbe,HBKNE,LSZL,LSZL,10138
2026-09-24 11:56:14,4b3f28,HBXXW,LSZL,LSZL,5277
2026-09-24 11:52:47,4b06f4,HBCQM,LSZL,LSZN,5642
2026-09-24 11:48:03,500028,T7PCS,LSZL,LSZL,2680
2026-09-24 11:37:28,4b3fc5,HBYDX,LSZL,LSZU,3472
2026-09-24 11:33:51,4b3dd7,HBXKX,LSZL,LSZA,1446
2026-09-24 11:04:30,4b44a1,HBZZT,LSZL,LSPM,2267
2026-09-24 11:01:15,4b3042,HBSHE,LSZL,LSZL,1780
2026-09-24 10:01:11,511142,DMS1,LSZL,LFMD,5545
2026-09-24 09:54:11,4b3042,HBSHE,LSZL,LSZL,1746
2026-09-24 09:44:13,4b1bc5,HBKNL,LSZL,LILE,3035
2026-09-24 09:25:16,4b4322,HBZLA,LSZL,LFLI,4032
2026-09-24 09:24:55,4b3f28,HBXXW,LSZL,LSZL,2938
2026-09-24 09:24:43,4b44a1,HBZZT,LSZL,LSZL,2700
2026-09-24 09:23:14,4b1bbf,HBKNF,LSZL,LSZL,1949
2026-09-24 09:21:39,4b1bbe,HBKNE,LSZL,LIME,3135
2026-09-24 09:08:30,4b1bbc,HBKNC,LSZL,LSZA,771
2026-09-24 09:01:04,4b1bc9,HBKNP,LSZL,LSZL,2905
2026-09-24 08:53:01,4b3042,HBSHE,LSZL,LSZL,1180
2026-09-24 08:50:31,4b3dd7,HBXKX,LSZL,LSZL,1358
2026-09-24 08:50:15,4b3043,HBSHF,LSZL,LSZL,4105
2026-09-24 08:38:07,4b3f28,HBXXW,LSZL,LSZL,784
2026-09-24 08:37:46,500028,T7PCS,LSZL,LSPM,816
2026-09-24 08:27:35,4b1bb1,HBKMR,LSZL,LSZL,3728
2026-09-24 07:49:16,4b3042,HBSHE,LSZL,LSZL,1160
2026-09-24 07:41:34,4b1bc5,HBKNL,LSZL,LSZL,5473
2026-09-24 07:37:53,4b44a1,HBZZT,LSZL,LSZL,2595
2026-09-24 07:37:44,4b1c24,HBKRC,LSZL,LIMB,1045
2026-09-24 07:35:57,4b1bbf,HBKNF,LSZL,LSZL,2942
2026-09-24 07:34:36,4b1bc9,HBKNP,LSZL,LSZL,2587
2026-09-24 07:26:26,4b1bc6,HBKNM,LSZL,LSZL,2515
2026-09-24 07:24:44,4b1bbe,HBKNE,LSZL,LSZL,2159
2026-09-24 07:20:13,4b1bbc,HBKNC,LSZL,LSML,2935
2026-09-24 07:18:37,4b1bc2,HBKNI,LSZL,LILE,2912
2026-09-24 07:12:02,4b3f28,HBXXW,LSZL,LSZL,1246
2026-09-24 07:11:08,4b1bb1,HBKMR,LSZL,LSZL,3076
2026-09-24 07:00:38,4b1fa1,HBLZL,LSZL,LSZL,2250
2026-09-24 05:49:50,4b3f28,HBXXW,LSZL,LSZL,3304
2026-09-24 05:41:13,4b4387,HBZOX,LSZL,LSPM,804
2026-09-27 16:47:35,4b1bc6,HBKNM,LSZL,LSZL,2388
2026-09-27 16:46:02,4b1bbe,HBKNE,LSZL,LSZL,2276
2026-09-27 16:41:03,4b1bc9,HBKNP,LSZL,LSZL,2499
2026-09-27 16:34:20,4b1bc5,HBKNL,LSZL,LSZL,3547
2026-09-27 15:43:16,4b1bc5,HBKNL,LSZL,LSZL,1552
2026-09-27 15:41:11,4b1bc2,HBKNI,LSZL,LSZL,3407
2026-09-27 15:40:32,4b1bc6,HBKNM,LSZL,LSML,1825
2026-09-27 15:40:00,4b3a22,HBWAK,LSZL,LSZL,1560
2026-09-27 15:38:45,4b1bcc,HBKNS,LSZL,LSZA,667
2026-09-27 15:37:11,4b059a,HBCDE,LSZL,LSZN,2669
2026-09-27 15:35:30,4b1bbe,HBKNE,LSZL,LSZL,1678
2026-09-27 15:30:42,4b3042,HBSHE,LSZL,LSZL,2010
2026-09-27 15:26:07,4b436d,HBZNX,LSZL,LSZU,2562
2026-09-27 15:11:30,4b1b16,HBKGS,LSZL,LSZM,5152
2026-09-27 15:06:55,4b0c39,HBEQJ,LSZL,LSMA,3087
2026-09-27 14:48:42,4b3a22,HBWAK,LSZL,LSZL,1599
2026-09-27 14:42:32,4b1bc6,HBKNM,LSZL,LSZL,1672
2026-09-27 14:41:02,4b1bc2,HBKNI,LSZL,LSZL,1632
2026-09-27 14:39:32,4b1fa1,HBLZL,LSZL,LSZL,1495
2026-09-27 14:30:55,4b1bbc,HBKNC,LSZL,,5313
2026-09-27 14:17:07,4b3042,HBSHE,LSZL,LSZL,2101
2026-09-27 13:51:02,4b3a22,HBWAK,LSZL,LSZL,1527
2026-09-27 13:48:41,4b1bc2,HBKNI,LSZL,LSZL,1787
2026-09-27 13:47:44,4b1fa1,HBLZL,LSZL,LSZL,1513
2026-09-27 13:42:47,4b1bbe,HBKNE,LSZL,LSZL,2890
2026-09-27 13:41:39,4b448d,HBZYZ,LSZL,LSZL,901
2026-09-27 13:37:43,4b1bc6,HBKNM,LSZL,LSZL,1746
2026-09-27 13:18:13,4b1c67,HBKTR,LSZL,LSGE,2930
2026-09-27 13:14:37,4b06fe,HBCQW,LSZL,LSZN,3135
2026-09-27 13:13:35,4b3a22,HBWAK,LSZL,LSZL,1633
2026-09-27 13:08:42,4b32a5,HBTER,LSZL,LSZK,2707
2026-09-27 13:04:07,4b3043,HBSHF,LSZL,LSGL,6050
2026-09-27 12:52:43,4b3272,HBTCS,LSZL,LSZG,2962
2026-09-27 12:50:22,4b1bc2,HBKNI,LSZL,LSZL,1234
2026-09-27 12:49:38,4b1fa1,HBLZL,LSZL,LSZL,1574
2026-09-27 12:43:03,4b404f,HBYJF,LSZL,LSPL,6425
2026-09-27 12:37:36,4b1bbc,HBKNC,LSZL,LSZL,3023
2026-09-27 12:26:40,4b1bc9,HBKNP,LSZL,LSPU,2127
2026-09-27 12:23:36,4b40fe,HBYPY,LSZL,LSZL,3262
2026-09-27 12:13:02,4b1bc6,HBKNM,LSZL,LSZL,3166
2026-09-27 12:09:40,4b3309,RGA06,LSZL,LSZL,661
2026-09-27 12:03:07,4b1bbe,HBKNE,LSZL,LSZL,4213
2026-09-27 11:57:33,4b3042,HBSHE,LSZL,LSZL,3502
2026-09-27 11:36:00,4b3a22,HBWAK,LSZL,LSZL,1619
2026-09-27 11:03:45,4b3a22,HBWAK,LSZL,LSZL,1061
2026-09-27 10:57:35,4b079c,HBCWY,LSZL,LSZR,2796
2026-09-27 10:46:01,4b1bc2,HBKNI,LSZL,LSZL,2814
2026-09-27 10:19:10,4b1bbe,HBKNE,LSZL,LSZL,2977
2026-09-27 09:54:19,4b1bc6,HBKNM,LSZL,LSZL,3474
2026-09-27 09:50:31,4b1bc9,HBKNP,LSZL,LSZL,4363
2026-09-27 09:46:34,4b1bc2,HBKNI,LSZL,LSZL,1869
2026-09-27 09:40:52,4b3a22,HBWAK,LSZL,LSZL,1679
2026-09-27 09:36:41,4b1fa1,HBLZL,LSZL,LSZL,1368
2026-09-27 09:29:47,4b1bbc,HBKNC,LSZL,LSZL,8754
2026-09-27 09:27:41,4b1bbe,HBKNE,LSZL,LSZL,1097
2026-09-27 09:27:22,a2721c,N257GG,LSZL,LDLO,5465
2026-09-27 09:20:46,4b3043,HBSHF,LSZL,LSPM,2072
2026-09-27 09:05:52,4b3042,HBSHE,LSZL,LSZL,2964
2026-09-27 08:52:02,4b1bc6,HBKNM,LSZL,LSZL,2263
2026-09-27 08:29:16,4b3a22,HBWAK,LSZL,LSZL,1752
2026-09-27 08:27:01,4b1fa1,HBLZL,LSZL,LSZL,2408
2026-09-27 08:05:20,38c59b,FPTUN,LSZL,LSZL,5350
2026-09-27 08:00:47,4b4121,HBYRH,LSZL,LSZK,3327
2026-09-27 07:54:52,4b1bc5,HBKNL,LSZL,LIPV,7513
2026-09-27 07:46:44,4b1bc2,HBKNI,LSZL,LSZL,1902
2026-09-27 07:44:44,4b1bc6,HBKNM,LSZL,LSZL,1935
2026-09-27 07:34:08,4b3042,HBSHE,LSZL,LSZL,2751
2026-09-27 07:29:06,4b1bbc,HBKNC,LSZL,LSZL,3183
2026-09-27 07:12:29,4b1bc9,HBKNP,LSZL,LILE,2790
2026-09-27 06:03:31,4b4437,HBZVR,LSZL,LSZL,764
2026-09-26 16:41:31,4b1bc6,HBKNM,LSZL,LSZL,2115
2026-09-26 16:32:32,4b1bc2,HBKNI,LSZL,LSZL,2988
2026-09-26 16:00:10,4b1bb1,HBKMR,LSZL,LSZL,2120
2026-09-26 15:49:32,4b1bc5,HBKNL,LSZL,LSZA,2457
2026-09-26 15:48:51,4b25ea,HBOJI,LSZL,LSGL,4782
2026-09-26 15:45:36,4b1bbc,HBKNC,LSZL,LSZL,2891
2026-09-26 15:41:38,4b1bc9,HBKNP,LSZL,LSZL,4385
2026-09-26 15:40:19,4b1bc6,HBKNM,LSZL,LSZL,2110
2026-09-26 15:33:38,4b1bcc,HBKNS,LSZL,LSZL,2171
2026-09-26 15:13:45,4b1bc2,HBKNI,LSZL,LSZL,2854
2026-09-26 14:58:03,3d489c,DEZTC,LSZL,LSZA,1600
2026-09-26 14:48:30,4b1bbe,HBKNE,LSZL,LIPB,7397
2026-09-26 14:43:39,4b1bc6,HBKNM,LSZL,LSZL,740
2026-09-26 14:37:30,4b1bcc,HBKNS,LSZL,LSZL,1782
2026-09-26 14:35:00,4b1bb1,HBKMR,LSZL,LSZL,2733
2026-09-26 14:33:45,4b2947,HBPQL,LSZL,LSZM,5576
2026-09-26 14:32:38,4b2939,HBPPX,LSZL,LSZR,3685
2026-09-26 14:14:40,4b1bc6,HBKNM,LSZL,LSZL,1063
2026-09-26 14:10:32,4b1bc2,HBKNI,LSZL,LSZL,1968
2026-09-26 13:42:11,4b1b8a,HBKLE,LSZL,LSZG,4317
2026-09-26 13:16:49,4b3a22,HBWAK,LSZL,LSZL,742
2026-09-26 13:15:32,4b1bb1,HBKMR,LSZL,LSZL,2288
2026-09-26 13:14:17,4b1bcc,HBKNS,LSZL,LSZL,2180
2026-09-26 13:12:23,4b1bbf,HBKNF,LSZL,LIME,2789
2026-09-26 12:54:12,4b1bbe,HBKNE,LSZL,LSML,3437
2026-09-26 12:51:37,4b1bc6,HBKNM,LSZL,LSZL,2420
2026-09-26 12:24:32,4b3a22,HBWAK,LSZL,LSZL,2517
2026-09-26 12:18:11,4b3040,HBSHC,LSZL,LSZR,3087
2026-09-26 12:12:53,4b1b97,HBKLR,LSZL,LSZT,3523
2026-09-26 12:01:35,4b1bbf,HBKNF,LSZL,LSZL,2031
2026-09-26 12:00:33,4b40a1,HBYMJ,LSZL,LSZF,4819
2026-09-26 11:54:31,4b1bcc,HBKNS,LSZL,LSZL,2667
2026-09-26 11:54:06,4b448d,HBZYZ,LSZL,LSZL,926
2026-09-26 11:36:38,4b3f93,HBYBZ,LSZL,LSZN,3971
2026-09-26 10:19:20,4b1bbe,HBKNE,LSZL,LSZL,2558
2026-09-26 09:57:50,4b1bbf,HBKNF,LSZL,LSZL,3096
2026-09-26 09:53:07,4b3a22,HBWAK,LSZL,LSZL,2588
2026-09-26 09:49:38,4b1bfb,HBKPN,LSZL,LSMF,1701
2026-09-26 09:32:02,4b1bc6,HBKNM,LSZL,LSZL,10162
2026-09-26 09:28:22,4b1bcc,HBKNS,LSZL,LSZL,2216
2026-09-26 08:46:00,4b1bc2,HBKNI,LSZL,LSPU,2339
2026-09-26 08:41:13,4b1bc6,HBKNM,LSZL,LSZL,1036
2026-09-26 08:29:14,4b1bbf,HBKNF,LSZL,LSZL,2565
2026-09-26 07:50:41,4b28a6,HBPKG,LSZL,,6538
2026-09-26 07:49:35,4b4387,HBZOX,LSZL,LSZL,1552
2026-09-26 07:43:48,4b4455,HBZWV,LSZL,LSGL,4523
2026-09-26 07:41:28,4b1bbc,HBKNC,LSZL,LSZG,5633
2026-09-26 07:40:19,4b1bc9,HBKNP,LSZL,LSZG,5702
2026-09-26 07:39:34,4b1bc5,HBKNL,LSZL,LOIR,5507
2026-09-26 07:38:06,4b1bcc,HBKNS,LSZL,LSZL,3443
2026-09-26 07:30:07,4b1bc2,HBKNI,LSZL,LSZL,2662
2026-09-26 07:28:40,4b1fa1,HBLZL,LSZL,LSZA,2027
2026-09-26 07:08:35,4b1bbe,HBKNE,LSZL,LSZL,2482
2026-09-26 07:02:40,4b1bbf,HBKNF,LSZL,LSZL,2766
2026-09-26 06:10:57,4b44a1,HBZZT,LSZL,LSZL,3133
2026-09-26 05:59:37,4b4387,HBZOX,LSZL,LSZL,5632
2026-09-26 05:55:41,4b426c,HBZEA,LSZL,LSPM,1384
2026-09-29 17:19:01,4b1bc9,HBKNP,LSZL,LSZL,762
2026-09-29 17:06:34,4b1bc6,HBKNM,LSZL,LSZL,1007
2026-09-29 16:52:33,4b1bbc,HBKNC,LSZL,LSZL,1994
2026-09-29 15:54:38,4b1bc9,HBKNP,LSZL,LSZL,1581
2026-09-29 15:53:13,4b1bc6,HBKNM,LSZL,LSZL,2849
2026-09-29 15:47:46,4b1bb5,HBKMV,LSZL,LSZL,1513
2026-09-29 15:45:09,4b1bbc,HBKNC,LSZL,LSZL,1773
2026-09-29 15:31:34,4b1bbe,HBKNE,LSZL,LSZL,2684
2026-09-29 15:18:05,4b1bc2,HBKNI,LSZL,LSZL,2080
2026-09-29 15:04:13,4b3309,RGA06,LSZL,LSZA,849
2026-09-29 12:48:06,4b1bbc,HBKNC,LSZL,LSZL,712
2026-09-29 12:45:46,4b1bc5,HBKNL,LSZL,LSZA,852
2026-09-29 12:40:15,4b1c04,HBKPW,LSZL,LSZA,951
2026-09-29 12:40:12,4b426c,HBZEA,LSZL,LSZL,1180
2026-09-29 12:06:02,4b1bc9,HBKNP,LSZL,LIME,3236
2026-09-29 12:02:07,4b1bb5,HBKMV,LSZL,LSZL,2403
2026-09-29 12:00:31,4b1bbe,HBKNE,LSZL,LSZL,2599
2026-09-29 11:35:12,4b1bbc,HBKNC,LSZL,LSZL,1796
2026-09-29 11:12:37,4b442e,HBZVI,LSZL,LSPM,1919
2026-09-29 10:30:49,4b3042,HBSHE,LSZL,LSZB,6171
2026-09-29 10:19:10,4b1bc9,HBKNP,LSZL,LSZL,2434
2026-09-29 10:15:30,4b1bbe,HBKNE,LSZL,LSPM,2054
2026-09-29 10:00:14,4b1bbc,HBKNC,LSZL,LSZL,2683
2026-09-29 09:37:42,4b1bc5,HBKNL,LSZL,LILE,3563
2026-09-29 09:21:26,4b442e,HBZVI,LSZL,LSZL,3206
2026-09-29 09:20:12,4b1bbe,HBKNE,LSZL,LSZL,1173
2026-09-29 09:17:56,4b1bb5,HBKMV,LSZL,LSZL,2038
2026-09-29 09:13:31,4b3f28,HBXXW,LSZL,LSPM,2206
2026-09-29 08:57:06,4b1bc9,HBKNP,LSZL,LSZL,3372
2026-09-29 08:50:10,4b1bbe,HBKNE,LSZL,LSZL,1108
2026-09-29 08:40:04,4b1bc5,HBKNL,LSZL,LSZL,1446
2026-09-29 08:08:00,4b3f28,HBXXW,LSZL,LSZL,637
2026-09-29 07:47:34,4b442e,HBZVI,LSZL,LSZL,1037
2026-09-29 07:33:16,4b1bcc,HBKNS,LSZL,LIPK,8610
2026-09-29 07:26:07,4b1bc5,HBKNL,LSZL,LSZL,1912
2026-09-29 07:20:52,4b1bbe,HBKNE,LSZL,LSZL,4018
2026-09-29 07:19:56,4b1bbc,HBKNC,LSZL,LIME,2996
2026-09-29 07:18:48,4b3f28,HBXXW,LSZL,LSZL,1567
2026-09-29 07:15:07,4b1bc9,HBKNP,LSZL,LSZL,4449
2026-09-29 06:54:03,4b1bc2,HBKNI,LSZL,LIPK,7616
2026-09-29 06:42:44,4b426c,HBZEA,LSZL,LSZL,2940
2026-09-29 06:13:15,4b4437,HBZVR,LSZL,LSML,3956
2026-09-29 05:35:14,4b442e,HBZVI,LSZL,LSPM,1111
2026-09-29 05:35:05,4b4424,HBZUY,LSZL,LSZL,2828
2026-09-28 16:11:38,4b1bc5,HBKNL,LSZL,LSZL,947
2026-09-28 15:32:00,4b1bbc,HBKNC,LSZL,LSZL,4190
2026-09-28 15:23:08,4b3042,HBSHE,LSZL,LSZL,2945
2026-09-28 15:06:20,4b1bcc,HBKNS,LSZL,LSZL,5297
2026-09-28 14:54:29,4b1bc2,HBKNI,LSZL,LSZL,3463
2026-09-28 14:27:09,4b1bf6,HBKPI,LSZL,LSZM,4861
2026-09-28 14:23:38,4b442e,HBZVI,LSZL,LSML,2070
2026-09-28 14:19:00,4b1bbe,HBKNE,LSZL,LSZL,4446
2026-09-28 14:18:35,4b1fa1,HBLZL,LSZL,LSZL,6061
2026-09-28 14:16:53,4b4322,HBZLA,LSZL,LSZL,2393
2026-09-28 14:16:13,4b28a6,HBPKG,LSZL,LSPL,3394
2026-09-28 13:56:37,4b1bbc,HBKNC,LSZL,LSZL,3770
2026-09-28 13:51:34,4b1bc5,HBKNL,LSZL,LSZL,3863
2026-09-28 13:42:19,4b3042,HBSHE,LSZL,LSZL,2539
2026-09-28 13:26:30,4b1bcc,HBKNS,LSZL,LSZL,3265
2026-09-28 12:26:36,4b3042,HBSHE,LSZL,LSZL,2483
2026-09-28 12:22:03,4b1bc5,HBKNL,LSZL,LSZL,3081
2026-09-28 12:12:33,4b07fd,HBDAR,LSZL,LSZR,3336
2026-09-28 12:08:06,4b1bbc,HBKNC,LSZL,LSZL,3951
2026-09-28 12:07:45,4b448d,,LSZL,LSZL,1450
2026-09-28 12:06:47,4b1bb5,,LSZL,LSZL,628
2026-09-28 11:59:30,4b1bc2,HBKNI,LSZL,LILE,2559
2026-09-28 11:58:00,4b1bbe,HBKNE,LSZL,LSZL,4478
2026-09-28 11:55:30,4b1bcc,HBKNS,LSZL,LSZL,3524
2026-09-28 11:53:47,4b0d1e,HBEZE,LSZL,LSZR,8436
2026-09-28 11:52:00,4b1bc9,HBKNP,LSZL,LSZL,3418
2026-09-28 11:45:13,3d22c5,HBWYL,LSZL,EDTD,5259
2026-09-28 10:27:18,4b1bbc,HBKNC,LSZL,LSZL,2221
2026-09-28 09:51:35,4b1bc2,HBKNI,LSZL,LSZL,2299
2026-09-28 09:28:51,4b1bc9,HBKNP,LSZL,LSZL,2287
2026-09-28 09:26:02,4b3042,HBSHE,LSZL,LSZL,2122
2026-09-28 09:19:48,4b1bc5,HBKNL,LSZL,LSZL,2068
2026-09-28 09:02:20,4b1bbe,HBKNE,LSZL,LSZL,3185
2026-09-28 09:00:51,4b1bbc,HBKNC,LSZL,LSZL,2493
2026-09-28 08:42:17,4022d7,GFBFB,LSZL,EDTL,4001
2026-09-28 08:26:30,4b426c,HBZEA,LSZL,LSZL,3231
2026-09-28 08:10:34,4b3dd7,HBXKX,LSZL,LSZA,1488
2026-09-28 08:09:22,4b3043,HBSHF,LSZL,LSZB,4746
2026-09-28 08:08:03,4b3042,HBSHE,LSZL,LSZL,2122
2026-09-28 07:50:02,4b1bbe,HBKNE,LSZL,LSZL,2675
2026-09-28 07:46:10,4b1bc2,HBKNI,LSZL,LSZL,4089
2026-09-28 07:38:48,4b1bbc,HBKNC,LSZL,LSZL,3250
2026-09-28 07:36:21,4b1bc9,HBKNP,LSZL,LSZL,4526
2026-09-28 07:34:30,3ffae7,DMYTD,LSZL,LSZA,830
2026-09-28 07:26:49,4b1bc5,HBKNL,LSZL,LSZL,3805
2026-09-28 07:02:13,4b1bbe,HBKNE,LSZL,LSZL,1425
2026-09-28 06:57:27,4b1bc6,HBKNM,LSZL,LSZL,2025
2026-09-28 06:51:23,4b1bcc,HBKNS,LSZL,LSZL,6872
2026-09-28 06:50:11,4b448d,HBZYZ,LSZL,LSTA,1683
2026-09-28 06:32:46,4b3041,HBSHD,LSZL,LSZG,2799
2026-09-28 06:10:55,4b44a1,HBZZT,LSZL,LSZL,1036
2026-09-28 06:02:35,4b4437,HBZVR,LSZL,LSZA,3480
2026-09-28 05:57:14,4b426c,HBZEA,LSZL,LSPM,2444
2026-09-28 05:46:11,4b4387,HBZOX,LSZL,LSML,2518
2026-09-28 05:43:43,4b442e,HBZVI,LSZL,LSPM,939
2026-09-28 05:31:37,4b44a1,HBZZT,LSZL,LSZL,1508
2026-09-30 18:49:21,4b7f9e,T321,LSZL,LSZL,836
2026-09-30 16:12:32,4b1bbf,HBKNF,LSZL,LSZL,2271
2026-09-30 15:29:31,4b1bcc,HBKNS,LSZL,LSZL,2328
2026-09-30 13:43:15,3949cc,FGSOM,LSZL,EDLT,9114
2026-09-30 13:27:15,4b1bc2,HBKNI,LSZL,LSZL,1109
2026-09-30 13:09:00,4b1bc9,HBKNP,LSZL,LSZL,1459
2026-09-30 13:08:20,4b1bbe,HBKNE,LSZL,LSZL,762
2026-09-30 12:27:55,4b1bc6,HBKNM,LSZL,LSZL,1495
2026-09-30 12:26:10,4b0f49,HBFUN,LSZL,LIPE,2435
2026-09-30 12:24:01,4b1bae,HBKMO,LSZL,LSZB,4167
2026-09-30 12:12:06,4b1bc2,HBKNI,LSZL,LSZL,1370
2026-09-30 11:51:19,4b1bb5,HBKMV,LSZL,LSZL,3049
2026-09-30 10:36:09,4b1bbc,HBKNC,LSZL,LSML,613
2026-09-30 10:11:44,4b1bb5,HBKMV,LSZL,LSZA,1288
2026-09-30 10:00:46,4b1bc9,HBKNP,LSZL,LSZL,1414
2026-09-30 09:53:54,4b0f8e,HBFXE,LSZL,LIPU,2284
2026-09-30 08:01:28,4b1bb5,HBKMV,LSZL,LSZL,896
2026-09-30 06:11:36,486a6a,PHYZZ,LSZL,EHBK,7461
