date,icao24,callsign,DepartureAirport,ArrivalAirport,Duration
2026-01-04 15:05:04,4b1b8a,HBKLE,LSZG,LSZP,2711
2026-01-04 14:23:37,4b4449,HBZWJ,LSZG,LSZG,4468
2026-01-04 14:10:14,4b066d,HBCLH,LSZG,LSZF,3534
2026-01-04 13:59:16,4b1b1b,HBKGX,LSZG,LSZF,3119
2026-01-04 13:31:20,4b444c,HBZWM,LSZG,LSZG,5885
2026-01-04 13:09:40,4b3391,HBTNT,LSZG,LSZP,2188
2026-01-04 12:58:15,4b059a,HBCDE,LSZG,LSZN,1466
2026-01-04 12:00:38,4b06c1,HBCON,LSZG,LSZV,2286
2026-01-04 11:04:19,4b1b8a,HBKLE,LSZG,LSGB,2315
2026-01-04 10:54:19,4b293a,HBPPY,LSZG,LSGE,1297
2026-01-04 10:30:11,4b436d,HBZNX,LSZG,LSZU,1379
2026-01-04 10:28:27,4b0878,HBDFK,LSZG,LSZG,3935
2026-01-04 10:27:17,4b086e,HBDFA,LSZG,EDNY,3248
2026-01-04 09:33:52,a15077,N184KP,LSZG,LSZG,3566
2026-01-04 08:21:35,4d2199,ULC44,LSZG,LFTH,2549
2026-01-06 14:01:14,4b1e45,HBLMB,LSZG,LSZG,4457
2026-01-06 13:11:30,4b1e44,HBLMA,LSZG,LSZG,4572
2026-01-06 12:02:31,4b1e47,HBLMD,LSZG,LSZB,4257
2026-01-06 12:01:01,4b0935,HBDMR,LSZG,LSGB,1871
2026-01-06 11:59:31,4b1e45,HBLMB,LSZG,LSZG,4438
2026-01-06 11:20:32,4b1e44,HBLMA,LSZG,LSZG,4645
2026-01-06 09:55:11,4b1bae,HBKMO,LSZG,LSGB,2146
2026-01-06 09:48:04,4b1e47,HBLMD,LSZG,LSZG,5110
2026-01-06 09:24:00,4b1e44,HBLMA,LSZG,LSZG,4497
2026-01-06 07:41:06,4b1e44,HBLMA,LSZG,LSZG,3914
2026-01-06 07:38:45,4b1e47,HBLMD,LSZG,LSZG,3969
2026-01-05 19:40:23,4b32fd,RGA03,LSZG,LSZB,1086
2026-01-05 15:08:31,4b348f,HBTXN,LSZG,LSZF,1863
2026-01-05 14:35:37,4b1e44,HBLMA,LSZG,LSZG,5163
2026-01-05 14:33:02,4b1e47,HBLMD,LSZG,LSZG,4302
2026-01-05 13:11:28,4b1e45,HBLMB,LSZG,LSZP,774
2026-01-05 13:11:24,4b4449,HBZWJ,LSZG,LSZP,1202
2026-01-05 12:29:39,4b1e44,HBLMA,LSZG,LSZG,4319
2026-01-05 12:25:33,4b1e47,HBLMD,LSZG,LSZG,4730
2026-01-05 12:10:59,a27eca,N26Y,LSZG,LSZR,2361
2026-01-07 14:35:25,4b1e45,HBLMB,LSZG,LSZG,4416
2026-01-07 14:29:46,a50e57,N425BM,LSZG,LSZG,1415
2026-01-07 14:16:16,4b1f30,HBLVC,LSZG,LSZB,3270
2026-01-07 13:22:22,4b3ac3,HBWGP,LSZG,LSZG,3219
2026-01-07 12:59:15,4b2fd9,HBSDD,LSZG,LSZF,1325
2026-01-07 12:56:54,4b1f30,HBLVC,LSZG,LSZG,2276
2026-01-07 12:49:38,4b4449,HBZWJ,LSZG,LSZG,3859
2026-01-07 12:48:43,4b27c0,HBPBK,LSZG,LSGC,1274
2026-01-07 12:41:34,4b293a,HBPPY,LSZG,LSZG,4784
2026-01-07 12:38:06,4b39f0,HBVYM,LSZG,LSGG,1120
2026-01-07 12:35:23,4b1e45,HBLMB,LSZG,LSZG,4427
2026-01-07 12:09:09,4b1e44,HBLMA,LSZG,LSGT,3774
2026-01-07 10:39:02,4b1e47,HBLMD,LSZG,LSGR,4338
2026-01-07 10:02:04,4d2199,ULC44,LSZG,LFMV,2447
2026-01-07 08:22:14,4b1e47,HBLMD,LSZG,LSZG,5435
2026-01-07 08:13:08,4b1e45,HBLMB,LSZG,,1631
2026-01-07 07:41:21,4b1e44,HBLMA,LSZG,,2667
2026-01-10 07:04:49,a50e57,N425BM,LSZG,,4441
2026-01-09 13:32:45,4d2199,ULC44,LSZG,,2257
2026-01-09 09:06:23,4b32fd,RGA03,LSZG,LSZB,781
2026-01-12 14:45:31,4b1e44,HBLMA,LSZG,LSZG,5083
2026-01-12 14:40:18,4b1e45,HBLMB,LSZG,LSZG,5006
2026-01-12 14:32:11,4d02dd,JFA85L,LSZG,LFPB,4084
2026-01-12 14:12:04,4b1e47,HBLMD,LSZG,LSZG,4858
2026-01-12 13:31:09,4b28ed,HBPMZ,LSZG,LSPV,1330
2026-01-12 12:58:09,4b1e44,HBLMA,LSZG,LSZG,4422
2026-01-12 12:49:05,4b1e45,HBLMB,LSZG,LSZG,4095
2026-01-12 12:26:22,4b1f94,HBLYY,LSZG,LSZG,1080
2026-01-12 10:11:30,4b28b1,HBPKR,LSZG,LSGL,3554
2026-01-12 09:55:41,4b1e45,HBLMB,LSZG,LSZG,4962
2026-01-12 09:31:56,4b1e47,HBLMD,LSZG,LSGY,1404
2026-01-12 08:52:13,4b1e44,HBLMA,LSZG,LSGB,3189
2026-01-11 14:47:23,4b1b8a,HBKLE,LSZG,LSZG,3443
2026-01-11 13:08:37,4d2199,ULC44,LSZG,EGTF,5244
2026-01-11 11:41:10,4b4cca,HB2083,LSZG,LSGY,2793
2026-01-14 16:05:15,4b1e45,HBLMB,LSZG,LSZG,4882
2026-01-14 16:00:07,4b27bf,HBPBJ,LSZG,LSGG,2711
2026-01-14 15:44:37,4b2841,HBPGJ,LSZG,LSGG,2689
2026-01-14 14:42:01,4b1e47,HBLMD,LSZG,LSZG,5046
2026-01-14 14:26:13,4b4cca,HB2083,LSZG,LSZG,4495
2026-01-14 13:13:37,4b4126,HBYRM,LSZG,LSZP,1626
2026-01-14 11:26:36,4b28b1,HBPKR,LSZG,LSZB,890
2026-01-14 09:53:07,4b1e47,HBLMD,LSZG,EDNY,6225
2026-01-14 09:48:48,4b1b65,HBKJT,LSZG,LIRP,3786
2026-01-14 09:44:25,4b1e44,HBLMA,LSZG,EDNY,6483
2026-01-14 09:40:24,4b1e45,HBLMB,LSZG,EDTL,9466
2026-01-13 15:25:01,4b28b1,HBPKR,LSZG,LSGL,2337
2026-01-13 14:50:55,4b1e44,HBLMA,LSZG,LSZG,4714
2026-01-13 14:20:46,4b1e47,HBLMD,LSZG,LSZG,4333
2026-01-13 13:39:58,a1ec64,N223CM,LSZG,LSZG,2544
2026-01-13 13:18:26,4b2830,HBPFS,LSZG,LSZG,875
2026-01-13 09:43:16,4d02de,JFA64S,LSZG,LSGK,876
2026-01-13 09:26:00,4b1e45,HBLMB,LSZG,LFGJ,7619
2026-01-13 08:45:45,4b1f98,HBLZC,LSZG,LSZG,3925
2026-01-13 07:50:20,4b1e44,HBLMA,LSZG,LFGJ,6807
2026-01-13 07:37:41,4b1e47,HBLMD,LSZG,EDTL,7247
2026-01-13 07:30:37,4b1e45,HBLMB,LSZG,LSZG,3591
2026-01-13 07:28:04,a8cac3,N666CP,LSZG,EHRD,7829
2026-01-16 15:09:24,4d2199,ULC44,LSZG,LFMV,2832
2026-01-15 14:35:50,4b26cd,DEBUG,LSZG,LSPL,2357
2026-01-15 14:30:11,4b1e45,HBLMB,LSZG,LSZG,5172
2026-01-15 13:51:30,4b1e47,HBLMD,LSZG,LSZG,5059
2026-01-15 13:50:04,4b293a,HBPPY,LSZG,LSZG,2804
2026-01-15 13:07:11,4b425c,HBZDK,LSZG,LSZG,3302
2026-01-15 12:20:44,4b1f98,HBLZC,LSZG,EDNY,2855
2026-01-15 12:08:09,4b1c63,HBKTN,LSZG,LSMF,3038
2026-01-15 11:49:23,4b1e47,HBLMD,LSZG,LSZG,5176
2026-01-15 11:11:18,4d2199,ULC44,LSZG,LSGG,1151
2026-01-15 11:02:22,4b10e2,HBGKG,LSZG,LIML,3836
2026-01-15 08:17:50,a50e57,N425BM,LSZG,LFMD,4791
2026-01-15 07:45:42,4b1e44,HBLMA,LSZG,EDNY,9077
2026-01-15 07:16:15,4b1e45,HBLMB,LSZG,LSZM,3640
2026-01-17 14:27:04,408268,GOEND,LSZG,EGSH,10143
2026-01-17 14:22:54,4b2f91,HBSAJ,LSZG,LSGN,1361
2026-01-17 13:48:50,4b28b1,HBPKR,LSZG,LSGL,4003
2026-01-17 13:08:36,4b1b8a,HBKLE,LSZG,LSGN,977
2026-01-17 13:01:35,abbe20,N856FA,LSZG,LSMD,2679
2026-01-17 11:20:35,4b1e15,HBLKF,LSZG,LSZG,3339
2026-01-20 12:05:49,3d108a,DEENA,LSZG,LSZM,1231
2026-01-19 09:49:23,4b1e47,HBLMD,LSZG,EDTB,4566
2026-01-19 08:54:11,a50e57,N425BM,LSZG,LIMC,2567
2026-01-19 08:29:33,4b1e44,HBLMA,LSZG,LFGA,7161
2026-01-19 08:15:54,4b1e45,HBLMB,LSZG,LFLS,8942
2026-01-22 15:01:58,4b1e46,HBLMC,LSZG,LSZG,1485
2026-01-21 14:10:03,4b1aa8,HBKCM,LSZG,LKVO,5223
2026-01-23 10:39:30,4b32fd,RGA03,LSZG,LSZB,749
2026-01-23 10:23:36,4b1e45,HBLMB,LSZG,EDJA,6855
2026-01-23 10:10:22,4b1e46,HBLMC,LSZG,EDSB,5608
2026-01-23 09:58:13,4b1f08,HBLTO,LSZG,EGKB,8057
2026-01-23 09:53:34,4b1e47,HBLMD,LSZG,LSGC,4255
2026-01-26 15:28:36,4b0d1d,HBEZD,LSZG,LSZR,2983
2026-01-26 15:17:18,4b0d1e,HBEZE,LSZG,LSZR,3370
2026-01-26 15:16:39,4b066d,HBCLH,LSZG,LSZF,1423
2026-01-26 14:46:52,4b3ac3,HBWGP,LSZG,LSZG,1257
2026-01-26 12:31:54,4b289c,HBPJW,LSZG,LFLY,3603
2026-01-26 10:53:36,4b1e15,HBLKF,LSZG,LSZB,3106
2026-01-26 09:37:50,4d2199,ULC44,LSZG,LEBL,6516
2026-01-25 15:42:10,4b4cca,HB2083,LSZG,LSZG,2910
2026-01-25 14:24:34,4b1eb8,HBLQM,LSZG,LSZB,1039
2026-01-28 08:38:39,4b1e47,HBLMD,LSZG,EDDS,3380
2026-01-28 08:29:05,4b32fe,RGAIC,LSZG,LSZU,3305
2026-01-28 08:27:20,4b1e46,HBLMC,LSZG,EDDS,3667
2026-01-28 08:21:53,4b1e45,HBLMB,LSZG,EDDS,3395
2026-01-27 13:43:08,4b1e15,HBLKF,LSZG,LSZB,2373
2026-01-27 13:01:36,4b1f5e,HBLWW,LSZG,LSZB,3532
2026-01-27 12:52:52,4b32fe,RGAIC,LSZG,LSZG,4683
2026-01-27 12:36:10,4b1b0e,HBKGK,LSZG,LSZB,2872
2026-01-27 10:55:15,4b1bf7,HBKPJ,LSZG,LSZM,1548
2026-01-27 08:58:36,4b32fe,RGAIC,LSZG,LSZG,4607
2026-01-30 11:06:24,4d2199,ULC44,LSZG,LFMV,2409
2026-01-30 08:42:51,4b1e45,HBLMB,LSZG,LSZB,5824
2026-01-29 18:22:47,4b1b8a,HBKLE,LSZG,LSZG,862
2026-01-29 17:29:07,4b1b8a,HBKLE,LSZG,LSZG,2537
2026-01-29 14:00:56,4b1b8a,HBKLE,LSZG,LSZG,3490
2026-01-29 13:58:26,4b4cca,HB2083,LSZG,LSZG,3543
2026-01-29 13:17:47,4b425c,HBZDK,LSZG,LSTB,1806
2026-01-29 09:40:40,4b4449,HBZWJ,LSZG,LSMP,1534
2026-02-01 15:52:37,4b3202,HBSYK,LSZG,LSZG,1611
2026-02-01 15:44:13,4b4492,HBZZE,LSZG,LSZB,1141
2026-02-01 15:03:53,4b2964,HBPRO,LSZG,LSGL,1124
2026-02-01 14:48:49,4b39f0,HBVYM,LSZG,LEBL,4056
2026-02-01 14:35:14,4b4cca,HB2083,LSZG,LSZG,4022
2026-02-01 14:06:47,4b1e47,HBLMD,LSZG,LSZG,5179
2026-02-01 13:42:30,4b1e46,HBLMC,LSZG,LSZG,7479
2026-02-01 13:31:09,4b4cca,HB2083,LSZG,LSZG,1096
2026-02-01 13:24:57,4b1b8a,HBKLE,LSZG,LSGE,2337
2026-02-01 13:23:47,4b3391,HBTNT,LSZG,LSZG,2318
2026-02-01 11:26:34,4b1e47,HBLMD,LSZG,LSZG,6528
2026-02-01 11:01:49,4b1ef1,HBLSR,LSZG,LSZM,1510
2026-02-01 10:58:09,4b1e46,HBLMC,LSZG,LSZG,5177
2026-02-01 09:33:04,4b1faf,HBLZZ,LSZG,EDNY,2690
2026-02-01 08:56:58,4b2964,HBPRO,LSZG,LSZL,2080
2026-01-31 13:15:27,4b1e15,HBLKF,LSZG,LSZG,2407
2026-01-31 12:37:30,4b39f0,HBVYM,LSZG,LIRA,4027
2026-01-31 10:24:13,a50e57,N425BM,LSZG,LIAT,4067
2026-01-31 10:18:59,4b1f98,HBLZC,LSZG,EDMA,4080
2026-01-31 07:22:25,4b39f0,HBVYM,LSZG,LEBL,4409
2026-02-03 15:35:28,a15077,N184KP,LSZG,LSZG,1771
2026-02-03 15:18:22,a8f316,N676MA,LSZG,LSZF,979
2026-02-03 15:15:20,4b1e44,HBLMA,LSZG,LSZG,4721
2026-02-03 15:07:03,4b1e46,HBLMC,LSZG,LSZG,6160
2026-02-03 14:48:35,4b1e47,HBLMD,LSZG,LSGE,2933
2026-02-03 13:14:30,4b40f1,HBYPL,LSZG,LSZK,1643
2026-02-03 13:00:46,4b1e44,HBLMA,LSZG,LSZG,5890
2026-02-03 12:57:31,4b1e46,HBLMC,LSZG,LSZG,5465
2026-02-03 12:43:34,4b1e47,HBLMD,LSZG,LSGE,3051
2026-02-03 11:56:21,4b2fd9,HBSDD,LSZG,LSZF,1287
2026-02-03 10:57:07,4b066d,HBCLH,LSZG,LSZF,1439
2026-02-03 10:19:43,4b1e44,HBLMA,LSZG,LSZG,5554
2026-02-03 10:12:55,a6608c,N51QZ,LSZG,LSZG,1031
2026-02-03 10:10:46,4b1e47,HBLMD,LSZG,LSGE,3772
2026-02-03 09:28:25,4b1e15,HBLKF,LSZG,LSZB,2361
2026-02-03 08:29:10,4b0878,HBDFK,LSZG,LSZG,3231
2026-02-03 08:17:29,4b1aa8,HBKCM,LSZG,LFBF,5656
2026-02-03 08:10:18,4b1e44,HBLMA,LSZG,LSZG,5071
2026-02-03 07:44:23,4b1e46,HBLMC,LSZG,EDJA,4323
2026-02-03 07:23:48,4b1e47,HBLMD,LSZG,LSZG,6701
2026-02-03 07:16:39,4b10e2,HBGKG,LSZG,EDLW,5810
2026-02-02 15:45:33,4b1e44,HBLMA,LSZG,LSZG,1530
2026-02-02 14:55:30,4b1e46,HBLMC,LSZG,LSZG,6060
2026-02-02 14:37:40,4b1e45,HBLMB,LSZG,LSGE,3586
2026-02-02 14:26:50,4b2830,HBPFS,LSZG,LSZG,2498
2026-02-02 14:17:50,4b3ac3,HBWGP,LSZG,LSZG,1060
2026-02-02 13:47:10,4b444c,HBZWM,LSZG,LSTS,3092
2026-02-02 10:51:30,4b1e47,HBLMD,LSZG,EDSB,5748
2026-02-02 10:02:33,4b1e15,HBLKF,LSZG,LSGB,2050
2026-02-02 08:16:18,4b1e47,HBLMD,LSZG,LSZG,6175
2026-02-02 08:09:03,4b1e45,HBLMB,LSZG,LOWS,4865
2026-02-02 08:06:15,4b1e46,HBLMC,LSZG,LOWS,5772
2026-02-05 15:52:58,4b293a,HBPPY,LSZG,LSZG,2034
2026-02-05 15:26:13,4b1be5,HBKOR,LSZG,LSZC,945
2026-02-05 15:10:06,4b1e47,HBLMD,LSZG,LSZG,5121
2026-02-05 14:44:53,4b3299,HBTEF,LSZG,LSZB,1465
2026-02-05 14:12:07,4b1e44,HBLMA,LSZG,LSZG,10010
2026-02-05 13:34:58,4b1e15,HBLKF,LSZG,LSZG,2674
2026-02-05 13:23:14,4b1ea1,HBLPP,LSZG,LSZG,2909
2026-02-05 11:50:03,4d2199,ULC44,LSZG,EGLF,4405
2026-02-05 09:37:47,4b1b65,HBKJT,LSZG,,6491
2026-02-05 07:55:34,4b1e47,HBLMD,LSZG,LSZB,5029
2026-02-05 07:36:22,4b1e44,HBLMA,LSZG,LSGC,4084
2026-02-05 07:07:19,4b1e46,HBLMC,LSZG,LSZB,4198
2026-02-04 18:53:00,4b1e46,HBLMC,LSZG,LSZG,2006
2026-02-04 17:20:03,4b1b8a,HBKLE,LSZG,LSGY,2590
2026-02-04 15:21:50,4b1e47,HBLMD,LSZG,LSZG,5892
2026-02-04 15:12:35,4b1e46,HBLMC,LSZG,LSZG,6216
2026-02-04 14:42:47,4b1b8a,HBKLE,LSZG,LSGE,2259
2026-02-04 14:14:01,4b1e44,HBLMA,LSZG,EDSB,5660
2026-02-04 13:39:24,4b4e19,HB2418,LSZG,LSZG,1069
2026-02-04 13:24:29,3d4365,HBMCM,LSZG,LSGB,1368
2026-02-04 13:22:47,4b1e47,HBLMD,LSZG,LSGC,666
2026-02-04 13:07:00,4b1e46,HBLMC,LSZG,LSZG,5264
2026-02-04 09:16:29,4b1e47,HBLMD,LSZG,LSZB,4650
2026-02-04 09:09:47,4b1e44,HBLMA,LSZG,LSGC,6580
2026-02-04 09:01:04,4b1e46,HBLMC,LSZG,LSZB,5093
2026-02-07 11:22:56,4b39f0,HBVYM,LSZG,LEBL,4258
2026-02-07 09:15:59,4b1ea1,HBLPP,LSZG,EDDN,4739
2026-02-06 16:18:23,4b4e19,HB2418,LSZG,LSZP,951
2026-02-06 15:39:05,4b4e19,HB2418,LSZG,LSZG,891
2026-02-06 13:04:08,4b1e47,HBLMD,LSZG,LSZG,4616
2026-02-06 12:26:06,4b1e46,HBLMC,LSZG,LSZG,5042
2026-02-06 11:52:40,4b1e44,HBLMA,LSZG,LSZG,4285
2026-02-06 10:07:06,4b1e47,HBLMD,LSZG,LSZG,5330
2026-02-06 09:51:24,4b1e46,HBLMC,LSZG,LSZG,4791
2026-02-06 09:39:19,4b1e44,HBLMA,LSZG,LSZG,4837
2026-02-06 08:05:27,4b1e47,HBLMD,LSZG,LSZG,4913
2026-02-06 07:53:33,4b1e46,HBLMC,LSZG,LSZG,3925
2026-02-06 07:32:12,4b1e44,HBLMA,LSZG,LSZG,4485
2026-02-09 16:32:20,4b444c,HBZWM,LSZG,LSZG,2072
2026-02-09 15:21:48,4b3202,HBSYK,LSZG,LSZG,986
2026-02-09 14:30:49,4b0d41,HBFAN,LSZG,LSGR,1836
2026-02-09 13:42:38,4b0d41,HBFAN,LSZG,LSZG,1240
2026-02-09 13:06:51,4b1e44,HBLMA,LSZG,LSGL,3384
2026-02-09 12:55:35,4b1e46,HBLMC,LSZG,LSZG,5135
2026-02-09 09:44:29,4b1e15,HBLKF,LSZG,LSGB,1799
2026-02-09 08:12:26,4b1e44,HBLMA,LSZG,LSZG,5103
2026-02-08 14:51:02,4b28b1,HBPKR,LSZG,LSGL,2045
2026-02-08 08:27:19,a50e57,N425BM,LSZG,EDAZ,6512
2026-02-11 12:17:54,4b1e45,HBLMB,LSZG,LSZG,3783
2026-02-11 11:58:00,4b1e44,HBLMA,LSZG,LSZG,2738
2026-02-11 11:04:46,4b1e46,HBLMC,LSZG,LSZG,2904
2026-02-11 10:39:51,4b39f0,HBVYM,LSZG,LEBL,4324
2026-02-11 09:53:03,4b1e45,HBLMB,LSZG,LSZG,5240
2026-02-11 09:40:17,4b1e46,HBLMC,LSZG,LSZG,2630
2026-02-11 09:30:28,4b1e44,HBLMA,LSZG,LSZG,5429
2026-02-11 06:10:12,4b10e2,HBGKG,LSZG,LOAV,7156
2026-02-10 16:11:12,4b4e19,HB2418,LSZG,LSZG,754
2026-02-10 15:14:33,4b1e45,HBLMB,LSZG,LSZG,2276
2026-02-10 15:11:07,4b1f08,HBLTO,LSZG,LEAP,8659
2026-02-10 14:16:30,4b1e46,HBLMC,LSZG,LSZG,5984
2026-02-10 13:28:21,4b39f0,HBVYM,LSZG,LEBL,4297
2026-02-10 12:01:07,4b1e44,HBLMA,LSZG,LSZG,4234
2026-02-10 10:30:16,4b1e46,HBLMC,LSZG,LSZG,2983
2026-02-10 09:57:53,4b289c,HBPJW,LSZG,EDJA,2940
2026-02-10 09:03:33,4b1e46,HBLMC,LSZG,LSZG,2866
2026-02-10 08:13:50,4b1e44,HBLMA,LSZG,LSZG,4701
2026-02-13 15:22:30,4b28b1,HBPKR,LSZG,LSGL,3169
2026-02-13 15:07:37,4b0d1e,HBEZE,LSZG,LSZR,4637
2026-02-13 13:02:19,4b086e,HBDFA,LSZG,LSZG,1097
2026-02-13 12:55:50,4b1e44,HBLMA,LSZG,LSZG,4692
2026-02-13 12:53:53,4b1e45,HBLMB,LSZG,LSZG,5385
2026-02-13 12:50:09,4b425c,HBZDK,LSZG,LSPL,1276
2026-02-13 12:24:35,4b1e46,HBLMC,LSZG,LSZG,4962
2026-02-13 11:52:11,4b086e,HBDFA,LSZG,LSZG,2493
2026-02-13 11:10:40,4b3ac3,HBWGP,LSZG,LSZG,2135
2026-02-13 10:49:35,4b1e44,HBLMA,LSZG,LSZG,4734
2026-02-13 10:38:30,4b1e45,HBLMB,LSZG,LSZG,5778
2026-02-13 10:10:22,a15077,N184KP,LSZG,EDTG,1377
2026-02-13 10:08:30,4b1e46,HBLMC,LSZG,LSZG,5542
2026-02-13 09:58:40,4b1faf,HBLZZ,LSZG,LFLY,3669
2026-02-13 08:45:03,4b1e44,HBLMA,LSZG,LSZG,5178
2026-02-13 08:30:18,adf489,N999EU,LSZG,LSZG,1011
2026-02-13 08:28:34,4b1e45,HBLMB,LSZG,LSZG,5565
2026-02-13 08:12:07,4b1e46,HBLMC,LSZG,LSZG,4631
2026-02-12 12:56:47,4b1e47,HBLMD,LSZG,LSZG,2351
2026-02-12 12:31:01,4b1e45,HBLMB,LSZG,LSZG,3166
2026-02-12 12:09:30,4b1f2f,HBLVB,LSZG,EDNY,5795
2026-02-12 08:49:45,4b1e45,HBLMB,LSZG,LSZG,4110
2026-02-12 08:41:07,4b1e44,HBLMA,LSZG,LSZG,2762
2026-02-12 08:27:54,4b1e47,HBLMD,LSZG,LSZB,1771
2026-02-12 07:22:09,4d2199,ULC44,LSZG,EGLF,4774
2026-02-15 15:27:40,4b3202,HBSYK,LSZG,LSZG,2040
2026-02-15 14:10:33,4b1a95,HBKBT,LSZG,LSPL,810
2026-02-15 13:20:39,4b1f5e,HBLWW,LSZG,LSZB,3835
2026-02-15 12:56:01,4b25ea,HBOJI,LSZG,LSGL,2987
2026-02-15 12:38:45,adf489,N999EU,LSZG,EDDH,9314
2026-02-15 12:33:39,4b4e19,HB2418,LSZG,LSZG,5086
2026-02-15 11:44:51,4b444c,HBZWM,LSZG,LSGR,1741
2026-02-15 09:06:20,4b1ea1,HBLPP,LSZG,EDMA,3812
2026-02-14 12:33:33,ac6a8f,N9AW,LSZG,LSZR,3348
2026-02-14 10:24:14,4b1f5e,HBLWW,LSZG,LSZB,1978
2026-02-14 09:07:30,ac6a8f,N9AW,LSZG,LSZG,3988
2026-02-17 15:11:30,4b1e45,HBLMB,LSZG,LSZG,3282
2026-02-17 14:16:26,4b1e44,HBLMA,LSZG,LSZG,2679
2026-02-17 14:14:35,4b1e46,HBLMC,LSZG,LSZG,4337
2026-02-17 13:49:21,4b39f0,HBVYM,LSZG,LIML,1938
2026-02-17 13:25:36,4b1e45,HBLMB,LSZG,LSZG,4390
2026-02-17 12:55:06,4b1e15,HBLKF,LSZG,LSZG,2536
2026-02-17 12:10:12,4b1e46,HBLMC,LSZG,LSZG,4667
2026-02-17 12:07:30,4b1e44,HBLMA,LSZG,LSZG,5476
2026-02-17 11:33:36,4b1e45,HBLMB,LSZG,LSZG,3987
2026-02-17 10:17:35,4d2199,ULC44,LSZG,EGBJ,6474
2026-02-17 09:20:04,4b1e44,HBLMA,LSZG,LSZG,4195
2026-02-17 09:16:50,4b1e46,HBLMC,LSZG,LSZG,4255
2026-02-17 08:04:56,4b1e45,HBLMB,LSZG,LSZG,5578
2026-02-16 16:07:15,4b1e46,HBLMC,LSZG,LSZG,4011
2026-02-16 14:40:35,4b1e44,HBLMA,LSZG,LSZG,4901
2026-02-16 14:36:06,4b1e45,HBLMB,LSZG,LSZG,4569
2026-02-16 14:33:33,4b1e46,HBLMC,LSZG,LSZG,3375
2026-02-16 12:49:05,4b39f0,HBVYM,LSZG,LIML,2033
2026-02-16 09:35:04,4b1e15,HBLKF,LSZG,LSZG,3030
2026-02-16 09:27:45,4b4400,HBZTO,LSZG,LSGR,1521
2026-02-16 09:00:55,4b1e45,HBLMB,LSZG,LSZG,5364
2026-02-19 10:39:01,4b1e46,HBLMC,LSZG,EDNY,5304
2026-02-19 09:34:13,4b1e15,HBLKF,LSZG,LSZB,1544
2026-02-19 08:49:38,4b1e47,HBLMD,LSZG,LSZG,5190
2026-02-19 08:38:34,4b1e45,HBLMB,LSZG,EDNY,6559
2026-02-19 08:34:23,4b1e44,HBLMA,LSZG,EDNY,5403
2026-02-19 08:08:11,4b1e46,HBLMC,LSZG,LSZG,4517
2026-02-19 07:05:19,4b425c,HBZDK,LSZG,LSZB,1243
2026-02-18 15:12:18,4b39f0,HBVYM,LSZG,LEBL,4411
2026-02-18 09:08:40,4d2199,ULC44,LSZG,LFTZ,2824
2026-02-18 08:39:37,4b1e44,HBLMA,LSZG,EDDR,6140
2026-02-18 08:28:33,4b1e46,HBLMC,LSZG,EDDR,5030
2026-02-18 08:16:08,4b1e45,HBLMB,LSZG,EDDR,6110
2026-02-18 08:10:13,4b1aa8,HBKCM,LSZG,LEAP,5153
2026-02-21 16:14:44,4b40e4,HBYOY,LSZG,LSZG,1381
2026-02-21 09:14:06,4b1ea1,HBLPP,LSZG,EDDN,5319
2026-02-20 15:52:24,4b1f5e,HBLWW,LSZG,LSZB,1506
2026-02-20 15:37:20,4b058d,HBCCR,LSZG,LSZG,4809
2026-02-20 14:56:40,4b0878,HBDFK,LSZG,LSZG,2576
2026-02-20 13:30:33,4b1e44,HBLMA,LSZG,LSZG,3737
2026-02-20 13:01:54,a1ec64,N223CM,LSZG,LSZB,741
2026-02-20 12:43:31,4b1e45,HBLMB,LSZG,LSZG,5138
2026-02-20 10:46:30,4b1e45,HBLMB,LSZG,LSZG,4722
2026-02-20 10:22:58,4b1e46,HBLMC,LSZG,LSZB,4158
2026-02-20 10:11:31,4b1e44,HBLMA,LSZG,LSZG,4946
2026-02-20 08:11:18,4b1e45,HBLMB,LSZG,LSZG,5120
2026-02-20 08:08:44,4b1e44,HBLMA,LSZG,LSZG,5073
2026-02-20 07:18:57,a50e57,N425BM,LSZG,LSZA,2432
2026-02-23 14:51:01,424c45,MKINK,LSZG,LSZB,786
2026-02-23 14:42:46,4b1b8a,HBKLE,LSZG,LSZG,5064
2026-02-23 14:21:00,4b1e45,HBLMB,LSZG,LSGE,1288
2026-02-23 13:29:05,4b1baf,HBKMP,LSZG,LSZF,2003
2026-02-23 09:02:55,4b1e44,HBLMA,LSZG,LFSE,2381
2026-02-23 08:55:19,4b058d,HBCCR,LSZG,EDMA,4464
2026-02-23 08:39:41,4b1e46,HBLMC,LSZG,EDTX,6908
2026-02-23 08:27:57,4b1e45,HBLMB,LSZG,EDTY,6447
2026-02-22 14:55:37,4b1eb8,HBLQM,LSZG,LSZG,1623
2026-02-22 14:24:17,4b28a6,HBPKG,LSZG,LSPL,830
2026-02-22 14:03:30,4b27c0,HBPBK,LSZG,LSZB,1336
2026-02-22 13:39:26,4b1b8a,HBKLE,LSZG,LSZG,4004
2026-02-22 13:19:36,4b4449,HBZWJ,LSZG,LSZG,956
2026-02-22 12:50:42,4b28b1,HBPKR,LSZG,LSZB,1420
2026-02-22 12:34:06,4b1b13,HBKGP,LSZG,LSGN,923
2026-02-22 12:33:03,4b27b7,HBPBB,LSZG,LSZF,1424
2026-02-22 12:30:21,4b293a,HBPPY,LSZG,LSZG,4091
2026-02-22 11:34:53,4b28aa,HBPKK,LSZG,LSZB,691
2026-02-22 08:32:52,4b3fc2,HBYDU,LSZG,LSZG,7155
2026-02-22 07:57:13,4b444c,HBZWM,LSZG,LSZS,2552
2026-02-25 18:52:47,4b1b8a,HBKLE,LSZG,LSZG,1492
2026-02-25 17:01:30,4b1b8a,HBKLE,LSZG,LSZG,4004
2026-02-25 15:13:25,4b1b8a,HBKLE,LSZG,LSZG,3590
2026-02-25 13:11:14,4b086e,HBDFA,LSZG,LFJA,3549
2026-02-25 12:58:05,4b1e44,HBLMA,LSZG,LSGE,1344
2026-02-25 12:18:12,4b293a,HBPPY,LSZG,LSGB,2597
2026-02-25 09:59:37,4b1aa8,HBKCM,LSZG,,2288
2026-02-25 09:05:52,4b1e46,HBLMC,LSZG,EDNY,5076
2026-02-25 08:31:06,4b1e44,HBLMA,LSZG,LSGB,1840
2026-02-25 08:09:04,4b1e45,HBLMB,LSZG,LFLS,5060
2026-02-24 17:29:18,a45b7d,N380CA,LSZG,LFHN,2529
2026-02-24 16:00:00,a6608c,N51QZ,LSZG,LSZG,2029
2026-02-24 15:57:05,4b3273,HBTCT,LSZG,LSMA,1180
2026-02-24 14:44:25,a6608c,N51QZ,LSZG,LSZG,2176
2026-02-24 14:38:39,4b3202,HBSYK,LSZG,LSZP,1836
2026-02-24 14:04:08,4d2199,ULC44,LSZG,EGLF,4431
2026-02-24 13:57:39,4b4449,HBZWJ,LSZG,LSZG,2415
2026-02-24 13:52:32,4b1e46,HBLMC,LSZG,LSZG,3133
2026-02-24 12:20:08,4b3202,HBSYK,LSZG,LSZG,1040
2026-02-24 12:10:12,a1ec64,N223CM,LSZG,LFGJ,2891
2026-02-24 11:12:00,4b1e46,HBLMC,LSZG,LFGJ,2696
2026-02-24 09:52:15,4b1b8a,HBKLE,LSZG,LIMJ,6877
2026-02-24 08:51:57,4b1e46,HBLMC,LSZG,LSZG,5389
2026-02-24 08:48:25,4b4e19,HB2418,LSZG,LSZG,1438
2026-02-24 08:31:43,4b1e45,HBLMB,LSZG,EDTM,3884
2026-02-24 07:52:07,4b1e44,HBLMA,LSZG,LFLS,4655
2026-02-27 17:22:30,4b436d,HBZNX,LSZG,LSPN,1277
2026-02-27 16:16:30,4b1bf7,HBKPJ,LSZG,LSZQ,1184
2026-02-27 14:25:33,4b1bae,HBKMO,LSZG,LSZB,654
2026-02-27 14:21:53,3d24d3,DEMET,LSZG,LSZE,3289
2026-02-27 13:50:19,3d1217,DEFCH,LSZG,LSMA,817
2026-02-27 13:32:49,4b3fda,HBYES,LSZG,LSZG,5941
2026-02-27 13:23:03,4b1b8a,HBKLE,LSZG,LSMF,2156
2026-02-27 12:57:00,4b1e44,HBLMA,LSZG,LSZG,5210
2026-02-27 11:55:31,4d2199,ULC44,LSZG,LFMV,2420
2026-02-27 10:35:55,4b4cca,HB2083,LSZG,LSMM,2162
2026-02-27 10:23:51,4b1b8a,HBKLE,LSZG,LSPL,1387
2026-02-27 10:22:33,4b1e45,HBLMB,LSZG,LSGB,2456
2026-02-27 09:48:59,4b1eb8,HBLQM,LSZG,EDAB,8815
2026-02-27 09:41:25,a50e57,N425BM,LSZG,LOIJ,3183
2026-02-27 09:40:02,4b27bf,HBPBJ,LSZG,LSGG,3276
2026-02-27 08:19:21,4b1e45,HBLMB,LSZG,LSZG,4956
2026-02-27 08:17:44,4b1e46,HBLMC,LSZG,EDTX,7906
2026-02-27 08:11:43,4b1e44,HBLMA,LSZG,LSZB,5506
2026-02-26 15:58:00,4b06f4,HBCQM,LSZG,LSZN,2226
2026-02-26 15:40:06,4b1e45,HBLMB,LSZG,LSZG,5061
2026-02-26 15:20:42,4b1e44,HBLMA,LSZG,LSZG,4473
2026-02-26 14:50:58,4b3fc2,HBYDU,LSZG,LSZG,6527
2026-02-26 14:33:30,4b06f4,HBCQM,LSZG,LSZG,2302
2026-02-26 14:29:00,4b1e46,HBLMC,LSZG,LSZG,5403
2026-02-26 14:05:46,4b3202,HBSYK,LSZG,LSTB,1265
2026-02-26 13:44:53,4b444c,HBZWM,LSZG,LSZJ,1296
2026-02-26 13:27:19,4b3fda,HBYES,LSZG,LSZF,3093
2026-02-26 13:14:36,3d287f,DENOX,LSZG,LSGP,1878
2026-02-26 13:13:29,4b293a,HBPPY,LSZG,LSZG,6288
2026-02-26 11:40:03,4b3304,RGA02,LSZG,LSZM,652
2026-02-26 10:36:24,4b1b65,HBKJT,LSZG,ESMT,7547
2026-02-26 10:28:34,4b1e45,HBLMB,LSZG,LFLY,5922
2026-02-26 10:27:33,4b4484,HBZYQ,LSZG,LSMF,3671
2026-02-26 09:29:17,4b08a2,HBDHA,LSZG,LFLY,3609
2026-02-26 09:24:57,4b28a6,HBPKG,LSZG,LSPL,683
2026-02-26 09:09:49,4b1c69,HBKTT,LSZG,LSMF,1958
2026-02-26 09:07:15,4b4449,HBZWJ,LSZG,LSZG,2717
2026-02-26 08:39:44,4b1e44,HBLMA,LSZG,EDJA,5891
2026-02-26 08:20:19,4b1e46,HBLMC,LSZG,LFLY,6489
2026-02-26 08:01:17,4b1e45,HBLMB,LSZG,LSZB,2557
2026-03-01 14:20:05,4b1b8a,HBKLE,LSZG,LSZP,1268
2026-03-01 14:02:58,4b4cca,HB2083,LSZG,LSZG,2625
2026-03-01 14:00:30,4b303c,HBSGY,LSZG,LSZH,1571
2026-03-01 13:18:18,4b0cd2,HBEWG,LSZG,LSGL,2094
2026-03-01 13:17:35,4b413c,HBYSI,LSZG,LSGE,1362
2026-03-01 12:55:10,4b1b8a,HBKLE,LSZG,LSZG,2803
2026-03-01 09:56:19,4b1ea1,HBLPP,LSZG,EDNY,2045
2026-03-01 07:11:37,4b1aa8,HBKCM,LSZG,LFPN,3951
2026-02-28 14:20:32,4b1bb7,HBKMX,LSZG,LSZK,2442
2026-02-28 13:16:12,4b425c,HBZDK,LSZG,LSZG,3105
2026-02-28 12:18:31,4b33b0,HBTOY,LSZG,LSZR,2953
2026-02-28 10:37:31,4b28a6,HBPKG,LSZG,LSPL,818
2026-02-28 10:30:04,4b25ea,HBOJI,LSZG,LSGL,2236
2026-02-28 10:29:07,4b2f91,HBSAJ,LSZG,LSZB,1666
2026-02-28 09:51:40,4b1faf,HBLZZ,LSZG,EDDN,4056
2026-02-28 09:46:10,4b444c,HBZWM,LSZG,LSZB,916
2026-03-03 15:48:20,4b2f91,HBSAJ,LSZG,LSGN,1216
2026-03-03 15:23:02,3d433f,DEXSH,LSZG,LSZF,1896
2026-03-03 15:16:43,4b1c69,HBKTT,LSZG,LSMF,2096
2026-03-03 12:14:40,4b1f08,HBLTO,LSZG,LESB,11644
2026-03-03 11:02:11,4b1e45,HBLMB,LSZG,EDJA,5223
2026-03-03 09:45:47,4b1f08,HBLTO,LSZG,LSZB,2407
2026-03-03 09:35:43,4b4e19,HB2418,LSZG,LSZG,1036
2026-03-03 08:46:34,4b1e47,HBLMD,LSZG,LFGA,5329
2026-03-03 08:35:49,4b1e44,HBLMA,LSZG,LFLY,3765
2026-03-03 08:15:43,4b1e45,HBLMB,LSZG,LSZG,5873
2026-03-02 15:14:24,4b1e47,HBLMD,LSZG,LSZG,1217
2026-03-02 15:08:37,4b421b,HBZAX,LSZG,LSMF,4979
2026-03-02 14:18:40,a1ec64,N223CM,LSZG,LSZG,3096
2026-03-02 13:33:41,4b1e45,HBLMB,LSZG,LSZG,7131
2026-03-02 13:28:47,4b1e44,HBLMA,LSZG,LSGE,4209
2026-03-02 12:49:30,4b1f3f,HBLVR,LSZG,EDNY,4343
2026-03-02 11:01:04,4b4cca,HB2083,LSZG,LSZG,7565
2026-03-02 10:30:52,4b40e4,HBYOY,LSZG,LSZB,1507
2026-03-02 10:20:36,4b1e46,HBLMC,LSZG,LSZG,5328
2026-03-02 10:16:10,4b1e44,HBLMA,LSZG,LSZG,7066
2026-03-02 10:09:54,4b1e45,HBLMB,LSZG,LSZG,8154
2026-03-02 09:59:21,4b1f98,HBLZC,LSZG,EDFM,4874
2026-03-02 09:33:09,a68d2a,N521FH,LSZG,LSZB,1149
2026-03-05 17:07:33,48685d,PHZAX,LSZG,LSMF,1580
2026-03-05 16:42:53,4b1b16,HBKGS,LSZG,LSZM,1341
2026-03-05 16:19:06,4b26cd,DEBUG,LSZG,LSPL,2368
2026-03-05 16:06:39,4b3ab4,HBWGA,LSZG,LSZG,2379
2026-03-05 15:17:34,4b0d1d,HBEZD,LSZG,LSZE,3765
2026-03-05 13:52:40,4b1e45,HBLMB,LSZG,LSZG,5235
2026-03-05 13:34:03,4b1b11,HBKGN,LSZG,LSZB,1144
2026-03-05 13:18:06,4b4e19,HB2418,LSZG,LSZP,4719
2026-03-05 13:12:50,4b293a,HBPPY,LSZG,LFLI,2606
2026-03-05 11:26:49,4b2830,HBPFS,LSZG,LSZG,3381
2026-03-05 10:54:08,4b293a,HBPPY,LSZG,LSZG,3999
2026-03-05 10:49:44,4b28a6,HBPKG,LSZG,LSPL,625
2026-03-05 10:32:04,4b1c63,HBKTN,LSZG,LSMF,2090
2026-03-05 09:19:02,4b439e,HBZPU,LSZG,LFSM,1461
2026-03-05 08:44:33,4b1e47,HBLMD,LSZG,LFLP,4146
2026-03-05 08:34:58,4b1e44,HBLMA,LSZG,LFGA,5909
2026-03-05 08:07:42,4b1e45,HBLMB,LSZG,LFGA,4997
2026-03-04 19:42:01,4b3021,HBSFX,LSZG,LSGY,4024
2026-03-04 18:01:09,4b1b8a,HBKLE,LSZG,LSZG,5645
2026-03-04 17:55:09,4b0cd2,HBEWG,LSZG,LSGE,2259
2026-03-04 17:36:14,4b28a6,HBPKG,LSZG,LSZG,6245
2026-03-04 16:15:41,4b0d1d,HBEZD,LSZG,LSMF,2777
2026-03-04 15:27:56,4b1a95,HBKBT,LSZG,LSPL,1685
2026-03-04 15:13:36,4b0c1d,HBEPH,LSZG,LSMF,2335
2026-03-04 14:08:55,4b3fda,HBYES,LSZG,LSZG,3872
2026-03-04 13:19:21,4b06f4,HBCQM,LSZG,LSPN,1295
2026-03-04 13:07:48,4b2830,HBPFS,LSZG,LSZG,1137
2026-03-04 12:22:13,4b293a,HBPPY,LSZG,LSZG,4256
2026-03-04 12:11:57,4b4449,HBZWJ,LSZG,LSZG,3393
2026-03-04 11:54:24,4b301c,HBSFS,LSZG,LSZN,2589
2026-03-04 11:44:29,4b0cd3,HBEWH,LSZG,LSGY,2260
2026-03-04 09:21:25,4b40e4,HBYOY,LSZG,LSPM,1771
2026-03-04 08:43:27,4b1e45,HBLMB,LSZG,LFSA,3272
2026-03-04 08:20:38,4b1e44,HBLMA,LSZG,EDNY,6190
2026-03-04 08:04:33,4b1e47,HBLMD,LSZG,LFLP,4311
2026-03-04 07:33:05,4b1aa8,HBKCM,LSZG,LSZH,1463
2026-03-07 15:51:32,4b2947,HBPQL,LSZG,LSZM,1706
2026-03-07 15:43:00,4b1aa5,HBKCJ,LSZG,LSPL,1135
2026-03-07 14:29:35,4b066d,HBCLH,LSZG,LSGN,1245
2026-03-07 13:49:33,4b1b8a,HBKLE,LSZG,LSTZ,1706
2026-03-07 13:48:30,4b27b7,HBPBB,LSZG,LSZF,2759
2026-03-07 13:48:23,4b4e19,HB2418,LSZG,LSZG,3399
2026-03-07 12:54:10,4b0878,HBDFK,LSZG,LSGL,2729
2026-03-07 08:34:47,4b4e19,HB2418,LSZG,LSZG,2044
2026-03-07 07:13:29,4b2816,HBPES,LSZG,LSZR,2991
2026-03-06 16:12:10,4b1aa8,HBKCM,LSZG,LEGE,5633
2026-03-06 15:59:50,4b2947,HBPQL,LSZG,LSZM,1823
2026-03-06 15:43:52,a31cde,N3YZ,LSZG,LSZG,787
2026-03-06 15:40:30,4b081a,HBDBU,LSZG,LSZK,3028
2026-03-06 14:39:20,4b081a,HBDBU,LSZG,LSZG,709
2026-03-06 14:35:32,a31cde,N3YZ,LSZG,LSZG,2870
2026-03-06 12:51:31,4b1c63,HBKTN,LSZG,LSZR,3605
2026-03-06 12:42:18,4b4cca,HB2083,LSZG,LSZG,2599
2026-03-06 12:42:09,4b3202,HBSYK,LSZG,LSZP,1594
2026-03-06 12:29:36,4b425c,HBZDK,LSZG,LSZG,4437
2026-03-06 12:11:54,4b1f9d,HBLZH,LSZG,LSZB,1496
2026-03-06 12:05:00,4b1e45,HBLMB,LSZG,LSZG,5193
2026-03-06 10:51:39,4b1e45,HBLMB,LSZG,LSZG,1151
2026-03-06 10:42:46,4b1e44,HBLMA,LSZG,LSZG,5891
2026-03-06 09:47:53,4b28a6,HBPKG,LSZG,LSPL,673
2026-03-06 09:41:43,a31cde,N3YZ,LSZG,LSZG,1663
2026-03-06 09:29:29,4b3fc2,HBYDU,LSZG,LSZG,1807
2026-03-06 08:46:09,4b1e45,HBLMB,LSZG,LSZG,5556
2026-03-06 08:04:43,4b1e44,HBLMA,LSZG,LSZG,5525
2026-03-06 07:55:35,4b1e47,HBLMD,LSZG,LFSA,3470
2026-03-09 15:49:32,4b28b1,HBPKR,LSZG,LSZB,1216
2026-03-09 15:33:07,4b0882,HBDFU,LSZG,LSGN,844
2026-03-09 15:04:34,4b40e4,HBYOY,LSZG,EDKB,6186
2026-03-09 14:16:12,4b28aa,HBPKK,LSZG,LSZB,1723
2026-03-09 13:13:19,4b1bb7,HBKMX,LSZG,LSZK,2895
2026-03-09 12:40:42,4d2199,ULC44,LSZG,LIML,2349
2026-03-09 12:16:17,4b0c84,HBETG,LSZG,LSZT,3065
2026-03-09 11:09:29,a1b7b7,N21FS,LSZG,LFGJ,3025
2026-03-09 09:34:38,4b1b8a,HBKLE,LSZG,LFST,3132
2026-03-09 09:30:42,4b2816,HBPES,LSZG,LSZG,2014
2026-03-09 09:08:07,4b1e15,HBLKF,LSZG,LSGY,3525
2026-03-09 08:42:50,4b1e45,HBLMB,LSZG,LFST,6598
2026-03-09 08:26:42,4b1e44,HBLMA,LSZG,EDTL,7076
2026-03-09 08:17:26,4b1e47,HBLMD,LSZG,LFGJ,4856
2026-03-08 15:01:08,4b3ab4,HBWGA,LSZG,LSZG,2073
2026-03-08 14:56:55,3d1dc4,DEJNG,LSZG,EDLZ,7380
2026-03-08 13:11:09,4b3391,HBTNT,LSZG,LSZG,1742
2026-03-08 12:39:31,4b1bf6,HBKPI,LSZG,LSZM,2029
2026-03-08 12:37:51,4b1c63,HBKTN,LSZG,LSMF,2422
2026-03-08 11:31:13,4b293a,HBPPY,LSZG,LSZG,2746
2026-03-08 11:22:31,4b1b8a,HBKLE,LSZG,LSGL,5234
2026-03-08 11:05:33,4b1bf7,HBKPJ,LSZG,LSZM,1517
2026-03-08 09:33:08,4b3202,HBSYK,LSZG,LSPL,890
2026-03-08 08:41:25,4b1b8a,HBKLE,LSZG,LSZB,797
2026-03-11 15:56:38,4b1e46,HBLMC,LSZG,LSZG,1330
2026-03-11 15:24:38,a1b7b7,N21FS,LSZG,LSZG,638
2026-03-11 14:21:06,4b1e44,HBLMA,LSZG,LSZG,4604
2026-03-11 13:12:48,4b4e19,HB2418,LSZG,LSZG,2967
2026-03-11 09:38:10,4b1e44,HBLMA,LSZG,LSGE,5474
2026-03-11 08:21:59,4b08a2,HBDHA,LSZG,EDMS,5726
2026-03-11 08:10:36,4b1e46,HBLMC,LSZG,LSZG,1071
2026-03-10 15:13:48,ab8901,N842TS,LSZG,LSZR,2897
2026-03-10 15:11:04,4b1c62,HBKTM,LSZG,LSZX,2286
2026-03-10 13:28:11,a071d2,N128ED,LSZG,LSZF,1173
2026-03-10 13:10:31,4b1e44,HBLMA,LSZG,LSZG,5187
2026-03-10 12:38:48,4b4cca,HB2083,LSZG,LSZG,3460
2026-03-10 11:33:10,4b1f08,HBLTO,LSZG,LOAV,7357
2026-03-10 11:00:44,4b3f93,HBYBZ,LSZG,LSZQ,1015
2026-03-10 10:48:21,a1ec64,N223CM,LSZG,LSZQ,1111
2026-03-10 10:39:34,4b1e44,HBLMA,LSZG,LSZG,5361
2026-03-10 10:28:20,4b3202,HBSYK,LSZG,LSZG,2246
2026-03-10 10:11:48,4b1e44,HBLMA,LSZG,LSZG,1030
2026-03-10 08:49:04,4b1e15,HBLKF,LSZG,LSGE,2960
2026-03-10 08:31:13,4b1e47,HBLMD,LSZG,EDJA,3406
2026-03-10 07:33:34,4b1e44,HBLMA,LSZG,LSZG,4944
2026-03-10 07:09:46,4b1e45,HBLMB,LSZG,EDJA,5044
2026-03-13 16:09:47,4b4e19,HB2418,LSZG,LSZG,2219
2026-03-13 15:47:23,a1ec64,N223CM,LSZG,LSZG,3555
2026-03-13 15:22:21,4b27b7,HBPBB,LSZG,LSZF,1278
2026-03-13 15:06:25,4b3ab4,HBWGA,LSZG,LSZG,1314
2026-03-13 14:52:53,4b293a,HBPPY,LSZG,LSZG,3287
2026-03-13 14:12:36,4b0dd5,HUE12F,LSZG,LSZB,2361
2026-03-13 13:40:03,4b0f97,HBFXN,LSZG,LSZG,3058
2026-03-13 12:35:11,4b1ef1,HBLSR,LSZG,LSZM,1721
2026-03-13 12:31:52,4b0c84,HBETG,LSZG,LSZT,2883
2026-03-13 12:08:33,4d2199,ULC44,LSZG,LFMV,2508
2026-03-13 11:51:34,4b293a,HBPPY,LSZG,LSZQ,1060
2026-03-13 11:37:25,4b348f,HBTXN,LSZG,LSZF,1643
2026-03-13 11:34:30,4b1f2f,HBLVB,LSZG,LSGC,3829
2026-03-13 10:36:32,4b3ce4,HBXBO,LSZG,LSGR,1251
2026-03-13 10:17:23,4b0b79,HBEIZ,LSZG,LSGP,2165
2026-03-13 10:08:05,4b1e46,HBLMC,LSZG,LSZB,7037
2026-03-13 09:22:03,4b1ea1,HBLPP,LSZG,LOWS,4582
2026-03-13 09:01:57,4b1f98,HBLZC,LSZG,LOWS,4852
2026-03-13 08:59:07,a68d2a,N521FH,LSZG,EDDN,4213
2026-03-13 08:55:42,4b2816,HBPES,LSZG,LSZG,2640
2026-03-13 08:31:05,4b1f94,HBLYY,LSZG,LSZB,2584
2026-03-13 08:02:40,4b1e46,HBLMC,LSZG,LSZG,4929
2026-03-12 19:17:45,4b1b8a,HBKLE,LSZG,LSZG,1337
2026-03-12 18:13:01,4b1b8a,HBKLE,LSZG,LSZB,1453
2026-03-12 16:27:58,4b0878,HBDFK,LSZG,LSGR,1303
2026-03-12 16:13:14,4b2816,HBPES,LSZG,LSZG,1792
2026-03-12 15:47:33,4b1b8a,HBKLE,LSZG,LSZG,3476
2026-03-12 15:02:25,4b3202,HBSYK,LSZG,LSZP,1521
2026-03-12 13:48:56,4b0935,HBDMR,LSZG,LSGB,2228
2026-03-12 13:45:43,4b3fda,HBYES,LSZG,LSZG,5423
2026-03-12 13:18:08,4b425c,HBZDK,LSZG,LSZG,3088
2026-03-12 12:56:00,4b0e69,HBFLX,LSZG,LFHN,1781
2026-03-12 12:34:50,4b1e69,HBLNL,LSZG,LSZB,789
2026-03-12 12:19:47,4b4449,HBZWJ,LSZG,LSGR,1560
2026-03-12 11:12:19,4b1b11,HBKGN,LSZG,LSZB,966
2026-03-12 11:04:32,4b1e46,HBLMC,LSZG,LSZB,6440
2026-03-12 10:44:37,4b2830,HBPFS,LSZG,LSGE,2383
2026-03-12 10:33:30,4b28aa,HBPKK,LSZG,LSZB,1664
2026-03-12 10:01:38,4b1e69,HBLNL,LSZG,LSZB,798
2026-03-12 08:35:53,4b1e45,HBLMB,LSZG,EDJA,4742
2026-03-12 08:30:36,4b1e46,HBLMC,LSZG,LSZG,7148
2026-03-12 08:26:37,4b1e47,HBLMD,LSZG,EDJA,4784
2026-03-12 07:03:33,4d2199,ULC44,LSZG,LFMV,2335
2026-03-15 14:22:51,4b10e2,HBGKG,LSZG,LSZG,3867
2026-03-15 14:14:33,4b4dc9,HB2338,LSZG,LSZQ,1255
2026-03-15 13:43:34,4b1bfd,HBKPP,LSZG,LSGL,2409
2026-03-15 13:05:00,4b1bfd,HBKPP,LSZG,LSZG,1589
2026-03-15 12:34:05,4b4e19,HB2418,LSZG,LSGN,1464
2026-03-15 12:06:14,4b1b8a,HBKLE,LSZG,LSZB,1121
2026-03-15 12:02:49,4b27c0,HBPBK,LSZG,LSGL,1782
2026-03-15 09:56:40,4b39f0,HBVYM,LSZG,LEBL,4392
2026-03-15 09:04:04,4b1faf,HBLZZ,LSZG,LFQA,4338
2026-03-15 08:53:10,4b1b8a,HBKLE,LSZG,LSGB,2688
2026-03-14 09:25:05,4b1aa8,HBKCM,LSZG,LEGE,6263
2026-03-14 09:19:21,4b1e69,HBLNL,LSZG,EDDS,2228
2026-03-17 16:48:35,4b3202,HBSYK,LSZG,LSZG,1445
2026-03-17 16:46:25,a1ec64,N223CM,LSZG,LSZG,3653
2026-03-17 16:16:19,4b1f08,HBLTO,LSZG,LFLY,3628
2026-03-17 15:45:38,4b1b8a,HBKLE,LSZG,LSZQ,1401
2026-03-17 15:36:09,4b3ac3,HBWGP,LSZG,LSZG,2320
2026-03-17 15:26:40,4b4482,HBZYO,LSZG,LSZK,3241
2026-03-17 14:22:09,a68d2a,N521FH,LSZG,LSZG,918
2026-03-17 13:47:45,a1b7b7,N21FS,LSZG,LSZG,2790
2026-03-17 13:46:22,4b4e19,HB2418,LSZG,LSZG,5805
2026-03-17 13:42:40,a68d2a,N521FH,LSZG,LSZG,1307
2026-03-17 13:36:39,4b1e45,HBLMB,LSZG,LSZG,4615
2026-03-17 13:26:20,aa37e4,N758BK,LSZG,LSZK,2468
2026-03-17 13:11:35,4b1f57,HBLWP,LSZG,EHRD,9582
2026-03-17 13:05:42,4b1e47,HBLMD,LSZG,LSZG,5097
2026-03-17 11:21:14,4b1e46,HBLMC,LSZG,LSZG,4704
2026-03-17 10:53:03,4b1f57,HBLWP,LSZG,LSZG,820
2026-03-17 10:50:09,4b1e45,HBLMB,LSZG,LSZG,3137
2026-03-17 10:29:30,4b1e47,HBLMD,LSZG,LSZG,5186
2026-03-17 09:05:48,4b1e46,HBLMC,LSZG,LSZG,5575
2026-03-17 08:32:51,4b1e45,HBLMB,LSZG,LSGC,1596
2026-03-17 08:09:21,4b1e47,HBLMD,LSZG,LSZG,4828
2026-03-16 14:53:06,4b4e19,HB2418,LSZG,LSZG,1282
2026-03-16 13:27:01,4b3304,RGA02,LSZG,LSZM,665
2026-03-16 13:06:37,4d2199,ULC44,LSZG,,1936
2026-03-16 12:20:39,4b1e45,HBLMB,LSZG,LSZG,4589
2026-03-16 12:00:44,4b1e47,HBLMD,LSZG,LSZG,4478
2026-03-16 11:45:40,4b1e46,HBLMC,LSZG,LSZG,4587
2026-03-16 09:53:32,4b1e15,HBLKF,LSZG,LSZB,2123
2026-03-16 09:40:14,4b1aa8,HBKCM,LSZG,LSZL,2043
2026-03-16 09:15:46,4b07c1,HBCYJ,LSZG,LSZB,1199
2026-03-16 09:04:12,4b1e46,HBLMC,LSZG,LSZG,6249
2026-03-16 08:50:24,4b1e47,HBLMD,LSZG,LFSA,1575
2026-03-16 08:38:40,4b1e45,HBLMB,LSZG,LSZG,6617
2026-03-16 08:09:59,4b0878,HBDFK,LSZG,LSGY,1917
2026-03-16 07:48:48,4b1e15,HBLKF,LSZG,LSZG,1065
2026-03-19 16:44:35,4b2947,HBPQL,LSZG,LSZM,1464
2026-03-19 15:08:00,a071d2,N128ED,LSZG,LSZF,1065
2026-03-19 14:56:02,4b0fda,HBGAC,LSZG,LSZF,1172
2026-03-19 14:42:33,4b1be5,HBKOR,LSZG,LSZC,1457
2026-03-19 14:07:30,4b1e47,HBLMD,LSZG,LSZG,4629
2026-03-19 11:25:19,4b1e47,HBLMD,LSZG,LSZG,5669
2026-03-19 10:33:03,4b2816,HBPES,LSZG,LSGB,2438
2026-03-19 10:28:22,4b1e46,HBLMC,LSZG,LSZG,5628
2026-03-19 10:17:48,4b1e45,HBLMB,LSZG,LSZG,5770
2026-03-19 09:14:20,4b1e47,HBLMD,LSZG,LSZG,5197
2026-03-19 08:10:24,4b0f97,HBFXN,LSZG,EDTL,3395
2026-03-19 08:09:08,4b1e46,HBLMC,LSZG,LSZG,5819
2026-03-19 08:08:03,4b1b8a,HBKLE,LSZG,LFPL,6166
2026-03-19 08:06:26,4b1e45,HBLMB,LSZG,LSZG,5696
2026-03-18 18:46:04,4b1b8a,HBKLE,LSZG,LSZG,1113
2026-03-18 18:01:31,45a823,OYJAC,LSZG,EKVH,9651
2026-03-18 14:48:13,4b1eb8,HBLQM,LSZG,LSZG,2631
2026-03-18 12:49:46,4b1e45,HBLMB,LSZG,LSGE,1331
2026-03-18 11:36:50,4b1e47,HBLMD,LSZG,LSZG,5425
2026-03-18 10:50:10,4b3273,HBTCT,LSZG,LSMA,1511
2026-03-18 10:27:10,4b1e45,HBLMB,LSZG,LSGC,724
2026-03-18 10:23:01,4b1e46,HBLMC,LSZG,LSZG,7022
2026-03-18 10:22:12,4b4e19,HB2418,LSZG,LSZB,2667
2026-03-18 09:37:38,4b1e15,HBLKF,LSZG,LSZG,4056
2026-03-18 09:31:45,4b1e44,HBLMA,LSZG,LSZG,633
2026-03-18 09:29:46,4b1e47,HBLMD,LSZG,LSGC,2015
2026-03-18 08:54:17,4b40e4,HBYOY,LSZG,LSZG,3513
2026-03-18 08:15:16,4b1e46,HBLMC,LSZG,LSZG,4543
2026-03-18 08:04:03,4b1e45,HBLMB,LSZG,LSZG,5396
2026-03-21 14:37:15,4b2ff5,HBSEF,LSZG,LSZM,1464
2026-03-21 13:24:54,4b2816,HBPES,LSZG,LSGB,2180
2026-03-21 12:44:20,4b1b8a,HBKLE,LSZG,LSGK,1579
2026-03-21 11:40:35,4b2816,HBPES,LSZG,LSMM,1095
2026-03-21 10:48:39,4b4b04,HB1629,LSZG,LSZG,725
2026-03-21 10:32:23,4b23e9,HBNPP,LSZG,LSPV,3650
2026-03-21 10:29:33,4b289c,HBPJW,LSZG,LFLY,3543
2026-03-21 09:41:43,4b1b8a,HBKLE,LSZG,LSZG,5619
2026-03-21 08:12:03,a50e57,N425BM,LSZG,EDAZ,7394
2026-03-21 08:10:08,4b1e69,HBLNL,LSZG,,2736
2026-03-20 17:02:46,4b3202,HBSYK,LSZG,LSZP,1191
2026-03-20 15:09:10,4b08aa,HBDHI,LSZG,LSZF,1144
2026-03-20 14:46:20,a1ec64,N223CM,LSZG,LSZG,3515
2026-03-20 14:02:12,4b4e19,HB2418,LSZG,LSZQ,1755
2026-03-20 13:40:04,4b3fda,HBYES,LSZG,LSZG,5535
2026-03-20 11:02:27,4b1ea1,HBLPP,LSZG,LDPN,6372
2026-03-20 10:58:13,a1ec64,N223CM,LSZG,LSGY,1236
2026-03-20 10:50:23,4b1e69,HBLNL,LSZG,LSZB,1206
2026-03-20 10:43:27,4b2830,HBPFS,LSZG,LSZQ,1922
2026-03-20 10:00:08,4b1bb7,HBKMX,LSZG,LSZK,2440
2026-03-20 09:37:50,4b425c,HBZDK,LSZG,LSZG,3123
2026-03-20 08:54:46,4b3fc2,HBYDU,LSZG,LSZC,1829
2026-03-20 08:53:52,4b2816,HBPES,LSZG,EDQY,6726
2026-03-20 08:46:58,a1b7b7,N21FS,LSZG,EDTG,1546
2026-03-20 07:09:08,4b1aa8,HBKCM,LSZG,LEGE,4752
2026-03-23 19:26:37,4d2199,ULC44,LSZG,LSZH,1208
2026-03-23 15:51:50,4b1f5e,HBLWW,LSZG,LSZB,1917
2026-03-23 14:50:42,a1ec64,N223CM,LSZG,LSZG,2560
2026-03-23 12:56:07,4b1a95,HBKBT,LSZG,LSPL,2444
2026-03-23 12:45:21,a1ec64,N223CM,LSZG,LSZG,980
2026-03-23 12:39:00,3cfafb,DCWIT,LSZG,LSZH,1818
2026-03-23 10:39:07,a1ec64,N223CM,LSZG,LSZB,915
2026-03-23 09:12:27,4b1e15,HBLKF,LSZG,LSZB,2218
2026-03-23 09:01:35,4b1bae,HBKMO,LSZG,LSZB,1370
2026-03-23 08:44:35,4d2199,ULC44,LSZG,LFMV,2414
2026-03-22 21:31:33,4b32fd,RGA03,LSZG,LSGT,1403
2026-03-22 15:26:32,a8f316,N676MA,LSZG,LSZF,1072
2026-03-22 14:57:47,4b444c,HBZWM,LSZG,LSGK,1137
2026-03-22 14:39:31,4b1b8a,HBKLE,LSZG,LSZG,2610
2026-03-22 14:20:00,4b1b16,HBKGS,LSZG,LSPV,2680
2026-03-22 14:14:45,4b39f0,HBVYM,LSZG,LEBL,4244
2026-03-22 13:35:27,4d2199,ULC44,LSZG,EGLF,4292
2026-03-22 11:04:08,4b4e19,HB2418,LSZG,LSZQ,1415
2026-03-22 10:44:10,4b1b8a,HBKLE,LSZG,LSTZ,2701
2026-03-22 01:19:00,4b32fd,RGA03,LSZG,LSZB,761
2026-03-25 14:11:59,4b39f0,HBVYM,LSZG,LEBL,4947
2026-03-25 10:57:38,4b1ba0,HBKMA,LSZG,LSZH,2543
2026-03-25 10:17:20,4b1e15,HBLKF,LSZG,LSZG,608
2026-03-25 09:51:31,4b1e15,HBLKF,LSZG,LSZG,736
2026-03-25 09:18:46,4b1e15,HBLKF,LSZG,LSZG,1341
2026-03-25 08:54:21,4b1e47,HBLMD,LSZG,LSZG,5048
2026-03-25 08:34:40,4b1e46,HBLMC,LSZG,LSZG,5508
2026-03-25 08:14:37,4b1e44,HBLMA,LSZG,LSZB,3050
2026-03-24 18:47:40,4b1b8a,HBKLE,LSZG,LSZG,2572
2026-03-24 17:45:24,4b3202,HBSYK,LSZG,LSZG,710
2026-03-24 14:55:23,a27eca,N26Y,LSZG,LSZR,2980
2026-03-24 14:46:57,a31cde,N3YZ,LSZG,LSZG,3819
2026-03-24 13:43:28,4b0878,HBDFK,LSZG,LSZG,2386
2026-03-24 13:39:37,4b3fda,HBYES,LSZG,LSZG,5599
2026-03-24 13:15:10,4b1e47,HBLMD,LSZG,LSZB,2867
2026-03-24 13:02:08,4b4060,HBYJW,LSZG,LSZI,3435
2026-03-24 12:25:33,4b4449,HBZWJ,LSZG,LSZG,3100
2026-03-24 10:14:46,4b1f08,HBLTO,LSZG,LEAP,6173
2026-03-24 09:45:30,4b1bae,HBKMO,LSZG,LSGC,1225
2026-03-24 09:16:07,a1ec64,N223CM,LSZG,LFGJ,3096
2026-03-24 08:36:28,4b1e15,HBLKF,LSZG,LSZB,1561
2026-03-27 15:01:27,a9565a,N700UK,LSZG,EDNY,1827
2026-03-27 14:57:44,4b1f5e,HBLWW,LSZG,LSZB,944
2026-03-27 13:16:16,a1ec64,N223CM,LSZG,LSZG,1978
2026-03-27 12:41:49,4b1b65,HBKJT,LSZG,ESMT,9380
2026-03-27 10:00:47,4b289c,HBPJW,LSZG,LFMZ,5779
2026-03-27 09:47:52,4b3fc2,HBYDU,LSZG,LSZG,2446
2026-03-27 09:22:05,4b1eb8,HBLQM,LSZG,,6367
2026-03-27 08:49:03,4b425c,HBZDK,LSZG,LSZG,1172
2026-03-26 15:12:51,4b1e46,HBLMC,LSZG,LSZB,2188
2026-03-26 14:19:37,a1ec64,N223CM,LSZG,LSZG,2905
2026-03-26 14:00:06,4b1e46,HBLMC,LSZG,LSZG,1898
2026-03-26 13:20:09,4b1e46,HBLMC,LSZG,LSZG,1459
2026-03-26 12:49:26,4b1e47,HBLMD,LSZG,LSZG,3910
2026-03-26 11:50:02,4b1e44,HBLMA,LSZG,LSZG,5015
2026-03-26 11:18:43,4b1e47,HBLMD,LSZG,LSZG,2626
2026-03-26 09:26:15,4b1e46,HBLMC,LSZG,LSZG,5587
2026-03-26 09:14:17,4b1e47,HBLMD,LSZG,LSZG,1366
2026-03-26 08:47:14,4b1e46,HBLMC,LSZG,LSZG,1083
2026-03-26 08:38:29,4b1e44,HBLMA,LSZG,LSZG,3465
2026-03-29 14:53:13,4b066d,HBCLH,LSZG,LSZF,1843
2026-03-29 13:43:34,4b2959,HBPRD,LSZG,LSZM,1362
2026-03-29 11:47:11,4b2959,HBPRD,LSZG,LSZG,2866
2026-03-29 10:31:56,4b3202,HBSYK,LSZG,LSZG,1023
2026-03-29 09:49:16,a50e57,N425BM,LSZG,EDAZ,6027
2026-03-29 08:46:34,4b3272,HBTCS,LSZG,EDNY,2659
2026-03-29 08:31:04,4b1faf,HBLZZ,LSZG,LFLY,3646
2026-03-29 07:40:04,4b1aa8,HBKCM,LSZG,LEGE,5030
2026-03-28 12:12:35,4b27c0,HBPBK,LSZG,LSGL,1990
2026-03-28 11:48:39,4b3272,HBTCS,LSZG,LSZG,1126
2026-03-28 09:40:36,4b444c,HBZWM,LSZG,LSZG,5982
2026-03-28 09:21:34,4b1f94,HBLYY,LSZG,EDDK,6469
2026-03-28 09:13:20,4b1b8a,HBKLE,LSZG,LSZG,4640
2026-03-28 07:41:47,4b1e69,HBLNL,LSZG,LSZS,1823
2026-03-28 07:07:51,4b39f0,HBVYM,LSZG,LEBL,4351
2026-03-31 15:26:34,4b1f08,HBLTO,LSZG,LFLY,3197
2026-03-31 15:17:33,4b4443,HBZWD,LSZG,LSZB,2368
2026-03-31 13:01:37,4b3300,RGAIE,LSZG,LSZG,1185
2026-03-31 12:58:12,4b3905,HBVPL,LSZG,LSZB,811
2026-03-31 12:32:03,4b3300,RGAIE,LSZG,LSZG,830
2026-03-31 12:08:14,4b3300,RGAIE,LSZG,LSZG,705
2026-03-31 11:39:51,4b1f40,SFS22,LSZG,LSZB,4238
2026-03-31 09:38:52,4b1f30,HBLVC,LSZG,LSZB,1312
2026-03-31 08:39:04,4b4449,HBZWJ,LSZG,LSZG,1690
2026-03-31 08:34:34,4b418d,HBYVL,LSZG,LSGL,1819
2026-03-30 13:21:07,4b0f0f,PCH66K,LSZG,LSZC,1715
2026-04-02 15:02:49,4b1ef1,HBLSR,LSZG,LSZM,912
2026-04-02 14:36:51,4b4482,HBZYO,LSZG,LSPV,2526
2026-04-02 13:12:00,4b1be5,HBKOR,LSZG,LSZC,717
2026-04-02 13:08:30,4b415a,HBYTM,LSZG,LSZT,2918
2026-04-02 12:20:12,4b5079,HB3026,LSZG,LSZG,1658
2026-04-02 11:50:06,4b1b8a,HBKLE,LSZG,LSGT,1597
2026-04-02 11:03:28,4b293a,HBPPY,LSZG,LSZG,2740
2026-04-02 10:08:31,4b1bf7,HBKPJ,LSZG,LSZM,1928
2026-04-02 09:58:57,4b3300,RGAIE,LSZG,LSMM,1342
2026-04-02 08:41:19,4b1aa8,HBKCM,LSZG,LOIR,2154
2026-04-02 07:32:17,a1ec64,N223CM,LSZG,LFGJ,3100
2026-04-02 06:05:04,4b10e2,HBGKG,LSZG,LOWW,9031
2026-04-01 19:02:45,4b3300,RGAIE,LSZG,LSZG,2463
2026-04-01 14:37:12,4b3300,RGAIE,LSZG,LSZG,840
2026-04-01 14:18:39,4b3202,HBSYK,LSZG,LSZP,1171
2026-04-01 13:39:30,4b3300,RGAIE,LSZG,LSZG,2638
2026-04-01 11:59:20,4b0f0a,PCH60N,LSZG,LSZC,2886
2026-04-01 10:48:42,4b1a7c,HBKAU,LSZG,LSGE,957
2026-04-01 08:43:09,4b40e4,HBYOY,LSZG,LSZG,1598
2026-04-01 08:15:34,4b1e15,HBLKF,LSZG,LSZL,2950
2026-04-04 16:23:45,4b348f,HBTXN,LSZG,LSZF,1753
2026-04-04 15:46:33,4b3304,RGA02,LSZG,LSZF,2212
2026-04-04 14:44:34,486782,PHSMD,LSZG,LSPV,2207
2026-04-04 13:41:40,a31cde,N3YZ,LSZG,LSZG,2791
2026-04-04 13:30:12,4b055b,HBCAT,LSZG,LSZN,2384
2026-04-04 12:49:35,4b40e4,HBYOY,LSZG,LSGB,2171
2026-04-04 12:12:22,a31cde,N3YZ,LSZG,LSZG,2247
2026-04-04 11:53:51,a0ca7a,N150D,LSZG,LSZG,2021
2026-04-04 11:52:03,4b1b8a,HBKLE,LSZG,LSGE,1155
2026-04-04 11:38:18,4b1aa5,HBKCJ,LSZG,LSPL,1616
2026-04-04 11:16:05,4b5079,HB3026,LSZG,LSZG,1903
2026-04-04 10:48:19,4b5079,HB3026,LSZG,LSZG,814
2026-04-04 10:18:00,4b5079,HB3026,LSZG,LSZG,869
2026-04-04 10:16:54,4b1b8a,HBKLE,LSZG,LSZG,1720
2026-04-04 09:54:28,a31cde,N3YZ,LSZG,LSZG,2593
2026-04-04 09:34:31,4b4492,HBZZE,LSZG,LSZB,824
2026-04-04 09:09:49,a0ca7a,N150D,LSZG,LSZG,2160
2026-04-04 08:07:11,a0ca7a,N150D,LSZG,LSZG,1638
2026-04-04 07:19:38,4b5079,HB3026,LSZG,LSZG,735
2026-04-03 20:06:12,4b3304,RGA02,LSZG,LSZM,669
2026-04-03 15:49:12,4b26cd,DEBUG,LSZG,LSPL,1159
2026-04-03 14:01:17,4b066d,HBCLH,LSZG,LSZH,2487
2026-04-03 13:27:30,4b1b8a,HBKLE,LSZG,LSZG,3762
2026-04-03 13:19:16,4b4b8b,HB1764,LSZG,LSZJ,4535
2026-04-03 13:11:08,4b3202,HBSYK,LSZG,LSZP,666
2026-04-03 12:44:30,4b5155,HB3246,LSZG,LSGT,12258
2026-04-03 12:25:50,4b517f,HB3288,LSZG,LSTR,11459
2026-04-03 12:12:41,3e66e0,DKEDS,LSZG,LSPO,1061
2026-04-03 11:26:36,4b1b8a,HBKLE,LSZG,LSZG,4009
2026-04-03 10:13:23,4b2816,HBPES,LSZG,LSZG,1484
2026-04-03 09:15:50,4b0f50,HUE12H,LSZG,LFMV,3367
2026-04-03 09:02:13,4b2816,HBPES,LSZG,LSZG,1387
2026-04-03 08:04:03,4b0878,HBDFK,LSZG,LFKJ,9048
2026-04-03 08:01:54,4b3272,HBTCS,LSZG,LHTL,10487
2026-04-03 07:58:09,4b1ea1,HBLPP,LSZG,EDMS,5442
2026-04-03 06:41:34,4b2cbd,HBQYN,LSZG,LSZG,736
2026-04-03 06:32:09,4b1b8a,HBKLE,LSZG,LSZG,5317
2026-04-03 05:54:38,4b2cbd,HBQYN,LSZG,LSZG,1508
2026-04-06 16:47:04,4b066d,HBCLH,LSZG,LSZH,2508
2026-04-06 16:15:46,4b3202,HBSYK,LSZG,LSZP,971
2026-04-06 13:46:43,4b303c,HBSGY,LSZG,LSZH,1869
2026-04-06 12:04:59,4b293a,HBPPY,LSZG,LSZG,4240
2026-04-06 11:37:03,4b4e1a,HB2419,LSZG,LSPD,10674
2026-04-06 10:52:46,4b4c90,HB2025,LSZG,LSTR,8809
2026-04-06 10:34:08,a63b7c,N500RW,LSZG,LSGL,1140
2026-04-06 10:33:54,4b50d5,HB3118,LSZG,LSZG,21295
2026-04-06 08:28:35,4b08a2,HBDHA,LSZG,LFLY,4343
2026-04-06 07:43:06,4b1e15,HBLKF,LSZG,LSPM,1368
2026-04-05 14:35:01,4b1b8a,HBKLE,LSZG,LSZG,5887
2026-04-05 11:08:38,4b3ac3,HBWGP,LSZG,LSGE,1578
2026-04-05 10:32:00,4b1b0e,HBKGK,LSZG,LSZB,2151
2026-04-05 07:45:45,4b1b8a,HBKLE,LSZG,LSZE,2748
2026-04-05 07:43:43,4b293a,HBPPY,LSZG,LSZW,3376
2026-04-08 17:09:04,4b5079,HB3026,LSZG,LSZG,790
2026-04-08 16:47:17,4b2cc3,HBQYT,LSZG,LSZP,2339
2026-04-08 15:47:39,4b2830,HBPFS,LSZG,LSZG,3394
2026-04-08 15:32:40,4b447e,HBZYK,LSZG,LSZB,1410
2026-04-08 13:34:41,4b3300,RGAIE,LSZG,LSMM,4188
2026-04-08 11:59:23,4b3300,RGAIE,LSZG,LSZG,2826
2026-04-08 11:56:54,4b3040,HBSHC,LSZG,LSZR,3154
2026-04-08 11:10:21,4b1f9d,HBLZH,LSZG,LSZM,3325
2026-04-08 09:40:19,4b1b11,HBKGN,LSZG,LSZB,931
2026-04-08 09:19:42,a50e57,N425BM,LSZG,LIRA,6184
2026-04-08 09:17:14,4b1c63,HBKTN,LSZG,LSMF,2685
2026-04-08 09:14:48,4b293a,HBPPY,LSZG,LSGY,2519
2026-04-08 08:13:53,4b425c,HBZDK,LSZG,LSZB,1376
2026-04-08 08:06:12,4b1e15,HBLKF,LSZG,,2652
2026-04-08 07:46:51,4b1b89,HBKLD,LSZG,LFLP,3874
2026-04-07 16:25:35,4b1b13,HBKGP,LSZG,LSZB,2832
2026-04-07 16:16:44,4b4b04,HB1629,LSZG,LSZG,676
2026-04-07 16:00:32,4b32fd,RGAIB,LSZG,LSZH,1978
2026-04-07 15:59:44,4b0935,HBDMR,LSZG,LSGB,1882
2026-04-07 15:20:00,4b0935,HBDMR,LSZG,LSZG,839
2026-04-07 15:01:30,4b32fd,RGA03,LSZG,LSZG,2336
2026-04-07 14:23:53,4b08aa,HBDHI,LSZG,LSZF,1908
2026-04-07 13:48:10,4b4e42,HB2459,LSZG,LSZB,1936
2026-04-07 12:48:09,4b3300,RGAIE,LSZG,LSZG,3105
2026-04-07 12:39:26,4b444c,HBZWM,LSZG,LSGG,3267
2026-04-07 11:51:43,4b3300,RGAIE,LSZG,LSZG,2503
2026-04-07 11:38:33,3e2525,DIFGN,LSZG,EDNR,3799
2026-04-07 10:11:13,4b2816,HBPES,LSZG,LOIK,5238
2026-04-07 09:52:57,4b0f97,HBFXN,LSZG,LFPB,5126
2026-04-07 09:15:25,4b289c,HBPJW,LSZG,EDTX,3769
2026-04-07 09:02:15,4b1e69,HBLNL,LSZG,EHBD,4239
2026-04-07 08:59:42,4b1b8a,HBKLE,LSZG,LFLS,4275
2026-04-07 08:46:33,4b303e,HBSHA,LSZG,LSZR,2752
2026-04-07 08:27:22,4b3905,HBVPL,LSZG,LPFR,8891
2026-04-07 07:59:40,4b425c,HBZDK,LSZG,LSZG,3214
2026-04-07 07:14:25,a0ca7a,N150D,LSZG,EKAH,15353
2026-04-10 14:26:19,4d2191,ULC7P,LSZG,LFLP,1457
2026-04-10 13:11:00,4b4b04,HB1629,LSZG,LSZG,2063
2026-04-10 13:01:14,4d2191,ULC7P,LSZG,LSZG,933
2026-04-10 12:56:23,4b1b8a,HBKLE,LSZG,LSZQ,2130
2026-04-10 10:01:40,4b1ea1,HBLPP,LSZG,EDMS,5150
2026-04-10 09:58:46,4b1aa8,HBKCM,LSZG,,5846
2026-04-10 09:07:09,4b1e46,HBLMC,LSZG,LSZG,3619
2026-04-10 09:02:06,4b0f97,HBFXN,LSZG,LFPB,5393
2026-04-10 07:34:54,4b1bcd,HBKNT,LSZG,LSZP,2719
2026-04-09 15:53:11,4b4b04,HB1629,LSZG,LSZG,826
2026-04-09 14:29:06,4b0ca8,HBEUQ,LSZG,LSPN,3465
2026-04-09 14:01:29,4b4b04,HB1629,LSZG,LSZG,5905
2026-04-09 13:38:16,a1ec64,N223CM,LSZG,LSZQ,2610
2026-04-09 13:12:38,4b3300,RGAIE,LSZG,LSZG,6013
2026-04-09 13:10:53,4b4449,HBZWJ,LSZG,LSZG,3902
2026-04-09 12:36:07,3d22a0,DELJC,LSZG,LSGB,2746
2026-04-09 12:15:38,4b3300,RGAIE,LSZG,LSZG,1599
2026-04-09 10:09:33,4b1b65,HBKJT,LSZG,LFLI,1716
2026-04-09 10:02:39,4b2923,HBPPB,LSZG,LSZM,1691
2026-04-09 08:40:59,4b0878,HBDFK,LSZG,LSGK,1259
2026-04-09 08:21:08,4b425c,HBZDK,LSZG,LSTB,843
2026-04-09 07:38:48,4b2830,HBPFS,LSZG,,2810
2026-04-09 06:02:11,4b1aa8,HBKCM,LSZG,LEGE,5336
2026-04-12 12:42:43,4b303c,HBSGY,LSZG,LSZH,2128
2026-04-12 11:11:30,486790,PHOIJ,LSZG,,6130
2026-04-12 08:09:53,4b39f0,HBVYM,LSZG,LGAV,7773
2026-04-11 17:25:06,4b0618,HBCIA,LSZG,LSPL,911
2026-04-11 15:09:03,4b1b8a,HBKLE,LSZG,LSTZ,1482
2026-04-11 13:39:10,4b0c1d,HBEPH,LSZG,LSMF,2333
2026-04-11 11:47:12,4b2830,HBPFS,LSZG,LSZG,3525
2026-04-11 11:35:18,4b3202,HBSYK,LSZG,LSZG,1583
2026-04-11 11:14:15,3d22a0,DELJC,LSZG,EDFG,6440
2026-04-11 09:18:10,4b2816,HBPES,LSZG,EDNX,4982
2026-04-11 08:44:25,4b1b8a,HBKLE,LSZG,EDMK,4713
2026-04-11 08:28:33,4b4449,HBZWJ,LSZG,LSZB,740
2026-04-14 16:25:00,4b1b13,HBKGP,LSZG,LSZB,821
2026-04-14 14:57:34,4b1b13,HBKGP,LSZG,LSZG,1904
2026-04-14 12:44:51,4b3300,RGAIE,LSZG,LSZG,2033
2026-04-14 12:41:56,4b1bdf,HBKOL,LSZG,LSGY,944
2026-04-14 12:13:05,4b3300,RGAIE,LSZG,LSZG,887
2026-04-14 09:01:42,a071d2,N128ED,LSZG,LFNG,5504
2026-04-14 08:31:51,4b25ea,HBOJI,LSZG,LSGL,2114
2026-04-14 08:15:38,4b425c,HBZDK,LSZG,LSPL,1675
2026-04-14 07:48:08,4d02dd,JFA00C,LSZG,LSGG,2107
2026-04-13 14:49:04,4b1e45,HBLMB,LSZG,LSZG,1290
2026-04-13 12:40:20,4b5079,HB3026,LSZG,LSZG,671
2026-04-16 14:03:14,4b1bb6,HBKMW,LSZG,LSZA,4512
2026-04-16 13:59:19,4b23e0,HBNPG,LSZG,LSGE,4728
2026-04-16 11:45:30,4b447e,HBZYK,LSZG,LSZB,2896
2026-04-16 09:58:21,4b3300,RGAIE,LSZG,LSMM,1507
2026-04-16 09:45:42,4b50d5,HB3118,LSZG,LSTO,2982
2026-04-16 08:02:14,4b0878,HBDFK,LSZG,EDDE,7123
2026-04-16 07:59:41,4b293a,HBPPY,LSZG,LSZG,2896
2026-04-16 07:18:22,4b1e15,HBLKF,LSZG,,7447
2026-04-16 07:03:06,4b2816,HBPES,LSZG,EDNY,2603
2026-04-15 19:39:20,4b3300,RGAIE,LSZG,LSZG,2125
2026-04-15 15:22:41,4b5079,HB3026,LSZG,LSZG,637
2026-04-15 14:27:58,a1ec64,N223CM,LSZG,LSZG,5171
2026-04-15 14:23:35,a50e57,N425BM,LSZG,EDTX,2751
2026-04-15 14:18:08,4b5079,HB3026,LSZG,LSZG,616
2026-04-15 13:53:03,4b3049,HBSHL,LSZG,LSZB,731
2026-04-15 13:44:51,4b1aa5,HBKCJ,LSZG,LSPL,1204
2026-04-15 13:16:40,4b1e46,HBLMC,LSZG,LSZG,3365
2026-04-15 12:03:10,4b3300,RGAIE,LSZG,LSZG,2800
2026-04-15 11:29:07,4b3300,RGAIE,LSZG,LSZG,883
2026-04-15 09:48:05,4b2830,HBPFS,LSZG,LSGL,2239
2026-04-15 09:17:59,4b40e4,HBYOY,LSZG,LSZG,2659
2026-04-15 08:06:20,4b5079,HB3026,LSZG,LSZG,604
2026-04-15 07:33:56,440c42,OEKIA,LSZG,LSZB,937
2026-04-18 17:23:30,4b293f,HBPQD,LSZG,LSZM,2020
2026-04-18 17:07:08,4b51b6,HB3343,LSZG,LSZJ,896
2026-04-18 17:02:18,4b3202,HBSYK,LSZG,LSZG,946
2026-04-18 16:08:44,4b51b6,HB3343,LSZG,LSZG,1931
2026-04-18 14:47:13,4b4449,HBZWJ,LSZG,LSZG,1058
2026-04-18 14:43:01,4b40c8,HBYNW,LSZG,LSZF,1152
2026-04-18 14:40:39,4b0dd5,HUE12F,LSZG,LSZB,972
2026-04-18 14:12:24,4b4005,HBYGJ,LSZG,LSZB,842
2026-04-18 13:50:31,4b293a,HBPPY,LSZG,LSGY,1508
2026-04-18 13:20:47,4b0dd5,HUE12F,LSZG,LSZG,1090
2026-04-18 11:59:31,4b1b8a,HBKLE,LSZG,LSZG,5476
2026-04-18 11:05:14,4b2830,HBPFS,LSZG,LSGE,2760
2026-04-18 09:58:10,4b289c,HBPJW,LSZG,EDTY,4457
2026-04-18 09:16:12,4b1b8a,HBKLE,LSZG,LSTS,1633
2026-04-18 09:10:51,4b4492,HBZZE,LSZG,LSZB,2046
2026-04-18 08:45:09,4b51f5,HB3406,LSZG,LSZG,614
2026-04-18 08:24:04,4b3905,HBVPL,LSZG,LIBD,5333
2026-04-18 08:12:50,4b293a,HBPPY,LSZG,LSGL,2126
2026-04-17 17:00:30,3e7e16,DKMYG,LSZG,LSZW,1442
2026-04-17 16:55:30,4b1bf7,HBKPJ,LSZG,LSZM,2567
2026-04-17 15:01:14,4b1e69,HBLNL,LSZG,LFMD,3220
2026-04-17 14:55:04,4b2830,HBPFS,LSZG,LSZG,2124
2026-04-17 14:27:15,a0ca7a,N150D,LSZG,LSZG,2633
2026-04-17 14:08:33,3e2525,DIFGN,LSZG,EDNR,3628
2026-04-17 12:31:00,4b3202,HBSYK,LSZG,LSZP,1050
2026-04-17 12:10:44,49d65c,OKVTP,LSZG,LSZB,2968
2026-04-17 11:17:40,4b1c67,HBKTR,LSZG,LSZI,1207
2026-04-17 10:45:46,4b3356,HBTLM,LSZG,LSPN,1371
2026-04-17 09:38:07,4b3202,HBSYK,LSZG,LSZG,1903
2026-04-17 09:26:34,4b50d5,HB3118,LSZG,LSZJ,681
2026-04-17 09:18:51,4b2811,HBPEN,LSZG,LSZB,608
2026-04-17 09:07:35,4b4b04,HB1629,LSZG,LSZG,813
2026-04-17 07:09:04,4b4b04,HB1629,LSZG,LSZG,633
2026-04-20 14:16:05,4b1e46,HBLMC,LSZG,LSZG,4384
2026-04-20 14:11:10,4b1e47,HBLMD,LSZG,LSZG,3379
2026-04-20 14:07:43,4b1e44,HBLMA,LSZG,LSZG,4455
2026-04-20 13:56:10,4b1e45,HBLMB,LSZG,LSZG,4114
2026-04-20 13:21:33,4b37ed,HBVER,LSZG,EPLL,5615
2026-04-20 13:17:38,4b3fda,HBYES,LSZG,LSGE,2980
2026-04-20 12:25:58,4b1e47,HBLMD,LSZG,LSZG,3794
2026-04-20 12:09:46,4b1e46,HBLMC,LSZG,LSZG,4411
2026-04-20 11:57:33,4b1e44,HBLMA,LSZG,LSZG,4675
2026-04-20 11:53:40,4b1e45,HBLMB,LSZG,LSZG,4364
2026-04-20 10:16:08,4b1f9d,HBLZH,LSZG,LSZB,1452
2026-04-20 10:07:00,4b4492,HBZZE,LSZG,LSZB,1499
2026-04-20 08:05:25,4b1faf,HBLZZ,LSZG,EDTY,3452
2026-04-20 07:15:28,4b1e69,HBLNL,LSZG,EHBD,4979
2026-04-19 16:03:55,4b23e0,HBNPG,LSZG,LSGE,2550
2026-04-19 15:59:20,4b0618,HBCIA,LSZG,LSPL,1007
2026-04-19 12:13:44,4b25ea,HBOJI,LSZG,LSGL,2324
2026-04-19 12:10:30,4b1bdd,HBKOJ,LSZG,LSGL,2307
2026-04-19 12:08:31,4b27b7,HBPBB,LSZG,LSZF,1748
2026-04-19 12:06:39,4b1af2,HBKFI,LSZG,LSGL,3131
2026-04-19 09:58:50,4b3ab4,HBWGA,LSZG,LSZG,2000
2026-04-19 08:31:56,a071d2,N128ED,LSZG,LSZF,1104
2026-04-19 07:02:14,4b3905,HBVPL,LSZG,LSZH,1294
2026-04-19 00:14:33,4b32fe,RGA03,LSZG,LSZB,623
2026-04-22 20:42:30,4b3300,RGAIE,LSZG,LSZG,1488
2026-04-22 20:11:41,4b3300,RGAIE,LSZG,LSZG,1037
2026-04-22 19:37:38,4b3300,RGAIE,LSZG,LSZG,888
2026-04-22 17:32:39,4b32fe,RGA03,LSZG,LSZB,612
2026-04-22 14:42:00,4b281e,HBPFA,LSZG,LSZQ,2086
2026-04-22 14:38:27,4b2816,HBPES,LSZG,,5080
2026-04-22 14:29:04,4b3300,RGAIE,LSZG,LSZG,1604
2026-04-22 13:42:05,4b1be5,HBKOR,LSZG,LSZC,818
2026-04-22 13:19:40,4b1e47,HBLMD,LSZG,LSZG,4724
2026-04-22 13:06:55,4b3300,RGAIE,LSZG,LSZG,1615
2026-04-22 12:48:49,4b4b04,HB1629,LSZG,LSZG,834
2026-04-22 12:31:11,4b3300,RGAIE,LSZG,LSZG,1350
2026-04-22 11:52:08,4b1f08,HBLTO,LSZG,LEAP,7028
2026-04-22 11:16:28,4b1e47,HBLMD,LSZG,LSZG,4679
2026-04-22 10:02:31,4b1f9d,HBLZH,LSZG,LSZB,1248
2026-04-22 09:04:00,4b1e45,HBLMB,LSZG,EDSN,4419
2026-04-22 08:59:24,4b1e46,HBLMC,LSZG,LSZE,3935
2026-04-22 08:57:21,4b1b8a,HBKLE,LSZG,LSZQ,928
2026-04-22 08:34:51,a15077,N184KP,LSZG,EDTG,1681
2026-04-22 06:49:23,4b0878,HBDFK,LSZG,EDNY,3300
2026-04-22 06:41:29,4b1e45,HBLMB,LSZG,LSZG,4646
2026-04-22 06:38:43,4b1e46,HBLMC,LSZG,LSZG,4950
2026-04-22 06:30:08,4b1e44,HBLMA,LSZG,,3861
2026-04-21 22:25:30,4b3304,RGA02,LSZG,LSZM,799
2026-04-21 18:12:20,4b3202,HBSYK,LSZG,LSZP,1077
2026-04-21 16:19:03,3e7e16,DKMYG,LSZG,LSGR,1970
2026-04-21 13:08:02,4b3300,RGAIE,LSZG,LSZG,4203
2026-04-21 12:34:37,4b5079,HB3026,LSZG,LSZJ,701
2026-04-21 12:18:10,4b444c,HBZWM,LSZG,LSMM,1394
2026-04-21 12:05:36,4b1e46,HBLMC,LSZG,LSZG,4784
2026-04-21 12:02:32,4b3300,RGAIE,LSZG,LSZG,3115
2026-04-21 11:57:30,4b1e44,HBLMA,LSZG,LSZG,4621
2026-04-21 11:35:16,4b28b1,HBPKR,LSZG,LSPL,952
2026-04-21 11:35:00,4b1e47,HBLMD,LSZG,LSZG,4146
2026-04-21 11:09:30,4b1e45,HBLMB,LSZG,LSZG,4717
2026-04-21 10:29:19,a15077,N184KP,LSZG,LSZQ,981
2026-04-21 09:37:05,4b1e46,HBLMC,LSZG,LSZG,4522
2026-04-21 09:31:36,4b1e47,HBLMD,LSZG,LSZG,4835
2026-04-21 09:07:30,4b1e45,HBLMB,LSZG,LSZG,4543
2026-04-21 08:51:44,4b2816,HBPES,LSZG,LSZG,2118
2026-04-21 08:19:36,4b425c,HBZDK,LSZG,LSZG,2653
2026-04-21 07:44:04,4b1e47,HBLMD,LSZG,LSZG,3768
2026-04-21 07:26:44,4b1e46,HBLMC,LSZG,LSZG,5518
2026-04-21 07:03:17,4b1e44,HBLMA,LSZG,LSZB,4624
2026-04-21 07:01:41,4b1e45,HBLMB,LSZG,LSZG,4457
2026-04-21 06:11:37,4b40e4,HBYOY,LSZG,LSGL,2107
2026-04-24 16:06:40,4b06f4,HBCQM,LSZG,LSZN,4236
2026-04-24 15:46:28,4b1eb8,HBLQM,LSZG,EDLT,7093
2026-04-24 15:17:53,a31cde,N3YZ,LSZG,LSZG,1307
2026-04-24 14:45:49,4b1b86,HBKLA,LSZG,LSZT,2501
2026-04-24 14:44:47,486782,PHSMD,LSZG,LSZE,2284
2026-04-24 14:23:58,4b10e2,HBGKG,LSZG,LSGC,2502
2026-04-24 14:04:03,a31cde,N3YZ,LSZG,LSZG,2261
2026-04-24 13:46:34,4b1e44,HBLMA,LSZG,LSZG,3106
2026-04-24 13:45:13,4b1e47,HBLMD,LSZG,LSZG,3656
2026-04-24 12:55:58,4b4b04,HB1629,LSZG,LSZG,7308
2026-04-24 12:42:08,4b0e69,HBFLX,LSZG,LSGG,1708
2026-04-24 12:19:17,4b1e47,HBLMD,LSZG,LSZG,2920
2026-04-24 11:46:11,4b1aa8,HBKCM,LSZG,EHLE,4916
2026-04-24 11:41:42,4b1f57,HBLWP,LSZG,EGKA,12229
2026-04-24 11:36:11,4b3300,RGAIE,LSZG,LSZG,5929
2026-04-24 11:06:01,4b1aa5,HBKCJ,LSZG,LSPL,1983
2026-04-24 08:21:04,4b425c,HBZDK,LSZG,LSZJ,1883
2026-04-24 08:16:12,4b0f97,HBFXN,LSZG,LSGB,1860
2026-04-24 08:10:38,4b3300,RGAIE,LSZG,LSZG,6230
2026-04-24 08:07:08,4b1e46,HBLMC,LSZG,LFMV,7100
2026-04-24 08:02:02,4b1e45,HBLMB,LSZG,EDTY,6267
2026-04-24 07:39:33,4b1e44,HBLMA,LSZG,EDTY,5996
2026-04-24 07:04:21,4b1aa8,HBKCM,LSZG,LEAP,4986
2026-04-24 06:38:33,4b1e47,HBLMD,LSZG,EDDN,6872
2026-04-24 06:12:04,4b1e46,HBLMC,LSZG,LSZG,2507
2026-04-24 06:10:03,4b1e45,HBLMB,LSZG,LSZG,2774
2026-04-23 16:06:04,3cfafb,DCWIT,LSZG,EDQM,2900
2026-04-23 14:53:32,44081c,OEFAX,LSZG,LSGL,1625
2026-04-23 14:07:03,4b1e45,HBLMB,LSZG,LSZG,2704
2026-04-23 13:51:12,4b1e44,HBLMA,LSZG,LSZG,2748
2026-04-23 13:44:37,4b1e47,HBLMD,LSZG,LSZG,4480
2026-04-23 13:33:54,44081c,OEFAX,LSZG,LSZG,994
2026-04-23 13:17:39,4b1e46,HBLMC,LSZG,LSZG,3181
2026-04-23 13:05:08,4b1aa5,HBKCJ,LSZG,LSPL,2049
2026-04-23 12:36:06,4b1e44,HBLMA,LSZG,LSZG,2151
2026-04-23 12:16:30,4b3300,RGAIE,LSZG,LSTS,2998
2026-04-23 11:16:33,4b1e45,HBLMB,LSZG,LSZG,8036
2026-04-23 11:12:57,4b3300,RGAIE,LSZG,LSZG,2481
2026-04-23 10:52:36,3cfafb,DCWIT,LSZG,,6315
2026-04-23 10:36:50,4b1e47,HBLMD,LSZG,EDTL,3009
2026-04-23 10:01:23,4b5079,HB3026,LSZG,LSZG,888
2026-04-23 09:53:48,4b1e44,HBLMA,LSZG,LSZG,6389
2026-04-23 08:11:39,a0ca7a,N150D,LSZG,LFGJ,2922
2026-04-23 07:45:42,4b1e44,HBLMA,LSZG,LSGC,810
2026-04-23 07:30:38,4b1a7c,HBKAU,LSZG,EDNY,3650
2026-04-23 07:20:34,4b3273,HBTCT,LSZG,EDDE,9151
2026-04-23 07:16:51,4b1e15,HBLKF,LSZG,LSPU,1454
2026-04-23 07:14:18,4b444c,HBZWM,LSZG,LSZG,7262
2026-04-23 07:09:19,4b1e45,HBLMB,LSZG,LSGC,3424
2026-04-23 06:57:34,4b1e46,HBLMC,LSZG,EDMA,8536
2026-04-23 06:34:36,4b1e47,HBLMD,LSZG,,1681
2026-04-26 17:16:06,4b1b8a,HBKLE,LSZG,LSZG,4521
2026-04-26 15:22:22,4b1b8a,HBKLE,LSZG,LSZG,2697
2026-04-26 15:01:00,4b1b78,HBKKM,LSZG,LSZL,2008
2026-04-26 14:23:30,4b4436,HBZVQ,LSZG,LSGR,1302
2026-04-26 13:52:12,4b4436,HBZVQ,LSZG,LSZG,973
2026-04-26 13:33:54,4b1b8a,HBKLE,LSZG,LSZG,2310
2026-04-26 11:16:48,4b1b8a,HBKLE,LSZG,LSZG,1206
2026-04-26 10:45:51,4b08aa,HBDHI,LSZG,LSPM,2090
2026-04-26 10:13:30,aa793a,N774PT,LSZG,LSGN,927
2026-04-26 09:00:23,4b08aa,HBDHI,LSZG,LSZG,1155
2026-04-26 08:59:45,a52790,N431HM,LSZG,EDSB,3166
2026-04-26 08:39:05,4b1b8a,HBKLE,LSZG,LSZG,3772
2026-04-26 08:20:45,4b4cca,HB2083,LSZG,LSZR,4749
2026-04-26 07:47:35,4b1faf,HBLZZ,LSZG,LFLY,3550
2026-04-26 04:17:51,4b2cc3,HBQYT,LSZG,LSTB,4747
2026-04-26 04:12:36,4b2c31,HBQTD,LSZG,LSTB,5676
2026-04-25 17:11:08,4b0878,HBDFK,LSZG,LSZG,3576
2026-04-25 17:05:13,4b1b8a,HBKLE,LSZG,LSZG,4167
2026-04-25 14:42:24,4b4492,HBZZE,LSZG,LSZB,1248
2026-04-25 13:44:12,4b2ff5,HBSEF,LSZG,LSZM,3310
2026-04-25 13:43:26,4b4e70,HB2505,LSZG,LSZI,1622
2026-04-25 11:56:43,4b1b8a,HBKLE,LSZG,LSPU,1683
2026-04-25 11:54:30,4b448a,HBZYW,LSZG,LSPV,2024
2026-04-25 10:45:50,4b4cca,HB2083,LSZG,LSZG,945
2026-04-25 10:00:03,a50e57,N425BM,LSZG,EDTY,2964
2026-04-25 09:45:49,4b4cca,HB2083,LSZG,LSZG,2590
2026-04-25 09:27:08,4b1b8a,HBKLE,LSZG,LSZG,3333
2026-04-25 09:10:44,4b293a,HBPPY,LSZG,LSPM,2262
2026-04-25 08:51:50,4b4449,HBZWJ,LSZG,LSZG,3120
2026-04-25 08:28:00,4d2199,ULC44,LSZG,LFTH,2746
2026-04-25 07:38:08,4b3ab4,HBWGA,LSZG,LSZW,3538
2026-04-25 07:12:30,4b1ac0,HBKDK,LSZG,LSGE,989
2026-04-25 06:59:07,4b1b8a,HBKLE,LSZG,LSZG,5087
2026-04-25 06:12:17,4b3202,HBSYK,LSZG,LSZB,608
2026-04-28 15:58:18,4b3391,HBTNT,LSZG,LSZG,1458
2026-04-28 12:20:03,4b3391,HBTNT,LSZG,LSZG,1307
2026-04-28 10:48:05,4b2858,HBPHG,LSZG,LSMA,2028
2026-04-28 09:36:33,4b3fda,HBYES,LSZG,LSZG,4087
2026-04-28 09:36:01,4b1c67,HBKTR,LSZG,LSZI,1377
2026-04-28 08:47:17,4b28aa,HBPKK,LSZG,LSZB,2631
2026-04-28 08:32:13,4b0ecc,HBFPS,LSZG,LSZH,2453
2026-04-28 08:26:30,4b06c1,HBCON,LSZG,LSZR,2853
2026-04-28 08:23:50,4b1e47,HBLMD,LSZG,LFSG,2210
2026-04-28 07:52:49,4b1e46,HBLMC,LSZG,EDJA,7198
2026-04-28 07:35:17,4b1e45,HBLMB,LSZG,EDFM,6899
2026-04-28 07:11:26,4b1e44,HBLMA,LSZG,EDTL,6774
2026-04-28 06:12:33,4b1e69,HBLNL,LSZG,EDMS,3469
2026-04-27 13:05:06,4b4d2d,HB2182,LSZG,LSZG,859
2026-04-27 11:17:53,4b293a,HBPPY,LSZG,LSZG,4366
2026-04-27 10:21:58,4b1e47,HBLMD,LSZG,EDDR,6388
2026-04-27 10:04:05,4b1e46,HBLMC,LSZG,LFMH,7102
2026-04-27 09:59:06,4b1e45,HBLMB,LSZG,LFST,4639
2026-04-27 09:44:45,4b1e44,HBLMA,LSZG,LFGJ,5864
2026-04-30 15:49:09,4b32fe,RGA03,LSZG,LSZB,617
2026-04-30 14:13:05,4b444c,HBZWM,LSZG,LSZG,2803
2026-04-30 13:48:31,3e7e16,DKMYG,LSZG,LSZF,5894
2026-04-30 13:35:34,a31cde,N3YZ,LSZG,LSZG,1315
2026-04-30 12:47:30,4b1b8a,HBKLE,LSZG,LSZG,4248
2026-04-30 12:46:00,4b1b74,HBKKI,LSZG,LSZC,1126
2026-04-30 11:05:00,4b3300,RGAIE,LSZG,LSZB,3943
2026-04-30 09:12:15,4b066d,HBCLH,LSZG,LSZF,3401
2026-04-30 08:31:34,4b1b11,HBKGN,LSZG,LSZB,1795
2026-04-30 08:20:35,a50e57,N425BM,LSZG,LFIX,7020
2026-04-30 08:07:40,4b1e46,HBLMC,LSZG,LSGY,4277
2026-04-30 08:02:33,4b1e47,HBLMD,LSZG,LSGY,4637
2026-04-30 07:58:11,4b1e45,HBLMB,LSZG,LSGE,4778
2026-04-30 07:49:21,4b4cca,HB2083,LSZG,LSZG,1784
2026-04-30 07:37:07,4b293a,HBPPY,LSZG,LSZG,4579
2026-04-30 07:26:21,4b418d,HBYVL,LSZG,LSGL,3002
2026-04-30 07:26:05,4b40e4,HBYOY,LSZG,LSGL,2981
2026-04-30 07:25:38,502cbc,YLMFG,LSZG,LSGL,2950
2026-04-30 07:09:34,4b1e15,HBLKF,LSZG,LKPR,7830
2026-04-30 06:43:53,4b1e44,HBLMA,LSZG,LSGY,5218
2026-04-30 06:27:43,4b1e69,HBLNL,LSZG,LFMD,3073
2026-04-30 06:26:25,4b39f0,HBVYM,LSZG,EGKB,4202
2026-04-29 19:43:30,4b3300,RGAIE,LSZG,LSZG,2519
2026-04-29 14:16:34,4b0c1d,HBEPH,LSZG,LSMF,2768
2026-04-29 14:05:49,a31cde,N3YZ,LSZG,LSZG,1969
2026-04-29 12:52:55,4b3300,RGAIE,LSZG,LSZG,2223
2026-04-29 12:36:46,4b40e4,HBYOY,LSZG,LSZR,3523
2026-04-29 10:25:39,4b1b86,HBKLA,LSZG,LSZT,4810
2026-04-29 09:20:33,4b1e45,HBLMB,LSZG,LFLY,6188
2026-04-29 08:46:15,4b1e46,HBLMC,LSZG,EDJA,6794
2026-04-29 08:17:43,4b4492,HBZZE,LSZG,LSZB,1083
2026-04-29 08:04:07,4b1e47,HBLMD,LSZG,EDFM,5640
2026-04-29 07:57:13,4b1e44,HBLMA,LSZG,LFSA,1630
2026-04-29 07:32:33,4b1aa8,HBKCM,LSZG,EDLD,4586
2026-04-29 07:25:22,4b4449,HBZWJ,LSZG,LSZK,2572
2026-04-29 07:23:56,4b1f94,HBLYY,LSZG,LSZB,2334
2026-05-02 15:11:16,4b4cca,HB2083,LSZG,LSZG,1447
2026-05-02 13:35:48,4d029e,LXJPA,LSZG,LSGE,2105
2026-05-02 13:09:30,4b4cca,HB2083,LSZG,LSZG,4323
2026-05-02 12:43:40,4b1b8a,HBKLE,LSZG,LSPN,1458
2026-05-02 12:14:33,a31cde,N3YZ,LSZG,LSZG,1268
2026-05-02 11:28:02,4b1b8a,HBKLE,LSZG,LSZG,2377
2026-05-02 10:06:21,4b08c3,HBDIH,LSZG,LSPV,1896
2026-05-02 09:13:42,a50e57,N425BM,LSZG,EDAZ,6047
2026-05-02 09:03:36,4b3fda,HBYES,LSZG,EDMA,5840
2026-05-02 08:56:37,a52790,N431HM,LSZG,LSGB,3651
2026-05-02 07:49:10,4b4cca,HB2083,LSZG,LSZG,783
2026-05-02 07:23:33,4b444c,HBZWM,LSZG,LSZG,8797
2026-05-02 07:20:47,4b40e4,HBYOY,LSZG,LSZB,3365
2026-05-02 07:18:53,a31cde,N3YZ,LSZG,LSZG,5268
2026-05-02 05:15:29,4b3300,RGAIE,LSZG,LSZC,2078
2026-05-01 16:14:11,4b066d,HBCLH,LSZG,LSZF,1577
2026-05-01 15:11:03,4b3037,HBSGT,LSZG,LSZT,3138
2026-05-01 14:32:48,4b27b7,HBPBB,LSZG,LSZF,1585
2026-05-01 14:32:00,4b1b8a,HBKLE,LSZG,LSZL,3027
2026-05-01 14:23:38,4b293f,HBPQD,LSZG,LSZM,1830
2026-05-01 13:58:42,a31cde,N3YZ,LSZG,LSZG,3205
2026-05-01 13:27:07,4b08aa,HBDHI,LSZG,LFLM,4712
2026-05-01 12:56:09,4b3202,HBSYK,LSZG,LSZP,1096
2026-05-01 12:15:10,4b4d2d,HB2182,LSZG,LSZG,13593
2026-05-01 12:03:18,4b1b78,HBKKM,LSZG,LSZL,2006
2026-05-01 11:59:41,4b1ea1,HBLPP,LSZG,EDDC,7419
2026-05-01 11:37:36,4b3301,RGA04,LSZG,LSGG,2392
2026-05-01 10:49:50,4b1f98,HBLZC,LSZG,EGKA,8130
2026-05-01 10:10:22,a15077,N184KP,LSZG,LFGJ,2568
2026-05-01 10:07:37,4b301c,HBSFS,LSZG,LSGE,1332
2026-05-01 09:12:12,4b1aa5,HBKCJ,LSZG,LSPL,1307
2026-05-01 09:05:49,4b1b65,HBKJT,LSZG,LJPZ,5042
2026-05-01 09:03:42,4b1bf7,HBKPJ,LSZG,LSZM,1685
2026-05-01 08:56:18,4b3fda,HBYES,LSZG,LSGL,6161
2026-05-01 08:48:33,4b1b8a,HBKLE,LSZG,LSPU,2270
2026-05-01 08:00:07,4b1e46,HBLMC,LSZG,LSZG,5540
2026-05-01 07:55:50,4b1e45,HBLMB,LSZG,LSZG,5181
2026-05-01 07:42:53,4b1e44,HBLMA,LSZG,LSZG,5639
2026-05-01 07:42:09,4b1e47,HBLMD,LSZG,LSZG,5062
2026-05-01 07:20:25,a31cde,N3YZ,LSZG,LSZG,3513
2026-05-01 07:17:51,a1ec64,N223CM,LSZG,LFGF,2691
2026-05-01 07:14:33,4d2199,ULC44,LSZG,EGJJ,3795
2026-05-01 06:57:55,4b40e4,HBYOY,LSZG,LSPV,1853
2026-05-01 04:34:18,4b2ca3,HBQXN,LSZG,LSZG,2822
2026-05-04 15:42:10,4b1e46,HBLMC,LSZG,LSZG,5563
2026-05-04 14:23:43,4b4156,HBYTI,LSZG,LSPL,826
2026-05-04 13:33:54,4b1e45,HBLMB,LSZG,LSZG,5192
2026-05-04 10:12:41,4b1f08,HBLTO,LSZG,LOWG,6430
2026-05-04 08:48:03,4d2199,ULC44,LSZG,LEBL,4640
2026-05-04 08:40:57,4b1e45,HBLMB,LSZG,EDTL,5862
2026-05-04 08:37:19,a52790,N431HM,LSZG,LFGG,1359
2026-05-04 08:14:12,4b1e44,HBLMA,LSZG,LFSA,2683
2026-05-04 07:25:41,4b444c,HBZWM,LSZG,LSZG,1808
2026-05-04 07:23:33,4b1aa8,HBKCM,LSZG,LOWS,3320
2026-05-04 07:12:40,a50e57,N425BM,LSZG,EDMA,3168
2026-05-04 06:01:03,4b3905,HBVPL,LSZG,EDMA,1846
2026-05-03 16:09:23,4b28ed,HBPMZ,LSZG,LSMF,1131
2026-05-03 15:13:30,4b2ff5,HBSEF,LSZG,LSZM,4022
2026-05-03 13:56:04,4b1b8a,HBKLE,LSZG,LSZG,2069
2026-05-03 12:41:20,4b1b8a,HBKLE,LSZG,LSZG,2254
2026-05-03 12:26:52,4b3510,HBUCM,LSZG,LSMA,2711
2026-05-03 11:50:01,4b3304,RGA02,LSZG,LSZB,622
2026-05-03 10:50:25,a31cde,N3YZ,LSZG,LSZG,1959
2026-05-03 10:38:19,4b0dd5,HUE12F,LSZG,LSZB,1071
2026-05-03 10:00:57,4b39f0,HBVYM,LSZG,LEBL,5132
2026-05-03 09:03:44,4b1b8a,HBKLE,LSZG,LSZG,4013
2026-05-03 08:11:15,4b28a6,HBPKG,LSZG,LSPL,1229
2026-05-03 07:57:59,4b0dd5,HUE12F,LSZG,LSZG,5773
2026-05-06 19:35:03,4b3300,RGAIE,LSZG,LSZG,4289
2026-05-06 16:18:00,4b3300,RGAIE,LSZG,LSZG,4978
2026-05-06 14:38:15,4b3300,RGAIE,LSZG,LSZG,1964
2026-05-06 14:28:12,4b1e44,HBLMA,LSZG,LSZG,2491
2026-05-06 12:21:31,4b0eb6,HBFOW,LSZG,LSZC,1341
2026-05-06 12:05:06,4b1e45,HBLMB,LSZG,LSZG,5773
2026-05-06 11:36:26,4b3300,RGAIE,LSZG,LSZG,3783
2026-05-06 10:00:49,4b1f9d,HBLZH,LSZG,LSZB,1387
2026-05-06 09:00:12,4b1e45,HBLMB,LSZG,LSZG,6135
2026-05-06 08:05:41,4b1e47,HBLMD,LSZG,EDTB,6107
2026-05-06 07:42:34,4b0eb6,HBFOW,LSZG,LSZG,4644
2026-05-06 07:16:26,4b1e44,HBLMA,LSZG,LFGA,6031
2026-05-06 07:06:43,4b1e46,HBLMC,LSZG,EDTB,5533
2026-05-05 12:29:34,4b1e45,HBLMB,LSZG,LSZG,6515
2026-05-05 12:23:15,4b28b1,HBPKR,LSZG,LSZB,1747
2026-05-05 12:03:14,4b3300,RGAIE,LSZG,LSZG,5225
2026-05-05 11:17:54,4b3300,RGAIE,LSZG,LSZG,1968
2026-05-05 08:11:28,4b1e47,HBLMD,LSZG,EDNY,5671
2026-05-05 08:07:16,4b1e15,HBLKF,LSZG,LSZC,1539
2026-05-05 07:58:34,4b1e44,HBLMA,LSZG,EDTL,6025
2026-05-05 07:42:50,4b1e46,HBLMC,LSZG,LFJL,5257
2026-05-05 07:23:38,4b1e45,HBLMB,LSZG,LFGJ,6221
2026-05-08 17:01:40,4d2199,ULC44,LSZG,LFMV,2574
2026-05-08 15:56:23,4b1b8a,HBKLE,LSZG,LSZF,1287
2026-05-08 12:14:25,4b4d2d,HB2182,LSZG,LSZG,8576
2026-05-08 12:11:04,4b3300,RGAIE,LSZG,LSZG,1170
2026-05-08 11:56:30,4b448a,HBZYW,LSZG,LSZW,3928
2026-05-08 11:35:12,4b3300,RGAIE,LSZG,LSZG,912
2026-05-08 11:06:20,4b293a,HBPPY,LSZG,LSZG,4563
2026-05-08 11:03:08,4b293f,HBPQD,LSZG,LSZM,1302
2026-05-08 09:27:01,4b1e44,HBLMA,LSZG,LSZG,5410
2026-05-08 09:25:15,4b0c1d,HBEPH,LSZG,LSMF,2233
2026-05-08 09:15:40,4b1e45,HBLMB,LSZG,LSZG,4909
2026-05-08 08:52:38,4b1ef1,HBLSR,LSZG,LSZR,2989
2026-05-08 08:28:24,4b086e,HBDFA,LSZG,LFHJ,4565
2026-05-08 08:12:16,4b0f97,HBFXN,LSZG,LFLS,3695
2026-05-08 08:07:29,a50e57,N425BM,LSZG,EDMA,2964
2026-05-08 07:35:26,4b293a,HBPPY,LSZG,LSZG,3692
2026-05-08 07:28:25,4b1b8a,HBKLE,LSZG,LSZG,2582
2026-05-08 07:17:54,4b3300,RGAIE,LSZG,LSZG,3237
2026-05-08 07:17:09,4b1e44,HBLMA,LSZG,LSZG,5286
2026-05-08 06:53:55,4b1e45,HBLMB,LSZG,LSZG,5792
2026-05-08 06:17:59,4b425c,HBZDK,LSZG,LSZG,3272
2026-05-07 15:31:03,4b1b9d,HBKLX,LSZG,LSGY,2012
2026-05-07 12:41:27,4b425c,HBZDK,LSZG,LSZG,2572
2026-05-07 12:38:09,440444,OEEIP,LSZG,LSZA,4175
2026-05-07 11:33:55,4b3300,RGAIE,LSZG,LSZG,2492
2026-05-07 09:38:14,4b447e,HBZYK,LSZG,LSZB,870
2026-05-07 09:24:22,4b3273,HBTCT,LSZG,LSMA,1373
2026-05-07 09:21:00,4b27c0,HBPBK,LSZG,LSGL,2571
2026-05-07 09:13:06,4b1aa8,HBKCM,LSZG,LEAP,5051
2026-05-07 07:40:11,4b1e47,HBLMD,LSZG,LSGE,5146
2026-05-07 07:15:26,4b1e46,HBLMC,LSZG,LFGZ,5283
2026-05-07 07:06:05,4b1e45,HBLMB,LSZG,EDTL,5574
2026-05-07 06:50:06,4b1e44,HBLMA,LSZG,LFSD,5009
2026-05-10 09:20:25,4b2830,HBPFS,LSZG,LSZG,3006
2026-05-10 08:40:19,4b10e2,HBGKG,LSZG,LSZG,4987
2026-05-10 08:15:52,4b1eb8,HBLQM,LSZG,LSZG,5377
2026-05-10 06:36:28,4b2830,HBPFS,LSZG,LSZG,1801
2026-05-09 16:12:50,4b1b8a,HBKLE,LSZG,LSZG,1155
2026-05-09 14:53:15,4b1b8a,HBKLE,LSZG,LSZG,1648
2026-05-09 14:29:00,4b40e4,HBYOY,LSZG,LSZG,1046
2026-05-09 13:40:54,4b3fc2,HBYDU,LSZG,LSZP,6734
2026-05-09 13:10:32,4b0b79,HBEIZ,LSZG,LSGP,1930
2026-05-09 13:08:23,4b4d2c,HB2181,LSZG,LSPD,1314
2026-05-09 12:58:30,4b2923,HBPPB,LSZG,LSZM,1456
2026-05-09 12:47:26,4b4cca,HB2083,LSZG,LSZF,1891
2026-05-09 12:40:40,4b41f2,HBYZI,LSZG,LSTS,2724
2026-05-09 12:29:35,4b3fc5,HBYDX,LSZG,LSZE,4708
2026-05-09 11:35:56,4b4b04,HB1629,LSZG,LSZG,2114
2026-05-09 11:14:04,4b5079,HB3026,LSZG,LSZG,2832
2026-05-09 10:56:41,4b1b8a,HBKLE,LSZG,LSZQ,1555
2026-05-09 10:52:13,4b5100,HB3161,LSZG,LFSP,11538
2026-05-09 10:12:08,4b436d,HBZNX,LSZG,LSZB,981
2026-05-09 09:29:38,4b293a,HBPPY,LSZG,LSZI,1277
2026-05-09 09:28:31,a31cde,N3YZ,LSZG,LSZG,3887
2026-05-09 09:26:52,4b50d5,HB3118,LSZG,LSZG,819
2026-05-09 09:24:35,4b10e2,HBGKG,LSZG,LSZG,3756
2026-05-09 09:20:44,4b2830,HBPFS,LSZG,LSGR,1650
2026-05-09 09:10:28,4b289c,HBPJW,LSZG,EDMA,3570
2026-05-09 09:05:21,4b1a7c,HBKAU,LSZG,EDPT,3995
2026-05-09 08:42:37,506fae,S5MMW,LSZG,LSPN,1160
2026-05-09 08:36:25,4b3300,RGAIE,LSZG,LSZF,1526
2026-05-09 08:34:13,a31cde,N3YZ,LSZG,LSZG,1062
2026-05-09 08:11:38,4b08a2,HBDHA,LSZG,EDDN,4761
2026-05-09 08:02:54,4b40e4,HBYOY,LSZG,LSZE,3212
2026-05-09 08:01:44,4b1ea1,HBLPP,LSZG,EDDN,4370
2026-05-09 07:54:27,4b1b8a,HBKLE,LSZG,LSGB,2728
2026-05-12 15:05:17,4b1b8a,HBKLE,LSZG,LSZG,1550
2026-05-12 14:54:04,4b28a6,HBPKG,LSZG,LSPL,3597
2026-05-12 14:18:14,4b293a,HBPPY,LSZG,LSZG,3114
2026-05-12 14:09:16,4b1b8a,HBKLE,LSZG,LSZG,2049
2026-05-12 12:40:02,4b1b9d,HBKLX,LSZG,LSGY,1757
2026-05-12 12:13:47,4b40e4,HBYOY,LSZG,LSZF,1691
2026-05-12 11:12:18,4b293a,HBPPY,LSZG,LSGN,2222
2026-05-12 10:11:25,4b1e45,HBLMB,LSZG,EDDS,4383
2026-05-12 09:44:36,4b50d5,HB3118,LSZG,LSZG,25521
2026-05-12 09:37:12,4b1e44,HBLMA,LSZG,EDPO,6009
2026-05-12 09:35:30,4b1b8a,HBKLE,LSZG,LSZG,1836
2026-05-12 09:09:06,4d2199,ULC44,LSZG,LIML,2075
2026-05-12 08:55:08,4b1be5,HBKOR,LSZG,LSZR,1849
2026-05-12 08:52:14,4b3ac3,HBWGP,LSZG,LSZP,3042
2026-05-12 08:22:28,4b1e46,HBLMC,LSZG,LOWS,5319
2026-05-12 07:44:58,4b3ac3,HBWGP,LSZG,LSZG,1934
2026-05-12 07:26:47,4b1b8a,HBKLE,LSZG,LSZG,1440
2026-05-12 07:25:33,4b1aa8,HBKCM,LSZG,EBAW,4867
2026-05-12 06:40:59,4b1e45,HBLMB,LSZG,LSZG,4050
2026-05-12 06:25:41,4b1e44,HBLMA,LSZG,LSZG,5747
2026-05-12 06:08:08,4b3905,HBVPL,LSZG,LSGC,759
2026-05-11 13:07:37,4b1e45,HBLMB,LSZG,LSZG,4650
2026-05-11 12:59:50,4b1b8a,HBKLE,LSZG,LSZG,1539
2026-05-11 12:44:47,4b1e44,HBLMA,LSZG,LSZG,4398
2026-05-11 12:16:15,4b1b8a,HBKLE,LSZG,LSZG,1658
2026-05-11 11:39:35,4b1e46,HBLMC,LSZG,LSZB,2345
2026-05-11 10:58:53,4b1e45,HBLMB,LSZG,LSZG,4805
2026-05-11 10:40:06,4b1e44,HBLMA,LSZG,LSZG,4719
2026-05-11 09:29:36,4b1e46,HBLMC,LSZG,LSZG,4335
2026-05-11 08:59:05,4b1e45,HBLMB,LSZG,LSZG,4613
2026-05-14 17:36:50,4b32fe,RGA03,LSZG,LSZB,637
2026-05-14 14:25:14,4b1eb8,HBLQM,LSZG,EDDE,5985
2026-05-14 10:15:31,4b0ecc,HBFPS,LSZG,LSZH,2772
2026-05-14 09:43:22,4b3905,HBVPL,LSZG,LEAP,3630
2026-05-14 09:35:45,4b1be5,HBKOR,LSZG,LFKJ,5228
2026-05-14 09:15:18,4b1b65,HBKJT,LSZG,ESMH,7084
2026-05-14 09:09:07,4b1f98,HBLZC,LSZG,EGMD,8907
2026-05-14 08:46:20,4b1e47,HBLMD,LSZG,LOWS,4921
2026-05-14 07:04:55,4b1ea1,HBLPP,LSZG,EDMS,4908
2026-05-14 06:28:12,4b1e45,HBLMB,LSZG,EDDN,5743
2026-05-14 06:06:06,4b1e44,HBLMA,LSZG,EDDS,3411
2026-05-13 17:52:48,4b32fe,RGA03,LSZG,LSZB,727
2026-05-13 17:06:06,4b066f,HBCLJ,LSZG,LSPN,1148
2026-05-13 15:35:20,4b1b9d,HBKLX,LSZG,LSGY,1797
2026-05-13 14:13:47,4b1e69,HBLNL,LSZG,LFMD,3508
2026-05-13 14:04:00,4b1b8a,HBKLE,LSZG,LSZG,1900
2026-05-13 14:01:33,44081c,OEFAX,LSZG,LSGB,1988
2026-05-13 13:13:29,4d2199,ULC44,LSZG,LFTH,3318
2026-05-13 12:50:38,4b1e47,HBLMD,LSZG,LSZG,805
2026-05-13 12:39:39,4b1f98,HBLZC,LSZG,LSZG,2555
2026-05-13 12:38:16,500227,T736A,LSZG,EGSU,10905
2026-05-13 12:32:31,4b1e46,HBLMC,LSZG,LSZG,5626
2026-05-13 12:23:43,4b1e44,HBLMA,LSZG,LSZG,6257
2026-05-13 09:44:40,a071d2,N128ED,LSZG,LFNG,5443
2026-05-13 09:40:09,4b1b8a,HBKLE,LSZG,LSZG,1989
2026-05-13 08:30:50,4b4449,HBZWJ,LSZG,LSZG,3838
2026-05-13 08:02:55,4b10e2,HBGKG,LSZG,LSGC,2810
2026-05-13 07:54:40,4b40e4,HBYOY,LSZG,LSMF,2088
2026-05-13 07:49:48,4b1bcd,HBKNT,LSZG,LSZP,1961
2026-05-13 07:37:06,4b0f97,HBFXN,LSZG,LSZG,3903
2026-05-13 07:27:41,4b086e,HBDFA,LSZG,LSZG,2213
2026-05-16 13:19:21,a2ed63,N288TG,LSZG,EDCJ,6275
2026-05-16 11:26:37,4b1b8a,HBKLE,LSZG,LSPN,1432
2026-05-15 12:47:30,4b1e47,HBLMD,LSZG,LSZG,7572
2026-05-15 07:37:33,4b39f0,HBVYM,LSZG,LSZH,1493
2026-05-18 14:17:45,a1b7b7,N21FS,LSZG,LSZG,2936
2026-05-18 13:50:35,4b3300,RGAIE,LSZG,LSZG,1406
2026-05-18 13:32:23,4b1e44,HBLMA,LSZG,LFGA,4161
2026-05-18 13:11:06,4b3300,RGAIE,LSZG,LSZG,1114
2026-05-18 13:05:39,4b1e47,HBLMD,LSZG,LSZG,5244
2026-05-18 12:47:18,4b1e45,HBLMB,LSZG,LSZG,6295
2026-05-18 12:29:38,4b3300,RGAIE,LSZG,LSZG,1817
2026-05-18 11:30:48,4b3300,RGAIE,LSZG,LSZG,2527
2026-05-18 10:49:04,4b1e47,HBLMD,LSZG,LSZB,1694
2026-05-18 10:30:49,4b1e45,HBLMB,LSZG,LSZG,5890
2026-05-18 09:51:29,4b3300,RGAIE,LSZG,LSZG,797
2026-05-18 08:10:20,4b1e47,HBLMD,LSZG,LSZG,5979
2026-05-18 07:37:20,4b1e44,HBLMA,LSZG,EDFM,6727
2026-05-18 07:12:03,4b1ea1,HBLPP,LSZG,EDMS,5006
2026-05-18 07:07:48,4b1e45,HBLMB,LSZG,LSZG,6893
2026-05-18 06:17:13,4d2199,ULC44,LSZG,LFTZ,2954
2026-05-17 15:20:57,4b4449,HBZWJ,LSZG,LSZG,1521
2026-05-17 14:47:53,4b1e69,HBLNL,LSZG,LSZB,921
2026-05-17 14:31:22,4b4005,HBYGJ,LSZG,LSGE,1429
2026-05-17 13:25:00,500227,T736A,LSZG,LSGR,927
2026-05-17 13:22:23,4b3ac3,HBWGP,LSZG,LSZG,3196
2026-05-17 13:21:16,4b1f2f,HBLVB,LSZG,LSZB,1574
2026-05-17 12:13:06,4b1b8a,HBKLE,LSZG,LSZG,2041
2026-05-17 11:33:43,4b3391,HBTNT,LSZG,LSZG,3993
2026-05-17 11:13:30,4b32fe,RGA03,LSZG,LSZB,775
2026-05-17 11:00:08,4b4e79,HB2514,LSZG,LSPL,15417
2026-05-17 10:24:44,4b4e0f,HB2408,LSZG,LSPO,1868
2026-05-17 09:57:46,4b293a,HBPPY,LSZG,LSGB,2023
2026-05-17 09:53:13,4b51b6,HB3343,LSZG,LSZJ,3678
2026-05-17 09:42:37,4b1f2f,HBLVB,LSZG,LSGE,982
2026-05-17 09:04:29,4b1b8a,HBKLE,LSZG,LSZG,3416
2026-05-17 08:56:05,4b1faf,HBLZZ,LSZG,EDJA,3083
2026-05-17 07:49:47,4b4cca,HB2083,LSZG,LSZG,4085
2026-05-20 17:40:39,a31cde,N3YZ,LSZG,LSZG,2275
2026-05-20 17:12:17,4b1b8a,HBKLE,LSZG,LSZG,690
2026-05-20 15:34:25,4b0cd2,HBEWG,LSZG,LSGY,1201
2026-05-20 15:22:17,4b28a6,HBPKG,LSZG,LSPL,1727
2026-05-20 14:52:13,4b1b8a,HBKLE,LSZG,LSZG,1936
2026-05-20 14:45:15,a31cde,N3YZ,LSZG,LSZG,930
2026-05-20 13:37:35,4b28a6,HBPKG,LSZG,LSZG,2896
2026-05-20 13:24:08,4b3300,RGAIE,LSZG,LSZG,1000
2026-05-20 13:13:00,4b1f5e,HBLWW,LSZG,LSZB,2713
2026-05-20 13:11:03,4b1e47,HBLMD,LSZG,LSZG,4744
2026-05-20 12:08:02,4b1f9d,HBLZH,LSZG,LSZB,3584
2026-05-20 11:45:51,4b1e45,HBLMB,LSZG,LSGC,1189
2026-05-20 11:09:11,4b1e47,HBLMD,LSZG,LSGE,2760
2026-05-20 09:37:45,4b1b8a,HBKLE,LSZG,LSGN,1274
2026-05-20 09:27:17,4b1e45,HBLMB,LSZG,LSZG,5188
2026-05-20 08:46:43,4b1e44,HBLMA,LSZG,LSZG,5041
2026-05-20 08:33:33,4b2816,HBPES,LSZG,LSGB,2418
2026-05-20 08:31:16,4b1e47,HBLMD,LSZG,LSGE,2682
2026-05-20 07:15:36,4b1e45,HBLMB,LSZG,LSZG,5406
2026-05-20 06:51:08,a10829,N166BZ,LSZG,LFGC,2686
2026-05-20 06:22:04,4b1e44,HBLMA,LSZG,LSZG,5802
2026-05-20 06:20:45,4b0f97,HBFXN,LSZG,LEMG,13109
2026-05-20 06:10:43,4b1e47,HBLMD,LSZG,LSZG,5835
2026-05-20 06:08:28,4d2199,ULC44,LSZG,EDDS,1748
2026-05-20 06:00:50,4b3905,HBVPL,LSZG,LSZH,1258
2026-05-19 17:47:05,4b1b8a,HBKLE,LSZG,LSZG,3330
2026-05-19 17:43:10,4b3273,HBTCT,LSZG,LSMA,1225
2026-05-19 17:39:31,4b2858,HBPHG,LSZG,LSPG,1321
2026-05-19 16:31:07,4b1b8a,HBKLE,LSZG,LSZG,3472
2026-05-19 14:35:01,4b1b9d,HBKLX,LSZG,LSGY,1778
2026-05-19 13:28:19,4b1e47,HBLMD,LSZG,LSGE,2889
2026-05-19 12:58:46,4b1e45,HBLMB,LSZG,LSZG,5830
2026-05-19 12:44:31,4b3300,RGAIE,LSZG,LSZG,1317
2026-05-19 12:13:01,4b1e44,HBLMA,LSZG,LSZG,4767
2026-05-19 11:14:17,4b1e47,HBLMD,LSZG,LSGC,1563
2026-05-19 10:53:02,4b1bcd,HBKNT,LSZG,LSZP,2680
2026-05-19 09:56:20,4b1b8a,HBKLE,LSZG,LSZG,1317
2026-05-19 09:14:46,4b1e45,HBLMB,LSZG,LSZG,5582
2026-05-19 07:19:17,4b1e44,HBLMA,LSZG,LSGC,2043
2026-05-19 06:57:47,4b1e45,HBLMB,LSZG,LSZG,5609
2026-05-19 06:53:17,4b1e47,HBLMD,LSZG,LSGC,5062
2026-05-22 18:29:53,4b3510,HBUCM,LSZG,LSMA,2038
2026-05-22 18:05:48,4b2c54,HBQUM,LSZG,LSZG,701
2026-05-22 17:08:39,4b1f2f,HBLVB,LSZG,EDDN,5969
2026-05-22 16:41:30,4b1b16,HBKGS,LSZG,LSZM,1689
2026-05-22 16:37:52,4b447e,HBZYK,LSZG,LSZB,1116
2026-05-22 16:06:13,4b2947,HBPQL,LSZG,LSZM,2183
2026-05-22 14:46:40,49d2d8,AAO56,LSZG,LIDT,2821
2026-05-22 14:05:30,4b1b16,HBKGS,LSZG,LSZG,3672
2026-05-22 12:56:22,4b43bc,HBZQY,LSZG,LSTS,1837
2026-05-22 12:55:42,4b1e47,HBLMD,LSZG,LSZG,5294
2026-05-22 12:45:10,4d2511,ALE67,LSZG,LIDT,3461
2026-05-22 12:12:15,a1b7b7,N21FS,LSZG,LSTS,1514
2026-05-22 11:47:09,4b4f63,HB2748,LSZG,LSGY,3784
2026-05-22 11:26:22,4b1b8a,HBKLE,LSZG,LSGL,2246
2026-05-22 11:10:20,4b1e45,HBLMB,LSZG,LSZG,4458
2026-05-22 10:46:54,4b1e47,HBLMD,LSZG,LSZG,5133
2026-05-22 09:53:47,4b3ac3,HBWGP,LSZG,LSZG,2460
2026-05-22 09:15:36,4b1e44,HBLMA,LSZG,LSZG,5409
2026-05-22 09:12:38,4b1e45,HBLMB,LSZG,LSGC,1237
2026-05-22 09:06:37,4b086e,HBDFA,LSZG,LFGJ,3552
2026-05-22 09:02:24,4b1e47,HBLMD,LSZG,LSZG,2696
2026-05-22 09:01:06,4b1b11,HBKGN,LSZG,LSZB,2558
2026-05-22 07:19:17,4b4449,HBZWJ,LSZG,,2441
2026-05-22 07:18:04,4b1e44,HBLMA,LSZG,LSPL,2514
2026-05-22 07:14:59,4b0f50,HUE12H,LSZG,EGLF,7101
2026-05-22 07:11:21,4b3300,RGAIE,LSZG,LSZG,2908
2026-05-22 07:03:05,4b1e47,HBLMD,LSZG,LSGC,1153
2026-05-22 06:59:33,4b2816,HBPES,LSZG,LDSH,17154
2026-05-22 06:45:50,4b3202,HBSYK,LSZG,LSZG,1290
2026-05-22 06:21:49,4b1e45,HBLMB,LSZG,LSGC,2229
2026-05-21 15:14:51,4b1e47,HBLMD,LSZG,LSZG,5779
2026-05-21 15:08:34,4b0dd0,HUE12P,LSZG,LFTZ,3618
2026-05-21 15:07:48,4b40e4,HBYOY,LSZG,LSZG,3226
2026-05-21 13:47:13,4b1c68,HBKTS,LSZG,LSPV,1796
2026-05-21 13:12:03,4b5196,HB3311,LSZG,LSZG,2131
2026-05-21 13:08:36,a1b7b7,N21FS,LSZG,LSZG,2117
2026-05-21 13:06:37,4b1e47,HBLMD,LSZG,LSZG,6011
2026-05-21 12:59:55,4b39f0,HBVYM,LSZG,EGKB,4488
2026-05-21 12:42:31,4b1c68,HBKTS,LSZG,LSZG,736
2026-05-21 12:41:25,4b1bf7,HBKPJ,LSZG,LSZM,2234
2026-05-21 12:39:11,4b4e21,HB2426,LSZG,LSZF,5883
2026-05-21 12:34:17,4b3300,RGAIE,LSZG,LSZG,8200
2026-05-21 12:28:25,4b1f2f,HBLVB,LSZG,LSZB,1639
2026-05-21 11:55:43,4b1b8a,HBKLE,LSZG,LSPL,689
2026-05-21 10:42:13,4b1e47,HBLMD,LSZG,LSGC,855
2026-05-21 10:40:50,4b1e44,HBLMA,LSZG,LSZG,5737
2026-05-21 10:31:38,4b50d5,HB3118,LSZG,LSZI,5264
2026-05-21 09:52:34,4b086e,HBDFA,LSZG,LSZG,2675
2026-05-21 09:34:30,4b1e45,HBLMB,LSZG,LSZG,5292
2026-05-21 09:12:58,4b3ac3,HBWGP,LSZG,LSZK,3836
2026-05-21 08:42:18,4d2191,ULC7P,LSZG,LICZ,6017
2026-05-21 08:27:56,4b1e44,HBLMA,LSZG,LSZG,5249
2026-05-21 08:23:41,4b1e47,HBLMD,LSZG,LSZB,1061
2026-05-21 07:54:49,4b293a,HBPPY,LSZG,LSZG,3057
2026-05-21 07:46:28,4b3fda,HBYES,LSZG,LSZG,5594
2026-05-21 07:19:08,4b1e45,HBLMB,LSZG,LSZG,5339
2026-05-21 06:25:41,4b1e47,HBLMD,LSZG,LSZG,4663
2026-05-21 06:23:06,a31cde,N3YZ,LSZG,LSPM,941
2026-05-24 16:30:05,4d2191,ULC7P,LSZG,LSGC,1190
2026-05-24 13:42:14,4b1b8a,HBKLE,LSZG,LSZG,3859
2026-05-24 13:03:46,a52790,N431HM,LSZG,LSZG,4106
2026-05-24 09:29:38,4b058d,HBCCR,LSZG,LSZG,5584
2026-05-24 09:13:28,4b4cca,HB2083,LSZG,LSMM,2669
2026-05-24 08:18:45,4b444c,HBZWM,LSZG,LSTZ,1424
2026-05-24 08:14:14,4b4449,HBZWJ,LSZG,LSZL,3257
2026-05-24 07:08:50,4b1b8a,HBKLE,LSZG,LSZG,3218
2026-05-23 17:09:37,4b293a,HBPPY,LSZG,LSZG,3418
2026-05-23 16:59:08,4b1b8a,HBKLE,LSZG,LSZG,7283
2026-05-23 14:55:48,4b3301,RGA04,LSZG,LSGL,2046
2026-05-23 13:38:55,4b1c62,HBKTM,LSZG,LSMF,2314
2026-05-23 13:13:46,4b3272,HBTCS,LSZG,LIMG,5467
2026-05-23 12:05:40,486782,PHSMD,LSZG,LSZE,4204
2026-05-23 11:44:39,4b1b8a,HBKLE,LSZG,LSZG,4709
2026-05-23 10:30:59,4b2830,HBPFS,LSZG,LSGR,1529
2026-05-23 10:23:23,4b39f0,HBVYM,LSZG,LEBL,4801
2026-05-23 09:38:43,4b289c,HBPJW,LSZG,LJPZ,6786
2026-05-23 09:20:45,4b1eb8,HBLQM,LSZG,EDTL,3010
2026-05-23 08:58:50,a57a59,N452JG,LSZG,LSTA,2166
2026-05-23 08:25:30,4b4449,HBZWJ,LSZG,LSPL,3929
2026-05-23 07:40:43,4b1ea1,HBLPP,LSZG,EDDN,4762
2026-05-23 06:57:26,4b40e4,HBYOY,LSZG,LSZL,2984
2026-05-26 18:30:19,4b3510,HBUCM,LSZG,LSPG,2634
2026-05-26 15:59:08,4b3300,RGAIE,LSZG,LSTZ,3989
2026-05-26 15:47:08,4b3302,RGAIG,LSZG,LSTZ,5630
2026-05-26 15:05:13,4b1e46,HBLMC,LSZG,LSZG,1409
2026-05-26 14:59:45,4b293a,HBPPY,LSZG,LSZG,2045
2026-05-26 14:44:03,a8f316,N676MA,LSZG,LSZF,986
2026-05-26 14:09:01,4b3ab4,HBWGA,LSZG,LSZG,608
2026-05-26 13:10:53,4b1b9d,HBKLX,LSZG,LSGY,1602
2026-05-26 12:57:47,4b3ab4,HBWGA,LSZG,LSZG,2231
2026-05-26 12:42:20,4d2199,ULC44,LSZG,EGBJ,4560
2026-05-26 12:10:16,4b1b8a,HBKLE,LSZG,LSZG,2851
2026-05-26 12:01:14,4b3ab4,HBWGA,LSZG,LSZG,1268
2026-05-26 11:13:19,4b32fd,RGAIB,LSZG,LSZB,617
2026-05-26 10:14:13,49d452,OKHFH,LSZG,LFMN,5065
2026-05-26 09:23:44,4b3ab4,HBWGA,LSZG,LSZG,704
2026-05-26 09:01:39,4b3ab4,HBWGA,LSZG,LSZG,641
2026-05-26 07:47:57,4b293a,HBPPY,LSZG,LSZG,3202
2026-05-25 17:27:51,4b1b8a,HBKLE,LSZG,LSZG,2771
2026-05-25 14:54:21,4b1bfb,HBKPN,LSZG,LSMF,1807
2026-05-25 14:50:54,4b3202,HBSYK,LSZG,LSZG,1746
2026-05-25 14:47:38,4b4cca,HB2083,LSZG,LSGL,2990
2026-05-25 14:40:10,4b1b12,HBKGO,LSZG,LSZB,883
2026-05-25 14:09:06,4d2016,ALE85,LSZG,LFMV,3528
2026-05-25 13:44:08,4b1b13,HBKGP,LSZG,LSZQ,1287
2026-05-25 12:44:15,4b1b8a,HBKLE,LSZG,LSZG,3622
2026-05-25 12:22:06,4b3040,HBSHC,LSZG,LSZR,3506
2026-05-25 11:39:37,3d5535,DFEND,LSZG,EDLR,4501
2026-05-25 10:50:34,4b3ab4,HBWGA,LSZG,LSZG,1797
2026-05-25 10:22:07,4b50d5,HB3118,LSZG,LSZG,23723
2026-05-25 09:52:52,4b3202,HBSYK,LSZG,LSZB,967
2026-05-25 09:50:19,4b2830,HBPFS,LSZG,,3064
2026-05-25 08:45:57,4b4cca,HB2083,LSZG,LSZL,4710
2026-05-25 08:44:17,4b0618,HBCIA,LSZG,LSPL,3982
2026-05-25 08:25:36,4b1b12,HBKGO,LSZG,LSZB,769
2026-05-25 07:20:49,4b10e2,HBGKG,LSZG,LFPB,5379
2026-05-25 06:01:13,4b0f97,HBFXN,LSZG,LEMG,12676
2026-05-28 15:51:32,4b1e46,HBLMC,LSZG,LSZG,3651
2026-05-28 15:07:07,4b447e,HBZYK,LSZG,LSZB,3531
2026-05-28 12:03:58,4b4449,HBZWJ,LSZG,LSZJ,1243
2026-05-28 11:20:05,4b1e47,HBLMD,LSZG,LSZG,5858
2026-05-28 11:11:00,4b1e46,HBLMC,LSZG,LSGC,2424
2026-05-28 10:30:17,4b5079,HB3026,LSZG,LSZG,9719
2026-05-28 10:08:16,4b2816,HBPES,LSZG,LSZG,1498
2026-05-28 09:11:48,4b2816,HBPES,LSZG,LSZG,1368
2026-05-28 08:24:33,4b1e46,HBLMC,LSZG,LSZB,1011
2026-05-28 08:09:10,a1b7b7,N21FS,LSZG,LFGJ,3014
2026-05-28 07:48:03,4b1e44,HBLMA,LSZG,LSZG,5799
2026-05-28 07:42:40,45a823,OYJAC,LSZG,EKBI,8866
2026-05-28 07:41:28,4b2816,HBPES,LSZG,LSZG,1841
2026-05-28 07:30:17,4b1e47,HBLMD,LSZG,LSZG,6207
2026-05-28 07:10:39,a50e57,N425BM,LSZG,LSGG,2147
2026-05-28 06:46:26,4b10e2,HBGKG,LSZG,LEBL,8777
2026-05-27 14:20:03,4b3905,HBVPL,LSZG,EDDV,3702
2026-05-27 13:46:41,4b2858,HBPHG,LSZG,LSMA,1488
2026-05-27 13:42:08,4b1b8a,HBKLE,LSZG,LSZG,1602
2026-05-27 12:53:09,4b1e47,HBLMD,LSZG,LSZG,6148
2026-05-27 12:35:52,4b1e46,HBLMC,LSZG,LSZG,7469
2026-05-27 12:25:15,4b1f9d,HBLZH,LSZG,LSZB,2654
2026-05-27 12:23:30,4b1e45,HBLMB,LSZG,LSZB,1721
2026-05-27 12:15:04,4b1e44,HBLMA,LSZG,LSZG,3427
2026-05-27 11:12:21,4b3ab4,HBWGA,LSZG,LSZG,2393
2026-05-27 08:03:10,4b1e47,HBLMD,LSZG,LSGC,3793
2026-05-27 07:58:00,4b08c3,HBDIH,LSZG,LSPV,1967
2026-05-27 07:38:14,4b1e46,HBLMC,LSZG,LSZG,6216
2026-05-27 07:29:03,4b1e45,HBLMB,LSZG,LSGC,1253
2026-05-27 07:05:38,4b1aa8,HBKCM,LSZG,LSGB,1056
2026-05-30 18:26:44,4b2ff5,HBSEF,LSZG,LSZM,1917
2026-05-30 13:33:17,4b4443,HBZWD,LSZG,LSZB,3840
2026-05-30 13:21:10,4b4444,HBZWE,LSZG,LSGK,1352
2026-05-30 12:18:50,4b4c90,HB2025,LSZG,LSZJ,10052
2026-05-30 11:47:50,4b4444,HBZWE,LSZG,LSZG,4528
2026-05-30 11:44:03,4b4443,HBZWD,LSZG,LSZG,5634
2026-05-30 11:33:54,4b1b8a,HBKLE,LSZG,LSGB,2615
2026-05-30 09:48:51,4b2830,HBPFS,LSZG,LSPG,1958
2026-05-30 09:42:50,4b447e,HBZYK,LSZG,LSZB,963
2026-05-30 09:26:32,4b4444,HBZWE,LSZG,LSZG,3244
2026-05-30 08:36:01,4b447e,HBZYK,LSZG,LSZG,2300
2026-05-30 07:44:09,4b4444,HBZWE,LSZG,LSZG,4520
2026-05-30 07:40:43,4b4443,HBZWD,LSZG,LSZG,7390
2026-05-30 06:43:10,4b08a2,HBDHA,LSZG,LSZR,2586
2026-05-30 05:12:41,4b2c77,HBQVV,LSZG,LSZP,1412
2026-05-29 16:01:01,4b1bfb,HBKPN,LSZG,LSPV,1746
2026-05-29 15:07:48,4b2811,HBPEN,LSZG,LSZB,635
2026-05-29 14:49:26,4b263d,HBOMN,LSZG,LSZB,829
2026-05-29 13:26:34,4b0c84,HBETG,LSZG,LSZT,3322
2026-05-29 11:49:38,4b0cd3,HBEWH,LSZG,LSZP,1807
2026-05-29 10:02:15,4b4d2d,HB2182,LSZG,LSZG,749
2026-05-29 08:45:50,4b28aa,HBPKK,LSZG,LSGC,3209
2026-05-29 08:12:07,4b1e46,HBLMC,LSZG,LSZG,3820
2026-05-29 08:04:03,4d2016,ALE85,LSZG,LIEO,5647
2026-05-29 07:26:34,4b1f98,HBLZC,LSZG,LJPZ,6144
2026-05-29 07:21:35,4b1ea1,HBLPP,LSZG,LJPZ,6234
2026-05-29 07:16:26,a0ca7a,N150D,LSZG,LKHK,11011
2026-05-29 07:06:19,4b2816,HBPES,LSZG,LFMU,7169
2026-05-29 07:04:22,4b0878,HBDFK,LSZG,LSZL,2555
2026-05-29 06:48:36,4b1e69,HBLNL,LSZG,LFMD,3033
2026-06-01 15:10:43,4b1e47,HBLMD,LSZG,LSZG,4254
2026-06-01 15:09:54,4b1e46,HBLMC,LSZG,LSZG,4357
2026-06-01 15:03:35,4b059a,HBCDE,LSZG,LSZN,2607
2026-06-01 14:23:33,4b1f08,HBLTO,LSZG,LIRJ,5395
2026-06-01 13:34:08,4b1c62,HBKTM,LSZG,LSGE,3319
2026-06-01 13:12:45,4b1e47,HBLMD,LSZG,LSZG,4491
2026-06-01 13:07:54,4b1e46,HBLMC,LSZG,LSZG,4593
2026-06-01 11:07:08,a1ec64,N223CM,LSZG,LFGJ,3200
2026-06-01 09:41:10,a52790,N431HM,LSZG,LSTA,2629
2026-06-01 09:33:39,4b293f,HBPQD,LSZG,LSZM,2238
2026-06-01 07:55:39,4b425c,HBZDK,LSZG,LSZG,2070
2026-05-31 13:44:40,4b3905,HBVPL,LSZG,LKTB,4006
2026-05-31 12:58:47,4b39f0,HBVYM,LSZG,LSMF,836
2026-05-31 11:15:25,4b5200,HB3417,LSZG,LSPL,3334
2026-05-31 08:51:50,4b3ab4,HBWGA,LSZG,LSZG,5337
2026-06-03 19:40:30,4b3307,RGAIL,LSZG,LSZG,1166
2026-06-03 14:41:36,a8cac3,N666CP,LSZG,LSZG,2047
2026-06-03 14:11:33,4b1e45,HBLMB,LSZG,LSZG,728
2026-06-03 13:27:17,4b0f50,HUE12H,LSZG,LSGT,1286
2026-06-03 13:10:33,4b4449,HBZWJ,LSZG,LSZG,2330
2026-06-03 13:09:51,4b1e46,HBLMC,LSZG,LSZG,3372
2026-06-03 13:07:00,4b3307,RGAIL,LSZG,LSZG,953
2026-06-03 12:53:49,4b3391,HBTNT,LSZG,LFNG,7628
2026-06-03 11:52:19,4b3f09,HBXWR,LSZG,LSGB,2468
2026-06-03 11:25:49,4b1e47,HBLMD,LSZG,LSZG,6335
2026-06-03 11:12:48,4b1e46,HBLMC,LSZG,LSZG,4373
2026-06-03 09:31:04,4b1e47,HBLMD,LSZG,LSZG,2133
2026-06-03 09:20:45,4b1e46,HBLMC,LSZG,LSZG,4092
2026-06-03 08:15:41,4d2199,ULC44,LSZG,LSGG,1179
2026-06-02 14:30:51,a63b7c,N500RW,LSZG,LSGB,1277
2026-06-02 14:11:30,4b1e46,HBLMC,LSZG,LSZG,3060
2026-06-02 14:05:12,4b1e47,HBLMD,LSZG,LSZG,2608
2026-06-02 10:44:21,4b3307,RGAIL,LSZG,LSZG,6404
2026-06-02 10:02:48,4b1e46,HBLMC,LSZG,LSZG,4683
2026-06-02 09:39:19,4b1e47,HBLMD,LSZG,LSZG,4506
2026-06-02 08:30:42,4b3273,HBTCT,LSZG,LSMA,1390
2026-06-02 08:05:11,4b425c,HBZDK,LSZG,LSZG,2887
2026-06-02 07:47:36,4b1e46,HBLMC,LSZG,LSZG,4783
2026-06-02 07:38:54,4b1e47,HBLMD,LSZG,LSZG,4369
2026-06-02 06:48:33,4b1ef1,HBLSR,LSZG,LSZG,1925
2026-06-02 06:46:09,4d2510,ALE44,LSZG,LFKF,5487
2026-06-05 14:54:39,4b293a,HBPPY,LSZG,LSZG,2492
2026-06-05 13:54:18,a31cde,N3YZ,LSZG,LSZS,1989
2026-06-05 12:58:08,4b2816,HBPES,LSZG,LOIK,5356
2026-06-05 12:28:20,4b4449,HBZWJ,LSZG,LSZG,3802
2026-06-05 10:00:43,4b280f,HBPEL,LSZG,LSGC,3776
2026-06-05 09:20:43,4d2199,ULC44,LSZG,LFTZ,3097
2026-06-05 08:11:49,4b1e46,HBLMC,LSZG,LSZG,6150
2026-06-05 07:10:44,4b1e47,HBLMD,LSZG,LSZG,7058
2026-06-05 06:10:54,4b1e46,HBLMC,LSZG,LSZG,3364
2026-06-04 11:05:42,4b39f0,HBVYM,LSZG,EHAM,4013
2026-06-04 10:32:08,4b3307,RGAIL,LSZG,LSZV,2499
2026-06-04 09:11:13,4b3307,RGAIL,LSZG,LSZG,1679
2026-06-04 09:09:15,a50e57,N425BM,LSZG,EDAZ,5695
2026-06-04 09:01:15,4083eb,GOENF,LSZG,LFAT,8787
2026-06-04 08:59:48,4b1ebb,HBLQP,LSZG,LSZB,1783
2026-06-04 08:40:36,4b1b8a,HBKLE,LSZG,LSZG,3284
2026-06-04 08:12:53,4d2199,ULC44,LSZG,ELLX,2046
2026-06-04 08:06:11,4b1aa8,HBKCM,LSZG,LIRJ,3859
2026-06-04 08:04:54,4b2816,HBPES,LSZG,LOIK,5375
2026-06-04 07:30:13,4b1e47,HBLMD,LSZG,EDTY,6905
2026-06-04 07:20:42,4b1f98,HBLZC,LSZG,LSZB,2461
2026-06-04 07:11:15,4b1e46,HBLMC,LSZG,EDDR,6968
2026-06-07 16:52:33,4b2aa4,HBQDW,LSZG,LSPL,7487
2026-06-07 15:38:01,4d2199,ULC44,LSZG,LFTZ,2932
2026-06-07 14:39:00,4b23e8,HBNPO,LSZG,LSGE,1737
2026-06-07 14:35:42,4b4e21,HB2426,LSZG,LSZF,2677
2026-06-07 14:35:30,4b1f5e,HBLWW,LSZG,LSZB,1337
2026-06-07 13:59:30,4b4492,HBZZE,LSZG,LSZB,2436
2026-06-07 13:37:20,4b39f0,HBVYM,LSZG,EHAM,4215
2026-06-07 12:45:46,4b1af2,HBKFI,LSZG,LSGL,1790
2026-06-07 12:44:47,4b3202,HBSYK,LSZG,LSZP,821
2026-06-07 10:44:47,4b1b65,HBKJT,LSZG,ESMT,8128
2026-06-07 10:11:05,4b5100,HB3161,LSZG,LSGB,15139
2026-06-07 09:10:05,4b2830,HBPFS,LSZG,LSTA,3737
2026-06-07 08:38:06,4b293a,HBPPY,LSZG,LSGB,2362
2026-06-07 08:36:12,3e2525,DIFGN,LSZG,LFMD,5075
2026-06-07 08:09:43,4b08a2,HBDHA,LSZG,LSGC,2351
2026-06-07 08:06:46,4b4449,HBZWJ,LSZG,LSZG,3035
2026-06-07 07:29:30,4b27bf,HBPBJ,LSZG,LSGG,2777
2026-06-07 06:39:42,4b0ecc,HBFPS,LSZG,LFPB,4183
2026-06-07 06:13:21,4b40e4,HBYOY,LSZG,LSPV,1853
2026-06-06 18:14:40,4b066f,HBCLJ,LSZG,LSPN,1146
2026-06-06 15:01:00,4b3356,HBTLM,LSZG,LSPN,1217
2026-06-06 14:37:49,4b3307,RGAIL,LSZG,LSMF,2078
2026-06-06 14:30:55,4b1ef1,HBLSR,LSZG,LSZM,1665
2026-06-06 14:09:39,4b1f5e,HBLWW,LSZG,LSZB,781
2026-06-06 13:13:56,3d4365,HBMCM,LSZG,KTMB,4301
2026-06-06 13:01:04,4b2830,HBPFS,LSZG,LSZG,2457
2026-06-06 12:33:34,4b1ef1,HBLSR,LSZG,LSZG,2106
2026-06-06 11:42:13,4b4d2c,HB2181,LSZG,LSZG,12961
2026-06-06 11:40:30,4b51f5,HB3406,LSZG,LSZG,2778
2026-06-06 11:33:00,4b303c,HBSGY,LSZG,LSZH,2412
2026-06-06 09:38:29,4b4cca,HB2083,LSZG,LSZG,8772
2026-06-06 09:30:40,4b1bf7,HBKPJ,LSZG,LSZM,1637
2026-06-06 09:23:08,4b1c62,HBKTM,LSZG,LSMF,2331
2026-06-06 08:57:30,4b4126,HBYRM,LSZG,LSZP,1757
2026-06-06 08:27:34,4b1b8a,HBKLE,LSZG,EDTZ,2693
2026-06-06 08:14:33,4b1f5e,HBLWW,LSZG,LSGE,1464
2026-06-06 08:13:07,a52790,N431HM,LSZG,LSZG,1992
2026-06-06 08:07:11,4b425c,HBZDK,LSZG,LSZG,3320
2026-06-06 08:05:06,4b0878,HBDFK,LSZG,LSGB,2081
2026-06-06 07:36:15,4b1a7c,HBKAU,LSZG,LIVV,9723
2026-06-06 06:37:47,a8cac3,N666CP,LSZG,EDNY,2733
2026-06-06 06:30:21,4b3fc2,HBYDU,LSZG,EDFM,4817
2026-06-09 17:16:04,4b1b13,HBKGP,LSZG,LSZB,1769
2026-06-09 17:14:18,4b293a,HBPPY,LSZG,LSZG,2009
2026-06-09 14:47:38,4b1bf6,HBKPI,LSZG,LSZM,2815
2026-06-09 14:19:11,44081c,OEFAX,LSZG,LSGB,1836
2026-06-09 12:57:33,4b40e4,HBYOY,LSZG,LFEX,3135
2026-06-09 12:33:14,4b4492,HBZZE,LSZG,LSZB,697
2026-06-09 12:03:20,3d37c4,DETJG,LSZG,EDBJ,5018
2026-06-09 11:25:30,4b4391,HBZPH,LSZG,LSPO,1049
2026-06-09 11:21:41,4b1b9d,HBKLX,LSZG,LSGY,2449
2026-06-09 11:16:08,4b1e47,HBLMD,LSZG,LSZG,7731
2026-06-09 08:55:47,4b28e3,HBPMP,LSZG,LSGL,1872
2026-06-09 07:58:40,4b1e46,HBLMC,LSZG,LFLY,7599
2026-06-09 07:48:32,4b0f0a,PCH060,LSZG,LSZC,2667
2026-06-09 07:42:52,4b1e47,HBLMD,LSZG,LSZG,5489
2026-06-09 06:13:19,a50e57,N425BM,LSZG,EDAZ,5276
2026-06-08 15:55:35,4b0f50,HUE12H,LSZG,LSZH,1555
2026-06-08 15:28:12,4d2199,ULC44,LSZG,EGLF,4754
2026-06-08 13:20:11,4b1e47,HBLMD,LSZG,LSZB,3203
2026-06-08 12:19:50,4b293a,HBPPY,LSZG,LSZG,3172
2026-06-08 10:51:10,4b0d41,HBFAN,LSZG,LSPL,867
2026-06-08 10:49:37,4b302d,HBSGJ,LSZG,LSZB,1521
2026-06-08 10:48:30,4b2947,HBPQL,LSZG,LSZM,1251
2026-06-08 09:11:15,4b0c1d,HBEPH,LSZG,LSMF,2230
2026-06-08 08:58:08,4b0f97,HBFXN,LSZG,LSZC,1138
2026-06-08 08:14:26,a1b7b7,N21FS,LSZG,LSZG,3484
2026-06-08 08:06:33,4b293a,HBPPY,LSZG,LSZQ,1285
2026-06-08 08:06:13,4b2816,HBPES,LSZG,LOIK,5264
2026-06-08 07:45:18,4b1e45,HBLMB,LSZG,,3221
2026-06-08 07:43:18,4b1e47,HBLMD,LSZG,,3488
2026-06-08 06:07:59,4b3905,HBVPL,LSZG,EHBK,3264
2026-06-11 14:56:30,4b1c62,HBKTM,LSZG,LSMF,3326
2026-06-11 14:47:41,3e6f61,DKHJL,LSZG,LSZX,2390
2026-06-11 13:47:10,a31cde,N3YZ,LSZG,LSZG,1638
2026-06-11 13:22:50,4b1b12,HBKGO,LSZG,LSZB,1781
2026-06-11 12:33:51,4b1e47,HBLMD,LSZG,LSGC,2883
2026-06-11 12:29:16,4b3ab4,HBWGA,LSZG,LSZG,1715
2026-06-11 12:21:00,4b1e46,HBLMC,LSZG,LSZG,4940
2026-06-11 11:48:48,4b1b8a,HBKLE,LSZG,LSGN,1331
2026-06-11 10:17:37,4b1e46,HBLMC,LSZG,LSZG,5239
2026-06-11 10:00:03,4b303c,HBSGY,LSZG,LSZH,2736
2026-06-11 09:22:18,4b1e47,HBLMD,LSZG,LSZG,4870
2026-06-11 09:08:51,4b1b65,HBKJT,LSZG,LFPB,4404
2026-06-11 08:32:34,a31cde,N3YZ,LSZG,LSZG,3623
2026-06-11 08:14:22,a1b7b7,N21FS,LSZG,LFGJ,2016
2026-06-11 08:12:11,a0ca7a,N150D,LSZG,LFGJ,3006
2026-06-11 07:28:47,4b293a,HBPPY,LSZG,LSZG,2374
2026-06-11 07:26:22,4b1e47,HBLMD,LSZG,LSZG,4743
2026-06-11 07:20:48,4b1e46,HBLMC,LSZG,LSZG,6995
2026-06-10 16:52:09,4b1b12,HBKGO,LSZG,LSZB,1021
2026-06-10 14:08:37,4b4449,HBZWJ,LSZG,LSZG,4588
2026-06-10 14:04:21,4b1aa8,HBKCM,LSZG,LSZC,654
2026-06-10 13:12:03,4b1e47,HBLMD,LSZG,LSZB,1697
2026-06-10 12:08:38,4b4449,HBZWJ,LSZG,LSZG,3496
2026-06-10 10:53:53,4b1eb8,HBLQM,LSZG,LSZB,1498
2026-06-10 07:24:06,4b1e47,HBLMD,LSZG,EDDR,4909
2026-06-10 07:19:57,4b1e46,HBLMC,LSZG,LOWS,6157
2026-06-10 07:15:58,4b1aa8,HBKCM,LSZG,LEAP,5481
2026-06-13 15:06:48,4b1aa5,HBKCJ,LSZG,LSPL,779
2026-06-13 14:35:11,4d2199,ULC44,LSZG,,1476
2026-06-13 13:55:56,4b519e,HB3319,LSZG,LSGY,9747
2026-06-13 13:27:57,4b4cca,HB2083,LSZG,LSZG,5932
2026-06-13 13:07:20,4b27b7,HBPBB,LSZG,LSZB,1635
2026-06-13 13:00:25,4b519f,HB3320,LSZG,LSPL,9528
2026-06-13 12:48:50,4b3ab4,HBWGA,LSZG,LSPL,1418
2026-06-13 12:33:10,4b4449,HBZWJ,LSZG,LSZG,3619
2026-06-13 11:57:24,4b4e99,HB2546,LSZG,LSZF,10743
2026-06-13 11:40:49,4b08a2,HBDHA,LSZG,LSZG,3197
2026-06-13 09:04:59,4b0878,HBDFK,LSZG,EDTF,2136
2026-06-13 09:03:04,4b2816,HBPES,LSZG,LOIK,4996
2026-06-13 09:00:12,4b08a2,HBDHA,LSZG,LSZG,4245
2026-06-13 08:15:49,4b1b8a,HBKLE,LSZG,,4373
2026-06-13 07:28:34,4b2830,HBPFS,LSZG,LSMM,1463
2026-06-13 07:06:34,4b4449,HBZWJ,LSZG,LSZG,1069
2026-06-12 14:51:54,4b1e69,HBLNL,LSZG,LFMD,3312
2026-06-12 14:19:36,4b2830,HBPFS,LSZG,LSZB,2993
2026-06-12 14:12:51,4b4391,HBZPH,LSZG,LSPO,1615
2026-06-12 14:08:20,4b1b9d,HBKLX,LSZG,LSGY,2176
2026-06-12 13:46:54,4b3f09,HBXWR,LSZG,LSZH,1320
2026-06-12 13:23:53,4b1c62,HBKTM,LSZG,LSZT,2847
2026-06-12 13:09:28,4d2199,ULC44,LSZG,LFTZ,3531
2026-06-12 13:07:22,3cfafb,DCWIT,LSZG,EDQM,3163
2026-06-12 12:51:26,4b1f94,HBLYY,LSZG,LSZG,2104
2026-06-12 12:39:27,4b1be5,HBKOR,LSZG,LSZC,854
2026-06-12 12:30:30,4b28e3,HBPMP,LSZG,LSGL,1889
2026-06-12 12:28:30,4b28aa,HBPKK,LSZG,LSZB,2921
2026-06-12 12:19:30,4b1f5e,HBLWW,LSZG,LSZB,1157
2026-06-12 11:00:42,4b1b74,HBKKI,LSZG,LSGN,975
2026-06-12 10:44:40,4b40e4,HBYOY,LSZG,LSGR,2108
2026-06-12 10:44:05,4b301c,HBSFS,LSZG,LSZN,1903
2026-06-12 08:10:47,a52790,N431HM,LSZG,LOAN,8587
2026-06-12 07:46:04,a15077,N184KP,LSZG,EDTM,3424
2026-06-12 07:20:43,4b4449,HBZWJ,LSZG,LSZG,3934
2026-06-12 06:24:07,3d108a,DEENA,LSZG,LIMG,3670
2026-06-12 06:17:10,4b1f08,HBLTO,LSZG,LIMG,4496
2026-06-15 18:12:25,4b26cd,DEBUG,LSZG,LSPL,1382
2026-06-15 14:32:20,4b3ab4,HBWGA,LSZG,LSZG,2458
2026-06-15 14:23:16,4b1e44,HBLMA,LSZG,LSZG,1325
2026-06-15 14:10:31,4b4156,HBYTI,LSZG,LSPL,1742
2026-06-15 13:58:31,4b1f5e,HBLWW,LSZG,LSZB,1401
2026-06-15 13:44:13,4d2199,ULC44,LSZG,LSZH,1433
2026-06-15 12:54:04,4b289c,HBPJW,LSZG,LFGJ,3997
2026-06-15 11:47:08,4b1e45,HBLMB,LSZG,LSZG,5191
2026-06-15 11:16:04,4b1e46,HBLMC,LSZG,LSGC,853
2026-06-15 08:42:03,4b1faf,HBLZZ,LSZG,LFLY,3626
2026-06-15 08:16:37,4b1e47,IBD91S,LSZG,EDTY,5856
2026-06-15 08:03:23,4b3fda,HBYES,LSZG,LSZG,3705
2026-06-15 08:02:57,4b1e46,IBD81M,LSZG,LSZG,3898
2026-06-15 07:49:33,4b280f,HBPEL,LSZG,LSGK,1508
2026-06-15 07:13:55,a8cac3,N666CP,LSZG,EGSC,12161
2026-06-15 07:03:46,4b1e45,IBD71G,LSZG,EDTL,5427
2026-06-14 15:36:23,4b1b78,HBKKM,LSZG,LSZL,1968
2026-06-14 14:50:49,3d108a,DEENA,LSZG,ETSI,3273
2026-06-14 12:45:28,3d22a0,DELJC,LSZG,EDKO,9438
2026-06-14 12:01:39,4b1bfb,HBKPN,LSZG,LSMF,1788
2026-06-14 08:52:04,4b2830,HBPFS,LSZG,LSGB,2643
2026-06-17 15:18:10,4b066d,HBCLH,LSZG,LSZH,3878
2026-06-17 15:05:29,4b1f94,HBLYY,LSZG,LSZG,1081
2026-06-17 14:15:36,4b1bfb,HBKPN,LSZG,LSMF,1731
2026-06-17 13:37:55,4b4449,HBZWJ,LSZG,LSZG,4926
2026-06-17 13:01:11,4b4492,HBZZE,LSZG,LSZB,873
2026-06-17 12:50:53,4b4b04,HB1629,LSZG,LSZG,805
2026-06-17 12:13:20,4b1b8a,HBKLE,LSZG,LSZG,2360
2026-06-17 11:49:00,4b28aa,HBPKK,LSZG,LSZB,2104
2026-06-17 11:44:30,4b1e46,IBD73H,LSZG,LSZG,6086
2026-06-17 11:28:05,a8cac3,N666CP,LSZG,EDQA,4883
2026-06-17 10:54:55,4b1f08,HBLTO,LSZG,LJPZ,6068
2026-06-17 10:35:15,4b1b12,HBKGO,LSZG,LSZB,1241
2026-06-17 10:22:47,4b1e47,IBD93T,LSZG,LSZG,4012
2026-06-17 09:31:11,4b301c,HBSFS,LSZG,LSZB,1324
2026-06-17 09:11:04,4b1e46,IBD73G,LSZG,LSZG,5785
2026-06-17 08:52:53,4b086e,HBDFA,LSZG,EDDE,7647
2026-06-17 07:42:14,4b1e47,IBD93S,LSZG,LSZG,4935
2026-06-16 18:38:05,4b1aa5,HBKCJ,LSZG,LSPL,812
2026-06-16 16:37:54,4b303c,HBSGY,LSZG,LSZH,3341
2026-06-16 16:26:17,4b1aa5,HBKCJ,LSZG,LSZG,6040
2026-06-16 15:05:18,4b1b12,HBKGO,LSZG,LSZB,2185
2026-06-16 13:37:11,4b1b2f,HBKHR,LSZG,LSZH,1509
2026-06-16 13:29:29,4b1a7c,HBKAU,LSZG,LSPL,716
2026-06-16 12:05:52,4b415a,HBYTM,LSZG,LSZT,3094
2026-06-16 11:52:50,4b1b78,HBKKM,LSZG,LSZL,1801
2026-06-16 11:27:38,4b3905,HBVPL,LSZG,LKMT,4401
2026-06-16 11:20:41,3ecef0,DKTIE,LSZG,EDRF,7280
2026-06-16 09:16:51,4b08a2,HBDHA,LSZG,LSZB,1367
2026-06-16 08:49:49,4b1c63,HBKTN,LSZG,LSMF,2258
2026-06-16 08:23:36,4b293a,HBPPY,LSZG,LSZG,2700
2026-06-16 07:57:44,4b3040,HBSHC,LSZG,LSZR,4245
2026-06-16 07:48:23,4b1e47,IBD92S,LSZG,EDNY,4256
2026-06-16 07:36:07,4b1e45,IBD72G,LSZG,EDSB,5112
2026-06-16 07:14:39,4b1b8a,HBKLE,LSZG,LSGR,1662
2026-06-19 15:46:54,4b1b8a,HBKLE,LSZG,LFLY,5165
2026-06-19 13:40:41,4b111c,HBGMM,LSZG,EDTB,3399
2026-06-19 11:23:22,440a4a,OEFDV,LSZG,LSZG,6197
2026-06-19 08:38:07,4b425c,HBZDK,LSZG,LSZR,3494
2026-06-19 08:10:00,440a4a,OEFDV,LSZG,LSZG,6209
2026-06-19 08:03:06,4b0878,HBDFK,LSZG,LSZR,2867
2026-06-19 08:00:34,4b1f94,HBLYY,LSZG,LSZG,1061
2026-06-19 06:40:42,4b1b8a,HBKLE,LSZG,LSZI,2745
2026-06-19 06:04:26,440a4a,OEFDV,LSZG,LSZG,5985
2026-06-18 19:15:45,4b32fe,RGA07,LSZG,LSMD,1292
2026-06-18 17:12:33,4b28ed,HBPMZ,LSZG,EDMA,2453
2026-06-18 16:58:58,a52790,N431HM,LSZG,LSZG,1408
2026-06-18 16:14:00,440a4a,OEFDV,LSZG,LSZG,6039
2026-06-18 14:45:15,4b4b04,HB1629,LSZG,LSZG,1752
2026-06-18 14:32:39,4b1e69,HBLNL,LSZG,LFMD,3526
2026-06-18 14:21:53,4b32fd,RGA03,LSZG,LSZB,1322
2026-06-18 14:02:45,440a4a,OEFDV,LSZG,LSZG,6476
2026-06-18 13:26:28,4b4b04,HB1629,LSZG,LSZG,2468
2026-06-18 12:50:23,440a4a,OEFDV,LSZG,LSZG,2821
2026-06-18 12:45:42,4b39f0,HBVYM,LSZG,LEBL,4924
2026-06-18 12:19:14,440a4a,OEFDV,LSZG,LSZG,1209
2026-06-18 11:47:13,440a4a,OEFDV,LSZG,LSZG,1302
2026-06-18 10:40:15,4b1e47,IBD94T,LSZG,LSZG,6602
2026-06-18 10:19:43,4b425c,HBZDK,LSZG,LSZL,3874
2026-06-18 10:17:42,4b4d2c,HB2181,LSZG,LSZG,19328
2026-06-18 09:55:11,440a4a,OEFDV,LSZG,LSZG,1258
2026-06-18 09:12:37,4b50d5,HB3118,LSZG,LSZG,25138
2026-06-18 08:50:56,4b3ac3,HBWGP,LSZG,LSZI,15744
2026-06-18 08:45:33,4b3ab4,HBWGA,LSZG,LSZX,3684
2026-06-18 08:24:43,4b4449,HBZWJ,LSZG,LSPM,3496
2026-06-18 08:21:51,4b1e46,IBD74G,LSZG,LSGC,2942
2026-06-18 08:11:33,4b3021,HBSFX,LSZG,LSZN,2835
2026-06-18 07:39:54,4b1e47,IBD94S,LSZG,LSGC,3477
2026-06-18 07:33:52,4b10e2,HBGKG,LSZG,LHTL,8832
2026-06-18 07:29:52,440a4a,OEFDV,LSZG,LSZG,7143
2026-06-18 06:27:15,4b3202,HBSYK,LSZG,LSZP,955
2026-06-18 05:04:33,4b0382,HBBIO,LSZG,LSZG,3244
2026-06-21 15:25:15,440a4a,OEFDV,LSZG,EHTE,7469
2026-06-21 14:54:04,4b4e3b,HB2452,LSZG,LSPO,995
2026-06-21 14:01:38,4b4d92,HB2283,LSZG,LSPO,1154
2026-06-21 13:42:01,440a4a,OEFDV,LSZG,LSZG,1223
2026-06-21 13:33:33,4b5018,HB2929,LSZG,LSZI,1252
2026-06-21 11:59:12,4b4449,HBZWJ,LSZG,LSZG,1037
2026-06-21 11:49:30,440a4a,OEFDV,LSZG,LSZG,3116
2026-06-21 10:26:54,4b4d2d,HB2182,LSZG,LSZG,1042
2026-06-21 09:54:05,440a4a,OEFDV,LSZG,LSZG,1178
2026-06-21 09:52:20,4b2830,HBPFS,LSZG,LSZQ,1346
2026-06-21 09:05:26,4b4d2d,HB2182,LSZG,LSZG,682
2026-06-21 08:37:49,440a4a,OEFDV,LSZG,LSZG,3028
2026-06-21 07:26:41,4b0f97,HBFXN,LSZG,LFKF,5620
2026-06-21 03:41:09,4b2c94,HBQWY,LSZG,LSPL,9270
2026-06-20 17:50:01,440a4a,OEFDV,LSZG,LSZG,1203
2026-06-20 16:38:33,440a4a,OEFDV,LSZG,LSZG,2799
2026-06-20 14:40:05,440a4a,OEFDV,LSZG,LSZG,5903
2026-06-20 14:18:06,4b4492,HBZZE,LSZG,LSZB,773
2026-06-20 13:58:05,4b3ab4,HBWGA,LSZG,LSZG,4143
2026-06-20 12:55:32,4b1f94,HBLYY,LSZG,LSZG,947
2026-06-20 11:24:16,440a4a,OEFDV,LSZG,LSZG,6013
2026-06-20 10:09:41,4b1f94,HBLYY,LSZG,LSZG,1065
2026-06-20 09:27:57,3e7e16,DKMYG,LSZG,LSZF,32382
2026-06-20 08:19:31,440a4a,OEFDV,LSZG,LSZG,5828
2026-06-20 07:09:27,4b1f94,HBLYY,LSZG,LSZG,1077
2026-06-20 07:07:46,4b1edb,HBLRV,LSZG,,9132
2026-06-20 06:51:14,4b293a,HBPPY,LSZG,LSZG,3576
2026-06-20 06:04:29,440a4a,OEFDV,LSZG,LSZG,6403
2026-06-23 17:24:05,4b293a,HBPPY,LSZG,LSZG,2102
2026-06-23 17:10:44,4b0cd2,HBEWG,LSZG,LSZG,1666
2026-06-23 11:23:09,4b51f5,HB3406,LSZG,LSGC,3830
2026-06-23 10:42:34,4b1e46,HBLMC,LSZG,LSZG,6003
2026-06-23 09:17:33,4b1ef1,HBLSR,LSZG,LSZG,2009
2026-06-23 09:16:07,4b1e47,HBLMD,LSZG,LSZG,5211
2026-06-23 07:52:06,4b3eae,HBXTE,LSZG,LSZG,2752
2026-06-23 07:39:20,4b1bdf,HBKOL,LSZG,EGBG,7568
2026-06-23 07:10:48,4b1e69,HBLNL,LSZG,LPEV,11935
2026-06-23 07:07:04,4b1e46,IBD71H,LSZG,LSZG,6354
2026-06-23 06:56:44,4b1e47,HBLMD,LSZG,LSZG,5614
2026-06-22 18:46:03,502cbc,YLMFG,LSZG,LSZN,1279
2026-06-22 14:58:46,a50e57,N425BM,LSZG,LFMV,3844
2026-06-22 14:45:13,4b447e,HBZYK,LSZG,LSZB,854
2026-06-22 14:37:42,4b27c0,HBPBK,LSZG,LSGL,1779
2026-06-22 09:35:06,4b447e,HBZYK,LSZG,LSZB,1010
2026-06-22 09:07:21,4b1b9d,HBKLX,LSZG,LSGY,2584
2026-06-22 08:55:10,4b058d,HBCCR,LSZG,LSZG,3822
2026-06-22 08:45:55,4b3eae,HBXTE,LSZG,LSZG,2104
2026-06-22 08:34:03,4b111c,HBGMM,LSZG,LICG,13489
2026-06-22 08:11:34,4b39f0,HBVYM,LSZG,LSTS,1255
2026-06-22 07:03:49,4b1e47,IBD71G,LSZG,LSZG,7122
2026-06-22 07:02:03,4b40e4,HBYOY,LSZG,LSZG,5529
2026-06-25 14:01:34,4d2199,ULC44,LSZG,LFTZ,3112
2026-06-25 12:59:13,4b0e69,HBFLX,LSZG,LSGG,1549
2026-06-25 12:33:32,4b4492,HBZZE,LSZG,LSZB,818
2026-06-25 11:55:13,3e6681,DKEAB,LSZG,EDNM,17087
2026-06-25 09:28:08,4b1f3f,HBLVR,LSZG,EGFF,13322
2026-06-25 09:15:43,4b1b65,HBKJT,LSZG,LIMF,2665
2026-06-25 08:38:37,4b1f98,HBLZC,LSZG,LSPU,1238
2026-06-25 08:10:41,4b425c,HBZDK,LSZG,LSPL,885
2026-06-25 07:51:15,4b2830,HBPFS,LSZG,LSMM,1724
2026-06-25 07:34:33,a8cac3,N666CP,LSZG,EHRD,7151
2026-06-25 06:30:10,4b0f97,HBFXN,LSZG,LFKF,6092
2026-06-25 06:02:29,4b1edb,HBLRV,LSZG,LIRP,4387
2026-06-24 17:12:14,4b1b12,HBKGO,LSZG,LSZB,868
2026-06-24 15:37:28,4b293a,HBPPY,LSZG,LSGN,1181
2026-06-24 13:11:54,4b3202,HBSYK,LSZG,LSZG,1146
2026-06-24 11:28:39,a26dfe,N256CD,LSZG,EDFM,3658
2026-06-24 11:11:18,4b5079,HB3026,LSZG,LSZG,14701
2026-06-24 10:38:41,4b447e,HBZYK,LSZG,LSZB,1487
2026-06-24 09:43:33,4b4449,HBZWJ,LSZG,LSGR,2053
2026-06-24 08:56:00,4b1b11,HBKGN,LSZG,LSZB,861
2026-06-24 08:44:52,4b0ca8,HBEUQ,LSZG,LSPN,3597
2026-06-24 08:40:58,a50e57,N425BM,LSZG,EDNY,2154
2026-06-24 08:00:22,4b1b8a,HBKLE,LSZG,,3353
2026-06-24 07:46:03,4b1e47,IBD93S,LSZG,EDDN,5021
2026-06-24 07:33:16,4b1e46,IBD83M,LSZG,EDDN,5131
2026-06-24 07:04:36,4b3eae,HBXTE,LSZG,LSPM,2212
2026-06-24 07:03:05,4b1e45,IBD73G,LSZG,EDDN,5364
2026-06-27 16:05:54,4b28a6,HBPKG,LSZG,LSPV,2612
2026-06-27 14:44:19,4b3ab4,HBWGA,LSZG,LSZG,1170
2026-06-27 14:09:20,4b3ab4,HBWGA,LSZG,LSZG,789
2026-06-27 13:24:24,4b3ab4,HBWGA,LSZG,LSZG,1612
2026-06-27 12:16:53,4b3ab4,HBWGA,LSZG,LSZG,2542
2026-06-27 11:03:03,4b1b8a,HBKLE,LSZG,LSZG,1507
2026-06-27 10:00:37,4b3356,HBTLM,LSZG,LSPN,1477
2026-06-27 09:11:45,4b51f5,HB3406,LSZG,LSZG,1004
2026-06-27 08:59:42,4b1ea1,HBLPP,LSZG,EDNY,2836
2026-06-27 08:01:04,4b1aa8,HBKCM,LSZG,LFMV,3267
2026-06-27 06:28:27,4b3391,HBTNT,LSZG,LSZG,2390
2026-06-27 06:14:17,4b1b8a,HBKLE,LSZG,LSZG,5191
2026-06-27 05:34:09,4b3905,HBVPL,LSZG,LSZH,2165
2026-06-26 13:54:24,4b4b04,HB1629,LSZG,LSZG,12787
2026-06-26 12:06:55,4b1ef1,HBLSR,LSZG,LSZM,1656
2026-06-26 11:08:30,4b0c84,HBETG,LSZG,LSZT,3038
2026-06-26 10:53:22,4b1c63,HBKTN,LSZG,LSMF,3492
2026-06-26 10:30:00,4b303c,HBSGY,LSZG,LSZH,2468
2026-06-26 09:01:05,a071d2,N128ED,LSZG,EBZU,6962
2026-06-26 07:58:37,4b2816,HBPES,LSZG,EGJJ,11172
2026-06-26 07:48:17,a1b7b7,N21FS,LSZG,LSZQ,1091
2026-06-26 07:46:04,4b1e47,IBD95S,LSZG,LSGC,2334
2026-06-26 07:20:14,4b39f0,HBVYM,LSZG,LIEO,4833
2026-06-26 07:04:25,4b1e46,IBD85M,LSZG,LSZG,5518
2026-06-26 06:02:35,4b444c,HBZWM,LSZG,LSGC,676
2026-06-29 15:41:43,4b4b04,HB1629,LSZG,LSZG,798
2026-06-29 15:25:00,4b32fd,RGA03,LSZG,LSZB,1280
2026-06-29 15:04:10,4b1edb,HBLRV,LSZG,LSZG,3639
2026-06-29 14:28:03,4b39f0,HBVYM,LSZG,,4579
2026-06-29 12:46:45,4b4492,HBZZE,LSZG,LSZB,801
2026-06-29 11:23:13,4b4400,HBZTO,LSZG,LSTB,5121
2026-06-29 10:37:25,4b10e2,HBGKG,LSZG,LIPR,6664
2026-06-29 09:35:06,4b1e45,IBD71H,LSZG,LSZG,5377
2026-06-29 09:06:33,4b1b8a,HBKLE,LSZG,LSZG,1616
2026-06-29 08:54:05,4b1e47,IBD91T,LSZG,LSGC,4391
2026-06-29 08:47:00,4d2199,ULC44,LSZG,LSZA,1663
2026-06-29 08:42:55,4b39f0,HBVYM,LSZG,LEBL,4383
2026-06-29 06:45:38,4b1e47,IBD91S,LSZG,LSZG,4550
2026-06-29 06:35:18,4b1e45,HBLMB,LSZG,LSZG,5015
2026-06-29 06:28:18,4b1aa8,HBKCM,LSZG,LDPL,4090
2026-06-28 13:11:08,a4330b,N37SJ,LSZG,LSGE,1353
2026-06-28 12:45:07,4b23e9,HBNPP,LSZG,LSZX,1959
2026-06-28 12:08:30,4b1b17,HBKGT,LSZG,LSZG,614
2026-06-28 09:34:12,4b1b8a,HBKLE,LSZG,LSZG,3421
2026-06-28 09:33:18,4b3ab4,HBWGA,LSZG,LSZG,4879
2026-06-28 08:52:34,4b1edb,HBLRV,LSZG,LIMJ,3683
2026-06-28 06:42:33,4b1b8a,HBKLE,LSZG,LSZJ,625
2026-07-01 17:10:19,4b293a,HBPPY,LSZG,LSZG,2724
2026-07-01 16:29:34,a52790,N431HM,LSZG,LSZG,2680
2026-07-01 16:18:03,4b4492,HBZZE,LSZG,LSZB,1390
2026-07-01 14:06:49,4b08c3,HBDIH,LSZG,LSPV,1810
2026-07-01 13:53:04,4b1e46,IBD83O,LSZG,LSZG,4854
2026-07-01 13:27:38,4b4b04,HB1629,LSZG,LSZG,886
2026-07-01 12:39:49,4b4492,HBZZE,LSZG,LSZB,820
2026-07-01 12:36:26,4b4b04,HB1629,LSZG,LSZG,661
2026-07-01 11:11:45,4b1e46,IBD83N,LSZG,LSZG,6214
2026-07-01 08:17:03,4b1e46,IBD83M,LSZG,LSGC,2302
2026-07-01 08:10:55,4b10e2,HBGKG,LSZG,LSZG,2634
2026-07-01 07:43:13,4b32fd,RGA03,LSZG,LSZM,735
2026-07-01 07:37:08,4b1edb,HBLRV,LSZG,LFMV,3878
2026-06-30 14:03:10,4b1f9d,HBLZH,LSZG,LSZB,1363
2026-06-30 13:09:33,4b0f0a,PCH60D,LSZG,LSZC,3508
2026-06-30 12:00:32,4b4400,HBZTO,LSZG,LSZP,1797
2026-06-30 11:49:54,4b0de1,PCH90M,LSZG,LSZC,2932
2026-06-30 11:14:35,4b4400,HBZTO,LSZG,LSZG,1303
2026-06-30 10:58:08,4b1e47,HBLMD,LSZG,LSZG,5136
2026-06-30 10:36:33,4b1b65,HBKJT,LSZG,LFGJ,3866
2026-06-30 10:18:41,4b0890,HBDGI,LSZG,LSZM,1882
2026-06-30 09:51:41,4b4b04,HB1629,LSZG,LSZG,704
2026-06-30 08:37:20,4b1e47,IBD92T,LSZG,LSZG,5728
2026-06-30 07:29:07,4b1e15,HBLKF,LSZG,LSZA,2619
2026-06-30 06:23:40,4b1e47,IBD92S,LSZG,LSZG,4846
2026-06-30 06:03:47,4b39f0,HBVYM,LSZG,LSZR,1206
2026-07-03 18:33:30,4b0d41,HBFAN,LSZG,LSPL,979
2026-07-03 14:58:08,a31cde,N3YZ,LSZG,LSZG,1721
2026-07-03 13:39:56,4b2830,HBPFS,LSZG,LSZL,3879
2026-07-03 13:24:13,4b447e,HBZYK,LSZG,LSZG,1890
2026-07-03 13:18:37,a31cde,N3YZ,LSZG,LSZG,1042
2026-07-03 12:33:08,a8f316,N676MA,LSZG,LSZF,841
2026-07-03 10:18:00,4b1c63,HBKTN,LSZG,LSZB,1575
2026-07-03 09:55:20,4b4b04,HB1629,LSZG,LSZG,738
2026-07-03 09:34:14,4b4449,HBZWJ,LSZG,LSZG,2337
2026-07-03 08:10:27,4b2816,HBPES,LSZG,EBOS,8198
2026-07-03 07:57:13,4b1e15,HBLKF,LSZG,LSZL,2463
2026-07-03 07:36:43,a31cde,N3YZ,LSZG,LSZG,1497
2026-07-03 07:23:34,4b1e45,IBD75G,LSZG,LSZG,6518
2026-07-03 07:17:43,4b425c,HBZDK,LSZG,LSZG,2859
2026-07-03 06:53:47,4b1e46,IBD85M,LSZG,LSZG,5922
2026-07-03 06:41:59,4b1b8a,HBKLE,LSZG,LSZW,3036
2026-07-03 06:38:03,4b10e2,HBGKG,LSZG,EDDM,4164
2026-07-03 06:13:43,a50e57,N425BM,LSZG,LIRA,5919
2026-07-03 03:56:04,4b2ca2,HBQXM,LSZG,LSZP,2690
2026-07-03 03:54:19,4b2cbc,HBQYM,LSZG,LSZP,5286
2026-07-02 18:02:56,a8cac3,N666CP,LSZG,EDQA,4681
2026-07-02 17:26:48,4b1b17,HBKGT,LSZG,LSZX,2199
2026-07-02 17:26:43,4b1b1d,HBKGZ,LSZG,LSZX,2104
2026-07-02 16:05:39,4b3273,HBTCT,LSZG,LSMM,1130
2026-07-02 14:17:19,4b1c62,HBKTM,LSZG,LSMF,2418
2026-07-02 14:07:50,4b4484,HBZYQ,LSZG,LSZE,4576
2026-07-02 13:44:35,4b3304,RGA02,LSZG,LSZM,922
2026-07-02 13:10:30,4b1e46,IBD84P,LSZG,LSGC,1576
2026-07-02 12:39:22,4b1bcd,HBKNT,LSZG,LSZP,680
2026-07-02 11:58:51,4b4072,HBYKO,LSZG,LSZE,6360
2026-07-02 11:35:33,4b40f1,HBYPL,LSZG,LSZK,1994
2026-07-02 10:52:52,4b1e46,HBLMC,LSZG,LSZG,5448
2026-07-02 10:04:38,4b3273,HBTCT,LSZG,LSZL,5605
2026-07-02 09:41:20,4b4b04,HB1629,LSZG,LSZG,8944
2026-07-02 08:46:56,4b0ca8,HBEUQ,LSZG,LSPN,3393
2026-07-02 08:25:37,4b1e46,HBLMD,LSZG,LSZG,6277
2026-07-02 08:02:10,4b25ea,HBOJI,LSZG,LSGL,2116
2026-07-02 07:26:13,4b3fda,HBYES,LSZG,LSZG,5009
2026-07-02 06:40:53,4d2199,ULC44,LSZG,LFMV,2436
2026-07-02 06:09:12,4b1e46,IBD84M,LSZG,LSZG,4768
2026-07-05 13:54:21,4b5079,HB3026,LSZG,LSZG,926
2026-07-05 13:29:05,4b3202,HBSYK,LSZG,LSZG,1553
2026-07-05 13:16:48,4b4b04,HB1629,LSZG,LSZG,2153
2026-07-05 12:14:33,4b4d2c,HB2181,LSZG,LSZG,8256
2026-07-05 11:54:34,4b5079,HB3026,LSZG,LSZG,3732
2026-07-05 11:28:11,4b4b04,HB1629,LSZG,LSZG,760
2026-07-05 09:14:19,4b5079,HB3026,LSZG,LSZG,764
2026-07-05 08:56:24,a1b7b7,N21FS,LSZG,LSPU,1693
2026-07-05 04:17:16,4b2c71,HBQVP,LSZG,LSZG,1786
2026-07-05 04:14:11,4b2c86,HBQWK,LSZG,LSPL,3403
2026-07-04 13:29:39,4b0f50,HUE40H,LSZG,LFTZ,4150
2026-07-04 12:37:21,4b447e,HBZYK,LSZG,LSZG,3646
2026-07-04 11:06:37,4b4449,HBZWJ,LSZG,LSZG,1519
2026-07-04 09:56:08,4b4449,HBZWJ,LSZG,LSZG,882
2026-07-04 09:20:14,4b058d,HBCCR,LSZG,LSZG,5243
2026-07-04 09:19:43,4b4492,HBZZE,LSZG,LSZB,2228
2026-07-04 08:57:45,4b1ea1,HBLPP,LSZG,LSZR,2103
2026-07-04 08:52:41,a50e57,N425BM,LSZG,LEZG,7725
2026-07-04 08:38:28,4b1faf,HBLZZ,LSZG,EDMA,3979
2026-07-04 08:34:17,4b1b13,HBKGP,LSZG,LSZR,3882
2026-07-04 08:04:57,4b3905,HBVPL,LSZG,LFKS,3087
2026-07-04 07:14:57,4b0878,HBDFK,LSZG,LSZG,6147
2026-07-04 07:03:54,4b425c,HBZDK,LSZG,LSMP,2192
2026-07-04 06:37:54,4b08a2,HBDHA,LSZG,LFLY,4428
2026-07-07 15:44:11,3e6f61,DKHJL,LSZG,LSZX,2125
2026-07-07 15:00:30,4b4cce,HB2087,LSZG,LSZI,1630
2026-07-07 14:33:10,4b4cca,HB2083,LSZG,LSZG,2180
2026-07-07 13:17:00,4b1b12,HBKGO,LSZG,LSZB,1948
2026-07-07 13:00:56,4b4cca,HB2083,LSZG,LSZG,4231
2026-07-07 12:09:22,4b1e45,IBD72H,LSZG,LSZG,6411
2026-07-07 11:43:32,4b1bae,HBKMO,LSZG,LSGC,1514
2026-07-07 10:50:20,4b3391,HBTNT,LSZG,LSGB,2049
2026-07-07 08:18:14,4b302d,HBSGJ,LSZG,LSZH,1709
2026-07-07 08:13:23,4b1e45,IBD72G,LSZG,LSZG,6606
2026-07-07 08:06:27,4b1e46,IBD81M,LSZG,LSGC,1418
2026-07-07 07:58:06,4b1f94,HBLYY,LSZG,EDDN,5151
2026-07-07 07:14:51,4b0878,HBDFK,LSZG,LSZG,3168
2026-07-07 06:01:37,4b1f98,HBLZC,LSZG,LSZL,2261
2026-07-06 18:47:51,4b1edb,HBLRV,LSZG,EGKB,6607
2026-07-06 17:33:11,4b1b8a,HBKLE,LSZG,LSZG,3337
2026-07-06 15:44:30,a31cde,N3YZ,LSZG,LSZG,1301
2026-07-06 14:21:02,3e2525,DIFGN,LSZG,EDNR,3767
2026-07-06 14:04:04,4b4cca,HB2083,LSZG,LSZG,3869
2026-07-06 13:20:05,a31cde,N3YZ,LSZG,LSZG,2376
2026-07-06 12:26:13,4b5079,HB3026,LSZG,LSZG,1622
2026-07-06 12:02:53,4b1ef1,HBLSR,LSZG,LSZM,1088
2026-07-06 11:38:43,4b1b8a,HBKLE,LSZG,LSZG,3675
2026-07-06 10:54:40,4b4d2c,HB2181,LSZG,LSZG,8638
2026-07-06 09:18:05,4b2059,HBMGN,LSZG,LSZG,1428
2026-07-06 09:08:20,4b5079,HB3026,LSZG,LSZG,2448
2026-07-06 07:37:38,4b3905,HBVPL,LSZG,EDRB,2429
2026-07-06 07:26:42,4b10e2,HBGKG,LSZG,LSZG,3300
2026-07-06 07:14:24,a15077,N184KP,LSZG,LFGX,2071
2026-07-06 06:44:12,4b3ab4,HBWGA,LSZG,LSZG,2823
2026-07-06 06:40:41,a91672,N685GT,LSZG,LSZC,1133
2026-07-09 14:30:10,4b39f0,HBVYM,LSZG,LSGG,1979
2026-07-09 14:04:41,4b1b8a,HBKLE,LSZG,LSZB,1123
2026-07-09 13:17:00,46316e,FSF425D,LSZG,LIPE,3710
2026-07-09 13:01:33,4b1f30,HBLVC,LSZG,LSZR,4105
2026-07-09 12:32:50,4b447e,HBZYK,LSZG,LSZG,3368
2026-07-09 12:17:46,a1ec64,N223CM,LSZG,LSZG,3649
2026-07-09 12:08:00,4b088a,HBDGC,LSZG,LFGX,2109
2026-07-09 11:08:36,4b1e15,HBLKF,LSZG,LEGE,8670
2026-07-09 08:33:05,4b2ef8,HBSDS,LSZG,LSGY,1230
2026-07-09 08:12:08,4b4cca,HB2083,LSZG,LSZG,8767
2026-07-09 08:03:43,4b425c,HBZDK,LSZG,LSZG,4319
2026-07-09 07:58:34,4b3905,HBVPL,LSZG,LFKF,3794
2026-07-09 07:46:34,4b0ebc,HBFPC,LSZG,EDCJ,5206
2026-07-09 07:25:39,4b1b8a,HBKLE,LSZG,LSTZ,2270
2026-07-09 07:13:12,4b1aa8,HBKCM,LSZG,LEAP,4920
2026-07-08 23:43:51,4b32fd,RGA03,LSZG,LSZM,719
2026-07-08 15:26:19,4b1b8a,HBKLE,LSZG,LSGE,1506
2026-07-08 14:41:02,4b4cca,HB2083,LSZG,LSZG,2362
2026-07-08 13:16:15,4b4cca,HB2083,LSZG,LSZG,2853
2026-07-08 13:11:30,4b0ca8,HBEUQ,LSZG,LSPN,2212
2026-07-08 13:05:50,4b0ecc,HBFPS,LSZG,LSZH,1292
2026-07-08 12:11:42,4b1b78,HBKKM,LSZG,LSZL,1942
2026-07-08 12:02:00,4b1e45,HBLMB,LSZG,LSZG,4457
2026-07-08 11:26:42,4b447e,HBZYK,LSZG,LSZG,3870
2026-07-08 10:36:03,4b086e,HBDFA,LSZG,LFGJ,3076
2026-07-08 10:19:01,4b302d,HBSGJ,LSZG,LSZH,3361
2026-07-08 09:44:24,4b3ab4,HBWGA,LSZG,LSGR,2333
2026-07-08 08:12:24,4b1ea1,HBLPP,LSZG,LSZG,2125
2026-07-08 08:01:41,4b1e45,IBD73G,LSZG,LSZG,7017
2026-07-08 07:29:49,4b293a,HBPPY,LSZG,LSTS,2428
2026-07-08 07:23:24,4b1e46,IBD83M,LSZG,LSGC,1392
2026-07-08 07:22:19,4b447e,HBZYK,LSZG,LSZG,2333
2026-07-08 07:19:24,a1b7b7,N21FS,LSZG,LFGL,2670
2026-07-08 06:46:03,a31cde,N3YZ,LSZG,LSZG,1662
2026-07-08 06:14:22,4b1e69,HBLNL,LSZG,EDMS,3575
2026-07-11 19:18:08,4b3305,RGA10,LSZG,LSGR,1446
2026-07-11 15:24:12,a34590,N31ME,LSZG,EDTG,867
2026-07-11 15:16:33,a0ca7a,N150D,LSZG,LSZG,1046
2026-07-11 15:01:33,4b1e44,IBD26,LSZG,LSZG,4738
2026-07-11 13:28:36,a52790,N431HM,LSZG,LSZG,1131
2026-07-11 12:20:26,a0ca7a,N150D,LSZG,LSZG,812
2026-07-11 10:06:59,4b2dc0,HBRIM,LSZG,LSZR,5184
2026-07-11 08:20:11,a52790,N431HM,LSZG,LSZG,1216
2026-07-11 07:46:11,a31cde,N3YZ,LSZG,LSZG,636
2026-07-11 07:14:31,4b0d41,HBFAN,LSZG,LSZG,658
2026-07-10 15:51:37,46316e,FSF425D,LSZG,LSGL,1049
2026-07-10 15:43:18,a0ca7a,N150D,LSZG,LSZG,1013
2026-07-10 15:42:06,4b0d41,HBFAN,LSZG,LSPL,656
2026-07-10 14:16:37,a52790,N431HM,LSZG,LSZG,1194
2026-07-10 12:42:59,a0ca7a,N150D,LSZG,LSZG,826
2026-07-10 08:27:14,a52790,N431HM,LSZG,LSZG,1153
2026-07-10 08:01:35,a31cde,N3YZ,LSZG,LSZG,698
2026-07-10 07:17:00,4b0d41,HBFAN,LSZG,LSZG,764
2026-07-13 13:31:32,4b5079,HB3026,LSZG,LSZG,825
2026-07-13 13:20:50,4b1f08,HBLTO,LSZG,LSZG,1176
2026-07-13 12:59:32,4b1b11,HBKGN,LSZG,LSZB,1965
2026-07-13 12:39:53,4b1f98,HBLZC,LSZG,LSZB,1272
2026-07-13 12:31:34,4b1b65,HBKJT,LSZG,,4574
2026-07-13 11:27:04,4b4449,HBZWJ,LSZG,LSZG,1305
2026-07-13 09:43:34,4b447e,HBZYK,LSZG,LSZG,3477
2026-07-13 08:17:23,4b1e69,HBLNL,LSZG,LSZS,1580
2026-07-13 07:34:55,4b1faf,HBLZZ,LSZG,EDMS,5217
2026-07-13 07:02:44,4b3905,HBVPL,LSZG,LIRA,3791
2026-07-13 06:41:16,4b1b8a,HBKLE,LSZG,LSZG,4020
2026-07-12 14:36:42,4b0ebc,HBFPC,LSZG,LSZR,1756
2026-07-12 12:55:36,a50e57,N425BM,LSZG,EDDS,2396
2026-07-12 12:24:08,4b2fd9,HBSDD,LSZG,LSZW,1999
2026-07-12 10:51:25,4b3272,HBTCS,LSZG,LSZB,1802
2026-07-12 08:56:48,4b2fd9,HBSDD,LSZG,LSZG,3687
2026-07-12 07:07:42,4b1bcd,HBKNT,LSZG,LSZP,746
2026-07-12 07:01:14,a50e57,N425BM,LSZG,LEZG,8172
2026-07-12 06:48:03,4b1edb,HBLRV,LSZG,LFMV,3476
2026-07-15 14:08:32,4b5079,HB3026,LSZG,LSZG,854
2026-07-15 13:05:46,4b4449,HBZWJ,LSZG,LSZG,2509
2026-07-15 10:21:01,4b303c,HBSGY,LSZG,LSZH,2570
2026-07-15 09:16:30,4b447e,HBZYK,LSZG,LSZG,3200
2026-07-15 09:12:34,4b5079,HB3026,LSZG,LSZG,654
2026-07-15 08:14:05,4b303c,HBSGY,LSZG,LSZG,2272
2026-07-15 08:09:14,4b5079,HB3026,LSZG,LSZG,754
2026-07-15 07:40:24,4b447e,HBZYK,LSZG,LSZG,4104
2026-07-15 07:36:10,a68d2a,N521FH,LSZG,LSZR,2658
2026-07-15 07:34:49,4b40c8,HBYNW,LSZG,LSZQ,1337
2026-07-15 07:24:57,4b3fc2,HBYDU,LSZG,LSZG,9639
2026-07-15 07:17:37,4b1f98,HBLZC,LSZG,EGNJ,13221
2026-07-15 05:03:40,4b1ea1,HBLPP,LSZG,EDLW,6333
2026-07-14 17:27:59,4b1b8a,HBKLE,LSZG,LSZG,1529
2026-07-14 14:49:04,4b28b1,HBPKR,LSZG,LSGL,2326
2026-07-14 12:10:35,4b1ef1,HBLSR,LSZG,LSZM,1056
2026-07-14 11:52:01,4b303a,HBSGW,LSZG,LSZT,3654
2026-07-14 11:26:07,48641e,PHIHW,LSZG,EDLS,9127
2026-07-14 10:47:25,4b1cf8,HBKZG,LSZG,LSZC,1889
2026-07-14 09:54:23,4b303c,HBSGY,LSZG,LSZH,4572
2026-07-14 08:36:12,4b1aa5,HBKCJ,LSZG,LSPL,2463
2026-07-14 08:02:51,4b5079,HB3026,LSZG,LSZG,803
2026-07-14 07:40:18,4b3391,HBTNT,LSZG,EDVK,7571
2026-07-14 07:22:55,4b293a,HBPPY,LSZG,LSZG,3285
2026-07-14 06:57:16,4b3202,HBSYK,LSZG,LSZG,1120
2026-07-14 05:51:27,4d2199,ULC44,LSZG,LSGC,806
2026-07-17 13:47:26,4b3202,HBSYK,LSZG,LSZG,1369
2026-07-17 12:44:55,4b07df,HBCZN,LSZG,LSGL,1645
2026-07-17 12:38:54,4b0e69,HBFLX,LSZG,LSGG,1535
2026-07-17 11:15:15,4b425c,HBZDK,LSZG,LSZG,2903
2026-07-17 08:46:05,4b4b04,HB1629,LSZG,LSZG,1105
2026-07-17 08:23:12,4b425c,HBZDK,LSZG,LSTB,976
2026-07-17 07:54:38,4b4b04,HB1629,LSZG,LSZG,1268
2026-07-17 07:50:05,4b3202,HBSYK,LSZG,LSZP,1690
2026-07-17 07:40:14,4d2199,ULC44,LSZG,LFMV,2832
2026-07-16 12:39:23,4b5079,HB3026,LSZG,LSZG,2921
2026-07-16 12:27:54,a4330b,N37SJ,LSZG,LSGE,1921
2026-07-16 11:31:00,4b1c63,HBKTN,LSZG,LSMF,2139
2026-07-16 11:12:21,4b1ebb,HBLQP,LSZG,LSZB,1248
2026-07-16 10:06:36,3d5502,DFELE,LSZG,EDFW,2695
2026-07-16 10:05:41,3d433f,DEXSH,LSZG,LSZF,1564
2026-07-16 09:22:16,4b27b7,HBPBB,LSZG,LSZB,3068
2026-07-16 09:04:41,4b425c,HBZDK,LSZG,LSTZ,1724
2026-07-16 08:55:07,4b1e69,HBLNL,LSZG,LDPL,4672
2026-07-16 08:04:19,4b0b79,HBEIZ,LSZG,LSGP,2124
2026-07-16 07:53:13,4b5079,HB3026,LSZG,LSZG,976
2026-07-16 07:47:58,4b3272,HBTCS,LSZG,LSZG,6187
2026-07-16 07:45:11,4b4449,HBZWJ,LSZG,LSZG,947
2026-07-16 06:29:23,4b1b8a,HBKLE,LSZG,LSZL,3328
2026-07-19 15:19:35,4b28b1,HBPKR,LSZG,LSGL,2691
2026-07-19 15:02:25,4b4cca,HB2083,LSZG,LSZG,2856
2026-07-19 11:30:44,4b3fc2,HBYDU,LSZG,LSZG,4003
2026-07-19 09:59:38,40212d,GBOLT,LSZG,EGMD,10638
2026-07-19 08:33:33,4b1b8a,HBKLE,LSZG,LSZG,6556
2026-07-19 08:29:23,4d02bc,JFA97E,LSZG,,4143
2026-07-19 08:10:11,4b418d,HBYVL,LSZG,LSGY,4137
2026-07-19 08:09:54,4b40e4,HBYOY,LSZG,LSGY,4112
2026-07-18 17:31:06,4b32fd,RGA03,LSZG,LSZB,785
2026-07-18 16:59:09,4b32fd,RGA03,LSZG,LSZG,945
2026-07-18 14:16:12,4b4449,HBZWJ,LSZG,LSZG,2573
2026-07-18 14:10:56,4b1b8a,HBKLE,LSZG,LSZG,2009
2026-07-18 12:50:20,4b1f5e,HBLWW,LSZG,LSZB,677
2026-07-18 12:31:56,4b4e8e,HB2535,LSZG,LSTB,5043
2026-07-18 12:20:01,4b447e,HBZYK,LSZG,LSZG,1910
2026-07-18 11:08:05,4b4cce,HB2087,LSZG,LSZI,2322
2026-07-18 09:35:45,4b50d5,HB3118,LSZG,LSZG,13288
2026-07-18 09:06:00,a31cde,N3YZ,LSZG,LSZG,1903
2026-07-18 09:05:25,4b1aa5,HBKCJ,LSZG,LSPL,794
2026-07-18 08:35:33,4b444c,HBZWM,LSZG,LSZG,5179
2026-07-18 08:19:38,4b447e,HBZYK,LSZG,LSZG,3636
2026-07-18 08:16:16,4b293a,HBPPY,LSZG,LSZG,2946
2026-07-18 08:02:40,4b3ef0,HBXVS,LSZG,LSPN,1087
2026-07-18 07:42:52,a31cde,N3YZ,LSZG,LSZG,2284
2026-07-18 07:11:40,4d02a4,JFA68S,LSZG,LFKF,5439
2026-07-21 17:31:25,4b1b8a,HBKLE,LSZG,LSZG,1945
2026-07-21 17:06:04,4b3304,RGA02,LSZG,LSZM,921
2026-07-21 16:40:43,4b2947,HBPQL,LSZG,LSZM,1552
2026-07-21 16:01:10,4b4449,HBZWJ,LSZG,LSPL,1507
2026-07-21 14:47:05,4b4d2c,HB2181,LSZG,LSZG,6302
2026-07-21 14:12:22,3cfafb,DCWIT,LSZG,EDQO,2740
2026-07-21 14:01:22,4b289c,HBPJW,LSZG,LFMD,6514
2026-07-21 13:19:39,4b4d2c,HB2181,LSZG,LSZG,3898
2026-07-21 12:02:30,4b447e,HBZYK,LSZG,LSZG,2884
2026-07-21 11:22:41,4b51b6,HB3343,LSZG,LSPO,1706
2026-07-21 10:05:41,4b50d5,HB3118,LSZG,LSZG,26737
2026-07-21 09:05:37,4b4449,HBZWJ,LSZG,LSPN,1863
2026-07-21 08:31:40,460d8a,FSF822A,LSZG,LFMV,3769
2026-07-21 08:29:11,4b447e,HBZYK,LSZG,LSZJ,841
2026-07-21 07:45:08,4b293a,HBPPY,LSZG,LSGL,3009
2026-07-21 07:42:35,a0ca7a,N150D,LSZG,LFGJ,3295
2026-07-21 07:35:53,a1ec64,N223CM,LSZG,LFSP,1192
2026-07-21 07:23:24,4b3fda,HBYES,LSZG,LSZG,4233
2026-07-20 16:33:16,4b4449,HBZWJ,LSZG,LSPL,2143
2026-07-20 14:57:30,4b1f5e,HBLWW,LSZG,LSZB,5879
2026-07-20 14:10:34,4b2816,HBPES,LSZG,LOIK,5287
2026-07-20 12:45:50,4b0d1e,HBEZE,LSZG,LSZR,3995
2026-07-20 12:22:35,4b447e,HBZYK,LSZG,LSZG,3032
2026-07-20 12:21:09,4b1bcd,HBKNT,LSZG,LSZP,991
2026-07-20 11:10:50,4b28b1,HBPKR,LSZG,LSGL,2489
2026-07-20 10:48:26,4b1b13,HBKGP,LSZG,LSZB,1522
2026-07-20 10:37:00,49d2d8,AAO56,LSZG,LFTZ,4894
2026-07-20 09:21:18,4b086e,HBDFA,LSZG,LFQX,3824
2026-07-20 09:09:33,4b447e,HBZYK,LSZG,LSZG,3175
2026-07-20 08:35:09,4b1faf,HBLZZ,LSZG,LSZB,1248
2026-07-20 08:27:26,4b3307,RGAIL,LSZG,LSZV,2573
2026-07-20 08:21:19,4b444c,HBZWM,LSZG,LSZG,6383
2026-07-20 08:09:47,4b293a,HBPPY,LSZG,LSZG,3209
2026-07-20 08:04:28,4b3905,HBVPL,LSZG,EGPH,7244
2026-07-20 07:06:13,4b1e44,HBLMA,LSZG,LSZG,4927
2026-07-20 06:51:40,4b1aa8,HBKCM,LSZG,LSZG,2131
2026-07-23 16:10:04,4b4449,HBZWJ,LSZG,LSZG,5283
2026-07-23 15:48:14,49d66b,AAO51,LSZG,LFTZ,4752
2026-07-23 15:19:15,4d2199,ULC44,LSZG,LFTZ,2620
2026-07-23 14:29:38,4b111c,HBGMM,LSZG,LSMD,1226
2026-07-23 14:01:38,4b1b65,HBKJT,LSZG,LFBY,5891
2026-07-23 13:56:11,4b1bfb,HBKPN,LSZG,LSZC,1710
2026-07-23 12:55:25,4b5079,HB3026,LSZG,LSZG,3914
2026-07-23 12:45:16,4b3202,HBSYK,LSZG,LSZP,748
2026-07-23 12:33:17,4b447e,HBZYK,LSZG,LSZG,4109
2026-07-23 11:53:10,4b28aa,HBPKK,LSZG,LSZB,1756
2026-07-23 11:28:23,4b111c,HBGMM,LSZG,EDFM,3021
2026-07-23 10:42:03,4b28b1,HBPKR,LSZG,LSGL,3312
2026-07-23 09:59:35,4b2858,HBPHG,LSZG,LSMA,1542
2026-07-23 08:52:18,4b447e,HBZYK,LSZG,LSZG,4238
2026-07-23 08:41:23,4b302d,HBSGJ,LSZG,LSZH,2680
2026-07-23 07:49:18,4b40e4,HBYOY,LSZG,LSZG,2867
2026-07-23 07:39:39,4b1b8a,HBKLE,LSZG,LSGR,1470
2026-07-23 07:36:40,4b3fda,HBYES,LSZG,LSZG,6689
2026-07-23 07:16:33,4b1b65,HBKJT,LSZG,LDDU,6361
2026-07-23 07:00:39,4b3905,HBVPL,LSZG,LSZH,1339
2026-07-23 04:13:22,4b2c54,HBQUM,LSZG,LSZP,2870
2026-07-22 17:08:11,4b1b8a,HBKLE,LSZG,LSMM,1452
2026-07-22 16:46:35,4b3ab4,HBWGA,LSZG,LSZG,4503
2026-07-22 15:56:38,4b4b04,HB1629,LSZG,LSZG,755
2026-07-22 15:39:49,4b1edb,HBLRV,LSZG,EHBD,4360
2026-07-22 15:25:04,a31cde,N3YZ,LSZG,LSZG,1942
2026-07-22 14:49:13,4b447e,HBZYK,LSZG,LSZG,3023
2026-07-22 14:32:37,4b5018,HB2929,LSZG,LSPD,1314
2026-07-22 14:05:46,a31cde,N3YZ,LSZG,LSZG,2322
2026-07-22 11:12:57,4b5018,HB2929,LSZG,LSZG,2565
2026-07-22 10:39:34,4b4d2c,HB2181,LSZG,LSZG,20583
2026-07-22 09:58:25,4b4449,HBZWJ,LSZG,LSZG,3774
2026-07-22 09:46:33,4b2830,HBPFS,LSZG,LSZG,4361
2026-07-22 09:08:46,4b4cca,HB2083,LSZG,LSZG,8266
2026-07-22 09:00:13,4b293a,HBPPY,LSZG,LSZG,2404
2026-07-22 08:12:58,4b40e4,HBYOY,LSZG,LSZG,4232
2026-07-22 08:06:21,4b1f94,HBLYY,LSZG,ELLX,4221
2026-07-22 07:39:21,a31cde,N3YZ,LSZG,LSPU,804
2026-07-22 07:36:51,4b1b8a,HBKLE,LSZG,LSZA,4643
2026-07-22 06:50:19,4b0ecc,HBFPS,LSZG,LSML,1257
2026-07-25 16:06:10,4b0f50,HUE40H,LSZG,LSTZ,729
2026-07-25 11:44:54,4b447e,HBZYK,LSZG,LSZG,1487
2026-07-25 11:43:15,4b4b04,HB1629,LSZG,LSZG,1944
2026-07-25 11:05:01,4b326c,HBTCM,LSZG,LSZP,1155
2026-07-25 09:55:50,4b3272,HBTCS,LSZG,EDAB,8725
2026-07-25 09:49:36,4b447e,HBZYK,LSZG,LSZG,1553
2026-07-25 09:14:42,4b326c,HBTCM,LSZG,LSZG,3933
2026-07-25 09:13:30,4b1b8a,HBKLE,LSZG,LSZG,1654
2026-07-25 08:47:24,4b293a,HBPPY,LSZG,LSZW,2945
2026-07-25 08:41:39,4b27c0,HBPBK,LSZG,LSGL,3357
2026-07-25 08:27:30,4b1f5e,HBLWW,LSZG,LSZB,829
2026-07-25 07:55:47,4b1eb8,HBLQM,LSZG,LFRN,9678
2026-07-25 07:35:03,4b2816,HBPES,LSZG,LSZG,2116
2026-07-25 07:24:57,4b447e,HBZYK,LSZG,LSZG,2966
2026-07-25 07:01:11,4b3905,HBVPL,LSZG,LIRA,4038
2026-07-25 06:42:55,4b1b8a,HBKLE,LSZG,LSZG,6384
2026-07-24 16:37:36,4b1b8a,HBKLE,LSZG,LSZG,1210
2026-07-24 15:53:43,4b3202,HBSYK,LSZG,LSZP,645
2026-07-24 14:54:37,4b1c7b,HBKUL,LSZG,LSGC,1788
2026-07-24 13:48:13,4b1bf7,HBKPJ,LSZG,LSZM,2074
2026-07-24 12:55:30,4b447e,HBZYK,LSZG,LSZG,4594
2026-07-24 11:23:01,4b447e,HBZYK,LSZG,LSZG,1198
2026-07-24 11:21:13,4b4449,HBZWJ,LSZG,LSZG,1419
2026-07-24 10:14:00,4b28b1,HBPKR,LSZG,LSGL,2122
2026-07-24 09:54:32,4b2816,HBPES,LSZG,LSZG,1471
2026-07-24 08:47:49,4b2816,HBPES,LSZG,LSZG,1840
2026-07-24 08:47:09,4b2830,HBPFS,LSZG,EDFM,5118
2026-07-24 08:03:52,4b447e,HBZYK,LSZG,LSZG,4197
2026-07-24 07:34:29,4b1edb,HBLRV,LSZG,LFMV,3622
2026-07-24 07:13:53,4b3ab4,HBWGA,LSZG,LSZG,4810
2026-07-24 06:43:48,4b1b8a,HBKLE,LSZG,LSZL,3520
2026-07-27 16:52:12,49d261,OKPVN,LSZG,LSTZ,1082
2026-07-27 16:31:36,4b40e4,HBYOY,LSZG,LSZG,3860
2026-07-27 13:26:45,4b28b1,HBPKR,LSZG,LSGL,2149
2026-07-27 13:00:01,4b4b04,HB1629,LSZG,LSZG,668
2026-07-27 12:31:38,4b1edb,HBLRV,LSZG,EHBD,4395
2026-07-27 11:36:39,4b40e4,HBYOY,LSZG,LSTS,1267
2026-07-27 10:46:40,4b2947,HBPQL,LSZG,LSZM,1339
2026-07-27 09:53:30,4b1b13,HBKGP,LSZG,LSZB,2324
2026-07-27 09:07:28,4b326c,HBTCM,LSZG,LSGB,2096
2026-07-27 08:42:04,4b1c62,HBKTM,LSZG,LSMF,3684
2026-07-27 07:59:40,a1ec64,N223CM,LSZG,LSGY,1669
2026-07-27 07:27:22,4b5079,HB3026,LSZG,LSZG,615
2026-07-27 07:15:00,4b4b04,HB1629,LSZG,LSZG,1076
2026-07-26 14:09:16,4b28b1,HBPKR,LSZG,LSGL,2069
2026-07-26 12:25:34,4b3905,HBVPL,LSZG,LFKC,2934
2026-07-29 17:22:30,4d029e,JFA27E,LSZG,LSTZ,720
2026-07-29 17:06:48,4b40e4,HBYOY,LSZG,LSZG,2511
2026-07-29 15:21:11,4b40e4,HBYOY,LSZG,LSZG,2688
2026-07-29 15:03:01,4b5079,HB3026,LSZG,LSZG,611
2026-07-29 13:39:05,4b444c,HBZWM,LSZG,LSZG,2026
2026-07-29 13:34:43,4b447e,HBZYK,LSZG,LSZG,3905
2026-07-29 13:16:39,4b27c0,HBPBK,LSZG,LSZB,3208
2026-07-29 12:59:09,4b3ab4,HBWGA,LSZG,LSZG,2602
2026-07-29 12:28:45,4b2816,HBPES,LSZG,LSZR,2646
2026-07-29 12:25:17,4b4d2c,HB2181,LSZG,LSZG,7805
2026-07-29 11:21:30,4b0f50,HUE40H,LSZG,LFTZ,4118
2026-07-29 10:23:08,4b0878,HBDFK,LSZG,LSGY,4358
2026-07-29 10:19:31,4b4b04,HB1629,LSZG,LSZG,2089
2026-07-29 09:53:23,4b5079,HB3026,LSZG,LSZG,769
2026-07-29 09:31:09,4b1b1a,HBKGW,LSZG,LSZF,1791
2026-07-29 09:30:10,4b447e,HBZYK,LSZG,LSZG,3671
2026-07-29 08:19:11,4b086e,HBDFA,LSZG,LKKV,6804
2026-07-29 08:10:20,4b0f97,HBFXN,LSZG,EGKB,6868
2026-07-29 07:47:24,4b5079,HB3026,LSZG,LSZG,866
2026-07-29 07:07:22,4b5079,HB3026,LSZG,LSZG,739
2026-07-29 06:21:36,4b4449,HBZWJ,LSZG,LSZG,1225
2026-07-28 19:55:10,4b32fd,RGA03,LSZG,LSZB,779
2026-07-28 16:34:49,4b1f5e,HBLWW,LSZG,LSZB,1152
2026-07-28 16:22:17,4b1c69,HBKTT,LSZG,LSMF,2322
2026-07-28 16:12:34,49d65e,AAO54,LSZG,EHAM,5843
2026-07-28 14:59:25,4b326c,HBTCM,LSZG,LSTZ,1292
2026-07-28 12:45:40,4b5079,HB3026,LSZG,LSZG,2416
2026-07-28 12:10:39,4b435d,HBZNH,LSZG,LSGR,1336
2026-07-28 08:29:52,4b2816,HBPES,LSZG,LSZG,2779
2026-07-28 08:13:53,4b1b13,HBKGP,LSZG,LSZB,929
2026-07-28 07:44:13,4b4b04,HB1629,LSZG,LSZG,762
2026-07-28 07:34:03,4b3fda,HBYES,LSZG,EDFM,4857
2026-07-31 11:33:23,4b1edb,HBLRV,LSZG,LFMV,3816
2026-07-31 09:53:47,4b2858,HBPHG,LSZG,LSMA,1874
2026-07-31 09:17:23,a68d2a,N521FH,LSZG,LSZG,5566
2026-07-31 08:36:34,4b3905,HBVPL,LSZG,EGPN,7195
2026-07-31 08:31:36,4b1ab1,HBKCV,LSZG,LSZK,2671
2026-07-31 08:06:44,4b289c,HBPJW,LSZG,LFRQ,12496
2026-07-31 07:58:10,4b3ab4,HBWGA,LSZG,LSZG,4988
2026-07-31 07:31:44,4b1e45,IBD95S,LSZG,LSZG,5585
2026-07-31 07:08:46,4b0878,HBDFK,LSZG,LOIK,5109
2026-07-30 14:06:07,4b0878,HBDFK,LSZG,LSZB,2913
2026-07-30 12:44:07,4d02e3,JFA15Y,LSZG,EDAZ,5745
2026-07-30 12:27:18,4b27c0,HBPBK,LSZG,LSGL,1779
2026-07-30 11:42:30,4b5a25,HB5502,LSZG,LSZG,1485
2026-07-30 10:42:13,4b5a25,HB5502,LSZG,LSZG,1328
2026-07-30 08:31:12,a31cde,N3YZ,LSZG,LSZG,2355
2026-07-30 06:51:09,4b5079,HB3026,LSZG,LSZG,646
2026-07-30 06:50:37,4b293a,HBPPY,LSZG,LSPM,2580
2026-07-30 06:38:36,a31cde,N3YZ,LSZG,LSZG,2288
2026-07-30 06:20:21,4b1b65,HBKJT,LSZG,ESMT,7641
2026-08-02 11:42:48,4b32fd,RGA03,LSZG,LSZB,1028
2026-08-01 18:35:42,4b4436,HBZVQ,LSZG,LSGR,1977
2026-08-01 16:32:51,4b32fd,RGA03,LSZG,LSZB,1254
2026-08-01 13:33:10,4b326c,HBTCM,LSZG,LSGT,1274
2026-08-01 11:50:19,4b444c,HBZWM,LSZG,LSTS,2318
2026-08-01 09:03:58,4b3ac3,HBWGP,LSZG,LSZG,1291
2026-08-04 15:12:36,4b1a95,HBKBT,LSZG,LSZG,928
2026-08-04 11:34:19,4b1e45,HBLMB,LSZG,LSGC,3245
2026-08-04 11:19:07,4b1e46,HBLMC,LSZG,LSZG,4161
2026-08-04 11:16:30,4b1e47,HBLMD,LSZG,LSZG,4500
2026-08-04 11:05:42,4b1e44,HBLMA,LSZG,LSZG,4678
2026-08-04 10:16:57,4b444c,HBZWM,LSZG,LSZG,8149
2026-08-04 09:59:39,4b4b04,HB1629,LSZG,LSZG,1109
2026-08-04 09:27:24,4b1e47,HBLMD,LSZG,LSZG,3754
2026-08-04 09:21:18,4b1e46,HBLMC,LSZG,LSZG,3969
2026-08-04 09:20:19,4b289c,HBPJW,LSZG,LFRK,8520
2026-08-04 09:17:09,4b1e45,HBLMB,LSZG,LSZG,4786
2026-08-04 08:49:21,4b1e44,HBLMA,LSZG,LSZG,4298
2026-08-04 07:20:19,4b1e47,HBLMD,LSZG,LSZG,4833
2026-08-04 07:19:06,4b1e46,HBLMC,LSZG,LSZG,4095
2026-08-04 07:12:07,4b1e45,HBLMB,LSZG,LSZG,4067
2026-08-04 06:50:33,4b1e44,HBLMA,LSZG,LSZG,3901
2026-08-03 15:58:33,4b5079,HB3026,LSZG,LSZG,794
2026-08-03 15:39:48,4b1e47,HBLMD,LSZG,LSZG,4753
2026-08-03 14:01:00,4b1e46,IBD81B,LSZG,LSZG,4094
2026-08-03 13:41:20,4b1e47,HBLMD,LSZG,LSZG,4567
2026-08-03 13:14:14,4b1e45,HBLMB,LSZG,LSZG,3754
2026-08-03 13:05:42,4b1e44,HBLMA,LSZG,LSZG,4448
2026-08-03 12:42:14,4b1f5e,HBLWW,LSZG,LSZB,1093
2026-08-03 12:37:34,4b447e,HBZYK,LSZG,LSZG,1973
2026-08-03 12:02:09,4b1e46,IBD81A,LSZG,LSZG,4306
2026-08-03 11:23:18,4b1e45,HBLMB,LSZG,LSZG,3596
2026-08-03 10:52:21,4b1e44,HBLMA,LSZG,LSZG,4787
2026-08-03 06:11:18,4b4449,HBZWJ,LSZG,LSZG,2285
2026-08-03 06:10:39,4b1edb,HBLRV,LSZG,EHBD,4300
2026-08-03 06:00:58,4b3905,HBVPL,LSZG,EDMA,1937
2026-08-06 15:44:03,4b5079,HB3026,LSZG,LSZG,1392
2026-08-06 14:37:18,4b5079,HB3026,LSZG,LSZG,830
2026-08-06 14:10:46,4b447e,HBZYK,LSZG,LSZP,879
2026-08-06 13:46:25,4b5079,HB3026,LSZG,LSZG,1323
2026-08-06 13:45:28,a68d2a,N521FH,LSZG,LSZG,2315
2026-08-06 13:30:47,4b1c69,HBKTT,LSZG,LSMF,2374
2026-08-06 13:13:24,4b1e47,HBLMD,LSZG,LSZG,2624
2026-08-06 13:01:07,4b1f08,HBLTO,LSZG,EGKB,9273
2026-08-06 12:55:32,4b1e44,HBLMA,LSZG,LSZG,2921
2026-08-06 12:46:02,4b2923,HBPPB,LSZG,LSZM,1968
2026-08-06 12:14:52,4b447e,HBZYK,LSZG,LSZG,3306
2026-08-06 11:36:40,4b51a0,HB3321,LSZG,LSPL,2335
2026-08-06 09:48:48,4b4492,HBZZE,LSZG,LSZB,1372
2026-08-06 09:26:15,4b3304,RGA02,LSZG,LSZM,790
2026-08-06 09:10:35,4b425c,HBZDK,LSZG,LSZJ,741
2026-08-06 08:39:23,4b3eae,HBXTE,LSZG,LSZG,3247
2026-08-06 08:24:23,4b1aa5,HBKCJ,LSZG,LSPL,3066
2026-08-06 07:56:51,4b1e45,HBLMB,LSZG,EDJA,7127
2026-08-06 07:36:46,a15077,N184KP,LSZG,EDJA,3639
2026-08-06 07:14:19,4b1e46,HBLMC,LSZG,EDSN,5784
2026-08-06 06:39:27,4b1e47,HBLMD,LSZG,LOIH,3106
2026-08-06 06:34:12,4b1e44,HBLMA,LSZG,EDJA,5746
2026-08-06 06:12:28,4b1faf,HBLZZ,LSZG,LSZG,20656
2026-08-05 17:44:38,4b32fd,RGA03,LSZG,LSZM,762
2026-08-05 16:19:34,4b1b2f,HBKHR,LSZG,LSZH,1970
2026-08-05 15:14:25,4b1bbe,HBKNE,LSZG,LSZL,4039
2026-08-05 15:13:08,4b1bbf,HBKNF,LSZG,LSZL,4116
2026-08-05 14:56:22,4b5079,HB3026,LSZG,LSZG,1877
2026-08-05 13:44:05,4b1e44,HBLMA,LSZG,LSZG,3633
2026-08-05 13:40:10,4b1e47,HBLMD,LSZG,LSZG,3731
2026-08-05 13:36:21,4b1e45,HBLMB,LSZG,LSGC,2887
2026-08-05 13:09:49,4b0878,HBDFK,LSZG,LSPL,737
2026-08-05 11:41:13,4b5a25,HB5502,LSZG,LSZG,5972
2026-08-05 09:39:12,4b1e46,HBLMC,LSZG,EDJA,4067
2026-08-05 08:31:23,4b086e,HBDFA,LSZG,LSZG,4127
2026-08-05 07:46:55,4b1e45,HBLMB,LSZG,LOIR,8995
2026-08-05 07:36:09,4b1e47,HBLMD,LSZG,LSZE,4366
2026-08-05 07:34:23,4b1e44,HBLMA,LSZG,LFLB,4771
2026-08-05 07:26:05,4b1e46,HBLMC,LSZG,LSZG,3290
2026-08-05 06:56:45,4b1a95,HBKBT,LSZG,LSPL,727
2026-08-08 16:09:07,4b4072,HBYKO,LSZG,LSPL,742
2026-08-08 13:19:35,4b3202,HBSYK,LSZG,LSZG,1348
2026-08-08 09:54:10,4b5079,HB3026,LSZG,LSZG,2208
2026-08-08 09:50:14,4b3272,HBTCS,LSZG,EDJA,4405
2026-08-08 09:43:58,4b3391,HBTNT,LSZG,LSPU,1861
2026-08-08 09:04:31,4b447e,HBZYK,LSZG,LSZG,1159
2026-08-08 08:09:47,4b086e,HBDFA,LSZG,LFGZ,3011
2026-08-08 07:59:40,4b0878,HBDFK,LSZG,LSZG,1077
2026-08-08 07:40:13,4b293a,HBPPY,LSZG,LSPU,1645
2026-08-08 07:13:42,a1b7b7,N21FS,LSZG,LSPU,1456
2026-08-08 07:12:08,a52790,N431HM,LSZG,LSPU,1279
2026-08-08 07:01:20,4b447e,HBZYK,LSZG,LSZG,3074
2026-08-07 15:13:04,4b066f,HBCLJ,LSZG,LSPN,1286
2026-08-07 14:50:41,4b51f5,HB3406,LSZG,LSZG,1241
2026-08-07 14:22:30,4b1f5e,HBLWW,LSZG,LSZB,3949
2026-08-07 14:18:52,a50e57,N425BM,LSZG,EDMA,2488
2026-08-07 13:56:31,4b3304,RGA02,LSZG,LSZM,928
2026-08-07 13:28:19,4b1e69,HBLNL,LSZG,LFMD,3717
2026-08-07 13:09:18,4b3304,RGA02,LSZG,LSZG,607
2026-08-07 12:48:34,4b3273,HBTCT,LSZG,LSMM,1176
2026-08-07 12:45:49,4b0c1d,HBEPH,LSZG,LSMF,2400
2026-08-07 12:36:15,4b501c,HB2933,LSZG,LSPO,1057
2026-08-07 12:06:52,4b4b04,HB1629,LSZG,LSZG,889
2026-08-07 11:17:39,4b3ab4,HBWGA,LSZG,LSZG,3879
2026-08-07 09:55:31,4b4b04,HB1629,LSZG,LSZG,1138
2026-08-07 09:19:07,4b4b04,HB1629,LSZG,LSZG,667
2026-08-07 09:17:40,4b10e2,HBGKG,LSZG,EHAM,8829
2026-08-07 08:49:25,4b4449,HBZWJ,LSZG,LSZJ,1384
2026-08-07 08:38:05,4b1faf,HBLZZ,LSZG,LFLY,4056
2026-08-07 08:15:55,4b2816,HBPES,LSZG,LFBZ,11130
2026-08-07 08:04:52,4b3ab4,HBWGA,LSZG,LSZG,5037
2026-08-07 07:53:52,4b4cce,HB2087,LSZG,LSZI,1070
2026-08-07 07:50:11,4b1e44,IBD65A,LSZG,EDSB,6448
2026-08-07 07:34:07,4b1e45,IBD75G,LSZG,LFGJ,6379
2026-08-07 07:19:53,4b1aa8,HBKCM,LSZG,LEAP,5240
2026-08-07 07:08:15,4b1e46,IBD85M,LSZG,EDJA,5712
2026-08-07 06:54:04,4b1e47,IBD95S,LSZG,EDDR,5715
2026-08-07 06:17:03,4b3391,HBTNT,LSZG,LSGB,2031
2026-08-10 16:16:36,4b42aa,HBZGK,LSZG,LSZP,1689
2026-08-10 13:16:32,4b1e47,HBLMD,LSZG,LSZG,4485
2026-08-10 13:01:43,4b447e,HBZYK,LSZG,LSZG,3277
2026-08-10 12:54:00,4b1e46,HBLMC,LSZG,LSZG,4984
2026-08-10 12:48:39,4b1e45,HBLMB,LSZG,LSZG,4433
2026-08-10 09:36:27,4b3ab4,HBWGA,LSZG,LSZG,4314
2026-08-10 09:31:41,4b2947,HBPQL,LSZG,LSZM,1414
2026-08-10 09:27:33,4b4b04,HB1629,LSZG,LSZG,621
2026-08-10 09:27:13,4b1e44,IBD61A,LSZG,EDTL,5686
2026-08-10 09:03:48,4b425c,HBZDK,LSZG,LSZJ,907
2026-08-10 07:43:47,4b1e46,IBD81M,LSZG,EDTL,6551
2026-08-10 07:40:15,4b1e44,HBLMA,LSZG,LSZG,2414
2026-08-10 07:22:03,4b1e47,IBD91S,LSZG,LFGJ,2726
2026-08-10 07:14:07,4b1e45,IBD71G,LSZG,EDTB,6736
2026-08-10 07:11:21,4b447e,HBZYK,LSZG,LSZJ,1177
2026-08-10 07:10:22,a50e57,N425BM,LSZG,EDFH,3743
2026-08-10 07:07:04,4b3eae,HBXTE,LSZG,LSZB,1685
2026-08-09 14:24:23,393022,FGMBC,LSZG,LSGG,1920
2026-08-09 14:03:53,4b28b1,HBPKR,LSZG,LSGL,2150
2026-08-09 12:19:04,3d1dd0,DEJNS,LSZG,EDLP,7641
2026-08-09 10:45:11,4b4b04,HB1629,LSZG,LSZG,3277
2026-08-09 10:14:33,4b3ab4,HBWGA,LSZG,LSZG,2313
2026-08-09 06:02:15,4b2811,HBPEN,LSZG,LSZB,788
2026-08-12 17:13:45,3d05f7,DEAMX,LSZG,EDSB,3954
2026-08-12 13:06:52,4b4089,HBYLL,LSZG,LSZF,2631
2026-08-12 13:04:49,4b40f1,HBYPL,LSZG,LSZK,2126
2026-08-12 13:03:00,3d26fb,DEMZZ,LSZG,LSTS,2037
2026-08-12 13:01:11,4b4072,HBYKO,LSZG,LSZE,3263
2026-08-12 12:41:15,4b4b04,HB1629,LSZG,LSZG,709
2026-08-12 12:12:07,4b2816,HBPES,LSZG,LSZG,1944
2026-08-12 10:00:48,4b3905,,LSZG,LEIB,6356
2026-08-12 08:21:17,4b086e,HBDFA,LSZG,EHRD,10080
2026-08-12 08:13:59,4b1e46,IBD83M,LSZG,EDFM,6828
2026-08-12 07:50:33,4b1e47,IBD93S,LSZG,LFSG,5875
2026-08-12 07:44:47,a31cde,N3YZ,LSZG,LSZG,3321
2026-08-12 07:25:47,4b1e45,IBD73G,LSZG,EDFM,6096
2026-08-12 07:18:51,4b1aa8,HBKCM,LSZG,EDDC,4780
2026-08-12 07:16:27,4b1b8a,HBKLE,LSZG,LSTZ,2218
2026-08-12 06:33:03,4b1e44,IBD63A,LSZG,LFGA,2185
2026-08-11 18:01:30,4b1bf7,HBKPJ,LSZG,LSZM,2669
2026-08-11 16:39:22,4b1e15,HBLKF,LSZG,LSZG,2186
2026-08-11 15:24:47,4b1e15,HBLKF,LSZG,LSZG,937
2026-08-11 14:48:48,4b1b8a,HBKLE,LSZG,LSZG,685
2026-08-11 14:17:48,4b4419,LAS1,LSZG,LSZF,1040
2026-08-11 14:11:33,4b1e44,HBLMA,LSZG,LSZG,5618
2026-08-11 13:29:05,4b1e45,HBLMB,LSZG,LSZG,5309
2026-08-11 12:53:56,4b40e4,HBYOY,LSZG,EDMA,4443
2026-08-11 12:35:31,4b447e,HBZYK,LSZG,LSZG,2799
2026-08-11 11:20:56,4b4d2c,HB2181,LSZG,LSZG,15161
2026-08-11 11:19:41,4b1e47,IBD92S,LSZG,EDFM,6473
2026-08-11 11:05:31,4b3ab4,HBWGA,LSZG,LSZP,1696
2026-08-11 09:59:07,4b3ab4,HBWGA,LSZG,LSZG,2121
2026-08-11 09:48:44,4b5079,HB3026,LSZG,LSZG,1348
2026-08-11 09:18:30,4b5079,HB3026,LSZG,LSZG,912
2026-08-11 09:01:11,4b1e47,HBLMD,LSZG,LSZG,5821
2026-08-11 08:36:10,4b1e44,IBD62A,LSZG,LFST,6544
2026-08-11 08:33:10,4b447e,HBZYK,LSZG,LSZG,3640
2026-08-11 08:29:11,4b5079,HB3026,LSZG,LSZG,1117
2026-08-11 08:11:09,4b1e46,IBD82M,LSZG,EDTL,6715
2026-08-11 07:35:04,4b1e45,IBD72G,LSZG,EDDR,4693
2026-08-11 07:31:51,4b2816,HBPES,LSZG,LSGL,1613
2026-08-11 07:00:35,4b1e47,HBLMD,LSZG,LSZG,2892
2026-08-11 06:05:21,4b1e44,HBLMA,LSZG,LSZG,5368
2026-08-14 18:00:48,4b293f,HBPQD,LSZG,LSZM,3810
2026-08-14 17:55:33,4b32fd,RGA03,LSZG,LSZB,749
2026-08-14 15:37:16,4b3fc2,HBYDU,LSZG,LSZC,1249
2026-08-14 13:30:43,4b1b8a,HBKLE,LSZG,LSGL,2368
2026-08-14 12:03:29,4b2816,HBPES,LSZG,LOIK,5762
2026-08-14 11:03:50,4b1c69,HBKTT,LSZG,EDTF,2840
2026-08-14 09:28:23,4b3ac3,HBWGP,LSZG,LSZG,3134
2026-08-14 09:02:03,4b0618,HBCIA,LSZG,LSPL,1661
2026-08-14 08:22:48,4b4449,HBZWJ,LSZG,LSZG,3292
2026-08-14 07:39:21,4b1e47,IBD95S,LSZG,LSZB,2072
2026-08-14 07:21:17,4b1e45,IBD75G,LSZG,LSZG,5413
2026-08-14 07:05:36,4b1e46,IBD85M,LSZG,LSZG,4992
2026-08-14 06:56:20,4b1e44,HBLMA,LSZG,LSZG,5399
2026-08-14 06:54:16,4b1b8a,HBKLE,LSZG,LSGR,1421
2026-08-14 06:37:27,4b3fda,HBYES,LSZG,LSGN,5523
2026-08-13 17:58:00,4b2788,HBOZG,LSZG,LSZK,2822
2026-08-13 17:48:36,4b1e69,HBLNL,LSZG,LFMD,3708
2026-08-13 14:49:29,4b4449,HBZWJ,LSZG,LSZG,6005
2026-08-13 14:27:37,4b1b8a,HBKLE,LSZG,LSPV,3095
2026-08-13 13:53:00,4b1e44,HBLMA,LSZG,LSZG,2855
2026-08-13 13:50:26,4b293a,HBPPY,LSZG,LSZW,3147
2026-08-13 12:16:10,4b1e45,HBLMB,LSZG,LSZG,5060
2026-08-13 12:01:19,4b32a5,HBTER,LSZG,LSZK,1976
2026-08-13 11:45:16,4b1e44,HBLMA,LSZG,LSZG,5140
2026-08-13 11:02:54,4b0d1e,HBEZE,LSZG,LSZR,4493
2026-08-13 09:35:33,4b40e4,HBYOY,LSZG,LSZF,1404
2026-08-13 09:33:19,4b1e47,HBLMD,LSZG,LSZG,4980
2026-08-13 09:30:14,4b1e46,HBLMC,LSZG,LSGC,915
2026-08-13 09:28:39,4b28aa,HBPKK,LSZG,LSZB,3699
2026-08-13 09:15:25,4b1e45,HBLMB,LSZG,LSZG,5374
2026-08-13 09:12:34,4b1b8a,HBKLE,LSZG,LSGE,1254
2026-08-13 07:12:14,4b1e47,HBLMD,LSZG,LSZG,5474
2026-08-13 07:04:04,4b1e45,HBLMB,LSZG,LSZG,5829
2026-08-13 06:00:53,a31cde,N3YZ,LSZG,LSPU,814
2026-08-16 16:46:31,4b2ff5,HBSEF,LSZG,LSZM,3709
2026-08-16 16:22:48,4b448b,HBZYX,LSZG,LSZB,961
2026-08-16 16:13:41,4b4443,HBZWD,LSZG,LSZB,609
2026-08-16 16:12:09,4b4492,HBZZE,LSZG,LSZB,751
2026-08-16 14:14:02,4b4444,HBZWE,LSZG,LSZG,1253
2026-08-16 13:55:46,4b4449,HBZWJ,LSZG,LSZG,1201
2026-08-16 13:29:42,4b4492,HBZZE,LSZG,LSZG,1090
2026-08-16 13:18:10,4b4443,HBZWD,LSZG,LSZG,3910
2026-08-16 12:39:44,4b447e,HBZYK,LSZG,LSZG,1373
2026-08-16 12:36:30,4b4492,HBZZE,LSZG,LSZG,1227
2026-08-16 12:28:32,4b4449,HBZWJ,LSZG,LSZG,1316
2026-08-16 12:27:08,4b4443,HBZWD,LSZG,LSZG,2068
2026-08-16 12:25:04,4b4444,HBZWE,LSZG,LSZG,5469
2026-08-16 11:28:14,4b32fd,RGA03,LSZG,LSGC,883
2026-08-16 11:21:00,4b4492,HBZZE,LSZG,LSZG,1255
2026-08-16 11:19:49,4b4443,HBZWD,LSZG,LSZG,1325
2026-08-16 11:11:11,4b447e,HBZYK,LSZG,LSZG,913
2026-08-16 10:35:04,4b4444,HBZWE,LSZG,LSZG,3760
2026-08-16 10:33:23,4b303c,HBSGY,LSZG,LSZH,2214
2026-08-16 10:31:47,4b4492,HBZZE,LSZG,LSZG,1212
2026-08-16 10:23:51,4b447e,HBZYK,LSZG,LSZG,1053
2026-08-16 10:10:42,4b4449,HBZWJ,LSZG,LSZG,5296
2026-08-16 09:20:47,4b4443,HBZWD,LSZG,LSZG,5572
2026-08-16 09:19:31,4b447e,HBZYK,LSZG,LSZG,1193
2026-08-16 09:17:42,4b1ea1,HBLPP,LSZG,LSZG,3240
2026-08-16 08:06:44,4b447e,HBZYK,LSZG,LSZG,1165
2026-08-16 07:30:20,4b4443,HBZWD,LSZG,LSZG,4522
2026-08-16 07:20:17,4b4449,HBZWJ,LSZG,LSZG,8555
2026-08-15 15:31:51,4b447e,HBZYK,LSZG,LSZG,1353
2026-08-15 15:26:12,4b42ca,HBZHQ,LSZG,LSZR,2574
2026-08-15 14:49:00,4b42ca,HBZHQ,LSZG,LSZG,742
2026-08-15 13:03:48,4b447e,HBZYK,LSZG,LSZG,1742
2026-08-15 12:52:17,4b2841,HBPGJ,LSZG,LSGG,2235
2026-08-15 12:40:03,4b1b8a,HBKLE,LSZG,LSPL,902
2026-08-15 11:47:13,4b2959,HBPRD,LSZG,LSZM,2009
2026-08-15 09:20:04,ab8901,N842TS,LSZG,LSZR,2452
2026-08-15 08:59:25,4b1b65,HBKJT,LSZG,LFGJ,2213
2026-08-15 08:38:35,4b2811,HBPEN,LSZG,LSZB,925
2026-08-15 07:59:14,4b2841,HBPGJ,LSZG,LSPV,6404
2026-08-15 07:46:18,4b4dc9,HB2338,LSZG,LSPD,2848
2026-08-15 06:23:40,4b0878,HBDFK,LSZG,LDPM,8626
2026-08-15 06:03:58,4b3905,HBVPL,LSZG,EGPE,7366
2026-08-18 16:38:58,4b1ea1,HBLPP,LSZG,LSZG,3227
2026-08-18 15:54:26,4b4462,HBZXI,LSZG,LSZB,873
2026-08-18 15:36:04,4b1f4d,HBLWF,LSZG,LSZM,1936
2026-08-18 15:06:37,4b1f08,HBLTO,LSZG,LOAV,6173
2026-08-18 14:44:00,a071d2,N128ED,LSZG,LSZF,1099
2026-08-18 13:13:07,4b1ef1,HBLSR,LSZG,LSZM,1098
2026-08-18 12:21:44,4b32fe,RGAIC,LSZG,LSZG,3658
2026-08-18 11:57:19,4b293a,HBPPY,LSZG,LSGE,1340
2026-08-18 11:54:51,4b5079,HB3026,LSZG,LSZG,2101
2026-08-18 11:13:04,4b32fe,RGAIC,LSZG,LSZG,3200
2026-08-18 11:04:41,4b1e45,IBD72I,LSZG,LFGJ,4608
2026-08-18 08:40:54,4b1e47,IBD92S,LSZG,EDTB,6424
2026-08-18 08:37:43,4b39f0,HBVYM,LSZG,LFMD,3284
2026-08-18 08:05:19,4b1e44,IBD62A,LSZG,LFGJ,4812
2026-08-18 06:09:08,4b1e45,IBD72G,LSZG,LFJL,5588
2026-08-17 17:13:13,3e7e16,DKMYG,LSZG,LSZW,3480
2026-08-17 12:04:46,4b1e45,IBD71G,LSZG,LSZG,5066
2026-08-17 11:42:33,a8cac3,N666CP,LSZG,EDQA,4779
2026-08-17 09:38:55,4b1e47,IBD91S,LSZG,LFLP,4432
2026-08-17 08:43:37,4b1e44,IBD61A,LSZG,LFLY,4930
2026-08-17 08:20:41,4b1e46,IBD81M,LSZG,LSZB,2357
2026-08-17 06:15:05,4d2199,ULC44,LSZG,LFTZ,3191
2026-08-20 14:57:02,4b1e47,IBD94V,LSZG,LSZG,4919
2026-08-20 14:33:38,4b1e44,IBD64C,LSZG,LSZG,5467
2026-08-20 14:20:53,4b1e45,IBD74I,LSZG,LSZG,4987
2026-08-20 13:13:06,4b3ff8,HBYFW,LSZG,LSZG,790
2026-08-20 11:37:37,4b32fe,RGAIC,LSZG,LSZB,3608
2026-08-20 10:58:36,4b1f30,HBLVC,LSZG,LSME,1537
2026-08-20 09:58:35,4b3ff8,HBYFW,LSZG,LSZG,3624
2026-08-20 08:31:04,4b3ff8,HBYFW,LSZG,LSZG,1457
2026-08-20 08:30:04,4b1b8a,HBKLE,LSZG,EDRY,4733
2026-08-20 08:25:06,4b1aa8,HBKCM,LSZG,LSZG,1585
2026-08-20 08:20:39,4b425c,HBZDK,LSZG,LSZG,2745
2026-08-20 08:05:35,4b1e44,IBD64A,LSZG,LFSO,5479
2026-08-20 07:57:09,4b1e47,IBD94S,LSZG,LFSV,4638
2026-08-20 07:43:33,4b1e45,IBD74G,LSZG,LFSV,5118
2026-08-19 20:37:17,4b32fe,RGAIC,LSZG,LSZG,987
2026-08-19 19:42:04,4b32fe,RGAIC,LSZG,LSZG,848
2026-08-19 14:35:43,4b1b8a,HBKLE,LSZG,LSZG,4253
2026-08-19 13:22:37,4b3ab4,HBWGA,LSZG,LSGT,2391
2026-08-19 12:47:33,4b06f4,HBCQM,LSZG,LSZN,3262
2026-08-19 12:09:46,4b3ab4,HBWGA,LSZG,LSZG,3162
2026-08-19 12:02:03,4b1e47,IBD93U,LSZG,LSZG,4143
2026-08-19 11:18:18,4b1e44,IBD63C,LSZG,LSZG,6565
2026-08-19 11:14:30,4b32fe,RGAIC,LSZG,LSZG,2301
2026-08-19 09:03:34,4b1b8a,HBKLE,LSZG,LSZL,4222
2026-08-19 08:55:27,4b32fe,RGAIC,LSZG,LSZG,2580
2026-08-19 07:37:14,4b3fda,HBYES,LSZG,LSZG,4594
2026-08-19 07:28:34,4b1e45,IBD73G,LSZG,EDSB,6007
2026-08-19 06:49:40,4b1e44,IBD63A,LSZG,EDNY,5355
2026-08-19 06:21:15,4b1e47,IBD93S,LSZG,LFGJ,5168
2026-08-22 14:14:04,4b27b7,HBPBB,LSZG,LSZF,1637
2026-08-22 13:37:30,4b447e,HBZYK,LSZG,LSZG,2176
2026-08-22 13:36:09,4b089d,HBDGV,LSZG,LFLI,2268
2026-08-22 13:06:24,4b4156,HBYTI,LSZG,LSZP,665
2026-08-22 12:10:00,4b4449,HBZWJ,LSZG,LSZG,1144
2026-08-22 11:10:47,4b40df,HBYOT,LSZG,LSGY,1346
2026-08-22 10:50:04,4b3f6a,HBYAK,LSZG,LSGB,3148
2026-08-22 10:48:52,4b406a,HBYKG,LSZG,LFGA,2048
2026-08-22 10:46:11,4b41ae,HBYWS,LSZG,LSZF,1452
2026-08-22 10:40:22,4b4449,HBZWJ,LSZG,LSZG,3612
2026-08-22 10:33:37,4b3ab4,HBWGA,LSZG,LSZG,2304
2026-08-22 09:32:39,4b3f6a,HBYAK,LSZG,LSZG,3275
2026-08-22 09:10:05,4b447e,HBZYK,LSZG,LSZG,1432
2026-08-22 08:49:23,4b40df,HBYOT,LSZG,LSZG,2583
2026-08-22 08:05:43,4b41ae,HBYWS,LSZG,LSZG,1903
2026-08-22 07:18:30,4b28a6,HBPKG,LSZG,LOWS,6503
2026-08-22 06:58:35,4b447e,HBZYK,LSZG,LSZG,3343
2026-08-21 15:41:33,4b1e69,HBLNL,LSZG,LFMD,3705
2026-08-21 13:49:51,a52790,N431HM,LSZG,LSZG,940
2026-08-21 13:19:25,4b32fe,RGAIC,LSZG,LSGR,1317
2026-08-21 10:16:20,4b1e45,IBD75H,LSZG,LFLS,6396
2026-08-21 09:47:21,4b1faf,HBLZZ,LSZG,LKTO,5503
2026-08-21 09:21:15,4b1f98,HBLZC,LSZG,LSZB,1199
2026-08-21 08:21:05,4b1ea1,HBLPP,LSZG,LKTO,5685
2026-08-21 08:05:06,4b1e45,IBD75G,LSZG,LSZG,4981
2026-08-21 07:46:03,4b289c,HBPJW,LSZG,LKTO,6826
2026-08-21 07:32:03,4b1f94,HBLYY,LSZG,EDQM,6116
2026-08-21 07:24:27,4b3905,HBVPL,LSZG,EDMA,2066
2026-08-21 07:14:39,4b1e47,IBD95S,LSZG,EDDR,5479
2026-08-21 07:00:13,4b1aa8,HBKCM,LSZG,LSZB,610
2026-08-21 06:49:37,4b1e45,HBLMB,LSZG,LSZG,2510
2026-08-21 06:35:19,4b1e44,IBD64A,LSZG,LFST,4622
2026-08-24 16:44:22,4b0c39,HBEQJ,LSZG,LSME,3116
2026-08-24 14:36:37,a50e57,N425BM,LSZG,EDMS,3862
2026-08-24 14:26:30,4b1c63,HBKTN,LSZG,LSZF,4535
2026-08-24 13:47:46,4b1bf6,HBKPI,LSZG,LSZM,2573
2026-08-24 13:15:09,4b1ea1,HBLPP,LSZG,EDMS,4899
2026-08-24 12:48:24,4b23e0,HBNPG,LSZG,LSGE,1237
2026-08-24 12:15:32,4b1aa5,HBKCJ,LSZG,LSPL,11381
2026-08-24 11:51:50,4b1b74,HBKKI,LSZG,LSGE,2949
2026-08-24 09:19:10,a071d2,N128ED,LSZG,EDDC,7367
2026-08-24 08:46:34,4b23e0,HBNPG,LSZG,LSGL,3985
2026-08-24 08:36:12,4b1e44,IBD61A,LSZG,EDTX,5086
2026-08-24 08:16:47,4b1e47,IBD91S,LSZG,EDDN,5849
2026-08-24 08:02:03,4b1e46,IBD81M,LSZG,EDDN,6064
2026-08-24 07:47:24,4b1e45,IBD71G,LSZG,EDDR,7459
2026-08-24 06:01:03,4b3905,HBVPL,LSZG,LSZM,964
2026-08-23 14:04:34,4b08aa,HBDHI,LSZG,LSZF,1622
2026-08-23 13:59:21,4b39f0,HBVYM,LSZG,LFMD,3965
2026-08-23 13:18:17,4b5a25,HB5502,LSZG,LSZG,3391
2026-08-23 13:00:03,4b4072,HBYKO,LSZG,LSZE,3054
2026-08-23 12:45:41,4b3abb,HBWGH,LSZG,LSGE,2694
2026-08-23 12:30:05,4b5a25,HB5502,LSZG,LSZG,1976
2026-08-23 11:53:03,4b4c90,HB2025,LSZG,LSZJ,11077
2026-08-23 11:36:10,4b1eb8,HBLQM,LSZG,LSZG,2768
2026-08-23 10:48:36,4b4b8b,HB1764,LSZG,LSZJ,8159
2026-08-23 09:12:15,4b1b65,HBKJT,LSZG,LFTW,4360
2026-08-23 08:57:34,4b293a,HBPPY,LSZG,EDQY,7300
2026-08-23 05:41:46,4b2cbb,HBQYL,LSZG,LSZP,933
2026-08-26 15:50:47,4b1e45,HBLMB,LSZG,LSZG,3887
2026-08-26 14:56:08,4b0acb,HBECH,LSZG,LSMF,3875
2026-08-26 13:41:12,4b1e44,HBLMA,LSZG,LSZG,5815
2026-08-26 13:13:04,4b3e95,LAS1,LSZG,LSZF,1102
2026-08-26 12:02:31,4b28aa,HBPKK,LSZG,LSZB,1021
2026-08-26 11:50:51,4b1f08,HBLTO,LSZG,LSZR,1974
2026-08-26 11:26:38,4b4417,HBZUL,LSZG,LSZX,2537
2026-08-26 11:15:42,5002d5,T7SIX,LSZG,LSZX,2207
2026-08-26 11:00:19,4b086e,HBDFA,LSZG,LSTB,2865
2026-08-26 10:39:00,4b28a6,HBPKG,LSZG,LSPL,711
2026-08-26 09:10:17,4b2841,HBPGJ,LSZG,LSGG,2654
2026-08-26 08:55:01,4b28a6,HBPKG,LSZG,LSZG,2157
2026-08-26 08:53:06,4b32fe,RGAIC,LSZG,LSZC,3932
2026-08-26 08:42:43,4b1f9d,HBLZH,LSZG,LSZB,2528
2026-08-26 07:03:45,4b32fd,RGAIB,LSZG,LSZB,3041
2026-08-25 13:41:31,4b1e45,HBLMB,LSZG,LSZG,4470
2026-08-25 13:20:01,adf489,N999EU,LSZG,EDMA,3317
2026-08-25 13:15:31,4b32fe,RGAIC,LSZG,LSZG,4579
2026-08-25 11:40:46,4b32fe,RGAIC,LSZG,LSZG,4420
2026-08-25 11:22:36,adf489,N999EU,LSZG,LSZG,1032
2026-08-25 11:03:55,4b10e2,HBGKG,LSZG,LFPB,5741
2026-08-25 09:17:50,4b425c,HBZDK,LSZG,LSZG,2189
2026-08-25 08:29:38,4b1e45,HBLMB,LSZG,LSGL,4984
2026-08-25 08:10:49,a52790,N431HM,LSZG,LFGJ,3496
2026-08-25 07:33:50,4b1e44,IBD62A,LSZG,EDJA,4204
2026-08-25 07:30:33,4b1aa8,HBKCM,LSZG,LEGE,5548
2026-08-25 07:26:06,4b1e46,IBD82M,LSZG,EDJA,4454
2026-08-25 07:09:24,4b1e47,IBD92S,LSZG,EDJA,4175
2026-08-25 05:45:24,4b39f0,HBVYM,LSZG,EDDK,5719
2026-08-28 11:43:24,4b1e46,HBLMC,LSZG,LSZP,1085
2026-08-28 09:52:10,4b32fd,RGA03,LSZG,LSZN,1098
2026-08-28 06:37:21,a0ca7a,N150D,LSZG,LSZR,2974
2026-08-28 06:06:52,4b444c,HBZWM,LSZG,LFMD,9464
2026-08-28 06:02:21,4b0878,HBDFK,LSZG,LSZG,2552
2026-08-27 17:25:49,3d1dd0,DEJNS,LSZG,EDLP,7188
2026-08-27 15:39:48,4b32fe,RGAIC,LSZG,LSGR,4149
2026-08-27 12:51:31,45a823,OYJAC,LSZG,EKVB,8619
2026-08-27 12:39:03,4b1b8a,HBKLE,LSZG,LSZG,1975
2026-08-27 12:35:37,4b32fe,RGAIC,LSZG,LSZG,6982
2026-08-27 10:57:12,4b2ef8,HBSDS,LSZG,LSGC,2857
2026-08-27 10:11:33,4b1e46,HBLMC,LSZG,LSZG,727
2026-08-27 09:38:08,4b2830,HBPFS,LSZG,LSZG,2887
2026-08-27 09:20:37,4b32fe,RGAIC,LSZG,LSZG,2038
2026-08-27 08:56:37,4b280f,HBPEL,LSZG,LSGC,4123
2026-08-27 08:34:50,4d2199,ULC44,LSZG,LSGB,1100
2026-08-27 08:26:37,4b1e44,IBD64A,LSZG,EDJA,4120
2026-08-27 08:24:12,4b3021,HBSFX,LSZG,LSZN,2697
2026-08-27 08:08:36,4b1e47,IBD94S,LSZG,EDJA,3649
2026-08-27 07:21:59,4b2816,HBPES,LSZG,LSZE,2482
2026-08-27 06:07:29,4b1b8a,HBKLE,LSZG,LSZX,2286
2026-08-27 05:01:34,4b3905,HBVPL,LSZG,LSZH,1246
2026-08-30 16:15:18,4b4434,HBZVO,LSZG,LSTZ,1287
2026-08-30 15:24:11,4b1b8a,HBKLE,LSZG,LSZG,3994
2026-08-30 13:16:09,4b2830,HBPFS,LSZG,LSZQ,870
2026-08-30 08:42:00,4b1b8a,HBKLE,LSZG,LSZA,3779
2026-08-30 08:40:59,4b08a2,HBDHA,LSZG,LFLY,3896
2026-08-30 08:31:06,4b1ac0,HBKDK,LSZG,LSGE,1043
2026-08-30 08:01:55,4b1b65,HBKJT,LSZG,LFLY,2442
2026-08-30 07:29:11,4b40e4,HBYOY,LSZG,LSZG,4985
2026-08-30 07:02:05,4b1b8a,HBKLE,LSZG,LSZG,3380
2026-08-29 18:59:30,4b3300,RGA02,LSZG,LSZM,813
2026-08-29 18:30:17,4d2016,ALE85,LSZG,LFMN,3960
2026-08-29 15:18:00,4b0618,HBCIA,LSZG,LSPL,970
2026-08-29 14:54:31,4b3202,HBSYK,LSZG,LSZP,701
2026-08-29 14:32:43,4b1c63,HBKTN,LSZG,LSMF,2316
2026-08-29 14:10:53,4b4434,HBZVO,LSZG,LSZG,841
2026-08-29 13:21:30,3e3f62,DIPEW,LSZG,EDLD,3842
2026-08-29 13:15:23,4b3eae,HBXTE,LSZG,LSGK,2026
2026-08-29 12:12:52,4b39f0,HBVYM,LSZG,LSGG,1154
2026-08-29 11:55:15,a071d2,N128ED,LSZG,LSZF,947
2026-08-29 11:26:49,4b0878,HBDFK,LSZG,EDQY,5895
2026-08-29 11:03:04,4b3510,HBUCM,LSZG,LSPG,1833
2026-08-29 10:07:41,4b4434,HBZVO,LSZG,LSZG,604
2026-08-29 09:27:41,4b1b8a,HBKLE,LSZG,LSPU,1725
2026-08-29 08:27:53,4b289c,HBPJW,LSZG,LFMD,6904
2026-08-29 07:15:19,4b447e,HBZYK,LSZG,LSZG,2261
2026-09-01 16:39:15,4b4134,HBYSA,LSZG,LSZF,1555
2026-09-01 15:23:20,4b1f08,HBLTO,LSZG,LFPN,5815
2026-09-01 14:59:40,4b1edb,HBLRV,LSZG,LIRP,3641
2026-09-01 14:18:16,4b1e44,HBLMA,LSZG,LSZG,2526
2026-09-01 13:42:41,4b1e47,HBLMD,LSZG,LSGC,4964
2026-09-01 12:51:38,4b5a25,HB5502,LSZG,LSZG,2825
2026-09-01 12:32:44,4b07ab,HBCXN,LSZG,LSZG,1654
2026-09-01 12:05:36,4b415a,HBYTM,LSZG,LSZT,3014
2026-09-01 11:34:01,4b1e44,HBLMA,LSZG,LSGE,2097
2026-09-01 11:32:13,4b5a25,HB5502,LSZG,LSZG,2464
2026-09-01 11:12:17,4b1e47,HBLMD,LSZG,LSZG,6702
2026-09-01 10:26:59,4b1b8a,HBKLE,LSZG,LSTS,1849
2026-09-01 09:54:21,4b447e,HBZYK,LSZG,LSZG,4189
2026-09-01 09:43:15,4b1b65,HBKJT,LSZG,ESMT,7841
2026-09-01 07:25:54,4b1e47,HBLMD,LSZG,LSZG,5555
2026-09-01 06:19:17,4b0878,HBDFK,LSZG,LSZG,3630
2026-09-01 06:15:58,4b1e46,HBLMC,LSZG,LSGE,3414
2026-08-31 16:00:21,a28781,N262MC,LSZG,LSZM,1615
2026-08-31 13:12:10,4b447e,HBZYK,LSZG,LSZG,3949
2026-08-31 11:52:06,4b1faf,HBLZZ,LSZG,LSZG,6980
2026-08-31 11:34:31,4b3e95,LAS1,LSZG,LSZN,1458
2026-08-31 11:21:07,4b1e47,HBLMD,LSZG,LSGL,5331
2026-08-31 11:19:14,4b1e46,HBLMC,LSZG,LSGY,7149
2026-08-31 10:16:51,4b1e44,IBD61A,LSZG,EDJA,3937
2026-08-31 09:12:03,48d247,SPWTH,LSZG,LSZN,1653
2026-08-31 09:09:11,4b447e,HBZYK,LSZG,LSZG,4238
2026-08-31 08:37:08,4b1e46,HBLMC,LSZG,LSZG,6739
2026-08-31 08:20:39,4b4449,HBZWJ,LSZG,LSZG,2928
2026-08-31 07:31:47,4b1e44,HBLMA,LSZG,LSZG,5587
2026-08-31 06:24:04,4b1e47,HBLMD,LSZG,LSGL,5107
2026-08-31 05:36:33,4b10e2,HBGKG,LSZG,LFPB,5899
2026-09-03 15:39:33,4d2199,ULC44,LSZG,LFMV,2560
2026-09-03 15:23:26,4b446e,HBZXU,LSZG,LSZB,3377
2026-09-03 14:29:15,4b1b8a,HBKLE,LSZG,LSGN,1033
2026-09-03 14:23:24,4b1e47,IBD94U,LSZG,LSGC,1535
2026-09-03 14:03:44,4b1e46,IBD84P,LSZG,LSZG,6316
2026-09-03 13:49:16,4b1e44,IBD63C,LSZG,LSGC,2373
2026-09-03 13:31:41,4d02ec,JFA10N,LSZG,EGKB,7228
2026-09-03 13:06:55,4b1ea1,HBLPP,LSZG,EDMS,5361
2026-09-03 12:46:05,4b447e,HBZYK,LSZG,LSZG,4289
2026-09-03 12:20:38,4b4dc9,HB2338,LSZG,LSPD,2119
2026-09-03 12:12:31,4b0e69,HBFLX,LSZG,LSGE,791
2026-09-03 12:00:07,4b1e47,IBD94T,LSZG,LSZG,5563
2026-09-03 11:42:49,4b5079,HB3026,LSZG,LSZG,5113
2026-09-03 11:23:35,4b1e46,IBD84O,LSZG,LSZG,5483
2026-09-03 10:37:00,4b1e44,IBD64B,LSZG,LSZG,4970
2026-09-03 10:11:08,4b1e47,IBD94S,LSZG,LSZG,3077
2026-09-03 09:15:46,4b1c62,HBKTM,LSZG,LSMF,2712
2026-09-03 09:03:30,4b1e46,IBD84N,LSZG,LSZG,4466
2026-09-03 09:00:29,4b1edb,HBLRV,LSZG,LFKC,4330
2026-09-03 08:32:35,4b1b8a,HBKLE,LSZG,LSZL,3017
2026-09-03 07:56:21,4b1e47,IBD94S,LSZG,LSZG,4802
2026-09-03 07:48:04,4b1faf,HBLZZ,LSZG,EDTY,3695
2026-09-03 07:17:59,4b1e44,IBD64A,LSZG,LSZG,5790
2026-09-03 06:55:16,4b1e46,IBD84M,LSZG,LSZG,4723
2026-09-02 18:30:11,4b32fd,RGA03,LSZG,LSZM,737
2026-09-02 15:31:07,4b1b8a,HBKLE,LSZG,LSZG,1973
2026-09-02 13:59:14,4b1e44,IBD63D,LSZG,LSZG,7171
2026-09-02 13:57:46,4b1b9d,HBKLX,LSZG,LSGT,1272
2026-09-02 13:38:15,4b1e46,IBD83N,LSZG,LSGE,3428
2026-09-02 13:24:20,4b1e47,IBD93U,LSZG,LSZG,5683
2026-09-02 12:53:04,4b07ab,HBCXN,LSZG,LSZG,1230
2026-09-02 12:29:14,4b5079,HB3026,LSZG,LSZG,6444
2026-09-02 11:39:00,4b1e44,IBD63A,LSZG,LSZG,6020
2026-09-02 11:17:06,4b1e47,IBD93S,LSZG,LSZG,5357
2026-09-02 11:09:09,4b1e46,HBLMC,LSZG,LSZG,5157
2026-09-02 10:50:15,4b1e1d,HBLKN,LSZG,LSZL,1937
2026-09-02 09:40:42,4b293a,HBPPY,LSZG,LSZG,2398
2026-09-02 09:01:48,4b447e,HBZYK,LSZG,LSZG,3776
2026-09-02 08:51:02,4b1e46,IBD83O,LSZG,LSZG,5757
2026-09-02 08:46:54,4b1bf7,HBKPJ,LSZG,LSZM,1983
2026-09-02 08:44:01,4b0ea6,HBFOG,LSZG,LSME,808
2026-09-02 08:37:30,4b25ea,HBOJI,LSZG,LSGL,2442
2026-09-02 08:11:53,4b1e47,HBLMD,LSZG,LSZG,5396
2026-09-02 06:27:04,4b1e44,HBLMA,LSZG,LSGY,5695
2026-09-02 06:23:21,4b1e46,IBD83M,LSZG,LSZG,5542
2026-09-05 13:56:36,4b3ab4,HBWGA,LSZG,LSZG,4947
2026-09-05 13:33:08,4b447e,HBZYK,LSZG,LSZG,2914
2026-09-05 13:30:23,4b1f5e,HBLWW,LSZG,LSZB,631
2026-09-05 11:56:35,4b447e,HBZYK,LSZG,LSZG,2333
2026-09-05 11:36:45,4b1b8a,HBKLE,LSZG,LSGB,3878
2026-09-05 09:01:12,4b2816,HBPES,LSZG,LSZG,1918
2026-09-05 08:52:44,4b40e4,HBYOY,LSZG,LSPL,3523
2026-09-05 08:14:03,4d02ab,JFA16W,LSZG,LSGT,864
2026-09-05 07:17:35,4b1b8a,HBKLE,LSZG,LSZG,3668
2026-09-05 07:13:55,4b3ab4,HBWGA,LSZG,LSZB,1398
2026-09-05 07:09:04,4b1ea1,HBLPP,LSZG,LFMD,5763
2026-09-05 07:08:15,4b447e,HBZYK,LSZG,LSGN,1956
2026-09-05 07:01:07,4b4449,HBZWJ,LSZG,LSZG,3372
2026-09-04 15:36:33,4b4203,HBYZZ,LSZG,LSZM,2700
2026-09-04 14:18:34,4b1b8a,HBKLE,LSZG,LSZG,5673
2026-09-04 13:44:23,4b2830,HBPFS,LSZG,LSZL,3070
2026-09-04 13:23:19,4b0935,HBDMR,LSZG,LSGB,1985
2026-09-04 12:37:21,4b1e46,HBLMC,LSZG,LSZG,2905
2026-09-04 11:53:37,4b1e47,IBD95U,LSZG,LSZG,4836
2026-09-04 11:25:45,4b39f0,HBVYM,LSZG,LSMF,793
2026-09-04 11:21:34,4b4449,HBZWJ,LSZG,LSZG,2995
2026-09-04 11:21:00,4b08c3,HBDIH,LSZG,LSPV,1933
2026-09-04 11:10:20,4b1c68,HBKTS,LSZG,LSZR,2160
2026-09-04 11:08:03,4b32fe,RGAIC,LSZG,LSZG,6377
2026-09-04 10:21:45,4b058d,HBCCR,LSZG,LIPO,4136
2026-09-04 10:14:00,4b1e46,IBD85N,LSZG,LSZG,5651
2026-09-04 09:35:11,4b1e44,HBLMA,LSZG,LSZG,2403
2026-09-04 09:20:05,4b1e47,IBD95T,LSZG,LSZG,5105
2026-09-04 09:00:12,a50e57,N425BM,LSZG,,3737
2026-09-04 08:52:47,4b447e,HBZYK,LSZG,LSZP,1525
2026-09-04 08:44:43,4b1b8a,HBKLE,LSZG,LSZG,4844
2026-09-04 08:43:06,4b32fe,RGAIC,LSZG,LSZG,5063
2026-09-04 08:22:11,4b3272,HBTCS,LSZG,LHSM,8367
2026-09-04 07:39:56,4b1e44,IBD65A,LSZG,LSZG,4382
2026-09-04 07:26:46,4b1e46,IBD85M,LSZG,LSZG,5758
2026-09-04 07:17:18,a1ec64,N223CM,LSZG,LFGJ,3851
2026-09-04 07:15:38,a0ca7a,N150D,LSZG,LFGJ,2806
2026-09-04 06:44:47,4b1e47,IBD95S,LSZG,LSZG,5152
2026-09-07 14:12:03,4b2816,HBPES,LSZG,LSZG,1686
2026-09-07 13:45:27,4b3905,HBVPL,LSZG,EDMO,2334
2026-09-07 13:24:53,4b447e,HBZYK,LSZG,LSPL,1228
2026-09-07 13:10:32,4b2816,HBPES,LSZG,LSZG,1698
2026-09-07 12:53:42,4b1e46,IBD85M,LSZG,LSZB,2355
2026-09-07 12:12:53,4b2816,HBPES,LSZG,LSZG,1706
2026-09-07 12:08:16,4b1f2f,HBLVB,LSZG,LSZB,964
2026-09-07 09:04:36,4b2816,HBPES,LSZG,LSZG,1613
2026-09-07 08:28:26,4b1e44,HBLMA,LSZG,LSGE,2132
2026-09-07 08:20:43,4b1aa8,HBKCM,LSZG,LFRG,5113
2026-09-07 08:19:10,4b425c,HBZDK,LSZG,LSZG,3273
2026-09-07 07:49:09,a52790,N431HM,LSZG,LFGJ,4305
2026-09-07 06:20:03,4b1e47,IBD91S,LSZG,LSZB,2872
2026-09-07 05:03:51,4d2199,ULC44,LSZG,LFTZ,3072
2026-09-06 16:57:59,4b0899,HBDGR,LSZG,LSPV,2027
2026-09-06 16:22:43,4b1bc6,HBKNM,LSZG,LSZL,4084
2026-09-06 12:02:00,4b1ba0,HBKMA,LSZG,LSGC,2577
2026-09-06 11:59:55,4b28e3,HBPMP,LSZG,LSGL,1557
2026-09-06 11:54:50,4b1b65,HBKJT,LSZG,ESMT,7868
2026-09-06 11:34:31,4b1b13,HBKGP,LSZG,LSZB,5033
2026-09-06 10:48:36,4b1f98,HBLZC,LSZG,EDDC,8401
2026-09-06 09:32:12,4b2ef8,HBSDS,LSZG,LSGY,2012
2026-09-06 08:42:09,4b4dc9,HB2338,LSZG,LSPD,2170
2026-09-06 08:26:56,4b1b8a,HBKLE,LSZG,LSZL,4813
2026-09-06 07:31:51,4b2816,HBPES,LSZG,LSPL,605
2026-09-06 06:55:26,4b3ab4,HBWGA,LSZG,LSZG,4711
2026-09-06 06:50:19,4b3202,HBSYK,LSZG,LSPL,630
2026-09-09 14:42:03,4b1e45,HBLMB,LSZG,LSZG,3751
2026-09-09 14:15:04,4b1e47,HBLMD,LSZG,LSZG,2927
2026-09-09 14:08:39,4b1e45,IBD73I,LSZG,LSZG,1268
2026-09-09 13:45:44,4b1e46,HBLMC,LSZG,LSZG,5106
2026-09-09 13:34:13,4b1e47,IBD93U,LSZG,LSZG,1450
2026-09-09 12:46:57,4b1b8a,HBKLE,LSZG,LFMH,5732
2026-09-09 12:15:22,4b1e45,HBLMB,LSZG,LSZG,4083
2026-09-09 11:40:11,4b1e45,IBD73G,LSZG,LSZG,1319
2026-09-09 11:31:23,4b1e47,HBLMD,LSZG,LSZG,3765
2026-09-09 11:19:08,4b1e46,IBD83M,LSZG,LSZG,4968
2026-09-09 10:54:34,4b1e47,IBD93S,LSZG,LSZG,1402
2026-09-09 09:56:37,4b07ab,HBCXN,LSZG,LSZG,3663
2026-09-09 08:54:56,4b1e45,HBLMB,LSZG,LSZG,2540
2026-09-09 08:46:00,4b3dc5,HBXKF,LSZG,LSZX,8156
2026-09-08 16:36:36,4b1f08,HBLTO,LSZG,EDTB,2718
2026-09-08 16:29:23,4b1f2f,HBLVB,LSZG,LSZB,645
2026-09-08 14:51:44,4b1e45,HBLMB,LSZG,LSZG,2415
2026-09-08 14:44:39,3d35ad,DESOR,LSZG,EDMS,6018
2026-09-08 12:47:23,4b28b1,HBPKR,LSZG,LSTB,749
2026-09-08 12:04:23,4b40e4,HBYOY,LSZG,LSPU,2372
2026-09-08 11:09:17,4d2199,ULC44,LSZG,LFMV,2510
2026-09-08 11:02:17,4b2947,HBPQL,LSZG,LSZM,1544
2026-09-08 10:17:41,4b39f0,HBVYM,LSZG,LEBL,4508
2026-09-08 10:11:42,a04789,N117PR,LSZG,LSZM,910
2026-09-08 07:45:34,4b40e4,HBYOY,LSZG,LSZG,4822
2026-09-08 07:34:43,4b3fda,HBYES,LSZG,LSZG,4312
2026-09-08 07:06:29,4b1e46,IBD82M,LSZG,EDTL,6480
2026-09-11 14:26:59,4b058d,HBCCR,LSZG,LSZG,3417
2026-09-11 13:51:21,4b28b1,HBPKR,LSZG,LSGL,2391
2026-09-11 13:50:24,4d029e,JFA66Q,LSZG,LFPB,3874
2026-09-11 13:44:41,a31cde,N3YZ,LSZG,,1394
2026-09-11 12:59:19,4b3391,HBTNT,LSZG,LFGF,3377
2026-09-11 12:56:17,4b447e,HBZYK,LSZG,LSZG,2492
2026-09-11 12:09:52,a31cde,N3YZ,LSZG,LSZG,3247
2026-09-11 11:47:15,4b348f,HBTXN,LSZG,LSZF,1589
2026-09-11 10:01:05,4b39f0,HBVYM,LSZG,LSGG,1344
2026-09-11 09:33:11,4b1c67,HBKTR,LSZG,LSZI,3252
2026-09-11 09:28:19,4b1c63,HBKTN,LSZG,LSMF,2344
2026-09-11 09:04:51,4b3202,HBSYK,LSZG,LSZB,846
2026-09-11 08:23:17,4b0878,HBDFK,LSZG,LSZL,3982
2026-09-11 08:19:56,4b3fda,HBYES,LSZG,EDRY,4833
2026-09-11 06:09:20,4b447e,HBZYK,LSZG,LSZG,4257
2026-09-10 15:45:45,3d0cc3,DEDBV,LSZG,LOIH,3539
2026-09-10 14:32:42,4b3037,HBSGT,LSZG,LSZT,3118
2026-09-10 14:04:07,4b5079,HB3026,LSZG,LSZG,1900
2026-09-10 13:33:40,4b25ea,HBOJI,LSZG,LSGL,2096
2026-09-10 13:12:44,4b5079,HB3026,LSZG,LSZG,891
2026-09-10 13:08:53,4b293a,HBPPY,LSZG,LSZG,4114
2026-09-10 12:32:06,4b5079,HB3026,LSZG,LSZG,1147
2026-09-10 10:36:31,4b1e47,IBD94T,LSZG,LSZB,1406
2026-09-10 10:19:20,4b086e,HBDFA,LSZG,LFST,3467
2026-09-10 09:44:13,4b32fe,RGAIC,LSZG,LSGR,1417
2026-09-10 09:39:25,4b5079,HB3026,LSZG,LSZG,988
2026-09-10 09:34:05,4b1e15,HBLKF,LSZG,LSZG,1238
2026-09-10 08:44:15,4b447e,HBZYK,LSZG,LSZG,3696
2026-09-10 08:22:12,4b2816,HBPES,LSZG,LFMU,6587
2026-09-10 08:11:50,4b425c,HBZDK,LSZG,LSZG,3459
2026-09-10 08:07:54,4b1e45,IBD74G,LSZG,LSZB,1753
2026-09-10 08:03:12,4b0ebc,HBFPC,LSZG,LIPC,5482
2026-09-10 06:54:36,4b1e47,IBD94S,LSZG,LSZB,1268
2026-09-10 06:47:47,a8cac3,N666CP,LSZG,EHRD,7712
2026-09-10 06:01:36,4b1f98,HBLZC,LSZG,LSZL,2355
2026-09-13 16:34:05,4d02a5,JFA17V,LSZG,LOIR,2111
2026-09-13 16:27:30,4b0ebc,HBFPC,LSZG,LEIB,8673
2026-09-13 15:05:10,3d3f14,DEWDG,LSZG,LSPN,1187
2026-09-13 14:19:31,a071d2,N128ED,LSZG,LSZF,2790
2026-09-13 13:59:51,4b43bc,HBZQY,LSZG,LSZB,831
2026-09-13 13:03:29,a50e57,N425BM,LSZG,EPKT,8172
2026-09-13 12:57:15,4b0cd3,HBEWH,LSZG,LOIH,2377
2026-09-13 12:40:30,4b303e,HBSHA,LSZG,LSZR,3850
2026-09-13 12:39:44,4b40e4,HBYOY,LSZG,LSZG,2238
2026-09-13 12:21:11,4b5a25,HB5502,LSZG,LSZG,3174
2026-09-13 10:40:33,4b1eb8,HBLQM,LSZG,LSZG,2612
2026-09-13 09:30:22,4b07ab,HBCXN,LSZG,LSZG,1708
2026-09-13 09:22:08,4b1f98,HBLZC,LSZG,LSPM,1580
2026-09-13 07:49:07,4b08a2,HBDHA,LSZG,LFMD,6851
2026-09-12 15:47:36,4b436d,HBZNX,LSZG,LSZU,1208
2026-09-12 12:45:46,4b5a25,HB5502,LSZG,LSZG,3583
2026-09-12 12:05:36,4b23e0,HBNPG,LSZG,LSGE,1314
2026-09-12 11:36:20,a31cde,N3YZ,LSZG,LSZG,2146
2026-09-12 10:04:42,4b0dd5,HUE11F,LSZG,LFPB,3949
2026-09-12 09:52:09,a31cde,N3YZ,LSZG,LSZG,2372
2026-09-12 08:57:18,4b1b2f,HBKHR,LSZG,LSZR,2286
2026-09-12 08:52:46,4b28b1,HBPKR,LSZG,LSGL,1993
2026-09-12 08:44:26,4b4449,HBZWJ,LSZG,LSTZ,1287
2026-09-12 07:33:37,4b1f98,HBLZC,LSZG,,2272
2026-09-12 05:30:09,4b2c9a,HBQXE,LSZG,LSZP,4949
2026-09-12 05:29:40,4b2c3d,HBQTP,LSZG,LSZP,2248
2026-09-12 05:23:55,4b2cbc,HBQYM,LSZG,LSZP,6493
2026-09-15 18:04:20,4b302d,HBSGJ,LSZG,LSZH,1755
2026-09-15 17:02:03,4b293a,HBPPY,LSZG,LSZG,2426
2026-09-15 16:41:48,4b1b8a,HBKLE,LSZG,LSZG,4107
2026-09-15 16:09:06,45a823,OYJAC,LSZG,EKVH,8257
2026-09-15 15:32:09,4b1b8a,HBKLE,LSZG,LSZG,672
2026-09-15 15:00:23,4b1e45,HBLMB,LSZG,LSZG,3007
2026-09-15 14:31:33,4b1b8a,HBKLE,LSZG,LSZG,668
2026-09-15 14:16:29,4b0878,HBDFK,LSZG,LSZG,1870
2026-09-15 13:26:01,4b1e44,HBLMA,LSZG,LSZG,5196
2026-09-15 13:24:10,4b447e,HBZYK,LSZG,LSZG,3521
2026-09-15 12:27:33,4b32fe,RGAIC,LSZG,LSZG,4479
2026-09-15 11:56:10,4b1e44,HBLMA,LSZG,LSZG,1279
2026-09-15 11:18:33,4b32fe,RGAIC,LSZG,LSZG,3467
2026-09-15 11:08:44,4b1e45,HBLMB,LSZG,LSZG,3911
2026-09-15 10:11:11,4b1b13,HBKGP,LSZG,LSZB,1237
2026-09-15 10:02:22,4b39f0,HBVYM,LSZG,LSGG,1173
2026-09-15 09:15:12,4b1e46,HBLMC,LSZG,LSZG,4867
2026-09-15 09:14:20,4b3eae,HBXTE,LSZG,LSGK,1588
2026-09-15 09:12:30,4b0acb,HBECH,LSZG,LSMF,2631
2026-09-15 09:08:03,4b1b65,HBKJT,LSZG,LFGJ,4991
2026-09-15 08:53:04,4b293f,HBPQD,LSZG,LSZM,1606
2026-09-15 08:51:57,4b1b8a,HBKLE,LSZG,LSGR,1820
2026-09-15 08:46:05,4b1e45,HBLMB,LSZG,LSZG,3744
2026-09-15 08:41:49,4b447e,HBZYK,LSZG,LSZG,3489
2026-09-15 08:14:08,4b08a2,HBDHA,LSZG,LEMH,10207
2026-09-15 08:02:03,4b2816,HBPES,LSZG,LSZR,2546
2026-09-15 07:13:35,4b1e46,HBLMC,LSZG,LSZG,4061
2026-09-15 06:50:03,4b1e45,HBLMB,LSZG,LSZG,3834
2026-09-15 05:37:07,4b1ea1,HBLPP,LSZG,EDMS,5542
2026-09-14 15:06:33,4b1e46,HBLMC,LSZG,LSZG,3895
2026-09-14 14:58:19,4b447e,HBZYK,LSZG,LSZG,1262
2026-09-14 14:49:20,4b1e69,HBLNL,LSZG,LFMT,3712
2026-09-14 14:11:30,4b1b8a,HBKLE,LSZG,LSZG,2325
2026-09-14 14:02:42,4b1e45,HBLMB,LSZG,LSZG,3824
2026-09-14 13:31:30,4b1bae,HBKMO,LSZG,LSZB,682
2026-09-14 13:28:39,4b1bfb,HBKPN,LSZG,LSZB,1305
2026-09-14 13:15:56,4b1e46,HBLMC,LSZG,LSZG,3453
2026-09-14 12:49:18,4b1b8a,HBKLE,LSZG,LSZG,2199
2026-09-14 12:25:03,4b1c7b,HBKUL,LSZG,LSGC,3052
2026-09-14 12:22:04,4b293a,HBPPY,LSZG,LSZG,2679
2026-09-14 12:15:07,4b0d1e,HBEZE,LSZG,LSZR,3964
2026-09-14 12:12:04,4b1e45,HBLMB,LSZG,LSZG,3980
2026-09-14 11:34:24,4b1b8a,HBKLE,LSZG,LSZG,2209
2026-09-14 09:41:20,4b07ab,HBCXN,LSZG,LSZG,1541
2026-09-14 06:37:05,4b1edb,HBLRV,LSZG,EHBK,5090
2026-09-17 16:15:25,4b301c,HBSFS,LSZG,LSZN,2145
2026-09-17 14:09:33,4b1b8a,HBKLE,LSZG,LSGN,1275
2026-09-17 12:47:02,4b1b8a,HBKLE,LSZG,LSZG,1713
2026-09-17 12:23:36,4b1b9d,HBKLX,LSZG,LSGY,1543
2026-09-17 12:18:55,4d02d8,JFA49B,LSZG,LFPB,3841
2026-09-17 11:51:01,4b1b8a,HBKLE,LSZG,LSZG,1371
2026-09-17 11:20:55,4b32fe,RGAIC,LSZG,LSZG,3073
2026-09-17 11:15:20,4b425c,HBZDK,LSZG,LSZB,1442
2026-09-17 10:05:39,4b1b74,HBKKI,LSZG,EDTD,3393
2026-09-17 09:59:33,4b1e44,HBLMA,LSZG,LSZS,4516
2026-09-17 08:55:09,4b1e45,HBLMB,LSZG,,4363
2026-09-17 08:16:38,4b447e,HBZYK,LSZG,LSZG,3191
2026-09-17 07:57:40,4b1b8a,HBKLE,LSZG,LSZB,2942
2026-09-17 07:51:20,4b444c,HBZWM,LSZG,LSZG,1884
2026-09-17 07:43:42,4b0ea6,HBFOG,LSZG,LSME,2687
2026-09-17 07:13:24,4b293a,HBPPY,LSZG,LSZQ,1521
2026-09-17 07:03:05,4b447e,HBZYK,LSZG,LSZG,3169
2026-09-17 06:50:29,4b1e45,HBLMB,LSZG,LSZG,3261
2026-09-16 19:33:30,4b32fe,RGAIC,LSZG,LSZG,2404
2026-09-16 18:25:45,4b32fe,RGAIC,LSZG,LSZG,3200
2026-09-16 15:34:43,3d5466,EFD1E,LSZG,EDDK,5286
2026-09-16 14:11:37,4b1b8a,HBKLE,LSZG,LSZG,2846
2026-09-16 13:43:01,4b1e46,HBLMC,LSZG,LSZG,2997
2026-09-16 13:16:55,4b3ab4,HBWGA,LSZG,LSZG,2427
2026-09-16 13:01:21,4b1b8a,HBKLE,LSZG,LSZG,2218
2026-09-16 12:18:03,4d2199,ULC44,LSZG,LSZA,1780
2026-09-16 12:12:07,4b1e46,HBLMC,LSZG,LSZG,2953
2026-09-16 12:06:00,4b2959,HBPRD,LSZG,LSZM,2160
2026-09-16 11:49:54,4b1e45,HBLMB,LSZG,LSZG,2964
2026-09-16 11:47:46,4b32fe,RGAIC,LSZG,LSZG,3335
2026-09-16 10:22:08,4b1f5e,HBLWW,LSZG,LSZB,21124
2026-09-16 10:05:33,4b1ef1,HBLSR,LSZG,LSZM,1309
2026-09-16 08:36:39,4b1e45,HBLMB,LSZG,LSZG,4486
2026-09-16 08:22:02,4b1e44,HBLMA,LSZG,LSZG,4719
2026-09-16 08:21:05,4b32fe,RGAIC,LSZG,LSZG,3069
2026-09-16 06:58:40,4b1b8a,HBKLE,LSZG,LSZG,662
2026-09-16 06:53:25,4b1e44,HBLMA,LSZG,LSZG,2699
2026-09-16 06:51:04,4b1e45,HBLMB,LSZG,LSZG,3203
2026-09-16 06:27:59,49c2e7,OKAUA46,LSZG,LKMB,9794
2026-09-19 16:24:12,4b0878,HBDFK,LSZG,LSZG,3177
2026-09-19 16:06:17,a31cde,N3YZ,LSZG,LSZG,2396
2026-09-19 13:43:30,4b447e,HBZYK,LSZG,LSZG,1498
2026-09-19 12:36:20,4b436d,HBZNX,LSZG,LSZU,1227
2026-09-19 12:34:36,4b3ab4,HBWGA,LSZG,LSZG,4772
2026-09-19 11:58:31,4b4449,HBZWJ,LSZG,LSZG,2412
2026-09-19 11:49:05,4b3202,HBSYK,LSZG,LSZG,1141
2026-09-19 11:37:11,a31cde,N3YZ,LSZG,LSZG,2488
2026-09-19 11:05:06,4b2830,HBPFS,LSZG,LSGK,2121
2026-09-19 10:15:27,a31cde,N3YZ,LSZG,LSZG,2335
2026-09-19 10:13:56,4b1f5e,HBLWW,LSZG,LSZB,1170
2026-09-19 10:11:15,4b39f0,HBVYM,LSZG,LEIB,5444
2026-09-19 09:53:28,4b1a7c,HBKAU,LSZG,LSGR,1921
2026-09-19 09:52:03,4b3eae,HBXTE,LSZG,LSGK,1819
2026-09-19 09:40:21,4b4492,HBZZE,LSZG,LSZB,2366
2026-09-19 09:38:24,4b293a,HBPPY,LSZG,LSPM,3425
2026-09-19 08:45:46,4b447e,HBZYK,LSZG,LSZG,4073
2026-09-19 08:04:43,a52790,N431HM,LSZG,LFGJ,2980
2026-09-19 07:20:20,4b1b8a,HBKLE,LSZG,LFLP,4702
2026-09-19 07:19:45,4b4449,HBZWJ,LSZG,LSZG,4800
2026-09-19 06:57:07,4b447e,HBZYK,LSZG,LSZP,2090
2026-09-19 05:53:38,4b2cc3,HBQYT,LSZG,LSPL,5666
2026-09-18 14:41:01,4b1c69,HBKTT,LSZG,LSMF,2075
2026-09-18 14:37:46,a9565a,N700UK,LSZG,EDNY,1736
2026-09-18 14:36:01,4b081a,HBDBU,LSZG,LSZK,1793
2026-09-18 13:59:42,4b3905,HBVPL,LSZG,EDMA,2124
2026-09-18 13:15:13,4b081a,HBDBU,LSZG,LSZG,1693
2026-09-18 12:19:53,4b1eb8,HBLQM,LSZG,EDKB,5690
2026-09-18 12:10:55,4b1e45,IBD75H,LSZG,LSZG,6549
2026-09-18 12:09:47,4b2830,HBPFS,LSZG,LSZG,2659
2026-09-18 11:20:19,4b058d,HBCCR,LSZG,LIRJ,6981
2026-09-18 11:18:50,4b3042,HBSHE,LSZG,LSZB,7498
2026-09-18 10:30:16,4b07ab,HBCXN,LSZG,LSZG,1887
2026-09-18 09:52:18,4b3905,HBVPL,LSZG,EDMA,2170
2026-09-18 09:03:44,4d2199,ULC44,LSZG,EBBR,3073
2026-09-18 08:21:26,4b425c,HBZDK,LSZG,LSZG,2991
2026-09-18 08:07:08,4b1bfb,HBKPN,LSZG,LSPV,2147
2026-09-18 07:27:21,4b1e44,IBD65A,LSZG,EDTB,5795
2026-09-18 07:08:49,4b1e45,HBLMB,LSZG,LSZC,4907
2026-09-18 06:20:40,4b3300,RGA02,LSZG,LSZM,679
2026-09-21 15:30:54,4b3202,HBSYK,LSZG,LSZG,1593
2026-09-21 15:01:30,4b3300,RGA02,LSZG,LSZB,606
2026-09-21 14:59:15,4b0d1e,HBEZE,LSZG,LSZR,3861
2026-09-21 14:25:24,4b5079,HB3026,LSZG,LSZG,2079
2026-09-21 14:24:04,4b293a,HBPPY,LSZG,LSGL,1809
2026-09-21 14:18:15,4b1e44,IBD61B,LSZG,LSZG,4981
2026-09-21 13:51:00,4b3273,HBTCT,LSZG,LSMA,1257
2026-09-21 13:42:19,4b1bf7,HBKPJ,LSZG,LSZM,3469
2026-09-21 12:32:14,4b5079,HB3026,LSZG,LSZG,606
2026-09-21 11:59:33,4b1e44,HBLMA,LSZG,LSZG,4174
2026-09-21 11:16:14,4b1b8a,HBKLE,LSZG,LSZG,2726
2026-09-21 10:38:03,3d108a,DEENA,LSZG,LSZM,812
2026-09-21 10:06:33,4b289c,HBPJW,LSZG,LFTW,6066
2026-09-21 09:24:07,4b5079,HB3026,LSZG,LSZG,740
2026-09-21 08:14:33,4b1e45,IBD71G,LSZG,EDTY,6956
2026-09-21 07:50:25,4b1b8a,HBKLE,LSZG,LSZG,1230
2026-09-21 07:39:52,4b5079,HB3026,LSZG,LSZG,828
2026-09-21 07:20:40,4b1aa8,HBKCM,LSZG,EDMA,2763
2026-09-21 07:12:03,4b1edb,HBLRV,LSZG,LFMV,3406
2026-09-21 07:03:48,4b0878,HBDFK,LSZG,LFMD,5440
2026-09-21 06:15:10,a071d2,N128ED,LSZG,LSZF,1075
2026-09-20 16:33:00,4d2199,ULC44,LSZG,LSZH,2085
2026-09-20 15:41:00,4b2ca3,HBQXN,LSZG,LSZG,2004
2026-09-20 14:55:12,4b1f5e,HBLWW,LSZG,LSZB,1826
2026-09-20 11:01:25,4b1f08,HBLTO,LSZG,LFPN,7216
2026-09-20 10:54:10,4b3905,HBVPL,LSZG,EDMA,2170
2026-09-20 09:57:14,4b086e,HBDFA,LSZG,LFLY,4388
2026-09-20 07:59:20,4b1edb,HBLRV,LSZG,EHBD,4284
2026-09-20 06:23:10,4b32fd,RGA03,LSZG,LSZB,604
2026-09-23 17:59:03,4b32fe,RGAIC,LSZG,LSZG,2251
2026-09-23 15:50:54,4b32fe,RGAIC,LSZG,LSZG,2960
2026-09-23 14:23:47,4b1b8a,HBKLE,LSZG,LSZG,3677
2026-09-23 12:39:53,4b1b8a,HBKLE,LSZG,LSZG,2240
2026-09-23 12:38:44,4b1e45,HBLMB,LSZG,LSZG,4697
2026-09-23 12:13:04,4b293a,HBPPY,LSZG,LSPN,1360
2026-09-23 12:07:53,4b1e44,IBD63C,LSZG,LSZG,5138
2026-09-23 10:10:30,4b0abb,HBEBR,LSZG,LSMF,2011
2026-09-23 09:07:31,4b1b2f,HBKHR,LSZG,LSZH,1674
2026-09-23 08:47:31,4b1e44,IBD63B,LSZG,LSZB,2728
2026-09-23 08:43:22,4b0c39,HBEQJ,LSZG,LSMM,1406
2026-09-23 07:52:08,4b3fda,HBYES,LSZG,LSZG,5539
2026-09-23 07:31:42,4b0cd2,HBEWG,LSZG,LSGY,2676
2026-09-23 06:48:08,4b1e44,HBLMA,LSZG,LSZG,4451
2026-09-23 06:39:38,4b1e45,IBD73G,LSZG,EDJA,6300
2026-09-23 06:35:03,4b3905,HBVPL,LSZG,LSZH,1427
2026-09-23 06:31:06,4b0dd5,HUE11F,LSZG,LFPB,4207
2026-09-22 15:14:00,4b1b74,HBKKI,LSZG,LSGE,2195
2026-09-22 14:48:13,4b08c3,HBDIH,LSZG,LSPV,2227
2026-09-22 14:19:56,3ce0f7,PVD499K,LSZG,EDDG,3858
2026-09-22 13:49:09,3cef03,PVD456Y,LSZG,LOWS,2491
2026-09-22 13:11:44,4b1e45,IBD72I,LSZG,LSZG,6813
2026-09-22 12:42:36,4b4b04,HB1629,LSZG,LSZG,620
2026-09-22 12:33:21,4b2830,HBPFS,LSZG,LSZL,3009
2026-09-22 12:24:18,4b1e44,IBD62E,LSZG,LSZG,6740
2026-09-22 12:08:18,4b5079,HB3026,LSZG,LSZG,1305
2026-09-22 11:58:26,4b4b04,HB1629,LSZG,LSZG,719
2026-09-22 11:40:47,a68d2a,N521FH,LSZG,LSZR,2740
2026-09-22 11:31:32,4b32fe,RGAIC,LSZG,LSZG,8195
2026-09-22 11:02:51,4b1c69,HBKTT,LSZG,LSMF,3629
2026-09-22 10:55:20,4b4449,HBZWJ,LSZG,LSZG,1522
2026-09-22 10:55:06,4b1b8a,HBKLE,LSZG,LSZG,3926
2026-09-22 10:50:58,4b1f57,HBLWP,LSZG,EHRD,10848
2026-09-22 09:55:53,4b1e44,IBD62B,LSZG,LSZG,5343
2026-09-22 08:31:54,4b1b8a,HBKLE,LSZG,LSZG,2065
2026-09-22 08:25:04,4b5079,HB3026,LSZG,LSZG,713
2026-09-22 08:21:21,4b425c,HBZDK,LSZG,LSZG,3005
2026-09-22 08:16:19,4b1b74,HBKKI,LSZG,,2768
2026-09-22 07:42:18,4b1e15,HBLKF,LSZG,LSGL,2716
2026-09-22 07:29:13,4b1e45,IBD72G,LSZG,EDTY,6784
2026-09-22 07:22:08,4b1e44,IBD62A,LSZG,LSZG,4483
2026-09-22 07:13:56,a8cac3,N666CP,LSZG,ELLX,4573
2026-09-22 07:04:37,4b5079,HB3026,LSZG,LSZG,758
2026-09-22 06:16:06,4b1edb,HBLRV,LSZG,LIRP,3495
2026-09-25 15:27:03,4b066f,HBCLJ,LSZG,LSPN,2162
2026-09-25 13:32:21,4b1e45,HBLMB,LSZG,LSZG,4229
2026-09-25 13:07:28,4b07ab,HBCXN,LSZG,LSZG,4351
2026-09-25 12:29:24,4b1e44,HBLMA,LSZG,LSZG,3837
2026-09-25 11:29:54,4b1b8a,HBKLE,LSZG,LSGE,2855
2026-09-25 11:28:28,4b32fe,RGAIC,LSZG,LSZC,2132
2026-09-25 11:18:14,4b1eb8,HBLQM,LSZG,EDLT,7813
2026-09-25 11:15:21,38853b,FPUDI,LSZG,LOIH,3266
2026-09-25 10:44:03,4b4436,HBZVQ,LSZG,LSGR,1241
2026-09-25 09:39:37,4b4b04,HB1629,LSZG,LSZG,709
2026-09-25 09:27:51,4b1e44,IBD65B,LSZG,LSZG,4356
2026-09-25 09:19:56,4b2830,HBPFS,LSZG,LSZE,2843
2026-09-25 08:26:02,4b1b8a,HBKLE,LSZG,LSZG,889
2026-09-25 08:09:42,4b4b04,HB1629,LSZG,LSZG,827
2026-09-25 07:14:48,4b1e44,IBD65A,LSZG,LSZB,1296
2026-09-25 07:07:49,4b1e45,IBD75G,LSZG,LFGJ,3880
2026-09-25 07:05:52,4b1b8a,HBKLE,LSZG,LSZG,2342
2026-09-25 07:02:56,4b447e,HBZYK,LSZG,LSZB,7335
2026-09-24 14:34:59,4b1b8a,HBKLE,LSZG,LSZG,3255
2026-09-24 14:05:56,4d02d9,JFA25Y,LSZG,LFLP,1124
2026-09-24 14:01:28,4b07ab,HBCXN,LSZG,LSZG,2812
2026-09-24 13:29:05,4b1e45,HBLMB,LSZG,LSZG,4587
2026-09-24 12:51:19,4b1e44,IBD64C,LSZG,LSZG,5807
2026-09-24 12:07:24,4b1c63,HBKTN,LSZG,LSZB,1115
2026-09-24 11:09:48,4b32fe,RGAIC,LSZG,LSGR,1912
2026-09-24 10:40:20,4b0935,HBDMR,LSZG,LSGB,1923
2026-09-24 09:44:20,4b1e44,IBD64B,LSZG,LSZG,4655
2026-09-24 09:17:09,a1ec64,N223CM,LSZG,LFGJ,2804
2026-09-24 08:46:56,4b4b04,HB1629,LSZG,LSZG,631
2026-09-24 08:16:36,4b1bdd,HBKOJ,LSZG,LSGL,2112
2026-09-24 08:10:06,4b447e,HBZYK,LSZG,LSZG,5040
2026-09-24 07:54:57,4b3ab4,HBWGA,LSZG,LSZG,2791
2026-09-24 07:52:22,4b1e44,IBD64A,LSZG,LSZB,1356
2026-09-24 07:39:58,4b1ea1,HBLPP,LSZG,LFLY,3594
2026-09-24 07:25:05,4b1e45,IBD74G,LSZG,EDDR,6624
2026-09-24 07:05:35,4b1edb,HBLRV,LSZG,LJPZ,4319
2026-09-24 06:31:16,4b0dd5,HUE11F,LSZG,EDMO,2704
2026-09-27 13:39:13,4b1b8a,HBKLE,LSZG,LSZG,6084
2026-09-27 12:58:14,4b2816,HBPES,LSZG,LOIK,5098
2026-09-27 12:44:50,4b4b04,HB1629,LSZG,LSZG,1721
2026-09-27 12:19:25,4b5a25,HB5502,LSZG,LSZG,3098
2026-09-27 12:08:54,4b2830,HBPFS,LSZG,EDFM,4644
2026-09-27 12:07:06,4b5079,HB3026,LSZG,LSZG,1914
2026-09-27 11:35:33,4b444c,HBZWM,LSZG,LSZG,6307
2026-09-27 10:26:22,4b3510,HBUCM,LSZG,LSMM,1231
2026-09-27 10:16:14,4b1b1b,HBKGX,LSZG,LSZF,1642
2026-09-27 09:09:26,4b3272,HBTCS,LSZG,LSPM,1833
2026-09-27 08:58:51,4b1b8a,HBKLE,LSZG,LSZG,1983
2026-09-27 08:03:35,4b086e,HBDFA,LSZG,LSZG,3630
2026-09-26 14:28:55,4b4400,HBZTO,LSZG,LSGR,1119
2026-09-26 14:17:11,4b4b04,HB1629,LSZG,LSZG,1372
2026-09-26 13:56:30,4b447e,HBZYK,LSZG,LSPL,1935
2026-09-26 13:20:20,4b3ab4,HBWGA,LSZG,LSZG,3057
2026-09-26 12:30:57,4b5a25,HB5502,LSZG,LSZG,3074
2026-09-26 11:42:30,4b447e,HBZYK,LSZG,LSZG,4013
2026-09-26 10:30:04,4b0f97,HBFXN,LSZG,LSZG,2937
2026-09-26 10:28:30,4b1bbc,HBKNC,LSZG,,14699
2026-09-26 10:27:15,4b1bc9,HBKNP,LSZG,LOWI,6433
2026-09-26 10:07:01,4b2f91,HBSAJ,LSZG,LSGN,3444
2026-09-26 09:09:16,4b447e,HBZYK,LSZG,LSZG,3236
2026-09-26 08:32:22,4b1b8a,HBKLE,LSZG,LSZE,3320
2026-09-26 08:30:34,4b3202,HBSYK,LSZG,LSZG,802
2026-09-26 08:09:35,4d2199,ULC44,LSZG,LFMD,2892
2026-09-26 07:56:51,4b07ab,HBCXN,LSZG,LSPL,2464
2026-09-26 07:10:52,4b447e,HBZYK,LSZG,LSPL,1027
2026-09-26 06:16:20,4b3fc2,HBYDU,LSZG,LSZG,8203
2026-09-29 12:42:55,4b4b04,HB1629,LSZG,LSZG,797
2026-09-29 12:02:36,4b3041,HBSHD,LSZG,LSZG,3042
2026-09-29 12:00:08,4b3043,HBSHF,LSZG,LSZG,2908
2026-09-29 11:30:11,4b3301,RGA04,LSZG,LSZG,3977
2026-09-29 10:37:17,4b1e45,IBD72H,LSZG,LSZG,5825
2026-09-29 09:24:44,4b1b8a,HBKLE,LSZG,LSZG,8525
2026-09-29 09:14:02,4b3041,HBSHD,LSZG,LSZG,2697
2026-09-29 09:02:46,4b3043,HBSHF,LSZG,LSZG,2421
2026-09-29 08:28:25,4b302d,HBSGJ,LSZG,LSZH,1594
2026-09-29 08:05:33,4b1ea1,HBLPP,LSZG,LOWL,5833
2026-09-29 07:52:06,4b1e45,IBD72G,LSZG,LSZB,1161
2026-09-29 07:47:03,4b1e44,IBD62A,LSZG,LFJL,6019
2026-09-29 07:38:46,4b3041,HBSHD,LSZG,LSZG,3401
2026-09-29 07:28:26,4b3043,HBSHF,LSZG,LSZG,3312
2026-09-28 16:39:30,4b3ab4,HBWGA,LSZG,LSZG,2023
2026-09-28 13:58:44,4b0acb,HBECH,LSZG,LSMF,2636
2026-09-28 13:09:00,4b1e44,HBLMA,LSZG,LSZG,5541
2026-09-28 13:07:14,4b1e45,HBLMB,LSZG,LSZG,5544
2026-09-28 12:37:34,4b1ef1,HBLSR,LSZG,LSZM,1712
2026-09-28 12:28:18,4b3ac3,HBWGP,LSZG,LSZG,4208
2026-09-28 12:11:53,4b28b1,,LSZG,LSZB,1741
2026-09-28 12:00:41,4b1f5e,,LSZG,LSGL,1320
2026-09-28 11:20:18,4b4dc9,HB2338,LSZG,LSPD,666
2026-09-28 10:22:55,4b1e45,HBLMB,LSZG,LSZG,5434
2026-09-28 09:18:22,4b3ab4,HBWGA,LSZG,LSZG,3537
2026-09-28 07:30:57,4b0878,HBDFK,LSZG,EDWS,10093
2026-09-28 07:23:29,4b1e45,IBD71G,LSZG,LSGC,2772
2026-09-28 07:16:58,4b1e44,IBD61A,LSZG,EDDR,5071
2026-09-28 06:23:42,4b3905,HBVPL,LSZG,LEIB,6244
2026-09-30 18:32:20,4b3301,RGA04,LSZG,LSZG,1034
2026-09-30 17:41:15,4b3301,RGA04,LSZG,LSZG,2354
2026-09-30 16:09:47,4b1e47,HBLMD,LSZG,LSZG,1295
2026-09-30 15:33:06,4b1bf7,HBKPJ,LSZG,LSZM,2173
2026-09-30 15:21:05,4b1e45,IBD83O,LSZG,LSZG,5633
2026-09-30 14:57:15,4b444c,HBZWM,LSZG,LSMP,898
2026-09-30 14:24:32,4b23e9,HBNPP,LSZG,LSZX,2113
2026-09-30 14:00:51,4b4449,HBZWJ,LSZG,LSZG,1516
2026-09-30 13:32:00,4b444c,HBZWM,LSZG,LSZG,2376
2026-09-30 13:13:34,4b3043,HBSHF,LSZG,LSZG,2652
2026-09-30 13:04:23,4b32fd,RGA03,LSZG,LSZB,606
2026-09-30 12:03:17,4b444c,HBZWM,LSZG,LSZG,2857
2026-09-30 11:51:30,4b3043,HBSHF,LSZG,LSZG,2608
2026-09-30 10:15:15,4b1e45,IBD83M,LSZG,LFLY,4771
2026-09-30 09:45:30,4b447e,HBZYK,LSZG,LSZG,2360
2026-09-30 09:25:18,4b3041,HBSHD,LSZG,LSZG,3051
2026-09-30 09:18:53,4b3043,HBSHF,LSZG,LSZG,2736
2026-09-30 09:06:26,4b4b04,HB1629,LSZG,LSZG,719
2026-09-30 09:04:03,4b39f0,HBVYM,LSZG,LSGG,1204
2026-09-30 08:34:11,a8cac3,N666CP,LSZG,LFBS,9483
2026-09-30 08:09:51,a52790,N431HM,LSZG,EDDH,11078
2026-09-30 08:08:43,4b5079,HB3026,LSZG,LSZG,1024
2026-09-30 08:04:19,4b40e4,HBYOY,LSZG,LFGA,1735
2026-09-30 08:03:36,4b3043,HBSHF,LSZG,LSZG,2445
2026-09-30 08:01:31,4b3041,HBSHD,LSZG,LSZG,3052
2026-09-30 07:45:08,4b1e44,IBD63A,LSZG,LFLY,5854
2026-09-30 07:39:07,4b1e46,HBLMC,LSZG,LSZG,921
2026-09-30 07:00:22,4b447e,HBZYK,LSZG,LSZG,2155
2026-09-30 06:52:23,4b3043,HBSHF,LSZG,LSZG,2425
2026-09-30 06:45:05,4b3041,HBSHD,LSZG,LSZG,2993
